offset_s,held_gpus,held_gpu_utilization_mean_percent,arrival_to_gate,gate_to_source_admission,source_to_native_dispatch,native_dispatch_to_last_token,last_token_to_controller_completion,controller_completion_to_terminal,gate_to_terminal
0.8249270530068316,1,4.0,1,0,0,0,0,0,0
1.8392734499648213,1,0.0,1,0,0,0,0,0,0
2.85242751595797,1,38.0,1,0,0,0,0,0,0
3.8658669069991447,1,0.0,1,0,0,0,0,0,0
4.878889571991749,1,0.0,1,0,0,0,0,0,0
5.8927627459634095,1,0.0,1,0,0,0,0,0,0
6.9065436309902,1,0.0,1,0,0,0,0,0,0
7.919887241965625,1,0.0,1,0,0,0,0,0,0
8.933660504000727,1,0.0,1,0,0,0,0,0,0
9.947395973955281,1,0.0,1,0,0,0,0,0,0
10.961081066983752,1,0.0,1,0,0,0,0,0,0
11.974745331972372,1,0.0,2,0,0,0,0,0,0
12.988482437969651,1,0.0,2,0,0,0,0,0,0
14.00214433495421,1,0.0,3,0,0,0,0,0,0
15.015649015957024,1,0.0,3,0,0,0,0,0,0
16.029675416008104,1,0.0,3,0,0,0,0,0,0
17.04280141397612,1,0.0,3,0,0,0,0,0,0
18.056680115987547,1,0.0,3,0,0,0,0,0,0
19.069464906002395,1,0.0,3,0,0,0,0,0,0
20.08329906500876,1,0.0,3,0,0,0,0,0,0
21.097271560982335,1,0.0,3,0,0,0,0,0,0
22.1101761769969,1,0.0,4,0,0,0,0,0,0
23.12357262399746,1,0.0,4,0,0,0,0,0,0
24.1370173440082,1,0.0,4,0,0,0,0,0,0
25.14951367699541,1,0.0,0,0,4,0,0,0,4
26.163623016967904,1,62.0,0,0,1,3,0,0,4
27.177472642972134,1,93.0,0,0,0,4,0,0,4
28.1908735439647,1,92.0,0,0,0,3,0,0,3
29.20546645799186,1,95.0,0,0,0,3,0,0,3
30.228431755967904,1,100.0,0,0,0,3,0,0,3
31.238702832954004,1,84.0,0,0,0,2,0,0,2
32.25249200797407,1,93.0,0,0,0,1,0,0,1
33.26773025095463,1,0.0,0,0,0,0,0,0,0
34.28206569398753,1,0.0,0,0,0,0,0,0,0
35.29528185800882,1,0.0,0,0,0,0,0,0,0
36.31243635097053,1,0.0,0,0,0,1,0,0,1
37.32672067900421,1,85.0,0,0,1,2,0,0,3
38.34076566796284,1,97.0,0,0,0,3,0,0,3
39.354662515979726,1,96.0,0,0,0,3,0,0,3
40.368188121996354,1,78.0,0,0,1,3,0,0,4
41.38220019900473,1,4.0,1,0,0,4,0,0,4
42.39642435795395,1,97.0,2,0,0,4,0,0,4
43.40951986395521,1,24.0,2,0,0,4,0,0,4
44.42311792098917,1,86.0,2,0,0,4,0,0,4
45.437891349953134,1,91.0,1,1,0,2,0,1,4
46.452208353963215,1,28.0,0,0,0,3,0,0,3
47.465431418968365,1,92.0,0,0,1,2,0,1,4
48.47927799000172,1,86.0,0,0,0,3,0,0,3
49.49131989700254,1,94.0,0,1,0,3,0,0,4
50.50535479799146,1,97.0,1,0,0,4,0,0,4
51.51852004398825,2,47.0,2,0,0,4,0,0,4
52.53218191396445,2,43.0,3,1,0,3,0,0,4
53.54675777198281,3,17.666666666666668,3,0,0,4,0,0,4
54.561377893958706,3,25.666666666666668,3,0,0,4,0,0,4
55.57906750700204,3,45.666666666666664,3,0,0,4,0,0,4
56.592616444977466,4,51.5,5,0,0,4,0,0,4
57.61660867300816,4,40.5,4,1,0,2,1,0,4
58.62981154298177,4,26.25,5,0,1,3,0,0,4
59.64391576795606,4,24.75,7,0,0,4,0,0,4
60.65832351800054,4,37.75,7,0,0,4,0,0,4
61.666804750973824,4,40.75,6,0,1,3,0,0,4
62.68105498299701,4,34.0,6,0,0,4,0,0,4
63.69471970497398,4,35.75,6,0,0,3,1,0,4
64.70788428699598,4,19.75,6,1,0,3,0,0,4
65.72224598296452,4,0.0,7,0,1,3,0,0,4
66.73590575897833,4,11.25,8,0,0,4,0,0,4
67.74979016196448,4,25.0,8,0,0,4,0,0,4
68.76501747197472,4,33.75,7,0,0,4,0,0,4
69.77872135897633,4,37.0,7,0,0,4,0,0,4
70.79232321999734,4,24.0,7,0,0,4,0,0,4
71.80605358100729,4,24.0,6,1,0,3,0,0,4
72.8202701859991,4,14.25,2,0,4,4,0,0,8
73.83223672700115,4,70.5,0,0,1,9,0,0,10
74.84560641500866,4,71.5,0,0,0,7,0,1,8
75.85276739799883,4,74.5,0,0,0,7,0,0,7
76.8702589989989,4,70.25,0,0,0,6,0,0,6
77.88382985000499,4,69.0,0,0,0,6,0,0,6
78.89784214796964,4,67.25,0,1,0,5,0,0,6
79.91084270895226,4,58.75,0,0,0,6,0,0,6
80.92501571198227,4,55.25,0,0,0,2,0,0,2
81.93929028400453,4,36.25,1,0,1,2,0,0,3
82.95306754298508,4,36.25,0,3,1,2,0,0,6
83.96648919896688,4,69.75,0,0,3,3,0,0,6
84.98085334000643,4,69.25,0,0,3,3,0,0,6
85.99467967200326,4,42.75,0,0,1,5,0,0,6
87.00813000899507,4,68.0,0,1,0,6,0,0,7
88.02160743798595,4,46.75,0,0,0,5,0,0,5
89.03494463895913,4,66.25,0,0,1,5,0,0,6
90.0485788169899,4,59.75,0,0,0,5,0,0,5
91.06240397196962,4,79.75,0,0,0,4,0,0,4
92.07635069597745,4,42.25,0,0,1,3,0,0,4
93.09039703197777,4,70.0,1,0,0,4,0,0,4
94.10747517400887,4,52.25,0,1,0,4,1,0,6
95.12133628298761,4,53.75,0,0,1,6,0,0,7
96.13605445396388,4,47.5,0,0,1,4,0,0,5
97.14859161095228,4,28.0,0,0,1,5,0,0,6
98.16062013199553,4,42.75,0,1,1,6,0,0,8
99.17508739000186,4,94.5,0,0,0,7,0,0,7
100.18579909199616,4,73.25,0,0,0,8,0,0,8
101.19687933998648,4,94.5,0,0,0,6,2,0,8
102.21293168200646,4,84.0,0,0,0,5,0,0,5
103.22430430998793,4,51.75,0,0,1,3,0,0,4
104.23831722600153,4,68.5,0,0,0,5,0,0,5
105.25054986198666,4,71.0,1,0,0,5,0,0,5
106.26462785195326,4,46.5,0,2,0,4,0,0,6
107.2779708619928,4,25.0,0,0,0,5,0,0,5
108.29200257500634,4,69.0,0,0,1,3,0,0,4
109.30566220497712,4,39.25,0,0,1,4,0,0,5
110.3164801870007,4,58.0,0,0,1,4,0,0,5
111.33078319096239,4,94.25,0,0,1,4,0,0,5
112.34513703896664,4,70.75,0,0,0,3,0,0,3
113.35890006198315,4,25.0,0,0,0,2,0,0,2
114.37261378695257,4,35.0,0,0,0,2,0,0,2
115.38656306796474,4,47.0,0,0,0,2,0,0,2
116.40050441399217,4,13.0,0,1,0,0,0,0,1
117.41499908198602,4,25.0,0,0,0,1,0,0,1
118.42629988596309,4,23.25,1,0,0,1,0,0,1
119.44054134498583,4,23.25,0,0,2,2,0,0,4
120.45405459095491,4,46.5,0,0,1,3,0,0,4
121.46697354200296,4,47.25,0,0,0,4,0,0,4
122.48102040297817,4,24.25,0,0,0,3,0,0,3
123.49442002695287,4,47.5,0,0,0,3,0,0,3
124.50894700095523,4,24.25,0,1,0,2,0,0,3
125.52268788299989,4,23.5,0,0,1,2,0,0,3
126.5350499189808,4,7.75,0,1,1,2,0,0,4
127.54861167498166,4,23.75,0,1,0,4,0,0,5
128.56253899500007,4,45.5,0,0,1,3,0,0,4
129.57407637499273,4,23.25,0,0,1,2,0,0,3
130.58525971096242,4,53.25,0,0,0,3,0,0,3
131.5977616449818,4,46.0,0,0,0,3,0,0,3
132.6119598589721,4,49.5,0,0,0,5,0,0,5
133.62560157099506,4,58.25,0,0,0,6,0,0,6
134.64623425295576,4,61.5,1,0,0,5,1,0,6
135.6563328189659,4,79.5,0,3,0,2,0,1,6
136.67011151497718,4,30.0,0,2,1,3,0,1,7
137.68382589600515,4,23.25,0,0,2,4,0,0,6
138.6978456999641,4,46.0,0,0,1,3,0,0,4
139.7101391949691,4,35.25,0,0,1,3,0,0,4
140.72142046596855,4,61.0,0,0,0,3,0,0,3
141.7369247939787,4,63.25,0,1,0,3,0,0,4
142.75943407195155,4,36.75,0,3,0,3,0,0,6
143.7726105430047,4,48.25,0,4,1,3,0,0,8
144.78386726399185,4,22.5,0,3,2,4,0,0,9
145.79771440295735,4,87.5,0,1,2,6,0,0,9
146.8135819779709,4,94.25,0,0,2,6,0,0,8
147.82744500099216,4,94.75,0,0,1,8,0,0,9
148.8405946730054,4,70.5,1,0,1,5,2,0,8
149.85311596095562,4,63.25,0,1,0,4,0,0,5
150.8668988919817,4,34.0,0,0,0,4,1,0,5
151.89570586197078,4,43.0,0,0,0,4,0,0,4
152.95427499100333,4,0.25,0,1,0,4,0,0,5
153.96827851200942,4,24.25,0,2,0,3,0,0,5
154.98186917998828,4,33.75,0,0,1,5,0,0,6
155.99611109297257,4,24.5,0,0,0,6,0,0,6
157.00970704096835,4,46.25,0,3,0,6,0,0,9
158.02365401398856,4,61.75,0,0,1,8,0,0,9
159.0365894959541,4,70.0,0,0,1,8,0,0,9
160.0504871539888,4,68.25,0,1,1,7,0,0,9
161.06402384897228,4,49.75,0,0,1,8,0,0,9
162.0773090039729,4,33.5,0,1,1,6,0,1,9
163.08750391099602,4,71.0,0,2,1,6,0,0,9
164.0986578099546,4,73.25,0,1,0,8,0,1,10
165.11021396098658,4,48.0,0,0,1,7,0,0,8
166.12420328700682,4,46.0,0,1,1,3,1,0,6
167.13539879600285,4,64.75,0,1,0,4,0,1,6
168.1488712069695,4,25.0,0,1,0,4,0,0,5
169.16239762696205,4,41.5,0,0,0,4,0,0,4
170.17393380595604,4,23.25,0,1,0,5,0,0,6
171.1863577470067,4,37.75,0,0,0,4,1,0,5
172.19966896198457,4,62.25,0,0,0,4,0,0,4
173.21087962796446,4,47.5,0,0,0,4,0,0,4
174.22292504197685,4,24.75,0,0,0,4,0,0,4
175.23591042298358,4,27.0,0,0,0,4,0,0,4
176.24743587197736,4,70.75,0,1,0,2,0,0,3
177.2597165129846,4,24.25,0,1,0,3,0,0,4
178.27353012899403,4,32.25,0,0,1,3,0,0,4
179.28753236995544,4,23.25,2,1,0,2,1,0,4
180.29981489898637,4,46.75,0,4,0,2,0,0,6
181.31223831599345,4,34.0,0,1,2,4,0,0,7
182.3256831569597,4,22.25,0,0,1,6,0,0,7
183.33996283600572,4,45.0,0,0,0,7,0,0,7
184.35373127798084,4,48.0,0,2,0,6,0,0,8
185.36767016997328,4,23.5,0,2,0,6,0,0,8
186.38149736099876,4,47.75,0,1,1,5,0,0,7
187.39534991397522,4,24.0,0,0,2,6,0,0,8
188.40905041695805,4,29.5,0,0,1,6,0,0,7
189.42303639295278,4,46.5,0,2,0,6,0,0,8
190.43728298600763,4,29.0,0,0,0,8,0,0,8
191.45132843899773,4,47.25,0,1,2,7,0,0,10
192.46236292098183,4,71.0,0,0,2,6,0,0,8
193.4761109839892,4,24.75,0,2,2,6,1,0,11
194.4897456879844,4,35.75,0,0,2,8,0,0,10
195.50148438295582,4,50.5,0,0,1,8,0,0,9
196.51585535996128,4,48.0,0,1,1,8,0,0,10
197.53229100996396,4,45.25,0,0,2,7,1,0,10
198.54596446000505,4,47.5,1,0,1,8,0,0,9
199.56030088395346,4,57.75,0,1,1,7,0,0,9
200.57348994299537,4,72.5,0,0,1,8,0,0,9
201.58748171897605,4,66.75,0,1,1,6,0,1,9
202.60076304496033,4,31.75,0,2,0,7,0,0,9
203.61249742895598,4,25.25,0,1,1,6,0,0,8
204.62474897498032,4,23.25,0,1,1,5,1,0,8
205.638669309963,4,23.0,0,0,4,3,0,0,7
206.65076102298917,4,13.75,0,0,2,4,1,0,7
207.66399447899312,4,47.25,0,1,1,5,0,0,7
208.67841859400505,4,13.5,0,0,2,5,0,0,7
209.6923374849721,4,23.25,0,0,0,6,0,0,6
210.70630421396345,4,24.0,0,0,0,4,0,0,4
211.71704008197412,4,24.25,0,0,0,4,0,0,4
212.73110697895754,4,28.75,0,0,0,4,0,0,4
213.74583137698937,4,24.0,0,0,1,4,0,0,5
214.75809338898398,4,23.5,0,1,1,3,1,0,6
215.771814281994,4,24.0,4,1,1,3,0,1,6
216.78518895199522,4,37.0,0,0,4,4,0,0,8
217.7991909069824,4,35.75,0,0,1,6,1,0,8
218.81095860200003,4,70.0,0,1,1,6,0,0,8
219.82523519196548,4,67.0,0,1,2,6,0,0,9
220.83883882698137,4,23.25,0,3,2,6,0,0,11
221.8525513219647,4,30.5,0,3,2,4,2,0,11
222.86670983897056,4,47.0,0,3,2,5,0,3,13
223.88028904399835,4,23.75,0,3,3,5,0,0,11
224.89391810598318,4,70.75,0,1,2,8,0,0,11
225.90751746995375,4,71.25,0,1,1,8,0,0,10
226.91904408298433,4,63.25,1,0,1,7,1,0,9
227.93267194298096,4,48.75,0,1,1,5,0,0,7
228.94602185999975,4,47.0,0,1,2,5,0,0,8
229.9574614900048,4,70.75,0,0,1,7,0,0,8
230.96959403296933,4,71.0,0,0,1,5,0,2,8
231.98002211097628,4,68.0,0,1,1,4,0,0,6
232.99650089099305,4,24.5,0,2,0,6,0,0,8
234.0079689329723,4,47.25,0,1,1,5,1,0,8
235.02186699496815,4,49.5,0,1,0,6,0,0,7
236.03557467699284,4,72.0,0,1,0,6,0,0,7
237.0494398289593,4,59.25,0,2,0,7,0,0,9
238.0628877139534,4,71.5,2,2,0,4,3,0,9
239.07588692597346,4,66.25,0,2,2,4,0,0,8
240.08946024096804,4,46.75,1,2,2,3,1,0,8
241.10184681997634,4,47.25,0,1,1,5,0,0,7
242.11496224597795,4,47.0,0,1,0,5,0,1,7
243.12875936197815,4,45.75,0,0,0,6,0,0,6
244.14287005300866,4,23.0,0,1,0,3,0,0,4
245.15440160199068,4,0.0,0,1,0,3,0,0,4
246.16808481700718,4,23.25,2,0,0,3,0,0,3
247.18221867299872,4,20.0,0,3,1,3,0,0,7
248.19648322695866,4,49.5,0,1,1,5,0,1,8
249.20961188396905,4,51.25,0,0,1,6,0,0,7
250.22476515796734,4,49.75,0,0,1,6,0,0,7
251.23727836098988,4,35.0,0,0,2,6,0,0,8
252.25116511899978,4,47.75,0,0,1,4,0,1,6
253.26243148196954,4,5.5,0,0,1,4,0,1,6
254.27338404400507,4,22.75,0,1,0,5,0,0,6
255.28558195300866,4,70.5,1,1,0,4,0,1,6
256.2973804829526,4,19.5,0,1,0,4,1,0,6
257.31111617200077,4,50.25,0,0,0,5,0,0,5
258.32497466297355,4,0.0,0,0,0,4,0,0,4
259.33682907698676,4,39.25,0,0,0,4,0,0,4
260.35008794500027,4,22.75,0,2,1,3,0,0,6
261.3636626569787,4,32.5,0,3,1,1,0,2,7
262.37812241498614,4,23.25,0,1,2,3,0,0,6
263.3888910479727,4,23.0,0,1,0,4,1,0,6
264.40286633296637,4,47.5,0,0,1,3,0,1,5
265.41655746195465,4,46.5,0,0,1,3,0,0,4
266.43028656498063,4,46.5,0,0,0,3,0,0,3
267.44467948697275,4,47.5,0,0,0,3,0,0,3
268.45827464998,4,41.5,0,0,1,2,0,0,3
269.47194940096233,4,47.0,0,0,1,2,0,0,3
270.48577835498145,4,19.5,0,1,1,2,0,0,4
271.49834433896467,4,24.25,0,2,1,2,0,0,5
272.5104803699651,4,23.5,0,2,4,2,0,0,8
273.582378616964,4,23.25,0,1,5,3,0,0,9
274.6253729379969,4,55.25,0,1,4,4,0,0,9
275.63960047700675,4,31.5,0,1,3,5,0,0,9
276.6533701699809,4,16.0,0,1,2,6,0,0,9
277.660202568979,4,65.0,0,1,1,7,0,0,9
278.6741259729606,4,70.25,0,0,2,7,0,0,9
279.68565913196653,4,45.0,0,0,1,6,2,0,9
280.69905351195484,4,94.25,0,0,1,4,0,0,5
281.7127734849928,4,70.75,0,1,0,5,0,0,6
282.726212488953,4,60.5,0,0,2,4,0,0,6
283.73954916896764,4,23.0,0,0,1,3,0,1,5
284.75357103697024,4,24.75,0,1,1,1,0,1,4
285.76762591395527,4,23.25,0,0,3,1,0,0,4
286.7811687689973,4,22.25,0,0,0,4,0,0,4
287.7959078300046,4,23.0,0,1,0,3,0,0,4
288.8103138069855,4,23.25,0,0,0,4,0,0,4
289.8235864029848,4,44.5,0,0,0,4,0,0,4
290.83802130800905,4,71.0,0,1,0,4,0,0,5
291.85189647995867,4,46.5,0,0,0,5,0,0,5
292.862768130959,4,58.0,0,0,0,5,0,0,5
293.8765779339592,4,48.75,0,0,0,5,0,0,5
294.8872133370023,4,66.5,0,0,0,2,0,0,2
295.90061076096026,4,0.0,1,1,0,2,0,0,3
296.90892421797616,4,23.25,0,2,0,3,0,0,5
297.92286369396606,4,25.0,0,0,2,3,0,0,5
298.93638639495475,4,23.25,0,1,0,5,0,0,6
299.9500923449523,4,47.5,1,2,0,5,0,0,7
300.9622529949993,4,15.25,0,3,0,4,0,1,8
301.9751381119713,4,34.5,0,1,1,5,0,1,8
302.9888394359732,4,49.25,0,1,1,5,0,0,7
304.00252221600385,4,68.75,1,0,1,6,0,0,7
305.01648208795814,4,22.75,0,1,1,4,1,0,7
306.0285578799667,4,71.0,0,2,0,5,0,0,7
307.04283586598467,4,36.25,0,2,2,5,0,0,9
308.0589201169787,4,42.5,0,4,1,4,1,0,10
309.07067663699854,4,70.0,0,2,0,6,0,0,8
310.08457225200254,4,63.75,0,0,2,6,0,0,8
311.0959686549613,4,69.0,1,1,2,5,0,0,8
312.10994843399385,4,41.75,0,3,1,4,0,0,8
313.1237198759918,4,0.0,0,7,1,5,0,0,13
314.13767418800853,4,46.25,0,7,1,4,1,0,13
315.15182278095745,4,71.75,0,6,2,4,0,1,13
316.16609936900204,4,23.75,0,1,2,9,0,0,12
317.17842433898477,4,68.75,0,0,1,11,0,0,12
318.1921497010044,4,72.0,0,2,0,7,0,1,10
319.20434789400315,4,71.0,0,0,2,7,0,0,9
320.2178061209852,4,57.25,0,3,0,9,0,0,12
321.2317270360072,4,93.25,0,3,0,7,1,2,13
322.24362397100776,4,7.75,0,5,2,8,0,1,16
323.258566288976,4,35.0,4,2,3,10,0,0,15
324.27260224398924,4,57.5,8,1,2,11,1,1,16
325.28618591598934,4,83.5,8,2,1,8,4,1,16
326.2987830019556,4,93.75,5,5,2,9,0,0,16
327.3125059919548,4,31.5,5,1,2,12,0,1,16
328.3259654219728,4,77.25,3,0,3,11,0,2,16
329.3395892159897,4,83.0,4,3,2,7,1,3,16
330.3512286010082,4,35.5,0,1,8,6,0,0,15
331.3621754599735,4,83.0,0,0,3,10,0,2,15
332.3762232079753,4,58.5,0,1,3,7,0,0,11
333.3899441949907,4,0.0,0,2,2,9,0,0,13
334.40327169396915,4,47.25,0,4,3,5,1,0,13
335.4146454949514,4,47.75,0,0,3,8,0,0,11
336.42845418298384,4,25.5,0,1,1,9,0,1,12
337.44072833197424,4,32.75,0,1,1,7,3,1,13
338.45220167998923,4,94.5,0,1,1,7,3,0,12
339.46353175200056,4,69.0,0,0,2,8,0,0,10
340.4757073549554,4,21.0,0,4,0,9,0,0,13
341.48806961096125,4,52.75,1,2,2,11,0,0,15
342.50231785699725,4,94.0,0,3,2,9,0,2,16
343.51496444497025,4,25.5,0,1,1,11,0,2,15
344.5267845210037,4,87.75,3,0,0,10,0,0,10
345.53711164195556,4,71.75,0,3,0,9,1,0,13
346.548199997982,4,93.0,0,3,0,8,1,1,13
347.56221827096306,4,68.75,0,1,2,8,0,0,11
348.5757325539598,4,39.75,0,4,0,6,0,0,10
349.5888304199907,4,44.25,2,1,1,9,0,0,11
350.6026347169536,4,66.5,1,5,1,7,0,3,16
351.6164117259905,4,29.0,0,4,2,8,0,0,14
352.63037224597065,4,30.5,0,2,3,10,0,1,16
353.6418163529597,4,48.0,1,3,0,9,2,0,14
354.6554953949526,4,95.25,4,5,0,8,0,3,16
355.6669025659794,4,47.5,2,5,1,9,1,0,16
356.67618730297545,4,61.0,6,5,1,5,5,0,16
357.6870296719717,4,70.0,4,9,1,6,0,0,16
358.6965557739604,4,10.0,3,10,1,5,0,0,16
359.70780920400284,4,46.0,3,1,8,7,0,0,16
360.72193881496787,4,26.0,9,1,4,7,0,4,16
361.7362205379759,4,14.25,8,5,3,6,0,2,16
362.749238548975,4,46.25,11,6,3,6,0,1,16
363.76207600097405,4,23.25,17,1,6,9,0,0,16
364.77115109498845,4,47.0,19,1,5,8,2,0,16
365.7821204359643,4,77.0,15,5,2,9,0,0,16
366.7956729650032,4,28.25,14,3,3,7,0,3,16
367.8095913429861,4,60.5,14,3,3,5,2,3,16
368.8234607100021,4,69.0,9,6,3,6,1,0,16
369.83693752397085,4,13.5,7,5,5,6,0,0,16
370.848151971004,4,33.75,8,1,4,10,1,0,16
371.86171331396326,4,34.25,6,1,3,12,0,0,16
372.8755472219782,4,36.75,9,1,0,12,3,0,16
373.8867759149871,4,95.25,9,1,0,9,4,2,16
374.89862692996394,4,69.75,6,3,1,8,0,4,16
375.9124001179589,4,6.0,1,9,1,6,0,0,16
376.9244510959834,4,46.75,0,1,8,7,0,0,16
377.9382811029791,4,23.75,2,1,5,9,0,1,16
378.9518933579675,4,91.5,1,1,1,12,2,0,16
379.9654808329651,4,77.5,0,0,2,12,0,0,14
380.9798921789625,4,11.75,0,1,1,13,0,0,15
381.99345851596445,4,94.0,0,2,0,14,0,0,16
383.0076077840058,4,76.25,0,0,0,16,0,0,16
384.0211190189584,4,95.5,0,0,0,13,3,0,16
385.03492530598305,4,92.25,0,0,0,9,6,1,16
386.0460611229646,4,94.75,0,0,0,8,0,0,8
387.05759927799227,4,93.5,0,0,0,7,0,1,8
388.0696426729555,4,71.0,1,0,0,6,1,0,7
389.08182453899644,4,86.5,3,0,0,2,5,0,7
390.09550608397694,4,1.75,0,1,3,2,0,0,6
391.1080806920072,4,46.5,0,0,1,4,0,0,5
392.1191545299953,4,0.0,0,0,0,5,0,0,5
393.1326608489617,4,47.0,0,0,0,3,2,0,5
394.1464601510088,4,11.25,0,3,0,2,0,2,7
395.16684729699045,4,11.25,0,0,1,4,0,0,5
396.2049296629848,4,15.25,0,3,1,4,0,0,8
397.21911700296914,4,4.5,0,4,0,4,1,0,9
398.2324797529727,4,47.25,0,6,0,2,0,0,8
399.24417472898494,4,0.0,0,4,1,4,0,0,9
400.25547965598525,4,70.25,0,2,4,6,0,0,12
401.2660356029519,4,48.25,0,2,3,3,4,0,12
402.2789976290078,4,5.75,0,4,1,5,0,0,10
403.2962727889535,4,25.5,0,2,3,7,0,0,12
404.30757249396993,4,95.25,0,0,0,9,1,0,10
405.3214497269946,4,89.25,0,0,0,9,0,0,9
406.33428112295223,4,95.25,0,2,0,8,1,0,11
407.3459497629665,4,93.0,0,1,1,7,0,0,9
408.35959430399816,4,70.75,0,2,2,9,0,0,13
409.3716165989754,4,24.25,0,3,1,9,2,0,15
410.38441280199913,4,23.75,0,4,0,12,0,0,16
411.39948094799183,4,48.75,1,0,0,14,0,2,16
412.4133447149652,4,94.0,0,2,0,9,0,1,12
413.4266195480013,4,47.25,0,2,0,6,3,0,11
414.4396636169986,4,45.75,0,1,0,4,0,1,6
415.4526902939542,4,46.5,0,0,0,4,0,0,4
416.4663318140083,4,47.25,0,0,0,4,0,0,4
417.479840666987,4,46.75,0,0,0,4,0,0,4
418.4936136949691,4,46.5,0,2,0,2,0,0,4
419.5044034179882,4,23.25,0,0,0,4,0,0,4
420.5180661579943,4,47.0,0,1,1,3,0,0,5
421.53072246699594,4,0.0,0,4,2,3,0,0,9
422.5444035969558,4,23.75,0,4,1,4,0,0,9
423.5559134379728,4,26.25,0,5,1,2,0,2,10
424.5683591449633,4,43.75,0,3,2,3,0,0,8
425.5827153599821,4,47.25,0,0,1,7,0,0,8
426.5950774739613,4,69.75,0,0,0,6,0,2,8
427.60820967698237,4,47.0,0,0,0,5,0,0,5
428.62183337198803,4,47.5,0,1,0,4,0,1,6
429.6351140229963,4,24.5,0,2,1,4,0,0,7
430.64925645000767,4,46.5,0,2,1,6,0,0,9
431.65851564897457,4,47.25,0,0,1,7,0,0,8
432.6705974059878,4,25.5,0,1,0,7,0,0,8
433.68396428698907,4,50.0,0,1,0,6,0,0,7
434.6971628489555,4,16.75,0,1,0,4,2,0,7
435.71109613298904,4,70.0,0,1,0,1,0,5,7
436.72483673796523,4,23.5,0,0,1,1,0,0,2
437.73876160295913,4,23.25,0,2,1,1,0,0,4
438.7516385669587,4,2.0,1,4,0,2,0,0,6
439.7658224349725,4,47.25,0,1,4,2,0,0,7
440.77943342598155,4,23.0,0,3,1,5,0,0,9
441.79316148295766,4,60.25,0,4,0,4,0,0,8
442.806263623992,4,49.25,0,3,3,3,0,0,9
443.8198097679997,4,11.75,0,3,2,6,0,0,11
444.8340452259872,4,36.75,0,3,0,7,1,0,11
445.8475439019967,4,22.0,0,2,2,6,0,0,10
446.8552552879555,4,24.0,1,2,1,4,3,0,10
447.8691634860006,4,71.75,0,1,1,6,0,0,8
448.8828817359754,4,48.0,0,0,2,5,0,0,7
449.8964816170046,4,60.0,0,0,2,6,0,0,8
450.908171448973,4,35.0,0,0,1,5,0,0,6
451.92195225600153,4,44.0,0,0,2,4,0,1,7
452.9345473779831,4,30.25,2,2,2,4,0,0,8
453.9458855759585,4,70.75,0,4,2,4,0,0,10
454.9593971419963,4,31.0,0,0,4,4,1,0,9
455.9732543709688,4,48.25,0,0,0,6,0,0,6
456.9853145289817,4,70.75,0,2,0,4,2,0,8
457.996852910961,4,69.25,0,2,1,5,0,0,8
459.00701528496575,4,70.5,0,3,0,4,0,0,7
460.0206257889513,4,47.25,0,0,1,6,0,0,7
461.03409633698175,4,69.25,0,0,1,6,0,0,7
462.04762817098526,4,70.25,0,0,1,5,1,0,7
463.0599116999656,4,53.5,0,0,2,5,0,0,7
464.07371596898884,4,41.5,0,1,1,6,0,0,8
465.0875116509851,4,47.25,0,0,1,6,0,1,8
466.101778568991,4,47.0,0,1,0,6,0,1,8
467.11720968899317,4,31.5,0,0,0,7,0,0,7
468.12819652899634,4,54.75,0,1,0,4,1,1,7
469.142099322984,4,30.75,0,0,1,3,1,0,5
470.1558750169934,4,46.75,0,0,0,2,0,0,2
471.16811828297796,4,22.25,0,1,1,2,0,0,4
472.1792424549931,4,69.75,1,1,0,3,0,0,4
473.19289611198474,4,22.5,0,1,1,3,0,0,5
474.2059725910076,4,46.0,0,0,1,4,0,0,5
475.21955382998567,4,24.0,0,0,1,2,0,0,3
476.2328045589966,4,47.0,0,0,0,3,0,0,3
477.2465253219707,4,69.5,0,0,0,3,0,0,3
478.2601730529568,4,46.0,0,0,0,3,0,0,3
479.2740217669634,4,68.5,0,0,0,3,0,0,3
480.2898364109569,4,46.25,0,1,0,2,0,0,3
481.3021092969575,4,1.75,0,0,0,3,0,0,3
482.31395370099926,4,71.0,0,1,1,3,0,0,5
483.32804361596936,4,48.5,0,0,2,4,0,0,6
484.3416122729541,4,70.75,1,0,2,3,1,0,6
485.3553046459565,4,46.75,0,0,2,4,0,0,6
486.3704374249792,4,63.5,0,1,0,5,0,0,6
487.3841346689733,4,46.5,0,3,0,5,0,0,8
488.39791805198183,4,46.25,1,3,0,5,0,0,8
489.41140492999693,4,23.0,0,5,1,5,0,0,11
490.42555630597053,4,23.5,0,5,2,6,0,0,13
491.439804404974,4,18.0,0,5,0,8,0,0,13
492.45250746799866,4,23.5,1,6,0,6,1,0,13
493.46656087599695,4,17.5,0,4,2,6,0,0,12
494.4804973639548,4,42.25,0,1,3,7,1,0,12
495.4947212029947,4,23.0,0,1,2,9,0,0,12
496.5113174459548,4,24.0,0,1,1,9,2,0,13
497.5231935670017,4,49.5,0,3,1,6,0,0,10
498.53441993298475,4,32.0,0,2,1,5,0,0,8
499.54628209699877,4,46.25,0,1,0,6,0,0,7
500.5591605009977,4,37.0,0,0,0,7,0,0,7
501.57292493700515,4,70.5,0,1,0,7,0,0,8
502.58690828998806,4,48.0,0,0,0,7,1,0,8
503.60022303898586,4,70.0,0,0,0,6,0,0,6
504.6140255369828,4,38.5,1,0,0,5,1,0,6
505.6277925790055,4,0.0,0,0,1,4,0,0,5
506.6415987199871,4,24.0,0,2,0,5,0,0,7
507.6552208309877,4,35.75,0,1,0,7,0,0,8
508.6690157689736,4,34.75,0,0,1,5,0,2,8
509.6829982769559,4,36.0,1,0,1,5,0,0,6
510.6954775869963,4,45.75,0,1,1,4,0,0,6
511.7073188229697,4,47.25,0,1,0,5,0,0,6
512.7187859769911,4,46.75,0,1,0,5,0,0,6
513.7325185689842,4,46.75,0,1,0,4,1,0,6
514.7459246159997,4,72.25,0,0,0,4,0,0,4
515.7599752029637,4,70.5,0,0,0,4,0,0,4
516.7735984749743,4,47.5,2,0,0,3,1,0,4
517.840863313002,4,46.5,0,3,0,1,0,3,7
518.8550988559728,4,0.0,0,2,2,1,0,0,5
519.8666011719615,4,1.25,0,0,3,2,0,0,5
520.8804771959549,4,22.75,0,0,1,4,0,0,5
521.894058515958,4,21.75,0,0,0,5,0,0,5
522.9079501489759,4,49.0,0,0,0,5,0,0,5
523.9220749359811,4,23.25,1,1,0,5,0,0,6
524.9357477079611,4,57.25,0,1,1,4,0,0,6
525.9493845739635,4,48.75,0,1,1,5,0,0,7
526.9613635810092,4,44.75,1,1,0,6,0,1,8
527.9750794440042,4,10.0,0,0,1,6,0,0,7
528.9881825309712,4,70.25,0,0,1,5,1,0,7
530.0023113709758,4,46.5,0,0,0,4,0,3,7
531.0141097129672,4,9.5,0,0,1,3,0,0,4
532.0265385839739,4,25.0,0,2,0,4,0,0,6
533.040343886998,4,23.25,0,1,0,3,0,0,4
534.0540622079861,4,30.75,0,0,0,5,0,0,5
535.0654522010009,4,66.0,0,0,0,5,0,0,5
536.0782518269843,4,47.0,0,3,0,5,0,0,8
537.091740962991,4,53.75,1,1,1,6,0,0,8
538.105721244996,4,35.25,0,0,2,8,0,0,10
539.1197136779665,4,48.75,0,1,0,9,0,1,11
540.1334036209737,4,64.0,0,1,2,8,0,0,11
541.1469618819538,4,72.75,0,0,0,8,1,1,10
542.160848664993,4,71.75,0,0,0,6,0,0,6
543.1724231859553,4,70.5,0,0,0,5,0,0,5
544.18638129998,4,47.25,0,1,0,2,1,0,4
545.1988161599729,4,1.25,0,0,0,3,0,0,3
546.2117673889734,4,17.25,0,0,0,3,0,0,3
547.2246849119547,4,14.75,0,1,0,3,0,0,4
548.2387833169778,4,23.5,0,0,1,3,0,0,4
549.2526488039875,4,0.0,0,0,1,3,0,0,4
550.2664115409716,4,23.5,0,0,0,4,0,0,4
551.2816962579964,4,23.0,0,1,0,4,0,0,5
552.2934127720073,4,24.0,0,0,1,4,0,0,5
553.3068412789726,4,30.5,0,0,0,4,0,1,5
554.3208418950089,4,46.0,0,0,1,4,0,0,5
555.3344685880002,4,82.5,0,0,0,4,1,0,5
556.3490085430094,4,70.5,0,2,1,4,0,0,7
557.3627831260092,4,36.0,0,2,2,4,0,0,8
558.3737085259636,4,95.75,0,1,3,4,0,0,8
559.3875851510093,4,24.75,0,1,0,8,0,0,9
560.4010524589685,4,67.75,0,0,2,8,0,0,10
561.4128941379604,4,25.0,0,1,1,9,0,0,11
562.4268179499777,4,72.0,0,2,1,7,0,1,11
563.4410615779925,4,39.25,0,1,0,8,1,0,10
564.4548823949881,4,67.0,0,1,1,7,0,0,9
565.4675061769667,4,24.0,0,0,1,8,0,0,9
566.4794149699737,4,94.0,0,0,1,7,1,0,9
567.4935542599997,4,95.25,0,2,0,8,0,0,10
568.5075328219682,4,43.0,0,1,1,9,0,0,11
569.5186746509862,4,62.75,0,3,0,11,0,0,14
570.5307989509893,4,93.75,0,0,2,12,0,0,14
571.5409626989858,4,65.75,0,0,0,10,2,0,12
572.5534151659813,4,94.0,0,0,0,10,0,0,10
573.567839433963,4,94.25,0,1,0,9,0,0,10
574.5817398609943,4,84.0,0,1,1,6,0,0,8
575.5953223370016,4,72.25,0,2,1,7,0,0,10
576.6090945429751,4,22.75,0,1,2,7,0,0,10
577.6232739189873,4,59.5,0,1,5,7,0,0,13
578.6368105379515,4,37.75,0,1,4,5,2,0,12
579.6475095470087,4,58.25,0,2,2,6,1,0,11
580.658804746985,4,20.25,0,1,1,8,0,0,10
581.6710000179592,4,43.75,0,0,0,9,0,0,9
582.6845114699681,4,97.0,1,0,0,9,0,0,9
583.6977048830013,4,96.0,0,3,0,4,0,5,12
584.7113367149723,4,39.5,0,0,3,4,0,1,8
585.7229767089593,4,36.25,0,0,0,7,0,0,7
586.7346793619799,4,40.0,1,0,0,7,0,0,7
587.7458301809966,4,94.5,0,1,0,5,0,0,6
588.7572045240086,4,78.75,0,1,0,6,0,0,7
589.7715612979955,4,46.5,0,1,1,6,0,0,8
590.7847902309732,4,46.75,0,1,0,6,0,0,7
591.7985360539751,4,50.5,1,2,0,6,0,0,8
592.8128515869612,4,55.5,0,1,2,4,0,0,7
593.824431999994,4,55.25,0,0,1,6,0,0,7
594.8380487989634,4,44.25,1,0,0,7,0,0,7
595.8485753909918,4,71.25,2,0,0,6,1,0,7
596.8628254479845,4,71.25,0,0,2,4,1,0,7
597.8765510369558,4,13.5,0,0,0,6,0,0,6
598.890477442008,4,25.0,0,1,0,6,0,0,7
599.9071889579645,4,48.5,0,0,1,6,0,0,7
600.9250739630079,4,23.5,0,2,0,5,0,0,7
601.9385309029603,4,23.75,0,0,4,4,0,0,8
602.9508816879825,4,52.5,0,0,2,6,0,0,8
603.9631905870046,4,55.25,0,0,1,7,0,0,8
604.9771106310072,4,72.0,0,0,0,8,0,0,8
605.9879218629794,4,71.25,0,0,0,8,0,0,8
607.0016974599566,4,70.25,1,0,0,8,0,0,8
608.0154760439764,4,70.5,1,0,0,5,3,0,8
609.0292311430094,4,70.75,0,0,2,3,0,2,7
610.0429053159896,4,18.75,0,1,2,2,0,0,5
611.0558838849538,4,46.25,0,4,1,2,1,0,8
612.0697446579579,4,24.75,0,0,3,4,0,0,7
613.0834682550048,4,47.75,0,0,2,5,0,0,7
614.0922137229936,4,48.0,0,0,2,3,0,0,5
615.1041419329704,4,46.5,0,0,0,4,0,0,4
616.1184218869894,4,24.5,0,2,0,3,0,0,5
617.1326465149759,4,47.0,0,0,2,3,0,0,5
618.1462678609532,4,29.75,0,0,2,4,0,0,6
619.1602517259889,4,24.25,0,0,1,5,0,0,6
620.1736927959719,4,47.0,0,0,1,5,0,0,6
621.1878886629711,4,4.0,0,0,1,5,0,0,6
622.2021505989833,4,23.0,0,1,0,5,0,0,6
623.2157634939649,4,0.0,0,3,1,4,1,0,9
624.2296909829602,4,47.0,0,2,1,4,0,1,8
625.2417497019633,4,26.0,0,2,2,5,0,0,9
626.2542357979692,4,56.25,0,2,1,4,0,1,8
627.2678352739895,4,1.0,0,0,2,4,0,0,6
628.2788637509802,4,69.75,0,0,1,5,0,0,6
629.293343185971,4,47.25,0,0,0,4,0,0,4
630.307349576964,4,37.25,0,1,0,3,0,0,4
631.3173795489711,4,24.25,0,1,1,3,0,0,5
632.3312900179881,4,58.75,1,1,0,3,1,0,5
633.3450844809995,4,49.25,0,0,2,4,0,0,6
634.3537197639816,4,51.75,2,1,2,3,1,0,7
635.3651395079796,4,58.25,0,2,0,5,0,0,7
636.378602599958,4,71.5,0,1,1,4,0,0,6
637.3909372309572,4,87.0,1,1,0,5,0,0,6
638.399475771992,4,48.0,0,1,0,5,0,0,6
639.4482134860009,4,69.5,0,0,0,5,1,0,6
640.5006850279751,4,40.5,0,1,0,4,0,2,7
641.5145115279593,4,23.75,0,1,0,4,0,1,6
642.5282882309984,4,46.0,0,0,1,3,0,0,4
643.5418357999879,4,47.5,0,0,0,3,0,0,3
644.554109396995,4,54.5,0,0,0,3,0,0,3
645.5680804969743,4,47.0,0,0,0,2,0,0,2
646.5821480329614,4,47.0,0,0,0,1,0,1,2
647.5965178979677,4,23.5,0,0,0,0,1,1,2
648.6106150730047,4,0.0,1,0,0,0,0,0,0
649.6239509129664,4,0.0,0,0,0,1,0,0,1
650.6366677799961,4,23.5,0,1,0,1,0,0,2
651.6489574639709,4,23.5,0,2,0,1,0,0,3
652.6625288570067,4,1.25,0,1,1,2,0,0,4
653.6765736739617,4,47.25,0,0,1,3,0,0,4
654.6902871329803,4,47.5,0,0,1,3,0,0,4
655.7030360509525,4,46.5,0,1,0,4,0,0,5
656.7153116699774,4,57.25,0,0,2,4,0,0,6
657.7267972119735,4,52.25,0,3,0,6,0,0,9
658.7397520309896,4,13.0,0,0,1,6,0,0,7
659.7500190719729,4,30.25,0,1,1,6,0,0,8
660.7623030479881,4,84.25,0,1,1,5,0,0,7
661.7758670710027,4,57.75,0,0,0,6,0,0,6
662.7858916639816,4,70.75,0,0,0,6,0,0,6
663.7974236179725,4,84.25,0,0,0,5,0,0,5
664.8110153480084,4,47.0,0,0,0,3,0,0,3
665.8221713809762,4,46.25,0,0,0,5,0,0,5
666.8344152829959,4,95.0,0,0,0,4,0,0,4
667.8475416220026,4,72.5,0,0,1,3,0,0,4
668.8573304709862,4,25.75,0,0,0,4,0,0,4
669.8707711419556,4,70.5,0,0,0,4,0,0,4
670.8844709289842,4,49.0,0,1,0,5,0,0,6
671.8980315139634,4,46.75,0,1,1,4,0,1,7
672.9116784259677,4,70.0,0,0,1,3,0,1,5
673.9255772309843,4,46.75,0,0,1,3,0,0,4
674.9392282969784,4,23.25,0,0,1,2,0,0,3
675.952883402002,4,17.5,0,0,0,5,0,0,5
676.9664754919941,4,58.0,0,0,0,5,0,0,5
677.980415464961,4,69.75,0,0,0,4,1,0,5
678.996793460974,4,23.5,1,0,0,2,3,0,5
680.008712928975,4,23.75,0,1,0,0,2,1,4
681.0223033849616,4,0.0,0,1,1,0,0,0,2
682.0360724349739,4,0.0,0,4,1,0,0,0,5
683.0502631099662,4,0.0,0,2,3,1,0,0,6
684.063629220007,4,50.0,0,1,1,5,0,0,7
685.0778243939858,4,23.0,0,2,2,2,0,3,9
686.0899121679831,4,23.5,0,4,0,3,1,0,8
687.1038711129804,4,37.75,0,4,0,3,0,1,8
688.1178195539978,4,68.75,0,0,2,5,0,0,7
689.1320425369777,4,27.0,0,1,0,6,0,0,7
690.146050092997,4,46.5,0,0,0,8,0,0,8
691.1594959489885,4,71.0,0,0,0,7,1,0,8
692.1735647819587,4,70.5,0,1,0,6,0,0,7
693.1871507219621,4,45.5,0,1,0,2,0,1,4
694.2006168329972,4,25.5,0,1,0,3,0,0,4
695.2126337789814,4,46.75,1,3,0,3,0,0,6
696.2266281299526,4,33.0,0,3,2,2,0,0,7
697.2402475139825,4,47.25,0,2,3,2,0,0,7
698.2514485360007,4,26.5,0,1,1,6,0,0,8
699.265289367002,4,69.75,0,1,1,5,0,0,7
700.2764168419526,4,32.0,0,1,1,5,0,0,7
701.2940613639657,4,47.5,0,0,0,5,0,0,5
702.3078421209939,4,46.25,0,0,0,4,1,0,5
703.3221037819749,4,24.0,0,0,0,4,0,0,4
704.3357413809863,4,23.25,0,2,0,4,0,0,6
705.3469960079528,4,23.0,0,0,1,4,1,0,6
706.3596674239961,4,47.75,0,1,1,4,0,0,6
707.3719085030025,4,71.5,0,0,1,5,0,0,6
708.3854744239943,4,23.25,0,1,1,3,0,0,5
709.3989072469994,4,26.5,0,0,2,1,0,0,3
710.4112564109964,4,25.5,0,1,1,2,0,0,4
711.4247988759889,4,39.75,0,1,0,3,0,0,4
712.4384126389632,4,39.25,0,2,1,3,0,0,6
713.4487076349906,4,71.5,0,2,1,3,0,1,7
714.4622051339829,4,73.0,0,0,1,4,0,0,5
715.4755227069836,4,21.5,0,0,0,6,0,0,6
716.4867814119789,4,46.75,0,0,0,6,0,0,6
717.4995822900091,4,47.0,1,0,0,5,1,0,6
718.5137496999814,4,47.25,0,1,0,4,0,0,5
719.5237408539979,4,47.5,0,2,0,3,0,0,5
720.5376572509995,4,47.25,0,1,0,4,0,0,5
721.5530275449855,4,71.0,0,1,0,4,0,0,5
722.5651367419632,4,63.25,0,1,0,4,0,0,5
723.5765214159619,4,45.75,0,1,0,4,0,0,5
724.5903543289751,4,0.0,0,1,0,5,1,0,7
725.6026282839593,4,48.0,0,0,1,3,0,0,4
726.6163484329591,4,36.25,0,2,0,2,0,0,4
727.6299904399784,4,0.0,2,4,0,2,0,0,6
728.6424616369768,4,46.75,0,5,1,2,0,0,8
729.6547812380013,4,6.5,0,4,0,2,2,0,8
730.6700807449524,4,8.5,0,4,2,3,0,0,9
731.6843326209928,4,3.0,0,1,1,7,0,0,9
732.6979922959581,4,38.0,0,2,0,8,0,0,10
733.7118651749915,4,41.0,0,4,1,6,0,2,13
734.7256730349618,4,47.0,0,3,4,5,0,0,12
735.7367218770087,4,25.5,1,2,1,11,0,0,14
736.7489072989556,4,96.0,0,0,2,8,0,0,10
737.7615754900035,4,66.5,1,0,0,9,1,0,10
738.7726537439739,4,95.0,2,0,0,8,2,0,10
739.7864819009556,4,70.0,0,1,5,8,0,0,14
740.7947900919826,4,35.5,2,3,0,13,0,0,16
741.8086402089684,4,86.0,2,1,0,12,1,2,16
742.8228674290003,4,93.25,2,5,0,11,0,0,16
743.8355411569937,4,53.75,9,0,5,8,0,3,16
744.8484564289683,4,14.25,10,3,3,9,1,0,16
745.862238601956,4,19.5,13,2,2,12,0,0,16
746.8783387370058,4,74.25,15,5,1,10,0,0,16
747.8923900039517,4,44.75,17,3,3,9,0,1,16
748.9082466589753,4,97.25,16,3,3,7,2,1,16
749.9202863269602,4,13.5,11,6,3,7,0,0,16
750.9324718400021,4,21.5,13,0,7,8,0,1,16
751.9462763500051,4,27.25,16,2,3,10,0,1,16
752.9601016810047,4,75.25,16,3,4,7,2,0,16
753.9736282929662,4,27.75,17,2,3,10,0,1,16
754.9862175440066,4,66.5,24,2,2,6,0,6,16
755.9988078139722,4,10.5,19,7,2,6,0,1,16
757.0127769099781,4,21.25,20,2,5,9,0,0,16
758.0247125370079,4,45.25,18,2,3,9,1,1,16
759.0372749890084,4,94.25,18,3,2,6,5,0,16
760.0511239749612,4,56.25,12,9,1,6,0,0,16
761.0982566129533,4,16.5,14,3,7,5,0,1,16
762.1312653360073,4,17.75,16,3,7,5,0,1,16
763.1448943379801,4,20.0,15,3,4,8,1,0,16
764.1578185789986,4,46.25,15,0,1,11,3,1,16
765.1713528119726,4,55.5,8,6,1,9,0,0,16
766.1854849740048,4,20.75,8,0,5,11,0,0,16
767.1957406789879,4,24.5,6,2,3,11,0,0,16
768.2102706989972,4,45.5,6,2,2,11,0,1,16
769.2238970729522,4,46.5,4,4,1,11,0,0,16
770.2380823039566,4,26.75,2,1,3,11,0,1,16
771.2518761309911,4,43.5,0,3,2,10,0,1,16
772.2658202250022,4,63.0,0,1,2,13,0,0,16
773.2774427279946,4,40.75,0,2,1,10,3,0,16
774.2895725429989,4,57.75,0,0,0,12,0,0,12
775.2973338919692,4,53.25,0,1,1,11,0,0,13
776.3109608189552,4,78.75,0,0,1,10,0,0,11
777.3238297179923,4,69.25,0,0,1,6,0,2,9
778.3347788410028,4,68.75,0,2,1,4,0,1,8
779.3489332839963,4,46.5,0,2,2,4,0,0,8
780.3625879919855,4,58.25,0,4,4,6,0,0,14
781.3766730710049,4,12.75,0,1,3,10,0,0,14
782.3903970730025,4,57.5,0,2,2,10,0,2,16
783.410418918007,4,47.0,0,0,1,8,0,1,10
784.4243159879697,4,47.25,0,2,2,7,0,0,11
785.4355208199704,4,61.5,0,2,2,8,1,0,13
786.4484594359528,4,64.75,0,3,3,5,1,0,12
787.4597017869819,4,19.0,0,4,2,6,1,1,14
788.4722069939598,4,70.25,0,2,3,8,0,0,13
789.4846645990037,4,30.75,1,5,1,9,1,0,16
790.4984212859999,4,95.25,1,5,1,4,6,0,16
791.5116027899785,4,25.5,0,5,2,6,0,0,13
792.5245020629955,4,23.5,0,3,1,9,1,0,14
793.538580605993,4,49.5,1,6,1,6,2,0,15
794.5521448589861,4,51.0,0,5,5,5,0,0,15
795.5660911029554,4,34.75,1,3,5,6,1,1,16
796.5801942229737,4,45.75,0,6,1,9,0,0,16
797.5919561719638,4,43.5,1,1,4,9,0,2,16
798.6057481929893,4,71.25,0,2,2,9,1,0,14
799.6188595389831,4,57.75,0,3,3,8,1,1,16
800.634923998965,4,49.0,0,1,4,7,2,0,14
801.6500333339791,4,40.75,0,1,4,7,0,0,12
802.6570624120068,4,70.25,4,1,4,4,3,0,12
803.6707045100047,4,83.5,0,5,4,5,0,1,15
804.6843681649771,4,4.5,0,2,5,7,0,0,14
805.6983180589741,4,7.75,0,3,4,9,0,0,16
806.7106656779652,4,72.0,0,2,3,7,0,0,12
807.7200547039974,4,44.75,0,2,1,5,3,0,11
808.7337997859577,4,94.75,1,2,0,5,4,0,11
809.746565046953,4,93.5,0,3,0,4,0,0,7
810.7601974469726,4,46.25,0,0,5,4,0,0,9
811.7745403730078,4,40.25,0,0,1,8,0,0,9
812.7880955029977,4,60.5,0,1,0,8,0,0,9
813.8020367659628,4,24.0,0,0,0,9,1,0,10
814.8145672889659,4,72.25,0,0,0,8,0,0,8
815.8326549420017,4,46.5,0,1,0,7,0,0,8
816.8469396019937,4,32.75,1,1,0,4,3,0,8
817.8560606279643,4,46.25,0,5,1,3,0,3,12
818.868400470994,4,5.75,0,2,5,4,0,0,11
819.8788663509768,4,24.75,0,3,3,6,0,0,12
820.8901521419757,4,51.25,0,4,1,7,0,0,12
821.9039674709784,4,31.0,0,0,3,9,0,0,12
822.917638104991,4,77.75,0,0,2,7,0,0,9
823.9318478289642,4,48.5,0,2,3,6,1,0,12
824.9455465049832,4,18.5,0,3,3,7,0,0,13
825.9593156749615,4,30.25,0,0,5,6,0,1,12
826.973503814952,4,58.75,1,0,4,7,0,0,11
827.9854086120031,4,69.75,1,0,3,4,3,1,11
828.9992845879751,4,1.0,0,4,2,5,0,0,11
830.0129166119732,4,37.0,0,0,5,7,0,0,12
831.0290742659708,4,49.5,0,1,2,9,1,0,13
832.0403192960075,4,68.5,0,0,2,8,0,0,10
833.0541541999555,4,50.5,0,0,1,9,0,0,10
834.0683865869651,4,71.75,0,0,0,8,0,0,8
835.0818480809685,4,71.0,0,0,0,8,0,0,8
836.0958951149951,4,29.75,0,0,1,6,0,0,7
837.11002886598,4,70.5,0,1,0,8,0,0,9
838.1240263769869,4,24.25,0,0,1,8,0,1,10
839.1362431799644,4,30.0,0,2,0,7,0,0,9
840.152520936972,4,70.0,1,2,0,5,2,0,9
841.1651769799646,4,69.5,0,4,0,3,0,3,10
842.1782955129747,4,23.75,0,0,1,3,0,0,4
843.1923038189998,4,48.75,0,0,0,3,0,0,3
844.2060070220032,4,47.0,0,0,0,3,0,0,3
845.219734526996,4,47.25,0,0,0,3,0,0,3
846.233586812974,4,28.5,0,0,0,3,0,0,3
847.2471972029889,4,23.5,0,0,0,3,0,0,3
848.2608006639639,4,24.25,1,0,0,3,0,0,3
849.2728839839692,4,46.75,1,0,0,3,0,0,3
850.2869117819937,4,34.0,0,1,0,3,0,0,4
851.2984418259584,4,24.5,0,1,1,3,0,0,5
852.3107975199819,4,0.0,0,0,1,2,0,0,3
853.3222566740005,4,24.75,5,0,1,2,0,0,3
854.3357504470041,4,23.25,0,5,3,2,0,0,10
855.347470329958,4,25.5,0,3,4,5,0,0,12
856.3613228999893,4,12.0,0,2,4,8,0,0,14
857.3751875479938,4,49.5,0,3,2,7,1,1,14
858.3903358999523,4,39.5,0,1,3,8,0,0,12
859.40523097798,4,77.0,3,2,2,6,3,0,13
860.4165359129547,4,70.5,0,5,1,5,0,2,13
861.4307041319553,4,40.25,0,0,6,5,0,0,11
862.4446039559552,4,65.75,0,0,2,9,0,0,11
863.4571065990021,4,94.75,0,0,1,7,0,3,11
864.4708741569775,4,82.0,0,0,1,5,0,1,7
865.4824433729518,4,23.5,0,1,0,5,1,0,7
866.4961792179965,4,47.5,0,0,1,3,0,1,5
867.5098914519767,4,30.5,0,2,0,3,1,0,6
868.523372191994,4,47.0,0,1,1,4,0,0,6
869.5445654930081,4,46.75,0,1,1,4,0,1,7
870.55718814797,4,47.0,0,0,0,6,0,0,6
871.5682691469556,4,35.25,0,1,0,6,0,0,7
872.5824074469856,4,69.0,0,0,0,7,0,0,7
873.5959406489856,4,47.25,0,2,0,6,0,0,8
874.6050668999669,4,46.5,0,2,1,5,0,0,8
875.6156748979702,4,47.25,0,1,1,6,0,0,8
876.6294478609925,4,59.75,1,0,0,6,0,0,6
877.6437716899673,4,70.5,0,0,0,7,0,0,7
878.6573506209534,4,71.0,0,0,0,6,0,0,6
879.6726703539607,4,27.5,1,0,0,4,0,1,5
880.6878666380071,4,46.75,1,3,0,3,0,1,7
881.7017022389919,4,14.5,0,1,4,3,0,0,8
882.729936630989,4,10.25,0,0,3,5,1,0,9
883.7742931660032,4,0.0,0,0,3,5,0,1,9
884.7815785839921,4,19.0,1,0,3,5,0,0,8
885.7939449659898,4,69.75,0,2,2,5,1,0,10
886.8056682719616,4,72.0,0,0,1,7,0,0,8
887.8193326669862,4,53.5,0,0,0,7,1,0,8
888.8331059769844,4,70.75,1,0,0,5,3,0,8
889.8451095449855,4,71.0,0,3,0,4,1,1,9
890.8588212589966,4,46.5,0,4,1,3,0,0,8
891.8728111939854,4,6.0,0,0,3,4,0,0,7
892.8864563489915,4,46.75,0,0,2,5,0,0,7
893.9005374939879,4,48.0,0,1,2,5,0,0,8
894.9146155469934,4,26.5,0,1,1,6,0,0,8
895.9277233050088,4,12.5,0,2,0,6,0,0,8
896.9402292269515,4,12.75,0,2,1,8,0,0,11
897.9539599919808,4,72.25,0,1,0,10,0,0,11
898.9666067719809,4,17.25,0,0,1,8,0,0,9
899.9783530099667,4,47.75,0,1,0,8,0,0,9
900.9915453299764,4,46.75,3,1,0,8,0,0,9
902.0055608789553,4,9.5,0,3,1,5,0,2,11
903.0197934799944,4,47.0,0,0,2,6,0,0,8
904.0319435849669,4,25.25,0,0,2,6,0,0,8
905.0458895439515,4,93.75,0,0,1,6,1,0,8
906.0585058839642,4,24.0,0,0,1,4,0,1,6
907.0723126779776,4,23.75,0,0,1,4,0,0,5
908.0861248059664,4,47.5,0,0,0,5,0,0,5
909.1001780309598,4,69.75,0,0,0,5,0,0,5
910.1138839589548,4,46.75,0,0,0,3,2,0,5
911.1251735179685,4,25.5,0,0,0,2,0,1,3
912.1386019949568,4,0.0,0,0,0,1,0,0,1
913.1513224839582,4,2.25,0,2,0,1,0,0,3
914.1652027399978,4,23.5,0,2,0,1,0,0,3
915.179167077993,4,23.0,0,1,0,3,0,0,4
916.1899169419776,4,47.0,0,0,1,2,0,0,3
917.202375088993,4,23.25,0,2,0,3,0,0,5
918.2152502289973,4,47.0,0,0,1,4,0,0,5
919.2268964019604,4,47.5,0,1,0,4,0,1,6
920.2390471489634,4,47.5,1,2,0,4,0,0,6
921.2531742159626,4,13.5,0,0,1,6,0,0,7
922.2646743980004,4,55.0,0,1,0,7,0,0,8
923.278772294987,4,67.5,0,2,0,6,0,0,8
924.2926277039805,4,24.0,0,1,0,6,0,0,7
925.3063997729914,4,21.25,0,1,0,5,1,0,7
926.3199339649873,4,70.0,0,2,0,5,0,0,7
927.3331458659959,4,70.75,3,2,0,5,0,0,7
928.3466242989525,4,15.75,0,4,1,3,1,1,10
929.3607525170082,4,24.0,0,2,1,5,0,0,8
930.3731965390034,4,70.75,0,0,0,7,1,0,8
931.3877486499841,4,43.0,0,1,0,7,0,0,8
932.4019422389683,4,24.5,0,0,1,6,0,0,7
933.4148600400076,4,9.75,0,1,0,5,1,0,7
934.427278838004,4,2.0,0,0,0,7,0,0,7
935.4422065109829,4,70.0,0,0,0,6,0,0,6
936.4546656410093,4,37.5,0,0,0,6,0,0,6
937.4689381659846,4,69.5,0,0,0,5,0,0,5
938.4798939949833,4,62.5,0,0,0,4,0,0,4
939.4933985429816,4,57.5,0,0,0,4,0,0,4
940.505722647009,4,47.75,0,2,0,2,0,0,4
941.5194571709726,4,23.75,0,2,0,1,0,1,4
942.5330506979953,4,24.0,0,0,0,3,0,0,3
943.540304107999,4,28.0,0,0,0,2,0,1,3
944.5537015220034,4,24.0,1,1,0,2,0,0,3
945.5677313499618,4,22.5,1,1,0,2,0,0,3
946.5779655799852,4,22.25,0,3,1,1,0,0,5
947.5920904119848,4,11.75,0,4,0,2,0,0,6
948.6042316450039,4,13.5,0,1,3,3,0,0,7
949.6183348519844,4,25.0,0,1,3,3,0,0,7
950.6322689639637,4,68.0,0,2,1,6,0,0,9
951.6447467620019,4,21.75,0,2,1,5,1,0,9
952.6564805289963,4,22.5,0,3,0,6,0,1,10
953.6636103549972,4,48.0,0,3,2,6,0,0,11
954.6773427620064,4,20.25,1,3,2,3,3,0,11
955.691341949976,4,47.0,0,1,3,5,0,1,10
956.7058822999825,4,47.0,0,1,2,5,0,0,8
957.7164833970019,4,56.25,0,0,2,6,0,0,8
958.7275351730059,4,47.0,0,0,1,6,0,0,7
959.7410606629564,4,59.25,0,2,0,7,0,0,9
960.7550303720054,4,69.5,0,0,1,8,0,0,9
961.7687986289966,4,50.0,0,0,1,8,0,0,9
962.7826075860066,4,56.25,0,0,1,8,0,0,9
963.796118830971,4,64.5,0,0,0,7,0,0,7
964.8100022180006,4,49.25,0,1,0,7,0,0,8
965.8234984099981,4,30.0,0,1,0,7,0,0,8
966.8376915229601,4,22.75,0,0,2,6,0,1,9
967.8517173719592,4,45.75,0,0,1,6,0,0,7
968.8601545599522,4,48.0,0,0,1,5,0,0,6
969.8736293069669,4,44.75,0,0,0,5,0,0,5
970.887890310958,4,28.25,0,1,0,3,0,2,6
971.897772678989,4,0.0,0,0,1,2,0,0,3
972.9117866039742,4,23.5,0,2,0,3,0,0,5
973.9255903969752,4,29.0,0,0,2,3,0,0,5
974.9393435539678,4,23.5,0,0,1,2,1,0,4
975.950113733008,4,24.25,1,0,1,2,1,0,4
976.9641201939667,4,23.0,0,3,1,2,0,0,6
977.9780315829557,4,23.25,0,4,0,3,0,0,7
978.9915468649706,4,24.75,0,4,0,3,0,0,7
980.0058864189778,4,23.75,0,0,1,6,0,0,7
981.023866189993,4,69.5,0,1,1,6,0,0,8
982.0353966899565,4,71.0,0,0,0,8,0,0,8
983.0492971359636,4,51.25,0,1,0,6,0,0,7
984.0615276679746,4,34.75,0,0,1,7,0,0,8
985.0746322390041,4,63.0,0,0,0,6,1,1,8
986.0882327319705,4,70.0,0,1,0,4,0,0,5
987.0994483069517,4,47.75,0,0,1,4,0,0,5
988.1134693329805,4,19.0,0,0,0,7,0,0,7
989.1273897409556,4,37.5,1,1,0,6,1,0,8
990.1410201379913,4,70.5,1,1,0,6,1,0,8
991.1559514069813,4,30.75,0,2,0,5,1,0,8
992.169701404986,4,27.0,0,1,2,3,1,0,7
993.1806855489849,4,0.0,0,3,2,3,0,1,9
994.1942456939723,4,34.0,0,0,0,8,0,0,8
995.205492413952,4,5.5,0,1,0,8,0,0,9
996.218588912976,4,53.75,0,0,1,7,0,0,8
997.2325721519883,4,23.5,0,0,0,7,0,1,8
998.2447861139663,4,33.75,0,0,0,4,2,0,6
999.2585063480074,4,23.5,0,0,0,4,0,0,4
1000.2679152530036,4,69.75,1,0,0,3,1,0,4
1001.2821237039752,4,38.75,0,3,0,2,1,0,6
1002.2946532909991,4,45.25,0,0,1,4,0,0,5
1003.3058106609969,4,58.75,0,1,0,5,0,0,6
1004.3179334980086,4,71.5,1,1,0,2,3,0,6
1005.3471132909763,4,6.75,0,3,0,2,0,1,6
1006.3590957209817,4,9.0,0,5,0,2,0,0,7
1007.371459774964,4,35.75,0,0,1,6,0,0,7
1008.3851554339635,4,47.5,0,0,0,7,0,0,7
1009.3998088339576,4,46.5,1,0,0,7,0,0,7
1010.413801357965,4,0.0,0,1,0,7,0,0,8
1011.4276367839775,4,46.25,0,3,0,6,0,0,9
1012.4415565489908,4,46.0,0,3,0,5,1,0,9
1013.4553150020074,4,24.0,0,1,1,5,1,0,8
1014.4678873849916,4,26.5,0,0,1,6,0,0,7
1015.4812754140003,4,70.5,0,0,1,5,1,0,7
1016.4951513609849,4,65.75,0,0,0,3,0,0,3
1017.5088866339647,4,70.5,0,1,0,3,0,0,4
1018.5223000359838,4,69.5,0,1,0,3,0,0,4
1019.5353753609816,4,70.0,1,1,0,3,0,0,4
1020.5496853369987,4,60.0,0,1,1,4,0,0,6
1021.5630766219692,4,38.25,0,0,1,4,0,0,5
1022.577436936961,4,67.75,0,0,0,4,0,0,4
1023.5903080549906,4,25.25,0,1,0,4,0,0,5
1024.602594905009,4,23.5,0,1,0,5,0,0,6
1025.6167451649671,4,35.25,0,1,0,6,0,0,7
1026.6303244109731,4,58.0,0,0,0,6,0,0,6
1027.6439228949603,4,70.5,0,1,0,5,0,0,6
1028.6573508009897,4,46.5,0,1,1,5,0,0,7
1029.6713671530015,4,65.0,0,0,2,5,0,0,7
1030.682877551997,4,36.75,0,0,0,7,0,0,7
1031.696817628981,4,46.75,0,0,0,7,0,0,7
1032.7102088319953,4,71.0,0,0,0,4,0,0,4
1033.723242182983,4,46.75,0,0,0,4,0,0,4
1034.7378468109528,4,69.75,0,0,0,4,0,0,4
1035.7496658819728,4,46.5,0,0,0,3,0,0,3
1036.7634937689872,4,24.0,0,0,0,3,0,0,3
1037.7764257229865,4,0.0,0,0,0,0,3,0,3
1038.7883887029602,4,0.0,0,1,0,0,0,0,1
1039.7997311729705,4,0.0,0,0,1,0,0,0,1
1040.8133453250048,4,0.0,1,0,1,0,0,0,1
1041.827295597992,4,0.0,0,3,1,0,0,0,4
1042.8408007919788,4,0.0,0,0,3,1,0,0,4
1043.856871803,4,0.0,0,0,0,4,0,0,4
1044.8712795620086,4,44.0,0,1,0,3,0,0,4
1045.8846598039963,4,42.75,2,1,0,3,0,0,4
1046.898529159953,4,46.75,0,0,2,4,0,0,6
1047.9120375099592,4,48.25,0,1,0,5,0,0,6
1048.9256843689946,4,93.75,0,0,1,5,0,0,6
1049.9395126339514,4,31.5,0,1,0,6,0,0,7
1050.9533441159874,4,27.75,0,0,1,8,0,0,9
1051.9673097449704,4,69.0,0,0,1,8,0,0,9
1052.980938476976,4,58.5,0,0,0,8,0,0,8
1053.9945903070038,4,70.75,0,1,0,7,0,0,8
1055.0069310810068,4,22.75,0,1,1,5,0,1,8
1056.0185753999976,4,69.75,0,1,1,5,0,1,8
1057.0325670419843,4,47.0,1,1,1,4,1,1,8
1058.0461768799578,4,23.75,0,3,1,4,0,0,8
1059.0604048079695,4,58.75,0,0,2,4,0,1,7
1060.071135909995,4,69.75,0,0,1,3,1,0,5
1061.0848047169857,4,56.0,0,0,0,4,0,0,4
1062.0982225479675,4,23.25,0,1,0,4,0,0,5
1063.111147812975,4,72.0,0,2,0,5,0,0,7
1064.1246173279942,4,70.5,0,4,0,6,0,0,10
1065.1383450059802,4,33.75,0,3,2,6,0,0,11
1066.1504499979783,4,24.5,0,2,0,11,0,0,13
1067.1644415769842,4,32.5,0,5,1,10,0,0,16
1068.1780600049533,4,75.25,5,2,1,8,5,0,16
1069.1917162149912,4,70.75,0,5,2,9,0,0,16
1070.2047666739672,4,73.75,4,0,2,12,1,1,16
1071.2158419829793,4,57.25,6,3,0,10,3,0,16
1072.2296241179574,4,71.5,1,7,2,7,0,0,16
1073.2434800909832,4,78.25,8,2,5,8,0,1,16
1074.2571858119918,4,40.0,15,0,4,9,3,0,16
1075.2707433729665,4,40.0,12,2,2,11,0,1,16
1076.2844096790068,4,46.5,21,2,3,7,4,0,16
1077.2985069539864,4,95.5,25,3,2,8,0,3,16
1078.310431049962,4,21.75,32,3,4,8,0,1,16
1079.3200794049772,4,55.5,27,8,4,3,0,1,16
1080.3335530349868,4,25.0,34,9,3,4,0,0,16
1081.3475405399804,4,36.0,33,3,8,4,1,0,16
1082.361130670004,4,1.0,30,4,9,3,0,0,16
1083.3749114929815,4,23.5,32,4,5,5,2,0,16
1084.388744527998,4,34.25,29,4,6,4,0,2,16
1085.4024083439726,4,48.25,28,6,3,6,0,1,16
1086.4149359349976,4,76.25,28,7,2,5,2,0,16
1087.4327860499616,4,70.5,27,10,1,5,0,0,16
1088.446661597991,4,0.0,28,0,6,9,0,1,16
1089.4610385749838,4,44.0,27,2,3,10,0,1,16
1090.4751170869567,4,72.75,25,0,4,12,0,0,16
1091.4900370939868,4,96.75,22,5,1,4,0,6,16
1092.504759917967,4,0.0,17,0,12,4,0,0,16
1093.5164376409957,4,25.0,19,1,7,7,0,1,16
1094.5307931659627,4,13.25,19,1,6,9,0,0,16
1095.5448532679584,4,48.25,19,0,4,8,4,0,16
1096.5574227519683,4,94.25,20,0,4,6,6,0,16
1097.5686402400024,4,41.0,18,3,6,6,0,1,16
1098.5833426439785,4,47.75,17,1,6,7,2,0,16
1099.596081377007,4,57.5,15,1,5,9,0,1,16
1100.6105461659608,4,75.25,12,2,5,9,0,0,16
1101.6228652310092,4,36.25,13,0,4,12,0,0,16
1102.6344108349876,4,22.25,11,1,2,13,0,0,16
1103.6473359959782,4,49.5,13,0,2,11,3,0,16
1104.6585923859966,4,94.5,13,0,2,9,5,0,16
1105.6709512209636,4,86.75,7,4,4,8,0,0,16
1106.6861440759967,4,72.75,6,4,3,9,0,0,16
1107.697691724985,4,94.25,6,4,4,4,3,1,16
1108.711728366965,4,44.0,3,7,2,7,0,0,16
1109.726866766985,4,28.5,3,0,8,8,0,0,16
1110.7380812199553,4,49.25,4,0,5,8,3,0,16
1111.7521410759655,4,94.25,4,0,5,5,0,6,16
1112.7620380889857,4,28.0,0,4,4,8,0,0,16
1113.7750688619562,4,35.25,0,1,5,9,0,0,15
1114.7884905179963,4,54.0,0,0,3,10,2,0,15
1115.8023363609682,4,93.5,0,4,3,9,0,0,16
1116.8160941109527,4,64.25,3,0,4,12,0,0,16
1117.8294592589955,4,50.5,4,0,2,11,3,0,16
1118.8388013329823,4,71.25,3,3,2,10,0,1,16
1119.850245590962,4,70.0,2,0,4,11,0,1,16
1120.863855693955,4,60.75,4,1,2,13,0,0,16
1121.8752793149906,4,22.75,5,1,1,14,0,0,16
1122.888898278994,4,96.0,3,2,1,12,1,0,16
1123.9029623899842,4,23.25,3,2,1,8,4,1,16
1124.9166383519769,4,82.25,0,4,1,10,0,0,15
1125.9290149959852,4,68.0,0,4,0,7,0,4,15
1126.9619530139607,4,38.0,0,4,0,5,2,4,15
1127.9710902569932,4,59.75,0,4,0,4,3,4,15
1128.9848827589885,4,58.5,0,0,3,4,0,0,7
1129.9990164240007,4,35.25,0,1,2,3,0,0,6
1131.0105454690056,4,47.0,1,3,1,5,0,0,9
1132.023385021952,4,48.0,2,3,1,4,1,0,9
1133.0369425899698,4,46.5,5,3,1,4,1,0,9
1134.0510392679716,4,3.75,0,2,6,4,0,1,13
1135.065179365978,4,23.75,0,5,6,5,0,0,16
1136.0783010989544,4,47.75,0,4,4,8,0,0,16
1137.0908568889718,4,70.5,2,4,3,5,4,0,16
1138.103109003976,4,46.0,5,4,3,6,0,3,16
1139.1162484509987,4,94.0,7,5,2,4,3,2,16
1140.1300805119681,4,39.25,5,7,4,4,0,1,16
1141.1441714999964,4,45.25,2,11,1,4,0,0,16
1142.1552272969857,4,22.75,6,1,8,6,1,0,16
1143.166338311974,4,71.75,8,1,7,7,1,0,16
1144.181013864989,4,94.25,8,1,7,6,1,1,16
1145.194664641982,4,94.25,12,1,5,7,0,3,16
1146.2057378009777,4,72.0,10,4,2,10,0,0,16
1147.2195666879998,4,38.25,10,4,2,10,0,0,16
1148.2407252049888,4,48.75,13,1,3,11,1,0,16
1149.2488647499704,4,41.75,11,1,3,12,0,0,16
1150.2596116439672,4,98.0,12,1,0,8,6,1,16
1151.2709546109545,4,44.0,6,7,1,6,1,1,16
1152.286895962956,4,78.25,5,5,2,6,3,0,16
1153.300644907984,4,40.25,1,6,4,6,0,0,16
1154.3141858759918,4,46.75,0,4,5,7,0,0,16
1155.3280350779532,4,47.0,4,1,3,11,1,0,16
1156.3385268859565,4,49.0,5,3,2,10,1,0,16
1157.3516787469853,4,70.0,3,4,2,8,2,0,16
1158.361634988978,4,58.0,3,2,5,7,0,2,16
1159.3729008769733,4,23.5,2,3,5,7,0,1,16
1160.3870077449828,4,17.5,3,0,3,12,1,0,16
1161.4008862909977,4,27.5,2,3,1,9,2,1,16
1162.4145893789828,4,8.5,1,2,3,10,0,0,15
1163.426357201999,4,71.0,1,2,3,5,5,0,15
1164.439815236954,4,48.25,1,2,3,4,6,0,15
1165.4516992549761,4,70.0,0,0,2,7,0,0,9
1166.4657196909538,4,96.5,0,1,0,9,0,0,10
1167.4754637120059,4,23.5,0,1,0,6,3,0,10
1168.4871629819972,4,93.5,0,0,1,5,0,1,7
1169.4990649119718,4,23.25,1,1,1,5,0,0,7
1170.513537146966,4,94.0,0,2,1,4,1,0,8
1171.527410944982,4,70.75,0,3,0,5,0,0,8
1172.5412312669796,4,59.25,0,2,3,5,0,0,10
1173.5536064379849,4,53.0,0,0,3,6,1,0,10
1174.5651798499748,4,71.0,0,0,1,7,1,0,9
1175.5790397379897,4,57.0,0,0,0,7,0,1,8
1176.5924950289773,4,70.75,0,0,0,7,0,0,7
1177.6049224910093,4,32.25,0,1,0,6,0,0,7
1178.618851194973,4,71.25,1,1,0,4,2,0,7
1179.6309914459707,4,69.75,0,1,1,3,0,3,8
1180.6432766999933,4,46.75,0,1,1,2,0,1,5
1181.6555333319702,4,46.75,0,1,1,2,0,0,4
1182.6687353400048,4,41.0,2,1,0,1,2,0,4
1183.682204568002,4,0.0,0,0,0,4,0,0,4
1184.694082512986,4,47.25,1,0,0,4,0,0,4
1185.7081092220033,4,62.0,1,0,0,3,1,0,4
1186.7220864639967,4,21.0,0,0,0,4,0,0,4
1187.736093001964,4,31.0,0,2,0,4,0,0,6
1188.7498917959747,4,18.25,0,2,0,4,0,0,6
1189.7637226199731,4,47.25,0,3,2,3,0,0,8
1190.7779297999805,4,30.25,0,4,0,5,0,0,9
1191.7897874100017,4,40.0,0,0,2,7,0,0,9
1192.7996307709836,4,36.5,0,0,1,8,0,0,9
1193.8135097259656,4,95.0,0,0,1,7,1,0,9
1194.827247381967,4,71.0,0,3,0,6,0,3,12
1195.8375705090002,4,62.5,0,0,2,8,0,0,10
1196.8514331110055,4,32.25,0,1,0,10,0,0,11
1197.8631770049687,4,37.5,0,1,0,8,2,0,11
1198.874291501008,4,92.5,0,0,3,7,0,0,10
1199.8878813949996,4,59.0,0,0,1,9,0,0,10
1200.9013742049574,4,66.0,0,1,0,10,0,0,11
1201.9142370859627,4,24.25,0,1,0,7,3,0,11
1202.9277692749747,4,93.25,0,1,0,7,3,0,11
1203.9418532029958,4,89.5,0,0,0,8,0,0,8
1204.9537565089995,4,94.0,0,0,0,4,0,2,6
1205.9675231800065,4,43.25,0,1,0,3,0,0,4
1206.9809043279965,4,7.0,0,2,0,1,0,2,5
1207.9948506829678,4,0.0,0,0,2,2,0,0,4
1209.0087242969894,4,0.5,0,0,1,3,0,0,4
1210.0223369019805,4,0.0,0,0,0,4,0,0,4
1211.0362769389758,4,23.5,0,0,0,2,2,0,4
1212.0498403019737,4,23.25,0,0,0,1,0,0,1
1213.0629121309612,4,11.5,0,2,0,1,0,0,3
1214.0765409469604,4,0.0,0,1,2,1,0,0,4
1215.0875324629596,4,22.75,0,1,2,2,0,0,5
1216.10133614199,4,0.0,0,2,0,4,0,0,6
1217.1149696059874,4,46.5,0,2,0,4,0,0,6
1218.1295507259783,4,47.75,0,1,1,4,0,0,6
1219.1432659709826,4,22.25,0,0,1,4,1,0,6
1220.1569442859618,4,46.0,1,0,0,4,0,2,6
1221.169027780008,4,47.5,0,1,0,3,0,0,4
1222.1825079880073,4,23.5,0,2,0,3,0,0,5
1223.199015841994,4,5.75,0,1,2,2,1,0,6
1224.2123615269666,4,11.25,0,2,0,4,0,0,6
1225.2264114919817,4,0.0,0,1,0,4,0,0,5
1226.2379312730045,4,17.0,0,0,1,4,0,0,5
1227.251695910003,4,24.0,0,0,0,5,0,0,5
1228.2656590269762,4,46.25,1,0,0,4,1,0,5
1229.2797460999573,4,47.75,0,1,0,4,0,0,5
1230.2924203459988,4,46.5,0,0,0,4,0,1,5
1231.3067203919636,4,46.75,0,1,0,4,0,0,5
1232.3206549419556,4,23.0,0,0,0,5,0,0,5
1233.3347914049518,4,47.75,0,3,0,5,0,0,8
1234.3479468249716,4,47.25,0,3,0,4,1,0,8
1235.3618026640033,4,23.75,0,0,3,3,0,0,6
1236.3734305219841,4,33.75,0,1,0,5,0,1,7
1237.3841406209976,4,70.0,0,1,1,5,0,0,7
1238.3979971209774,4,70.25,0,1,1,3,2,0,7
1239.4119412329746,4,48.5,1,1,1,3,2,0,7
1240.4246985299978,4,46.75,0,1,1,4,0,1,7
1241.4382962859818,4,22.75,0,0,0,4,0,0,4
1242.4522304999991,4,69.75,0,1,0,4,0,0,5
1243.4643031079904,4,71.0,1,1,0,2,2,0,5
1244.4782849510084,4,47.25,0,1,1,1,0,1,4
1245.491432604962,4,23.25,1,1,1,1,0,1,4
1246.5056309559732,4,23.5,0,2,0,3,0,0,5
1247.5190542420023,4,20.0,0,0,3,3,0,0,6
1248.5426053949632,4,54.0,0,0,0,6,0,0,6
1249.5821212879964,4,38.5,0,0,0,5,1,0,6
1250.596372024971,4,54.5,0,0,0,5,1,0,6
1251.609877159004,4,71.75,0,0,0,5,1,0,6
1252.623635231983,4,55.0,0,0,0,5,0,0,5
1253.6372739049839,4,69.5,0,2,0,4,0,0,6
1254.6510958209983,4,0.0,0,1,1,3,1,0,6
1255.66458577296,4,24.0,1,1,1,3,1,0,6
1256.684340693988,4,23.25,0,2,2,3,0,1,8
1257.698123721988,4,25.0,0,1,1,5,0,0,7
1258.7123186329845,4,45.75,0,0,0,6,0,0,6
1259.7256457059993,4,36.5,1,0,0,4,2,0,6
1260.7394116079668,4,71.0,0,3,0,3,0,3,9
1261.752722945006,4,71.0,0,0,2,4,0,0,6
1262.7603945159935,4,58.0,0,1,0,6,0,0,7
1263.7725774759892,4,23.25,0,1,0,3,2,0,6
1264.7861264329986,4,47.75,3,1,0,3,2,0,6
1265.7996977419825,4,47.25,0,2,1,3,0,0,6
1266.8116172169684,4,40.25,0,0,1,4,0,0,5
1267.8256878259708,4,70.75,1,0,0,5,0,0,5
1268.8370499379816,4,93.5,1,0,0,5,0,0,5
1269.8501533310045,4,69.75,0,2,0,4,0,0,6
1270.8635198429693,4,0.0,0,1,0,6,0,0,7
1271.876190172974,4,45.25,0,2,0,7,0,0,9
1272.887910978985,4,36.5,0,1,0,8,0,0,9
1273.901774169004,4,56.75,0,0,0,6,0,0,6
1274.915332163975,4,63.75,1,0,0,6,0,0,6
1275.9220256489934,4,71.0,0,1,0,5,0,1,7
1276.9348345350008,4,46.5,0,3,0,4,0,0,7
1277.9487149549532,4,94.5,0,0,1,5,0,0,6
1278.9598999629961,4,49.5,0,0,0,5,0,0,5
1279.9737746409955,4,23.25,0,0,1,5,0,0,6
1280.9877347179572,4,45.25,1,0,1,2,3,0,6
1281.996719445975,4,40.5,0,1,0,4,0,0,5
1283.0102557079517,4,46.25,2,2,0,4,0,0,6
1284.0238508579787,4,47.0,3,2,0,3,1,0,6
1285.037011109991,4,23.25,0,5,1,3,0,1,10
1286.0504972380004,4,30.0,0,6,0,2,0,0,8
1287.0640446330071,4,24.0,0,1,3,5,0,0,9
1288.0775618419866,4,71.25,0,1,3,5,0,0,9
1289.0871619819663,4,58.25,0,0,1,6,1,0,8
1290.10136296798,4,46.25,0,0,1,8,0,0,9
1291.1148343560053,4,34.5,0,0,0,9,0,0,9
1292.1289067050093,4,71.0,1,0,0,8,1,0,9
1293.1425319609698,4,70.25,0,1,0,7,0,2,10
1294.1544591889833,4,44.25,0,0,1,7,0,0,8
1295.1676042949548,4,23.5,0,3,0,8,0,0,11
1296.179466712987,4,34.25,0,3,0,8,0,0,11
1297.1892865700065,4,71.25,0,2,1,4,0,3,10
1298.202792502998,4,72.25,0,0,0,6,0,0,6
1299.2165166759514,4,71.0,0,0,0,6,0,0,6
1300.2364815459587,4,58.5,0,0,0,5,1,0,6
1301.2503489409573,4,71.5,1,0,0,3,1,2,6
1302.2639737409772,4,19.75,0,1,0,3,0,2,6
1303.278067170002,4,24.25,0,1,1,3,0,0,5
1304.290100463957,4,8.25,0,2,0,4,0,0,6
1305.304087070981,4,1.0,0,4,0,6,0,0,10
1306.3179615520057,4,23.5,0,1,1,7,0,0,9
1307.3313720399747,4,93.75,0,0,1,7,1,0,9
1308.3453532909625,4,46.0,0,1,0,8,0,0,9
1309.3593626579968,4,69.25,0,0,1,6,0,2,9
1310.3740021749982,4,48.75,0,1,0,7,0,0,8
1311.3874949939782,4,70.25,1,1,0,5,2,0,8
1312.4014753579977,4,71.0,2,1,0,4,0,3,8
1313.415666749992,4,4.25,0,0,2,5,0,0,7
1314.429434273974,4,65.75,0,0,1,4,0,0,5
1315.4435993649531,4,28.25,0,0,0,5,0,0,5
1316.4572187479935,4,41.0,0,2,1,4,1,0,8
1317.468536573986,4,22.0,0,0,3,5,0,0,8
1318.4809248769889,4,58.25,0,0,1,7,0,0,8
1319.4947665669606,4,16.0,0,0,1,6,1,0,8
1320.508212059969,4,71.5,1,0,1,4,3,0,8
1321.5196022979799,4,48.0,3,0,0,4,0,4,8
1322.5336403719848,4,23.25,0,3,0,3,0,0,6
1323.5466418860015,4,23.25,0,0,3,6,0,0,9
1324.560162089998,4,57.75,2,0,1,8,0,0,9
1325.5772918289877,4,71.5,0,3,1,7,0,1,12
1326.5890642959857,4,51.75,1,1,1,9,0,0,11
1327.6027820750023,4,48.0,0,2,0,8,1,0,11
1328.6139408589806,4,47.25,0,2,0,4,5,0,11
1329.6276313849958,4,70.5,3,2,0,3,6,0,11
1330.641122274974,4,47.25,5,2,1,3,0,6,12
1331.6549730809638,4,36.75,0,5,3,3,0,0,11
1332.6684574369574,4,0.0,0,0,5,6,0,0,11
1333.6775902329828,4,13.75,1,5,3,8,0,0,16
1334.691288180009,4,53.0,0,6,2,7,0,0,15
1335.7041610919987,4,29.75,2,2,7,6,0,0,15
1336.7178181950003,4,23.0,0,0,8,8,0,0,16
1337.7315454289783,4,8.25,4,0,5,11,0,0,16
1338.7450951399514,4,93.75,6,0,4,7,5,0,16
1339.7589722609846,4,94.25,2,5,3,5,1,2,16
1340.7733058919548,4,85.5,1,8,3,5,0,0,16
1341.7869346859516,4,37.0,1,2,7,7,0,0,16
1342.79947532597,4,22.75,3,3,6,5,0,2,16
1343.8092029689578,4,43.5,2,5,3,8,0,0,16
1344.8245978920022,4,45.75,2,5,3,5,3,0,16
1345.8376576559967,4,70.75,2,5,3,2,1,5,16
1346.850834252953,4,34.5,0,7,0,3,2,2,14
1347.8644626959576,4,30.5,0,1,6,7,0,0,14
1348.8770636959816,4,23.0,0,2,5,7,1,0,15
1349.889195036958,4,78.5,0,1,3,9,0,1,14
1350.9033426049864,4,27.25,0,2,0,8,1,1,12
1351.917037028994,4,67.5,0,3,0,10,0,0,13
1352.9318286780035,4,24.0,2,3,0,4,6,0,13
1353.9449565979885,4,69.25,2,3,0,3,7,0,13
1354.9586627509561,4,46.25,5,3,0,2,8,0,13
1355.9731888480019,4,58.25,0,4,3,3,0,0,10
1356.9867535219528,4,42.25,0,3,4,4,0,0,11
1358.0006817139802,4,41.75,0,3,3,5,1,0,12
1359.012859734008,4,47.0,2,3,2,4,0,3,12
1360.0251695009647,4,48.0,0,0,3,7,0,0,10
1361.036473529006,4,72.5,0,0,0,7,1,0,8
1362.0502534600091,4,70.25,1,0,0,5,2,0,7
1363.0609299189528,4,46.5,1,0,0,2,5,0,7
1364.0750175449648,4,23.25,0,3,0,2,0,2,7
1365.0886855099816,4,23.25,0,3,4,2,0,0,9
1366.1027392770047,4,16.25,0,3,4,3,0,0,10
1367.1167296599597,4,48.5,0,2,2,6,0,0,10
1368.1282588989707,4,0.0,0,1,2,7,0,0,10
1369.140063526982,4,71.5,2,1,1,7,1,0,10
1370.1543021759717,4,5.25,0,3,0,9,0,0,12
1371.1928214390064,4,58.0,0,0,2,9,1,0,12
1372.232426172006,4,53.5,0,0,2,7,0,3,12
1373.2461628099554,4,42.5,0,1,1,8,0,3,13
1374.2599093779572,4,70.0,0,2,1,6,0,0,9
1375.2753105469747,4,36.5,0,2,1,8,0,0,11
1376.2888118959963,4,54.75,0,1,2,9,0,0,12
1377.3026182400063,4,71.25,0,0,3,8,1,0,12
1378.315961788001,4,29.75,0,0,1,9,0,1,11
1379.3294288819889,4,24.0,0,1,0,9,1,0,11
1380.3434644859517,4,48.25,0,2,2,8,0,0,12
1381.3571413109894,4,39.5,0,3,2,8,0,0,13
1382.3711462189676,4,48.5,0,4,1,8,0,0,13
1383.3820696509792,4,71.25,1,4,0,7,2,0,13
1384.3966450009611,4,67.5,0,1,3,6,1,0,11
1385.410338068963,4,47.75,0,0,3,5,0,1,9
1386.4245166609762,4,47.75,0,2,3,2,0,3,10
1387.43880454998,4,48.0,1,3,4,4,0,0,11
1388.4527389869909,4,47.0,0,4,3,2,3,0,12
1389.4672806540038,4,46.5,0,6,2,4,0,1,13
1390.4813310829923,4,70.75,0,4,6,3,0,2,15
1391.495487374952,4,2.5,2,3,4,4,2,1,14
1392.5091431969777,4,71.5,1,4,3,7,0,2,16
1393.5215069539845,4,55.5,6,3,3,5,3,2,16
1394.5351181569858,4,29.25,3,8,2,6,0,0,16
1395.5463236210053,4,23.75,4,8,1,7,0,0,16
1396.5600826079608,4,47.0,3,1,5,9,1,0,16
1397.5719200139865,4,47.25,3,1,3,5,5,1,15
1398.584792065958,4,34.5,4,1,3,2,4,5,15
1399.5991727649816,4,21.0,0,5,3,2,0,5,15
1400.6122784990002,4,22.25,0,8,3,3,0,1,15
1401.6267945260042,4,0.0,0,2,4,8,0,0,14
1402.641130680975,4,45.25,0,3,5,7,0,1,16
1403.6546946580056,4,38.0,0,1,4,9,0,0,14
1404.6619345559739,4,47.0,1,1,3,8,2,0,14
1405.6757102079573,4,94.25,1,1,3,6,3,1,14
1406.690249000967,4,95.5,0,1,2,7,0,2,12
1407.7109606869635,4,89.5,0,1,2,7,0,0,10
1408.7248082489823,4,47.75,0,2,2,7,0,0,11
1409.736018644995,4,67.75,0,2,1,8,0,0,11
1410.7504370280076,4,70.75,0,0,0,9,0,0,9
1411.7644218329806,4,93.5,0,0,0,9,0,0,9
1412.7775745209656,4,73.75,0,3,0,8,0,0,11
1413.7899668079917,4,79.0,1,3,0,5,3,0,11
1414.8029761399957,4,71.25,0,4,1,4,0,4,13
1415.8130361399963,4,0.75,0,1,3,6,0,0,10
1416.8267993019545,4,63.25,0,0,0,10,0,0,10
1417.8405840930063,4,23.75,2,1,0,10,0,0,11
1418.8541156909778,4,69.0,3,1,0,8,0,2,11
1419.8685173139675,4,62.25,0,2,1,8,0,0,11
1420.8825567989843,4,48.25,0,0,0,10,0,0,10
1421.8938756510033,4,61.0,1,1,0,10,0,0,11
1422.9047889229842,4,69.75,1,1,0,8,2,0,11
1423.918623237987,4,72.0,0,3,1,6,0,2,12
1424.929879695992,4,52.75,0,3,0,6,0,0,9
1425.941586262954,4,59.0,1,0,2,7,0,0,9
1426.9535234089708,4,26.75,0,3,1,7,0,0,11
1427.9670136210043,4,40.0,1,1,1,8,0,0,10
1428.9809111449867,4,47.75,1,1,1,6,2,0,10
1429.9927978799678,4,68.25,0,3,0,5,1,4,13
1431.0051204889896,4,25.75,0,5,2,5,0,0,12
1432.0188741789898,4,24.75,0,3,1,9,1,0,14
1433.0328496779548,4,71.5,2,4,0,8,3,0,15
1434.0457680359832,4,46.0,0,4,1,10,0,1,16
1435.0600029599736,4,5.25,0,1,3,11,0,0,15
1436.0717213239986,4,51.25,1,0,1,14,0,1,16
1437.0835003079847,4,95.75,6,0,0,10,5,1,16
1438.0963025479577,4,95.5,8,0,0,9,6,1,16
1439.1086900169612,4,79.25,9,3,0,7,0,6,16
1440.1208073629532,4,76.5,5,9,0,6,1,0,16
1441.1369590630056,4,35.0,6,0,4,10,0,2,16
1442.1479041679995,4,69.25,4,2,4,6,4,0,16
1443.161762853968,4,31.25,1,8,2,6,0,0,16
1444.175385940005,4,70.0,4,8,1,3,2,2,16
1445.1893087909557,4,20.0,0,6,7,3,0,0,16
1446.2028015030082,4,22.75,1,4,2,6,3,1,16
1447.2165674949647,4,23.25,1,5,2,6,2,1,16
1448.2306900889962,4,51.75,3,5,1,6,1,3,16
1449.2427344949683,4,70.75,4,5,1,4,3,2,15
1450.2548841109965,4,16.5,0,2,5,7,0,0,14
1451.268504631007,4,82.5,0,0,1,12,0,0,13
1452.2793153499952,4,50.5,1,4,0,10,1,1,16
1453.293115576962,4,93.0,2,4,0,7,4,1,16
1454.3066765109543,4,52.5,0,5,3,7,0,0,15
1455.3177549089887,4,23.0,1,2,4,10,0,0,16
1456.3313433129806,4,31.5,1,1,2,11,1,1,16
1457.341296303959,4,93.5,2,1,2,7,5,1,16
1458.3511033079703,4,93.0,3,1,2,4,8,1,16
1459.363503312983,4,56.0,0,4,2,4,0,1,11
1460.3772975259926,4,31.5,0,2,0,5,0,0,7
1461.3888746229932,4,15.25,0,0,2,4,1,0,7
1462.4047966880025,4,46.5,0,0,2,3,0,2,7
1463.4181384179974,4,46.0,0,0,0,4,0,1,5
1464.4326535830041,4,10.5,0,5,0,3,0,0,8
1465.4469651450054,4,23.25,0,4,2,6,0,0,12
1466.4593923589564,4,48.25,0,4,1,3,1,1,10
1467.47347962996,4,23.25,1,4,1,4,0,0,9
1468.4865183819784,4,47.5,2,4,1,3,1,0,9
1469.5004911489668,4,23.75,0,3,4,4,0,0,11
1470.5134169179946,4,47.0,0,1,4,6,0,0,11
1471.5271864929819,4,17.75,0,0,2,8,1,0,11
1472.5410247329855,4,64.5,0,0,2,5,0,2,9
1473.5523433209746,4,47.25,2,0,2,5,0,0,7
1474.5752009459538,4,27.25,0,5,4,5,0,0,14
1475.5873645909596,4,10.5,0,3,5,8,0,0,16
1476.6007480549742,4,36.75,0,2,4,10,0,0,16
1477.6147516009514,4,31.25,2,1,1,11,1,2,16
1478.6266712739598,4,36.25,0,3,0,13,0,0,16
1479.639033066982,4,47.5,3,1,2,11,1,1,16
1480.6523379139835,4,93.75,4,1,2,5,7,1,16
1481.6655716449604,4,46.75,4,1,2,5,7,1,16
1482.679015472997,4,49.0,0,6,1,5,1,2,15
1483.6931769030052,4,48.25,0,1,5,5,0,0,11
1484.7068483170005,4,79.5,1,0,2,9,0,0,11
1485.7188783129677,4,76.5,0,0,4,8,0,0,12
1486.732617187954,4,50.75,0,2,3,7,1,0,13
1487.7434292029939,4,93.75,1,2,3,5,2,1,13
1488.7575340279727,4,65.0,0,3,2,5,0,4,14
1489.771214930981,4,24.0,0,1,3,7,1,0,12
1490.7855954489787,4,13.5,0,0,2,9,0,0,11
1491.7972068809904,4,16.25,0,0,1,10,0,0,11
1492.835124694975,4,71.5,0,0,1,10,0,0,11
1493.8828929360025,4,58.25,3,0,1,9,1,0,11
1494.8954634709517,4,48.75,0,3,1,9,0,0,13
1495.908736237965,4,51.5,0,0,0,11,1,1,13
1496.9206729599973,4,87.25,1,0,0,9,0,1,10
1497.9325152279926,4,93.5,1,0,0,9,0,0,9
1498.944240738987,4,94.0,0,1,0,9,0,0,10
1499.9569026959944,4,48.0,0,1,2,6,0,0,9
1500.9660296780057,4,58.0,0,1,1,4,1,0,7
1501.9791808449663,4,55.25,2,1,1,3,2,0,7
1502.9927124929964,4,36.25,0,3,1,1,0,2,7
1504.0043902180041,4,14.75,0,1,1,3,0,0,5
1505.0182139519602,4,0.0,0,0,1,4,0,0,5
1506.031803246995,4,70.5,0,0,1,3,1,0,5
1507.046178722987,4,70.75,3,0,1,3,1,0,5
1508.0595973139862,4,23.0,0,4,0,4,0,0,8
1509.0692034359672,4,27.5,0,2,2,4,1,0,9
1510.0829297410091,4,70.5,0,1,1,6,1,0,9
1511.0966386279906,4,47.75,0,0,1,8,0,0,9
1512.1104101669625,4,95.25,0,0,0,8,0,0,8
1513.124469004979,4,95.5,0,0,0,6,0,0,6
1514.1381521619624,4,43.75,0,0,0,5,0,0,5
1515.1491516919923,4,47.25,0,0,0,5,0,0,5
1516.1626855689683,4,23.25,0,0,0,2,0,2,4
1517.1749906360055,4,17.75,0,1,1,2,0,0,4
1518.1880200709566,4,48.5,0,2,0,4,0,0,6
1519.202223420958,4,39.75,0,1,1,5,0,0,7
1520.2156951229554,4,69.75,0,2,1,6,0,0,9
1521.229567096976,4,24.0,0,2,2,5,0,0,9
1522.2455473899608,4,71.0,0,0,3,5,1,0,9
1523.2588708169642,4,71.0,0,0,3,3,3,0,9
1524.273251107952,4,44.5,0,1,1,3,0,1,6
1525.2867866290035,4,44.5,0,1,0,5,0,0,6
1526.3015580689535,4,0.0,0,1,1,5,0,0,7
1527.3164204079658,4,47.75,0,1,0,5,0,1,7
1528.3297836479614,4,46.5,0,0,0,5,0,0,5
1529.3425247339765,4,56.5,0,1,0,5,0,0,6
1530.3536302690045,4,31.75,0,0,3,4,0,0,7
1531.3651754059829,4,29.75,2,0,3,4,0,0,7
1532.3790689059533,4,47.75,0,0,1,7,0,0,8
1533.3926432859735,4,43.25,0,0,1,8,0,0,9
1534.406463013962,4,48.0,0,1,0,9,0,0,10
1535.4180319180014,4,71.25,1,0,1,8,1,0,10
1536.431561222009,4,46.25,1,0,1,4,5,0,10
1537.4458857129794,4,14.5,0,2,1,4,0,0,7
1538.458386052982,4,0.75,0,1,2,5,0,0,8
1539.4710443649674,4,4.5,0,1,1,5,1,0,8
1540.4828570719692,4,70.5,0,3,1,4,0,1,9
1541.4967042419594,4,48.25,0,2,2,5,0,0,9
1542.5104972510017,4,72.5,0,0,2,5,0,1,8
1543.5240792819532,4,29.0,2,0,0,6,0,0,6
1544.5368884640047,4,71.25,0,3,0,4,0,1,8
1545.550706392969,4,46.75,0,1,1,4,0,1,7
1546.5628848249908,4,56.0,0,2,1,5,0,0,8
1547.574726619001,4,37.75,0,1,0,6,0,0,7
1548.5862747589708,4,71.25,0,1,0,6,0,0,7
1549.6001612649998,4,70.75,0,1,0,7,0,0,8
1550.6164844769519,4,33.0,0,1,1,6,0,0,8
1551.6300112580066,4,42.75,0,5,0,5,0,0,10
1552.6440481779864,4,3.75,1,4,1,3,2,0,10
1553.6572796289693,4,20.0,0,2,2,6,0,0,10
1554.671181651007,4,35.5,0,2,1,7,0,0,10
1555.6859281269717,4,71.0,0,3,1,8,0,0,12
1556.6994298739592,4,51.5,0,4,1,7,2,0,14
1557.7118878339534,4,46.25,0,4,0,7,0,2,13
1558.725429204991,4,47.0,1,5,0,6,0,1,12
1559.7377649080008,4,71.0,4,5,0,4,2,1,12
1560.7498158569797,4,70.5,0,5,5,2,0,3,15
1561.7617396599962,4,0.0,0,0,3,9,0,0,12
1562.772297685966,4,51.25,0,2,0,11,1,0,14
1563.785965315008,4,95.5,0,0,1,9,1,0,11
1564.7995024920092,4,70.75,0,1,0,8,0,0,9
1565.8131928509683,4,71.0,0,0,1,6,0,0,7
1566.824419430981,4,28.75,0,2,0,6,0,0,8
1567.8379698809586,4,48.25,0,1,2,2,0,0,5
1568.8515618699603,4,26.75,0,2,1,4,0,0,7
1569.8654848559527,4,70.25,1,2,1,4,0,0,7
1570.8792363539687,4,71.0,2,2,1,4,0,0,7
1571.8933902090066,4,28.75,0,2,3,5,0,0,10
1572.9045616629883,4,22.5,0,0,1,6,0,0,7
1573.9169183810009,4,71.25,0,0,1,5,0,1,7
1574.9309128389577,4,60.0,0,2,1,5,0,0,8
1575.9432599639986,4,26.0,0,2,1,5,0,0,8
1576.957619872992,4,23.25,0,1,3,3,0,0,7
1577.9691921569756,4,48.5,0,1,4,4,0,0,9
1578.9806601799792,4,70.5,1,1,4,3,1,0,9
1579.9914097439614,4,50.75,0,3,2,5,0,0,10
1581.0049245730042,4,48.0,0,1,2,7,0,0,10
1582.0160160019877,4,70.5,0,1,2,5,1,1,10
1583.029713906988,4,64.25,0,0,3,4,1,0,8
1584.0442327059573,4,22.75,1,0,3,1,2,0,6
1585.0576039819862,4,24.0,2,0,2,2,2,0,6
1586.0710911949864,4,0.0,0,0,3,2,0,1,6
1587.0837428839877,4,23.5,0,1,1,3,0,1,6
1588.0972992839525,4,33.0,0,1,0,4,0,0,5
1589.108586902963,4,47.75,0,0,0,5,0,0,5
1590.118084797985,4,47.0,0,1,0,4,1,0,6
1591.1316950100008,4,29.25,1,2,1,4,0,0,7
1592.1455796219525,4,40.0,0,0,2,6,0,0,8
1593.1591527150013,4,44.5,0,1,1,5,1,1,9
1594.1730658679735,4,41.5,0,3,0,6,0,0,9
1595.1871405429556,4,0.0,0,2,2,7,0,0,11
1596.1988414250081,4,71.0,0,2,0,9,0,0,11
1597.2088047419675,4,34.75,0,2,1,9,0,0,12
1598.2211516679963,4,13.0,0,1,1,7,0,0,9
1599.2357331920066,4,93.5,0,0,0,8,0,0,8
1600.2476247510058,4,47.5,0,3,0,5,0,0,8
1601.2597767149564,4,70.0,0,1,0,7,0,0,8
1602.2725901039666,4,85.75,0,2,0,6,0,0,8
1603.2864903429872,4,50.0,0,0,0,8,0,0,8
1604.2951513300068,4,39.0,0,1,1,8,0,0,10
1605.3091089159716,4,69.25,0,0,0,7,1,0,8
1606.3193247009767,4,94.5,0,1,0,6,0,0,7
1607.3301370629924,4,81.5,0,2,0,5,0,0,7
1608.3442437769845,4,77.0,0,2,0,2,0,0,4
1609.3568754529697,4,26.0,0,4,1,3,0,0,8
1610.3712364519597,4,8.25,0,1,1,6,0,0,8
1611.3849344019545,4,64.75,0,2,0,7,0,0,9
1612.3966300099855,4,48.0,1,1,1,6,2,0,10
1613.410646584991,4,75.0,0,0,1,5,1,0,7
1614.424712226959,4,23.25,5,0,1,3,1,0,5
1615.450344285986,4,46.0,8,0,1,1,3,0,5
1616.4632030769717,4,22.75,9,0,1,0,4,0,5
1617.4757067249739,4,11.5,0,4,7,1,0,0,12
1618.4895932519576,4,0.0,0,0,5,5,1,1,12
1619.5036270389683,4,70.25,0,0,1,7,0,0,8
1620.5172189199948,4,70.25,0,2,0,6,0,0,8
1621.5301136549679,4,36.75,0,0,1,4,0,1,6
1622.5446999509586,4,45.75,0,2,0,3,0,1,6
1623.5570594949531,4,2.5,0,3,2,3,0,0,8
1624.5713456149679,4,24.0,1,3,2,5,0,0,10
1625.5850604779553,4,44.5,0,2,4,4,0,1,11
1626.5981164589757,4,31.75,0,1,5,8,0,0,14
1627.6102601939929,4,48.5,0,2,2,11,0,0,15
1628.6242014809977,4,49.0,0,0,2,9,0,0,11
1629.6377927369904,4,71.75,0,2,1,9,0,1,13
1630.6517777799745,4,72.25,0,2,2,7,0,0,11
1631.666263310006,4,40.0,0,0,1,8,0,1,10
1632.6778677699622,4,49.0,0,3,1,8,0,1,13
1633.688611483958,4,50.0,0,1,3,9,0,0,13
1634.7015120550059,4,84.25,0,1,2,8,0,0,11
1635.7168439099914,4,51.75,0,1,0,8,1,0,10
1636.73080964596,4,90.75,0,0,1,7,0,0,8
1637.7431110009784,4,88.5,0,0,0,6,1,0,7
1638.7557799859787,4,69.75,0,0,0,6,1,0,7
1639.7696676609921,4,72.0,0,0,0,3,0,0,3
1640.7855989369564,4,46.75,0,1,0,2,0,0,3
1641.7996297879727,4,62.5,0,0,0,3,0,0,3
1642.8139129540068,4,35.25,0,1,0,1,0,0,2
1643.8278526499635,4,13.5,0,0,0,2,0,0,2
1644.841851632984,4,22.0,0,4,0,2,0,0,6
1645.8554272019537,4,24.25,0,3,3,2,0,0,8
1646.86909637996,4,23.5,2,3,2,3,0,0,8
1647.8816642519669,4,48.5,0,2,5,5,0,0,12
1648.895677464956,4,59.0,0,2,2,6,0,1,11
1649.9093096029828,4,47.75,0,0,3,8,0,0,11
1650.923054090992,4,32.75,0,5,1,7,0,0,13
1651.9367638679687,4,73.0,0,0,3,10,0,0,13
1652.9502108999877,4,41.25,0,0,1,8,4,0,13
1653.9611673469772,4,70.75,6,0,1,5,7,0,13
1654.9754581069574,4,64.25,1,7,2,7,0,0,16
1655.9892553389654,4,9.5,0,2,8,6,0,0,16
1657.0025138279889,4,41.25,2,1,6,8,0,1,16
1658.0168924699537,4,48.25,4,2,4,8,0,2,16
1659.0262928819866,4,56.0,2,3,3,10,0,0,16
1660.039838725992,4,73.5,2,0,3,12,0,1,16
1661.0542742589605,4,26.25,1,3,3,10,0,0,16
1662.0682615429978,4,21.0,1,2,3,9,0,2,16
1663.0801858799532,4,67.75,0,6,2,7,0,0,15
1664.089028729999,4,50.75,0,1,4,9,0,0,14
1665.103157066973,4,27.0,2,1,2,7,2,0,12
1666.1163335120073,4,71.5,4,1,1,4,6,0,12
1667.1303548630094,4,23.5,0,5,1,4,0,3,13
1668.1439365809783,4,26.25,0,1,3,7,0,0,11
1669.1582181910053,4,31.5,0,1,1,9,0,0,11
1670.1702382569783,4,93.0,0,0,1,7,0,0,8
1671.184110105969,4,16.5,0,2,0,6,1,0,9
1672.1979119809694,4,70.75,0,2,0,6,0,0,8
1673.211375896004,4,25.25,0,2,0,7,0,1,10
1674.2253708819626,4,96.25,0,1,1,7,0,0,9
1675.2388514739578,4,65.25,0,0,1,9,0,0,10
1676.2500422869925,4,85.25,0,2,1,8,1,0,12
1677.2636217949912,4,51.0,0,1,1,6,0,0,8
1678.2775513649685,4,47.5,1,1,0,7,0,0,8
1679.2947905989713,4,46.5,3,1,0,5,2,0,8
1680.3087152759545,4,23.0,0,3,0,5,0,0,8
1681.322407685977,4,47.0,0,2,1,5,0,0,8
1682.3340754999663,4,25.0,1,1,1,7,0,0,9
1683.3484680179972,4,70.0,0,4,0,8,0,0,12
1684.3619721029536,4,0.0,0,4,2,7,1,0,14
1685.3741671039606,4,70.5,2,4,1,6,2,0,13
1686.3877227989724,4,71.0,2,4,0,4,3,2,13
1687.399517416954,4,2.0,0,6,1,2,0,2,11
1688.4162369639962,4,23.5,0,6,1,3,0,0,10
1689.4296179189696,4,23.5,1,6,0,4,0,0,10
1690.4429688989767,4,70.25,0,4,3,3,1,0,11
1691.456808582996,4,86.25,0,3,2,8,0,0,13
1692.4704555569915,4,48.0,0,2,0,10,1,0,13
1693.484737953986,4,0.0,2,5,0,7,3,0,15
1694.4969186569797,4,95.75,5,6,1,8,0,1,16
1695.5108023239882,4,19.75,8,0,3,12,0,1,16
1696.5242168069817,4,53.5,8,3,1,10,1,1,16
1697.538286127965,4,2.0,12,2,3,9,1,1,16
1698.5515345410095,4,94.25,13,1,4,4,6,1,16
1699.5655428239843,4,70.5,11,3,4,3,0,6,16
1700.579449102981,4,8.75,7,4,6,6,0,0,16
1701.5933913249755,4,28.25,5,2,5,9,0,0,16
1702.602716431953,4,1.0,5,2,5,4,5,0,16
1703.6185866349842,4,94.25,5,2,4,2,8,0,16
1704.631595240964,4,0.0,1,4,7,5,0,0,16
1705.6458528710064,4,7.25,1,2,7,6,1,0,16
1706.6595816839836,4,0.0,3,2,4,7,1,2,16
1707.6697802209528,4,71.0,4,2,3,8,1,2,16
1708.6821228959598,4,73.0,7,4,2,5,0,5,16
1709.6966167109786,4,17.75,4,6,3,7,0,0,16
1710.7099917539745,4,0.0,8,2,6,8,0,0,16
1711.7252011339879,4,50.25,15,2,4,9,1,0,16
1712.739097454003,4,24.0,18,3,3,9,0,1,16
1713.7529602689901,4,40.0,19,2,3,10,1,0,16
1714.766729217954,4,69.75,20,2,3,6,3,2,16
1715.7805212810053,4,67.25,16,1,6,9,0,0,16
1716.793402210984,4,41.0,17,1,2,13,0,0,16
1717.807824759977,4,24.25,18,0,1,10,5,0,16
1718.821386644966,4,89.75,10,8,0,5,0,3,16
1719.8353560779942,4,24.25,11,7,4,5,0,0,16
1720.8455420619575,4,32.75,13,1,6,7,2,0,16
1721.8594503579661,4,70.25,14,2,6,3,0,5,16
1722.8716179119656,4,52.25,10,7,4,2,0,3,16
1723.8858180670068,4,22.75,7,2,8,6,0,0,16
1724.8974411420058,4,48.0,11,2,6,8,0,0,16
1725.9080834469642,4,71.75,11,2,4,9,0,1,16
1726.921828467981,4,27.25,10,1,3,9,3,0,16
1727.9356560269953,4,93.5,10,1,2,8,0,5,16
1728.9483659520047,4,61.25,1,11,1,4,0,0,16
1729.9624233969953,4,20.75,1,0,11,4,1,0,16
1730.9728426639922,4,46.75,3,0,7,7,2,0,16
1731.984469043964,4,51.25,6,0,6,7,0,3,16
1732.9984223179636,4,70.5,8,3,3,10,0,0,16
1734.012725203007,4,46.75,12,4,2,8,1,1,16
1735.0229622719926,4,23.25,15,2,4,10,0,0,16
1736.035320932977,4,70.0,14,2,4,10,0,0,16
1737.09077707096,4,0.0,18,2,2,12,0,0,16
1738.1159583789995,4,58.5,18,2,1,12,1,0,16
1739.129314176971,4,71.75,19,2,1,8,4,1,16
1740.143027692975,4,69.75,21,2,1,6,6,1,16
1741.157163587981,4,30.25,14,7,3,5,0,1,16
1742.1709395289654,4,24.25,13,1,9,6,0,0,16
1743.1836245500017,4,23.0,11,3,7,6,0,0,16
1744.1974008950056,4,61.0,12,3,5,7,0,1,16
1745.2106438119663,4,36.0,12,0,4,10,1,1,16
1746.2220167659689,4,71.75,14,0,4,6,5,0,15
1747.2361973389634,4,23.75,9,6,2,8,0,0,16
1748.249669310986,4,67.75,9,3,6,5,0,2,16
1749.2638046889915,4,22.5,10,3,6,4,1,2,16
1750.27748882398,4,31.5,8,3,6,6,0,1,16
1751.2895852029906,4,88.5,8,3,5,5,2,0,15
1752.3030877009733,4,0.0,7,3,6,7,0,0,16
1753.3161513319938,4,95.5,8,1,7,7,0,1,16
1754.3301499439985,4,25.25,9,1,6,8,1,0,16
1755.3422526610084,4,73.0,8,2,4,5,5,0,16
1756.35636809899,4,31.25,4,4,5,6,1,0,16
1757.371083127975,4,48.0,1,6,4,6,0,0,16
1758.3834674009704,4,58.5,2,6,2,8,0,0,16
1759.3948093689978,4,70.5,2,4,2,8,1,1,16
1760.4067052509636,4,95.25,2,4,2,5,4,1,16
1761.4189673759975,4,24.25,1,1,5,6,0,4,16
1762.4328687159577,4,33.25,0,2,2,9,1,0,14
1763.4455054489663,4,1.25,0,1,2,10,0,0,13
1764.4572252850048,4,94.0,2,1,1,11,0,0,13
1765.4712617339683,4,62.5,0,1,2,11,1,0,15
1766.4849357819767,4,16.75,0,2,0,14,0,0,16
1767.4984140719753,4,42.0,0,0,1,13,2,0,16
1768.5124291699613,4,95.5,0,0,1,10,5,0,16
1769.5259663699544,4,95.25,0,0,1,8,7,0,16
1770.5372525269631,4,94.25,0,0,0,6,0,2,8
1771.5488500589854,4,47.75,0,0,0,5,0,0,5
1772.560091096966,4,0.0,0,2,0,4,1,0,7
1773.5741550659877,4,70.0,3,2,0,2,2,1,7
1774.5877437829622,4,0.0,0,3,1,1,0,0,5
1775.6014413939556,4,38.25,2,3,0,3,0,0,6
1776.6103883609758,4,47.0,1,6,0,2,0,1,9
1777.6243861370021,4,0.0,1,4,3,1,0,1,9
1778.6378153800033,4,19.5,0,6,4,2,0,0,12
1779.6469416989712,4,11.5,2,0,6,5,1,0,12
1780.6589589319774,4,35.75,1,4,5,5,0,2,16
1781.670120166964,4,18.25,0,6,3,5,0,2,16
1782.6840599499992,4,35.25,0,8,2,6,0,0,16
1783.6977442450006,4,0.0,2,3,5,8,0,0,16
1784.7111996099702,4,69.0,5,1,5,7,3,0,16
1785.7248556899722,4,71.25,6,0,5,6,1,4,16
1786.7387279289542,4,1.75,0,5,3,7,1,0,16
1787.7508262259653,4,46.25,0,3,5,6,0,0,14
1788.763863886008,4,0.0,0,2,3,9,0,0,14
1789.7837087339722,4,95.0,0,2,3,7,2,0,14
1790.79724703799,4,92.25,1,2,3,5,4,0,14
1791.8109418549575,4,83.25,0,3,4,6,0,3,16
1792.8214470079984,4,70.0,0,3,2,7,0,1,13
1793.835145616962,4,2.75,0,1,3,9,0,0,13
1794.8491987150046,4,46.0,1,2,1,9,2,0,14
1795.86089322099,4,95.0,4,2,1,6,5,0,14
1796.8732041500043,4,48.75,1,7,0,6,1,1,15
1797.887744246982,4,70.75,0,7,3,2,2,2,16
1798.9017485039658,4,46.75,0,4,2,6,0,0,12
1799.9114644619985,4,43.5,0,0,5,4,1,0,10
1800.925036931003,4,48.0,0,1,5,3,1,1,11
1801.9388427329832,4,46.25,0,2,3,5,0,0,10
1802.952348842984,4,71.75,0,4,3,4,1,0,12
1803.9609605619917,4,47.25,0,3,4,7,0,0,14
1804.9720485800062,4,41.75,0,3,0,10,0,0,13
1805.9833064299892,4,67.75,0,3,0,9,0,0,12
1806.9972642229986,4,25.75,0,1,2,9,0,0,12
1808.0107580439653,4,71.0,0,2,1,8,1,0,12
1809.0228988099843,4,20.5,0,2,3,5,1,1,12
1810.0354207199998,4,47.0,3,2,1,6,1,2,12
1811.0493999239989,4,71.25,3,2,1,5,2,2,12
1812.061156907992,4,71.75,0,6,0,5,1,3,15
1813.074948584952,4,0.0,0,2,5,6,0,0,13
1814.0892312210053,4,40.25,0,0,3,10,0,0,13
1815.103123880981,4,95.75,1,0,2,10,1,0,13
1816.1166065099533,4,69.25,0,2,0,11,0,0,13
1817.130510369956,4,62.0,0,0,1,13,0,0,14
1818.1442191159585,4,67.25,0,0,0,10,1,0,11
1819.1578562500072,4,95.0,1,0,0,8,3,0,11
1820.1720550190075,4,55.25,0,3,0,7,0,0,10
1821.1855381659698,4,95.25,0,3,0,4,3,0,10
1822.1980620129616,4,34.0,0,2,2,5,0,0,9
1823.2115388449747,4,70.0,0,4,2,5,0,0,11
1824.225417419977,4,4.5,0,0,2,7,2,0,11
1825.2391413489822,4,70.25,1,0,2,6,1,2,11
1826.253016275994,4,30.25,0,2,0,8,0,0,10
1827.2665539190057,4,70.0,0,3,1,8,1,0,13
1828.28022417397,4,70.75,0,3,1,6,0,3,13
1829.293781179993,4,70.25,0,3,1,6,0,3,13
1830.3070821419824,4,48.0,1,3,1,3,1,5,13
1831.3213863399578,4,47.75,1,1,2,3,0,0,6
1832.334760965954,4,35.25,0,3,3,3,0,0,9
1833.347127284971,4,46.75,0,0,3,5,0,0,8
1834.3580201519653,4,94.25,0,0,3,5,0,0,8
1835.371823237976,4,58.75,1,1,2,5,1,0,9
1836.3854890119983,4,70.0,0,2,2,4,0,0,8
1837.399406677985,4,5.0,0,1,2,6,0,0,9
1838.4091977979988,4,71.25,1,1,2,6,0,0,9
1839.4233605999616,4,70.75,0,2,1,5,0,1,9
1840.4347420249833,4,93.5,1,2,1,3,2,1,9
1841.4489052469726,4,71.25,3,2,0,3,0,3,8
1842.460540954955,4,22.75,1,5,0,2,1,1,9
1843.4745615900028,4,17.75,0,3,1,4,0,0,8
1844.48582685797,4,25.0,0,2,2,4,1,0,9
1845.4977454440086,4,27.0,0,2,2,4,0,0,8
1846.5103155709803,4,71.25,0,3,0,5,1,0,9
1847.5239446689957,4,47.25,0,1,1,3,0,1,6
1848.539337935974,4,46.25,0,1,1,2,1,0,5
1849.5471756109619,4,47.25,0,1,1,2,1,0,5
1850.561857691966,4,24.25,0,3,2,2,0,0,7
1851.5747168439557,4,23.5,0,4,2,2,0,0,8
1852.5884464869741,4,14.25,0,3,1,4,0,0,8
1853.6025462310063,4,40.75,0,3,1,4,0,0,8
1854.6182826239965,4,28.25,0,1,1,6,0,0,8
1855.632073302986,4,46.5,0,1,1,6,0,0,8
1856.645152246987,4,61.25,0,2,1,5,0,1,9
1857.658325065975,4,23.25,0,3,1,5,0,0,9
1858.7010329790064,4,47.0,0,1,2,5,0,0,8
1859.765958428965,4,13.0,0,1,3,5,0,0,9
1860.7773092520074,4,0.0,0,1,2,4,0,0,7
1861.7908096809988,4,23.0,0,4,3,5,0,0,12
1862.8049680939876,4,67.75,1,4,2,5,1,0,12
1863.8186176510062,4,70.75,0,1,5,6,0,0,12
1864.8324781300034,4,43.5,0,0,0,13,0,0,13
1865.8454861729988,4,50.0,0,0,2,12,1,0,15
1866.859825477004,4,63.75,0,2,1,8,1,2,14
1867.8723253689823,4,70.5,0,0,1,9,0,0,10
1868.885793117981,4,70.0,0,0,0,9,0,0,9
1869.899807253969,4,23.0,0,1,0,6,0,0,7
1870.9136542729684,4,42.0,1,0,1,4,1,0,6
1871.9254110199981,4,0.0,0,0,1,6,0,0,7
1872.936649457959,4,48.0,1,0,0,6,0,1,7
1873.9502052479656,4,73.0,0,0,0,7,0,0,7
1874.9637693859986,4,93.75,0,3,0,3,1,0,7
1875.976421610976,4,1.75,0,2,3,2,0,0,7
1876.9894031069707,4,23.0,1,2,3,0,2,0,7
1878.0032193519874,4,0.0,1,2,3,0,0,2,7
1879.0167904350092,4,23.75,0,3,0,3,0,2,8
1880.0315619339817,4,26.5,0,4,0,3,0,0,7
1881.045383649005,4,23.25,0,3,2,3,0,0,8
1882.0565216699615,4,71.25,0,4,2,3,0,0,9
1883.0674602969666,4,47.0,0,3,3,3,0,0,9
1884.0798928359873,4,40.0,0,1,5,3,0,1,10
1885.0921527739847,4,72.5,0,2,3,5,0,0,10
1886.1038586329669,4,18.5,0,1,5,6,0,0,12
1887.1146969589754,4,86.0,0,0,2,10,0,0,12
1888.1263578499784,4,93.0,2,0,2,8,2,0,12
1889.138669573993,4,70.5,6,0,2,3,7,0,12
1890.1518195729586,4,23.25,0,8,2,1,0,2,13
1891.1653910909663,4,2.5,0,0,11,1,0,0,12
1892.1788735499722,4,0.0,0,2,4,8,0,0,14
1893.192921588954,4,51.25,2,2,4,6,0,2,14
1894.2065639309585,4,71.25,3,2,4,6,0,2,14
1895.2184734809562,4,71.0,0,5,4,4,0,0,13
1896.2293077699724,4,31.75,0,4,1,10,0,0,15
1897.2399255110067,4,46.25,0,3,4,7,0,1,15
1898.2540741709527,4,95.25,0,3,3,9,0,0,15
1899.2670245549525,4,29.5,0,0,2,8,0,3,13
1900.2811400810024,4,94.0,0,0,2,5,3,2,12
1901.292586253956,4,94.75,0,0,0,7,0,0,7
1902.3064474669518,4,51.0,0,4,0,4,1,0,9
1903.3200987569871,4,4.0,0,7,4,1,0,0,12
1904.3338599689887,4,48.0,4,7,2,3,0,0,12
1905.3480654199957,4,59.5,1,7,4,5,0,0,16
1906.3618760139798,4,23.25,4,1,8,7,0,0,16
1907.3742334439885,4,18.75,4,1,5,10,0,0,16
1908.3855245379964,4,33.75,4,1,3,9,2,1,16
1909.3981312990072,4,57.25,2,4,2,9,0,1,16
1910.4099526279606,4,24.25,5,1,5,10,0,0,16
1911.423976822989,4,73.25,5,1,5,8,2,0,16
1912.4394735939568,4,94.75,5,1,5,5,5,0,16
1913.4534499119618,4,48.0,2,4,2,5,2,3,16
1914.4650972699746,4,44.5,0,1,6,6,0,0,13
1915.4787143009598,4,29.25,0,1,5,7,0,0,13
1916.4917624389636,4,58.75,0,2,3,9,0,0,14
1917.5034543189686,4,23.5,0,3,1,10,0,1,15
1918.5170515059726,4,68.0,0,4,2,8,0,0,14
1919.531114908983,4,20.25,0,2,2,11,0,0,15
1920.544565071992,4,60.5,0,1,3,12,0,0,16
1921.5581873589545,4,94.75,0,1,3,9,3,0,16
1922.5715448079864,4,72.25,0,0,2,8,2,2,14
1923.5851633469574,4,93.5,0,0,1,7,0,0,8
1924.6004791189916,4,24.75,0,0,0,7,0,1,8
1925.6142924669548,4,78.5,0,0,0,5,1,0,6
1926.628331152955,4,29.25,0,0,0,4,0,1,5
1927.642002573004,4,70.75,0,1,0,2,0,0,3
1928.6528730469872,4,14.0,0,2,0,2,0,0,4
1929.6599299309892,4,23.25,1,2,0,0,2,0,4
1930.6711422219523,4,0.0,0,5,1,0,0,2,8
1931.6806002449594,4,0.0,2,5,1,0,0,2,8
1932.6943862309563,4,0.0,0,5,4,2,0,0,11
1933.7055344129913,4,24.5,0,5,2,4,0,0,11
1934.7208048320026,4,41.75,0,5,1,6,0,0,12
1935.734192990989,4,46.75,0,4,1,6,1,0,12
1936.7476850689854,4,94.5,0,4,1,3,4,0,12
1937.7596449260018,4,70.0,0,3,1,5,0,4,13
1938.7735697249882,4,71.25,0,3,1,6,0,0,10
1939.7872313099797,4,48.0,0,1,1,8,0,0,10
1940.801382909005,4,73.75,0,2,2,8,0,0,12
1941.8149491319782,4,79.5,1,2,2,7,2,0,13
1942.8289029189618,4,46.75,0,4,4,7,0,0,15
1943.8428774739732,4,21.25,1,4,4,6,0,2,16
1944.8564781299792,4,1.0,0,2,3,10,1,0,16
1945.8705645719892,4,93.25,1,2,1,6,2,5,16
1946.8841762829688,4,95.75,0,1,2,7,0,1,11
1947.8923453720054,4,45.75,0,4,1,5,2,0,12
1948.9062952279928,4,71.5,0,5,2,3,0,4,14
1949.9198735939572,4,0.0,0,6,1,2,0,0,9
1950.933485304995,4,48.25,0,4,2,5,0,0,11
1951.9455899510067,4,40.5,1,4,2,5,0,0,11
1952.959519814991,4,94.25,1,4,2,4,1,0,11
1953.9719507489935,4,59.0,0,4,2,7,0,0,13
1954.9857551479945,4,49.5,0,5,1,7,0,0,13
1955.999419105996,4,47.0,0,2,2,5,2,1,12
1957.0146748529514,4,93.25,0,0,4,4,1,2,11
1958.0279062369955,4,47.0,0,0,3,2,1,0,6
1959.04155721399,4,22.25,0,2,2,2,0,2,8
1960.052785234002,4,6.0,0,4,4,3,0,0,11
1961.0665204559918,4,43.75,0,3,3,4,0,0,10
1962.0801776659791,4,12.0,0,4,2,5,0,0,11
1963.0932053079596,4,73.0,0,0,2,9,0,0,11
1964.105179656006,4,6.5,0,3,1,7,0,0,11
1965.1186130630085,4,70.75,1,3,1,4,3,0,11
1966.1327036200091,4,70.0,1,3,1,4,3,0,11
1967.1469256439595,4,55.75,0,4,1,5,0,3,13
1968.1607463379623,4,45.0,0,1,5,4,0,1,11
1969.1747265459853,4,36.0,0,1,2,7,0,0,10
1970.18841203599,4,46.25,1,1,1,8,0,0,10
1971.2019989119726,4,28.25,0,1,2,7,0,1,11
1972.2158330819802,4,70.25,0,4,2,5,0,3,14
1973.2292100630002,4,63.5,1,4,0,5,1,3,13
1974.243290683953,4,32.75,0,5,1,3,2,0,11
1975.25716598297,4,33.75,0,4,2,4,0,0,10
1976.2710118499817,4,6.5,0,1,1,8,0,0,10
1977.284497339977,4,70.75,0,1,1,6,2,0,10
1978.2980974899838,4,70.75,0,1,1,5,3,0,10
1979.3122531989939,4,47.0,0,0,1,3,1,0,5
1980.3545571519644,4,67.75,0,1,0,3,0,0,4
1981.3842264770065,4,21.0,0,3,0,2,0,1,6
1982.3980876759742,4,6.0,0,3,0,2,0,0,5
1983.4117441339768,4,46.75,1,3,0,1,1,0,5
1984.4267218739842,4,7.5,1,3,1,1,0,0,5
1985.440469278954,4,23.5,3,3,1,1,0,0,5
1986.4543599899625,4,24.0,0,5,2,1,1,0,9
1987.4664324559853,4,24.0,2,5,2,1,0,0,8
1988.4793190810014,4,20.25,0,5,2,3,0,0,10
1989.4930444330093,4,29.25,0,0,3,7,0,0,10
1990.5052756739897,4,46.5,0,0,1,8,0,1,10
1991.5172239609528,4,61.25,0,1,1,6,0,0,8
1992.528658592957,4,25.0,0,2,2,4,0,0,8
1993.5420668209554,4,47.25,0,2,2,2,2,0,8
1994.5554839919787,4,47.0,0,3,2,2,0,1,8
1995.5693197809742,4,20.75,0,2,1,5,0,0,8
1996.5832887190045,4,50.25,0,0,0,8,0,0,8
1997.5973492619814,4,66.25,0,0,0,7,1,0,8
1998.6088401000015,4,46.0,0,0,0,5,0,0,5
1999.6191992939566,4,46.75,0,2,0,2,0,2,6
2000.632897140982,4,24.25,0,2,1,2,0,0,5
2001.64663947199,4,46.5,0,1,1,2,1,1,6
2002.6602805519942,4,22.75,0,3,0,4,0,0,7
2003.6743513669935,4,47.75,0,1,2,4,0,0,7
2004.6846648629871,4,22.5,0,2,0,5,0,0,7
2005.6984912079643,4,67.75,0,2,0,3,2,0,7
2006.7099640999804,4,48.0,0,2,0,3,2,0,7
2007.7233613759745,4,1.75,0,1,0,4,0,0,5
2008.7367929900065,4,47.25,0,3,2,5,0,0,10
2009.7503293529735,4,2.75,2,1,3,6,1,0,11
2010.764113990008,4,70.5,0,3,2,6,0,0,11
2011.7779981629574,4,2.75,0,3,2,6,2,0,13
2012.791618096002,4,27.0,0,3,0,8,0,0,11
2013.8054472059594,4,6.75,3,0,1,9,1,1,12
2014.8192852250068,4,45.75,0,4,3,7,0,0,14
2015.8323481289553,4,23.25,0,4,2,8,0,1,15
2016.845449941,4,72.75,3,7,2,6,0,1,16
2017.8563604819938,4,70.0,4,6,2,3,4,0,15
2018.8699029779527,4,21.75,0,2,6,7,1,0,16
2019.8836835789843,4,50.25,2,4,3,9,0,0,16
2020.8944894669694,4,49.5,3,4,3,8,1,0,16
2021.9067656859988,4,82.5,2,2,5,8,0,1,16
2022.9197059139842,4,31.25,7,1,3,12,0,0,16
2023.9334435309866,4,63.5,7,0,1,11,2,2,16
2024.9469129740028,4,93.0,3,4,1,8,0,2,15
2025.9609465379617,4,74.25,2,3,2,8,1,2,16
2026.9741365019581,4,30.25,0,3,6,5,1,0,15
2027.9883371089818,4,52.0,0,2,4,8,1,0,15
2029.0022189159645,4,70.5,0,2,6,6,0,0,14
2030.0143952249782,4,66.5,1,1,5,10,0,0,16
2031.0263594479766,4,99.25,1,2,2,11,1,0,16
2032.0398303139955,4,71.25,0,1,3,10,1,1,16
2033.0502178929746,4,47.25,1,0,2,11,0,0,13
2034.0639724369976,4,41.75,1,1,2,10,0,0,13
2035.0794507999672,4,63.75,0,1,2,10,0,0,13
2036.0907625589753,4,62.5,0,0,1,11,1,0,13
2037.1030891099945,4,61.75,0,0,0,6,2,1,9
2038.117193618964,4,95.25,0,0,0,4,4,1,9
2039.1305483309552,4,47.5,0,2,0,2,0,6,10
2040.1444294379908,4,23.5,0,0,1,3,0,0,4
2041.1581587879919,4,80.25,0,2,0,4,0,0,6
2042.1724163329927,4,69.5,0,3,0,4,0,0,7
2043.1860293759964,4,36.5,0,2,1,4,0,0,7
2044.1987046399736,4,47.5,0,2,1,5,0,0,8
2045.209593285981,4,47.0,0,1,1,4,0,0,6
2046.2234835309791,4,70.0,0,0,1,5,0,0,6
2047.2369165749988,4,72.0,2,0,1,3,2,0,6
2048.2506051609525,4,3.0,0,4,1,1,1,1,8
2049.263598925958,4,0.0,0,4,3,1,0,0,8
2050.2795720919967,4,14.25,0,3,2,4,0,0,9
2051.293582121958,4,47.5,0,4,1,5,0,1,11
2052.3071204089792,4,4.5,0,1,3,6,0,0,10
2053.317350266967,4,71.25,0,1,1,9,0,0,11
2054.3313012879808,4,46.75,0,1,0,4,3,2,10
2055.3449472229695,4,46.5,0,0,1,4,1,4,10
2056.3552829839755,4,23.0,0,0,0,3,1,1,5
2057.3702704699826,4,35.0,0,3,0,2,0,0,5
2058.381950937968,4,46.25,1,4,1,3,0,0,8
2059.3940188749693,4,94.5,0,6,1,4,0,0,11
2060.410588577972,4,38.0,2,4,4,3,0,1,12
2061.420694800967,4,70.25,2,4,3,2,2,1,12
2062.4344946449855,4,46.5,3,4,2,3,0,2,11
2063.4473018549616,4,43.75,2,7,3,6,0,0,16
2064.460821073968,4,47.0,5,9,0,7,0,0,16
2065.4730552819674,4,24.75,8,1,5,9,1,0,16
2066.4865675219917,4,78.75,6,3,4,7,1,1,16
2067.5006784200086,4,29.25,2,5,3,8,0,0,16
2068.514613305975,4,38.75,2,2,1,12,0,1,16
2069.5282716489746,4,15.0,4,1,1,9,3,1,15
2070.5418883889797,4,69.0,0,4,3,5,0,0,12
2071.556146917981,4,20.5,2,3,4,6,1,0,14
2072.5698915259563,4,95.0,3,3,4,2,5,0,14
2073.5829502139823,4,46.75,3,5,3,2,0,6,16
2074.597030698962,4,7.75,0,7,5,3,0,0,15
2075.610584031965,4,45.25,0,0,9,6,0,0,15
2076.622326612007,4,25.25,1,1,6,8,0,1,16
2077.6363394209766,4,36.25,0,2,2,12,0,0,16
2078.6501116909785,4,89.25,0,2,2,11,0,1,16
2079.663189344981,4,73.0,1,1,1,13,1,0,16
2080.676964368962,4,12.75,2,1,1,7,6,1,16
2081.6906398159917,4,94.75,0,2,0,8,0,0,10
2082.7032312279916,4,7.75,0,4,0,6,4,0,14
2083.715026422986,4,93.5,0,4,0,4,6,0,14
2084.7291711739963,4,94.0,0,2,3,2,0,3,10
2085.74331569497,4,6.0,0,2,3,2,1,0,8
2086.755413723993,4,2.25,0,1,1,6,0,0,8
2087.7665467549814,4,97.0,0,0,0,8,0,0,8
2088.780220008979,4,68.0,0,1,0,8,0,0,9
2089.793067477003,4,69.0,2,2,0,7,1,0,10
2090.8073422269663,4,70.5,0,6,0,5,0,0,11
2091.8210174230044,4,29.25,0,0,2,6,0,0,8
2092.835523427988,4,23.25,0,0,1,5,1,0,7
2093.8495439359685,4,23.25,0,1,1,3,0,2,7
2094.8611348639824,4,6.0,1,1,1,2,1,0,5
2095.8747242529644,4,23.5,2,1,1,2,1,0,5
2096.888279781968,4,45.0,0,1,3,2,0,0,6
2097.9004270539735,4,23.5,0,4,1,5,0,0,10
2098.9138189879595,4,47.25,1,1,3,6,0,0,10
2099.9255025399616,4,71.75,0,2,2,8,1,0,13
2100.9391993869795,4,58.5,0,4,3,7,0,1,15
2101.9533067179727,4,59.5,2,7,1,8,0,0,16
2102.9753301159944,4,50.0,1,3,6,6,0,1,16
2104.0132177099586,4,14.75,2,3,6,6,0,1,16
2105.0272845689906,4,48.5,1,5,4,5,1,1,16
2106.0408904349897,4,47.0,0,5,4,6,0,1,16
2107.0548193199793,4,54.0,0,1,7,6,0,0,14
2108.0685446040006,4,48.5,1,3,4,9,0,0,16
2109.080048548989,4,1.75,2,1,3,12,0,0,16
2110.0923389919917,4,70.25,3,3,2,11,0,0,16
2111.1074925449793,4,93.0,5,3,2,10,1,0,16
2112.1194545179605,4,70.0,5,1,3,12,0,0,16
2113.1325681440067,4,70.5,5,3,2,11,0,0,16
2114.1457918459782,4,69.0,3,7,1,8,0,0,16
2115.1588576299837,4,43.25,4,1,3,11,0,1,16
2116.1729130329913,4,23.25,1,2,4,9,1,0,16
2117.187415272987,4,27.0,0,1,3,11,0,0,15
2118.199547333992,4,70.25,0,0,2,11,1,0,14
2119.213427352952,4,93.5,0,1,0,12,1,0,14
2120.227222098969,4,92.0,1,1,0,7,5,0,13
2121.2405740009854,4,40.75,0,4,0,5,0,1,10
2122.252955278964,4,23.75,0,7,0,3,0,0,10
2123.268743356981,4,25.25,0,0,4,4,0,0,8
2124.2821263629594,4,34.25,1,1,1,7,0,0,9
2125.2965177409933,4,71.5,0,2,2,8,0,0,12
2126.309879139997,4,63.75,0,2,1,7,0,1,11
2127.3236796529964,4,49.0,0,0,1,10,0,0,11
2128.335711569991,4,96.25,0,0,0,11,0,0,11
2129.3474832729553,4,70.5,0,0,0,7,0,0,7
2130.359924157965,4,71.25,0,0,0,6,0,0,6
2131.3733185519814,4,48.0,0,0,0,5,0,0,5
2132.386879099009,4,23.5,0,1,0,4,0,0,5
2133.400513681001,4,47.0,0,4,0,2,0,0,6
2134.414214525954,4,52.25,0,2,3,4,0,0,9
2135.4282141209696,4,63.5,0,2,0,7,0,0,9
2136.441993482993,4,46.75,0,0,3,7,0,0,10
2137.4541646349826,4,73.5,1,1,1,9,0,0,11
2138.469440358982,4,46.75,0,1,1,9,0,1,12
2139.4833958119852,4,47.75,0,1,1,9,0,0,11
2140.4945366350003,4,88.5,0,0,0,8,0,0,8
2141.5066193449893,4,69.25,0,0,0,7,0,0,7
2142.5218831499806,4,23.5,1,3,0,4,1,2,10
2143.53551286296,4,46.75,2,3,0,3,2,2,10
2144.548555773974,4,45.75,0,5,1,3,0,1,10
2145.5626231929637,4,25.5,0,0,3,5,0,0,8
2146.5755607009633,4,70.0,0,2,2,5,0,0,9
2147.5836240630015,4,93.5,4,2,2,4,1,0,9
2148.5973758589826,4,49.5,1,6,2,1,3,1,13
2149.6097116519813,4,23.0,0,8,3,2,0,1,14
2150.6210593789583,4,25.5,2,5,5,5,0,1,16
2151.6325533019844,4,54.5,1,2,5,9,0,0,16
2152.6467713209568,4,38.25,0,2,5,8,0,1,16
2153.6597435779986,4,46.75,1,2,3,10,0,0,15
2154.6737928679795,4,49.25,0,2,3,9,1,1,16
2155.687679631985,4,74.0,0,4,1,8,2,1,16
2156.7013013259857,4,79.75,0,1,3,7,1,0,12
2157.715430643002,4,48.75,0,1,2,9,0,0,12
2158.724081311957,4,75.25,2,2,2,6,0,0,10
2159.7376782429637,4,94.75,3,2,2,5,1,0,10
2160.7513523339876,4,92.75,0,3,5,3,1,0,12
2161.7604509689845,4,23.25,0,1,4,6,0,0,11
2162.774701558985,4,68.0,0,3,4,8,0,0,15
2163.78758404596,4,43.5,0,2,0,11,0,2,15
2164.797434103966,4,68.0,0,1,1,12,0,0,14
2165.810832194984,4,72.75,0,1,1,7,5,0,14
2166.824703296006,4,70.5,1,1,1,4,8,0,14
2167.834835932008,4,70.0,0,4,0,5,0,0,9
2168.848579071986,4,49.0,0,1,2,5,0,2,10
2169.8624396270025,4,10.75,0,1,2,5,0,0,8
2170.875843330985,4,66.75,0,1,2,4,0,2,9
2171.8894745139987,4,29.25,1,1,2,3,1,2,9
2172.9030107989674,4,47.75,0,0,1,4,1,0,6
2173.916690969956,4,70.25,0,1,0,5,0,0,6
2174.9300344199874,4,70.75,0,0,1,4,0,0,5
2175.943639201985,4,47.25,2,0,1,3,1,0,5
2176.957434200973,4,23.5,0,3,0,4,0,0,7
2177.971638700983,4,31.0,1,0,2,6,0,0,8
2178.9858158609713,4,48.5,0,1,1,5,1,0,8
2179.998350228998,4,19.75,1,1,0,5,2,0,8
2181.012264789955,4,70.0,2,1,0,3,4,0,8
2182.0258968760027,4,25.75,0,3,0,2,0,2,7
2183.039773316006,4,24.25,0,1,2,3,0,0,6
2184.053190417995,4,17.5,0,0,0,6,0,0,6
2185.066811128985,4,46.25,0,0,0,6,0,0,6
2186.077951519983,4,36.5,0,1,0,5,0,0,6
2187.091808277997,4,24.0,1,1,0,3,1,1,6
2188.1053929369664,4,23.25,4,1,0,3,1,1,6
2189.1197595119593,4,6.25,0,6,0,3,0,0,9
2190.133275894972,4,0.0,0,6,0,0,0,0,6
2191.1467069429928,4,0.25,0,2,2,2,0,0,6
2192.1589419759694,4,23.5,0,1,2,3,0,1,7
2193.1727322809747,4,13.75,0,1,2,4,0,0,7
2194.1861708519864,4,47.75,0,0,2,5,0,0,7
2195.200139966968,4,46.0,1,0,1,5,0,0,6
2196.213497338991,4,24.5,2,0,1,2,3,0,6
2197.2272236589924,4,19.25,0,4,2,2,0,0,8
2198.239533090964,4,25.0,0,0,3,5,0,0,8
2199.2523158669937,4,62.0,0,0,0,8,0,0,8
2200.2637433959753,4,94.75,0,1,0,7,0,1,9
2201.2774495619815,4,46.25,0,0,1,7,0,0,8
2202.2916210889816,4,45.5,0,2,1,5,1,0,9
2203.303263900976,4,47.5,0,2,1,4,1,0,8
2204.317164460954,4,48.25,0,2,1,4,1,0,8
2205.3306734740036,4,24.25,0,0,1,5,0,0,6
2206.345028277952,4,29.75,0,0,2,6,0,0,8
2207.356924682972,4,42.5,0,1,2,5,1,0,9
2208.3710495919804,4,53.5,0,3,1,6,0,0,10
2209.3872020439594,4,33.25,0,2,1,6,0,0,9
2210.399719913956,4,48.25,0,2,2,6,0,0,10
2211.413220863964,4,35.25,1,1,1,7,0,0,9
2212.4267137969728,4,28.5,0,3,2,5,1,1,12
2213.4409028459922,4,56.5,0,1,2,7,0,0,10
2214.4552399920067,4,90.5,0,1,2,7,0,0,10
2215.4692766509834,4,24.25,0,0,1,8,0,0,9
2216.483481089992,4,66.0,0,0,1,7,0,0,8
2217.4973981649964,4,23.25,0,1,0,5,1,0,7
2218.5117710210034,4,46.5,0,1,1,4,0,1,7
2219.5252927659894,4,46.5,5,1,1,4,0,1,7
2220.5389088119846,4,23.5,0,7,1,0,0,3,11
2221.550560971955,4,0.0,0,10,0,2,0,0,12
2222.5642411849694,4,23.5,0,6,5,3,0,0,14
2223.575941732968,4,34.75,0,2,5,6,0,2,15
2224.618440411985,4,24.0,0,1,6,8,0,1,16
2225.6708556669764,4,0.0,1,1,6,8,0,1,16
2226.6845341559965,4,16.25,2,1,6,6,2,1,16
2227.6983421969926,4,93.5,3,1,5,7,0,3,16
2228.7121566609712,4,95.75,0,4,5,5,0,1,15
2229.726025504002,4,46.25,3,4,5,4,1,1,15
2230.737871046993,4,15.5,0,6,5,5,0,0,16
2231.7503405179596,4,12.0,0,2,6,6,0,0,14
2232.7624010649743,4,23.25,0,1,6,7,0,0,14
2233.7742010119837,4,23.75,1,1,6,6,1,0,14
2234.7900316430023,4,71.75,0,2,3,6,1,2,14
2235.8008191539557,4,19.25,0,2,3,5,1,2,13
2236.813124776003,4,46.75,0,4,3,2,0,5,14
2237.826684699976,4,35.5,0,4,2,3,0,0,9
2238.8388513659593,4,41.5,0,3,5,4,0,0,12
2239.8523534399574,4,0.5,2,2,6,3,1,0,12
2240.8635618349654,4,69.25,4,2,6,3,1,0,12
2241.8732428349904,4,58.75,0,7,1,8,0,0,16
2242.8871968199965,4,59.25,1,4,3,9,0,0,16
2243.9009238759754,4,46.25,4,4,1,9,2,0,16
2244.9120972649544,4,65.25,4,4,1,7,4,0,16
2245.9255341739627,4,69.25,5,4,1,3,8,0,16
2246.9376259849523,4,23.5,0,7,3,4,0,1,15
2247.9510585259995,4,43.75,1,7,3,5,0,1,16
2248.9650804330013,4,14.0,1,1,6,8,1,0,16
2249.979172048974,4,47.75,1,1,5,4,3,3,16
2250.9931624750025,4,46.5,0,2,2,7,0,0,11
2252.0070075389813,4,34.25,0,1,3,6,0,0,10
2253.0203854049905,4,24.75,0,2,0,10,0,0,12
2254.0344496759935,4,72.25,1,2,0,8,2,0,12
2255.045686555968,4,70.75,5,2,0,5,5,0,12
2256.059585114999,4,23.75,0,7,1,4,0,4,16
2257.073173765966,4,38.75,0,8,1,4,0,0,13
2258.08533300797,4,8.5,0,5,2,5,0,1,13
2259.0972469289554,4,60.25,0,3,4,6,0,0,13
2260.1108772369917,4,52.25,0,2,3,9,0,0,14
2261.1219410939957,4,28.5,0,2,4,8,1,0,15
2262.1352900170023,4,33.5,0,1,1,10,0,1,13
2263.148845824995,4,23.5,0,1,1,10,0,0,12
2264.1634083249955,4,64.0,0,0,0,11,0,0,11
2265.1766228939523,4,95.0,0,0,0,9,1,0,10
2266.1903355889954,4,47.75,0,0,0,4,6,0,10
2267.2017780449823,4,47.5,0,3,0,2,0,2,7
2268.2118034279556,4,15.5,0,0,2,5,0,0,7
2269.222092836979,4,69.5,0,0,0,7,0,0,7
2270.2357272210065,4,94.25,0,0,0,6,1,0,7
2271.251857491967,4,56.25,0,1,0,5,0,0,6
2272.265274239995,4,16.5,0,1,0,6,0,0,7
2273.2792921449873,4,28.25,0,1,2,4,1,0,8
2274.2934951849747,4,71.25,0,3,0,4,0,0,7
2275.304357060988,4,70.25,0,1,2,5,0,0,8
2276.3182687920053,4,49.0,0,1,1,7,0,0,9
2277.3312023039907,4,81.5,0,1,1,5,1,1,9
2278.345635494974,4,70.0,0,1,2,3,1,2,9
2279.358461860975,4,1.0,0,1,2,3,0,0,6
2280.3697905559675,4,26.25,0,3,2,4,0,0,9
2281.381595719955,4,37.0,1,0,2,7,0,0,9
2282.3908067599987,4,66.25,0,0,0,8,0,0,8
2283.4027162349666,4,94.0,0,0,0,7,0,0,7
2284.414550079964,4,23.25,0,1,0,6,0,0,7
2285.4281851049745,4,23.0,0,0,1,6,0,0,7
2286.4421001509763,4,47.25,1,0,1,5,1,0,7
2287.453401628998,4,45.75,0,2,2,1,0,0,5
2288.4674640789744,4,46.5,0,1,2,2,0,0,5
2289.4811422469793,4,70.75,0,0,1,4,0,0,5
2290.4957017829875,4,54.5,0,0,0,4,0,0,4
2291.5076241269708,4,33.25,0,0,0,4,0,0,4
2292.5201178179705,4,29.0,0,0,1,2,0,0,3
2293.5336602680036,4,12.0,0,4,0,3,0,0,7
2294.5464827619726,4,38.0,0,3,1,3,0,0,7
2295.5604811859666,4,41.25,0,0,0,6,0,0,6
2296.5739382389584,4,72.0,0,0,0,6,0,0,6
2297.5875494820066,4,70.75,0,0,0,6,0,0,6
2298.599033056991,4,69.75,2,0,0,4,2,0,6
2299.6125231389888,4,45.0,0,1,1,5,0,0,7
2300.6255161750014,4,22.0,0,0,1,6,0,0,7
2301.6388121979544,4,33.75,0,1,1,7,0,0,9
2302.6523696379736,4,32.5,0,1,1,7,0,0,9
2303.6616776330047,4,45.75,0,1,1,5,2,0,9
2304.670500791981,4,47.0,0,0,2,4,0,0,6
2305.6842950370046,4,37.75,0,1,1,5,0,0,7
2306.696353763982,4,24.25,0,2,1,3,2,0,8
2307.709077378968,4,49.25,3,2,0,2,4,0,8
2308.7207867609686,4,23.25,3,2,0,2,4,0,8
2309.734648787009,4,23.5,6,2,0,1,5,0,8
2310.746748427977,4,8.25,0,2,7,0,0,1,10
2311.76090422197,4,0.0,0,3,7,1,0,0,11
2312.774928639992,4,0.0,1,5,5,3,0,0,13
2313.7886068109656,4,69.75,1,5,5,1,2,0,13
2314.800792944967,4,23.25,1,6,5,1,0,2,14
2315.815020602953,4,0.0,0,1,7,6,0,0,14
2316.8287183019565,4,14.25,0,2,4,10,0,0,16
2317.842423433962,4,45.0,0,1,1,10,3,1,16
2318.857174376957,4,90.0,0,3,1,11,0,0,15
2319.8712398249772,4,69.5,0,3,1,8,2,1,15
2320.8852395809954,4,82.75,0,5,1,5,0,0,11
2321.8964836309897,4,0.0,0,2,4,3,0,0,9
2322.9102807709714,4,49.0,0,2,1,8,0,0,11
2323.9211319219903,4,96.0,0,0,3,7,0,0,10
2324.9355405629613,4,65.75,0,0,0,10,0,0,10
2325.950263628969,4,87.0,0,0,0,7,2,1,10
2326.962607306952,4,71.25,1,0,0,7,2,1,10
2327.975996678986,4,71.0,0,2,0,4,0,1,7
2328.9871168749523,4,47.0,0,0,1,4,0,0,5
2329.998219780973,4,26.25,0,0,1,4,0,0,5
2331.0114582710085,4,47.25,0,0,1,4,0,0,5
2332.0251570569817,4,47.75,0,0,1,4,0,0,5
2333.038766329002,4,23.25,0,0,0,2,0,0,2
2334.0527979359613,4,22.25,0,0,0,2,0,0,2
2335.0673383609974,4,0.0,0,5,0,2,0,0,7
2336.080701808969,4,0.0,2,5,0,0,2,0,7
2337.093563462957,4,0.0,5,5,0,0,2,0,7
2338.106881137006,4,0.0,8,5,0,0,2,0,7
2339.121264313988,4,23.25,0,10,1,4,0,0,15
2340.135036505002,4,25.5,0,4,5,7,0,0,16
2341.1486770839547,4,71.5,4,4,4,5,3,0,16
2342.1598756489693,4,46.75,0,5,4,6,0,0,15
2343.1733765740064,4,17.0,0,2,5,8,0,0,15
2344.18721529498,4,70.0,0,1,6,4,4,0,15
2345.200807546964,4,46.75,3,1,6,3,5,0,15
2346.215838084987,4,31.25,0,5,4,5,0,1,15
2347.272449509008,4,0.0,2,7,4,5,0,0,16
2348.2861528889625,4,0.0,7,4,7,5,0,0,16
2349.3005083259777,4,97.0,10,4,4,6,0,2,16
2350.3142369299894,4,40.25,7,8,2,6,0,0,16
2351.3266746299923,4,47.0,9,4,3,8,0,1,16
2352.3401929760003,4,48.5,10,2,5,8,0,1,16
2353.352619551006,4,95.5,12,2,4,9,0,1,16
2354.3662192499614,4,21.25,10,2,5,8,1,0,16
2355.379906666989,4,49.0,12,2,2,8,4,0,16
2356.3923979189713,4,69.0,16,2,2,4,8,0,16
2357.4050709889852,4,69.75,18,2,2,3,9,0,16
2358.4171203809674,4,34.25,11,11,1,2,0,2,16
2359.4301041910076,4,0.0,9,6,4,6,0,0,16
2360.444201490958,4,14.0,11,2,6,7,1,0,16
2361.458298359008,4,93.75,11,2,5,4,3,2,16
2362.472129409958,4,38.0,6,5,3,8,0,0,16
2363.4818054689677,4,94.25,7,5,3,5,3,0,16
2364.4954697559588,4,69.25,8,5,3,3,0,5,16
2365.5063640520093,4,23.25,4,9,3,3,0,1,16
2366.5197777959984,4,27.0,3,10,3,3,0,0,16
2367.5334620449576,4,70.75,3,10,3,3,0,0,16
2368.5471213769633,4,5.0,4,3,6,7,0,0,16
2369.5670567549532,4,51.5,6,1,7,6,2,0,16
2370.578840632981,4,40.0,5,2,6,4,3,1,16
2371.592581506993,4,93.25,3,4,5,5,0,2,16
2372.6020330559695,4,45.5,1,5,3,7,1,0,16
2373.617432420957,4,94.0,1,5,3,4,4,0,16
2374.6308013990056,4,70.25,1,5,3,2,6,0,16
2375.641762009007,4,22.0,0,3,6,2,0,2,13
2376.655494193954,4,49.25,0,4,1,6,1,0,12
2377.6689645079896,4,47.75,0,3,2,9,0,0,14
2378.6838158029714,4,96.5,0,3,1,10,0,0,14
2379.6961205109837,4,94.0,0,3,1,8,0,2,14
2380.7099283220014,4,61.75,0,2,2,9,0,0,13
2381.722928822972,4,82.5,0,2,0,9,0,3,14
2382.748752128973,4,22.75,0,0,0,10,0,0,10
2383.7622770529706,4,68.75,0,1,1,9,0,0,11
2384.7755386649515,4,0.0,2,3,0,8,2,0,13
2385.7879533679807,4,69.0,0,9,0,7,0,0,16
2386.799320115999,4,15.5,2,0,5,10,0,1,16
2387.8129637849634,4,69.75,0,1,4,11,0,0,16
2388.825102303992,4,32.75,1,1,3,11,0,0,15
2389.8356839049957,4,94.5,6,1,3,9,2,0,15
2390.8486468649935,4,71.75,6,4,3,7,0,2,16
2391.8611146789626,4,46.5,8,5,2,7,0,2,16
2392.8751326960046,4,29.25,7,8,0,8,0,0,16
2393.888726309,4,52.25,7,9,0,5,1,1,16
2394.9031243759673,4,47.0,5,6,6,3,0,1,16
2395.9151270010043,4,23.75,5,3,7,5,1,0,16
2396.9295482519665,4,57.5,4,2,4,10,0,0,16
2397.94027911796,4,48.25,3,3,2,8,3,0,16
2398.9522166109527,4,93.25,3,3,2,5,6,0,16
2399.9642000399763,4,69.75,3,3,2,5,6,0,16
2400.9798654549522,4,53.75,0,3,3,6,0,2,14
2401.993283887976,4,80.75,0,0,3,7,0,1,11
2403.002047027985,4,81.0,0,2,2,5,3,0,12
2404.014000710973,4,70.5,1,2,2,2,6,0,12
2405.025502561999,4,47.0,4,2,2,1,7,0,12
2406.0432020159787,4,2.25,0,5,4,1,0,2,12
2407.0570648919675,4,11.0,0,9,2,3,0,0,14
2408.0687225550064,4,23.5,0,2,7,4,0,1,14
2409.082688241964,4,63.75,0,0,7,4,1,1,13
2410.0962120729964,4,46.75,1,0,7,3,2,1,13
2411.108549509954,4,28.25,0,1,6,4,0,1,12
2412.122189057991,4,71.75,0,0,2,9,0,0,11
2413.1362442899845,4,22.25,0,1,1,6,2,0,10
2414.149703276984,4,70.0,3,1,1,5,3,0,10
2415.1636192919686,4,70.0,0,5,1,5,0,3,14
2416.1777927629882,4,71.0,0,0,2,8,0,0,10
2417.191446282959,4,70.0,1,2,1,6,3,0,12
2418.205361625005,4,0.0,0,3,0,6,0,1,10
2419.2187577000004,4,71.0,0,3,0,6,0,1,10
2420.232332676009,4,30.0,1,2,1,5,0,1,9
2421.246150939958,4,23.5,0,1,3,3,0,0,7
2422.2599656359525,4,0.0,0,3,2,3,0,0,8
2423.274053226982,4,23.25,4,3,2,2,1,0,8
2424.2858819969697,4,23.25,0,6,3,2,0,0,11
2425.299265405978,4,35.5,0,1,4,6,0,0,11
2426.3126208899776,4,70.25,0,1,4,5,1,0,11
2427.3263357149553,4,9.25,1,2,3,6,0,1,12
2428.340258445998,4,46.75,4,1,4,5,1,1,12
2429.3540902700042,4,47.75,0,6,4,4,1,0,15
2430.3685542760068,4,29.25,0,8,2,4,0,0,14
2431.381871756981,4,6.75,1,1,6,7,0,0,14
2432.3916495220037,4,72.75,5,1,4,7,2,0,14
2433.4051450819825,4,70.5,5,0,5,6,2,1,14
2434.4190027419827,4,12.75,1,5,4,6,0,1,16
2435.4334234279813,4,0.0,0,6,0,8,0,0,14
2436.4467902049655,4,0.0,0,4,5,7,0,0,16
2437.4566798720043,4,71.75,0,4,2,7,3,0,16
2438.47029411298,4,94.25,2,4,2,6,3,1,16
2439.482079296955,4,94.5,2,4,2,4,5,1,16
2440.4942163549713,4,93.5,0,4,4,4,0,2,14
2441.507642181008,4,35.5,0,6,0,7,0,0,13
2442.5214613349526,4,65.75,0,2,3,9,0,1,15
2443.535419076972,4,73.25,1,3,2,10,0,0,15
2444.5496858799597,4,93.25,1,2,2,10,0,2,16
2445.563662275963,4,7.25,0,3,1,12,0,0,16
2446.5775985799846,4,43.0,0,1,2,13,0,0,16
2447.5912922149873,4,67.75,2,1,2,11,2,0,16
2448.6024659179966,4,94.5,7,1,2,5,8,0,16
2449.6186300260015,4,69.5,8,1,1,5,9,0,16
2450.630793583987,4,93.0,1,9,1,3,0,3,16
2451.6481096409843,4,70.75,2,8,5,3,0,0,16
2452.660092648992,4,3.75,5,0,7,9,0,0,16
2453.6768672739854,4,49.5,5,0,6,4,6,0,16
2454.6890070390073,4,71.5,6,0,6,4,6,0,16
2455.7011656639515,4,24.75,3,6,3,7,0,0,16
2456.7122803359525,4,74.25,3,0,4,11,0,1,16
2457.7218459299766,4,47.0,1,3,2,8,3,0,16
2458.7341921089683,4,93.75,2,3,4,8,0,1,16
2459.7476115399622,4,17.0,3,2,5,7,2,0,16
2460.7603230189998,4,48.75,4,2,5,5,2,2,16
2461.771644059976,4,69.25,5,2,5,4,3,2,16
2462.7829192630015,4,70.0,2,5,4,5,0,2,16
2463.79640480096,4,47.5,0,9,2,5,0,0,16
2464.8106198359746,4,0.75,0,0,8,8,0,0,16
2465.819951207959,4,26.25,0,0,8,6,1,1,16
2466.830899859953,4,94.5,0,2,4,10,0,0,16
2467.8417587829754,4,72.75,0,0,5,10,0,0,15
2468.9286492149695,4,63.75,2,0,2,11,2,0,15
2469.9409986609826,4,40.25,3,1,2,11,0,2,16
2470.954359609983,4,69.5,2,3,1,9,0,3,16
2471.9683842919767,4,14.75,0,2,4,9,0,0,15
2472.9821890699677,4,31.5,0,2,1,11,1,0,15
2473.9963293909677,4,94.0,1,1,2,10,2,0,15
2475.0106073799543,4,93.25,1,1,3,7,1,4,16
2476.0231063339743,4,51.25,0,4,2,7,0,0,13
2477.0349451749935,4,58.25,0,1,3,10,1,0,15
2478.0486028459854,4,70.75,0,0,3,10,2,0,15
2479.0602875519544,4,93.25,0,0,3,9,1,2,15
2480.0735030429787,4,92.25,1,0,3,6,4,2,15
2481.0849226790015,4,40.75,0,1,2,5,0,7,15
2482.0973097879905,4,0.0,0,1,2,7,0,0,10
2483.108756111993,4,29.75,0,0,2,6,0,0,8
2484.122525152983,4,46.75,3,0,1,6,1,0,8
2485.137827481958,4,0.0,0,3,1,7,0,0,11
2486.1496375469724,4,31.75,0,1,3,7,0,0,11
2487.1632184569607,4,27.75,0,2,2,7,0,0,11
2488.1759768209886,4,94.25,0,2,0,7,2,0,11
2489.189465559961,4,69.5,0,2,0,6,3,0,11
2490.200767654984,4,76.0,0,0,1,4,0,2,7
2491.206968172977,4,23.5,1,1,0,3,1,2,7
2492.220740730001,4,22.5,0,0,1,4,0,0,5
2493.2347519139876,4,47.0,2,0,0,5,0,0,5
2494.247094823979,4,46.0,1,1,0,3,0,2,6
2495.2609218659927,4,46.25,4,1,0,2,1,2,6
2496.2743481909856,4,23.25,0,5,0,1,0,0,6
2497.288755012967,4,18.75,0,2,1,5,0,0,8
2498.2996841349523,4,23.0,0,3,2,6,0,0,11
2499.314041742997,4,70.5,0,3,1,6,0,1,11
2500.3250919609563,4,69.5,0,0,2,7,0,0,9
2501.338920952985,4,72.25,0,0,0,8,0,0,8
2502.352299825987,4,9.0,1,1,0,4,1,0,6
2503.364666417998,4,70.75,0,2,0,2,0,3,7
2504.378309342952,4,25.0,0,1,0,3,1,0,5
2505.386416669993,4,23.25,0,2,0,3,0,0,5
2506.3998846779577,4,0.0,0,0,1,5,0,0,6
2507.413138731965,4,72.0,1,0,1,4,1,0,6
2508.426905258966,4,69.25,3,0,1,2,3,0,6
2509.438692263968,4,47.25,0,4,1,1,0,4,10
2510.4531053269748,4,25.75,0,4,1,2,0,0,7
2511.467169994954,4,12.25,0,2,2,3,0,0,7
2512.480480781989,4,48.25,2,2,2,3,0,0,7
2513.492256791971,4,18.0,0,2,1,5,0,1,9
2514.5043740519905,4,71.75,2,2,1,4,1,1,9
2515.5181782419677,4,65.25,0,5,0,5,0,0,10
2516.5320401309873,4,70.75,0,4,4,4,0,0,12
2517.5460470439866,4,40.75,0,3,4,5,0,0,12
2518.559634958976,4,71.25,0,3,4,4,0,1,12
2519.573600707983,4,58.75,0,1,3,7,0,0,11
2520.587390361994,4,38.25,0,1,0,9,1,0,11
2521.608662446961,4,90.75,1,1,0,8,0,0,9
2522.6197036459926,4,93.75,1,1,0,7,1,0,9
2523.6340328879887,4,95.75,2,1,0,4,4,0,9
2524.645149605989,4,70.5,1,3,1,4,0,2,10
2525.6584218709613,4,70.25,0,5,1,1,0,2,9
2526.672116571979,4,24.25,0,3,3,2,0,0,8
2527.6862913199584,4,47.25,0,1,4,3,0,0,8
2528.7001480949693,4,46.75,0,1,1,6,0,0,8
2529.710115971975,4,94.25,0,1,1,4,2,0,8
2530.7192994869547,4,71.0,2,1,1,3,3,0,8
2531.732821365993,4,70.5,0,3,1,4,0,0,8
2532.745141713007,4,23.0,0,1,1,6,0,1,9
2533.7586952729616,4,44.5,0,1,1,5,0,1,8
2534.7718764269957,4,29.25,1,1,1,4,1,1,8
2535.785595632973,4,46.5,0,1,2,5,0,0,8
2536.799394892005,4,54.75,0,1,1,7,0,0,9
2537.8135446539964,4,32.75,0,1,1,8,0,0,10
2538.8247826609877,4,57.0,0,1,1,6,2,0,10
2539.838672676997,4,90.5,0,1,1,3,5,0,10
2540.852789392986,4,46.5,0,1,0,3,0,2,6
2541.8667939300067,4,47.5,0,0,1,2,0,0,3
2542.879869694996,4,16.25,0,0,0,2,0,0,2
2543.896566187963,4,47.0,0,0,0,2,0,0,2
2544.9095932519995,4,25.75,0,1,0,2,0,0,3
2545.9195546269766,4,24.0,0,0,1,2,0,0,3
2546.9332819979754,4,46.5,0,2,0,2,0,1,5
2547.9469109859783,4,23.25,1,2,0,2,0,1,5
2548.960944844992,4,23.5,0,3,0,1,0,1,5
2549.973068445979,4,23.25,0,1,2,0,1,1,5
2550.986615729984,4,0.0,0,2,1,1,0,0,4
2551.9982207439607,4,23.25,1,1,1,2,0,0,4
2553.011840349005,4,45.75,2,1,1,2,0,0,4
2554.025944477995,4,47.75,0,6,1,2,0,0,9
2555.0375464030076,4,47.0,0,7,1,2,0,0,10
2556.0513768229866,4,23.25,0,5,2,2,0,1,10
2557.060741301975,4,73.75,0,0,1,8,0,0,9
2558.0702915109578,4,70.75,0,0,0,9,0,0,9
2559.082708956965,4,72.5,1,1,0,9,0,0,10
2560.096584710991,4,77.5,0,0,2,9,0,0,11
2561.107757190999,4,49.0,1,0,2,5,4,0,11
2562.118225315993,4,71.75,0,1,2,6,0,0,9
2563.1311671049916,4,65.0,0,1,1,7,0,0,9
2564.1452682419913,4,17.25,0,1,1,8,0,0,10
2565.1587773250067,4,97.25,0,2,0,8,1,0,11
2566.1710583039676,4,95.25,0,2,0,6,3,0,11
2567.182211208972,4,94.0,0,1,1,5,0,4,11
2568.1964817889966,4,84.25,0,1,1,6,0,0,8
2569.208270815958,4,23.0,0,4,0,3,2,0,9
2570.2222644379945,4,47.25,0,3,1,3,0,2,9
2571.2327004359686,4,1.75,0,1,1,5,0,0,7
2572.2470784029574,4,3.25,2,2,2,5,0,0,9
2573.2605554499896,4,45.5,0,2,2,9,0,0,13
2574.2747150979703,4,70.75,5,5,1,5,5,0,16
2575.2886043209583,4,29.0,1,4,8,4,0,0,16
2576.299849567993,4,10.25,4,2,5,8,0,1,16
2577.3137678249623,4,48.5,5,3,3,7,2,1,16
2578.3274746849784,4,70.75,6,4,3,5,3,1,16
2579.3410683060065,4,72.0,9,4,3,4,4,1,16
2580.352462437004,4,18.25,4,9,1,6,0,0,16
2581.3651864199783,4,24.0,5,1,6,8,0,1,16
2582.381162642967,4,0.0,6,2,4,7,3,0,16
2583.3929046289995,4,71.0,6,2,2,8,0,4,16
2584.4069706759765,4,71.0,1,5,4,6,1,0,16
2585.42335008597,4,93.25,2,1,6,6,1,2,16
2586.4360784139717,4,32.5,1,4,5,6,1,0,16
2587.450255609001,4,70.75,0,6,2,7,0,0,15
2588.4636643519625,4,48.75,1,6,1,7,1,0,15
2589.4771846749936,4,47.0,2,7,1,4,0,4,16
2590.5138067060034,4,14.25,4,6,3,4,0,3,16
2591.5224981579813,4,21.0,4,6,3,4,0,3,16
2592.536608572991,4,46.75,0,8,3,5,0,0,16
2593.5499240859644,4,75.0,0,7,1,6,1,1,16
2594.563680530002,4,32.0,1,0,5,8,0,0,13
2595.577541484963,4,71.5,3,0,4,6,3,0,13
2596.5905100450036,4,70.25,5,0,4,6,3,0,13
2597.60441116296,4,71.5,2,5,4,6,0,1,16
2598.6180796969566,4,23.25,2,1,7,7,1,0,16
2599.6320444889716,4,48.0,3,1,5,9,0,1,16
2600.64582279796,4,90.5,5,1,4,6,1,3,15
2601.659534611972,4,71.25,4,4,5,6,0,1,16
2602.6733747439575,4,0.0,3,1,5,9,1,0,16
2603.6893167189555,4,28.25,4,1,4,11,0,0,16
2604.7007772320067,4,94.75,7,1,3,9,0,3,16
2605.7145455409773,4,40.75,5,0,5,11,0,0,16
2606.7273993959534,4,71.0,4,1,1,13,0,1,16
2607.741287640005,4,26.5,8,1,0,11,2,1,15
2608.7548695440055,4,93.5,6,3,0,8,0,5,16
2609.767475176952,4,41.25,0,7,1,8,0,0,16
2610.781591209001,4,46.0,0,7,1,5,2,1,16
2611.795313146955,4,70.0,2,5,2,6,2,1,16
2612.808832569979,4,62.5,0,2,6,7,0,0,15
2613.8227536479826,4,29.75,1,1,3,12,0,0,16
2614.836263151956,4,18.5,3,0,2,14,0,0,16
2615.8499517369783,4,94.0,3,0,2,9,4,1,16
2616.863954939996,4,88.0,0,1,3,7,1,1,13
2617.8776675909758,4,67.75,0,0,0,10,1,0,11
2618.890559847001,4,72.25,0,1,0,8,0,1,10
2619.904229288979,4,81.75,1,1,0,7,1,1,10
2620.9181043569697,4,94.5,3,1,0,5,3,1,10
2621.931606427999,4,87.75,0,5,0,5,0,0,10
2622.9445404469734,4,13.5,0,1,1,7,2,0,11
2623.955192897003,4,10.25,0,0,0,9,0,0,9
2624.9691310189664,4,93.5,0,0,0,7,2,0,9
2625.9826801919844,4,91.75,0,0,0,4,0,1,5
2626.9955734660034,4,54.75,0,2,0,2,0,0,4
2628.009172168968,4,28.75,0,1,0,4,0,0,5
2629.0177927349578,4,46.75,0,1,0,3,1,0,5
2630.029960721964,4,47.0,1,1,0,2,2,0,5
2631.042016457999,4,0.0,0,2,1,2,0,1,6
2632.0563208289677,4,17.25,0,2,0,2,0,1,5
2633.0699700599653,4,24.0,0,2,0,2,0,1,5
2634.082024734991,4,24.25,0,2,2,2,0,1,7
2635.0937810009927,4,47.5,0,3,1,3,0,0,7
2636.107648339006,4,61.75,0,3,0,4,0,0,7
2637.1205440170015,4,32.75,0,0,1,5,0,0,6
2638.1338125959737,4,72.25,1,0,1,4,1,0,6
2639.147406652977,4,48.25,2,0,1,4,1,0,6
2640.1613840459613,4,22.5,0,2,1,3,0,1,7
2641.1748938249657,4,36.0,0,1,1,4,0,0,6
2642.1889241539757,4,28.75,0,0,2,4,0,0,6
2643.2022633889574,4,69.75,0,0,0,5,0,1,6
2644.2144381819526,4,70.25,0,1,0,5,0,0,6
2645.2278387029655,4,47.75,1,1,0,3,2,0,6
2646.2375856679864,4,6.5,0,2,1,2,0,2,7
2647.2492839699844,4,7.25,0,0,2,3,1,0,6
2648.2604867109912,4,57.5,0,0,0,5,0,0,5
2649.272791206953,4,50.25,0,0,0,4,0,0,4
2650.2849288759753,4,46.75,0,2,0,4,0,0,6
2651.293896880001,4,50.0,0,1,1,3,1,0,6
2652.306572568952,4,47.0,0,1,2,2,0,1,6
2653.320470901963,4,32.5,0,0,0,5,0,0,5
2654.3301529589808,4,47.0,0,0,0,3,0,0,3
2655.3414692839724,4,46.25,1,0,0,3,0,0,3
2656.3533686709707,4,47.5,4,0,0,3,0,0,3
2657.36699248699,4,46.25,0,6,0,2,0,0,8
2658.380640853953,4,47.25,0,4,2,2,0,0,8
2659.394599024963,4,65.75,0,0,3,5,0,0,8
2660.408160352963,4,70.25,0,0,1,7,0,0,8
2661.422278084967,4,35.25,0,0,1,7,0,0,8
2662.4345852920087,4,70.25,1,0,1,6,1,0,8
2663.4434214759967,4,69.75,2,0,1,6,1,0,8
2664.461142435961,4,70.25,0,3,0,5,0,2,10
2665.4756227369653,4,24.25,0,0,1,6,0,0,7
2666.486899035983,4,89.5,0,0,0,7,0,0,7
2667.499139832973,4,63.25,0,2,0,5,2,0,9
2668.5102669689804,4,94.5,2,2,0,2,5,0,9
2669.52425546397,4,46.5,3,2,0,2,5,0,9
2670.5383263939875,4,46.25,0,5,1,1,0,0,7
2671.552916218003,4,26.0,0,2,1,6,0,0,9
2672.566427529964,4,18.0,0,2,1,4,1,0,8
2673.5803727009916,4,71.5,0,2,1,2,2,1,8
2674.59340914496,4,47.5,0,0,2,3,0,0,5
2675.6072199019836,4,46.75,0,0,0,3,0,0,3
2676.6209368959535,4,46.75,0,1,0,3,0,0,4
2677.6348827309557,4,23.5,1,0,0,3,1,0,4
2678.648792346008,4,46.5,6,0,0,2,2,0,4
2679.662648594007,4,26.75,0,8,0,0,1,2,11
2680.676572085009,4,0.0,0,9,0,0,0,0,9
2681.687789999007,4,0.0,0,2,6,2,0,0,10
2682.7017522289534,4,19.75,0,2,5,2,1,0,10
2683.7152444419917,4,47.5,0,2,5,2,1,0,10
2684.7291013259673,4,46.75,0,8,2,5,0,0,15
2685.7429506079643,4,69.0,3,8,3,2,0,3,16
2686.755183843954,4,10.5,3,3,7,6,0,0,16
2687.7639530489687,4,2.5,6,2,4,10,0,0,16
2688.777832536958,4,37.5,8,0,0,15,1,0,16
2689.791253725998,4,97.5,10,0,0,5,11,0,16
2690.805824387993,4,94.25,17,0,0,3,13,0,16
2691.820229639008,4,47.25,5,14,0,2,0,0,16
2692.8330530079547,4,22.5,7,2,10,4,0,0,16
2693.84229631396,4,50.0,12,0,4,9,3,0,16
2694.8561507779523,4,72.0,17,0,4,5,7,0,16
2695.869240519998,4,45.5,19,1,4,5,0,6,16
2696.8813610379584,4,89.75,20,1,3,5,1,6,16
2697.8956065319944,4,27.75,15,9,2,3,2,0,16
2698.909408556996,4,46.5,15,9,1,4,0,2,16
2699.922409004008,4,47.25,13,2,8,6,0,0,16
2700.9358094889903,4,59.25,13,2,6,8,0,0,16
2701.950019843993,4,72.25,14,0,6,9,1,0,16
2702.9628382989904,4,58.75,15,0,6,5,5,0,16
2703.9766615550034,4,45.0,15,0,6,4,5,1,16
2704.990082183969,4,46.25,15,0,6,2,7,1,16
2706.0040562789654,4,24.75,7,8,4,4,0,0,16
2707.0160361359594,4,24.75,8,0,7,9,0,0,16
2708.0297969770036,4,25.25,10,0,3,13,0,0,16
2709.0431741569773,4,49.25,10,0,2,5,9,0,16
2710.0600629309774,4,70.25,11,0,2,4,9,1,16
2711.073602742981,4,46.5,12,0,2,1,12,1,16
2712.1081126999925,4,1.25,1,12,1,2,0,1,16
2713.1642268559663,4,35.75,1,13,1,2,0,0,16
2714.178542158974,4,22.5,1,12,2,1,0,1,16
2715.1919012799626,4,6.0,0,2,9,5,0,0,16
2716.205721662962,4,25.0,2,1,5,10,0,0,16
2717.2160809949855,4,93.75,3,1,3,9,3,0,16
2718.2323282079888,4,95.25,3,1,3,7,5,0,16
2719.241611236008,4,60.25,2,2,3,5,2,4,16
2720.2527318729553,4,52.0,0,2,4,6,0,0,12
2721.2639501779922,4,31.75,0,1,2,8,1,0,12
2722.2759085659636,4,94.75,1,1,0,10,0,1,12
2723.2869871289586,4,94.25,0,4,0,10,0,0,14
2724.3005500359577,4,95.75,0,3,1,10,0,0,14
2725.313406325993,4,70.5,0,3,1,6,4,0,14
2726.325015148963,4,70.0,0,0,3,7,0,2,12
2727.3384928120067,4,66.0,0,0,2,4,0,1,7
2728.352368491993,4,48.5,0,0,1,5,0,0,6
2729.3627305039554,4,54.25,0,0,1,4,1,0,6
2730.374397720967,4,70.5,2,0,1,3,2,0,6
2731.3890813759645,4,27.5,4,0,1,0,1,4,6
2732.4019594650017,4,0.0,0,0,2,4,0,0,6
2733.4121858539875,4,24.5,0,1,1,5,0,0,7
2734.424707737984,4,70.5,0,1,0,6,0,0,7
2735.4361713529797,4,69.5,0,0,1,6,0,0,7
2736.449528419005,4,69.75,0,0,0,6,0,1,7
2737.463419584965,4,46.5,0,1,0,6,0,0,7
2738.4757196829887,4,46.75,1,1,0,6,0,0,7
2739.489113896969,4,71.0,1,1,0,5,1,0,7
2740.5029516950017,4,70.5,0,3,0,5,0,0,8
2741.5157450810075,4,70.25,0,3,3,3,0,2,11
2742.5254414390074,4,36.0,0,4,0,4,2,0,10
2743.5388330259593,4,70.25,0,1,2,4,0,0,7
2744.551010229974,4,72.25,0,0,1,6,0,0,7
2745.5634934409754,4,67.75,0,0,1,4,0,0,5
2746.5757823589956,4,28.5,0,0,1,3,1,0,5
2747.5871519040084,4,46.75,0,0,1,3,0,0,4
2748.6005154919694,4,27.5,0,0,0,4,0,0,4
2749.613716488995,4,0.0,1,1,0,4,0,0,5
2750.6279132459895,4,46.0,2,1,0,2,2,0,5
2751.641669965,4,24.75,0,2,0,3,0,1,6
2752.648670760973,4,70.0,0,1,2,3,0,0,6
2753.6629049589974,4,42.0,0,2,2,2,0,0,6
2754.676470297971,4,0.75,0,0,4,6,0,0,10
2755.6901896979543,4,44.25,0,0,2,6,1,0,9
2756.704305528954,4,70.75,0,0,1,6,0,2,9
2757.7179134250036,4,23.0,0,2,1,6,0,0,9
2758.7319721179665,4,48.25,0,4,1,6,0,0,11
2759.746599173988,4,5.0,0,2,1,7,1,0,11
2760.7584410459967,4,72.0,0,2,3,6,0,0,11
2761.7720696129836,4,62.0,0,0,2,6,1,0,9
2762.7832829179824,4,70.0,0,0,2,6,1,0,9
2763.796841926989,4,69.75,0,0,2,5,1,0,8
2764.8105681400048,4,23.5,0,0,1,5,0,0,6
2765.8247109329677,4,24.25,0,1,0,5,0,0,6
2766.8367054959526,4,0.25,0,1,0,5,0,0,6
2767.850692390988,4,40.5,0,1,1,2,0,0,4
2768.864332447003,4,39.5,0,1,1,3,0,0,5
2769.8782792409766,4,47.0,1,0,2,3,0,0,5
2770.8919159139623,4,46.0,1,0,2,3,0,0,5
2771.905514126993,4,41.25,0,1,1,4,0,0,6
2772.9189390600077,4,24.0,0,2,1,5,0,0,8
2773.931069009006,4,47.25,0,1,1,5,0,0,7
2774.9445303909597,4,52.25,0,0,2,3,0,0,5
2775.955853695981,4,2.0,0,1,1,3,0,0,5
2776.9695662909653,4,23.5,0,1,0,4,0,0,5
2777.9825316899805,4,48.0,0,0,1,3,0,1,5
2778.9961296039983,4,67.5,0,0,1,3,0,0,4
2780.009804878966,4,74.5,0,0,0,4,0,0,4
2781.021584137983,4,95.5,0,0,0,4,0,0,4
2782.0348063159618,4,93.25,2,0,0,3,1,0,4
2783.04601578397,4,70.75,0,3,0,3,0,0,6
2784.0567271710024,4,47.5,0,2,1,6,0,0,9
2785.0706371099805,4,49.5,0,0,2,6,0,0,8
2786.084284026001,4,56.25,0,1,1,5,0,0,7
2787.0954210409545,4,46.5,1,0,1,4,0,0,5
2788.109068660997,4,41.5,0,4,1,3,0,0,8
2789.122246162966,4,23.25,1,4,1,2,1,0,8
2790.1361510179704,4,66.0,0,3,1,6,0,0,10
2791.148819837952,4,71.5,0,1,2,8,0,0,11
2792.162679676956,4,77.75,0,0,1,9,1,0,11
2793.1704568669666,4,96.0,4,0,1,4,2,4,11
2794.181645856006,4,47.5,0,7,0,4,0,0,11
2795.195554303995,4,18.0,1,0,3,7,0,0,10
2796.2097987369634,4,23.25,0,3,1,8,0,0,12
2797.2234976000036,4,47.5,1,3,1,5,3,0,12
2798.236749238975,4,71.25,4,3,1,3,5,0,12
2799.248304905952,4,45.75,0,6,2,2,0,6,16
2800.261876996956,4,19.5,0,6,2,2,0,0,10
2801.2760010900092,4,23.0,0,3,2,5,0,0,10
2802.290200516989,4,72.5,1,0,3,6,1,0,10
2803.3035510010086,4,24.0,0,4,2,7,0,0,13
2804.3164387759753,4,61.75,0,2,3,10,0,0,15
2805.3300912889536,4,70.5,0,3,2,10,0,0,15
2806.3444525569794,4,50.25,1,3,2,8,2,0,15
2807.3571969589684,4,95.0,4,3,2,4,6,0,15
2808.370878158952,4,70.25,5,3,2,3,7,0,15
2809.3847935739905,4,69.5,0,9,0,5,0,0,14
2810.3988314279704,4,12.0,0,3,3,10,0,0,16
2811.4128440739587,4,71.25,1,2,1,11,0,2,16
2812.426424882957,4,70.25,2,2,1,5,6,1,15
2813.44064951397,4,26.25,0,4,2,5,0,2,13
2814.4541731299832,4,7.0,0,0,4,7,0,0,11
2815.4676900460036,4,45.25,0,1,2,7,0,0,10
2816.481662920967,4,70.25,0,1,1,8,0,0,10
2817.4954816019745,4,69.5,0,3,1,7,0,2,13
2818.5095025919727,4,64.0,0,2,4,6,0,0,12
2819.523511706968,4,48.0,0,0,1,11,0,0,12
2820.5370395879727,4,65.5,0,0,0,10,0,1,11
2821.5504450369626,4,75.75,0,0,0,7,0,1,8
2822.5639580810093,4,86.25,0,0,0,6,1,0,7
2823.5796389879542,4,92.5,0,0,0,1,6,0,7
2824.593594885955,4,23.25,0,0,0,1,0,0,1
2825.606602690008,4,23.25,0,0,0,1,0,0,1
2826.620375833998,4,0.0,0,0,0,0,1,0,1
2827.633639114967,4,0.0,0,1,0,0,0,0,1
2828.6430805629934,4,0.0,0,1,0,1,0,0,2
2829.657035254,4,0.0,1,1,0,1,0,0,2
2830.6709221839556,4,23.5,0,0,2,1,0,0,3
2831.682245423959,4,23.25,0,0,1,1,1,0,3
2832.694092296995,4,23.25,0,0,0,2,0,0,2
2833.732435608981,4,0.0,0,0,0,2,0,0,2
2834.7500711319735,4,34.25,2,0,0,2,0,0,2
2835.7636651140056,4,38.75,4,0,0,2,0,0,2
2836.777349174954,4,46.25,0,5,0,2,0,0,7
2837.7891325249802,4,14.5,0,6,0,2,0,0,8
2838.802460582985,4,30.25,0,0,2,6,0,0,8
2839.814700397954,4,47.25,0,0,2,5,1,0,8
2840.8293874149676,4,70.5,0,0,1,6,0,0,7
2841.843059909006,4,0.0,2,1,0,7,0,0,8
2842.8558326669736,4,71.25,0,2,3,6,0,0,11
2843.869342429971,4,47.0,0,1,4,5,1,0,11
2844.8757558019715,4,47.5,1,1,4,3,3,0,11
2845.8889228309854,4,47.75,1,0,4,2,0,5,11
2846.9002122589736,4,21.5,0,1,3,3,0,1,8
2847.9138379009673,4,24.25,1,1,3,3,0,1,8
2848.926199083973,4,70.25,0,3,1,5,0,0,9
2849.9397079679766,4,47.5,0,2,2,4,0,0,8
2850.953383238986,4,47.0,0,0,3,5,0,0,8
2851.966810434009,4,71.5,2,0,3,4,1,0,8
2852.9803028589813,4,70.75,3,0,3,3,2,0,8
2853.9924700459815,4,69.75,0,3,3,3,0,2,11
2855.0045575759723,4,11.0,0,2,1,7,0,0,10
2856.016384983959,4,46.0,0,2,0,7,0,0,9
2857.0284299890045,4,0.0,0,2,0,6,1,0,9
2858.0418715379783,4,47.5,0,1,1,4,0,3,9
2859.055477936985,4,71.25,0,0,1,4,0,0,5
2860.0678560929955,4,50.0,0,1,0,5,0,0,6
2861.0778369029867,4,41.25,2,1,0,3,1,1,6
2862.0915788440034,4,70.0,3,1,0,3,1,1,6
2863.105516445008,4,71.0,0,5,0,2,0,3,10
2864.116941602959,4,0.0,0,1,3,2,0,1,7
2865.1288496039924,4,58.5,0,0,1,5,0,0,6
2866.1389671699726,4,94.0,1,0,0,5,1,0,6
2867.1523637799546,4,70.0,1,0,0,4,2,0,6
2868.164806654968,4,5.25,0,2,0,5,0,0,7
2869.178374245006,4,47.0,2,2,0,4,1,0,7
2870.192546114966,4,47.0,3,2,0,3,1,1,7
2871.2060494549805,4,47.0,0,4,1,3,0,1,9
2872.2197237369837,4,1.0,0,3,2,1,0,0,6
2873.233206842968,4,47.75,0,0,2,3,1,0,6
2874.2468035729835,4,47.25,0,1,1,3,0,0,5
2875.2605905469973,4,47.0,1,1,1,3,0,0,5
2876.2741997819976,4,23.5,1,0,2,2,1,0,5
2877.287604036974,4,23.25,4,0,2,1,2,0,5
2878.3013740809984,4,0.0,0,4,1,1,0,3,9
2879.315355103987,4,16.0,0,5,0,2,0,0,7
2880.327903673984,4,23.5,0,0,5,2,0,0,7
2881.3415018039523,4,47.0,1,0,3,4,0,0,7
2882.3536813379615,4,23.0,0,2,3,4,0,0,9
2883.365934633999,4,7.0,0,4,0,7,0,1,12
2884.377862820984,4,70.5,0,4,0,7,0,0,11
2885.391733555007,4,71.0,0,4,0,6,1,0,11
2886.4048387769726,4,70.75,1,4,0,4,3,0,11
2887.4184819459915,4,46.75,1,4,0,4,3,0,11
2888.43231193698,4,47.75,0,7,0,4,0,4,15
2889.446140985994,4,25.25,0,6,0,7,0,0,13
2890.460156766989,4,86.25,0,3,3,7,0,0,13
2891.473717337998,4,48.5,1,0,2,10,1,0,13
2892.486256014963,4,29.0,0,2,0,11,0,0,13
2893.499924330972,4,94.0,0,2,2,8,0,2,14
2894.5110355939833,4,29.25,0,2,2,8,0,0,12
2895.5318716379697,4,76.5,2,2,2,4,4,0,12
2896.543056771974,4,71.25,3,2,2,3,4,1,12
2897.5554176709848,4,47.0,0,5,1,3,0,1,10
2898.5714028250077,4,33.5,0,2,3,4,0,0,9
2899.5826658789883,4,46.0,0,0,2,7,0,0,9
2900.5950531919952,4,95.25,1,0,1,8,0,0,9
2901.6077330469852,4,55.0,0,1,1,7,0,0,9
2902.620050773956,4,75.5,0,1,1,7,0,0,9
2903.63415436598,4,27.0,0,1,2,8,0,0,11
2904.6479062449653,4,48.5,0,1,2,4,4,0,11
2905.6622123579727,4,70.25,0,1,1,4,0,4,10
2906.674508313008,4,79.0,0,0,0,6,0,0,6
2907.688049990975,4,80.0,0,0,0,5,0,0,5
2908.7014600679977,4,69.25,0,0,0,4,1,0,5
2909.714936534001,4,59.0,0,0,0,3,2,0,5
2910.724536588008,4,46.75,1,0,0,3,2,0,5
2911.738685407967,4,23.5,0,0,1,2,0,0,3
2912.7525089909905,4,0.0,0,0,1,1,0,0,2
2913.7662676789914,4,0.75,1,0,1,1,0,0,2
2914.7799358809716,4,23.25,1,0,1,1,0,0,2
2915.791769346979,4,23.75,0,1,0,1,0,0,2
2916.8067299809773,4,23.25,0,1,0,1,0,0,2
2917.813115545956,4,23.5,0,0,1,1,0,0,2
2918.8266832070076,4,0.0,0,0,1,0,0,0,1
2919.839969919005,4,0.25,1,0,0,1,0,0,1
2920.853143780958,4,23.75,2,0,0,0,1,0,1
2921.866888368968,4,0.0,0,2,0,0,0,0,2
2922.880218314007,4,0.0,0,2,1,0,0,0,3
2923.8944225049927,4,0.0,0,2,2,0,0,0,4
2924.9080890479963,4,0.0,1,2,1,1,0,0,4
2925.921897369961,4,23.25,2,2,1,1,0,0,4
2926.934796743968,4,46.25,0,2,2,2,0,0,6
2927.9484386949916,4,26.0,0,3,0,3,0,0,6
2928.962639974954,4,46.0,0,3,0,3,0,0,6
2929.9760097349645,4,46.0,0,3,0,3,0,0,6
2930.989948817005,4,35.25,0,0,3,2,0,0,5
2932.003381119983,4,0.0,0,0,3,1,1,0,5
2933.0174198329914,4,23.25,0,1,1,2,0,0,4
2934.0308298469754,4,26.25,0,1,2,2,0,0,5
2935.0445542889647,4,23.5,0,1,1,4,0,0,6
2936.0582858899725,4,69.5,0,1,1,4,0,0,6
2937.071744258981,4,47.25,0,1,1,3,0,1,6
2938.0837293399964,4,49.0,2,0,1,4,0,0,5
2939.0970496480004,4,52.25,0,1,1,5,0,0,7
2940.108162646997,4,47.75,0,3,2,3,0,0,8
2941.1213990729884,4,25.5,0,3,1,3,0,0,7
2942.135155578959,4,48.5,0,0,0,7,0,0,7
2943.148593113001,4,94.75,0,0,0,7,0,0,7
2944.1626330270083,4,70.5,0,0,0,5,1,0,6
2945.1766815209994,4,23.25,0,1,0,5,0,0,6
2946.1906034989515,4,42.25,0,0,2,5,0,0,7
2947.2046767270076,4,28.0,0,0,1,5,2,0,8
2948.2182007500087,4,0.0,0,2,0,6,0,0,8
2949.232212095987,4,23.25,0,0,1,7,0,0,8
2950.2458460499765,4,16.75,1,1,0,8,0,0,9
2951.2598818529514,4,18.5,0,2,0,7,0,0,9
2952.2710711809923,4,33.75,0,0,1,8,0,0,9
2953.2845882679685,4,61.0,0,0,0,8,0,0,8
2954.298393931007,4,50.75,0,0,0,8,0,0,8
2955.3234506879817,4,68.0,0,1,0,8,0,0,9
2956.3664477149723,4,44.25,1,1,0,8,0,0,9
2957.378470583004,4,85.25,0,3,1,7,0,1,12
2958.3914049529703,4,47.0,1,3,2,6,1,1,13
2959.404971884971,4,69.75,3,3,2,3,4,1,13
2960.417385628971,4,41.75,0,3,2,4,0,0,9
2961.4288840859663,4,48.25,0,3,1,5,0,0,9
2962.440800837998,4,95.75,0,0,2,7,0,0,9
2963.4544258209644,4,94.0,0,3,2,6,0,0,11
2964.4668575979886,4,46.5,1,4,0,7,1,0,12
2965.4806215489516,4,31.5,0,4,2,6,0,1,13
2966.494705107005,4,25.0,1,3,2,9,0,0,14
2967.5094435119536,4,93.5,4,3,2,7,2,0,14
2968.521461717959,4,94.25,2,2,4,7,0,3,16
2969.533415296988,4,46.75,0,0,6,8,1,0,15
2970.5471344059915,4,65.75,0,1,3,10,1,0,15
2971.5606912149815,4,28.75,0,1,2,7,2,2,14
2972.5740724100033,4,70.0,0,4,1,7,0,0,12
2973.588132879988,4,15.75,0,3,4,7,0,1,15
2974.600232158962,4,47.25,1,0,5,9,1,0,15
2975.6120727160014,4,12.75,2,3,4,8,1,0,16
2976.6241168929846,4,72.0,2,3,4,6,3,0,16
2977.6433433759958,4,70.75,2,4,3,5,0,2,14
2978.6580752409645,4,6.5,0,3,3,7,1,0,14
2979.668563654006,4,23.25,0,0,3,8,0,0,11
2980.682409253961,4,72.25,1,0,1,6,4,0,11
2981.695859055966,4,33.0,0,2,1,7,0,0,10
2982.708889256988,4,49.0,0,1,1,5,3,0,10
2983.723211938981,4,86.25,1,1,0,7,0,0,8
2984.7342138889944,4,56.25,0,3,1,6,1,0,11
2985.7477288529626,4,94.0,0,3,1,4,3,0,11
2986.7618070069584,4,70.5,0,3,1,4,0,1,9
2987.7759005319676,4,47.75,0,0,3,5,0,0,8
2988.7898302209796,4,32.0,0,0,0,6,1,0,7
2989.800734814955,4,24.25,2,1,0,6,1,0,8
2990.8112905399757,4,70.0,0,0,3,6,0,0,9
2991.8255754619604,4,1.0,0,1,0,8,0,0,9
2992.8444589370047,4,52.0,0,1,0,6,0,0,7
2993.858117704978,4,70.0,1,1,0,3,3,0,7
2994.871500508976,4,70.5,2,1,0,3,3,0,7
2995.885477379954,4,65.5,0,3,0,4,0,0,7
2996.8941041909857,4,66.75,0,0,2,5,0,0,7
2997.9078760329867,4,46.5,0,1,0,6,0,1,8
2998.921506193001,4,47.25,0,0,0,4,1,0,5
2999.9352318019955,4,46.25,0,0,0,4,0,0,4
3000.9471925249672,4,47.75,0,1,0,3,0,1,5
3001.9611365610035,4,0.0,0,2,0,3,0,0,5
3002.9719679199625,4,47.75,1,1,0,3,1,0,5
3003.9857909790007,4,47.5,4,1,0,3,1,0,5
3004.9993733359734,4,46.5,0,4,1,3,0,1,9
3006.01269973896,4,0.0,0,5,0,1,0,0,6
3007.024168792006,4,19.25,0,3,4,2,0,0,9
3008.036881774955,4,23.5,0,4,4,3,0,0,11
3009.050399498956,4,24.25,0,3,5,5,0,0,13
3010.062285378983,4,70.0,1,2,5,6,0,0,13
3011.0759729869897,4,83.75,1,2,5,5,1,0,13
3012.087027575006,4,21.5,0,1,3,7,0,1,12
3013.1007801609812,4,85.0,0,3,2,9,0,0,14
3014.114498854964,4,43.5,4,4,3,7,0,2,16
3015.128587446001,4,56.5,2,5,1,10,0,0,16
3016.1359500959516,4,16.0,2,1,5,10,0,0,16
3017.1484046849655,4,77.5,0,2,3,10,1,0,16
3018.1609907429665,4,28.25,0,2,1,8,2,0,13
3019.174150481005,4,61.75,0,0,2,7,1,0,10
3020.1879912349978,4,71.75,0,0,2,5,3,0,10
3021.201700094971,4,23.5,0,0,1,5,0,0,6
3022.2150288170087,4,35.0,1,0,0,5,0,0,5
3023.228740830964,4,28.75,1,1,0,4,1,0,6
3024.2409100679797,4,24.0,0,5,0,3,0,2,10
3025.2550392259727,4,23.25,0,4,1,3,0,1,9
3026.2664606909966,4,22.5,0,3,3,2,0,0,8
3027.279028052988,4,5.5,0,1,3,4,0,0,8
3028.2944031789666,4,42.75,0,0,2,3,1,0,6
3029.3081201309687,4,24.0,2,0,2,2,1,1,6
3030.321846267965,4,37.0,0,4,1,3,0,0,8
3031.332846972975,4,48.25,1,2,1,5,1,0,9
3032.3465283009573,4,43.75,0,4,0,6,0,0,10
3033.360287749965,4,70.25,3,5,0,5,1,0,11
3034.373070550966,4,47.25,7,5,0,3,3,0,11
3035.387504427985,4,46.5,9,5,0,2,4,0,11
3036.3999759299913,4,2.25,5,10,3,2,0,1,16
3037.413448157953,4,31.0,5,8,5,3,0,0,16
3038.4260472809547,4,19.25,6,8,3,4,1,0,16
3039.440047406999,4,2.0,6,3,7,6,0,0,16
3040.448676678003,4,22.75,8,1,6,8,1,0,16
3041.4622701449553,4,41.75,11,4,5,7,0,0,16
3042.4759148739977,4,35.5,13,6,4,6,0,0,16
3043.487103760999,4,20.5,14,0,6,8,1,1,16
3044.496834425954,4,22.5,19,2,6,5,3,0,16
3045.5079346019775,4,93.5,21,2,4,7,0,3,16
3046.5190235179616,4,95.5,17,6,4,3,0,3,16
3047.5324996869895,4,0.0,13,11,2,3,0,0,16
3048.5463021269534,4,27.5,13,1,11,4,0,0,16
3049.560242392996,4,26.5,14,1,8,5,0,2,16
3050.5736474340083,4,2.75,12,3,5,7,1,0,16
3051.5862419930054,4,23.25,9,6,3,6,0,1,16
3052.5988054609625,4,47.5,9,6,3,4,2,1,16
3053.612383503001,4,46.5,6,9,1,6,0,0,16
3054.62521523796,4,42.0,5,6,4,6,0,0,16
3055.6388489449746,4,23.5,6,1,8,7,0,0,16
3056.6525642829947,4,25.5,8,1,6,8,1,0,16
3057.6588524389663,4,72.0,6,2,5,5,0,4,16
3058.6725050449604,4,25.75,1,8,4,4,0,0,16
3059.684971657989,4,37.25,2,7,4,5,0,0,16
3060.699256789987,4,23.75,3,6,5,3,2,0,16
3061.710906135966,4,23.25,0,3,6,6,0,1,16
3062.7226313669817,4,24.0,1,4,2,7,3,0,16
3063.73607621697,4,93.5,1,4,2,7,3,0,16
3064.7495718059945,4,91.5,0,1,4,9,0,1,15
3065.762253190973,4,72.25,0,2,1,12,0,0,15
3066.7738505039597,4,71.25,0,3,1,10,1,0,15
3067.785553256981,4,72.5,0,0,1,13,0,0,14
3068.801099706965,4,60.75,0,0,0,12,2,0,14
3069.8122630369617,4,94.25,0,0,0,11,1,0,12
3070.82569695398,4,66.0,0,0,0,10,0,1,11
3071.8385788389714,4,47.5,0,1,0,8,0,0,9
3072.8521034519654,4,46.75,0,2,0,7,0,0,9
3073.866056612984,4,53.0,0,0,1,6,1,1,9
3074.879475252994,4,32.0,0,0,2,5,0,1,8
3075.892483667005,4,23.25,0,0,0,7,0,0,7
3076.906372706988,4,51.25,0,1,1,7,0,0,9
3077.92236403696,4,61.25,2,1,1,6,1,0,9
3078.9432789639686,4,45.5,2,1,1,4,3,0,9
3079.9570834769984,4,46.0,4,1,1,4,3,0,9
3080.9711405459675,4,47.5,0,6,1,4,0,3,14
3081.98170669697,4,16.75,0,1,4,6,0,0,11
3082.9941420179675,4,63.5,0,0,3,5,0,0,8
3084.005901625962,4,37.25,0,0,2,6,0,0,8
3085.019275801955,4,82.75,0,1,0,7,0,0,8
3086.0331498549785,4,46.25,0,1,0,8,0,0,9
3087.0470523079857,4,53.0,0,0,1,7,1,0,9
3088.060628826963,4,40.25,0,0,1,6,1,1,9
3089.0739479199983,4,46.75,0,0,1,4,3,1,9
3090.087387798005,4,72.0,2,0,0,4,0,5,9
3091.0998107159976,4,56.0,0,1,2,2,0,0,5
3092.1117574659875,4,23.5,0,1,1,3,0,0,5
3093.1219565430074,4,47.0,1,1,0,4,0,0,5
3094.1354316979996,4,47.25,4,1,0,3,1,0,5
3095.1479228789685,4,17.75,0,0,5,3,0,0,8
3096.161549455952,4,70.5,0,0,3,5,0,0,8
3097.175305944984,4,70.5,1,0,3,5,0,0,8
3098.191264706955,4,53.0,0,2,1,7,0,0,10
3099.2058788869763,4,43.0,0,1,1,7,0,0,9
3100.219573298993,4,75.75,0,1,0,9,0,0,10
3101.2300985349575,4,31.5,0,0,0,10,0,0,10
3102.241737264965,4,93.0,2,0,0,8,2,0,10
3103.253661681956,4,26.5,0,2,0,4,0,0,6
3104.267195280001,4,18.75,0,1,2,3,0,0,6
3105.2792139689554,4,46.75,0,0,0,6,0,0,6
3106.2904289760045,4,71.25,1,0,0,5,0,0,5
3107.3038691389957,4,71.0,1,0,0,4,1,0,5
3108.318298341008,4,28.25,0,4,0,3,0,1,8
3109.332667881972,4,46.75,0,4,1,3,0,0,8
3110.3485616520047,4,23.25,0,2,2,4,0,0,8
3111.3622199819656,4,16.75,0,1,0,7,0,0,8
3112.3762942549656,4,28.0,0,0,0,9,0,0,9
3113.389719722967,4,94.75,1,0,0,9,0,0,9
3114.4005764279864,4,94.75,1,0,0,5,4,0,9
3115.4124436169514,4,94.0,0,3,0,2,1,6,12
3116.426267694973,4,23.25,0,3,0,2,0,1,6
3117.4384547249647,4,46.75,0,0,3,2,0,0,5
3118.4522063229815,4,23.5,0,1,2,2,0,0,5
3119.465439238993,4,25.25,0,1,2,3,0,0,6
3120.4790660559665,4,46.75,0,1,1,4,0,0,6
3121.4925833329908,4,23.25,1,2,1,4,0,0,7
3122.5049524439964,4,48.5,4,3,1,3,1,0,8
3123.518553590984,4,23.25,4,3,1,3,1,0,8
3124.532035437005,4,24.0,5,3,0,3,1,1,8
3125.546054512961,4,25.0,0,6,1,5,0,0,12
3126.559745184961,4,17.5,0,1,3,9,0,0,13
3127.573475070996,4,12.5,0,1,2,9,1,0,13
3128.5854918129626,4,68.75,0,1,2,7,2,1,13
3129.5970253999694,4,86.75,0,2,2,7,0,0,11
3130.6108380410005,4,70.75,0,0,1,8,0,0,9
3131.624567916966,4,14.5,0,2,1,8,0,0,11
3132.638781438989,4,94.25,4,2,1,6,2,0,11
3133.6523637250066,4,70.0,4,2,1,4,4,0,11
3134.666563360952,4,46.5,5,2,1,3,2,3,11
3135.6769114540075,4,28.25,0,3,5,4,0,0,12
3136.690357607964,4,47.5,1,5,3,7,1,0,16
3137.704359021969,4,14.5,1,2,3,9,1,1,16
3138.7175138279563,4,93.5,2,1,3,9,1,2,16
3139.7309499349794,4,92.5,4,1,3,5,5,2,16
3140.7452946719714,4,82.5,7,1,4,4,0,7,16
3141.7588260399643,4,34.75,2,3,5,8,0,0,16
3142.7725564540015,4,24.75,2,2,6,7,1,0,16
3143.7851385039976,4,50.5,2,2,4,5,1,4,16
3144.7989690059912,4,29.0,0,4,3,5,1,0,13
3145.813314595958,4,40.0,0,4,0,7,0,1,12
3146.827323545993,4,22.0,0,1,2,8,0,0,11
3147.8400858279783,4,15.0,0,1,0,8,2,0,11
3148.8516769649577,4,71.25,1,1,0,7,3,0,11
3149.8633075099788,4,70.5,2,1,0,5,5,0,11
3150.87673124898,4,71.5,0,3,0,4,0,3,10
3151.890518735978,4,21.75,0,0,2,5,0,0,7
3152.9010282739764,4,37.75,0,0,0,7,0,0,7
3153.9148144960054,4,43.5,1,0,0,6,1,0,7
3154.9279150599614,4,45.75,0,0,2,4,0,0,6
3155.9380664939526,4,46.5,1,0,1,4,1,0,6
3156.9519762329874,4,47.75,2,0,1,4,1,0,6
3157.9656429339666,4,23.25,0,2,0,3,0,0,5
3158.978823667974,4,29.5,0,0,2,3,0,0,5
3159.9967467679526,4,36.5,2,1,0,5,0,0,6
3161.0108530639554,4,95.5,3,1,0,4,1,0,6
3162.023078941973,4,69.0,0,4,1,4,0,0,9
3163.0374916520086,4,42.0,0,0,1,6,0,2,9
3164.051360566984,4,45.5,0,0,2,5,1,0,8
3165.0611889690044,4,22.5,0,0,1,6,0,1,8
3166.0738776699873,4,23.75,0,0,1,4,2,1,8
3167.0868753319955,4,23.25,0,0,1,2,4,1,8
3168.098700876988,4,23.5,0,2,0,2,0,0,4
3169.1126966329757,4,24.0,0,2,2,2,0,0,6
3170.1261490029865,4,52.25,0,1,0,5,0,0,6
3171.1384303849773,4,69.25,0,0,1,5,0,0,6
3172.1517346659675,4,69.75,0,0,1,4,1,0,6
3173.1647485150024,4,23.5,0,2,1,1,0,2,6
3174.1775224189623,4,22.0,0,2,1,3,0,0,6
3175.190814392001,4,70.25,1,3,0,4,0,0,7
3176.2043148179655,4,70.25,2,3,0,4,0,0,7
3177.2169351459597,4,70.25,2,3,0,3,1,0,7
3178.230593731976,4,33.25,0,0,3,5,0,0,8
3179.2443430050043,4,70.75,0,0,1,7,0,0,8
3180.2581115390058,4,21.75,0,1,1,7,0,0,9
3181.2718564159586,4,69.5,1,1,1,6,1,0,9
3182.283666484989,4,44.75,0,3,0,5,0,2,10
3183.2974171079695,4,26.75,0,4,0,6,0,0,10
3184.310943874996,4,27.5,0,0,2,8,0,0,10
3185.3214090859983,4,70.75,0,0,1,7,2,0,10
3186.334359298984,4,69.25,0,0,1,5,4,0,10
3187.3468282810063,4,48.25,0,1,0,3,0,4,8
3188.3586716940044,4,70.5,0,0,1,3,0,0,4
3189.3716199779883,4,0.0,1,1,0,4,0,0,5
3190.3852101709927,4,71.0,1,1,0,4,0,0,5
3191.398630545009,4,46.5,1,1,0,2,2,0,5
3192.4105420099804,4,24.25,1,1,0,2,2,0,5
3193.423918466957,4,15.25,0,3,0,1,1,0,5
3194.436110074981,4,25.0,0,2,2,2,0,0,6
3195.4469185309717,4,25.0,0,1,0,5,0,0,6
3196.4591419019853,4,38.0,0,1,2,5,0,0,8
3197.4711426039576,4,2.25,0,1,0,7,0,0,8
3198.485154729977,4,94.25,0,1,0,7,0,0,8
3199.519040278974,4,94.25,0,1,0,4,3,0,8
3200.5513505379786,4,90.5,1,1,0,3,4,0,8
3201.565299378999,4,67.25,0,2,0,3,0,3,8
3202.578987504996,4,23.25,0,3,0,4,0,0,7
3203.593116465956,4,29.25,0,3,0,3,0,0,6
3204.6066623139777,4,44.25,1,3,0,2,1,0,6
3205.6195810709614,4,23.25,0,1,3,2,0,0,6
3206.6331445589894,4,23.0,0,3,1,2,1,0,7
3207.647241183964,4,47.25,0,0,4,3,0,0,7
3208.661250858975,4,0.0,0,0,3,4,0,0,7
3209.675182651961,4,10.5,1,0,3,4,0,0,7
3210.6893368889578,4,47.5,0,2,1,6,0,0,9
3211.7022384539596,4,16.5,0,2,0,6,0,0,8
3212.7158289839863,4,37.25,0,0,1,6,0,0,7
3213.7283328209887,4,45.0,0,1,1,5,1,0,8
3214.742137375986,4,50.0,0,1,0,7,0,0,8
3215.75560461398,4,29.5,0,0,1,7,0,0,8
3216.77076715196,4,46.75,0,0,0,7,0,0,7
3217.7812109549996,4,67.75,1,0,0,6,1,0,7
3218.795089487976,4,69.75,2,0,0,5,2,0,7
3219.806743316003,4,71.25,0,3,0,5,0,2,10
3220.8188316699816,4,47.75,0,0,1,7,0,0,8
3221.830217449984,4,78.0,0,0,0,8,0,0,8
3222.843023310008,4,69.75,1,0,0,5,3,0,8
3223.8562798879575,4,70.0,2,0,0,4,4,0,8
3224.8699233299703,4,46.75,0,1,1,4,0,0,6
3225.8816286019864,4,22.0,0,1,0,5,0,0,6
3226.8940504249767,4,48.5,1,2,0,4,1,0,7
3227.9074177579605,4,46.5,1,2,0,4,1,0,7
3228.9143971349695,4,47.25,1,2,0,3,2,0,7
3229.9278452349827,4,23.75,0,2,1,2,0,1,6
3230.94173267897,4,47.5,0,0,0,5,0,0,5
3231.955831679981,4,31.0,0,1,0,4,0,0,5
3232.9697713999776,4,41.75,0,2,0,4,0,0,6
3233.9836184969754,4,46.5,0,1,0,5,0,0,6
3234.995556156966,4,54.25,0,0,1,5,0,0,6
3236.0129529589904,4,70.5,0,1,1,4,0,0,6
3237.0268214669777,4,69.75,2,1,1,2,2,0,6
3238.0406223449972,4,23.25,0,1,1,5,0,0,7
3239.054891057953,4,47.0,0,1,1,5,0,0,7
3240.067967334995,4,6.75,0,1,2,5,0,0,8
3241.0815220410004,4,68.25,0,1,1,6,0,0,8
3242.0951611279743,4,70.0,0,0,1,6,0,0,7
3243.1090381889953,4,33.5,0,2,1,5,0,0,8
3244.1227994829533,4,67.0,0,3,1,4,0,1,9
3245.1366421440034,4,47.75,0,3,1,4,0,0,8
3246.1492977029993,4,47.0,0,2,2,3,1,0,8
3247.1630685550044,4,0.0,0,0,3,4,0,0,7
3248.1768307879684,4,26.0,0,0,1,5,0,0,6
3249.1903415939887,4,71.25,0,0,1,5,0,0,6
3250.20344396797,4,46.5,2,0,1,3,2,0,6
3251.216959026002,4,46.75,2,0,1,2,3,0,6
3252.230409696989,4,16.0,0,0,2,3,0,0,5
3253.2418173080077,4,47.5,0,0,2,3,0,0,5
3254.253030775988,4,47.75,0,0,1,4,0,0,5
3255.2666670799954,4,70.5,0,0,1,4,0,0,5
3256.2783433789737,4,29.0,0,1,0,4,0,0,5
3257.2920021649916,4,26.25,0,1,0,2,2,0,5
3258.306186661008,4,39.0,0,1,1,2,0,1,5
3259.320217501954,4,54.0,1,0,0,4,0,0,4
3260.3330285630072,4,56.75,0,0,0,5,0,0,5
3261.346833854972,4,72.0,0,0,0,4,0,0,4
3262.360699948971,4,28.75,0,2,0,4,0,0,6
3263.3749924619915,4,70.75,0,0,2,4,0,0,6
3264.3886994149652,4,46.25,0,0,1,4,0,0,5
3265.4027918159845,4,49.0,0,0,0,4,0,1,5
3266.4155983529636,4,41.5,0,0,0,4,0,0,4
3267.429537568998,4,24.75,0,0,0,3,1,0,4
3268.4384325919673,4,24.25,0,0,1,3,0,0,4
3269.452714079991,4,30.75,1,0,0,4,0,0,4
3270.4660653179744,4,47.0,2,0,0,3,1,0,4
3271.478411124961,4,47.0,2,0,0,2,2,0,4
3272.4903485309915,4,28.25,0,3,0,2,0,0,5
3273.5014247419895,4,35.0,0,0,2,2,0,0,4
3274.5153397799586,4,9.75,1,0,0,3,1,0,4
3275.5283459629864,4,46.75,0,2,0,3,0,0,5
3276.5407353239716,4,20.25,0,0,2,3,0,0,5
3277.554706027964,4,24.0,0,1,0,5,0,0,6
3278.568432903965,4,47.0,0,1,1,5,0,0,7
3279.5824066539644,4,46.5,0,1,1,3,2,0,7
3280.5942474629846,4,46.75,0,1,1,2,1,2,7
3281.6082138459897,4,35.75,1,0,1,2,0,3,6
3282.6216776799993,4,27.25,0,1,0,3,0,0,4
3283.635557128,4,22.25,1,1,1,1,2,0,5
3284.650080934982,4,23.5,0,1,3,1,0,0,5
3285.663426828978,4,47.75,0,0,2,3,0,0,5
3286.680005834962,4,70.25,0,0,1,3,0,0,4
3287.693618698977,4,16.75,0,0,1,2,1,0,4
3288.705708628986,4,46.5,1,0,1,1,2,0,4
3289.7161797829904,4,23.25,1,0,1,1,2,0,4
3290.730174413009,4,23.25,1,0,0,2,0,2,4
3291.7423885519966,4,46.5,0,1,1,2,0,0,4
3292.7536062879954,4,46.5,0,2,2,1,1,0,6
3293.766885575955,4,24.25,0,2,1,1,0,2,6
3294.780520857952,4,16.25,0,3,1,1,0,1,6
3295.793276386976,4,23.75,0,3,2,1,0,0,6
3296.8078183759935,4,24.0,0,0,1,5,0,0,6
3297.821007866005,4,50.75,0,0,1,6,0,0,7
3298.8336469969945,4,70.5,1,0,0,7,0,0,7
3299.8439396989997,4,95.0,1,0,0,7,0,0,7
3300.855776229,4,94.0,0,1,0,7,0,0,8
3301.8664032609668,4,58.75,0,0,0,8,0,0,8
3302.8787817920092,4,72.5,0,0,0,7,0,0,7
3303.8929362309864,4,61.25,0,1,0,6,0,1,8
3304.9065798409865,4,69.5,0,0,0,5,0,1,6
3305.920496799983,4,23.75,0,0,0,4,1,1,6
3306.930851323006,4,34.0,0,0,0,1,4,1,6
3307.944701118977,4,23.25,0,0,0,1,3,2,6
3308.9580276809866,4,23.5,0,0,0,1,0,1,2
3309.9718282599933,4,23.75,0,0,0,0,0,0,0
3310.983805059979,4,0.0,0,0,0,0,0,0,0
3311.9967402860057,4,0.0,0,0,0,0,0,0,0
3313.0096755059785,4,0.0,1,0,0,0,0,0,0
3314.02267517196,4,0.0,1,0,0,0,0,0,0
3315.0361269699642,4,0.0,1,1,0,0,0,0,1
3316.048735677963,4,22.25,0,2,1,1,0,0,4
3317.062213044963,4,24.5,0,1,1,2,0,0,4
3318.0760138529586,4,23.75,0,1,1,2,0,0,4
3319.0894239919726,4,23.25,0,1,1,2,0,0,4
3320.1018218389945,4,31.25,0,0,1,3,0,0,4
3321.134059806005,4,46.0,0,0,1,3,0,0,4
3322.158283052966,4,35.25,0,0,0,4,0,0,4
3323.1723664219608,4,41.25,0,1,0,3,0,0,4
3324.185970356979,4,23.5,0,1,0,1,0,0,2
3325.19694742898,4,0.0,2,1,0,0,1,0,2
3326.2105443829787,4,0.0,0,4,1,0,0,1,6
3327.223570041009,4,23.5,0,5,0,1,0,0,6
3328.237515233981,4,13.25,0,0,3,3,0,0,6
3329.2512749399757,4,37.5,3,0,2,4,0,0,6
3330.2615974780056,4,71.25,3,0,2,4,0,0,6
3331.2739964369684,4,26.0,0,3,1,5,0,0,9
3332.287207403977,4,70.5,1,4,0,6,0,0,10
3333.2984321319964,4,47.5,0,1,4,6,0,0,11
3334.312794867961,4,37.5,0,2,2,9,0,0,13
3335.324403128994,4,19.25,0,1,2,8,0,0,11
3336.338435594982,4,95.75,0,1,0,10,0,0,11
3337.3520961669856,4,82.75,1,1,0,8,2,0,11
3338.3663540589623,4,33.25,0,3,0,6,0,1,10
3339.377642727981,4,60.25,0,0,1,8,0,0,9
3340.3916683649877,4,25.5,0,0,0,8,1,0,9
3341.4049026540015,4,69.5,0,0,0,7,2,0,9
3342.417521258001,4,63.0,0,2,0,7,0,0,9
3343.431175415986,4,46.0,0,2,1,6,0,0,9
3344.445114752976,4,47.0,0,1,1,8,0,0,10
3345.456854716991,4,71.5,0,1,1,7,1,0,10
3346.470726638974,4,71.0,1,1,1,5,3,0,10
3347.484193762997,4,46.75,2,1,1,3,5,0,10
3348.496294818993,4,49.0,0,2,0,5,0,0,7
3349.508490918961,4,69.75,0,1,1,4,1,0,7
3350.5194518059725,4,39.75,0,0,0,6,0,0,6
3351.533092455007,4,93.5,0,1,0,6,0,0,7
3352.5471620369935,4,45.75,0,1,0,6,0,0,7
3353.5606639079633,4,70.0,1,1,0,4,2,0,7
3354.5748562089866,4,69.5,0,1,1,3,0,3,8
3355.586539706972,4,46.0,0,2,0,4,0,0,6
3356.6001845349674,4,22.5,0,2,1,2,1,1,7
3357.614503662975,4,21.25,0,2,1,2,1,1,7
3358.6265561159817,4,23.25,0,1,2,1,0,0,4
3359.6385964229703,4,6.5,0,1,2,2,0,0,5
3360.6524763089838,4,5.75,0,2,1,4,0,0,7
3361.6661896749865,4,33.5,0,2,0,5,0,0,7
3362.680066825007,4,47.75,0,2,0,3,2,0,7
3363.69399863499,4,34.5,0,0,2,2,0,0,4
3364.705489800952,4,23.25,0,0,1,2,0,0,3
3365.7194621959934,4,47.0,0,1,0,3,0,0,4
3366.731712876004,4,48.0,0,2,0,3,0,0,5
3367.7456913859933,4,46.5,0,2,0,3,0,0,5
3368.759482603986,4,46.5,1,2,0,2,0,1,5
3369.773390634975,4,12.5,0,0,0,5,0,0,5
3370.7844684110023,4,49.75,0,1,0,5,0,0,6
3371.798696916958,4,23.0,1,2,0,5,0,0,7
3372.8110081109917,4,47.5,0,2,1,5,0,0,8
3373.8258311849786,4,1.5,0,0,0,8,0,0,8
3374.839319137973,4,54.0,0,0,0,6,0,0,6
3375.8526146669756,4,7.5,0,0,0,5,1,0,6
3376.8661335259676,4,70.25,0,0,0,5,1,0,6
3377.8799517179723,4,70.5,0,0,0,2,0,2,4
3378.889602358977,4,46.75,0,0,0,2,0,0,2
3379.903660699958,4,47.5,0,0,0,1,0,0,1
3380.9166423520073,4,12.75,0,0,0,1,0,0,1
3381.9295419039554,4,23.5,0,2,0,0,0,1,3
3382.939852865995,4,23.75,0,0,1,1,0,0,2
3383.952189677977,4,9.75,0,0,0,2,0,0,2
3384.962259019958,4,23.5,1,0,0,2,0,0,2
3385.975740088965,4,46.75,2,0,0,2,0,0,2
3386.985726740968,4,46.75,3,0,0,2,0,0,2
3387.9995517209754,4,30.5,0,3,0,2,0,0,5
3389.0133048860007,4,4.0,0,1,1,3,0,1,6
3390.0263083470054,4,70.25,0,1,0,5,0,0,6
3391.0378821449704,4,49.0,0,1,0,5,0,0,6
3392.0521285079885,4,94.5,2,1,0,4,1,0,6
3393.0660062169773,4,93.5,2,1,0,4,1,0,6
3394.0798853199813,4,58.0,0,3,0,5,0,0,8
3395.0934524099575,4,66.5,0,0,0,8,0,0,8
3396.1070349999936,4,47.25,0,0,0,8,0,0,8
3397.1189375949907,4,70.75,0,0,0,8,0,0,8
3398.1323325259727,4,47.75,0,0,0,3,5,0,8
3399.1438588539604,4,47.75,1,0,0,2,6,0,8
3400.1578450119705,4,6.75,0,2,0,2,0,0,4
3401.172074896982,4,0.0,0,1,1,3,0,0,5
3402.184287048003,4,24.75,0,1,0,3,1,0,5
3403.197976227966,4,23.25,0,1,0,3,1,0,5
3404.2117119790055,4,23.25,0,3,1,1,0,0,5
3405.225489903998,4,25.0,0,0,2,3,0,0,5
3406.2393247589935,4,23.25,0,0,0,5,0,0,5
3407.253118485969,4,23.25,0,0,0,4,0,0,4
3408.2669449810055,4,22.75,1,2,0,4,0,0,6
3409.281126785965,4,47.5,1,2,0,4,0,0,6
3410.2943832839956,4,46.75,0,3,1,4,0,0,8
3411.3083739450085,4,61.5,0,2,1,5,0,0,8
3412.322234714986,4,71.5,0,2,0,6,0,0,8
3413.3355296839727,4,47.5,0,2,1,6,0,0,9
3414.3470430859597,4,71.25,0,2,2,6,0,0,10
3415.3610143259866,4,47.75,0,3,1,7,0,0,11
3416.3733734499547,4,20.5,0,0,4,5,1,1,11
3417.3863219799823,4,76.25,0,0,2,5,3,0,10
3418.3994914459763,4,70.25,0,0,2,3,5,0,10
3419.411558666965,4,46.25,0,0,1,4,0,0,5
3420.4247656840016,4,49.25,0,0,0,5,0,0,5
3421.4372362829745,4,41.25,0,0,0,3,0,0,3
3422.4515016049845,4,37.25,1,0,0,3,0,0,3
3423.465730201977,4,10.0,0,1,0,2,0,0,3
3424.4799481829978,4,23.5,0,3,0,2,0,0,5
3425.4943438709597,4,0.25,0,3,0,3,0,0,6
3426.510538746952,4,46.75,0,4,0,3,0,0,7
3427.5257152050035,4,47.0,0,4,0,3,0,0,7
3428.539399640984,4,46.5,0,0,3,4,0,0,7
3429.553245652991,4,22.5,0,0,2,5,0,0,7
3430.5640103750047,4,60.0,0,0,1,4,0,0,5
3431.5783156539546,4,68.5,0,0,0,4,1,0,5
3432.590081242961,4,36.5,0,1,0,4,0,0,5
3433.6041158789885,4,49.25,0,1,0,4,0,1,6
3434.617661546974,4,67.5,0,0,0,5,0,0,5
3435.632141154958,4,23.25,0,0,0,4,1,0,5
3436.645882557961,4,70.75,2,0,0,2,3,0,5
3437.6615470359684,4,47.25,0,2,0,1,0,4,7
3438.6740157390013,4,7.75,0,1,1,1,0,0,3
3439.6862225009827,4,17.25,1,2,1,2,0,0,5
3440.6999981149565,4,20.0,0,3,1,3,0,0,7
3441.7162009659805,4,65.5,0,3,0,4,0,0,7
3442.7276708380086,4,23.25,0,1,2,4,0,0,7
3443.759992608975,4,71.75,0,1,1,5,0,0,7
3444.7752530679572,4,0.0,0,1,1,5,0,0,7
3445.7884345959756,4,57.5,0,1,1,5,0,0,7
3446.80082184996,4,55.0,0,1,1,3,2,0,7
3447.815583505959,4,46.5,1,1,1,3,2,0,7
3448.829210124968,4,46.75,0,1,2,4,0,0,7
3449.8366726950044,4,17.25,0,0,2,5,0,0,7
3450.8496869640076,4,47.25,0,1,1,5,1,0,8
3451.8616898309556,4,72.5,0,1,1,4,2,0,8
3452.8756834869855,4,69.25,0,2,0,3,0,0,5
3453.8894784869626,4,55.75,0,1,2,3,0,0,6
3454.903390751977,4,40.5,0,1,1,4,0,0,6
3455.9141624890035,4,35.0,1,1,1,4,0,0,6
3456.927996908955,4,70.5,1,1,1,3,1,0,6
3457.9416569089517,4,70.5,3,1,1,2,2,0,6
3458.9548609119956,4,23.5,0,2,2,2,0,0,6
3459.9687533399556,4,44.75,0,0,0,6,0,0,6
3460.9800318759517,4,96.75,1,0,0,6,0,0,6
3461.9920046229963,4,94.25,3,0,0,4,2,0,6
3463.005884045968,4,71.25,3,0,0,3,3,0,6
3464.0195219519665,4,46.5,0,3,0,3,0,3,9
3465.0332379349857,4,29.5,0,1,2,4,0,0,7
3466.0453776840004,4,0.0,0,1,2,5,0,0,8
3467.0584894249914,4,9.5,0,1,2,4,1,0,8
3468.0693549879943,4,70.75,0,3,1,5,0,0,9
3469.084095033002,4,41.5,0,3,1,5,0,0,9
3470.0975446999655,4,48.5,0,0,2,7,0,0,9
3471.109591542976,4,53.75,0,0,0,8,1,0,9
3472.120088737982,4,93.25,2,0,0,7,2,0,9
3473.131110963004,4,93.5,4,0,0,6,3,0,9
3474.144972765993,4,70.0,0,2,1,7,0,0,10
3475.1584696240025,4,68.5,0,0,2,6,0,1,9
3476.172362010984,4,72.0,0,1,2,6,0,0,9
3477.186225175974,4,75.0,0,1,2,6,0,1,10
3478.199871724006,4,52.0,0,0,3,6,0,0,9
3479.211619771959,4,71.0,0,0,2,5,0,1,8
3480.2248086489853,4,70.5,0,2,2,4,0,0,8
3481.23780634196,4,47.0,2,2,2,1,3,0,8
3482.2502426099963,4,3.75,0,1,5,1,0,0,7
3483.261751596001,4,65.25,0,0,1,6,0,0,7
3484.27415242797,4,2.5,0,0,1,7,0,0,8
3485.284300608968,4,90.75,0,0,0,8,0,0,8
3486.2966401649755,4,93.75,0,0,0,8,0,0,8
3487.3105926789576,4,94.25,0,0,0,6,2,0,8
3488.3238327889703,4,70.75,1,0,0,5,3,0,8
3489.3376549649984,4,39.5,0,0,1,5,0,0,6
3490.3470298519824,4,71.0,0,1,0,5,0,0,6
3491.35878655297,4,23.25,0,0,0,5,1,0,6
3492.370908262965,4,46.25,3,0,0,4,1,1,6
3493.382395930006,4,68.0,0,1,0,5,0,0,6
3494.3970641859923,4,67.5,0,1,1,4,0,0,6
3495.410709204967,4,46.75,0,1,1,3,0,0,5
3496.422053197981,4,94.5,0,0,1,4,0,0,5
3497.435606412997,4,59.25,0,1,0,5,0,0,6
3498.44925356796,4,70.75,0,0,1,4,0,0,5
3499.462989670981,4,34.75,0,2,0,4,0,0,6
3500.4768528179848,4,33.75,0,0,0,6,0,0,6
3501.490853472962,4,69.5,0,0,0,5,0,0,5
3502.504296048952,4,70.25,0,0,0,5,0,0,5
3503.5165912960074,4,71.0,1,0,0,4,1,0,5
3504.5305663179606,4,41.5,0,1,0,4,0,0,5
3505.544141621969,4,39.25,0,0,0,4,0,0,4
3506.5556824349915,4,23.75,0,0,0,3,0,0,3
3507.569272883993,4,23.25,0,0,0,2,0,0,2
3508.5849369239877,4,27.5,0,2,0,2,0,0,4
3509.5947684749844,4,39.0,0,0,2,1,0,0,3
3510.607670340978,4,25.0,0,2,1,2,0,0,5
3511.6208624859573,4,23.25,1,2,1,1,1,0,5
3512.6353949439945,4,21.0,0,4,2,1,0,1,8
3513.649087584985,4,0.0,0,1,1,5,0,0,7
3514.661401310994,4,70.75,0,0,1,6,0,0,7
3515.675140556006,4,71.5,0,0,0,6,1,0,7
3516.688463551982,4,93.75,0,0,0,6,1,0,7
3517.7001036999864,4,93.25,0,1,0,6,0,0,7
3518.7138707959675,4,63.0,0,0,1,4,0,0,5
3519.7275711789844,4,55.25,0,2,0,5,0,0,7
3520.7413700989564,4,94.0,0,3,0,5,0,0,8
3521.754029606993,4,69.25,0,2,0,5,0,0,7
3522.7655463509727,4,31.0,0,0,0,4,0,0,4
3523.7745629679994,4,47.0,0,0,0,4,0,0,4
3524.788559052977,4,38.25,0,0,1,4,0,0,5
3525.797557643964,4,48.5,0,1,0,5,0,0,6
3526.810341921984,4,47.0,3,1,0,3,2,0,6
3527.8214078919846,4,70.5,4,1,0,3,2,0,6
3528.835131482978,4,70.25,0,5,0,3,0,2,10
3529.8463710569777,4,19.0,0,2,3,3,0,0,8
3530.8588302249555,4,35.5,0,1,1,7,0,0,9
3531.8739761729958,4,23.5,0,0,1,8,0,0,9
3532.885345969,4,31.25,0,2,1,6,0,0,9
3533.898872116988,4,47.25,0,0,1,8,0,0,9
3534.912641368981,4,47.0,0,0,0,8,0,0,8
3535.9259417249705,4,23.5,0,0,0,6,0,0,6
3536.9384724799893,4,46.0,0,1,0,5,0,1,7
3537.952383490978,4,23.5,0,1,0,5,0,0,6
3538.964529149991,4,32.0,0,1,1,4,0,1,7
3539.9783534079907,4,71.25,0,1,1,5,0,0,7
3540.9897712299717,4,69.5,0,0,0,7,0,0,7
3542.001464361965,4,71.0,0,0,1,5,1,0,7
3543.0154479760095,4,32.25,0,0,0,5,0,1,6
3544.0271689569927,4,70.0,0,0,0,4,0,0,4
3545.039093370957,4,47.25,0,0,0,3,0,0,3
3546.052700654953,4,70.75,0,0,0,2,0,0,2
3547.0632847140078,4,23.25,0,0,1,3,0,0,4
3548.0781525310013,4,72.0,0,0,0,4,0,0,4
3549.0905423549702,4,70.75,0,0,0,4,0,0,4
3550.1020879200078,4,23.25,0,0,0,1,0,1,2
3551.1154101589927,4,27.5,0,0,1,1,0,0,2
3552.129095862969,4,23.75,0,0,0,2,0,0,2
3553.142654354975,4,47.0,0,0,0,2,0,0,2
3554.1563114099554,4,46.25,2,0,0,2,0,0,2
3555.1701870299876,4,46.75,1,2,0,2,0,0,4
3556.183875572984,4,0.0,0,1,2,1,0,0,4
3557.197975998977,4,0.0,0,2,2,1,0,0,5
3558.211364084971,4,23.25,2,2,2,1,0,0,5
3559.224689529976,4,0.0,2,2,2,0,1,0,5
3560.2384880019818,4,12.0,0,4,1,1,0,1,7
3561.252270941972,4,29.75,0,3,1,3,0,0,7
3562.2661709520034,4,22.75,0,5,0,4,0,0,9
3563.2795605749707,4,47.25,1,5,0,4,0,0,9
3564.29327884299,4,13.75,0,1,4,5,0,0,10
3565.3415498429677,4,19.0,0,1,3,5,0,0,9
3566.378241585975,4,35.25,0,1,2,6,0,0,9
3567.392272259982,4,47.5,1,0,2,6,1,0,9
3568.4056801149854,4,64.25,0,2,1,6,0,0,9
3569.4196874609916,4,40.25,0,2,2,7,0,0,11
3570.433649779996,4,71.25,0,1,2,8,0,0,11
3571.4476339599933,4,70.0,3,3,2,5,3,0,13
3572.459697454993,4,46.75,5,3,2,3,5,0,13
3573.474396949983,4,47.25,0,9,1,4,0,0,14
3574.488542502979,4,41.25,0,0,4,10,0,0,14
3575.5005344479578,4,94.75,0,0,1,9,0,1,11
3576.5168055719696,4,95.75,0,0,0,7,0,0,7
3577.5305015789927,4,48.0,0,3,0,6,0,1,10
3578.5428237830056,4,70.25,0,8,0,5,1,0,14
3579.5573545129737,4,35.5,0,4,4,4,0,1,13
3580.5695500279544,4,51.75,0,0,2,8,1,0,11
3581.583326947002,4,47.5,0,2,1,7,1,0,11
3582.5970066270093,4,78.5,0,0,2,7,0,0,9
3583.60825383896,4,94.5,0,0,2,7,0,0,9
3584.621858564962,4,64.5,0,0,1,8,0,0,9
3585.6355918689515,4,70.25,0,0,0,6,0,0,6
3586.645870717999,4,37.25,0,0,0,5,1,0,6
3587.6519222759525,4,47.25,0,1,0,4,0,0,5
3588.665716513002,4,23.0,1,2,0,4,0,0,6
3589.679195765988,4,47.5,0,3,0,4,0,0,7
3590.6918054499547,4,22.75,1,2,1,1,2,0,6
3591.7052384269773,4,23.25,1,2,1,0,3,0,6
3592.719296786003,4,0.0,0,1,3,0,0,1,5
3593.7331626979867,4,0.0,0,1,3,0,0,0,4
3594.747099982982,4,0.0,0,1,3,0,0,0,4
3595.761235983984,4,25.0,0,2,2,1,0,0,5
3596.775105475972,4,0.0,0,3,1,2,0,0,6
3597.788935539953,4,25.0,0,2,1,3,0,0,6
3598.802340197959,4,23.75,0,2,0,4,0,0,6
3599.8164100709837,4,39.75,0,2,0,4,0,0,6
3600.8297178020002,4,48.0,0,2,0,3,1,0,6
3601.8438860859605,4,39.75,0,1,1,3,0,1,6
3602.85812676599,4,23.25,0,0,2,3,0,0,5
3603.8704432259547,4,36.25,0,1,1,3,0,0,5
3604.8848312649643,4,23.75,0,2,1,4,0,0,7
3605.898292531958,4,37.0,0,1,1,5,0,0,7
3606.912119669956,4,70.0,0,1,1,3,2,0,7
3607.92552541598,4,46.5,0,1,1,3,2,0,7
3608.9395697639557,4,23.25,0,2,1,3,0,0,6
3609.953436895972,4,47.75,0,0,2,4,0,0,6
3610.967273315997,4,18.5,0,1,0,6,0,0,7
3611.978506043961,4,80.5,2,1,0,6,0,0,7
3612.989731662965,4,94.75,0,3,0,6,0,1,10
3614.002490083978,4,95.0,0,3,0,4,2,1,10
3615.016355294967,4,47.25,0,0,1,6,0,0,7
3616.028166209988,4,49.0,1,0,0,7,0,0,7
3617.040601621964,4,70.75,0,1,0,7,0,0,8
3618.054176047968,4,23.5,0,2,0,7,0,0,9
3619.0663227699697,4,73.0,0,2,2,5,2,0,11
3620.078111390001,4,6.5,0,1,3,3,3,1,11
3621.0896833830047,4,47.0,0,0,3,3,0,1,7
3622.101713498996,4,71.25,0,0,3,3,0,1,7
3623.1137051029946,4,28.5,0,0,2,3,0,0,5
3624.127251297992,4,54.5,0,0,1,3,0,0,4
3625.1409316429636,4,19.0,0,0,0,4,0,0,4
3626.1476804579725,4,70.25,1,0,0,4,0,0,4
3627.1614223939832,4,71.75,1,0,0,3,1,0,4
3628.1749176019803,4,0.0,1,0,0,0,4,0,4
3629.188469504006,4,0.0,3,0,0,0,0,4,4
3630.202255668002,4,2.0,0,0,2,2,0,0,4
3631.2157873449614,4,47.0,0,0,1,4,0,0,5
3632.230189754977,4,28.5,0,1,1,4,0,0,6
3633.2436578319757,4,48.5,0,1,1,4,0,0,6
3634.2573111949605,4,47.75,0,1,1,4,0,0,6
3635.273560033005,4,47.25,1,1,1,4,0,0,6
3636.2870289129787,4,35.0,0,0,2,4,1,0,7
3637.3008537669666,4,2.25,0,2,1,5,0,0,8
3638.314542774984,4,31.75,0,3,0,6,0,0,9
3639.328023654991,4,46.75,1,3,0,4,2,0,9
3640.3416416029795,4,29.5,0,2,3,3,1,1,10
3641.3533307539765,4,31.25,0,0,3,4,0,0,7
3642.3665341039887,4,48.0,0,0,0,6,0,0,6
3643.376235187985,4,48.0,0,0,0,6,0,0,6
3644.3895079219947,4,71.0,0,0,0,5,0,0,5
3645.4034818509826,4,59.5,2,0,0,3,2,0,5
3646.4171154299984,4,70.75,4,0,0,2,3,0,5
3647.431174795958,4,26.0,0,6,0,1,0,2,9
3648.445555045968,4,0.0,0,6,3,2,0,0,11
3649.4597500569653,4,3.0,0,4,2,5,0,0,11
3650.4737278620014,4,30.25,0,3,1,5,1,1,11
3651.4877730609733,4,24.0,0,2,1,6,1,0,10
3652.5000124269864,4,70.75,1,3,2,4,1,2,12
3653.5108382469625,4,0.0,0,3,3,6,0,0,12
3654.524572281982,4,36.75,0,0,2,8,1,1,12
3655.5396863329806,4,71.25,0,0,0,7,0,0,7
3656.5508154249983,4,62.25,1,1,0,5,2,0,8
3657.5644670299953,4,70.5,1,1,0,4,3,0,8
3658.578456450952,4,71.5,1,1,0,4,3,0,8
3659.5894220199552,4,72.0,0,2,1,3,0,0,6
3660.6026401589625,4,30.0,0,0,1,4,1,0,6
3661.6161625699606,4,36.5,0,2,1,3,1,0,7
3662.630207330978,4,47.75,2,2,1,3,1,0,7
3663.6439386159764,4,16.25,0,3,2,4,0,0,9
3664.657491609978,4,36.25,1,3,2,2,2,0,9
3665.671625420975,4,47.75,0,4,1,3,0,2,10
3666.6809630069765,4,46.25,0,4,4,4,0,0,12
3667.693628068955,4,43.0,0,4,2,7,0,0,13
3668.704158058972,4,34.75,0,5,1,5,3,0,14
3669.727538064006,4,48.0,0,5,1,4,4,0,14
3670.738867622975,4,47.0,0,1,4,4,0,0,9
3671.7497536260053,4,35.5,0,2,1,6,1,0,10
3672.7616550229723,4,63.5,0,1,2,7,0,0,10
3673.777882019989,4,93.5,4,1,2,6,1,0,10
3674.7900883079856,4,93.75,9,1,2,6,1,0,10
3675.800750842958,4,95.5,10,1,2,5,1,1,10
3676.814151183993,4,30.0,3,7,3,5,0,1,16
3677.828176810988,4,71.0,4,6,3,7,0,0,16
3678.8415799329523,4,19.5,4,3,4,9,0,0,16
3679.855143096007,4,69.5,4,3,4,8,1,0,16
3680.868339077977,4,94.75,5,3,3,8,0,2,16
3681.884122807998,4,1.75,4,3,2,8,1,2,16
3682.8979758499772,4,65.75,2,4,3,6,2,1,16
3683.9117469890043,4,76.0,0,5,1,6,3,1,16
3684.923941301997,4,91.5,0,1,4,7,0,0,12
3685.9374520609854,4,27.25,0,2,2,8,1,0,13
3686.9583448299672,4,93.75,0,2,2,6,3,0,13
3687.9790875850013,4,64.25,2,2,2,3,6,0,13
3688.989794305002,4,43.75,3,2,2,2,7,0,13
3690.003695866966,4,23.25,0,5,2,1,0,4,12
3691.0172183379764,4,4.75,0,4,3,3,0,0,10
3692.0304354229593,4,12.25,0,3,0,6,0,0,9
3693.0457618369837,4,23.75,0,3,0,6,0,0,9
3694.056818971003,4,71.0,2,3,0,6,0,0,9
3695.070589387964,4,70.25,0,1,3,6,0,0,10
3696.0833045949694,4,49.5,0,0,1,8,1,0,10
3697.0972901610075,4,95.25,1,0,1,8,1,0,10
3698.110326627968,4,79.25,0,2,1,8,0,0,11
3699.121426505968,4,72.25,0,0,1,10,0,0,11
3700.133647045004,4,32.25,2,0,1,8,0,1,10
3701.144535120984,4,70.75,2,0,0,7,1,2,10
3702.1570627960027,4,71.75,0,0,1,7,0,0,8
3703.1705874970066,4,48.25,0,1,0,7,0,0,8
3704.184225576988,4,70.75,1,1,0,6,1,0,8
3705.197658713965,4,60.5,1,3,0,6,0,1,10
3706.2114482959732,4,69.5,0,3,1,4,0,0,8
3707.224859124981,4,73.25,0,0,2,6,0,0,8
3708.2383216290036,4,29.25,0,1,0,5,1,1,8
3709.252136130992,4,42.0,0,0,1,6,0,0,7
3710.265853001969,4,40.5,0,1,0,6,0,0,7
3711.2791768079624,4,47.25,0,0,0,6,0,0,6
3712.293677070993,4,47.25,0,0,0,5,1,0,6
3713.3068800129695,4,47.25,1,0,0,5,1,0,6
3714.3238406949677,4,47.25,0,1,0,5,0,1,7
3715.3374445500085,4,46.5,0,1,0,5,0,0,6
3716.3515170749743,4,68.75,0,1,1,5,0,0,7
3717.3655369339976,4,70.5,0,0,2,5,0,0,7
3718.3791379689937,4,58.75,0,3,1,5,0,0,9
3719.393396948988,4,21.75,0,3,1,4,0,0,8
3720.409739244962,4,22.75,0,0,3,3,0,0,6
3721.423421508982,4,23.0,0,0,3,2,1,0,6
3722.438178672979,4,47.25,1,0,3,2,1,0,6
3723.4518356929766,4,47.25,1,0,3,1,2,0,6
3724.466763329983,4,0.0,0,2,1,2,0,1,6
3725.4791600659955,4,0.0,0,1,5,2,0,0,8
3726.4934889180004,4,0.0,0,1,3,4,0,0,8
3727.507454759965,4,70.5,0,0,0,6,0,0,6
3728.5217878249823,4,71.5,0,0,0,6,0,0,6
3729.5344050359563,4,46.5,0,2,0,6,0,0,8
3730.5468538010027,4,47.0,0,0,1,7,0,0,8
3731.5588813209906,4,71.0,0,0,1,7,0,0,8
3732.572764194978,4,70.0,1,0,1,7,0,0,8
3733.586709483003,4,70.75,0,1,0,7,0,0,8
3734.6010465999716,4,61.5,0,2,0,8,0,0,10
3735.615401212999,4,70.5,0,1,1,8,0,0,10
3736.626638307993,4,70.5,0,1,1,8,0,0,10
3737.6405756169697,4,71.0,0,1,2,6,0,1,10
3738.653936518007,4,23.5,0,0,0,9,0,0,9
3739.667946978996,4,94.25,0,0,0,7,1,0,8
3740.6823972939746,4,95.0,0,0,0,7,0,1,8
3741.6957639610046,4,95.0,0,0,0,4,3,1,8
3742.709267284954,4,70.75,0,0,0,3,4,1,8
3743.723093011009,4,71.5,0,1,0,3,0,0,4
3744.735373414005,4,55.75,0,1,1,2,0,0,4
3745.7491735990043,4,21.0,0,0,1,2,1,0,4
3746.762893143983,4,47.0,0,0,0,2,0,0,2
3747.7772304609534,4,30.25,0,0,0,2,0,0,2
3748.79126690299,4,46.25,0,0,0,2,0,0,2
3749.801996167982,4,8.5,1,0,0,1,0,0,1
3750.8157945299754,4,23.75,2,0,0,0,1,0,1
3751.829255438992,4,0.0,2,0,0,0,1,0,1
3752.8434099649894,4,0.0,0,2,1,0,0,0,3
3753.8530465209624,4,2.25,0,0,2,2,0,0,4
3754.8643364579766,4,0.0,0,0,1,3,0,0,4
3755.877988808963,4,46.5,0,0,1,3,0,0,4
3756.891699287982,4,46.75,0,1,0,4,0,0,5
3757.905770165962,4,29.25,0,0,0,5,0,0,5
3758.9195249199984,4,46.5,0,0,0,5,0,0,5
3759.933477137005,4,47.5,0,0,0,4,0,0,4
3760.9476427939953,4,24.0,0,0,0,3,1,0,4
3761.9613530189963,4,47.25,0,1,0,3,0,0,4
3762.975295740005,4,31.75,0,0,1,1,0,1,3
3763.988864872954,4,1.5,0,0,0,2,0,0,2
3765.002873892954,4,24.25,0,2,0,2,0,0,4
3766.016750710958,4,23.25,0,3,1,3,0,0,7
3767.0305644939654,4,9.75,0,3,1,1,2,0,7
3768.0443500269903,4,23.5,0,3,1,1,2,0,7
3769.057203098957,4,24.25,1,2,1,2,0,2,7
3770.071428453957,4,49.0,0,4,0,3,0,0,7
3771.085042794002,4,69.75,0,0,2,4,0,0,6
3772.096933254972,4,88.25,1,1,0,6,0,0,7
3773.110571208992,4,49.5,0,2,0,5,0,0,7
3774.1222504469915,4,49.0,0,0,1,6,0,0,7
3775.1331550669856,4,70.5,0,0,0,7,0,0,7
3776.146669232985,4,93.25,1,1,0,6,1,0,8
3777.160107099975,4,95.5,1,1,0,6,1,0,8
3778.171266118996,4,71.5,2,1,0,4,3,0,8
3779.1823898250004,4,68.25,3,1,0,3,0,4,8
3780.194524028979,4,25.0,0,0,0,7,0,0,7
3781.2064473599894,4,70.0,0,2,0,4,1,0,7
3782.220579980989,4,70.25,0,2,0,4,1,0,7
3783.2358210709644,4,71.25,0,2,0,4,1,0,7
3784.246927472006,4,71.25,2,2,0,4,1,0,7
3785.2591747809784,4,70.25,3,2,0,4,0,1,7
3786.2727937059826,4,0.0,0,2,3,4,0,0,9
3787.2869178529945,4,47.0,0,3,2,5,0,0,10
3788.300597272988,4,23.5,0,1,2,7,0,0,10
3789.313805661979,4,58.5,0,0,1,7,0,0,8
3790.3272673289757,4,60.75,0,0,0,8,0,0,8
3791.340946915967,4,71.25,0,0,0,8,0,0,8
3792.3548142329673,4,46.75,0,0,0,7,1,0,8
3793.3687200209824,4,71.0,1,0,0,7,1,0,8
3794.3810034369817,4,71.5,0,1,0,6,0,2,9
3795.3921898929984,4,47.75,0,1,0,4,0,1,6
3796.40446728596,4,0.0,0,0,0,2,1,0,3
3797.417702318984,4,23.5,1,0,0,2,0,1,3
3798.4318175379885,4,23.5,0,1,0,2,0,0,3
3799.4441769309924,4,4.0,0,2,0,2,1,0,5
3800.4579763799557,4,2.75,0,0,1,2,0,1,4
3801.4712750239996,4,25.5,0,0,0,3,0,0,3
3802.4852661429904,4,46.5,0,0,0,3,0,0,3
3803.4987501229625,4,32.0,0,0,0,3,0,0,3
3804.510007801,4,47.25,1,0,0,2,1,0,3
3805.5220639449544,4,47.5,0,3,0,2,0,0,5
3806.5362626319984,4,46.75,0,3,1,4,0,0,8
3807.549809860997,4,73.5,0,0,0,8,0,0,8
3808.5762481199927,4,94.5,3,0,0,3,4,0,7
3809.6001264519873,4,28.25,5,0,0,3,4,0,7
3810.6075240399805,4,44.5,6,0,0,3,0,4,7
3811.620571301959,4,23.5,0,6,0,2,1,1,10
3812.634698313952,4,23.25,3,6,0,2,1,1,10
3813.648431123991,4,23.5,0,9,0,2,0,0,11
3814.6621367339976,4,23.25,0,4,1,6,0,0,11
3815.676139660005,4,15.25,1,0,3,6,2,0,11
3816.687078813964,4,70.25,2,0,3,5,3,0,11
3817.701020660985,4,70.0,0,2,2,5,0,0,9
3818.7146774559515,4,54.5,0,4,2,3,2,1,12
3819.7281377459876,4,48.25,0,3,1,5,0,0,9
3820.7415172199835,4,23.0,0,1,1,7,0,0,9
3821.755473192956,4,52.5,0,1,1,8,0,0,10
3822.767182335956,4,49.5,1,1,0,9,0,0,10
3823.7788236709894,4,93.25,1,1,0,8,1,0,10
3824.7915144200088,4,92.5,2,1,0,5,4,0,10
3825.8053464799887,4,71.5,2,1,0,2,7,0,10
3826.818543661968,4,47.0,0,2,1,2,0,3,8
3827.829603438964,4,48.75,0,0,0,4,0,0,4
3828.843042547989,4,70.75,0,0,0,4,0,0,4
3829.8550088430056,4,70.5,0,0,0,3,1,0,4
3830.868665772956,4,70.75,0,0,0,3,1,0,4
3831.87996619998,4,70.5,0,0,0,3,0,0,3
3832.893836812,4,71.5,0,0,0,2,0,0,2
3833.9073533469927,4,23.5,2,0,0,2,0,0,2
3834.9210727239843,4,44.0,0,3,0,1,0,0,4
3835.932634115976,4,0.0,1,3,0,0,0,0,3
3836.9467684139963,4,0.0,0,1,3,0,0,0,4
3837.960908499954,4,0.5,0,0,3,1,0,0,4
3838.974483751983,4,23.5,0,2,1,3,0,0,6
3839.988335617003,4,46.5,0,2,1,3,0,0,6
3841.0025423569605,4,70.5,0,2,1,3,0,0,6
3842.0168823179556,4,70.0,0,2,1,4,0,0,7
3843.0310992649756,4,23.0,0,3,2,4,0,0,9
3844.044740904006,4,29.0,0,1,1,7,0,0,9
3845.0593735389994,4,59.25,0,1,0,9,0,0,10
3846.0723036569543,4,47.5,0,1,0,10,0,0,11
3847.0858156839968,4,46.75,1,0,0,9,2,0,11
3848.0981702159625,4,94.0,2,0,0,7,4,0,11
3849.1114689609967,4,71.25,3,0,0,6,5,0,11
3850.1254548809957,4,70.5,3,0,0,6,0,5,11
3851.1389558619703,4,69.75,0,4,0,5,0,1,10
3852.152131926967,4,31.5,0,0,3,5,0,1,9
3853.1647921229596,4,47.25,2,0,2,5,1,0,8
3854.1765798520064,4,35.75,0,3,1,3,0,0,7
3855.1875749979517,4,48.75,0,2,1,4,0,0,7
3856.2015003949637,4,71.25,0,2,1,2,2,0,7
3857.2148497169837,4,45.5,0,0,0,5,0,1,6
3858.2263637969736,4,45.5,2,2,0,3,2,1,8
3859.23992177099,4,47.0,0,5,0,3,0,2,10
3860.2540270829923,4,26.5,0,3,2,5,1,0,11
3861.268213262956,4,60.0,0,1,0,6,2,0,9
3862.279758352961,4,70.25,3,1,0,4,3,0,8
3863.293148064986,4,46.75,4,1,0,3,4,0,8
3864.3068197759567,4,47.0,5,1,0,2,5,0,8
3865.3185631049564,4,23.25,6,1,0,1,1,5,8
3866.332341323956,4,17.0,0,0,2,6,0,0,8
3867.346788319992,4,84.5,0,0,0,7,0,0,7
3868.3575542059843,4,92.5,0,0,0,5,2,0,7
3869.3690744769992,4,70.25,0,0,0,3,4,0,7
3870.383328332973,4,26.75,0,0,0,3,0,0,3
3871.395947197976,4,17.25,0,1,0,3,0,0,4
3872.4090592449647,4,47.0,0,2,0,2,1,0,5
3873.4220258709975,4,46.5,0,2,0,2,0,0,4
3874.441137265996,4,46.75,1,2,0,1,1,0,4
3875.453418956953,4,0.0,0,1,2,0,0,1,4
3876.467014266993,4,24.75,2,1,0,2,0,0,3
3877.4792407369823,4,23.25,0,3,1,2,0,0,6
3878.4929391159676,4,7.25,0,3,0,3,0,0,6
3879.5047532169847,4,23.25,0,3,0,3,0,0,6
3880.517539549968,4,23.0,0,3,1,3,0,0,7
3881.5312287689885,4,10.75,0,2,1,4,0,0,7
3882.5437316379976,4,23.75,0,1,1,6,0,0,8
3883.553960779973,4,20.25,1,2,1,5,1,0,9
3884.567694160971,4,70.0,0,3,1,5,0,1,10
3885.577782430977,4,47.75,0,0,3,4,0,0,7
3886.589854057005,4,71.0,0,0,0,6,0,1,7
3887.6035676759784,4,46.25,0,0,0,5,1,1,7
3888.614035133971,4,46.5,2,0,0,4,2,1,7
3889.627696361975,4,46.75,2,0,0,3,1,2,6
3890.6401345779886,4,19.5,0,2,1,2,0,0,5
3891.6517518080072,4,48.25,0,0,0,6,0,0,6
3892.664441882982,4,23.5,0,0,0,6,0,0,6
3893.676525346993,4,70.75,0,2,0,6,0,0,8
3894.6844736489584,4,63.75,0,1,0,7,0,0,8
3895.6971904679667,4,30.75,0,0,1,7,0,0,8
3896.708361869969,4,27.75,0,1,0,7,1,0,9
3897.715809472953,4,71.5,0,1,0,6,2,0,9
3898.729167712969,4,70.25,1,1,0,4,4,0,9
3899.7431821509963,4,45.75,0,2,0,5,0,0,7
3900.7562323579914,4,72.5,0,0,1,4,0,0,5
3901.770363682008,4,24.75,1,0,0,5,0,0,5
3902.7846542579937,4,16.0,0,0,1,1,0,0,2
3903.7945522409864,4,23.5,0,0,0,2,0,0,2
3904.8067861879827,4,47.0,0,1,0,2,0,0,3
3905.818642527971,4,34.0,0,2,0,2,0,0,4
3906.837437779992,4,47.0,0,0,2,2,0,0,4
3907.85144044098,4,25.0,0,0,0,2,0,0,2
3908.8651893200004,4,46.75,0,0,0,2,0,0,2
3909.87907903397,4,46.75,0,0,0,2,0,0,2
3910.892282924964,4,47.0,0,0,0,2,0,0,2
3911.906224965991,4,47.0,1,0,0,2,0,0,2
3912.920481293986,4,21.25,0,1,0,2,0,0,3
3913.9341189779807,4,47.25,0,2,0,2,0,0,4
3914.9478838939685,4,21.75,0,1,0,1,2,0,4
3915.9615862219944,4,24.25,0,0,0,2,0,0,2
3916.9755498869927,4,23.25,0,0,0,2,0,0,2
3917.9886772699538,4,23.5,0,0,0,2,0,0,2
3919.0005207739887,4,23.5,0,0,0,1,0,0,1
3920.014221811958,4,0.0,3,0,0,1,0,0,1
3921.028037385957,4,23.25,3,0,0,0,1,0,1
3922.04143618996,4,0.0,0,3,0,0,0,0,3
3923.0542623999645,4,0.0,0,0,1,2,0,0,3
3924.0671543019707,4,45.5,0,0,0,3,0,0,3
3925.0794119130005,4,47.5,0,0,0,3,0,0,3
3926.0931092060055,4,47.25,0,0,0,3,0,0,3
3927.106952133996,4,46.75,0,0,0,3,0,0,3
3928.120290166,4,46.75,0,0,0,2,0,0,2
3929.134211685974,4,47.0,0,0,0,2,0,0,2
3930.1479441649863,4,47.0,0,0,0,0,2,0,2
3931.1838056200068,4,0.0,0,0,0,0,0,0,0
3932.197620755993,4,0.0,0,0,0,0,0,0,0
3933.2114539449685,4,5.5,0,1,0,0,0,0,1
3934.224490182998,4,0.0,0,1,5,1,0,0,7
3935.2386568249785,4,42.5,0,2,3,5,0,0,10
3936.2520793709555,4,64.75,0,0,1,4,1,0,6
3937.2675763010047,4,48.25,0,0,0,5,0,0,5
3938.2815325779957,4,23.5,0,0,0,1,4,0,5
3939.2950778729864,4,23.5,0,0,0,1,0,0,1
3940.3076672789757,4,0.0,0,0,0,1,0,0,1
3941.32114777097,4,23.5,0,0,0,1,0,0,1
3942.334945553972,4,7.0,0,0,0,1,0,0,1
3943.345914776961,4,0.0,0,0,0,0,0,1,1
3944.3579222550034,4,0.0,0,0,0,0,0,1,1
3945.368796374998,4,0.0,0,0,0,0,0,0,0
3946.3813835449982,4,0.0,0,0,0,0,0,0,0
3947.395733808982,4,0.0,0,0,0,0,0,0,0
3948.408872262982,4,0.0,0,0,0,0,0,0,0
3949.4225560869672,4,0.0,0,0,0,0,0,0,0
3950.437014687981,4,0.0,0,0,0,0,0,0,0
3951.450746243994,4,0.0,0,0,0,0,0,0,0
3952.4638696679613,4,0.0,0,0,0,0,0,0,0
3953.4772610879736,4,0.0,5,0,0,0,0,0,0
3954.4920313679613,4,0.0,8,0,0,0,0,0,0
3955.5051953179645,4,0.0,12,0,0,0,0,0,0
3956.5191516669584,4,0.0,0,5,6,2,0,0,13
3957.532850060961,4,3.25,4,3,9,4,0,0,16
3958.5463175309706,4,28.75,5,3,6,6,1,0,16
3959.559924269968,4,47.25,6,3,6,1,5,1,16
3960.574190676969,4,18.5,2,6,6,4,0,0,16
3961.587858779996,4,67.5,0,8,2,4,0,2,16
3962.600538401981,4,45.0,0,1,8,5,0,1,15
3963.6112059190054,4,23.0,0,1,7,2,4,1,15
3964.6250515299616,4,0.5,1,1,7,0,6,1,15
3965.6433724249946,4,24.0,1,1,5,1,1,7,15
3966.6569546329556,4,1.0,0,2,2,3,0,0,7
3967.6669472219655,4,47.25,0,2,1,2,1,0,6
3968.6804624180077,4,46.25,0,2,1,1,2,0,6
3969.7000946849585,4,23.5,0,1,1,1,0,2,5
3970.7141864779987,4,6.0,0,0,0,2,0,0,2
