offset_s,held_gpus,held_gpu_utilization_mean_percent,arrival_to_gate,gate_to_source_admission,source_to_native_dispatch,native_dispatch_to_last_token,last_token_to_controller_completion,controller_completion_to_terminal,gate_to_terminal
0.8018639590009116,1,28.0,1,0,0,0,0,0,0
1.814926892053336,1,0.0,1,0,0,0,0,0,0
2.829132490034681,1,0.0,1,0,0,0,0,0,0
3.842284523998387,1,0.0,1,0,0,0,0,0,0
4.855461459024809,1,0.0,1,0,0,0,0,0,0
5.869024073006585,1,0.0,1,0,0,0,0,0,0
6.881958211015444,1,0.0,1,0,0,0,0,0,0
7.895761009014677,1,0.0,1,0,0,0,0,0,0
8.909639196004719,1,0.0,1,0,0,0,0,0,0
9.923867986013647,1,0.0,1,0,0,0,0,0,0
10.936798702052329,1,0.0,1,0,0,0,0,0,0
11.95025497104507,1,0.0,2,0,0,0,0,0,0
12.963763652020134,1,0.0,2,0,0,0,0,0,0
13.97765969199827,1,0.0,3,0,0,0,0,0,0
15.007888949010521,1,0.0,3,0,0,0,0,0,0
16.024857481010258,1,0.0,3,0,0,0,0,0,0
17.037556759023573,1,0.0,3,0,0,0,0,0,0
18.050805422011763,1,0.0,3,0,0,0,0,0,0
19.064210814016405,1,0.0,3,0,0,0,0,0,0
20.077414222003426,1,0.0,3,0,0,0,0,0,0
21.09037943603471,1,0.0,3,0,0,0,0,0,0
22.103728390997276,1,0.0,4,0,0,0,0,0,0
23.117118688009214,1,0.0,4,0,0,0,0,0,0
24.130724626011215,1,0.0,4,0,0,0,0,0,0
25.14358762500342,1,0.0,0,0,3,1,0,0,4
26.156864609045442,1,98.0,0,0,0,4,0,0,4
27.1701044299989,1,96.0,0,0,0,4,0,0,4
28.182910945033655,1,62.0,0,0,0,3,0,0,3
29.19700097903842,1,95.0,0,0,0,3,0,0,3
30.21009846101515,1,96.0,0,0,0,2,1,0,3
31.22438793402398,1,92.0,0,0,0,2,0,0,2
32.23816423804965,1,92.0,0,0,0,0,0,0,0
33.25163833604893,1,0.0,0,0,0,0,0,0,0
34.26710723701399,1,0.0,0,0,0,0,0,0,0
35.28108768601669,1,0.0,0,0,0,0,0,0,0
36.294232091051526,1,0.0,0,0,0,1,0,0,1
37.30707980500301,1,94.0,0,0,1,2,0,0,3
38.32107131002704,1,91.0,0,0,0,3,0,0,3
39.33491391700227,1,69.0,0,0,0,3,0,0,3
40.34795710700564,1,93.0,0,0,1,3,0,0,4
41.361775708035566,1,36.0,1,0,0,4,0,0,4
42.37566985603189,1,96.0,2,0,0,4,0,0,4
43.38986738905078,1,92.0,2,0,0,4,0,0,4
44.40403799305204,1,97.0,2,0,0,3,0,1,4
45.41792889701901,1,5.0,1,0,0,4,0,0,4
46.43248620303348,1,0.0,0,0,0,3,0,1,4
47.44623485900229,1,94.0,0,0,1,2,0,0,3
48.45864045602502,1,71.0,0,0,0,3,0,0,3
49.47256699501304,1,95.0,0,1,0,3,0,0,4
50.486176963022444,2,49.0,1,0,0,4,0,0,4
51.500321068044286,2,48.5,2,0,0,4,0,0,4
52.51474577304907,3,22.333333333333332,3,0,0,4,0,0,4
53.52855909301434,3,45.0,3,0,0,4,0,0,4
54.542824002041016,3,45.666666666666664,3,0,0,4,0,0,4
55.5543053150177,4,28.5,3,0,0,4,0,0,4
56.56891612702748,4,44.5,4,0,1,3,0,0,4
57.58146548102377,4,35.0,3,0,2,2,0,0,4
58.596293155045714,4,21.25,5,0,0,4,0,0,4
59.6124997290317,4,51.0,6,0,1,3,0,0,4
60.626500015030615,4,32.75,6,0,0,4,0,0,4
61.64168744703056,4,29.5,6,0,0,4,0,0,4
62.656766271044035,4,34.5,5,0,1,3,0,0,4
63.67067941703135,4,29.25,5,0,0,4,0,0,4
64.68522804701934,4,31.5,6,0,0,4,0,0,4
65.69905795500381,4,34.0,7,0,0,4,0,0,4
66.71349089901196,4,22.75,8,0,0,3,0,1,4
67.72640954703093,4,36.25,7,0,0,4,0,0,4
68.73903330502799,4,27.75,7,0,0,4,0,0,4
69.75247272005072,4,28.75,7,0,0,3,0,1,4
70.7661657720455,4,28.75,2,0,1,7,0,0,8
71.77643811801681,4,54.0,0,1,0,7,0,0,8
72.79028398904484,4,44.25,0,0,0,8,0,0,8
73.80408946902025,4,48.5,0,0,0,6,0,1,7
74.81799368804786,4,48.0,0,0,0,6,0,0,6
75.8319043230149,4,45.75,0,0,0,6,0,0,6
76.84588545502629,4,46.75,0,0,0,6,0,0,6
77.85887234599795,4,47.75,0,0,0,3,0,0,3
78.8717305920436,4,23.75,0,1,0,3,0,0,4
79.88561770605156,4,45.0,0,0,0,3,0,0,3
80.90002696501324,4,47.5,0,0,0,2,0,0,2
81.91383526101708,4,49.25,0,0,1,1,0,0,2
82.92790992901428,4,62.25,1,2,0,3,0,0,5
83.9413047080161,4,58.5,0,0,3,3,0,0,6
84.95539260201622,4,70.75,0,0,1,5,0,0,6
85.96695786900818,4,61.75,0,0,0,6,0,0,6
86.9783481900231,4,69.5,0,1,0,4,0,0,5
87.9919073980418,4,70.5,0,0,0,5,0,0,5
89.00605281803291,4,51.0,0,0,1,5,0,0,6
90.02053842804162,4,46.5,0,0,0,4,0,0,4
91.0341610200121,4,24.75,0,0,0,4,0,0,4
92.04824734502472,4,47.0,0,1,1,2,0,0,4
93.062141713046,4,34.5,0,0,0,4,0,0,4
94.07698036002694,4,71.25,0,1,0,4,0,0,5
95.09004401101265,4,72.25,0,0,1,6,0,0,7
96.10483708803076,4,71.25,0,0,1,4,0,0,5
97.11883814702742,4,86.75,0,1,0,5,0,0,6
98.13277542003198,4,69.25,0,0,2,6,0,0,8
99.1466716460418,4,28.25,0,0,1,7,0,0,8
100.15993146802066,4,84.75,0,0,0,8,0,0,8
101.17425336700398,4,67.75,0,0,0,6,0,0,6
102.18788159301039,4,53.75,0,0,0,4,1,0,5
103.20190924202325,4,46.75,0,0,1,4,0,0,5
104.21633181901416,4,68.5,0,0,0,6,0,0,6
105.22896909102565,4,70.25,1,0,0,5,1,0,6
106.24351100705098,4,30.25,0,0,1,5,0,0,6
107.25715116702486,4,67.0,0,0,0,6,0,0,6
108.27152668003691,4,58.5,0,0,1,4,0,0,5
109.28070906602079,4,58.5,0,0,1,5,0,0,6
110.29760073800571,4,56.0,0,0,0,4,0,0,4
111.30948629201157,4,46.0,0,0,0,4,0,0,4
112.32571538502816,4,71.5,0,0,0,3,0,0,3
113.33854619704653,4,0.0,0,0,0,2,1,0,3
114.35222329001408,4,4.5,0,0,0,2,0,0,2
115.36652623704867,4,46.0,0,0,0,0,0,0,0
116.3807816960034,4,0.0,0,1,0,0,0,0,1
117.39439221704379,4,0.0,0,0,0,1,0,0,1
118.40887660899898,4,25.0,0,0,1,1,0,0,2
119.42269458202645,4,46.75,0,0,1,3,0,0,4
120.43934924801579,4,70.25,0,0,1,3,0,0,4
121.45183888403699,4,46.0,0,0,0,4,0,0,4
122.46568368305452,4,60.75,0,0,0,4,0,0,4
123.48004789202241,4,42.0,0,0,0,3,0,0,3
124.49363488104427,4,47.5,0,1,0,2,0,0,3
125.50752413203008,4,47.25,0,0,0,3,0,0,3
126.52196118002757,4,46.75,0,0,0,4,0,0,4
127.53589181799907,4,60.0,0,0,1,3,0,0,4
128.54964532604208,4,23.75,0,0,1,2,0,0,3
129.5637335020001,4,15.25,0,0,1,2,0,0,3
130.57760742801474,4,23.0,0,0,0,3,0,0,3
131.59154097404098,4,23.25,0,0,0,3,0,0,3
132.60520283901133,4,35.25,0,2,0,3,0,0,5
133.6189232270117,4,35.0,0,0,0,5,0,0,5
134.63550543400925,4,46.25,0,1,0,5,0,0,6
135.64974097005324,4,48.25,0,2,0,4,0,0,6
136.6636649389984,4,24.75,1,1,1,4,1,0,7
137.68933544500032,4,17.25,0,1,2,4,0,0,7
138.70186902105343,4,37.0,0,0,2,5,0,0,7
139.7156275890302,4,31.75,0,0,2,4,0,0,6
140.73002268001437,4,46.75,0,0,1,2,2,0,5
141.74380779400235,4,29.0,0,0,1,3,0,0,4
142.75788847001968,4,70.25,0,3,0,4,0,0,7
143.77076173300156,4,37.0,0,2,1,6,0,0,9
144.78536499501206,4,55.25,0,0,2,6,0,0,8
145.79761739302194,4,39.25,0,0,1,6,0,0,7
146.8108844270464,4,70.0,0,0,0,7,0,0,7
147.827618017036,4,32.25,0,0,0,7,0,0,7
148.8386020650505,4,28.5,1,0,0,7,0,0,7
149.85112717200536,4,46.5,0,0,0,5,0,0,5
150.86493001302006,4,25.25,0,0,0,5,0,0,5
151.87887782603502,4,46.0,0,0,0,4,0,0,4
152.89228713104967,4,2.5,0,1,0,3,0,0,4
153.90573004004546,4,46.5,0,1,0,4,0,0,5
154.9192560800002,4,41.25,0,1,0,5,0,0,6
155.93170113000087,4,61.75,0,0,0,6,0,0,6
156.94475957204122,4,56.0,0,2,0,6,1,0,9
157.9587519270135,4,71.0,0,0,1,6,0,0,7
158.96966683102073,4,58.5,0,0,1,5,0,0,6
159.98359302803874,4,46.75,0,1,0,6,0,0,7
160.99680714000715,4,46.75,0,0,1,6,0,0,7
162.00826745905215,4,69.75,0,1,0,7,0,0,8
163.02029899304034,4,68.25,0,2,0,5,0,0,7
164.0346389040351,4,43.75,0,1,0,5,0,0,6
165.04789868200896,4,47.75,0,0,1,4,0,0,5
166.06225667602848,4,22.75,0,1,1,2,0,1,5
167.07156566600315,4,36.75,0,0,0,4,0,0,4
168.08570849400712,4,46.0,0,1,0,3,0,0,4
169.09945696900832,4,38.75,0,0,0,3,1,0,4
170.11234970303485,4,46.5,0,3,0,2,0,0,5
171.12606504105497,4,21.0,0,0,0,4,0,0,4
172.14105277502676,4,47.25,0,0,0,4,0,0,4
173.15547487401636,4,47.25,0,0,0,4,0,0,4
174.16937211999903,4,47.0,0,0,0,4,0,0,4
175.1824464770034,4,46.0,0,0,0,4,0,0,4
176.19567646703217,4,48.25,1,0,0,4,0,0,4
177.20784057100536,4,47.75,0,1,0,3,0,0,4
178.2199513509986,4,24.75,0,0,0,4,0,0,4
179.2333660510485,4,23.75,0,2,0,4,0,0,6
180.24733258102788,4,23.5,0,3,1,3,0,0,7
181.26138248603093,4,24.25,0,2,2,3,0,0,7
182.2756345560192,4,0.0,0,1,1,5,0,0,7
183.28876044403296,4,49.25,0,0,1,6,0,0,7
184.3030039530131,4,47.75,0,1,1,6,0,0,8
185.31726969504962,4,15.75,0,0,3,6,0,0,9
186.32536131201778,4,12.0,0,0,0,9,0,0,9
187.3389837180148,4,71.5,0,0,0,9,0,0,9
188.3525828050333,4,53.75,0,0,0,9,0,0,9
189.3662875550217,4,47.5,0,2,0,8,0,0,10
190.37892271700548,4,45.0,0,0,0,7,1,0,8
191.39239267201629,4,77.75,0,1,1,8,0,0,10
192.4041749050375,4,61.75,0,0,0,10,0,0,10
193.41416391904932,4,62.5,3,0,0,7,3,0,10
194.42693191801663,4,46.75,0,1,2,7,0,0,10
195.4406249570311,4,73.5,0,0,1,7,0,0,8
196.45329973602202,4,49.5,0,1,1,6,1,0,9
197.46514552104054,4,94.75,0,0,1,7,0,0,8
198.47956824605353,4,67.0,0,1,0,8,0,0,9
199.493123562017,4,52.75,0,1,0,7,1,0,9
200.50755509303417,4,70.0,0,0,1,6,0,0,7
201.5215052710264,4,90.25,0,1,1,5,0,1,8
202.53545916703297,4,38.5,0,1,1,3,0,1,6
203.54881235200446,4,41.0,0,0,1,4,0,0,5
204.56298379600048,4,46.5,0,1,1,4,0,0,6
205.57691873802105,4,22.75,2,1,1,1,2,0,5
206.59057838801527,4,23.5,0,1,3,1,0,0,5
207.6047158970032,4,16.25,0,1,2,3,0,0,6
208.62022228201386,4,70.0,0,0,1,5,0,0,6
209.6348406780162,4,23.75,0,0,0,6,0,0,6
210.6487248990452,4,69.75,0,0,0,6,0,0,6
211.66150766902138,4,24.0,0,0,0,5,0,0,5
212.67505110800266,4,46.5,0,0,0,3,0,0,3
213.68905703304335,4,24.0,0,1,0,3,0,0,4
214.70264349202625,4,45.0,0,0,1,4,0,0,5
215.71701168303844,4,66.5,0,3,0,3,0,0,6
216.73087998502888,4,89.25,0,0,2,5,0,0,7
217.74491172400303,4,94.75,0,0,2,4,0,0,6
218.75939397804905,4,48.5,0,1,1,4,0,1,7
219.77079299499746,4,25.0,0,1,0,6,0,1,8
220.78496843000175,4,46.75,0,3,0,6,0,0,9
221.7978828260093,4,35.5,0,0,0,9,0,0,9
222.81219591601985,4,45.25,0,2,0,8,0,1,11
223.82354438502807,4,48.25,0,0,1,8,0,0,9
224.83773480902892,4,70.75,0,0,1,6,0,1,8
225.8515186100267,4,70.25,1,0,1,4,2,0,7
226.8595932580065,4,46.75,1,0,2,4,0,0,6
227.8688320830115,4,70.75,0,0,1,5,0,1,7
228.88189194601728,4,69.75,0,0,1,5,0,0,6
229.89588950300822,4,46.5,0,0,1,4,0,0,5
230.90938157599885,4,44.75,0,0,1,3,0,0,4
231.91879802604672,4,24.0,0,1,1,2,0,0,4
232.93001554103103,4,47.75,0,2,1,2,1,0,6
233.93810622103047,4,48.25,0,0,2,3,0,0,5
234.95202226703987,4,49.0,0,1,1,3,1,0,6
235.96604435303016,4,71.75,0,1,0,4,0,1,6
236.97998734703287,4,22.25,1,2,0,3,1,0,6
237.9925643330207,4,25.75,0,3,0,4,0,0,7
239.00207057601074,4,23.0,0,2,0,4,1,0,7
240.015862278,4,70.5,0,0,1,6,0,0,7
241.0285025150515,4,71.0,0,0,0,6,0,0,6
242.04224220605101,4,23.75,0,0,0,4,0,0,4
243.0525269790087,4,25.5,0,0,0,2,0,0,2
244.06654358102242,4,0.0,0,0,0,2,0,0,2
245.08014981704764,4,46.25,1,0,0,2,0,0,2
246.09380868205335,4,46.75,3,0,0,2,0,0,2
247.10541165905306,4,23.5,0,2,1,4,0,0,7
248.11956199200358,4,49.0,0,1,0,7,0,0,8
249.13391265302198,4,48.5,0,0,1,5,1,0,7
250.14751720405184,4,47.0,0,0,1,5,0,0,6
251.16178537299857,4,68.5,0,1,0,4,0,0,5
252.17529216804542,4,70.5,0,1,0,3,1,0,5
253.18897122703493,4,30.5,0,0,1,4,0,0,5
254.20171503903111,4,12.5,0,1,0,4,0,1,6
255.21801453002263,4,25.5,0,1,0,4,0,0,5
256.2305296160048,4,70.75,0,1,0,4,0,0,5
257.24241600401,4,56.25,0,0,1,3,1,0,5
258.2562655820511,4,52.5,0,0,0,4,0,0,4
259.2858459770214,4,36.25,0,0,0,3,0,0,3
260.31390526203904,4,15.5,3,0,0,1,2,0,3
261.3286640950246,4,22.5,0,1,1,3,0,0,5
262.34135124704335,4,25.0,0,0,0,5,0,0,5
263.3556902980199,4,76.5,0,0,0,4,0,0,4
264.3691952850204,4,70.25,0,0,0,3,1,0,4
265.3786812850158,4,69.25,0,0,0,2,0,0,2
266.3926272620447,4,23.25,0,0,0,2,0,0,2
267.40678447904065,4,1.25,0,0,0,1,0,0,1
268.4200714600156,4,0.0,0,0,1,1,0,0,2
269.43191661604214,4,0.0,0,0,0,2,0,0,2
270.4435030980385,4,47.25,0,2,0,2,0,0,4
271.4585100300028,4,1.25,0,1,1,3,0,0,5
272.4725388340303,4,47.0,4,1,1,3,0,0,5
273.486716035055,4,23.25,0,3,3,4,0,0,10
274.49989347404335,4,49.25,0,0,3,6,0,0,9
275.5140556320548,4,37.25,0,0,2,6,0,0,8
276.5279315049993,4,69.5,0,0,0,6,1,1,8
277.5417542340001,4,71.0,0,0,0,6,0,0,6
278.5556613570079,4,81.0,0,0,0,4,2,0,6
279.56989557202905,4,69.25,0,0,0,3,0,0,3
280.5837888120441,4,23.0,0,0,0,2,0,0,2
281.59810019202996,4,23.5,0,1,0,2,0,0,3
282.6117212640238,4,7.0,0,2,0,1,0,1,4
283.626079342037,4,19.5,0,0,1,2,0,0,3
284.64012791600544,4,22.25,0,1,1,2,0,0,4
285.65174779703375,4,23.5,0,1,0,4,0,0,5
286.6639174230513,4,46.25,0,0,1,4,0,0,5
287.67798340303125,4,39.75,0,0,0,4,0,1,5
288.69197532505495,4,36.0,0,0,0,4,0,0,4
289.7028098840383,4,47.25,0,0,0,4,0,0,4
290.7163833910017,4,20.75,0,1,0,4,0,0,5
291.73021597700426,4,24.25,0,0,0,5,0,0,5
292.74448922101874,4,46.25,0,0,0,5,0,0,5
293.7594960880233,4,47.0,0,0,0,5,0,0,5
294.7733597990009,4,23.0,0,0,0,3,0,2,5
295.78705259104026,4,29.5,0,1,1,2,0,0,4
296.7994575830526,4,20.0,1,0,2,2,0,0,4
297.81316122901626,4,23.25,0,1,0,3,0,0,4
298.82723225600785,4,48.5,0,1,0,3,0,0,4
299.8413490890525,4,46.0,0,1,0,4,0,0,5
300.85335645702435,4,25.0,0,0,0,6,0,0,6
301.86767469800543,4,70.0,0,1,0,5,0,1,7
302.87824361701496,4,63.25,0,0,0,6,0,0,6
303.8919633740443,4,23.5,0,0,0,4,0,0,4
304.90587349201087,4,13.5,0,0,1,3,0,1,5
305.91981969901826,4,23.75,1,0,1,3,0,1,5
306.9334203430335,4,23.0,0,1,1,4,0,0,6
307.94763839704683,4,45.0,0,3,1,3,0,0,7
308.9612632530043,4,23.5,0,2,1,4,0,0,7
309.9752255130443,4,48.0,0,1,1,5,0,0,7
310.98726678901585,4,47.0,0,3,0,5,0,0,8
311.99858801305527,4,47.0,0,2,1,5,1,0,9
313.012147639005,4,38.5,0,2,1,7,0,0,10
314.02297303202795,4,52.75,0,2,2,7,1,0,12
315.03598852001596,4,28.5,1,0,1,9,1,0,11
316.0487532429979,4,46.0,0,0,1,8,1,0,10
317.0624946440221,4,73.25,0,0,0,7,0,0,7
318.0763348430046,4,70.0,2,0,0,6,1,0,7
319.09034364303807,4,70.25,0,2,0,6,0,0,8
320.10383471503155,4,70.75,0,1,1,6,0,0,8
321.1178052110481,4,29.5,0,2,1,8,1,0,12
322.12647945503704,4,71.0,0,4,1,5,1,0,11
323.1399643610348,4,48.75,0,2,0,11,0,0,13
324.1536133280024,4,88.0,0,6,3,5,0,0,14
325.16590804903535,4,49.75,0,2,3,9,0,0,14
326.17996074602706,4,74.5,0,1,3,7,0,0,11
327.19029579503695,4,43.25,1,0,2,5,3,0,10
328.2042996860109,4,47.0,0,0,3,5,0,0,8
329.21590231603477,4,53.0,0,1,3,7,0,0,11
330.22992453200277,4,47.5,0,1,1,6,1,1,10
331.24281567003345,4,56.75,0,0,0,7,0,0,7
332.2558726320276,4,70.25,0,0,1,4,0,2,7
333.269289784017,4,67.0,0,0,1,5,0,0,6
334.28333866700996,4,68.5,2,2,0,4,0,2,8
335.2969411680242,4,70.0,2,2,0,3,1,2,8
336.3111725260387,4,65.75,0,4,2,3,0,0,9
337.324920122046,4,26.25,0,0,0,10,0,0,10
338.34060175705235,4,60.5,0,0,0,8,1,0,9
339.3542975989985,4,69.25,0,1,0,6,0,0,7
340.3680907590315,4,71.0,0,0,3,6,0,0,9
341.379270696023,4,45.5,0,5,1,7,0,0,13
342.39350696402835,4,41.0,0,3,0,9,0,1,13
343.4050658920314,4,49.0,1,3,0,6,3,1,13
344.41681264003273,4,34.0,0,3,2,4,0,0,9
345.4310099550057,4,5.75,0,1,0,9,0,0,10
346.44533796800533,4,38.5,0,0,0,9,0,0,9
347.4560040430515,4,71.25,0,1,0,9,0,0,10
348.47002473002067,4,67.5,0,3,1,5,0,0,9
349.48132140905363,4,70.25,0,3,0,6,0,0,9
350.4947733330191,4,41.25,0,6,2,7,0,0,15
351.50541456002975,4,54.25,0,0,2,12,0,0,14
352.52833262702916,4,47.5,0,2,0,11,0,0,13
353.5410737870261,4,66.5,0,1,0,12,0,0,13
354.55451668205205,4,93.75,2,2,1,8,4,0,15
355.5663765850477,4,48.0,1,4,2,9,0,1,16
356.5804955140338,4,56.5,2,3,2,10,0,1,16
357.5945968030137,4,90.5,2,2,1,11,1,1,16
358.60868071805453,4,67.0,0,2,2,9,0,0,13
359.6225948270294,4,33.25,0,1,0,11,1,0,13
360.6367998390342,4,66.0,0,5,1,9,0,0,15
361.6503940830007,4,58.75,0,3,3,10,0,0,16
362.66481044504326,4,79.75,4,2,3,11,0,0,16
363.6783823480364,4,73.25,8,1,3,7,4,1,16
364.692282797012,4,70.0,5,4,4,7,0,1,16
365.70631962502375,4,20.5,4,1,1,13,1,0,16
366.7174747630488,4,95.25,4,1,1,10,4,0,16
367.73095705203013,4,87.25,0,4,2,9,0,0,15
368.74482825002633,4,84.0,0,0,1,12,0,0,13
369.7608331180527,4,52.0,0,1,0,10,1,0,12
370.7743445280357,4,88.0,0,1,1,6,0,1,9
371.7888331320137,4,93.75,0,0,0,8,0,0,8
372.80264830304077,4,43.25,0,1,1,9,0,0,11
373.81634611001937,4,61.75,0,0,0,9,0,0,9
374.8266623750096,4,47.0,0,0,0,8,0,0,8
375.8404322420247,4,72.75,0,1,0,6,2,0,9
376.85444625501987,4,71.5,0,0,1,5,0,0,6
377.86808556399774,4,46.5,0,0,1,6,0,0,7
378.87863475404447,4,68.75,0,0,0,7,0,0,7
379.8891559650074,4,69.0,0,0,0,5,0,0,5
380.91302869300125,4,24.0,0,1,0,4,0,1,6
381.9363236580393,4,44.75,0,1,0,5,0,0,6
382.9501066060038,4,41.5,0,1,0,5,0,0,6
383.96007198502775,4,48.5,0,0,0,4,0,0,4
384.9725848470116,4,23.5,0,0,0,3,1,0,4
385.98715049104067,4,46.25,0,0,0,3,0,0,3
387.000739389041,4,23.75,0,0,0,2,0,0,2
388.01459412503755,4,47.5,0,1,0,2,0,0,3
389.02476056700107,4,20.25,2,0,0,3,0,0,3
390.0387424530345,4,47.5,3,0,0,2,1,0,3
391.0525839550537,4,15.0,0,0,0,5,0,0,5
392.0665757180541,4,47.75,0,0,0,3,1,0,4
393.08055977802724,4,46.5,0,0,0,3,0,0,3
394.09149196604267,4,46.25,0,2,1,3,0,0,6
395.10530286002904,4,22.25,0,0,0,4,2,0,6
396.1182931420044,4,47.5,0,3,0,2,0,0,5
397.13231430901214,4,25.75,0,1,0,5,0,0,6
398.14560643601,4,47.0,2,1,0,2,3,0,6
399.1598461730173,4,29.0,0,4,0,1,0,0,5
400.17329992202576,4,23.5,2,4,1,1,0,0,6
401.1869930430548,4,16.25,0,3,1,4,0,0,8
402.20079566002823,4,59.25,0,2,2,6,0,0,10
403.2143610420171,4,24.75,0,2,1,8,0,0,11
404.22663570102304,4,72.75,0,2,1,8,0,0,11
405.2387035610154,4,62.75,0,1,1,8,0,1,11
406.25255746301264,4,47.25,0,2,0,8,1,0,11
407.26657750702,4,94.75,0,0,0,8,0,1,9
408.28058591100853,4,48.5,0,2,1,9,0,0,12
409.29251744702924,4,46.25,0,3,0,9,0,0,12
410.30686525203055,4,55.5,0,3,1,11,0,0,15
411.31891004001955,4,95.5,0,1,0,11,1,1,14
412.3299943380407,4,64.5,0,0,1,11,0,0,12
413.34131228300976,4,93.5,0,0,0,8,0,1,9
414.35191910201684,4,67.0,0,0,0,6,0,0,6
415.3660271660192,4,71.5,0,0,0,4,0,0,4
416.3796905360068,4,71.0,0,0,0,2,0,0,2
417.3909562220215,4,47.25,0,0,0,2,0,0,2
418.4031506360043,4,35.25,0,1,1,2,0,0,4
419.4170370310312,4,35.5,0,0,0,4,0,0,4
420.4291929830215,4,35.25,1,1,0,3,1,0,5
421.4417495400412,4,13.25,0,3,2,3,1,0,9
422.4545869620051,4,0.0,0,3,1,3,1,1,9
423.4688036730513,4,47.0,0,3,0,4,1,0,8
424.48071044305107,4,39.25,0,0,2,5,0,0,7
425.49323161301436,4,46.25,0,0,0,6,0,0,6
426.5068307220354,4,46.5,0,0,0,6,0,0,6
427.5210395860486,4,46.75,0,0,0,5,0,0,5
428.5325075230212,4,70.25,1,0,0,2,3,0,5
429.5469171050354,4,46.75,0,3,0,2,0,0,5
430.5612496450194,4,15.0,0,3,1,1,1,0,6
431.573995112034,4,23.5,0,1,2,4,0,0,7
432.5879998440505,4,48.0,0,1,0,4,1,2,8
433.60169534402667,4,46.75,0,1,0,4,0,0,5
434.61541030200897,4,20.0,0,1,0,2,1,0,4
435.62802975199884,4,46.5,0,0,1,1,0,0,2
436.64149675902445,4,25.0,0,0,1,1,0,0,2
437.6550807330059,4,23.5,0,2,0,2,0,0,4
438.6697212959989,4,23.25,0,3,2,1,0,0,6
439.6806166120223,4,38.25,0,3,1,2,0,0,6
440.6942749330192,4,15.75,0,2,1,5,0,0,8
441.7055776590132,4,25.5,0,2,0,7,0,0,9
442.71728866902413,4,43.25,0,2,0,6,1,0,9
443.7298289700411,4,63.25,0,1,2,6,0,0,9
444.7407676820294,4,82.5,0,0,0,8,0,0,8
445.7504369240487,4,70.75,0,2,0,5,0,1,8
446.762828586041,4,26.25,0,1,0,7,0,0,8
447.77673434105236,4,48.75,0,1,0,5,0,0,6
448.7904879130074,4,24.25,0,0,1,5,0,0,6
449.8043127140263,4,23.5,0,1,0,4,0,0,5
450.81723242404405,4,46.75,0,0,0,4,0,0,4
451.83154090103926,4,22.25,1,1,0,2,1,1,5
452.8432722000289,4,46.75,0,6,0,2,0,1,9
453.855354371015,4,41.0,0,1,2,4,0,2,9
454.8693350190297,4,50.0,0,0,0,4,0,0,4
455.8818629520247,4,31.0,0,0,0,3,1,0,4
456.89583875000244,4,50.0,0,1,1,3,0,0,5
457.90929260704434,4,20.0,0,2,0,5,0,0,7
458.92299918900244,4,48.5,0,0,2,5,0,0,7
459.934105997032,4,34.75,0,0,1,6,0,0,7
460.94665646902286,4,70.5,0,0,1,5,1,0,7
461.9600306750508,4,64.5,0,0,1,5,0,0,6
462.9717270580004,4,37.0,0,0,1,5,0,0,6
463.9855400950182,4,72.0,0,0,0,6,0,0,6
464.99965600605356,4,70.0,0,1,0,5,0,0,6
466.01278255303623,4,25.0,1,0,1,4,0,0,5
467.0265461790259,4,46.75,0,0,2,2,0,1,5
468.03937988705,4,47.25,0,1,0,3,0,1,5
469.0539505390334,4,42.5,0,0,0,3,0,0,3
470.06726088305004,4,47.0,0,0,0,3,0,0,3
471.08132155804196,4,45.5,0,0,2,3,0,0,5
472.09506952401716,4,46.0,0,1,0,4,0,0,5
473.1087047920446,4,24.0,0,1,0,4,0,0,5
474.1223703100113,4,47.25,0,0,0,5,0,0,5
475.13679659104673,4,48.0,0,0,0,4,0,0,4
476.14838417002466,4,17.75,0,0,0,3,0,0,3
477.1624909079983,4,22.25,0,0,0,3,0,0,3
478.1764742300147,4,24.0,0,0,0,3,0,0,3
479.19365417101653,4,23.75,0,0,0,3,0,0,3
480.2071583479992,4,24.0,1,0,0,2,1,0,3
481.220525286044,4,23.25,0,0,0,3,0,0,3
482.23435706004966,4,48.25,0,1,0,3,0,0,4
483.2440385380178,4,43.5,0,2,0,4,0,0,6
484.257946696016,4,52.75,0,1,2,3,0,0,6
485.2715741020511,4,49.0,0,1,0,4,0,0,5
486.2853153630276,4,45.75,0,1,0,4,0,0,5
487.29883224802325,4,23.5,1,2,1,4,0,0,7
488.3126333440305,4,66.5,0,3,1,5,0,0,9
489.32643570104847,4,41.75,0,4,0,5,2,0,11
490.34016765700653,4,48.0,0,3,2,3,0,1,9
491.35413834103383,4,34.0,0,0,0,9,0,0,9
492.3677638960071,4,61.25,0,1,1,6,0,0,8
493.3811789600295,4,37.0,0,0,0,7,1,0,8
494.3951848800061,4,47.5,0,0,0,5,0,0,5
495.4075707400334,4,47.5,0,1,0,4,0,0,5
496.423188914021,4,38.25,0,0,1,5,0,0,6
497.434792302025,4,44.75,0,2,0,6,0,0,8
498.4487962410203,4,59.25,0,0,0,8,0,0,8
499.462370113004,4,23.25,0,0,0,7,0,0,7
500.4766352320439,4,58.5,0,0,0,7,0,0,7
501.49015632102964,4,24.25,0,1,0,5,0,1,7
502.52829043305246,4,49.25,0,1,0,3,0,1,5
503.57178024505265,4,36.25,0,0,1,1,2,1,5
504.58634954702575,4,0.0,0,1,0,2,0,2,5
505.60002691304544,4,23.25,0,1,0,2,0,2,5
506.61385540803894,4,11.75,0,2,0,3,0,0,5
507.62792658101534,4,24.0,0,1,1,3,0,1,6
508.6415777900256,4,24.25,0,1,0,4,0,0,5
509.6563268440077,4,42.75,0,1,0,5,0,0,6
510.6681042740238,4,23.75,0,0,0,6,0,0,6
511.6821625099983,4,23.5,0,0,0,5,0,0,5
512.6943547150004,4,23.75,0,0,0,5,0,0,5
513.7084292290383,4,47.75,0,0,0,5,0,0,5
514.7223380780197,4,48.25,0,0,0,5,0,0,5
515.7349292810541,4,24.0,0,0,0,4,0,0,4
516.7485368260532,4,29.75,1,1,0,4,0,0,5
517.7621273590485,4,47.25,1,1,0,4,0,0,5
518.7761549010174,4,32.0,0,3,0,3,0,2,8
519.7898652050062,4,46.0,0,0,1,4,0,0,5
520.8014344280236,4,65.5,0,0,0,5,0,0,5
521.814753061044,4,46.5,0,0,0,4,0,0,4
522.828368115006,4,71.25,0,0,0,3,0,1,4
523.8408408120158,4,49.0,0,1,0,3,0,0,4
524.8548778660479,4,53.0,0,1,0,4,0,0,5
525.8702999560046,4,47.25,0,1,1,4,0,0,6
526.8824142430094,4,39.5,0,1,0,5,0,0,6
527.895048159,4,70.5,0,0,2,3,1,0,6
528.9087677060161,4,47.75,0,0,0,3,2,0,5
529.9205346330418,4,69.75,0,0,0,3,0,1,4
530.934351663047,4,23.75,0,1,0,2,0,0,3
531.9481803500094,4,37.0,0,1,2,1,0,0,4
532.9619127380429,4,47.0,0,0,1,3,0,0,4
533.9743732340285,4,25.0,0,1,0,4,0,0,5
534.9863414840074,4,46.5,0,0,0,5,0,0,5
536.0003481520107,4,47.75,0,3,0,5,0,0,8
537.0140792860184,4,46.25,0,3,0,5,0,0,8
538.0227389450301,4,47.0,0,2,1,7,0,0,10
539.0362265200238,4,27.75,0,2,0,9,0,0,11
540.0501709380187,4,46.75,0,2,1,9,0,1,13
541.0618796510389,4,35.75,0,1,0,9,1,0,11
542.0759532080265,4,46.75,0,0,0,9,1,0,10
543.0877491570427,4,46.75,0,0,0,7,0,0,7
544.1012382790213,4,47.25,0,1,0,5,0,0,6
545.1149409440113,4,56.0,0,0,0,3,0,2,5
546.1288399420446,4,23.0,0,0,0,3,0,0,3
547.1426401089993,4,46.75,0,0,1,3,0,0,4
548.1566886110231,4,47.25,0,0,1,3,0,0,4
549.1684866570286,4,46.5,0,0,1,3,0,0,4
550.1826173420413,4,30.25,0,0,0,4,0,0,4
551.1962426210521,4,13.75,0,1,0,4,0,0,5
552.2100688510109,4,47.25,0,1,0,1,3,0,5
553.2241922440007,4,23.25,0,0,2,1,0,0,3
554.2399495650316,4,0.0,0,0,1,3,0,0,4
555.2544491770095,4,70.0,0,0,0,4,0,0,4
556.2683015910443,4,60.5,0,2,1,4,0,0,7
557.2804265280138,4,24.5,0,2,1,5,0,0,8
558.293664916011,4,69.75,0,1,0,7,0,0,8
559.3073851040099,4,46.5,0,1,0,8,0,0,9
560.3215042700176,4,57.25,0,0,1,8,0,0,9
561.335130593041,4,67.75,0,1,0,8,1,0,10
562.3470066350419,4,92.5,1,1,0,8,1,0,10
563.359459845,4,91.0,0,1,0,8,0,1,10
564.3731472600484,4,93.5,0,1,0,8,0,0,9
565.3867632060428,4,38.0,0,0,0,9,0,0,9
566.4002274340019,4,71.25,0,0,0,8,0,0,8
567.4142293100012,4,76.0,0,1,0,8,0,1,10
568.4275180070545,4,48.0,0,1,0,7,0,1,9
569.4391630340251,4,24.25,0,3,0,8,0,0,11
570.4546738260542,4,95.75,0,1,0,10,0,0,11
571.4687077110284,4,71.5,0,0,0,11,0,0,11
572.4825763600529,4,79.25,0,0,0,10,1,0,11
573.4981173530105,4,94.0,1,0,0,5,3,0,8
574.5104126750375,4,92.5,0,2,0,5,0,2,9
575.5225159780239,4,46.75,0,2,1,5,0,0,8
576.534504463023,4,65.5,0,1,0,8,0,0,9
577.5470322320471,4,71.25,1,4,0,4,2,2,12
578.5599016310298,4,71.0,0,1,0,6,0,0,7
579.573456726037,4,25.0,0,1,1,4,0,1,7
580.5867476210115,4,68.75,0,0,0,5,0,0,5
581.6008813900407,4,28.75,0,0,0,5,0,0,5
582.6145250140107,4,23.25,0,0,1,4,0,0,5
583.6281218799995,4,49.25,0,2,0,5,0,0,7
584.6427521890146,4,49.5,0,0,3,4,0,0,7
585.6568012090283,4,47.0,0,0,1,5,0,0,6
586.6714900350198,4,68.25,0,1,0,5,0,0,6
587.6838197350153,4,93.25,0,0,1,5,0,0,6
588.6964198190253,4,93.0,0,0,1,5,0,0,6
589.7073730390402,4,64.0,1,0,0,6,0,0,6
590.7215042600292,4,93.25,0,0,0,6,0,1,7
591.7351927889977,4,50.0,1,0,0,6,0,0,6
592.7488277869998,4,78.25,0,0,1,5,0,0,6
593.7627718400327,4,47.0,0,0,0,5,0,0,5
594.7767988880514,4,70.25,0,1,0,4,0,0,5
595.7892466230551,4,44.25,0,1,1,4,0,0,6
596.8009066830273,4,48.0,0,0,1,5,0,0,6
597.813490029017,4,24.5,0,0,0,6,0,0,6
598.825933834014,4,38.5,0,0,0,5,0,0,5
599.8372941630078,4,53.5,0,0,0,5,0,0,5
600.8513675650465,4,47.5,0,0,0,5,0,0,5
601.8648495450034,4,73.25,1,2,0,4,0,0,6
602.8744238260551,4,69.5,0,0,3,4,0,0,7
603.8871150870109,4,64.0,0,0,1,6,0,0,7
604.9008880150504,4,71.0,0,0,0,7,0,0,7
605.9098132310319,4,70.75,0,0,0,7,0,0,7
606.9236502130516,4,65.0,0,1,0,5,0,0,6
607.9360301370034,4,69.5,0,1,0,3,1,1,6
608.9461756170494,4,46.75,0,0,0,4,0,0,4
609.9601701510255,4,55.5,0,1,0,4,0,0,5
610.9692084090202,4,90.25,0,0,1,6,1,0,8
611.9834525700426,4,56.0,0,0,0,4,2,1,7
612.9969377620146,4,71.5,0,0,0,3,0,0,3
614.008038881002,4,61.25,0,0,0,3,0,0,3
615.0217294380418,4,70.25,0,0,0,3,0,0,3
616.0343381230487,4,70.25,0,1,0,3,0,0,4
617.0481327760499,4,23.0,0,0,1,3,0,0,4
618.0619964750367,4,23.75,0,0,1,4,0,0,5
619.0748074080329,4,50.5,0,0,0,4,1,0,5
620.0883440060425,4,46.75,0,0,0,3,1,0,4
621.1018993580365,4,46.75,0,0,0,2,2,0,4
622.1155616540345,4,23.25,0,0,0,2,0,0,2
623.1301426600548,4,47.25,0,2,0,3,0,0,5
624.1428380610305,4,28.5,0,0,0,5,0,0,5
625.2297267829999,4,55.0,2,0,0,4,1,0,5
626.2430854890263,4,44.5,0,2,0,3,0,1,6
627.2566731620464,4,41.5,0,2,0,3,0,0,5
628.2702624030062,4,34.5,0,0,2,2,0,0,4
629.2839548220509,4,46.5,0,0,2,1,0,0,3
630.2972954650177,4,23.75,0,1,0,3,0,0,4
631.3099552480271,4,43.5,0,1,1,3,0,0,5
632.323900175048,4,46.75,1,0,0,3,1,0,4
633.3373574140132,4,24.0,2,0,0,2,2,0,4
634.3509012840223,4,25.0,0,2,1,3,0,1,7
635.3647722410387,4,40.0,0,0,0,6,0,0,6
636.3753443210153,4,69.75,0,0,0,6,0,0,6
637.3873566740076,4,48.5,0,1,0,4,0,0,5
638.4012939370004,4,47.0,0,0,1,4,0,0,5
639.4149525720277,4,45.75,0,0,0,3,0,0,3
640.4290234830114,4,69.0,0,0,1,2,0,0,3
641.4388460130431,4,47.0,0,0,0,3,0,0,3
642.452735733008,4,46.5,0,0,0,3,0,0,3
643.4659364609979,4,38.0,0,0,0,2,0,0,2
644.4799323780462,4,35.75,0,0,0,2,0,0,2
645.4927392690443,4,23.5,0,0,0,1,0,0,1
646.5047709220089,4,24.0,0,0,0,1,0,0,1
647.5185575430514,4,0.0,0,0,0,0,1,0,1
648.5323831280111,4,0.0,1,0,0,0,1,0,1
649.5464960110257,4,0.0,0,0,0,1,0,0,1
650.5600508630159,4,25.0,0,1,0,1,0,0,2
651.5741568080266,4,22.5,1,0,0,2,0,0,2
652.5879533530097,4,46.5,0,0,1,3,0,0,4
653.6022549130139,4,57.0,0,0,0,4,0,0,4
654.6162246580352,4,67.25,0,0,0,3,0,0,3
655.6296199000208,4,23.25,0,1,0,3,0,0,4
656.6418544140179,4,47.25,1,1,0,2,1,0,4
657.655824668007,4,27.25,0,4,0,2,0,0,6
658.6680609750329,4,26.25,0,3,2,1,0,0,6
659.6818632140057,4,0.0,0,1,0,6,0,0,7
660.695653681003,4,33.25,0,1,0,6,0,0,7
661.7081860370236,4,36.0,0,0,1,6,0,0,7
662.7196756150224,4,71.25,0,0,0,7,0,0,7
663.7308123150142,4,46.5,0,0,0,5,0,0,5
664.7443345410284,4,71.5,0,0,0,4,0,0,4
665.7580554620363,4,65.25,0,2,0,3,0,0,5
666.7722414860036,4,48.25,0,0,0,5,0,0,5
667.7854655210394,4,47.25,0,1,0,5,0,0,6
668.7966646500281,4,69.75,0,0,0,5,0,0,5
669.8102251180098,4,48.5,0,0,0,3,1,1,5
670.8233752740198,4,47.0,0,0,0,4,0,0,4
671.8374439700274,4,0.0,0,1,0,4,0,0,5
672.8490481640329,4,47.5,0,0,1,3,1,0,5
673.8611005940475,4,23.75,0,0,1,3,0,0,4
674.8743867310113,4,39.5,0,0,1,2,0,0,3
675.8873600890511,4,24.25,0,2,1,2,0,0,5
676.9006659220322,4,11.75,0,0,2,4,0,0,6
677.9148881600122,4,47.5,0,0,0,6,0,0,6
678.929384329007,4,70.25,1,0,0,5,1,0,6
679.9433820490376,4,54.25,0,0,1,2,0,0,3
680.9571015260299,4,24.75,0,1,0,3,0,0,4
681.9683153770166,4,48.25,0,3,0,3,0,0,6
682.9796422990039,4,33.25,0,2,0,5,0,0,7
683.9929752580356,4,43.25,0,1,0,4,1,1,7
685.006885270006,4,42.25,2,1,0,3,0,0,4
686.0205565460492,4,25.75,0,3,0,4,1,0,8
687.0342277060263,4,49.75,0,0,2,5,0,0,7
688.0470254820539,4,47.25,0,0,0,7,0,0,7
689.0585706150159,4,70.75,1,0,0,6,1,0,7
690.0720958980382,4,69.75,0,2,0,3,0,0,5
691.0861218530335,4,46.75,0,2,0,3,0,0,5
692.0939542870037,4,24.0,0,0,0,5,0,0,5
693.1077262320323,4,47.5,0,1,0,3,2,0,6
694.1201357220416,4,25.75,0,0,0,3,0,1,4
695.1339697870426,4,70.75,0,4,0,2,0,0,6
696.147593792004,4,47.5,0,1,2,3,0,0,6
697.1612386280322,4,65.0,0,0,1,5,0,0,6
698.1721928780316,4,59.0,0,0,2,4,0,0,6
699.1860075000441,4,70.75,0,0,1,5,0,0,6
700.1952681000112,4,57.75,0,0,0,5,0,0,5
701.2089178290335,4,31.0,0,0,0,5,0,0,5
702.2230319040245,4,70.0,0,0,0,4,1,0,5
703.2365244760294,4,59.0,0,0,0,4,0,0,4
704.2503923700424,4,70.75,0,2,0,3,0,0,5
705.2627320080064,4,34.75,0,2,0,1,2,0,5
706.2765619960264,4,23.5,0,2,0,1,2,0,5
707.2901642080396,4,5.5,0,0,1,3,0,0,4
708.3039706030395,4,49.0,0,0,1,3,0,0,4
709.3178431450506,4,46.5,0,0,1,2,1,0,4
710.3312956470181,4,47.0,0,1,1,2,0,0,4
711.3436088650487,4,46.75,0,0,0,3,0,0,3
712.3570360570448,4,44.25,0,2,0,3,0,0,5
713.3705156420474,4,46.5,0,3,0,3,0,0,6
714.3829870980117,4,46.75,0,3,0,2,1,0,6
715.3964310210431,4,40.5,0,0,1,4,0,1,6
716.4082135090139,4,70.75,0,0,0,4,0,0,4
717.4219612410525,4,47.0,1,0,0,4,0,0,4
718.4340156120015,4,55.5,0,0,1,3,0,0,4
719.4478521440178,4,40.25,0,1,0,4,0,0,5
720.4598893170478,4,23.5,0,0,0,5,0,0,5
721.4738077450311,4,69.25,0,0,0,4,0,0,4
722.486514940043,4,52.5,1,0,0,4,0,0,4
723.499279811047,4,53.25,0,0,0,3,0,0,3
724.5126708870521,4,23.5,0,1,0,2,2,0,5
725.5247612740495,4,0.75,0,0,0,2,0,1,3
726.5376424860442,4,10.0,0,1,0,2,0,0,3
727.5509902090416,4,46.5,5,1,0,2,0,0,3
728.5648951820331,4,47.25,0,4,2,2,0,0,8
729.5748207410215,4,56.0,0,2,0,6,0,0,8
730.5861596449977,4,70.5,0,3,1,6,0,0,10
731.6010333880549,4,81.75,0,3,1,5,1,0,10
732.6146490460378,4,44.25,0,1,1,6,0,1,9
733.6286512340303,4,41.75,0,4,1,7,0,0,12
734.6438273710082,4,47.0,0,3,1,7,1,1,13
735.6576803650241,4,71.0,0,3,1,7,0,4,15
736.6702390070423,4,69.75,0,2,1,6,1,0,10
737.683801783016,4,69.75,1,1,1,5,3,0,10
738.6978532600333,4,68.5,0,1,1,7,0,0,9
739.7062375970418,4,89.5,0,6,0,6,0,1,13
740.7231177610229,4,33.0,0,4,2,9,0,0,15
741.7352396360366,4,68.25,0,2,2,10,2,0,16
742.7497113170102,4,96.0,0,5,1,9,0,1,16
743.763072462054,4,44.5,5,3,3,10,0,0,16
744.7771938530495,4,43.5,7,1,3,12,0,0,16
745.7914575670147,4,64.75,13,1,0,11,3,0,15
746.8463913880405,4,67.0,10,7,1,8,0,0,16
747.8587075980031,4,24.25,11,7,4,5,0,0,16
748.8726683600107,4,40.5,13,6,4,5,1,0,16
749.8852730480139,4,74.5,12,2,5,9,0,0,16
750.8981340640457,4,60.5,11,2,3,9,1,1,16
751.9108106960193,4,59.25,14,2,0,11,3,0,16
752.9245787940454,4,70.0,7,2,6,7,0,1,16
753.937244388042,4,25.0,9,1,3,12,0,0,16
754.9507417650311,4,94.25,18,0,1,7,7,1,16
755.9644688600092,4,93.0,12,7,0,6,0,3,16
756.9773436680553,4,60.0,10,1,7,8,0,0,16
757.9913046160364,4,49.5,9,1,0,14,1,0,16
759.0053122450481,4,91.25,6,4,1,9,0,2,16
760.0186363140238,4,48.25,4,1,1,14,0,0,16
761.0335789970122,4,94.0,6,0,0,9,5,2,16
762.0440982709988,4,86.5,0,4,1,10,0,0,15
763.0580939670326,4,48.0,0,0,4,10,0,0,14
764.0692838400137,4,96.5,0,0,0,13,0,0,13
765.0833341670223,4,92.25,0,0,0,10,3,0,13
766.0954647700419,4,68.75,0,0,0,7,6,0,13
767.1119665600127,4,70.25,0,0,0,6,0,0,6
768.1252770810388,4,66.75,0,0,1,5,0,0,6
769.1391239740187,4,35.5,0,0,1,4,1,0,6
770.1532389820204,4,71.75,0,0,0,4,0,0,4
771.1671437600162,4,46.25,0,1,0,4,0,0,5
772.179490487033,4,23.25,0,2,0,3,1,0,6
773.1913066660054,4,38.75,0,1,1,3,1,0,6
774.2051107260049,4,44.75,0,0,0,5,0,0,5
775.2186198950512,4,26.75,1,1,0,3,2,0,6
776.2325620880001,4,23.25,1,1,0,1,3,1,6
777.2450791320298,4,15.75,0,2,0,0,0,0,2
778.2582152470131,4,0.0,0,2,1,1,0,0,4
779.2716382910148,4,0.0,0,2,1,1,0,1,5
780.2861519980361,4,27.25,0,5,2,3,0,0,10
781.3001149450429,4,67.25,0,4,1,5,1,0,11
782.3138706629979,4,25.75,3,4,1,2,4,0,11
783.3245580470539,4,22.75,0,3,1,4,0,1,9
784.3362026880495,4,20.75,0,1,4,5,1,0,11
785.3500456910115,4,41.0,0,2,2,7,0,0,11
786.3640566130052,4,48.5,0,1,2,9,1,0,13
787.3780500480207,4,66.5,0,4,1,8,0,0,13
788.3919206710416,4,32.25,0,1,2,7,1,2,13
789.404034355015,4,45.5,0,4,1,8,1,0,14
790.4147982569993,4,87.5,0,0,0,10,0,0,10
791.4285097800312,4,67.75,0,0,1,5,0,1,7
792.4421954320278,4,47.0,0,2,0,4,1,0,7
793.4565039790468,4,46.5,1,3,1,5,0,0,9
794.4704416750465,4,70.25,0,7,1,3,0,2,13
795.4847435600241,4,31.5,0,1,4,8,0,0,13
796.4914430470089,4,46.75,0,2,1,10,0,0,13
797.5049866240006,4,66.25,1,0,1,10,0,0,11
798.5169414600241,4,67.75,0,0,2,5,0,0,7
799.5311817630427,4,0.0,0,3,2,5,0,0,10
800.5447181960335,4,48.25,0,1,3,7,0,0,11
801.558781282045,4,60.75,0,1,1,5,1,1,9
802.5697472960455,4,46.25,4,1,1,4,1,2,9
803.5838383440278,4,58.25,0,1,2,8,0,0,11
804.5968787360471,4,29.5,0,0,1,8,2,0,11
805.6081733370083,4,72.75,0,2,1,4,0,0,7
806.6193747690413,4,70.75,0,1,0,5,0,0,6
807.6299800110282,4,94.5,0,0,0,6,0,0,6
808.6440597170149,4,38.75,0,0,0,6,0,0,6
809.6578301070258,4,96.0,0,0,0,5,0,0,5
810.6713332600193,4,47.25,0,1,0,7,0,0,8
811.6850284750108,4,95.0,0,0,1,7,0,0,8
812.6999615020468,4,92.25,1,0,1,5,2,0,8
813.7138228420517,4,66.0,0,2,0,3,0,0,5
814.7275853120373,4,23.25,0,0,2,3,0,0,5
815.7412861070479,4,49.0,0,1,0,5,0,0,6
816.7524562220206,4,46.5,0,0,1,3,0,0,4
817.7646383820102,4,24.75,0,3,1,2,1,0,7
818.7781047960161,4,41.0,2,3,0,1,1,2,7
819.7921957120416,4,24.5,0,3,3,3,0,0,9
820.806257547054,4,61.5,0,1,2,5,0,0,8
821.8192531340173,4,50.25,0,1,3,5,0,0,9
822.8305583990295,4,72.25,0,0,2,7,0,0,9
823.8431865130551,4,45.75,0,3,0,5,1,1,10
824.8566383960424,4,47.5,0,2,1,7,0,0,10
825.8640978090116,4,70.75,0,2,1,5,2,0,10
826.8782547020237,4,45.5,1,0,2,4,0,0,6
827.8945226549986,4,44.0,0,0,1,6,0,0,7
828.9064851410221,4,68.0,1,1,2,5,0,1,9
829.9183055090252,4,47.5,0,0,3,7,0,0,10
830.9320417570416,4,60.0,0,1,1,9,0,0,11
831.945183755015,4,47.0,0,0,1,8,0,0,9
832.9566847120295,4,90.25,0,0,0,8,0,0,8
833.9712319740211,4,70.75,0,0,0,5,3,0,8
834.9852338830242,4,70.25,0,0,0,5,0,2,7
835.9995574460481,4,69.75,0,1,0,5,0,0,6
837.0131243670476,4,30.0,0,1,1,5,0,0,7
838.0245015120017,4,46.5,0,2,0,3,1,1,7
839.0382666620426,4,40.5,0,2,2,1,1,1,7
840.0522083880496,4,23.5,0,1,1,3,0,0,5
841.0663060330553,4,48.5,0,1,0,4,0,0,5
842.0797474620049,4,71.0,0,1,0,3,1,0,5
843.093976691016,4,69.0,0,0,0,4,0,0,4
844.1078636490274,4,47.75,0,0,0,3,0,0,3
845.1186023780028,4,46.0,0,0,0,3,0,0,3
846.1315185410203,4,18.75,0,0,0,3,0,0,3
847.14568740502,4,32.75,0,0,0,3,0,0,3
848.1567447810085,4,23.75,0,1,0,3,0,0,4
849.170792909048,4,47.25,0,0,0,2,0,0,2
850.1821967860451,4,25.5,0,0,0,2,0,0,2
851.1963488230249,4,46.25,0,1,0,1,0,0,2
852.2102554140147,4,0.0,0,1,0,0,1,0,2
853.2239337810315,4,0.0,5,1,0,0,1,0,2
854.2380924040335,4,0.0,0,3,4,2,0,0,9
855.2501101540402,4,46.75,0,2,3,6,0,0,11
856.2640817640349,4,1.0,0,4,1,8,0,0,13
857.2750884880079,4,63.0,0,2,2,4,0,0,8
858.282943443046,4,71.5,0,1,1,8,0,0,10
859.2966108100372,4,47.0,1,2,1,6,1,1,11
860.3080604850547,4,86.0,0,0,3,8,0,0,11
861.3202917940216,4,92.75,0,0,1,7,1,1,10
862.3331835610443,4,47.5,0,0,1,5,2,1,9
863.3463057870395,4,46.25,0,0,1,4,0,1,6
864.3576900500339,4,26.75,0,0,0,4,0,0,4
865.3712376190233,4,23.5,0,0,1,2,0,0,3
866.3853566400358,4,11.0,0,0,0,3,0,0,3
867.3993351460085,4,22.25,1,1,0,3,0,0,4
868.4490984410513,4,12.5,2,1,0,2,1,0,4
869.5172925700317,4,0.0,0,4,0,2,0,1,7
870.5305254480336,4,18.25,0,0,0,6,0,0,6
871.5446392190061,4,47.25,0,1,0,6,0,0,7
872.5581226930371,4,70.75,0,0,1,5,0,0,6
873.5699448680389,4,47.25,2,0,0,4,0,0,4
874.5807383520296,4,46.75,1,0,2,4,0,0,6
875.5949505800381,4,24.75,0,0,1,6,0,0,7
876.6071648490033,4,23.0,0,0,0,7,0,0,7
877.6198205300025,4,47.25,0,1,0,6,0,1,8
878.6334157680394,4,69.75,0,1,0,5,0,0,6
879.6474719750113,4,43.5,0,1,0,5,0,0,6
880.6592901590047,4,48.0,0,2,0,6,0,0,8
881.6715762990061,4,48.0,0,0,3,6,0,1,10
882.6860446580104,4,66.75,0,0,1,8,0,0,9
883.7032041400089,4,95.25,0,0,1,7,0,0,8
884.7175140239997,4,68.5,0,1,1,5,0,0,7
885.7307175290189,4,73.0,0,0,1,6,0,0,7
886.7424278230174,4,47.0,0,0,0,6,0,0,6
887.7561841510469,4,47.25,0,0,0,5,0,0,5
888.7698915420333,4,47.0,0,0,1,4,0,0,5
889.7835483780364,4,47.5,0,1,0,3,0,1,5
890.7973079050425,4,48.0,1,2,1,3,0,0,6
891.8116635710467,4,47.0,0,2,1,4,0,0,7
892.8251856170245,4,48.5,0,0,1,5,0,0,6
893.839423580037,4,38.0,0,1,0,6,0,0,7
894.8528276740108,4,47.25,0,0,1,5,1,0,7
895.8661183380173,4,54.25,0,0,0,6,0,0,6
896.8801116510294,4,41.75,1,1,1,6,0,0,8
897.8938146450091,4,25.0,0,0,0,9,0,0,9
898.9080390940071,4,37.5,0,0,0,7,1,1,9
899.9215345330304,4,67.75,0,0,1,6,0,0,7
900.9355219920399,4,23.75,0,3,0,6,0,0,9
901.949263276998,4,47.25,0,1,1,4,0,0,6
902.9635495720431,4,72.25,0,0,0,6,0,0,6
903.9769767789985,4,65.75,0,0,0,5,0,0,5
904.990620363038,4,70.25,0,0,0,3,0,1,4
906.0043760460103,4,38.5,0,0,0,3,0,0,3
907.0166050990229,4,47.25,0,0,0,3,0,0,3
908.0309684610111,4,38.5,0,0,0,2,1,0,3
909.0431537930272,4,24.0,0,0,0,0,0,0,0
910.0551939840079,4,0.0,0,0,0,0,0,0,0
911.0676260910113,4,0.0,0,0,0,0,0,0,0
912.0797109670239,4,0.0,0,0,0,0,0,0,0
913.0936511360342,4,0.0,2,0,0,0,0,0,0
914.1073537440388,4,0.0,0,2,0,0,0,0,2
915.1199152900372,4,0.0,0,0,1,2,0,0,3
916.129212386033,4,25.5,0,0,0,3,0,0,3
917.1408639140427,4,31.0,1,1,0,3,0,0,4
918.1547327220323,4,47.5,0,0,1,4,0,0,5
919.1687795370235,4,38.5,0,1,0,5,0,0,6
920.181145966053,4,47.5,0,3,0,4,0,1,8
921.1915139730554,4,17.25,0,2,0,5,0,0,7
922.2033019070514,4,24.0,0,0,2,5,0,0,7
923.2171252359985,4,24.5,0,1,1,5,0,0,7
924.2310049540247,4,24.75,0,0,0,6,0,0,6
925.2429089930374,4,23.0,0,1,0,6,0,0,7
926.25689027505,4,47.25,0,2,0,5,0,1,8
927.2689490860212,4,6.75,0,2,1,5,0,1,9
928.2833471640479,4,49.0,0,0,3,6,0,0,9
929.2972621259978,4,47.5,0,0,1,8,0,0,9
930.3112284110393,4,39.25,0,0,0,9,0,0,9
931.3251672440092,4,23.25,1,0,0,7,1,0,8
932.3386716810055,4,69.5,1,0,0,6,2,0,8
933.3511479070294,4,46.25,0,2,0,5,0,0,7
934.3646942920168,4,23.75,0,0,0,6,0,0,6
935.3786330250441,4,57.5,0,0,0,6,0,0,6
936.3922314580414,4,70.75,0,0,0,5,0,1,6
937.4046727230307,4,69.0,0,0,0,3,1,0,4
938.4183702940354,4,51.25,0,0,0,2,0,0,2
939.4315452610026,4,47.25,0,0,0,2,0,0,2
940.443116237002,4,46.75,0,1,1,2,0,0,4
941.456723359006,4,23.25,0,0,1,2,0,0,3
942.4686366899987,4,18.25,0,0,0,2,0,0,2
943.4812910000328,4,0.0,0,0,0,2,0,0,2
944.4930795720429,4,23.25,0,1,0,2,0,0,3
945.5071549740387,4,22.75,0,2,0,2,0,0,4
946.5199842450093,4,23.25,0,2,1,3,0,0,6
947.533862729033,4,17.25,0,1,0,5,0,0,6
948.5474561500014,4,70.25,0,2,0,5,0,0,7
949.561316182022,4,43.5,0,0,1,6,0,0,7
950.5753147110227,4,23.0,1,1,1,6,0,0,8
951.5888686660328,4,19.25,0,2,0,6,0,0,8
952.6025846660486,4,69.75,1,2,0,5,1,0,8
953.6164546190412,4,69.0,0,3,2,3,1,0,9
954.6289410620229,4,50.25,0,1,3,5,0,0,9
955.6431579260388,4,46.5,0,0,0,9,0,0,9
956.6545905480161,4,70.5,0,0,0,8,0,1,9
957.6684128480265,4,72.0,0,0,0,6,1,0,7
958.6799542829976,4,46.0,0,0,0,4,0,0,4
959.6940332620288,4,67.0,0,1,1,4,0,0,6
960.7080016780528,4,63.75,0,0,0,6,0,0,6
961.7215060010203,4,48.25,0,1,0,6,0,0,7
962.7351784350467,4,47.25,0,0,0,6,1,0,7
963.746534785023,4,46.0,0,0,0,6,0,0,6
964.7600994710228,4,47.25,0,1,0,4,0,0,5
965.7738257330493,4,25.5,0,1,1,4,0,0,6
966.7876834730268,4,4.75,0,2,0,5,0,0,7
967.7992369999993,4,23.25,0,0,0,5,0,0,5
968.8113670760067,4,23.0,0,0,0,3,0,0,3
969.8244157670415,4,13.5,0,0,0,3,0,0,3
970.8362872800208,4,15.0,0,1,0,2,0,1,4
971.8503515930497,4,47.25,0,0,0,2,0,0,2
972.8623625410255,4,26.5,1,1,0,1,1,0,3
973.8739068820141,4,23.5,0,1,1,1,0,0,3
974.8867319060373,4,32.75,0,0,0,3,0,0,3
975.8997263250058,4,61.5,0,0,0,3,0,0,3
976.9131184470025,4,47.25,1,0,2,3,0,0,5
977.9263083870173,4,70.25,0,1,1,4,0,0,6
978.934940355015,4,23.75,0,1,0,5,0,0,6
979.9486242080457,4,29.0,0,0,0,5,0,0,5
980.9626064550248,4,46.5,0,0,1,3,0,0,4
981.9767506730277,4,35.0,0,0,0,3,0,0,3
982.9903610650217,4,46.5,1,0,0,3,0,0,3
984.0010146010318,4,43.75,0,0,2,2,0,0,4
985.0129509220133,4,5.0,0,0,0,4,0,0,4
986.0241476580268,4,47.5,0,1,0,4,0,0,5
987.0358268400305,4,0.0,0,1,0,4,0,0,5
988.0494496690226,4,46.0,2,1,0,3,1,0,5
989.0630936140078,4,42.0,0,4,0,4,0,0,8
990.0839187260135,4,23.25,0,4,0,4,0,0,8
991.0988627010374,4,29.75,0,4,0,3,1,0,8
992.1106307570008,4,19.5,0,3,1,4,0,1,9
993.1231445400044,4,47.0,0,2,2,5,0,0,9
994.1360718970536,4,57.25,0,0,1,8,0,0,9
995.1497985780006,4,51.75,0,1,0,7,0,0,8
996.1633386160247,4,65.25,0,0,0,7,0,0,7
997.177044282027,4,61.75,0,0,0,5,1,0,6
998.190562748001,4,48.0,0,0,0,5,0,0,5
999.2046750740265,4,23.5,0,0,0,4,0,0,4
1000.218212655047,4,46.25,0,0,0,5,0,0,5
1001.2317498220364,4,35.75,0,1,1,5,0,0,7
1002.2457611890277,4,50.75,0,0,1,6,0,0,7
1003.2592133370345,4,46.5,0,1,0,6,0,0,7
1004.2715387830394,4,52.25,0,2,0,5,1,0,8
1005.2852143450291,4,65.25,0,3,0,2,1,3,9
1006.2990378230461,4,39.25,0,1,1,5,0,0,7
1007.3127171790111,4,57.0,0,0,0,7,0,0,7
1008.3253353430191,4,46.75,0,0,0,7,0,0,7
1009.3377679969999,4,69.5,0,1,0,6,0,1,8
1010.3511203660164,4,44.0,0,0,1,5,0,0,6
1011.3641750740353,4,46.75,0,1,0,7,0,0,8
1012.3762010440114,4,62.5,0,0,0,8,0,0,8
1013.3902801540098,4,57.75,0,0,0,7,0,0,7
1014.4040314370068,4,13.25,0,0,0,7,0,0,7
1015.4161075640004,4,32.5,0,0,0,7,0,0,7
1016.4279145300388,4,42.5,0,0,0,7,0,0,7
1017.4408473490039,4,46.5,0,1,0,3,0,1,5
1018.4530309000402,4,43.75,0,0,1,3,0,0,4
1019.4666959640454,4,73.0,0,1,0,4,0,0,5
1020.4794243050274,4,29.75,0,1,1,3,0,1,6
1021.4928689360386,4,46.75,0,0,1,4,0,0,5
1022.5006527950172,4,67.0,0,0,0,3,0,0,3
1023.5135969700059,4,46.5,0,1,0,3,0,0,4
1024.5271689660149,4,37.25,1,1,0,3,0,0,4
1025.5408027630183,4,46.75,2,1,0,2,1,0,4
1026.553555334045,4,46.5,0,2,0,3,0,0,5
1027.5673364060349,4,44.25,0,3,0,3,0,0,6
1028.58130536502,4,34.75,0,2,1,3,0,0,6
1029.5943694760208,4,10.25,0,2,1,2,1,0,6
1030.606801505026,4,28.0,0,0,0,5,0,0,5
1031.6203509879997,4,70.5,0,0,0,5,0,0,5
1032.6339660520316,4,69.75,0,0,0,5,0,0,5
1033.648257744033,4,25.25,0,0,0,5,0,0,5
1034.65705441701,4,70.25,0,0,0,5,0,0,5
1035.6708877260098,4,23.75,0,0,0,3,0,1,4
1036.6842150510056,4,23.5,0,0,0,2,0,0,2
1037.6982025059988,4,23.75,0,0,0,1,1,0,2
1038.7123401060235,4,0.0,0,1,0,0,0,0,1
1039.722701011051,4,0.0,0,1,0,0,0,0,1
1040.7363002450438,4,0.0,0,0,1,0,0,0,1
1041.7502274380531,4,0.0,0,3,1,0,0,0,4
1042.7646946750465,4,0.0,0,1,2,1,0,0,4
1043.7783869330306,4,23.25,0,0,1,3,0,0,4
1044.7922501220019,4,49.75,0,0,1,4,0,0,5
1045.8062723140465,4,68.75,0,2,0,4,0,0,6
1046.8197516200016,4,48.25,0,0,1,5,0,0,6
1047.8344355470035,4,19.75,0,1,0,5,0,0,6
1048.8480656780303,4,46.5,0,0,0,6,0,0,6
1049.8613028910477,4,27.0,0,1,0,6,0,0,7
1050.8752112570219,4,47.0,2,1,0,6,0,0,7
1051.8894695470226,4,46.5,0,3,0,6,0,0,9
1052.903531130054,4,46.5,0,2,1,5,0,0,8
1053.9172314820462,4,45.75,0,1,0,7,0,0,8
1054.9315747439978,4,40.5,0,1,0,7,0,0,8
1055.9453106050496,4,73.0,0,0,1,5,0,0,6
1056.9554482660023,4,48.5,0,1,0,5,0,0,6
1057.969059718016,4,46.5,0,2,0,6,0,0,8
1058.9803718770272,4,71.0,0,0,1,6,0,0,7
1059.989357107028,4,68.75,0,0,0,7,0,0,7
1061.003279927012,4,70.0,0,0,0,6,1,0,7
1062.01754862105,4,57.0,0,1,0,5,0,0,6
1063.0316173190367,4,27.5,0,2,0,5,0,1,8
1064.045804051042,4,46.0,0,3,0,7,0,0,10
1065.060515993042,4,33.0,1,3,0,6,1,0,10
1066.0738808830502,4,70.25,3,3,0,4,3,0,10
1067.0878539900295,4,24.25,0,8,1,5,1,0,15
1068.0987607520074,4,40.25,0,1,3,11,0,0,15
1069.1133583100163,4,28.0,2,1,1,12,0,2,16
1070.1270429380238,4,87.5,0,5,0,7,1,0,13
1071.1409410080523,4,28.5,1,4,4,8,0,0,16
1072.1573295780108,4,49.5,0,3,0,11,0,1,15
1073.1708473950275,4,49.75,3,4,0,8,3,0,15
1074.1845012600534,4,25.5,4,3,5,7,0,1,16
1075.1954590330133,4,38.25,4,1,4,10,0,1,16
1076.2091230360093,4,94.25,8,5,0,10,0,1,16
1077.223363112018,4,37.75,12,3,1,9,3,0,16
1078.23546398303,4,85.0,17,2,5,8,0,1,16
1079.2497149130213,4,63.5,18,0,1,11,3,1,16
1080.2606172620435,4,39.75,21,2,1,11,2,0,16
1081.2725878240308,4,63.25,17,3,3,8,1,1,16
1082.2863543190178,4,67.5,12,2,2,12,0,0,16
1083.2975115290028,4,48.25,13,0,2,14,0,0,16
1084.3112838490051,4,94.0,14,0,0,7,5,4,16
1085.3245871270192,4,70.75,15,0,0,4,8,4,16
1086.338585924008,4,21.0,2,12,2,2,0,0,16
1087.351680316031,4,26.25,4,0,6,9,0,1,16
1088.3629143910366,4,73.5,3,1,3,7,4,1,16
1089.375016413047,4,87.0,0,0,5,10,1,0,16
1090.3890807820135,4,53.75,0,1,3,8,1,1,14
1091.4021688530338,4,71.75,0,3,3,7,0,2,15
1092.415746505023,4,49.25,0,1,3,9,0,0,13
1093.4297290680115,4,80.75,0,3,3,8,0,0,14
1094.44325604802,4,9.5,0,1,3,11,0,0,15
1095.457333200029,4,88.25,0,1,0,11,0,1,13
1096.4684751220047,4,63.0,0,1,0,9,0,1,11
1097.480335731001,4,43.5,0,2,3,7,0,0,12
1098.4920881640282,4,56.5,0,0,4,7,0,1,12
1099.5032483870164,4,49.0,0,0,3,7,1,1,12
1100.5147000770085,4,47.0,0,0,2,7,0,0,9
1101.526842782041,4,47.5,0,1,2,5,0,1,9
1102.5392559120082,4,70.25,0,0,2,6,0,0,8
1103.550803777005,4,63.25,0,1,2,7,0,0,10
1104.5617051240406,4,71.5,0,1,0,8,0,0,9
1105.5752327670343,4,40.25,0,0,0,6,0,0,6
1106.588900487055,4,70.25,0,0,0,5,1,0,6
1107.6024515370373,4,20.75,0,0,0,5,0,0,5
1108.6165045400267,4,46.75,1,0,0,4,1,0,5
1109.630609704007,4,22.0,0,0,0,5,0,0,5
1110.641737470054,4,36.0,0,1,0,4,0,0,5
1111.6555049350136,4,24.0,0,0,1,4,0,0,5
1112.6841669800342,4,23.25,2,0,1,4,0,0,5
1113.6971400640323,4,23.25,2,0,1,3,1,0,5
1114.711222827027,4,23.75,0,0,2,4,0,0,6
1115.7249416420236,4,23.25,0,3,1,4,0,0,8
1116.73715343402,4,43.0,2,3,2,4,0,0,9
1117.750865442038,4,23.25,0,3,1,7,1,0,12
1118.7646200380404,4,48.0,0,0,2,6,0,0,8
1119.7786154790083,4,71.25,0,0,2,7,1,0,10
1120.7905254930374,4,48.5,1,3,0,5,0,2,10
1121.8030816070386,4,41.25,0,4,2,3,0,0,9
1122.8139407380368,4,47.75,0,0,2,7,0,0,9
1123.833885123022,4,72.5,1,0,2,4,3,0,9
1124.848252512049,4,70.25,0,2,1,5,0,2,10
1125.872706675029,4,32.0,0,1,1,4,0,0,6
1126.8844705950469,4,36.75,0,0,2,4,0,0,6
1127.8980342810391,4,45.0,0,0,1,4,0,0,5
1128.9080905640149,4,2.25,0,0,0,5,0,0,5
1129.921485171013,4,47.25,0,1,0,5,0,0,6
1130.9353700380307,4,47.0,4,1,0,4,1,0,6
1131.9473096970469,4,47.75,0,2,4,3,0,0,9
1132.9607626270154,4,47.25,0,0,3,7,1,1,12
1133.973995138018,4,80.5,0,0,1,6,0,1,8
1134.9877506260527,4,73.75,0,2,1,6,0,0,9
1136.0014802680234,4,71.25,0,0,1,7,0,0,8
1137.0153546860092,4,45.0,0,1,1,5,1,0,8
1138.0260747790453,4,29.0,0,4,1,5,0,1,11
1139.0397391720326,4,41.75,1,1,3,5,0,0,9
1140.052953143022,4,48.25,0,3,1,7,0,1,12
1141.0663290430093,4,48.5,1,2,2,8,0,0,12
1142.0773372100084,4,96.0,5,2,2,6,2,0,12
1143.0899763650377,4,39.0,1,1,3,12,0,0,16
1144.103614799038,4,52.0,0,0,0,12,0,0,12
1145.114831865998,4,74.5,0,4,0,7,1,2,14
1146.1274404520518,4,71.5,0,1,2,8,0,0,11
1147.1344735560124,4,48.0,0,4,1,7,1,0,13
1148.1494540380081,4,49.0,0,5,1,7,0,0,13
1149.1633280740352,4,32.25,0,1,4,7,0,0,12
1150.1788938360405,4,71.25,0,1,4,4,0,0,9
1151.1925171160256,4,49.25,1,0,3,5,0,0,8
1152.2064241900225,4,68.5,0,0,2,5,0,0,7
1153.2201100110542,4,24.5,0,0,1,4,2,0,7
1154.2334687540424,4,45.5,0,0,0,4,0,0,4
1155.2475618150202,4,45.0,2,0,1,4,1,0,6
1156.2588276180322,4,46.25,0,1,5,4,0,0,10
1157.269534576044,4,24.75,0,1,1,8,0,1,11
1158.2828792580403,4,47.25,0,1,1,5,0,0,7
1159.2970662200241,4,45.75,0,3,1,6,0,0,10
1160.3109053400112,4,47.25,0,2,3,4,0,3,12
1161.324757650029,4,47.75,0,0,3,5,0,1,9
1162.3384629430366,4,45.75,0,1,1,4,0,1,7
1163.3519501660485,4,70.5,0,0,1,5,0,0,6
1164.3671834040433,4,48.25,0,0,0,5,1,0,6
1165.3808709750301,4,70.5,0,0,0,4,2,0,6
1166.3925781060243,4,41.25,0,1,0,4,0,0,5
1167.4057311550132,4,43.75,0,1,0,4,0,0,5
1168.4215857940144,4,23.25,0,0,0,5,0,0,5
1169.435521855019,4,41.75,0,1,1,5,0,0,7
1170.44890291302,4,38.75,0,0,0,6,0,0,6
1171.4629592990386,4,71.25,0,0,1,6,0,0,7
1172.4765109780128,4,23.25,0,1,0,6,0,0,7
1173.4896118070465,4,68.75,0,0,0,5,0,0,5
1174.5009568550158,4,47.25,0,0,0,4,0,1,5
1175.5152809760184,4,46.5,0,0,0,3,1,1,5
1176.5291151800193,4,46.75,0,0,0,3,0,0,3
1177.5400832280284,4,43.0,0,0,0,4,0,0,4
1178.5526916370145,4,31.5,0,1,0,4,0,0,5
1179.5666765150381,4,24.0,0,0,1,4,0,0,5
1180.5807919549989,4,24.0,0,0,0,5,0,0,5
1181.597567578021,4,46.75,0,0,0,4,0,0,4
1182.611361318035,4,0.25,0,1,0,4,0,0,5
1183.6272484430228,4,22.75,0,1,1,3,0,0,5
1184.64081174304,4,50.5,0,0,2,4,0,0,6
1185.654971060052,4,48.25,0,0,0,4,0,0,4
1186.6688466710038,4,40.75,0,0,0,4,0,0,4
1187.680907959002,4,45.75,1,0,0,3,1,0,4
1188.6944491960458,4,47.25,2,0,0,3,1,0,4
1189.7086391560151,4,45.0,0,3,0,5,0,0,8
1190.7228103870293,4,47.75,0,1,1,7,0,0,9
1191.7363768990035,4,32.25,0,1,0,7,1,0,9
1192.7482643719995,4,71.0,0,0,1,7,0,0,8
1193.7619741170201,4,70.5,0,0,0,7,0,0,7
1194.7707862610114,4,37.25,0,2,0,8,0,0,10
1195.7847987670102,4,32.0,0,1,0,8,2,0,11
1196.7985711130314,4,94.0,1,1,0,6,3,1,11
1197.8107454940327,4,71.0,0,1,0,7,0,2,10
1198.8246047510183,4,95.75,0,1,2,7,0,0,10
1199.8379389180336,4,69.0,0,0,0,10,0,0,10
1200.8459706110298,4,93.5,0,0,1,9,0,1,11
1201.8558924090466,4,47.75,0,0,0,6,0,0,6
1202.870193076029,4,71.25,0,0,0,6,0,0,6
1203.8818185370183,4,54.25,0,0,0,5,0,0,5
1204.8944094530307,4,46.25,0,0,0,2,1,2,5
1205.908475902048,4,46.5,0,1,0,2,0,0,3
1206.9222994150477,4,31.5,1,1,0,2,0,0,3
1207.9358387570246,4,24.0,2,1,0,0,2,0,3
1208.9475657910225,4,0.0,0,0,1,2,0,0,3
1209.9595553950057,4,46.75,0,0,0,3,0,0,3
1210.9717401130474,4,46.75,0,0,0,1,1,0,2
1211.9837836290244,4,24.0,0,0,0,1,0,0,1
1213.004958479025,4,23.75,0,0,0,3,0,0,3
1214.0147564150393,4,40.75,0,0,1,3,0,0,4
1215.0287292110152,4,60.0,1,0,0,4,0,0,4
1216.042523678043,4,71.0,0,0,0,4,0,0,4
1217.0529690300464,4,32.75,0,0,0,4,0,0,4
1218.06221490202,4,46.75,0,0,0,4,0,0,4
1219.075852141017,4,47.25,0,0,0,3,0,1,4
1220.0895381080336,4,47.5,0,1,0,2,0,0,3
1221.1008788430481,4,36.75,0,0,0,3,0,0,3
1222.1147486580303,4,40.25,1,0,0,2,1,0,3
1223.1285986420116,4,47.5,2,0,0,1,2,0,3
1224.1398830350372,4,6.25,0,1,0,2,0,1,4
1225.1522080010036,4,64.75,0,0,0,3,0,0,3
1226.1662755520083,4,47.0,0,0,0,3,0,0,3
1227.1782669350505,4,71.0,0,0,0,3,0,0,3
1228.1921385240275,4,46.25,0,1,0,3,0,0,4
1229.2058970670332,4,23.75,0,0,0,4,0,0,4
1230.219688187004,4,69.0,0,0,0,3,0,0,3
1231.2337809920427,4,88.0,0,0,1,2,0,0,3
1232.2471774680307,4,29.0,0,1,0,3,0,0,4
1233.2583639580407,4,70.0,3,1,0,3,0,0,4
1234.3136787520489,4,59.5,3,1,0,2,1,0,4
1235.3464897610247,4,25.5,0,3,1,2,0,1,7
1236.3577520840336,4,26.75,0,1,0,5,0,1,7
1237.3693565200083,4,47.5,1,1,0,5,0,0,6
1238.3819050860475,4,46.75,0,1,1,4,1,0,7
1239.3944465910317,4,24.75,1,0,1,4,1,1,7
1240.4069343310548,4,47.5,0,1,0,5,0,0,6
1241.420445716998,4,66.75,0,0,1,5,0,0,6
1242.4327109029982,4,57.25,0,1,0,4,1,0,6
1243.4443110660068,4,24.25,1,1,0,2,2,1,6
1244.4585018740036,4,46.5,0,0,2,2,0,0,4
1245.4743186450214,4,24.25,0,1,0,4,0,0,5
1246.4863106330158,4,11.5,0,1,0,4,0,0,5
1247.4981661560014,4,24.25,0,2,0,4,0,0,6
1248.511866891,4,47.75,0,0,0,6,0,0,6
1249.5258988700225,4,66.25,0,0,0,6,0,0,6
1250.541223658016,4,23.75,0,0,0,6,0,0,6
1251.5552363120369,4,70.25,0,0,0,5,1,0,6
1252.5691295110155,4,70.25,0,0,0,5,0,0,5
1253.5804864120437,4,23.5,0,2,0,5,0,0,7
1254.5939404470264,4,46.5,0,0,1,5,1,0,7
1255.6081836710218,4,46.5,1,0,1,4,1,1,7
1256.6199581690016,4,47.75,0,2,0,4,0,1,7
1257.6333622450475,4,40.75,0,0,0,6,0,0,6
1258.6475035680342,4,45.5,0,0,0,4,0,0,4
1259.660540742043,4,47.25,0,1,0,3,0,0,4
1260.672501809022,4,47.75,0,1,1,4,0,0,6
1261.6861260060105,4,70.0,0,0,2,3,0,0,5
1262.70069057605,4,15.75,0,1,0,5,0,0,6
1263.7142348230118,4,24.0,0,1,0,5,0,0,6
1264.7281399350031,4,23.75,3,1,0,2,3,0,6
1265.743317897024,4,22.75,0,4,0,1,0,1,6
1266.7575818440528,4,11.25,0,1,2,2,0,0,5
1267.7716542910202,4,27.0,1,0,2,3,0,0,5
1268.7858337920043,4,24.5,0,0,0,6,0,0,6
1269.7995637750137,4,70.75,0,1,0,6,0,0,7
1270.814186928037,4,95.0,0,0,0,8,0,0,8
1271.8277901300462,4,86.75,2,0,0,7,1,0,8
1272.8398218670045,4,71.75,0,0,0,7,0,0,7
1273.8520056230482,4,70.5,0,0,0,6,0,0,6
1274.8632550420007,4,71.0,0,1,0,5,0,0,6
1275.8771849520272,4,46.75,0,0,0,6,0,0,6
1276.8895715630497,4,68.5,0,0,1,5,0,0,6
1277.9091301780427,4,19.25,0,0,0,6,0,0,6
1278.9205176690011,4,49.0,0,0,0,4,2,0,6
1279.934783042001,4,46.5,0,0,0,4,0,0,4
1280.948258406017,4,72.25,0,1,0,3,1,0,5
1281.960898734047,4,21.0,0,1,0,4,0,0,5
1282.973899505043,4,46.25,2,2,0,3,0,1,6
1283.9879448960419,4,47.75,0,0,1,6,0,0,7
1285.0016460410552,4,93.0,0,0,1,7,1,0,9
1286.0155509380274,4,95.5,0,1,0,6,1,0,8
1287.0276693570195,4,71.25,0,2,0,5,0,2,9
1288.038998887001,4,65.5,0,0,1,5,0,0,6
1289.0523480100092,4,43.5,0,0,0,6,0,0,6
1290.066451591032,4,23.0,0,2,0,5,0,0,7
1291.0805276700412,4,46.75,0,2,0,5,0,0,7
1292.0942048240104,4,47.25,0,1,1,5,1,0,8
1293.108019404055,4,45.75,0,1,1,4,0,2,8
1294.1213892240194,4,44.0,0,1,1,5,0,0,7
1295.1349482020014,4,45.25,1,1,2,4,0,0,7
1296.1488702420029,4,23.25,0,1,1,5,1,0,8
1297.1606167370337,4,80.25,0,0,0,7,0,0,7
1298.174194361025,4,94.0,0,0,0,6,0,0,6
1299.1868900660193,4,48.0,0,0,0,5,0,0,5
1300.1995490130503,4,69.75,0,0,0,5,0,0,5
1301.2108504890348,4,70.25,0,1,0,4,1,0,6
1302.2244353090064,4,57.75,0,0,0,4,0,0,4
1303.2382988180034,4,48.25,0,0,1,4,0,0,5
1304.2522245389991,4,42.75,0,0,1,5,0,0,6
1305.2657528020209,4,51.25,2,1,1,5,0,0,7
1306.2797435840475,4,24.5,0,3,0,5,0,0,8
1307.2935835340177,4,26.0,0,0,0,7,0,1,8
1308.3063565129996,4,70.5,0,1,0,6,1,1,9
1309.3197472020402,4,47.0,0,0,0,6,0,0,6
1310.3324599690386,4,71.5,1,0,0,5,1,0,6
1311.3440892910003,4,71.25,2,0,0,4,2,0,6
1312.3585280620027,4,47.5,0,3,0,4,0,0,7
1313.3695060500177,4,48.75,0,2,1,4,0,0,7
1314.3834398240433,4,48.0,0,0,0,7,0,0,7
1315.3971317040268,4,71.5,0,0,0,4,1,0,5
1316.4106852320256,4,47.25,1,1,0,4,0,0,5
1317.424655898998,4,46.75,0,0,1,6,0,0,7
1318.4340575259994,4,24.5,0,1,0,6,0,0,7
1319.447684124054,4,24.25,0,0,0,7,0,0,7
1320.4616886380245,4,47.5,0,1,0,5,0,0,6
1321.4755203540553,4,47.5,1,1,0,5,0,0,6
1322.487611455028,4,47.5,2,1,0,3,0,2,6
1323.4983041490195,4,23.75,0,1,1,7,0,0,9
1324.5124490120215,4,42.5,0,2,2,6,1,0,11
1325.5258910260163,4,70.5,1,1,2,6,1,1,11
1326.5395934390253,4,95.25,0,0,2,8,0,0,10
1327.5539398170076,4,93.75,0,0,2,7,0,1,10
1328.570212836028,4,59.25,0,0,1,6,0,1,8
1329.5818289150484,4,83.25,2,1,1,3,1,0,6
1330.5952196069993,4,71.0,5,1,1,3,1,0,6
1331.60850587202,4,43.25,0,5,2,3,0,0,10
1332.6221440970548,4,43.0,0,1,2,6,0,0,9
1333.634579507052,4,75.5,0,5,0,10,0,0,15
1334.648450562032,4,94.75,1,5,0,7,0,3,15
1335.6623170250095,4,60.25,0,3,4,6,0,1,14
1336.676444593002,4,47.75,0,1,2,8,1,0,12
1337.689963265031,4,30.5,0,1,3,7,1,1,13
1338.703312647005,4,49.5,2,1,3,5,2,2,13
1339.7196278390475,4,46.5,3,1,3,4,3,2,13
1340.7336914050393,4,58.0,0,4,1,8,0,1,14
1341.747847524006,4,70.5,0,2,2,7,0,1,12
1342.7616554530105,4,47.0,1,3,1,9,0,0,13
1343.7751695410116,4,62.25,0,1,1,12,0,0,14
1344.787882123026,4,46.25,0,1,0,10,3,0,14
1345.7993182540522,4,45.25,0,0,1,4,0,0,5
1346.8116284310236,4,43.5,0,0,0,3,0,0,3
1347.825800260005,4,23.25,0,0,3,2,0,0,5
1348.8395661800168,4,43.5,0,2,2,3,0,0,7
1349.8537715180428,4,51.25,1,0,1,5,0,0,6
1350.8611566230538,4,46.5,2,0,1,2,3,0,6
1351.872887784033,4,46.75,0,6,0,3,0,0,9
1352.8868639220018,4,31.75,0,1,1,7,0,0,9
1353.9001764220302,4,64.75,0,2,0,6,2,0,10
1354.9143263770384,4,46.5,1,1,1,5,0,1,8
1355.929788133013,4,49.0,0,2,1,5,1,0,9
1357.0299940420082,4,44.75,3,2,1,4,1,1,9
1358.046022604045,4,13.0,0,5,0,5,0,0,10
1359.0596935510403,4,51.0,0,2,0,8,0,1,11
1360.0707699480117,4,84.0,0,0,0,7,3,1,11
1361.0846369680366,4,71.5,0,0,0,2,8,1,11
1362.0986294180038,4,22.25,0,1,0,1,0,0,2
1363.1098493580357,4,23.0,0,0,0,2,0,0,2
1364.1215941570117,4,5.75,0,1,0,4,0,0,5
1365.1329282550141,4,47.0,3,1,0,4,0,0,5
1366.143854429014,4,66.0,0,4,1,4,0,0,9
1367.1566794760292,4,56.75,0,0,0,8,1,0,9
1368.1707355440012,4,69.0,0,1,0,6,0,0,7
1369.1843714640127,4,50.25,2,1,0,4,2,0,7
1370.2063745100168,4,70.25,3,1,0,3,3,0,7
1371.2204963280237,4,70.25,0,4,0,2,0,4,10
1372.2346204050118,4,11.75,0,0,1,5,0,0,6
1373.2483540790272,4,64.75,0,0,0,7,0,0,7
1374.2618529180181,4,47.0,1,0,0,6,1,0,7
1375.2756440840312,4,68.75,0,0,2,6,0,0,8
1376.2869439090136,4,49.5,0,1,0,8,0,0,9
1377.3004477880313,4,96.25,0,0,0,8,0,0,8
1378.3142630420043,4,47.0,0,0,0,7,1,0,8
1379.3278115120484,4,71.0,1,0,0,7,1,0,8
1380.3412139850552,4,85.5,0,4,0,6,0,0,10
1381.3553542900481,4,26.75,0,0,5,4,0,1,10
1382.36937415204,4,57.5,0,1,1,8,0,0,10
1383.3828190490021,4,71.0,0,0,1,5,0,0,6
1384.3968463220517,4,48.0,0,0,0,6,0,0,6
1385.4058727570227,4,45.5,0,0,0,4,2,0,6
1386.4194836980314,4,46.75,0,2,0,4,0,0,6
1387.432878091,4,23.25,3,4,0,4,0,0,8
1388.4468840250047,4,47.25,0,6,1,2,0,2,11
1389.4602982500219,4,23.75,0,7,2,2,0,1,12
1390.4741743750055,4,23.75,0,5,3,5,0,1,14
1391.487775502028,4,23.0,0,6,2,4,1,0,13
1392.5021130750538,4,18.25,0,5,0,9,0,0,14
1393.515643117018,4,46.75,3,3,3,7,0,3,16
1394.5299167170306,4,73.75,0,5,3,8,0,0,16
1395.542881477042,4,85.25,1,3,0,11,1,1,16
1396.5568666030304,4,47.75,0,0,1,9,1,1,12
1397.5679646680364,4,93.25,0,0,0,7,2,0,9
1398.5820704920334,4,93.75,1,0,0,6,3,0,9
1399.5950284350547,4,50.0,0,1,0,4,0,1,6
1400.6062435810454,4,46.25,0,5,1,3,0,0,9
1401.619904118008,4,25.75,0,2,2,5,0,0,9
1402.6333609660505,4,48.5,1,3,2,3,2,0,10
1403.647182789049,4,25.0,0,0,2,7,0,0,9
1404.6608866670285,4,65.0,0,1,1,7,0,0,9
1405.6748526360025,4,63.25,0,1,0,6,0,1,8
1406.68592485704,4,71.0,0,1,0,6,0,0,7
1407.698301851051,4,94.5,1,1,0,6,0,0,7
1408.7094582940335,4,86.75,0,4,0,6,0,0,10
1409.7215280850069,4,42.5,0,1,3,4,0,0,8
1410.7344580410281,4,60.25,0,0,0,8,0,0,8
1411.7478749580332,4,70.75,0,0,0,5,0,0,5
1412.761491488025,4,17.25,0,3,0,5,0,0,8
1413.775484119018,4,47.25,0,1,1,5,0,0,7
1414.7897477360093,4,51.25,1,0,0,7,0,0,7
1415.8036259990185,4,69.0,2,0,0,6,1,0,7
1416.8174127880484,4,69.75,1,1,0,6,0,1,8
1417.8320393040194,4,48.75,0,2,1,8,0,0,11
1418.8458392910543,4,69.0,0,1,2,8,0,0,11
1419.8595227900078,4,50.5,0,1,0,10,0,0,11
1420.873887600028,4,69.75,0,0,0,9,0,1,10
1421.8865389700513,4,49.5,1,1,0,8,0,0,9
1422.897134400031,4,47.5,0,0,0,10,0,0,10
1423.9110338370083,4,86.5,0,2,0,8,1,0,11
1424.9239261100302,4,84.25,0,0,0,10,0,0,10
1425.935014821007,4,48.0,1,0,0,9,0,1,10
1426.9476962310146,4,93.0,3,0,0,7,2,0,9
1427.9614925760543,4,70.75,0,4,0,5,0,2,11
1428.9756993960473,4,46.25,0,0,1,8,0,0,9
1429.9889459210099,4,46.5,0,2,0,7,0,1,10
1431.003167225048,4,48.75,0,6,0,6,0,0,12
1432.016478449048,4,67.5,0,0,4,10,0,0,14
1433.028209000011,4,25.5,0,2,3,9,0,0,14
1434.036813084036,4,47.0,0,2,1,10,0,0,13
1435.0458353450522,4,51.75,0,1,1,8,0,1,11
1436.053370446025,4,87.5,0,0,0,10,0,0,10
1437.0658293790184,4,95.25,5,0,0,7,3,0,10
1438.0801820360357,4,93.0,7,0,0,6,4,0,10
1439.0900250390405,4,48.5,0,6,4,6,0,0,16
1440.1052156860242,4,47.75,2,0,1,13,1,1,16
1441.1201870970544,4,45.5,0,2,0,10,4,0,16
1442.1341123900493,4,92.5,0,2,0,4,9,1,16
1443.1483102370403,4,46.0,0,2,0,4,0,0,6
1444.1612988920533,4,36.0,0,3,0,4,0,0,7
1445.1752913220553,4,24.0,0,0,1,6,1,0,8
1446.188963285007,4,52.25,0,1,0,5,0,0,6
1447.205905048002,4,23.75,0,5,0,5,0,0,10
1448.2199375060154,4,46.5,2,5,0,3,2,0,10
1449.233713371039,4,48.0,3,4,0,4,1,1,10
1450.2474735610303,4,46.25,0,1,3,4,2,1,11
1451.2612551990314,4,60.0,0,0,0,8,0,0,8
1452.2729501250433,4,50.75,2,3,0,5,3,0,11
1453.2865326800384,4,70.25,3,3,0,4,4,0,11
1454.3001936690416,4,71.5,0,5,4,3,0,0,12
1455.3111345910002,4,15.25,0,6,0,8,0,0,14
1456.3243165820022,4,47.5,0,7,0,5,0,1,13
1457.336328754027,4,24.25,0,4,2,6,0,0,12
1458.3486795520294,4,55.5,0,1,1,10,0,0,12
1459.362377898011,4,69.75,0,2,0,7,2,1,12
1460.37625270203,4,37.0,0,0,0,8,0,0,8
1461.3900460300501,4,46.5,0,0,0,4,0,0,4
1462.403887759021,4,24.5,0,0,0,2,0,0,2
1463.415264544019,4,23.5,0,0,0,2,0,0,2
1464.4273104690365,4,22.75,5,0,0,1,1,0,2
1465.4408340210211,4,23.5,0,4,3,3,0,0,10
1466.4541029500542,4,3.5,0,0,1,7,0,0,8
1467.465045687044,4,22.5,0,1,0,8,1,0,10
1468.4791774680489,4,46.0,1,1,0,5,4,0,10
1469.4913631600211,4,38.75,0,0,1,7,0,0,8
1470.5032336320146,4,61.5,0,0,0,6,0,1,7
1471.514418958046,4,70.0,0,0,0,6,0,0,6
1472.527631582052,4,69.75,0,0,0,6,0,0,6
1473.5417283990537,4,31.0,2,0,0,4,1,1,6
1474.5550092839985,4,47.75,0,8,0,4,0,0,12
1475.5686223890516,4,26.75,0,4,4,6,0,0,14
1476.5824562850175,4,47.5,0,4,4,2,4,0,14
1477.5962427910417,4,48.25,0,3,5,4,0,0,12
1478.6141257530544,4,27.0,0,3,6,3,1,0,13
1479.6280669100233,4,26.75,0,6,4,3,0,1,14
1480.6401913140435,4,72.25,0,1,6,5,1,0,13
1481.6542989850277,4,9.5,0,1,2,8,0,0,11
1482.6678095150273,4,93.75,1,0,1,7,1,2,11
1483.6800901940442,4,68.75,0,0,1,6,0,1,8
1484.692168487003,4,96.75,1,0,0,7,0,0,7
1485.706064810045,4,95.0,3,0,0,5,2,0,7
1486.7199011770426,4,42.25,0,1,3,4,0,1,9
1487.7336094680359,4,67.5,0,0,2,7,0,0,9
1488.741661995009,4,29.75,0,0,0,9,0,0,9
1489.7547047520056,4,94.25,2,0,0,7,2,0,9
1490.766718650004,4,47.5,0,0,2,6,1,0,9
1491.7787146380288,4,46.25,0,0,0,7,0,0,7
1492.7926995660528,4,48.5,0,0,0,6,1,0,7
1493.8066609020461,4,69.5,0,3,0,6,0,0,9
1494.8202782430453,4,46.25,0,1,2,7,0,0,10
1495.8321407900075,4,44.25,0,1,0,9,0,0,10
1496.8460741070448,4,71.0,0,2,0,8,0,1,11
1497.8584436820238,4,19.25,0,2,0,5,2,0,9
1498.8721531440387,4,47.75,0,0,0,6,0,0,6
1499.8862319850014,4,43.5,0,2,0,4,1,0,7
1500.9001996560255,4,69.75,0,0,0,5,0,0,5
1501.9137935000472,4,42.25,0,1,0,4,1,0,6
1502.9272401330527,4,61.5,0,1,1,3,0,0,5
1503.9412169340067,4,0.75,0,1,0,4,0,0,5
1504.954899666016,4,23.0,0,0,1,4,0,0,5
1505.9687310320442,4,47.0,0,0,0,5,0,0,5
1506.9825698410277,4,23.25,2,0,0,5,0,0,5
1507.996208317054,4,47.0,0,4,0,5,0,0,9
1509.0071159049985,4,45.25,0,2,1,6,0,1,10
1510.020805926004,4,23.75,0,0,1,6,0,1,8
1511.035079384048,4,27.75,0,0,1,5,1,0,7
1512.0483002030523,4,30.25,0,0,0,5,0,0,5
1513.0596363410004,4,0.0,0,0,0,5,0,0,5
1514.0731587060145,4,0.0,0,0,0,4,0,0,4
1515.0830614530132,4,30.25,0,0,0,4,0,0,4
1516.0968354410143,4,14.5,0,0,0,4,0,0,4
1517.110777242051,4,31.5,2,0,0,2,2,0,4
1518.117764861032,4,40.75,0,1,3,2,0,0,6
1519.1310744479997,4,65.5,0,1,0,6,0,0,7
1520.1456352390232,4,48.5,0,1,0,6,0,0,7
1521.1590944200289,4,60.5,0,0,3,4,0,0,7
1522.173023202049,4,72.5,0,0,0,7,0,0,7
1523.1867382830242,4,72.25,0,0,0,5,0,0,5
1524.2003449300537,4,70.0,0,1,0,4,0,0,5
1525.2146249010111,4,67.25,0,1,1,4,0,0,6
1526.2286705570295,4,95.0,0,1,1,4,0,0,6
1527.2424638600205,4,79.75,0,0,0,5,0,0,5
1528.257003893028,4,79.0,0,0,0,3,1,0,4
1529.2707469070447,4,21.5,0,1,0,3,0,0,4
1530.283092728001,4,49.25,0,0,0,5,0,0,5
1531.2947481840383,4,94.25,2,0,0,5,0,0,5
1532.3082101580221,4,93.25,2,0,0,4,1,0,5
1533.3236633470515,4,68.75,0,0,1,6,0,0,7
1534.337608388043,4,66.25,0,0,1,6,0,0,7
1535.3511155690067,4,50.25,0,1,0,6,1,0,8
1536.3651126710465,4,32.75,0,0,1,3,0,1,5
1537.378562086029,4,24.0,0,1,0,4,0,0,5
1538.3925862340257,4,47.5,0,0,1,4,0,0,5
1539.4066002720501,4,48.25,0,0,0,4,1,0,5
1540.4193479660316,4,67.5,0,2,0,2,0,0,4
1541.433736755047,4,60.5,0,1,1,3,0,0,5
1542.447282151028,4,70.25,0,0,1,4,0,0,5
1543.461307427031,4,70.0,0,2,1,3,0,0,6
1544.475524938025,4,48.5,0,1,2,3,0,0,6
1545.4871920390287,4,72.0,0,0,0,6,0,0,6
1546.5013805060298,4,69.5,0,0,1,5,0,1,7
1547.5149205970229,4,46.25,0,0,0,5,0,0,5
1548.5287676760345,4,47.25,0,0,0,4,1,0,5
1549.5420812570374,4,47.0,1,0,0,3,2,0,5
1550.5553833510494,4,46.5,1,1,0,2,1,0,4
1551.569271749002,4,18.5,0,5,0,3,0,0,8
1552.5831538290367,4,23.0,1,0,4,3,1,0,8
1553.5970596320112,4,48.0,0,1,1,6,0,0,8
1554.6111340780044,4,49.75,0,0,0,8,0,0,8
1555.6225882730214,4,24.25,0,2,0,6,0,0,8
1556.6361741680303,4,46.75,0,0,1,9,0,0,10
1557.6501902910531,4,48.25,0,2,0,9,0,0,11
1558.6612093640142,4,32.25,1,0,1,8,3,0,12
1559.675128640025,4,76.0,0,1,3,4,0,0,8
1560.6877193820546,4,95.5,0,1,1,6,0,0,8
1561.7016097180312,4,72.25,0,0,0,6,0,0,6
1562.714612011041,4,20.5,0,3,0,3,3,0,9
1563.7281634990359,4,26.25,0,0,2,4,0,0,6
1564.741527661041,4,54.0,0,1,0,5,1,0,7
1565.7532919350197,4,72.25,0,0,0,5,0,1,6
1566.7672519940534,4,44.0,0,2,0,3,1,0,6
1567.7850410040119,4,23.25,0,2,0,2,2,0,6
1568.7981259470107,4,23.25,3,2,0,2,0,2,6
1569.809202613018,4,39.5,0,0,0,8,0,0,8
1570.823436220002,4,47.0,0,1,0,6,0,0,7
1571.8368486670079,4,70.25,1,1,0,6,0,0,7
1572.849675791047,4,58.5,0,0,1,6,0,0,7
1573.8612540240283,4,47.5,0,0,1,4,2,0,7
1574.873812741018,4,71.25,2,0,1,2,4,0,7
1575.8859831260052,4,24.0,0,2,2,2,0,0,6
1576.8972784630023,4,45.5,0,0,3,3,0,0,6
1577.9104396470357,4,66.75,0,1,4,4,0,0,9
1578.93260516203,4,69.75,0,2,2,5,0,0,9
1579.9465474460158,4,72.5,0,0,4,5,0,0,9
1580.9595407849993,4,70.25,0,1,2,7,0,0,10
1581.9731288000476,4,95.5,0,0,1,7,0,0,8
1582.9864613530226,4,65.0,0,0,0,5,1,0,6
1584.0000253260368,4,46.25,1,0,0,2,4,0,6
1585.0140634070267,4,23.25,0,0,2,2,0,0,4
1586.0267017910373,4,2.0,0,0,1,3,0,0,4
1587.040710870002,4,45.25,0,1,0,3,0,0,4
1588.054551551002,4,46.0,0,2,0,2,0,1,5
1589.0657633280498,4,36.25,0,0,0,4,0,0,4
1590.0767826070078,4,54.0,0,0,1,4,0,0,5
1591.0905628140317,4,34.75,0,1,1,5,0,0,7
1592.1040309890523,4,47.5,0,2,0,6,0,0,8
1593.1180893580313,4,46.25,0,1,0,7,0,0,8
1594.1317000660347,4,41.75,0,2,0,7,0,0,9
1595.145753557037,4,56.75,0,2,0,9,0,0,11
1596.1565253370209,4,83.75,0,2,0,5,4,0,11
1597.173653408012,4,47.5,1,1,1,4,5,0,11
1598.1861213410157,4,47.75,0,2,0,4,1,2,9
1599.1989221679978,4,70.5,0,0,0,6,0,0,6
1600.2521316810162,4,74.75,0,3,0,5,1,0,9
1601.3416544290376,4,12.0,1,2,1,4,2,0,9
1602.354969218024,4,37.0,0,2,2,4,0,1,9
1603.3688626790536,4,82.25,1,0,0,7,0,0,7
1604.3798854410416,4,70.75,0,2,0,4,1,2,9
1605.393584823003,4,70.75,0,2,0,4,1,1,8
1606.4067361710477,4,70.0,0,0,1,5,0,0,6
1607.4207501340425,4,54.0,2,0,0,4,2,0,6
1608.4345160300145,4,62.5,0,0,1,5,0,0,6
1609.4486081420328,4,94.5,0,4,0,3,0,1,8
1610.4623748140293,4,24.75,1,0,0,6,0,0,6
1611.476036882028,4,47.5,1,2,0,4,1,0,7
1612.4896083560307,4,34.5,2,2,0,2,3,0,7
1613.5032518560183,4,48.25,0,2,1,1,2,1,7
1614.5170877590426,4,72.5,0,4,1,3,0,0,8
1615.529844896053,4,63.25,1,2,0,7,0,1,10
1616.543946566002,4,47.25,0,1,2,4,0,0,7
1617.5510120040271,4,71.0,0,3,1,2,1,1,8
1618.5643573590205,4,46.75,0,3,1,2,1,1,8
1619.5781698220526,4,23.5,0,3,0,2,0,2,7
1620.5919010340003,4,24.0,1,1,2,3,0,1,7
1621.6057675560005,4,44.75,0,1,1,4,0,0,6
1622.6207979600294,4,55.5,0,2,1,4,0,1,8
1623.6363350670435,4,48.25,0,1,0,7,0,0,8
1624.6500110280467,4,60.5,3,1,0,5,2,0,8
1625.661761407042,4,70.5,6,1,0,4,3,0,8
1626.6729749060469,4,46.75,8,1,0,3,4,0,8
1627.6866247910075,4,25.0,0,9,0,3,0,1,13
1628.6995589840226,4,42.75,0,2,3,7,0,0,12
1629.7129409090267,4,70.5,1,3,1,7,0,1,12
1630.7246267440496,4,77.0,0,1,4,6,0,1,12
1631.7377773280023,4,49.25,0,1,1,6,0,1,9
1632.7500348040485,4,70.5,4,1,1,5,1,1,9
1633.7636310310336,4,25.0,0,5,1,5,0,0,11
1634.7778933060472,4,39.75,0,0,3,6,0,0,9
1635.7916996300337,4,24.75,0,0,2,6,1,0,9
1636.8055975300376,4,70.75,0,0,1,5,1,1,8
1637.8189269890427,4,68.0,0,0,0,4,0,1,5
1638.8326028350275,4,70.5,0,0,0,3,0,0,3
1639.8448081800016,4,45.75,0,0,0,2,1,0,3
1640.8582730310154,4,37.75,0,1,0,2,0,0,3
1641.8722418750403,4,32.5,0,0,0,3,0,0,3
1642.8832692280412,4,23.25,0,1,0,3,0,0,4
1643.8944965300034,4,0.0,0,0,1,2,0,0,3
1644.9080891630147,4,23.5,0,2,1,4,0,0,7
1645.9249132890254,4,71.0,0,2,2,5,0,0,9
1646.9461529190303,4,73.75,0,0,2,6,0,0,8
1647.959980491025,4,66.75,0,0,4,6,0,0,10
1648.9737957440084,4,68.75,0,0,0,8,1,0,9
1649.9875753080123,4,47.0,0,1,1,6,0,0,8
1651.0049445620389,4,45.25,0,4,0,2,3,1,10
1652.0185093590408,4,46.5,0,1,3,2,0,3,9
1653.0324512280058,4,46.75,0,1,3,1,1,3,9
1654.0439114280161,4,11.5,2,4,1,4,0,0,9
1655.057873429032,4,46.5,0,5,4,4,0,0,13
1656.0719211060205,4,50.0,2,2,5,6,0,0,13
1657.0856656100368,4,71.25,0,3,4,8,0,0,15
1658.098478918022,4,70.75,3,1,3,8,2,1,15
1659.112103699008,4,94.0,3,1,2,7,3,1,14
1660.12577105104,4,45.75,0,0,2,11,0,0,13
1661.139455416007,4,42.25,0,3,2,8,0,1,14
1662.1531099740532,4,45.25,1,0,2,8,1,0,11
1663.1680010870332,4,60.75,0,1,1,9,0,0,11
1664.1806842250517,4,93.0,0,0,0,7,0,1,8
1665.1945663920487,4,69.75,0,0,3,5,1,1,10
1666.2079243110493,4,47.75,1,1,0,8,0,0,9
1667.218934583012,4,91.75,0,0,1,7,0,0,8
1668.231012261007,4,90.5,1,0,0,6,2,0,8
1669.2449635100202,4,47.25,0,1,0,5,0,0,6
1670.2584195210366,4,70.0,0,0,0,6,0,0,6
1671.2699183610384,4,89.5,1,1,0,4,1,0,6
1672.2822876350256,4,46.75,0,2,0,3,0,0,5
1673.2948259060504,4,23.75,0,2,2,2,1,0,7
1674.308168078016,4,21.75,0,1,1,4,0,0,6
1675.3218917420018,4,63.5,1,0,0,5,0,1,6
1676.3357628650265,4,47.0,0,0,1,7,0,0,8
1677.349952159042,4,76.0,1,0,0,6,1,1,8
1678.359451716009,4,66.0,0,2,1,5,0,0,8
1679.3711578730145,4,33.25,0,1,1,5,0,0,7
1680.3848191040452,4,26.25,0,0,0,7,0,0,7
1681.3977748129983,4,82.25,1,0,0,7,0,0,7
1682.409854622034,4,94.75,3,0,0,7,0,0,7
1683.4217573160422,4,48.0,0,1,3,6,0,0,10
1684.4357276060036,4,47.0,0,2,0,5,0,0,7
1685.447842632013,4,73.0,0,2,0,5,2,0,9
1686.461726628011,4,70.25,0,1,1,3,0,0,5
1687.475683858036,4,67.0,0,2,0,3,1,1,7
1688.489739096025,4,65.25,0,1,0,3,0,1,5
1689.502679422032,4,47.25,1,0,0,3,0,0,3
1690.516142124019,4,46.5,0,0,1,3,0,0,4
1691.5273397740093,4,46.75,0,4,0,4,0,0,8
1692.5398834100342,4,66.75,0,3,1,7,0,0,11
1693.554172136006,4,61.25,0,5,0,7,0,1,13
1694.568178097019,4,47.25,1,5,3,8,0,0,16
1695.5800840010052,4,72.0,5,5,0,4,7,0,16
1696.5902750290115,4,27.25,4,9,0,2,1,4,16
1697.604008525028,4,22.75,2,7,8,1,0,0,16
1698.6152433759999,4,50.75,3,3,5,8,0,0,16
1699.629169619002,4,50.25,0,2,2,10,1,0,15
1700.640861560998,4,61.5,0,2,2,8,2,0,14
1701.6543914480135,4,69.5,0,1,1,8,0,0,10
1702.668654602021,4,47.0,0,0,0,8,0,2,10
1703.682487187034,4,70.75,0,1,0,6,0,0,7
1704.6942023250158,4,41.5,0,3,1,5,0,0,9
1705.70780496503,4,47.5,0,3,1,2,3,0,9
1706.722358967003,4,47.25,2,3,1,2,3,0,9
1707.734358192014,4,47.0,0,7,1,3,0,0,11
1708.748164277,4,86.75,3,1,2,5,1,0,9
1709.7599674910307,4,47.25,0,3,3,6,0,0,12
1710.7720617640298,4,24.25,4,3,2,6,1,0,12
1711.7857000810327,4,47.5,13,3,2,5,2,0,12
1712.7997989810538,4,68.5,8,8,2,6,0,0,16
1713.8131092200056,4,69.25,5,11,2,3,0,0,16
1714.8299685509992,4,33.25,6,7,2,7,0,0,16
1715.8415657560108,4,46.75,3,4,4,8,0,0,16
1716.8550472440547,4,68.25,0,8,0,8,0,0,16
1717.8688165260246,4,52.5,0,3,4,7,0,0,14
1718.8825880930526,4,94.0,0,3,3,6,2,0,14
1719.8964208650286,4,94.0,0,5,4,5,0,2,16
1720.9105784750427,4,47.25,0,2,4,8,0,0,14
1721.9392205390031,4,82.0,0,4,2,8,0,0,14
1722.9891406660317,4,21.5,0,3,3,9,0,0,15
1724.0031176920165,4,47.5,0,1,2,9,0,3,15
1725.0171945960028,4,46.25,0,0,4,8,0,0,12
1726.0300130030373,4,61.25,0,0,3,9,0,0,12
1727.0412344820215,4,47.25,0,0,2,8,2,0,12
1728.0547117280075,4,70.75,0,0,2,6,4,0,12
1729.0653197470238,4,47.0,0,1,1,5,0,0,7
1730.0721273810486,4,70.0,0,0,1,6,0,0,7
1731.0859923480311,4,70.5,2,2,0,4,3,0,9
1732.0977263250388,4,70.75,0,4,1,4,0,1,10
1733.1118718620273,4,7.5,0,3,2,9,0,0,14
1734.1253579420154,4,69.25,2,5,1,9,1,0,16
1735.1392800830072,4,41.75,4,6,1,8,1,0,16
1736.1525909240008,4,71.25,8,6,1,5,4,0,16
1737.1657638930483,4,46.5,10,3,4,2,7,0,16
1738.17789154005,4,28.75,3,4,7,5,0,0,16
1739.1905554830446,4,58.5,4,2,2,12,0,0,16
1740.204693384003,4,89.0,3,4,0,9,2,1,16
1741.218193187029,4,71.25,0,4,2,8,0,1,15
1742.2321443010005,4,41.0,0,0,1,11,0,0,12
1743.2460954020498,4,93.5,0,0,0,10,0,0,10
1744.2572289840318,4,59.25,0,1,0,6,2,0,9
1745.2702259900398,4,91.75,0,1,0,4,4,0,9
1746.2807098280173,4,70.5,2,1,0,4,4,0,9
1747.2945852859993,4,70.5,0,1,3,3,0,0,7
1748.308627364051,4,50.25,0,3,0,6,0,0,9
1749.3219911130145,4,28.5,0,3,2,4,1,0,10
1750.3357994070393,4,70.5,0,2,2,3,0,3,10
1751.3460813270067,4,30.0,0,0,1,6,0,0,7
1752.3582099460182,4,60.5,0,1,0,8,0,0,9
1753.3717395350104,4,46.5,0,0,1,7,1,1,10
1754.38666762301,4,69.25,2,0,1,6,2,1,10
1755.400241141033,4,68.75,2,0,0,3,1,6,10
1756.4141394390026,4,45.25,0,0,1,5,0,0,6
1757.427872234024,4,41.0,0,0,0,5,0,0,5
1758.4401985240402,4,47.0,1,0,0,5,0,0,5
1759.4551640690188,4,69.5,0,0,0,6,0,0,6
1760.468845219002,4,57.0,0,0,0,6,0,0,6
1761.4822329150047,4,69.75,0,0,0,5,0,0,5
1762.493363993999,4,33.5,0,1,0,4,1,0,6
1763.5075350980042,4,44.5,0,0,0,3,0,0,3
1764.5186217050068,4,49.0,0,1,0,4,0,0,5
1765.5322545170202,4,69.5,0,0,0,5,0,0,5
1766.5457499740296,4,70.0,0,2,0,4,0,0,6
1767.5564817539998,4,48.0,0,0,0,5,0,0,5
1768.5703208820196,4,46.5,0,0,0,5,0,0,5
1769.5828269770136,4,32.5,0,0,0,3,1,0,4
1770.5936350109987,4,24.0,0,0,0,3,0,0,3
1771.60746620805,4,24.25,0,0,0,2,0,1,3
1772.621091151028,4,7.0,0,0,1,2,1,0,4
1773.6350717530004,4,47.25,0,2,0,4,0,0,6
1774.6462319160346,4,23.5,0,0,1,4,0,0,5
1775.660267031053,4,47.0,0,2,0,6,0,0,8
1776.673526494007,4,21.75,1,1,0,7,1,0,9
1777.6874401420355,4,47.75,2,1,0,3,5,0,9
1778.6992007210501,4,21.5,0,1,2,5,0,0,8
1779.7106623060536,4,52.25,0,2,0,5,0,0,7
1780.7241380769992,4,37.5,0,2,2,5,0,0,9
1781.7389948560158,4,71.25,0,0,2,4,1,0,7
1782.7526667740312,4,47.25,0,2,2,5,0,0,9
1783.7667249829974,4,39.25,0,0,2,7,0,2,11
1784.78072518704,4,73.0,0,1,2,8,0,0,11
1785.794095729012,4,35.5,0,1,0,9,0,0,10
1786.807760576019,4,34.75,0,0,0,8,1,0,9
1787.8198706230032,4,50.0,0,0,2,6,0,0,8
1788.832573517051,4,88.75,0,0,0,8,0,0,8
1789.8441614280455,4,93.75,0,0,0,6,0,1,7
1790.85794377001,4,23.5,0,1,0,5,0,0,6
1791.8696664500167,4,47.75,0,3,0,5,0,0,8
1792.8830394470133,4,17.0,0,0,2,5,0,0,7
1793.896189949999,4,70.25,2,0,2,4,1,0,7
1794.9105757530197,4,71.0,0,3,0,5,0,0,8
1795.9219517260208,4,23.5,0,4,1,5,0,0,10
1796.9360449030064,4,42.5,0,2,5,2,0,0,9
1797.9496513589984,4,59.75,0,0,3,7,0,1,11
1798.9619619440055,4,70.5,0,0,1,5,0,0,6
1799.9748057000106,4,43.75,0,1,1,4,0,0,6
1800.9871638680343,4,38.5,0,0,1,3,0,0,4
1802.0001132590114,4,33.5,0,0,1,4,0,0,5
1803.009905316052,4,41.5,0,2,0,5,0,0,7
1804.0235358640202,4,14.0,0,2,0,8,0,0,10
1805.0376067880425,4,62.75,0,0,0,10,0,0,10
1806.0515547789983,4,48.25,0,0,0,7,3,0,10
1807.0654841299984,4,70.5,0,2,0,5,0,2,9
1808.0788779450231,4,46.5,0,1,0,6,0,0,7
1809.0927265260252,4,71.75,1,1,1,6,0,0,8
1810.1068386490224,4,48.25,0,3,1,7,1,0,12
1811.1179500690196,4,73.0,0,1,1,8,0,0,10
1812.1317941620364,4,67.75,0,0,0,10,0,0,10
1813.1455619490007,4,64.75,0,1,1,8,0,0,10
1814.1593543580384,4,36.25,0,0,0,7,0,0,7
1815.1730051760096,4,52.0,0,1,0,6,0,0,7
1816.1891508150147,4,23.0,0,1,0,7,0,0,8
1817.201655982004,4,68.5,0,0,0,7,0,0,7
1818.2146816010354,4,71.5,0,0,0,7,0,0,7
1819.2281211420195,4,58.5,0,2,0,5,1,0,8
1820.241793402005,4,44.0,0,1,2,5,0,0,8
1821.2507663640426,4,46.5,0,1,1,4,0,1,7
1822.261589938018,4,24.0,1,0,0,6,0,1,7
1823.274887823034,4,31.25,0,2,1,6,0,0,9
1824.2925821720273,4,69.5,0,0,2,6,0,0,8
1825.3059643460438,4,62.0,0,1,0,8,0,0,9
1826.3185079290415,4,0.0,0,1,1,7,0,0,9
1827.3345868890174,4,47.0,3,1,1,5,2,0,9
1828.3482607460464,4,48.25,0,3,1,6,0,0,10
1829.3642681400524,4,25.25,0,0,2,6,0,0,8
1830.3761222810135,4,39.5,0,1,1,7,0,0,9
1831.3900862350129,4,68.75,0,2,1,6,0,0,9
1832.4036050830036,4,65.5,0,0,0,10,0,0,10
1833.4150273000123,4,70.25,0,0,0,8,2,0,10
1834.428685980034,4,71.0,0,0,0,4,6,0,10
1835.4405668610125,4,0.0,0,1,0,4,0,0,5
1836.4532962320372,4,48.75,0,0,0,6,0,0,6
1837.4669797480456,4,46.0,0,1,0,4,0,0,5
1838.4804964810028,4,47.25,1,1,0,4,0,0,5
1839.4905100260512,4,30.25,0,1,1,2,0,1,5
1840.5040481750038,4,23.75,2,1,1,1,1,1,5
1841.518091135018,4,40.25,0,3,0,2,0,0,5
1842.5297891140217,4,1.0,0,1,2,3,0,0,6
1843.561068585026,4,11.25,0,0,0,5,0,0,5
1844.6888001460466,4,26.75,0,1,0,5,0,0,6
1845.702342218021,4,57.25,2,1,0,3,2,0,6
1846.7161331230309,4,23.5,0,2,0,4,0,0,6
1847.7297434790526,4,46.5,0,0,1,3,0,1,5
1848.742537004,4,25.0,0,0,0,3,0,1,4
1849.7562207599985,4,45.75,0,2,0,3,0,0,5
1850.7712746990146,4,25.5,0,1,1,4,0,0,6
1851.7847070550197,4,42.75,0,2,0,4,0,0,6
1852.798477185017,4,31.5,0,0,0,6,0,0,6
1853.8108460830408,4,70.25,1,0,0,6,0,0,6
1854.8245826910133,4,69.25,0,2,0,2,0,4,8
1855.8361909430241,4,37.0,0,0,0,3,0,0,3
1856.8500844390364,4,69.5,0,2,1,3,0,0,6
1857.862470159016,4,22.5,0,1,0,5,0,0,6
1858.8764508840395,4,69.5,0,0,0,6,0,0,6
1859.8903767820448,4,49.25,0,1,0,4,2,0,7
1860.9029584980453,4,70.25,0,2,1,2,0,0,5
1861.9153335420415,4,20.75,1,4,0,3,0,0,7
1862.9287067790283,4,47.0,2,4,0,2,1,0,7
1863.942646554031,4,24.0,0,6,0,2,0,1,9
1864.9582079680404,4,70.75,1,3,0,4,0,1,8
1865.971864962019,4,38.75,0,1,1,5,0,1,8
1866.9841824350297,4,48.0,0,2,1,5,1,0,9
1867.9974525709986,4,49.25,0,0,0,7,0,0,7
1869.0099968030117,4,88.25,0,0,0,5,2,0,7
1870.0209947610274,4,93.75,1,0,0,3,4,0,7
1871.0349132590345,4,48.0,0,2,0,1,0,0,3
1872.048562536016,4,25.0,0,0,0,3,0,0,3
1873.0620610089973,4,70.25,0,1,0,3,0,0,4
1874.0729676830233,4,70.0,0,1,0,2,1,0,4
1875.0858344680164,4,24.0,0,2,0,2,0,0,4
1876.1052535940544,4,46.5,0,0,2,4,0,0,6
1877.118875779037,4,67.25,0,1,0,4,0,0,5
1878.132982784009,4,69.75,0,1,0,2,2,0,5
1879.1444440800115,4,46.5,0,1,0,2,2,0,5
1880.1567437060294,4,24.25,0,1,0,3,0,0,4
1881.1681562830345,4,47.75,0,1,1,4,0,0,6
1882.1794435740449,4,47.25,0,3,1,4,0,0,8
1883.193307346024,4,70.75,0,0,0,6,1,0,7
1884.208534113015,4,60.25,0,1,0,4,0,1,6
1885.2220635790145,4,69.75,0,1,0,5,0,0,6
1886.2358132530353,4,63.75,0,2,0,4,2,0,8
1887.2485975950258,4,60.5,0,0,2,3,0,0,5
1888.2622259400086,4,24.5,2,2,1,3,0,0,6
1889.276015799027,4,45.0,0,0,1,6,0,0,7
1890.2862200330128,4,59.0,1,1,1,5,0,0,7
1891.2996975620044,4,46.5,1,1,1,2,3,0,7
1892.3133009970188,4,23.0,0,3,1,3,0,1,8
1893.3257146420074,4,38.5,0,2,2,4,0,0,8
1894.3395329530467,4,72.75,0,1,0,7,0,0,8
1895.35324830201,4,47.75,0,0,0,8,0,0,8
1896.3669068050222,4,37.25,0,0,0,5,0,1,6
1897.3808140800102,4,49.25,0,1,1,4,0,0,6
1898.39446958201,4,23.5,0,0,0,4,1,1,6
1899.4084974910365,4,52.5,0,1,0,4,1,1,7
1900.4215584150515,4,70.5,0,1,0,3,2,1,7
1901.4340076520457,4,46.75,0,1,1,1,1,0,4
1902.4486523550004,4,13.5,0,5,0,0,0,0,5
1903.4558582480531,4,5.0,2,3,2,4,0,0,9
1904.4696036070236,4,47.75,4,4,1,5,0,1,11
1905.4856905350462,4,23.0,0,0,6,9,0,0,15
1906.4981757860514,4,70.0,2,0,0,14,2,0,16
1907.5123500150512,4,35.5,0,0,2,10,0,0,12
1908.5260079180007,4,93.5,0,0,1,10,0,0,11
1909.539311760047,4,61.0,0,1,1,10,0,1,13
1910.550450527051,4,90.25,2,2,0,7,3,1,13
1911.565262655029,4,94.75,2,2,0,7,3,1,13
1912.577185488015,4,69.25,0,1,2,6,1,0,10
1913.59125210403,4,72.25,0,0,0,8,1,0,9
1914.604446723999,4,66.5,0,1,0,7,0,0,8
1915.6186966660316,4,71.5,0,1,0,6,0,1,8
1916.6311368780443,4,42.75,0,0,1,5,0,0,6
1917.6439519430278,4,46.75,0,2,2,3,0,0,7
1918.6544898630236,4,29.0,0,1,0,6,1,0,8
1919.6673632720485,4,67.75,1,1,0,5,1,1,8
1920.6819096170366,4,56.75,0,1,1,6,0,0,8
1921.6959733490366,4,53.0,0,0,1,5,2,0,8
1922.7092813150375,4,46.75,0,0,1,3,4,0,8
1923.7231022860506,4,28.75,0,0,0,4,0,0,4
1924.7371422240394,4,23.25,0,0,0,2,0,0,2
1925.750703969039,4,1.25,0,0,0,2,0,0,2
1926.764450601011,4,23.5,0,0,0,1,0,0,1
1927.778499609034,4,44.5,0,0,0,2,0,0,2
1928.7925207410008,4,46.75,0,0,0,2,0,1,3
1929.8065219920245,4,23.5,2,0,0,2,0,0,2
1930.8199516540044,4,23.25,4,0,0,1,1,0,2
1931.833436068031,4,23.25,1,5,2,1,0,0,8
1932.8468144100043,4,49.0,0,0,2,7,0,1,10
1933.858582912013,4,22.5,1,0,1,8,0,0,9
1934.871698862,4,69.75,1,0,0,8,1,0,9
1935.8852762120077,4,71.5,0,0,0,8,0,0,8
1936.896315534017,4,47.25,0,0,0,5,1,0,6
1937.9109879440512,4,47.0,0,1,0,4,0,1,6
1938.9240696430206,4,23.0,0,1,1,4,0,0,6
1939.938361964014,4,42.75,0,0,1,4,0,0,5
1940.9510402040323,4,47.25,0,2,1,4,0,0,7
1941.9655434000306,4,47.5,0,1,3,5,0,0,9
1942.979748054,4,24.0,4,1,3,0,5,0,9
1943.9927397120045,4,0.0,6,1,3,0,5,0,9
1945.0068299610284,4,47.0,0,6,0,5,0,0,11
1946.0206760530127,4,47.0,0,0,2,9,0,1,12
1947.0361251110444,4,26.5,2,0,1,6,3,0,10
1948.0503905270016,4,69.75,5,0,1,4,5,0,10
1949.0638146170531,4,46.25,6,0,1,1,8,0,10
1950.0778185300296,4,23.5,0,5,4,1,0,0,10
1951.090721745044,4,23.75,0,1,1,10,0,0,12
1952.1047156200511,4,81.25,0,0,1,10,1,0,12
1953.118454630021,4,93.75,1,0,1,8,1,1,11
1954.131544746051,4,58.25,1,0,3,8,0,0,11
1955.145691489044,4,70.25,1,0,2,5,3,1,11
1956.1595843750401,4,46.5,0,1,2,1,0,1,5
1957.1735614570207,4,73.0,0,0,0,2,0,0,2
1958.1871727010002,4,46.75,0,0,0,2,0,0,2
1959.2009166610078,4,24.0,2,1,0,0,2,0,3
1960.2149706970085,4,0.0,6,1,0,0,2,0,3
1961.2287501380197,4,0.0,0,7,0,0,0,1,8
1962.243014169042,4,0.0,0,8,1,0,0,0,9
1963.2570434260415,4,48.0,0,1,2,5,0,1,9
1964.2689686220256,4,53.25,3,1,1,5,1,1,9
1965.2826092140167,4,47.5,0,5,0,4,0,0,9
1966.3254672019975,4,21.0,0,2,2,5,0,0,9
1967.358740285039,4,19.5,0,1,3,6,0,0,10
1968.3722448580083,4,69.5,0,1,2,8,0,0,11
1969.3861959840287,4,47.75,0,0,0,11,0,0,11
1970.3995001040166,4,70.0,0,1,0,9,2,0,12
1971.4131585160503,4,71.0,2,1,0,6,2,1,10
1972.426038026053,4,70.25,0,4,0,5,1,0,10
1973.438691087009,4,70.0,0,2,1,6,0,0,9
1974.4508803350036,4,48.25,0,1,0,9,0,0,10
1975.4620008450001,4,67.25,0,0,1,8,0,0,9
1976.4749362140428,4,71.25,0,0,0,9,0,0,9
1977.4885780510376,4,70.0,0,0,0,2,7,0,9
1978.4981424490106,4,46.5,0,0,0,2,0,0,2
1979.5112750410335,4,23.0,0,0,0,1,0,0,1
1980.5252026180387,4,23.0,0,1,0,1,0,0,2
1981.5389390760101,4,0.0,0,2,0,1,0,0,3
1982.5528211940546,4,25.0,0,0,0,3,0,0,3
1983.565211648005,4,29.75,0,1,0,3,0,0,4
1984.5791139000212,4,46.5,0,1,0,4,0,0,5
1985.5909076050157,4,46.75,0,3,1,3,0,0,7
1986.6046550770407,4,49.5,0,0,1,5,0,0,6
1987.6167542840121,4,71.0,2,0,1,5,0,0,6
1988.628646172001,4,70.25,2,0,1,3,2,0,6
1989.6397492370452,4,47.5,0,2,0,2,0,1,5
1990.656058927998,4,67.5,0,0,0,4,0,0,4
1991.667554241023,4,73.5,0,1,0,3,0,1,5
1992.6839460330084,4,87.5,0,1,0,3,1,0,5
1993.695867322036,4,23.25,0,0,0,2,0,0,2
1994.7050425490015,4,23.5,0,2,0,1,0,0,3
1995.7181261640508,4,23.5,1,2,0,1,0,0,3
1996.7305481090443,4,0.0,0,3,0,0,0,1,4
1997.744487396034,4,0.0,0,0,1,2,0,0,3
1998.7588935730164,4,42.75,0,0,0,3,0,0,3
1999.777462847007,4,46.5,2,0,0,2,1,0,3
2000.791024517035,4,23.25,0,1,1,2,0,0,4
2001.8049852630356,4,48.25,0,1,0,3,0,0,4
2002.8191757239983,4,45.5,0,3,0,4,0,0,7
2003.8326814500033,4,47.25,1,3,0,2,2,0,7
2004.843391361006,4,24.25,3,3,0,0,4,0,7
2005.85720038804,4,0.0,0,6,0,0,0,0,6
2006.8711186380242,4,47.0,0,3,0,3,0,0,6
2007.8850727500394,4,67.75,0,1,1,5,0,0,7
2008.8990742080496,4,48.25,0,0,4,7,0,0,11
2009.9183066700352,4,49.0,0,2,0,10,1,0,13
2010.9301009550109,4,47.0,0,1,0,8,1,1,11
2011.94801474805,4,67.0,0,0,3,7,0,0,10
2012.9610649149981,4,72.25,1,0,3,5,2,0,10
2013.9732269700035,4,47.75,4,0,2,5,3,0,10
2014.9874389890465,4,53.75,0,1,4,9,0,0,14
2015.9962975520175,4,81.5,0,1,1,11,0,0,13
2017.010133003001,4,84.25,2,3,1,8,3,0,15
2018.0240938760107,4,64.5,0,2,3,7,1,0,13
2019.0379773150198,4,43.75,0,0,2,6,3,0,11
2020.051857750048,4,69.75,5,0,2,4,5,0,11
2021.0642706710496,4,70.0,0,8,0,6,0,0,14
2022.0776658900431,4,46.75,0,4,4,7,0,0,15
2023.0913385830354,4,71.5,0,2,4,8,0,0,14
2024.103899719019,4,69.25,0,2,4,6,0,0,12
2025.1172097450471,4,77.25,0,0,2,8,0,1,11
2026.1285657380358,4,66.25,2,1,3,4,0,0,8
2027.1423866500263,4,70.25,3,1,3,2,0,2,8
2028.1543489070027,4,26.0,0,0,5,2,0,2,9
2029.166733400023,4,28.5,0,2,1,5,0,0,8
2030.1778633870417,4,45.25,4,2,1,3,2,0,8
2031.1895959180547,4,45.5,0,1,3,7,0,0,11
2032.2005832580035,4,71.5,0,0,1,9,0,0,10
2033.2115266370238,4,93.0,0,1,1,7,1,1,11
2034.2251830510213,4,70.0,2,1,1,2,6,1,11
2035.2388815390295,4,24.0,0,3,1,2,1,2,9
2036.2514414600446,4,22.75,0,4,1,1,0,0,6
2037.2648657250102,4,26.5,0,1,2,3,0,0,6
2038.2787016900256,4,23.25,0,2,0,5,0,0,7
2039.2925175860291,4,21.0,0,0,1,5,0,0,6
2040.3063176540309,4,23.25,0,0,1,5,0,0,6
2041.3183136060252,4,47.0,2,0,0,5,1,0,6
2042.3325047370163,4,47.0,0,2,0,5,0,0,7
2043.3460609400063,4,48.0,0,1,1,6,0,0,8
2044.3559294600273,4,90.0,0,0,1,6,2,0,9
2045.3696459790226,4,70.5,0,0,0,6,0,0,6
2046.383075564052,4,70.5,0,0,0,4,1,0,5
2047.395528284018,4,23.5,0,2,0,2,0,0,4
2048.409336214012,4,70.0,0,0,1,3,0,0,4
2049.4225207890267,4,46.75,2,0,1,2,1,0,4
2050.4370948770083,4,24.0,0,3,0,3,0,0,6
2051.4546801990364,4,23.25,0,0,3,3,0,1,7
2052.4686503350385,4,69.5,0,0,0,4,0,0,4
2053.4819039830472,4,25.75,0,0,1,3,1,0,5
2054.495383059024,4,63.5,0,0,0,3,0,0,3
2055.5066819130443,4,46.25,0,0,0,2,1,0,3
2056.5186991130468,4,46.75,0,0,0,2,0,0,2
2057.531747941044,4,23.0,3,2,0,1,0,1,4
2058.5453065480106,4,23.5,5,2,0,1,0,1,4
2059.560060599004,4,0.0,0,8,0,1,0,1,10
2060.5737939390237,4,21.25,0,4,5,4,0,0,13
2061.58760239603,4,26.5,0,4,0,9,0,0,13
2062.600261773041,4,65.75,0,2,3,5,0,4,14
2063.611497736012,4,46.25,0,9,1,6,0,0,16
2064.623042911,4,39.75,4,3,5,8,0,0,16
2065.6370214230265,4,19.0,4,3,1,12,0,0,16
2066.6487380360486,4,93.5,0,4,1,10,0,0,15
2067.661102795042,4,69.25,0,1,0,11,1,0,13
2068.674920639023,4,92.25,2,1,0,3,9,0,13
2069.6873222130234,4,23.25,1,5,1,1,1,2,10
2070.699295490049,4,11.75,0,2,2,5,0,0,9
2071.713565756043,4,70.25,0,4,2,6,0,2,14
2072.727332237002,4,26.25,0,4,2,7,0,0,13
2073.741149658046,4,73.0,0,2,1,9,2,1,15
2074.7523822540534,4,84.5,2,1,1,9,1,1,13
2075.7659941349993,4,71.5,0,1,1,10,0,0,12
2076.7780890930444,4,50.5,0,1,0,10,0,0,11
2077.7915956230136,4,69.25,0,0,0,7,0,1,8
2078.804818988021,4,70.0,0,0,0,5,1,1,7
2079.8167932730285,4,23.5,2,0,0,3,3,1,7
2080.8290298610227,4,23.0,0,3,0,1,0,1,5
2081.844019037031,4,13.75,0,1,1,2,0,0,4
2082.8576065330417,4,0.0,0,4,1,2,0,0,7
2083.8691024990403,4,47.0,0,4,1,2,0,0,7
2084.8829394010245,4,24.75,0,1,2,4,0,0,7
2085.8969136890373,4,25.75,0,2,0,6,0,0,8
2086.9108191440464,4,44.25,1,2,0,6,0,0,8
2087.944053168001,4,46.75,0,2,1,4,0,0,7
2089.018759887025,4,29.5,1,3,1,4,0,0,8
2090.0325835770345,4,13.0,0,5,1,4,0,0,10
2091.0465460220003,4,59.75,3,3,0,7,0,0,10
2092.060572733055,4,53.25,0,1,1,11,0,0,13
2093.0741186800296,4,95.0,0,0,0,8,1,0,9
2094.0867564940127,4,47.25,0,1,0,6,1,0,8
2095.0963738420396,4,38.0,1,1,0,2,5,0,8
2096.1103267380386,4,23.5,3,1,0,1,6,0,8
2097.1232801050064,4,23.5,0,0,2,3,0,0,5
2098.1351199100027,4,27.75,0,3,1,5,0,0,9
2099.14869313105,4,69.5,1,1,3,6,0,0,10
2100.1625472360174,4,70.0,3,1,3,6,0,0,10
2101.173633848026,4,69.75,5,2,2,4,0,3,11
2102.1880785320536,4,77.25,0,4,3,9,0,0,16
2103.202011934016,4,71.75,0,1,2,10,1,1,15
2104.215998694999,4,39.75,2,1,1,6,5,0,13
2105.2301321100094,4,79.0,0,1,3,7,0,0,11
2106.242007788038,4,68.0,0,2,3,8,0,0,13
2107.255438615044,4,92.5,1,2,1,6,4,0,13
2108.26693550701,4,70.0,0,6,1,5,0,4,16
2109.280796822044,4,50.75,2,2,1,9,1,0,13
2110.2935158820474,4,71.25,0,3,2,9,0,1,15
2111.3039334409987,4,27.75,2,3,0,9,2,0,14
2112.3178859530017,4,94.25,3,3,0,7,4,0,14
2113.3275876950356,4,70.0,0,7,1,6,0,2,16
2114.3411780300085,4,49.75,1,3,4,9,0,0,16
2115.353115596052,4,48.25,1,0,1,15,0,0,16
2116.3663627110072,4,93.0,2,0,0,11,5,0,16
2117.380489530042,4,88.5,0,0,0,11,0,0,11
2118.3968034140416,4,60.0,0,0,0,7,0,0,7
2119.410587572027,4,60.25,1,0,0,2,2,1,5
2120.4248137430404,4,46.25,2,1,0,2,1,2,6
2121.436783245008,4,47.5,0,4,0,2,0,1,7
2122.4503120640293,4,23.5,0,3,4,3,0,0,10
2123.4644933380187,4,8.25,0,1,1,8,0,0,10
2124.4786953270086,4,50.25,3,2,0,4,3,2,11
2125.492519276042,4,72.0,0,3,1,6,0,0,10
2126.5045448710443,4,25.75,0,2,1,9,0,0,12
2127.518005541002,4,94.25,0,0,0,11,0,0,11
2128.5322344940505,4,55.25,0,0,0,10,1,0,11
2129.5423599950154,4,70.75,0,0,0,7,4,0,11
2130.5559088209993,4,70.0,0,0,0,5,0,0,5
2131.5693744090386,4,69.75,0,0,0,3,2,0,5
2132.5835209990037,4,46.5,0,1,0,2,1,0,4
2133.5973363050143,4,46.5,2,3,0,2,0,0,5
2134.6114367700065,4,2.75,0,1,1,7,0,0,9
2135.6252720260527,4,71.0,0,1,0,6,2,0,9
2136.638226999028,4,39.5,0,1,0,9,0,0,10
2137.651963648037,4,93.75,1,2,0,6,3,0,11
2138.665579007007,4,72.0,0,1,1,4,3,0,9
2139.6793456570012,4,47.75,1,1,1,4,3,0,9
2140.6929382280214,4,47.75,0,1,0,5,1,1,8
2141.705032745027,4,68.5,0,1,0,5,0,0,6
2142.7181928210193,4,26.0,0,4,0,3,2,1,10
2143.732221914048,4,22.75,0,2,3,3,0,0,8
2144.7461837860174,4,18.0,0,1,2,4,1,0,8
2145.7601486540516,4,34.5,0,0,3,2,1,0,6
2146.7736619720235,4,20.25,0,1,3,1,0,0,5
2147.7872222290025,4,25.75,0,4,2,1,0,1,8
2148.801027383015,4,45.25,0,1,2,5,0,0,8
2149.814743626048,4,71.5,5,1,0,6,1,0,8
2150.8285382740432,4,70.5,10,1,0,1,6,0,8
2151.842217008001,4,0.0,0,5,6,0,0,1,12
2152.856418875046,4,61.0,0,3,1,8,0,0,12
2153.8701999290497,4,23.5,1,3,1,6,0,0,10
2154.886614969,4,89.0,0,2,2,6,1,0,11
2155.9002408800297,4,8.25,0,2,0,7,1,0,10
2156.914418193046,4,44.75,0,0,1,7,0,1,9
2157.9276943959994,4,48.5,0,1,1,6,1,0,9
2158.9400050570257,4,90.0,2,1,1,7,0,1,10
2159.95213180501,4,93.0,3,1,1,4,3,1,10
2160.9658830990084,4,46.75,0,2,2,5,0,0,9
2161.9795936800074,4,85.5,0,0,1,8,0,0,9
2162.991866206052,4,64.25,2,2,1,6,2,0,11
2164.005672149011,4,69.5,3,2,1,3,5,0,11
2165.0200546100386,4,70.0,0,5,0,3,0,6,14
2166.0329155030195,4,41.0,0,0,1,5,0,0,6
2167.0453461960424,4,66.0,0,0,1,6,0,0,7
2168.0571676600375,4,62.5,3,0,0,5,2,0,7
2169.071307707054,4,47.75,0,1,1,7,0,0,9
2170.084882325027,4,58.25,0,0,0,5,0,0,5
2171.096937386028,4,68.5,0,1,0,4,1,0,6
2172.1106761520496,4,64.5,0,1,0,3,1,1,6
2173.1234219930484,4,23.75,0,0,0,3,0,1,4
2174.1368691820535,4,46.5,1,0,0,3,0,0,3
2175.1497577860137,4,70.0,1,0,0,2,0,1,3
2176.1633737080265,4,30.5,0,3,0,1,0,0,4
2177.1779753169976,4,48.5,0,1,2,3,0,0,6
2178.191546406015,4,47.75,0,2,0,4,0,0,6
2179.202850760019,4,51.75,0,0,0,6,0,0,6
2180.214768454025,4,48.0,0,1,0,3,0,0,4
2181.2283424010384,4,4.75,0,1,0,3,0,0,4
2182.2420764160343,4,46.75,0,0,0,4,0,0,4
2183.2557760830387,4,67.75,0,1,0,4,0,0,5
2184.2698439500527,4,47.0,0,0,0,5,0,0,5
2185.286764424003,4,53.75,0,0,0,5,0,0,5
2186.293830508017,4,47.25,0,1,0,2,0,2,5
2187.3075537770055,4,23.5,0,2,0,2,0,0,4
2188.3209316320135,4,19.75,0,2,2,3,0,0,7
2189.3325371430255,4,49.0,0,0,1,7,0,0,8
2190.345989657042,4,65.25,0,0,1,6,0,0,7
2191.3577023820253,4,71.75,0,0,1,3,2,1,7
2192.3711686890456,4,46.75,1,0,1,2,3,1,7
2193.3835890190094,4,0.0,0,2,1,0,0,0,3
2194.397130062047,4,24.75,0,0,0,3,0,0,3
2195.411264610011,4,44.0,0,1,0,3,0,0,4
2196.4234379480476,4,47.25,0,1,0,4,0,0,5
2197.4345898780157,4,28.75,0,2,0,5,0,0,7
2198.4468085770495,4,61.5,0,1,1,4,0,1,7
2199.460991368047,4,46.0,0,0,0,6,0,0,6
2200.474575639004,4,52.25,2,0,0,4,2,0,6
2201.488659260038,4,47.5,2,0,0,2,4,0,6
2202.5021833440405,4,46.75,4,0,0,2,0,4,6
2203.5160918280017,4,39.5,0,1,1,5,0,0,7
2204.5260928210337,4,97.0,0,0,0,6,0,0,6
2205.539990718011,4,46.75,1,0,0,4,1,0,5
2206.55362138903,4,47.25,0,2,0,3,0,0,5
2207.5661092780065,4,44.25,0,0,1,5,0,0,6
2208.579592224036,4,25.0,0,1,1,5,0,0,7
2209.5957548780134,4,64.0,0,1,0,5,1,0,7
2210.6141425820533,4,68.75,2,1,0,4,2,0,7
2211.6281305780285,4,45.5,4,1,0,2,4,0,7
2212.6418295800104,4,23.5,6,1,0,2,4,0,7
2213.65614603,4,15.0,0,2,3,3,0,0,8
2214.671135829005,4,60.75,0,1,2,6,0,0,9
2215.6848557930207,4,66.5,0,0,0,6,3,0,9
2216.6991208910476,4,71.25,0,0,0,5,4,0,9
2217.7128689690144,4,17.5,0,1,0,3,0,4,8
2218.726653910009,4,23.5,3,1,0,1,1,3,6
2219.740383619035,4,38.5,0,2,2,5,0,0,9
2220.754268615041,4,70.25,0,1,1,4,0,2,8
2221.76835099404,4,56.0,0,4,0,5,0,1,10
2222.7811181780417,4,46.75,2,4,0,5,0,1,10
2223.7947951410315,4,48.0,3,4,0,4,1,1,10
2224.808080414019,4,46.0,0,9,0,4,1,1,15
2225.822262869042,4,32.0,0,2,6,3,0,0,11
2226.8352053420385,4,48.5,0,1,2,9,0,0,12
2227.848849590053,4,93.0,0,2,1,6,1,3,13
2228.8624665690004,4,55.0,1,1,1,5,1,0,8
2229.876388734032,4,69.75,3,1,1,3,3,0,8
2230.8894557180465,4,23.75,5,1,0,2,1,4,8
2231.90024204005,4,18.0,0,0,2,5,0,0,7
2232.91362851701,4,51.75,0,0,0,6,0,0,6
2233.92536376504,4,47.25,0,1,0,5,0,1,7
2234.939369492,4,46.75,0,1,0,4,1,1,7
2235.9537070700317,4,46.75,0,1,0,3,2,1,7
2236.9718831500504,4,22.75,0,0,2,2,0,0,4
2237.9852751740254,4,30.0,0,0,0,3,0,0,3
2238.999279469019,4,24.0,0,3,0,2,1,0,6
2240.0128341560485,4,22.5,2,3,0,2,0,1,6
2241.026673273009,4,22.75,1,4,2,2,1,0,9
2242.0409428260173,4,70.25,0,0,0,8,0,0,8
2243.054344883014,4,96.0,1,3,0,7,0,1,11
2244.0694218130084,4,93.75,3,3,0,5,2,1,11
2245.0830605110386,4,93.75,4,3,0,4,3,1,11
2246.0978562940145,4,69.75,0,5,1,4,0,0,10
2247.111848824017,4,20.0,0,0,0,10,0,1,11
2248.1232401450397,4,63.0,1,2,2,8,0,1,13
2249.13729338703,4,54.25,1,2,1,5,4,0,12
2250.151246377034,4,89.75,0,0,0,7,1,0,8
2251.164932669024,4,48.5,0,0,0,4,0,0,4
2252.178596549027,4,44.25,0,0,1,3,1,0,5
2253.192636887019,4,46.5,2,0,0,2,3,0,5
2254.2064820630476,4,23.0,3,0,0,2,3,0,5
2255.2177929730387,4,22.75,0,7,0,1,0,4,12
2256.2305579630192,4,34.75,0,1,2,5,0,0,8
2257.2444815390045,4,48.0,0,3,1,4,0,0,8
2258.258308959019,4,26.0,0,3,0,4,1,0,8
2259.27138393902,4,67.75,0,1,0,8,0,1,10
2260.283886160003,4,59.25,2,0,1,6,2,1,10
2261.298314015032,4,70.5,3,0,1,5,3,1,10
2262.3143720580265,4,71.25,0,4,1,3,0,1,9
2263.328750623041,4,23.5,0,1,1,5,1,0,8
2264.34087148204,4,95.75,0,0,0,7,0,0,7
2265.3544936920516,4,46.5,0,0,0,5,2,0,7
2266.365989512007,4,46.5,0,0,0,2,2,3,7
2267.3796599500347,4,23.25,0,5,0,1,0,2,8
2268.393815265037,4,48.0,0,0,1,5,0,0,6
2269.4079092360334,4,71.5,0,0,0,6,0,0,6
2270.420904728002,4,47.75,1,0,0,6,0,0,6
2271.4348431200488,4,69.75,1,0,0,4,0,2,6
2272.4471808120143,4,55.75,1,0,1,4,0,0,5
2273.461203561048,4,85.5,0,1,0,6,0,0,7
2274.4736636080197,4,70.5,0,3,0,4,2,0,9
2275.486649133032,4,58.5,1,3,0,3,3,0,9
2276.4974315360305,4,46.75,1,4,0,2,0,4,10
2277.509967167047,4,71.25,0,2,1,3,0,2,8
2278.523500907002,4,46.25,0,2,2,3,0,0,7
2279.537213935051,4,48.5,0,1,3,4,0,0,8
2280.551031326002,4,44.5,0,1,2,7,0,0,10
2281.5647860580357,4,42.75,1,1,1,7,1,0,10
2282.575893324043,4,56.75,0,0,3,5,1,0,9
2283.5890249430086,4,46.75,0,0,2,4,0,3,9
2284.6008481230238,4,69.25,0,1,1,4,1,0,7
2285.6148550470243,4,69.75,0,1,0,6,0,0,7
2286.626066137047,4,48.5,2,1,0,4,1,1,7
2287.63715353905,4,46.75,0,2,0,4,0,0,6
2288.6484882560326,4,61.5,0,0,1,5,0,0,6
2289.6605997630395,4,71.25,0,0,0,6,0,0,6
2290.674702565011,4,28.75,0,0,0,6,0,0,6
2291.6880769230193,4,71.5,1,0,0,4,2,0,6
2292.700458695006,4,70.75,0,1,0,3,0,0,4
2293.7117051390233,4,46.75,0,3,0,4,0,0,7
2294.725576486031,4,49.0,0,1,1,5,0,0,7
2295.739392661024,4,46.75,0,1,0,5,0,1,7
2296.752313866047,4,71.25,0,0,0,5,0,0,5
2297.768224707048,4,70.5,0,1,0,4,0,0,5
2298.7814927120344,4,46.75,0,1,0,4,0,0,5
2299.7922547210474,4,46.75,0,0,1,5,0,0,6
2300.8063697880134,4,95.5,0,0,0,6,0,0,6
2301.8187172980397,4,72.0,0,2,0,6,0,0,8
2302.831610918045,4,71.0,0,0,2,3,0,0,5
2303.845595060033,4,72.25,0,0,1,4,0,0,5
2304.859699556022,4,70.0,0,0,1,3,1,0,5
2305.873167367012,4,46.5,0,1,1,2,0,0,4
2306.8870791170048,4,24.0,0,1,1,2,0,0,4
2307.9011990720173,4,23.5,0,1,2,2,0,0,5
2308.914504837012,4,10.5,0,1,0,2,0,1,4
2309.928376103053,4,47.5,0,2,0,4,0,0,6
2310.9422234310186,4,37.5,0,1,1,5,0,0,7
2311.954626136052,4,36.0,0,1,0,7,0,1,9
2312.9668354440364,4,46.5,1,2,0,5,2,1,10
2313.980125643022,4,70.5,1,2,0,3,4,1,10
2314.993616186024,4,49.25,0,1,1,3,0,0,5
2316.0078549070167,4,68.25,0,1,1,3,0,0,5
2317.021433584043,4,46.5,0,0,2,5,0,0,7
2318.0352587800007,4,96.0,0,2,1,4,0,1,8
2319.049379182048,4,46.75,0,0,2,6,0,0,8
2320.0604160850053,4,79.5,0,1,0,7,0,0,8
2321.073988702032,4,52.25,0,1,0,8,0,0,9
2322.087405711005,4,71.75,1,1,0,6,2,0,9
2323.101573161024,4,46.75,0,3,0,4,0,0,7
2324.114931597025,4,48.25,0,0,0,6,0,0,6
2325.128153426049,4,58.0,0,0,0,6,0,0,6
2326.1405795490136,4,93.75,0,0,0,5,1,0,6
2327.153777827043,4,93.25,0,0,1,4,0,1,6
2328.1690099700354,4,70.5,0,0,1,4,0,0,5
2329.1828351930017,4,83.0,0,0,0,5,0,0,5
2330.193123638048,4,95.0,0,0,0,3,2,0,5
2331.2068638330093,4,47.0,0,0,0,1,4,0,5
2332.2273757380317,4,23.5,0,0,0,0,0,5,5
2333.2668151030084,4,0.0,0,1,0,0,0,2,3
2334.280922061007,4,0.0,0,0,0,1,0,0,1
2335.294199591037,4,14.75,5,0,0,1,0,0,1
2336.308332747023,4,23.0,0,4,2,1,0,0,7
2337.321891020052,4,0.0,0,5,0,5,0,0,10
2338.3349082580535,4,51.5,0,2,2,10,1,0,15
2339.346826406021,4,75.75,0,2,1,7,4,0,14
2340.3609357440146,4,69.75,1,2,0,6,3,3,14
2341.3747276090435,4,42.0,0,6,1,3,1,2,13
2342.3885426530032,4,42.75,0,0,3,7,0,0,10
2343.4025151730166,4,46.75,0,0,0,8,1,0,9
2344.416177880019,4,69.25,0,0,0,6,0,3,9
2345.4290225040168,4,68.0,1,2,0,4,0,1,7
2346.4421218080097,4,46.5,2,2,0,1,3,1,7
2347.4558281850186,4,23.25,6,2,0,1,0,3,6
2348.4698540000245,4,24.0,4,7,0,1,2,1,11
2349.483950406022,4,19.75,0,3,4,8,0,0,15
2350.4975219240296,4,78.5,0,1,6,8,1,0,16
2351.5101603860385,4,85.0,2,0,3,9,0,1,13
2352.5238925230224,4,94.0,6,0,1,6,0,6,13
2353.537495055003,4,39.5,0,7,1,2,1,1,12
2354.5511649180553,4,23.5,0,4,6,2,0,0,12
2355.562933938054,4,48.5,0,4,2,10,0,0,16
2356.571379032044,4,42.5,0,4,2,6,2,0,14
2357.58494089701,4,95.0,0,3,3,7,0,3,16
2358.596783198009,4,95.0,2,3,2,8,0,3,16
2359.610541719012,4,65.75,0,3,4,5,0,2,14
2360.62385714805,4,27.75,0,0,2,9,0,0,11
2361.635082124034,4,83.5,0,0,0,7,0,0,7
2362.6477131069987,4,79.0,0,0,0,6,1,0,7
2363.6615586040425,4,93.75,1,0,0,3,4,0,7
2364.675754859054,4,40.5,0,2,0,2,0,1,5
2365.6876482299995,4,48.5,0,2,1,3,0,0,6
2366.701758632029,4,48.5,0,0,1,5,0,0,6
2367.714011915028,4,46.0,0,0,1,4,1,0,6
2368.727796785999,4,46.75,2,0,1,2,2,1,6
2369.7451643710374,4,47.0,4,0,0,3,0,3,6
2370.7569960310357,4,52.0,0,0,1,6,0,0,7
2371.770584792015,4,70.75,0,0,0,6,0,0,6
2372.7824922710424,4,70.0,0,0,0,6,0,0,6
2373.7960006050416,4,68.75,0,0,0,4,0,0,4
2374.8099354610313,4,23.5,0,0,0,2,1,1,4
2375.8223328720196,4,23.25,1,0,0,1,2,0,3
2376.836040731054,4,23.25,0,4,0,1,0,2,7
2377.848918739008,4,0.0,0,2,1,3,0,0,6
2378.8625863760244,4,46.75,0,1,1,3,0,0,5
2379.875286366034,4,69.0,0,1,0,3,1,0,5
2380.8879550100537,4,69.0,0,0,1,3,0,0,4
2381.9017386930063,4,46.25,0,1,0,4,0,0,5
2382.915235299035,4,46.5,0,0,0,5,0,0,5
2383.928961345053,4,47.75,3,1,0,5,0,0,6
2384.942671759054,4,42.0,6,1,0,2,3,0,6
2385.956724141026,4,23.0,0,10,0,2,0,1,13
2386.9703217320493,4,0.0,0,5,3,5,0,0,13
2387.9818952820497,4,48.0,0,2,1,8,0,2,13
2388.994101503049,4,70.25,1,2,1,8,0,2,13
2390.0081057560164,4,63.0,4,6,0,10,0,0,16
2391.022240102,4,13.75,6,4,0,9,2,1,16
2392.0347285650205,4,52.5,2,6,1,9,0,0,16
2393.046489792003,4,70.25,4,5,0,8,3,0,16
2394.0607735770172,4,71.25,2,3,5,5,0,3,16
2395.0745031770202,4,13.25,0,5,2,9,0,0,16
2396.0880789860385,4,67.0,0,1,1,12,1,1,16
2397.0989466160536,4,65.0,0,0,1,9,2,0,12
2398.113092678017,4,69.25,0,0,1,5,0,0,6
2399.126501217019,4,70.0,0,0,1,4,0,0,5
2400.137607385055,4,47.0,0,0,0,2,0,0,2
2401.1440709180315,4,23.0,0,0,0,1,1,0,2
2402.157632693008,4,23.5,1,0,0,1,1,0,2
2403.1717225710163,4,23.75,2,0,0,1,1,0,2
2404.1828490990447,4,23.25,0,0,3,1,0,0,4
2405.1967214870383,4,25.0,0,3,0,3,0,0,6
2406.2101426960435,4,14.25,0,0,1,5,0,1,7
2407.2221345280414,4,47.5,4,0,1,3,2,0,6
2408.2341686540167,4,23.0,0,1,3,4,0,0,8
2409.2475998270093,4,70.0,0,1,1,5,1,0,8
2410.2596170580364,4,55.5,0,1,1,5,0,2,9
2411.2735905260197,4,67.25,0,0,1,3,0,0,4
2412.2834876830457,4,3.0,0,0,0,4,0,0,4
2413.2972344410373,4,38.5,2,0,0,3,1,0,4
2414.310334867041,4,27.0,0,2,2,3,0,0,7
2415.3238507000497,4,2.0,0,1,1,5,0,0,7
2416.337602692016,4,27.0,0,1,0,6,0,0,7
2417.3512002410134,4,23.25,1,2,0,5,1,0,8
2418.364265731012,4,46.0,1,2,0,3,3,0,8
2419.37683548301,4,2.5,0,2,0,3,0,1,6
2420.3905989030027,4,68.75,0,2,0,4,0,0,6
2421.404625215044,4,46.5,0,2,0,3,0,0,5
2422.41815717204,4,46.5,3,2,0,2,1,0,5
2423.4321510140435,4,46.75,6,2,0,1,2,0,5
2424.4439492730307,4,23.5,0,8,1,0,0,1,10
2425.4575152220204,4,1.0,0,0,6,3,0,0,9
2426.470996944001,4,82.5,0,0,1,7,0,0,8
2427.4852785940166,4,45.75,0,1,1,7,0,1,10
2428.499094854051,4,50.75,1,3,1,8,0,0,12
2429.5101827030303,4,93.75,2,3,0,7,2,0,12
2430.521529850026,4,68.0,4,3,0,4,5,0,12
2431.5312648020335,4,24.0,0,2,3,8,0,0,13
2432.545685354038,4,50.5,0,3,2,8,1,1,15
2433.5593576719984,4,44.5,0,0,1,10,1,0,12
2434.5731400640216,4,89.0,1,0,0,9,2,0,11
2435.5866002900293,4,70.75,0,2,0,7,1,1,11
2436.6004448740277,4,83.25,1,3,0,4,3,0,10
2437.6146899500163,4,64.0,0,0,2,4,0,0,6
2438.628305740014,4,29.25,0,2,1,5,0,0,8
2439.643528396031,4,49.25,0,0,0,7,0,0,7
2440.657862629043,4,55.25,0,0,0,5,0,0,5
2441.6712248880067,4,64.0,0,2,0,5,0,0,7
2442.6853463060106,4,23.25,0,1,2,6,0,0,9
2443.699047437054,4,61.75,0,1,1,8,0,0,10
2444.713123470021,4,95.0,1,0,0,8,1,1,10
2445.726780898054,4,69.5,2,0,0,4,5,1,10
2446.7403065160033,4,47.25,2,2,0,3,0,3,8
2447.7517879530205,4,68.5,0,1,3,4,0,0,8
2448.7630944420234,4,24.5,2,3,2,5,0,1,11
2449.776489652053,4,72.25,0,3,2,8,0,0,13
2450.7899624270503,4,51.75,1,1,2,7,3,0,13
2451.803405822022,4,71.5,5,1,1,8,0,3,13
2452.8173484830186,4,71.5,0,3,4,8,0,0,15
2453.8385584010393,4,93.75,0,1,3,8,0,0,12
2454.860972315015,4,22.5,0,2,2,9,0,1,14
2455.8751376430155,4,47.5,1,2,1,10,0,1,14
2456.889180595055,4,54.75,0,0,1,11,0,0,12
2457.903067529027,4,47.25,0,1,0,9,1,0,11
2458.916697242006,4,68.75,0,1,2,6,1,0,10
2459.9304664360243,4,63.0,0,1,0,8,1,1,11
2460.9439550800016,4,91.75,0,2,0,8,0,1,11
2461.958142945019,4,94.25,0,2,0,6,2,1,11
2462.9718192850123,4,69.75,3,2,0,4,4,1,11
2463.9855079860426,4,47.75,0,1,4,4,0,0,9
2465.0001050330466,4,25.75,0,0,0,9,0,0,9
2466.011475339008,4,47.25,0,0,0,9,0,0,9
2467.025595680054,4,70.25,0,0,1,9,0,0,10
2468.0388966020546,4,83.25,0,0,0,9,0,0,9
2469.0497831200482,4,93.0,0,3,0,8,0,1,12
2470.0637737890356,4,68.5,0,1,2,6,1,0,10
2471.0758935010526,4,48.0,0,1,2,6,1,0,10
2472.0896325620124,4,65.25,0,1,1,7,0,0,9
2473.1034590250347,4,93.25,0,1,0,8,0,0,9
2474.1184195190435,4,95.5,1,1,0,4,4,0,9
2475.132328650041,4,21.0,0,0,1,5,0,0,6
2476.1446586230304,4,39.75,0,2,1,6,0,0,9
2477.1582234470407,4,48.5,0,1,2,5,2,0,10
2478.1708388590487,4,42.5,0,0,1,5,0,0,6
2479.184626775037,4,73.25,0,1,0,5,1,0,7
2480.1989562110393,4,72.0,0,0,0,6,0,0,6
2481.2127991590532,4,79.0,0,0,0,5,1,0,6
2482.225891114038,4,94.5,2,0,0,5,1,0,6
2483.2396494930144,4,93.75,2,0,0,2,4,0,6
2484.2536310980213,4,5.5,1,4,0,1,0,0,5
2485.267008163035,4,46.75,0,1,1,4,0,1,7
2486.279045559,4,64.0,1,0,0,6,0,0,6
2487.2925588860526,4,82.5,3,1,0,4,0,2,7
2488.3065422730288,4,71.5,0,3,0,5,0,1,9
2489.3194532850175,4,77.75,0,3,0,1,4,0,8
2490.332696820027,4,29.75,1,0,0,4,0,1,5
2491.3452854740317,4,47.5,0,1,0,5,0,0,6
2492.357052200008,4,46.5,0,0,0,6,0,0,6
2493.370499949029,4,47.25,2,0,0,4,2,0,6
2494.3839897220023,4,5.0,0,1,1,2,0,0,4
2495.398076345038,4,37.75,0,1,0,5,0,0,6
2496.411119268043,4,47.0,1,0,0,6,0,0,6
2497.425434790028,4,60.5,0,2,0,3,2,0,7
2498.437514276011,4,38.0,3,2,0,1,2,2,7
2499.4515413240297,4,9.0,0,1,2,3,0,0,6
2500.462135712034,4,36.25,0,0,2,3,1,0,6
2501.475928712054,4,46.75,0,0,0,4,0,0,4
2502.48920419201,4,0.0,2,0,0,3,0,1,4
2503.502222646028,4,23.75,2,0,0,1,1,2,4
2504.5157310200157,4,21.5,0,1,2,1,0,0,4
2505.5296941030538,4,85.75,0,1,0,5,0,0,6
2506.5395644080127,4,69.5,0,0,1,5,0,0,6
2507.552431762044,4,91.5,0,2,0,4,0,1,7
2508.5667312900187,4,65.75,0,0,1,5,0,0,6
2509.580878321023,4,72.0,0,1,0,5,0,0,6
2510.5945464140386,4,62.25,0,2,0,4,1,0,7
2511.6084897850524,4,71.25,0,2,0,4,1,0,7
2512.6220981530496,4,47.0,2,2,0,2,2,1,7
2513.6360801070114,4,65.75,0,0,1,4,0,0,5
2514.649876406009,4,46.75,0,0,1,6,0,0,7
2515.663706340012,4,46.25,0,1,1,6,0,0,8
2516.6779609720106,4,70.0,0,4,0,5,0,1,10
2517.6915208940045,4,49.25,0,0,0,9,0,0,9
2518.7054561930127,4,69.5,0,0,0,8,0,0,8
2519.717841338017,4,30.75,0,0,0,6,2,0,8
2520.7297925990424,4,70.5,1,0,0,5,3,0,8
2521.740931309003,4,70.0,0,2,0,4,0,4,10
2522.7547133970074,4,24.75,0,0,0,4,0,0,4
2523.768659393012,4,23.25,0,1,0,5,0,0,6
2524.7824958780548,4,70.5,2,0,1,4,0,1,6
2525.795495445025,4,78.5,0,1,0,6,0,0,7
2526.8091025910107,4,91.5,0,1,1,4,2,0,8
2527.821629762999,4,70.25,0,0,0,5,0,0,5
2528.8336141310283,4,46.5,0,0,0,3,2,0,5
2529.8456204870017,4,47.5,1,0,0,3,2,0,5
2530.8570600670064,4,47.75,0,2,0,3,0,2,7
2531.8706988440244,4,47.25,0,0,0,5,0,1,6
2532.8846818130114,4,71.0,0,0,0,4,0,0,4
2533.898378591053,4,66.25,0,0,0,4,0,0,4
2534.9118917830056,4,70.5,1,0,0,3,1,0,4
2535.9212704439997,4,47.75,2,0,0,1,3,0,4
2536.934923316003,4,0.0,0,0,0,3,0,0,3
2537.948532989016,4,46.5,0,0,1,3,0,0,4
2538.9620880410075,4,15.25,0,0,0,3,0,1,4
2539.9760393230245,4,47.25,0,0,0,3,0,0,3
2540.989730893052,4,46.5,0,0,0,3,0,0,3
2542.003700664034,4,23.25,0,0,0,2,0,0,2
2543.017255972023,4,12.5,0,0,0,2,0,0,2
2544.0307645350113,4,23.5,0,0,0,1,0,1,2
2545.0446244699997,4,26.75,0,1,0,1,0,0,2
2546.0581645530183,4,0.0,0,1,0,0,0,0,1
2547.0721881050267,4,0.0,0,1,2,0,0,0,3
2548.085582610045,4,35.5,0,0,1,3,0,0,4
2549.0995287820115,4,46.5,0,0,0,4,0,0,4
2550.113003384031,4,47.0,0,1,0,4,0,0,5
2551.126866368053,4,66.0,0,0,0,5,0,0,5
2552.1405345390085,4,48.0,0,0,0,4,0,0,4
2553.154262212047,4,43.25,1,1,0,4,0,0,5
2554.1677348079975,4,47.25,0,1,1,6,0,0,8
2555.1816155110137,4,47.0,0,2,0,6,1,0,9
2556.1949531800346,4,70.5,0,2,0,4,3,0,9
2557.2097586320015,4,47.5,0,0,0,4,0,0,4
2558.2235610280186,4,48.25,0,0,0,3,0,0,3
2559.2373569930205,4,24.75,0,0,1,4,0,0,5
2560.2500119230244,4,59.0,0,0,1,3,0,1,5
2561.263980118034,4,46.25,0,1,0,4,0,0,5
2562.278192040045,4,68.75,0,3,0,3,1,0,7
2563.2918100410025,4,47.25,1,3,0,3,1,0,7
2564.306220958999,4,23.75,1,3,1,3,0,1,8
2565.319632505998,4,47.75,0,1,2,6,0,0,9
2566.3327558330493,4,24.0,0,0,0,7,0,0,7
2567.346238926053,4,47.0,0,1,0,5,0,0,6
2568.3600337380194,4,34.25,1,0,1,4,1,0,6
2569.3737345760455,4,47.0,0,0,2,6,0,0,8
2570.3875416710507,4,86.5,0,1,0,4,0,1,6
2571.401003796025,4,50.25,0,2,0,3,0,0,5
2572.4124333400396,4,45.25,4,2,0,2,0,0,4
2573.4261469870107,4,47.25,10,2,0,2,0,0,4
2574.4394465220394,4,47.0,2,12,1,3,0,0,16
2575.4530036450014,4,34.5,5,0,11,5,0,0,16
2576.488291053043,4,14.5,8,0,5,10,1,0,16
2577.5026594100054,4,58.75,10,0,2,11,1,2,16
2578.515306104033,4,95.5,6,7,0,7,0,2,16
2579.531737636018,4,46.5,4,0,8,8,0,0,16
2580.545708168007,4,81.5,4,0,0,15,1,0,16
2581.5593897640356,4,78.25,1,6,0,6,1,3,16
2582.5704863280407,4,21.0,0,0,5,7,0,1,13
2583.584300962044,4,47.75,0,0,0,10,0,0,10
2584.598640333046,4,71.0,0,0,0,8,0,0,8
2585.612144674,4,64.75,0,2,0,8,0,0,10
2586.62584751501,4,71.75,2,2,0,6,2,0,10
2587.637561547046,4,66.75,0,3,2,5,0,0,10
2588.6511699770344,4,24.75,0,2,0,8,0,1,11
2589.6649824810447,4,25.0,1,2,1,7,0,0,10
2590.6787184730056,4,46.0,0,1,0,10,0,0,11
2591.6934979700018,4,86.25,0,0,0,10,0,0,10
2592.7074686190463,4,72.75,0,0,0,7,3,0,10
2593.720876732026,4,95.25,0,0,0,6,0,0,6
2594.7349717000034,4,95.25,1,0,0,5,1,0,6
2595.7484447630122,4,70.0,3,0,0,4,0,2,6
2596.762597023044,4,59.0,0,1,1,6,0,0,8
2597.7759486310533,4,29.25,0,0,2,6,0,0,8
2598.7898421480204,4,70.5,1,0,1,6,1,0,8
2599.8033667860436,4,47.0,0,0,1,6,1,0,8
2600.816987864033,4,70.25,0,2,1,5,0,0,8
2601.8311370040174,4,29.25,0,1,3,7,0,0,11
2602.844756534032,4,71.75,1,0,2,8,1,0,11
2603.8585538950283,4,67.75,0,1,3,8,1,0,13
2604.8721090820036,4,65.0,0,0,1,11,0,0,12
2605.885622668022,4,65.0,0,0,0,10,1,0,11
2606.8967886850005,4,71.5,1,0,0,8,0,1,9
2607.9107497520163,4,70.25,0,2,2,9,0,0,13
2608.9247780620353,4,67.0,0,0,0,10,1,0,11
2609.938492023037,4,92.0,0,0,0,9,0,0,9
2610.952560836042,4,59.0,0,0,0,5,1,1,7
2611.9660156090395,4,45.75,0,2,0,4,1,0,7
2612.9798585590324,4,45.25,0,2,0,2,3,0,7
2613.9905940450262,4,41.25,0,2,2,3,0,0,7
2615.0045386960264,4,49.25,0,1,0,6,0,0,7
2616.016364726005,4,58.75,0,0,0,7,0,0,7
2617.03013747104,4,72.0,0,0,0,5,0,0,5
2618.0437033790513,4,70.5,0,0,0,5,0,0,5
2619.0575643850025,4,40.5,0,1,0,5,0,0,6
2620.07127914601,4,53.5,0,1,0,4,0,0,5
2621.0847192810033,4,67.5,0,0,1,6,0,0,7
2622.0985013660393,4,87.5,0,0,1,5,0,0,6
2623.1124187350506,4,47.5,0,1,0,4,0,0,5
2624.1260494550224,4,47.75,0,0,0,5,0,0,5
2625.1397501520114,4,23.25,0,0,0,4,0,0,4
2626.1530566820293,4,47.0,0,0,0,2,0,0,2
2627.1672711450374,4,47.0,0,2,0,2,0,0,4
2628.1799130940344,4,47.0,0,1,1,3,0,0,5
2629.194762459025,4,21.25,0,1,1,2,0,0,4
2630.2077019350254,4,23.5,2,1,1,1,1,0,4
2631.2216502490337,4,23.25,0,0,1,4,0,0,5
2632.235584946,4,47.0,0,0,0,4,0,0,4
2633.2489681370207,4,54.0,2,0,0,4,0,0,4
2634.261514582031,4,47.0,0,1,2,3,1,0,7
2635.2751759290113,4,70.75,0,0,1,5,0,0,6
2636.287103624025,4,71.5,0,0,1,5,0,0,6
2637.3007897729985,4,69.75,0,0,1,5,0,0,6
2638.3146903900197,4,71.25,1,0,1,4,1,0,6
2639.3317720410414,4,70.75,0,2,1,2,0,2,7
2640.345911343,4,30.0,0,0,1,3,0,0,4
2641.361717665044,4,72.0,0,0,1,3,0,0,4
2642.375874588033,4,30.25,0,0,0,3,1,0,4
2643.3897406280157,4,47.5,0,1,0,1,0,0,2
2644.403546560032,4,23.25,0,1,0,1,0,0,2
2645.417640053027,4,23.5,1,1,0,1,0,0,2
2646.431644492026,4,17.0,2,1,1,1,0,0,3
2647.4436625980306,4,30.5,0,3,0,2,0,0,5
2648.4553393770475,4,48.0,0,0,2,3,0,0,5
2649.4691644550185,4,64.0,1,0,0,5,0,0,5
2650.482881372038,4,51.0,1,1,0,3,2,0,6
2651.496807746007,4,24.25,0,1,1,2,0,0,4
2652.5104367720196,4,26.25,0,1,0,3,1,0,5
2653.5210255720303,4,49.75,0,0,0,4,0,0,4
2654.534653448034,4,70.25,0,0,0,3,0,0,3
2655.5459697199985,4,47.0,0,1,0,3,0,0,4
2656.5569215780124,4,39.25,0,1,3,2,1,0,7
2657.5708258899976,4,55.75,1,1,2,4,0,0,7
2658.5845163800404,4,46.5,0,2,1,5,0,0,8
2659.598675973015,4,46.75,0,1,1,5,0,0,7
2660.6121310010203,4,53.25,0,0,0,6,0,0,6
2661.625970439054,4,28.25,0,1,0,4,0,0,5
2662.63986674801,4,0.0,0,2,0,4,0,0,6
2663.6537786810077,4,42.25,0,0,1,6,0,0,7
2664.667936670012,4,72.5,0,0,1,7,0,0,8
2665.681179142033,4,48.0,0,0,0,6,0,0,6
2666.6935220430023,4,61.0,0,1,0,6,0,0,7
2667.7079950140323,4,71.0,0,1,0,7,0,0,8
2668.722521301999,4,68.75,0,0,0,6,0,0,6
2669.7334712760057,4,41.5,0,1,0,5,0,0,6
2670.7472172499984,4,71.5,0,0,0,4,0,0,4
2671.7610211910214,4,24.25,0,1,0,3,0,0,4
2672.7748806760064,4,70.5,0,0,0,6,0,0,6
2673.788664496038,4,70.25,0,0,0,4,1,0,5
2674.8027885770425,4,20.75,0,0,0,3,0,0,3
2675.8148090590257,4,47.0,0,0,0,2,0,1,3
2676.8292356120073,4,20.0,0,1,0,1,0,0,2
2677.8430987879983,4,47.75,0,1,0,1,0,0,2
2678.8500296810525,4,27.0,0,3,2,2,0,0,7
2679.8639140010346,4,48.25,0,2,2,3,1,0,8
2680.876791810035,4,22.75,1,1,1,4,1,0,7
2681.888303824002,4,70.25,0,0,3,2,0,1,6
2682.901918633026,4,16.25,0,0,1,2,0,0,3
2683.9149795700214,4,8.75,0,1,0,2,0,0,3
2684.9287952800514,4,47.5,0,2,2,3,1,0,8
2685.9418888180517,4,30.75,0,2,2,6,0,0,10
2686.955936914019,4,70.75,0,3,2,5,0,2,12
2687.96962437802,4,41.0,0,4,2,3,0,0,9
2688.9832689750474,4,51.5,0,4,1,7,0,0,12
2689.9944534140523,4,63.5,0,2,1,7,1,0,11
2691.0066680160235,4,37.0,3,2,1,7,1,0,11
2692.0205117940204,4,70.0,5,2,1,6,2,0,11
2693.0348417040077,4,48.0,1,3,5,7,0,0,15
2694.0482676620013,4,91.25,2,3,3,8,1,1,16
2695.0621023030253,4,25.0,3,3,5,7,0,1,16
2696.076270518999,4,70.5,3,5,2,9,0,0,16
2697.089658425015,4,25.75,4,0,2,11,2,1,16
2698.1057062559994,4,83.5,2,1,2,13,0,0,16
2699.1188225410297,4,60.5,0,3,1,8,4,0,16
2700.1304530610214,4,67.25,0,3,1,7,1,4,16
2701.144200663024,4,42.25,0,0,1,7,0,0,8
2702.1538062710315,4,73.0,0,0,1,5,0,0,6
2703.167524493998,4,60.75,0,1,0,5,0,0,6
2704.18159640301,4,58.5,0,0,1,5,0,0,6
2705.1913292000536,4,70.5,0,0,0,6,0,0,6
2706.204641959048,4,47.0,0,0,0,4,0,0,4
2707.218875855033,4,46.75,0,1,0,1,1,0,3
2708.2322659229976,4,23.25,2,1,0,1,1,0,3
2709.2461848730454,4,0.25,0,2,0,1,0,0,3
2710.2602159000235,4,23.5,0,4,0,1,0,0,5
2711.2737841060152,4,23.25,0,1,2,2,0,0,5
2712.2877365300083,4,23.5,1,1,1,3,0,0,5
2713.3012618040084,4,31.25,0,0,2,5,0,0,7
2714.3145849790308,4,44.5,0,0,0,7,0,0,7
2715.328173160029,4,46.25,0,0,0,7,0,0,7
2716.342120915011,4,25.75,2,0,0,6,1,0,7
2717.3557706920546,4,47.5,0,1,2,3,0,0,6
2718.3639527440537,4,20.0,0,0,2,3,1,0,6
2719.377783418051,4,46.0,1,0,0,3,1,2,6
2720.3915597750456,4,46.75,0,2,0,3,0,0,5
2721.4031044360017,4,47.5,0,0,1,3,0,1,5
2722.4153706520447,4,70.0,1,0,0,4,0,0,4
2723.4292305830168,4,47.0,3,0,0,3,1,0,4
2724.4431755980477,4,47.75,0,0,1,5,0,0,6
2725.456698686001,4,71.0,0,0,1,4,1,0,6
2726.4708811550518,4,94.0,0,0,0,3,1,0,4
2727.4847522500204,4,60.5,0,0,0,2,0,0,2
2728.4985776260146,4,11.0,0,0,0,1,0,0,1
2729.5123933730065,4,23.5,0,0,0,1,0,0,1
2730.521611037024,4,23.5,2,0,0,1,0,0,1
2731.535993062018,4,0.0,0,5,0,0,1,0,6
2732.549888143025,4,48.75,0,0,0,5,0,0,5
2733.5615410890314,4,63.75,0,1,0,5,0,0,6
2734.573994397011,4,94.5,0,1,0,4,1,0,6
2735.5876345770084,4,90.75,0,0,1,4,0,0,5
2736.601316101034,4,71.0,0,0,0,5,0,0,5
2737.615727864031,4,52.75,1,0,0,4,1,0,5
2738.629152319045,4,79.75,0,2,0,4,0,1,7
2739.6416577050113,4,43.5,0,2,0,4,0,0,6
2740.6554710530327,4,59.0,0,2,1,3,0,0,6
2741.669803456054,4,45.25,0,0,3,5,0,0,8
2742.6832893150277,4,45.75,0,1,1,6,0,0,8
2743.696521797043,4,23.0,0,1,1,5,1,0,8
2744.7099308310426,4,47.0,0,0,2,4,0,0,6
2745.7238976210356,4,34.5,0,0,0,4,0,0,4
2746.7375621100073,4,46.75,0,0,0,4,0,0,4
2747.751144340029,4,46.75,0,0,0,4,0,0,4
2748.765122778015,4,47.0,0,0,0,4,0,0,4
2749.7787810890004,4,49.5,0,1,1,4,0,0,6
2750.794386997004,4,46.25,0,1,0,3,0,0,4
2751.8076579250046,4,24.25,0,0,1,1,0,0,2
2752.820864647045,4,24.0,0,2,0,2,0,0,4
2753.8378563010483,4,47.75,3,1,0,3,0,0,4
2754.851433475036,4,71.0,5,1,0,3,0,0,4
2755.865198465006,4,32.25,0,0,1,8,0,0,9
2756.8787426510244,4,95.75,0,0,0,7,0,0,7
2757.887644813047,4,88.5,0,2,0,6,1,0,9
2758.9021900230437,4,35.5,0,3,1,5,0,0,9
2759.9157478170237,4,36.5,0,1,2,5,1,0,9
2760.9293772330275,4,46.5,0,2,3,4,0,2,11
2761.941727915022,4,49.75,0,0,1,7,1,0,9
2762.9559402800514,4,71.25,0,0,0,7,0,0,7
2763.970154312032,4,46.25,0,0,0,7,0,0,7
2764.980935975036,4,46.25,0,0,0,4,3,0,7
2765.9949642069987,4,46.25,1,0,0,2,5,0,7
2767.0087576240185,4,23.5,0,1,0,2,0,0,3
2768.0228712350363,4,23.75,0,1,1,2,0,0,4
2769.0304935130407,4,23.0,0,1,1,3,0,0,5
2770.0438706750283,4,47.0,1,1,1,2,1,0,5
2771.0575618200237,4,46.75,1,1,1,1,2,0,5
2772.0719855280477,4,23.25,0,0,1,3,0,0,4
2773.0859282000456,4,47.0,0,1,1,4,0,0,6
2774.0999096430023,4,47.5,0,0,2,4,0,0,6
2775.1148309310083,4,50.0,0,0,0,5,0,0,5
2776.128185668029,4,24.0,0,1,0,5,0,0,6
2777.1418464760063,4,46.75,1,1,0,3,2,0,6
2778.1554430180113,4,47.25,1,1,0,2,3,0,6
2779.169086842041,4,65.5,0,1,0,4,0,0,5
2780.1813026270247,4,84.25,0,0,0,5,0,0,5
2781.1973051540554,4,52.75,1,0,0,5,0,0,5
2782.211026980018,4,69.75,3,0,0,2,3,0,5
2783.225075294031,4,23.5,0,3,1,1,0,0,5
2784.2385374740115,4,69.5,0,0,2,4,0,0,6
2785.252484097029,4,71.25,0,0,1,5,0,0,6
2786.266836484021,4,94.0,0,1,1,4,1,0,7
2787.279915016028,4,70.75,1,1,1,3,2,0,7
2788.294416876044,4,71.75,0,5,1,2,0,1,9
2789.309124556021,4,24.0,0,1,3,6,0,0,10
2790.323125145049,4,18.0,0,1,1,9,0,0,11
2791.337551260018,4,70.25,0,1,1,4,0,6,12
2792.351003726013,4,5.0,0,1,0,5,0,0,6
2793.3648562790477,4,47.5,0,2,0,5,0,0,7
2794.378699284047,4,10.0,0,1,2,6,0,0,9
2795.392468318052,4,33.25,1,1,2,5,1,0,9
2796.4062605260406,4,47.25,3,1,1,4,3,0,9
2797.420113190019,4,54.5,0,2,1,6,1,0,10
2798.429869553016,4,66.75,0,3,1,8,0,0,12
2799.442699786043,4,46.25,0,3,0,7,0,0,10
2800.4561532680527,4,46.5,0,2,1,8,0,0,11
2801.4687198770116,4,76.5,0,0,1,8,0,0,9
2802.48247397301,4,71.0,0,1,0,6,0,0,7
2803.494169879006,4,65.25,0,3,0,5,0,1,9
2804.5080132610165,4,64.0,0,2,1,7,0,0,10
2805.5196070260135,4,72.25,0,1,0,6,4,0,11
2806.5326194920344,4,48.5,0,0,1,5,0,0,6
2807.545672658016,4,25.0,0,1,2,5,0,0,8
2808.5590920899995,4,0.0,0,0,1,6,0,0,7
2809.5730820450117,4,45.0,0,0,1,5,0,1,7
2810.5852739110123,4,71.0,0,1,0,6,0,0,7
2811.5974696910125,4,47.5,2,1,0,4,2,0,7
2812.611750748998,4,46.75,2,1,0,3,3,0,7
2813.6256380220293,4,46.25,4,1,0,2,4,0,7
2814.635638904001,4,71.25,0,0,1,4,0,0,5
2815.649707919045,4,54.75,0,1,0,5,0,0,6
2816.663339385006,4,71.75,2,1,0,4,1,0,6
2817.6775297429995,4,37.5,0,2,1,3,0,0,6
2818.690558248025,4,30.75,2,1,2,2,1,0,6
2819.705643715046,4,19.25,0,3,1,2,0,0,6
2820.720777195005,4,47.25,0,2,1,3,0,0,6
2821.735779372044,4,45.25,0,0,2,4,0,0,6
2822.7493495490053,4,34.75,0,0,1,3,2,0,6
2823.763143137039,4,47.5,0,0,0,4,0,0,4
2824.7774538130034,4,46.75,0,0,0,2,1,0,3
2825.7913073340314,4,23.0,0,0,0,1,2,0,3
2826.8048947020434,4,23.75,0,0,0,1,0,0,1
2827.8186661090003,4,23.75,0,0,1,1,0,0,2
2828.832485501014,4,33.75,0,0,1,2,0,0,3
2829.846112586034,4,73.25,0,1,0,3,0,0,4
2830.859857602045,4,53.75,0,0,1,3,0,0,4
2831.872880123032,4,47.0,0,0,0,2,0,0,2
2832.8868378280313,4,25.0,0,0,0,2,0,0,2
2833.90064378205,4,23.25,0,0,0,2,0,0,2
2834.9146370310336,4,0.0,0,2,0,2,0,0,4
2835.92851179,4,23.0,0,4,1,2,0,0,7
2836.9423088470357,4,45.5,0,0,0,7,0,0,7
2837.9564579930156,4,94.5,1,0,0,7,0,0,7
2838.9699655050063,4,64.75,0,0,0,7,0,0,7
2839.983754366054,4,71.25,0,0,0,4,1,0,5
2840.9974181970465,4,48.0,0,1,0,4,0,0,5
2842.0109864810365,4,45.75,0,1,0,5,0,0,6
2843.02484559,4,59.0,0,3,0,4,1,0,8
2844.0381497040507,4,70.5,0,1,2,3,0,1,7
2845.049657312047,4,49.0,0,0,2,4,0,0,6
2846.063260339026,4,70.25,0,0,2,3,1,0,6
2847.0755217640544,4,44.5,0,0,1,4,0,0,5
2848.0898170800065,4,47.0,0,1,1,4,0,0,6
2849.1037587480387,4,48.0,0,2,1,4,0,0,7
2850.119234640035,4,24.25,0,0,3,4,0,0,7
2851.1331141810515,4,46.25,0,0,3,2,0,0,5
2852.147077769041,4,34.25,2,0,1,3,1,0,5
2853.1606359709986,4,47.0,3,0,1,2,2,0,5
2854.1747139770305,4,23.5,0,3,1,1,0,1,6
2855.188292382052,4,49.25,0,1,0,5,0,0,6
2856.200736005034,4,47.75,0,0,1,5,0,0,6
2857.214220683032,4,47.75,0,0,1,5,0,0,6
2858.2280427060323,4,48.0,0,0,1,3,2,0,6
2859.2421695070225,4,47.25,0,0,0,3,0,2,5
2860.253620401025,4,0.0,0,1,0,3,0,0,4
2861.2672063170467,4,22.75,0,2,0,4,0,0,6
2862.280936753028,4,40.25,0,2,1,4,0,0,7
2863.29519780603,4,24.75,0,1,1,5,1,0,8
2864.3088747330476,4,71.25,0,0,0,5,1,0,6
2865.3228466200526,4,66.5,0,0,0,5,0,0,5
2866.3364743790007,4,46.5,0,0,0,5,0,1,6
2867.3503540820093,4,53.5,0,1,0,3,0,0,4
2868.3638804640505,4,38.5,0,1,0,4,0,0,5
2869.375791698054,4,23.25,0,3,1,4,0,0,8
2870.3894402300357,4,47.25,0,3,0,4,1,0,8
2871.4032013980323,4,70.75,0,3,0,3,0,2,8
2872.4171653150115,4,23.0,0,0,0,2,1,0,3
2873.4292605780065,4,23.5,0,0,0,2,0,0,2
2874.443143730052,4,47.0,0,1,0,1,0,1,3
2875.456218432053,4,47.0,0,1,0,2,0,0,3
2876.472185809049,4,70.75,0,1,0,3,0,0,4
2877.4861875500064,4,23.75,0,0,2,3,0,0,5
2878.498830881028,4,48.25,1,0,1,4,0,0,5
2879.512146862049,4,26.25,0,0,0,5,0,0,5
2880.5256279070163,4,71.5,0,0,0,5,0,0,5
2881.5370976100094,4,94.75,1,0,0,3,2,0,5
2882.5507916770293,4,70.75,0,2,0,3,0,0,5
2883.562689197017,4,43.0,0,3,1,4,0,0,8
2884.573654431035,4,25.5,0,2,0,6,0,0,8
2885.586455441022,4,41.5,0,1,1,6,0,0,8
2886.60013498005,4,70.0,0,0,1,6,0,1,8
2887.613622612029,4,70.25,0,1,0,5,1,0,7
2888.6282122960547,4,23.75,0,3,0,1,0,1,5
2889.641372122045,4,4.5,0,2,0,3,0,0,5
2890.6553785830038,4,62.75,0,1,0,4,0,0,5
2891.6661505250377,4,32.5,0,0,0,4,0,0,4
2892.6808876240393,4,68.25,0,1,0,5,0,0,6
2893.69408083905,4,45.25,0,1,1,4,0,0,6
2894.7081650110194,4,70.75,0,0,2,4,0,0,6
2895.721689283033,4,47.25,0,2,1,3,0,2,8
2896.735684985004,4,24.25,1,2,1,3,0,2,8
2897.7495344040217,4,33.0,0,0,1,6,0,0,7
2898.7610946920468,4,71.25,0,0,0,7,0,0,7
2899.774741174013,4,46.0,0,0,0,7,0,0,7
2900.785337785026,4,94.25,1,0,0,5,2,0,7
2901.7979973070323,4,71.25,1,0,0,3,4,0,7
2902.811832599051,4,0.0,0,1,1,2,0,0,4
2903.8255629050545,4,44.0,0,1,2,3,0,0,6
2904.8421368040144,4,69.75,0,0,0,6,0,0,6
2905.8561085750116,4,70.5,0,0,0,6,0,0,6
2906.8703190560336,4,43.5,0,0,0,5,1,0,6
2907.8823770669987,4,70.0,0,0,0,3,3,0,6
2908.895926043042,4,47.0,0,0,0,2,0,0,2
2909.9096553060226,4,46.5,0,0,0,1,1,0,2
2910.9236777890474,4,23.25,0,1,0,0,0,0,1
2911.937068422034,4,0.0,1,1,0,0,0,0,1
2912.9510676630307,4,0.0,1,1,0,0,0,0,1
2913.9646205090103,4,0.0,0,2,1,0,0,0,3
2914.9785118870204,4,17.0,0,0,0,3,0,0,3
2915.9891486800043,4,43.0,0,0,0,3,0,0,3
2917.00102075201,4,46.5,0,0,0,1,2,0,3
2918.0135646800045,4,0.0,0,0,0,0,0,0,0
2919.0276517950115,4,0.0,0,0,0,0,0,0,0
2920.041427373013,4,0.0,0,2,0,0,0,0,2
2921.054989621043,4,0.0,0,1,0,1,0,0,2
2922.067188933026,4,25.0,0,0,0,2,0,0,2
2923.0781892130035,4,16.75,0,0,1,2,0,0,3
2924.091408263019,4,28.25,0,0,0,4,0,0,4
2925.103457704012,4,92.25,0,2,0,2,1,0,5
2926.117375591013,4,37.75,0,0,1,3,0,0,4
2927.130876373034,4,23.5,0,0,1,2,1,0,4
2928.1388862080057,4,24.0,1,0,1,2,1,0,4
2929.152773971029,4,23.25,0,1,0,3,0,0,4
2930.1660929800128,4,22.75,0,1,0,2,0,0,3
2931.179909753031,4,23.25,0,0,1,1,0,0,2
2932.1934583469993,4,21.25,0,1,1,1,0,0,3
2933.207177983015,4,23.0,0,1,1,1,0,0,3
2934.221172561054,4,0.0,0,2,1,1,0,0,4
2935.232963046001,4,2.0,0,0,2,3,0,0,5
2936.2465154360398,4,70.5,0,0,0,5,0,0,5
2937.2582064820454,4,94.25,0,0,0,4,0,0,4
2938.2697618550155,4,88.25,0,2,0,4,0,0,6
2939.283646163007,4,48.25,0,1,1,2,0,1,5
2940.297553671,4,20.0,0,2,2,3,0,0,7
2941.3106135530397,4,71.75,0,2,1,3,1,0,7
2942.3255110680475,4,43.75,0,1,2,3,0,0,6
2943.343892540026,4,61.0,0,0,1,4,1,0,6
2944.357230419002,4,34.25,0,0,0,4,1,0,5
2945.3693775460124,4,63.5,0,1,0,2,0,1,4
2946.382774557045,4,23.25,0,0,1,3,0,0,4
2947.3950546450214,4,70.75,0,1,0,4,0,0,5
2948.4082559160306,4,73.25,0,1,1,5,0,0,7
2949.4223653850495,4,70.5,0,0,1,5,0,0,6
2950.4359246700187,4,59.25,0,1,1,6,0,0,8
2951.450114600011,4,57.0,0,0,0,7,1,0,8
2952.462718230032,4,71.5,0,0,0,6,2,0,8
2953.4764676820487,4,71.0,0,0,0,6,0,1,7
2954.4888231300283,4,54.25,0,0,0,5,0,0,5
2955.5013379300362,4,68.25,0,1,0,4,1,0,6
2956.5149350190186,4,46.5,0,1,2,2,0,0,5
2957.5288106510416,4,0.0,0,0,2,4,0,0,6
2958.5428723340156,4,62.25,0,0,1,6,0,0,7
2959.5563161820173,4,42.0,0,2,0,5,0,1,8
2960.5701552930404,4,71.25,0,0,0,7,0,0,7
2961.5822042020154,4,47.25,0,1,0,6,0,0,7
2962.5963389500394,4,70.5,0,1,0,4,2,0,7
2963.608891895041,4,46.5,3,1,0,3,0,3,7
2964.623153010034,4,62.75,0,1,1,6,0,0,8
2965.6347611520323,4,40.0,0,2,2,7,0,1,12
2966.6461071400554,4,23.5,1,2,1,7,1,1,12
2967.658458069025,4,46.75,0,2,1,9,0,0,12
2968.67079101305,4,93.0,0,0,1,10,1,0,12
2969.6850927449996,4,68.75,0,0,1,7,1,0,9
2970.6986220230465,4,71.75,0,1,1,5,0,2,9
2971.715918697999,4,45.25,0,0,1,4,0,0,5
2972.7298246680293,4,46.75,0,2,1,5,0,0,8
2973.7406208890025,4,70.0,3,2,1,5,0,0,8
2974.7572489540325,4,96.0,0,6,2,6,0,0,14
2975.7703428620007,4,64.5,1,8,1,5,1,1,16
2976.7837173900334,4,53.5,0,1,2,13,0,0,16
2977.7968453980284,4,93.5,0,1,0,6,7,2,16
2978.808109997015,4,65.25,0,0,0,6,0,0,6
2979.819336312008,4,93.25,0,0,0,4,2,0,6
2980.8333713650354,4,93.75,1,0,0,2,4,0,6
2981.846864705032,4,46.75,0,1,2,2,0,0,5
2982.853977337014,4,74.75,0,1,0,5,0,0,6
2983.8681261920137,4,46.75,0,1,0,6,0,0,7
2984.8821823090548,4,94.25,2,1,0,3,3,0,7
2985.8956007640227,4,42.25,0,0,1,5,0,0,6
2986.9096038950374,4,95.0,0,0,0,6,0,0,6
2987.922019564023,4,71.0,0,0,0,6,0,0,6
2988.9359814630006,4,94.5,0,1,0,5,0,0,6
2989.949370237009,4,18.5,0,0,2,2,0,1,5
2990.9633269940387,4,31.5,0,0,2,2,0,1,5
2991.976862688025,4,47.0,1,0,0,4,0,1,5
2992.9868314390187,4,45.5,0,1,0,3,0,0,4
2994.001221551036,4,46.5,0,1,0,4,0,0,5
2995.0152243699995,4,46.5,0,1,0,5,0,0,6
2996.0268310560496,4,53.75,0,1,1,5,0,0,7
2997.041001768026,4,46.0,0,0,0,5,1,0,6
2998.0542399550322,4,43.0,0,0,0,4,0,0,4
2999.069931484002,4,47.75,0,0,0,4,0,0,4
3000.081232835015,4,36.5,0,0,0,3,1,0,4
3001.095181108045,4,47.0,1,0,0,3,1,0,4
3002.1090029050247,4,46.5,0,0,1,3,0,0,4
3003.1223661680124,4,46.75,0,0,1,3,1,0,5
3004.1345085520297,4,22.0,0,3,1,3,0,0,7
3005.145545309002,4,61.25,0,0,3,3,0,1,7
3006.1591311290395,4,38.5,0,0,1,5,0,0,6
3007.1722358540283,4,48.75,0,1,1,5,0,0,7
3008.1857240110403,4,24.0,0,2,1,6,0,0,9
3009.1997103100293,4,92.75,2,2,1,4,2,0,9
3010.21412658802,4,37.0,0,3,2,3,0,0,8
3011.227709120023,4,47.5,0,0,0,7,0,0,7
3012.241580013011,4,71.25,0,0,0,5,0,1,6
3013.2551585800247,4,95.5,6,0,0,5,0,1,6
3014.26909538405,4,70.25,0,1,4,9,0,0,14
3015.2828376880498,4,58.0,0,0,1,9,1,1,12
3016.2972593130544,4,48.5,0,0,2,6,1,0,9
3017.311189167027,4,46.5,0,0,2,4,3,0,9
3018.324924063054,4,71.75,0,0,2,3,3,1,9
3019.338858784002,4,48.0,0,0,1,3,0,1,5
3020.3526291170274,4,30.25,0,0,0,3,0,0,3
3021.366813686036,4,47.25,0,0,0,2,0,1,3
3022.380088218022,4,48.25,0,1,0,2,0,0,3
3023.3938425140223,4,29.0,1,1,0,0,2,0,3
3024.4076276210253,4,0.0,4,1,0,0,1,1,3
3025.4215283930534,4,6.0,0,2,3,0,0,0,5
3026.434804416029,4,81.75,0,1,0,3,0,1,5
3027.446575109032,4,10.75,0,0,1,3,0,0,4
3028.460996509006,4,71.0,1,0,1,2,1,0,4
3029.474568035046,4,46.75,1,1,1,2,0,1,5
3030.4881412330433,4,46.5,2,1,1,1,2,0,5
3031.500295188045,4,24.5,0,1,1,5,0,0,7
3032.5135498500313,4,45.75,1,2,0,6,0,0,8
3033.5271515020286,4,47.25,0,8,0,6,0,0,14
3034.5410862190183,4,46.5,0,10,0,3,3,0,16
3035.5551316970377,4,24.25,2,10,0,2,0,4,16
3036.568920688005,4,20.25,3,5,7,4,0,0,16
3037.582988889015,4,36.5,4,0,2,14,0,0,16
3038.5963411530247,4,90.75,1,4,1,8,3,0,16
3039.6098122160183,4,69.75,0,3,1,11,0,1,16
3040.62371937203,4,26.25,3,1,3,9,1,1,15
3041.636545968009,4,95.0,6,1,2,9,2,1,15
3042.650499255047,4,54.5,4,3,3,8,0,2,16
3043.663659547048,4,37.5,3,1,5,8,0,2,16
3044.677896468027,4,48.75,6,2,0,9,4,1,16
3045.691570757015,4,66.5,0,9,1,5,0,0,15
3046.7055429910542,4,29.75,0,0,2,11,2,0,15
3047.719156572013,4,68.25,0,2,0,8,1,2,13
3048.731003691035,4,46.0,0,2,1,7,0,0,10
3049.7425079780514,4,91.0,0,2,1,4,3,0,10
3050.7568143720273,4,23.25,0,0,3,2,1,1,7
3051.7703893670114,4,26.25,0,0,0,3,1,0,4
3052.7840728050214,4,27.0,0,0,0,3,0,1,4
3053.7979294940014,4,47.0,0,0,0,1,2,1,4
3054.812561761006,4,23.75,1,1,0,1,0,0,2
3055.8261528120493,4,47.0,0,0,0,3,0,0,3
3056.839759958035,4,38.5,0,0,1,4,0,0,5
3057.8565999090206,4,70.5,0,0,1,4,0,0,5
3058.8704879819998,4,70.5,2,0,1,2,2,0,5
3059.884092294029,4,45.25,0,3,0,3,0,0,6
3060.898036254046,4,52.0,0,1,0,5,0,0,6
3061.911579367006,4,23.5,1,0,0,6,0,0,6
3062.9257049260195,4,70.25,0,2,0,6,0,0,8
3063.9388373550028,4,69.5,0,0,0,8,0,0,8
3064.951556612039,4,69.5,0,0,0,6,1,1,8
3065.9617281630053,4,53.0,0,1,1,5,0,0,7
3066.97242342605,4,27.75,0,0,1,7,0,0,8
3067.986440548033,4,74.5,0,0,0,7,0,0,7
3068.9980859680218,4,94.25,0,0,0,5,2,0,7
3070.011778124026,4,71.0,0,0,0,4,0,0,4
3071.0248354250216,4,8.5,0,0,0,3,0,0,3
3072.034491786035,4,47.25,0,2,0,3,0,0,5
3073.0471580140293,4,47.25,0,3,1,2,0,1,7
3074.0610366960173,4,25.25,0,1,0,6,0,0,7
3075.074607270013,4,72.0,0,1,0,4,2,0,7
3076.087530913006,4,47.0,0,0,0,4,0,0,4
3077.1008116930025,4,58.0,2,0,0,4,0,0,4
3078.1111260830075,4,71.0,4,0,0,4,0,0,4
3079.1247476290446,4,46.75,1,4,0,4,0,0,8
3080.1369371740147,4,52.0,0,2,2,6,0,0,10
3081.1503744540387,4,60.0,0,1,2,7,0,0,10
3082.1643859750475,4,70.75,0,0,1,8,0,0,9
3083.1776343840174,4,71.5,0,0,0,9,0,0,9
3084.191236743005,4,46.0,0,1,0,7,0,0,8
3085.2040530920494,4,40.75,0,0,0,8,0,0,8
3086.2184540460003,4,68.75,0,1,0,7,0,1,9
3087.2325477860286,4,22.5,0,0,1,5,0,0,6
3088.2456225210335,4,47.0,0,0,1,3,2,0,6
3089.2596544340486,4,70.25,0,0,1,3,2,0,6
3090.272181147011,4,46.75,1,2,0,3,1,0,6
3091.2838606600417,4,71.25,0,0,0,6,0,0,6
3092.296879075002,4,39.75,0,1,0,6,0,0,7
3093.310990149039,4,64.25,0,2,0,4,0,2,8
3094.3217775860103,4,24.5,0,1,2,5,0,0,8
3095.335698275012,4,66.25,0,0,1,7,0,0,8
3096.3491537650116,4,72.5,0,1,0,8,0,0,9
3097.363071518019,4,68.0,0,0,0,9,0,0,9
3098.376910938008,4,95.75,0,0,0,10,0,0,10
3099.390493596031,4,71.75,1,0,0,9,1,0,10
3100.4043117540423,4,72.25,0,1,0,7,0,0,8
3101.4179778380203,4,62.75,0,0,0,6,0,0,6
3102.4320184340468,4,60.5,0,1,0,4,0,2,7
3103.446465112036,4,48.75,0,0,0,4,0,0,4
3104.4601343910326,4,70.25,0,0,1,3,0,0,4
3105.4741628560005,4,46.75,0,0,0,3,0,0,3
3106.4878541170037,4,71.0,0,1,0,3,0,0,4
3107.499933326035,4,47.25,0,1,0,4,0,0,5
3108.5135227800347,4,22.0,0,1,1,5,0,0,7
3109.527626337018,4,70.25,0,1,1,6,0,0,8
3110.5411580640357,4,31.0,0,0,1,6,1,0,8
3111.5515274780337,4,46.75,1,0,0,7,0,1,8
3112.565019288042,4,46.0,1,0,0,5,2,1,8
3113.5790377189987,4,47.75,0,2,0,3,0,0,5
3114.594687667035,4,35.0,0,1,1,4,0,0,6
3115.608466534002,4,45.25,0,0,2,5,0,0,7
3116.622867974045,4,24.25,0,0,0,6,0,1,7
3117.6350054090144,4,23.0,0,1,0,5,0,0,6
3118.6486000330187,4,44.5,0,2,0,4,0,1,7
3119.6606899480103,4,23.25,0,2,0,3,0,0,5
3120.674726138008,4,15.75,0,2,0,1,2,0,5
3121.6883575740503,4,24.25,3,1,1,1,0,2,5
3122.7023854740546,4,30.5,0,4,2,4,0,0,10
3123.7150932259974,4,75.5,0,3,1,6,0,0,10
3124.7293384190416,4,48.0,0,2,2,6,1,0,11
3125.7420050860383,4,67.25,0,1,0,9,0,0,10
3126.7544437840115,4,59.75,0,1,0,7,1,0,9
3127.7682309780503,4,83.25,0,0,0,5,1,0,6
3128.7771558980457,4,95.25,0,0,0,5,0,0,5
3129.7907167100348,4,43.5,0,2,1,4,0,0,7
3130.8026183090406,4,57.25,0,1,0,6,0,0,7
3131.81681935105,4,59.25,0,1,0,5,0,0,6
3132.8300748290494,4,53.5,0,1,0,7,0,0,8
3133.841256720014,4,47.75,0,0,0,7,0,0,7
3134.8524231740157,4,61.5,0,1,0,5,0,0,6
3135.866161425016,4,58.25,0,2,1,7,0,0,10
3136.880098088004,4,54.5,0,3,0,10,0,0,13
3137.8929771290277,4,69.5,0,0,2,7,0,3,12
3138.9066098730545,4,95.75,0,2,0,5,0,1,8
3139.919591339014,4,49.25,0,1,0,5,1,0,7
3140.933685614029,4,21.5,0,2,1,6,0,0,9
3141.9453917010105,4,47.5,0,2,0,5,0,0,7
3142.957951864053,4,35.75,0,3,0,6,0,0,9
3143.969737300009,4,60.0,0,3,0,6,0,0,9
3144.98315915704,4,47.5,0,1,0,6,0,1,8
3145.9967461190536,4,55.75,0,0,1,6,0,0,7
3147.0109044140554,4,22.75,0,1,0,7,0,0,8
3148.023039829044,4,69.75,0,1,0,5,0,2,8
3149.0321073030354,4,43.75,0,2,0,5,0,0,7
3150.045938721043,4,60.0,0,1,0,6,0,0,7
3151.059553262021,4,70.25,0,0,0,6,0,0,6
3152.0731224400224,4,94.5,0,0,0,4,2,0,6
3153.086655904015,4,70.5,0,0,0,3,3,0,6
3154.10100663302,4,67.0,0,0,0,2,0,0,2
3155.114945145033,4,28.5,0,0,0,3,0,0,3
3156.1276537950034,4,23.25,0,0,0,4,0,0,4
3157.1403890420333,4,23.0,0,0,1,4,0,0,5
3158.1538269070443,4,46.5,0,0,0,3,2,0,5
3159.1678324230015,4,47.0,0,0,0,2,0,0,2
3160.1809119200334,4,23.5,1,2,0,3,0,0,5
3161.1953009060235,4,29.5,0,0,1,5,0,0,6
3162.2089504830074,4,70.25,0,1,0,5,0,0,6
3163.2224747000146,4,70.0,1,0,0,6,0,0,6
3164.2361021250254,4,23.75,1,0,0,2,4,0,6
3165.249605243036,4,23.25,0,0,0,3,0,0,3
3166.264063286013,4,41.0,0,0,0,2,0,0,2
3167.2775221810443,4,24.25,0,0,0,2,0,0,2
3168.2912069040467,4,1.75,0,1,2,2,0,0,5
3169.3049016630393,4,11.25,0,1,1,4,0,0,6
3170.3185363620287,4,16.25,0,1,0,5,0,0,6
3171.332866673998,4,15.0,0,0,0,5,0,0,5
3172.3487301070127,4,45.5,0,2,0,5,0,0,7
3173.3616021360504,4,23.75,0,2,0,4,1,0,7
3174.372223765007,4,46.75,2,2,0,3,2,0,7
3175.38530173403,4,46.75,4,2,0,2,3,0,7
3176.398827165016,4,34.75,0,2,4,3,0,0,9
3177.4125433020527,4,48.25,0,0,1,8,0,0,9
3178.4263457159977,4,71.5,0,0,0,9,0,0,9
3179.4399403230054,4,70.5,0,0,0,7,0,0,7
3180.454115311033,4,48.0,0,1,0,5,2,0,8
3181.4677333940053,4,45.75,0,1,1,4,0,0,6
3182.4818934270297,4,45.0,0,2,0,4,1,0,7
3183.495462488034,4,46.5,2,2,0,3,2,0,7
3184.509291261027,4,23.25,0,3,1,3,0,0,7
3185.5184533250285,4,49.25,0,0,2,5,0,0,7
3186.531673952006,4,25.5,0,0,1,5,0,0,6
3187.5466886330396,4,70.25,1,0,0,5,1,0,6
3188.5596128150355,4,25.5,0,0,0,6,0,0,6
3189.573681211041,4,46.25,2,0,0,5,1,0,6
3190.5888964360347,4,48.0,0,0,2,3,0,0,5
3191.600774822,4,46.5,0,0,1,3,1,0,5
3192.6142569910153,4,47.25,0,0,0,4,0,1,5
3193.6283177860314,4,24.0,0,1,0,4,0,0,5
3194.6409554980346,4,22.0,0,2,0,3,0,1,6
3195.6549433380133,4,46.0,0,1,0,4,0,1,6
3196.6688811270287,4,45.0,0,2,2,4,0,0,8
3197.6829679600196,4,23.75,0,2,0,6,0,0,8
3198.6976433070377,4,46.5,0,1,0,6,1,0,8
3199.7131035690545,4,47.0,0,0,0,5,0,0,5
3200.729652722017,4,67.0,0,1,0,3,1,0,5
3201.7416801510262,4,47.5,0,1,0,2,1,0,4
3202.7537999920314,4,66.25,0,2,0,3,0,0,5
3203.7672547760303,4,48.0,0,0,0,5,0,0,5
3204.7810254630167,4,65.5,0,1,0,5,0,0,6
3205.794808905048,4,70.75,1,0,1,4,1,0,6
3206.8083902860526,4,47.0,2,0,1,3,2,0,6
3207.822257079999,4,46.5,0,2,1,2,0,0,5
3208.8366466160514,4,46.5,0,0,1,4,0,0,5
3209.850478401,4,70.5,0,1,1,5,0,0,7
3210.8644154670183,4,70.75,0,1,0,5,1,0,7
3211.877770370047,4,69.5,0,0,0,6,0,0,6
3212.89269561501,4,63.25,0,1,0,5,0,0,6
3213.9065027710167,4,71.25,0,1,0,4,1,0,6
3214.919926572009,4,45.5,1,1,0,3,0,2,6
3215.9332021850278,4,70.75,0,0,1,3,0,1,5
3216.9457450370537,4,38.0,0,0,0,3,1,0,4
3217.959156671015,4,47.0,0,1,0,2,0,1,4
3218.9729241600144,4,35.75,0,1,0,3,0,0,4
3219.9865721480455,4,70.75,0,0,0,5,0,0,5
3221.0002524320153,4,40.0,0,0,0,5,0,0,5
3222.014000452007,4,71.0,0,0,0,5,0,0,5
3223.024170026998,4,71.25,1,0,0,4,1,0,5
3224.0379560810397,4,53.5,0,1,0,4,0,0,5
3225.0513466350385,4,11.25,0,0,0,5,0,0,5
3226.0648705210187,4,29.5,2,0,0,5,0,0,5
3227.0786512900377,4,47.5,0,3,0,3,0,0,6
3228.088871385029,4,24.25,0,2,0,4,0,0,6
3229.1024656870286,4,47.75,0,2,0,2,2,0,6
3230.1141487740097,4,48.75,0,0,0,4,0,0,4
3231.120801754005,4,46.75,0,0,0,4,0,0,4
3232.13469205203,4,23.5,0,1,0,4,0,0,5
3233.148323849018,4,47.75,1,1,0,4,0,0,5
3234.1625396510353,4,36.5,0,0,1,4,0,0,5
3235.176070379035,4,23.75,0,0,1,3,0,1,5
3236.189645499049,4,23.5,0,1,1,3,0,0,5
3237.203286300006,4,49.0,0,2,1,5,0,0,8
3238.216819552006,4,43.75,0,0,1,6,0,0,7
3239.230749218026,4,70.75,0,0,1,4,0,2,7
3240.244484374998,4,23.0,0,1,1,5,0,0,7
3241.260791835026,4,47.0,0,0,1,5,1,0,7
3242.2747010470484,4,47.25,0,0,1,4,0,2,7
3243.288426312036,4,70.25,2,0,1,4,0,2,7
3244.302444354049,4,66.25,0,2,2,4,0,0,8
3245.316138076014,4,70.25,0,0,3,4,1,0,8
3246.3287499230355,4,24.0,0,0,1,5,1,1,8
3247.3398503730423,4,72.0,0,0,1,4,0,0,5
3248.3538786999998,4,46.75,0,0,1,2,0,0,3
3249.3677387430216,4,23.5,0,0,1,2,0,0,3
3250.381331059034,4,48.0,2,0,1,2,0,0,3
3251.3954333970323,4,47.5,0,1,1,3,0,0,5
3252.409973416012,4,23.75,0,0,1,4,0,0,5
3253.4241096880287,4,46.75,0,0,1,4,0,0,5
3254.437847370049,4,46.5,0,0,1,1,0,1,3
3255.4510929870303,4,23.75,0,0,1,1,0,0,2
3256.4639624429983,4,23.5,0,1,1,1,0,0,3
3257.4796091370517,4,23.75,0,0,1,2,0,0,3
3258.491200760007,4,30.25,0,0,0,4,0,0,4
3259.5043831130024,4,42.0,1,0,0,3,1,0,4
3260.5172006030334,4,46.0,0,1,0,3,0,0,4
3261.531162540021,4,38.75,0,0,0,4,0,0,4
3262.5438374610385,4,46.5,2,0,0,4,0,0,4
3263.5576046200003,4,46.75,2,0,0,3,1,0,4
3264.5715021860087,4,23.25,0,1,1,3,0,0,5
3265.585205579002,4,46.75,0,0,1,4,0,0,5
3266.5993552760337,4,72.0,0,0,0,5,0,0,5
3267.6128536180477,4,48.25,0,0,0,2,3,0,5
3268.6264552090433,4,47.0,1,0,0,1,4,0,5
3269.6406723270193,4,42.0,0,2,0,2,0,0,4
3270.654743527004,4,50.25,0,1,0,3,0,0,4
3271.668769268028,4,64.25,0,0,0,4,0,0,4
3272.6796108760173,4,94.5,1,0,0,4,0,0,4
3273.6936867530458,4,62.75,0,1,0,3,0,0,4
3274.707075761049,4,23.5,0,2,1,2,0,0,5
3275.7211124550086,4,24.0,0,0,2,2,1,0,5
3276.734741803026,4,23.25,0,0,2,2,1,0,5
3277.7464398470474,4,23.5,1,0,2,2,1,0,5
3278.760243005003,4,23.5,0,2,0,4,0,0,6
3279.7741771670408,4,46.75,0,1,0,4,0,0,5
3280.7885900399997,4,24.0,0,0,1,4,0,0,5
3281.8021194850444,4,46.0,0,1,1,1,0,1,4
3282.8142052240437,4,49.5,0,0,0,3,0,0,3
3283.828101365012,4,47.75,1,1,0,2,1,0,4
3284.842445050017,4,0.0,0,0,3,2,0,0,5
3285.854373192007,4,17.75,0,0,3,2,0,0,5
3286.8661887730123,4,47.0,0,0,2,2,1,0,5
3287.8810891620233,4,66.25,0,0,0,4,0,0,4
3288.8947721070144,4,24.25,0,0,1,2,1,0,4
3289.9081732890336,4,25.0,0,0,1,1,0,1,3
3290.922035414027,4,23.5,0,0,1,1,0,1,3
3291.941148951999,4,24.5,1,0,1,1,0,1,3
3292.950027986022,4,22.5,0,2,2,1,0,0,5
3293.961547244049,4,18.25,0,1,1,3,0,0,5
3294.9734622170217,4,16.25,1,2,0,3,0,0,5
3295.9872348120552,4,44.75,0,1,0,5,0,0,6
3297.001205145032,4,48.75,0,0,1,5,0,0,6
3298.014790715999,4,70.0,0,1,0,6,0,0,7
3299.0287495630328,4,47.25,1,1,0,6,0,0,7
3300.040840512025,4,71.25,0,1,0,7,0,0,8
3301.054372343002,4,43.5,0,0,0,8,0,0,8
3302.0680369140464,4,25.75,0,0,0,7,1,0,8
3303.0819174250355,4,70.25,0,0,0,5,0,3,8
3304.0937645640224,4,60.0,0,1,0,5,0,0,6
3305.107736672042,4,72.25,0,1,0,4,1,0,6
3306.1214337710408,4,57.25,0,0,0,4,0,0,4
3307.135067885043,4,22.75,0,0,0,2,2,0,4
3308.148996598029,4,47.0,0,0,0,1,0,3,4
3309.159016473044,4,22.75,0,0,0,0,0,0,0
3310.1770654760185,4,0.0,0,0,0,0,0,0,0
3311.190511286026,4,0.0,0,0,0,0,0,0,0
3312.20425903704,4,0.0,0,0,0,0,0,0,0
3313.2182317770203,4,0.0,1,0,0,0,0,0,0
3314.2351503540413,4,0.0,1,0,0,0,0,0,0
3315.2469830640475,4,0.0,0,2,0,0,0,0,2
3316.2647122020135,4,0.0,0,1,1,2,0,0,4
3317.2773102720384,4,29.25,0,0,0,4,0,0,4
3318.28965835704,4,70.75,0,0,0,4,0,0,4
3319.303157515009,4,69.25,0,0,0,4,0,0,4
3320.3165444460465,4,69.75,0,0,0,2,2,0,4
3321.3306244120467,4,46.75,0,0,0,2,0,0,2
3322.3441249790485,4,47.25,0,0,0,2,0,0,2
3323.3557895080303,4,0.0,0,1,0,1,1,0,3
3324.365311734029,4,46.75,0,0,0,2,0,0,2
3325.3812327370397,4,46.5,0,3,0,1,0,0,4
3326.3948590930086,4,44.75,0,1,0,4,0,0,5
3327.4087921309983,4,60.5,0,1,0,5,0,0,6
3328.4221891870257,4,94.25,0,0,1,5,0,0,6
3329.4361836310127,4,48.75,0,3,0,6,0,0,9
3330.4507313620416,4,48.25,0,0,0,9,0,0,9
3331.465091067017,4,55.25,0,0,0,5,0,0,5
3332.47917361703,4,90.25,0,1,0,6,0,0,7
3333.492595573014,4,47.0,0,0,1,6,0,0,7
3334.5062805479974,4,94.5,2,0,1,4,2,0,7
3335.5202605530503,4,65.5,0,3,0,3,0,0,6
3336.534096635005,4,70.5,0,0,0,6,0,0,6
3337.5480893110507,4,63.0,0,1,0,5,0,0,6
3338.5589146650163,4,47.0,1,2,0,5,0,0,7
3339.5730509110144,4,46.5,0,0,1,7,0,0,8
3340.583998656017,4,76.0,0,0,0,7,1,0,8
3341.59800871904,4,52.0,0,2,0,6,0,0,8
3342.6092706890195,4,53.5,0,2,0,5,1,0,8
3343.619511313038,4,47.5,2,2,0,3,3,0,8
3344.630706716038,4,50.0,0,1,0,6,1,0,8
3345.644427168998,4,54.0,0,0,0,6,0,0,6
3346.657953984046,4,47.0,0,1,0,6,0,0,7
3347.671053135011,4,94.5,1,1,0,6,0,0,7
3348.6846177960397,4,94.75,1,1,0,4,2,0,7
3349.698319542047,4,61.25,0,1,1,4,0,0,6
3350.7124357370194,4,46.5,0,0,0,6,0,0,6
3351.7261655930197,4,44.25,0,1,0,6,0,0,7
3352.740210743039,4,70.5,0,1,0,6,0,0,7
3353.7538289390504,4,45.0,0,1,0,6,0,0,7
3354.76728629804,4,32.0,0,0,1,5,0,0,6
3355.7814106370206,4,30.0,0,1,0,3,1,0,5
3356.7948590680026,4,47.25,1,1,0,2,2,0,5
3357.808921759017,4,47.5,0,2,0,0,0,4,6
3358.8225985400495,4,0.0,0,1,1,0,0,0,2
3359.8359099020017,4,0.0,0,3,0,1,0,0,4
3360.849536482012,4,0.0,0,4,0,1,0,0,5
3361.863394166052,4,48.25,0,3,0,2,0,0,5
3362.877675135038,4,47.25,0,2,0,2,1,0,5
3363.89139284502,4,25.75,0,0,0,3,0,0,3
3364.9051979950164,4,45.75,0,0,0,3,0,0,3
3365.918022352038,4,30.5,0,1,1,3,0,0,5
3366.9317960520275,4,25.5,0,0,0,5,0,0,5
3367.9456652450026,4,46.5,0,0,0,5,0,0,5
3368.9588665420306,4,33.0,0,0,1,5,0,0,6
3369.9732315470465,4,46.75,0,0,0,6,0,0,6
3370.987597117026,4,0.0,0,1,0,5,0,0,6
3371.9992163270363,4,47.5,2,1,0,4,1,0,6
3373.0131693570293,4,46.5,0,2,1,3,0,2,8
3374.021380440041,4,25.75,0,0,2,3,0,0,5
3375.0353503410006,4,48.0,0,0,0,4,0,0,4
3376.049523119,4,23.5,0,0,0,4,0,0,4
3377.0631967960508,4,23.25,0,0,0,3,0,0,3
3378.0774611930246,4,9.25,0,0,0,3,0,0,3
3379.091004884045,4,23.5,0,0,0,1,2,0,3
3380.1049513590406,4,0.0,0,0,0,1,2,0,3
3381.1175781810307,4,24.5,1,0,0,1,2,0,3
3382.1313532630447,4,24.25,2,0,0,1,2,0,3
3383.1451389930444,4,23.5,0,0,1,2,0,0,3
3384.157899841026,4,48.25,0,0,0,2,0,0,2
3385.169799243042,4,47.0,1,0,0,2,0,0,2
3386.1809730509995,4,46.75,0,3,0,2,0,0,5
3387.1947106900043,4,34.25,0,0,2,3,0,0,5
3388.2089060490252,4,69.25,0,0,2,3,0,0,5
3389.2230683560483,4,71.75,0,1,0,4,0,0,5
3390.236965861055,4,70.75,0,1,1,4,0,0,6
3391.251281202014,4,24.25,0,1,1,4,0,0,6
3392.265144848032,4,46.75,0,0,0,7,0,0,7
3393.279511772038,4,77.75,0,0,0,7,0,0,7
3394.2934845390264,4,92.75,1,0,0,7,0,0,7
3395.3013049760484,4,69.75,0,0,1,7,0,0,8
3396.313286346034,4,72.75,0,0,0,8,0,0,8
3397.3265742560034,4,69.5,0,0,0,5,1,0,6
3398.3383757880074,4,25.75,0,0,0,3,0,1,4
3399.3517498940346,4,45.75,1,0,0,1,2,0,3
3400.365510234027,4,23.75,0,0,1,1,0,0,2
3401.3797731079976,4,15.25,1,0,1,1,0,0,2
3402.391421913053,4,23.5,0,1,0,2,0,0,3
3403.403288040019,4,67.75,2,0,0,3,0,0,3
3404.4149889040273,4,47.25,0,0,1,4,0,0,5
3405.4270135760307,4,49.75,0,0,0,5,0,0,5
3406.4411187290098,4,46.75,0,0,0,4,1,0,5
3407.4530040940153,4,46.75,1,0,0,4,0,0,4
3408.4670933960006,4,46.25,1,1,1,4,0,0,6
3409.4810067070066,4,50.5,0,3,1,4,0,0,8
3410.4921750689973,4,72.25,0,2,0,6,0,0,8
3411.503546714026,4,68.75,0,0,0,8,0,0,8
3412.5153753320337,4,46.0,1,0,0,7,1,0,8
3413.5306543790502,4,69.75,1,0,0,4,4,0,8
3414.544612427999,4,70.0,2,0,0,2,6,0,8
3415.556591991044,4,37.75,0,0,3,2,0,0,5
3416.5707742380328,4,70.75,0,0,0,4,0,1,5
3417.584561454016,4,38.0,0,0,0,4,0,0,4
3418.5986068940256,4,46.0,0,0,0,3,0,0,3
3419.612385946035,4,8.0,0,0,0,3,0,0,3
3420.6262169500114,4,3.25,0,0,0,3,0,0,3
3421.6394415899995,4,23.5,0,0,0,2,0,0,2
3422.653590053029,4,23.5,0,1,0,2,0,0,3
3423.667550056998,4,24.25,0,1,0,3,0,0,4
3424.6811289510224,4,46.75,2,1,0,3,0,0,4
3425.69520272105,4,24.0,0,3,1,1,0,0,5
3426.7093328240444,4,47.5,0,0,0,5,0,0,5
3427.7229722710326,4,95.0,0,0,0,5,0,0,5
3428.7366640969994,4,70.5,0,0,0,2,0,1,3
3429.750149286003,4,47.0,0,0,0,2,0,0,2
3430.7642705780454,4,47.75,0,0,0,2,0,0,2
3431.7744047600427,4,23.5,0,1,0,2,0,0,3
3432.7872995930375,4,46.75,0,1,0,2,0,0,3
3433.8014404620044,4,26.0,1,1,0,2,0,0,3
3434.815387836017,4,3.75,0,1,0,2,0,0,3
3435.8291600150405,4,23.5,0,0,1,1,0,1,3
3436.841968637018,4,47.5,0,2,0,2,0,0,4
3437.8523826530436,4,47.0,0,2,0,1,1,0,4
3438.866631596,4,0.0,0,1,0,3,0,0,4
3439.878229582042,4,23.25,2,1,0,3,0,0,4
3440.8921984180342,4,23.0,3,1,0,3,0,0,4
3441.9035803460283,4,23.75,0,4,0,3,0,0,7
3442.914855030016,4,0.0,0,3,1,3,0,0,7
3443.9290358280414,4,19.0,0,3,1,3,0,0,7
3444.94324294501,4,1.25,0,1,0,4,1,0,6
3445.956726803037,4,70.25,0,0,0,5,0,0,5
3446.9706844330067,4,70.5,0,0,0,3,0,0,3
3447.9845146090374,4,71.0,0,1,0,3,0,0,4
3448.9978735950426,4,45.5,1,2,0,2,0,0,4
3450.0120452700066,4,26.0,0,0,1,3,0,0,4
3451.026527636044,4,48.25,0,0,1,4,0,0,5
3452.040300438006,4,47.0,0,0,0,5,0,0,5
3453.05407159304,4,47.75,0,2,0,5,0,0,7
3454.066111879016,4,23.25,0,0,2,5,0,0,7
3455.078058894025,4,50.0,0,0,0,6,0,0,6
3456.090384132054,4,47.25,0,1,0,6,0,0,7
3457.1046835400048,4,49.0,0,0,0,7,0,0,7
3458.118323672039,4,95.5,0,2,0,6,0,0,8
3459.131930177042,4,48.5,0,0,1,6,0,1,8
3460.1458528100047,4,79.0,0,0,0,5,2,0,7
3461.157833291043,4,70.25,1,0,0,3,4,0,7
3462.1698479769984,4,70.0,0,1,1,3,0,1,6
3463.1818911459995,4,24.0,0,0,0,5,0,0,5
3464.195765285054,4,70.5,0,0,0,4,1,0,5
3465.2074261890375,4,69.25,0,1,0,4,0,0,5
3466.221552231,4,67.5,0,1,0,5,0,0,6
3467.2354789010133,4,72.25,0,0,0,5,0,0,5
3468.2481428360334,4,68.25,0,1,0,6,0,0,7
3469.261869645037,4,33.75,0,0,0,7,0,0,7
3470.275558317022,4,70.0,0,0,0,6,1,0,7
3471.28785873804,4,46.25,0,0,0,3,0,0,3
3472.3016585700097,4,22.0,0,2,1,3,0,0,6
3473.3154796550516,4,24.25,0,0,2,5,0,0,7
3474.3265750860446,4,70.75,0,0,2,5,0,0,7
3475.3402461520163,4,71.75,0,1,2,5,0,0,8
3476.354082796024,4,47.5,0,0,2,6,0,0,8
3477.3665322890156,4,58.0,0,1,1,5,2,0,9
3478.3780339060468,4,83.5,0,1,0,4,0,1,6
3479.3915976370336,4,43.5,2,0,1,3,1,0,5
3480.4039062910015,4,70.75,2,0,1,3,0,1,5
3481.417625012051,4,70.75,0,4,0,3,0,1,8
3482.431738580053,4,37.75,0,0,0,6,1,0,7
3483.4455387589987,4,48.5,0,1,0,5,0,0,6
3484.4591059250524,4,70.75,0,1,0,5,0,0,6
3485.474298871006,4,47.0,0,0,1,5,0,0,6
3486.4879800530034,4,39.5,0,0,1,5,0,0,6
3487.5018167520175,4,72.0,0,0,0,6,0,0,6
3488.515828935022,4,34.25,0,1,0,6,0,0,7
3489.529605245043,4,23.75,0,1,0,6,0,0,7
3490.541718229011,4,61.5,0,0,1,6,0,0,7
3491.559677477053,4,46.25,0,1,0,5,0,0,6
3492.5734450280434,4,57.0,0,1,2,4,0,0,7
3493.587079416029,4,46.5,0,0,0,6,0,0,6
3494.598533600045,4,70.75,0,0,1,5,0,0,6
3495.612590866047,4,50.75,0,0,0,6,0,0,6
3496.6270386530086,4,70.25,0,0,0,6,0,0,6
3497.640963489015,4,94.25,1,0,0,5,1,0,6
3498.654956234037,4,70.0,1,0,0,3,0,3,6
3499.6624245620333,4,30.75,0,2,0,4,0,0,6
3500.67519469501,4,94.75,0,0,0,5,0,0,5
3501.689000086044,4,47.25,0,0,0,5,0,0,5
3502.702655368019,4,71.25,0,0,0,4,1,0,5
3503.712459070026,4,54.25,0,1,0,3,0,0,4
3504.7242426460143,4,70.0,0,0,0,3,0,0,3
3505.73587446101,4,23.5,0,0,0,3,0,0,3
3506.7482132540317,4,47.25,0,0,0,2,0,0,2
3507.7625091380323,4,48.0,0,2,0,2,0,0,4
3508.775827312027,4,23.5,0,2,0,0,2,0,4
3509.7890124890255,4,25.0,0,1,0,2,0,0,3
3510.801487656019,4,47.25,0,2,1,2,0,0,5
3511.8150918150204,4,72.5,0,1,1,4,0,0,6
3512.8363186930073,4,47.0,1,1,0,5,0,0,6
3513.848680216004,4,71.25,0,2,0,5,0,0,7
3514.8597253420157,4,69.5,0,1,0,4,2,0,7
3515.873823873,4,81.0,0,0,0,4,0,0,4
3516.8876491750125,4,93.5,0,0,0,4,0,0,4
3517.9022861260455,4,69.5,0,0,1,3,0,0,4
3518.915939698054,4,58.75,0,0,0,4,0,0,4
3519.9298509700457,4,42.75,0,1,0,5,0,0,6
3520.9435159440036,4,94.25,1,1,0,5,0,0,6
3521.9551702330355,4,46.0,0,2,0,2,2,0,6
3522.966827185999,4,47.5,0,0,0,4,0,0,4
3523.980492632021,4,47.25,1,0,0,3,1,0,4
3524.994168471021,4,71.0,0,0,1,3,0,0,4
3526.0079539080034,4,46.5,1,0,0,4,0,0,4
3527.021742793033,4,46.75,0,0,2,5,0,0,7
3528.0366387980175,4,36.25,0,1,1,6,0,0,8
3529.050780078047,4,47.5,0,1,1,5,1,0,8
3530.061923683039,4,60.5,0,1,0,6,0,1,8
3531.0762171690003,4,47.25,0,1,1,5,0,0,7
3532.0856315790443,4,70.5,0,1,1,5,0,0,7
3533.098145583004,4,59.75,0,2,0,6,0,0,8
3534.1106412980007,4,45.75,0,0,0,7,0,0,7
3535.123643002007,4,71.0,0,0,0,5,2,0,7
3536.136244238005,4,70.75,0,0,0,3,4,0,7
3537.1500762350042,4,23.5,0,0,0,2,0,1,3
3538.1638739129994,4,23.0,0,1,0,2,0,0,3
3539.175260359014,4,44.25,0,2,1,2,0,0,5
3540.1893135400023,4,25.0,0,0,2,3,0,0,5
3541.2030882800464,4,95.25,1,0,0,5,0,0,5
3542.2168762470246,4,94.0,0,1,0,4,1,0,6
3543.230064916017,4,46.5,0,0,0,4,0,0,4
3544.24388449901,4,24.75,0,0,0,3,1,0,4
3545.257977213012,4,23.5,0,0,0,3,1,0,4
3546.2722624180024,4,23.25,0,0,0,3,0,0,3
3547.286360553,4,24.25,0,2,0,3,0,0,5
3548.3006518860348,4,24.0,0,0,2,2,0,0,4
3549.3140444700257,4,46.5,0,0,0,4,0,0,4
3550.3279813310364,4,70.25,0,0,0,2,2,0,4
3551.3415699700126,4,47.5,0,0,0,2,0,0,2
3552.35515379603,4,47.25,0,0,0,2,0,0,2
3553.367409409024,4,46.25,0,0,0,2,0,0,2
3554.3797443560325,4,45.25,0,2,0,2,0,0,4
3555.3935737450374,4,47.0,1,0,0,3,0,1,4
3556.4043319560005,4,47.0,0,0,0,4,0,0,4
3557.4180576310027,4,49.0,0,1,1,4,0,0,6
3558.432004886039,4,46.25,1,1,1,3,1,0,6
3559.4458859440056,4,47.5,1,1,1,3,1,0,6
3560.4601563100005,4,45.75,0,1,1,3,0,0,5
3561.474999556027,4,47.75,0,2,0,4,0,0,6
3562.48773317202,4,23.25,0,4,0,4,0,0,8
3563.5019068720285,4,46.25,1,4,0,3,1,0,8
3564.5131562270108,4,46.75,1,4,0,2,2,0,8
3565.526056422037,4,47.25,0,1,2,3,1,0,7
3566.5399821190513,4,25.0,0,0,0,6,0,0,6
3567.5541688350495,4,23.75,0,1,0,5,0,0,6
3568.5659702720004,4,47.5,0,1,1,4,0,0,6
3569.5796993030235,4,35.5,0,2,0,5,0,1,8
3570.593756619026,4,64.0,3,2,0,3,2,1,8
3571.6072719360236,4,46.5,6,2,0,2,3,1,8
3572.6208845920046,4,69.25,0,2,6,4,0,0,12
3573.635289234051,4,69.0,0,1,3,9,0,0,13
3574.647636078007,4,58.5,0,1,1,7,3,0,12
3575.6614527450292,4,80.5,0,0,0,8,0,0,8
3576.675273196015,4,48.25,0,0,0,6,0,0,6
3577.68816200702,4,69.25,0,1,1,6,0,1,9
3578.7031408290495,4,48.25,1,3,1,7,0,0,11
3579.7169396170066,4,71.0,2,3,1,5,2,0,11
3580.730568867002,4,70.75,0,2,2,6,0,3,13
3581.744069205015,4,63.25,0,3,3,5,0,1,12
3582.758144093037,4,89.25,0,0,2,6,0,0,8
3583.7714174630237,4,24.75,0,0,0,6,0,1,7
3584.788301257009,4,44.5,0,0,0,6,0,0,6
3585.801964971004,4,71.25,0,0,0,5,0,0,5
3586.8155536749982,4,23.5,0,0,0,4,0,0,4
3587.8295593530056,4,49.75,1,0,0,4,0,0,4
3588.843882496003,4,23.25,3,0,0,3,0,1,4
3589.8560810280032,4,24.5,0,3,0,3,0,0,6
3590.8696003450314,4,23.25,0,0,2,5,0,0,7
3591.8818137490307,4,52.5,0,0,1,5,1,0,7
3592.8956784220063,4,69.5,0,0,0,5,1,0,6
3593.909536120016,4,47.75,0,0,0,5,0,0,5
3594.923030091042,4,70.5,0,0,0,3,2,0,5
3595.9366112120333,4,70.25,0,1,0,2,0,0,3
3596.9504985060194,4,23.0,0,2,0,1,0,0,3
3597.963958557055,4,4.5,0,0,1,2,0,0,3
3598.9845628960175,4,46.75,0,0,1,2,0,0,3
3599.9982476030127,4,23.5,0,0,1,2,0,0,3
3601.012589717051,4,46.75,0,0,1,1,0,1,3
3602.0258878360037,4,0.25,0,1,1,1,0,0,3
3603.0395863110316,4,47.5,0,0,0,2,0,0,2
3604.053125113016,4,19.75,0,1,0,2,0,0,3
3605.067197231052,4,71.75,1,1,0,3,0,0,4
3606.0807188090403,4,70.5,1,1,0,2,1,0,4
3607.09447208402,4,47.25,0,1,1,2,0,0,4
3608.1088831540546,4,0.0,0,0,0,4,0,0,4
3609.122551818029,4,25.0,0,2,0,3,0,0,5
3610.1362729520188,4,23.25,0,0,0,5,0,0,5
3611.149957726011,4,30.0,0,0,0,6,0,0,6
3612.1635634290287,4,71.0,0,2,0,6,0,0,8
3613.177664893039,4,65.75,0,0,1,8,0,0,9
3614.191002011008,4,81.5,0,0,0,7,1,0,8
3615.2050957950414,4,80.25,0,0,0,7,0,0,7
3616.2199844700517,4,63.0,0,1,0,7,0,0,8
3617.23409745103,4,66.25,0,1,1,7,0,0,9
3618.2480026620324,4,70.5,0,1,0,5,3,0,9
3619.2613273500465,4,48.25,2,1,0,4,4,0,9
3620.275292291015,4,43.5,0,2,1,3,0,1,7
3621.2876635510474,4,46.0,0,0,2,2,0,0,4
3622.3018747110036,4,46.75,0,0,1,3,0,0,4
3623.323389660043,4,46.5,0,0,1,2,1,0,4
3624.3389017770533,4,23.25,0,0,1,2,0,0,3
3625.3499135070015,4,39.75,0,0,0,2,0,0,2
3626.3637992360163,4,23.5,0,1,0,2,0,0,3
3627.377684887033,4,47.0,0,0,0,2,0,0,2
3628.391538213007,4,23.25,0,0,0,1,0,0,1
3629.403732824023,4,7.5,0,2,1,1,0,0,4
3630.417697567027,4,25.0,0,1,1,2,0,0,4
3631.4316943370504,4,46.5,1,1,1,2,0,0,4
3632.4453631150536,4,40.75,0,1,2,3,0,0,6
3633.457893579034,4,48.5,0,0,0,6,0,0,6
3634.4714336059988,4,0.5,0,0,0,5,0,0,5
3635.4854137770017,4,47.5,1,0,0,5,0,0,5
3636.499429231044,4,69.75,0,0,0,4,1,0,5
3637.508469361055,4,46.5,0,2,0,4,0,0,6
3638.522168303025,4,0.0,0,0,1,6,0,0,7
3639.5334905040218,4,72.25,0,1,0,6,1,0,8
3640.5487471550005,4,71.25,1,1,0,6,1,0,8
3641.5605572670465,4,47.5,0,1,1,4,0,1,7
3642.5733874959988,4,25.5,0,1,0,5,0,0,6
3643.587415942049,4,70.0,0,0,0,6,0,0,6
3644.5993479600293,4,46.5,0,0,0,2,4,0,6
3645.6133884250303,4,47.25,0,2,0,2,0,4,8
3646.6262496990385,4,23.25,0,1,1,3,0,1,6
3647.6403686310514,4,24.0,2,1,1,1,2,1,6
3648.654671871045,4,46.75,0,5,0,3,0,0,8
3649.668507860042,4,46.75,0,1,1,6,0,0,8
3650.682585366012,4,45.0,1,1,0,5,2,0,8
3651.694763173,4,66.75,0,4,1,5,0,0,10
3652.7088786420063,4,54.25,0,4,0,5,1,0,10
3653.722241265001,4,20.75,0,0,4,7,0,0,11
3654.7349643200287,4,72.75,0,0,1,5,5,0,11
3655.746621917002,4,94.75,1,0,1,5,5,0,11
3656.76030818501,4,72.25,0,1,0,6,0,0,7
3657.774331334047,4,71.0,0,0,1,3,0,0,4
3658.7868722950225,4,24.0,0,0,1,3,0,0,4
3659.799449955055,4,23.75,0,0,2,2,1,0,5
3660.8136894760537,4,23.0,0,1,1,3,0,0,5
3661.8277254520217,4,48.5,0,0,1,5,0,0,6
3662.8413536610315,4,60.25,0,2,1,6,0,0,9
3663.8559322369983,4,40.25,0,1,0,6,0,0,7
3664.8676813770435,4,38.75,0,1,0,5,1,1,8
3665.881481163029,4,71.25,2,1,0,4,2,1,8
3666.8950381880277,4,70.75,4,1,0,3,3,1,8
3667.9080301040085,4,46.75,0,2,4,4,0,0,10
3668.9215834900388,4,95.0,0,0,0,8,0,1,9
3669.935076145048,4,32.0,0,0,0,6,1,1,8
3670.947912725038,4,93.75,0,2,0,6,0,1,9
3671.9618073760066,4,47.75,0,0,0,8,0,0,8
3672.9758443080354,4,67.0,0,0,1,7,0,0,8
3673.9894799010362,4,62.25,0,4,0,8,0,0,12
3674.9994916650467,4,94.5,5,4,0,6,2,0,12
3676.013906575041,4,71.25,1,9,0,6,0,1,16
3677.024754138023,4,35.25,1,6,1,8,1,0,16
3678.03648512403,4,46.25,0,1,5,9,0,0,15
3679.050254353031,4,68.75,0,0,1,14,1,0,16
3680.0633164460305,4,46.25,0,0,0,9,1,1,11
3681.0740865770495,4,94.25,0,0,1,7,0,0,8
3682.08845916501,4,46.25,0,0,0,5,0,0,5
3683.1004867840093,4,45.0,0,0,0,4,0,1,5
3684.112354640034,4,45.0,0,0,0,4,0,0,4
3685.1263206660515,4,23.0,2,0,0,3,1,0,4
3686.1401685260353,4,42.0,0,1,1,3,0,0,5
3687.1516219710466,4,46.25,0,1,1,3,0,0,5
3688.1657100000302,4,47.0,0,2,0,4,0,1,7
3689.1793039330514,4,47.0,0,1,1,5,0,0,7
3690.1932535720407,4,24.25,0,0,0,7,0,0,7
3691.205827941012,4,26.25,2,0,0,6,0,0,6
3692.22002844105,4,70.0,0,2,0,5,0,0,7
3693.2329149210127,4,49.0,0,1,1,5,0,1,8
3694.2472170160036,4,73.25,1,0,1,6,0,0,7
3695.260215078015,4,70.75,0,1,1,5,0,0,7
3696.273323694011,4,50.0,0,0,1,5,0,1,7
3697.2871830580407,4,39.25,0,0,1,6,0,0,7
3698.299288406037,4,59.75,0,0,1,6,0,0,7
3699.312859888014,4,48.25,0,0,0,6,0,0,6
3700.326688689005,4,62.0,2,0,0,4,2,0,6
3701.3405438560294,4,70.5,2,0,0,3,3,0,6
3702.353383148031,4,23.5,0,0,0,4,0,0,4
3703.3675634320243,4,68.0,0,0,1,4,0,0,5
3704.3805991290137,4,27.25,1,0,0,5,0,0,5
3705.3943283390254,4,71.0,0,0,3,5,0,0,8
3706.4079393340508,4,26.5,0,0,0,8,0,0,8
3707.4217896520277,4,46.75,0,0,0,7,0,1,8
3708.4352683880134,4,46.75,0,1,0,7,0,0,8
3709.4497111670207,4,48.5,1,1,0,6,1,0,8
3710.462150559004,4,47.5,0,3,0,4,0,0,7
3711.471705779026,4,53.0,0,0,0,5,0,1,6
3712.4842660310096,4,71.0,0,0,0,5,0,0,5
3713.497340756003,4,47.75,0,0,1,3,1,1,6
3714.5109404530376,4,31.75,0,0,0,4,0,0,4
3715.5229516760446,4,47.0,0,0,1,4,0,0,5
3716.536931527022,4,46.75,0,0,1,4,0,1,6
3717.5505318990326,4,28.25,0,0,1,3,1,1,6
3718.5632076750044,4,47.5,4,0,1,3,1,1,6
3719.5745522240177,4,47.0,0,2,2,4,0,0,8
3720.588841745048,4,45.75,0,0,0,7,0,0,7
3721.602819024003,4,23.5,0,0,0,1,1,3,5
3722.6163643730106,4,23.5,0,0,1,1,0,0,2
3723.630210544041,4,1.25,0,0,0,2,0,0,2
3724.6421232760185,4,47.25,2,0,0,2,0,0,2
3725.6554901260533,4,47.0,4,0,0,2,0,0,2
3726.669500116026,4,46.25,0,0,3,3,0,0,6
3727.683333740046,4,73.0,0,0,1,5,0,0,6
3728.6970989980036,4,23.5,0,0,0,6,0,0,6
3729.710908082023,4,69.75,2,0,0,6,0,0,6
3730.724668821029,4,47.0,2,0,0,4,2,0,6
3731.7386507140473,4,47.75,2,0,0,4,2,0,6
3732.7522047720267,4,31.5,0,0,1,6,0,0,7
3733.7640842950204,4,71.0,0,0,0,7,0,0,7
3734.777781399025,4,56.75,1,1,0,5,2,0,8
3735.791513531003,4,69.75,2,1,0,4,3,0,8
3736.802771666029,4,70.0,2,1,0,4,2,1,8
3737.816840026004,4,56.25,0,4,1,3,0,0,8
3738.83043303102,4,24.25,0,0,1,6,0,0,7
3739.843993837014,4,55.25,0,0,0,7,0,0,7
3740.858025461028,4,71.25,0,0,0,6,0,0,6
3741.8693839590414,4,60.5,0,0,0,4,0,0,4
3742.881068428047,4,46.25,0,0,0,3,0,0,3
3743.894176571048,4,44.25,0,1,0,2,1,0,4
3744.9079089160077,4,47.0,1,1,0,2,1,0,4
3745.921962941007,4,47.5,1,1,0,2,1,0,4
3746.93223002,4,42.75,0,0,2,1,0,0,3
3747.9461419430445,4,43.75,0,0,0,3,0,0,3
3748.9600176280364,4,43.5,0,0,0,2,0,0,2
3749.9735466650454,4,46.75,1,0,0,2,0,0,2
3750.9870234359987,4,46.75,0,0,0,3,0,0,3
3752.000339301012,4,47.0,0,0,0,2,1,0,3
3753.0142601220286,4,46.75,0,1,0,2,0,0,3
3754.0281957170228,4,31.0,0,0,0,4,0,0,4
3755.0416846450535,4,46.75,0,0,0,4,0,0,4
3756.055531830003,4,27.25,1,0,0,4,0,0,4
3757.0690673460485,4,47.25,0,1,0,3,0,0,4
3758.083299712045,4,33.0,0,0,1,3,0,0,4
3759.097299140005,4,47.25,0,0,0,3,0,0,3
3760.1111725000083,4,0.0,0,0,0,2,1,0,3
3761.12521071604,4,23.5,1,0,0,2,1,0,3
3762.1391482160543,4,24.25,1,0,0,2,1,0,3
3763.152341812034,4,29.25,0,0,0,2,0,0,2
3764.165159202006,4,47.25,0,0,0,2,0,0,2
3765.1786601560307,4,6.0,1,2,0,2,0,0,4
3766.1890647080145,4,47.25,3,2,0,0,2,0,4
3767.200928492006,4,0.0,0,4,1,0,0,0,5
3768.2149594700313,4,12.5,0,3,0,1,0,1,5
3769.228975707025,4,21.0,0,1,0,4,0,0,5
3770.240876852011,4,55.0,1,1,0,4,0,0,5
3771.255029120017,4,70.25,2,1,0,4,0,0,5
3772.2687758940156,4,43.25,3,1,0,3,0,1,5
3773.2824061280116,4,42.25,0,2,1,4,0,0,7
3774.2963305060402,4,3.5,0,0,0,7,0,0,7
3775.3098101720097,4,23.5,1,0,0,7,0,0,7
3776.3237350560375,4,31.75,0,0,0,8,0,0,8
3777.3369518360123,4,60.5,0,0,0,8,0,0,8
3778.351037009037,4,69.0,0,1,0,6,0,1,8
3779.3639792790054,4,24.0,0,1,1,5,1,1,9
3780.3779743170016,4,71.5,0,1,1,5,1,1,9
3781.3918702360243,4,71.5,0,3,0,5,0,0,8
3782.405513727048,4,45.25,0,0,0,6,0,0,6
3783.4195324040484,4,46.75,0,0,0,6,0,0,6
3784.433236682031,4,71.0,0,3,0,5,0,0,8
3785.4466387830325,4,25.0,0,0,2,6,0,0,8
3786.463254738017,4,54.75,1,0,2,6,0,0,8
3787.4749629880534,4,69.25,0,0,1,7,0,0,8
3788.490856496035,4,95.75,0,0,0,8,0,0,8
3789.502549116034,4,95.5,0,0,0,7,1,0,8
3790.516078462999,4,70.75,0,0,0,5,0,0,5
3791.530473980005,4,47.0,0,0,0,4,0,0,4
3792.5439701160067,4,49.25,0,0,0,4,0,0,4
3793.557985479012,4,70.25,1,0,0,4,0,0,4
3794.57180578704,4,48.5,0,0,0,3,0,0,3
3795.5856168840546,4,70.75,0,0,0,3,0,0,3
3796.5989340490196,4,47.25,0,0,0,2,1,0,3
3797.610158407013,4,0.0,1,0,0,0,3,0,3
3798.61953508202,4,0.0,1,0,0,0,3,0,3
3799.633775435039,4,0.0,0,3,0,0,0,1,4
3800.6480552210123,4,2.5,0,0,0,3,0,0,3
3801.6620576020214,4,30.75,0,0,0,3,0,0,3
3802.675131607044,4,47.5,0,0,0,3,0,0,3
3803.688761360012,4,47.5,0,0,0,3,0,0,3
3804.7027121370193,4,46.75,1,0,0,2,1,0,3
3805.7160000890144,4,46.5,2,3,0,2,0,1,6
3806.7327094930224,4,55.75,0,1,0,7,0,0,8
3807.7447117980337,4,71.0,0,0,0,6,0,1,7
3808.758596594038,4,70.25,3,0,0,3,3,0,6
3809.77583480702,4,71.0,0,5,0,3,0,0,8
3810.7870432240306,4,42.75,0,1,0,7,0,0,8
3811.80079466803,4,53.0,0,0,0,5,0,1,6
3812.8149200120242,4,71.5,0,3,0,4,1,0,8
3813.828848300036,4,46.75,0,3,0,4,1,0,8
3814.843079465034,4,46.5,1,3,0,3,0,2,8
3815.8539865790517,4,50.75,0,1,2,5,0,1,9
3816.8685403690324,4,66.25,0,0,2,4,2,0,8
3817.8808759490494,4,70.25,0,0,2,4,2,0,8
3818.8951528129983,4,51.25,0,3,1,4,0,0,8
3819.9050082040485,4,41.75,0,2,1,3,1,0,7
3820.9175652740523,4,34.75,0,2,1,3,0,0,6
3821.93000083504,4,51.0,1,2,1,2,1,0,6
3822.946343078045,4,35.5,0,2,3,2,0,0,7
3823.9586858400144,4,0.0,0,2,2,4,0,0,8
3824.969518384023,4,47.5,0,0,1,6,1,0,8
3825.9825877289986,4,71.5,0,0,0,7,0,0,7
3826.9963562340126,4,47.0,0,0,0,7,0,0,7
3828.0120284070144,4,46.5,0,0,0,6,1,0,7
3829.023958366015,4,69.0,0,0,0,5,0,0,5
3830.0362194700283,4,53.25,0,0,0,4,1,0,5
3831.047838524042,4,70.25,0,0,0,3,2,0,5
3832.0595447270316,4,70.5,0,0,0,2,0,0,2
3833.0731037800433,4,23.5,0,0,0,0,0,0,0
3834.086919990019,4,0.0,0,1,0,1,0,0,2
3835.0981741060386,4,23.5,0,0,0,3,0,0,3
3836.111995069019,4,46.75,0,1,0,3,0,0,4
3837.125577588042,4,46.25,0,0,0,4,0,0,4
3838.139560494048,4,71.25,0,0,0,4,0,0,4
3839.152913801023,4,71.25,0,1,1,4,0,0,6
3840.169994692027,4,43.0,0,0,0,6,0,0,6
3841.1840325270314,4,73.0,0,0,0,6,0,0,6
3842.1975629560184,4,46.5,0,1,0,5,1,0,7
3843.209919916,4,69.0,0,1,1,5,0,0,7
3844.2221937420545,4,48.25,0,0,0,6,0,0,6
3845.234362584015,4,68.0,0,1,0,5,0,0,6
3846.2479292729986,4,40.0,0,1,0,6,0,0,7
3847.2621713880217,4,70.75,1,1,0,6,0,0,7
3848.273933180026,4,70.25,2,0,0,6,1,0,7
3849.288445210026,4,50.25,0,0,1,7,0,0,8
3850.301049607049,4,72.75,0,0,0,7,1,0,8
3851.314305225038,4,29.75,1,0,0,6,1,0,7
3852.3280414880137,4,47.5,0,0,1,4,0,1,6
3853.341496933019,4,71.0,0,3,0,4,1,0,8
3854.353755623044,4,48.75,0,0,1,6,0,0,7
3855.367742477043,4,44.75,0,0,0,5,2,0,7
3856.3812257140526,4,48.0,0,0,0,4,0,0,4
3857.394937293022,4,24.25,2,0,0,4,0,0,4
3858.4091605410213,4,46.75,4,0,0,3,1,0,4
3859.4226944730035,4,24.25,0,5,0,1,0,1,7
3860.4364684130414,4,23.0,0,3,0,4,0,0,7
3861.447765065008,4,47.0,0,1,0,4,1,0,6
3862.459889675025,4,47.0,2,2,0,3,0,2,7
3863.4733878350235,4,47.5,0,4,0,3,0,0,7
3864.4874388250173,4,2.25,0,1,1,6,0,0,8
3865.4997516110307,4,17.75,0,1,1,5,1,0,8
3866.513950570021,4,34.5,0,0,0,7,0,0,7
3867.527505216014,4,30.5,0,0,0,5,1,0,6
3868.541561701044,4,45.5,0,0,0,4,2,0,6
3869.555033364042,4,47.0,0,0,0,4,0,0,4
3870.5667231940315,4,46.75,0,0,0,2,0,1,3
3871.5801756520523,4,43.5,0,2,0,2,0,0,4
3872.5941616540076,4,47.0,0,1,0,3,0,0,4
3873.607329808001,4,24.75,0,0,0,4,0,0,4
3874.6212323660147,4,30.0,0,1,0,2,0,1,4
3875.634487488016,4,23.75,1,0,0,3,0,0,3
3876.645992866019,4,23.75,0,0,1,4,0,0,5
3877.65985962603,4,47.75,0,1,0,5,0,0,6
3878.67405214702,4,47.0,0,1,0,5,0,0,6
3879.6881640290376,4,53.25,0,0,0,6,0,0,6
3880.699407177046,4,47.75,1,0,0,3,3,0,6
3881.713186697045,4,24.0,1,0,0,3,3,0,6
3882.7269927920424,4,22.25,0,2,1,1,0,0,4
3883.7396337829996,4,23.25,0,1,1,3,0,0,5
3884.75420857704,4,45.0,0,0,1,4,0,0,5
3885.767821220041,4,23.0,0,0,0,3,2,0,5
3886.778371111024,4,0.0,0,0,0,3,0,0,3
3887.792298303044,4,23.0,0,0,0,3,0,0,3
3888.8032687110244,4,0.0,0,2,0,2,1,0,5
3889.815125731053,4,24.0,1,2,0,2,1,0,5
3890.8288002450136,4,23.25,2,2,0,2,1,0,5
3891.842585206032,4,23.5,0,3,1,2,0,0,6
3892.8560876050033,4,42.5,0,1,0,5,0,0,6
3893.8697361620143,4,43.75,1,1,0,5,1,0,7
3894.8837764190394,4,71.0,0,0,0,7,0,0,7
3895.8977822920424,4,48.0,0,0,0,6,0,0,6
3896.912105622003,4,46.5,0,0,1,6,0,0,7
3897.925554834015,4,52.5,1,0,0,6,1,0,7
3898.93949345703,4,46.25,0,1,0,6,0,0,7
3899.9542346500093,4,55.25,0,1,0,7,0,0,8
3900.9657549570547,4,62.5,0,1,0,5,2,0,8
3901.9765260850545,4,47.0,0,1,1,4,0,1,7
3902.9894621650456,4,67.75,0,0,0,4,0,0,4
3904.0027016960084,4,70.5,0,0,0,3,0,1,4
3905.016373607039,4,40.25,1,0,0,2,0,2,4
3906.029013366031,4,23.5,0,2,0,0,0,0,2
3907.042354950041,4,1.5,0,0,1,1,0,0,2
3908.0559079450322,4,5.0,0,0,0,2,0,0,2
3909.071205219021,4,23.0,0,0,0,2,0,0,2
3910.0847397380276,4,24.0,0,0,0,2,0,0,2
3911.0984939089976,4,23.5,0,0,0,2,0,0,2
3912.1129394230084,4,23.0,0,1,0,2,0,0,3
3913.1265143070486,4,23.5,0,1,0,2,0,0,3
3914.1375625470537,4,23.25,0,1,0,3,0,0,4
3915.1515852610464,4,23.25,0,0,0,4,0,0,4
3916.165571589023,4,30.25,0,0,0,3,0,0,3
3917.178786615026,4,0.0,0,0,0,2,0,0,2
3918.1927406270406,4,23.25,0,0,0,2,0,0,2
3919.2062891670503,4,23.25,0,0,0,2,0,0,2
3920.2203314370126,4,2.0,0,1,1,2,0,0,4
3921.2340517640114,4,23.25,0,1,1,1,1,0,4
3922.246337293007,4,22.5,0,1,1,1,1,0,4
3923.2582408669987,4,23.25,0,0,0,3,0,1,4
3924.2708979510353,4,46.75,0,0,0,3,0,0,3
3925.2844757490093,4,46.75,0,0,0,2,1,0,3
3926.298423907021,4,23.5,0,0,0,1,2,0,3
3927.314079614007,4,23.75,0,0,0,1,0,0,1
3928.3269389420166,4,23.5,0,0,0,1,0,0,1
3929.340934195032,4,23.25,0,0,0,1,0,0,1
3930.35120154405,4,10.25,0,0,0,1,0,0,1
3931.364586716052,4,23.25,0,0,0,0,0,0,0
3932.3777910740464,4,0.0,0,0,0,0,0,0,0
3933.3920047300053,4,1.5,0,0,0,1,0,0,1
3934.405927091022,4,17.5,2,4,0,0,1,0,5
3935.4197941560415,4,0.0,5,4,0,0,1,0,5
3936.4331472550402,4,0.0,0,9,0,0,0,0,9
3937.44808970904,4,0.0,0,5,1,3,0,0,9
3938.4690240830532,4,25.0,0,1,4,1,0,0,6
3939.4826052840217,4,23.5,0,1,3,2,0,0,6
3940.496012494026,4,11.25,0,0,0,4,0,0,4
3941.509345548053,4,22.0,0,0,0,2,0,0,2
3942.523777844035,4,23.25,0,0,0,1,0,0,1
3943.537287103012,4,23.75,0,0,0,1,0,0,1
3944.5510449560243,4,23.5,0,0,0,1,0,0,1
3945.5646690890426,4,23.5,0,0,0,1,0,0,1
3946.5784918340505,4,23.25,0,0,0,1,0,0,1
3947.592083040043,4,23.75,0,0,0,1,0,0,1
3948.60591932002,4,21.75,0,0,0,0,1,0,1
3949.619786078052,4,0.0,0,0,0,0,0,0,0
3950.6334142850246,4,0.0,0,0,0,0,0,0,0
3951.6474940670305,4,0.0,0,0,0,0,0,0,0
3952.6609518040204,4,0.0,1,0,0,0,0,0,0
3953.674853544042,4,0.0,0,3,2,0,0,0,5
3954.689027402026,4,49.75,2,1,2,2,1,0,6
3955.7029076440376,4,0.0,6,1,2,0,3,0,6
3956.717304522055,4,48.25,2,8,0,0,0,1,9
3957.7313559320173,4,23.75,4,11,0,0,0,1,12
3958.7437693290412,4,13.0,0,7,4,4,0,0,15
3959.757594669005,4,50.5,1,4,4,5,2,0,15
3960.7709347860073,4,23.5,3,4,4,1,6,0,15
3961.7851065350114,4,26.0,0,4,4,4,0,0,12
3962.801104145008,4,50.5,0,1,3,5,0,0,9
3963.8112422980485,4,25.0,0,0,0,6,1,1,8
3964.825723114016,4,71.25,1,0,0,1,4,2,7
3965.8394542500027,4,23.25,0,0,1,1,0,0,2
3966.853194754047,4,24.75,0,0,0,0,1,0,1
