offset_s,held_gpus,held_gpu_utilization_mean_percent,arrival_to_gate,gate_to_source_admission,source_to_native_dispatch,native_dispatch_to_last_token,last_token_to_controller_completion,controller_completion_to_terminal,gate_to_terminal
0.7914829819928855,1,42.0,1,0,0,0,0,0,0
1.8055617419886403,1,35.0,1,0,0,0,0,0,0
2.8190177959622815,1,0.0,1,0,0,0,0,0,0
3.832713212003,1,0.0,1,0,0,0,0,0,0
4.846736443985719,1,0.0,1,0,0,0,0,0,0
5.8595538809895515,1,0.0,1,0,0,0,0,0,0
6.872772164992057,1,0.0,1,0,0,0,0,0,0
7.88601481099613,1,0.0,1,0,0,0,0,0,0
8.899487802002113,1,0.0,1,0,0,0,0,0,0
9.912926886987407,1,0.0,1,0,0,0,0,0,0
10.92645749199437,1,0.0,1,0,0,0,0,0,0
11.939406236982904,1,0.0,2,0,0,0,0,0,0
12.95247376197949,1,0.0,2,0,0,0,0,0,0
13.966364977008197,1,0.0,3,0,0,0,0,0,0
14.979899681988172,1,0.0,3,0,0,0,0,0,0
15.992591311980505,1,0.0,3,0,0,0,0,0,0
17.002691378991585,1,0.0,3,0,0,0,0,0,0
18.01536669197958,1,0.0,3,0,0,0,0,0,0
19.028511828975752,1,0.0,3,0,0,0,0,0,0
20.041523538006004,1,0.0,3,0,0,0,0,0,0
21.054440990963485,1,0.0,3,0,0,0,0,0,0
22.06804875296075,1,0.0,4,0,0,0,0,0,0
23.081343315017875,1,0.0,4,0,0,0,0,0,0
24.0944889819948,1,0.0,4,0,0,0,0,0,0
25.10767868097173,1,0.0,0,0,4,0,0,0,4
26.12113484798465,1,54.0,0,0,0,4,0,0,4
27.13411190698389,1,93.0,0,0,0,4,0,0,4
28.148513602965977,1,92.0,0,0,0,3,0,0,3
29.16237822599942,1,95.0,0,0,0,3,0,0,3
30.17517390998546,1,95.0,0,0,0,3,0,0,3
31.189537549973466,1,92.0,0,0,0,2,0,0,2
32.20256898901425,1,93.0,0,0,0,0,0,0,0
33.21586064598523,1,0.0,0,0,0,0,0,0,0
34.228777147014625,1,0.0,0,0,0,0,0,0,0
35.24265700497199,1,0.0,0,0,0,0,0,0,0
36.2566623929888,1,0.0,0,0,0,1,0,0,1
37.27528953901492,1,87.0,0,0,1,2,0,0,3
38.28917767101666,1,96.0,0,0,0,3,0,0,3
39.30317789100809,1,95.0,0,0,0,3,0,0,3
40.31700555898715,1,95.0,0,0,1,3,0,0,4
41.33075991098303,1,76.0,1,0,0,4,0,0,4
42.34502860798966,1,97.0,2,0,0,4,0,0,4
43.35772183199879,1,100.0,2,0,0,4,0,0,4
44.37206784496084,1,97.0,2,0,0,4,0,0,4
45.38544089096831,1,0.0,1,0,1,3,0,0,4
46.39932102896273,1,87.0,0,1,0,3,0,0,4
47.41363491897937,1,89.0,0,0,1,3,0,0,4
48.427625384007115,1,100.0,0,0,0,3,0,0,3
49.443331228976604,1,94.0,0,0,0,3,0,0,3
50.45753101998707,2,47.5,1,0,0,4,0,0,4
51.47227996296715,2,48.5,2,0,0,4,0,0,4
52.48647310596425,2,39.5,3,0,1,3,0,0,4
53.50110433896771,3,46.333333333333336,3,0,0,4,0,0,4
54.51575322798453,3,46.666666666666664,3,0,0,4,0,0,4
55.5384306939668,4,43.75,3,0,0,4,0,0,4
56.55293832696043,4,37.5,5,0,0,3,0,1,4
57.56791639298899,4,33.5,3,1,1,2,0,0,4
58.582298332010396,4,33.75,5,0,1,3,0,0,4
59.59703298896784,4,35.75,6,0,1,3,0,0,4
60.610994510992896,4,35.25,6,0,1,3,0,0,4
61.62191549799172,4,33.25,6,0,0,4,0,0,4
62.636016412987374,4,24.5,5,1,0,3,0,0,4
63.650321536988486,4,23.5,5,0,1,3,0,0,4
64.66283702396322,4,23.25,6,0,0,4,0,0,4
65.67739756399533,4,55.75,7,0,0,4,0,0,4
66.69195545901312,4,32.0,8,0,0,4,0,0,4
67.70523708197288,4,24.25,7,1,0,3,0,0,4
68.72134099400137,4,33.75,7,0,0,4,0,0,4
69.73580303799827,4,34.75,7,0,0,4,0,0,4
70.7495193569921,4,23.5,6,1,0,3,0,0,4
71.76362519798568,4,22.5,1,1,3,3,1,0,8
72.77758145797998,4,41.75,0,1,3,4,0,0,8
73.7893743069726,4,48.0,0,0,1,7,0,0,8
74.80277845298406,4,32.0,0,0,0,7,0,0,7
75.81681063299766,4,46.0,0,0,0,7,0,0,7
76.83103708497947,4,23.0,0,0,0,6,0,0,6
77.84463993198005,4,46.25,0,0,0,6,0,0,6
78.85841384896776,4,23.5,1,0,0,5,0,0,5
79.87276332598412,4,33.5,0,0,0,6,0,0,6
80.8863082099706,4,29.5,0,0,0,3,0,1,4
81.90031402901514,4,47.25,0,0,1,2,0,0,3
82.91343291196972,4,57.25,0,3,0,3,0,0,6
83.92703077499755,4,69.75,0,0,3,3,0,0,6
84.94021302601323,4,52.75,0,0,1,5,0,0,6
85.95445574598853,4,43.25,0,0,1,5,0,0,6
86.96787539398065,4,69.25,1,0,0,5,0,1,6
87.98147813696414,4,55.0,0,0,0,6,0,0,6
88.99388975399779,4,50.5,0,1,0,5,0,0,6
90.00800441100728,4,47.0,0,0,0,4,0,0,4
91.02158731798409,4,50.25,0,0,0,4,0,0,4
92.03488583199214,4,39.75,0,1,1,2,0,0,4
93.04859673901228,4,40.0,0,0,1,3,0,0,4
94.06198627996491,4,46.75,0,0,0,4,0,0,4
95.07648235600209,4,71.75,0,0,1,6,0,0,7
96.09031934599625,4,59.5,0,0,1,4,0,0,5
97.1041679289774,4,63.75,0,0,1,5,0,0,6
98.11854387097992,4,71.0,0,0,3,5,0,0,8
99.13249244895997,4,52.75,0,0,1,7,0,0,8
100.14663575496525,4,51.0,0,0,0,9,0,0,9
101.16052861098433,4,75.75,0,0,0,9,0,0,9
102.17401391797466,4,87.0,0,0,0,6,0,0,6
103.18663984898012,4,59.75,0,1,0,5,0,0,6
104.20842672098661,4,69.5,0,0,1,4,0,1,6
105.22236430301564,4,45.5,1,0,0,5,0,0,5
106.23635774099967,4,34.25,0,0,1,6,0,0,7
107.25071962201037,4,72.0,0,0,0,5,1,0,6
108.26428038597805,4,66.0,0,0,1,5,0,0,6
109.27861511299852,4,51.5,0,0,1,5,1,0,7
110.29245598299894,4,71.5,0,0,1,4,0,0,5
111.30627306096721,4,53.25,0,0,0,5,0,0,5
112.31640704197343,4,92.5,0,0,0,3,0,0,3
113.33032966998871,4,71.0,0,0,0,2,0,0,2
114.34365592198446,4,32.5,0,0,0,2,0,0,2
115.35579191101715,4,25.75,0,0,0,1,0,0,1
116.3715354379965,4,0.0,0,1,0,0,0,0,1
117.38524614798371,4,0.0,0,0,0,1,0,0,1
118.39978327200515,4,23.25,0,1,0,1,0,0,2
119.41337676998228,4,19.25,0,0,1,3,0,0,4
120.42554042598931,4,46.75,0,0,1,3,0,0,4
121.43972047098214,4,43.75,0,0,0,4,0,0,4
122.45360195898684,4,70.25,0,0,0,3,0,0,3
123.46749599697068,4,50.0,0,0,0,3,0,0,3
124.4815649499651,4,40.5,0,1,0,2,0,0,3
125.49501104000956,4,50.75,0,0,0,3,0,0,3
126.50886646297295,4,47.0,0,0,1,3,0,0,4
127.52273056498962,4,13.5,0,0,1,3,0,0,4
128.53719325596467,4,69.75,0,0,1,2,1,0,4
129.55047114298213,4,29.5,0,0,1,2,0,0,3
130.56416220997926,4,24.25,0,0,0,3,0,0,3
131.57783151697367,4,28.75,0,0,0,3,0,0,3
132.5917335029808,4,19.25,0,1,1,3,0,0,5
133.60562877100892,4,40.5,0,0,0,6,0,0,6
134.61972530797357,4,47.5,0,1,0,6,0,0,7
135.63408469897695,4,66.0,0,2,0,5,0,0,7
136.64759960299125,4,69.25,2,2,0,3,0,2,7
137.66132092301268,4,47.25,0,2,1,3,0,1,7
138.677309340972,4,23.75,0,0,2,3,0,0,5
139.69142474100227,4,0.0,0,0,1,4,0,0,5
140.7053861679742,4,22.75,0,0,1,2,2,0,5
141.71706293598982,4,16.25,0,1,0,3,0,0,4
142.72701217996655,4,22.5,1,2,1,3,0,0,6
143.73868575197412,4,47.5,2,3,0,4,0,0,7
144.75086003600154,4,23.5,0,4,1,5,0,0,10
145.76391474698903,4,41.0,0,0,1,8,0,0,9
146.7759470579913,4,70.25,0,0,1,6,0,1,8
147.79008052696008,4,26.5,0,0,1,7,0,0,8
148.8010764179635,4,48.0,1,0,0,8,0,0,8
149.81483785796445,4,68.5,0,1,0,5,0,0,6
150.82839463400887,4,44.75,0,0,0,4,0,0,4
151.84242674999405,4,47.25,0,0,0,4,0,0,4
152.85481478396105,4,38.25,0,1,0,4,0,0,5
153.8687652950175,4,13.5,0,1,0,4,0,1,6
154.88277846598066,4,23.5,0,2,0,4,0,0,6
155.89627848297823,4,46.25,0,1,0,5,0,0,6
156.91015170997707,4,24.0,0,3,0,6,0,0,9
157.92294245696394,4,46.75,0,2,1,4,0,0,7
158.93847454997012,4,46.75,0,1,1,5,0,0,7
159.95230310899206,4,46.75,0,1,1,6,0,0,8
160.9659351579612,4,47.75,0,1,1,6,0,0,8
161.98017455800436,4,25.0,0,1,1,6,0,0,8
162.99306491500465,4,35.25,1,1,0,8,0,0,9
164.00548845797312,4,71.25,2,1,0,7,1,0,9
165.01925323798787,4,47.25,0,0,1,8,0,1,10
166.03349849098595,4,70.25,0,1,1,5,0,0,7
167.04491649498232,4,30.5,0,0,0,6,0,0,6
168.05205939000007,4,49.75,0,1,0,4,0,0,5
169.06340084201656,4,25.0,0,0,1,2,1,0,4
170.07732637197478,4,44.75,0,3,0,3,0,0,6
171.09133349196054,4,46.25,0,0,2,3,0,0,5
172.10296117898542,4,47.75,0,0,1,4,0,0,5
173.11718309798744,4,53.5,0,0,0,4,0,0,4
174.13103166798828,4,70.5,0,0,0,3,0,0,3
175.1441532059689,4,27.75,0,0,0,3,0,0,3
176.1583221119945,4,29.5,0,1,0,3,0,0,4
177.17206959001487,4,35.5,0,1,0,4,0,0,5
178.1859941050061,4,47.75,0,1,0,4,0,0,5
179.19973673700588,4,48.75,0,2,0,5,0,0,7
180.21352236700477,4,0.0,0,1,1,6,0,0,8
181.22608709998894,4,26.75,0,0,2,7,0,0,9
182.2400252649677,4,48.0,0,0,1,6,0,0,7
183.25415576796513,4,69.75,0,0,1,6,0,0,7
184.2686097539845,4,25.25,0,0,1,7,0,0,8
185.2824988969951,4,12.5,0,0,1,8,0,0,9
186.2941561419866,4,5.5,0,0,0,8,1,0,9
187.30618431797484,4,70.25,0,0,0,9,0,0,9
188.31946011300897,4,46.0,0,0,0,8,0,0,8
189.33050597796682,4,70.5,2,0,0,6,0,0,6
190.3438350649667,4,24.75,0,1,1,6,0,0,8
191.35724498599302,4,38.75,0,3,0,7,0,0,10
192.3707564919605,4,51.25,0,0,2,5,1,1,9
193.38341642101295,4,54.5,0,2,1,5,0,0,8
194.39470478100702,4,51.75,0,2,2,5,0,0,9
195.40929456596496,4,93.25,0,0,1,7,0,0,8
196.42308733798563,4,94.25,0,1,1,6,0,0,8
197.43713382800343,4,74.75,0,0,1,7,0,0,8
198.44476192101138,4,46.75,1,0,0,7,1,0,8
199.45666810497642,4,55.0,0,0,1,7,0,0,8
200.47084763197927,4,87.0,0,0,1,7,0,0,8
201.4845454939641,4,71.0,1,0,1,5,0,2,8
202.49803825601703,4,49.75,0,1,2,3,1,0,7
203.5121907099965,4,47.25,0,0,2,3,1,0,6
204.523353571014,4,35.0,0,1,2,2,0,0,5
205.5360225989716,4,25.0,0,0,3,3,0,0,6
206.54755365499295,4,93.25,0,0,1,5,0,0,6
207.56136139295995,4,36.75,0,1,0,5,0,0,6
208.5745000409661,4,69.5,0,0,0,6,0,0,6
209.5891282639932,4,70.75,0,0,0,4,2,0,6
210.60152698500315,4,46.75,0,0,0,4,0,0,4
211.61517773696687,4,51.5,0,0,0,4,0,0,4
212.6282635590178,4,19.75,0,0,0,3,1,0,4
213.6421923880116,4,47.25,0,1,0,2,0,1,4
214.6566293349606,4,47.5,0,1,0,3,0,0,4
215.6677646120079,4,23.0,0,3,0,2,0,0,5
216.68002145300852,4,6.25,0,0,4,2,0,0,6
217.69127457001014,4,69.75,0,0,2,4,0,0,6
218.7050452179974,4,70.0,0,1,1,5,0,0,7
219.71854576998157,4,78.75,0,1,2,4,0,0,7
220.7327131269849,4,0.0,0,2,1,6,0,0,9
221.74643433198798,4,48.25,0,0,2,6,0,0,8
222.76031994598452,4,19.75,0,2,1,7,0,0,10
223.77156844898127,4,70.0,1,2,0,8,0,0,10
224.7896674440126,4,66.0,0,1,0,7,2,0,10
225.80414017301518,4,70.5,1,0,1,6,1,0,8
226.8186183910002,4,23.0,0,0,1,5,0,0,6
227.83257291297195,4,48.25,0,1,0,5,1,0,7
228.8463680630084,4,13.0,0,1,0,6,0,0,7
229.85983657301404,4,46.0,0,1,0,5,0,0,6
230.87399413000094,4,46.75,0,0,1,4,0,1,6
231.88523708097637,4,72.0,0,1,1,4,0,0,6
232.8985998170101,4,46.5,0,2,2,4,0,0,8
233.91041098098503,4,70.75,0,2,1,2,2,1,8
234.92392047296744,4,46.5,0,1,1,4,0,0,6
235.93504789896542,4,23.5,0,0,1,4,0,0,5
236.94713945500553,4,38.75,0,1,0,5,0,0,6
237.96103405498434,4,53.5,1,1,2,5,0,0,8
238.9745470950147,4,28.75,0,0,1,6,0,0,7
239.9870384329697,4,59.75,0,1,0,7,0,0,8
241.00064432801446,4,47.75,0,0,0,6,0,1,7
242.01440241199452,4,47.25,0,0,0,4,0,0,4
243.0253737749881,4,23.25,0,0,0,2,0,0,2
244.0393487639958,4,47.5,0,0,0,3,0,0,3
245.05297149700345,4,48.5,0,1,0,3,0,0,4
246.06642968097003,4,44.75,0,2,0,3,0,0,5
247.07810688600875,4,24.0,0,2,2,2,1,0,7
248.08808021596633,4,24.25,0,1,1,5,0,0,7
249.10164045600686,4,33.25,0,1,1,5,0,0,7
250.11349283298478,4,54.75,0,0,1,4,0,0,5
251.12708151701372,4,22.5,0,1,1,3,0,0,5
252.14011198101798,4,23.25,0,0,2,3,0,0,5
253.15386147599202,4,37.0,0,0,1,5,0,0,6
254.16800977499224,4,79.0,0,1,0,6,0,0,7
255.1816520569846,4,46.25,0,0,0,6,0,0,6
256.19403156096814,4,32.25,0,0,1,6,0,0,7
257.2161728880019,4,49.0,0,0,0,5,0,1,6
258.23014499800047,4,23.75,0,0,0,5,0,0,5
259.244095742004,4,57.75,0,0,0,4,0,0,4
260.25575259898324,4,23.25,0,2,1,3,0,0,6
261.26837072800845,4,23.75,0,1,1,4,0,0,6
262.2806596599985,4,45.25,0,2,0,5,0,0,7
263.29385671101045,4,57.5,0,0,2,5,0,0,7
264.30762371700257,4,61.5,0,0,0,6,1,0,7
265.3216406229767,4,54.75,0,0,0,4,0,0,4
266.3313578349771,4,47.75,0,0,0,3,1,0,4
267.3450052639819,4,46.25,0,0,0,3,0,0,3
268.3587767719873,4,47.25,0,1,0,3,0,0,4
269.3714697670075,4,19.0,0,0,1,2,0,0,3
270.3857645060052,4,43.75,0,2,0,2,1,0,5
271.3979450360057,4,35.25,0,3,0,2,0,0,5
272.41015078197233,4,23.25,0,3,4,2,0,0,9
273.41826608096017,4,0.0,0,2,6,1,0,1,10
274.43008853297215,4,48.0,0,0,4,5,0,0,9
275.43636598199373,4,96.25,0,0,1,8,0,0,9
276.448919479968,4,92.75,0,0,1,7,0,0,8
277.4624018929899,4,92.75,0,0,1,7,0,0,8
278.476519727963,4,47.0,0,0,1,4,1,1,7
279.4899804840097,4,48.0,0,0,0,4,0,0,4
280.5038435239694,4,46.5,0,0,0,4,0,0,4
281.5176329590031,4,69.75,0,1,0,4,0,0,5
282.5305381270009,4,21.75,0,1,1,4,0,0,6
283.54395998996915,4,46.75,0,0,2,1,0,0,3
284.5569583689794,4,7.5,0,1,1,1,0,0,3
285.5705265389988,4,23.25,0,0,2,2,0,0,4
286.58447645499837,4,62.5,0,0,0,4,0,0,4
287.59823148400756,4,47.0,1,0,0,3,1,0,4
288.6109024079633,4,47.0,0,1,0,3,0,0,4
289.62013709999155,4,0.0,0,1,0,3,0,0,4
290.63417227601167,4,46.75,0,1,0,4,0,0,5
291.64852675097063,4,24.0,0,1,0,4,0,0,5
292.66265079099685,4,70.0,0,0,0,5,0,0,5
293.6766544720158,4,47.0,0,0,0,5,0,0,5
294.689712685009,4,71.75,0,0,0,3,0,0,3
295.70379081898136,4,23.25,2,0,0,3,0,0,3
296.71569735201774,4,0.0,0,3,0,1,1,0,5
297.7285543719772,4,23.0,0,3,0,1,0,1,5
298.7426574580022,4,25.0,0,1,1,3,0,0,5
299.7539371569874,4,70.5,1,1,0,4,0,0,5
300.7649813959724,4,42.5,0,0,1,5,0,0,6
301.7782525419607,4,71.25,1,0,1,5,0,0,6
302.7919855429791,4,56.5,0,1,0,5,1,0,7
303.80332347698277,4,19.5,0,1,0,5,0,0,6
304.8176654179697,4,65.25,0,1,0,5,0,0,6
305.8319468050031,4,71.75,1,0,0,6,0,0,6
306.8447048079688,4,70.75,2,0,0,4,2,0,6
307.85902208898915,4,41.0,0,2,3,3,1,0,9
308.87183927197475,4,56.0,0,0,2,6,0,0,8
309.8828209209605,4,68.75,0,0,0,8,0,0,8
310.8966311319964,4,70.25,0,2,0,5,1,0,8
311.9106464749784,4,46.5,0,1,0,6,0,0,7
312.92263841896784,4,25.25,0,2,0,7,0,0,9
313.93383499997435,4,48.5,0,3,1,8,0,0,12
314.9477650659974,4,24.75,0,3,1,7,0,0,11
315.9597791080014,4,46.0,0,1,3,5,0,0,9
316.9739174519782,4,47.25,0,0,3,6,0,0,9
317.987561929971,4,34.5,2,0,2,6,1,0,9
319.00101447699126,4,70.75,2,0,2,5,2,0,9
320.01518880197546,4,47.5,0,2,3,3,0,0,8
321.0287383979885,4,47.25,0,4,3,5,0,0,12
322.0430195219815,4,47.25,0,4,3,5,2,0,14
323.055475517991,4,60.5,1,8,1,3,0,4,16
324.0678502439987,4,34.25,2,6,4,6,0,0,16
325.08192839397816,4,40.75,4,2,3,10,0,1,16
326.0954552789917,4,64.25,5,2,0,10,2,2,16
327.10932902700733,4,94.25,6,2,0,7,4,2,15
328.12317060900386,4,56.75,0,6,1,6,0,1,14
329.136808612966,4,41.0,1,3,5,8,0,0,16
330.1510445239837,4,52.75,0,2,4,8,0,0,14
331.16495573398424,4,30.25,0,0,3,8,2,0,13
332.1781877069734,4,74.75,1,0,2,7,2,0,11
333.191883624997,4,93.25,0,2,2,6,0,1,11
334.20312683301745,4,78.75,0,3,5,6,0,0,14
335.2167434229632,4,42.0,0,0,2,11,1,0,14
336.2286180439987,4,72.75,0,2,1,7,1,3,14
337.242295035976,4,87.0,0,0,1,8,0,0,9
338.2547051529982,4,92.5,0,0,1,7,1,0,9
339.2661464079865,4,92.75,0,1,0,8,0,0,9
340.27864970098017,4,68.25,0,2,1,8,0,0,11
341.29293891298585,4,69.75,3,2,1,9,0,0,12
342.3050814419985,4,70.5,0,3,3,8,0,1,15
343.3192189770052,4,17.0,0,1,3,11,0,0,15
344.3332663119654,4,59.0,1,2,0,10,2,0,14
345.3490871799877,4,30.0,0,2,1,8,0,2,13
346.36108414200135,4,70.5,0,0,3,7,0,0,10
347.3766631389735,4,70.25,0,0,0,9,1,0,10
348.39091925299726,4,75.5,0,3,1,7,0,0,11
349.40214614896104,4,32.75,0,1,2,8,0,1,12
350.4159128500032,4,72.75,6,1,2,7,1,1,12
351.42967536801007,4,70.5,1,6,0,7,0,3,16
352.442162738007,4,71.5,0,5,3,7,0,0,15
353.4496495369822,4,43.75,0,2,6,7,0,0,15
354.46277154196287,4,46.75,3,1,6,8,1,0,16
355.47518248297274,4,81.75,4,2,4,10,0,0,16
356.48882567399414,4,70.25,7,1,2,8,3,2,16
357.50283608800964,4,72.5,7,4,2,8,0,2,16
358.5162591940025,4,47.75,6,6,1,4,4,1,16
359.5300413009827,4,48.25,0,8,4,4,0,0,16
360.5414554089657,4,23.25,3,4,6,5,0,0,15
361.55323778197635,4,66.75,7,5,5,6,0,0,16
362.5673193070106,4,71.0,12,4,5,5,2,0,16
363.5811620079912,4,33.75,13,1,6,9,0,0,16
364.5953057350125,4,69.25,20,1,4,10,0,1,16
365.608832339989,4,93.25,18,1,2,12,0,1,16
366.61984734999714,4,83.25,18,1,2,6,6,1,16
367.6336932830163,4,93.5,18,1,2,5,7,1,16
368.6473403300042,4,77.75,9,7,4,5,0,0,16
369.660920063965,4,35.75,9,3,7,5,0,1,16
370.67274787201313,4,52.75,9,3,4,8,1,0,16
371.6845001630136,4,92.0,6,4,3,8,0,1,16
372.6986390979728,4,44.75,8,2,2,11,0,1,16
373.7121358339791,4,58.5,5,3,2,11,0,0,16
374.7262061609654,4,35.75,5,0,3,12,1,0,16
375.7412731620134,4,94.75,6,0,3,7,6,0,16
376.75523072096985,4,53.25,1,5,1,7,1,2,16
377.7697005799855,4,44.25,0,2,6,8,0,0,16
378.78206445398973,4,25.25,0,1,4,10,0,1,16
379.7949977630051,4,73.75,0,1,1,12,0,1,15
380.8096348079853,4,8.0,0,1,1,13,0,0,15
381.82318108697655,4,95.0,1,1,1,12,1,0,15
382.83536374097457,4,73.25,0,1,0,14,0,0,15
383.8508020429872,4,91.75,0,0,0,13,2,0,15
384.8628331659711,4,91.25,0,0,0,8,0,1,9
385.8751510049915,4,93.5,0,0,0,7,0,0,7
386.88886219298,4,71.5,0,0,0,6,0,0,6
387.9027079039952,4,94.25,0,0,0,6,0,0,6
388.91691027698107,4,71.25,0,2,0,3,0,1,6
389.93064514599973,4,34.75,0,2,2,2,0,0,6
390.9384246370173,4,0.5,0,1,3,2,0,0,6
391.9505083069671,4,14.25,0,1,1,2,2,0,6
392.964281329012,4,70.75,0,0,0,3,0,1,4
393.9779949779622,4,70.5,3,0,0,3,0,1,4
394.98984939797083,4,68.75,0,3,0,2,0,0,5
396.00401666399557,4,36.5,0,1,2,3,0,0,6
397.01798410899937,4,49.75,0,1,1,7,0,0,9
398.0316340230056,4,59.75,2,1,1,3,4,0,9
399.0445029839757,4,57.5,0,3,1,3,0,5,12
400.05563826096477,4,25.0,0,1,2,4,0,0,7
401.0692817249801,4,55.75,0,2,2,5,0,0,9
402.0822739909636,4,34.0,2,0,3,5,1,0,9
403.0943758270005,4,65.0,0,4,1,5,1,0,11
404.1071408939897,4,36.75,0,4,1,5,0,1,11
405.12096195400227,4,70.75,0,3,1,6,0,0,10
406.1295556629775,4,3.0,1,1,3,7,0,0,11
407.14198903297074,4,92.5,0,0,3,8,0,1,12
408.15560166398063,4,79.25,0,0,4,9,0,0,13
409.1697744659614,4,22.75,0,2,1,10,0,0,13
410.18362224596785,4,24.0,0,1,2,10,1,0,14
411.19702422700357,4,94.25,3,1,1,9,0,3,14
412.21110995899653,4,52.5,0,1,4,7,1,0,13
413.2244031149894,4,33.75,0,0,0,10,0,1,11
414.2378695969819,4,70.0,0,0,0,7,2,1,10
415.2504639499821,4,70.25,0,0,0,5,2,2,9
416.26455146999797,4,91.75,0,0,0,4,0,0,4
417.2782975099981,4,68.0,0,0,0,4,0,0,4
418.28932388999965,4,38.0,0,2,0,4,0,0,6
419.3016456789919,4,23.5,0,2,0,1,0,0,3
420.3143214950105,4,24.5,0,1,2,2,0,0,5
421.328806806996,4,81.5,0,1,2,4,0,0,7
422.3432771789958,4,26.0,0,1,3,3,1,0,8
423.3560488160001,4,65.25,1,1,3,2,1,1,8
424.3674746649922,4,68.75,0,0,2,5,0,0,7
425.3798242419725,4,48.0,0,0,0,6,1,0,7
426.39378958399175,4,94.0,0,0,0,6,0,0,6
427.4058338289615,4,93.0,0,0,0,5,0,1,6
428.41844028700143,4,82.75,0,1,0,2,1,0,4
429.4310633430141,4,47.25,0,3,0,2,0,0,5
430.442451009003,4,6.75,0,1,0,5,0,0,6
431.4568577450118,4,70.0,2,1,0,5,0,0,6
432.4689274409902,4,47.0,3,1,0,3,2,0,6
433.4825342769618,4,25.5,1,3,1,0,3,0,7
434.4957785109873,4,0.0,0,0,2,1,0,0,3
435.50815939798485,4,23.75,0,0,1,1,1,0,3
436.52061042998685,4,23.25,0,0,1,1,0,0,2
437.53442614601227,4,0.0,0,2,0,2,0,0,4
438.5481241659727,4,0.0,0,3,2,1,0,0,6
439.5622855279944,4,23.25,0,1,3,2,0,0,6
440.5756701049977,4,47.5,2,1,3,2,0,0,6
441.58797432499705,4,87.0,0,4,1,5,0,0,10
442.60254400398117,4,23.25,0,2,2,7,0,0,11
443.61589408497093,4,26.0,1,3,2,7,0,1,13
444.6326867439784,4,38.5,0,0,5,6,0,0,11
445.6461879609851,4,57.75,0,1,2,7,1,0,11
446.65899963496486,4,18.0,0,2,2,7,0,0,11
447.67196576396236,4,55.5,0,0,1,8,1,0,10
448.68588001898024,4,47.75,0,0,0,7,0,0,7
449.6992831089883,4,53.0,0,1,0,5,1,0,7
450.7119988499908,4,72.0,0,0,0,5,0,0,5
451.72554215497803,4,23.0,0,1,1,3,1,0,6
452.7392577799619,4,2.75,0,3,1,3,0,0,7
453.7528014059644,4,23.0,0,4,2,3,0,0,9
454.76646543701645,4,38.25,0,0,1,7,0,1,9
455.77744422497926,4,69.25,0,0,0,5,0,1,6
456.79111662798095,4,60.25,0,2,0,3,1,0,6
457.8028291029623,4,23.75,1,1,1,3,1,0,6
458.8145669819787,4,72.0,1,2,0,4,1,0,7
459.8283070040052,4,69.5,0,3,0,4,0,0,7
460.8406974549871,4,44.25,0,0,1,6,0,0,7
461.85370481800055,4,70.25,0,0,1,5,0,0,6
462.86704467696836,4,25.0,0,1,1,3,0,0,5
463.8808005839819,4,0.0,0,0,0,5,0,0,5
464.8945814690087,4,45.25,0,0,1,5,0,0,6
465.90844629198546,4,49.25,0,0,0,6,0,0,6
466.9187085679732,4,70.25,0,1,0,5,0,1,7
467.93202616798226,4,15.25,0,2,0,5,0,0,7
468.9459807529929,4,69.0,0,0,0,5,0,0,5
469.9601750249858,4,65.5,0,0,0,5,0,0,5
470.97393867897335,4,56.25,0,2,0,4,0,0,6
471.9879634020035,4,46.25,0,0,2,3,0,0,5
472.9991053409758,4,46.75,0,0,2,3,0,0,5
474.0130574660143,4,70.25,0,0,2,3,0,0,5
475.02404955000384,4,72.5,0,0,0,4,0,0,4
476.03558443201473,4,66.0,0,0,0,3,0,0,3
477.0491044649971,4,46.5,0,0,0,3,0,0,3
478.0628535929718,4,46.75,0,0,0,2,0,0,2
479.0767562999972,4,23.5,0,0,0,2,0,0,2
480.0906915270025,4,23.75,0,0,1,2,0,0,3
481.1043365219957,4,23.5,0,0,1,2,0,0,3
482.118320664973,4,46.75,1,0,1,1,1,0,3
483.13229849300114,4,24.25,0,4,1,0,0,0,5
484.14606103801634,4,0.0,0,3,2,1,0,0,6
485.1639462909661,4,1.0,0,0,1,5,0,0,6
486.1778822509805,4,47.25,0,0,0,6,0,0,6
487.1914438349777,4,2.25,0,1,1,6,0,0,8
488.20552611601306,4,13.75,0,3,0,6,0,0,9
489.21986377896974,4,24.5,0,3,1,6,0,0,10
490.231013201992,4,23.5,0,2,1,8,0,0,11
491.2447022009874,4,47.75,0,2,0,8,0,0,10
492.2584471940063,4,70.5,0,1,1,7,0,0,9
493.2729079229757,4,70.75,0,0,2,7,0,0,9
494.28664031397784,4,94.0,0,0,1,7,0,1,9
495.3001053080079,4,54.25,0,1,0,7,0,0,8
496.3140024910099,4,70.5,0,0,2,6,0,0,8
497.32610097399447,4,39.25,2,0,1,7,0,0,8
498.33973340899684,4,57.25,0,0,1,7,0,0,8
499.35198418196524,4,70.25,0,0,0,7,0,0,7
500.36403604701627,4,94.0,0,0,0,7,0,0,7
501.3769515180029,4,94.5,0,1,0,5,0,0,6
502.3900355679798,4,70.75,0,0,0,5,0,0,5
503.40425079799024,4,46.75,0,0,0,3,0,0,3
504.4176677449723,4,22.0,0,0,1,3,0,0,4
505.42895969800884,4,11.25,0,0,0,4,0,0,4
506.4390499799629,4,37.5,0,1,0,4,0,0,5
507.45286823401693,4,25.75,0,0,2,2,0,1,5
508.4668298679753,4,23.75,0,1,0,4,0,0,5
509.4805749069783,4,47.0,0,0,1,4,0,0,5
510.4916358339833,4,23.75,0,1,0,5,0,0,6
511.50539928796934,4,47.5,0,0,1,5,0,0,6
512.5188715810073,4,46.75,0,0,0,6,0,0,6
513.5327375389752,4,47.5,0,0,0,5,1,0,6
514.5461465300177,4,47.75,0,0,0,5,0,1,6
515.5549522410147,4,46.25,0,0,0,4,0,0,4
516.5691280129831,4,45.75,0,0,1,2,0,0,3
517.5830508529907,4,46.5,0,1,1,2,0,0,4
518.5939313080162,4,48.0,0,1,1,4,0,0,6
519.6064993100008,4,60.75,0,0,1,4,0,1,6
520.6198812279617,4,67.25,0,0,0,5,0,0,5
521.6294005319942,4,46.0,0,0,0,4,0,0,4
522.6434752980131,4,23.25,0,0,0,4,0,0,4
523.6548663529684,4,23.0,0,0,0,3,0,0,3
524.6677843689686,4,22.75,0,0,1,4,0,0,5
525.6811676549842,4,27.0,0,1,1,4,0,0,6
526.6899819690152,4,69.5,1,1,1,3,1,0,6
527.7043584919884,4,2.5,0,2,0,4,0,0,6
528.7182276659878,4,31.5,0,0,0,5,0,0,5
529.7316992479609,4,0.0,0,0,0,4,0,0,4
530.7462545249728,4,23.5,0,1,0,4,0,0,5
531.757691730978,4,0.0,0,2,1,4,0,0,7
532.7715726199676,4,43.0,0,1,1,3,0,0,5
533.7851554569788,4,43.75,0,1,1,3,0,1,6
534.7990883300081,4,70.0,0,0,2,3,0,0,5
535.8130627009668,4,83.75,0,3,0,5,0,0,8
536.8267511060112,4,33.0,0,3,0,5,0,0,8
537.8408198119723,4,50.0,0,2,2,6,0,0,10
538.8543851390132,4,2.0,0,1,3,7,0,0,11
539.868168497982,4,55.25,0,2,1,9,1,0,13
540.8818230869947,4,72.25,0,0,0,11,0,0,11
541.8947191679617,4,49.5,0,0,0,10,0,0,10
542.9087815979728,4,75.75,0,0,0,6,0,0,6
543.9221743739909,4,23.0,1,0,0,5,0,0,5
544.9360900030006,4,69.75,0,1,0,4,0,1,6
545.9496041139937,4,41.75,0,0,0,5,0,0,5
546.9629553059931,4,33.75,0,1,0,5,0,0,6
547.976469805988,4,40.25,0,0,1,3,0,0,4
548.9905287019792,4,1.0,0,0,1,3,0,0,4
550.004342212982,4,25.75,0,0,1,2,0,0,3
551.0155487330048,4,23.5,0,1,1,2,0,0,4
552.0292961379746,4,23.0,0,0,0,3,0,0,3
553.042745571991,4,72.0,0,0,1,3,0,0,4
554.0568968529697,4,23.25,1,0,1,3,0,0,4
555.0705287869787,4,63.0,0,1,1,2,1,0,5
556.0840550640132,4,45.5,0,2,1,3,0,0,6
557.0976299679605,4,23.25,0,2,1,5,0,0,8
558.1111327710096,4,21.5,0,2,0,6,0,0,8
559.1227095499635,4,45.25,0,1,2,6,0,0,9
560.1369112099637,4,23.75,0,2,2,5,0,0,9
561.1504840750131,4,30.5,0,2,1,7,0,0,10
562.1615378080169,4,51.25,0,1,2,8,0,0,11
563.175351451966,4,55.5,0,1,0,10,0,0,11
564.189069437969,4,59.5,0,1,1,10,0,0,12
565.2030035160133,4,90.25,0,1,1,8,0,0,10
566.2171669699601,4,95.5,0,0,0,10,0,0,10
567.2301184359821,4,58.0,0,2,0,8,0,2,12
568.2443107640138,4,50.75,0,2,1,8,0,0,11
569.2551801470108,4,47.5,0,3,2,9,0,0,14
570.2687756390078,4,34.0,0,0,1,13,0,0,14
571.2794336489751,4,79.25,0,0,1,12,0,0,13
572.2943904859712,4,46.5,0,0,0,11,0,0,11
573.3085250199656,4,68.5,0,1,0,11,0,0,12
574.3204667739919,4,42.0,0,2,0,11,0,0,13
575.3320661339676,4,59.0,0,0,2,9,1,0,12
576.3456945859944,4,22.75,0,1,2,9,0,1,13
577.3589596360107,4,21.25,0,5,2,6,0,3,16
578.3713412130019,4,58.5,0,1,3,9,1,0,14
579.3853055009968,4,43.75,0,0,0,11,1,1,13
580.3991546019679,4,60.0,0,1,1,10,0,0,12
581.4124270579778,4,23.75,0,0,2,5,4,1,12
582.4266820719931,4,94.5,1,0,2,4,5,1,12
583.4407869040151,4,72.75,0,1,3,4,1,0,9
584.4543962560128,4,37.0,0,1,3,5,0,0,9
585.4680423579994,4,50.25,0,0,2,7,0,0,9
586.4796776199946,4,48.5,0,1,0,7,0,1,9
587.4934739969904,4,23.0,0,1,0,6,0,1,8
588.5053640619735,4,71.75,0,0,0,6,0,0,6
589.5189326420077,4,37.75,0,1,0,6,0,0,7
590.5331132870051,4,52.25,0,0,0,7,0,0,7
591.5413732780144,4,72.5,0,1,0,7,0,0,8
592.5529260729672,4,19.5,0,0,0,8,0,1,9
593.5653625329724,4,84.5,0,0,0,8,0,0,8
594.577372307016,4,49.5,0,0,0,6,0,0,6
595.5910999560147,4,47.5,1,1,0,6,0,0,7
596.6031041109818,4,14.75,0,0,2,4,0,1,7
597.6156543449615,4,47.5,0,0,1,5,0,0,6
598.6258726950036,4,24.25,0,1,1,5,0,0,7
599.638302213978,4,62.0,0,1,0,6,0,0,7
600.6520385550102,4,34.5,0,1,0,4,3,0,8
601.6656604969758,4,47.0,3,1,0,4,3,0,8
602.6789517069701,4,30.0,0,0,4,4,0,0,8
603.6900844789925,4,23.25,0,0,0,7,0,0,7
604.7041560930084,4,94.25,0,0,0,7,0,0,7
605.7143713010009,4,71.25,0,0,0,7,0,0,7
606.7282431519707,4,62.75,0,0,0,6,1,0,7
607.7421209560125,4,62.25,0,1,0,4,0,0,5
608.7521034089732,4,36.25,0,1,0,5,0,0,6
609.7661916079815,4,35.5,0,1,0,5,0,1,7
610.781275308982,4,28.25,0,3,0,5,0,1,9
611.7935176839819,4,25.25,0,1,2,4,0,0,7
612.8073119570035,4,33.0,0,0,1,4,2,0,7
613.8212266140035,4,46.25,0,0,0,5,0,0,5
614.8353764279746,4,5.25,0,0,0,5,0,0,5
615.8474825000158,4,45.75,0,2,0,3,0,0,5
616.859404133982,4,32.75,0,0,2,3,0,0,5
617.8728253489826,4,46.5,0,1,1,3,0,0,5
618.8834395449958,4,24.0,0,1,1,3,0,0,5
619.8969615639653,4,47.5,0,0,1,4,0,0,5
620.9109277320094,4,46.5,0,0,1,3,0,0,4
621.9233517440152,4,68.25,0,0,2,3,0,0,5
622.9371815630002,4,21.0,1,1,0,4,1,0,6
623.9509446009761,4,69.75,0,2,1,4,0,0,7
624.965050623985,4,26.25,0,2,2,4,0,1,9
625.977093502006,4,69.75,0,0,3,3,0,1,7
626.9890749299666,4,68.0,0,0,3,3,0,1,7
628.0028241649852,4,69.25,0,0,1,5,0,0,6
629.014318511996,4,91.25,0,0,0,6,0,0,6
630.0285997909959,4,46.5,0,0,0,4,0,0,4
631.042793332017,4,40.75,0,1,0,4,1,0,6
632.0568132220069,4,47.5,0,1,0,4,0,0,5
633.0705946650123,4,61.25,0,2,0,2,0,0,4
634.084455218981,4,14.0,1,1,0,4,0,0,5
635.0976807170082,4,27.25,0,0,1,6,0,0,7
636.1113399349852,4,46.5,0,0,0,6,0,0,6
637.1249323340016,4,69.25,0,0,0,5,1,0,6
638.1389559239615,4,50.0,0,0,0,5,0,0,5
639.1536579719977,4,46.25,0,0,0,3,1,0,4
640.1672714239685,4,2.5,0,1,0,3,0,0,4
641.181136040017,4,0.0,0,0,1,3,0,0,4
642.1959230839857,4,47.0,0,0,0,3,0,0,3
643.211136362981,4,35.5,0,0,0,3,0,0,3
644.2256987019791,4,23.25,0,0,0,2,0,0,2
645.2369757830165,4,23.5,0,0,0,2,0,0,2
646.2510093789897,4,23.25,0,0,0,1,0,0,1
647.2652277380112,4,10.0,0,0,0,1,0,0,1
648.2794733089977,4,23.5,0,0,0,1,0,0,1
649.2937235899735,4,13.5,1,0,0,0,1,0,1
650.307675471995,4,0.0,0,0,0,1,0,0,1
651.3210139360162,4,23.25,1,0,0,1,0,0,1
652.335341633996,4,0.0,0,0,3,1,0,0,4
653.3490128080011,4,25.75,0,0,0,4,0,0,4
654.3612383729778,4,61.5,0,0,0,4,0,0,4
655.3724101709668,4,46.25,0,1,0,4,0,0,5
656.3863743229886,4,71.0,0,2,0,4,0,0,6
657.4000289039686,4,81.0,0,3,1,3,0,1,8
658.4093860939611,4,39.25,0,3,1,4,0,0,8
659.4210076020099,4,70.5,0,4,1,3,0,1,9
660.4318868239643,4,14.0,0,2,2,4,0,1,9
661.4436224849778,4,70.75,0,0,1,6,0,1,8
662.4559600059874,4,46.0,0,0,1,5,0,0,6
663.4699117430137,4,46.5,0,0,0,6,0,0,6
664.483657039993,4,23.0,0,0,0,4,0,0,4
665.4949724809849,4,46.75,0,1,1,3,0,0,5
666.5085247060051,4,47.5,0,0,0,5,0,0,5
667.5220146700158,4,48.5,0,1,0,5,0,0,6
668.5356860309839,4,50.5,0,0,1,5,0,0,6
669.5495210230001,4,69.25,0,0,0,6,0,0,6
670.5637090879609,4,37.0,0,2,0,6,0,0,8
671.5756138929864,4,35.75,0,1,1,6,0,0,8
672.5877091590082,4,71.5,0,1,0,4,0,3,8
673.60114135599,4,22.75,0,0,1,4,0,0,5
674.6150527289719,4,46.75,0,0,1,3,0,0,4
675.62245376996,4,23.5,0,1,1,3,0,0,5
676.6353369599674,4,68.75,0,1,1,3,1,0,6
677.6477906259825,4,47.0,0,1,1,3,1,0,6
678.6565947919735,4,60.0,0,2,0,3,0,0,5
679.6729642319842,4,47.25,0,0,1,2,0,0,3
680.6866616139887,4,24.5,0,0,0,3,0,0,3
681.7009389679879,4,41.0,0,2,0,2,1,0,5
682.7146626419853,4,46.5,0,0,4,2,0,0,6
683.728431970987,4,26.25,0,2,1,4,0,1,8
684.7415902779903,4,23.0,0,2,1,3,0,0,6
685.7539540560101,4,46.5,0,4,2,3,0,1,10
686.7659982129699,4,59.25,0,0,1,7,0,0,8
687.7774988639867,4,70.75,0,0,0,5,0,0,5
688.7922751879669,4,47.25,0,0,1,5,0,0,6
689.8064702500124,4,24.0,0,1,0,5,0,0,6
690.8189927039784,4,71.5,0,0,0,6,0,0,6
691.8300507189706,4,70.25,0,0,0,4,1,0,5
692.8435157010099,4,57.75,0,1,0,4,0,0,5
693.8575695619802,4,34.0,0,1,0,3,0,0,4
694.8684712430113,4,57.0,0,3,1,2,1,0,7
695.8816531529883,4,4.5,0,1,4,2,0,0,7
696.8935119580128,4,24.5,0,0,1,6,0,0,7
697.9073896990158,4,65.75,1,0,1,5,1,0,7
698.9213605989935,4,38.25,0,1,1,5,0,0,7
699.9350264029927,4,48.5,0,1,1,4,0,0,6
700.9489891440026,4,46.75,0,0,0,5,0,0,5
701.9619234990096,4,93.75,0,0,0,5,0,0,5
702.9763463679701,4,93.0,0,0,0,5,0,0,5
703.9887450140086,4,71.0,0,1,0,4,1,0,6
705.0009902869933,4,46.5,0,0,2,4,0,0,6
706.0153035600088,4,95.25,0,0,0,5,0,1,6
707.0277366240043,4,83.0,0,1,0,3,0,1,5
708.0399552059826,4,48.5,1,1,0,2,0,1,4
709.0558132079896,4,27.75,0,0,2,1,0,0,3
710.0676266889786,4,0.0,1,0,1,2,0,0,3
711.0816447269754,4,27.25,0,0,1,3,0,0,4
712.0950603790116,4,23.25,2,0,1,3,0,0,4
713.1092461479711,4,15.75,0,3,0,4,0,0,7
714.1227502839756,4,23.75,0,0,2,4,0,0,6
715.1366789159947,4,31.75,0,1,1,5,0,0,7
716.1495641769725,4,24.5,0,1,1,4,0,0,6
717.1632693089778,4,22.25,0,0,0,5,0,0,5
718.1776423970005,4,0.0,0,1,0,5,0,0,6
719.189456040971,4,47.25,0,2,0,5,0,0,7
720.203104308981,4,23.25,0,0,0,7,0,0,7
721.2171595809632,4,48.0,0,0,0,5,0,0,5
722.2285247980035,4,40.0,0,0,0,4,1,0,5
723.2423859389964,4,46.0,0,0,0,3,1,0,4
724.2560580759891,4,47.25,1,1,0,3,0,0,4
725.269808757992,4,47.5,0,0,1,3,0,0,4
726.2840973699931,4,46.25,0,0,0,2,1,0,3
727.2987559330068,4,46.5,2,4,0,2,0,0,6
728.3119261339889,4,42.5,0,4,1,3,0,0,8
729.3225522449939,4,34.0,0,4,1,2,1,0,8
730.3367982759955,4,23.5,0,4,3,2,0,1,10
731.3486398719833,4,24.75,0,2,4,4,0,0,10
732.3625057070167,4,22.5,0,1,2,6,1,0,10
733.3736203819863,4,23.25,0,5,1,8,0,0,14
734.3874842280056,4,57.5,0,4,3,8,1,0,16
735.4001551609836,4,65.75,0,6,0,10,0,0,16
736.4138070869958,4,26.75,0,2,3,8,1,0,14
737.4276150289807,4,70.25,0,0,2,9,0,0,11
738.4411690189736,4,21.75,0,2,0,9,0,1,12
739.4536339199985,4,47.0,0,6,1,7,0,2,16
740.4673932699952,4,46.75,2,4,3,9,0,0,16
741.4797530479846,4,63.25,1,2,5,9,0,0,16
742.493728780013,4,64.75,4,0,2,13,1,0,16
743.506389549002,4,88.0,11,0,1,10,0,5,16
744.5201074240031,4,73.5,12,3,3,10,0,0,16
745.5315676339669,4,71.25,16,1,3,10,2,0,16
746.5449785619858,4,69.5,23,1,3,5,0,7,16
747.5590106559685,4,6.0,18,8,1,6,1,0,16
748.5727979890071,4,22.5,20,5,5,5,1,0,16
749.5842376549845,4,41.75,20,3,6,5,1,1,16
750.5962882699678,4,24.75,18,6,4,6,0,0,16
751.6102351269801,4,67.75,22,4,3,9,0,0,16
752.6242192439968,4,57.0,24,2,4,9,1,0,16
753.6381767860148,4,57.25,26,2,2,9,3,0,16
754.6503548430046,4,78.75,30,2,2,5,7,0,16
755.664431431971,4,3.25,32,3,4,4,0,5,16
756.6780034599942,4,30.75,30,8,1,6,1,0,16
757.6918763790163,4,26.25,29,2,4,10,0,0,16
758.7022941680043,4,46.25,24,5,4,7,0,0,16
759.7153596470016,4,24.5,23,3,4,8,0,1,16
760.7289919969626,4,71.5,24,3,3,5,0,4,15
761.7416702400078,4,24.25,20,5,6,5,0,0,16
762.755725244002,4,15.5,21,5,7,4,0,0,16
763.7663612749893,4,24.25,21,4,5,7,0,0,16
764.7801452999702,4,58.5,20,2,5,8,0,1,16
765.794242375996,4,72.0,16,5,4,6,1,0,16
766.8077936209738,4,69.25,16,3,6,5,2,0,16
767.8217027310166,4,70.75,17,1,7,5,2,1,16
768.836035276996,4,25.5,15,3,5,7,0,1,16
769.8497109069722,4,25.75,12,5,3,8,0,0,16
770.8631337030092,4,45.75,12,1,3,11,1,0,16
771.8749183239997,4,42.5,5,8,4,4,0,0,16
772.8887853400083,4,13.0,7,2,7,7,0,0,16
773.9024796700105,4,71.0,6,1,1,10,2,2,16
774.9159304170171,4,70.75,4,4,1,9,2,0,16
775.9284438170143,4,92.75,5,4,0,8,2,2,16
776.941103508987,4,27.75,0,5,3,8,0,0,16
777.9590042069904,4,84.25,2,4,1,11,0,0,16
778.9724320920068,4,50.0,3,0,2,14,0,0,16
779.983080947015,4,92.0,7,0,2,8,1,5,16
780.9972867359756,4,73.75,3,1,6,9,0,0,16
782.0109783139778,4,49.25,4,1,2,13,0,0,16
783.0277862519724,4,54.25,5,0,1,12,3,0,16
784.0413478179835,4,94.5,7,0,1,7,8,0,16
785.0551216310123,4,94.25,9,0,1,5,10,0,16
786.0649568010122,4,44.75,1,7,5,3,0,1,16
787.0792759809992,4,71.75,1,4,7,5,0,0,16
788.0903831599862,4,23.25,5,1,8,7,0,0,16
789.1037332339911,4,58.5,8,2,4,10,0,0,16
790.1167482300079,4,52.25,4,6,2,5,2,1,16
791.1306003289646,4,48.0,2,4,5,7,0,0,16
792.144153466972,4,40.5,5,4,2,9,1,0,16
793.153807825991,4,94.25,8,4,2,7,2,1,16
794.1674673059606,4,70.5,12,0,3,5,5,3,16
795.18013659399,4,11.25,7,3,5,7,0,1,16
796.1950670760125,4,13.0,7,1,5,9,0,1,16
797.2063250439824,4,18.5,7,2,3,8,2,1,16
798.2197933919961,4,37.25,5,2,4,9,0,1,16
799.2339204190066,4,43.75,4,4,2,7,1,2,16
800.2460311439936,4,35.75,1,9,1,5,0,1,16
801.260101354972,4,1.25,2,2,5,8,1,0,16
802.2738421449903,4,96.25,6,2,5,7,2,0,16
803.2853512300062,4,95.0,5,3,3,8,2,0,16
804.298959688982,4,41.0,6,2,4,9,0,1,16
805.3164628680097,4,24.25,5,2,4,10,0,0,16
806.3306286879815,4,11.5,5,2,3,7,1,3,16
807.344469714968,4,49.25,1,4,3,7,2,0,16
808.3584837709786,4,94.75,2,4,3,4,5,0,16
809.3717909849947,4,58.25,0,4,4,3,0,2,13
810.3838123689638,4,31.25,0,7,2,4,0,0,13
811.3973494829843,4,29.0,0,0,6,7,0,0,13
812.4110060409876,4,50.0,0,0,3,8,0,1,12
813.4234171329881,4,88.75,0,2,0,10,0,0,12
814.4370831850101,4,68.75,0,2,0,8,0,2,12
815.445912132971,4,72.25,0,1,1,7,1,3,13
816.4607788730063,4,71.25,0,2,1,7,0,0,10
817.4737656809739,4,46.0,0,2,2,6,0,0,10
818.4868268650025,4,57.75,2,4,1,6,1,0,12
819.5006266699638,4,64.25,0,5,3,5,2,1,16
820.511150988983,4,47.5,0,3,3,6,2,1,15
821.5225592839997,4,75.0,0,3,3,5,0,0,11
822.5365397499991,4,35.0,0,2,4,4,0,1,11
823.548509678978,4,54.75,2,1,3,5,1,0,10
824.5627881959663,4,24.5,0,4,4,5,1,0,14
825.5745761870057,4,79.25,0,2,3,5,3,1,14
826.5884503939888,4,50.0,0,0,3,7,0,0,10
827.600341325975,4,47.75,1,0,3,7,0,0,10
828.6144648980116,4,71.25,3,1,3,7,0,0,11
829.6268546729698,4,70.5,0,5,2,6,0,2,15
830.6389057940105,4,40.5,0,1,3,9,0,0,13
831.6503655000124,4,36.75,0,1,3,9,0,0,13
832.6628289729706,4,94.75,0,1,2,9,1,0,13
833.6773305910174,4,83.25,0,0,2,9,0,0,11
834.6906484009814,4,94.5,0,0,1,7,0,1,9
835.70462583896,4,46.25,0,0,1,6,1,0,8
836.71852902096,4,70.0,0,2,1,5,0,1,9
837.7323510489659,4,37.25,0,0,4,6,0,0,10
838.7436761839781,4,48.0,0,2,0,8,0,0,10
839.7560768169933,4,57.0,1,2,0,7,1,0,10
840.7698375280015,4,53.25,0,1,3,7,0,0,11
841.7834203150123,4,92.25,0,1,1,7,2,0,11
842.7974399600062,4,72.5,0,0,1,7,0,0,8
843.8097810539766,4,48.5,0,0,1,4,3,0,8
844.8237650860101,4,47.5,0,0,1,3,4,0,8
845.8377499819617,4,20.5,0,0,0,3,1,0,4
846.8514865050092,4,42.75,0,0,0,3,0,0,3
847.8648258610046,4,0.0,1,0,0,3,0,0,3
848.878263644001,4,47.25,0,1,0,3,0,0,4
849.8922789909993,4,23.25,0,1,0,1,1,0,3
850.9059961689636,4,24.25,0,0,0,1,0,0,1
851.9199557469692,4,0.0,0,1,0,1,0,0,2
852.9334672929836,4,23.25,4,1,0,1,0,0,2
853.9470953599666,4,0.0,0,7,1,0,0,0,8
854.9610726310057,4,0.0,0,6,4,1,0,0,11
855.97435656999,4,0.0,0,5,6,2,0,0,13
856.9883488310152,4,44.75,0,4,5,4,0,0,13
858.0023797759786,4,12.5,0,6,2,7,0,0,15
859.0145241619903,4,20.25,1,7,1,8,0,0,16
860.0284194989945,4,34.5,0,4,6,4,1,1,16
861.0398677780177,4,29.25,0,4,2,8,0,0,14
862.0540896320017,4,94.75,0,0,5,6,0,3,14
863.0649399409886,4,49.75,0,0,5,6,0,2,13
864.0787192810094,4,70.5,0,0,3,6,0,0,9
865.0917766299681,4,37.0,0,1,2,7,0,0,10
866.1056069500046,4,35.25,0,1,0,9,0,0,10
867.117788966978,4,49.25,0,1,1,7,2,0,11
868.1307172309607,4,70.0,1,1,1,5,4,0,11
869.1444735599798,4,62.0,0,4,0,3,0,7,14
870.1585140539682,4,42.25,0,0,1,5,0,1,7
871.1719105970114,4,73.5,0,1,0,6,0,0,7
872.1812580929836,4,94.5,0,1,0,5,1,0,7
873.1941213060054,4,59.0,0,0,0,5,0,0,5
874.2070746009704,4,34.75,0,2,0,4,0,0,6
875.2163885639748,4,37.25,0,2,0,5,0,0,7
876.2286364219617,4,47.0,0,1,1,5,0,0,7
877.2400298009743,4,0.0,0,1,1,6,0,0,8
878.2542254260043,4,70.75,0,1,1,6,0,0,8
879.2650170669658,4,31.25,0,1,0,6,0,1,8
880.2789898529882,4,17.25,1,1,0,6,0,0,7
881.2914041740005,4,11.5,0,4,0,6,0,0,10
882.3059804950026,4,47.25,0,2,3,6,0,0,11
883.3194798799814,4,26.25,0,1,1,9,0,0,11
884.331241383974,4,45.75,0,2,1,6,0,0,9
885.344908353989,4,32.25,0,2,1,6,0,0,9
886.359278681979,4,65.0,0,0,2,5,0,0,7
887.3734005059814,4,72.0,0,0,1,6,0,0,7
888.387036133965,4,29.25,1,0,1,5,1,0,7
889.3998992359848,4,70.0,1,0,1,4,2,0,7
890.4139076430001,4,44.25,0,3,1,4,1,0,9
891.4280308890156,4,18.25,0,1,3,4,0,0,8
892.4413927670103,4,1.0,0,1,0,7,0,0,8
893.4556581479846,4,71.75,0,0,1,7,0,0,8
894.4697128040134,4,46.5,0,0,0,8,0,1,9
895.4833365199738,4,49.75,0,1,0,7,0,0,8
896.49868973298,4,25.75,0,1,1,7,0,0,9
897.5125000909902,4,47.5,2,1,1,6,1,0,9
898.5286544410046,4,71.5,1,2,1,5,2,0,10
899.5404938680003,4,62.5,0,3,1,5,0,1,10
900.552804875013,4,45.25,0,1,0,9,0,0,10
901.566483557981,4,55.25,0,3,0,8,1,0,12
902.5793378629605,4,70.25,0,3,0,6,3,0,12
903.5917669530027,4,34.75,0,0,2,4,0,0,6
904.605823942984,4,23.5,0,0,0,4,0,0,4
905.6184695769916,4,17.5,0,0,0,4,0,0,4
906.6323568510124,4,46.75,0,0,0,4,0,0,4
907.6457882300019,4,47.0,0,0,0,4,0,0,4
908.6587248659926,4,23.25,0,0,0,3,0,0,3
909.6722778999829,4,47.0,0,0,0,3,0,0,3
910.6862433989882,4,23.25,0,0,0,1,2,0,3
911.700118371984,4,22.5,0,0,0,0,0,0,0
912.7134704699856,4,0.0,0,1,0,0,0,0,1
913.7341443769983,4,50.0,0,0,0,2,0,0,2
914.7483664180036,4,47.25,0,0,0,2,0,0,2
915.7621287410147,4,46.5,0,1,0,2,0,0,3
916.7762882040115,4,44.5,0,2,1,2,0,0,5
917.7905838739825,4,23.25,0,0,1,4,0,0,5
918.8029915270163,4,47.75,1,0,0,4,1,0,5
919.8168769279728,4,22.25,0,1,1,4,0,0,6
920.8272623660159,4,34.75,0,1,1,5,0,0,7
921.8409889229806,4,69.75,1,1,1,5,0,0,7
922.854678380012,4,18.0,0,2,1,5,0,1,9
923.8687722239993,4,60.25,0,2,0,5,0,1,8
924.8824482579948,4,67.75,1,1,0,5,1,0,7
925.8961843199795,4,24.0,0,2,0,5,0,1,8
926.9101313030114,4,3.25,0,2,0,7,0,0,9
927.9227812960162,4,47.5,0,0,1,9,0,0,10
928.936583200004,4,53.5,0,0,0,10,0,0,10
929.9493259890005,4,94.0,0,0,0,8,2,0,10
930.9607015770162,4,93.25,0,1,0,7,0,2,10
931.974443760002,4,78.75,0,0,1,4,0,0,5
932.9889276789618,4,24.0,0,1,1,4,0,0,6
934.0010917640175,4,18.25,1,1,1,3,1,0,6
935.0160205019638,4,57.5,0,2,0,4,0,0,6
936.02643261099,4,27.0,0,2,0,4,0,0,6
937.0401676899637,4,44.5,0,0,2,3,0,1,6
938.0534125529812,4,41.25,0,0,0,4,0,0,4
939.0627325249952,4,29.75,0,0,0,4,0,0,4
940.0751364369644,4,22.75,0,1,0,4,0,0,5
941.0860020599794,4,32.0,0,2,0,2,0,1,5
942.1003754760022,4,11.5,0,0,2,2,0,0,4
943.1145217719604,4,46.5,0,0,1,3,0,0,4
944.12877789099,4,24.25,1,0,1,2,1,0,4
945.1418301959638,4,48.0,2,0,0,3,1,0,4
946.1557836299762,4,46.5,0,2,0,3,0,0,5
947.1701238550013,4,47.5,0,1,3,3,0,0,7
948.1843965249718,4,0.0,0,2,2,4,0,1,9
949.1959968819865,4,48.75,0,2,1,4,1,0,8
950.2097688859794,4,24.25,0,1,1,5,0,0,7
951.2237567419652,4,22.25,0,2,1,6,0,0,9
952.2379924529814,4,46.25,0,1,2,6,0,0,9
953.2497326830053,4,36.75,0,1,1,6,0,1,9
954.2636467589764,4,48.75,0,1,3,6,0,0,10
955.2762441419763,4,8.5,0,1,3,5,0,1,10
956.2896413580165,4,47.5,0,1,3,4,1,1,10
957.3024500950123,4,47.75,0,1,1,6,0,0,8
958.316249482974,4,57.25,0,0,1,6,0,0,7
959.3284832480131,4,72.25,1,1,0,7,0,0,8
960.3418685260112,4,71.75,0,1,1,6,0,0,8
961.3561330669909,4,45.75,0,1,2,6,0,0,9
962.3697398229851,4,62.5,0,0,0,7,0,1,8
963.3835686469683,4,50.5,0,0,0,6,1,0,7
964.3947452689754,4,70.75,0,0,0,6,0,0,6
965.4124158209888,4,15.5,1,0,1,5,0,1,7
966.4246330229798,4,23.25,3,0,1,3,2,1,7
967.4378444809699,4,34.25,0,3,0,4,0,0,7
968.4505050510052,4,34.25,0,0,1,6,0,0,7
969.4634113580105,4,24.0,0,0,0,5,2,0,7
970.4790093399934,4,47.25,0,0,0,3,4,0,7
971.4930309369811,4,46.5,0,0,1,2,0,0,3
972.5071734669618,4,48.75,0,1,0,2,0,0,3
973.5208875130047,4,0.0,0,1,1,2,0,0,4
974.5346181640052,4,24.25,0,1,0,2,1,0,4
975.5479117149953,4,46.75,0,1,0,2,0,1,4
976.5633687759982,4,49.0,0,2,2,2,0,0,6
977.5750965870102,4,37.0,0,1,1,4,0,0,6
978.5967981879949,4,23.5,0,2,0,4,0,0,6
979.6041414209758,4,46.75,0,2,0,4,0,0,6
980.6154523040168,4,23.5,1,0,0,6,0,0,6
981.629516215995,4,46.75,0,0,1,4,0,0,5
982.6433576889685,4,26.75,0,0,0,4,1,0,5
983.6556592959678,4,41.0,0,1,1,3,0,0,5
984.669067159004,4,9.75,0,1,0,4,0,0,5
985.6829819699633,4,69.75,0,1,0,4,0,0,5
986.696290280961,4,70.75,1,1,0,3,1,0,5
987.7088008259889,4,27.5,0,2,2,2,0,0,6
988.7223825780093,4,56.0,0,2,1,4,0,0,7
989.7320819990127,4,60.0,0,2,0,6,0,0,8
990.7461499699857,4,82.0,0,0,1,5,0,0,6
991.7600113179651,4,59.5,0,0,0,6,0,0,6
992.7737422329956,4,84.0,0,2,1,6,0,0,9
993.7877816510154,4,94.25,0,2,1,4,2,0,9
994.8015586119727,4,34.75,1,2,1,3,0,1,7
995.8158272189903,4,47.25,1,1,2,2,1,1,7
996.8228750790004,4,0.0,0,2,2,1,1,2,8
997.8354689059779,4,25.5,0,1,2,2,0,1,6
998.8499252150068,4,41.5,0,1,0,4,0,0,5
999.867173769977,4,52.5,0,2,0,3,0,1,6
1000.880658524984,4,36.25,0,2,0,5,0,0,7
1001.8982356750057,4,56.0,0,0,1,5,0,0,6
1002.9117335639894,4,47.5,0,0,0,6,0,0,6
1003.9252491120133,4,47.0,0,2,0,5,1,0,8
1004.9388408499653,4,96.0,0,1,0,7,0,0,8
1005.9528900950099,4,55.25,0,3,0,7,0,0,10
1006.9640998669784,4,70.5,0,0,1,9,0,0,10
1007.9779976059799,4,93.0,0,0,1,7,0,0,8
1008.9919212060049,4,86.5,0,1,0,8,0,0,9
1010.0040042430046,4,47.5,0,0,1,6,0,0,7
1011.0179496249766,4,46.25,0,1,0,7,0,0,8
1012.0318582509644,4,93.5,0,2,0,5,2,0,9
1013.0456278049969,4,70.0,0,0,1,6,0,0,7
1014.0593995109666,4,50.0,0,0,0,6,0,0,6
1015.0729859090061,4,70.75,0,0,0,5,0,0,5
1016.0867873000097,4,47.0,0,0,0,5,0,0,5
1017.0978328009951,4,24.0,0,0,0,3,1,0,4
1018.1119597259676,4,0.25,0,0,1,3,0,0,4
1019.1251565489802,4,39.25,0,0,0,4,0,0,4
1020.1389344119816,4,56.75,0,2,0,4,0,0,6
1021.1528039959958,4,21.0,0,0,1,4,0,0,5
1022.1662925729761,4,46.0,0,0,0,5,0,0,5
1023.183102414012,4,70.5,0,0,0,4,0,0,4
1024.197189666971,4,46.0,0,1,0,3,0,0,4
1025.211027138983,4,46.5,1,1,1,3,0,0,5
1026.2252587339608,4,44.75,0,1,0,4,1,0,6
1027.2371269720024,4,70.0,1,1,0,4,1,0,6
1028.2509452099912,4,47.0,0,3,0,3,0,0,6
1029.264672840014,4,23.5,0,0,1,5,0,0,6
1030.2781240479671,4,71.5,0,0,0,6,0,0,6
1031.289973461011,4,69.5,0,0,0,6,0,0,6
1032.303622410982,4,71.25,0,0,0,5,1,0,6
1033.3141886430094,4,70.25,0,0,0,5,0,0,5
1034.3265119930147,4,87.75,0,0,0,4,1,0,5
1035.3337956469622,4,70.75,0,0,0,3,0,0,3
1036.3485840709764,4,23.5,0,0,0,3,0,0,3
1037.3622310030041,4,26.75,0,0,0,1,0,0,1
1038.3759230159922,4,23.5,0,0,0,0,1,0,1
1039.3894760059775,4,0.0,1,0,0,0,0,1,1
1040.403157069988,4,0.0,0,0,1,0,0,0,1
1041.4144220390008,4,0.0,0,2,1,0,0,0,3
1042.4281457379693,4,0.0,0,2,2,0,0,0,4
1043.439739338006,4,0.0,0,0,1,3,0,0,4
1044.451909166004,4,47.25,0,0,1,3,0,0,4
1045.4639537360054,4,46.25,0,2,1,2,0,0,5
1046.4779730669688,4,0.0,0,2,1,3,0,0,6
1047.4920163360075,4,19.75,1,0,0,5,0,0,5
1048.5055850959616,4,48.0,0,0,1,5,0,0,6
1049.5193782859715,4,47.25,0,0,0,6,0,0,6
1050.532108334999,4,55.5,0,2,1,6,0,0,9
1051.546042151982,4,52.75,0,0,3,6,0,0,9
1052.5596336959861,4,44.75,0,0,2,6,0,1,9
1053.5713996900013,4,51.5,0,0,0,8,0,0,8
1054.583808671974,4,71.75,0,1,0,7,0,0,8
1055.5977241669898,4,70.0,0,0,2,6,0,0,8
1056.6113747420022,4,47.5,0,0,1,7,0,0,8
1057.6257121409872,4,49.5,0,3,0,7,0,0,10
1058.636966644961,4,53.75,0,1,1,6,0,1,9
1059.6485052370117,4,38.75,0,0,2,4,1,0,7
1060.6618429379887,4,69.75,0,0,2,4,1,0,7
1061.670650939981,4,69.5,1,0,2,2,3,0,7
1062.684549602971,4,47.0,1,1,3,2,0,0,6
1063.6985106869834,4,47.0,0,4,1,5,0,0,10
1064.7124506109976,4,62.0,1,4,1,5,0,0,10
1065.7226777679753,4,1.75,0,3,4,6,0,0,13
1066.7362163229845,4,49.0,0,5,1,9,1,0,16
1067.7486890319851,4,20.25,0,8,0,8,0,0,16
1068.7603360380162,4,25.0,5,4,4,8,0,0,16
1069.7714442099677,4,71.25,7,0,4,9,3,0,16
1070.7839855150087,4,90.5,14,0,3,8,0,5,16
1071.7980295129819,4,74.0,9,6,3,6,1,0,16
1072.8089205379947,4,33.5,10,7,1,8,0,0,16
1073.8217407939956,4,53.5,18,1,1,14,0,0,16
1074.8354341560043,4,70.5,18,7,0,9,0,0,16
1075.845065578993,4,28.5,18,8,2,6,0,0,16
1076.8588309889892,4,50.25,30,0,6,9,0,1,16
1077.87300657999,4,27.5,35,4,5,7,0,0,16
1078.8848486269708,4,69.25,37,3,4,8,1,0,16
1079.899972321,4,70.0,40,5,2,8,0,1,16
1080.9136163399671,4,70.0,39,5,5,4,1,1,16
1081.927437322971,4,28.75,37,1,9,6,0,0,16
1082.9387466880144,4,27.25,36,3,5,8,0,0,16
1083.9524591919617,4,33.25,35,2,4,9,1,0,16
1084.9665711179841,4,18.0,29,8,4,4,0,0,16
1085.9785852039931,4,46.5,28,8,4,4,0,0,16
1086.9917088499642,4,48.5,31,0,10,5,0,1,16
1088.005552313989,4,25.0,30,1,5,9,0,1,16
1089.0196805899614,4,79.0,28,4,1,7,4,0,16
1090.0335570269963,4,39.0,23,6,2,8,0,0,16
1091.0452451599995,4,24.0,25,3,4,9,0,0,16
1092.0587238809676,4,46.0,24,3,4,9,0,0,16
1093.072187450016,4,56.75,20,4,5,6,0,1,16
1094.0860432200134,4,50.0,23,2,6,8,0,0,16
1095.1000009739655,4,25.25,23,2,3,9,1,1,16
1096.1146688489825,4,21.5,19,2,7,6,1,0,16
1097.1287223270047,4,70.75,22,1,7,5,2,1,16
1098.1423345769872,4,23.75,19,5,3,8,0,0,16
1099.15629351401,4,88.25,18,1,6,9,0,0,16
1100.1687714330037,4,66.5,16,2,6,7,1,0,16
1101.1819410729804,4,95.5,17,2,6,5,3,0,16
1102.193884095992,4,94.0,14,3,7,6,0,0,16
1103.2058289179695,4,61.25,14,1,5,9,0,1,16
1104.2194167400012,4,76.0,12,1,7,7,0,1,16
1105.2331415250083,4,24.5,10,1,4,10,0,1,16
1106.247446630965,4,6.5,9,1,2,13,0,0,16
1107.261502423964,4,41.75,8,2,2,11,0,1,16
1108.2756148269982,4,48.75,7,4,0,11,1,0,16
1109.2883105939836,4,53.0,5,3,3,10,0,0,16
1110.3024048479856,4,74.5,4,0,5,11,0,0,16
1111.316462836985,4,61.0,5,0,3,13,0,0,16
1112.3304320590105,4,94.75,7,0,3,9,4,0,16
1113.3443163299817,4,80.25,0,6,3,7,0,0,16
1114.3578172929701,4,15.25,0,0,8,7,0,0,15
1115.3743865519646,4,70.75,0,2,5,9,0,0,16
1116.3880931530148,4,71.5,3,0,3,13,0,0,16
1117.4018314469722,4,59.25,6,0,2,14,0,0,16
1118.413700531004,4,84.0,3,3,1,12,0,0,16
1119.43015417899,4,34.0,1,5,2,9,0,0,16
1120.4446656209766,4,42.5,3,4,3,9,0,0,16
1121.458541792992,4,59.25,5,1,6,9,0,0,16
1122.4723421160015,4,71.75,5,1,5,9,0,1,16
1123.48384447,4,11.25,5,1,2,12,1,0,16
1124.497969190008,4,49.25,5,1,2,9,4,0,16
1125.5118555549998,4,23.0,0,5,1,10,0,0,16
1126.524924858997,4,69.25,0,3,1,7,3,0,14
1127.5387328079669,4,71.25,0,0,2,8,0,3,13
1128.5524700409733,4,79.0,0,0,1,8,0,0,9
1129.5667038210086,4,70.0,0,0,1,5,0,3,9
1130.580282031966,4,51.25,0,3,2,4,0,0,9
1131.5918404429685,4,23.0,0,1,5,5,0,0,11
1132.605564137979,4,46.75,1,3,3,7,0,0,13
1133.618178003002,4,47.75,1,3,3,5,1,1,13
1134.6317303680116,4,47.5,0,1,6,8,0,0,15
1135.639496513002,4,23.75,0,1,3,11,1,0,16
1136.653122979973,4,72.5,2,0,4,6,5,1,16
1137.6664225409622,4,48.5,0,5,4,5,0,0,14
1138.680522481969,4,51.25,0,7,2,5,0,0,14
1139.6943347619963,4,24.0,2,5,4,7,0,0,16
1140.7080698029604,4,69.5,3,3,6,5,2,0,16
1141.723641722987,4,54.5,3,3,7,5,0,1,16
1142.7356180429924,4,6.5,6,1,5,10,0,0,16
1143.747926476004,4,50.75,6,1,2,13,0,0,16
1144.760023919982,4,96.5,9,1,2,9,4,0,16
1145.7725126110017,4,93.25,10,0,2,8,4,2,16
1146.7850970369764,4,23.25,9,1,5,10,0,0,16
1147.7990359319956,4,46.75,8,1,5,10,0,0,16
1148.8130466889706,4,9.75,9,1,5,9,1,0,16
1149.8257478330052,4,59.75,5,5,3,8,0,0,16
1150.8396189679625,4,46.0,6,1,4,9,2,0,16
1151.8507305000094,4,71.25,7,1,4,6,5,0,16
1152.8626729449607,4,23.5,5,3,4,5,0,4,16
1153.8746800899971,4,36.0,1,2,6,8,0,0,16
1154.8883901709924,4,61.5,2,2,3,10,1,0,16
1155.9024168640026,4,82.25,1,5,3,6,1,1,16
1156.9165095519857,4,57.0,0,1,8,6,0,1,16
1157.9289901579614,4,57.5,0,0,6,8,0,1,15
1158.942569864972,4,25.5,1,2,2,12,0,0,16
1159.9565183600062,4,46.5,3,2,2,5,7,0,16
1160.9686735440046,4,45.75,0,6,3,5,0,1,15
1161.9825293989852,4,47.75,0,5,2,5,0,1,13
1162.9967805150081,4,30.0,0,4,2,5,0,0,11
1164.0076350810123,4,70.0,0,4,2,5,0,0,11
1165.0195648939698,4,20.0,0,0,2,9,0,0,11
1166.031496917014,4,68.75,0,0,0,9,0,0,9
1167.045461094007,4,36.25,0,1,0,7,0,0,8
1168.059936850972,4,69.25,0,1,0,5,2,0,8
1169.0710616279976,4,70.75,2,1,0,4,3,0,8
1170.0852443879703,4,70.25,0,2,0,5,0,1,8
1171.0988327959785,4,70.75,0,1,1,6,0,0,8
1172.1127454849775,4,66.75,0,2,1,7,0,0,10
1173.1263599679805,4,71.25,0,0,2,7,0,1,10
1174.1398800289608,4,72.25,0,0,0,7,1,1,9
1175.1548602689872,4,48.5,0,0,0,7,0,0,7
1176.1663452179637,4,23.25,0,0,0,5,1,0,6
1177.1805241769762,4,47.0,1,0,0,3,3,0,6
1178.1920994149987,4,46.75,2,0,0,3,0,3,6
1179.2065567829995,4,16.25,0,0,2,3,0,0,5
1180.2205588889774,4,23.25,0,0,1,3,0,0,4
1181.2346358280047,4,25.0,0,0,1,2,1,0,4
1182.2483393459697,4,23.5,0,1,1,2,0,0,4
1183.2621262129978,4,0.0,0,2,0,3,0,0,5
1184.2737764209742,4,23.75,0,1,0,5,0,0,6
1185.288787321013,4,7.5,0,1,0,4,1,0,6
1186.3024172299774,4,47.0,0,1,0,3,1,1,6
1187.3157821809873,4,24.0,0,1,0,3,1,1,6
1188.3296464649611,4,23.25,0,2,1,2,0,2,7
1189.3407929459936,4,23.0,0,1,2,3,0,0,6
1190.3546957279905,4,15.25,0,3,1,4,0,0,8
1191.3686752630165,4,42.75,0,1,2,6,0,0,9
1192.3826274559833,4,26.25,0,0,2,7,0,0,9
1193.396634217992,4,47.5,0,0,0,8,0,1,9
1194.4113757850137,4,55.0,1,2,0,8,0,0,10
1195.4219424069743,4,53.75,0,4,0,6,0,0,10
1196.4358033239841,4,47.5,0,0,3,7,0,0,10
1197.4498651939793,4,68.25,1,0,3,6,1,0,10
1198.4596285599982,4,93.75,3,0,2,6,0,2,10
1199.4695653769886,4,58.75,0,3,1,7,0,1,12
1200.4836408559931,4,83.75,0,1,2,7,2,0,12
1201.4958929260029,4,70.0,0,1,1,7,1,0,10
1202.5099179389654,4,51.5,0,0,1,7,0,1,9
1203.52175855299,4,45.5,0,0,0,6,0,0,6
1204.5353205180145,4,47.5,0,0,0,6,0,0,6
1205.5482171289623,4,47.75,0,0,0,5,1,0,6
1206.5607360450085,4,47.25,2,0,0,4,2,0,6
1207.57438327797,4,23.25,0,2,1,4,0,0,7
1208.5884543159627,4,48.25,0,0,0,7,0,0,7
1209.601927560987,4,24.0,0,0,0,5,1,0,6
1210.6157454089844,4,23.5,0,0,0,2,1,3,6
1211.629104727006,4,23.25,0,0,0,2,0,0,2
1212.6429152700002,4,23.25,0,2,0,1,0,0,3
1213.6568588319933,4,10.5,0,3,0,1,0,0,4
1214.6695289299823,4,23.25,0,3,0,1,0,0,4
1215.6835702309618,4,23.5,2,3,0,1,0,0,4
1216.6976645679679,4,24.75,0,2,1,2,0,0,5
1217.7116889199824,4,47.0,0,2,0,3,0,0,5
1218.7225479729823,4,50.0,0,1,1,3,0,0,5
1219.7363765820046,4,70.0,0,0,0,5,0,0,5
1220.7498914569733,4,23.5,0,1,0,4,1,0,6
1221.764022568008,4,34.5,0,1,1,3,0,0,5
1222.7776627299609,4,48.0,0,0,1,3,0,0,4
1223.7920234689955,4,53.25,0,1,0,5,0,0,6
1224.805300774984,4,47.0,0,0,0,6,0,0,6
1225.8187732599908,4,70.0,0,0,0,4,2,0,6
1226.832546657999,4,70.0,0,0,0,4,2,0,6
1227.8460117919603,4,70.0,0,0,0,4,0,0,4
1228.85765481001,4,47.0,0,0,1,2,0,0,3
1229.8714756370173,4,59.0,0,0,0,3,0,0,3
1230.8852844680077,4,69.5,0,1,0,3,0,0,4
1231.8979756130138,4,28.5,0,1,1,3,0,0,5
1232.9075811950024,4,47.0,1,1,0,2,2,0,5
1233.9203010759666,4,0.0,0,0,3,3,0,0,6
1234.9337951019988,4,72.25,0,0,0,6,0,0,6
1235.9477036530152,4,71.0,0,0,0,5,1,0,6
1236.9613098769914,4,66.5,0,1,0,4,2,0,7
1237.973225897993,4,47.0,1,1,0,4,1,1,7
1238.9869863310014,4,47.0,1,1,0,3,2,1,7
1239.9999663899653,4,22.25,0,2,0,3,1,0,6
1241.0143840590026,4,37.25,0,0,0,5,0,0,5
1242.0264366730116,4,62.0,0,0,0,5,0,0,5
1243.0411623649998,4,37.75,0,0,1,2,0,0,3
1244.054891961976,4,23.75,0,1,0,2,1,0,4
1245.0686989109963,4,46.75,0,1,0,2,1,0,4
1246.082938337,4,47.0,0,1,1,2,0,0,4
1247.0950033880072,4,34.25,0,1,2,3,0,0,6
1248.109257745964,4,23.5,0,0,2,4,0,0,6
1249.123117281997,4,92.5,0,0,0,6,0,0,6
1250.138045152009,4,49.5,0,0,0,5,0,0,5
1251.1497150500072,4,48.0,0,0,0,5,0,0,5
1252.1620554319816,4,41.5,0,0,0,5,0,0,5
1253.175612417981,4,70.5,0,0,0,5,0,0,5
1254.189618075965,4,47.5,2,0,0,3,2,0,5
1255.203301314963,4,40.5,0,1,2,2,0,0,5
1256.217297079973,4,25.0,0,1,0,5,0,0,6
1257.229358143988,4,65.0,0,0,1,4,0,0,5
1258.2434802239877,4,71.0,0,0,1,2,2,0,5
1259.2555973869748,4,23.25,1,0,1,2,0,0,3
1260.2697662439896,4,43.75,0,3,0,3,0,0,6
1261.2847876860178,4,24.25,0,3,0,2,0,0,5
1262.2986356639885,4,23.0,0,3,0,2,0,0,5
1263.3124662789633,4,23.25,1,3,0,2,0,0,5
1264.3263494549901,4,0.0,0,4,2,3,0,0,9
1265.3404856380075,4,19.5,0,4,1,4,0,0,9
1266.35205683799,4,4.75,0,0,2,5,0,1,8
1267.3635950739845,4,23.25,0,0,0,6,0,0,6
1268.37765997299,4,70.25,0,1,0,6,0,0,7
1269.3899872259935,4,0.0,0,0,0,7,0,0,7
1270.4053842470166,4,52.5,0,2,0,7,0,0,9
1271.4187558119884,4,28.25,0,1,1,6,0,0,8
1272.427661152964,4,59.0,0,2,1,6,1,0,10
1273.44006858801,4,71.5,0,0,2,7,0,0,9
1274.4538027329836,4,55.0,0,0,1,7,0,0,8
1275.466102559003,4,48.0,1,0,1,5,2,0,8
1276.482962087961,4,46.5,2,0,1,4,3,0,8
1277.4967609809828,4,48.25,0,3,0,4,0,0,7
1278.5107560210163,4,71.25,0,0,1,5,0,0,6
1279.522790554969,4,46.75,1,0,0,6,0,0,6
1280.536671875976,4,71.75,0,1,0,5,0,0,6
1281.54785708501,4,48.75,0,1,0,6,0,0,7
1282.5624834449845,4,40.0,0,2,1,6,1,0,10
1283.5743397219921,4,53.75,0,1,2,6,1,0,10
1284.593484292971,4,26.75,0,2,0,9,0,0,11
1285.6066710469895,4,43.25,0,1,1,8,0,1,11
1286.6197594999685,4,35.0,0,2,1,8,1,0,12
1287.6320658419863,4,70.25,0,1,1,7,2,0,11
1288.6451918869861,4,70.0,0,1,1,5,4,0,11
1289.6575483069755,4,70.5,2,1,1,5,3,1,11
1290.6684569260105,4,64.75,0,1,1,7,0,0,9
1291.6823595300084,4,93.5,0,1,0,7,0,1,9
1292.6960144299665,4,57.0,0,0,1,7,0,0,8
1293.7099125480163,4,67.5,0,1,0,6,1,0,8
1294.718273144972,4,23.5,0,1,0,5,1,1,8
1295.7302197209792,4,32.5,0,3,0,4,1,1,9
1296.744118292001,4,58.75,0,1,1,4,2,0,8
1297.755737895961,4,96.0,0,0,0,6,0,0,6
1298.768569101987,4,36.5,0,0,0,5,0,0,5
1299.782932403963,4,93.5,0,0,0,5,0,0,5
1300.7967528000008,4,70.5,0,0,0,3,2,0,5
1301.809057616978,4,46.75,0,1,0,3,0,0,4
1302.8219661649782,4,23.5,0,1,0,4,0,0,5
1303.8356648929766,4,81.75,0,0,1,3,1,0,5
1304.8471140699694,4,44.75,0,3,0,4,0,0,7
1305.8615671939915,4,41.75,0,3,0,5,1,0,9
1306.8755299419863,4,64.75,0,3,0,4,2,0,9
1307.8873882140033,4,5.25,0,1,1,5,0,1,8
1308.8986732669873,4,58.5,0,1,0,6,0,0,7
1309.9128199589904,4,48.0,0,0,0,7,0,0,7
1310.9267631549737,4,47.5,1,0,0,5,2,0,7
1311.9406666029827,4,16.75,0,3,0,5,0,0,8
1312.9554812139831,4,6.5,0,0,0,8,0,0,8
1313.966596031969,4,54.0,0,0,0,7,0,0,7
1314.9755073239794,4,70.0,0,0,0,7,0,0,7
1315.9894238580018,4,69.0,1,0,0,4,0,3,7
1317.0032339249738,4,33.25,0,3,1,5,0,0,9
1318.0144698019722,4,60.25,0,4,0,6,0,0,10
1319.0255257950048,4,0.0,0,2,1,5,0,1,9
1320.0394826459815,4,22.75,0,0,2,4,0,0,6
1321.0506186870043,4,0.0,0,2,0,5,0,0,7
1322.0636927729938,4,47.0,0,2,1,4,0,0,7
1323.0774597220006,4,57.5,0,3,1,5,0,1,10
1324.091269882978,4,67.75,0,1,2,6,0,0,9
1325.104954370996,4,26.25,1,2,1,8,0,0,11
1326.1189244340057,4,94.25,2,2,1,7,1,0,11
1327.1327582760132,4,43.5,0,3,2,8,0,0,13
1328.1422886729706,4,35.25,0,1,2,8,0,0,11
1329.1538712689653,4,22.5,0,2,2,4,1,1,10
1330.1676815539831,4,41.25,0,4,1,7,0,0,12
1331.181350667961,4,64.5,0,2,4,6,0,1,13
1332.1956523800036,4,70.25,0,1,1,9,0,0,11
1333.209410314972,4,49.75,0,1,1,8,0,1,11
1334.223431936989,4,46.75,6,1,1,5,3,1,11
1335.237229131977,4,71.0,2,6,1,4,0,5,16
1336.2521106490167,4,0.0,0,6,4,6,0,0,16
1337.2674845599686,4,48.75,3,1,5,10,0,0,16
1338.2812117359717,4,16.0,6,0,6,6,2,2,16
1339.292903108988,4,27.0,2,4,3,9,0,0,16
1340.3064642449608,4,36.75,6,0,5,10,1,0,16
1341.321036592999,4,95.25,3,4,4,8,0,0,16
1342.3349303730065,4,8.75,4,4,3,7,2,0,16
1343.3483198399772,4,69.0,8,4,3,3,6,0,16
1344.3623918599915,4,70.25,4,7,4,3,0,2,16
1345.3760513250018,4,23.25,2,2,6,7,0,1,16
1346.3896710649715,4,1.5,1,3,4,9,0,0,16
1347.403622023994,4,48.5,4,3,2,7,4,0,16
1348.4159573320067,4,69.0,1,5,5,4,0,2,16
1349.4304497260018,4,34.75,0,1,4,9,1,0,15
1350.4435054499772,4,49.0,0,1,3,9,1,0,14
1351.457464764011,4,29.25,3,1,2,5,3,3,14
1352.4697666040156,4,72.0,3,3,1,4,2,6,16
1353.4835340919672,4,70.25,5,3,1,4,2,6,16
1354.4971390459687,4,44.25,0,4,3,6,0,1,14
1355.5109564589802,4,79.25,0,3,1,9,1,0,14
1356.5223944159807,4,76.5,1,1,1,7,4,1,14
1357.5348881320097,4,45.5,2,2,2,5,0,7,16
1358.5491927670082,4,3.0,0,0,3,6,0,0,9
1359.5624575929833,4,46.5,0,1,4,6,0,0,11
1360.5762487630127,4,69.5,0,1,1,8,1,0,11
1361.5900869459729,4,71.75,0,1,1,2,7,0,11
1362.603541938006,4,23.5,1,1,1,0,9,0,11
1363.615949961997,4,0.0,0,2,3,0,0,0,5
1364.628696271975,4,11.5,0,3,0,3,0,0,6
1365.6422582389787,4,50.5,0,3,1,5,0,0,9
1366.6559015449602,4,72.0,1,3,1,4,1,0,9
1367.6703795869835,4,46.0,0,0,4,5,0,0,9
1368.6840289849788,4,50.5,0,1,2,6,0,0,9
1369.69794512901,4,45.0,1,3,1,7,0,0,11
1370.7115478069754,4,70.25,1,3,1,7,0,0,11
1371.725697671005,4,69.75,1,3,1,5,2,0,11
1372.738428918994,4,59.25,0,4,2,4,0,0,10
1373.7528131449944,4,69.75,0,4,1,3,0,1,9
1374.7637098219711,4,13.25,0,2,3,4,0,0,9
1375.77779775596,4,70.75,0,5,2,4,0,1,12
1376.7899059109623,4,35.5,0,0,3,7,0,0,10
1377.8038836559863,4,88.75,0,0,0,10,0,0,10
1378.8146711100126,4,52.25,0,0,0,10,0,0,10
1379.8359498059726,4,90.0,0,1,1,9,0,0,11
1380.8501432539779,4,48.25,1,3,1,9,0,0,13
1381.8609591259737,4,93.5,1,3,1,7,2,0,13
1382.872869940009,4,47.0,0,5,1,7,0,0,13
1383.886855262972,4,68.25,0,0,4,6,0,0,10
1384.9007358209928,4,70.0,0,0,3,7,0,0,10
1385.9130712609622,4,70.0,2,0,3,6,1,0,10
1386.9270936659887,4,50.25,0,4,2,3,0,0,9
1387.939410262974,4,48.0,0,3,3,6,0,0,12
1388.9503681170172,4,54.75,0,4,2,6,0,1,13
1389.9590326939942,4,46.25,0,2,1,7,1,0,11
1390.9708981959848,4,69.0,0,0,3,9,0,0,12
1391.9835362790036,4,55.5,4,0,2,6,4,0,12
1392.9974100589752,4,70.25,8,0,2,3,7,0,12
1394.0115278249723,4,24.75,0,7,3,3,0,0,13
1395.025544335018,4,6.25,0,3,7,6,0,0,16
1396.0375480169896,4,51.75,0,1,3,10,1,0,15
1397.0500845090137,4,96.25,0,0,0,12,0,0,12
1398.0641451950069,4,57.5,1,0,0,7,0,1,8
1399.0780074989889,4,94.25,1,0,0,5,2,1,8
1400.0903978290153,4,64.5,0,4,1,3,0,0,8
1401.1027966850088,4,47.0,0,1,3,5,0,0,9
1402.1148727220134,4,59.25,0,1,3,6,0,0,10
1403.1259039969882,4,94.75,1,1,2,5,2,0,10
1404.1385562479845,4,70.0,2,1,2,3,4,0,10
1405.1507613849826,4,28.5,0,2,3,3,0,0,8
1406.163189142011,4,50.0,0,0,1,7,0,0,8
1407.1746541869943,4,61.25,0,1,0,7,1,0,9
1408.1883623030153,4,93.5,1,1,0,5,3,0,9
1409.2011577140074,4,54.0,0,3,0,5,0,0,8
1410.2148230019957,4,50.25,0,0,2,5,1,0,8
1411.2285147340153,4,89.25,0,0,0,7,0,0,7
1412.2427021840122,4,95.25,1,0,0,7,0,0,7
1413.2583889869857,4,94.75,3,0,0,5,2,0,7
1414.2723370409803,4,93.0,0,4,0,4,1,2,11
1415.2836407719878,4,55.0,0,0,1,7,0,0,8
1416.2961434060126,4,47.5,0,1,0,8,0,0,9
1417.3098026280059,4,71.25,1,1,0,8,0,0,9
1418.3238050749642,4,51.25,0,2,2,7,0,1,12
1419.3372669179807,4,17.75,0,1,1,9,0,1,12
1420.3512831400149,4,58.0,0,0,1,10,0,0,11
1421.3654820490046,4,36.75,0,1,0,9,0,2,12
1422.3790673929616,4,19.0,0,1,1,9,0,0,11
1423.3910733810044,4,2.25,0,2,0,9,0,2,13
1424.4028812299948,4,47.5,0,0,1,10,0,0,11
1425.4168123989948,4,71.75,0,0,0,11,0,0,11
1426.4291374339955,4,94.0,2,0,0,9,2,0,11
1427.4436621959903,4,86.0,0,3,0,9,0,0,12
1428.4545864309766,4,24.0,0,1,2,8,1,0,12
1429.467493914999,4,95.25,0,1,0,8,1,1,11
1430.481449280982,4,66.75,0,0,1,9,0,0,10
1431.491657074017,4,25.25,0,2,3,10,1,0,16
1432.5057655840064,4,49.75,1,4,0,12,0,0,16
1433.5171361109824,4,57.75,1,1,0,12,2,1,16
1434.5249534739996,4,95.0,0,2,1,10,1,0,14
1435.5388643869665,4,88.25,0,3,0,8,4,0,15
1436.5517758079804,4,47.75,0,4,3,7,0,1,15
1437.5636411429732,4,70.75,0,6,2,5,0,0,13
1438.5772908980143,4,1.0,1,3,3,10,0,0,16
1439.5941111519933,4,47.5,2,0,2,12,1,1,16
1440.6084489719942,4,57.5,0,5,1,8,1,0,15
1441.6219902309822,4,73.5,0,0,2,11,0,0,13
1442.6358445879887,4,84.5,0,0,0,6,1,1,8
1443.6463568339823,4,46.75,0,3,0,5,0,0,8
1444.6603352559614,4,70.25,4,3,0,3,2,0,8
1445.6738308870117,4,23.5,4,3,0,1,4,0,8
1446.684584365983,4,23.5,0,6,1,3,0,0,10
1447.6969222609769,4,45.0,0,3,7,6,0,0,16
1448.7094156699604,4,23.25,1,0,6,9,1,0,16
1449.722349956981,4,56.5,0,2,4,8,0,1,15
1450.7362644849927,4,60.5,0,1,3,9,0,0,13
1451.7495384520153,4,63.25,1,3,1,9,1,1,15
1452.7607839519624,4,53.25,0,5,0,6,4,1,16
1453.7746003830107,4,46.5,0,4,5,5,0,1,15
1454.78640404396,4,24.25,2,4,4,6,0,0,14
1455.798424581997,4,93.5,3,4,3,5,2,0,14
1456.8092919689952,4,94.0,2,6,2,6,0,2,16
1457.8233506839606,4,20.75,0,4,4,7,0,0,15
1458.8363444409915,4,62.5,0,2,5,8,0,0,15
1459.850300535967,4,96.75,0,2,3,8,2,0,15
1460.8638394940062,4,74.0,0,0,4,4,0,3,11
1461.8774636969902,4,47.75,0,0,2,5,0,0,7
1462.8894999439945,4,59.75,0,0,0,4,0,1,5
1463.9010743430117,4,55.5,2,0,0,4,0,0,4
1464.9128850739799,4,46.75,5,0,0,3,1,0,4
1465.9258149779635,4,46.75,9,0,0,1,3,0,4
1466.9396558859735,4,23.25,0,10,0,1,0,0,11
1467.9536626769695,4,1.25,0,2,8,3,0,0,13
1468.9672329009627,4,23.5,1,2,5,5,0,0,12
1469.9749031320098,4,70.5,1,2,4,4,2,0,12
1470.9888350759866,4,23.25,0,1,4,5,0,0,10
1472.002530571015,4,40.5,0,0,1,9,0,0,10
1473.0161231409875,4,32.75,0,0,0,8,2,0,10
1474.0299494609935,4,71.0,7,0,0,6,4,0,10
1475.0429067689693,4,70.75,10,0,0,6,4,0,10
1476.0560285960091,4,47.75,0,8,2,4,0,0,14
1477.0675375229912,4,7.0,1,2,6,8,0,0,16
1478.0815369290067,4,48.25,1,2,4,9,1,0,16
1479.093591989018,4,69.0,4,2,4,4,5,1,16
1480.1113612639601,4,46.75,0,5,5,4,0,2,16
1481.1238818810089,4,14.0,0,0,5,8,0,2,15
1482.1359601930017,4,64.5,0,0,1,12,0,0,13
1483.1503732649726,4,23.75,0,1,0,11,0,2,14
1484.1634999969974,4,71.25,0,0,0,7,0,0,7
1485.1755105899647,4,65.0,2,0,0,7,0,0,7
1486.1888204319985,4,94.25,4,0,0,6,1,0,7
1487.2019992449787,4,71.5,6,0,0,4,3,0,7
1488.2157919139718,4,38.25,0,6,0,4,0,0,10
1489.2302984779817,4,46.5,0,2,5,4,0,0,11
1490.2416807080153,4,14.5,0,2,3,6,0,1,12
1491.2557743689977,4,46.75,0,2,2,6,0,0,10
1492.2694219580153,4,40.25,0,2,1,7,0,0,10
1493.2843995669973,4,70.0,0,1,3,3,0,4,11
1494.2979164110147,4,23.25,0,3,2,4,0,0,9
1495.3114757239819,4,47.0,1,3,2,4,0,0,9
1496.3239485369995,4,46.75,0,4,1,5,0,0,10
1497.3360529380152,4,26.0,0,4,2,5,0,0,11
1498.3494030099828,4,55.25,0,0,3,8,0,0,11
1499.3616535220062,4,45.0,1,0,2,9,0,0,11
1500.3757648270112,4,73.0,0,0,2,11,0,0,13
1501.387881010014,4,67.75,1,0,2,9,2,0,13
1502.4002069339622,4,71.5,0,2,1,8,0,1,12
1503.4126865729922,4,23.75,0,2,1,7,1,1,12
1504.4264790629968,4,95.25,0,2,1,6,2,1,12
1505.4407967759762,4,94.0,0,1,1,5,0,3,10
1506.4545568350004,4,59.0,0,0,1,6,0,0,7
1507.468570151017,4,47.25,0,1,3,5,0,0,9
1508.4806746949907,4,42.5,1,0,2,5,2,0,9
1509.494146712008,4,92.25,0,2,1,5,0,0,8
1510.5066555489902,4,54.25,0,1,2,6,0,0,9
1511.5206217269879,4,71.25,0,0,1,6,0,1,8
1512.5312645200174,4,48.25,0,0,0,6,1,1,8
1513.5448098829947,4,46.75,0,0,0,4,1,0,5
1514.5585441750009,4,47.0,0,0,0,3,1,0,4
1515.5723907260108,4,47.25,0,0,0,3,1,0,4
1516.5859408219694,4,47.25,1,0,0,2,0,0,2
1517.599866828008,4,53.0,0,1,1,3,0,0,5
1518.6094513729913,4,29.25,0,1,1,4,0,0,6
1519.623391487985,4,34.5,0,2,0,4,0,1,7
1520.6353870999883,4,24.0,0,3,1,5,0,0,9
1521.6442950110068,4,70.75,0,2,1,4,1,0,8
1522.652509056963,4,21.75,0,0,3,4,0,1,8
1523.6665648049675,4,70.0,0,0,1,5,1,1,8
1524.6775142700062,4,45.25,0,0,0,6,0,0,6
1525.6913176620146,4,70.0,1,0,0,4,2,0,6
1526.7043807579903,4,70.25,2,0,0,4,2,0,6
1527.716699511977,4,46.5,0,0,0,5,0,1,6
1528.730867826962,4,95.25,0,1,0,5,0,0,6
1529.7435251629795,4,27.0,2,1,0,4,1,0,6
1530.7577956719906,4,70.25,3,1,0,4,1,0,6
1531.7683649489773,4,37.75,0,5,0,3,0,1,9
1532.782491758,4,20.25,0,5,0,2,0,0,7
1533.7960463109775,4,39.75,0,5,0,2,0,0,7
1534.8100659149932,4,23.25,0,2,3,2,0,1,8
1535.826570730016,4,46.75,0,2,4,2,0,0,8
1536.839075427968,4,26.25,0,2,1,5,0,0,8
1537.8527527229744,4,46.25,2,2,0,5,0,1,8
1538.866360215994,4,24.25,0,0,3,6,0,0,9
1539.878748585994,4,47.75,0,1,1,8,0,0,10
1540.8922671359614,4,72.0,0,2,0,7,1,0,10
1541.908285389014,4,70.5,1,2,0,5,3,0,10
1542.9200721009984,4,19.25,0,2,1,5,0,0,8
1543.9339301979635,4,56.75,0,4,1,5,0,0,10
1544.9452721459675,4,3.0,0,2,1,7,0,0,10
1545.9594671719824,4,93.75,0,2,0,7,0,2,11
1546.971045400016,4,39.25,0,1,1,8,0,0,10
1547.9846649389947,4,81.75,0,0,0,8,1,0,9
1548.9964121619705,4,39.25,0,0,0,8,0,0,8
1550.00769485801,4,94.5,1,0,0,4,4,0,8
1551.021435216011,4,70.0,3,0,0,3,5,0,8
1552.0339973649825,4,54.5,0,1,5,2,0,0,8
1553.0475649170112,4,23.0,0,1,3,5,0,0,9
1554.061477056006,4,25.0,0,1,1,6,2,0,10
1555.0746034529875,4,70.5,1,1,1,4,2,2,10
1556.0884534770157,4,47.5,0,6,0,5,0,0,11
1557.1023940069717,4,38.75,0,3,1,7,1,0,12
1558.1155153159634,4,70.0,1,4,0,5,1,0,10
1559.131208818988,4,66.25,3,5,0,4,2,0,11
1560.145035790978,4,69.25,4,3,1,3,2,2,11
1561.1587204160169,4,36.25,0,8,1,2,0,1,12
1562.1726838609902,4,2.0,0,1,6,5,0,0,12
1563.1857442029868,4,1.0,0,3,3,7,1,0,14
1564.2001216069912,4,33.25,1,0,1,10,0,0,11
1565.2137661619927,4,7.75,0,1,1,9,0,0,11
1566.2250910570147,4,48.25,0,0,1,8,0,1,10
1567.2361505769659,4,47.5,2,0,0,6,2,0,8
1568.2501038439805,4,38.0,0,2,0,5,0,0,7
1569.2586509640096,4,17.0,0,3,0,6,0,0,9
1570.272520835977,4,34.75,0,0,2,7,0,0,9
1571.2866606989992,4,70.5,1,0,2,6,1,0,9
1572.2990257259808,4,66.5,0,2,1,6,0,1,10
1573.3121810010052,4,70.25,0,1,1,4,0,0,6
1574.3246223279857,4,94.5,0,0,1,5,0,0,6
1575.3374305099715,4,70.0,0,3,1,3,0,0,7
1576.3510536839603,4,32.75,0,0,3,4,0,0,7
1577.3647345619975,4,71.75,0,2,2,4,0,0,8
1578.3786679629702,4,69.25,1,3,2,4,0,0,9
1579.3909356399672,4,47.0,1,3,2,3,1,0,9
1580.4034839979722,4,46.75,2,3,2,1,3,0,9
1581.4153829150018,4,23.25,0,3,5,1,0,1,10
1582.4288729939726,4,27.0,0,2,2,5,0,0,9
1583.4441277639708,4,62.75,0,0,2,7,0,0,9
1584.4571639630012,4,94.25,2,0,2,4,3,0,9
1585.46998296096,4,47.5,2,0,2,3,4,0,9
1586.4829941520002,4,23.5,0,0,3,3,0,1,7
1587.4965964209987,4,26.0,0,2,0,5,0,0,7
1588.505691770988,4,57.5,0,1,0,6,0,0,7
1589.517622454965,4,34.75,0,1,1,5,0,0,7
1590.5314503560076,4,25.25,1,0,1,4,1,0,6
1591.5426642739912,4,23.0,0,0,3,5,0,0,8
1592.5558355599642,4,47.5,0,0,1,7,0,0,8
1593.5692812509951,4,47.75,3,0,1,7,0,0,8
1594.5816165870056,4,71.25,5,0,1,7,0,0,8
1595.5953191230074,4,31.75,0,5,0,5,0,0,10
1596.6081715839682,4,18.75,0,1,1,8,0,0,10
1597.6201462610043,4,69.5,0,0,1,9,0,0,10
1598.632951091975,4,95.0,0,0,0,7,3,0,10
1599.6465674589854,4,41.5,0,2,0,4,0,0,6
1600.657363805978,4,72.25,0,0,2,4,0,0,6
1601.6708185769967,4,22.25,0,1,0,6,0,0,7
1602.684728385997,4,70.5,1,1,0,4,2,0,7
1603.6966141929734,4,61.0,2,1,1,4,0,1,7
1604.7107275250019,4,28.0,0,3,1,4,0,0,8
1605.7244203519658,4,46.5,0,0,0,7,0,0,7
1606.7379651989904,4,51.25,0,1,0,6,0,0,7
1607.7515022520092,4,70.0,2,1,0,4,1,1,7
1608.765385035018,4,71.25,0,4,0,5,0,0,9
1609.7776510749827,4,37.0,0,2,2,4,0,0,8
1610.785726572969,4,47.25,0,3,1,5,0,0,9
1611.8017332769814,4,72.0,0,2,1,6,0,1,10
1612.8157624430023,4,48.5,0,1,1,8,0,0,10
1613.827292433998,4,64.75,0,0,0,8,0,0,8
1614.8417933890014,4,39.5,0,4,3,6,0,0,13
1615.856067923014,4,48.0,0,3,3,5,1,1,13
1616.8696540499805,4,0.0,0,1,4,9,0,0,14
1617.8835468440084,4,69.0,0,1,2,5,0,0,8
1618.897112798004,4,32.75,0,0,1,6,0,0,7
1619.9093107109657,4,46.75,0,1,0,5,0,0,6
1620.9206851599738,4,34.5,0,2,0,3,2,0,7
1621.9347122939653,4,23.25,0,0,2,2,2,0,6
1622.9462889509741,4,47.0,4,0,2,2,2,0,6
1623.9585486439755,4,47.0,0,5,2,2,0,1,10
1624.9709886329947,4,47.25,0,2,6,4,0,0,12
1625.9828865039744,4,1.25,0,5,1,10,0,0,16
1626.9946314679692,4,24.25,1,4,2,9,1,0,16
1628.006149643974,4,41.5,0,2,5,6,1,0,14
1629.0204671839601,4,47.5,0,2,2,8,0,0,12
1630.0321585389902,4,21.75,0,2,2,8,0,0,12
1631.045941689983,4,69.5,2,2,2,6,2,0,12
1632.0599331909907,4,53.25,0,6,2,5,0,3,16
1633.068681203993,4,95.5,0,7,1,6,0,0,14
1634.0826016059727,4,18.0,0,1,7,6,0,0,14
1635.0964981740108,4,32.75,0,1,5,7,1,0,14
1636.110253884981,4,72.5,0,0,1,10,0,0,11
1637.1247466289788,4,94.75,0,0,0,7,0,0,7
1638.1407405450009,4,79.75,0,0,0,6,0,0,6
1639.1545169429737,4,94.0,0,0,0,5,1,0,6
1640.1672868200112,4,46.75,1,0,0,3,3,0,6
1641.1805232259794,4,46.5,1,0,0,2,4,0,6
1642.1942293409957,4,40.75,0,0,0,3,0,0,3
1643.206190702971,4,46.25,0,0,0,2,0,0,2
1644.2162315300084,4,16.75,2,0,0,2,0,0,2
1645.2265495429747,4,39.25,4,0,0,1,1,0,2
1646.2384569349815,4,23.25,0,3,4,1,0,0,8
1647.2522762599983,4,8.75,1,5,2,3,0,0,10
1648.2647633060114,4,48.25,0,4,1,7,0,0,12
1649.2784706529928,4,0.0,1,2,2,8,0,0,12
1650.2919646329829,4,59.0,0,4,0,6,0,1,11
1651.306277116004,4,30.25,0,4,2,7,0,1,14
1652.3197034879704,4,46.5,0,1,2,8,0,1,12
1653.333584057982,4,48.75,1,0,3,3,2,1,9
1654.3496511169942,4,71.5,0,2,5,4,0,1,12
1655.3629474209738,4,0.0,0,5,5,6,0,0,16
1656.3748625809676,4,22.5,2,3,3,10,0,0,16
1657.3887057880056,4,67.5,2,3,3,7,3,0,16
1658.4010902040172,4,85.25,5,1,4,7,0,4,16
1659.4149723629816,4,0.0,2,4,3,7,1,1,16
1660.4262999669882,4,46.5,0,4,6,6,0,0,16
1661.4400061509805,4,54.25,3,2,6,6,2,0,16
1662.4555425129947,4,72.25,2,3,4,9,0,0,16
1663.469173992984,4,44.25,2,2,3,10,0,1,16
1664.482946546981,4,93.5,2,2,3,4,6,1,16
1665.494896182965,4,47.0,5,2,3,4,6,1,16
1666.5088158569997,4,22.75,0,9,3,2,0,0,14
1667.5223686929676,4,8.5,0,3,5,6,0,0,14
1668.5346684699762,4,49.0,0,2,5,8,0,0,15
1669.5476834750152,4,47.25,0,2,4,5,2,1,14
1670.5610610709991,4,59.5,0,2,2,7,0,0,11
1671.5746226480114,4,70.25,0,2,0,11,0,0,13
1672.5889664199785,4,47.25,0,0,2,8,1,0,11
1673.5996081579942,4,68.5,3,0,2,5,4,0,11
1674.611756060971,4,69.75,3,0,2,2,7,0,11
1675.6233719129814,4,3.0,0,6,2,2,0,0,10
1676.63735301001,4,23.75,0,1,3,6,0,0,10
1677.6509511999902,4,69.75,0,2,1,8,0,0,11
1678.6638121299911,4,72.25,0,5,1,6,0,2,14
1679.6776442310074,4,40.75,0,3,2,7,0,0,12
1680.6915939379833,4,46.5,0,1,3,8,0,0,12
1681.7054096700158,4,24.0,0,1,0,11,1,0,13
1682.7193609820097,4,92.25,2,1,0,8,4,0,13
1683.7329936010065,4,70.0,4,1,0,6,6,0,13
1684.744923388993,4,70.0,0,7,0,5,0,3,15
1685.758842625015,4,0.0,0,1,7,5,0,0,13
1686.7723818169907,4,77.75,0,0,1,12,0,0,13
1687.786189935985,4,73.25,2,0,0,5,5,1,11
1688.799930615991,4,28.5,0,2,1,3,0,0,6
1689.8127938620164,4,68.75,0,0,1,4,1,0,6
1690.8264101559762,4,71.5,0,1,0,5,0,0,6
1691.8398545639939,4,93.5,3,1,0,4,1,0,6
1692.852317426994,4,94.0,8,1,0,4,1,0,6
1693.8632798870094,4,90.5,3,11,0,4,0,1,16
1694.8750992789865,4,0.0,7,7,3,6,0,0,16
1695.8893960170099,4,23.25,8,4,3,9,0,0,16
1696.9065995829878,4,72.25,12,2,2,8,2,2,16
1697.9201612650068,4,32.5,13,6,1,9,0,0,16
1698.9332398049883,4,67.0,13,4,3,4,1,4,16
1699.9476548049715,4,25.0,7,7,6,2,0,1,16
1700.9635460429708,4,9.75,6,6,4,6,0,0,16
1701.974375063961,4,27.5,6,0,5,9,1,1,16
1702.9884081020136,4,52.5,0,6,2,8,0,0,16
1704.0007281269645,4,43.0,0,1,6,9,0,0,16
1705.011879105994,4,58.25,3,1,4,8,3,0,16
1706.0230225219857,4,70.25,3,1,4,4,7,0,16
1707.040265447984,4,46.75,0,6,2,5,0,1,14
1708.0525586379808,4,23.5,0,2,4,10,0,0,16
1709.0652544230106,4,84.25,3,1,3,11,0,1,16
1710.0779846889782,4,94.0,5,1,3,10,2,0,16
1711.0914729519864,4,54.0,10,2,3,10,0,1,16
1712.104299143015,4,28.0,12,4,1,9,0,2,16
1713.1179288540152,4,39.25,12,3,3,10,0,0,16
1714.1291334489943,4,68.0,12,1,4,10,1,0,16
1715.142341158993,4,68.25,12,1,3,7,4,1,16
1716.156483898987,4,70.5,9,6,2,6,0,2,16
1717.1704005209613,4,46.5,6,8,4,4,0,0,16
1718.1845832230174,4,21.75,6,1,9,6,0,0,16
1719.196723660978,4,22.5,5,2,5,8,0,1,16
1720.2109981370158,4,36.75,8,3,1,11,0,1,16
1721.2252419959987,4,73.5,6,9,1,3,0,3,16
1722.2397205199813,4,11.0,5,3,7,6,0,0,16
1723.2540940779727,4,22.75,4,1,4,11,0,0,16
1724.26800615096,4,46.75,8,1,3,9,3,0,16
1725.2813887359807,4,72.0,9,0,3,7,0,6,16
1726.294895316998,4,24.5,4,5,3,6,1,1,16
1727.3093250980019,4,55.5,1,6,4,6,0,0,16
1728.3233927579713,4,0.0,1,0,5,11,0,0,16
1729.3361851529917,4,49.5,0,2,1,13,0,0,16
1730.3507921840064,4,56.5,0,2,2,9,0,0,13
1731.3643437519786,4,48.5,2,2,2,7,2,1,14
1732.3725473459926,4,94.0,0,7,2,4,0,3,16
1733.3842960569891,4,30.25,0,2,9,5,0,0,16
1734.3974137859768,4,25.25,4,1,6,8,1,0,16
1735.411143912992,4,32.0,11,1,5,7,0,2,15
1736.4224562969757,4,71.25,10,4,4,7,0,1,16
1737.4362294859602,4,18.25,10,2,5,8,0,1,16
1738.450236374978,4,45.5,9,1,4,10,1,0,16
1739.4660678079817,4,56.5,11,0,4,9,2,1,16
1740.4797366159619,4,94.5,14,0,4,6,5,1,16
1741.4937742640032,4,70.25,14,0,3,5,0,8,16
1742.5051816439955,4,46.75,6,3,6,6,1,0,16
1743.519445603015,4,40.5,4,4,4,7,0,1,16
1744.5331823609886,4,76.75,5,2,4,4,5,1,16
1745.5473080889788,4,69.75,0,3,7,6,0,0,16
1746.560779610998,4,24.75,1,3,4,8,1,0,16
1747.5744678339688,4,33.25,1,4,1,11,0,0,16
1748.585524118971,4,70.75,4,4,0,8,4,0,16
1749.599059936998,4,46.25,3,3,4,8,0,1,16
1750.6127102869796,4,24.0,1,2,6,6,1,1,16
1751.6236507630092,4,73.25,2,2,6,5,2,1,16
1752.6352625250001,4,70.5,2,3,4,7,0,2,16
1753.6489166399697,4,47.5,1,2,3,10,0,1,16
1754.6626718589687,4,23.0,1,1,2,12,0,1,16
1755.6760679939762,4,76.0,2,1,2,12,0,0,15
1756.686180049961,4,48.75,1,1,3,8,1,3,16
1757.69986401801,4,67.5,1,0,2,10,0,0,12
1758.7106220799615,4,92.25,0,0,1,9,0,2,12
1759.724394468998,4,78.25,0,0,1,6,3,1,11
1760.7363733489765,4,94.25,0,0,0,7,0,0,7
1761.7500553969876,4,86.25,1,0,0,6,1,0,7
1762.7628284730017,4,71.0,1,0,0,5,2,0,7
1763.7764178969664,4,61.25,1,0,1,3,0,0,4
1764.7924679749995,4,47.25,0,2,1,3,0,0,6
1765.8063787419815,4,46.5,0,3,0,4,0,0,7
1766.8197308349772,4,38.5,0,2,3,3,0,1,9
1767.833602854982,4,35.0,0,0,4,3,0,0,7
1768.8471291789901,4,61.0,0,0,0,6,0,0,6
1769.860642628977,4,47.75,0,0,0,5,0,0,5
1770.8729033760028,4,46.75,0,0,0,4,0,0,4
1771.8851546159713,4,48.0,0,2,0,3,0,0,5
1772.8976567210048,4,46.5,0,1,1,3,1,0,6
1773.9109303780133,4,48.25,0,2,0,5,0,0,7
1774.9224878509995,4,47.0,0,2,0,4,0,0,6
1775.9364533309708,4,46.5,3,2,0,1,3,0,6
1776.9489257759997,4,14.75,0,5,1,2,0,2,10
1777.9596791469958,4,47.0,0,3,4,4,0,0,11
1778.9740301980055,4,0.0,0,1,5,4,1,0,11
1779.9877084670006,4,0.0,2,1,4,5,0,0,10
1781.0003729989985,4,35.5,0,5,3,5,0,1,14
1782.0134958690032,4,25.25,0,0,5,8,1,0,14
1783.0271908779978,4,45.5,0,4,4,6,0,1,15
1784.0412164599984,4,61.0,0,2,5,8,0,0,15
1785.0553140160046,4,73.75,2,2,3,10,0,1,16
1786.0696587159764,4,56.0,0,3,3,9,0,1,16
1787.081672121014,4,24.0,0,4,3,7,1,0,15
1788.0961119579733,4,5.25,0,4,2,6,3,0,15
1789.1113432389684,4,94.0,0,4,2,5,4,0,15
1790.1237531799707,4,72.0,0,1,4,7,0,0,12
1791.1376751890057,4,42.75,0,2,0,11,0,0,13
1792.1512346779928,4,95.25,0,3,0,11,0,0,14
1793.1650655840058,4,92.5,0,0,2,9,0,1,12
1794.177801909973,4,79.75,1,2,0,11,0,0,13
1795.19119043299,4,70.0,0,3,1,10,0,0,14
1796.2048710199888,4,34.25,0,0,5,10,1,0,16
1797.2188545289682,4,54.0,1,1,3,6,0,6,16
1798.2330169900088,4,25.5,0,3,2,6,0,1,12
1799.244891859009,4,69.0,0,0,5,4,0,1,10
1800.25838646997,4,46.75,0,1,5,3,0,0,9
1801.2727541449713,4,47.25,0,1,2,6,0,0,9
1802.2847257509711,4,25.5,0,1,1,6,1,0,9
1803.2986258539604,4,24.75,3,1,1,4,2,1,9
1804.3131029159995,4,70.5,0,3,4,4,0,0,11
1805.3276609170134,4,42.5,0,0,4,7,0,0,11
1806.3415230659884,4,73.0,0,1,1,9,1,0,12
1807.3536104430095,4,25.25,1,1,1,6,4,0,12
1808.3668871300179,4,93.0,1,1,1,3,7,0,12
1809.3803282809677,4,70.25,3,1,1,3,7,0,12
1810.3926445120014,4,58.5,0,7,1,2,0,1,11
1811.406524837017,4,46.75,0,1,1,9,0,0,11
1812.4178112099762,4,71.5,1,0,1,10,0,0,11
1813.4329025449697,4,73.25,2,0,1,9,1,0,11
1814.4464343640138,4,93.0,2,0,1,7,3,0,11
1815.4604332610033,4,78.75,0,3,0,5,0,6,14
1816.472332653997,4,51.5,0,2,2,3,0,0,7
1817.4863162179827,4,28.5,0,0,2,6,0,0,8
1818.5000411130022,4,47.75,0,0,1,7,0,0,8
1819.5098209709977,4,81.0,0,2,0,8,0,0,10
1820.5223486920004,4,0.0,0,3,0,4,4,0,11
1821.5335042919614,4,71.0,1,3,0,4,4,0,11
1822.5476330610109,4,47.0,4,3,0,2,1,5,11
1823.5602550129988,4,24.25,0,5,2,2,0,3,12
1824.5742625980056,4,58.5,0,2,3,4,0,0,9
1825.5929832219845,4,50.5,1,2,2,4,0,1,9
1826.6061542849638,4,17.25,0,2,1,7,0,0,10
1827.6196183619904,4,71.5,0,3,2,8,0,0,13
1828.6336227699649,4,51.75,0,0,1,12,0,0,13
1829.6477373649832,4,95.0,0,1,1,12,0,0,14
1830.6617050200002,4,94.5,0,1,1,8,2,0,12
1831.6731454959954,4,47.0,2,1,1,4,0,6,12
1832.6871112519875,4,37.0,0,3,2,4,0,0,9
1833.700954400003,4,45.75,0,0,2,5,0,0,7
1834.7140221130103,4,47.75,1,0,0,7,0,0,7
1835.7303021699772,4,24.5,0,1,1,7,0,0,9
1836.7416207179776,4,49.75,0,1,1,6,0,1,9
1837.7555610869895,4,46.75,0,1,1,5,2,0,9
1838.7701458630036,4,47.75,0,0,1,6,0,1,8
1839.781467349967,4,44.75,0,0,1,6,0,0,7
1840.7950827619643,4,47.75,2,0,1,3,1,2,7
1841.8071191409836,4,23.5,3,0,1,1,3,2,7
1842.819236832962,4,38.0,0,2,2,2,0,0,6
1843.8337717410177,4,50.0,0,1,1,4,0,1,7
1844.8472890809644,4,47.25,0,1,0,3,1,0,5
1845.8611801289953,4,23.0,0,2,0,4,0,0,6
1846.8743248819956,4,0.0,0,1,0,4,0,0,5
1847.8860344240093,4,46.5,0,0,0,4,0,0,4
1848.899581228965,4,46.5,0,0,0,3,0,0,3
1849.9123756589834,4,25.0,0,2,0,3,0,0,5
1850.9256938020117,4,0.0,1,1,0,5,0,0,6
1851.9393226680113,4,70.75,0,0,0,6,0,1,7
1852.9509176670108,4,23.0,0,0,0,6,0,0,6
1853.9631031759782,4,92.75,0,1,0,6,0,0,7
1854.9722363330075,4,77.0,0,2,0,5,1,0,8
1855.985581439978,4,46.25,0,2,1,2,0,2,7
1856.9993369699805,4,47.0,0,3,1,3,0,0,7
1858.0134824059787,4,47.25,0,2,0,4,0,1,7
1859.0242606410175,4,93.75,0,1,2,4,0,0,7
1860.0378503419925,4,45.0,0,0,1,6,0,0,7
1861.0515800939756,4,93.5,3,0,0,5,2,0,7
1862.0660916930065,4,47.75,0,5,0,5,0,0,10
1863.0782919949852,4,31.75,0,1,2,6,0,0,9
1864.0921369380085,4,95.75,0,0,1,8,0,0,9
1865.106236633961,4,29.5,2,1,1,5,3,0,10
1866.119932866015,4,70.5,2,1,1,3,5,0,10
1867.1306211979827,4,47.5,0,5,0,3,0,4,12
1868.1419100739877,4,16.75,0,0,2,6,0,0,8
1869.1555554569932,4,77.75,0,0,0,7,0,0,7
1870.169376920967,4,94.0,1,0,0,4,3,0,7
1871.1828798449715,4,92.75,3,0,0,3,4,0,7
1872.1973406960024,4,69.75,0,3,0,1,0,0,4
1873.2092992629623,4,5.75,0,1,0,3,0,0,4
1874.2235446720151,4,35.5,0,1,0,4,0,0,5
1875.2348172430065,4,23.5,1,2,0,4,0,0,6
1876.2463454789831,4,47.5,0,5,0,1,0,3,9
1877.260692928976,4,30.5,0,1,3,2,0,0,6
1878.2746535440092,4,60.5,0,1,2,3,0,0,6
1879.2868917559972,4,47.0,0,1,2,0,2,1,6
1880.3010635980172,4,0.0,0,2,2,0,0,1,5
1881.3156358720153,4,0.0,0,4,3,1,0,0,8
1882.3280756769818,4,1.75,0,2,1,5,0,0,8
1883.3399999309913,4,70.75,0,0,2,6,0,0,8
1884.3535632540006,4,82.75,1,1,0,7,0,0,8
1885.365498751984,4,70.75,0,0,0,9,0,0,9
1886.377182230004,4,47.0,0,2,0,7,2,0,11
1887.389692050987,4,71.0,0,2,0,6,0,3,11
1888.4031254670117,4,12.75,3,3,0,4,2,2,11
1889.415756041999,4,46.0,0,6,2,4,0,0,12
1890.4293596849893,4,0.0,1,6,2,3,2,0,13
1891.4417391389725,4,47.5,0,0,6,6,0,0,12
1892.4561704529915,4,30.75,0,2,2,9,1,0,14
1893.4698729749653,4,69.75,0,2,2,9,1,0,14
1894.483768075006,4,70.0,0,0,3,10,0,0,13
1895.4960819939733,4,54.75,0,0,1,9,0,0,10
1896.5095018699649,4,95.0,0,2,0,8,1,0,11
1897.5216710859677,4,94.25,4,2,0,5,4,0,11
1898.5353122169618,4,46.5,5,2,0,3,6,0,11
1899.5490700489609,4,23.5,0,6,1,1,1,0,9
1900.562836041965,4,5.0,0,1,2,5,0,0,8
1901.5737630269723,4,96.0,2,0,0,6,1,0,7
1902.5910226950073,4,38.75,0,6,1,5,0,0,12
1903.6047681869823,4,50.5,0,5,3,8,0,0,16
1904.617838612001,4,47.0,2,2,3,11,0,0,16
1905.6297119779629,4,65.0,3,0,3,12,1,0,16
1906.643839699973,4,24.25,5,1,2,8,0,5,16
1907.6584487819928,4,41.5,0,3,4,8,1,0,16
1908.6700308549916,4,25.5,0,2,6,7,0,1,16
1909.680975558993,4,42.5,0,4,3,9,0,0,16
1910.6950933909975,4,52.75,2,1,2,13,0,0,16
1911.707399820967,4,56.5,1,1,1,14,0,0,16
1912.7209128150134,4,82.0,1,1,1,11,3,0,16
1913.732401983987,4,94.5,1,1,1,9,5,0,16
1914.7458991819876,4,37.75,0,3,1,8,0,0,12
1915.7563318439643,4,50.0,0,1,0,9,0,0,10
1916.767191100982,4,46.0,0,1,1,7,1,0,10
1917.7809253489831,4,70.75,0,4,1,6,0,0,11
1918.7953124630149,4,53.5,0,3,2,5,2,0,12
1919.8074826159864,4,24.75,0,2,3,5,1,0,11
1920.821354425978,4,46.75,0,2,0,7,0,2,11
1921.8350429639686,4,70.5,0,0,2,6,0,0,8
1922.8464208340156,4,60.5,0,0,1,5,1,0,7
1923.8580114169745,4,70.5,0,0,1,4,2,0,7
1924.8720287159667,4,47.75,0,0,1,2,0,1,4
1925.8848263350083,4,38.25,0,0,0,3,0,0,3
1926.898954082979,4,44.25,0,0,0,3,0,0,3
1927.9110863810056,4,46.75,0,1,1,2,0,0,4
1928.9253259020043,4,53.5,0,0,1,2,1,0,4
1929.9372299860115,4,23.75,0,2,0,2,0,0,4
1930.9498795109685,4,24.0,2,0,3,3,0,0,6
1931.9637201610021,4,50.25,0,4,1,5,0,0,10
1932.9767160349875,4,18.5,0,1,0,10,0,0,11
1933.9881326470058,4,59.5,1,1,0,8,1,0,10
1934.9995409260155,4,95.5,0,2,0,8,0,1,11
1936.0134454899817,4,94.25,0,1,0,8,0,1,10
1937.022269033012,4,59.5,0,0,0,5,0,0,5
1938.0361614869907,4,69.0,0,1,0,4,1,0,6
1939.046989672992,4,65.75,2,1,0,3,2,0,6
1940.0598925189697,4,48.0,2,0,0,3,3,0,6
1941.0738037949777,4,23.0,0,4,0,3,0,0,7
1942.0884311500122,4,0.0,0,2,2,5,0,0,9
1943.1020384439616,4,47.75,2,5,1,4,1,0,11
1944.1156829569954,4,46.75,0,2,7,5,0,0,14
1945.1293980039773,4,12.0,0,2,4,8,0,0,14
1946.1432852799771,4,48.75,0,1,2,11,0,1,15
1947.1552523609716,4,28.0,2,0,1,7,5,1,14
1948.1678530159988,4,93.25,5,0,1,4,8,1,14
1949.1815705149784,4,71.75,3,3,1,2,0,10,16
1950.1956939999945,4,25.75,0,3,5,2,1,0,11
1951.2093110709684,4,27.0,0,4,3,5,0,0,12
1952.2237594799954,4,10.0,0,0,2,9,1,0,12
1953.236306819017,4,94.75,0,3,2,8,0,0,13
1954.2499057499808,4,47.5,0,3,3,7,0,1,14
1955.264065930969,4,17.5,0,0,5,8,0,0,13
1956.2779049599776,4,30.0,0,0,3,5,5,0,13
1957.2919450409827,4,48.0,0,0,3,2,8,0,13
1958.3021504299832,4,23.25,1,0,2,2,1,8,13
1959.3161401579855,4,65.25,0,2,2,2,0,0,6
1960.3296892310027,4,36.75,0,6,1,2,0,0,9
1961.34212801198,4,45.75,0,2,3,5,0,0,10
1962.3541508399649,4,38.25,0,2,2,6,0,0,10
1963.3652435569675,4,29.5,0,0,0,10,0,0,10
1964.3762417240068,4,41.25,0,1,2,8,1,0,12
1965.3898533559986,4,48.0,0,2,2,7,0,2,13
1966.4033330329694,4,94.5,0,2,2,5,2,2,13
1967.4142943469924,4,70.5,1,2,1,4,4,2,13
1968.4283326399745,4,40.25,0,3,2,5,0,0,10
1969.4423828559811,4,0.0,0,1,2,6,0,0,9
1970.4560254169628,4,47.5,0,1,2,7,0,0,10
1971.469863405975,4,46.5,0,4,1,6,0,2,13
1972.4829946579994,4,42.75,0,0,4,7,1,0,12
1973.4964794319822,4,37.75,0,2,2,7,0,1,12
1974.5101595799788,4,23.25,0,3,1,8,0,0,12
1975.5218442470068,4,70.0,0,2,2,6,0,1,11
1976.5356346850167,4,23.0,0,0,4,6,0,0,10
1977.5467358019669,4,66.25,0,0,4,4,2,0,10
1978.558691262966,4,24.5,0,0,1,5,0,0,6
1979.572587674018,4,46.25,0,0,0,4,0,0,4
1980.5859378339956,4,23.5,0,1,0,4,0,0,5
1981.601011939987,4,35.5,0,3,0,1,0,3,7
1982.6129379149643,4,18.0,0,0,2,2,0,0,4
1983.6264777589822,4,47.5,0,1,0,4,0,0,5
1984.6401413040003,4,16.5,0,1,0,5,0,0,6
1985.6514751479845,4,37.75,0,3,1,5,0,0,9
1986.6651407029713,4,6.25,0,0,3,5,0,0,8
1987.6773703880026,4,28.5,0,2,1,6,0,0,9
1988.689524515008,4,23.25,0,0,1,7,0,1,9
1989.7017763080075,4,47.0,0,0,1,6,1,1,9
1990.71363861399,4,46.75,0,0,1,4,3,1,9
1991.7265672530048,4,23.0,2,0,1,2,4,2,9
1992.740539765975,4,46.25,0,0,2,3,0,0,5
1993.754480892967,4,48.5,0,0,0,5,0,0,5
1994.768283559999,4,25.25,1,1,0,3,1,0,5
1995.7804015589645,4,23.25,0,1,2,3,0,0,6
1996.793965371966,4,0.0,0,1,1,3,0,0,5
1997.807815670967,4,46.75,0,1,0,2,2,0,5
1998.8217534190044,4,0.0,0,1,0,0,0,3,4
1999.8357064689626,4,0.0,0,2,1,0,0,0,3
2000.845455296978,4,0.0,0,3,0,1,0,0,4
2001.8595486099948,4,24.0,1,3,0,1,0,0,4
2002.871626548993,4,1.5,0,4,2,2,0,0,8
2003.8859805699904,4,24.0,0,1,2,6,0,0,9
2004.897154323,4,26.25,0,0,4,7,0,0,11
2005.9113091100007,4,30.25,0,0,4,5,2,0,11
2006.9247665549628,4,60.25,0,0,4,2,5,0,11
2007.9388039329788,4,46.75,0,1,3,3,0,1,8
2008.953169283981,4,25.5,0,6,1,5,0,0,12
2009.9644040910061,4,29.0,0,5,4,5,0,1,15
2010.97857557697,4,70.25,3,2,3,8,1,0,14
2011.992361550976,4,31.25,2,2,4,9,0,1,16
2013.0048209239612,4,47.0,0,3,4,9,0,0,16
2014.0171449040063,4,5.5,1,2,4,8,2,0,16
2015.0291738309897,4,47.0,5,1,3,5,7,0,16
2016.0431158579886,4,70.0,7,1,3,4,8,0,16
2017.0560713799787,4,48.0,12,1,3,2,8,2,16
2018.0699720879784,4,2.5,3,9,5,2,0,0,16
2019.0840374589898,4,33.75,3,6,6,4,0,0,16
2020.0975990719744,4,19.75,8,6,4,6,0,0,16
2021.1100833020173,4,70.5,11,5,5,4,2,0,16
2022.1222295920015,4,45.75,13,2,7,5,0,2,16
2023.13657284301,4,45.5,13,1,7,8,0,0,16
2024.1503712320118,4,64.75,15,0,3,11,2,0,16
2025.1625806670054,4,90.0,15,0,2,8,5,1,16
2026.1731173979933,4,67.5,19,0,2,5,2,7,16
2027.1861065489938,4,47.25,10,9,2,5,0,0,16
2028.1995994769968,4,15.75,10,0,3,12,0,1,16
2029.2137085489812,4,45.5,9,3,1,7,4,1,16
2030.2273934059776,4,70.0,13,3,1,5,6,1,16
2031.2386296679615,4,70.0,13,4,1,3,0,8,16
2032.252506840974,4,15.5,5,5,7,4,0,0,16
2033.266514345014,4,51.75,7,2,6,8,0,0,16
2034.2798688790062,4,28.75,8,2,1,12,0,1,16
2035.2940970679629,4,38.0,4,6,2,8,0,0,16
2036.3083526209812,4,0.0,5,4,3,7,2,0,16
2037.3209694959805,4,94.25,5,4,3,2,7,0,16
2038.3365550669841,4,59.5,7,4,3,1,8,0,16
2039.3501455209916,4,23.0,1,10,2,1,0,3,16
2040.3644086740096,4,0.5,1,6,6,2,0,0,14
2041.3783412899938,4,11.0,0,3,4,9,0,0,16
2042.3899630109663,4,25.0,2,3,3,9,1,0,16
2043.4035360749695,4,94.75,3,3,3,8,2,0,16
2044.417232770007,4,93.25,4,3,3,3,7,0,16
2045.4296307699988,4,47.0,0,4,4,5,0,2,15
2046.4434868450044,4,88.0,0,4,2,7,0,0,13
2047.456098841969,4,53.5,1,3,3,10,0,0,16
2048.469600862998,4,46.5,1,3,2,10,1,0,16
2049.483973644965,4,94.0,3,3,2,8,2,1,16
2050.4978436980164,4,47.25,4,3,2,2,8,1,16
2051.5112291059922,4,23.25,0,6,4,1,0,2,13
2052.524683132011,4,30.25,0,1,6,4,0,0,11
2053.538430480985,4,25.0,0,1,1,9,0,1,12
2054.551467804995,4,68.75,0,1,1,7,2,1,12
2055.564969450992,4,69.75,0,1,1,5,2,3,12
2056.5785729199997,4,26.0,0,0,2,4,0,2,8
2057.5902448379784,4,55.5,0,5,0,3,0,0,8
2058.6039712899947,4,23.0,0,2,4,3,0,1,10
2059.6111860930105,4,70.5,2,2,3,4,0,1,10
2060.622601840005,4,69.75,6,2,3,4,0,1,10
2061.635937761981,4,46.75,6,2,3,1,3,1,10
2062.6481739559676,4,4.0,0,10,2,2,0,2,16
2063.6602975350106,4,10.5,5,7,3,5,1,0,16
2064.6738929990097,4,44.75,8,5,2,8,1,0,16
2065.686346422008,4,82.75,6,2,6,7,0,1,16
2066.70016628498,4,46.0,5,3,3,9,1,0,16
2067.71242274798,4,48.25,0,5,5,5,0,1,16
2068.7291287700064,4,67.25,2,3,5,7,0,0,15
2069.7407274610014,4,83.75,6,3,5,5,2,0,15
2070.7524960119626,4,47.5,8,1,4,3,6,1,15
2071.7701386869885,4,7.25,2,11,4,1,0,0,16
2072.7837194959866,4,0.0,3,10,3,3,0,0,16
2073.7962288039853,4,5.5,5,6,5,4,1,0,16
2074.8096056389622,4,49.0,7,0,9,4,0,3,16
2075.8233546990086,4,54.75,8,0,8,1,3,4,16
2076.8366114179953,4,23.5,9,0,8,1,3,4,16
2077.8504869170138,4,0.5,1,8,6,2,0,0,16
2078.864446615975,4,30.25,0,3,8,5,0,0,16
2079.8764616349945,4,31.0,2,0,6,10,0,0,16
2080.8882871189853,4,93.75,3,0,5,8,3,0,16
2081.900906060997,4,73.0,2,3,3,10,0,0,16
2082.914736242965,4,93.0,4,3,3,7,3,0,16
2083.9285934909713,4,71.0,4,3,3,3,7,0,16
2084.9416295789997,4,23.75,5,3,3,0,10,0,16
2085.955775431008,4,0.0,0,3,5,4,0,0,12
2086.9695421429933,4,31.25,0,1,4,8,0,0,13
2087.9830680689774,4,8.0,0,1,2,10,0,0,13
2088.9966795759974,4,94.75,2,1,2,9,1,0,13
2090.0104049359798,4,23.5,0,2,4,8,0,0,14
2091.024701241986,4,45.25,0,1,3,12,0,0,16
2092.0388773769955,4,24.25,0,0,2,11,2,0,15
2093.051176043984,4,94.5,0,0,1,6,8,0,15
2094.065595259017,4,71.0,1,0,1,4,10,0,15
2095.076682346,4,24.0,2,0,1,3,11,0,15
2096.0907091259724,4,47.25,3,1,0,2,0,13,16
2097.1039478289895,4,0.0,0,0,2,4,0,0,6
2098.1159553640173,4,2.75,0,4,1,4,0,0,9
2099.12987020897,4,46.75,2,4,1,4,0,0,9
2100.1439998169662,4,47.25,4,4,1,4,0,0,9
2101.1564646780025,4,23.25,0,9,2,4,0,1,16
2102.1707319680136,4,24.5,3,8,3,5,0,0,16
2103.1846536389785,4,23.25,4,1,6,9,0,0,16
2104.198885021964,4,44.25,5,1,4,11,0,0,16
2105.2089321129606,4,36.25,3,3,3,10,0,0,16
2106.2230228609988,4,50.75,5,3,3,6,4,0,16
2107.2360177119845,4,95.0,6,3,3,4,6,0,16
2108.2504612149787,4,55.25,10,3,2,3,8,0,16
2109.264343348972,4,64.5,4,7,4,5,0,0,16
2110.2778147709905,4,1.25,7,1,6,7,1,1,16
2111.286744123965,4,87.75,9,1,5,6,0,3,15
2112.3011471029604,4,40.25,9,2,4,7,0,1,14
2113.3147624419653,4,91.75,8,5,3,8,0,0,16
2114.3254513469874,4,46.5,11,0,6,10,0,0,16
2115.344419875997,4,48.0,8,3,5,7,0,1,16
2116.358102966973,4,33.5,8,4,2,10,0,0,16
2117.3722323389957,4,71.0,8,4,2,5,4,1,16
2118.386023594998,4,70.75,5,3,5,5,0,3,16
2119.3959707809845,4,63.0,6,3,4,5,1,3,16
2120.405368553009,4,69.0,8,3,4,3,3,3,16
2121.418781261018,4,65.5,3,9,2,3,1,1,16
2122.432673600968,4,73.5,4,9,4,3,0,0,16
2123.442343525996,4,25.0,4,1,8,6,1,0,16
2124.4554974549683,4,69.25,8,1,7,5,0,3,16
2125.466722215002,4,0.0,6,4,5,6,1,0,16
2126.477299644961,4,51.5,8,4,4,4,4,0,16
2127.4907807979616,4,70.75,8,4,3,2,6,1,16
2128.5033818769734,4,43.0,7,3,4,3,0,6,16
2129.5142364359926,4,20.0,1,7,5,3,1,0,16
2130.5263583500055,4,51.25,0,2,7,7,0,0,16
2131.5400712389965,4,22.5,0,1,5,9,1,0,16
2132.5513520129607,4,94.0,1,1,5,8,2,0,16
2133.562993937987,4,93.75,5,1,4,6,5,0,16
2134.576618852967,4,60.25,1,7,3,5,0,1,16
2135.5905641299905,4,34.5,0,1,7,6,0,1,15
2136.6041098670103,4,59.5,1,3,4,9,0,0,16
2137.615804583009,4,94.5,3,3,4,9,0,0,16
2138.6282578639803,4,92.25,4,3,4,8,1,0,16
2139.6418561859755,4,54.75,5,3,4,4,0,5,16
2140.6569475749857,4,84.75,0,7,1,7,0,0,15
2141.6711921970127,4,59.5,0,0,1,14,0,0,15
2142.682902636996,4,70.5,3,1,1,11,3,0,16
2143.6960370430024,4,94.75,5,1,1,8,6,0,16
2144.7082982150023,4,66.0,0,4,3,8,1,0,16
2145.722723078972,4,75.75,0,0,3,9,3,1,16
2146.7367271449766,4,93.0,1,1,3,4,0,8,16
2147.747235028015,4,71.25,1,5,2,4,0,1,12
2148.759753132006,4,57.5,0,4,4,5,0,0,13
2149.772254917014,4,32.75,4,3,3,6,2,0,14
2150.784515458974,4,72.5,6,5,4,4,0,3,16
2151.7984392039943,4,36.5,3,6,3,6,1,0,16
2152.8100693299784,4,56.5,4,6,3,1,6,0,16
2153.823983270966,4,23.5,5,6,3,0,7,0,16
2154.836805219995,4,39.0,2,9,2,2,1,2,16
2155.850746512995,4,46.75,0,6,7,3,0,0,16
2156.8646651969757,4,23.25,1,0,11,5,0,0,16
2157.8781228699954,4,47.25,2,0,11,3,2,0,16
2158.8926925240085,4,23.0,5,0,11,1,4,0,16
2159.906472155999,4,0.0,6,0,11,0,5,0,16
2160.9202199779684,4,23.75,3,5,8,3,0,0,16
2161.9325978019624,4,23.25,3,1,7,8,0,0,16
2162.9463570609805,4,2.75,5,2,4,10,0,0,16
2163.959157139994,4,94.25,6,0,2,14,0,0,16
2164.9714605250047,4,64.5,6,0,2,13,1,0,16
2165.9850812230143,4,92.5,6,0,2,10,3,1,16
2167.001134010963,4,94.0,7,0,2,5,8,1,16
2168.0135742260027,4,47.25,2,8,1,3,0,4,16
2169.02553513,4,18.25,0,1,7,7,0,0,15
2170.039555900963,4,53.0,0,1,4,10,0,0,15
2171.05286012101,4,33.25,1,2,4,9,1,0,16
2172.069517201977,4,23.0,0,1,4,10,0,0,15
2173.080347429961,4,48.0,0,1,3,11,0,0,15
2174.093799366965,4,96.0,1,1,3,9,2,0,15
2175.1059561459697,4,70.75,1,1,3,4,7,0,15
2176.12038061599,4,23.5,0,3,3,3,1,6,16
2177.1330711609917,4,48.0,0,4,1,4,1,0,10
2178.1468025859795,4,16.5,0,3,1,7,0,0,11
2179.1687295819866,4,71.0,0,3,1,6,1,0,11
2180.182176664006,4,47.25,1,3,1,3,4,0,11
2181.192076343985,4,46.5,2,3,1,2,5,0,11
2182.206345719984,4,47.0,0,2,3,2,0,1,8
2183.217555050971,4,65.25,0,1,2,5,0,0,8
2184.2316542270128,4,59.5,0,0,2,5,0,0,7
2185.2475757430075,4,47.0,0,0,2,4,1,0,7
2186.2613200559863,4,24.25,0,1,0,6,0,0,7
2187.2751937239664,4,43.75,0,1,1,5,0,1,8
2188.28874272597,4,45.5,0,3,1,6,0,0,10
2189.3025318629807,4,71.0,1,3,1,4,2,0,10
2190.3143720899825,4,46.75,1,3,1,2,4,0,10
2191.328637886967,4,23.25,1,3,1,1,5,0,10
2192.3424579579732,4,23.5,0,2,4,0,0,5,11
2193.356364795007,4,12.75,0,3,1,3,0,0,7
2194.3709427659633,4,58.25,0,0,0,7,0,0,7
2195.38503462699,4,71.25,0,1,0,5,0,0,6
2196.398976692988,4,21.0,1,1,0,5,0,0,6
2197.4188858889975,4,48.5,4,1,0,5,0,0,6
2198.432745497965,4,23.5,0,2,3,2,1,1,9
2199.446532271977,4,23.25,0,2,3,1,2,1,9
2200.4596727389726,4,23.5,1,1,2,4,0,0,7
2201.475435911969,4,47.5,0,0,3,5,0,0,8
2202.489224609977,4,63.0,0,2,1,7,0,0,10
2203.5027024149895,4,75.0,1,2,1,4,3,0,10
2204.51634107501,4,26.5,0,0,1,7,0,0,8
2205.5298850900144,4,48.75,0,0,0,7,0,0,7
2206.5434494260116,4,47.0,0,2,0,5,1,1,9
2207.5567169609712,4,46.75,1,2,0,3,3,1,9
2208.57060166297,4,47.5,3,2,0,2,4,1,9
2209.5820462880074,4,47.25,3,2,0,2,3,2,9
2210.595936717,4,48.0,0,5,1,2,0,0,8
2211.6083662009914,4,29.5,0,5,2,2,0,0,9
2212.622803509992,4,23.5,1,2,5,3,0,0,10
2213.6362960190163,4,47.0,0,3,3,5,0,0,11
2214.6448478279635,4,52.25,0,4,1,6,1,0,12
2215.656394613965,4,46.5,0,4,1,3,4,0,12
2216.6680802159826,4,47.0,0,4,1,3,0,4,12
2217.6828946360038,4,54.75,0,2,0,5,2,0,9
2218.6965373890125,4,47.0,0,0,2,5,0,0,7
2219.706447130011,4,46.0,1,5,2,4,1,0,12
2220.720354824967,4,71.0,0,6,1,3,1,1,12
2221.734629871964,4,44.5,0,6,3,5,0,1,15
2222.747247762978,4,47.0,0,7,2,4,0,0,13
2223.760395268968,4,46.75,0,8,1,5,0,0,14
2224.7740884390078,4,27.5,1,2,5,9,0,0,16
2225.7858061330044,4,31.5,2,2,3,9,2,0,16
2226.7989751339774,4,72.0,3,2,3,9,2,0,16
2227.809111109993,4,95.5,4,2,1,8,0,5,16
2228.8242191259633,4,47.75,0,3,4,7,0,0,14
2229.835397730989,4,24.25,0,4,4,6,1,0,15
2230.8494138569804,4,61.25,0,5,4,2,3,0,14
2231.863514830009,4,30.5,0,1,8,3,0,1,13
2232.877405844978,4,14.25,0,0,3,9,0,0,12
2233.8935958860093,4,78.75,0,1,1,9,1,0,12
2234.9072523979703,4,48.75,0,0,1,8,1,0,10
2235.919829337974,4,96.25,0,0,0,6,0,1,7
2236.9327528529684,4,68.0,2,0,0,5,1,0,6
2237.9463787999703,4,47.25,2,0,0,3,3,0,6
2238.961795123003,4,23.25,0,5,0,2,0,4,11
2239.9757453789935,4,23.25,0,6,1,2,0,0,9
2240.989477759984,4,0.0,0,2,5,4,0,0,11
2242.0024670449784,4,23.75,0,3,2,6,1,0,12
2243.0149190269876,4,24.0,1,2,3,8,0,0,13
2244.026076526963,4,34.25,2,2,3,7,2,0,14
2245.040458986012,4,41.75,0,3,4,5,0,0,12
2246.054097471002,4,23.0,0,0,3,7,0,1,11
2247.0681374400156,4,67.0,0,1,0,9,0,0,10
2248.081724355987,4,47.25,2,4,0,7,2,0,13
2249.09461604798,4,93.25,2,4,0,3,6,0,13
2250.1080134619842,4,68.75,2,4,0,3,6,0,13
2251.121745545999,4,36.75,0,1,1,5,0,1,8
2252.1360212389845,4,66.75,0,1,0,5,1,0,7
2253.149311365967,4,24.25,0,2,1,5,0,0,8
2254.1636204280076,4,58.25,0,1,1,5,1,1,9
2255.1786979970057,4,35.0,2,1,1,5,2,0,9
2256.1907551789773,4,41.25,0,1,0,9,0,0,10
2257.2022761909757,4,47.0,2,1,0,4,2,0,7
2258.2160811909707,4,33.0,0,1,1,4,0,0,6
2259.2298398789717,4,52.0,1,2,0,3,2,1,8
2260.2424612579634,4,46.75,3,2,0,3,2,1,8
2261.2541839579935,4,46.5,0,6,0,2,0,4,12
2262.267885021982,4,26.5,0,4,0,4,0,0,8
2263.2818441099953,4,17.75,0,1,2,6,0,0,9
2264.2952333099674,4,69.25,0,0,2,7,0,0,9
2265.3089868900133,4,93.0,0,0,0,7,0,0,7
2266.3200840149657,4,69.75,0,0,0,5,2,0,7
2267.333787353011,4,62.0,0,5,0,4,0,0,9
2268.3478304729797,4,0.0,0,5,0,1,0,1,7
2269.361173017998,4,11.25,0,3,1,2,0,1,7
2270.372466137982,4,23.5,0,0,2,4,0,0,6
2271.386003596999,4,12.75,0,1,0,6,0,0,7
2272.399125619966,4,66.5,1,1,0,7,0,0,8
2273.4124469169765,4,60.75,0,2,1,4,0,0,7
2274.426692862995,4,23.5,0,0,3,5,0,0,8
2275.4406027820078,4,26.25,0,1,1,6,0,0,8
2276.4542083829874,4,45.5,1,0,2,6,0,0,8
2277.468481829972,4,46.5,0,1,2,6,0,0,9
2278.4820666930173,4,42.75,0,1,2,6,0,1,10
2279.495969498006,4,7.25,0,2,1,7,0,0,10
2280.5103659459855,4,69.0,0,3,1,7,1,0,12
2281.524041563971,4,86.75,1,2,0,9,0,0,11
2282.537976944004,4,95.5,1,2,0,6,3,0,11
2283.55140359496,4,70.75,0,0,1,8,0,0,9
2284.564984277007,4,64.0,0,1,0,9,0,0,10
2285.5762773799943,4,70.75,0,0,1,5,0,0,6
2286.5904043570044,4,92.75,0,2,0,5,0,1,8
2287.604001384985,4,48.0,0,0,1,7,0,0,8
2288.6176501769805,4,71.25,0,0,0,5,0,1,6
2289.631570964004,4,69.25,0,0,0,5,0,0,5
2290.6452364129946,4,69.75,0,0,0,3,0,2,5
2291.6588217219687,4,23.25,1,0,0,1,1,0,2
2292.6723964259727,4,23.5,1,0,0,1,1,0,2
2293.684537209978,4,23.5,0,5,0,1,0,1,7
2294.698371895007,4,48.25,0,0,3,3,0,0,6
2295.7120738339727,4,25.5,0,0,1,5,0,0,6
2296.7242818300147,4,46.75,0,0,0,6,0,0,6
2297.7378734300146,4,68.75,0,0,0,5,0,0,5
2298.7515015180106,4,69.75,1,1,0,4,1,0,6
2299.7630125519936,4,23.5,1,2,0,3,0,2,7
2300.7747587499907,4,26.5,0,2,0,4,0,0,6
2301.7873053229996,4,66.5,0,4,0,4,0,0,8
2302.8010942139663,4,66.5,0,1,1,5,1,0,8
2303.813527621969,4,94.75,0,1,1,5,1,0,8
2304.825176031969,4,45.75,0,1,1,4,0,1,7
2305.8377566940035,4,23.25,0,2,1,2,0,0,5
2306.851878607995,4,47.75,0,1,1,5,0,0,7
2307.865596370015,4,48.0,0,0,2,6,0,0,8
2308.8795537250116,4,48.75,0,0,1,4,2,0,7
2309.890910169983,4,70.0,3,0,1,3,3,0,7
2310.9021835619933,4,70.5,5,0,1,3,3,0,7
2311.9161651479662,4,38.5,0,7,0,2,0,2,11
2312.929844772967,4,17.75,0,2,5,4,0,0,11
2313.941033986979,4,39.75,0,1,3,6,0,0,10
2314.9524007249856,4,58.0,0,1,2,7,1,0,11
2315.966332592012,4,27.25,0,1,0,10,0,0,11
2316.980250305962,4,46.0,0,0,2,8,0,0,10
2317.994106700993,4,70.5,0,2,1,7,1,0,11
2319.006393426971,4,70.75,0,3,1,4,1,3,12
2320.0180473029613,4,70.5,1,3,1,2,3,3,12
2321.031748122012,4,12.75,0,3,3,1,0,0,7
2322.0458474779734,4,14.5,0,1,3,4,0,0,8
2323.0567979869666,4,25.5,0,1,1,7,0,0,9
2324.0708305430016,4,51.75,0,0,0,9,0,0,9
2325.0847004170064,4,50.5,0,0,0,9,0,0,9
2326.098425335018,4,23.75,0,0,0,8,0,0,8
2327.1125577499624,4,41.0,0,1,0,7,1,0,9
2328.12658827001,4,29.75,0,0,0,6,2,0,8
2329.137710172974,4,70.5,0,0,0,5,0,0,5
2330.151351447974,4,71.25,0,0,0,4,1,0,5
2331.162542756996,4,46.5,0,0,0,3,0,0,3
2332.177447298018,4,40.0,0,0,0,1,0,0,1
2333.1914961999864,4,22.0,0,1,0,0,0,0,1
2334.2053622640087,4,0.0,0,1,0,0,0,0,1
2335.2190472660004,4,2.0,0,5,0,1,0,0,6
2336.232361759001,4,7.75,2,5,0,1,0,0,6
2337.245296804991,4,0.0,5,5,0,0,1,0,6
2338.258910443983,4,0.0,8,5,0,0,0,1,6
2339.2720125199994,4,0.0,0,12,1,2,0,0,15
2340.2860032889876,4,46.75,0,11,0,5,0,0,16
2341.299642271013,4,24.25,3,7,2,7,0,0,16
2342.3138483469957,4,21.5,2,2,5,8,1,0,16
2343.3254559030174,4,71.5,0,4,2,8,0,2,16
2344.3378200429725,4,38.25,0,2,1,7,1,0,11
2345.352035602962,4,58.5,0,4,2,6,0,2,14
2346.3646936709993,4,65.25,0,4,0,8,1,0,13
2347.3781941600027,4,35.75,3,3,2,7,0,2,14
2348.3922969429987,4,94.75,8,2,3,6,1,1,13
2349.404112171964,4,70.0,7,6,2,4,4,0,16
2350.418402816984,4,29.0,4,5,3,6,1,1,16
2351.4319958789856,4,22.75,5,3,4,6,2,1,16
2352.4431000609766,4,72.0,2,4,6,6,0,0,16
2353.456876031996,4,20.75,5,2,6,7,1,0,16
2354.4685579719953,4,66.0,5,2,4,9,0,1,16
2355.4821487870067,4,66.25,4,3,5,6,0,2,16
2356.496359437995,4,43.0,3,7,4,5,0,0,16
2357.5080916389707,4,71.25,5,7,4,2,3,0,16
2358.5220574259874,4,25.0,4,5,5,6,0,0,16
2359.53581184597,4,30.5,3,4,5,6,1,0,16
2360.549796451989,4,53.75,3,1,5,10,0,0,16
2361.5610451599932,4,41.5,2,1,1,13,1,0,16
2362.575192769,4,41.0,0,3,1,11,0,0,15
2363.5888648199616,4,71.0,0,3,2,7,0,3,15
2364.6027272079955,4,26.5,0,2,2,7,0,2,13
2365.6150511350133,4,23.0,0,1,2,7,1,0,11
2366.627070082992,4,88.25,0,1,2,7,0,0,10
2367.637335394975,4,69.5,0,1,2,6,1,0,10
2368.651361277967,4,87.75,1,1,2,5,2,0,10
2369.665215217974,4,25.5,0,5,1,3,0,5,14
2370.674502838985,4,46.25,0,5,0,4,0,0,9
2371.6872974439757,4,37.5,0,0,1,8,0,0,9
2372.7008927720017,4,94.0,0,0,1,7,1,0,9
2373.7148078919854,4,90.75,0,0,0,6,0,0,6
2374.7255820370046,4,23.5,0,0,0,3,0,0,3
2375.739567314973,4,24.5,0,0,1,2,0,0,3
2376.753403881972,4,24.0,1,0,1,1,1,0,3
2377.767056296987,4,24.0,4,0,1,1,1,0,3
2378.7805820520152,4,23.25,4,0,1,1,1,0,3
2379.7944234309834,4,46.25,0,3,1,2,0,0,6
2380.8082100509782,4,70.0,0,1,1,4,0,0,6
2381.8199876009603,4,26.5,0,2,0,3,2,0,7
2382.8334999500075,4,47.25,0,2,0,3,2,0,7
2383.8474090690142,4,47.25,4,2,0,3,0,2,7
2384.86087807297,4,52.75,0,6,1,3,1,1,12
2385.8739924909896,4,23.25,0,3,7,4,0,0,14
2386.887645690993,4,46.5,2,2,5,7,0,0,14
2387.9011019719765,4,78.25,0,2,6,7,0,1,16
2388.9148198259645,4,24.0,0,3,4,6,0,0,13
2389.9289946350036,4,0.25,5,6,3,7,0,0,16
2390.9425888069673,4,46.5,6,6,2,8,0,0,16
2391.9560447419644,4,70.5,9,6,2,5,3,0,16
2392.970010501973,4,43.5,11,6,2,2,6,0,16
2393.983963392966,4,5.25,9,5,4,4,0,3,16
2394.9980413299636,4,70.5,7,6,4,4,1,1,16
2396.012130101968,4,5.0,6,8,3,5,0,0,16
2397.025736428972,4,31.5,6,8,2,5,0,1,16
2398.038797365967,4,0.75,5,3,7,6,0,0,16
2399.0523622829933,4,54.0,5,3,5,5,3,0,16
2400.066153121006,4,70.0,5,3,5,3,5,0,16
2401.0778159240144,4,0.0,3,3,7,3,0,3,16
2402.092373850988,4,44.5,1,0,7,9,0,0,16
2403.105864881014,4,68.75,2,0,4,8,4,0,16
2404.119347521977,4,41.75,0,3,4,6,0,2,15
2405.133520425996,4,30.25,0,3,3,10,0,0,16
2406.1469145409646,4,29.5,0,2,2,10,0,0,14
2407.1608244630042,4,33.5,2,3,2,10,1,0,16
2408.174484971969,4,94.25,2,3,2,5,6,0,16
2409.188454204006,4,74.75,2,3,2,4,7,0,16
2410.200549762987,4,71.75,3,2,3,2,8,1,16
2411.2142990700086,4,28.0,0,4,2,3,0,0,9
2412.2288919049897,4,71.75,0,0,0,8,1,0,9
2413.2432733390015,4,10.0,1,1,0,8,0,0,9
2414.2543971459963,4,49.0,0,1,2,7,0,0,10
2415.269179444993,4,79.0,0,1,0,10,0,0,11
2416.282950880006,4,93.75,0,1,0,6,4,0,11
2417.296629305987,4,94.5,3,1,0,4,6,0,11
2418.311345636961,4,47.75,3,1,0,2,8,0,11
2419.3252265480114,4,30.0,0,2,0,3,0,0,5
2420.338683378999,4,47.5,0,2,0,4,0,1,7
2421.352260337968,4,25.0,0,1,0,4,0,0,5
2422.367319345998,4,46.5,0,3,1,4,0,0,8
2423.3819565880112,4,16.5,0,3,4,3,1,0,11
2424.395748107985,4,0.25,1,3,4,3,1,0,11
2425.409404899983,4,46.75,1,3,4,1,3,0,11
2426.4213966230163,4,23.5,0,4,3,1,1,3,12
2427.4343688630033,4,23.25,0,3,3,3,1,0,10
2428.4458266950096,4,4.75,0,4,4,4,0,0,12
2429.459656375984,4,28.75,0,5,3,5,0,0,13
2430.472585738986,4,19.0,0,4,4,7,0,0,15
2431.4867200389854,4,23.0,0,4,2,9,0,1,16
2432.5005435189814,4,40.25,2,2,3,11,0,0,16
2433.511544792971,4,23.25,2,2,3,8,3,0,16
2434.525078350969,4,92.25,3,2,3,6,5,0,16
2435.536784763972,4,71.25,4,2,3,4,7,0,16
2436.549329695001,4,71.5,0,6,2,6,0,2,16
2437.563641673012,4,52.5,0,2,5,6,0,0,13
2438.5768795519834,4,51.0,1,2,1,11,0,0,14
2439.589548727963,4,71.0,0,2,2,8,0,3,15
2440.603047568002,4,23.5,0,0,1,11,0,0,12
2441.617780689965,4,46.75,1,1,0,12,0,0,13
2442.6315605299897,4,94.5,3,1,0,9,3,0,13
2443.645354326989,4,71.0,2,4,0,3,2,7,16
2444.6562727459823,4,47.5,1,6,0,2,1,3,12
2445.669944366964,4,24.0,0,6,2,2,0,0,10
2446.683883012971,4,69.75,2,5,1,3,1,0,10
2447.6979812160134,4,70.0,0,3,2,7,0,0,12
2448.712091373978,4,70.5,3,2,2,9,1,0,14
2449.722349165997,4,43.75,1,3,2,11,0,0,16
2450.736620016978,4,70.25,2,3,2,8,3,0,16
2451.750281086017,4,58.0,2,6,3,7,0,0,16
2452.7640101159923,4,24.75,3,2,6,8,0,0,16
2453.7778935380047,4,50.75,1,4,2,9,1,0,16
2454.791375136003,4,14.75,1,2,3,11,0,0,16
2455.8050965109724,4,94.0,4,2,2,9,0,3,16
2456.8187533220043,4,45.5,1,3,2,11,0,0,16
2457.832660481974,4,35.75,1,1,1,11,2,1,16
2458.8461348689743,4,38.75,2,2,2,10,1,1,16
2459.859806224995,4,94.25,4,2,1,9,1,3,16
2460.873253708007,4,71.0,5,2,1,2,8,3,16
2461.8869826399605,4,23.25,6,2,1,0,10,3,16
2462.897600504977,4,0.0,0,8,4,0,0,0,12
2463.9110260430025,4,0.0,0,4,7,2,0,0,13
2464.925860104966,4,23.5,0,4,4,5,0,0,13
2465.9386690629763,4,44.5,0,4,3,6,0,0,13
2466.95233598497,4,22.5,0,4,3,8,0,0,15
2467.965374919004,4,71.75,0,1,3,11,0,0,15
2468.9777851499966,4,32.75,1,1,3,10,2,0,16
2469.9912946989643,4,95.25,3,1,3,9,3,0,16
2471.003598743002,4,94.5,4,1,3,7,5,0,16
2472.0150882449816,4,90.5,0,5,1,8,0,1,15
2473.028841177991,4,46.75,0,0,5,9,0,0,14
2474.0425996200065,4,40.25,0,1,3,11,0,0,15
2475.056729322998,4,53.5,0,2,3,9,0,2,16
2476.0708805120084,4,75.0,1,2,2,12,0,0,16
2477.0847324740025,4,23.25,2,2,0,14,0,0,16
2478.0993929440156,4,24.0,2,0,2,13,0,1,16
2479.112226301979,4,94.5,2,0,2,11,2,0,15
2480.1233117459924,4,95.0,3,0,2,5,8,0,15
2481.1372182180057,4,70.0,2,1,1,2,0,12,16
2482.1500442950055,4,0.0,0,0,3,5,0,0,8
2483.1630320819677,4,72.75,0,0,0,8,0,0,8
2484.1772600369877,4,85.5,3,0,0,7,1,0,8
2485.1884132309933,4,95.25,0,4,0,7,0,1,12
2486.2009874759824,4,57.75,0,1,3,5,1,0,10
2487.215018411982,4,30.5,0,4,1,6,0,0,11
2488.2285651720013,4,23.25,0,1,3,7,0,0,11
2489.2414815899683,4,34.75,0,0,1,8,0,0,9
2490.2553445639787,4,57.5,0,0,0,8,1,0,9
2491.2662446220056,4,70.75,2,0,0,6,3,0,9
2492.2801812069956,4,46.75,0,2,0,2,0,7,11
2493.2939147389843,4,47.25,0,4,0,2,0,0,6
2494.308123316965,4,23.25,0,1,0,5,0,0,6
2495.3216721100034,4,45.5,3,1,0,4,1,0,6
2496.335862113978,4,70.75,0,3,0,5,0,0,8
2497.349146834982,4,15.0,0,2,1,7,0,0,10
2498.363014474977,4,46.25,0,5,0,5,0,2,12
2499.376896360016,4,22.75,0,2,2,4,1,1,10
2500.387996947975,4,46.75,0,2,2,2,3,1,10
2501.3993973850156,4,47.0,0,2,2,1,4,1,10
2502.4136110729887,4,23.25,1,1,2,2,1,1,7
2503.425703238987,4,0.0,0,2,1,3,0,0,6
2504.4323052199907,4,21.5,0,2,1,4,0,0,7
2505.4474333839607,4,41.5,1,2,1,3,1,0,7
2506.4607177720172,4,46.0,0,2,2,2,0,2,8
2507.4744891969603,4,23.25,1,2,1,2,0,0,5
2508.489548009995,4,24.0,3,2,1,2,0,0,5
2509.503362999996,4,37.5,0,5,1,3,0,0,9
2510.5173288939986,4,47.75,0,5,1,5,0,0,11
2511.5310122949886,4,28.25,0,0,3,8,0,0,11
2512.5423232489848,4,48.0,2,0,3,8,0,0,11
2513.555599067011,4,76.75,0,2,1,8,0,1,12
2514.5697442379897,4,24.0,0,3,1,6,2,0,12
2515.5837608879665,4,15.5,0,2,2,7,0,0,11
2516.5978383530164,4,56.0,0,3,3,5,0,2,13
2517.611103063973,4,39.5,0,2,1,8,0,0,11
2518.62465550896,4,93.75,0,2,0,8,1,0,11
2519.631575891981,4,96.0,0,2,0,6,3,0,11
2520.643084772979,4,94.5,1,2,0,6,3,0,11
2521.65701884398,4,69.0,0,2,1,5,1,1,10
2522.6691443059826,4,72.75,0,0,0,7,0,0,7
2523.6857754149823,4,48.0,0,1,0,7,0,0,8
2524.700444484013,4,71.0,0,3,0,5,0,2,10
2525.7134968679748,4,46.5,0,0,1,8,0,0,9
2526.7288966319757,4,58.75,0,1,0,6,1,0,8
2527.7403828499955,4,23.5,0,0,0,7,0,0,7
2528.753810821974,4,93.75,0,0,0,5,2,0,7
2529.767791107006,4,47.0,0,0,0,3,4,0,7
2530.7813478150056,4,45.75,0,1,1,3,0,0,5
2531.792260541988,4,12.0,0,1,0,5,0,0,6
2532.8057945239707,4,11.5,0,2,0,4,1,0,7
2533.819989065989,4,69.25,0,1,0,4,0,0,5
2534.8340439859894,4,38.5,0,1,0,3,0,1,5
2535.848106598016,4,3.5,0,1,1,3,0,0,5
2536.861134531966,4,24.25,0,1,0,5,0,0,6
2537.8738404890173,4,23.0,0,1,0,5,0,0,6
2538.885691582982,4,47.25,0,0,0,5,0,0,5
2539.899627420993,4,60.5,0,0,0,5,0,0,5
2540.9127134949667,4,55.0,0,0,0,4,1,0,5
2541.9268638369977,4,71.0,0,0,0,3,0,0,3
2542.9408587919897,4,46.75,0,0,0,1,2,0,3
2543.9531346029835,4,23.5,0,0,0,1,2,0,3
2544.967336328991,4,23.0,0,1,0,0,0,0,1
2545.9813119620085,4,0.0,0,0,0,1,0,0,1
2546.9951611100114,4,0.0,0,2,0,1,0,0,3
2548.009414383967,4,23.0,1,2,0,1,0,0,3
2549.0220608930103,4,24.25,0,1,2,1,0,0,4
2550.0361675280146,4,23.25,0,1,1,2,0,1,5
2551.050089436001,4,47.25,0,1,0,3,0,0,4
2552.064321801008,4,46.5,1,1,0,3,0,0,4
2553.0778821959975,4,24.75,1,2,0,4,0,0,6
2554.0918907119776,4,34.25,0,0,5,4,0,0,9
2555.1029523909674,4,34.75,0,1,1,7,1,0,10
2556.1188154760166,4,63.25,0,1,1,7,0,0,9
2557.1330437780125,4,71.25,0,1,0,8,0,0,9
2558.1473086759797,4,71.5,0,1,0,6,0,1,8
2559.161483653006,4,34.0,0,1,1,7,0,0,9
2560.1747398449806,4,46.25,0,1,1,7,0,0,9
2561.1884777179803,4,47.0,0,2,0,8,0,0,10
2562.200622033968,4,45.0,2,1,0,7,2,0,10
2563.214265702991,4,69.25,3,1,0,4,5,0,10
2564.226399397012,4,47.75,0,5,0,4,0,4,13
2565.2401521209977,4,46.25,0,3,3,3,0,0,9
2566.2541050839936,4,49.0,0,3,1,4,0,0,8
2567.2678155059693,4,72.75,0,0,1,6,0,1,8
2568.2819317060057,4,36.5,0,1,1,6,0,0,8
2569.293880214973,4,71.25,0,4,1,4,0,1,10
2570.3054722459638,4,71.5,0,1,3,6,0,0,10
2571.317790852976,4,27.75,0,0,0,8,0,0,8
2572.331600711972,4,28.0,0,4,2,4,0,3,13
2573.3423771989765,4,23.75,2,4,0,5,0,0,9
2574.3523808739847,4,65.0,2,8,1,6,0,1,16
2575.3653705489705,4,40.5,3,5,5,6,0,0,16
2576.3767234520055,4,22.5,3,4,5,7,0,0,16
2577.389458152,4,23.75,4,4,4,7,1,0,16
2578.403897012002,4,36.75,4,0,5,10,0,1,16
2579.4158516579773,4,56.0,5,2,2,11,1,0,16
2580.4282409920124,4,73.0,2,3,0,12,0,1,16
2581.441637768992,4,87.5,2,1,3,11,0,1,16
2582.4557809989783,4,22.5,0,2,2,11,1,0,16
2583.4664341179887,4,71.25,0,0,1,11,3,1,16
2584.478267858969,4,94.25,0,0,1,9,5,1,16
2585.492691043997,4,73.0,2,0,1,6,8,1,16
2586.505960895971,4,71.5,0,4,0,7,0,0,11
2587.519539324974,4,48.25,0,1,1,10,0,0,12
2588.5334390510106,4,45.5,1,0,0,11,1,0,12
2589.544875275984,4,48.75,0,1,2,9,0,0,12
2590.558166386967,4,49.0,1,3,1,7,3,0,14
2591.571151337994,4,60.5,1,2,2,2,3,5,14
2592.582305912976,4,44.5,0,2,2,3,0,0,7
2593.6123291290132,4,57.5,0,2,0,6,0,0,8
2594.6259966790094,4,48.0,0,2,1,6,0,0,9
2595.637918022985,4,29.75,0,0,3,8,0,0,11
2596.651390846004,4,72.5,0,2,1,9,1,0,13
2597.66558780201,4,69.25,2,2,1,5,5,0,13
2598.6780875659897,4,69.5,3,2,1,4,6,0,13
2599.6894127199776,4,40.25,0,6,1,4,0,1,12
2600.7020489529823,4,29.75,0,4,4,5,0,0,13
2601.7147521809675,4,22.0,0,3,3,9,0,0,15
2602.729015334975,4,94.25,0,1,4,8,0,1,14
2603.742719826987,4,50.5,0,1,2,10,0,0,13
2604.758094683988,4,94.0,2,2,1,10,0,1,14
2605.771561886999,4,84.5,0,3,1,10,0,1,15
2606.782614530006,4,83.75,0,1,3,8,0,2,14
2607.794451122987,4,63.25,0,3,3,9,0,0,15
2608.8108907290152,4,70.25,0,3,3,9,0,0,15
2609.82272065297,4,94.0,0,3,3,8,1,0,15
2610.8344757299637,4,70.75,0,3,3,6,3,0,15
2611.8457683330053,4,26.5,1,4,2,5,1,1,13
2612.862449997978,4,64.0,0,0,4,7,1,0,12
2613.875571767974,4,38.75,1,2,2,8,0,0,12
2614.886391951004,4,47.25,2,2,2,5,3,0,12
2615.899385294004,4,48.0,0,1,2,8,0,0,11
2616.913177562994,4,57.5,0,0,1,9,0,0,10
2617.9243343349663,4,24.0,0,0,0,9,1,0,10
2618.939970579988,4,93.75,1,0,0,8,2,0,10
2619.9536848319694,4,94.0,2,0,0,5,5,0,10
2620.9663645299734,4,94.75,4,0,0,3,7,0,10
2621.975597170007,4,58.0,0,1,3,4,0,0,8
2622.9879334309953,4,52.5,0,1,1,6,0,0,8
2623.9996819989756,4,70.0,0,1,1,6,0,0,8
2625.0110862809815,4,65.5,0,0,1,5,1,0,7
2626.0246014629956,4,93.75,0,0,0,5,0,0,5
2627.0386166629614,4,70.0,0,2,0,4,1,0,7
2628.0513809369877,4,23.5,1,0,1,3,2,0,6
2629.065269626968,4,46.0,1,0,1,2,3,0,6
2630.0788593869656,4,45.5,0,2,1,1,0,4,8
2631.089505510987,4,8.75,0,0,1,4,0,0,5
2632.1043237869744,4,48.25,0,0,0,5,0,0,5
2633.11913988,4,69.5,0,1,0,5,0,0,6
2634.132634849986,4,47.5,0,0,3,3,0,0,6
2635.144755498972,4,68.0,0,1,1,4,1,0,7
2636.157695827016,4,71.5,0,0,1,5,0,0,6
2637.169819834002,4,71.25,0,0,1,5,0,0,6
2638.1819099920103,4,71.0,1,0,1,4,0,0,5
2639.194561114011,4,47.25,0,1,2,3,0,0,6
2640.2060104900156,4,49.25,0,0,2,3,0,0,5
2641.2200107529643,4,22.75,0,0,0,4,1,0,5
2642.233965552994,4,71.25,0,0,0,4,1,0,5
2643.246194231964,4,70.0,1,0,0,2,3,0,5
2644.260059346969,4,27.75,0,1,0,1,0,1,3
2645.2709316789987,4,23.75,0,1,1,1,0,0,3
2646.284290615993,4,0.0,0,2,0,2,0,0,4
2647.298508531996,4,47.0,1,2,0,2,0,0,4
2648.31071936799,4,33.75,0,1,1,3,0,0,5
2649.3248207480065,4,71.25,0,1,1,2,1,0,5
2650.337079204968,4,46.5,0,3,1,1,1,1,7
2651.350933359994,4,8.25,0,2,0,3,0,0,5
2652.364877983986,4,25.75,0,1,0,4,0,1,6
2653.378836535965,4,48.25,0,1,0,3,1,0,5
2654.392410380009,4,46.75,0,0,1,3,0,0,4
2655.4062096709968,4,46.5,0,1,0,3,0,0,4
2656.4254240790033,4,15.25,0,2,1,3,1,0,7
2657.439469153993,4,3.0,2,2,0,4,1,0,7
2658.4504609339638,4,47.75,0,3,1,4,0,0,8
2659.464815331972,4,46.75,0,0,2,5,0,0,7
2660.4781411089934,4,47.5,0,0,1,6,0,0,7
2661.491917271982,4,70.25,1,0,1,5,1,0,7
2662.504151163972,4,62.0,0,2,0,6,0,0,8
2663.516904224991,4,61.25,0,1,0,7,0,0,8
2664.5258575709886,4,47.0,0,1,1,6,0,0,8
2665.5381107549765,4,61.25,0,1,0,6,1,0,8
2666.551823880989,4,71.25,0,0,1,5,0,0,6
2667.5658390129684,4,59.0,3,0,1,2,2,1,6
2668.5796546399943,4,28.25,0,1,1,5,0,0,7
2669.5934330559685,4,71.75,2,0,1,4,2,0,7
2670.606834253005,4,46.75,2,0,1,3,3,0,7
2671.620645919,4,23.5,4,0,1,1,5,0,7
2672.6313161950093,4,23.5,0,4,2,1,1,0,8
2673.645235798962,4,22.5,0,0,1,5,0,1,7
2674.656749413989,4,48.5,0,0,0,5,1,0,6
2675.6708704559715,4,49.0,0,0,0,4,0,0,4
2676.6810429099714,4,31.5,0,1,0,3,1,0,5
2677.694389385986,4,43.25,0,1,0,4,0,0,5
2678.708417721966,4,30.75,0,6,0,1,1,1,9
2679.722570856975,4,23.5,0,7,1,1,0,1,10
2680.736445654009,4,22.0,0,4,5,1,1,0,11
2681.7500720809912,4,23.5,0,2,2,6,0,0,10
2682.762489581015,4,46.25,0,2,1,6,0,0,9
2683.7743134169723,4,48.0,0,2,1,2,4,0,9
2684.7884448039695,4,23.75,0,7,1,3,0,0,11
2685.8018524619984,4,23.25,0,3,7,3,1,0,14
2686.8080299469875,4,70.0,0,6,4,3,1,0,14
2687.821962604008,4,23.25,0,4,5,7,0,0,16
2688.835679997981,4,25.0,2,3,3,8,2,0,16
2689.84947873099,4,47.5,5,4,1,6,0,5,16
2690.8636062439764,4,26.5,4,7,3,5,0,1,16
2691.877043606015,4,46.25,5,8,3,5,0,0,16
2692.890356635966,4,46.75,7,8,3,4,1,0,16
2693.903919896984,4,42.5,9,6,6,4,0,0,16
2694.9207093419973,4,5.75,14,0,7,9,0,0,16
2695.9326713479823,4,42.0,16,1,3,9,3,0,16
2696.944789592002,4,25.5,12,4,3,8,0,1,16
2697.9583574539865,4,23.0,13,0,5,11,0,0,16
2698.972235172987,4,35.5,11,1,3,12,0,0,16
2699.9862920349697,4,24.0,9,2,1,12,1,0,16
2700.999710953969,4,71.5,6,3,2,10,0,0,15
2702.013736515015,4,84.25,6,0,4,9,3,0,16
2703.0272979569854,4,70.25,5,0,4,10,0,2,16
2704.041269787005,4,72.25,2,3,1,12,0,0,16
2705.0549883900094,4,94.0,0,3,2,6,0,3,14
2706.066069346969,4,55.25,0,0,0,10,0,1,11
2707.0771014689817,4,93.75,1,0,0,7,2,1,10
2708.0909142649616,4,93.75,3,0,0,7,2,1,10
2709.102644928964,4,53.0,0,0,1,7,0,1,9
2710.1166247029905,4,47.75,0,2,0,7,0,0,9
2711.128790826013,4,48.25,0,2,0,5,1,0,8
2712.144959661993,4,58.5,0,1,0,7,0,0,8
2713.160674462968,4,53.75,0,1,0,8,0,0,9
2714.1729541789973,4,45.0,0,0,0,8,0,0,8
2715.1841563549824,4,50.5,0,0,0,7,1,0,8
2716.195504156989,4,70.0,0,2,0,6,0,0,8
2717.2075104179676,4,71.25,0,0,3,6,0,0,9
2718.221560076985,4,45.0,0,0,0,6,0,0,6
2719.23497051897,4,68.75,1,0,0,5,0,0,5
2720.2486654379754,4,30.0,0,2,0,4,0,0,6
2721.262652530975,4,14.0,0,0,1,4,0,0,5
2722.276193410973,4,23.0,1,0,1,3,1,0,5
2723.290366186993,4,21.75,3,0,1,2,2,0,5
2724.30448680697,4,22.5,0,3,1,2,0,2,8
2725.3167852640036,4,24.0,0,0,3,3,0,0,6
2726.3280990910134,4,23.5,0,0,2,4,0,0,6
2727.342217119003,4,46.75,0,0,1,5,0,0,6
2728.3558499119827,4,23.25,0,0,0,4,0,0,4
2729.370123775967,4,23.5,0,0,0,4,0,0,4
2730.383829983999,4,23.25,0,2,0,2,2,0,6
2731.3948685840005,4,25.75,2,2,0,2,2,0,6
2732.40843162901,4,23.75,3,2,0,1,3,0,6
2733.4224543320015,4,23.5,0,5,1,1,0,3,10
2734.4364953030017,4,0.0,0,4,2,1,0,0,7
2735.450098505011,4,14.75,0,0,2,5,0,0,7
2736.4639746390167,4,2.0,0,0,2,5,0,0,7
2737.4748262519715,4,47.5,1,0,2,4,1,0,7
2738.483852153993,4,47.75,2,0,2,4,1,0,7
2739.497994748992,4,24.0,0,2,1,5,0,1,9
2740.509890420013,4,26.25,0,1,2,6,0,0,9
2741.5239983840147,4,0.0,0,3,1,8,0,0,12
2742.5365660759853,4,24.0,1,3,1,7,1,0,12
2743.550881519972,4,47.75,0,2,1,8,0,0,11
2744.5627121289726,4,37.5,0,0,1,9,1,0,11
2745.57532510499,4,68.75,0,0,1,8,1,0,10
2746.5890612509684,4,68.0,0,0,1,6,3,0,10
2747.6033239410026,4,70.0,0,0,1,4,0,0,5
2748.6147919149953,4,70.75,0,0,1,4,0,0,5
2749.6287150839926,4,23.25,0,2,1,3,0,0,6
2750.642504282994,4,18.0,1,2,1,2,1,0,6
2751.6562783860136,4,23.0,1,2,1,1,2,0,6
2752.6703220329946,4,23.25,2,2,1,1,2,0,6
2753.684037818981,4,23.5,3,2,1,0,0,3,6
2754.698348018981,4,3.75,0,5,4,2,0,0,11
2755.7123100879835,4,59.0,0,0,3,8,0,0,11
2756.725371202978,4,72.0,0,0,1,8,2,0,11
2757.737710465968,4,93.75,2,0,1,7,3,0,11
2758.7503022719757,4,76.75,0,5,1,5,0,4,15
2759.7634729199926,4,53.75,0,0,3,8,0,0,11
2760.777336165018,4,92.25,0,2,1,9,0,1,13
2761.7839031699696,4,68.75,0,2,1,6,3,0,12
2762.797412679007,4,69.5,0,0,1,8,0,0,9
2763.809922685963,4,93.0,0,0,1,8,0,0,9
2764.823962807015,4,73.25,0,0,1,6,0,0,7
2765.837209590012,4,46.75,1,0,1,3,2,1,7
2766.8486128720106,4,58.0,0,0,1,3,0,0,4
2767.8624862369616,4,46.25,1,0,0,3,1,0,4
2768.8812204090063,4,46.5,2,0,0,3,1,0,4
2769.894776535977,4,46.5,3,0,0,3,1,0,4
2770.9086306070094,4,23.0,0,3,0,3,0,1,7
2771.9204784039757,4,37.0,0,1,2,3,0,0,6
2772.931969680998,4,0.0,1,1,3,2,0,1,7
2773.9443116559996,4,46.5,0,1,1,5,0,0,7
2774.9568882029853,4,94.75,0,0,2,5,0,0,7
2775.970175424998,4,46.75,1,0,2,3,2,0,7
2776.982266208972,4,27.75,0,2,1,3,0,1,7
2777.9940807389794,4,50.75,0,0,2,3,0,0,5
2779.0074289810145,4,39.75,0,0,0,4,0,0,4
2780.0186887879972,4,70.75,1,0,0,4,0,0,4
2781.029732302006,4,24.25,0,1,0,3,0,0,4
2782.043594331015,4,23.25,1,3,0,2,0,1,6
2783.0574000829947,4,0.0,0,2,2,2,0,0,6
2784.0688781139906,4,1.25,2,2,3,1,1,0,7
2785.0807725740015,4,23.25,2,2,3,1,1,0,7
2786.0921237089788,4,23.25,0,4,2,3,0,0,9
2787.106361860002,4,72.0,0,4,2,4,0,0,10
2788.120150199975,4,11.25,0,3,4,6,0,0,13
2789.1338956149993,4,70.5,0,3,3,7,0,0,13
2790.147267600987,4,23.25,0,2,4,8,0,0,14
2791.1607839339995,4,47.25,0,1,3,8,1,1,14
2792.173566721962,4,51.75,0,0,3,7,0,0,10
2793.187168454984,4,71.5,4,0,2,6,2,0,10
2794.198625697987,4,91.75,7,0,2,5,3,0,10
2795.2124806939973,4,93.0,6,2,2,5,0,3,12
2796.2233158869785,4,33.75,2,8,1,5,1,0,15
2797.2358333389857,4,86.5,0,11,0,5,0,0,16
2798.2496649120003,4,23.25,3,8,2,4,2,0,16
2799.2612845539697,4,46.5,3,2,7,3,0,4,16
2800.275120427017,4,8.75,0,4,7,4,1,0,16
2801.2891357039916,4,47.75,0,4,7,2,3,0,16
2802.302012108965,4,47.0,1,4,7,1,4,0,16
2803.3161534260144,4,23.25,2,6,5,3,0,2,16
2804.3305236200104,4,48.5,1,9,2,5,0,0,16
2805.34509261098,4,40.0,2,0,10,6,0,0,16
2806.3590244399966,4,47.75,3,0,6,9,1,0,16
2807.372792369977,4,91.75,4,2,6,6,0,2,16
2808.3835221559857,4,71.5,5,2,5,7,0,2,16
2809.397166405979,4,94.75,6,2,5,6,1,2,16
2810.4110766769736,4,94.25,3,5,7,3,0,1,16
2811.4237283949624,4,19.0,3,5,5,6,0,0,16
2812.4301723070093,4,57.5,4,5,2,9,0,0,16
2813.4414779759827,4,47.25,6,5,2,6,3,0,16
2814.455014000996,4,94.0,6,5,1,5,0,5,16
2815.468769002997,4,39.5,5,2,3,6,2,3,16
2816.4823495859746,4,79.0,0,2,6,6,0,0,14
2817.4962723010103,4,37.0,1,4,3,8,0,0,15
2818.509289968002,4,94.5,3,4,3,6,2,0,15
2819.523147264961,4,93.75,3,4,3,5,3,0,15
2820.5370655430015,4,59.5,0,3,3,9,0,0,15
2821.55150495196,4,56.0,0,0,3,9,0,0,12
2822.5639867360005,4,56.5,0,0,1,10,1,0,12
2823.576013687998,4,71.25,0,0,1,7,4,0,12
2824.5862547470024,4,47.75,0,0,1,3,0,1,5
2825.599666805996,4,24.5,0,0,0,2,0,0,2
2826.6110520309885,4,47.0,0,0,0,2,0,0,2
2827.625445151003,4,23.75,1,0,0,1,1,0,2
2828.6394227879937,4,23.5,2,0,0,1,1,0,2
2829.652813802997,4,15.25,3,0,0,0,2,0,2
2830.6636049679946,4,0.0,0,3,0,0,0,1,4
2831.677660015004,4,0.0,0,2,1,0,0,0,3
2832.6912299959804,4,14.75,0,0,0,3,0,0,3
2833.704785373993,4,47.25,0,0,0,3,0,0,3
2834.7179848320084,4,46.75,1,1,0,3,0,0,4
2835.7320730040083,4,46.5,3,1,0,2,1,0,4
2836.7469456779654,4,34.5,0,5,0,2,0,1,8
2837.76092161797,4,46.5,1,3,1,3,0,0,7
2838.7742366379825,4,24.5,0,1,2,5,0,0,8
2839.7854113340145,4,41.25,0,1,1,6,0,0,8
2840.799557276012,4,70.5,0,1,1,7,0,0,9
2841.8137947180076,4,71.0,0,2,0,8,0,1,11
2842.827447190997,4,62.5,0,2,1,9,0,0,12
2843.839193404012,4,95.25,0,0,3,5,4,0,12
2844.852405908983,4,70.5,1,0,3,3,6,0,12
2845.866279130976,4,47.0,1,0,3,3,6,0,12
2846.8770590369822,4,23.25,0,1,3,1,0,8,13
2847.8883751009707,4,0.0,0,1,1,4,0,0,6
2848.900486922008,4,47.25,0,1,2,4,0,0,7
2849.9140990519663,4,12.75,0,0,1,7,0,0,8
2850.926343864994,4,93.0,0,0,0,7,0,0,7
2851.9373709899955,4,62.5,2,0,0,5,2,0,7
2852.9467762020067,4,93.75,3,0,0,4,2,1,7
2853.9606549539603,4,94.25,3,0,0,2,4,1,7
2854.974380548985,4,47.25,4,0,0,1,5,1,7
2855.9860551229795,4,18.25,0,4,0,1,0,1,6
2856.9987731819856,4,3.75,0,0,2,3,0,0,5
2858.012718685961,4,23.5,0,0,0,4,1,0,5
2859.026149893005,4,70.0,0,0,0,4,1,0,5
2860.04029489198,4,46.0,0,1,0,3,0,1,5
2861.053278191015,4,47.0,2,1,0,1,1,2,5
2862.066826027003,4,23.25,3,1,0,1,1,2,5
2863.078414095973,4,0.0,0,4,1,1,0,0,6
2864.0923397970037,4,23.25,0,4,1,1,0,0,6
2865.105903415999,4,6.25,0,0,2,3,0,0,5
2866.1197621899773,4,71.25,1,0,1,4,0,0,5
2867.133890756988,4,23.25,0,0,0,6,0,0,6
2868.1448595249676,4,71.0,2,0,0,4,2,0,6
2869.1584369349875,4,70.25,4,0,0,4,2,0,6
2870.170464730996,4,71.5,0,5,0,3,0,1,9
2871.1832517649746,4,41.25,0,2,1,4,0,0,7
2872.193643086008,4,46.0,0,0,1,5,1,0,7
2873.205504337966,4,47.5,0,0,1,4,1,1,7
2874.218620084983,4,35.25,0,1,0,3,0,0,4
2875.2319339109818,4,23.25,0,1,1,1,1,0,4
2876.2462093529757,4,0.0,0,1,1,1,0,0,3
2877.256082494976,4,0.0,2,2,0,2,0,0,4
2878.2703304619645,4,23.25,2,2,0,2,0,0,4
2879.2842071789782,4,23.25,0,4,1,1,0,1,7
2880.2932803329895,4,0.0,0,3,1,2,0,0,6
2881.307039067964,4,6.5,0,1,2,4,0,0,7
2882.317517231975,4,0.0,1,0,0,7,0,0,7
2883.3312215289916,4,48.0,1,3,0,7,0,0,10
2884.345186171995,4,46.0,0,2,2,7,0,0,11
2885.3583153680083,4,11.25,0,0,2,8,0,1,11
2886.372400128981,4,37.75,0,1,1,7,2,0,11
2887.386290210008,4,71.75,0,1,1,6,3,0,11
2888.4004779370152,4,69.5,3,1,1,4,5,0,11
2889.4134396259906,4,23.5,0,1,3,6,1,0,11
2890.4270106799668,4,47.0,0,1,2,5,1,0,9
2891.440423459979,4,47.5,1,1,1,5,1,0,8
2892.4538739889977,4,47.0,0,0,1,8,0,0,9
2893.4635057839914,4,54.0,0,2,1,8,0,0,11
2894.4778739379835,4,69.5,0,0,1,7,0,0,8
2895.4953635449638,4,47.75,0,2,1,6,0,1,10
2896.5073588980013,4,70.25,1,2,1,4,2,0,9
2897.521359074977,4,46.75,1,2,1,3,3,0,9
2898.5344926649705,4,46.25,0,3,1,2,0,2,8
2899.5482408719836,4,0.0,0,2,1,2,0,2,7
2900.561778608011,4,45.75,0,1,2,3,0,0,6
2901.575489395007,4,23.0,0,1,1,4,0,0,6
2902.589682824968,4,46.5,0,1,1,4,0,0,6
2903.601807603962,4,23.25,0,3,1,3,0,0,7
2904.6154581049923,4,12.75,0,1,1,4,0,0,6
2905.6290997769684,4,46.75,0,1,0,5,0,0,6
2906.643133489997,4,47.25,0,1,0,5,0,0,6
2907.6553265390103,4,54.75,0,0,0,6,0,0,6
2908.6677885869867,4,70.25,0,0,0,5,0,0,5
2909.680984303006,4,52.25,0,0,0,5,0,0,5
2910.696269217995,4,70.0,0,1,0,5,0,0,6
2911.7120176309836,4,56.0,0,0,1,3,0,1,5
2912.7232502209954,4,56.75,0,0,0,5,0,0,5
2913.736923754972,4,36.0,1,0,0,2,0,0,2
2914.757273148978,4,46.75,1,0,0,2,0,0,2
2915.7703253419604,4,11.0,1,0,0,0,2,0,2
2916.7839831130113,4,0.0,1,0,0,0,2,0,2
2917.79822815198,4,0.0,0,0,1,0,0,0,1
2918.811756938987,4,0.0,0,0,1,0,0,0,1
2919.8254249420133,4,0.0,1,0,0,1,0,0,1
2920.8363490569755,4,23.25,0,2,0,0,0,1,3
2921.8490078839823,4,0.0,0,0,2,0,0,0,2
2922.862043833011,4,10.25,0,1,1,1,0,0,3
2923.876107829972,4,22.0,0,0,2,2,0,0,4
2924.889000932977,4,23.5,1,0,2,2,0,0,4
2925.902678176004,4,23.0,2,0,2,1,1,0,4
2926.9165839019697,4,0.0,0,2,2,0,0,2,6
2927.9280672959867,4,5.5,1,2,0,2,0,0,4
2928.936936636979,4,34.25,0,1,1,3,0,0,5
2929.9509264020016,4,36.75,0,1,1,3,0,0,5
2930.9648130820133,4,46.5,0,0,1,4,0,0,5
2931.9789890759857,4,46.25,0,0,1,2,0,0,3
2932.993015076965,4,23.75,0,0,2,2,0,0,4
2934.0061570819817,4,46.5,1,0,2,2,0,0,4
2935.0199176369933,4,47.25,0,2,1,3,0,0,6
2936.0340298039955,4,29.0,0,1,2,3,0,0,6
2937.047703584016,4,70.75,0,0,0,5,0,1,6
2938.0607178999926,4,43.5,2,0,0,4,1,0,5
2939.0718521189992,4,93.25,2,0,0,4,1,0,5
2940.085974646965,4,69.5,0,5,0,1,0,4,10
2941.100364240003,4,23.25,0,0,2,4,0,0,6
2942.114029488992,4,95.75,0,0,0,6,0,0,6
2943.1281917509623,4,93.5,0,0,0,6,0,0,6
2944.1399992349907,4,92.0,0,0,0,2,4,0,6
2945.1544027290074,4,46.75,1,0,0,2,4,0,6
2946.1681434749626,4,46.75,2,0,0,2,4,0,6
2947.182293729973,4,30.0,0,0,3,2,0,0,5
2948.196028993989,4,50.0,0,1,1,5,0,0,7
2949.2085210749647,4,39.25,0,0,1,5,1,0,7
2950.2222736789845,4,71.0,2,0,1,5,1,0,7
2951.236279372999,4,39.5,0,2,1,4,1,0,8
2952.2504085709807,4,70.25,0,2,1,3,1,1,8
2953.264008550963,4,65.5,0,1,1,4,0,2,8
2954.277983034961,4,70.0,0,0,1,5,0,0,6
2955.290399376012,4,70.75,0,1,1,5,0,0,7
2956.304514953983,4,46.5,1,1,1,3,2,0,7
2957.3177555479924,4,47.5,1,3,0,4,0,0,7
2958.3310802819906,4,47.25,3,3,0,4,0,0,7
2959.3459802679718,4,47.5,0,7,1,2,0,2,12
2960.3579287650064,4,22.0,0,4,1,5,0,0,10
2961.37027828797,4,47.5,0,1,1,8,0,0,10
2962.3817689010175,4,23.5,0,1,0,8,1,0,10
2963.392641981016,4,71.5,0,1,1,7,0,0,9
2964.4069293169887,4,29.25,0,2,1,8,1,0,12
2965.419976900972,4,97.0,0,1,3,9,0,0,13
2966.431266053987,4,43.75,1,3,1,8,2,1,15
2967.444935132982,4,80.5,0,4,3,7,0,0,14
2968.45899203897,4,58.5,0,2,2,10,0,0,14
2969.4724029579666,4,74.0,0,2,2,8,2,0,14
2970.484233821975,4,94.25,1,2,2,8,2,0,14
2971.497903166979,4,72.75,0,0,2,10,0,0,12
2972.509579579986,4,65.0,0,1,4,8,0,0,13
2973.5228633799707,4,38.5,0,0,5,6,0,2,13
2974.5371865619672,4,51.25,0,2,3,6,0,0,11
2975.548188132001,4,23.0,1,4,3,6,1,0,14
2976.5611039070063,4,72.75,1,3,3,7,0,1,14
2977.574828960991,4,49.75,0,2,3,8,0,2,15
2978.584109916992,4,66.25,0,0,4,5,0,1,10
2979.600945890008,4,22.25,0,0,3,6,0,0,9
2980.6080268590013,4,55.75,1,0,2,5,2,0,9
2981.6220144199906,4,46.0,3,0,2,4,3,0,9
2982.6328919439693,4,46.75,3,0,2,3,4,0,9
2983.6461869130144,4,47.25,0,2,4,2,0,2,10
2984.6599211979774,4,13.75,0,3,4,4,0,0,11
2985.672000624996,4,55.75,0,0,1,10,0,0,11
2986.6810717139742,4,70.0,0,0,0,9,0,0,9
2987.692735421995,4,43.5,0,0,0,8,0,0,8
2988.7066120379604,4,46.5,0,0,0,5,0,0,5
2989.720540180977,4,23.75,0,2,1,3,0,0,6
2990.7344117799657,4,22.5,0,2,1,2,1,0,6
2991.747489043977,4,46.75,1,2,1,2,1,0,6
2992.7616957110004,4,47.25,1,2,1,2,1,0,6
2993.775792054017,4,46.75,0,3,2,1,0,1,7
2994.7896432169946,4,1.75,0,1,1,3,0,0,5
2995.8017311599688,4,71.75,0,1,1,5,0,0,7
2996.8158141520107,4,69.75,0,0,1,6,0,0,7
2997.829796305974,4,75.75,0,1,0,5,0,1,7
2998.8406148179783,4,70.75,0,1,0,5,0,1,7
2999.8546952449833,4,95.75,0,1,0,5,0,0,6
3000.8654407339636,4,58.0,0,0,0,5,0,0,5
3001.8752735679736,4,71.0,1,1,0,5,0,0,6
3002.8864832560066,4,70.25,2,1,0,3,2,0,6
3003.9004292649915,4,47.25,0,6,0,1,0,4,11
3004.9129781849915,4,23.25,0,6,0,1,0,3,10
3005.9269197579706,4,0.0,0,3,4,1,0,0,8
3006.940576548979,4,41.5,0,4,2,5,0,0,11
3007.9543838279787,4,0.0,0,2,5,6,0,0,13
3008.966756539012,4,95.0,2,2,2,6,3,0,13
3009.9781059109955,4,95.0,3,2,2,5,4,0,13
3010.989872125967,4,70.75,3,2,2,4,5,0,13
3012.001842172991,4,28.25,0,5,2,2,1,0,10
3013.015771305014,4,34.0,0,5,2,4,0,0,11
3014.0291341909906,4,11.25,1,5,4,7,0,0,16
3015.0429144949885,4,95.75,2,5,3,7,0,1,16
3016.054913969012,4,43.5,1,3,4,9,0,0,16
3017.0688647659845,4,29.75,0,1,5,8,0,2,16
3018.0800186229753,4,34.75,0,1,4,9,0,0,14
3019.0921554219676,4,71.25,0,1,2,9,2,0,14
3020.1062532099895,4,94.5,0,1,2,5,6,0,14
3021.119752630999,4,76.75,0,1,1,4,0,0,6
3022.1317579160095,4,47.0,0,0,1,5,0,0,6
3023.1430580189917,4,47.5,1,1,0,6,0,0,7
3024.155394508969,4,94.0,0,5,0,2,1,3,11
3025.1666218040045,4,43.75,0,2,3,2,0,0,7
3026.1775274489773,4,23.5,0,1,1,5,0,0,7
3027.189949911961,4,32.75,0,1,1,3,3,0,8
3028.204131865001,4,46.75,0,1,1,1,5,0,8
3029.2180180239957,4,23.5,2,1,1,1,5,0,8
3030.2319093719707,4,23.5,4,1,1,0,1,5,8
3031.2461472100113,4,0.0,0,4,2,1,0,0,7
3032.2565323190065,4,0.0,0,4,3,2,0,0,9
3033.2701367909904,4,0.0,0,5,1,6,0,0,12
3034.2845446600113,4,94.5,4,6,1,5,1,0,13
3035.2981564229704,4,69.5,6,6,1,5,1,0,13
3036.312189958,4,71.0,8,4,5,4,0,3,16
3037.325703520968,4,0.5,6,7,3,6,0,0,16
3038.3398462560144,4,49.75,7,1,4,10,1,0,16
3039.353250366985,4,48.75,6,2,3,9,2,0,16
3040.3670633669826,4,68.5,5,5,3,7,0,1,16
3041.381087546004,4,37.0,10,4,3,6,3,0,16
3042.394666150969,4,69.75,10,5,4,7,0,0,16
3043.408520633995,4,42.75,9,6,4,4,2,0,16
3044.422450268001,4,46.25,14,2,9,5,0,0,16
3045.436161997961,4,21.75,16,2,7,7,0,0,16
3046.4487807640107,4,96.0,16,2,7,5,2,0,16
3047.4624853529967,4,93.5,17,2,7,3,4,0,16
3048.4738446209813,4,70.5,18,2,5,5,0,4,16
3049.488117003988,4,69.0,13,8,5,2,1,0,16
3050.501923906966,4,72.5,12,4,7,4,1,0,16
3051.513152430998,4,47.0,12,0,7,6,2,1,16
3052.523827778001,4,71.5,9,3,5,5,1,2,16
3053.5379291119752,4,71.0,7,5,2,5,3,1,16
3054.551472399966,4,71.25,7,5,2,1,7,1,16
3055.565145703964,4,23.25,9,5,2,1,7,1,16
3056.5777561540017,4,23.5,4,7,4,4,0,1,16
3057.5883326409967,4,48.5,0,10,1,4,0,0,15
3058.6022667699726,4,0.0,0,5,6,4,1,0,16
3059.6159390389803,4,55.25,1,3,3,6,2,2,16
3060.6295572149684,4,71.0,0,3,4,8,0,0,15
3061.64230956597,4,43.75,0,0,3,9,0,0,12
3062.6541206529946,4,72.75,0,1,2,10,0,0,13
3063.667956809979,4,94.0,1,1,1,9,2,0,13
3064.679065886012,4,94.25,1,1,1,8,3,0,13
3065.6916743170004,4,93.5,3,1,1,5,5,1,13
3066.7073287679814,4,70.0,0,5,1,4,1,1,12
3067.7187316250056,4,23.5,0,3,3,4,0,0,10
3068.732701272005,4,50.0,0,0,2,6,0,1,9
3069.7465141849825,4,71.5,0,0,0,8,0,0,8
3070.760075141967,4,70.75,0,0,0,6,1,0,7
3071.774176388979,4,70.0,1,0,0,6,1,0,7
3072.787688552984,4,72.0,4,0,0,4,3,0,7
3073.8001200489816,4,71.25,4,0,0,4,3,0,7
3074.8072725249804,4,53.25,0,5,0,4,0,0,9
3075.8208513749996,4,52.25,0,0,2,6,0,0,8
3076.8320336239995,4,2.25,1,1,1,6,0,0,8
3077.8433853730094,4,47.0,2,1,1,3,3,0,8
3078.85761876998,4,46.75,0,3,1,4,0,2,10
3079.8713999959873,4,50.0,0,4,0,6,0,0,10
3080.8864102099906,4,6.5,0,5,0,6,0,0,11
3081.901851427974,4,47.5,0,5,0,6,0,0,11
3082.913282808964,4,47.0,0,5,0,6,0,0,11
3083.9269503349788,4,47.25,0,4,1,3,3,0,11
3084.940771593014,4,23.5,0,2,3,3,0,1,9
3085.9545189099736,4,68.75,0,2,1,5,0,0,8
3086.967980086978,4,69.25,0,2,1,6,0,0,9
3087.9819551159744,4,86.25,0,1,1,7,0,0,9
3088.9938951479853,4,22.75,0,0,2,7,0,0,9
3090.0078323920025,4,92.0,2,0,2,5,2,0,9
3091.0211824749713,4,69.25,3,0,2,4,3,0,9
3092.0350620349636,4,26.0,0,4,1,2,0,2,9
3093.0490778670064,4,23.25,0,3,3,2,0,0,8
3094.06317513698,4,42.5,0,3,3,4,0,0,10
3095.077154456987,4,86.75,0,3,3,4,0,0,10
3096.091009658994,4,28.25,0,0,3,7,0,0,10
3097.104550489981,4,32.0,0,1,1,8,1,0,11
3098.117212885001,4,42.25,0,2,1,8,0,0,11
3099.130841409962,4,70.5,0,2,0,9,0,0,11
3100.144683596969,4,71.5,1,2,0,8,1,0,11
3101.158252713969,4,71.0,1,2,0,7,2,0,11
3102.172481250018,4,45.0,0,3,1,6,0,0,10
3103.18347710697,4,35.5,0,1,1,7,0,0,9
3104.1947299930034,4,16.75,0,1,0,9,0,0,10
3105.209743306972,4,93.5,0,1,0,7,2,0,10
3106.2235699690063,4,72.5,0,1,1,5,0,0,7
3107.237464830978,4,0.0,0,0,1,6,0,0,7
3108.251246234984,4,0.0,1,2,0,6,1,0,9
3109.2629946600064,4,69.75,2,2,0,5,2,0,9
3110.276734393963,4,70.5,2,2,0,4,3,0,9
3111.290326045011,4,72.0,2,2,0,3,4,0,9
3112.304430677963,4,47.25,0,4,1,2,0,0,7
3113.317653138016,4,44.0,0,0,1,6,0,0,7
3114.331433366984,4,35.5,0,1,0,7,0,0,8
3115.3460064429673,4,70.5,0,2,1,5,0,2,10
3116.359588762978,4,68.0,0,0,3,2,1,1,7
3117.3734272000147,4,47.0,0,0,3,2,1,1,7
3118.3875662139617,4,46.75,1,0,3,2,1,1,7
3119.3995110559626,4,23.5,2,0,3,1,1,2,7
3120.410851771012,4,46.0,0,2,2,2,0,1,7
3121.425241204968,4,45.75,0,2,2,4,0,0,8
3122.435987278004,4,72.0,4,3,1,4,0,0,8
3123.447411087982,4,47.0,0,4,3,5,0,0,12
3124.461638252018,4,23.0,1,4,1,6,1,0,12
3125.4756741210003,4,70.25,2,4,1,4,3,0,12
3126.488669131999,4,35.75,1,6,1,2,2,3,14
3127.5005750510027,4,47.25,0,5,2,3,0,0,10
3128.5115048229927,4,23.5,0,0,2,8,0,0,10
3129.525094437995,4,94.0,2,0,2,6,2,0,10
3130.537673417013,4,47.5,0,3,1,6,0,0,10
3131.5491120869992,4,47.25,0,2,1,8,0,0,11
3132.5619110839907,4,49.0,0,4,1,8,0,1,14
3133.575811273011,4,46.0,1,4,1,6,2,1,14
3134.5873437309638,4,69.5,2,4,1,5,3,1,14
3135.600914906012,4,70.25,2,6,0,5,0,4,15
3136.6150476029725,4,9.0,1,7,1,8,0,0,16
3137.627969704976,4,1.25,2,0,2,13,0,1,16
3138.6412648879923,4,72.25,1,1,1,13,1,0,16
3139.6548527639825,4,95.25,4,1,1,10,4,0,16
3140.66896498797,4,45.25,3,5,1,10,0,0,16
3141.6826478929725,4,24.75,4,1,4,11,0,0,16
3142.6962183860014,4,28.0,6,1,2,11,2,0,16
3143.7101573339896,4,92.0,6,1,2,5,8,0,16
3144.7241270749946,4,92.75,6,0,3,3,9,1,16
3145.7381175119663,4,61.75,0,6,1,4,1,2,14
3146.751467132999,4,23.25,0,1,4,6,0,1,12
3147.762826619961,4,46.5,0,0,3,6,2,0,11
3148.7736404879834,4,52.5,1,0,2,5,2,2,11
3149.7856219009846,4,49.0,0,2,1,6,0,1,10
3150.799090278975,4,72.75,0,0,0,8,0,0,8
3151.813032511971,4,55.75,0,0,0,7,1,0,8
3152.826835430984,4,94.25,0,0,0,6,2,0,8
3153.840710310964,4,71.0,1,0,0,4,4,0,8
3154.854063875973,4,46.5,2,0,0,3,2,3,8
3155.8676974239643,4,46.75,0,1,1,3,0,0,5
3156.881700788974,4,49.0,0,1,0,5,0,0,6
3157.895215525001,4,69.5,0,1,0,4,1,0,6
3158.908972331963,4,47.5,0,1,0,2,3,0,6
3159.9224057460087,4,24.75,0,3,0,2,0,0,5
3160.9362875669613,4,24.5,0,0,2,4,0,0,6
3161.9479969550157,4,70.0,0,1,1,5,0,0,7
3162.961809433007,4,70.25,0,1,1,5,0,0,7
3163.9754141030135,4,25.25,1,1,1,2,3,0,7
3164.9891885140096,4,23.25,1,1,1,2,3,0,7
3166.003503571963,4,0.0,0,0,2,2,0,2,6
3167.0155485119903,4,69.75,0,0,0,3,0,0,3
3168.029318219982,4,24.25,0,2,0,3,0,0,5
3169.043217805971,4,46.75,1,2,0,2,1,0,5
3170.057335171965,4,23.5,0,3,1,1,0,2,7
3171.0708055389696,4,23.0,0,3,1,1,0,2,7
3172.0830770530156,4,23.5,0,3,1,1,0,2,7
3173.0965771389892,4,24.0,0,4,1,2,0,0,7
3174.1106277229846,4,49.75,0,1,4,3,0,0,8
3175.1228055509855,4,27.25,0,3,1,6,0,0,10
3176.136667106999,4,71.75,2,3,0,6,1,0,10
3177.1501604290097,4,64.75,0,5,0,6,0,0,11
3178.165329483978,4,67.25,0,0,4,6,0,0,10
3179.180970012967,4,32.0,0,0,4,5,0,0,9
3180.195312219963,4,23.75,0,1,3,5,0,0,9
3181.2065187380067,4,80.0,1,1,3,5,0,0,9
3182.2209105369984,4,94.5,2,1,3,4,1,0,9
3183.234978676017,4,70.0,0,5,3,4,0,1,13
3184.2489577860106,4,46.5,0,4,4,4,0,0,12
3185.260609705001,4,46.25,0,0,4,6,0,0,10
3186.2721373569802,4,31.0,0,0,0,9,1,0,10
3187.285070042999,4,70.25,0,1,0,8,0,0,9
3188.2985487589613,4,46.5,0,1,0,8,0,0,9
3189.312241306994,4,70.25,0,3,0,5,1,2,11
3190.326133430004,4,58.75,0,0,1,6,0,0,7
3191.3399676840054,4,70.0,0,0,0,5,1,0,6
3192.3538538930006,4,28.0,0,0,0,4,1,0,5
3193.365044211969,4,48.0,1,0,0,4,1,0,5
3194.378806132998,4,24.0,3,0,0,3,2,0,5
3195.3917455190094,4,23.25,0,3,0,2,1,2,8
3196.404660767992,4,23.0,0,5,0,2,0,1,8
3197.4185897670104,4,13.0,0,2,1,5,0,0,8
3198.4322414529743,4,0.0,0,0,2,6,0,0,8
3199.4456441340153,4,48.75,0,0,1,5,1,0,7
3200.4598334789625,4,23.0,0,0,0,4,0,0,4
3201.47344632796,4,0.0,0,1,0,3,0,0,4
3202.4838088339893,4,23.0,2,1,0,3,0,0,4
3203.496955049981,4,24.25,0,2,1,2,0,1,6
3204.5106480909744,4,0.0,1,2,0,3,0,1,6
3205.5218887979863,4,45.0,0,0,2,4,0,0,6
3206.53605241701,4,40.0,0,2,0,6,0,0,8
3207.551685928018,4,46.75,0,1,1,7,0,0,9
3208.5654518060037,4,61.25,0,1,0,8,0,0,9
3209.5777032049955,4,55.75,0,1,0,9,0,0,10
3210.5903389870073,4,46.25,0,1,1,9,0,0,11
3211.603654213017,4,94.75,0,0,0,7,0,1,8
3212.617094435962,4,23.25,0,0,0,6,0,1,7
3213.629888632975,4,56.5,0,1,0,6,0,0,7
3214.6409580509644,4,72.5,1,1,0,4,2,0,7
3215.6553610379924,4,71.5,0,1,0,4,0,0,5
3216.6691881910083,4,65.75,0,0,0,5,0,0,5
3217.6824117659708,4,47.5,1,0,0,4,0,0,4
3218.6953650739742,4,46.75,0,1,1,3,0,0,5
3219.7092089459766,4,22.25,0,0,2,4,0,0,6
3220.723143965006,4,52.0,0,0,0,6,0,0,6
3221.736859805009,4,37.5,0,0,0,5,0,1,6
3222.750752488966,4,46.75,0,0,0,5,0,0,5
3223.7647101319744,4,60.75,0,1,1,5,0,0,7
3224.775969017006,4,24.0,0,1,1,5,0,0,7
3225.7883277700166,4,48.0,0,1,1,4,0,0,6
3226.8020694119623,4,0.0,0,3,0,5,0,0,8
3227.8158071729704,4,0.0,0,2,0,5,0,0,7
3228.8295919809607,4,71.25,0,2,0,5,0,0,7
3229.8430616629776,4,70.0,0,2,0,4,1,0,7
3230.855598871014,4,71.5,0,2,0,4,1,0,7
3231.8689553730073,4,46.75,0,1,1,3,0,0,5
3232.879354592995,4,46.0,0,1,1,3,0,0,5
3233.891400168999,4,30.0,0,0,1,4,0,0,5
3234.9047859410057,4,48.0,0,0,1,3,0,0,4
3235.917759497999,4,18.75,0,1,1,3,0,0,5
3236.9317688459996,4,24.0,0,1,1,4,0,0,6
3237.9436318890075,4,45.5,2,1,1,3,1,0,6
3238.9577496040147,4,47.0,0,3,1,3,0,1,8
3239.971941092983,4,11.25,0,2,3,4,0,0,9
3240.9859747120063,4,44.75,0,0,2,7,0,0,9
3241.997359736997,4,94.5,0,0,1,8,0,0,9
3243.006845269003,4,75.25,0,2,1,7,0,1,11
3244.0204981580027,4,47.0,0,3,1,5,0,0,9
3245.034748328966,4,10.75,0,0,2,6,0,0,8
3246.0484256870113,4,93.75,0,0,2,5,1,0,8
3247.0623300360166,4,69.25,0,0,1,6,0,0,7
3248.0724346750067,4,57.5,0,0,1,4,2,0,7
3249.0864906950155,4,47.0,0,0,1,4,0,1,6
3250.1003205089946,4,39.0,0,1,1,4,0,0,6
3251.1143260030076,4,24.0,0,2,1,4,0,0,7
3252.127508776961,4,47.25,0,0,2,3,1,0,6
3253.1415495019755,4,70.75,0,0,1,4,0,0,5
3254.1553736670176,4,41.25,0,0,1,3,0,0,4
3255.1690122709842,4,26.75,0,0,1,2,1,0,4
3256.1824728979846,4,23.5,1,0,0,2,1,1,4
3257.1960288999835,4,46.75,1,0,0,2,1,1,4
3258.209693893965,4,46.5,2,0,0,2,1,1,4
3259.2213962170063,4,46.25,0,2,0,2,0,0,4
3260.235190738982,4,42.0,0,1,0,3,0,0,4
3261.2466992400005,4,55.25,0,0,0,4,0,0,4
3262.26091966097,4,71.0,0,1,0,4,0,0,5
3263.274436352018,4,47.0,0,2,0,4,0,0,6
3264.2856841100147,4,47.0,0,0,2,4,0,0,6
3265.2974444460124,4,47.25,0,0,2,4,0,0,6
3266.3117365610087,4,60.75,0,0,2,1,3,0,6
3267.3248415130074,4,23.5,0,0,2,1,3,0,6
3268.3387133749784,4,23.75,0,0,2,2,0,0,4
3269.35216087196,4,24.0,0,0,1,3,0,0,4
3270.3644187689642,4,0.0,0,2,0,3,1,0,6
3271.378262871993,4,48.0,0,0,1,4,0,0,5
3272.3923590210034,4,24.0,1,0,0,5,0,0,5
3273.4057555219624,4,47.75,1,0,0,4,1,0,5
3274.4184897369705,4,47.25,0,1,0,4,0,0,5
3275.4309219279676,4,7.5,0,2,0,5,0,0,7
3276.4442758460063,4,66.75,0,1,1,5,0,0,7
3277.4573961889837,4,69.25,1,1,1,3,2,0,7
3278.4709891210077,4,71.0,2,1,1,2,3,0,7
3279.484574405011,4,47.0,2,1,1,2,3,0,7
3280.4967967779958,4,47.0,0,2,1,3,0,0,6
3281.508360216976,4,95.25,0,1,0,4,1,0,6
3282.5195280429907,4,0.0,0,0,0,5,0,0,5
3283.5314112639753,4,64.25,0,2,0,3,0,2,7
3284.545104357996,4,31.0,0,1,2,3,0,0,6
3285.558845333988,4,50.5,0,1,2,1,2,0,6
3286.5725748419645,4,35.0,0,0,2,1,0,0,3
3287.5794314270024,4,23.25,0,0,0,3,0,0,3
3288.592984982999,4,23.0,0,1,0,1,0,0,2
3289.6033514679875,4,17.0,0,1,0,1,0,0,2
3290.616373404977,4,23.0,0,0,1,1,0,0,2
3291.631225110963,4,23.25,0,1,1,1,0,0,3
3292.644034483994,4,23.25,0,1,3,1,0,0,5
3293.6584095509606,4,46.25,0,0,1,4,0,0,5
3294.672139071976,4,47.0,1,0,1,4,0,0,5
3295.683613411966,4,46.75,0,1,2,4,0,0,7
3296.697585115966,4,23.75,0,0,1,5,0,0,6
3297.7115127749857,4,49.5,0,1,0,6,0,0,7
3298.725251850963,4,31.25,0,1,0,7,0,0,8
3299.736453911988,4,72.0,0,0,0,8,0,0,8
3300.748964019993,4,69.5,0,0,0,8,0,0,8
3301.761765517993,4,22.0,0,0,0,7,0,0,7
3302.7740685789613,4,70.25,0,0,0,7,0,0,7
3303.7858745330013,4,23.25,0,1,0,6,0,0,7
3304.799407935003,4,41.75,0,1,0,3,3,0,7
3305.81533829798,4,71.25,0,1,0,1,5,0,7
3306.829428208992,4,23.0,0,1,0,1,5,0,7
3307.843056663987,4,23.75,0,1,0,0,1,1,3
3308.85442952998,4,0.0,0,0,0,1,0,0,1
3309.8680300230044,4,23.25,0,0,0,1,0,0,1
3310.8820114189875,4,0.0,0,0,0,0,1,0,1
3311.894824585994,4,0.0,0,0,0,0,0,0,0
3312.908412785968,4,0.0,0,1,0,0,0,0,1
3313.9227873539785,4,0.0,0,0,1,0,0,0,1
3314.9361610139604,4,0.0,1,0,1,0,0,0,1
3315.9504473190173,4,0.0,3,0,1,0,0,0,1
3316.964217027009,4,0.0,3,0,1,0,0,0,1
3317.978026133962,4,38.5,0,1,1,2,0,0,4
3318.9916500769905,4,68.5,0,0,0,4,0,0,4
3320.006173591013,4,71.25,0,0,0,4,0,0,4
3321.0173190399655,4,70.75,0,0,0,3,1,0,4
3322.0287823369727,4,46.75,0,0,0,2,0,0,2
3323.0421729859663,4,23.5,0,1,0,2,0,0,3
3324.057367182977,4,47.25,0,1,0,2,0,0,3
3325.0714164790115,4,47.75,2,1,0,2,0,0,3
3326.08494590997,4,0.0,3,1,0,0,2,0,3
3327.098395731009,4,0.0,0,6,0,0,0,2,8
3328.11232958897,4,0.0,0,0,4,2,0,0,6
3329.125855527993,4,73.5,0,3,0,6,0,0,9
3330.1399482449633,4,94.25,0,1,2,6,0,0,9
3331.151083856006,4,64.75,0,0,1,8,0,0,9
3332.1650941380067,4,94.75,1,0,1,6,2,0,9
3333.1787476699683,4,35.5,0,0,2,6,0,0,8
3334.191349687986,4,47.5,0,1,2,5,0,1,9
3335.204745768977,4,22.75,0,2,0,8,0,0,10
3336.2167409179965,4,95.75,0,2,0,8,0,0,10
3337.225142395997,4,94.5,0,2,0,6,0,1,9
3338.236089803977,4,39.0,0,0,1,9,0,0,10
3339.25035282498,4,71.5,0,0,1,9,0,1,11
3340.259177497006,4,34.5,0,0,1,6,3,0,10
3341.273580031004,4,94.0,0,0,0,5,4,1,10
3342.28593303496,4,44.5,0,0,1,6,0,0,7
3343.2997898000176,4,63.75,0,2,0,5,0,0,7
3344.3161175479763,4,23.5,1,2,0,5,0,0,7
3345.330114198965,4,46.5,1,2,0,5,0,0,7
3346.342261185986,4,27.5,0,1,2,6,0,0,9
3347.356484700984,4,59.25,0,1,0,7,1,0,9
3348.3669825319666,4,70.25,1,1,0,6,2,0,9
3349.379947834008,4,71.0,0,2,0,5,0,2,9
3350.3912939970032,4,46.5,0,0,1,5,0,0,6
3351.405255116988,4,67.5,0,1,0,6,0,0,7
3352.416916128015,4,10.25,0,1,0,6,0,0,7
3353.4291220040177,4,71.25,0,1,0,5,0,0,6
3354.4428976589697,4,28.0,0,0,1,6,0,0,7
3355.4535621349933,4,71.5,1,0,0,5,1,0,6
3356.4643260629964,4,31.75,0,1,0,4,1,1,7
3357.477865659981,4,92.25,1,1,0,2,3,1,7
3358.4915925120004,4,47.0,1,1,0,1,4,1,7
3359.504716207972,4,23.25,2,1,0,0,5,1,7
3360.519318537961,4,0.0,0,5,0,0,0,4,9
3361.53536413901,4,0.0,0,0,1,4,0,0,5
3362.549143623968,4,73.75,0,0,0,5,0,0,5
3363.563034588995,4,70.25,0,0,0,4,1,0,5
3364.57412043598,4,71.75,0,0,0,3,0,0,3
3365.588755060977,4,23.75,0,1,0,3,0,0,4
3366.601544080011,4,46.5,1,1,0,3,0,0,4
3367.615997179004,4,23.25,0,2,0,3,0,0,5
3368.6298591319937,4,23.5,0,3,0,3,0,0,6
3369.643911388004,4,5.25,0,0,1,4,0,0,5
3370.6576492079766,4,27.75,1,0,1,3,0,1,5
3371.6741394330165,4,0.0,0,2,0,4,0,0,6
3372.687720811984,4,46.5,0,2,0,3,0,1,6
3373.6994268689887,4,46.75,0,2,0,3,0,1,6
3374.712756629975,4,44.25,0,0,0,5,0,0,5
3375.726838920964,4,46.5,0,0,0,5,0,0,5
3376.7398834769847,4,50.5,0,0,0,5,0,0,5
3377.7542182299658,4,62.75,0,0,0,4,1,0,5
3378.7681569409906,4,45.25,0,0,0,2,0,0,2
3379.7805927809677,4,27.25,0,0,0,1,1,0,2
3380.7938046259806,4,23.5,0,0,0,1,0,0,1
3381.808704640018,4,23.0,1,1,0,1,0,0,2
3382.8217672460014,4,13.0,1,1,0,0,1,0,2
3383.835310583003,4,0.0,1,1,0,0,1,0,2
3384.849141651008,4,0.0,0,3,0,0,0,1,4
3385.862631330965,4,0.0,1,3,0,0,0,0,3
3386.876446217997,4,0.0,0,2,2,1,0,0,5
3387.8903234769823,4,23.25,0,2,1,2,0,0,5
3388.9040190189844,4,74.0,0,1,0,5,0,0,6
3389.91781338898,4,93.75,1,1,0,5,0,0,6
3390.931583703961,4,93.25,1,1,0,5,0,0,6
3391.9436995299766,4,93.75,3,1,0,5,0,0,6
3392.957382300985,4,93.75,3,1,0,5,0,0,6
3393.9716966839624,4,32.5,0,2,2,6,0,0,10
3394.9855489929905,4,47.75,0,1,1,7,1,0,10
3395.998965030012,4,63.0,0,1,0,6,0,0,7
3397.011112264998,4,23.5,0,0,1,5,0,0,6
3398.0250856789644,4,51.0,0,0,0,6,0,0,6
3399.0379443169804,4,50.75,0,1,0,6,0,0,7
3400.0487582039787,4,70.25,1,1,0,5,1,0,7
3401.0605544460122,4,69.75,2,1,0,3,3,0,7
3402.074743753008,4,23.75,2,1,0,0,6,0,7
3403.0870009550126,4,0.0,0,2,0,1,0,0,3
3404.1012528549763,4,29.0,0,3,1,2,0,0,6
3405.114964791981,4,32.5,0,0,1,5,0,0,6
3406.128604861966,4,69.5,0,0,1,4,1,0,6
3407.1426121660043,4,32.5,0,0,0,5,0,0,5
3408.154136453988,4,47.75,2,0,0,5,0,0,5
3409.1657405139995,4,37.75,0,3,0,4,1,0,8
3410.1790656439844,4,31.5,0,4,0,4,1,0,9
3411.190909872006,4,70.5,0,4,0,4,1,0,9
3412.200346869009,4,70.75,0,4,0,4,1,0,9
3413.2115158819943,4,52.25,0,4,1,3,0,1,9
3414.225402962009,4,48.5,0,4,0,3,0,1,8
3415.234828918008,4,0.0,0,3,1,3,1,0,8
3416.2487980499864,4,70.25,0,0,2,4,0,1,7
3417.262677524006,4,71.0,0,0,0,6,0,0,6
3418.2736765070003,4,70.75,0,0,0,6,0,0,6
3419.287538792996,4,71.5,0,0,0,6,0,0,6
3420.3009586029802,4,93.75,0,0,0,4,0,0,4
3421.3148963190033,4,47.75,0,0,0,4,0,0,4
3422.32812245097,4,72.0,1,0,0,4,0,0,4
3423.341105800995,4,70.0,1,0,0,3,1,0,4
3424.354820007982,4,46.25,0,3,0,3,0,0,6
3425.368713150965,4,23.25,0,1,1,3,0,0,5
3426.3802872649976,4,42.75,0,0,0,6,0,0,6
3427.3941079310025,4,68.25,0,0,0,5,1,0,6
3428.406428608985,4,81.75,0,0,0,4,0,0,4
3429.420413710992,4,69.75,0,0,0,3,0,1,4
3430.4324723039754,4,30.25,0,0,0,3,0,0,3
3431.4434550389997,4,63.25,0,0,0,3,0,0,3
3432.457174938987,4,41.25,0,0,1,3,0,0,4
3433.4716775749694,4,31.0,1,0,1,2,1,0,4
3434.484508123016,4,46.5,1,0,1,1,2,0,4
3435.498367776978,4,23.5,1,0,1,0,3,0,4
3436.5133676389814,4,0.0,0,2,0,1,0,3,6
3437.527184140985,4,23.5,0,3,0,1,0,1,5
3438.5412182009895,4,23.5,0,0,1,3,0,0,4
3439.554713563004,4,23.25,1,1,0,3,1,0,5
3440.5687098209746,4,46.5,0,4,0,3,0,1,8
3441.5824474389665,4,18.0,0,3,1,3,0,0,7
3442.5955146669876,4,61.5,0,3,0,4,0,0,7
3443.6087713619927,4,54.25,0,3,0,4,0,0,7
3444.6225291969604,4,71.0,0,3,0,4,0,0,7
3445.6366450869828,4,46.75,0,3,0,3,1,0,7
3446.6504938930157,4,49.0,0,0,3,2,0,0,5
3447.6644731810084,4,5.75,0,1,2,3,0,0,6
3448.678735591995,4,4.25,0,1,2,4,0,0,7
3449.686597755004,4,4.25,0,1,1,3,0,3,8
3450.6985349389724,4,25.0,0,1,0,5,0,0,6
3451.7124760869774,4,67.75,0,0,0,6,0,0,6
3452.725732859981,4,71.25,1,0,0,6,0,0,6
3453.73939482501,4,24.75,0,0,2,5,0,1,8
3454.7533399399836,4,70.0,0,0,0,7,0,0,7
3455.766885350982,4,70.0,1,0,0,7,0,0,7
3456.780777100008,4,71.0,0,1,0,6,1,0,8
3457.7940787709667,4,54.25,0,1,2,5,0,0,8
3458.806435114995,4,24.0,0,0,0,8,0,0,8
3459.8204124940094,4,58.75,0,0,0,8,0,0,8
3460.834129071969,4,58.0,0,0,0,3,0,2,5
3461.8462958309683,4,46.0,0,1,1,3,0,0,5
3462.8585913979914,4,47.0,0,1,1,3,0,0,5
3463.8728980349842,4,46.75,0,0,1,3,0,0,4
3464.886652684014,4,67.25,0,1,0,4,0,0,5
3465.9006879759836,4,93.0,1,1,0,4,0,0,5
3466.916150989011,4,51.5,0,0,1,5,0,0,6
3467.9266680749715,4,94.0,2,0,1,4,1,0,6
3468.939491760975,4,93.75,2,0,1,4,1,0,6
3469.951913703,4,45.75,0,2,0,5,0,0,7
3470.9656663310016,4,24.75,0,0,1,5,0,0,6
3471.9793374449946,4,31.5,0,2,0,5,0,0,7
3472.993766703992,4,9.5,0,2,2,5,0,0,9
3474.007478856016,4,47.25,0,2,1,5,0,0,8
3475.0200759199797,4,23.25,0,2,1,3,2,0,8
3476.033571297012,4,23.75,0,1,3,3,0,1,8
3477.04481262801,4,26.25,0,1,2,5,0,0,8
3478.058724848961,4,32.25,0,0,1,7,0,0,8
3479.0695357429795,4,72.25,0,0,0,8,0,0,8
3480.0830127489753,4,68.5,2,0,0,6,0,2,8
3481.097356053011,4,69.5,0,3,0,6,0,0,9
3482.110954050964,4,70.25,1,3,0,4,2,0,9
3483.124914655986,4,47.25,1,3,0,2,4,0,9
3484.1384782879613,4,8.5,0,4,1,2,0,4,11
3485.1498936639982,4,0.0,0,2,2,3,0,0,7
3486.1642627929687,4,24.25,0,0,1,5,1,0,7
3487.1779082909925,4,70.5,0,0,1,4,1,1,7
3488.1889593179803,4,68.0,0,0,1,4,0,0,5
3489.2028190519777,4,70.25,1,0,1,4,0,0,5
3490.2184261109796,4,46.75,0,2,1,3,0,1,7
3491.2324787449907,4,48.25,0,2,0,4,0,1,7
3492.2451873070095,4,13.5,0,3,1,4,0,0,8
3493.257181896013,4,41.25,0,0,1,7,0,0,8
3494.2692958840053,4,65.75,0,1,0,8,0,0,9
3495.2835493049934,4,93.75,0,1,0,8,0,0,9
3496.298139892984,4,70.75,0,1,0,6,0,0,7
3497.308138635999,4,71.5,0,1,0,5,1,0,7
3498.3199018749874,4,71.0,0,1,1,4,1,1,8
3499.3334807279753,4,58.0,0,2,1,5,0,0,8
3500.344920567004,4,38.25,0,0,0,7,1,0,8
3501.35884223599,4,93.25,0,0,0,6,1,1,8
3502.3724145980086,4,70.75,0,0,0,5,2,1,8
3503.383325869974,4,71.25,0,1,0,4,0,0,5
3504.3955242949887,4,0.0,0,0,0,5,0,0,5
3505.4074666879606,4,46.75,0,0,0,5,0,0,5
3506.421551125997,4,70.25,0,0,0,4,1,0,5
3507.428801600996,4,69.75,0,0,0,3,2,0,5
3508.4415121659986,4,33.25,0,0,2,3,0,0,5
3509.455686080968,4,4.75,0,0,0,3,0,0,3
3510.4691922729835,4,47.5,0,1,0,3,0,0,4
3511.483078068006,4,47.75,2,1,0,2,1,0,4
3512.49508009298,4,47.25,0,5,0,1,0,0,6
3513.507581268961,4,0.0,0,2,1,3,0,0,6
3514.5210832380108,4,23.5,0,0,0,6,0,0,6
3515.533675389015,4,46.25,0,0,0,5,1,0,6
3516.5484152379795,4,46.75,0,0,0,5,1,0,6
3517.562174179009,4,23.5,1,0,0,5,0,1,6
3518.5764572679764,4,39.75,0,1,0,5,0,0,6
3519.5884270049864,4,51.0,1,1,1,3,2,0,7
3520.6007301739883,4,39.75,0,2,1,3,0,0,6
3521.6129582719877,4,23.25,0,2,1,3,0,0,6
3522.625439880998,4,23.75,0,2,1,3,0,0,6
3523.636748060002,4,23.25,0,2,0,3,1,0,6
3524.6485341049847,4,37.0,0,2,0,3,2,0,7
3525.6603421890177,4,44.5,0,0,0,5,0,0,5
3526.6728750829934,4,23.0,2,2,0,5,0,0,7
3527.6849299859605,4,48.5,0,5,0,5,0,0,10
3528.6980849920074,4,22.25,0,4,1,4,0,0,9
3529.7117513719713,4,46.5,0,4,1,4,0,0,9
3530.72534496797,4,46.5,1,3,2,2,1,1,9
3531.737513198983,4,23.25,0,4,2,1,1,2,10
3532.75175149797,4,24.5,0,5,2,2,0,0,9
3533.7659073820105,4,0.0,0,2,3,4,0,0,9
3534.777667085,4,59.25,0,2,2,5,0,0,9
3535.7891285700025,4,44.5,0,2,1,6,0,0,9
3536.800894495973,4,46.5,0,2,1,6,0,0,9
3537.812455331965,4,94.0,0,0,1,8,0,0,9
3538.826614073012,4,95.25,2,0,1,6,2,0,9
3539.840255312971,4,94.5,3,0,1,5,0,3,9
3540.8518019460025,4,62.5,0,3,1,3,1,2,10
3541.8636397299706,4,70.25,0,0,5,3,0,0,8
3542.8766754369717,4,53.75,0,0,4,4,0,0,8
3543.8901915570023,4,72.0,0,0,0,6,1,0,7
3544.9037956669927,4,90.25,0,0,0,5,2,0,7
3545.917073092016,4,71.0,0,0,0,4,3,0,7
3546.9302606199635,4,46.75,2,0,0,4,3,0,7
3547.9438846450066,4,22.0,0,0,1,4,0,0,5
3548.9578428529785,4,48.25,0,0,0,4,1,0,5
3549.969459476997,4,23.75,0,0,0,4,0,0,4
3550.983355327975,4,47.0,1,0,0,4,0,0,4
3551.996769919002,4,23.25,1,0,0,2,2,0,4
3553.010853949003,4,22.25,0,0,1,1,0,0,2
3554.024783917994,4,20.75,0,2,0,2,0,0,4
3555.037653049978,4,23.25,0,2,0,2,0,0,4
3556.051250179007,4,23.5,1,2,0,2,0,0,4
3557.064885068976,4,23.25,2,2,0,2,0,0,4
3558.078450988978,4,23.75,4,2,0,1,1,0,4
3559.090849275992,4,1.75,0,4,1,2,0,0,7
3560.1030977059854,4,23.25,0,4,0,2,1,0,7
3561.1162119060173,4,0.0,0,2,2,3,0,0,7
3562.1300021029892,4,47.75,2,2,2,3,0,0,7
3563.1440728160087,4,48.0,0,4,2,4,0,0,10
3564.157457419962,4,47.25,0,1,2,7,0,0,10
3565.171698671009,4,49.75,0,0,1,9,0,0,10
3566.1849305109936,4,95.75,0,0,0,9,1,0,10
3567.196144837013,4,94.5,1,0,0,8,2,0,10
3568.2083568579983,4,96.0,2,0,0,6,4,0,10
3569.2226709219976,4,95.0,2,0,0,4,6,0,10
3570.236694688967,4,43.0,0,1,1,6,0,0,8
3571.25425426499,4,51.5,0,6,0,5,3,0,14
3572.2679300209857,4,95.5,2,6,0,4,3,1,14
3573.281520024,4,46.25,0,5,1,5,0,3,14
3574.2956066710176,4,21.0,0,1,4,4,3,0,12
3575.309463839978,4,49.5,0,0,0,8,0,0,8
3576.3222415419878,4,62.25,0,0,0,5,3,0,8
3577.3343266120064,4,52.5,3,0,0,4,4,0,8
3578.3466779359733,4,44.75,7,0,0,2,5,1,8
3579.360296528961,4,23.5,0,8,0,2,0,4,14
3580.3741862339666,4,24.25,0,3,4,4,0,0,11
3581.3875319510116,4,59.75,0,2,2,8,0,1,13
3582.401042728976,4,68.0,0,2,1,6,3,1,13
3583.415331983997,4,47.0,0,0,1,6,0,1,8
3584.4287385439966,4,95.0,0,0,1,6,0,0,7
3585.4429231589893,4,69.75,0,0,0,7,0,0,7
3586.4571133580175,4,88.0,0,0,0,6,1,0,7
3587.471892422007,4,70.5,1,0,0,4,3,0,7
3588.485952302988,4,71.0,3,0,0,3,4,0,7
3589.496409526968,4,46.75,0,1,2,2,0,0,5
3590.510222718003,4,0.0,0,0,0,5,0,0,5
3591.522107999015,4,35.75,0,1,0,3,2,0,6
3592.5356047649984,4,45.0,0,0,1,3,0,0,4
3593.549104520993,4,23.25,0,0,0,3,0,0,3
3594.5632840530016,4,23.25,0,0,0,3,0,0,3
3595.5774185719783,4,29.25,0,0,0,3,0,0,3
3596.588467885973,4,47.25,2,0,0,2,1,0,3
3597.601964825997,4,47.25,2,0,0,2,1,0,3
3598.6159769879887,4,46.75,2,0,0,1,2,0,3
3599.629155942006,4,0.0,0,2,0,0,0,1,3
3600.6430522839655,4,4.5,0,0,1,1,0,0,2
3601.656910592981,4,23.25,0,0,1,1,0,0,2
3602.6689260730054,4,23.75,1,0,1,1,0,0,2
3603.6809510400053,4,23.25,2,0,1,1,0,0,2
3604.69470072299,4,23.25,3,0,1,1,0,0,2
3605.7070361669757,4,23.5,0,2,2,2,0,0,6
3606.7206637439667,4,48.5,0,0,2,4,0,0,6
3607.732794350013,4,38.75,0,0,1,4,1,0,6
3608.745735080971,4,47.5,0,1,0,5,0,0,6
3609.7571421850007,4,49.75,0,2,0,4,0,1,7
3610.7642686460167,4,71.0,1,2,0,4,0,1,7
3611.7783123750123,4,70.25,0,3,1,4,0,0,8
3612.7919813839835,4,23.25,0,1,3,6,0,0,10
3613.803960249992,4,25.0,0,0,2,7,0,1,10
3614.8176510359626,4,51.5,0,0,0,8,0,0,8
3615.831688470964,4,23.25,0,1,0,7,1,0,9
3616.845370456984,4,39.25,0,1,0,7,0,0,8
3617.856822406,4,46.25,0,2,0,6,0,0,8
3618.8707864629687,4,12.5,0,2,1,6,0,0,9
3619.884750788973,4,55.25,0,0,2,6,0,0,8
3620.8971345099853,4,92.75,0,0,1,7,0,0,8
3621.909575873986,4,93.0,0,0,1,5,2,0,8
3622.9189927660045,4,46.5,0,0,1,5,0,0,6
3623.933005338011,4,47.0,0,0,1,5,0,0,6
3624.944235834002,4,47.25,0,0,0,2,0,0,2
3625.9551093779737,4,23.5,1,0,0,1,1,0,2
3626.9729702990153,4,7.5,0,1,0,0,0,0,1
3627.9869829890085,4,0.0,0,1,0,0,0,0,1
3629.0009502649773,4,22.75,0,2,0,1,0,0,3
3630.01500520797,4,23.75,0,3,0,1,0,0,4
3631.0291726909927,4,24.0,1,3,0,1,0,0,4
3632.042663124972,4,23.5,2,3,0,1,0,0,4
3633.0550365609815,4,11.5,0,2,1,3,0,0,6
3634.066149440012,4,56.25,0,0,0,6,0,0,6
3635.079754081962,4,70.75,0,0,0,6,0,0,6
3636.094449650962,4,70.5,1,0,0,6,0,0,6
3637.108592420991,4,53.25,0,2,0,4,1,0,7
3638.1225370569737,4,11.75,0,3,1,4,0,0,8
3639.136359833996,4,13.75,0,1,1,7,0,0,9
3640.149878290016,4,94.75,1,1,1,6,1,0,9
3641.1636456960114,4,94.75,1,1,1,5,2,0,9
3642.177685730974,4,70.75,1,1,1,4,3,0,9
3643.191272432974,4,38.0,0,0,2,4,1,0,7
3644.2026422579656,4,43.5,0,0,0,5,1,0,6
3645.216712394962,4,53.0,0,0,0,3,0,0,3
3646.230347180972,4,0.0,1,2,1,2,1,0,6
3647.2441724959644,4,0.0,0,3,2,2,0,0,7
3648.258379748964,4,23.25,0,8,1,3,0,0,12
3649.272042480996,4,13.5,0,4,1,8,0,0,13
3650.2861066170153,4,45.25,0,4,0,5,0,1,10
3651.2985092829913,4,35.75,0,5,0,4,1,0,10
3652.3120225149905,4,47.25,4,5,0,2,3,0,10
3653.3241254579625,4,47.0,6,5,0,2,3,0,10
3654.338262067002,4,47.25,0,8,3,2,0,3,16
3655.3495370419696,4,0.0,0,6,4,3,0,0,13
3656.3637057419983,4,4.25,0,7,1,6,0,0,14
3657.3771340230014,4,47.0,0,8,1,5,1,0,15
3658.391188689973,4,69.75,0,2,5,5,0,1,13
3659.4005617100047,4,48.25,1,0,6,4,2,0,12
3660.4141720680054,4,46.5,1,0,6,3,3,0,12
3661.4221636789734,4,47.25,3,0,6,2,4,0,12
3662.436136409,4,46.0,0,5,4,3,0,0,12
3663.450161809975,4,25.0,0,1,7,5,0,0,13
3664.4637263249606,4,36.0,0,1,3,7,1,0,12
3665.475883906998,4,40.0,0,1,2,6,0,1,10
3666.487440156983,4,32.25,0,2,1,7,0,0,10
3667.5007329770015,4,42.0,1,3,0,8,1,0,12
3668.512383984984,4,94.0,2,3,0,6,3,0,12
3669.523917122977,4,95.25,0,4,0,6,1,1,12
3670.5352689949796,4,71.75,1,3,1,6,0,1,11
3671.549034598982,4,94.0,2,3,1,6,0,1,11
3672.5635330399964,4,83.75,0,5,2,6,0,0,13
3673.5765753519954,4,34.25,1,7,1,6,0,2,16
3674.5906194290146,4,0.0,4,5,2,9,0,0,16
3675.6039112659637,4,24.5,5,5,2,7,2,0,16
3676.616913670965,4,94.25,5,5,2,5,4,0,16
3677.62820603,4,91.0,3,4,2,8,1,1,16
3678.640497380984,4,73.0,2,6,2,8,0,0,16
3679.653950975975,4,68.5,2,6,0,8,2,0,16
3680.6677684579627,4,93.75,3,6,0,7,3,0,16
3681.6798565160134,4,94.25,3,4,2,5,5,0,16
3682.6918684460106,4,95.5,4,4,2,4,5,1,16
3683.7056911539985,4,79.5,0,5,2,6,0,0,13
3684.71777388599,4,34.25,0,1,2,8,0,0,11
3685.728798708995,4,69.5,0,3,0,7,3,0,13
3686.742982983007,4,55.25,0,3,0,5,5,0,13
3687.7568404689664,4,46.25,1,3,0,4,5,1,13
3688.7762997900136,4,47.25,2,3,0,3,6,1,13
3689.787699299981,4,47.25,0,3,1,4,0,0,8
3690.8000757539994,4,60.75,0,1,1,7,0,0,9
3691.811368144001,4,81.75,0,2,0,8,0,0,10
3692.8252705149935,4,95.0,0,1,1,7,1,0,10
3693.8387075290084,4,43.5,0,2,1,7,0,0,10
3694.8520007010084,4,36.5,0,3,1,4,0,1,9
3695.8657503550057,4,46.25,0,3,1,4,0,1,9
3696.8797123539844,4,46.5,0,2,1,6,0,0,9
3697.8932580369874,4,24.0,0,0,0,9,0,0,9
3698.9070156489615,4,32.5,0,0,1,9,0,0,10
3699.920882819977,4,95.0,0,0,0,9,1,0,10
3700.9319718859624,4,70.75,2,0,0,6,4,0,10
3701.9449243159615,4,47.0,0,2,0,4,0,1,7
3702.9599541989737,4,53.75,0,1,0,5,0,0,6
3703.973017341981,4,72.0,1,0,0,6,0,0,6
3704.986330705986,4,94.25,3,0,0,6,0,0,6
3706.000436178001,4,93.25,3,0,0,4,2,0,6
3707.0141154009616,4,71.75,3,0,0,3,1,2,6
3708.025430717971,4,23.25,0,4,0,2,0,1,7
3709.0390845729853,4,47.0,0,4,1,2,0,0,7
3710.0529394089826,4,0.5,1,1,3,3,0,0,7
3711.06703087996,4,70.0,1,1,3,2,1,0,7
3712.0786279229796,4,24.75,0,1,0,5,1,0,7
3713.0948257379932,4,95.5,0,1,0,6,0,0,7
3714.1056851350004,4,35.75,0,0,0,6,1,0,7
3715.119264893001,4,70.75,1,0,0,5,2,0,7
3716.131287864002,4,71.25,2,0,0,5,2,0,7
3717.1453224699944,4,70.75,2,0,0,5,2,0,7
3718.158725539979,4,53.25,0,5,0,4,0,2,11
3719.172810784017,4,72.0,0,5,1,3,0,0,9
3720.186530918989,4,0.0,0,1,4,3,1,0,9
3721.1998541859793,4,7.5,0,1,3,1,0,0,5
3722.217269827961,4,45.25,0,0,2,3,0,0,5
3723.2308849690016,4,46.5,1,0,1,3,1,0,5
3724.243445625005,4,47.75,2,0,1,2,2,0,5
3725.2569920159876,4,48.0,3,2,1,2,0,2,7
3726.2693557869643,4,0.0,0,5,1,2,0,0,8
3727.280785629002,4,22.5,0,0,4,2,0,0,6
3728.296458780009,4,25.0,0,0,3,3,0,0,6
3729.3100064079626,4,24.0,1,0,3,3,0,0,6
3730.3234599409625,4,22.75,0,2,1,5,0,0,8
3731.3371793449624,4,47.25,0,2,1,4,1,0,8
3732.3503424439696,4,46.75,1,2,1,4,1,0,8
3733.363921878976,4,47.5,1,2,1,4,0,1,8
3734.3779589689802,4,40.75,0,5,0,4,0,0,9
3735.3921909920173,4,22.75,0,3,0,5,0,0,8
3736.4060338999843,4,47.75,1,3,0,5,0,0,8
3737.418314494018,4,52.25,0,1,4,5,0,0,10
3738.432256104017,4,30.75,0,1,3,7,0,0,11
3739.445872496988,4,69.0,0,0,2,9,0,0,11
3740.4581024979707,4,48.75,0,0,1,8,2,0,11
3741.470383530017,4,71.25,0,0,1,7,3,0,11
3742.4821780810016,4,69.75,0,0,1,6,4,0,11
3743.496172086976,4,70.0,0,0,0,7,0,2,9
3744.5090872849687,4,38.5,0,1,1,6,0,0,8
3745.522181376,4,37.25,0,1,0,6,0,1,8
3746.5358296449995,4,46.5,0,1,0,5,1,1,8
3747.5484397009714,4,47.25,0,0,1,3,0,0,4
3748.5620411990094,4,18.75,0,0,0,3,0,1,4
3749.575881214987,4,23.0,0,0,0,3,0,0,3
3750.5887833450106,4,33.0,1,1,0,2,1,0,4
3751.6024172219913,4,23.25,1,1,0,2,1,0,4
3752.6145650600083,4,4.75,0,2,1,2,0,0,5
3753.628351758991,4,11.5,0,3,0,2,0,0,5
3754.6421553649707,4,25.75,0,2,1,1,1,0,5
3755.655763348972,4,47.5,0,0,1,3,0,0,4
3756.6700600499753,4,46.75,0,1,0,4,0,0,5
3757.683881800971,4,70.0,0,0,1,4,0,0,5
3758.6951165560167,4,47.75,0,0,1,4,0,0,5
3759.7057195059606,4,70.0,0,0,1,4,0,0,5
3760.715949061967,4,46.75,0,0,1,2,2,0,5
3761.723879180965,4,46.75,1,0,1,2,0,2,5
3762.7365780629916,4,28.25,0,1,0,2,0,0,3
3763.750036612968,4,22.0,0,0,0,3,0,0,3
3764.7639094609767,4,46.75,2,0,0,2,1,0,3
3765.777764655999,4,1.5,0,5,0,2,0,0,7
3766.7916454760125,4,23.25,0,1,2,4,0,0,7
3767.804981281981,4,47.75,0,0,3,3,0,0,6
3768.8195012090146,4,47.25,0,0,3,2,1,0,6
3769.8337612189935,4,46.75,2,0,3,2,1,0,6
3770.8476042819675,4,23.5,0,2,1,3,0,0,6
3771.861771958007,4,21.25,0,2,0,6,0,0,8
3772.875750402978,4,46.0,0,0,1,7,0,0,8
3773.889553950983,4,71.0,0,0,1,6,1,0,8
3774.9032990999985,4,70.0,0,0,1,6,1,0,8
3775.9170940640033,4,66.5,0,2,0,6,0,0,8
3776.928062602994,4,50.0,0,1,0,7,0,0,8
3777.9368655820144,4,70.25,1,1,0,7,0,0,8
3778.9505383769865,4,46.5,2,1,0,5,2,0,8
3779.9640432909946,4,23.25,0,2,1,4,0,1,8
3780.978265946964,4,27.75,0,2,1,4,0,1,8
3781.9918011639966,4,21.5,0,3,0,3,0,0,6
3783.0048544380115,4,47.5,0,1,0,5,0,0,6
3784.013562089007,4,46.75,0,2,1,5,0,0,8
3785.0257531689713,4,93.0,1,2,1,5,0,0,8
3786.0397947689635,4,29.5,1,3,1,5,0,0,9
3787.052258953976,4,91.0,1,3,0,5,1,0,9
3788.06391335401,4,94.75,2,3,0,5,1,0,9
3789.0784907249617,4,94.5,0,5,0,4,0,2,11
3790.0943940709694,4,38.0,0,2,2,5,0,0,9
3791.1082203959813,4,43.5,0,1,1,7,0,0,9
3792.1214926550165,4,84.75,0,0,1,6,0,1,8
3793.131757588999,4,24.5,1,0,0,7,0,0,7
3794.145312140987,4,41.0,0,0,0,7,1,0,8
3795.1591081969673,4,70.0,0,0,0,5,0,0,5
3796.1727746439865,4,70.75,0,0,0,5,0,0,5
3797.1878175789607,4,62.75,1,0,0,5,0,0,5
3798.2011005670065,4,47.75,0,1,0,3,0,1,5
3799.2143856280018,4,43.25,0,1,0,4,0,0,5
3800.228011420986,4,70.75,1,1,0,2,2,0,5
3801.2404304359807,4,47.25,1,1,0,1,3,0,5
3802.253988855984,4,0.0,0,1,1,1,0,0,3
3803.2676916680066,4,23.75,0,0,1,2,0,0,3
3804.279882549017,4,47.0,0,0,0,3,0,0,3
3805.2937917149975,4,46.75,0,1,0,3,0,0,4
3806.3078260630136,4,47.25,0,2,3,3,0,0,8
3807.3215876370086,4,54.0,0,1,1,6,0,0,8
3808.3336841560085,4,46.25,3,1,0,5,2,0,8
3809.347158317978,4,46.5,0,4,0,5,0,0,9
3810.359515508986,4,48.0,2,4,0,4,1,0,9
3811.372859933006,4,46.75,2,4,0,4,1,0,9
3812.386749051977,4,47.0,0,9,0,4,0,0,13
3813.4002697879914,4,23.75,0,6,1,4,0,1,12
3814.4202613959787,4,5.25,0,2,2,7,1,0,12
3815.4322143279715,4,30.5,0,1,2,7,0,0,10
3816.444287805003,4,40.25,0,1,2,7,0,0,10
3817.457111835014,4,70.25,0,0,1,6,0,1,8
3818.4707552939653,4,95.25,0,3,1,6,0,0,10
3819.484743762994,4,95.0,0,0,4,5,0,0,9
3820.4983518419904,4,77.5,0,0,0,9,0,0,9
3821.5116819050163,4,87.0,1,0,0,8,1,0,9
3822.5256924899877,4,70.5,1,0,0,6,3,0,9
3823.5411208309815,4,50.25,2,0,0,4,0,5,9
3824.554955917003,4,36.25,0,2,1,3,0,0,6
3825.5684652609634,4,27.0,0,0,0,6,0,0,6
3826.580004487012,4,47.25,0,0,0,5,0,0,5
3827.591430781991,4,67.0,0,0,0,4,0,0,4
3828.604920045007,4,23.5,0,0,0,3,0,0,3
3829.6166501760017,4,37.0,0,0,0,3,0,0,3
3830.6303175319918,4,23.25,0,0,0,3,0,0,3
3831.6444070709986,4,46.5,0,0,0,3,0,0,3
3832.657789986988,4,27.0,0,0,0,2,0,1,3
3833.6701312799705,4,23.75,0,1,0,2,0,0,3
3834.681056227011,4,2.75,0,2,1,2,0,0,5
3835.693801107991,4,53.0,0,0,1,4,0,0,5
3836.7073798109777,4,71.0,0,1,0,5,0,0,6
3837.7214618319995,4,70.5,0,1,0,3,2,0,6
3838.735538596986,4,71.0,2,1,0,3,2,0,6
3839.748949842993,4,72.0,2,1,0,3,2,0,6
3840.7625008139876,4,70.0,2,1,0,3,0,2,6
3841.776070793974,4,48.0,0,1,2,4,0,0,7
3842.789506968984,4,22.5,0,3,2,3,0,0,8
3843.8032572959783,4,73.0,0,3,0,4,1,0,8
3844.8150169369765,4,71.0,0,3,0,3,2,0,8
3845.8267149329768,4,47.25,2,3,0,2,3,0,8
3846.8383910299744,4,32.0,0,4,1,2,0,1,8
3847.850539933017,4,71.0,0,1,2,5,0,0,8
3848.8623231779784,4,46.0,0,2,0,8,0,0,10
3849.874858153984,4,71.25,0,2,0,8,0,0,10
3850.8877060919767,4,70.5,0,2,0,7,1,0,10
3851.899074481975,4,47.5,1,2,0,6,2,0,10
3852.912799462967,4,9.75,0,3,1,7,0,0,11
3853.92667667201,4,43.5,0,0,1,8,1,1,11
3854.9410198209807,4,93.25,0,0,0,7,3,0,10
3855.9528798619867,4,69.25,0,0,0,6,0,1,7
3856.966678436962,4,47.75,0,0,0,3,0,0,3
3857.980621066992,4,23.5,0,2,2,3,0,0,7
3858.9940299189766,4,45.5,1,1,1,4,0,0,6
3860.008143074985,4,21.25,0,4,1,5,0,0,10
3861.020156022976,4,69.5,0,0,3,3,0,0,6
3862.034029404982,4,69.25,0,2,0,5,0,0,7
3863.0478311670013,4,5.5,0,3,1,4,0,0,8
3864.059890175995,4,47.0,1,3,1,4,0,0,8
3865.07218508597,4,45.25,1,3,1,2,2,0,8
3866.083601154969,4,4.75,0,3,3,1,1,2,10
3867.097291307,4,12.5,0,3,1,3,0,1,8
3868.1112865780015,4,72.0,0,2,0,4,0,0,6
3869.12180385401,4,47.5,0,0,0,4,0,0,4
3870.133799006988,4,60.25,0,0,0,4,0,0,4
3871.145277760981,4,36.0,0,0,0,4,0,0,4
3872.1587170640123,4,23.5,0,0,1,4,0,0,5
3873.1733023129636,4,49.0,0,0,0,5,0,0,5
3874.187372547982,4,47.0,0,1,0,4,0,0,5
3875.1985431580106,4,46.5,0,1,0,4,0,0,5
3876.2124199619866,4,23.75,0,2,0,5,0,0,7
3877.2260077020037,4,48.5,0,1,1,6,0,0,8
3878.240189914999,4,47.5,0,1,0,6,0,0,7
3879.253925332974,4,60.75,0,1,0,6,0,0,7
3880.266247135005,4,47.25,0,0,0,6,0,0,6
3881.279417869984,4,30.0,0,1,0,3,0,0,4
3882.2933891899884,4,71.0,0,0,0,2,0,0,2
3883.3072882039705,4,47.0,0,1,1,3,0,0,5
3884.320902323001,4,51.25,0,0,1,4,0,0,5
3885.332283656986,4,23.75,0,0,0,4,0,0,4
3886.3466444580117,4,46.75,0,0,0,3,0,0,3
3887.360535793996,4,46.75,0,0,0,3,0,0,3
3888.373232899001,4,46.25,2,0,0,2,1,0,3
3889.38891094696,4,47.0,2,0,0,2,1,0,3
3890.403158693982,4,47.0,0,3,0,1,0,0,4
3891.416985771968,4,0.0,1,3,0,1,0,0,4
3892.4308103399817,4,5.25,0,2,2,1,0,0,5
3893.444957686006,4,0.0,0,1,1,4,0,0,6
3894.4560355059803,4,25.0,0,0,0,7,0,0,7
3895.470070876996,4,69.5,0,0,0,6,0,0,6
3896.4825952060055,4,47.25,0,1,0,6,0,0,7
3897.4962976739625,4,71.0,0,1,0,6,0,0,7
3898.5077162350062,4,71.25,0,1,1,6,0,0,8
3899.5200218799873,4,51.0,1,1,0,6,1,0,8
3900.53287807398,4,57.0,0,1,0,6,0,1,8
3901.5468601339962,4,47.75,0,0,1,6,0,0,7
3902.5581567749614,4,70.0,0,0,1,5,0,0,6
3903.569714069017,4,41.75,0,0,0,6,0,0,6
3904.5838225579937,4,47.5,1,0,0,2,4,0,6
3905.597473667003,4,29.5,2,0,0,2,4,0,6
3906.61129959597,4,23.0,2,0,0,1,1,4,6
3907.62489140901,4,23.25,0,2,0,1,0,0,3
3908.6385714419885,4,23.5,0,0,2,0,0,0,2
3909.65235088201,4,9.5,0,0,1,1,0,0,2
3910.665849382989,4,23.5,0,0,1,1,0,0,2
3911.679908315011,4,23.5,0,0,1,1,0,0,2
3912.6937621349934,4,23.75,1,0,1,1,0,0,2
3913.7073704199865,4,21.0,0,2,0,2,0,0,4
3914.71849318,4,48.0,0,0,0,4,0,0,4
3915.7298320769914,4,47.0,0,0,0,4,0,0,4
3916.74326928996,4,70.0,0,0,0,4,0,0,4
3917.7569546930026,4,70.25,0,0,0,3,0,1,4
3918.7710853199824,4,40.0,0,0,0,2,0,0,2
3919.7846582569764,4,14.75,0,3,0,2,0,0,5
3920.798423032975,4,42.5,0,3,0,1,1,0,5
3921.811622355017,4,23.5,0,3,0,0,2,0,5
3922.825571032008,4,0.0,0,3,0,0,2,0,5
3923.838847316976,4,0.0,0,0,2,1,0,0,3
3924.8524404219934,4,26.25,0,0,0,3,0,0,3
3925.8640057879966,4,47.25,0,0,0,3,0,0,3
3926.8782222520094,4,47.25,0,0,0,3,0,0,3
3927.891581562988,4,46.75,0,0,0,2,0,0,2
3928.905419941002,4,23.5,0,0,0,2,0,0,2
3929.919216108974,4,19.5,0,0,0,2,0,0,2
3930.927108041011,4,23.25,0,0,0,1,1,0,2
3931.939779723005,4,23.5,0,0,0,0,2,0,2
3932.954028208973,4,0.0,0,1,0,0,0,2,3
3933.9678420579876,4,0.0,0,7,0,0,0,0,7
3934.981382380007,4,20.5,0,5,3,2,0,0,10
3935.9937754640123,4,23.5,0,5,3,1,1,0,10
3937.005785435962,4,0.0,0,3,2,3,0,2,10
3938.020098681969,4,13.25,0,1,1,4,0,0,6
3939.0328181599616,4,37.75,0,0,0,3,0,0,3
3940.046059824992,4,13.75,0,0,0,2,1,0,3
3941.059793933993,4,23.25,0,0,0,1,2,0,3
3942.0739994309843,4,23.5,0,0,0,1,2,0,3
3943.085967509018,4,23.5,0,0,0,1,0,0,1
3944.1004725209787,4,22.25,0,0,0,1,0,0,1
3945.11226813501,4,23.5,0,0,0,1,0,0,1
3946.1258512740023,4,23.5,0,0,0,0,1,0,1
3947.139651214995,4,0.0,0,0,0,0,0,0,0
3948.1527952089673,4,0.0,0,0,0,0,0,0,0
3949.1679173560115,4,0.0,0,0,0,0,0,0,0
3950.1818054249743,4,0.0,0,0,0,0,0,0,0
3951.1949779089773,4,0.0,0,0,0,0,0,0,0
3952.2087409669766,4,0.0,0,0,0,0,0,0,0
3953.2223682460026,4,0.0,1,0,0,0,0,0,0
3954.2366170209716,4,0.0,0,6,0,0,0,0,6
3955.248720654985,4,0.0,0,4,6,2,0,0,12
3956.2615704779746,4,18.25,0,5,2,4,2,0,13
3957.2750726169907,4,57.0,4,5,1,0,2,5,13
3958.2892619170016,4,0.0,0,9,4,1,0,2,16
3959.3029112140066,4,0.0,0,9,5,0,0,0,14
3960.3155221719644,4,12.25,0,9,4,3,0,0,16
3961.329263952968,4,24.25,0,8,4,2,2,0,16
3962.342802714964,4,47.75,0,3,8,4,0,0,15
3963.3572199919727,4,0.0,0,1,3,10,1,0,15
3964.3709681539913,4,57.5,0,2,1,4,7,1,15
3965.3848797599785,4,47.25,0,2,0,2,10,1,15
3966.398863932991,4,47.0,0,2,0,1,9,3,15
3967.4127437259885,4,23.5,0,1,1,0,0,3,5
3968.4265093749855,4,0.0,0,1,0,0,1,3,5
