offset_s,held_gpus,held_gpu_utilization_mean_percent,arrival_to_gate,gate_to_source_admission,source_to_native_dispatch,native_dispatch_to_last_token,last_token_to_controller_completion,controller_completion_to_terminal,gate_to_terminal
0.8184360380400904,1,24.0,1,0,0,0,0,0,0
1.8321408160263672,1,0.0,1,0,0,0,0,0,0
2.846220228995662,1,0.0,1,0,0,0,0,0,0
3.860115338000469,1,0.0,1,0,0,0,0,0,0
4.8741152380243875,1,0.0,1,0,0,0,0,0,0
5.887839549046475,1,0.0,1,0,0,0,0,0,0
6.901144107047003,1,0.0,1,0,0,0,0,0,0
7.914859772019554,1,0.0,1,0,0,0,0,0,0
8.928367700020317,1,0.0,1,0,0,0,0,0,0
9.941704010998365,1,0.0,1,0,0,0,0,0,0
10.955364004999865,1,0.0,1,0,0,0,0,0,0
11.968846748990472,1,0.0,2,0,0,0,0,0,0
12.98167651303811,1,0.0,2,0,0,0,0,0,0
13.995505425031297,1,0.0,3,0,0,0,0,0,0
15.012425419001374,1,0.0,3,0,0,0,0,0,0
16.02578478201758,1,0.0,3,0,0,0,0,0,0
17.040233083011117,1,0.0,3,0,0,0,0,0,0
18.053362789039966,1,0.0,3,0,0,0,0,0,0
19.06681111099897,1,0.0,3,0,0,0,0,0,0
20.08039917401038,1,0.0,3,0,0,0,0,0,0
21.09405550803058,1,0.0,3,0,0,0,0,0,0
22.10736588004511,1,0.0,4,0,0,0,0,0,0
23.120825359015726,1,0.0,4,0,0,0,0,0,0
24.134728564997204,1,0.0,0,0,4,0,0,0,4
25.148863641021308,1,0.0,0,0,3,1,0,0,4
26.16173647902906,1,100.0,0,0,0,4,0,0,4
27.17542050004704,1,96.0,0,0,0,4,0,0,4
28.189021608035546,1,59.0,0,0,0,3,0,0,3
29.200906343001407,1,98.0,0,0,0,2,0,0,2
30.21452090900857,1,76.0,0,0,0,2,0,0,2
31.22874251299072,1,92.0,0,0,0,2,0,0,2
32.24299126002006,1,93.0,0,0,0,0,0,0,0
33.25682059000246,1,0.0,0,0,0,0,0,0,0
34.2708507310017,1,0.0,0,0,0,0,0,0,0
35.28370315703796,1,0.0,0,0,0,0,0,0,0
36.29732849099673,1,0.0,0,0,0,1,0,0,1
37.30990394600667,1,74.0,0,0,1,2,0,0,3
38.323805054009426,1,65.0,0,0,0,3,0,0,3
39.33829147304641,1,40.0,0,0,0,3,0,0,3
40.3520000790013,1,97.0,0,0,1,3,0,0,4
41.36636912502581,1,97.0,1,0,0,4,0,0,4
42.3802051700186,1,94.0,2,0,0,3,1,0,4
43.39375488401856,1,57.0,2,0,0,4,0,0,4
44.40719319699565,1,97.0,1,0,1,3,0,0,4
45.420507593022194,1,97.0,0,1,0,3,0,0,4
46.43398593500024,1,95.0,0,0,0,3,0,0,3
47.44697124802042,1,94.0,0,0,1,2,0,0,3
48.46054303704295,1,95.0,0,0,0,3,0,0,3
49.47345813200809,1,94.0,0,1,0,3,0,0,4
50.48750188201666,1,52.0,1,0,0,4,0,0,4
51.49964233901119,2,48.0,2,0,0,4,0,0,4
52.51348812499782,3,31.333333333333332,3,1,0,3,0,0,4
53.527580479043536,3,0.0,3,0,0,4,0,0,4
54.541660140035674,3,50.333333333333336,3,0,0,4,0,0,4
55.55544290901162,3,59.333333333333336,3,0,0,4,0,0,4
56.56871688604588,4,45.5,3,0,2,2,0,0,4
57.58199490001425,4,46.0,3,0,2,2,0,0,4
58.596662164025474,4,23.75,5,0,0,4,0,0,4
59.61120625503827,4,34.75,7,0,0,3,0,1,4
60.62613783904817,4,17.5,6,0,1,3,0,0,4
61.638672164001036,4,24.5,6,0,0,4,0,0,4
62.65294517099392,4,34.25,6,0,0,3,1,0,4
63.66762510902481,4,27.5,5,0,1,3,0,0,4
64.682017714018,4,0.75,6,0,0,4,0,0,4
65.6967853489914,4,24.25,7,0,0,4,0,0,4
66.71031626104377,4,11.75,8,0,0,4,0,0,4
67.7245219850447,4,30.5,7,1,0,3,0,0,4
68.73876692703925,4,2.5,7,0,0,4,0,0,4
69.75324872403871,4,39.5,7,0,0,4,0,0,4
70.7670157350367,4,23.5,7,0,0,4,0,0,4
71.77992459299276,4,18.5,6,1,0,3,0,0,4
72.79412690503523,4,25.0,2,0,2,6,0,0,8
73.80741328204749,4,46.75,0,0,0,10,0,0,10
74.82119112700457,4,71.75,0,0,0,8,0,0,8
75.83530537900515,4,64.0,0,0,0,6,0,0,6
76.84862010402139,4,69.5,0,0,0,6,0,0,6
77.86171222303528,4,52.25,0,0,0,6,0,0,6
78.87346873799106,4,69.5,0,1,0,5,0,0,6
79.88437582104234,4,67.25,0,0,0,6,0,0,6
80.89813135599252,4,69.5,0,0,0,5,0,0,5
81.91154506400926,4,29.75,0,0,1,3,0,0,4
82.92529030301375,4,24.75,0,1,2,3,0,0,6
83.93927236704621,4,70.25,0,0,3,3,0,0,6
84.95284769003047,4,70.0,0,0,2,4,0,0,6
85.96659337700112,4,48.5,0,0,1,5,0,0,6
86.98102053801995,4,70.75,0,1,0,6,0,0,7
87.99508531100582,4,69.5,0,0,0,5,0,0,5
89.0096653670189,4,80.25,0,0,0,6,0,0,6
90.02416535501834,4,56.5,0,0,0,5,0,0,5
91.03733633301454,4,61.5,0,0,0,2,3,0,5
92.05077627004357,4,25.5,0,1,1,2,0,0,4
93.06489690300077,4,47.5,0,1,1,3,0,0,5
94.07890116603812,4,35.5,0,1,0,5,0,0,6
95.091750170046,4,33.25,0,0,1,6,0,0,7
96.10423437901773,4,64.5,0,0,1,4,1,0,6
97.11862776899943,4,32.25,0,0,1,5,0,0,6
98.13212938903598,4,52.0,0,0,1,6,0,0,7
99.14620356203523,4,70.25,0,0,0,7,0,0,7
100.16042572300648,4,51.5,0,0,0,8,0,0,8
101.1731448910432,4,93.0,0,0,0,8,0,0,8
102.1867211710196,4,90.5,0,0,0,7,0,0,7
103.20072194602108,4,70.75,0,0,1,4,0,0,5
104.21420325199142,4,81.5,0,0,0,5,0,1,6
105.22809649200644,4,85.25,0,1,0,4,0,0,5
106.24150469899178,4,70.25,0,1,0,5,0,0,6
107.25521375401877,4,68.25,0,0,0,6,0,0,6
108.26960317103658,4,55.25,0,1,0,4,0,0,5
109.28350970702013,4,34.25,0,0,1,4,0,0,5
110.297367451014,4,75.75,0,0,1,4,0,0,5
111.31159149599262,4,71.0,0,0,0,4,1,0,5
112.32594319299096,4,46.5,0,0,0,3,0,0,3
113.34039801300969,4,54.5,0,0,0,3,0,0,3
114.35582928702934,4,13.25,0,0,0,1,0,0,1
115.3677639720263,4,23.5,0,0,0,0,0,0,0
116.37814747204538,4,2.5,0,1,0,0,0,0,1
117.39038030599477,4,0.0,0,0,0,1,0,0,1
118.40444509999361,4,23.5,0,1,0,1,0,0,2
119.41377321101027,4,30.75,0,0,1,3,0,0,4
120.42782425304176,4,59.5,0,0,1,3,0,0,4
121.44234110001707,4,32.5,0,0,1,3,0,0,4
122.45343162899371,4,59.25,0,0,0,4,0,0,4
123.46753589302534,4,77.25,0,0,0,3,0,0,3
124.48297470604302,4,39.0,0,1,0,3,0,0,4
125.49661755299894,4,23.25,0,0,0,3,0,0,3
126.51082005002536,4,34.75,0,0,0,4,0,0,4
127.52434360201005,4,38.25,0,0,1,4,0,0,5
128.53547858301317,4,5.5,0,0,1,3,0,0,4
129.5468284470262,4,48.5,0,0,0,3,0,0,3
130.55784771603066,4,20.25,0,0,0,3,0,0,3
131.57192780001787,4,1.75,0,0,0,3,0,0,3
132.5849109030096,4,19.5,0,2,0,3,0,0,5
133.5974486609921,4,47.5,0,0,0,6,0,0,6
134.60870740900282,4,71.25,1,0,0,4,2,0,6
135.62252400204306,4,47.5,3,0,0,3,2,1,6
136.6363067200291,4,24.0,1,1,1,4,0,0,6
137.64999394101324,4,29.75,0,0,2,3,0,0,5
138.66303408704698,4,9.5,0,0,0,5,0,0,5
139.67692377901403,4,47.0,1,0,0,3,2,0,5
140.69067450001603,4,26.25,0,1,0,2,0,0,3
141.70431923499564,4,10.5,0,2,0,2,0,0,4
142.71834638802102,4,16.25,1,2,1,2,0,0,5
143.73192213202128,4,70.25,0,1,2,5,0,0,8
144.74591166403843,4,28.5,0,0,1,7,0,0,8
145.75961090199417,4,48.0,0,0,0,7,0,0,7
146.7734131840407,4,70.75,0,0,0,7,0,0,7
147.78657065000152,4,31.0,0,0,0,8,0,0,8
148.80037897801958,4,49.0,0,1,0,5,0,0,6
149.81437053100672,4,47.0,0,0,0,5,0,0,5
150.82810914004222,4,47.75,0,0,0,4,0,0,4
151.8404326570453,4,47.5,0,0,0,4,0,0,4
152.85391397203784,4,46.5,0,1,0,3,0,0,4
153.86674738902366,4,72.5,0,1,0,4,0,0,5
154.8777262350195,4,66.75,0,1,0,5,0,0,6
155.88956163602415,4,64.75,0,1,0,4,1,0,6
156.9012721410254,4,71.0,0,1,2,4,0,0,7
157.91529847000493,4,69.75,0,0,1,6,0,0,7
158.9289385600132,4,68.5,0,0,1,6,0,0,7
159.94306744699134,4,75.25,0,0,1,6,0,0,7
160.95544094004435,4,34.75,0,0,0,7,0,0,7
161.9695790260448,4,47.75,0,1,0,6,0,0,7
162.98355981701752,4,48.25,0,1,0,6,0,0,7
163.9950330600259,4,57.0,1,2,0,4,2,0,8
165.01019309600815,4,70.25,0,1,2,3,0,2,8
166.0245973050478,4,68.5,0,2,0,4,0,0,6
167.03864768502535,4,30.0,0,0,1,5,0,0,6
168.04936936002923,4,0.0,0,1,1,2,0,1,5
169.06371742102783,4,8.0,0,0,1,3,0,0,4
170.08160148799652,4,5.0,0,2,1,2,0,0,5
171.09095685603097,4,23.0,0,0,0,5,0,0,5
172.10206988704158,4,35.0,0,0,0,5,0,0,5
173.1160956810345,4,64.25,0,0,0,5,0,0,5
174.12907225004165,4,37.5,0,0,0,5,0,0,5
175.14093518204754,4,71.75,0,0,0,4,0,0,4
176.15449885599082,4,7.5,1,0,0,2,2,0,4
177.1683651659987,4,46.5,0,2,0,2,0,0,4
178.18189925403567,4,46.75,0,2,0,1,1,0,4
179.19603961199755,4,24.5,0,2,0,3,0,0,5
180.20985988201573,4,23.5,0,0,3,4,0,0,7
181.22353417502018,4,48.5,0,1,1,5,0,0,7
182.23756874504033,4,71.75,0,1,1,5,0,0,7
183.2506805190351,4,70.5,0,0,1,6,0,0,7
184.2644619460334,4,22.25,0,1,0,7,0,0,8
185.27819733304204,4,70.0,0,0,0,9,0,0,9
186.28965034801513,4,94.0,0,0,0,9,0,0,9
187.30366191500798,4,85.0,0,0,1,7,0,0,8
188.3175964660477,4,58.25,0,0,0,7,1,0,8
189.33043897803873,4,93.25,0,2,0,5,0,0,7
190.34211918199435,4,48.0,0,2,0,4,1,0,7
191.35584711801494,4,70.0,0,2,2,5,0,0,9
192.36726727802306,4,48.0,0,1,1,6,0,0,8
193.38068575400393,4,76.5,0,0,3,5,2,0,10
194.3945452379994,4,35.25,0,1,2,5,0,1,9
195.4082811230328,4,47.25,0,0,2,6,0,0,8
196.42199316300685,4,69.75,1,0,1,6,0,0,7
197.436031610996,4,34.75,0,0,0,8,0,0,8
198.44823261501733,4,17.75,0,1,0,7,1,0,9
199.45955469401088,4,67.0,0,0,1,7,0,0,8
200.467072681,4,39.25,0,0,0,7,0,0,7
201.4808834590367,4,47.5,1,0,0,7,0,0,7
202.49306217202684,4,1.5,0,1,1,4,0,1,7
203.50492916000076,4,48.25,0,0,1,5,0,0,6
204.5190304540447,4,20.5,0,1,0,6,0,0,7
205.53295837301994,4,32.75,0,1,2,5,0,0,8
206.54679507901892,4,47.75,0,0,1,6,1,0,8
207.56480780401034,4,46.5,1,0,1,4,1,1,7
208.57953281101072,4,49.0,0,0,1,4,0,0,5
209.58705210802145,4,24.25,0,0,1,3,0,0,4
210.59992033604067,4,46.5,0,0,1,3,0,0,4
211.6138517440413,4,48.25,0,0,0,4,0,0,4
212.6284252210171,4,65.75,0,0,0,3,1,0,4
213.64521335304016,4,46.75,0,1,0,2,0,2,5
214.6587721100077,4,41.75,0,0,1,3,0,0,4
215.66925915901083,4,47.25,0,3,0,4,0,0,7
216.6807033829973,4,72.0,0,2,1,4,1,0,8
217.69179388403427,4,48.0,0,0,1,6,0,0,7
218.7030536190141,4,46.5,0,1,1,6,0,0,8
219.71609820099548,4,22.25,1,1,1,5,1,0,8
220.72966719599208,4,36.0,0,1,1,8,0,0,10
221.74288007902214,4,34.5,0,1,0,8,1,0,10
222.7567013759981,4,82.5,0,1,2,6,0,1,10
223.7705078230356,4,51.5,0,1,1,8,0,0,10
224.78436975600198,4,90.25,0,1,0,6,1,1,9
225.796471675043,4,23.25,0,1,1,5,0,0,7
226.8045376079972,4,69.25,0,0,1,6,0,0,7
227.8184040900087,4,51.5,0,1,0,7,0,0,8
228.83224261604482,4,70.0,0,2,0,6,0,1,9
229.84593964600936,4,47.25,0,0,2,5,0,0,7
230.8599680630141,4,68.75,0,0,1,3,0,1,5
231.8738246409921,4,40.0,0,1,1,3,0,0,5
232.88797671202337,4,70.75,0,2,0,5,0,0,7
233.90240376803558,4,24.0,0,0,0,5,1,0,6
234.91605789703317,4,70.25,0,1,0,5,0,0,6
235.9299074720475,4,46.75,0,0,1,5,0,0,6
236.9446484700311,4,69.5,0,1,0,4,1,0,6
237.9603471350274,4,34.0,1,1,2,4,0,0,7
238.97440156299854,4,46.5,0,2,1,4,0,1,8
239.98791476001497,4,38.75,0,2,0,6,0,0,8
241.00114215601934,4,70.5,0,0,0,8,0,0,8
242.0145686439937,4,70.25,0,0,0,5,0,0,5
243.02839210402453,4,39.5,0,0,0,3,0,1,4
244.04242834303295,4,23.25,0,1,0,2,0,0,3
245.05640588601818,4,35.0,0,1,0,3,0,0,4
246.06935480504762,4,41.25,2,0,0,3,0,0,3
247.0828389840317,4,47.0,4,0,0,3,0,0,3
248.09680677199503,4,47.0,0,5,0,2,0,0,7
249.11044129304355,4,47.25,0,3,0,4,0,0,7
250.12201936502242,4,25.0,0,0,2,4,0,0,6
251.13468585704686,4,47.75,0,1,1,5,0,0,7
252.14585917902878,4,64.25,0,0,1,6,0,0,7
253.1596115489956,4,42.75,0,1,1,2,4,0,8
254.17359522701008,4,23.5,0,2,0,3,0,1,6
255.18726266699377,4,70.75,0,0,0,5,0,0,5
256.2017247840413,4,41.5,0,0,1,5,0,0,6
257.21402408200083,4,69.0,0,0,0,5,0,0,5
258.2270702680107,4,64.0,0,0,0,4,0,0,4
259.2410019680392,4,48.0,0,0,0,3,0,0,3
260.2546739469981,4,24.0,1,2,0,2,1,0,5
261.26645330904284,4,23.25,0,3,1,2,0,0,6
262.2776333960355,4,23.5,0,1,1,4,0,0,6
263.2892690360313,4,51.5,0,0,0,6,0,0,6
264.3031206430169,4,58.5,0,0,0,6,0,0,6
265.3150726550375,4,69.75,0,0,0,4,2,0,6
266.3268704410293,4,46.5,0,0,0,1,5,0,6
267.34050600399496,4,23.5,0,0,0,1,0,0,1
268.35759655502625,4,23.0,0,1,0,1,0,0,2
269.371697729046,4,47.25,0,0,0,2,0,0,2
270.38245948200347,4,30.0,0,2,0,2,0,0,4
271.3944852480199,4,24.75,0,1,1,2,0,0,4
272.4089839180233,4,28.5,0,4,2,2,0,0,8
273.4225710509927,4,15.75,0,1,5,3,0,0,9
274.4359949740465,4,50.25,0,0,0,9,0,0,9
275.4488600170007,4,59.0,0,0,0,8,1,0,9
276.4610069390037,4,71.0,0,0,0,8,0,0,8
277.47558958502486,4,69.75,0,0,0,5,0,0,5
278.4845282729948,4,47.25,0,0,0,3,0,0,3
279.49806681100745,4,46.75,0,0,0,3,0,0,3
280.51066239201464,4,12.75,0,0,0,3,0,0,3
281.52364133903757,4,46.75,1,0,0,2,1,0,3
282.5374768320471,4,46.5,0,2,0,2,0,1,5
283.5476680950378,4,24.25,0,0,1,1,0,0,2
284.5586731110234,4,23.0,1,0,1,1,0,0,2
285.5722269460093,4,25.5,0,2,1,1,0,0,4
286.5883278840338,4,48.5,0,0,1,2,0,0,3
287.60203506803373,4,28.5,0,1,0,3,0,0,4
288.61570728599327,4,46.75,0,0,0,4,0,0,4
289.6298245890066,4,93.75,0,0,0,4,0,0,4
290.6434504050412,4,64.25,0,1,0,4,0,0,5
291.657810995006,4,58.25,0,0,0,5,0,0,5
292.67088919103844,4,93.25,0,0,0,5,0,0,5
293.687749824021,4,72.5,0,0,0,5,0,0,5
294.70156142802443,4,71.25,0,0,0,3,0,0,3
295.7150893920334,4,35.75,0,2,0,2,0,0,4
296.727270613017,4,56.75,0,1,1,3,0,0,5
297.7390545360395,4,31.75,0,0,1,2,0,1,4
298.7530480000423,4,46.25,0,1,0,3,0,0,4
299.76623165700585,4,18.75,0,2,0,3,0,0,5
300.77674881502753,4,46.75,1,2,0,3,0,0,5
301.7908232000191,4,42.75,0,1,0,5,0,0,6
302.80647759203566,4,70.25,0,0,0,5,1,0,6
303.81877372204326,4,23.25,0,0,0,5,0,0,5
304.8304986630101,4,46.0,1,0,0,3,2,0,5
305.8416887370404,4,62.75,0,1,1,3,0,0,5
306.85549769503996,4,48.75,0,0,1,4,0,0,5
307.86952545301756,4,66.0,0,2,1,5,0,0,8
308.8824959550402,4,46.5,0,2,1,5,0,0,8
309.8944175860379,4,25.0,0,0,1,5,0,0,6
310.9079664720339,4,47.5,0,2,1,5,0,0,8
311.92056530399714,4,46.75,0,3,1,5,0,0,9
312.9342570650042,4,35.25,2,3,1,3,2,0,9
313.9454970700317,4,47.75,5,3,0,4,0,2,9
314.95930907700676,4,38.0,0,5,2,6,0,0,13
315.9723910460016,4,29.75,0,3,0,8,0,1,12
316.98587644600775,4,71.75,0,0,0,8,0,0,8
317.9997032910469,4,72.25,0,2,0,7,0,1,10
319.0131440430414,4,61.25,0,2,0,5,1,1,9
320.02013783704024,4,66.25,0,1,0,4,1,0,6
321.0342013949994,4,47.0,0,2,2,5,0,0,9
322.0478249260341,4,46.5,0,1,2,7,0,0,10
323.0617695940309,4,24.0,0,3,3,8,0,0,14
324.07533766602864,4,37.25,3,1,1,11,1,2,16
325.0871665700106,4,30.5,0,2,3,11,0,0,16
326.10138447902864,4,46.5,2,2,2,10,0,2,16
327.1125565500115,4,24.25,0,2,2,10,0,0,14
328.1260662029963,4,69.5,0,0,3,6,3,0,12
329.13792650500545,4,45.75,0,4,2,5,0,0,11
330.15091255499283,4,24.5,0,1,2,8,0,0,11
331.16288349503884,4,70.75,0,0,1,9,0,0,10
332.17654921801295,4,63.0,0,1,1,6,0,0,8
333.19056382600684,4,11.5,0,1,2,4,0,0,7
334.2043694910244,4,47.5,0,4,1,6,0,0,11
335.214380170044,4,71.0,0,2,0,8,0,0,10
336.2286289090407,4,47.0,0,2,1,7,0,1,11
337.2404475270305,4,70.0,0,3,0,6,0,2,11
338.2539201590116,4,70.25,0,1,1,7,0,0,9
339.26428799302084,4,47.75,0,1,1,8,0,0,10
340.2790059199906,4,65.75,0,3,1,7,0,0,11
341.293331605033,4,19.75,0,3,2,10,0,1,16
342.3044392950251,4,1.5,0,3,1,10,1,0,15
343.31870396400336,4,77.5,0,1,1,11,1,0,14
344.33242799702566,4,55.0,1,1,1,9,0,1,12
345.3437816060032,4,47.5,0,1,0,11,0,0,12
346.3574997240212,4,95.0,0,0,1,9,0,1,11
347.3708396430011,4,50.75,0,0,0,10,0,0,10
348.38481726602186,4,47.0,3,1,0,6,2,1,10
349.3981048950227,4,69.5,0,5,0,4,0,4,13
350.408326114004,4,40.5,0,10,0,5,0,0,15
351.42340977402637,4,72.75,0,1,2,12,0,0,15
352.43452244304353,4,91.75,2,0,0,11,4,0,15
353.44669484504266,4,92.0,0,2,1,9,0,0,12
354.45858906104695,4,46.75,0,4,1,9,1,0,15
355.47101887100143,4,40.25,0,1,4,8,0,0,13
356.4827955130022,4,61.0,0,3,1,11,0,0,15
357.49371580203297,4,60.75,0,3,1,11,1,0,16
358.5076404470019,4,74.0,0,1,1,10,1,1,14
359.5217503060121,4,93.0,0,2,0,10,0,0,12
360.53412626101635,4,26.0,0,4,0,9,1,0,14
361.54665087600006,4,90.0,4,5,1,8,0,2,16
362.5579824059969,4,24.5,6,2,4,10,0,0,16
363.5703098369995,4,69.0,6,5,2,8,1,0,16
364.5826124640298,4,77.0,7,3,6,7,0,0,16
365.59452624002006,4,42.0,6,2,3,11,0,0,16
366.60785298404517,4,33.25,5,2,2,11,1,0,16
367.6201474640402,4,94.0,5,2,2,8,4,0,16
368.6314831470372,4,95.5,0,6,2,6,0,1,15
369.64337093301583,4,94.0,0,7,0,5,1,0,13
370.6577565850457,4,23.25,0,1,7,5,0,0,13
371.6714308130322,4,47.25,0,1,1,10,0,0,12
372.68546813103603,4,72.75,0,3,0,9,0,2,14
373.6995281050331,4,72.75,0,0,2,10,0,0,12
374.7114800460404,4,71.5,0,0,0,11,0,0,11
375.72438267502,4,62.5,0,0,1,9,0,1,11
376.7365040680161,4,70.75,0,0,0,8,0,0,8
377.75004735804396,4,71.25,2,0,0,7,1,0,8
378.763137957023,4,71.0,0,0,1,8,0,0,9
379.7754955390119,4,71.5,0,0,0,7,0,1,8
380.78772674000356,4,46.25,0,1,0,5,1,0,7
381.79945817100815,4,47.25,1,0,1,5,0,1,7
382.81083882803796,4,42.75,0,0,0,5,0,0,5
383.8238621430355,4,70.0,0,0,0,4,0,0,4
384.83759946603095,4,44.5,0,0,0,3,1,0,4
385.8511975680012,4,23.25,0,0,0,2,0,0,2
386.8623820480425,4,23.25,0,0,0,2,0,0,2
387.8754864759976,4,23.25,0,0,0,2,0,0,2
388.8889614670188,4,23.5,0,1,0,3,0,0,4
389.90267342701554,4,37.75,0,2,1,1,0,0,4
390.91580231202533,4,70.5,0,0,0,3,0,0,3
391.92948776501,4,69.5,0,0,0,3,0,0,3
392.9408607970108,4,47.25,0,0,0,3,0,0,3
393.9550169490394,4,64.25,2,1,0,3,0,0,4
394.96679650002625,4,35.0,0,0,2,2,0,1,5
395.9796067420393,4,16.0,0,0,0,3,0,0,3
396.9888814020087,4,0.0,1,3,0,2,0,0,5
398.0024465940078,4,24.0,1,5,0,1,1,0,7
399.0166532950243,4,12.0,0,2,1,5,0,0,8
400.0295189790195,4,73.0,0,2,0,5,1,1,9
401.04355653899256,4,71.5,0,2,1,4,0,0,7
402.0538290190161,4,52.0,1,1,1,6,0,0,8
403.0678101599915,4,70.75,0,3,1,6,0,0,10
404.08088410203345,4,89.0,0,0,0,10,0,0,10
405.0948240610305,4,68.0,0,0,0,9,0,0,9
406.1063765879953,4,34.75,0,2,0,8,0,0,10
407.118063462025,4,71.25,0,1,0,8,0,0,9
408.13077465601964,4,53.0,0,4,1,7,1,0,13
409.1429330550018,4,43.5,2,4,1,6,2,0,13
410.1571295229951,4,25.0,0,3,4,7,0,0,14
411.17107295204187,4,93.75,1,3,2,9,0,2,16
412.1814505539951,4,60.25,1,3,1,7,2,3,16
413.19529742904706,4,85.0,0,0,1,8,0,0,9
414.20908992603654,4,48.25,0,0,0,8,0,1,9
415.22340060799615,4,93.75,0,0,0,4,0,1,5
416.23714358703,4,57.25,0,0,0,4,0,0,4
417.2513630320318,4,71.0,0,0,0,2,2,0,4
418.2640674750437,4,39.0,0,2,0,2,0,0,4
419.2774767500232,4,34.75,0,0,0,4,0,0,4
420.2910970640369,4,15.0,0,1,1,3,0,1,6
421.3049907020177,4,46.25,3,1,1,3,0,0,5
422.31865942501463,4,24.0,0,0,2,6,0,0,8
423.3323029320454,4,55.25,0,1,0,6,0,0,7
424.3452375929919,4,28.0,0,0,0,6,0,0,6
425.3586398100015,4,23.75,0,0,0,6,0,0,6
426.37248576502316,4,46.5,0,0,0,6,0,0,6
427.38629040902015,4,23.0,0,0,0,4,0,0,4
428.39987915201345,4,47.75,0,1,0,3,0,1,5
429.4138827350107,4,27.25,0,2,1,3,0,0,6
430.42813546099933,4,44.5,0,1,0,5,0,0,6
431.4422268560156,4,60.75,0,1,2,5,0,0,8
432.4528051679954,4,30.0,0,1,0,7,0,0,8
433.4664849989931,4,69.5,0,1,0,3,0,0,4
434.48051411903,4,22.25,0,0,1,1,0,2,4
435.49408856302034,4,22.75,0,0,0,1,0,1,2
436.5083915780415,4,0.0,0,0,0,1,0,0,1
437.52252233901527,4,23.75,0,2,0,1,0,0,3
438.5355328550213,4,1.5,0,3,1,2,0,0,6
439.5529269319959,4,24.25,0,3,0,2,1,0,6
440.56545872602146,4,14.5,0,2,1,4,0,0,7
441.5774912009947,4,52.5,0,3,0,5,0,0,8
442.59103237703675,4,2.5,0,2,1,5,0,0,8
443.6048427170026,4,26.75,1,3,0,6,1,0,10
444.61872880603187,4,93.75,0,0,1,5,0,2,8
445.6329795080237,4,42.25,0,1,0,6,0,0,7
446.6452444200404,4,7.75,0,1,1,6,0,1,9
447.6569587379927,4,46.25,0,0,1,6,1,0,8
448.6718403340201,4,70.25,0,0,0,6,0,0,6
449.6848612280446,4,62.0,0,1,0,3,0,0,4
450.6964865840273,4,70.0,0,1,0,3,0,0,4
451.7087259149994,4,0.0,0,3,0,1,0,0,4
452.7235394970048,4,13.75,0,3,1,3,0,0,7
453.7381071970449,4,23.75,1,4,1,2,1,0,8
454.75175532803405,4,61.5,0,4,1,2,0,2,9
455.7659552160185,4,22.0,0,1,2,4,0,0,7
456.77782424300676,4,49.25,0,2,1,4,1,0,8
457.7865912790294,4,39.25,0,2,0,7,0,0,9
458.7973759190063,4,32.75,0,3,0,6,0,0,9
459.8110268120072,4,47.25,0,0,1,7,0,0,8
460.82501525303815,4,70.75,0,0,1,7,0,0,8
461.83858516300097,4,81.25,0,0,1,5,0,0,6
462.8522600280121,4,95.5,1,0,0,5,1,0,6
463.8668175730272,4,70.25,0,1,0,5,0,0,6
464.88002951903036,4,37.25,0,0,1,6,0,0,7
465.89390941604506,4,50.0,0,0,0,7,0,0,7
466.9074857630185,4,41.25,0,1,0,7,0,0,8
467.9201041770284,4,21.5,0,1,0,6,1,1,9
468.9345211740001,4,55.0,0,1,0,4,2,1,8
469.94871673203306,4,28.0,0,0,0,3,0,0,3
470.96260605502175,4,23.0,1,1,0,2,0,0,3
471.9763364040409,4,23.75,0,0,1,4,0,0,5
472.9903165239957,4,36.25,0,0,0,5,0,0,5
474.00510392303113,4,47.0,0,0,0,4,1,0,5
475.01926210400416,4,47.25,0,0,0,4,0,0,4
476.0313878530287,4,47.75,0,0,0,3,0,0,3
477.0457716230303,4,47.0,0,0,0,3,0,0,3
478.05997844802914,4,47.5,0,0,0,3,0,0,3
479.07451973401476,4,46.25,0,0,0,3,0,0,3
480.08840088400757,4,46.75,0,0,1,1,0,0,2
481.10375975002535,4,23.0,0,0,0,2,0,0,2
482.11734051903477,4,0.0,1,0,0,1,1,0,2
483.13150162500096,4,24.25,0,1,2,2,0,0,5
484.14370095101185,4,4.75,1,0,2,3,0,0,5
485.1617445980082,4,46.5,0,1,0,4,0,0,5
486.1760522480472,4,23.25,0,0,0,5,0,0,5
487.1898080360261,4,47.25,0,0,2,5,0,0,7
488.20212430204265,4,24.5,1,1,1,6,0,0,8
489.21397375001106,4,61.75,0,0,1,10,0,0,11
490.22650827799225,4,23.0,0,1,0,8,3,0,12
491.2402368710027,4,61.0,0,0,2,6,0,0,8
492.2538751430111,4,48.0,1,0,1,7,0,0,8
493.266895213048,4,50.25,0,2,0,6,0,1,9
494.28345949103823,4,48.0,0,0,2,5,1,0,8
495.29702783504035,4,54.75,0,1,1,5,0,0,7
496.3079650470172,4,74.25,0,2,1,3,2,0,8
497.32052088703495,4,21.5,0,3,0,4,0,0,7
498.33646726002917,4,23.25,0,2,1,4,0,0,7
499.3495830509928,4,73.5,0,0,1,6,0,0,7
500.3626927290461,4,60.75,0,0,0,7,0,0,7
501.3721673050313,4,71.25,1,0,0,6,1,0,7
502.3860429030028,4,50.0,0,1,0,6,0,0,7
503.40001486300025,4,69.0,0,0,0,4,0,0,4
504.41123752400745,4,0.5,0,1,0,3,0,0,4
505.42367567203473,4,24.25,0,0,0,4,0,0,4
506.43694612401305,4,23.0,1,0,0,4,0,0,4
507.451838255045,4,24.0,0,1,1,3,0,0,5
508.4655687030172,4,13.75,0,0,1,4,1,0,6
509.4794525040197,4,89.25,0,0,0,5,0,0,5
510.4930180970114,4,33.75,0,1,0,5,0,0,6
511.5069606860052,4,52.25,0,0,0,5,0,0,5
512.5205153510324,4,32.75,0,0,0,5,0,0,5
513.5340559059987,4,71.75,0,0,0,5,0,0,5
514.5456112690154,4,58.25,0,0,0,4,0,0,4
515.5553052310133,4,47.0,0,0,0,3,0,0,3
516.5687320250436,4,32.0,0,1,0,3,0,0,4
517.5807381159975,4,47.5,0,2,0,1,0,0,3
518.5943636239972,4,16.5,0,1,0,4,0,0,5
519.6065917870146,4,50.0,0,0,1,4,0,0,5
520.618092351011,4,39.25,0,0,0,4,1,0,5
521.629424607032,4,70.0,0,0,0,4,1,0,5
522.6431004320038,4,59.0,0,0,0,3,0,1,4
523.6557582039968,4,46.5,0,0,0,3,0,0,3
524.669743009028,4,55.5,0,2,0,3,0,0,5
525.6832601909991,4,59.25,0,1,1,4,0,0,6
526.6969460140099,4,44.5,0,1,0,5,0,0,6
527.7108865270275,4,24.0,0,1,0,4,0,0,5
528.7236085550394,4,55.5,0,0,0,4,0,0,4
529.7376892940374,4,70.0,0,0,0,3,0,0,3
530.7505568370107,4,46.25,0,1,0,3,0,0,4
531.7647145630326,4,30.0,0,2,1,1,0,1,5
532.7772726660478,4,1.5,0,0,2,2,0,0,4
533.7912289260421,4,24.0,1,0,2,2,0,0,4
534.8050245220074,4,39.75,0,0,1,4,0,0,5
535.819556567003,4,34.5,0,3,0,5,0,0,8
536.828419654048,4,69.75,0,3,0,5,0,0,8
537.8407290030154,4,26.5,0,2,1,7,0,0,10
538.8518163400004,4,67.5,0,1,0,8,0,2,11
539.8641075810301,4,48.0,0,3,0,7,0,0,10
540.8752467670129,4,50.75,0,0,1,9,0,0,10
541.8887879970134,4,47.5,0,0,0,7,0,1,8
542.9006697040168,4,69.75,0,0,0,6,0,0,6
543.9143235580414,4,48.0,0,1,0,6,0,0,7
544.92861206003,4,65.25,0,0,0,5,0,0,5
545.9425428379909,4,23.5,0,0,0,4,0,0,4
546.9556262060069,4,33.25,0,1,0,3,0,1,5
547.9684041680302,4,12.75,0,1,0,3,0,1,5
548.9818859510124,4,46.25,0,0,1,3,0,0,4
549.995998115046,4,23.0,0,0,1,1,2,0,4
551.0088745420217,4,22.25,0,1,0,2,0,0,3
552.0230039870366,4,25.0,0,1,0,2,0,0,3
553.0371366980253,4,23.0,0,0,1,3,0,0,4
554.0509315730305,4,23.0,0,1,1,2,1,0,5
555.0645453410107,4,23.0,0,0,1,3,0,0,4
556.0768853150075,4,48.0,0,2,0,4,0,0,6
557.0910248800064,4,69.25,0,1,3,4,0,0,8
558.1047895440133,4,25.75,0,0,1,7,0,0,8
559.1187611490022,4,46.75,0,1,0,8,0,0,9
560.1303476259927,4,46.5,0,0,2,8,0,0,10
561.1446490919916,4,18.5,0,1,0,9,1,0,11
562.15613897203,4,24.25,0,1,1,9,0,0,11
563.1700642040232,4,48.25,0,0,2,8,0,0,10
564.1813419240061,4,66.0,0,1,0,9,1,0,11
565.1886958070099,4,61.25,0,0,0,10,0,0,10
566.2028128849925,4,70.5,0,0,0,10,0,0,10
567.2137822119985,4,95.25,2,0,0,9,1,0,10
568.2278645950137,4,74.75,0,3,0,8,0,0,11
569.2412830580142,4,68.75,0,3,1,10,0,0,14
570.2535571909975,4,31.75,0,0,2,11,0,0,13
571.2658011610038,4,45.5,0,0,0,11,1,0,12
572.2729485030286,4,60.25,0,0,0,10,0,0,10
573.2865752270445,4,94.5,0,1,0,8,0,0,9
574.2987224819954,4,60.25,0,1,0,8,0,1,10
575.3122500670142,4,18.5,0,0,0,8,0,0,8
576.3267324010376,4,79.5,0,2,1,7,0,0,10
577.3391420010012,4,72.5,4,1,1,6,2,0,10
578.3515343390172,4,57.25,0,5,2,5,0,1,13
579.3625536100008,4,68.5,0,1,1,9,1,0,12
580.3767485190183,4,52.0,0,0,1,8,0,0,9
581.3897539630416,4,70.75,0,0,0,7,2,0,9
582.4040501010022,4,74.5,0,0,1,6,0,0,7
583.4178570090444,4,25.0,0,2,0,4,0,0,6
584.4316397600342,4,62.0,0,1,0,5,0,1,7
585.4444289969979,4,93.75,0,0,1,4,1,0,6
586.4578801390016,4,71.5,0,1,0,5,0,0,6
587.4718233660096,4,56.75,0,0,1,5,0,0,6
588.4855778500205,4,49.25,0,0,0,6,0,0,6
589.499653824023,4,65.0,0,1,0,5,0,0,6
590.5136051290319,4,30.0,0,1,1,4,1,0,7
591.5264093330479,4,23.5,1,0,1,4,0,0,5
592.5373905290035,4,44.75,0,2,0,5,0,0,7
593.5512942399946,4,46.75,0,0,1,6,0,0,7
594.5651167840115,4,71.75,0,0,0,6,0,0,6
595.5788812210085,4,47.25,0,2,0,6,0,0,8
596.5900743760285,4,46.75,0,0,1,6,0,0,7
597.6038806400029,4,52.5,0,0,0,5,1,0,6
598.6172784049995,4,46.75,0,1,0,5,0,0,6
599.6311526680365,4,47.75,0,0,1,4,0,0,5
600.6458383030258,4,71.0,0,1,0,4,0,0,5
601.659437837021,4,40.75,0,1,2,5,0,0,8
602.6763443750096,4,23.75,0,1,0,7,0,0,8
603.6902163710329,4,52.25,0,0,0,8,0,0,8
604.7037715710467,4,65.75,0,0,0,8,0,0,8
605.7163508000085,4,71.0,0,0,0,7,1,0,8
606.7298218540382,4,47.5,0,0,0,6,0,1,7
607.7444020020193,4,29.5,0,0,0,5,0,1,6
608.7577480840264,4,6.75,0,1,0,4,1,0,6
609.7713734160061,4,46.25,0,1,0,5,0,0,6
610.7854901300161,4,25.0,0,3,0,5,0,0,8
611.7963971710415,4,51.75,0,0,0,7,0,0,7
612.8097595020081,4,48.75,0,0,0,5,2,0,7
613.8234468490118,4,71.25,0,0,0,4,3,0,7
614.8373722440447,4,70.5,0,0,0,3,1,0,4
615.8510212840047,4,46.25,0,2,0,2,0,1,5
616.8651285610395,4,23.25,0,1,0,3,0,0,4
617.8761417380301,4,71.0,0,0,2,3,0,0,5
618.890087923035,4,67.5,0,0,1,3,0,0,4
619.9044723630068,4,23.25,0,0,1,3,0,0,4
620.9182886980125,4,48.5,0,0,0,3,0,0,3
621.9322365450207,4,24.25,1,0,0,3,0,0,3
622.9460381190293,4,23.0,1,2,0,2,0,0,4
623.9604005599977,4,0.0,0,0,3,3,0,0,6
624.9740613760077,4,16.5,0,2,3,2,0,0,7
625.9877791239996,4,71.0,0,0,1,5,0,0,6
627.0017364959931,4,47.5,0,0,0,6,0,0,6
628.0153078360017,4,46.75,0,0,0,4,0,1,5
629.0289214040386,4,47.0,0,0,0,4,0,0,4
630.0426478920272,4,23.5,0,0,0,3,0,0,3
631.0562822690117,4,24.25,0,1,0,3,0,0,4
632.0706813900033,4,60.75,0,0,0,4,0,0,4
633.0845783710247,4,24.75,0,2,0,3,0,0,5
634.0976695370045,4,47.0,0,4,0,2,0,0,6
635.1114932170021,4,47.0,0,3,1,3,0,0,7
636.1253514540149,4,89.75,0,2,1,3,0,0,6
637.1391506660148,4,59.5,0,0,1,5,0,0,6
638.1529199740035,4,41.25,0,0,1,5,0,0,6
639.1631100610248,4,23.25,0,0,0,6,0,0,6
640.1770285040257,4,23.5,0,1,0,6,0,0,7
641.18729149102,4,47.0,0,0,0,7,0,0,7
642.204024842009,4,70.25,0,0,0,6,0,0,6
643.2140763290226,4,47.5,0,0,0,6,0,0,6
644.2238068860024,4,60.75,0,0,0,4,0,0,4
645.2376060250099,4,70.5,0,0,0,2,0,0,2
646.2513992360327,4,18.0,0,0,0,1,1,0,2
647.2648681290448,4,0.0,0,0,0,0,0,0,0
648.2780800469918,4,0.0,0,0,0,0,0,0,0
649.2915128830355,4,8.0,0,0,0,1,0,0,1
650.3054910980281,4,23.25,0,0,0,1,0,0,1
651.3186701630475,4,23.5,1,0,0,1,0,0,1
652.3329824040411,4,23.25,0,0,1,3,0,0,4
653.3411152620101,4,47.5,0,0,0,4,0,0,4
654.35391857801,4,54.75,0,0,0,4,0,0,4
655.3730713780387,4,70.25,1,0,0,4,0,0,4
656.3810182660236,4,70.75,0,1,0,4,0,0,5
657.3938132150215,4,24.5,0,3,0,3,0,1,7
658.4057802230236,4,47.5,0,3,0,3,1,0,7
659.4180041640066,4,46.75,0,2,0,5,0,0,7
660.4318964790436,4,42.25,0,0,1,6,0,0,7
661.4453899880173,4,65.5,0,0,0,8,0,0,8
662.4590724640293,4,49.75,0,0,0,6,1,0,7
663.4737468060339,4,39.5,0,0,0,4,0,0,4
664.4854789150413,4,46.75,0,0,0,3,0,0,3
665.4978175139986,4,46.0,0,2,0,2,1,0,5
666.5116731640301,4,32.0,0,0,0,4,0,0,4
667.5255358900176,4,28.25,0,0,1,3,0,1,5
668.5372494600015,4,50.75,0,0,0,4,0,0,4
669.5479927340057,4,46.75,0,0,0,3,0,0,3
670.5619957360323,4,23.0,0,2,0,2,1,0,5
671.5755948440055,4,24.75,0,2,1,2,0,1,6
672.589326344023,4,23.25,0,0,2,2,0,0,4
673.6011846840265,4,47.25,0,0,1,3,0,0,4
674.6153945710394,4,47.25,0,0,1,3,0,0,4
675.6284408459906,4,47.25,2,0,1,3,0,0,4
676.6424347010325,4,47.75,0,3,1,2,0,0,6
677.6565834790235,4,23.25,0,1,2,2,0,0,5
678.6701016400475,4,72.0,0,1,0,5,0,0,6
679.6830530770239,4,87.25,0,1,0,3,2,0,6
680.6968200950068,4,24.5,0,0,0,3,0,0,3
681.7105155290337,4,33.5,1,2,0,2,0,0,4
682.7250952789909,4,23.25,0,1,1,3,1,0,6
683.7387209400185,4,24.25,0,0,2,4,0,0,6
684.7527566500357,4,66.25,0,0,0,4,0,0,4
685.7661449279985,4,43.0,0,4,0,3,1,0,8
686.7803750699968,4,44.25,0,0,0,7,0,1,8
687.7937695330475,4,30.25,0,0,0,7,0,0,7
688.8072484360309,4,47.0,0,1,0,5,0,1,7
689.8197802010109,4,23.0,0,1,0,5,0,1,7
690.8327413470251,4,70.75,0,0,0,6,0,0,6
691.8465778660029,4,24.0,0,0,0,6,0,0,6
692.859026769991,4,53.75,0,0,0,4,0,0,4
693.8732402740279,4,48.5,0,0,0,3,0,0,3
694.8858699180419,4,46.75,0,3,0,3,0,0,6
695.8982355479966,4,24.75,0,2,2,4,0,0,8
696.9117831240292,4,57.75,0,1,1,4,0,2,8
697.9238772499957,4,44.5,0,1,1,4,0,0,6
698.9362144360202,4,46.5,0,0,2,4,0,0,6
699.94645498303,4,50.75,0,0,1,4,1,0,6
700.9591151819914,4,43.0,0,0,0,5,0,0,5
701.9734808700159,4,70.0,0,0,0,5,0,0,5
702.9872093890444,4,47.25,0,0,0,4,0,0,4
704.0013183230185,4,70.0,0,1,0,4,0,0,5
705.0139399490436,4,40.0,0,0,1,3,1,0,5
706.0265716740396,4,78.0,0,0,0,4,0,0,4
707.0379211649997,4,62.0,1,0,0,3,0,0,3
708.0513468779973,4,46.5,2,0,0,1,2,0,3
709.0649183590431,4,23.5,0,0,2,1,0,0,3
710.0770721200388,4,25.25,0,1,1,2,0,0,4
711.0896361580235,4,32.5,0,0,1,3,0,0,4
712.1035321480012,4,67.25,0,2,0,4,0,0,6
713.1177690250333,4,81.0,0,1,2,3,0,0,6
714.1315411280375,4,48.0,0,0,0,5,0,1,6
715.1455739630037,4,73.0,0,1,0,4,0,0,5
716.1581374020316,4,36.25,0,0,0,4,0,0,4
717.170728010009,4,58.25,0,0,0,4,0,0,4
718.1843623350142,4,71.5,1,0,0,3,1,0,4
719.198210186034,4,46.25,0,1,0,4,0,0,5
720.209747614048,4,47.0,0,0,0,5,0,0,5
721.2218590269913,4,46.75,0,0,0,5,0,0,5
722.2353886700002,4,46.5,0,0,0,4,0,0,4
723.2493346430128,4,29.0,0,1,0,2,1,0,4
724.260439959995,4,0.0,0,2,0,1,0,0,3
725.2734009810374,4,23.25,0,1,0,1,0,0,2
726.2868732830393,4,2.75,0,0,0,2,0,0,2
727.3007547740126,4,12.25,0,4,2,2,0,0,8
728.3142274020356,4,42.75,0,2,2,3,0,0,7
729.3271774250316,4,24.25,0,0,0,7,0,0,7
730.3411932440358,4,60.75,0,2,0,6,0,1,9
731.3525019970257,4,70.75,0,0,1,8,0,0,9
732.3661980869947,4,82.5,0,0,0,7,0,1,8
733.3799744480057,4,60.0,0,5,0,6,1,0,12
734.3936412220355,4,58.0,0,5,2,4,0,1,12
735.4068507520133,4,17.0,0,2,1,10,0,0,13
736.4208845029934,4,69.75,1,2,1,6,4,0,13
737.4343388190027,4,94.5,1,2,0,5,1,5,13
738.4482208370464,4,68.5,0,3,0,7,0,0,10
739.462259395048,4,72.75,0,4,1,9,0,1,15
740.4758218360366,4,71.5,3,1,3,7,1,2,14
741.4899951110128,4,65.0,0,2,4,7,0,1,14
742.4977978889947,4,48.75,2,2,1,10,1,0,14
743.5082476980169,4,48.5,4,6,0,8,1,1,16
744.520292456029,4,72.25,7,5,1,10,0,0,16
745.5326088800211,4,73.25,9,2,2,11,1,0,16
746.546241492033,4,82.25,14,4,0,7,5,0,16
747.5599371800199,4,46.0,16,3,1,5,7,0,16
748.5737758690375,4,23.5,12,2,7,7,0,0,16
749.5844541440019,4,71.75,10,4,3,8,0,1,16
750.5978786619962,4,50.25,9,1,4,11,0,0,16
751.6117687899969,4,34.25,9,5,0,11,0,0,16
752.625717693998,4,33.25,12,1,3,9,3,0,16
753.6375042520231,4,49.0,8,4,4,7,1,0,16
754.6509901420213,4,38.5,12,3,5,4,3,1,16
755.664138097025,4,69.75,17,3,5,4,3,1,16
756.6783513459959,4,67.75,15,4,1,11,0,0,16
757.6970475109993,4,45.5,10,4,3,9,0,0,16
758.7080961500178,4,41.75,11,0,3,10,2,1,16
759.7220474600326,4,94.25,10,1,2,9,0,4,16
760.7358301460044,4,62.0,6,5,1,10,0,0,16
761.7472101040184,4,68.0,5,3,0,11,0,2,16
762.7622535900446,4,25.5,5,1,2,9,4,0,16
763.776177473017,4,76.0,0,2,3,8,1,0,14
764.7905944710365,4,73.75,0,0,0,12,1,0,13
765.8024743110291,4,94.25,0,0,0,11,2,0,13
766.8152285329998,4,45.25,0,0,0,9,0,0,9
767.8286805290263,4,95.75,0,1,0,7,0,2,10
768.8426657459931,4,80.0,0,0,1,5,1,0,7
769.8567311220104,4,46.75,0,0,0,6,0,0,6
770.870568184997,4,46.5,0,0,0,6,0,0,6
771.8809420270263,4,70.75,0,1,0,5,0,1,7
772.894726864004,4,38.0,0,2,0,6,0,0,8
773.9066032860428,4,70.0,0,2,0,4,2,0,8
774.9172440959956,4,0.0,0,1,2,2,0,1,6
775.9315704660257,4,22.0,0,1,1,3,0,0,5
776.9452367030317,4,34.25,0,0,1,2,1,0,4
777.9598629170214,4,23.5,0,2,1,0,0,0,3
778.9743206640123,4,0.0,0,1,2,1,0,0,4
779.988273800991,4,22.0,0,5,1,2,0,0,8
781.0008706090157,4,51.5,0,7,0,4,0,0,11
782.014907121018,4,51.5,2,7,0,1,3,0,11
783.0287124339957,4,23.25,0,4,3,4,0,0,11
784.0425243030186,4,41.75,0,2,1,7,2,0,12
785.0544932170305,4,69.5,0,1,4,5,0,0,10
786.0674975590082,4,79.5,0,2,1,9,0,1,13
787.0814639800228,4,23.75,0,1,1,9,0,0,11
788.0951521870447,4,66.25,5,1,1,5,2,2,11
789.107715687016,4,61.0,1,5,1,10,0,0,16
790.1213020590367,4,72.0,0,3,1,9,0,1,14
791.1350389320287,4,40.75,0,1,0,10,1,2,14
792.146687459026,4,94.25,3,1,0,3,8,2,14
793.1588026180398,4,70.0,6,1,0,3,2,8,14
794.1723945210106,4,19.0,2,1,4,6,0,0,11
795.1866488880478,4,52.25,0,3,1,10,0,0,14
796.2003118669963,4,60.5,1,3,0,6,3,2,14
797.2139006770449,4,47.5,0,3,3,4,0,1,11
798.2279916690313,4,46.75,0,2,1,7,1,0,11
799.2406058480265,4,70.0,2,1,2,4,0,4,11
800.2544595980435,4,71.5,0,5,1,3,1,1,11
801.2678074890282,4,18.75,0,2,3,5,0,0,10
802.2797605870292,4,43.0,0,6,0,6,1,0,13
803.2936007560347,4,70.25,2,6,0,5,2,0,13
804.3019236430409,4,46.5,0,6,3,4,0,1,14
805.3131416730466,4,54.0,0,4,3,4,0,0,11
806.3262023120187,4,31.25,0,1,1,9,0,1,12
807.3400161630125,4,29.5,0,0,0,6,0,1,7
808.3536200860399,4,47.0,0,1,0,6,0,0,7
809.3703780260403,4,50.25,0,1,0,6,0,0,7
810.3857847930049,4,69.75,3,1,0,5,0,1,7
811.3982467140304,4,46.0,0,2,0,5,1,0,8
812.4094981050002,4,46.0,0,2,0,5,0,0,7
813.4217255529948,4,23.5,1,1,2,5,0,0,8
814.4296902240021,4,46.25,0,1,0,8,0,0,9
815.4435568510089,4,53.75,1,0,0,7,0,2,9
816.4575271690264,4,39.25,0,1,1,5,0,0,7
817.471087552025,4,20.75,1,2,0,5,1,0,8
818.4854965599952,4,24.0,2,4,1,5,0,1,11
819.4978743840475,4,47.75,0,5,2,3,0,3,13
820.5119479600107,4,32.75,0,6,0,5,0,0,11
821.5255224860157,4,28.5,1,5,1,3,2,1,12
822.539917586022,4,20.75,0,0,4,5,0,0,9
823.5494974640314,4,61.75,0,2,2,6,0,0,10
824.5617780140019,4,39.0,0,2,2,9,0,0,13
825.5785550820292,4,68.5,0,2,1,10,0,0,13
826.5928284249967,4,95.5,0,2,1,6,4,0,13
827.6055107080028,4,71.0,0,1,2,6,0,3,12
828.6198140690103,4,80.25,0,2,2,5,0,0,9
829.6339665620471,4,70.25,0,1,1,8,0,0,10
830.6457279610331,4,74.25,0,1,1,8,0,0,10
831.6575950609986,4,95.25,0,1,1,9,0,0,11
832.6693078880198,4,45.5,0,1,1,8,0,0,10
833.6832721840474,4,59.0,0,0,2,4,0,1,7
834.6968638880062,4,52.25,0,0,0,5,0,0,5
835.7108219200163,4,45.75,0,0,0,4,0,0,4
836.722489849024,4,57.5,0,0,1,5,0,0,6
837.7350923439953,4,50.5,0,1,1,4,0,0,6
838.7486250289949,4,27.25,0,2,0,6,0,0,8
839.7625920060091,4,24.0,0,0,1,7,0,0,8
840.7757895700051,4,54.5,0,1,0,6,0,1,8
841.7893471370335,4,69.0,0,0,1,3,0,0,4
842.8033530790126,4,60.5,0,0,0,3,0,0,3
843.8146668589907,4,46.75,0,0,0,3,0,0,3
844.828946098045,4,46.5,0,0,0,3,0,0,3
845.8386748770135,4,70.5,0,0,0,3,0,0,3
846.8511967150262,4,42.5,0,0,0,3,0,0,3
847.8622124129906,4,39.5,0,1,0,3,0,0,4
848.8761335610179,4,23.75,0,0,0,3,0,0,3
849.8901341570308,4,71.5,0,0,0,2,0,0,2
850.9038806619938,4,10.75,0,0,0,1,0,1,2
851.9182142140344,4,0.0,0,0,1,0,0,0,1
852.9316742410301,4,0.0,4,0,0,1,0,0,1
853.9442612589919,4,23.5,0,7,0,1,0,0,8
854.9579822010128,4,0.0,0,3,6,2,0,0,11
855.9724099439918,4,15.25,0,2,5,6,0,0,13
856.9859436569968,4,11.25,0,1,1,11,0,0,13
857.9992764990311,4,79.5,0,2,0,10,0,0,12
859.0104965850478,4,35.25,2,2,0,6,3,0,11
860.0245055920095,4,39.5,0,3,1,7,0,0,11
861.0382677610032,4,24.0,0,0,3,7,1,0,11
862.0519290760276,4,47.75,0,0,1,7,1,0,9
863.065795550996,4,63.75,0,0,1,5,0,0,6
864.0766463710461,4,55.75,0,0,0,5,0,0,5
865.0904847990023,4,47.0,0,1,0,4,1,0,6
866.1034183939919,4,70.0,0,1,0,3,0,2,6
867.1173431720235,4,31.5,0,0,1,2,1,0,4
868.1309505210374,4,46.25,0,1,0,3,0,0,4
869.1446135489969,4,47.75,1,1,0,3,1,0,5
870.1571394710336,4,47.25,1,1,0,2,2,0,5
871.1664733359939,4,46.75,0,3,0,2,0,1,6
872.178102401027,4,71.5,0,0,0,5,0,0,5
873.1889819800272,4,24.25,0,0,0,5,0,0,5
874.202847247012,4,70.5,0,2,0,4,0,0,6
875.2140903770342,4,26.5,0,1,2,4,0,0,7
876.2274735370302,4,48.25,0,0,1,5,0,0,6
877.2414521340397,4,24.5,0,1,0,5,0,0,6
878.2549278280349,4,42.25,0,0,0,6,0,0,6
879.2665882669971,4,46.5,1,0,0,6,0,0,6
880.2812125910423,4,45.5,0,2,0,4,1,1,8
881.2931087730103,4,23.25,0,4,1,3,0,1,9
882.3057979790028,4,2.75,0,1,2,5,0,0,8
883.3199118010234,4,38.0,0,1,1,5,0,1,8
884.3342327710125,4,71.5,0,1,0,7,0,0,8
885.345884593029,4,70.25,1,1,0,5,2,0,8
886.3600468380027,4,93.5,1,1,0,3,1,3,8
887.3737066269969,4,24.0,0,0,0,5,0,0,5
888.3873074030271,4,70.5,0,1,0,5,0,0,6
889.4023687000154,4,48.5,0,1,0,5,0,0,6
890.414518257021,4,41.0,0,3,1,4,0,0,8
891.4285802760278,4,28.25,0,0,2,6,0,0,8
892.4415475540445,4,72.5,0,0,0,8,0,0,8
893.4550080799963,4,71.5,0,0,0,6,1,0,7
894.4690349380253,4,70.75,1,0,0,4,3,0,7
895.4828100930317,4,53.5,0,1,1,4,0,0,6
896.4949588360032,4,36.0,0,0,1,6,0,0,7
897.507148246048,4,40.25,0,1,0,7,0,0,8
898.5212954530143,4,72.0,0,1,0,7,0,0,8
899.5347671240452,4,26.25,0,1,0,5,0,0,6
900.5488447099924,4,63.5,0,1,0,4,0,0,5
901.5609972579987,4,29.5,0,0,2,4,0,0,6
902.5743132320349,4,23.25,0,0,1,4,1,0,6
903.5868127410067,4,23.25,0,0,0,5,1,0,6
904.5994059910299,4,46.75,0,0,0,5,0,0,5
905.6132665729965,4,47.0,0,0,0,3,0,0,3
906.6268211420393,4,44.5,0,0,0,3,0,0,3
907.6405214199913,4,47.75,0,0,0,2,1,0,3
908.6544183330261,4,46.25,0,0,0,1,0,0,1
909.6685430240468,4,23.5,0,0,0,1,0,0,1
910.6821842490463,4,0.0,0,0,0,1,0,0,1
911.69584833103,4,0.0,0,0,0,0,1,0,1
912.7094289360102,4,0.0,1,0,0,0,0,0,0
913.723290132999,4,0.0,0,0,0,2,0,0,2
914.7370009930455,4,23.0,0,0,0,2,0,0,2
915.7481319610379,4,23.5,0,1,0,2,0,0,3
916.7620286750025,4,1.5,0,2,0,3,0,0,5
917.775932723016,4,23.75,0,2,0,3,0,0,5
918.7904477490229,4,23.0,0,2,1,2,0,0,5
919.8039974860149,4,8.0,0,3,0,3,0,0,6
920.8167903600261,4,23.75,0,2,0,5,0,0,7
921.8279895260348,4,37.25,0,2,1,5,0,0,8
922.8420121290255,4,49.75,0,2,1,5,0,1,9
923.8574266060023,4,93.5,0,0,0,6,0,0,6
924.871510010038,4,92.5,0,1,0,5,0,0,6
925.8830460740137,4,57.25,0,1,1,5,0,0,7
926.8942995280377,4,72.25,0,2,0,7,0,0,9
927.905122991011,4,64.25,0,0,0,9,0,0,9
928.9215941210277,4,94.75,0,0,0,8,0,0,8
929.9349513199995,4,80.75,0,0,0,7,0,0,7
930.9486027890234,4,58.25,0,1,0,7,0,0,8
931.9628813019954,4,43.25,0,1,0,5,2,0,8
932.9745295839966,4,70.5,1,1,0,4,3,0,8
933.988589673012,4,35.0,0,2,0,5,0,0,7
934.9981393710477,4,63.25,0,0,0,6,0,0,6
936.0127211690415,4,47.25,0,0,0,5,1,0,6
937.0265149920015,4,23.5,0,0,0,4,0,1,5
938.0407733150059,4,72.25,0,0,0,2,1,0,3
939.0527964580106,4,46.75,0,0,0,2,0,0,2
940.0664727269905,4,47.5,1,0,0,2,0,0,2
941.0785790890222,4,35.5,0,2,0,2,0,0,4
942.0921196170384,4,47.5,0,0,0,4,0,0,4
943.1056933579966,4,47.5,0,0,0,4,0,0,4
944.1189108950202,4,23.5,0,1,0,3,0,0,4
945.1329697820474,4,16.25,0,1,1,2,0,0,4
946.1465813490213,4,10.0,0,0,1,3,0,0,4
947.1574373930343,4,23.0,0,2,0,3,0,0,5
948.1713981270441,4,24.5,0,2,2,3,0,0,7
949.183227417001,4,46.25,0,2,1,4,0,0,7
950.1962958840304,4,34.25,0,2,0,5,0,0,7
951.2105043270276,4,50.75,0,1,2,4,0,1,8
952.2241777370218,4,23.25,0,1,2,4,1,0,8
953.2379636960104,4,46.5,0,1,1,4,1,1,8
954.2518298810464,4,19.75,0,3,0,5,0,0,8
955.2647886340274,4,45.0,0,0,3,5,0,0,8
956.278949856991,4,72.0,0,0,0,8,0,0,8
957.292842556024,4,47.75,0,0,0,8,0,0,8
958.3064639130025,4,32.75,0,0,0,6,0,2,8
959.3178696460091,4,66.25,2,0,0,6,0,0,6
960.3318774650106,4,70.5,0,2,0,5,0,1,8
961.3458975829999,4,38.0,0,2,1,5,0,0,8
962.3596797750215,4,5.5,0,0,1,7,0,0,8
963.3728791990434,4,69.5,0,0,1,7,0,0,8
964.3845522520132,4,68.75,0,0,0,6,1,0,7
965.3981863679946,4,21.5,0,1,1,5,0,0,7
966.411306280992,4,48.25,1,1,1,4,0,1,7
967.4248431950109,4,23.5,0,1,0,5,0,0,6
968.4375345210428,4,45.75,0,0,0,6,0,0,6
969.4503261740319,4,46.75,0,0,0,3,0,0,3
970.4640152380452,4,36.25,0,0,0,2,0,0,2
971.477974753012,4,47.0,0,1,0,2,0,0,3
972.4916543790023,4,23.75,0,1,1,1,0,0,3
973.5054342450458,4,23.75,0,0,0,3,0,0,3
974.5192404790432,4,47.5,0,0,0,3,0,0,3
975.5338866719976,4,47.25,0,0,0,3,0,0,3
976.5477384030237,4,21.25,1,2,0,2,0,0,4
977.5592289610067,4,1.25,0,1,1,3,0,0,5
978.5716231120168,4,0.0,0,1,0,5,0,0,6
979.5855776169919,4,47.25,0,0,0,6,0,0,6
980.5977526460192,4,69.5,0,1,0,5,0,0,6
981.6116643950227,4,49.75,0,0,0,6,0,0,6
982.6257524710381,4,47.25,0,0,0,4,0,0,4
983.63894333801,4,25.25,1,1,0,4,0,0,5
984.6532886410132,4,46.75,0,2,0,2,0,0,4
985.6669523920282,4,47.25,0,0,2,2,0,0,4
986.6809481540113,4,46.75,0,1,1,3,0,0,5
987.6935549210175,4,34.25,0,3,0,4,0,0,7
988.7072294329992,4,24.0,1,3,0,3,1,0,7
989.7167309210054,4,47.5,0,4,1,3,0,1,9
990.7317523590173,4,25.0,0,1,2,5,0,0,8
991.7437346799998,4,72.25,0,0,1,5,0,0,6
992.7573645520024,4,58.75,0,2,0,7,0,0,9
993.7710357470205,4,28.25,0,0,0,8,0,0,8
994.7823490530136,4,64.0,0,1,0,7,0,0,8
995.7960042640334,4,72.0,0,0,1,6,0,0,7
996.806978809007,4,47.5,0,0,0,5,0,1,6
997.8206553410273,4,70.5,0,0,0,5,0,0,5
998.8321278690128,4,95.25,0,0,0,5,0,0,5
999.8446738120401,4,45.5,0,1,0,4,1,0,6
1000.8592113819905,4,46.25,0,2,0,3,0,1,6
1001.8698662820389,4,23.25,0,0,1,4,0,0,5
1002.8819707460352,4,0.0,0,0,0,5,0,0,5
1003.8956726610195,4,1.25,0,2,0,5,0,0,7
1004.9097370550153,4,49.5,0,1,1,3,0,2,7
1005.9220456820331,4,0.0,1,1,0,5,0,0,6
1006.9358210710343,4,23.5,0,2,0,5,0,1,8
1007.9493819920463,4,54.0,0,0,0,7,0,1,8
1008.9612962230458,4,70.25,0,0,0,7,0,0,7
1009.97680983803,4,47.5,0,1,0,6,0,0,7
1010.9909675630042,4,49.5,0,1,0,7,0,0,8
1012.0046806990285,4,70.75,0,1,0,8,0,0,9
1013.0136316700373,4,41.25,0,0,0,9,0,0,9
1014.0274645240279,4,70.75,0,0,0,8,0,0,8
1015.041137274995,4,70.25,0,0,0,7,0,0,7
1016.0543643440469,4,93.0,0,0,0,7,0,0,7
1017.0680411910289,4,70.75,0,0,0,7,0,0,7
1018.0815053069964,4,53.25,0,1,0,6,0,0,7
1019.0949221850024,4,46.5,0,0,0,5,1,1,7
1020.1081406470039,4,69.5,2,0,0,3,3,1,7
1021.121850104013,4,27.75,0,0,1,3,0,0,4
1022.1346125240088,4,47.5,0,0,0,4,0,0,4
1023.1481453920132,4,24.25,0,0,0,3,0,0,3
1024.1618199599907,4,47.0,0,1,0,3,0,0,4
1025.1757030159933,4,26.0,0,2,0,4,0,0,6
1026.188454181014,4,21.5,0,0,1,4,0,0,5
1027.2008574870415,4,36.25,0,0,0,5,0,0,5
1028.2123932730174,4,47.0,1,1,0,5,0,0,6
1029.2246686900035,4,27.5,0,1,0,5,0,0,6
1030.2486847580294,4,47.25,0,0,0,6,0,0,6
1031.261468644021,4,61.25,0,0,0,5,0,0,5
1032.2724336520187,4,70.0,0,0,0,5,0,0,5
1033.2835198490066,4,58.75,0,0,0,5,0,0,5
1034.2959867439931,4,30.25,0,0,0,4,0,0,4
1035.3099481280078,4,47.25,0,0,0,2,0,0,2
1036.323847149033,4,42.5,0,0,0,1,0,0,1
1037.3376249500434,4,23.5,0,0,0,0,0,0,0
1038.3516391890007,4,0.0,0,0,0,0,0,0,0
1039.363363854005,4,0.0,0,0,1,0,0,0,1
1040.3768099730369,4,0.0,0,0,1,0,0,0,1
1041.3911931050243,4,0.0,2,0,1,0,0,0,1
1042.4039003890357,4,0.0,0,1,2,1,0,0,4
1043.4160867350292,4,23.25,0,1,1,2,0,0,4
1044.428991488996,4,70.25,0,0,0,4,0,0,4
1045.4417241500341,4,47.75,0,2,0,3,0,0,5
1046.4534684490063,4,2.25,0,2,1,2,0,1,6
1047.464613824035,4,47.0,1,2,1,2,0,1,6
1048.4787732140394,4,65.0,0,0,1,5,0,0,6
1049.4903587730369,4,71.0,0,0,0,6,0,0,6
1050.5039323770325,4,43.75,0,2,1,6,0,0,9
1051.521749100997,4,93.75,0,2,1,6,0,0,9
1052.5359339670395,4,71.75,0,0,0,8,0,0,8
1053.5482214320218,4,71.5,0,0,0,6,0,0,6
1054.5620182900457,4,33.25,0,1,0,5,0,0,6
1055.5756404910353,4,70.25,1,1,0,5,0,0,6
1056.5890824180096,4,47.0,1,1,0,3,2,0,6
1057.6030616780045,4,42.0,0,3,0,5,0,0,8
1058.61698956904,4,58.75,0,0,1,7,0,0,8
1059.630853871,4,95.0,0,0,1,6,1,0,8
1060.6443635890028,4,71.0,0,0,0,5,0,0,5
1061.6565821840195,4,94.25,0,1,0,5,0,0,6
1062.6691325650318,4,56.25,1,1,0,5,0,0,6
1063.6827956500347,4,47.0,4,1,0,4,1,0,6
1064.6964542380301,4,23.5,1,2,3,4,0,0,9
1065.7100317930453,4,68.75,0,2,2,7,1,0,12
1066.723630391003,4,58.25,3,1,1,7,2,0,11
1067.7373791510472,4,68.75,1,5,2,5,0,2,14
1068.751633773034,4,41.25,1,7,1,7,1,0,16
1069.7648468780098,4,45.5,1,2,5,9,0,0,16
1070.7789009790285,4,47.0,7,2,1,10,2,1,16
1071.791843109997,4,71.5,1,2,5,9,0,0,16
1072.8031304720207,4,80.0,2,1,0,13,1,0,15
1073.8138826200156,4,95.25,9,1,0,6,8,0,15
1074.8262310360442,4,93.75,15,2,0,5,0,9,16
1075.8394116220297,4,94.0,11,10,0,6,0,0,16
1076.8516883620177,4,68.25,22,8,3,3,0,2,16
1077.8595964410342,4,40.25,30,2,7,5,0,2,16
1078.873029755021,4,54.5,30,0,3,11,0,2,16
1079.8869383870042,4,46.0,32,3,2,8,3,0,16
1080.8981795840082,4,61.25,26,7,3,5,1,0,16
1081.9118491010158,4,48.25,26,5,3,6,0,2,16
1082.9257248970098,4,49.25,22,2,6,8,0,0,16
1083.940523582045,4,48.0,22,1,0,12,2,1,16
1084.9542526100413,4,58.75,21,2,1,7,2,4,16
1085.9678543219925,4,48.5,19,4,1,4,3,4,16
1086.9788514770335,4,73.75,22,4,1,2,5,4,16
1087.991751877009,4,47.25,12,9,4,3,0,0,16
1089.0038086679997,4,44.5,12,4,4,8,0,0,16
1090.0163952510338,4,54.25,10,4,3,8,1,0,16
1091.0290789610008,4,63.75,11,2,4,10,0,0,16
1092.0418953920016,4,50.25,10,2,4,7,2,1,16
1093.055635174038,4,94.25,8,4,3,7,2,0,16
1094.0671670150477,4,93.0,12,4,3,4,5,0,16
1095.0799816400395,4,70.75,5,8,4,4,0,0,16
1096.0941437040456,4,24.0,5,3,8,5,0,0,16
1097.108036818041,4,50.5,9,0,4,12,0,0,16
1098.1195336420205,4,70.5,8,1,4,10,0,1,16
1099.1331888890127,4,71.75,7,1,2,10,3,0,16
1100.144835485029,4,75.25,4,4,2,8,1,1,16
1101.158703027002,4,78.5,3,2,6,8,0,0,16
1102.1728464990156,4,56.75,3,2,1,13,0,0,16
1103.184470813023,4,72.0,2,2,2,9,0,3,16
1104.1965294170077,4,94.5,0,2,3,10,0,0,15
1105.2100664169993,4,71.25,0,0,5,8,2,0,15
1106.2242703230004,4,71.25,0,0,4,7,0,0,11
1107.238037007046,4,34.25,0,1,2,8,0,0,11
1108.2504236309906,4,39.25,0,1,1,9,0,0,11
1109.2636953270412,4,69.0,0,0,2,7,0,0,9
1110.277656243008,4,91.75,0,0,0,7,1,0,8
1111.2913768460276,4,93.5,1,0,0,7,1,0,8
1112.302808745997,4,92.75,1,1,0,6,0,2,9
1113.313856202003,4,65.5,0,0,2,5,0,0,7
1114.3266958710155,4,73.0,0,0,1,5,0,0,6
1115.3403515210375,4,46.75,2,0,1,4,1,0,6
1116.3556046220474,4,47.75,0,2,3,4,0,0,9
1117.3674420620082,4,52.0,0,1,5,6,0,0,12
1118.3806357510039,4,25.75,0,0,0,8,1,1,10
1119.3942830910091,4,69.75,1,1,0,6,2,1,10
1120.4025510250358,4,69.75,4,1,0,3,5,1,10
1121.4163366110297,4,35.25,0,4,3,3,0,5,15
1122.4303842849913,4,48.0,0,3,1,7,0,0,11
1123.4442226770334,4,23.25,0,1,1,6,0,1,9
1124.4564282350475,4,47.75,0,1,2,3,0,0,6
1125.469867517997,4,48.5,0,0,1,5,0,0,6
1126.484977665008,4,70.25,0,0,1,5,0,0,6
1127.4977659200085,4,65.25,0,0,1,3,0,0,4
1128.5112680130405,4,23.25,0,0,0,4,0,0,4
1129.522382244002,4,35.5,0,0,0,4,0,0,4
1130.5376780360239,4,69.5,4,0,0,3,1,0,4
1131.551476743014,4,23.5,0,1,5,2,0,0,8
1132.5649552160176,4,47.25,2,1,5,2,0,0,8
1133.5775181130157,4,46.5,3,1,5,2,0,0,8
1134.5894191600382,4,39.25,0,6,4,3,0,0,13
1135.6027327330085,4,47.0,0,7,0,7,0,0,14
1136.6143563350197,4,25.0,0,8,0,3,1,0,12
1137.6287557210308,4,46.75,2,10,0,3,0,0,13
1138.6410222970298,4,48.5,1,5,5,5,0,1,16
1139.6549390130094,4,23.75,5,5,5,2,3,1,16
1140.6662165659945,4,67.5,6,5,4,3,3,0,15
1141.6813581130118,4,24.5,3,5,5,6,0,0,16
1142.6950688710203,4,35.25,7,0,3,12,0,1,16
1143.7090143010137,4,58.75,3,3,1,11,1,0,16
1144.722876209009,4,62.0,5,1,2,11,0,2,16
1145.7393126210081,4,38.5,4,1,2,10,3,0,16
1146.7535576380324,4,69.75,8,1,2,7,6,0,16
1147.7675554020097,4,70.0,6,5,0,8,0,3,16
1148.7815476279939,4,17.0,4,3,3,10,0,0,16
1149.7946025209967,4,55.0,2,2,5,9,0,0,16
1150.8084596040426,4,48.25,2,1,6,9,0,0,16
1151.8217232770403,4,88.75,2,1,3,10,2,0,16
1152.8353592749918,4,93.0,0,3,2,7,3,0,15
1153.849256444024,4,70.75,0,2,3,6,0,0,11
1154.8630141619942,4,72.5,0,2,2,8,1,0,13
1155.8757799119921,4,39.25,0,4,3,7,1,0,15
1156.8893510560156,4,59.25,1,4,3,4,3,0,14
1157.9029741080012,4,47.75,0,2,3,7,0,0,12
1158.9171484010294,4,81.75,3,2,3,4,3,0,12
1159.9308672710322,4,54.25,0,5,4,4,0,1,14
1160.9449419010198,4,43.25,0,5,1,7,0,1,14
1161.958993630018,4,37.0,0,3,3,1,0,1,8
1162.9724301170208,4,0.0,0,2,2,4,0,1,9
1163.9858790000435,4,47.75,0,2,2,4,0,1,9
1164.996639657009,4,46.75,0,2,2,4,0,1,9
1166.0103171130177,4,58.25,0,1,0,7,0,0,8
1167.0211519650184,4,63.75,0,1,1,6,0,1,9
1168.0380554280127,4,49.25,0,0,0,7,0,1,8
1169.051432644017,4,52.5,0,2,0,7,0,0,9
1170.0665612140438,4,23.5,0,2,0,5,2,0,9
1171.0809660209925,4,27.75,1,0,0,6,0,1,7
1172.0942036469933,4,48.0,0,2,1,6,0,0,9
1173.1110417290474,4,22.0,0,0,0,7,0,0,7
1174.121110658045,4,47.0,0,0,0,7,0,0,7
1175.133409777016,4,71.5,0,0,0,5,2,0,7
1176.1468465120415,4,47.25,0,0,0,3,0,0,3
1177.1608694430324,4,46.75,0,1,0,3,0,0,4
1178.175029637001,4,48.0,0,1,0,4,0,0,5
1179.188888505043,4,46.5,0,0,1,4,0,0,5
1180.202860446996,4,48.25,0,0,0,5,0,0,5
1181.2162688790122,4,23.25,0,0,0,4,0,0,4
1182.230570639018,4,35.75,0,1,0,3,0,0,4
1183.2435467700125,4,22.75,0,2,0,2,0,0,4
1184.2548196850112,4,23.25,0,1,0,4,0,0,5
1185.2657788009965,4,65.25,0,1,0,3,1,0,5
1186.2794349920005,4,47.0,0,0,1,2,0,0,3
1187.293040522025,4,47.0,0,0,0,3,0,0,3
1188.3060823430424,4,29.75,0,2,0,3,0,0,5
1189.3195567780058,4,23.75,1,2,0,2,1,0,5
1190.3342845760053,4,46.75,0,3,1,3,0,0,7
1191.3480739470106,4,64.5,0,1,1,6,0,0,8
1192.3619730719947,4,47.0,0,0,0,8,0,0,8
1193.3759797090315,4,48.25,0,0,0,8,0,0,8
1194.3888219550136,4,59.75,2,0,0,6,2,0,8
1195.4012345870142,4,46.25,0,1,3,5,0,0,9
1196.4148018500418,4,70.0,0,0,0,8,0,0,8
1197.4235941990046,4,62.25,0,1,0,7,1,0,9
1198.4374797820346,4,49.0,0,1,1,7,0,0,9
1199.451227468031,4,44.0,0,2,0,8,0,0,10
1200.4636871360126,4,53.25,0,1,0,10,0,0,11
1201.477212755999,4,47.5,0,0,0,11,0,0,11
1202.4908025730401,4,70.5,0,0,0,9,2,0,11
1203.5046589430422,4,76.75,0,0,0,6,0,0,6
1204.5181148650008,4,62.75,0,0,0,6,0,0,6
1205.5316732550273,4,61.5,0,0,0,5,0,1,6
1206.544352648023,4,41.0,1,1,0,5,0,0,6
1207.557974388008,4,23.25,0,3,0,3,0,1,7
1208.5716089050402,4,31.25,0,0,1,3,0,0,4
1209.5840845589992,4,31.75,0,0,0,4,0,0,4
1210.5973322810023,4,47.25,0,0,0,3,1,0,4
1211.6108343150117,4,23.25,0,0,0,1,3,0,4
1212.6233126409934,4,3.5,0,2,0,1,0,2,5
1213.6358818040462,4,16.25,0,1,1,2,0,0,4
1214.6491494530346,4,48.5,0,0,1,3,0,0,4
1215.6632998810383,4,40.0,0,2,0,4,0,0,6
1216.6765904880012,4,40.75,0,0,0,6,0,0,6
1217.690416455036,4,47.5,0,0,0,6,0,0,6
1218.7042946900474,4,22.75,0,0,0,3,0,1,4
1219.7182366240304,4,23.25,0,0,0,3,0,0,3
1220.732139018015,4,18.5,0,1,0,3,0,0,4
1221.746057364042,4,24.0,0,1,0,2,0,0,3
1222.7601154570002,4,46.75,0,0,1,2,0,0,3
1223.7736934430432,4,62.5,0,2,0,3,0,0,5
1224.7873105360195,4,47.75,0,2,0,2,1,0,5
1225.800640482048,4,41.5,0,0,2,2,0,0,4
1226.8149495060206,4,6.5,0,0,0,4,0,0,4
1227.8290161160403,4,23.25,0,0,0,2,2,0,4
1228.8410154470475,4,23.5,0,0,0,3,0,0,3
1229.8548813220114,4,24.0,0,0,0,3,0,0,3
1230.8690274850233,4,1.5,0,1,0,3,0,0,4
1231.8837406570092,4,21.75,0,2,0,3,0,0,5
1232.8981745170313,4,23.25,0,2,0,4,0,0,6
1233.911897573038,4,25.0,0,1,1,6,0,0,8
1234.925716008991,4,39.5,0,0,1,7,0,0,8
1235.9397875770228,4,71.25,0,0,0,7,0,0,7
1236.9535839680466,4,69.0,0,1,0,7,0,0,8
1237.967629950028,4,48.5,0,2,0,6,0,0,8
1238.9816396660171,4,46.75,0,1,1,3,3,0,8
1239.9954996409942,4,0.0,1,1,1,3,3,0,8
1241.0094369979925,4,46.75,1,1,1,3,0,3,8
1242.0232231440023,4,24.0,0,1,0,4,0,0,5
1243.0344635320362,4,24.0,0,0,0,6,0,0,6
1244.0479509970173,4,49.25,0,1,0,5,1,0,7
1245.0622195380274,4,49.0,0,0,0,3,1,0,4
1246.0754737950047,4,38.75,0,0,0,4,0,0,4
1247.086908489,4,46.75,0,2,0,4,0,0,6
1248.1003870019922,4,46.75,0,2,0,4,0,0,6
1249.1145446860464,4,47.5,0,0,1,5,0,0,6
1250.1254124850384,4,34.25,0,0,0,6,0,0,6
1251.1390084230225,4,47.0,0,0,0,6,0,0,6
1252.1525881330017,4,71.0,0,0,0,3,0,2,5
1253.1659131850465,4,23.25,0,0,0,3,0,0,3
1254.179350385035,4,26.25,0,2,0,3,0,0,5
1255.1919259389979,4,23.5,0,1,0,4,0,1,6
1256.2033944409923,4,45.75,0,1,0,5,0,0,6
1257.2157419970026,4,46.5,0,0,0,6,0,0,6
1258.2283617380308,4,29.75,0,0,0,5,0,0,5
1259.2404302210198,4,43.25,0,1,0,4,0,0,5
1260.2517782990471,4,13.0,0,1,2,3,0,0,6
1261.2656053590472,4,35.0,0,1,1,4,0,0,6
1262.2786180980038,4,69.0,0,1,1,3,1,0,6
1263.2923256880022,4,36.0,0,0,1,4,0,0,5
1264.3043236990343,4,82.25,1,0,2,4,1,0,7
1265.3177078390145,4,40.25,0,1,2,3,1,0,7
1266.3314995130058,4,69.5,0,1,2,2,2,0,7
1267.344592451991,4,48.25,0,0,1,4,0,0,5
1268.3587609209935,4,22.0,0,1,0,5,0,0,6
1269.3720859769965,4,22.75,0,1,0,5,0,0,6
1270.385899785033,4,46.75,2,1,0,4,1,0,6
1271.4007345300051,4,46.5,2,1,0,3,2,0,6
1272.4120740240323,4,72.5,0,0,2,6,0,0,8
1273.4254840670037,4,62.25,0,0,0,7,1,0,8
1274.4395868059946,4,84.5,0,0,0,6,1,0,7
1275.455897946027,4,77.25,0,1,0,4,0,3,8
1276.4687789210002,4,30.25,0,1,0,5,0,0,6
1277.4815522830468,4,38.75,0,0,0,6,0,0,6
1278.496036985016,4,71.0,0,0,0,6,0,0,6
1279.5081727710203,4,70.5,1,0,0,5,1,0,6
1280.5200397510198,4,71.0,0,1,0,4,0,0,5
1281.5339524550363,4,59.5,0,0,0,5,0,0,5
1282.5474571520463,4,71.0,0,3,0,5,0,0,8
1283.557703191007,4,23.0,0,4,0,3,2,0,9
1284.5714962920174,4,53.5,0,1,1,6,0,0,8
1285.5834209910245,4,67.25,0,1,1,6,0,0,8
1286.5973448940204,4,96.0,0,1,1,7,0,0,9
1287.6106665380066,4,70.25,0,1,0,6,2,0,9
1288.6211444390356,4,70.0,0,1,0,6,2,0,9
1289.6348140999908,4,47.5,0,3,0,5,0,0,8
1290.6474137970363,4,51.5,0,0,1,6,0,0,7
1291.6609702970018,4,58.0,1,0,0,6,0,1,7
1292.6748334660078,4,94.25,1,0,0,5,1,0,6
1293.6869255280471,4,34.0,1,0,0,4,1,0,5
1294.699037983024,4,69.5,0,1,0,3,0,2,6
1295.7142885600333,4,46.0,0,2,1,3,1,0,7
1296.7280567630078,4,48.5,0,0,0,6,0,0,6
1297.7390161390067,4,71.0,0,0,0,5,1,0,6
1298.7509463170427,4,70.5,0,0,0,5,0,0,5
1299.7648710500216,4,70.5,0,0,0,3,1,0,4
1300.7742217610357,4,47.0,0,0,0,3,0,1,4
1301.7880605760147,4,36.5,0,1,0,3,0,0,4
1302.8015046960209,4,46.25,0,2,0,3,0,0,5
1303.8153819640283,4,41.5,0,0,1,4,0,0,5
1304.8288689650362,4,23.5,2,1,0,2,3,0,6
1305.8428349360474,4,23.0,0,5,0,2,0,0,7
1306.856712009001,4,22.75,0,0,2,5,0,0,7
1307.8703199580195,4,48.75,0,1,0,6,1,0,8
1308.886804829992,4,46.0,0,1,0,5,2,0,8
1309.8995190790156,4,71.0,0,1,0,5,2,0,8
1310.9113895770279,4,46.75,0,2,0,4,0,0,6
1311.9251452769968,4,49.5,0,2,0,6,0,0,8
1312.9366470830282,4,36.5,0,2,0,6,0,0,8
1313.949844752031,4,68.5,0,2,0,5,0,0,7
1314.9629372130148,4,24.0,0,0,1,6,0,0,7
1315.977015431039,4,48.25,0,1,0,7,0,0,8
1316.9905740310205,4,43.0,0,1,3,8,0,0,12
1318.004789844039,4,72.75,0,1,0,10,0,0,11
1319.018214596028,4,26.25,0,0,0,8,0,2,10
1320.031797105039,4,91.25,0,0,0,6,0,1,7
1321.0455789480475,4,33.5,1,1,0,4,1,0,6
1322.0574108320288,4,71.5,0,3,0,4,0,0,7
1323.072503570991,4,47.0,0,4,1,4,1,0,10
1324.0839093050454,4,23.75,0,4,1,4,1,0,10
1325.0970877149957,4,23.0,0,6,1,4,0,1,12
1326.1110985720297,4,23.25,0,4,2,5,0,1,12
1327.1252661659964,4,24.0,0,1,3,8,0,0,12
1328.138921544014,4,46.5,0,1,1,8,1,1,12
1329.1529486170039,4,39.25,0,1,1,9,0,0,11
1330.1666129819932,4,53.0,2,2,1,7,2,1,13
1331.178935346019,4,59.5,0,1,3,8,0,0,12
1332.1896184060024,4,93.5,0,0,1,8,0,1,10
1333.2020789500093,4,24.5,0,0,1,6,1,0,8
1334.2171054219943,4,93.5,6,0,0,6,1,1,8
1335.2284171690117,4,82.0,0,3,4,5,0,0,12
1336.242223667039,4,39.75,0,0,3,12,0,0,15
1337.2558046689956,4,57.0,0,3,0,11,1,0,15
1338.2693281190004,4,72.5,3,3,0,6,4,1,14
1339.283253600006,4,47.5,3,3,0,4,6,1,14
1340.2962648660177,4,1.5,2,4,3,3,0,6,16
1341.3101937760366,4,4.75,0,1,7,5,0,0,13
1342.3241508370265,4,26.0,0,1,1,11,0,1,14
1343.3358373980154,4,96.5,0,5,0,8,1,0,14
1344.3491851310246,4,72.25,0,0,2,10,0,0,12
1345.3602657690062,4,70.5,0,0,0,6,3,3,12
1346.3743355890037,4,69.75,0,0,0,3,1,0,4
1347.3877579499967,4,23.0,3,0,0,2,2,0,4
1348.4015969370375,4,23.25,2,3,0,2,0,2,7
1349.4149253219948,4,25.0,0,0,0,7,0,0,7
1350.429921153991,4,44.75,0,0,0,5,0,2,7
1351.4427431219956,4,47.5,2,1,0,4,1,0,6
1352.4565424320172,4,40.25,0,3,1,2,0,0,6
1353.4683689300437,4,0.0,0,3,1,4,0,0,8
1354.4782950290246,4,23.0,0,3,1,2,1,0,7
1355.491907357995,4,26.25,0,2,0,6,0,0,8
1356.5055732390028,4,62.25,0,1,2,5,0,0,8
1357.5178199540242,4,37.75,0,4,0,6,0,0,10
1358.5318382430123,4,71.25,0,4,0,4,2,0,10
1359.5441400030395,4,58.0,0,3,3,3,0,0,9
1360.559630177042,4,48.75,0,0,3,5,0,0,8
1361.5709132950287,4,41.75,0,0,0,6,1,0,7
1362.583004517015,4,45.75,1,0,0,2,4,1,7
1363.5966758960276,4,13.25,0,2,1,1,0,0,4
1364.6095537139918,4,12.0,0,1,1,3,0,0,5
1365.6230388290132,4,20.75,0,0,3,5,0,0,8
1366.636910558038,4,49.25,1,0,2,5,1,0,8
1367.6509511910263,4,71.75,0,1,0,7,0,0,8
1368.662142545043,4,70.25,0,1,0,8,0,0,9
1369.6757697630092,4,71.5,2,2,0,6,2,0,10
1370.6880582820158,4,47.25,0,3,1,4,0,3,11
1371.7018283160287,4,47.75,0,3,1,3,1,3,11
1372.7143461060477,4,25.75,0,1,1,6,0,0,8
1373.727946974046,4,72.25,0,1,0,6,0,1,8
1374.7418081280193,4,3.5,0,1,0,7,0,0,8
1375.7556619330426,4,71.5,3,1,0,6,1,0,8
1376.767569112999,4,70.25,3,1,0,5,2,0,8
1377.7818945060135,4,71.25,0,1,2,6,0,0,9
1378.795416117995,4,49.25,0,0,0,9,0,0,9
1379.812460715999,4,40.25,1,1,0,7,2,0,10
1380.8244757140055,4,58.0,0,4,1,6,0,2,13
1381.8379794810317,4,71.25,0,0,3,7,0,0,10
1382.852316064993,4,64.25,0,1,1,10,0,0,12
1383.8652142850333,4,47.25,0,0,1,8,0,0,9
1384.880703799019,4,94.75,0,0,0,7,0,0,7
1385.8947000040207,4,70.25,2,0,0,5,1,0,6
1386.9068087449996,4,70.0,0,4,0,3,1,0,8
1387.9211429930292,4,18.75,0,1,0,8,0,1,10
1388.9326953660347,4,70.5,2,1,0,6,2,0,9
1389.9468400090118,4,72.25,0,3,0,7,0,1,11
1390.9606395619921,4,70.75,0,6,0,4,0,0,10
1391.9744544799905,4,23.5,0,6,2,2,0,0,10
1392.9877253739978,4,0.0,0,6,2,7,0,0,15
1394.0012737560319,4,26.0,0,2,4,5,1,0,12
1395.0129942370113,4,47.75,0,3,3,6,0,3,15
1396.0267812400125,4,3.5,0,1,1,8,1,0,11
1397.0368576060282,4,70.25,0,1,1,4,2,3,11
1398.050608068006,4,75.25,0,1,1,4,0,1,7
1399.0615780919907,4,23.25,0,1,0,5,0,1,7
1400.0726642300142,4,70.75,4,1,0,4,1,1,7
1401.0862799390452,4,47.0,0,6,0,4,0,1,11
1402.10144489503,4,48.5,0,1,3,5,0,0,9
1403.1149919090094,4,73.25,0,1,2,6,0,0,9
1404.128594599024,4,61.0,0,2,1,6,0,1,10
1405.1407735900139,4,66.5,0,0,0,8,1,0,9
1406.1546205690247,4,92.5,0,0,0,7,0,1,8
1407.1682024350157,4,71.25,1,0,0,6,0,0,6
1408.1816012130002,4,51.0,0,2,0,5,1,0,8
1409.1953047570423,4,72.0,1,2,0,4,2,0,8
1410.207296804001,4,47.25,0,1,2,4,0,0,7
1411.2206133140135,4,37.5,0,0,1,5,0,0,6
1412.234150925011,4,47.25,1,0,0,5,1,0,6
1413.2450886000297,4,26.75,3,0,0,4,2,0,6
1414.2573481459985,4,5.25,0,4,0,3,0,0,7
1415.2686099690036,4,33.0,0,0,3,5,0,0,8
1416.2823255319963,4,17.5,0,1,1,6,0,0,8
1417.2958292239928,4,70.25,1,1,1,6,0,0,8
1418.3099455960328,4,46.25,0,3,1,7,0,0,11
1419.321713139012,4,69.5,0,4,0,8,0,0,12
1420.3358133980073,4,36.0,0,0,2,10,0,0,12
1421.349417889025,4,86.5,0,0,1,12,0,0,13
1422.363078769995,4,94.25,0,0,1,11,0,0,12
1423.377365315042,4,75.5,2,0,1,10,1,0,12
1424.3905354220187,4,92.75,2,0,0,10,2,0,12
1425.404430419032,4,95.0,0,2,0,6,0,1,9
1426.4180243400042,4,41.75,0,2,1,7,0,0,10
1427.4317401070148,4,44.25,0,0,2,8,0,0,10
1428.445352707,4,92.75,1,0,0,9,1,0,10
1429.4591159800184,4,70.5,0,0,0,8,0,0,8
1430.4728709070478,4,84.0,0,2,0,7,0,0,9
1431.482296756003,4,71.0,0,4,2,9,0,0,15
1432.4937398190377,4,47.75,3,4,2,6,2,1,15
1433.5075641230214,4,70.75,3,4,2,6,2,1,15
1434.5190992710413,4,46.5,1,4,2,8,1,1,16
1435.5328920670436,4,70.5,0,2,1,9,3,0,15
1436.5465683850343,4,73.0,3,2,1,9,0,1,13
1437.560205685033,4,60.75,1,5,1,7,0,0,13
1438.5734115500236,4,47.75,0,4,5,7,0,0,16
1439.5875721850316,4,55.25,0,1,3,10,1,0,15
1440.5985551360063,4,30.5,1,2,1,12,1,0,16
1441.6122731200303,4,93.75,0,2,2,4,0,7,15
1442.625822217029,4,34.25,0,1,1,3,2,1,8
1443.639121589018,4,35.0,0,4,1,2,0,1,8
1444.6527804060024,4,37.0,0,5,2,4,0,0,11
1445.6666381030227,4,38.5,0,0,2,9,0,0,11
1446.6805869530072,4,88.0,0,2,1,6,0,1,10
1447.6940869460232,4,72.5,1,3,2,8,1,0,14
1448.708105675003,4,81.0,0,5,0,7,0,4,16
1449.7206674680347,4,26.5,0,1,2,10,0,0,13
1450.7356872989913,4,60.5,0,0,0,11,0,0,11
1451.7493030490004,4,48.0,0,4,0,6,0,1,11
1452.7628600820317,4,23.0,0,5,0,6,0,0,11
1453.775258675043,4,30.5,0,3,4,6,0,0,13
1454.7888166130288,4,86.25,2,3,1,7,2,0,13
1455.801209191035,4,65.0,0,4,3,4,0,0,11
1456.811771268025,4,23.25,0,2,4,5,1,0,12
1457.8239261860144,4,76.5,0,0,1,9,0,1,11
1458.834280338022,4,71.5,2,0,0,7,2,0,9
1459.8466787600191,4,70.75,2,0,0,5,4,0,9
1460.8580869630096,4,47.25,0,0,0,4,0,0,4
1461.870948042022,4,25.0,0,0,0,2,0,0,2
1462.882840416045,4,0.0,0,0,0,2,0,0,2
1463.8967191890115,4,23.25,2,0,0,2,0,0,2
1464.9080237449962,4,28.0,0,2,1,4,0,0,7
1465.9221741690417,4,24.5,0,1,3,5,0,0,9
1466.9357582020457,4,36.25,0,1,1,6,2,0,10
1467.9491846840247,4,70.0,2,1,1,4,4,0,10
1468.9614732119953,4,50.5,1,2,0,6,0,1,9
1469.9741245289915,4,91.75,0,0,1,7,1,0,9
1470.9876067489968,4,51.5,0,0,0,8,0,1,9
1472.0013375339913,4,94.75,0,0,0,6,2,1,9
1473.0146893160418,4,71.0,0,0,0,5,0,0,5
1474.0281022019917,4,70.75,7,0,0,3,2,0,5
1475.0418028100394,4,71.0,0,8,2,2,0,0,12
1476.0556124190334,4,24.75,0,2,3,7,0,0,12
1477.0699438810116,4,34.5,0,3,2,9,0,1,15
1478.0833872270305,4,66.0,0,3,2,6,3,1,15
1479.0971249880386,4,71.0,3,3,0,5,0,6,14
1480.1109722540132,4,63.5,0,0,3,7,0,0,10
1481.1250460380106,4,70.25,0,0,1,10,0,0,11
1482.1390262939967,4,95.25,0,0,0,6,3,0,9
1483.152412740048,4,68.5,0,0,0,6,0,0,6
1484.1635037090164,4,48.5,0,0,0,5,1,0,6
1485.1771113240393,4,47.5,0,2,0,4,0,0,6
1486.1884471760131,4,47.0,1,1,0,6,0,0,7
1487.2022146750242,4,47.25,0,0,4,5,0,0,9
1488.214100005047,4,23.25,0,0,3,6,0,0,9
1489.2276400030241,4,47.5,1,0,1,8,0,0,9
1490.2416620430304,4,24.0,0,2,0,9,0,0,11
1491.2565997830243,4,50.25,0,2,0,8,0,0,10
1492.267608707014,4,24.0,0,0,2,5,1,0,8
1493.2805508029996,4,70.5,1,0,2,4,2,0,8
1494.2928563260357,4,71.0,0,3,2,4,0,2,11
1495.3047209359938,4,32.25,0,3,1,6,0,0,10
1496.317472389026,4,48.25,0,0,0,8,0,0,8
1497.328890364035,4,91.5,1,0,0,8,0,0,8
1498.3423012000276,4,70.25,0,1,0,7,0,1,9
1499.353140296007,4,35.75,1,1,0,7,0,0,8
1500.368044337025,4,51.0,0,2,0,7,0,1,10
1501.38107331004,4,42.75,1,0,2,7,0,0,9
1502.3908174349926,4,71.75,2,0,2,6,1,0,9
1503.4079107200378,4,52.25,0,2,1,5,0,1,9
1504.4210780430003,4,45.75,0,0,2,6,0,1,9
1505.4346342550125,4,53.75,0,0,1,7,0,0,8
1506.445887511014,4,72.0,0,0,0,6,0,0,6
1507.4595330210286,4,25.25,0,2,1,5,0,0,8
1508.4736578820157,4,49.25,0,2,0,5,1,0,8
1509.4875159219955,4,21.75,0,1,0,7,0,0,8
1510.5005655279965,4,71.5,1,1,0,6,0,1,8
1511.5147930910462,4,47.0,0,0,1,7,0,0,8
1512.5283245710307,4,47.0,0,0,0,6,0,0,6
1513.5423416949925,4,49.25,0,0,0,5,0,0,5
1514.5535168540082,4,69.75,0,0,0,4,1,0,5
1515.5686185780214,4,70.25,0,0,0,4,0,0,4
1516.5824495000415,4,46.5,0,1,0,3,0,1,5
1517.5965608769911,4,29.75,0,2,0,4,0,0,6
1518.6098204129958,4,48.0,0,0,2,4,0,0,6
1519.6233395860181,4,47.5,0,1,1,4,1,0,7
1520.6378134950064,4,25.75,0,2,2,4,0,0,8
1521.6512474190095,4,71.75,0,0,0,8,0,0,8
1522.6630418400164,4,69.5,0,0,0,7,0,0,7
1523.6766476220218,4,27.25,0,0,0,7,0,0,7
1524.6905565470224,4,61.75,0,1,0,5,0,2,8
1525.7036907059955,4,60.75,0,1,0,4,0,0,5
1526.7175744830165,4,38.0,0,0,0,5,0,0,5
1527.7294288210105,4,43.5,0,0,0,5,0,0,5
1528.7431232110248,4,47.0,1,0,0,4,1,0,5
1529.757123821997,4,60.25,0,2,1,4,0,0,7
1530.769852418045,4,70.75,2,1,1,5,0,0,7
1531.7835516480263,4,93.75,2,1,1,4,1,0,7
1532.7966511099949,4,36.0,0,3,1,2,0,2,8
1533.8076491330285,4,44.25,0,2,1,3,0,0,6
1534.8198017289978,4,35.0,0,1,2,4,0,0,7
1535.8313223930309,4,28.75,0,2,1,5,0,0,8
1536.8437307490385,4,70.0,0,0,0,8,0,0,8
1537.8574267950025,4,75.0,0,2,0,6,1,0,9
1538.8714502860093,4,60.0,0,0,1,5,1,0,7
1539.8869908610359,4,48.0,0,1,0,5,0,0,6
1540.9036943070241,4,47.25,0,0,0,6,0,0,6
1541.9205203340389,4,71.25,0,1,0,5,0,0,6
1542.9342490440467,4,48.25,0,1,0,3,2,0,6
1543.9481460670359,4,48.0,0,3,0,4,0,1,8
1544.9598850850016,4,24.0,0,1,1,4,0,0,6
1545.973691791005,4,51.5,0,1,1,5,0,0,7
1546.9881704800064,4,46.25,0,2,1,3,0,0,6
1548.0040683690459,4,72.25,0,0,0,5,0,0,5
1549.0176790610421,4,48.5,0,0,0,4,0,0,4
1550.0317661380395,4,32.0,0,0,1,3,0,1,5
1551.0436695500393,4,0.0,0,1,1,3,0,0,5
1552.0558933280408,4,24.5,0,0,2,6,0,0,8
1553.066714496992,4,61.25,0,1,0,6,0,0,7
1554.0787938790163,4,14.5,0,0,1,6,0,0,7
1555.0929945730022,4,71.0,1,0,0,6,1,0,7
1556.1067788350047,4,70.5,5,0,0,5,2,0,7
1557.120179029007,4,23.0,0,6,0,2,0,2,10
1558.1340490520233,4,24.25,0,7,1,2,0,0,10
1559.1476785130217,4,27.0,0,6,1,4,2,0,13
1560.1618834190303,4,35.25,0,5,1,5,0,1,12
1561.1728816800169,4,65.0,0,3,1,8,0,0,12
1562.1867372090346,4,74.75,0,3,1,6,0,2,12
1563.2003605480422,4,61.5,0,0,2,9,0,0,11
1564.2140328130336,4,81.0,0,1,0,8,0,0,9
1565.2358121240395,4,69.25,0,0,0,7,0,0,7
1566.2495628240285,4,70.75,0,0,0,4,3,0,7
1567.2696041430463,4,46.25,2,0,0,2,5,0,7
1568.283802275022,4,33.25,0,1,3,2,0,0,6
1569.2946370770223,4,40.5,0,3,0,5,0,0,8
1570.3081960839918,4,35.0,0,0,1,6,1,0,8
1571.3203293280094,4,47.5,1,0,0,6,1,0,7
1572.339312991011,4,46.0,0,1,1,4,0,0,6
1573.353342957038,4,24.25,0,0,1,5,0,0,6
1574.36410174903,4,36.5,0,0,1,5,0,0,6
1575.3780643499922,4,47.25,0,3,1,3,0,2,9
1576.3919293720392,4,28.25,0,3,1,2,1,0,7
1577.4024389910046,4,47.5,0,6,1,2,0,1,10
1578.4127989760018,4,31.25,1,6,1,2,0,1,10
1579.426486204029,4,32.5,0,0,5,5,0,0,10
1580.4407009970164,4,95.75,0,0,2,9,0,0,11
1581.4514665970346,4,81.75,0,0,3,6,3,0,12
1582.4595594290295,4,76.0,0,0,3,5,0,4,12
1583.4716714990209,4,47.5,0,0,2,1,0,0,3
1584.4852440330433,4,0.0,0,2,2,1,0,0,5
1585.4990965400357,4,46.75,0,2,1,1,1,0,5
1586.5118362600333,4,0.0,0,2,1,0,2,0,5
1587.5260487319902,4,2.75,1,1,2,1,0,1,5
1588.5398032290395,4,48.25,0,0,2,3,0,0,5
1589.5514535100083,4,38.5,0,1,0,5,0,0,6
1590.5624973910162,4,26.25,0,1,1,4,1,0,7
1591.5748736860114,4,36.75,0,0,2,6,0,0,8
1592.5910275350325,4,69.5,0,0,0,8,0,0,8
1593.6084675390157,4,23.5,0,2,1,8,0,0,11
1594.620981346001,4,72.0,0,2,1,9,0,0,12
1595.634597953991,4,59.0,0,0,0,11,0,1,12
1596.6480868760264,4,30.25,0,1,0,10,0,0,11
1597.662102791015,4,49.0,0,0,0,9,0,1,10
1598.6746333549963,4,58.25,0,0,0,7,2,0,9
1599.6819710150012,4,34.75,0,2,0,5,0,0,7
1600.696141835011,4,66.5,0,1,1,6,0,0,8
1601.7077159630135,4,53.75,1,0,0,4,4,0,8
1602.7194123989902,4,71.75,0,2,0,4,0,2,8
1603.732777016994,4,19.5,1,1,1,5,0,0,7
1604.7469299870427,4,2.5,0,0,1,6,0,0,7
1605.7607837709947,4,46.0,0,0,0,5,1,0,6
1606.774427035998,4,6.25,0,0,1,5,0,0,6
1607.7880565800006,4,70.75,2,0,0,4,2,0,6
1608.7999502420425,4,36.0,0,2,2,4,0,0,8
1609.814222762012,4,24.25,0,3,1,4,1,0,9
1610.8278455990367,4,35.25,0,2,3,4,0,0,9
1611.8418586199987,4,61.0,0,1,2,6,1,0,10
1612.855615848035,4,75.25,0,1,1,6,2,1,11
1613.8672474329942,4,68.5,0,0,1,5,0,0,6
1614.8782022320083,4,27.0,0,3,4,6,0,0,13
1615.894997134048,4,50.0,0,3,2,5,2,1,13
1616.9084524550126,4,17.5,0,6,0,2,0,4,12
1617.9203899780405,4,9.75,0,0,5,3,0,0,8
1618.9333026499953,4,68.75,0,0,0,6,0,0,6
1619.9472220400348,4,47.5,1,0,0,5,0,1,6
1620.9591260600137,4,51.25,0,2,0,4,0,0,6
1621.9713126679999,4,46.0,0,0,1,3,0,1,5
1622.9823779489961,4,66.75,0,4,0,3,0,1,8
1623.994677323033,4,40.0,0,3,0,4,1,0,8
1625.008514082001,4,71.25,3,3,0,3,2,0,8
1626.0196172760334,4,70.25,7,3,0,2,3,0,8
1627.03134583903,4,23.5,0,9,2,1,0,0,12
1628.0455618510023,4,35.25,0,1,5,7,0,0,13
1629.0591201400384,4,47.25,0,1,3,8,1,0,13
1630.071872872999,4,64.25,0,3,1,6,0,1,11
1631.08435602003,4,40.5,0,1,2,9,0,0,12
1632.1022457910003,4,71.75,0,3,0,10,1,0,14
1633.1162536340416,4,94.0,1,3,0,7,4,0,14
1634.1296026179916,4,94.0,2,3,0,6,4,1,14
1635.1438469580025,4,81.25,0,1,4,3,0,1,9
1636.1568487600307,4,40.25,0,0,1,7,0,0,8
1637.16945789702,4,0.0,0,0,0,6,1,0,7
1638.1833380530006,4,22.75,0,0,0,5,0,2,7
1639.1969832280301,4,44.25,0,0,0,4,0,0,4
1640.2105547279934,4,48.5,0,1,0,3,0,0,4
1641.222340081993,4,29.0,0,0,0,3,0,1,4
1642.2359371600323,4,46.5,0,0,0,3,0,0,3
1643.2492520830128,4,45.75,1,0,0,3,0,0,3
1644.260674263991,4,23.25,0,1,2,3,0,0,6
1645.2746528920252,4,23.0,0,3,0,4,0,0,7
1646.288197396032,4,12.25,0,0,4,6,0,0,10
1647.3020398099907,4,31.0,0,3,3,5,0,0,11
1648.3154825720121,4,31.0,0,0,2,8,1,0,11
1649.325514363998,4,17.25,0,1,1,8,1,0,11
1650.3379000800196,4,0.0,0,2,0,8,0,0,10
1651.3504035390215,4,41.75,0,2,2,9,0,0,13
1652.3644195860252,4,1.25,0,0,1,8,0,2,11
1653.3761512850178,4,81.75,2,0,0,5,4,1,10
1654.388046445034,4,92.5,0,6,0,3,0,0,9
1655.4008503670339,4,42.0,0,7,2,5,0,0,14
1656.4127752030035,4,51.25,1,6,4,5,1,0,16
1657.4258540120209,4,48.75,0,7,2,6,1,0,16
1658.4367222490255,4,72.5,3,7,2,4,3,0,16
1659.4506813650369,4,35.25,1,2,7,5,0,2,16
1660.4644524140167,4,31.75,0,3,4,9,0,0,16
1661.4784992160276,4,48.0,1,5,1,8,2,0,16
1662.4925847420236,4,71.0,3,5,1,4,5,1,16
1663.505921552016,4,46.25,4,5,1,2,5,3,16
1664.520897148992,4,25.0,0,4,2,5,0,0,11
1665.534369798028,4,48.75,0,5,1,4,0,1,11
1666.548030124046,4,23.5,0,4,3,5,0,1,13
1667.5620236709947,4,49.75,0,2,1,8,0,0,11
1668.5736004000064,4,46.25,1,0,2,6,3,0,11
1669.5872163189924,4,71.5,1,0,2,5,3,1,11
1670.601073578,4,47.75,0,1,1,4,0,5,11
1671.614240357012,4,23.75,0,2,0,6,0,0,8
1672.6280648109969,4,46.5,0,1,1,6,0,0,8
1673.6403007840272,4,47.5,0,3,0,8,0,0,11
1674.6550730860326,4,68.5,0,1,0,9,0,0,10
1675.6687776190229,4,22.5,2,1,1,8,1,0,11
1676.6852696459973,4,69.5,2,1,1,5,4,0,11
1677.6987809209968,4,57.5,0,4,1,1,0,0,6
1678.7119049039902,4,19.0,0,2,3,4,0,0,9
1679.725880575017,4,48.25,0,0,0,9,0,0,9
1680.739413310017,4,93.75,0,0,0,9,0,0,9
1681.7534877860453,4,82.0,0,1,0,7,0,0,8
1682.767099232995,4,59.75,0,2,0,5,1,0,8
1683.7813057460007,4,17.25,0,2,0,6,1,0,9
1684.7947272059973,4,47.75,1,3,0,4,3,0,10
1685.8075028370367,4,70.75,3,2,0,4,3,1,10
1686.8218254719977,4,69.25,0,5,0,4,0,1,10
1687.8354051590431,4,66.75,0,0,2,7,1,0,10
1688.8491280589951,4,33.5,0,0,1,7,1,1,10
1689.8609135320294,4,23.25,1,0,1,4,3,2,10
1690.8750192979933,4,24.0,0,1,2,2,0,0,5
1691.8891916320426,4,26.75,0,3,0,5,0,0,8
1692.903124613047,4,23.5,0,3,3,6,0,0,12
1693.9130235910416,4,55.25,3,5,1,8,0,0,14
1694.9259889090317,4,93.0,8,5,1,5,3,0,14
1695.9382269600173,4,71.75,8,5,2,5,0,4,16
1696.9521116290125,4,18.5,8,3,2,10,0,1,16
1697.9658744049957,4,81.75,9,5,1,10,0,0,16
1698.9793152899947,4,15.75,10,5,0,1,7,3,16
1699.9929748190334,4,23.25,3,8,5,1,0,2,16
1701.0057009300217,4,12.5,2,1,10,3,0,2,16
1702.019443112018,4,23.25,0,2,3,10,1,0,16
1703.0318131860113,4,92.75,0,1,2,12,0,1,16
1704.0430685839965,4,93.25,1,1,2,5,7,1,16
1705.0569487700122,4,44.25,0,4,1,4,2,5,16
1706.069623126008,4,64.75,0,0,2,7,0,0,9
1707.0809621870285,4,72.75,0,2,0,8,0,0,10
1708.0946918140398,4,58.0,0,0,5,7,0,1,13
1709.108588393021,4,49.0,0,3,1,10,1,0,15
1710.1203561230213,4,49.25,4,3,1,6,2,3,15
1711.1340726290364,4,68.5,4,9,2,4,0,1,16
1712.1476093960227,4,36.0,7,5,7,4,0,0,16
1713.160016103997,4,46.75,11,2,4,10,0,0,16
1714.1764483040315,4,70.75,13,2,3,8,2,0,15
1715.187346871011,4,70.75,13,2,2,4,5,2,15
1716.201467100007,4,69.75,14,3,1,3,0,9,16
1717.2181286620325,4,69.0,9,7,2,2,2,3,16
1718.2321774759912,4,25.75,4,2,7,7,0,0,16
1719.2445897519938,4,70.25,1,4,1,10,1,0,16
1720.2553762689931,4,86.75,5,2,2,5,6,1,16
1721.268695072038,4,71.0,2,7,2,6,1,0,16
1722.282673615031,4,35.0,3,1,2,13,0,0,16
1723.2936212280183,4,74.0,3,0,0,12,4,0,16
1724.3073014330002,4,94.25,7,0,0,9,6,1,16
1725.3209218960255,4,67.5,1,5,2,8,1,0,16
1726.3350644260063,4,70.0,0,4,1,10,0,1,16
1727.3462195990141,4,75.25,0,1,3,7,1,1,13
1728.3601319250301,4,72.75,0,1,0,7,1,2,11
1729.3732991740108,4,21.25,0,0,1,8,0,0,9
1730.387407174043,4,71.75,1,0,1,5,3,0,9
1731.4012793900329,4,23.25,4,0,1,3,5,0,9
1732.4153132880456,4,44.0,0,2,4,4,1,0,11
1733.4264920430142,4,27.5,0,1,3,8,0,0,12
1734.4391789070214,4,19.75,3,4,1,11,0,0,16
1735.4528277390054,4,70.0,8,3,2,7,4,0,16
1736.4665445070132,4,71.0,10,2,3,5,6,0,16
1737.479895402037,4,47.5,9,3,3,7,0,3,16
1738.4937027900014,4,40.5,2,4,6,5,0,1,16
1739.5010793370311,4,12.25,3,1,4,10,1,0,16
1740.5119778600056,4,74.25,6,0,3,6,0,7,16
1741.5265212910017,4,70.75,0,3,3,8,0,0,14
1742.541427913995,4,72.5,0,0,2,10,0,0,12
1743.553204165015,4,82.75,1,0,0,10,0,0,10
1744.5670376080088,4,70.5,1,0,0,7,3,0,10
1745.5812213449972,4,69.0,0,2,0,4,0,3,9
1746.5952975930413,4,47.0,0,3,0,4,0,0,7
1747.6088972220314,4,23.0,0,1,2,5,0,0,8
1748.6224891410093,4,27.0,0,0,3,6,0,1,10
1749.6364034180297,4,24.0,0,2,1,7,0,0,10
1750.6497769480338,4,59.5,0,2,1,6,1,0,10
1751.6583422970143,4,70.75,1,2,1,5,2,0,10
1752.6725903440383,4,69.0,0,2,2,3,0,3,10
1753.6865359310177,4,25.75,0,0,0,7,0,0,7
1754.6990419310168,4,70.5,0,0,2,7,0,0,9
1755.7128659570008,4,68.5,1,0,2,5,2,0,9
1756.7264843190205,4,46.5,0,1,1,6,0,0,8
1757.7400477650226,4,69.0,0,2,0,5,0,0,7
1758.753913741035,4,47.75,0,1,1,5,0,0,7
1759.7677973399987,4,76.25,0,0,0,6,0,0,6
1760.779959951993,4,70.0,0,0,0,5,0,0,5
1761.7919315680047,4,93.75,1,0,0,5,0,0,5
1762.806319846015,4,69.0,1,0,0,2,3,0,5
1763.8178182630218,4,24.5,1,0,0,3,0,0,3
1764.831717263034,4,47.25,1,0,2,3,0,0,5
1765.8449893450015,4,7.25,0,0,1,4,0,0,5
1766.8588098420296,4,23.25,0,0,3,3,0,1,7
1767.870965256996,4,0.0,0,0,0,6,0,0,6
1768.8821257550153,4,46.75,0,0,0,4,0,0,4
1769.893432175042,4,23.0,0,0,0,3,0,0,3
1770.9066816630075,4,46.75,0,0,0,3,0,0,3
1771.9182481840253,4,29.5,0,2,0,2,0,0,4
1772.929385393043,4,0.0,0,1,1,2,0,0,4
1773.9422508820426,4,25.0,0,2,1,3,0,0,6
1774.9564087600447,4,24.25,0,1,1,3,0,0,5
1775.9701361840125,4,46.75,0,1,2,4,0,1,8
1776.9817596810171,4,26.5,0,2,0,5,1,0,8
1777.9908036900451,4,0.0,0,2,3,4,0,0,9
1779.0046482280013,4,56.5,0,3,1,6,0,0,10
1780.0180984539911,4,47.5,0,3,0,5,0,0,8
1781.0328316570376,4,65.0,0,3,3,4,0,0,10
1782.0447092620307,4,16.5,0,0,2,8,0,0,10
1783.0566193480045,4,48.0,0,4,1,6,0,0,11
1784.0706122610136,4,24.0,0,2,2,7,0,1,12
1785.0818605000386,4,48.25,3,2,1,7,1,1,12
1786.0930059290258,4,70.0,4,2,1,4,4,1,12
1787.1049728920334,4,47.0,0,3,2,7,0,1,13
1788.1173769760062,4,58.25,0,0,1,10,0,0,11
1789.13087876403,4,46.5,0,0,0,8,3,0,11
1790.1449776749942,4,80.0,0,1,0,8,0,0,9
1791.1585936120246,4,48.0,0,2,1,7,0,0,10
1792.1722276260261,4,70.75,0,1,1,7,0,1,10
1793.1819532400114,4,72.0,0,1,0,5,1,0,7
1794.192567229038,4,46.0,0,1,2,4,1,0,8
1795.205512916029,4,25.5,0,2,1,4,0,1,8
1796.2190829979954,4,70.75,0,0,1,7,0,0,8
1797.2311447070097,4,90.5,0,1,2,5,0,0,8
1798.245272662025,4,47.0,2,1,2,3,2,0,8
1799.257406173041,4,46.75,0,2,3,2,0,3,10
1800.271484625002,4,58.75,0,0,3,4,1,0,8
1801.2850878980244,4,49.25,0,0,1,5,0,1,7
1802.2989961249987,4,0.0,0,1,0,5,0,0,6
1803.3097848920152,4,23.25,0,2,1,6,0,0,9
1804.322669760033,4,38.5,0,2,1,8,0,0,11
1805.3347279390437,4,57.0,0,0,0,9,0,0,9
1806.3485523620038,4,44.25,1,0,0,7,1,0,8
1807.3642832160112,4,69.25,2,0,0,3,5,0,8
1808.373413636,4,46.75,0,2,0,3,0,0,5
1809.387095867016,4,23.75,0,0,3,4,0,0,7
1810.400783308025,4,7.75,0,3,0,7,0,0,10
1811.4150972139905,4,47.5,0,4,0,7,0,0,11
1812.428654282994,4,44.0,1,0,0,10,1,0,11
1813.442655485007,4,44.0,0,0,2,8,0,0,10
1814.4564657240408,4,61.25,0,0,0,9,1,0,10
1815.4700577920303,4,81.25,0,1,0,7,0,2,10
1816.4828345749993,4,64.25,1,2,0,5,0,1,8
1817.4965859230142,4,34.75,0,0,1,6,0,0,7
1818.5104079890298,4,23.0,0,0,0,6,1,0,7
1819.5233709230088,4,46.5,2,0,0,5,2,0,7
1820.5370279049966,4,46.75,3,0,0,4,3,0,7
1821.5518741150154,4,46.75,0,4,0,4,0,1,9
1822.564251039992,4,50.5,0,3,0,8,0,0,11
1823.5782732900116,4,46.25,0,1,2,8,0,0,11
1824.5897530410439,4,93.75,0,0,0,8,0,0,8
1825.6037742980407,4,40.25,0,1,0,7,0,0,8
1826.6200516370009,4,69.25,0,1,2,7,0,0,10
1827.6320585660287,4,33.75,0,2,2,8,0,0,12
1828.6460718720336,4,29.5,0,0,2,6,1,2,11
1829.6595967860194,4,57.5,1,0,2,5,2,2,11
1830.6735344050103,4,27.75,0,0,2,5,0,0,7
1831.6872182940133,4,26.5,0,2,1,5,0,0,8
1832.7009317430202,4,46.5,1,2,1,2,3,0,8
1833.7146944359993,4,0.0,0,1,1,4,0,0,6
1834.7286371790105,4,73.0,1,1,1,4,0,0,6
1835.7420338700176,4,50.25,0,2,0,6,0,0,8
1836.755790834024,4,75.5,0,0,3,5,0,0,8
1837.7682822610368,4,42.75,0,0,1,8,0,0,9
1838.7826213600347,4,69.75,1,0,0,6,2,1,9
1839.79656471801,4,43.5,0,0,0,3,0,0,3
1840.8102898180368,4,45.25,0,1,1,3,0,0,5
1841.824009598,4,54.5,0,0,0,6,0,0,6
1842.836451204028,4,51.25,0,1,0,3,3,0,7
1843.850308291032,4,70.75,1,1,0,3,3,0,7
1844.8634266290464,4,47.0,1,1,0,1,0,5,7
1845.8761183820316,4,0.0,0,2,0,2,0,0,4
1846.889791158028,4,26.0,0,0,0,3,0,1,4
1847.9016429940239,4,20.0,0,0,0,3,0,1,4
1848.915179993026,4,71.0,0,0,0,3,0,0,3
1849.9266637690016,4,70.75,0,2,0,2,0,0,4
1850.9398653919925,4,23.25,0,2,0,4,0,0,6
1851.9536140040145,4,32.25,0,1,1,3,1,0,6
1852.9674945340375,4,45.75,0,1,1,2,2,0,6
1853.9814203170245,4,34.5,0,2,0,3,0,1,6
1854.995630628022,4,32.5,0,1,0,5,0,0,6
1856.0092326489976,4,54.25,0,1,0,5,1,0,7
1857.0267273400095,4,81.5,0,1,0,7,0,0,8
1858.040930443036,4,70.0,0,0,1,6,0,0,7
1859.0547833330347,4,95.0,0,1,0,6,0,1,8
1860.0689966190257,4,32.0,0,0,0,6,0,0,6
1861.0829334540176,4,70.25,3,0,0,4,2,0,6
1862.0966858990141,4,70.5,5,0,0,3,3,0,6
1863.1109542910126,4,68.0,0,6,0,2,0,2,10
1864.121890480048,4,23.0,0,0,3,5,0,0,8
1865.134148851037,4,47.0,1,1,0,7,1,1,10
1866.1450334319961,4,47.5,0,2,0,5,3,0,10
1867.1580308740376,4,70.75,0,4,0,3,0,3,10
1868.1717289020307,4,30.0,0,0,0,6,0,0,6
1869.1843515300425,4,73.25,0,0,0,3,0,1,4
1870.1975433609914,4,24.0,1,0,0,3,0,0,3
1871.2113415109925,4,47.5,3,0,0,1,2,0,3
1872.2239133890253,4,46.5,0,4,0,1,0,0,5
1873.2380865199957,4,24.5,0,0,1,4,0,0,5
1874.2499315650202,4,24.25,1,0,0,4,0,0,4
1875.265478849993,4,8.5,1,2,0,3,1,0,6
1876.2787836210337,4,23.5,0,2,3,2,0,1,8
1877.2918378960458,4,0.5,0,1,4,3,0,1,9
1878.305465285026,4,25.0,0,1,1,6,0,0,8
1879.319343828014,4,23.25,0,1,0,5,2,0,8
1880.333056581032,4,47.75,1,1,0,4,3,0,8
1881.3469524680404,4,33.0,0,5,1,2,0,0,8
1882.3606892790413,4,1.0,0,0,1,7,0,0,8
1883.374496220029,4,69.5,0,0,0,8,0,0,8
1884.3880767520168,4,71.25,0,1,1,6,0,0,8
1885.401365208032,4,46.0,0,1,0,7,0,0,8
1886.4143849110114,4,59.0,0,0,1,7,0,0,8
1887.4283486950444,4,54.75,0,0,0,7,0,0,7
1888.4419260169961,4,41.5,0,4,1,3,0,1,9
1889.453151533031,4,48.25,1,1,1,4,2,0,8
1890.466834057006,4,45.25,0,1,0,6,0,1,8
1891.480737024045,4,70.0,0,1,0,4,0,0,5
1892.4941234260332,4,63.25,0,0,0,6,0,0,6
1893.50855487003,4,55.0,0,2,0,5,1,0,8
1894.5220313729951,4,46.25,0,1,1,6,0,0,8
1895.5355722520035,4,59.0,0,0,0,6,0,0,6
1896.5473285570042,4,38.0,0,1,0,5,1,0,7
1897.561513156048,4,33.25,1,2,1,3,0,0,6
1898.575358105998,4,47.25,2,2,1,2,1,0,6
1899.588828028005,4,71.5,0,0,0,6,0,0,6
1900.607219811005,4,70.5,0,0,0,4,1,0,5
1901.6190738030127,4,28.75,0,2,0,4,0,0,6
1902.6328737940057,4,70.75,0,7,0,2,0,2,11
1903.6471141730435,4,5.75,0,4,4,4,0,0,12
1904.660911323037,4,69.5,0,2,5,9,0,0,16
1905.677106378018,4,47.25,0,2,1,11,0,1,15
1906.6891857380397,4,61.25,0,3,1,11,0,1,16
1907.7028038360295,4,26.75,0,0,3,11,0,0,14
1908.7169148640241,4,95.0,0,1,1,9,0,0,11
1909.728749980044,4,43.0,0,1,1,11,0,0,13
1910.7425680710003,4,47.25,0,1,3,11,0,1,16
1911.7560673120315,4,92.25,0,0,0,13,0,0,13
1912.7646795040346,4,94.5,0,0,0,11,0,0,11
1913.7784630300011,4,70.25,0,0,0,8,0,0,8
1914.792247425008,4,24.25,0,1,0,7,0,0,8
1915.80509002303,4,38.75,0,0,0,7,0,0,7
1916.818253812031,4,60.0,0,0,0,5,0,0,5
1917.8324946900248,4,41.25,0,3,0,5,0,0,8
1918.8463497660123,4,59.25,1,2,1,6,0,0,9
1919.859973151004,4,70.0,2,2,1,4,2,0,9
1920.8741975440062,4,46.5,0,3,1,3,0,4,11
1921.8879712280468,4,58.25,0,0,0,7,0,0,7
1922.9023041280452,4,70.75,0,0,0,5,0,0,5
1923.9159861660446,4,46.0,0,0,0,3,0,0,3
1924.9286675410112,4,47.25,0,0,0,2,0,0,2
1925.941282695043,4,42.5,0,0,0,1,0,0,1
1926.9533610779908,4,2.75,0,0,0,0,0,0,0
1927.9657606279943,4,0.0,0,1,0,1,0,0,2
1928.9790757209994,4,23.5,0,0,0,2,0,0,2
1929.9917851040373,4,47.25,0,2,0,2,0,0,4
1931.005715353007,4,18.0,0,4,1,3,0,0,8
1932.019847752992,4,0.0,2,4,1,1,2,0,8
1933.0319674280472,4,23.25,0,1,3,5,0,0,9
1934.0451490160194,4,60.75,0,1,1,8,0,0,10
1935.0578135690303,4,47.75,0,0,1,8,0,1,10
1936.0717059500166,4,52.25,0,0,0,9,0,1,10
1937.0852406860213,4,46.5,0,0,0,6,3,1,10
1938.095374157012,4,46.25,0,1,0,6,0,0,7
1939.106833782047,4,25.5,0,1,1,4,0,1,7
1940.118780687044,4,46.75,1,0,1,4,0,0,5
1941.130241218023,4,71.0,2,0,1,4,0,0,5
1942.1431263210252,4,71.25,0,4,1,3,1,0,9
1943.1526491999975,4,46.75,1,8,1,0,0,4,13
1944.1916812600102,4,0.0,0,3,7,2,0,0,12
1945.205755046045,4,49.0,0,1,2,9,0,0,12
1946.2179474540171,4,62.75,0,1,1,7,1,1,11
1947.2315700910403,4,54.25,3,1,1,6,2,1,11
1948.245413259021,4,51.75,5,1,1,4,4,1,11
1949.2589983030339,4,37.75,0,7,1,2,0,0,10
1950.2729410630418,4,23.5,0,2,3,5,1,0,11
1951.2867598030134,4,18.75,0,2,2,8,0,0,12
1952.3005789759918,4,66.0,1,2,2,6,2,0,12
1953.311942150991,4,72.25,2,3,0,8,0,2,13
1954.3260756290401,4,47.0,1,3,1,9,0,0,13
1955.33722369303,4,46.75,0,3,2,7,0,0,12
1956.3510527100298,4,44.75,0,3,2,3,3,1,12
1957.3620779720368,4,23.25,0,3,2,2,4,1,12
1958.3763260330306,4,0.0,1,0,3,3,0,1,7
1959.3921689150156,4,57.75,0,1,3,3,0,0,7
1960.405416344991,4,32.5,0,4,2,4,0,0,10
1961.421575571003,4,12.25,0,2,3,5,1,0,11
1962.4353546530474,4,46.5,0,2,1,7,1,0,11
1963.4473598250188,4,70.75,1,2,1,4,4,0,11
1964.4631901039975,4,16.0,0,4,2,5,0,3,14
1965.4756585680298,4,70.25,0,4,2,2,3,3,14
1966.4896240050439,4,70.75,0,0,0,8,0,0,8
1967.5036444960278,4,63.5,0,1,1,7,0,0,9
1968.5174330570153,4,45.75,0,0,3,7,0,0,10
1969.531507280015,4,46.0,0,0,0,7,0,3,10
1970.5419086030452,4,46.5,0,0,0,5,0,0,5
1971.5557471649954,4,47.5,3,0,0,4,1,0,5
1972.5694420729997,4,22.75,4,0,0,2,3,0,5
1973.582454739022,4,23.75,0,6,0,2,0,0,8
1974.5958730220445,4,37.5,0,1,3,5,0,0,9
1975.6094719780376,4,0.0,0,2,1,7,0,0,10
1976.6196294850088,4,70.75,0,2,1,6,1,0,10
1977.6333864640328,4,57.0,0,0,0,7,0,0,7
1978.6471280410187,4,70.25,0,0,0,6,0,0,6
1979.66064799804,4,46.75,0,0,0,4,1,0,5
1980.675089476048,4,70.0,1,0,0,2,3,0,5
1981.6891780139995,4,23.5,3,0,0,0,3,2,5
1982.702483659028,4,0.0,0,0,2,1,0,0,3
1983.716192574997,4,17.25,0,0,1,3,0,0,4
1984.7278930399916,4,28.5,0,1,0,4,0,0,5
1985.7420459490386,4,47.75,0,3,1,4,0,0,8
1986.7545923650032,4,24.25,0,2,0,5,0,1,8
1987.7681877239957,4,24.75,0,2,2,5,0,0,9
1988.7824513130472,4,70.25,0,2,1,4,1,0,8
1989.7944402260473,4,48.5,0,0,0,6,1,0,7
1990.8084983400186,4,67.5,1,0,0,4,2,0,6
1991.8220741950208,4,48.5,3,0,0,4,2,0,6
1992.8358535009902,4,23.25,0,3,0,1,0,5,9
1993.8498225780204,4,47.5,0,0,0,3,0,0,3
1994.8615988800302,4,33.0,0,1,0,4,0,0,5
1995.8756283360417,4,47.5,0,1,0,4,0,0,5
1996.8890762590454,4,28.25,0,0,0,3,0,0,3
1997.9033731160453,4,23.25,0,0,0,1,0,0,1
1998.916865406034,4,23.5,0,0,0,1,0,0,1
1999.9289189950214,4,23.25,0,3,0,1,0,0,4
2000.9407379130134,4,15.25,0,0,1,2,0,0,3
2001.95471648901,4,48.25,0,1,0,3,0,0,4
2002.9683049860178,4,47.0,0,1,2,3,0,1,7
2003.9810567059903,4,0.0,0,1,2,4,0,0,7
2004.9950810790178,4,34.0,0,1,2,4,0,0,7
2006.007243162021,4,46.75,0,0,1,5,1,0,7
2007.0194513479946,4,47.5,0,0,0,4,0,0,4
2008.0314067029976,4,40.0,0,0,0,5,0,0,5
2009.0450743160327,4,0.0,0,3,1,5,0,0,9
2010.0598204749986,4,13.5,0,2,1,9,0,0,12
2011.073392893013,4,47.0,0,3,1,8,0,2,14
2012.0873547740048,4,27.75,0,3,0,9,1,0,13
2013.1022580940044,4,71.0,1,3,0,5,5,0,13
2014.1161073220428,4,70.5,0,4,3,4,0,1,12
2015.1264823999954,4,61.5,0,1,5,7,0,0,13
2016.1406558140297,4,42.5,0,1,2,11,0,0,14
2017.1549459060188,4,75.0,2,2,2,11,0,1,16
2018.1679538110038,4,70.25,0,2,2,12,0,0,16
2019.182087340043,4,83.25,0,0,2,7,0,0,9
2020.1899973840336,4,48.25,0,5,0,7,0,0,12
2021.2036613980308,4,89.25,0,2,5,6,1,1,15
2022.2155326750362,4,43.5,0,4,1,8,1,0,14
2023.226353452017,4,62.5,0,2,4,9,0,0,15
2024.239932811004,4,92.0,0,0,3,8,1,0,12
2025.2556726420298,4,90.0,0,0,3,5,3,0,11
2026.268961024005,4,45.75,4,0,3,3,5,0,11
2027.2826945729903,4,70.75,0,0,4,7,0,0,11
2028.2962386530126,4,52.25,0,0,2,7,1,0,10
2029.306576631032,4,72.75,0,2,1,4,2,1,10
2030.3180225180113,4,59.75,0,4,3,3,0,0,10
2031.3319501560181,4,69.75,0,1,2,7,0,1,11
2032.3440046590404,4,46.0,0,1,1,6,2,0,10
2033.3558838900062,4,47.5,0,3,0,5,0,2,10
2034.3696818500175,4,25.0,0,1,0,8,0,0,9
2035.383129496011,4,35.25,0,2,0,8,0,0,10
2036.397415125044,4,45.0,0,0,1,5,0,2,8
2037.4108366380096,4,87.5,0,0,0,5,0,0,5
2038.4244834640413,4,73.5,0,2,0,3,0,2,7
2039.4381694699987,4,58.25,0,0,0,4,0,0,4
2040.4518004370038,4,48.75,0,1,0,4,0,0,5
2041.4634658000432,4,7.25,0,1,1,4,0,0,6
2042.4775628380012,4,43.75,1,1,0,5,0,1,7
2043.4915930480347,4,71.25,2,1,0,4,1,1,7
2044.5051888070302,4,54.5,0,4,0,3,0,1,8
2045.518099687004,4,42.75,0,0,0,6,0,0,6
2046.5290195349953,4,44.0,0,0,0,5,0,0,5
2047.5444781830302,4,47.25,0,4,0,4,0,1,9
2048.5580214179936,4,18.0,0,1,2,3,0,1,7
2049.5718929250143,4,47.0,0,0,2,5,0,0,7
2050.585602644016,4,18.25,0,1,0,7,1,0,9
2051.5973574930103,4,25.5,0,1,1,5,0,1,8
2052.611081199022,4,68.5,0,0,0,6,0,0,6
2053.6245898720226,4,47.5,0,0,0,5,0,0,5
2054.6384603170445,4,47.25,0,0,0,4,1,0,5
2055.646594737016,4,46.75,0,0,0,2,0,0,2
2056.660882622993,4,23.0,0,0,0,1,0,0,1
2057.6745964250294,4,23.5,0,3,0,3,0,0,6
2058.6882112530293,4,39.75,0,5,0,2,0,0,7
2059.699406635016,4,23.0,0,2,2,5,0,0,9
2060.710963843041,4,70.25,0,4,1,6,1,0,12
2061.7249728830066,4,48.25,0,0,0,8,0,0,8
2062.737270378042,4,72.5,3,0,0,6,1,1,8
2063.7512075520353,4,49.25,0,3,2,9,0,0,14
2064.759697425994,4,77.0,6,2,2,6,4,0,14
2065.7736104190117,4,54.75,6,2,2,3,7,0,14
2066.787174461002,4,39.0,0,2,7,4,0,2,15
2067.8012018200243,4,55.25,0,1,1,10,0,0,12
2068.8122743350104,4,54.5,0,2,0,7,1,1,11
2069.8263656780473,4,88.75,2,4,0,2,0,7,13
2070.8374480010243,4,25.5,0,1,3,6,0,0,10
2071.8491975780344,4,69.75,0,1,3,7,0,0,11
2072.8631028819946,4,55.5,0,0,1,9,0,1,11
2073.873661818041,4,90.25,0,0,1,8,0,0,9
2074.889184134023,4,61.0,0,2,0,8,0,0,10
2075.903473553015,4,93.5,1,2,0,4,4,0,10
2076.9169620969915,4,46.75,2,2,0,1,7,0,10
2077.9312426309916,4,23.5,0,2,2,1,0,3,8
2078.9425129790325,4,23.75,0,0,0,4,0,0,4
2079.957671264012,4,33.5,0,1,1,4,0,0,6
2080.9711731400457,4,48.25,1,1,0,4,1,0,6
2081.9839427320403,4,23.25,0,2,0,5,0,0,7
2082.998245863011,4,62.25,0,3,1,5,0,0,9
2084.0120322440052,4,38.5,0,0,0,8,0,1,9
2085.0258734910167,4,72.0,0,1,0,5,0,0,6
2086.0394041819964,4,46.25,0,0,0,7,0,0,7
2087.051591288997,4,46.25,1,0,0,6,1,0,7
2088.0634736180073,4,69.25,2,0,0,5,2,0,7
2089.0778038290446,4,71.75,0,2,1,3,0,1,7
2090.091564089991,4,30.25,0,3,0,3,1,0,7
2091.1078899310087,4,0.0,0,3,0,5,1,0,9
2092.121955272043,4,45.25,0,0,0,8,0,0,8
2093.135194819013,4,68.5,0,0,0,4,3,0,7
2094.148930048046,4,31.5,0,0,1,1,0,0,2
2095.1621814490063,4,48.25,0,1,0,2,0,0,3
2096.1758178300224,4,47.5,2,1,0,2,0,0,3
2097.1827103660326,4,48.25,2,1,0,1,1,0,3
2098.1956949390005,4,13.5,0,6,1,1,0,0,8
2099.2097109900205,4,1.0,0,8,1,1,0,0,10
2100.223886274034,4,1.0,0,6,4,2,0,0,12
2101.235912936041,4,12.0,0,4,3,6,1,0,14
2102.247077481996,4,94.0,2,1,4,11,0,0,16
2103.2616368810413,4,46.75,0,1,5,8,0,2,16
2104.2754298550426,4,75.75,2,1,0,11,2,0,14
2105.288978272991,4,94.0,3,1,0,10,3,0,14
2106.303324222041,4,93.75,0,5,0,8,0,3,16
2107.3169066160335,4,39.25,0,0,2,12,0,0,14
2108.330935909995,4,36.75,0,1,3,7,1,0,12
2109.3434714390314,4,12.75,0,2,2,10,0,0,14
2110.3557812730432,4,52.0,0,3,3,8,0,0,14
2111.366854834021,4,70.5,0,2,4,7,0,3,16
2112.380865460029,4,56.25,0,2,2,9,0,0,13
2113.3898145580315,4,70.0,0,1,3,8,1,1,14
2114.403067078034,4,54.25,0,2,2,9,0,0,13
2115.414548708999,4,48.25,0,2,1,9,1,0,13
2116.4283173260046,4,72.0,1,2,1,6,4,0,13
2117.4422862350475,4,69.25,0,1,1,7,1,0,10
2118.4553252700134,4,66.5,0,0,0,7,0,0,7
2119.4693910810165,4,72.0,0,1,0,4,0,1,6
2120.4831744860276,4,47.0,1,2,1,3,0,1,7
2121.494305155007,4,69.25,0,0,1,5,1,0,7
2122.5077578080236,4,70.25,3,1,0,3,0,4,8
2123.522010713001,4,28.25,0,0,4,3,0,0,7
2124.535856847011,4,46.0,0,3,0,7,0,0,10
2125.549324489024,4,69.25,0,3,0,7,1,0,11
2126.561826930032,4,70.75,2,3,0,6,2,0,11
2127.576075458026,4,67.0,0,1,4,5,0,1,11
2128.5885212779976,4,26.25,0,0,0,10,0,0,10
2129.6014031840023,4,47.25,0,0,0,7,0,0,7
2130.615872060007,4,70.5,0,0,0,6,0,0,6
2131.6285580330295,4,8.75,0,0,0,5,0,0,5
2132.642656804004,4,30.5,0,0,1,3,0,0,4
2133.6567173619987,4,60.75,0,1,1,6,0,0,8
2134.6704076740425,4,46.5,0,3,0,6,1,0,10
2135.6839750560466,4,47.75,0,0,3,6,0,0,9
2136.6969939160044,4,71.25,0,3,1,6,0,0,10
2137.7107898370014,4,42.25,0,2,0,8,0,2,12
2138.7241383840446,4,23.75,1,1,1,7,1,2,12
2139.735518649046,4,70.5,2,1,1,5,3,2,12
2140.749389328994,4,50.0,2,0,1,4,4,1,10
2141.762601201015,4,23.0,0,2,0,3,0,1,6
2142.776717504021,4,47.0,0,3,1,4,0,0,8
2143.783738732047,4,12.25,1,2,1,6,0,0,9
2144.7964373379946,4,44.5,0,3,1,5,0,0,9
2145.810327562038,4,28.25,0,0,2,5,0,1,8
2146.821616414003,4,47.25,2,0,2,3,2,0,7
2147.8351128330105,4,29.75,0,6,2,2,0,0,10
2148.8474483070313,4,18.25,1,1,5,5,0,0,11
2149.8607069400023,4,50.5,2,3,0,10,1,0,14
2150.874590565043,4,49.5,0,5,3,8,0,0,16
2151.888485424046,4,32.25,0,2,1,9,1,2,15
2152.900737657037,4,80.0,0,0,2,8,0,0,10
2153.9108285400434,4,74.75,0,1,0,5,2,0,8
2154.923735891003,4,63.5,0,2,1,4,0,1,8
2155.932428947999,4,5.5,0,2,2,5,0,0,9
2156.945690301014,4,70.5,1,0,3,4,1,0,8
2157.9596191450255,4,23.25,2,0,3,2,3,0,8
2158.9734762519947,4,23.5,5,0,2,2,1,3,8
2159.983769109007,4,23.5,0,2,4,4,0,0,10
2160.9955429949914,4,30.5,0,2,1,9,0,0,12
2162.009172504011,4,72.75,0,0,1,11,0,0,12
2163.0232020670082,4,57.0,0,4,0,12,0,0,16
2164.0426882350002,4,59.5,1,1,3,6,6,0,16
2165.0569995419937,4,46.5,1,1,3,4,8,0,16
2166.0708285620203,4,24.25,0,1,2,4,0,4,11
2167.084582248004,4,56.25,0,1,2,4,0,0,7
2168.098093386041,4,25.5,0,3,0,6,1,0,10
2169.111799695005,4,48.25,1,3,0,5,2,0,10
2170.125302195025,4,47.75,1,3,0,2,5,0,10
2171.1390601790044,4,23.25,0,4,2,0,0,0,6
2172.150973952026,4,41.25,0,0,0,6,0,0,6
2173.165358942002,4,62.5,0,0,0,5,0,0,5
2174.178609553026,4,47.5,1,0,0,5,0,0,5
2175.189506819006,4,33.5,0,1,0,4,0,0,5
2176.203842798015,4,47.25,0,3,0,1,0,3,7
2177.2157484820345,4,23.25,0,4,0,2,0,0,6
2178.2294330190052,4,14.75,1,3,0,3,0,0,6
2179.243193803006,4,46.75,1,3,0,2,1,0,6
2180.2545166609925,4,23.5,0,3,1,1,0,1,6
2181.268526897009,4,65.5,0,1,0,5,0,0,6
2182.2824974349933,4,60.25,0,0,1,5,0,0,6
2183.2962984039914,4,49.25,1,0,1,5,0,0,6
2184.310365382,4,64.75,0,0,1,5,0,0,6
2185.3242110729916,4,48.0,0,0,0,5,0,0,5
2186.3377907150425,4,49.75,0,1,0,4,0,1,6
2187.351141409017,4,23.75,1,1,0,3,1,1,6
2188.361183781002,4,45.75,0,5,0,3,0,0,8
2189.375272238045,4,13.25,0,3,2,4,0,0,9
2190.3885388420313,4,47.0,0,3,2,3,1,0,9
2191.4005875660223,4,28.25,0,0,1,4,0,1,6
2192.4127470279927,4,70.5,0,1,1,3,0,0,5
2193.4242584170424,4,45.75,0,1,1,4,0,0,6
2194.4379952760064,4,49.0,0,0,0,4,0,0,4
2195.4498983750236,4,23.5,0,1,0,4,0,0,5
2196.4629835050437,4,48.0,1,1,0,4,0,0,5
2197.477431341016,4,47.25,4,1,0,1,3,0,5
2198.4908924089978,4,47.25,0,4,0,2,0,0,6
2199.5046011990053,4,31.25,0,0,0,6,0,0,6
2200.5157310300274,4,23.5,1,1,0,6,0,0,7
2201.5295940110227,4,38.5,0,2,0,7,0,0,9
2202.5454618580407,4,46.5,0,0,1,8,0,0,9
2203.558634260029,4,23.0,0,0,0,9,0,0,9
2204.5740720030153,4,52.0,0,0,0,7,0,0,7
2205.5878352349973,4,71.0,1,0,0,3,4,0,7
2206.6016443070257,4,47.25,2,0,0,3,4,0,7
2207.615759616019,4,37.0,0,2,0,4,0,0,6
2208.629569604993,4,9.5,0,2,1,4,0,0,7
2209.6409582850174,4,26.0,0,0,1,5,1,0,7
2210.65393285302,4,69.75,0,2,0,5,0,2,9
2211.667702005012,4,44.25,0,2,0,7,0,0,9
2212.681585638027,4,45.5,0,4,0,5,0,0,9
2213.69537606003,4,28.75,0,1,0,8,0,0,9
2214.7092901380383,4,71.25,1,1,0,4,1,3,9
2215.7226222950267,4,47.0,0,0,0,4,0,1,5
2216.735823566036,4,23.5,0,0,0,2,2,1,5
2217.7495410690317,4,47.5,0,1,0,1,0,3,5
2218.7632712590275,4,23.5,0,3,0,1,0,0,4
2219.777429356007,4,12.75,0,4,0,3,0,0,7
2220.790588948992,4,46.5,0,4,0,2,0,0,6
2221.8026360759977,4,24.5,0,4,0,6,0,0,10
2222.814882049046,4,20.25,0,2,1,9,0,0,12
2223.8313732130337,4,93.75,0,1,2,8,1,1,13
2224.8453551990096,4,64.5,0,2,0,10,1,1,14
2225.858857261017,4,47.75,0,1,0,9,2,1,13
2226.873032509,4,28.75,0,1,1,5,1,1,9
2227.887067880016,4,61.5,0,1,1,4,0,0,6
2228.8991312870057,4,37.5,1,1,0,6,0,0,7
2229.912792042014,4,48.25,0,3,1,3,0,0,7
2230.9260621340363,4,26.5,1,1,1,6,0,0,8
2231.9395180850406,4,68.75,1,1,1,5,1,0,8
2232.953181379009,4,47.0,0,2,1,4,0,0,7
2233.9649176900275,4,62.0,0,1,1,4,0,1,7
2234.979017584992,4,55.75,0,1,0,4,0,1,6
2235.9914139090106,4,64.0,0,0,1,4,0,0,5
2237.0066678870353,4,62.0,0,2,0,4,0,0,6
2238.019339235034,4,70.75,0,1,1,3,0,0,5
2239.0333560040453,4,3.5,0,3,1,4,0,0,8
2240.0472513300483,4,24.0,2,3,0,3,2,0,8
2241.060743795999,4,3.0,1,2,3,4,1,1,11
2242.073948416044,4,40.75,0,2,2,4,0,3,11
2243.0881830480066,4,17.5,0,2,1,6,0,1,10
2244.101876749017,4,49.75,0,1,2,7,0,0,10
2245.1141314849956,4,48.0,1,0,1,7,1,1,10
2246.127806956996,4,95.0,0,0,0,8,0,0,8
2247.141996785009,4,62.5,3,0,0,4,4,0,8
2248.1554697240354,4,25.75,0,6,0,3,0,1,10
2249.168565292028,4,50.25,0,4,0,5,0,0,9
2250.1820817540283,4,71.0,0,3,1,5,0,0,9
2251.19373572903,4,70.5,0,0,2,6,0,1,9
2252.2057376910234,4,23.0,0,1,0,6,0,0,7
2253.2196905050077,4,47.0,0,0,1,8,0,0,9
2254.233121758036,4,15.75,1,0,1,5,3,0,9
2255.247217540047,4,29.0,0,3,1,7,0,0,11
2256.2597817130154,4,46.25,0,4,1,6,1,0,12
2257.273508757993,4,16.5,0,4,1,4,0,1,10
2258.28756515804,4,36.75,0,0,1,7,0,0,8
2259.298644495022,4,27.5,0,1,2,5,0,0,8
2260.312504592992,4,69.0,1,2,0,6,1,0,9
2261.3235107150394,4,12.75,0,2,1,7,0,0,10
2262.3350827270187,4,48.0,1,2,0,8,0,0,10
2263.347409817041,4,66.75,0,0,0,9,0,0,9
2264.3608276810264,4,71.0,0,0,0,7,2,0,9
2265.374236424046,4,94.25,0,0,0,3,6,0,9
2266.3810812890297,4,44.5,0,0,0,2,0,2,4
2267.3919129960123,4,23.5,0,4,0,3,0,0,7
2268.4046263039927,4,29.75,0,0,0,7,0,0,7
2269.415621863038,4,95.25,0,0,0,6,1,0,7
2270.429554592003,4,93.75,0,1,0,6,0,0,7
2271.4417725400417,4,36.75,0,0,0,4,0,0,4
2272.4518865990103,4,46.75,0,1,1,4,0,0,6
2273.465952316008,4,47.25,0,1,1,3,0,0,5
2274.4797896590317,4,62.5,0,0,1,6,0,0,7
2275.4929942910094,4,53.25,0,1,1,5,0,0,7
2276.5070473870146,4,39.75,0,1,1,6,0,0,8
2277.5189974789973,4,30.5,0,0,2,4,2,0,8
2278.533254192036,4,36.0,0,1,2,2,0,2,7
2279.5450472180382,4,37.25,0,1,0,5,0,0,6
2280.5589859160245,4,49.75,0,3,1,5,0,0,9
2281.5726658600033,4,43.25,0,1,1,8,0,0,10
2282.5881866459968,4,47.5,0,0,1,8,0,0,9
2283.599648063013,4,94.75,0,0,0,7,0,2,9
2284.608281880035,4,40.25,0,1,0,5,0,0,6
2285.621839403,4,37.25,1,0,0,5,0,0,5
2286.6350292380084,4,45.5,0,2,1,5,0,0,8
2287.648466257029,4,72.75,0,2,1,3,2,0,8
2288.659607189009,4,46.75,0,2,1,1,4,0,8
2289.6733298640465,4,0.0,0,0,2,1,0,0,3
2290.687285299995,4,51.75,0,0,0,3,0,0,3
2291.701027379022,4,69.5,0,1,0,3,0,0,4
2292.715595266025,4,47.25,0,1,0,2,1,0,4
2293.7286179570365,4,34.0,0,3,1,2,0,0,6
2294.740675764042,4,25.0,0,1,2,3,0,0,6
2295.7543886890053,4,24.0,0,0,0,6,0,0,6
2296.7703757550335,4,82.25,0,0,0,6,0,0,6
2297.782333930023,4,94.75,1,0,0,4,2,0,6
2298.7952644469915,4,70.25,2,0,0,3,3,0,6
2299.8088490210357,4,46.75,0,3,0,3,0,0,6
2300.820752703992,4,24.75,0,1,0,5,0,0,6
2301.835595106997,4,0.0,0,2,1,5,0,0,8
2302.8490086450474,4,32.0,0,2,1,4,1,0,8
2303.861609727028,4,23.0,0,0,2,5,0,1,8
2304.8752205269993,4,24.0,0,0,2,2,3,1,8
2305.8868025109987,4,46.75,1,1,1,3,0,3,8
2306.900558791007,4,32.5,0,2,2,3,0,0,7
2307.9145430100034,4,25.0,0,2,2,4,0,0,8
2308.92701773101,4,72.0,0,1,2,4,0,0,7
2309.938128622016,4,1.75,0,2,1,6,0,0,9
2310.9531162580242,4,62.5,2,1,1,5,2,0,9
2311.966854882019,4,70.5,4,1,1,3,4,0,9
2312.9806960070273,4,46.75,0,4,2,4,0,1,11
2313.9952961870003,4,5.5,0,0,2,8,0,0,10
2315.0088474680088,4,13.5,0,1,1,6,3,0,11
2316.0225362330093,4,44.25,0,1,0,7,0,0,8
2317.0337320099934,4,23.75,0,2,1,5,2,0,10
2318.048009863007,4,47.5,0,2,1,7,0,0,10
2319.059637966042,4,66.25,0,0,4,5,0,0,9
2320.072004974005,4,26.0,0,1,0,9,0,0,10
2321.0849680870306,4,42.75,0,1,0,10,0,0,11
2322.098644450016,4,70.0,1,1,0,7,3,0,11
2323.111251883034,4,47.25,0,3,0,5,0,0,8
2324.122801956022,4,63.25,0,1,1,4,1,1,8
2325.13633233204,4,43.75,0,0,1,5,0,0,6
2326.1499731090153,4,71.75,0,0,0,5,1,0,6
2327.1631824710057,4,70.0,0,0,0,6,0,0,6
2328.1756686459994,4,67.75,0,1,0,6,0,0,7
2329.189767762029,4,61.75,0,0,0,6,0,0,6
2330.2031104760244,4,42.5,0,0,0,3,3,0,6
2331.2174109260086,4,47.0,0,0,0,3,3,0,6
2332.232564743026,4,46.75,0,0,0,1,0,0,1
2333.2461842269986,4,23.5,1,0,0,1,0,0,1
2334.2599823080236,4,1.0,0,1,0,1,0,0,2
2335.2714021590073,4,23.25,5,1,0,0,1,0,2
2336.2846345280414,4,0.0,7,1,0,0,1,0,2
2337.2983054150245,4,0.0,0,10,0,1,0,1,12
2338.312401881034,4,22.25,0,7,6,3,0,0,16
2339.3259552110103,4,25.0,0,2,4,10,0,0,16
2340.3394001010456,4,68.5,1,2,4,6,4,0,16
2341.353507487045,4,83.25,0,5,3,7,0,1,16
2342.367106411024,4,46.5,0,4,2,8,0,0,14
2343.3814962960314,4,59.5,0,0,2,9,2,0,13
2344.3951183200115,4,69.25,0,0,2,6,5,0,13
2345.4086517160176,4,70.75,4,0,2,3,8,0,13
2346.4225890800008,4,47.0,0,5,1,2,0,4,12
2347.436292739003,4,24.25,0,1,7,4,0,0,12
2348.4502697190037,4,8.75,1,3,1,12,0,0,16
2349.464043207001,4,50.75,5,2,2,6,6,0,16
2350.473692254047,4,83.75,0,6,2,5,0,1,14
2351.487677633995,4,48.0,0,2,6,6,0,0,14
2352.5016072670114,4,48.25,1,3,3,8,1,0,15
2353.5145415519946,4,70.5,2,3,3,4,5,0,15
2354.526368013001,4,42.5,1,6,1,6,0,3,16
2355.5396359389997,4,47.5,2,4,3,7,2,0,16
2356.554018979019,4,32.75,0,6,3,6,0,0,15
2357.56792696903,4,29.75,1,7,1,5,3,0,16
2358.5814751739963,4,68.0,3,7,1,3,5,0,16
2359.5955620460445,4,46.75,0,10,2,3,0,0,15
2360.6089519120287,4,39.75,0,7,3,5,0,0,15
2361.622503090999,4,47.5,0,7,3,2,3,0,15
2362.6337102450198,4,23.0,0,3,6,2,1,2,14
2363.6475208009942,4,23.25,0,2,4,5,0,0,11
2364.6611416920205,4,56.25,0,3,1,6,1,0,11
2365.671507794992,4,69.25,0,5,0,6,0,2,13
2366.685118965048,4,71.5,0,0,0,11,0,1,12
2367.6988092579995,4,95.0,0,0,0,10,1,1,12
2368.7125894619967,4,92.75,2,0,0,7,4,1,12
2369.7263628680375,4,57.0,0,0,3,5,0,0,8
2370.7401362429955,4,24.25,0,0,0,8,0,0,8
2371.753455672995,4,26.75,0,0,0,7,1,0,8
2372.767207130033,4,70.75,0,0,0,5,3,0,8
2373.7782153150183,4,70.25,0,0,0,4,0,1,5
2374.7899439739995,4,64.25,0,0,0,2,2,0,4
2375.8079421890434,4,47.25,1,0,0,1,1,2,4
2376.821750009025,4,16.25,0,4,0,1,0,0,5
2377.8360015260405,4,25.0,0,2,2,2,0,0,6
2378.8491771370173,4,38.5,0,1,1,4,0,0,6
2379.8615385970334,4,65.75,0,0,0,5,0,0,5
2380.8751860670163,4,47.25,0,1,0,4,0,0,5
2381.8887289290433,4,36.25,0,1,0,4,0,0,5
2382.902529940009,4,23.25,0,0,1,4,0,0,5
2383.9158782970044,4,35.0,0,3,0,4,0,1,8
2384.9299104660167,4,50.5,1,2,0,7,0,0,9
2385.9435211730306,4,31.0,0,3,1,8,0,1,13
2386.955425983004,4,33.25,0,2,1,11,0,0,14
2387.9691782610025,4,95.75,0,0,0,11,0,1,12
2388.9817598750233,4,73.5,0,1,0,9,0,0,10
2389.9943917940254,4,66.25,1,7,0,8,1,0,16
2391.007967873011,4,95.0,2,7,0,5,4,0,16
2392.021789954044,4,70.5,3,7,2,3,1,3,16
2393.0354983460275,4,14.25,1,6,3,4,2,1,16
2394.0494332080125,4,65.75,0,2,4,9,0,0,15
2395.06372407201,4,41.5,0,0,1,10,0,0,11
2396.0776145459968,4,59.0,0,1,1,7,0,0,9
2397.091417571006,4,93.0,0,0,1,7,0,0,8
2398.104958950018,4,56.0,0,0,0,7,1,0,8
2399.1187098250375,4,69.75,0,0,0,4,2,0,6
2400.132290480018,4,46.0,0,0,0,2,4,0,6
2401.1464365010033,4,45.25,0,0,0,1,0,0,1
2402.160306609003,4,23.0,0,1,0,1,0,0,2
2403.1738485349924,4,14.25,0,0,0,3,0,0,3
2404.1883554779924,4,47.0,0,1,0,2,1,0,4
2405.1974298370187,4,11.5,0,3,0,2,0,0,5
2406.2111855400144,4,23.25,0,2,1,2,0,0,5
2407.2249232520116,4,23.75,0,2,3,3,0,0,8
2408.2387590750004,4,15.5,0,1,2,5,0,0,8
2409.2521748750005,4,58.75,0,0,1,5,0,1,7
2410.2662070450024,4,23.5,0,0,1,5,0,0,6
2411.279762849037,4,24.25,0,0,0,5,0,0,5
2412.290310634009,4,23.25,0,0,0,5,0,0,5
2413.303653437004,4,24.25,0,1,0,5,0,0,6
2414.317250024993,4,0.0,1,2,0,5,0,0,7
2415.3307820970076,4,47.0,2,2,0,3,2,0,7
2416.3446191160474,4,46.25,1,4,0,2,1,0,7
2417.355961396999,4,46.5,0,5,1,3,0,1,10
2418.3679698820342,4,30.25,0,2,2,4,0,1,9
2419.3790677750367,4,26.75,0,0,2,6,0,0,8
2420.3912753660115,4,46.75,0,2,0,6,0,0,8
2421.3998620780185,4,47.5,0,1,1,6,0,0,8
2422.410707802046,4,51.25,1,1,2,6,1,0,10
2423.4238818710437,4,70.75,0,4,2,4,0,0,10
2424.4357469080132,4,70.25,1,4,1,4,1,0,10
2425.4486583539983,4,34.0,0,0,3,5,0,0,8
2426.463628694997,4,74.0,0,0,1,6,0,1,8
2427.4771414989955,4,58.75,1,0,1,5,0,2,8
2428.4878363710013,4,33.0,0,1,1,8,0,0,10
2429.500421586039,4,46.25,0,0,0,10,2,0,12
2430.5150145220105,4,41.0,0,1,0,9,0,0,10
2431.527982661035,4,48.75,0,3,0,9,0,0,12
2432.5402632150217,4,58.5,0,3,3,6,0,0,12
2433.553968245047,4,49.5,0,3,0,6,1,0,10
2434.5633461740217,4,68.0,1,3,0,5,2,0,10
2435.576820752991,4,71.0,0,2,2,4,0,4,12
2436.5907877410064,4,47.0,0,3,2,4,0,0,9
2437.601535878028,4,37.0,0,0,0,9,0,0,9
2438.6142574420082,4,73.5,1,1,0,8,1,0,10
2439.6264910449972,4,75.75,0,1,1,7,0,0,9
2440.632824979024,4,59.0,0,0,0,7,1,0,8
2441.6470308310236,4,46.25,0,1,1,4,0,0,6
2442.660647700017,4,46.0,2,1,1,5,0,0,7
2443.67340562999,4,69.5,0,4,0,3,1,1,9
2444.685792763019,4,5.75,0,1,1,6,0,0,8
2445.6969109190395,4,24.25,0,1,0,8,0,0,9
2446.7087814800325,4,55.0,2,0,1,7,1,0,9
2447.7202832330368,4,47.25,3,0,1,6,2,0,9
2448.734299884003,4,47.5,0,8,1,4,0,2,15
2449.7465757559985,4,47.0,0,9,1,4,0,1,15
2450.7574693750357,4,47.0,1,7,3,3,1,0,14
2451.770367635996,4,23.5,3,6,5,4,0,1,16
2452.783878457034,4,71.5,5,3,5,8,0,0,16
2453.7960222160327,4,24.75,4,1,2,13,0,0,16
2454.806865746039,4,53.25,5,1,0,10,5,0,16
2455.8210469990154,4,71.75,8,1,0,7,8,0,16
2456.8350268829963,4,72.0,8,1,0,5,5,5,16
2457.8488474580226,4,23.25,2,7,0,5,1,2,15
2458.8623673540424,4,24.0,1,2,7,7,0,0,16
2459.875574773003,4,57.25,3,2,2,12,0,0,16
2460.883234472014,4,49.5,2,2,0,11,0,3,16
2461.8960274420097,4,64.0,1,4,0,8,3,1,16
2462.908618654008,4,94.25,1,3,4,7,0,2,16
2463.922385932994,4,25.5,1,3,4,5,1,2,15
2464.9348280400154,4,69.5,1,3,4,3,3,2,15
2465.948620236013,4,23.5,0,1,4,6,0,2,13
2466.9620820400305,4,31.0,0,3,2,8,0,1,14
2467.974216237024,4,82.25,0,1,1,11,0,0,13
2468.985019968997,4,52.0,1,2,1,10,1,0,14
2470.0004228640464,4,55.5,0,4,1,10,1,0,16
2471.012985836016,4,25.75,0,1,3,12,0,0,16
2472.0239437349956,4,59.25,0,0,2,14,0,0,16
2473.0364987240173,4,54.5,0,0,0,15,1,0,16
2474.047660409007,4,71.25,0,1,0,14,0,0,15
2475.058514594042,4,47.5,0,2,0,12,2,0,16
2476.0719111780054,4,95.5,3,2,0,11,3,0,16
2477.0855784899904,4,92.25,4,2,0,4,10,0,16
2478.099869603,4,52.25,0,1,2,6,0,0,9
2479.113319471013,4,57.0,0,0,0,7,1,1,9
2480.1270845010295,4,65.0,0,1,0,7,0,1,9
2481.141220284044,4,70.5,0,0,0,6,0,0,6
2482.1546217949945,4,52.75,0,2,0,6,0,0,8
2483.168627962994,4,94.5,0,2,0,5,1,0,8
2484.1823998780455,4,93.5,3,2,0,5,1,0,8
2485.196400567016,4,69.75,0,6,0,2,0,4,12
2486.2099549150444,4,25.75,0,1,2,4,0,0,7
2487.223478508997,4,41.5,0,3,2,5,0,0,10
2488.2375193260377,4,46.75,0,3,1,5,1,0,10
2489.2498522099922,4,70.0,0,3,1,3,0,1,8
2490.2638373500085,4,67.5,0,0,0,6,0,0,6
2491.275563992036,4,23.25,0,2,0,6,0,0,8
2492.287272257032,4,70.0,0,2,0,6,0,0,8
2493.3014824910206,4,69.75,2,1,0,4,3,0,8
2494.3150283590076,4,46.5,0,1,0,4,1,0,6
2495.328930948046,4,26.25,0,1,2,4,0,0,7
2496.342229881033,4,47.0,1,0,0,7,0,0,7
2497.3558661980205,4,71.0,2,0,0,6,1,0,7
2498.3698365750024,4,45.75,0,2,2,3,0,1,8
2499.383602604037,4,39.25,0,0,0,6,0,0,6
2500.397688743018,4,71.5,0,0,0,5,1,0,6
2501.410619174014,4,47.0,0,0,0,3,1,1,5
2502.4250627160072,4,47.0,2,0,0,1,2,1,4
2503.4362063340377,4,12.75,0,2,0,1,0,0,3
2504.4501187300193,4,24.0,0,2,1,1,0,0,4
2505.464146941027,4,23.0,0,2,1,2,0,0,5
2506.4776580079924,4,23.5,1,2,1,1,1,0,5
2507.4871773110353,4,0.0,0,4,1,1,0,2,8
2508.500830716046,4,23.25,0,4,0,3,0,0,7
2509.51481113903,4,3.5,0,2,1,5,0,0,8
2510.5284071569913,4,67.5,0,4,0,6,0,0,10
2511.542459637043,4,52.75,0,2,0,7,0,0,9
2512.556245921005,4,40.25,0,2,2,6,0,0,10
2513.5682965330197,4,46.5,0,2,0,7,0,0,9
2514.580438050034,4,71.5,2,2,0,5,2,0,9
2515.5936345070368,4,69.75,3,2,0,4,3,0,9
2516.606980852026,4,71.0,6,2,0,2,5,0,9
2517.6207903930335,4,26.0,0,6,0,4,0,0,10
2518.6346996040083,4,63.25,0,0,0,10,0,0,10
2519.6490257279947,4,73.25,0,0,0,9,1,0,10
2520.661881156033,4,93.25,0,1,0,6,0,3,10
2521.675533122034,4,83.25,0,1,0,6,0,0,7
2522.689355307026,4,26.75,0,0,0,6,0,0,6
2523.70009536203,4,38.0,0,1,0,6,0,0,7
2524.711939376022,4,48.25,1,2,0,4,2,0,8
2525.720790452033,4,47.0,2,2,0,2,4,0,8
2526.7345314820413,4,47.0,0,2,0,5,0,0,7
2527.7485581189976,4,61.75,0,0,0,7,0,0,7
2528.7619519620202,4,70.5,0,0,0,6,0,0,6
2529.7736098830355,4,69.0,0,0,0,5,0,0,5
2530.7867126530036,4,30.5,0,0,1,5,0,0,6
2531.800503872044,4,71.75,0,0,1,6,0,0,7
2532.8120089500444,4,53.5,0,1,1,4,0,0,6
2533.8262885910226,4,48.5,0,0,0,4,0,0,4
2534.8368799570017,4,47.25,0,1,0,2,0,0,3
2535.8509137270157,4,17.5,0,2,0,2,0,0,4
2536.8623342030332,4,27.75,0,2,0,3,0,0,5
2537.876558386022,4,55.75,0,1,2,2,0,0,5
2538.8902739040204,4,10.5,0,1,0,2,1,0,4
2539.9047024680185,4,24.75,0,1,0,2,1,0,4
2540.918494352023,4,23.25,0,0,1,2,0,1,4
2541.9309907010174,4,24.0,0,0,0,3,0,0,3
2542.9449430989916,4,22.75,0,0,0,3,0,0,3
2543.959060046007,4,23.5,0,0,0,3,0,0,3
2544.9728662290145,4,3.0,0,1,0,3,0,0,4
2545.9866443700157,4,17.0,0,1,0,3,0,0,4
2547.000504455995,4,23.75,0,2,0,4,0,0,6
2548.0129096480086,4,44.5,0,1,1,4,0,0,6
2549.027098156046,4,25.5,0,0,0,5,0,0,5
2550.0410161450272,4,70.0,0,1,0,5,0,0,6
2551.0528250670177,4,47.0,0,0,0,5,0,0,5
2552.0637522820034,4,69.25,1,0,0,4,1,0,5
2553.076604783011,4,46.75,3,0,0,3,2,0,5
2554.0919273820473,4,47.75,5,0,0,2,3,0,5
2555.1059415680356,4,23.25,0,6,0,2,0,0,8
2556.1195942070335,4,25.75,0,0,3,5,0,0,8
2557.1300932519953,4,34.5,0,0,0,8,0,0,8
2558.142641886021,4,46.75,0,0,0,6,0,0,6
2559.1552510530455,4,66.0,0,1,1,6,0,0,8
2560.169047567004,4,71.25,0,0,1,4,0,2,7
2561.1831958400435,4,36.0,0,1,1,4,0,0,6
2562.1968261920265,4,47.5,2,1,0,5,0,0,6
2563.2091862790403,4,71.0,3,1,0,4,0,1,6
2564.2222694060183,4,60.75,0,2,1,6,0,0,9
2565.2359330219915,4,63.25,0,0,1,8,1,0,10
2566.2485266270232,4,52.0,0,0,1,5,0,1,7
2567.2617077250034,4,48.25,0,0,0,5,0,0,5
2568.275863190007,4,46.75,0,1,1,4,0,0,6
2569.287373635045,4,16.0,0,0,1,7,0,0,8
2570.299731359002,4,49.25,0,1,0,6,0,0,7
2571.313312361017,4,64.75,0,0,1,5,0,0,6
2572.326977476012,4,21.75,1,4,1,6,0,0,11
2573.3405298180296,4,46.0,0,7,0,6,0,0,13
2574.3546028240235,4,24.0,2,6,3,7,0,0,16
2575.368032143044,4,47.5,3,3,4,8,0,1,16
2576.381945900037,4,49.75,3,1,3,10,2,0,16
2577.3947125110426,4,73.0,3,2,0,12,1,1,16
2578.4104020650266,4,65.5,0,5,1,6,1,0,13
2579.424460822018,4,69.75,0,1,4,8,0,1,14
2580.438213365036,4,73.25,0,0,1,11,1,0,13
2581.4522203149972,4,72.25,2,1,0,7,3,1,12
2582.465841600031,4,48.25,0,0,1,7,0,0,8
2583.4800149599905,4,60.5,0,0,0,8,0,0,8
2584.4924325240427,4,46.75,0,0,0,7,0,0,7
2585.506255701999,4,23.5,0,2,0,6,0,0,8
2586.5201124140294,4,48.75,0,1,1,7,1,0,10
2587.5280713160173,4,33.0,0,1,0,6,1,1,9
2588.5430304890033,4,70.25,1,0,0,6,0,0,6
2589.557090309041,4,46.5,3,0,0,4,2,0,6
2590.5707481150166,4,47.0,6,0,0,2,4,0,6
2591.584412085009,4,36.0,0,1,5,2,0,0,8
2592.5941632940085,4,13.5,0,0,0,7,0,0,7
2593.608109126042,4,72.25,0,0,0,8,0,0,8
2594.6217620000243,4,68.0,0,1,0,7,0,0,8
2595.635829937004,4,10.25,0,3,0,5,0,0,8
2596.6497701220214,4,24.0,0,2,1,7,0,0,10
2597.662780565035,4,68.25,0,2,1,7,0,0,10
2598.676435780013,4,90.0,0,1,1,7,0,0,9
2599.689667393046,4,68.75,0,1,1,6,2,0,10
2600.701313915022,4,56.0,0,1,1,7,0,0,9
2601.714882556,4,47.0,0,3,1,7,0,0,11
2602.7299708590144,4,54.75,0,1,3,7,0,0,11
2603.740802222048,4,71.5,0,2,0,9,0,0,11
2604.754960812046,4,92.5,3,2,0,9,0,0,11
2605.7687136570457,4,94.5,4,2,0,5,4,0,11
2606.7787551390356,4,62.5,0,1,2,8,0,0,11
2607.790252409992,4,65.25,0,5,0,10,0,0,15
2608.802190940012,4,49.0,0,0,3,10,0,0,13
2609.815859315044,4,55.0,0,0,1,11,0,0,12
2610.829565585009,4,65.5,0,0,0,10,1,0,11
2611.8426845240174,4,88.0,0,1,1,6,1,1,10
2612.856390550034,4,61.75,0,0,1,5,0,0,6
2613.8697737579932,4,68.5,0,2,1,6,0,0,9
2614.8835913100047,4,83.75,1,1,1,6,1,0,9
2615.897368124046,4,47.75,0,2,0,6,0,1,9
2616.9102038950077,4,69.75,0,0,0,6,0,0,6
2617.923696115031,4,46.5,0,0,0,5,0,1,6
2618.933911696018,4,70.25,1,0,0,4,1,1,6
2619.947416911018,4,70.0,1,1,0,3,1,0,5
2620.9613569670473,4,71.25,0,3,1,3,0,1,8
2621.975008468027,4,46.5,0,2,2,4,0,0,8
2622.988945798017,4,70.75,1,2,1,5,0,0,8
2624.0021315090125,4,58.25,0,1,2,2,0,2,7
2625.016500803991,4,28.5,0,1,0,3,0,0,4
2626.030115968024,4,47.5,0,0,0,4,0,0,4
2627.0439676220412,4,23.5,0,2,0,4,0,0,6
2628.0580619880348,4,40.75,0,2,0,4,0,0,6
2629.0719833290204,4,56.0,0,0,1,5,0,0,6
2630.0860138360295,4,72.0,1,0,0,5,1,0,6
2631.095639006002,4,27.75,0,0,2,4,0,0,6
2632.1093290250283,4,38.25,0,0,0,4,0,0,4
2633.1228575150017,4,30.0,0,1,0,4,0,0,5
2634.137141922023,4,26.5,2,1,0,3,1,0,5
2635.1538014740217,4,24.0,3,1,0,2,2,0,5
2636.16437718604,4,22.5,0,4,0,2,0,2,8
2637.1783589069964,4,23.0,0,2,0,4,0,0,6
2638.191261218046,4,48.5,0,1,2,4,0,0,7
2639.2030996920075,4,59.5,1,1,1,4,1,0,7
2640.216763433011,4,77.25,0,1,2,4,0,0,7
2641.2299710160005,4,1.5,0,0,2,3,0,0,5
2642.2435511710355,4,69.0,0,0,2,2,1,0,5
2643.2573902099975,4,47.25,1,0,1,3,0,0,4
2644.2716249140212,4,23.25,0,1,1,2,0,0,4
2645.2854877590435,4,0.0,0,1,2,1,0,1,5
2646.2994990230072,4,23.5,1,1,1,2,0,1,5
2647.3105000579963,4,0.0,0,3,1,2,0,0,6
2648.324228294019,4,23.0,0,0,3,3,0,0,6
2649.3368239460397,4,12.75,0,0,0,6,0,0,6
2650.351103013032,4,46.0,0,2,0,5,0,0,7
2651.3647841530037,4,47.25,0,0,1,5,0,0,6
2652.3781314680236,4,33.75,0,1,1,5,0,0,7
2653.392002979992,4,69.0,0,0,1,4,0,1,6
2654.406150544004,4,69.75,0,0,0,4,1,0,5
2655.4196899360395,4,66.75,0,1,0,4,0,0,5
2656.429288141022,4,56.25,3,1,0,4,0,0,5
2657.4431293950183,4,46.75,5,1,0,2,2,0,5
2658.4575503920205,4,23.5,0,6,0,2,0,0,8
2659.471127722005,4,38.5,0,0,1,7,0,0,8
2660.4850470810197,4,47.75,0,0,0,8,0,0,8
2661.4964544270188,4,71.0,1,0,0,8,0,0,8
2662.507902303012,4,79.0,1,1,0,6,1,0,8
2663.5216034870245,4,54.0,0,2,0,7,0,0,9
2664.5354341890197,4,18.25,0,1,0,6,0,0,7
2665.548795303039,4,47.75,0,1,0,5,1,0,7
2666.562786183029,4,47.0,0,1,0,4,1,1,7
2667.576174734044,4,58.25,1,2,0,5,0,0,7
2668.5900464440347,4,15.5,0,1,1,6,0,0,8
2669.603840163036,4,45.5,2,0,1,3,3,1,8
2670.615868612018,4,70.75,0,2,0,1,1,2,6
2671.629501150048,4,0.0,2,1,1,1,0,0,3
2672.6426095460192,4,23.25,4,1,1,0,1,0,3
2673.655759679037,4,0.0,4,1,1,0,1,0,3
2674.6684073390206,4,12.5,0,4,1,1,0,1,7
2675.6827208750183,4,18.25,0,1,2,2,0,0,5
2676.6966918430408,4,59.5,0,1,1,4,0,0,6
2677.7100224380265,4,46.5,0,1,0,5,0,0,6
2678.7245646300144,4,46.75,0,5,0,5,0,0,10
2679.7383934200043,4,48.25,2,5,0,3,2,0,10
2680.7518163110362,4,48.0,4,5,0,2,3,0,10
2681.76536578004,4,47.0,0,9,0,1,0,0,10
2682.779363765032,4,5.5,0,1,5,4,0,0,10
2683.7927526540007,4,73.5,0,0,2,6,0,0,8
2684.8068707310013,4,47.0,1,5,2,4,2,0,13
2685.818417160015,4,71.5,2,8,1,2,0,5,16
2686.832535326015,4,25.0,0,8,3,5,0,0,16
2687.8466677760007,4,48.5,0,5,4,7,0,0,16
2688.8587005549925,4,71.25,2,4,2,8,0,2,16
2689.871101460012,4,86.75,0,9,2,5,0,0,16
2690.8848956000293,4,2.5,5,2,2,12,0,0,16
2691.8970253620064,4,91.0,1,6,2,7,0,1,16
2692.910498518031,4,47.5,1,0,6,10,0,0,16
2693.9242048410233,4,49.25,5,1,2,13,0,0,16
2694.937890433008,4,71.5,10,1,1,11,3,0,16
2695.951956050005,4,94.25,13,1,1,6,8,0,16
2696.964902953012,4,94.5,14,1,1,6,7,1,16
2697.9783918670146,4,37.25,8,2,4,10,0,0,16
2698.9904335800093,4,49.25,7,2,1,11,1,1,16
2700.0046561810304,4,91.25,4,4,2,6,4,0,16
2701.0154859350296,4,59.5,4,4,2,4,6,0,16
2702.0296038929955,4,27.25,0,3,3,7,1,0,14
2703.0434611070086,4,36.5,0,0,2,12,0,0,14
2704.0551742190146,4,46.25,0,0,0,9,2,1,12
2705.06745467399,4,92.75,0,0,0,7,0,0,7
2706.0774866710417,4,37.5,0,0,0,5,1,1,7
2707.0916262640385,4,71.25,0,1,0,3,0,0,4
2708.105511413014,4,24.25,2,1,0,3,0,0,4
2709.1188101340085,4,47.25,0,2,1,2,0,0,5
2710.1334305609926,4,23.0,1,2,0,4,0,0,6
2711.1472261820454,4,48.5,0,3,0,3,0,1,7
2712.1673182609957,4,42.0,0,2,1,4,0,0,7
2713.1812279790174,4,30.75,0,0,1,7,0,0,8
2714.1949730900233,4,40.75,0,0,0,8,0,0,8
2715.206536556012,4,70.75,0,0,0,7,0,1,8
2716.2208138240385,4,71.0,0,2,0,6,0,0,8
2717.234565933002,4,47.25,0,0,3,5,0,0,8
2718.2458338400465,4,23.25,0,0,1,6,1,0,8
2719.2581864490057,4,66.5,1,0,0,6,2,0,8
2720.2692470120382,4,47.25,2,0,0,4,4,0,8
2721.2831956710434,4,47.5,0,2,0,2,0,0,4
2722.2968316310435,4,25.0,0,1,1,3,0,0,5
2723.310459047032,4,47.5,0,2,1,4,0,0,7
2724.3232955610147,4,69.75,0,2,1,4,0,0,7
2725.3346087959944,4,49.0,0,0,3,3,0,0,6
2726.348082824028,4,71.5,0,0,3,1,2,0,6
2727.360004585993,4,23.5,0,0,1,2,0,0,3
2728.373674035014,4,44.25,0,0,1,2,0,0,3
2729.3878050509957,4,46.75,0,0,0,3,0,0,3
2730.3998942900216,4,33.25,0,2,0,2,0,0,4
2731.414069315011,4,0.0,0,2,0,4,0,0,6
2732.4279584890464,4,1.0,0,1,2,4,0,0,7
2733.440093694022,4,0.0,0,1,0,6,0,0,7
2734.454003598017,4,48.25,0,0,0,7,0,0,7
2735.4676915100426,4,46.25,0,0,0,6,0,0,6
2736.4773172780406,4,27.25,0,0,0,6,0,0,6
2737.4883848740137,4,46.25,1,0,0,5,1,0,6
2738.501811374037,4,23.5,0,2,0,4,0,0,6
2739.513397431001,4,29.0,0,0,1,4,0,1,6
2740.526681684016,4,41.5,0,1,0,5,0,0,6
2741.5388837209903,4,50.25,0,4,0,4,0,0,8
2742.552488531044,4,41.75,0,3,1,3,0,0,7
2743.5667971320217,4,39.75,0,1,2,2,0,0,5
2744.580016485008,4,44.5,0,0,1,4,0,0,5
2745.592060709023,4,48.25,0,0,1,4,0,0,5
2746.6061884640367,4,23.5,0,0,1,3,1,0,5
2747.6200864310376,4,47.25,0,0,1,3,0,0,4
2748.633581897011,4,48.0,0,0,1,2,0,0,3
2749.64793331502,4,23.75,0,0,2,3,0,0,5
2750.662138954038,4,24.5,0,1,0,4,0,0,5
2751.6756786410115,4,39.5,0,0,0,5,0,0,5
2752.6895392080187,4,45.25,0,1,0,3,0,0,4
2753.7002352600102,4,23.0,0,0,1,4,0,0,5
2754.7143913990003,4,29.75,0,5,1,4,0,0,10
2755.7263764800155,4,36.75,0,0,3,7,0,0,10
2756.739993568044,4,69.0,0,0,1,7,1,1,10
2757.7489644280286,4,69.5,0,2,0,6,0,0,8
2758.7590173360077,4,55.0,0,3,1,7,0,0,11
2759.769850235025,4,50.25,0,2,2,6,0,1,11
2760.7829985120334,4,61.0,0,3,2,4,1,0,10
2761.796588541998,4,47.25,0,2,3,3,0,2,10
2762.8059911309974,4,48.25,0,0,2,5,0,0,7
2763.818910513015,4,95.5,0,0,1,6,0,0,7
2764.8321936950088,4,70.25,0,0,1,5,1,0,7
2765.8460397170275,4,69.25,0,1,0,4,0,1,6
2766.8586461120285,4,17.5,0,0,1,3,1,0,5
2767.86914164701,4,9.0,0,1,0,4,0,1,6
2768.88291314902,4,46.5,1,1,0,3,1,1,6
2769.897068538994,4,35.5,1,0,2,3,0,1,6
2770.9090215800097,4,37.75,0,0,1,5,0,0,6
2771.9245416810154,4,24.25,0,0,1,4,0,0,5
2772.938132009993,4,46.0,1,1,1,4,0,0,6
2773.952636007045,4,48.0,0,2,1,3,0,0,6
2774.96709304204,4,21.75,0,2,1,2,1,0,6
2775.979258573032,4,46.75,0,1,2,2,0,1,6
2776.9934396219905,4,40.5,0,2,1,2,0,1,6
2778.0075646750047,4,0.25,0,1,0,4,0,0,5
2779.021290644014,4,24.5,0,1,0,4,0,0,5
2780.0347146760323,4,47.75,1,1,0,3,1,0,5
2781.0467861070065,4,24.75,0,1,0,3,0,2,6
2782.0600362830446,4,0.0,1,0,3,3,0,0,6
2783.0739810300292,4,1.5,0,0,1,6,0,0,7
2784.0878585299943,4,1.0,2,1,0,7,0,0,8
2785.101327306009,4,57.5,2,1,0,7,0,0,8
2786.112982057035,4,71.75,0,4,0,4,0,3,11
2787.1219458520063,4,1.75,1,3,1,4,0,1,9
2788.133633528021,4,34.25,0,2,3,7,0,0,12
2789.1473555610282,4,47.5,1,2,2,4,3,1,12
2790.160780450038,4,46.5,0,3,2,6,0,2,13
2791.174147540005,4,68.75,1,3,2,6,0,2,13
2792.1808216960053,4,61.75,0,0,1,10,1,0,12
2793.1943441900075,4,70.0,0,0,4,7,1,1,13
2794.2078725630417,4,44.75,1,2,1,7,2,0,12
2795.222565528995,4,94.0,2,2,1,5,4,0,12
2796.2386254250305,4,68.5,4,2,0,3,5,2,12
2797.251400968991,4,69.75,5,2,0,2,6,2,12
2798.263923263992,4,21.75,0,4,5,2,0,0,11
2799.2757982620387,4,17.25,0,2,2,7,0,0,11
2800.2868945419905,4,29.0,0,3,0,8,0,0,11
2801.300898715039,4,47.25,0,0,3,8,0,0,11
2802.315149403992,4,58.25,0,1,1,9,0,0,11
2803.325967800047,4,48.5,0,2,1,8,0,0,11
2804.3370205900283,4,71.5,0,4,0,8,1,0,13
2805.348107548023,4,70.5,1,4,0,7,2,0,13
2806.3591097920435,4,71.75,2,4,0,6,3,0,13
2807.372146943002,4,69.25,2,7,0,4,0,5,16
2808.38610466104,4,23.25,0,3,4,6,0,0,13
2809.3993635820225,4,47.75,0,1,2,9,0,1,13
2810.4131227830076,4,46.75,2,1,2,6,3,0,12
2811.4269494180335,4,69.0,0,1,3,6,0,0,10
2812.4391096020117,4,73.75,0,1,1,6,0,1,9
2813.451467517996,4,64.75,0,1,2,7,0,0,10
2814.4651059010066,4,48.0,0,0,3,5,1,1,10
2815.471356955997,4,70.5,1,0,3,4,1,1,9
2816.4848341830075,4,70.5,1,0,3,2,3,1,9
2817.49624719203,4,23.5,4,0,2,2,0,5,9
2818.509947738028,4,48.0,0,0,5,5,0,0,10
2819.520297377021,4,55.25,0,0,0,10,0,0,10
2820.5337058380246,4,71.0,0,0,0,7,2,1,10
2821.544275371998,4,46.5,0,0,0,6,0,0,6
2822.557541894028,4,71.25,0,0,0,3,3,0,6
2823.5683844099985,4,23.5,0,0,0,1,5,0,6
2824.582891343045,4,23.25,0,0,0,1,0,0,1
2825.595684657048,4,23.5,0,0,0,1,0,0,1
2826.6087882380234,4,14.0,0,0,0,1,0,0,1
2827.6227108500316,4,0.0,1,0,0,0,1,0,1
2828.6363263250096,4,25.0,0,1,0,1,0,0,2
2829.6504380740225,4,23.5,0,2,0,1,0,0,3
2830.6638975110254,4,11.75,0,0,1,2,0,0,3
2831.6774538020254,4,22.75,0,0,1,2,0,0,3
2832.6909007410286,4,24.75,0,0,1,1,1,0,3
2833.7049594810233,4,24.5,0,0,0,2,0,0,2
2834.718277449021,4,23.5,0,2,0,2,0,0,4
2835.732240172045,4,23.25,0,2,2,2,0,0,6
2836.744328753033,4,22.75,0,1,2,4,0,0,7
2837.7586805270403,4,78.0,0,1,1,6,0,0,8
2838.769989822991,4,71.0,0,0,0,8,0,0,8
2839.7839584299945,4,94.75,0,0,0,7,0,0,7
2840.7972368640476,4,56.0,0,0,0,4,0,2,6
2841.811445260013,4,70.25,0,2,0,4,0,0,6
2842.821932594001,4,50.25,0,3,1,5,0,0,9
2843.834744721011,4,52.75,0,2,0,5,0,0,7
2844.8469298130367,4,32.5,0,0,2,6,0,0,8
2845.8631719870027,4,48.0,0,0,1,6,1,0,8
2846.8768250340363,4,93.5,0,0,1,4,3,0,8
2847.8921450140188,4,68.5,1,0,1,3,1,1,6
2848.9087577100145,4,68.0,0,1,1,4,0,0,6
2849.9225086020306,4,22.75,0,0,2,4,0,0,6
2850.935893169022,4,47.5,0,0,1,4,1,0,6
2851.949743790028,4,34.5,0,2,0,5,0,0,7
2852.963067347009,4,47.5,1,2,0,3,1,0,6
2853.9770180060295,4,23.5,0,2,1,2,1,0,6
2854.9907108609914,4,23.0,0,2,0,4,0,0,6
2856.0041711420054,4,22.0,0,1,1,4,0,0,6
2857.0180560910376,4,36.25,0,0,0,6,0,0,6
2858.0315550300293,4,48.5,0,0,0,5,1,0,6
2859.0455323310453,4,48.0,0,0,0,4,0,0,4
2860.059293703991,4,27.25,0,1,0,2,1,0,4
2861.07350280002,4,47.5,0,0,3,1,0,0,4
2862.0869300620398,4,2.5,1,0,1,3,0,0,4
2863.0982579960255,4,71.0,0,1,1,4,0,0,6
2864.1112963859923,4,49.75,0,0,1,5,0,0,6
2865.12505502603,4,24.25,0,0,0,5,0,0,5
2866.1388493819977,4,22.25,1,0,0,4,1,0,5
2867.152148876048,4,46.75,1,0,0,2,3,0,5
2868.1658914470463,4,47.5,3,0,0,2,2,1,5
2869.1771523000207,4,47.25,1,4,0,2,0,0,6
2870.191044339037,4,47.25,0,0,4,4,0,0,8
2871.2017380340258,4,26.0,0,0,1,5,2,0,8
2872.214562699024,4,47.0,0,0,1,4,3,0,8
2873.225762345013,4,71.75,0,0,0,3,2,3,8
2874.239623574016,4,71.25,0,1,0,2,0,0,3
2875.2536861490225,4,37.0,1,0,0,3,0,0,3
2876.2699228820275,4,18.0,0,1,0,3,0,0,4
2877.2851336890017,4,43.0,0,2,2,3,0,0,7
2878.298677663028,4,47.5,0,2,2,1,2,0,7
2879.3120971760363,4,23.25,0,1,2,2,0,0,5
2880.3255449450226,4,40.0,0,0,0,5,0,0,5
2881.3397391990293,4,51.25,0,1,0,5,0,0,6
2882.353739178041,4,48.0,0,2,0,5,0,0,7
2883.3673558800365,4,32.5,0,4,0,6,0,0,10
2884.3816679100273,4,46.25,0,2,2,5,0,1,10
2885.393327232043,4,69.75,0,1,2,4,1,1,9
2886.4070777820307,4,93.75,1,1,2,4,1,1,9
2887.4203639060142,4,80.25,0,0,1,6,0,0,7
2888.4339047360118,4,71.25,0,2,1,5,0,1,9
2889.4478282320197,4,73.0,0,1,0,9,0,0,10
2890.4599192840396,4,47.25,0,0,0,8,0,0,8
2891.4736518930295,4,58.75,0,1,0,3,1,0,5
2892.4874888110207,4,28.25,0,1,1,3,0,0,5
2893.501378017012,4,46.75,0,1,1,5,0,0,7
2894.5151300959988,4,42.5,0,0,1,6,0,0,7
2895.528955732996,4,60.75,0,2,1,6,0,0,9
2896.5413405610016,4,58.75,0,1,2,6,0,0,9
2897.555398173048,4,69.75,0,0,0,9,0,0,9
2898.569105602044,4,70.25,0,0,0,8,0,0,8
2899.582956528,4,57.0,0,0,0,7,1,0,8
2900.58930733701,4,93.5,1,0,0,4,4,0,8
2901.6020315330243,4,69.75,1,0,0,2,6,0,8
2902.616210067994,4,46.75,2,0,0,2,4,2,8
2903.6258903270354,4,47.0,0,3,0,3,0,0,6
2904.639261881006,4,48.5,0,0,1,4,0,0,5
2905.653235944046,4,0.0,0,0,0,5,0,0,5
2906.666844238993,4,48.5,0,0,0,4,1,0,5
2907.6805847950163,4,48.75,0,0,0,4,1,0,5
2908.6934817520087,4,46.75,0,0,0,3,0,2,5
2909.7069111620076,4,47.0,0,0,0,2,0,0,2
2910.720696106029,4,23.25,1,0,0,1,0,0,1
2911.7343533990206,4,0.0,0,1,0,0,0,0,1
2912.7483003539965,4,0.0,0,1,1,0,0,0,2
2913.761925130035,4,1.0,0,1,1,1,0,0,3
2914.775570511003,4,48.25,0,0,0,3,0,0,3
2915.7894936630037,4,47.0,0,0,0,3,0,0,3
2916.803013932018,4,23.25,0,0,0,2,0,0,2
2917.81719858601,4,23.5,0,0,0,1,0,0,1
2918.828217560018,4,0.0,0,0,0,1,0,0,1
2919.841671181028,4,24.0,0,1,0,0,0,0,1
2920.8554969890392,4,24.75,0,0,0,2,0,0,2
2921.867648400017,4,46.75,0,0,0,2,0,0,2
2922.881194766029,4,40.75,0,1,0,2,0,0,3
2923.895129028999,4,0.0,0,0,0,3,0,0,3
2924.9090853070375,4,19.0,0,1,0,2,1,0,4
2925.9226058910135,4,27.0,0,1,1,2,0,0,4
2926.936522706994,4,47.0,0,1,1,2,0,0,4
2927.950229750015,4,47.0,0,1,1,1,1,1,5
2928.963842800993,4,23.5,0,1,1,1,0,2,5
2929.977298593032,4,19.0,0,0,1,2,0,0,3
2930.990990098042,4,37.75,0,0,1,2,0,0,3
2932.00403715804,4,47.0,0,0,1,1,1,0,3
2933.0162694960018,4,23.25,0,1,1,1,0,1,4
2934.029738790996,4,23.5,0,0,3,1,0,0,4
2935.0432080960018,4,48.5,0,1,1,3,0,0,5
2936.057022032037,4,71.0,0,1,0,4,0,0,5
2937.0705675310455,4,62.5,0,1,0,3,1,0,5
2938.081067412044,4,47.75,0,2,1,3,0,0,6
2939.092451310018,4,24.0,0,0,0,4,0,0,4
2940.1042272010236,4,23.25,0,2,1,3,0,0,6
2941.115848343994,4,48.5,0,2,1,3,0,0,6
2942.1265145340003,4,20.25,0,0,0,5,0,0,5
2943.140177346999,4,48.0,0,0,0,5,0,0,5
2944.1540538190166,4,48.25,0,0,0,3,1,0,4
2945.163866826042,4,0.0,0,1,0,3,0,0,4
2946.1780584530206,4,0.0,0,0,2,3,0,0,5
2947.1917237770394,4,23.25,1,0,2,3,0,0,5
2948.2059340100386,4,24.25,3,0,2,3,0,0,5
2949.2192715840065,4,23.25,3,0,2,3,0,0,5
2950.2328443769948,4,47.25,0,1,2,5,1,0,9
2951.246245499002,4,96.5,0,0,1,7,0,0,8
2952.2598866799963,4,53.75,0,0,0,8,0,0,8
2953.2735235650325,4,94.75,0,0,0,7,0,1,8
2954.2894169200445,4,92.25,0,0,0,7,0,0,7
2955.303294585028,4,61.25,0,1,0,6,0,0,7
2956.3159577150363,4,61.75,0,1,0,7,0,0,8
2957.3280959140393,4,43.5,0,1,2,6,0,0,9
2958.3428830220364,4,33.0,0,2,1,7,0,0,10
2959.3542215010384,4,70.5,0,2,1,8,0,0,11
2960.368019927002,4,72.25,0,0,0,10,0,0,10
2961.379098434001,4,84.0,0,1,0,9,0,0,10
2962.391313493019,4,57.25,0,1,0,6,0,2,9
2963.401345648046,4,70.25,1,1,0,3,3,2,9
2964.4175775230397,4,70.5,5,1,0,3,3,2,9
2965.431942080031,4,23.25,0,1,5,5,0,0,11
2966.4417026610463,4,41.75,0,1,2,9,1,0,13
2967.455042190035,4,10.5,0,4,1,10,0,0,15
2968.4687117370195,4,71.25,0,4,1,9,1,0,15
2969.4819029460195,4,61.0,0,2,1,7,1,0,11
2970.495662239031,4,90.25,0,1,1,7,1,0,10
2971.5095944410423,4,50.0,0,1,0,6,1,1,9
2972.5223755640327,4,70.75,3,1,0,6,1,1,9
2973.536220592039,4,69.0,6,1,0,5,2,1,9
2974.549530649034,4,48.25,0,3,5,5,0,0,13
2975.564035815012,4,58.25,2,1,2,13,0,0,16
2976.5767434849986,4,48.0,0,2,0,8,4,0,14
2977.5880445390358,4,70.25,1,2,0,6,5,1,14
2978.599678224011,4,50.25,0,1,2,4,0,0,7
2979.611916669004,4,90.75,0,0,0,6,0,0,6
2980.6256348899915,4,44.75,0,1,0,4,0,0,5
2981.639445458015,4,70.25,2,1,0,4,0,0,5
2982.652910554025,4,46.75,2,1,0,3,1,0,5
2983.6663485290483,4,30.75,0,3,1,1,0,2,7
2984.6783600430354,4,24.25,0,0,3,5,0,0,8
2985.691889580048,4,23.5,0,0,0,8,0,0,8
2986.705597613007,4,94.75,0,0,0,7,1,0,8
2987.717904162011,4,88.75,0,0,0,5,0,0,5
2988.7247593370266,4,70.75,0,0,0,3,0,0,3
2989.7386254779994,4,23.5,0,2,1,3,0,0,6
2990.7501829329995,4,46.0,0,2,1,2,1,0,6
2991.7638806470204,4,47.0,1,2,1,2,1,0,6
2992.777395920013,4,29.75,1,2,1,1,2,0,6
2993.791595674993,4,26.5,1,1,1,2,0,0,4
2994.7995644600014,4,24.25,0,1,1,3,0,0,5
2995.813527572027,4,47.25,0,3,0,4,0,0,7
2996.8272702620015,4,47.5,0,3,0,4,0,0,7
2997.8412291530403,4,48.0,1,3,0,3,1,0,7
2998.855021710042,4,47.5,1,3,0,3,1,0,7
2999.8662290420034,4,24.75,0,0,1,5,0,1,7
3000.877896153019,4,48.25,0,0,0,6,0,0,6
3001.891494195035,4,46.5,0,1,1,5,1,0,8
3002.9040098999976,4,84.0,0,1,0,6,0,0,7
3003.915613486024,4,94.0,3,1,0,5,1,0,7
3004.9271459660376,4,79.25,0,3,1,4,0,0,8
3005.9384177130414,4,47.0,0,3,2,3,0,0,8
3006.951833149011,4,44.75,0,2,3,6,0,0,11
3007.9657614119933,4,10.25,2,2,3,4,2,0,11
3008.978409090021,4,47.0,4,2,3,4,2,0,11
3009.9878200850217,4,47.25,0,6,3,5,0,0,14
3011.00191080902,4,24.75,0,5,0,9,0,0,14
3012.0158316899906,4,23.5,0,0,2,10,0,0,12
3013.029408972012,4,95.25,0,2,1,8,0,0,11
3014.043553506024,4,72.0,0,2,2,11,0,1,16
3015.0571301699965,4,71.25,0,0,2,10,2,1,15
3016.0711503520142,4,54.25,0,1,1,9,0,0,11
3017.0832830070285,4,70.5,0,0,2,7,2,0,11
3018.095443094033,4,47.25,0,0,2,4,4,1,11
3019.1088180789957,4,70.5,0,0,1,5,0,0,6
3020.1220401180326,4,48.0,0,0,0,6,0,0,6
3021.133726752014,4,69.5,0,0,0,4,1,0,5
3022.147428466007,4,70.5,0,0,0,2,2,1,5
3023.159301470034,4,46.75,0,2,0,1,0,4,7
3024.173010811035,4,5.25,0,1,2,2,0,0,5
3025.1866943290224,4,23.0,0,0,0,3,1,0,4
3026.2000427599996,4,23.0,0,1,0,2,0,0,3
3027.2140872980235,4,0.0,0,1,0,3,0,0,4
3028.227808190044,4,8.0,0,0,0,3,0,0,3
3029.241469913046,4,18.25,0,2,0,3,0,0,5
3030.252140283992,4,24.75,0,2,0,5,0,0,7
3031.266033022024,4,32.5,0,1,1,5,0,0,7
3032.2766977320425,4,47.75,0,3,1,5,0,0,9
3033.2879563400056,4,12.5,0,2,1,8,0,0,11
3034.299949634995,4,39.25,0,4,1,9,0,1,15
3035.312152269995,4,28.5,0,2,5,7,0,1,15
3036.325893456,4,94.75,5,2,2,8,2,1,15
3037.3383797840215,4,93.75,6,2,1,4,5,3,15
3038.3502300240216,4,70.25,7,2,1,4,5,3,15
3039.3640004789922,4,52.0,1,6,2,3,1,4,16
3040.379392300034,4,47.5,0,6,6,3,0,1,16
3041.392219590023,4,20.0,3,2,7,7,0,0,16
3042.4062362880213,4,48.5,7,2,6,4,4,0,16
3043.4176421700395,4,72.0,4,6,1,7,2,0,16
3044.4311281130067,4,70.0,11,6,1,5,4,0,16
3045.445297882019,4,42.25,8,11,0,4,1,0,16
3046.4575488030096,4,49.0,7,2,7,7,0,0,16
3047.4718423270388,4,27.0,7,2,4,9,1,0,16
3048.4855314940214,4,62.0,2,6,2,8,0,0,16
3049.499336918001,4,27.0,2,1,3,12,0,0,16
3050.511559516017,4,95.5,2,1,3,7,5,0,16
3051.5252780930023,4,95.25,2,1,3,5,7,0,16
3052.539013919013,4,60.75,0,2,2,5,0,3,12
3053.55278199201,4,22.25,0,0,0,6,0,1,7
3054.5662517230376,4,39.75,0,0,0,5,1,0,6
3055.5798733190168,4,23.0,2,0,0,2,3,1,6
3056.592410479032,4,24.0,0,4,0,1,1,0,6
3057.605566412036,4,0.0,0,0,1,4,0,0,5
3058.61926133401,4,19.25,1,0,0,5,0,0,5
3059.6327872010297,4,70.5,2,0,0,5,0,0,5
3060.6466751309927,4,70.0,4,0,0,5,0,0,5
3061.6599809670006,4,47.75,4,0,0,3,2,0,5
3062.671324666997,4,47.5,0,2,3,3,0,0,8
3063.6844211179996,4,58.0,0,3,0,6,0,0,9
3064.7011036470067,4,26.75,0,1,2,5,0,0,8
3065.7175087259966,4,48.75,0,3,2,4,0,0,9
3066.731137829018,4,23.25,0,3,1,6,0,0,10
3067.743858197995,4,45.5,0,3,1,3,3,0,10
3068.7565160180093,4,47.5,0,2,2,3,0,0,7
3069.770407795033,4,23.25,0,1,2,4,0,0,7
3070.7840806100285,4,25.25,0,0,1,6,0,0,7
3071.7975199820357,4,23.25,1,0,1,6,0,0,7
3072.812057689007,4,48.5,0,4,0,6,0,0,10
3073.8216919589904,4,47.75,0,4,0,6,0,0,10
3074.8355500500184,4,22.75,0,4,1,5,1,0,11
3075.848578161036,4,46.75,0,4,1,4,2,0,11
3076.862502111995,4,23.25,1,3,0,5,1,0,9
3077.8761226860224,4,47.0,0,4,0,4,1,2,11
3078.8898901960347,4,27.25,0,2,0,7,0,0,9
3079.9034669770044,4,31.75,0,1,2,8,0,0,11
3080.9174599320395,4,23.0,0,2,1,8,0,0,11
3081.929374371015,4,48.5,0,0,2,9,0,0,11
3082.9418784580193,4,37.25,0,0,0,11,0,0,11
3083.9554798820172,4,71.0,0,0,0,11,0,0,11
3084.9695750949904,4,46.0,0,0,0,11,0,0,11
3085.983758007991,4,63.0,0,1,0,10,0,0,11
3086.9972024880117,4,32.75,0,1,1,8,0,2,12
3088.011474125029,4,32.0,0,0,0,7,1,0,8
3089.0251215480384,4,49.0,0,0,0,7,0,0,7
3090.039101542032,4,30.0,0,2,0,5,0,0,7
3091.052790606045,4,44.25,0,0,1,6,0,0,7
3092.0666508490103,4,23.0,0,1,0,6,0,0,7
3093.0795568120084,4,53.25,0,1,0,5,0,2,8
3094.0933808240225,4,47.5,0,1,2,5,0,0,8
3095.1072847230243,4,48.5,0,0,2,6,0,0,8
3096.121068198001,4,42.25,0,0,0,8,0,0,8
3097.135797969997,4,32.0,0,0,0,9,0,0,9
3098.1496067900443,4,35.75,0,1,0,8,1,0,10
3099.163202472031,4,46.5,0,0,0,9,0,0,9
3100.177820596029,4,38.25,0,1,0,8,0,0,9
3101.18875439401,4,49.25,0,1,0,7,0,0,8
3102.2029268200276,4,23.5,0,2,0,7,0,1,10
3103.216798286012,4,30.5,0,1,0,7,0,0,8
3104.227884335036,4,39.5,1,0,0,7,1,0,8
3105.243101044034,4,71.0,1,0,0,6,1,1,8
3106.256912783021,4,47.0,0,2,0,4,0,0,6
3107.270754099998,4,25.5,0,1,1,4,0,0,6
3108.2814258720027,4,32.5,0,1,3,5,0,0,9
3109.2950166680384,4,33.75,0,0,0,8,2,0,10
3110.3065662939916,4,93.5,0,0,0,8,0,2,10
3111.314515535021,4,71.5,0,0,0,7,0,0,7
3112.3267168740276,4,23.0,0,1,0,6,0,1,8
3113.3380391450482,4,6.5,0,0,0,7,0,0,7
3114.351757919998,4,48.25,0,1,0,7,0,0,8
3115.3656839000178,4,53.5,0,2,1,6,0,1,10
3116.3790983060026,4,81.5,0,1,0,6,1,0,8
3117.39303890703,4,71.25,0,1,0,4,3,0,8
3118.402254962013,4,70.75,0,2,0,2,0,5,9
3119.4158666090225,4,47.25,0,2,1,1,1,1,6
3120.4297084900318,4,43.25,0,0,1,3,0,0,4
3121.4437152119935,4,36.0,1,1,0,4,0,0,5
3122.457209848042,4,46.0,6,1,0,4,0,0,5
3123.471194429032,4,17.0,0,2,3,6,0,0,11
3124.4849180200254,4,72.25,1,2,0,7,2,0,11
3125.4978571230313,4,69.75,2,2,0,5,4,0,11
3126.511690953048,4,12.5,1,2,0,4,2,2,10
3127.52298639901,4,47.0,0,1,2,3,1,0,7
3128.5364544170443,4,33.0,0,1,1,4,0,1,7
3129.54761942802,4,47.5,0,4,1,3,0,1,9
3130.560910253029,4,0.0,0,4,0,3,1,1,9
3131.573178936029,4,23.5,0,2,2,5,0,0,9
3132.584997976024,4,13.5,1,2,3,6,0,0,11
3133.5970799819916,4,70.0,2,2,1,6,2,0,11
3134.610830166028,4,72.0,3,2,0,7,2,0,11
3135.6246068120236,4,34.25,0,5,2,5,0,1,13
3136.6380490839947,4,35.25,0,9,1,6,0,0,16
3137.651832528005,4,24.5,0,4,2,8,1,1,16
3138.6662281710305,4,71.0,0,3,1,7,0,3,14
3139.680255321029,4,47.75,0,4,2,7,0,0,13
3140.6944657710264,4,0.0,1,4,1,10,1,0,16
3141.707984097011,4,48.25,3,4,0,11,0,1,16
3142.7217715940205,4,71.25,5,4,0,8,3,1,16
3143.7356857419945,4,68.5,5,4,0,5,6,1,16
3144.747585533012,4,34.25,0,3,4,6,0,1,14
3145.7597684670473,4,2.25,0,0,3,10,0,0,13
3146.7735946470057,4,61.0,1,0,0,9,3,0,12
3147.787639420014,4,62.0,0,0,1,7,0,0,8
3148.798724249995,4,47.25,1,0,0,6,2,0,8
3149.8124419830274,4,94.5,2,0,0,6,2,0,8
3150.8246336720185,4,63.25,0,0,1,6,0,0,7
3151.8382650230196,4,70.75,0,0,0,4,0,0,4
3152.8524794100085,4,29.5,0,0,0,4,0,0,4
3153.866404857021,4,69.75,1,0,0,4,0,0,4
3154.879383886,4,51.0,2,0,0,2,2,0,4
3155.891684508999,4,23.5,0,3,0,1,0,2,6
3156.9054252940114,4,0.0,0,3,0,2,0,0,5
3157.920300488011,4,0.0,0,0,1,4,0,0,5
3158.9323146599927,4,30.75,0,0,1,4,0,0,5
3159.943716744019,4,46.5,3,0,1,3,1,0,5
3160.954634734022,4,47.25,0,4,1,2,0,1,8
3161.966995135008,4,6.0,0,1,4,2,0,0,7
3162.978192110022,4,25.0,0,1,0,6,0,0,7
3163.9919628270436,4,26.75,0,0,1,7,0,0,8
3165.0054172340315,4,0.0,0,0,0,7,0,0,7
3166.019258834014,4,45.5,0,0,0,5,0,1,6
3167.0326900189975,4,25.25,0,0,0,4,1,0,5
3168.0463848820073,4,46.5,0,2,0,2,0,3,7
3169.058257886034,4,39.75,0,1,2,2,0,0,5
3170.0682718650205,4,25.0,1,1,2,2,0,0,5
3171.0822223790456,4,46.5,0,1,3,1,0,1,6
3172.096090667008,4,47.0,0,0,0,5,0,0,5
3173.109863834048,4,10.25,0,1,1,5,0,0,7
3174.1216406390304,4,31.0,1,1,1,5,0,0,7
3175.135499450029,4,47.0,0,3,0,6,0,0,9
3176.145181961998,4,69.0,1,3,1,6,0,0,10
3177.1586967940093,4,94.5,1,3,1,4,2,0,10
3178.1733198830043,4,72.0,1,3,1,3,1,2,10
3179.1849088540184,4,47.0,0,1,3,4,0,0,8
3180.1963303210214,4,23.0,0,1,3,5,0,0,9
3181.207730221038,4,66.0,0,2,0,7,0,0,9
3182.221336610033,4,70.25,1,1,0,7,1,0,9
3183.235085755994,4,47.75,0,3,1,6,0,2,12
3184.2491315950174,4,24.0,0,2,1,5,1,0,9
3185.262855912035,4,71.5,0,2,0,5,1,1,9
3186.276923864032,4,46.75,0,1,1,4,1,0,7
3187.292423998995,4,46.25,1,1,1,3,2,0,7
3188.3061170740402,4,48.0,0,1,0,5,0,0,6
3189.3199610760203,4,69.25,0,2,0,5,0,0,7
3190.3313054800383,4,69.5,0,2,0,5,0,0,7
3191.3454846940003,4,70.5,0,2,0,2,3,0,7
3192.3593725250103,4,19.25,0,0,2,2,0,0,4
3193.3720843950287,4,43.0,0,1,0,4,0,0,5
3194.3855419490137,4,47.0,2,1,0,2,1,1,5
3195.399213080993,4,47.75,2,1,0,2,1,1,5
3196.41285463603,4,36.5,1,5,0,2,0,1,8
3197.4248853360186,4,24.0,0,3,3,1,0,0,7
3198.438770844019,4,50.75,0,0,0,7,0,0,7
3199.4522547930246,4,69.0,0,0,0,7,0,0,7
3200.466566218005,4,47.25,0,0,0,4,2,1,7
3201.487123536004,4,47.75,1,0,0,2,4,1,7
3202.500965731044,4,46.5,3,0,0,2,4,1,7
3203.5143367510173,4,46.25,0,3,0,2,0,1,6
3204.528726429038,4,18.5,0,1,2,3,0,0,6
3205.5424597840174,4,15.5,0,0,1,5,0,0,6
3206.55601735902,4,47.75,2,0,1,5,0,0,6
3207.569848321029,4,47.75,3,0,1,3,2,0,6
3208.5838562049903,4,29.25,0,1,2,4,0,0,7
3209.597885580035,4,71.5,1,0,0,6,0,0,6
3210.609254228999,4,70.5,2,0,0,5,0,1,6
3211.6239925050177,4,50.25,0,2,0,4,1,0,7
3212.6357089850353,4,49.25,0,0,0,6,0,0,6
3213.650963717024,4,70.0,0,1,0,6,0,0,7
3214.6647624720354,4,49.25,0,1,1,4,1,0,7
3215.679782160034,4,63.5,0,1,0,4,0,1,6
3216.693640568992,4,46.75,0,0,0,5,0,0,5
3217.7073598470306,4,26.25,1,0,0,4,1,0,5
3218.7216011850396,4,70.75,2,0,0,3,2,0,5
3219.734091816994,4,71.5,3,0,0,3,1,1,5
3220.745689728996,4,67.5,0,1,2,2,0,1,6
3221.759528044029,4,47.75,0,0,1,4,0,0,5
3222.77299981704,4,35.75,0,0,0,4,1,0,5
3223.786221579998,4,70.5,2,0,0,4,1,0,5
3224.797120372008,4,68.5,0,2,0,4,0,0,6
3225.8082482970203,4,70.75,0,1,2,3,0,0,6
3226.8226161440252,4,23.25,1,2,2,2,1,0,7
3227.8363326590043,4,24.25,0,3,2,2,0,0,7
3228.849710656039,4,23.5,0,3,1,2,0,0,6
3229.8621529930388,4,24.0,0,0,1,5,0,0,6
3230.8764737840393,4,70.25,0,0,0,6,0,0,6
3231.893662318005,4,28.0,0,1,0,5,1,0,7
3232.9060837430297,4,59.0,1,1,0,5,1,0,7
3233.919635461003,4,53.25,0,1,1,4,0,0,6
3234.9333159610396,4,69.75,0,1,1,4,0,0,6
3235.9470825630124,4,47.75,0,1,1,4,0,0,6
3236.9567374670296,4,47.25,0,2,1,4,0,0,7
3237.9700761860004,4,0.0,0,2,2,5,0,0,9
3238.9837838090025,4,47.75,0,0,2,6,0,1,9
3239.9966626029927,4,71.0,2,0,1,6,1,0,8
3241.01043667004,4,70.5,2,0,1,4,2,1,8
3242.024571949034,4,50.25,0,1,2,2,0,0,5
3243.0387426100206,4,47.75,0,2,2,3,0,0,7
3244.0524113470456,4,47.75,1,2,2,3,0,0,7
3245.065989549039,4,46.75,1,2,2,3,0,0,7
3246.079090656014,4,47.0,1,2,2,2,1,0,7
3247.0931201369967,4,18.5,0,3,2,2,0,1,8
3248.1066837669932,4,0.0,0,1,3,1,0,0,5
3249.1207848270424,4,23.25,0,1,2,2,0,0,5
3250.133355777012,4,47.0,1,1,2,2,0,0,5
3251.1468541430077,4,47.0,0,3,2,2,0,0,7
3252.166414917039,4,23.5,0,2,3,1,0,1,7
3253.180601995031,4,24.25,0,0,2,4,0,0,6
3254.193992837041,4,71.25,0,0,2,4,0,0,6
3255.207243439043,4,70.25,0,0,2,4,0,0,6
3256.219850340043,4,46.75,1,0,1,4,0,1,6
3257.2320237660315,4,71.0,0,0,2,4,0,0,6
3258.2430307969917,4,23.75,1,0,1,5,0,0,6
3259.2569252910325,4,70.5,1,0,1,5,0,0,6
3260.2704070809996,4,70.5,2,0,1,3,2,0,6
3261.2843114400166,4,8.75,0,2,0,2,2,1,7
3262.296485499013,4,59.25,1,0,1,4,0,0,5
3263.3074101390084,4,50.5,0,1,0,5,0,0,6
3264.3198836719966,4,71.0,0,1,0,5,0,0,6
3265.333439345006,4,71.5,0,1,0,4,1,0,6
3266.3463194119977,4,28.5,0,1,0,3,0,2,6
3267.3584618110326,4,23.25,0,0,1,2,0,1,4
3268.3706534560188,4,0.0,0,1,0,3,0,0,4
3269.3814892820083,4,23.25,1,1,0,3,0,0,4
3270.3955037600244,4,46.0,2,1,0,2,1,0,4
3271.40947822202,4,46.0,0,3,0,2,0,1,6
3272.422673328023,4,47.25,0,1,2,2,0,1,6
3273.4368679110194,4,8.75,0,1,0,4,0,0,5
3274.450633420027,4,47.25,0,0,1,4,0,0,5
3275.4629562810296,4,24.5,0,0,1,6,0,0,7
3276.4745981580345,4,46.5,0,0,0,7,0,0,7
3277.4887698279927,4,67.0,0,1,0,4,1,1,7
3278.5025840470335,4,5.5,1,1,0,3,2,1,7
3279.5159959199955,4,46.75,1,1,0,3,2,1,7
3280.52640627604,4,46.75,0,0,1,3,0,0,4
3281.537520348036,4,20.75,0,1,0,4,0,0,5
3282.5513479940128,4,23.0,0,1,0,3,0,0,4
3283.5710894910153,4,48.0,0,2,0,3,0,0,5
3284.5834089840064,4,47.0,0,1,1,3,0,0,5
3285.5968650580035,4,45.75,0,0,0,5,0,0,5
3286.6110848750104,4,10.75,0,0,0,1,1,0,2
3287.6250518310117,4,23.25,0,0,0,1,0,0,1
3288.6349461970385,4,12.0,0,0,1,1,0,0,2
3289.6476371040335,4,23.75,0,0,1,1,0,0,2
3290.6617256230093,4,3.25,0,0,1,1,0,0,2
3291.6752391650225,4,23.5,1,0,1,1,0,0,2
3292.6891451170086,4,23.0,3,0,1,1,0,0,2
3293.700559777033,4,1.0,0,0,0,4,0,0,4
3294.7144159890013,4,59.75,0,0,0,5,0,0,5
3295.72553912102,4,41.5,0,1,0,5,0,0,6
3296.739284248033,4,91.5,0,1,0,5,0,0,6
3297.7529226350016,4,94.75,1,1,0,5,0,0,6
3298.7641144810477,4,95.75,2,1,0,5,0,0,6
3299.7764916190063,4,94.25,0,3,0,4,0,1,8
3300.7902333459933,4,51.75,0,0,0,7,0,0,7
3301.801691244007,4,72.0,0,0,0,5,0,0,5
3302.815131560026,4,74.0,0,0,0,3,1,1,5
3303.8293473060476,4,46.5,0,1,0,3,0,0,4
3304.842621900025,4,68.5,0,1,0,2,1,0,4
3305.8543074509944,4,46.5,0,1,0,2,1,0,4
3306.8678743360215,4,47.0,0,1,0,2,1,0,4
3307.881341394037,4,0.0,0,1,0,0,0,3,4
3308.8947887209943,4,25.0,0,0,0,1,0,0,1
3309.908464878041,4,23.25,0,0,0,0,0,0,0
3310.9219808010384,4,0.0,0,0,0,0,0,0,0
3311.9356987770298,4,0.0,0,0,0,0,0,0,0
3312.949153005029,4,0.0,1,0,0,0,0,0,0
3313.962721880991,4,0.0,0,0,1,0,0,0,1
3314.9765945430263,4,0.0,0,1,0,1,0,0,2
3315.9900861170026,4,23.5,1,1,0,2,0,0,3
3317.0042700630147,4,46.0,1,1,0,2,0,0,3
3318.0178021790343,4,47.75,0,1,0,2,0,0,3
3319.031654979044,4,48.5,0,0,0,3,0,0,3
3320.045890233014,4,47.5,0,0,0,3,0,0,3
3321.059566217009,4,46.75,0,0,0,3,0,0,3
3322.073107698001,4,47.5,0,0,0,2,1,0,3
3323.0877830950194,4,46.75,0,1,0,2,0,1,4
3324.1027037969907,4,24.0,0,1,0,1,0,0,2
3325.1151689740364,4,23.75,0,2,0,2,0,0,4
3326.1284242090187,4,23.25,1,2,1,1,1,0,5
3327.142266281997,4,23.25,0,2,0,4,0,0,6
3328.1533526900457,4,54.25,0,0,1,5,0,0,6
3329.1653764470248,4,70.75,0,3,0,6,0,0,9
3330.1781497159973,4,69.75,0,3,0,6,0,0,9
3331.18924349203,4,70.25,0,3,0,6,0,0,9
3332.2041889760294,4,71.75,0,4,0,5,0,1,10
3333.217979456007,4,39.0,0,2,3,5,0,0,10
3334.233016543032,4,46.25,0,1,3,7,0,0,11
3335.2470203660196,4,49.0,0,3,1,7,0,2,13
3336.262470722024,4,46.75,0,0,0,8,1,1,10
3337.2760004830197,4,46.75,0,0,0,6,0,0,6
3338.2900386870024,4,27.0,0,0,1,6,0,0,7
3339.3019500279916,4,84.5,1,0,0,7,0,0,7
3340.3159225260024,4,93.75,1,0,0,6,1,0,7
3341.3294587410055,4,91.0,0,1,0,5,0,1,7
3342.3432886850205,4,70.25,2,1,0,3,2,1,7
3343.356812668033,4,0.0,0,4,1,3,0,1,9
3344.3691007079906,4,21.75,0,1,1,7,0,0,9
3345.379834602005,4,46.75,0,0,0,6,2,0,8
3346.3937236799975,4,95.25,1,0,0,6,2,0,8
3347.4060211740434,4,64.5,0,1,0,5,0,0,6
3348.4180471050204,4,23.5,0,1,0,6,0,0,7
3349.43011582701,4,71.0,0,1,0,6,0,0,7
3350.4438958080136,4,94.5,0,1,0,6,0,0,7
3351.4523556210333,4,93.25,1,1,0,6,0,0,7
3352.466249488003,4,47.5,1,1,0,4,2,0,7
3353.479580823041,4,70.75,0,1,0,6,0,0,7
3354.4896823849995,4,34.0,0,0,1,4,0,0,5
3355.497966661991,4,31.25,1,0,0,3,1,1,5
3356.511673146044,4,47.75,1,0,0,3,0,2,5
3357.5207818390336,4,47.0,2,0,0,3,0,2,5
3358.534314101038,4,22.75,2,0,0,1,2,2,5
3359.547721495037,4,12.0,0,1,0,2,0,0,3
3360.5594985019998,4,46.0,0,2,0,3,0,0,5
3361.573105101008,4,47.0,0,2,0,2,1,0,5
3362.5854859310202,4,23.25,0,1,1,1,0,0,3
3363.5989267580444,4,23.0,0,0,1,2,0,0,3
3364.611396925,4,23.5,0,0,1,2,0,0,3
3365.6251194590004,4,23.25,0,1,1,2,0,0,4
3366.6365538760438,4,25.5,0,0,2,3,0,0,5
3367.650226705009,4,58.25,0,0,0,4,0,1,5
3368.6628391580307,4,69.75,1,0,0,4,0,1,5
3369.674818389991,4,70.0,0,1,0,4,0,0,5
3370.6887006140314,4,56.5,0,1,0,4,0,0,5
3371.702106901037,4,41.75,0,2,0,4,1,0,7
3372.712724009005,4,47.75,0,0,0,6,1,0,7
3373.726372069039,4,95.25,0,0,0,5,2,0,7
3374.7403661920107,4,70.5,0,0,0,4,2,1,7
3375.754189511994,4,71.25,0,0,0,4,0,0,4
3376.765881030995,4,46.75,0,0,0,2,0,0,2
3377.7794312110054,4,47.0,0,0,0,1,0,0,1
3378.7924024540116,4,23.5,0,0,0,1,0,0,1
3379.8055694740033,4,23.25,0,0,0,0,1,0,1
3380.819609244005,4,0.0,0,0,0,0,1,0,1
3381.833252066048,4,0.0,0,1,1,0,0,0,2
3382.8467395880143,4,0.0,0,0,0,2,0,0,2
3383.866867616016,4,24.0,0,0,0,2,0,0,2
3384.8768615190056,4,24.0,1,0,0,2,0,0,2
3385.890970273991,4,23.0,2,0,0,2,0,0,2
3386.9048116420163,4,23.25,3,0,0,2,0,0,2
3387.916988937999,4,23.5,0,1,0,4,0,0,5
3388.9305109709967,4,67.25,0,1,1,4,0,0,6
3389.944333238993,4,25.25,0,2,0,4,0,0,6
3390.9559742450365,4,93.25,0,2,0,3,1,0,6
3391.972170140012,4,24.5,0,1,1,5,0,0,7
3392.9839905220433,4,46.5,0,1,1,5,0,0,7
3393.9974666479975,4,70.25,1,1,1,5,0,0,7
3395.011024767009,4,67.5,0,1,0,7,0,0,8
3396.0238258520258,4,46.5,0,0,0,8,0,0,8
3397.0356151930173,4,36.75,0,0,0,7,0,1,8
3398.050035754044,4,93.75,0,0,0,6,1,1,8
3399.064058708027,4,67.25,0,1,0,4,1,0,6
3400.077463007008,4,46.5,0,1,0,3,0,0,4
3401.0914081039955,4,48.25,1,0,0,4,0,0,4
3402.1048440270242,4,69.75,1,0,0,3,1,0,4
3403.118208795029,4,60.75,1,0,0,2,2,0,4
3404.132211810036,4,23.75,0,4,0,0,1,3,8
3405.141568652005,4,3.75,0,0,2,2,0,0,4
3406.1575865560444,4,23.25,0,0,0,4,0,0,4
3407.1679405720206,4,38.5,0,0,0,4,0,0,4
3408.181378779991,4,46.25,2,0,0,4,0,0,4
3409.195099602046,4,43.25,0,1,1,5,0,0,7
3410.2043584880303,4,48.75,0,1,1,6,0,0,8
3411.2159783800016,4,50.0,0,1,0,7,0,0,8
3412.2291284560342,4,48.25,0,1,0,5,2,0,8
3413.2430898399907,4,46.0,1,1,0,5,2,0,8
3414.2560636260314,4,48.5,0,3,0,5,0,0,8
3415.2712859060266,4,23.25,0,1,2,6,0,0,9
3416.2846389310434,4,0.0,0,1,0,5,3,0,9
3417.2982053779997,4,50.75,0,1,0,4,0,2,7
3418.31028524501,4,23.5,0,0,1,4,0,0,5
3419.3234665039927,4,47.5,0,0,0,5,0,0,5
3420.3341236180277,4,23.25,0,0,0,4,1,0,5
3421.348838905047,4,71.25,0,0,0,3,0,2,5
3422.362487293023,4,47.25,0,1,0,3,0,0,4
3423.37495221704,4,48.0,0,1,0,3,0,0,4
3424.3867259180406,4,47.0,2,1,0,3,0,0,4
3425.4014134909958,4,23.5,0,4,0,1,0,0,5
3426.4150053600315,4,9.25,0,0,1,5,0,0,6
3427.4272846250096,4,93.0,0,0,0,5,0,0,5
3428.4412228,4,76.25,0,0,0,4,1,0,5
3429.4525580659974,4,48.75,0,0,0,4,0,0,4
3430.4690923659946,4,33.0,0,0,0,3,0,0,3
3431.4805199960247,4,23.25,0,0,0,2,0,1,3
3432.494593107025,4,23.25,1,0,0,1,1,1,3
3433.508282477036,4,23.25,2,0,0,1,1,1,3
3434.5219862619997,4,23.5,0,2,0,1,0,0,3
3435.533729504037,4,43.0,0,0,0,3,0,0,3
3436.547009842994,4,23.75,1,1,0,3,0,0,4
3437.5607141150394,4,25.25,1,1,0,2,1,0,4
3438.574341622996,4,25.0,0,0,1,3,0,0,4
3439.5882902500452,4,46.25,2,0,0,3,1,0,4
3440.6002496840083,4,46.25,0,4,0,3,0,1,8
3441.6122111949953,4,47.0,0,4,0,3,0,0,7
3442.6233827340184,4,46.5,0,1,1,5,0,0,7
3443.636960669013,4,47.0,0,1,0,5,0,0,6
3444.650923736044,4,70.25,0,0,0,5,0,0,5
3445.664528680034,4,71.75,0,0,0,4,0,0,4
3446.6783185680397,4,0.0,0,0,0,2,0,0,2
3447.6916443569935,4,23.25,1,0,0,1,0,0,1
3448.7046775000053,4,23.25,2,0,0,1,0,0,1
3449.7190456099925,4,23.5,3,0,0,1,0,0,1
3450.732546254003,4,5.5,1,3,0,0,1,0,4
3451.7464098610217,4,24.0,0,0,1,3,0,0,4
3452.760057483043,4,47.75,1,0,0,4,0,0,4
3453.773965866014,4,70.0,2,0,0,4,0,0,4
3454.7873810520396,4,70.25,2,0,0,4,0,0,4
3455.8014919430134,4,71.25,3,0,0,4,0,0,4
3456.8143640520284,4,70.25,0,1,2,4,0,0,7
3457.8278353060014,4,23.75,0,3,0,6,0,0,9
3458.840041106043,4,16.0,0,3,0,6,0,0,9
3459.8532128950465,4,32.75,0,1,2,5,0,0,8
3460.8677726830356,4,71.0,0,1,0,5,0,0,6
3461.879633684992,4,46.25,0,1,0,5,1,0,7
3462.8937286270084,4,23.5,0,0,0,6,0,0,6
3463.911312225042,4,23.25,0,0,0,5,0,0,5
3464.9249668880366,4,47.25,1,0,0,5,0,0,5
3465.93886916904,4,46.5,0,2,0,5,0,0,7
3466.950115588028,4,69.75,0,0,0,7,0,0,7
3467.9615327040083,4,93.25,2,0,0,7,0,0,7
3468.974441866041,4,94.0,2,0,0,7,0,0,7
3469.985784205026,4,67.75,0,1,0,8,0,0,9
3470.9996423040284,4,76.5,0,0,0,8,1,0,9
3472.013461218041,4,48.75,2,0,0,5,3,0,8
3473.027129415015,4,47.0,0,2,1,5,0,0,8
3474.0397904820275,4,70.25,0,0,2,6,0,0,8
3475.053290056996,4,56.75,0,0,2,3,0,0,5
3476.0656113420264,4,25.0,0,0,3,3,0,0,6
3477.081036776013,4,47.0,1,0,3,3,0,0,6
3478.095200376003,4,47.75,1,0,3,1,2,0,6
3479.106412749039,4,25.5,0,1,1,3,0,1,6
3480.1199664809974,4,47.0,0,0,3,3,0,0,6
3481.133469412045,4,14.5,0,1,1,5,0,0,7
3482.1466981720296,4,24.0,1,1,0,6,0,0,7
3483.1595392000163,4,39.75,0,1,1,5,0,1,8
3484.1731367710163,4,47.5,0,2,0,4,2,0,8
3485.186760464043,4,48.0,0,1,1,4,0,1,7
3486.200534039992,4,47.75,0,0,0,6,0,0,6
3487.214343055035,4,70.0,0,0,0,6,0,0,6
3488.228267110011,4,69.75,1,0,0,4,2,0,6
3489.2402073860285,4,24.0,0,1,0,4,0,0,5
3490.2537923050113,4,24.25,0,1,1,4,0,0,6
3491.2673111340264,4,24.0,0,0,0,6,0,0,6
3492.2812839830294,4,31.0,2,1,0,3,1,1,6
3493.294092177006,4,71.0,2,1,0,3,1,1,6
3494.310332263005,4,70.5,3,1,0,3,1,1,6
3495.3262671279954,4,47.0,0,3,0,2,0,2,7
3496.339171369036,4,46.75,0,0,1,4,0,0,5
3497.352005510009,4,59.25,0,0,0,5,0,0,5
3498.3654257560265,4,56.5,0,0,1,5,0,0,6
3499.3742888710112,4,49.0,1,1,0,6,0,0,7
3500.3856599520077,4,76.5,0,2,0,6,0,0,8
3501.3972934710328,4,73.75,0,1,0,5,1,0,7
3502.4104505699943,4,70.0,0,1,0,5,1,0,7
3503.4229976840434,4,71.25,1,1,0,5,1,0,7
3504.43567499402,4,69.5,0,1,0,5,1,0,7
3505.446111221041,4,46.75,0,0,0,4,1,0,5
3506.458094614034,4,23.25,0,0,0,3,1,0,4
3507.471672696003,4,47.25,0,0,0,2,2,0,4
3508.4830456280033,4,30.75,0,0,2,2,0,0,4
3509.497004438017,4,23.5,0,0,0,4,0,0,4
3510.5093315590057,4,0.0,0,0,1,4,0,0,5
3511.5231175009976,4,43.0,0,2,0,5,0,0,7
3512.536527007993,4,46.5,0,2,2,4,0,0,8
3513.54996939603,4,47.75,0,2,1,4,1,0,8
3514.5635588510195,4,70.75,0,2,1,3,2,0,8
3515.5772128520184,4,23.25,0,2,1,1,4,0,8
3516.591347155045,4,25.0,0,0,0,4,0,0,4
3517.6048141400097,4,17.25,0,0,1,4,0,0,5
3518.6187352990382,4,24.0,0,0,0,5,0,0,5
3519.6324321519933,4,47.0,2,0,0,5,0,0,5
3520.6485495750094,4,47.75,3,0,0,4,1,0,5
3521.6621333580115,4,24.25,3,0,0,3,2,0,5
3522.6748531470075,4,23.25,0,3,0,3,0,1,7
3523.6889915110078,4,23.5,0,0,0,6,0,0,6
3524.7023188290186,4,23.0,0,1,0,6,0,0,7
3525.7174090050394,4,46.5,0,1,1,6,0,0,8
3526.729390056047,4,50.75,0,4,0,7,0,0,11
3527.7443630850175,4,69.5,1,4,0,4,3,0,11
3528.756317371037,4,70.5,1,4,0,4,3,0,11
3529.7686472139903,4,71.5,1,3,1,4,0,3,11
3530.7804689260083,4,24.25,0,2,1,6,0,0,9
3531.794500429998,4,69.25,0,0,1,7,0,0,8
3532.8054346510326,4,54.0,1,1,0,7,1,0,9
3533.8174304279964,4,55.25,0,0,1,6,0,0,7
3534.8311191760004,4,23.5,0,0,0,7,0,0,7
3535.8451224060263,4,70.25,0,0,0,6,0,0,6
3536.858748714032,4,46.75,0,0,0,5,0,0,5
3537.872798023047,4,69.75,0,1,0,5,0,0,6
3538.885090741038,4,52.5,1,1,0,5,0,0,6
3539.896553589031,4,70.25,2,1,0,4,1,0,6
3540.9102878239937,4,70.5,2,1,0,2,3,0,6
3541.9245802360238,4,23.25,0,4,0,0,0,0,4
3542.938403036038,4,0.0,0,1,1,2,0,0,4
3543.9520968910074,4,71.5,0,0,0,4,0,0,4
3544.964754676039,4,71.25,0,0,0,4,0,0,4
3545.9787015570328,4,53.75,0,0,0,3,0,0,3
3546.992324699997,4,38.75,0,2,0,3,0,0,5
3548.0034029840026,4,46.5,0,0,0,4,0,0,4
3549.016862297023,4,70.0,0,0,0,4,0,0,4
3550.0307228250313,4,28.5,0,0,0,3,0,0,3
3551.0394615300465,4,46.75,1,0,0,3,0,0,3
3552.053339483042,4,47.25,1,0,0,2,1,0,3
3553.067213560047,4,10.0,0,1,0,1,0,0,2
3554.079520043044,4,35.5,0,2,0,2,0,0,4
3555.0927991149947,4,24.75,1,2,0,2,0,0,4
3556.1038154480048,4,46.75,0,1,1,3,0,0,5
3557.1151796000195,4,25.25,0,1,0,5,0,0,6
3558.128446557035,4,51.0,0,2,1,5,0,0,8
3559.1396197880385,4,71.0,0,2,0,5,1,0,8
3560.1482573820394,4,47.0,0,1,1,4,0,0,6
3561.161701332021,4,47.0,0,1,2,4,0,0,7
3562.1716082260245,4,33.25,0,2,2,4,0,1,9
3563.1855489439913,4,23.25,0,2,1,6,0,0,9
3564.199386844004,4,36.75,0,0,0,9,0,0,9
3565.2094779789913,4,34.5,0,0,0,8,0,1,9
3566.221657068003,4,93.0,0,0,0,7,1,1,9
3567.2356678710203,4,93.25,1,0,0,5,3,1,9
3568.2478521250305,4,70.75,0,2,0,3,0,4,9
3569.2587170350016,4,22.75,0,0,0,5,0,0,5
3570.2704468610464,4,23.5,0,2,1,5,0,0,8
3571.284464365046,4,29.0,0,5,2,3,1,0,11
3572.294311097008,4,35.0,2,4,3,2,2,0,11
3573.30762335303,4,31.5,0,3,0,8,0,0,11
3574.32140387001,4,48.5,1,3,0,4,4,0,11
3575.332997806021,4,47.5,1,3,0,3,2,3,11
3576.3466162930126,4,22.25,0,1,0,5,1,0,7
3577.360673480027,4,13.25,0,2,1,4,0,0,7
3578.3743435040233,4,58.0,0,4,2,5,0,0,11
3579.388064210012,4,71.25,0,5,1,6,0,0,12
3580.401460411027,4,25.25,0,3,4,3,1,0,11
3581.4148436390096,4,37.5,1,1,4,6,0,0,11
3582.4286624499946,4,46.5,1,1,4,5,1,0,11
3583.441812928999,4,46.5,0,2,1,7,0,2,12
3584.4581364920014,4,45.75,0,0,2,7,0,0,9
3585.472013936029,4,65.5,0,0,0,8,0,0,8
3586.484130700992,4,85.25,0,0,0,6,0,1,7
3587.498085797997,4,69.25,1,0,0,5,1,0,6
3588.5093773929984,4,94.0,3,0,0,5,1,0,6
3589.522082767042,4,70.5,3,0,0,2,3,1,6
3590.5363548500463,4,23.25,0,0,0,4,1,0,5
3591.5502031139913,4,37.75,0,0,0,5,0,1,6
3592.564409119019,4,72.0,0,0,0,4,1,0,5
3593.5772761230473,4,48.0,0,0,0,4,0,0,4
3594.591472916014,4,47.5,0,0,0,4,0,0,4
3595.604983163008,4,47.75,0,0,0,4,0,0,4
3596.6178909410373,4,46.0,1,1,0,1,1,0,3
3597.6308401750284,4,23.25,1,1,0,1,1,0,3
3598.642972337024,4,23.5,0,2,0,1,0,1,4
3599.656515094044,4,26.0,0,1,0,2,0,0,3
3600.67040275404,4,22.75,0,0,1,1,0,0,2
3601.6826337560196,4,23.5,0,1,1,1,0,0,3
3602.6968241680297,4,18.0,0,0,2,1,0,0,3
3603.70886434603,4,35.5,0,1,1,1,0,0,3
3604.7230766110006,4,0.0,0,2,0,2,0,0,4
3605.7368808850297,4,23.5,0,0,1,4,0,0,5
3606.750050461036,4,50.75,0,0,0,5,0,0,5
3607.7638226790004,4,58.0,0,0,0,5,0,0,5
3608.7773155790055,4,71.25,0,1,0,5,0,0,6
3609.791586316016,4,50.5,0,2,0,4,1,0,7
3610.805071964045,4,70.25,1,2,0,3,2,0,7
3611.8197545970324,4,47.75,2,2,0,2,0,3,7
3612.832108794013,4,46.5,0,3,1,4,0,0,8
3613.8463248030166,4,46.0,0,2,1,5,0,0,8
3614.8592573620263,4,46.75,0,1,1,5,1,0,8
3615.8727065690327,4,69.75,1,1,1,3,3,0,8
3616.885193751019,4,55.25,0,1,1,4,0,1,7
3617.8986281550024,4,70.25,0,1,1,5,0,0,7
3618.911823745002,4,62.0,0,2,1,6,0,0,9
3619.9244947489933,4,70.25,0,0,2,7,0,0,9
3620.938539632014,4,48.0,0,0,1,7,0,0,8
3621.9521748700063,4,47.5,0,0,1,7,0,0,8
3622.963355268992,4,48.0,0,0,1,6,1,0,8
3623.9771971850423,4,23.25,0,0,1,4,0,0,5
3624.9908821000136,4,59.75,0,0,0,3,0,0,3
3626.0041795950383,4,23.25,1,0,0,2,1,0,3
3627.0179100169917,4,48.25,0,0,0,3,0,0,3
3628.031844254001,4,35.0,0,0,0,2,0,1,3
3629.0428901510313,4,23.5,0,2,0,1,0,0,3
3630.0553863780224,4,4.25,0,2,1,1,0,0,4
3631.068678170035,4,23.25,1,2,1,1,0,0,4
3632.0826457380317,4,2.25,0,2,1,3,0,0,6
3633.096567267028,4,47.75,0,2,0,4,0,0,6
3634.114808278042,4,48.25,0,0,0,6,0,0,6
3635.121922112012,4,70.0,0,1,0,5,0,0,6
3636.1358349520015,4,47.0,0,0,0,5,1,0,6
3637.1493798950105,4,47.75,1,0,0,4,2,0,6
3638.163314695994,4,47.75,0,3,0,4,0,0,7
3639.1768463660264,4,38.0,1,3,0,4,0,0,7
3640.1896911490476,4,46.75,0,5,0,4,0,0,9
3641.203081529995,4,47.0,0,0,1,7,0,0,8
3642.217072964995,4,50.5,0,0,0,5,0,0,5
3643.2309413829935,4,19.0,0,0,0,3,2,0,5
3644.2452900540084,4,47.5,0,0,0,3,0,0,3
3645.2596715910477,4,46.75,0,0,0,3,0,0,3
3646.2714823230053,4,47.25,0,3,1,3,0,0,7
3647.285696496023,4,10.25,1,3,2,2,1,0,8
3648.2975796760293,4,23.25,5,3,2,1,2,0,8
3649.3111498590442,4,23.5,6,3,2,1,2,0,8
3650.3219320700155,4,0.0,0,7,1,3,0,0,11
3651.335554091027,4,87.5,0,0,3,7,1,0,11
3652.3468369410257,4,37.5,0,1,3,9,0,0,13
3653.359643152042,4,91.5,2,1,1,6,5,0,13
3654.3732703230344,4,94.0,2,1,1,6,4,1,13
3655.387585166027,4,79.5,0,3,0,4,0,0,7
3656.4012497690273,4,59.75,0,1,0,4,2,0,7
3657.415472330991,4,46.5,1,1,0,4,2,0,7
3658.427490888047,4,70.0,0,1,1,4,0,0,6
3659.4416889750282,4,57.0,0,2,0,4,0,0,6
3660.455451872025,4,31.25,0,0,1,4,0,1,6
3661.469531434006,4,47.0,1,1,1,4,0,1,7
3662.480391636025,4,24.25,0,3,2,3,0,0,8
3663.492463139002,4,46.5,1,3,2,2,1,0,8
3664.5044825780205,4,4.75,0,3,1,4,0,1,9
3665.5182839590125,4,24.25,0,1,4,2,0,1,8
3666.5318014630466,4,46.5,0,2,2,4,0,0,8
3667.5432768850005,4,23.25,0,3,2,5,1,0,11
3668.5551302080275,4,70.25,1,3,0,6,1,1,11
3669.5686069620424,4,71.75,1,3,0,5,2,1,11
3670.582574945991,4,68.25,2,3,0,4,3,1,11
3671.596191143035,4,24.0,0,2,2,6,0,0,10
3672.6079747510375,4,71.75,0,1,0,9,0,0,10
3673.6203737450414,4,58.25,0,4,0,10,0,0,14
3674.63493912603,4,71.25,5,4,0,8,2,0,14
3675.6470708930283,4,72.75,4,6,0,8,0,2,16
3676.659594211029,4,42.0,3,7,0,7,1,1,16
3677.671148680034,4,71.75,4,7,0,4,4,1,16
3678.685041173012,4,46.75,5,5,2,4,0,5,16
3679.698749578034,4,46.25,2,7,1,5,1,2,16
3680.713004696998,4,45.0,0,3,1,12,0,0,16
3681.7252440460143,4,46.0,0,1,1,11,0,3,16
3682.7390020299936,4,67.25,0,0,1,7,1,1,10
3683.7529400060303,4,70.75,0,0,1,6,1,1,9
3684.765217626991,4,70.25,0,0,0,5,0,1,6
3685.776184548042,4,46.75,0,2,0,4,1,1,8
3686.78784037102,4,93.25,0,2,0,4,1,1,8
3687.8011060979916,4,70.75,1,2,0,3,2,1,8
3688.8134628889966,4,47.0,0,4,0,2,0,3,9
3689.827034382033,4,31.25,0,2,0,5,0,0,7
3690.8395969429985,4,47.75,0,1,0,6,0,0,7
3691.85307050799,4,47.0,0,2,0,5,1,0,8
3692.86574566504,4,48.0,0,2,0,5,1,0,8
3693.87920676003,4,46.5,1,2,0,5,1,0,8
3694.893396596017,4,47.5,2,2,0,5,0,1,8
3695.9037786120316,4,45.0,0,1,2,5,0,0,8
3696.9171724340413,4,54.5,0,2,1,6,0,0,9
3697.9304943210445,4,55.0,0,1,1,7,0,0,9
3698.942702752014,4,47.75,0,1,1,6,0,0,8
3699.9552572580287,4,47.0,0,1,1,3,3,0,8
3700.9696006150334,4,28.5,0,3,1,3,0,0,7
3701.9823849950335,4,48.25,0,0,2,5,0,0,7
3702.996624232037,4,46.75,0,1,1,6,0,0,8
3704.0088447140297,4,67.5,0,1,1,6,0,1,9
3705.023669531045,4,35.0,0,3,0,7,0,0,10
3706.037622814998,4,83.75,0,0,1,9,0,0,10
3707.0508230280248,4,48.75,0,0,0,10,0,0,10
3708.064892533992,4,84.25,0,1,0,8,0,1,10
3709.078758814023,4,81.5,0,1,0,9,0,0,10
3710.088852912013,4,70.0,0,0,1,8,0,0,9
3711.102303991036,4,71.5,0,0,0,8,0,0,8
3712.114791884029,4,72.0,0,0,0,5,3,0,8
3713.126783392043,4,70.5,1,0,0,4,0,4,8
3714.1407148430008,4,48.5,0,1,0,4,0,0,5
3715.1530802450143,4,54.0,0,1,0,5,0,0,6
3716.1669472960057,4,33.75,0,2,0,4,1,0,7
3717.1804819400422,4,30.25,0,0,2,4,0,0,6
3718.1943406260107,4,46.0,0,3,0,4,0,0,7
3719.207492996007,4,10.0,0,0,1,4,0,1,6
3720.220852438011,4,24.25,0,0,1,3,1,1,6
3721.2328625899972,4,47.75,0,0,1,2,2,1,6
3722.2468895720085,4,47.0,1,0,1,1,3,1,6
3723.2596796940197,4,22.5,1,0,0,1,3,1,5
3724.2731239279965,4,23.75,0,0,0,3,0,0,3
3725.2869475680054,4,43.25,0,3,0,3,0,0,6
3726.300424538029,4,46.25,0,3,0,3,0,0,6
3727.314140391012,4,46.5,0,0,0,6,0,0,6
3728.327521444997,4,47.0,0,0,0,6,0,0,6
3729.3400025560404,4,70.5,1,0,0,6,0,0,6
3730.353241164994,4,71.5,2,0,0,6,0,0,6
3731.36456754501,4,69.25,2,0,0,4,2,0,6
3732.37843820703,4,46.5,0,1,1,4,1,0,7
3733.3858416400035,4,46.0,0,0,0,4,0,2,6
3734.396846999007,4,53.25,2,0,0,4,0,1,5
3735.408716346021,4,69.75,0,2,0,3,0,1,6
3736.422170014004,4,23.0,0,3,0,3,0,0,6
3737.434382497042,4,47.5,0,4,0,3,0,0,7
3738.44770907599,4,23.25,1,4,0,2,1,0,7
3739.4649021700025,4,23.5,1,4,0,2,0,1,7
3740.4771249869955,4,23.75,0,0,1,6,0,0,7
3741.4891086799907,4,70.0,0,0,0,6,0,0,6
3742.5006980629987,4,38.5,0,0,0,5,1,0,6
3743.5152429130394,4,71.5,1,0,0,4,0,0,4
3744.528243280016,4,24.0,1,1,0,3,1,0,5
3745.5425000840332,4,46.5,0,0,0,4,0,0,4
3746.556398873043,4,48.0,0,0,0,4,0,0,4
3747.569382643036,4,47.25,0,0,0,4,0,0,4
3748.584229475993,4,47.0,0,0,0,3,0,1,4
3749.5947903610067,4,28.0,0,0,0,2,0,1,3
3750.606917419005,4,0.0,0,2,0,0,0,0,2
3751.621100538003,4,23.0,0,0,0,2,0,0,2
3752.6321434089914,4,47.0,1,0,0,2,0,0,2
3753.6463767660316,4,31.25,0,2,0,2,0,0,4
3754.6575137990294,4,23.0,0,0,0,4,0,0,4
3755.67190750601,4,46.25,0,0,0,4,0,0,4
3756.682168347994,4,23.25,0,1,0,4,0,0,5
3757.6924639790086,4,46.25,0,1,0,3,1,0,5
3758.7062301349943,4,24.25,0,1,0,1,0,1,3
3759.713717863022,4,23.25,0,0,1,1,0,0,2
3760.7256313470425,4,47.5,0,0,0,2,0,0,2
3761.7387305010343,4,23.75,1,0,0,2,0,0,2
3762.7509196550236,4,47.25,1,0,0,1,1,0,2
3763.7654969870346,4,23.75,1,0,0,1,1,0,2
3764.7793419000227,4,23.75,0,3,0,1,0,0,4
3765.7909171300125,4,46.5,0,3,1,2,0,0,6
3766.8046028990066,4,46.5,0,0,1,5,0,0,6
3767.818212627026,4,25.5,0,0,0,5,1,0,6
3768.8316718610004,4,48.25,0,0,0,5,1,0,6
3769.8455657809973,4,47.5,2,0,0,5,0,1,6
3770.85624904203,4,47.75,2,0,0,3,2,1,6
3771.866601370042,4,23.25,0,1,3,3,0,0,7
3772.878907427017,4,45.25,0,1,1,5,0,0,7
3773.892863831017,4,68.5,0,0,0,6,1,0,7
3774.906259167008,4,68.5,0,0,0,6,0,1,7
3775.9201283919974,4,46.25,0,1,0,7,0,0,8
3776.934064250032,4,24.75,0,0,0,6,0,0,6
3777.947621810017,4,46.5,0,1,0,5,0,0,6
3778.9615800610045,4,70.0,1,1,0,4,1,0,6
3779.974661716027,4,47.5,1,1,0,4,1,0,6
3780.988152139995,4,46.75,0,1,1,3,1,0,6
3782.001890029991,4,1.75,0,0,1,5,0,0,6
3783.016022558033,4,52.75,0,0,0,6,0,0,6
3784.029492606991,4,57.75,1,1,0,6,0,0,7
3785.0432281540125,4,37.0,0,2,1,6,0,0,9
3786.057362237014,4,53.75,0,3,0,7,0,0,10
3787.069991642027,4,50.0,0,1,0,9,0,0,10
3788.082294737047,4,44.0,0,0,0,9,0,0,9
3789.095694460033,4,57.25,0,0,0,8,1,0,9
3790.106861850014,4,94.25,0,0,0,8,1,0,9
3791.11793076701,4,94.5,0,0,0,7,1,1,9
3792.1290903300396,4,70.25,0,0,0,4,4,1,9
3793.141680487024,4,70.25,0,1,0,3,0,0,4
3794.1651834510267,4,71.75,0,0,0,4,0,0,4
3795.1790055989986,4,47.75,0,0,0,3,1,0,4
3796.1924863330205,4,23.5,0,0,0,1,2,1,4
3797.206562998006,4,14.25,1,0,0,0,0,4,4
3798.217958078021,4,0.0,0,0,0,1,0,0,1
3799.231869572017,4,24.0,0,0,0,2,0,0,2
3800.2452779030427,4,18.75,0,1,0,2,0,0,3
3801.266751848045,4,47.25,0,1,0,2,0,0,3
3802.2803892200463,4,47.5,0,1,0,2,0,0,3
3803.2937177559943,4,46.75,0,1,0,2,0,0,3
3804.3054349450395,4,47.0,0,0,0,3,0,0,3
3805.3190556369955,4,10.75,0,1,0,2,0,0,3
3806.332504171005,4,58.75,0,4,0,3,0,0,7
3807.346474772028,4,47.0,1,4,0,2,1,0,7
3808.357611856016,4,47.0,0,8,0,1,0,2,11
3809.3715816920158,4,25.0,0,2,3,5,0,0,10
3810.3849109690054,4,70.25,0,1,0,9,1,0,11
3811.3948028070154,4,69.0,0,1,0,5,5,0,11
3812.40843088401,4,71.75,3,1,0,5,4,1,11
3813.422267211019,4,71.25,0,3,1,5,0,0,9
3814.4365295280004,4,54.0,0,1,0,8,0,0,9
3815.447629086033,4,48.25,1,1,0,6,0,0,7
3816.459434845019,4,71.0,2,1,0,5,1,0,7
3817.4733416780364,4,70.0,2,1,0,4,2,0,7
3818.487134755007,4,47.25,5,1,0,1,5,0,7
3819.495145601046,4,23.5,0,2,4,0,1,0,7
3820.5110204740195,4,47.25,0,0,4,2,0,0,6
3821.5249298330164,4,47.0,0,1,0,6,0,0,7
3822.538475406007,4,71.0,0,1,0,6,0,0,7
3823.552585794998,4,47.25,1,1,0,5,1,0,7
3824.565990361036,4,47.25,2,1,0,2,4,0,7
3825.5801110120374,4,23.5,0,2,0,3,0,1,6
3826.5946354329935,4,46.75,0,1,1,3,0,0,5
3827.606440926029,4,49.25,0,1,0,4,0,0,5
3828.620265764999,4,46.75,0,1,0,4,0,0,5
3829.6334895280306,4,47.25,0,1,0,2,2,0,5
3830.645712624013,4,32.0,0,0,0,3,0,0,3
3831.659327191999,4,47.0,0,0,0,3,0,0,3
3832.67301556404,4,46.75,0,0,0,3,0,0,3
3833.687403568998,4,46.0,0,1,0,1,0,0,2
3834.70017115504,4,1.25,0,2,0,2,0,0,4
3835.714084168023,4,46.75,0,2,0,2,0,0,4
3836.727668095031,4,46.75,1,2,0,2,0,0,4
3837.740327055042,4,47.0,0,2,1,2,0,0,5
3838.7540521070478,4,39.5,2,1,2,1,1,0,5
3839.7680299630156,4,23.25,0,3,2,1,0,0,6
3840.780458018009,4,23.5,0,0,3,3,0,0,6
3841.7907815930084,4,71.5,0,1,0,6,0,0,7
3842.8018924240023,4,48.0,0,2,0,7,0,0,9
3843.8141995840124,4,85.75,0,0,2,6,0,0,8
3844.828095452045,4,46.75,0,0,0,8,0,0,8
3845.841957051016,4,58.25,0,1,0,9,0,0,10
3846.8524335420225,4,95.25,0,0,0,10,0,0,10
3847.865761494031,4,96.25,0,0,1,10,0,0,11
3848.8800793919945,4,65.5,0,1,1,10,0,0,12
3849.8896805790137,4,66.0,0,0,0,9,0,0,9
3850.903587428038,4,46.5,0,0,0,6,1,0,7
3851.9172914200462,4,58.75,0,0,0,7,0,0,7
3852.9293390270323,4,57.75,1,1,0,6,0,1,8
3853.9430612840224,4,45.75,0,1,2,5,0,0,8
3854.9571346479934,4,19.0,0,0,0,7,0,0,7
3855.9709116329905,4,24.5,0,0,0,6,0,0,6
3856.984983035014,4,48.25,0,0,0,4,2,0,6
3857.9969084929908,4,47.75,4,0,0,3,3,0,6
3859.0104378850083,4,47.5,5,0,0,2,4,0,6
3860.023775053036,4,22.0,0,8,0,0,1,1,10
3861.036334280041,4,14.75,0,0,2,5,0,0,7
3862.0503242140403,4,49.0,0,1,1,6,1,0,9
3863.0642877080245,4,68.75,3,1,1,3,3,1,9
3864.078026236035,4,46.25,0,3,2,3,0,0,8
3865.091915910016,4,25.0,0,1,1,6,0,0,8
3866.106182668009,4,72.5,0,2,0,5,0,0,7
3867.1197368550347,4,58.75,0,0,0,7,0,0,7
3868.1309825740173,4,90.25,0,0,0,5,0,0,5
3869.144590689044,4,70.25,0,0,0,4,0,0,4
3870.1567965400172,4,38.25,0,0,0,4,0,0,4
3871.16514130804,4,24.0,0,0,0,3,1,0,4
3872.178426441038,4,47.5,2,0,0,2,2,0,4
3873.19039111404,4,46.75,0,2,0,2,0,1,5
3874.201301076042,4,35.0,0,1,0,4,0,0,5
3875.215413768019,4,27.25,0,1,0,2,1,0,4
3876.229420242016,4,47.0,2,1,0,2,1,0,4
3877.241008097015,4,38.0,1,2,0,3,0,0,5
3878.2549101930344,4,72.5,0,0,1,5,0,0,6
3879.266288593004,4,58.75,0,0,0,6,0,0,6
3880.2780583560234,4,94.25,0,0,0,6,0,0,6
3881.298015853041,4,70.25,1,0,0,3,3,0,6
3882.3137409640476,4,23.25,1,0,0,1,5,0,6
3883.3285416330327,4,23.5,1,3,0,1,0,1,5
3884.342184958048,4,5.0,0,0,2,3,0,0,5
3885.3560268900474,4,62.5,0,0,2,2,1,0,5
3886.3672545560403,4,47.0,0,0,2,2,1,0,5
3887.381259717047,4,23.5,0,0,1,2,0,2,5
3888.394734690024,4,22.75,0,2,0,3,0,0,5
3889.4090570909902,4,23.75,0,1,0,3,0,0,4
3890.421575303015,4,47.5,1,1,0,3,0,0,4
3891.435504337016,4,48.25,2,1,0,3,0,0,4
3892.448024056037,4,23.25,0,2,0,4,0,0,6
3893.4601796510397,4,69.5,1,2,0,4,0,0,6
3894.4739798430237,4,70.0,0,3,1,4,0,0,8
3895.4862888610223,4,53.75,0,1,1,6,0,0,8
3896.499954460014,4,70.5,0,2,0,7,0,0,9
3897.514378254011,4,46.0,0,2,0,5,1,1,9
3898.5285345740267,4,71.5,0,1,0,6,0,0,7
3899.537577495037,4,48.75,1,0,0,6,0,0,6
3900.549386774015,4,70.75,1,0,0,5,1,0,6
3901.5635568920407,4,47.75,0,1,0,5,0,0,6
3902.5756965890178,4,46.75,0,2,0,4,0,0,6
3903.589863364992,4,25.0,0,1,1,2,1,0,5
3904.602797931002,4,47.75,1,1,0,3,0,1,5
3905.616690785042,4,33.75,0,2,1,3,0,0,6
3906.630302652018,4,48.25,0,2,0,2,2,0,6
3907.641670943005,4,23.5,0,2,0,2,2,0,6
3908.6525982510066,4,23.25,0,1,1,0,1,0,3
3909.6684037660016,4,5.5,0,0,0,2,0,0,2
3910.6820574430167,4,47.25,0,0,0,2,0,0,2
3911.6957639240427,4,23.25,0,0,0,2,0,0,2
3912.709330302023,4,46.75,1,0,0,2,0,0,2
3913.7217154550017,4,47.25,0,1,1,2,0,0,4
3914.7352677300223,4,48.75,0,0,0,4,0,0,4
3915.748888849048,4,31.5,0,0,0,4,0,0,4
3916.7622607260128,4,70.0,0,0,0,2,2,0,4
3917.7743067610427,4,47.0,0,0,0,1,3,0,4
3918.7876166930073,4,23.25,0,0,0,0,2,2,4
3919.8007002340164,4,0.0,0,0,1,2,0,0,3
3920.814146744029,4,39.75,0,0,0,3,0,0,3
3921.8262327560224,4,38.0,0,0,0,3,0,0,3
3922.839350259048,4,48.5,0,0,0,3,0,0,3
3923.8504283000366,4,48.25,0,0,0,2,1,0,3
3924.864012609003,4,46.75,0,0,0,2,0,1,3
3925.8781314940425,4,46.5,0,0,0,1,0,0,1
3926.8915059450082,4,23.25,0,0,0,1,0,0,1
3927.904983516026,4,0.0,0,0,0,0,1,0,1
3928.9186654100195,4,0.0,0,0,0,0,0,0,0
3929.932452175999,4,0.0,0,0,0,0,0,0,0
3930.9468755780254,4,0.0,0,0,0,0,0,0,0
3931.960580520041,4,0.0,0,0,0,0,0,0,0
3932.9740807980415,4,0.0,0,1,0,0,0,0,1
3933.9866824800265,4,0.0,0,5,1,1,0,0,7
3935.0000857710256,4,33.0,3,5,0,0,2,0,7
3936.0141290760366,4,0.0,0,8,0,0,0,2,10
3937.0276594100287,4,25.0,0,1,2,4,0,0,7
3938.0393906160025,4,63.25,0,0,0,3,1,1,5
3939.0536551380064,4,25.75,0,0,0,2,2,1,5
3940.067742189043,4,47.25,0,0,0,1,3,1,5
3941.0815379270352,4,23.25,0,0,0,1,3,1,5
3942.0957327070064,4,23.5,0,0,0,1,0,0,1
3943.109991681995,4,0.0,0,0,0,1,0,0,1
3944.122955436993,4,0.0,0,0,0,1,0,0,1
3945.137194888026,4,23.25,0,0,0,1,0,0,1
3946.1490227149916,4,0.0,0,0,0,0,1,0,1
3947.1613276440185,4,0.0,0,0,0,0,1,0,1
3948.173373775033,4,0.0,0,0,0,0,0,1,1
3949.1802520780475,4,0.0,0,0,0,0,0,0,0
3950.1921472260146,4,0.0,0,0,0,0,0,0,0
3951.2044240960386,4,0.0,0,0,0,0,0,0,0
3952.217772580043,4,0.0,0,0,0,0,0,0,0
3953.231803497998,4,0.0,0,1,0,0,0,0,1
3954.242648885993,4,23.25,0,1,1,3,0,0,5
3955.2565221069963,4,35.25,4,3,0,2,2,0,7
3956.278500151995,4,0.0,5,3,0,0,4,0,7
3957.292490732041,4,0.0,9,3,0,0,3,1,7
3958.3060661940253,4,0.0,13,3,0,0,3,1,7
3959.317603581003,4,0.0,1,6,8,2,0,0,16
3960.3312512740376,4,43.5,3,4,2,10,0,0,16
3961.342940091039,4,60.75,2,5,1,5,3,2,16
3962.356524556002,4,23.5,3,5,1,2,5,2,15
3963.370450742019,4,47.5,3,1,3,2,2,7,15
3964.3841331650037,4,23.75,0,1,4,4,0,1,10
3965.3977525070077,4,74.0,0,1,1,4,1,2,9
3966.4060005500214,4,0.0,0,1,1,2,2,1,7
3967.4192799670273,4,16.75,0,1,1,0,0,4,6
3968.4330681430292,4,0.0,0,1,1,0,0,4,6
3969.4476752370247,4,18.0,0,1,0,1,0,0,2
3970.461421404034,4,0.0,0,0,1,1,0,0,2
3971.473899595032,4,15.5,0,0,1,1,0,0,2
3972.486074455024,4,23.75,0,0,0,0,0,2,2
