offset_s,held_gpus,held_gpu_utilization_mean_percent,arrival_to_gate,gate_to_source_admission,source_to_native_dispatch,native_dispatch_to_last_token,last_token_to_controller_completion,controller_completion_to_terminal,gate_to_terminal
0.792996376985684,1,36.0,1,0,0,0,0,0,0
1.8062794829602353,1,0.0,1,0,0,0,0,0,0
2.8185462430119514,1,0.0,1,0,0,0,0,0,0
3.8320500400150195,1,0.0,1,0,0,0,0,0,0
4.845231898012571,1,0.0,1,0,0,0,0,0,0
5.860094539995771,1,0.0,1,0,0,0,0,0,0
6.873404256999493,1,0.0,1,0,0,0,0,0,0
7.886309697001707,1,0.0,1,0,0,0,0,0,0
8.899023004982155,1,0.0,1,0,0,0,0,0,0
9.912035804009065,1,0.0,1,0,0,0,0,0,0
10.925999981991481,1,0.0,1,0,0,0,0,0,0
11.939672967011575,1,0.0,2,0,0,0,0,0,0
12.952604997961316,1,0.0,2,0,0,0,0,0,0
13.965571524982806,1,0.0,3,0,0,0,0,0,0
14.978639529959764,1,0.0,3,0,0,0,0,0,0
15.989579125016462,1,0.0,3,0,0,0,0,0,0
17.003717625979334,1,0.0,3,0,0,0,0,0,0
18.01763898396166,1,0.0,3,0,0,0,0,0,0
19.031240422977135,1,0.0,3,0,0,0,0,0,0
20.0443631389644,1,0.0,3,0,0,0,0,0,0
21.057779422961175,1,0.0,3,0,0,0,0,0,0
22.071675119979773,1,0.0,4,0,0,0,0,0,0
23.08522686001379,1,0.0,4,0,0,0,0,0,0
24.099190783977974,1,0.0,0,0,4,0,0,0,4
25.11306277400581,1,7.0,0,0,2,2,0,0,4
26.12614417099394,1,96.0,0,0,0,4,0,0,4
27.140148909995332,1,91.0,0,0,0,4,0,0,4
28.153984278964344,1,92.0,0,0,0,3,0,0,3
29.167776600981597,1,94.0,0,0,0,2,0,0,2
30.180714788963087,1,78.0,0,0,0,2,0,0,2
31.188975872995798,1,95.0,0,0,0,2,0,0,2
32.200247560977004,1,93.0,0,0,0,0,0,0,0
33.215096900996286,1,0.0,0,0,0,0,0,0,0
34.228678889980074,1,0.0,0,0,0,0,0,0,0
35.24182607396506,1,0.0,0,0,0,0,0,0,0
36.255373012972996,1,0.0,0,0,0,1,0,0,1
37.2727821659646,1,93.0,0,0,1,2,0,0,3
38.28695159498602,1,49.0,0,0,0,3,0,0,3
39.300777446012944,1,95.0,0,0,0,3,0,0,3
40.314475516963284,1,93.0,0,0,1,3,0,0,4
41.32706846896326,1,5.0,1,0,0,4,0,0,4
42.34022306196857,1,94.0,2,0,0,4,0,0,4
43.35408760700375,1,3.0,2,0,0,4,0,0,4
44.36813826300204,1,29.0,2,0,0,4,0,0,4
45.381725761981215,1,87.0,1,0,1,2,1,0,4
46.39583348098677,1,95.0,0,0,0,3,0,0,3
47.40989262901712,1,88.0,0,0,1,2,0,0,3
48.42392467497848,1,95.0,0,0,0,3,0,0,3
49.43809368199436,1,94.0,0,0,0,3,0,0,3
50.45113581797341,2,15.0,1,0,0,4,0,0,4
51.465457218000665,2,48.0,2,0,0,4,0,0,4
52.47953078598948,3,31.666666666666668,3,0,0,4,0,0,4
53.49365953897359,3,47.0,3,0,0,4,0,0,4
54.50804607896134,3,44.333333333333336,3,0,0,4,0,0,4
55.52186692500254,4,38.75,3,0,0,4,0,0,4
56.53441371599911,4,26.0,5,0,0,3,1,0,4
57.545463098969776,4,47.75,3,2,0,2,0,0,4
58.55767735297559,4,44.0,5,1,1,1,1,0,4
59.5710366939893,4,33.25,7,1,1,1,0,1,4
60.59166669601109,4,11.75,5,1,2,1,0,0,4
61.6062325820094,4,19.5,5,0,0,4,0,0,4
62.621800140012056,4,34.5,5,0,0,4,0,0,4
63.632061022974085,4,21.5,5,0,0,4,0,0,4
64.646155629016,4,50.0,6,0,0,4,0,0,4
65.66026706900448,4,17.75,7,0,0,4,0,0,4
66.67103145300644,4,10.0,8,0,0,4,0,0,4
67.68457983696135,4,34.25,8,0,0,4,0,0,4
68.69881305197487,4,35.0,8,0,0,4,0,0,4
69.71238593599992,4,23.0,7,0,0,4,0,0,4
70.72653386899037,4,35.0,6,0,1,3,0,0,4
71.74037886597216,4,20.5,2,0,1,7,0,0,8
72.75420445797499,4,42.5,1,1,0,7,0,0,8
73.76782547397306,4,46.5,0,0,1,7,0,0,8
74.7815510109649,4,46.5,0,0,0,6,0,0,6
75.79576294799335,4,59.75,0,0,0,6,0,0,6
76.80926341301529,4,70.25,0,0,0,6,0,0,6
77.82342563697603,4,71.0,0,0,0,6,0,0,6
78.83457087096758,4,68.75,0,1,0,3,0,0,4
79.84881917899475,4,70.5,0,0,0,3,0,0,3
80.86264803097583,4,70.25,0,0,0,2,0,0,2
81.8739619749831,4,47.0,0,0,1,1,0,0,2
82.88344397698529,4,21.75,0,1,3,2,0,0,6
83.89720966899768,4,53.5,0,0,3,3,0,0,6
84.91101938299835,4,72.25,0,0,2,4,0,0,6
85.92444289999548,4,67.0,0,0,0,5,0,0,5
86.93819595099194,4,70.75,1,0,0,4,0,0,4
87.95000273699407,4,64.0,0,0,0,5,0,0,5
88.9641282579978,4,59.25,0,0,0,6,0,0,6
89.9772921570111,4,42.75,0,0,0,5,0,0,5
90.99059835396474,4,15.5,0,0,0,3,0,0,3
92.00478629698046,4,24.0,0,1,1,3,0,0,5
93.01755154598504,4,27.5,0,0,1,4,0,0,5
94.03176969499327,4,41.5,0,0,0,5,0,0,5
95.04542386898538,4,66.5,0,1,1,5,1,0,8
96.05646436900133,4,69.0,0,0,1,4,0,2,7
97.06891175999772,4,45.0,0,1,0,5,0,0,6
98.0831312200171,4,69.75,0,3,0,5,0,0,8
99.0968328989693,4,61.25,0,0,1,7,0,0,8
100.11101563298143,4,69.5,0,0,1,7,0,0,8
101.12472671101568,4,93.25,0,0,0,8,0,0,8
102.13882549596019,4,91.0,0,0,0,7,0,0,7
103.15295742097078,4,69.75,0,1,0,4,0,1,6
104.16412342496915,4,58.0,0,0,2,4,0,0,6
105.17799838696374,4,23.0,1,0,0,5,0,0,5
106.19169989496004,4,32.5,0,0,0,5,0,0,5
107.20561078196624,4,46.75,0,0,0,5,0,0,5
108.21863479196327,4,42.5,0,1,0,5,0,0,6
109.23116478801239,4,24.0,0,0,1,5,0,0,6
110.24526008096291,4,38.5,0,0,1,4,1,0,6
111.25940562499454,4,70.25,0,0,0,4,0,0,4
112.27344301901758,4,23.5,0,0,0,3,1,0,4
113.2853219829849,4,47.0,0,0,0,3,0,0,3
114.29720070201438,4,31.25,0,0,0,3,0,0,3
115.31021256698295,4,48.75,0,0,0,0,0,0,0
116.32406155898934,4,0.0,1,0,0,0,0,0,0
117.33821381401503,4,0.0,0,0,0,1,0,0,1
118.35173566400772,4,23.75,1,0,0,1,0,0,1
119.36482640396571,4,23.75,0,0,2,2,0,0,4
120.37854426901322,4,34.75,0,0,1,3,0,0,4
121.39067559898831,4,44.75,0,0,0,4,0,0,4
122.40452194499085,4,45.75,0,0,0,3,0,0,3
123.41800813598093,4,47.25,0,0,0,3,0,0,3
124.43148814700544,4,47.5,1,0,0,2,0,0,2
125.44576310296543,4,35.75,0,0,0,3,0,0,3
126.45977000001585,4,47.75,0,0,1,3,0,0,4
127.47341761901043,4,70.25,0,1,0,4,0,0,5
128.48755310400156,4,68.75,0,0,1,3,0,0,4
129.50048081000568,4,50.75,0,0,1,2,0,0,3
130.51325629698113,4,18.25,0,0,1,2,0,0,3
131.52689196699066,4,23.5,0,0,0,3,0,0,3
132.5407548379735,4,43.75,0,2,0,3,0,0,5
133.55365472799167,4,37.0,0,0,0,6,0,0,6
134.5679088929901,4,70.0,1,0,0,5,1,0,6
135.57905583799584,4,36.25,0,2,0,4,0,0,6
136.59151359897805,4,61.0,0,1,1,4,0,0,6
137.60531583899865,4,71.25,0,0,2,4,0,0,6
138.6192508789827,4,24.0,0,0,2,1,1,0,4
139.6330332600046,4,5.5,0,1,1,2,0,0,4
140.64559544698568,4,24.75,0,0,0,3,0,1,4
141.6595264429925,4,34.0,0,1,0,3,0,0,4
142.6720392619609,4,59.25,0,2,1,3,0,0,6
143.68566715100314,4,72.0,0,0,1,6,0,0,7
144.69927911600098,4,47.5,0,1,1,5,0,0,7
145.7133644039859,4,94.25,0,1,1,5,0,0,7
146.72607474896358,4,69.5,0,0,0,6,0,0,6
147.7449167940067,4,26.0,0,0,0,5,0,0,5
148.75859241199214,4,69.75,0,1,0,5,0,0,6
149.76968379301252,4,59.5,0,0,1,5,0,0,6
150.78386162698735,4,70.5,0,0,0,3,0,1,4
151.79764829401392,4,45.5,0,0,0,3,0,0,3
152.8109061329742,4,28.5,0,1,0,3,0,0,4
153.81778467801632,4,46.5,0,1,0,4,0,0,5
154.82873458700487,4,48.0,0,1,0,5,0,0,6
155.8427331430139,4,64.25,0,0,0,6,0,0,6
156.85629566397984,4,76.75,0,2,0,7,0,0,9
157.87073834601324,4,61.75,0,0,1,7,0,0,8
158.88243678200524,4,71.0,0,0,1,6,0,0,7
159.8964551879908,4,84.75,0,0,1,7,0,0,8
160.91022152098594,4,71.5,0,0,0,6,1,0,7
161.92360272299265,4,59.25,0,0,1,3,0,1,5
162.93446908600163,4,48.5,0,1,0,4,0,0,5
163.9486709620105,4,20.75,0,2,1,3,0,0,6
164.9622582999873,4,48.25,0,0,1,5,0,0,6
165.9764065449708,4,46.5,1,0,1,4,0,0,5
166.9892324859975,4,20.25,0,0,1,3,0,0,4
168.0032579379622,4,5.0,1,0,1,3,0,0,4
169.0171171099646,4,27.75,0,0,1,4,0,0,5
170.0307949979906,4,28.5,0,3,1,4,0,0,8
171.04647537897108,4,24.25,0,0,0,8,0,0,8
172.0602978329989,4,56.75,0,0,0,4,0,4,8
173.07401291199494,4,46.75,0,0,0,4,0,0,4
174.08753608097322,4,26.75,0,0,0,4,0,0,4
175.10099320701556,4,71.0,0,0,0,4,0,0,4
176.11553137097508,4,42.75,1,0,0,4,0,0,4
177.12880099395989,4,62.5,0,2,0,2,0,0,4
178.14292116597062,4,35.75,0,1,1,2,0,0,4
179.15731336700264,4,53.5,1,1,0,4,0,0,5
180.17096352297813,4,24.0,0,4,0,2,1,0,7
181.18278322997503,4,49.5,0,1,1,5,0,0,7
182.19468222296564,4,68.0,0,1,1,5,0,0,7
183.21440327499295,4,71.0,0,1,1,5,0,0,7
184.2265610129689,4,66.25,0,0,1,7,0,0,8
185.23803703900194,4,70.75,0,1,1,7,0,0,9
186.2499777720077,4,70.25,0,0,1,8,0,0,9
187.2630953869666,4,45.75,0,1,0,7,0,1,9
188.27674312499585,4,56.25,0,0,0,8,0,0,8
189.2891405649716,4,93.75,0,0,0,6,2,0,8
190.30284382996615,4,47.25,0,0,2,5,0,0,7
191.3166766979848,4,59.5,0,3,0,5,0,0,8
192.32990051200613,4,55.25,0,0,1,7,0,0,8
193.34375921497121,4,63.25,0,1,2,6,0,0,9
194.35798967798473,4,44.5,0,0,3,7,0,0,10
195.37165180401644,4,60.75,0,0,1,8,1,0,10
196.38508828298654,4,72.5,0,1,1,8,0,0,10
197.39910133596277,4,37.5,0,1,1,6,2,0,10
198.41089730896056,4,38.0,0,1,1,6,0,0,8
199.42538803297793,4,24.0,0,0,1,7,0,0,8
200.4390674349852,4,34.25,0,0,1,7,0,0,8
201.4505576749798,4,69.75,0,1,1,7,0,0,9
202.46411212801468,4,64.5,1,0,2,6,0,0,8
203.4757197930012,4,65.25,0,0,1,7,0,0,8
204.48866701498628,4,95.25,1,0,1,4,2,1,8
205.50302883901168,4,47.5,2,1,1,2,0,2,6
206.51643767597852,4,24.5,0,0,2,3,0,1,6
207.5300506259664,4,24.25,0,1,1,4,0,0,6
208.5422530269716,4,57.75,0,0,2,4,0,0,6
209.55715161497938,4,62.75,0,0,1,5,0,0,6
210.5713239319739,4,71.75,0,0,0,5,0,0,5
211.58516730897827,4,47.25,0,0,0,4,0,0,4
212.59953342797235,4,46.25,0,0,0,3,1,0,4
213.61280502099544,4,46.75,0,1,0,2,1,0,4
214.6262711060117,4,25.0,0,0,1,3,0,0,4
215.63851293799235,4,0.0,0,3,1,2,1,0,7
216.65169804298785,4,38.75,0,1,3,3,0,0,7
217.66501241800142,4,46.5,0,0,2,5,0,0,7
218.67660450801486,4,16.5,0,1,1,5,0,0,7
219.68788730201777,4,47.75,1,1,0,6,0,0,7
220.70175993198063,4,69.75,3,0,1,4,2,0,7
221.71414521196857,4,47.0,0,0,2,6,0,0,8
222.72775516100228,4,32.5,0,2,1,7,0,0,10
223.74208889598958,4,56.25,0,2,0,8,0,0,10
224.7561221389915,4,78.5,0,0,1,7,0,1,9
225.77040351199685,4,94.25,1,0,1,5,0,0,6
226.7842531579663,4,45.75,0,0,2,5,0,0,7
227.7980988600175,4,23.75,0,1,2,5,0,0,8
228.8120211919886,4,36.5,0,1,1,6,0,1,9
229.82585501298308,4,94.25,0,0,1,6,0,1,8
230.84003633301472,4,95.25,0,0,1,4,0,1,6
231.85389318899252,4,81.5,0,1,1,4,0,0,6
232.8675906729768,4,70.75,0,3,0,5,0,0,8
233.88206723396434,4,24.25,0,0,2,5,1,0,8
234.89555136597482,4,93.5,0,1,0,5,0,0,6
235.90960494999308,4,79.25,0,1,0,4,0,0,5
236.92363904498052,4,69.5,1,0,0,3,1,0,4
237.93962998996722,4,4.75,0,3,1,2,0,0,6
238.94720107398462,4,57.25,0,1,0,5,0,0,6
239.95944141998189,4,51.0,0,1,0,5,0,0,6
240.97333368600812,4,25.5,0,0,0,6,0,0,6
241.9858310970012,4,58.0,0,0,0,3,0,0,3
242.99971285898937,4,46.25,0,0,0,2,0,0,2
244.01270044699777,4,16.0,0,1,0,1,0,0,2
245.02664121601265,4,35.25,1,0,0,2,0,0,2
246.04026326397434,4,30.5,0,1,0,3,0,0,4
247.056749233976,4,1.0,0,2,1,4,0,0,7
248.07384503801586,4,43.25,0,1,1,6,0,0,8
249.0841358170146,4,0.25,0,0,2,5,0,0,7
250.0955987200141,4,65.5,0,0,2,3,0,0,5
251.1085670029861,4,47.25,0,1,1,3,0,1,6
252.12220848799916,4,46.75,0,0,2,3,0,0,5
253.1351552879787,4,49.0,0,0,2,4,0,0,6
254.14726576500107,4,46.5,1,0,0,4,2,0,6
255.1614494950045,4,44.75,0,1,0,4,0,0,5
256.1753705039737,4,0.0,0,1,0,5,0,0,6
257.1894916789606,4,48.75,0,0,1,4,0,0,5
258.20340213598683,4,47.25,0,0,1,4,0,0,5
259.21765316301025,4,45.25,0,0,0,3,1,0,4
260.23157776298467,4,23.75,0,2,1,2,0,0,5
261.24536761495983,4,47.5,0,1,0,4,0,0,5
262.25754625099944,4,51.25,0,2,0,4,0,0,6
263.2710787089891,4,48.25,0,0,2,3,1,0,6
264.28529143496417,4,36.5,0,0,0,3,0,0,3
265.2990729759913,4,46.75,0,0,0,3,0,0,3
266.31320018996485,4,23.0,0,0,0,2,1,0,3
267.3263476159773,4,23.25,0,0,0,1,0,0,1
268.34037717897445,4,0.0,0,1,0,1,0,0,2
269.35440334299346,4,23.5,0,0,1,1,0,0,2
270.36721106799087,4,47.25,2,0,0,2,0,0,2
271.3812531349831,4,23.0,0,1,2,2,0,0,5
272.3950081099756,4,24.0,0,4,2,3,0,0,9
273.40871910896385,4,47.0,0,1,3,5,0,0,9
274.42208502598805,4,27.75,0,0,1,8,0,0,9
275.43581476499094,4,72.25,0,0,1,6,0,0,7
276.45009284699336,4,27.75,0,0,0,5,0,0,5
277.4632954070112,4,47.75,0,0,0,5,0,0,5
278.47749107697746,4,47.0,0,0,0,4,0,0,4
279.49133470800007,4,47.5,0,0,0,3,0,0,3
280.5050684309681,4,23.25,0,0,0,3,0,0,3
281.5192599609727,4,12.25,0,1,0,3,0,0,4
282.53296449396294,4,13.25,1,1,0,3,0,0,4
283.5466852739919,4,22.75,0,0,2,3,0,0,5
284.56108973699156,4,4.25,0,1,1,2,0,0,4
285.57455515599577,4,39.75,0,2,1,1,0,0,4
286.5893582839635,4,23.5,0,0,1,3,0,0,4
287.6037339780014,4,25.0,0,1,1,2,0,0,4
288.6167062529712,4,26.0,0,0,0,4,0,0,4
289.6310112159699,4,46.5,0,0,0,4,0,0,4
290.6447967310087,4,47.25,1,0,0,4,0,0,4
291.6592743509682,4,23.25,0,0,0,5,0,0,5
292.6738490340067,4,48.0,0,0,0,5,0,0,5
293.68752106797183,4,46.5,0,0,0,5,0,0,5
294.70205447397893,4,47.0,0,0,0,5,0,0,5
295.71633813297376,4,47.5,0,2,0,3,1,1,7
296.7296246300102,4,28.5,0,1,2,3,0,0,6
297.74382427800447,4,23.5,0,0,0,3,0,0,3
298.75760138296755,4,23.25,0,1,0,3,0,0,4
299.77173313696403,4,37.0,1,1,0,3,0,0,4
300.7859774889657,4,70.75,0,2,0,4,0,0,6
301.8000324809691,4,25.25,0,1,1,5,0,0,7
302.81436800496886,4,25.5,0,1,1,4,0,0,6
303.8352768300101,4,69.75,0,1,0,4,1,0,6
304.8493399900035,4,46.5,0,1,0,5,0,0,6
305.86371143796714,4,29.5,0,1,1,5,0,0,7
306.8756019480061,4,43.5,0,1,0,6,0,1,8
307.8876865459606,4,38.25,0,2,1,6,0,0,9
308.9047595500015,4,26.75,0,0,2,4,0,0,6
309.91858570300974,4,20.25,0,0,0,6,0,0,6
310.93315837101545,4,0.0,0,2,0,5,1,0,8
311.9471932500019,4,27.5,0,2,1,5,0,0,8
312.96096956997644,4,48.0,0,2,1,7,0,0,10
313.9752946610097,4,37.0,0,4,0,9,0,0,13
314.98940648999996,4,53.5,1,4,0,9,0,0,13
316.00329330796376,4,56.0,0,0,4,9,0,0,13
317.01769052498275,4,47.25,0,0,2,11,0,0,13
318.0287832329632,4,93.0,2,0,2,7,4,0,13
319.0432254759944,4,93.25,0,2,1,6,0,6,15
320.0582524519996,4,53.25,1,2,1,6,0,0,9
321.0717678499641,4,34.0,0,2,3,7,1,0,13
322.08621784101706,4,61.75,2,2,2,4,5,0,13
323.10017380997306,4,35.75,0,2,6,6,0,1,15
324.1138759069727,4,69.25,5,4,1,10,1,0,16
325.1281497050077,4,37.0,0,4,2,9,0,0,15
326.1417766159866,4,47.25,2,5,1,6,3,1,16
327.1560620740056,4,57.25,0,3,3,8,0,1,15
328.16921562701464,4,73.5,0,1,4,7,0,0,12
329.18301634001546,4,38.25,0,2,5,7,0,1,15
330.1953409970156,4,66.0,0,0,5,7,1,1,14
331.20756912999786,4,72.0,0,0,3,8,0,0,11
332.2219131019665,4,93.5,0,1,2,8,0,1,12
333.23588945996016,4,74.25,0,0,3,5,1,0,9
334.2495421950007,4,50.5,0,4,2,4,2,0,12
335.2631960780127,4,70.0,0,4,1,4,0,3,12
336.2762188380002,4,23.5,0,4,3,3,0,0,10
337.2905850940151,4,31.0,0,0,2,9,0,0,11
338.30581839900697,4,52.5,0,0,1,6,3,0,10
339.3197912700125,4,72.75,0,1,0,7,0,0,8
340.33424549299525,4,23.25,2,1,0,7,0,0,8
341.3457163749845,4,52.75,0,3,2,9,0,0,14
342.3602974030073,4,12.0,0,3,2,8,1,0,14
343.3741557460162,4,94.25,1,3,2,5,4,0,14
344.38836620998336,4,59.0,0,3,3,6,1,0,13
345.40276709996397,4,14.5,0,2,4,6,1,0,13
346.4165934729972,4,44.75,0,1,4,7,0,0,12
347.42903155001113,4,66.0,0,0,2,9,0,1,12
348.4407255849801,4,13.25,0,4,1,9,0,0,14
349.4550893419655,4,38.25,0,0,3,11,0,0,14
350.4690281249932,4,43.0,4,2,1,13,0,0,16
351.48305053496733,4,72.25,0,4,2,10,0,0,16
352.49735632899683,4,82.75,0,5,2,7,1,0,15
353.50926613697084,4,46.5,0,1,4,8,1,0,14
354.5240182009875,4,45.75,2,2,2,11,0,0,15
355.53794731298694,4,95.5,5,2,2,5,6,0,15
356.5528799080057,4,77.75,1,9,1,6,0,0,16
357.5672819360043,4,61.75,5,0,3,13,0,0,16
358.58131095499266,4,97.5,4,2,1,9,0,4,16
359.5950490210089,4,61.0,1,3,2,8,0,3,16
360.60943655797746,4,48.0,6,2,2,7,3,0,14
361.6233358019963,4,54.75,3,0,7,8,0,1,16
362.6374330910039,4,46.75,8,1,3,10,2,0,16
363.6521342219785,4,95.0,8,4,2,8,2,0,16
364.6660114589613,4,45.0,13,4,2,8,1,1,16
365.6800015770132,4,94.0,13,4,2,6,2,2,16
366.6969515120145,4,43.25,8,5,3,8,0,0,16
367.7108368849731,4,52.0,6,1,8,7,0,0,16
368.72304162196815,4,34.0,6,1,6,6,2,1,16
369.7354717659764,4,72.0,7,1,4,7,2,1,15
370.748759308015,4,40.75,1,6,4,6,0,0,16
371.76086456200574,4,30.25,1,0,3,12,1,0,16
372.77510544098914,4,72.5,3,1,1,11,3,0,16
373.78926579398103,4,93.5,0,3,2,9,0,1,15
374.80308105197037,4,86.25,0,3,1,9,0,0,13
375.82003809098387,4,53.75,0,0,0,13,0,0,13
376.8327636810136,4,70.0,0,0,0,11,0,1,12
377.84577503200853,4,95.5,2,0,0,11,0,1,12
378.8603547849925,4,65.0,0,0,2,9,0,1,12
379.8738216779893,4,95.5,0,0,0,10,0,0,10
380.88767667301,4,36.0,0,1,0,9,1,0,11
381.9016913549858,4,72.0,1,0,1,7,3,0,11
382.9142663819948,4,47.25,0,1,0,5,0,3,9
383.92880904697813,4,72.0,0,0,0,6,0,0,6
384.94268371298676,4,40.75,0,0,0,5,0,0,5
385.9563972019823,4,47.0,0,0,0,2,3,0,5
386.96726490196306,4,47.0,0,0,0,2,0,0,2
387.9815064090071,4,47.0,0,0,0,2,0,0,2
388.99637254397385,4,23.0,0,2,0,2,0,0,4
390.00961306196405,4,47.5,0,4,0,2,0,0,6
391.0232676999876,4,53.5,0,0,1,4,0,0,5
392.03665295196697,4,23.25,0,0,0,3,0,0,3
393.050746480003,4,23.0,0,0,0,3,0,0,3
394.06434509996325,4,23.25,3,0,0,3,0,0,3
395.0779924999806,4,23.25,2,1,0,3,0,0,4
396.09236648096703,4,0.0,0,5,0,1,0,3,9
397.10603541799355,4,24.0,0,1,3,3,0,0,7
398.1201437339769,4,70.75,0,3,0,4,0,0,7
399.1347885269788,4,47.75,0,1,2,3,0,0,6
400.1418880359852,4,30.0,0,2,3,4,0,0,9
401.1517444719793,4,47.25,0,1,1,7,0,0,9
402.16560877801385,4,24.5,2,1,0,7,1,0,9
403.1798803220154,4,82.25,0,5,0,6,0,0,11
404.18897554196883,4,37.5,0,0,1,9,0,0,10
405.2033801630023,4,72.0,0,0,0,8,0,0,8
406.2138641999918,4,36.0,0,2,0,8,0,0,10
407.22810580098303,4,45.0,0,1,1,8,0,0,10
408.24174962897087,4,43.0,2,2,0,10,0,0,12
409.2554658749723,4,71.75,0,2,3,9,0,0,14
410.26954998396104,4,57.25,0,2,3,8,0,1,14
411.2838415110018,4,24.25,0,3,0,12,0,0,15
412.29715100099565,4,57.25,0,1,1,12,1,0,15
413.31144017499173,4,48.25,0,0,0,10,3,1,14
414.3251676799846,4,94.0,0,0,0,7,0,0,7
415.3395168069983,4,69.75,0,0,0,5,0,0,5
416.35404386901064,4,47.5,0,0,0,3,1,1,5
417.3685260739876,4,58.5,0,0,0,2,0,1,3
418.38282337097917,4,23.5,0,2,0,2,0,0,4
419.3963684019982,4,46.75,0,0,0,4,0,0,4
420.4091768619837,4,79.75,0,1,1,4,0,0,6
421.4212187959929,4,94.25,4,1,1,3,1,0,6
422.4354596689809,4,46.5,0,4,1,3,0,0,8
423.4494788880111,4,24.75,0,2,3,4,0,0,9
424.46371456299676,4,42.75,0,2,2,3,0,0,7
425.4780793690006,4,22.75,0,1,1,4,0,1,7
426.4898320980137,4,1.25,0,1,0,4,1,0,6
427.5024817719823,4,29.5,0,0,1,4,0,1,6
428.51465768297203,4,2.5,0,1,0,5,0,0,6
429.52888735797023,4,0.0,2,1,0,5,0,0,6
430.5430842419737,4,47.75,0,3,1,4,0,0,8
431.558250083006,4,11.0,0,3,2,5,0,0,10
432.5725909519824,4,48.25,0,3,1,6,0,0,10
433.58485258196015,4,34.75,0,0,2,7,1,0,10
434.5987119929632,4,51.5,0,0,0,8,0,0,8
435.6125158359646,4,42.25,0,0,0,5,0,0,5
436.62663129897555,4,66.5,0,0,0,2,0,0,2
437.63816454896005,4,23.25,0,2,0,1,0,1,4
438.65201146900654,4,22.75,0,3,1,2,0,0,6
439.6664317129762,4,23.25,0,2,2,2,0,0,6
440.68062712898245,4,63.75,0,3,1,4,0,0,8
441.69338973501,4,27.25,0,4,1,3,1,0,9
442.7076733839931,4,60.5,0,2,0,7,1,0,10
443.71945346996654,4,70.5,3,2,0,4,2,0,8
444.731879843981,4,46.5,0,3,2,3,0,1,9
445.74432467500446,4,57.75,2,0,3,5,0,0,8
446.7604715549969,4,52.0,0,3,2,6,0,0,11
447.7747112149955,4,39.25,0,3,1,5,2,0,11
448.7892868529889,4,46.5,0,0,1,8,0,0,9
449.8014456849778,4,30.75,0,1,0,4,2,2,9
450.81559655896854,4,48.5,0,0,0,4,0,0,4
451.8298954059719,4,34.5,0,2,0,2,1,0,5
452.84353482199367,4,26.25,0,3,1,4,0,0,8
453.85532670497196,4,57.25,0,2,2,3,0,0,7
454.86910875397734,4,48.75,0,0,1,5,1,0,7
455.8824388309731,4,53.25,0,0,0,4,3,0,7
456.89626930101076,4,70.75,0,2,0,4,0,0,6
457.9103163660038,4,26.25,0,2,1,4,0,0,7
458.9215971470112,4,47.25,0,2,2,4,0,0,8
459.9336186670116,4,68.0,0,0,1,7,0,0,8
460.94348460098263,4,75.0,0,0,1,5,2,0,8
461.9570837339852,4,71.5,0,0,1,4,0,1,6
462.97061015997315,4,48.5,0,1,0,5,0,0,6
463.9835217099753,4,70.0,0,0,1,4,1,0,6
464.9970740560093,4,48.75,0,1,0,5,0,0,6
466.00820810795994,4,31.25,0,1,0,6,0,0,7
467.02173416398,4,44.75,0,0,0,6,0,0,6
468.04118110600393,4,51.75,0,1,0,4,1,0,6
469.05497608397854,4,0.0,0,0,0,3,1,0,4
470.0705848640064,4,47.0,0,0,0,2,1,1,4
471.08276961400406,4,34.0,0,1,1,2,0,0,4
472.0981453109998,4,47.75,0,1,0,4,0,0,5
473.10957887396216,4,46.5,0,1,0,4,0,0,5
474.1239232500084,4,65.5,0,0,1,4,0,0,5
475.13749611598905,4,48.0,0,0,0,4,0,0,4
476.1513265079702,4,70.5,0,0,0,4,0,0,4
477.1626031490159,4,49.25,0,0,0,3,0,0,3
478.17655287799425,4,71.25,0,0,0,2,0,0,2
479.1902560520102,4,47.25,0,0,0,2,0,0,2
480.2037058160058,4,47.75,1,0,0,2,0,0,2
481.2176132319728,4,12.5,0,0,1,2,0,0,3
482.23128591600107,4,12.5,0,1,1,2,0,0,4
483.24530716997106,4,26.0,0,2,1,3,0,0,6
484.2587836519815,4,46.75,0,1,2,3,0,1,7
485.2729046000168,4,66.75,0,0,1,5,0,0,6
486.28612619801424,4,73.5,0,0,0,6,0,0,6
487.29731331398943,4,72.0,0,3,0,5,0,1,9
488.31067530898144,4,71.0,0,1,3,5,0,0,9
489.32477105100406,4,48.0,0,3,1,5,0,0,9
490.3386434770073,4,29.5,0,3,1,6,0,0,10
491.350061384961,4,37.25,0,2,2,6,1,0,11
492.3605857489747,4,69.75,2,2,1,5,3,0,11
493.3716748160077,4,70.25,0,3,2,4,0,4,13
494.38586462201783,4,23.25,0,0,4,2,0,0,6
495.39931711799,4,1.0,0,1,0,5,0,1,7
496.4130477519939,4,24.75,0,1,1,4,0,0,6
497.42713532201014,4,20.5,0,2,1,5,0,0,8
498.4408199429745,4,37.5,0,1,1,5,0,0,7
499.45454240898835,4,95.75,0,0,0,7,0,0,7
500.46301319397753,4,73.75,0,0,0,7,0,0,7
501.4761171399732,4,92.5,0,1,0,7,0,0,8
502.4898854200146,4,53.0,0,1,0,7,0,0,8
503.50366556900553,4,70.5,0,0,1,4,0,1,6
504.5148894909653,4,33.0,0,1,1,3,0,0,5
505.5274664100143,4,23.5,0,0,1,4,0,0,5
506.5415838820045,4,48.25,0,2,0,3,0,0,5
507.5555398489814,4,23.5,0,0,2,3,0,0,5
508.5692575589637,4,28.75,0,0,0,5,1,0,6
509.58273069997085,4,47.75,0,1,0,5,0,0,6
510.5929567469866,4,0.0,0,1,0,5,0,0,6
511.6063414940145,4,47.25,0,0,0,5,0,0,5
512.6201206709957,4,47.25,0,0,0,5,0,0,5
513.6336287839804,4,70.0,0,0,0,5,0,0,5
514.6473978110007,4,64.75,0,0,0,4,0,0,4
515.6625205649761,4,46.5,0,0,0,4,0,0,4
516.6761007820023,4,46.5,0,1,0,4,0,0,5
517.6876087689889,4,22.25,0,0,2,4,0,0,6
518.7011693840032,4,18.25,0,1,1,5,0,0,7
519.7149749569944,4,48.25,0,0,1,6,0,0,7
520.7283068249817,4,78.5,0,0,0,7,0,0,7
521.7422598249977,4,94.0,0,0,0,6,1,0,7
522.7541911329608,4,60.25,0,0,0,5,0,0,5
523.7684476539725,4,38.25,0,1,0,5,0,0,6
524.781296000001,4,36.5,0,2,0,3,0,2,7
525.7930163649726,4,36.25,0,1,0,5,0,0,6
526.8065601609997,4,52.5,0,1,0,6,0,0,7
527.819071091013,4,36.75,0,1,1,5,0,0,7
528.8327040320146,4,50.0,0,1,0,3,2,0,6
529.8446461859858,4,32.25,0,0,1,2,0,0,3
530.8582627520082,4,23.25,0,1,0,3,0,0,4
531.8706231329706,4,46.75,2,1,0,3,0,0,4
532.8833686379949,4,17.75,0,2,0,2,0,1,5
533.8977224359987,4,23.0,0,1,2,2,0,0,5
534.9114247770049,4,24.0,0,1,0,4,0,0,5
535.9219248609734,4,23.5,0,3,0,5,0,0,8
536.9356091259979,4,43.5,0,0,1,7,0,0,8
537.9468787839869,4,59.25,0,2,0,8,0,0,10
538.9578925690148,4,43.25,0,1,0,10,0,0,11
539.9710806480143,4,75.5,0,1,2,7,1,0,11
540.9820598989609,4,76.0,0,0,0,9,0,1,10
541.9955866119708,4,70.0,0,0,0,8,0,0,8
543.007434767962,4,71.0,0,0,0,5,0,0,5
544.0194050979917,4,48.75,0,0,0,5,0,0,5
545.0314487809665,4,70.25,0,0,0,4,1,0,5
546.0457015979919,4,46.5,0,0,0,3,1,1,5
547.0572423560079,4,23.5,0,1,0,3,0,0,4
548.0709745750064,4,10.25,0,0,1,3,0,0,4
549.0843853529659,4,23.25,0,0,1,3,0,0,4
550.0975353220128,4,0.0,0,0,1,3,0,0,4
551.1092540269601,4,0.0,0,1,1,1,0,0,3
552.1229239049717,4,0.0,0,1,0,2,0,0,3
553.137016416993,4,37.75,0,0,1,3,0,0,4
554.149996749009,4,0.0,0,1,0,4,0,0,5
555.1685012629605,4,47.0,0,0,0,4,0,0,4
556.1822231149999,4,9.25,0,2,0,4,0,0,6
557.193748013,4,23.0,0,4,0,4,0,0,8
558.2077621140052,4,33.5,0,0,3,5,0,0,8
559.2222315609688,4,23.25,0,1,0,8,0,0,9
560.2311822579941,4,49.0,0,1,0,9,0,0,10
561.2450142189628,4,94.5,0,1,1,8,0,0,10
562.2590225109598,4,48.25,0,1,1,9,0,0,11
563.2722474079928,4,23.5,0,1,1,9,0,0,11
564.2868126769899,4,48.0,0,1,0,10,0,1,12
565.3009085700032,4,70.5,0,1,0,9,0,0,10
566.312504313013,4,46.25,0,0,1,8,0,0,9
567.3275970219984,4,46.5,2,0,0,8,1,0,9
568.3399843489751,4,95.25,0,3,0,8,0,0,11
569.3563895839616,4,81.75,0,3,1,9,1,0,14
570.3700238749734,4,46.5,0,0,2,10,1,0,13
571.3841402700054,4,51.5,0,0,0,11,0,0,11
572.3925839950098,4,90.75,0,0,0,11,0,0,11
573.406846044003,4,70.75,0,1,0,10,0,0,11
574.4205674359691,4,60.25,0,1,0,10,0,0,11
575.4319925630116,4,65.0,0,0,1,7,0,1,9
576.4459717230056,4,35.25,0,3,0,7,0,0,10
577.4581711979699,4,25.5,0,3,3,7,0,1,14
578.471983683994,4,32.25,0,1,1,10,1,0,13
579.4852139179711,4,58.25,0,0,2,7,1,3,13
580.4963441709988,4,71.75,0,1,1,8,0,1,11
581.5079075469985,4,72.0,0,0,1,7,0,1,9
582.5211742820102,4,83.0,0,1,0,5,0,1,7
583.5346052150126,4,47.0,0,2,1,5,0,0,8
584.5486535259988,4,47.25,0,3,0,3,0,3,9
585.5624514829833,4,19.75,0,1,1,4,0,0,6
586.5745592819876,4,54.5,0,1,1,4,0,0,6
587.5866722369683,4,28.0,0,0,1,4,0,0,5
588.6001098799752,4,70.0,1,0,1,4,0,0,5
589.6131928919931,4,70.0,2,0,1,4,0,0,5
590.6254652129719,4,69.25,0,0,2,5,0,0,7
591.6390595289995,4,46.25,0,1,0,6,0,0,7
592.6531402309774,4,61.0,0,2,0,6,0,0,8
593.6668431519647,4,70.75,0,1,0,6,1,0,8
594.6809681199957,4,81.75,0,1,0,6,0,0,7
595.6927030439838,4,49.0,0,1,0,7,0,0,8
596.7062100910116,4,91.25,0,1,0,6,1,0,8
597.7196073560044,4,70.75,0,1,0,6,1,0,8
598.7349792199675,4,34.75,0,1,1,4,0,1,7
599.7488281200058,4,46.0,0,1,0,4,1,1,7
600.7610378349782,4,48.5,0,1,0,5,0,0,6
601.7744253170094,4,70.5,0,4,0,4,0,0,8
602.7891444700072,4,36.25,0,0,0,8,0,0,8
603.8038370559807,4,71.0,0,0,0,8,0,0,8
604.8162160689826,4,63.25,0,0,0,6,2,0,8
605.8300739440019,4,54.75,0,0,0,5,0,0,5
606.8442317710142,4,48.75,1,0,0,4,0,0,4
607.858104732004,4,47.75,0,0,0,5,0,0,5
608.8710257380153,4,23.25,0,1,0,5,0,0,6
609.886445629003,4,70.0,1,1,0,4,1,0,6
610.8981431960128,4,23.0,0,0,4,3,0,0,7
611.9114553889958,4,24.5,0,0,1,5,0,0,6
612.9237347929738,4,8.75,0,0,0,4,0,0,4
613.9356203270145,4,47.5,0,0,0,4,0,0,4
614.9472290959675,4,27.25,0,0,0,3,0,0,3
615.9592805929715,4,37.75,0,2,0,3,0,0,5
616.9710819359752,4,23.25,0,0,2,3,0,0,5
617.9835139329662,4,48.0,0,1,1,4,0,0,6
618.9944964459864,4,23.0,0,0,1,4,0,0,5
620.0085486109601,4,44.0,0,0,1,4,0,0,5
621.0221312139765,4,47.25,0,0,1,3,0,0,4
622.0342851919704,4,47.25,0,1,1,1,0,0,3
623.048071096011,4,9.75,0,2,1,3,0,0,6
624.0606253200094,4,24.0,0,2,0,4,0,0,6
625.0725949020125,4,63.5,0,0,3,5,0,0,8
626.086576266971,4,33.0,0,0,2,5,0,0,7
627.1000527750002,4,28.0,0,0,2,4,0,0,6
628.1139825849677,4,53.25,0,0,0,6,0,0,6
629.1255801090156,4,46.0,0,0,0,4,0,0,4
630.139427224989,4,46.75,0,0,0,4,0,0,4
631.1532040199963,4,45.0,0,1,0,5,0,0,6
632.1672904719599,4,40.75,0,0,0,5,0,0,5
633.1791123219882,4,23.5,0,2,0,2,0,0,4
634.1926024869899,4,7.25,0,2,1,2,0,1,6
635.2064092229703,4,0.0,0,3,0,3,0,0,6
636.2201852049911,4,71.5,0,0,1,5,0,0,6
637.2344158329652,4,70.25,0,1,0,5,1,0,7
638.2476107719704,4,44.25,0,1,0,5,0,0,6
639.2591066230088,4,47.0,0,0,0,6,0,0,6
640.2727027609944,4,36.25,0,1,0,6,0,0,7
641.2849928179639,4,22.75,0,0,1,4,0,0,5
642.2988541889936,4,47.5,0,0,0,3,0,0,3
643.3127652239637,4,69.75,0,0,0,3,0,0,3
644.3232660829672,4,46.75,0,0,0,3,0,0,3
645.3364183799713,4,75.5,0,0,0,2,0,0,2
646.3503774449928,4,25.25,0,0,0,1,0,0,1
647.3638783929637,4,12.5,0,0,0,1,0,0,1
648.3778115079622,4,14.75,0,0,0,0,0,0,0
649.389756710967,4,0.0,0,1,0,0,0,0,1
650.4034590739757,4,0.0,0,1,0,0,0,0,1
651.4179600849748,4,0.0,0,1,0,1,0,0,2
652.431706516014,4,5.25,0,0,3,1,0,0,4
653.4439583490021,4,64.5,0,0,0,4,0,0,4
654.4564591770177,4,93.75,0,0,0,4,0,0,4
655.4689874039614,4,70.0,0,1,0,4,0,0,5
656.480289922969,4,46.5,0,2,0,3,0,0,5
657.4943655199604,4,42.75,0,2,1,4,0,0,7
658.5079485099996,4,37.5,0,0,2,6,0,0,8
659.5181478469749,4,40.5,0,1,0,8,0,0,9
660.5322544269729,4,94.5,0,1,0,6,0,1,8
661.5460486339871,4,47.5,0,1,0,6,0,0,7
662.559922098997,4,37.5,0,0,1,5,0,0,6
663.5741727610002,4,47.0,0,0,0,3,0,0,3
664.5874627690064,4,24.0,0,0,0,3,0,0,3
665.5988405829994,4,13.5,0,1,0,4,0,0,5
666.6107044380042,4,38.5,0,0,0,5,0,0,5
667.6238531040144,4,46.25,1,0,0,5,0,0,5
668.638057750999,4,47.5,0,1,0,5,0,0,6
669.6519873979851,4,72.0,0,0,0,4,0,1,5
670.6659103370039,4,69.25,1,1,0,4,0,0,5
671.6798580350005,4,47.5,0,2,1,3,0,0,6
672.6920231339755,4,46.5,0,2,0,4,0,0,6
673.7058395399945,4,48.0,0,1,0,5,0,0,6
674.716856590996,4,46.25,0,0,1,4,1,0,6
675.7289221039973,4,23.5,0,2,1,1,2,0,6
676.7430116679752,4,5.25,0,3,1,1,0,0,5
677.7569640600123,4,0.0,0,1,2,2,0,0,5
678.7708424929879,4,46.0,0,1,0,5,0,0,6
679.7852629859699,4,70.0,0,0,1,4,0,0,5
680.798476143973,4,24.0,1,0,0,5,0,0,5
681.8125196719775,4,0.0,0,3,1,4,0,0,8
682.8263001110172,4,47.0,0,3,0,3,2,0,8
683.8400152539834,4,33.0,0,3,1,3,0,1,8
684.8540486950078,4,18.5,0,0,1,3,0,0,4
685.8703884379938,4,6.25,2,2,0,4,0,0,6
686.884311035974,4,24.0,0,2,1,4,0,0,7
687.898694463016,4,32.75,0,1,1,4,1,0,7
688.9122329420061,4,38.75,0,0,2,5,0,0,7
689.9245765499654,4,73.0,0,0,0,8,0,0,8
690.9358309649979,4,46.5,0,0,0,6,0,0,6
691.9483675939846,4,0.0,0,0,0,5,0,0,5
692.9554201280116,4,24.0,0,1,0,3,0,0,4
693.967912070977,4,0.0,0,0,1,3,0,0,4
694.9816873929813,4,23.0,3,0,1,2,1,0,4
695.9933360730065,4,32.75,0,5,0,3,0,0,8
697.0051522089634,4,46.75,0,1,2,4,1,0,8
698.0200492999866,4,49.5,0,1,1,6,0,0,8
699.0338707490009,4,93.75,0,1,1,5,1,0,8
700.0447482059826,4,68.25,0,0,0,6,0,1,7
701.0585022430168,4,70.5,0,0,0,5,1,1,7
702.0724855239969,4,35.0,0,0,0,5,0,0,5
703.0836066789925,4,70.25,0,0,0,5,0,0,5
704.0973081850098,4,45.75,0,2,0,4,0,0,6
705.1114357109764,4,34.0,0,0,0,5,0,0,5
706.1225987320067,4,47.0,0,0,0,5,0,0,5
707.1312636180082,4,70.0,0,1,0,4,1,0,6
708.145423059992,4,8.25,0,1,1,2,0,0,4
709.158916053013,4,46.5,0,0,1,2,0,0,3
710.1713910009712,4,28.0,0,1,1,2,0,0,4
711.1850230289856,4,46.75,0,1,1,1,1,0,4
712.1988214330049,4,31.25,0,2,0,3,0,0,5
713.2104191149701,4,71.5,0,1,2,3,0,0,6
714.2227137279697,4,37.25,0,0,0,5,0,0,5
715.2364684590138,4,59.25,0,1,0,4,0,0,5
716.2504710700014,4,47.0,0,0,0,5,0,0,5
717.2638475339627,4,69.75,1,0,0,5,0,0,5
718.2751508299843,4,46.25,0,0,1,3,0,0,4
719.287297347968,4,47.0,0,1,0,4,0,0,5
720.3013978860108,4,70.75,0,0,0,5,0,0,5
721.3120013009757,4,48.5,0,0,0,4,0,0,4
722.3254132799921,4,31.75,0,0,0,3,0,0,3
723.3398732399801,4,35.5,0,1,0,1,1,0,3
724.3520186339738,4,39.25,0,2,0,2,0,0,4
725.3639666980016,4,0.0,0,0,0,3,0,0,3
726.3760369819938,4,46.5,0,1,0,3,0,0,4
727.390131077962,4,37.5,2,4,0,2,1,0,7
728.4021073909826,4,46.5,0,6,0,2,0,1,9
729.4159562099958,4,23.25,0,0,2,6,0,0,8
730.4297362230136,4,56.0,0,0,1,7,0,0,8
731.4409183000098,4,70.25,0,1,0,6,1,0,8
732.4537438490079,4,46.25,0,1,0,5,1,0,7
733.4675442989683,4,27.5,0,4,1,5,0,0,10
734.481150854961,4,26.25,0,4,1,7,0,0,12
735.4936727299937,4,68.0,0,3,1,8,0,0,12
736.5078593660146,4,43.0,0,1,0,10,0,0,11
737.5215883039637,4,72.0,1,0,1,6,2,1,10
738.5360524610151,4,64.25,0,1,1,7,0,0,9
739.5498499369714,4,93.25,0,6,0,7,0,0,13
740.5622802000144,4,20.0,1,2,5,9,0,0,16
741.5738160639885,4,49.0,0,3,4,6,1,0,14
742.5926640129765,4,47.0,2,2,4,9,0,0,15
743.6049790079705,4,71.75,5,4,1,9,2,0,16
744.6171061859932,4,93.5,12,4,1,5,6,0,16
745.6284902669722,4,30.5,11,5,7,4,0,0,16
746.6407998549985,4,23.0,16,0,5,10,1,0,16
747.652841484989,4,24.75,15,2,3,10,0,1,16
748.6680678899866,4,62.25,13,5,4,7,0,0,16
749.680213337997,4,27.5,12,1,6,8,0,1,16
750.6940426600049,4,74.5,12,1,1,12,0,2,16
751.7055925559835,4,72.5,14,1,1,13,0,1,16
752.7177821919904,4,62.5,11,6,1,8,1,0,16
753.7316974999849,4,12.75,12,1,4,10,0,1,16
754.7451387359761,4,57.75,19,1,3,11,1,0,16
755.7593098509824,4,18.5,17,1,2,13,0,0,16
756.7728556669899,4,71.5,15,3,2,11,0,0,16
757.7829251270159,4,13.5,13,3,1,10,1,1,16
758.7968395350035,4,71.5,14,3,1,5,6,1,16
759.807349220966,4,35.0,7,3,6,7,0,0,16
760.820042152016,4,26.0,8,2,4,10,0,0,16
761.8318848999916,4,26.0,8,0,3,13,0,0,16
762.8461394269834,4,59.25,6,1,4,11,0,0,16
763.8588551359717,4,62.75,5,1,1,13,0,1,16
764.8713515619747,4,71.25,0,2,4,8,0,0,14
765.8824134640163,4,55.75,0,0,2,12,0,0,14
766.8956297590048,4,83.75,0,0,1,10,1,0,12
767.9091990930028,4,74.5,1,1,0,9,0,0,10
768.9229475879692,4,49.25,0,0,0,8,0,0,8
769.9360254330095,4,69.5,0,0,0,8,0,0,8
770.9500140059972,4,60.0,0,0,0,6,0,0,6
771.9636334549868,4,46.75,1,0,0,7,0,0,7
772.9774334799731,4,43.75,0,1,0,8,0,0,9
773.9872895749868,4,11.25,0,0,0,9,0,0,9
774.9994391250075,4,35.0,0,1,0,6,1,0,8
776.0113032509689,4,23.5,0,1,1,4,0,0,6
777.0247391909943,4,45.5,0,1,1,2,2,0,6
778.0375678109704,4,23.25,0,2,1,2,0,0,5
779.0512643479742,4,23.5,0,1,2,1,0,0,4
780.062391607964,4,2.0,0,3,2,3,0,0,8
781.0758798850002,4,27.25,0,5,1,3,1,1,11
782.0878450529999,4,55.0,0,3,3,3,0,1,10
783.1004652900156,4,69.75,0,3,2,4,1,1,11
784.1125903109787,4,47.5,0,2,4,5,0,0,11
785.1273984700092,4,58.75,0,2,2,8,0,1,13
786.1412226500106,4,72.25,0,5,2,7,0,0,14
787.1545671399799,4,92.0,0,5,2,4,3,0,14
788.1669899660046,4,46.25,3,5,4,3,0,4,16
789.1778819920146,4,0.25,4,6,3,7,0,0,16
790.1984672310064,4,64.25,1,9,2,3,2,0,16
791.2118662709836,4,0.0,0,11,1,3,1,0,16
792.2236078229616,4,47.0,1,12,1,2,0,1,16
793.239196369017,4,23.0,4,4,4,8,0,0,16
794.2535847139661,4,32.75,6,4,1,9,0,2,16
795.2666435699794,4,68.75,6,6,1,6,2,1,16
796.2806839809637,4,47.25,8,6,1,3,4,2,16
797.2945293189841,4,47.0,8,5,2,3,0,6,16
798.308662262978,4,48.0,3,3,5,8,0,0,16
799.3213533399976,4,70.75,4,5,3,8,0,0,16
800.3332553589717,4,25.5,4,3,5,5,1,2,16
801.3468825489981,4,30.0,2,3,5,7,1,0,16
802.3609575869632,4,65.25,5,1,5,10,0,0,16
803.372249062988,4,63.0,6,1,5,7,3,0,16
804.3872868699837,4,69.25,4,4,4,7,0,1,16
805.401161523012,4,65.5,3,1,8,7,0,0,16
806.4149011200061,4,2.25,1,1,3,11,0,1,16
807.4287544339895,4,58.5,0,2,2,8,0,1,13
808.442661706009,4,88.0,0,1,2,9,1,0,13
809.4561172300018,4,71.25,0,1,2,7,3,0,13
810.4695710309898,4,72.5,3,1,2,4,6,0,13
811.4835628709989,4,57.5,0,0,3,7,0,0,10
812.4968239659793,4,69.25,0,1,0,8,0,1,10
813.5081468980061,4,27.0,0,2,0,8,0,1,11
814.5213767769746,4,47.5,0,0,1,7,0,0,8
815.5330660879845,4,32.0,1,0,0,6,2,0,8
816.546585442964,4,47.25,2,0,0,3,5,0,8
817.560763749003,4,48.25,0,3,3,3,0,0,9
818.5753654189757,4,16.75,0,3,1,6,0,0,10
819.5894239929621,4,56.75,1,3,1,6,1,0,11
820.6004074040102,4,69.5,0,5,2,3,0,4,14
821.6149529619724,4,24.5,0,1,5,4,0,1,11
822.6285331890103,4,48.0,0,0,4,6,0,0,10
823.6451920350082,4,60.75,0,2,3,5,0,0,10
824.6589156099944,4,37.5,0,1,4,8,0,0,13
825.6724642969784,4,47.25,0,0,2,9,0,2,13
826.6864639339619,4,68.25,0,0,1,8,2,0,11
827.6984130269848,4,75.25,0,0,1,9,0,0,10
828.7124539950164,4,55.75,0,2,2,8,0,1,13
829.7251773379976,4,58.0,1,2,2,5,0,3,12
830.7390005050111,4,48.75,1,3,1,5,1,0,10
831.7500950499671,4,71.25,0,1,3,6,0,0,10
832.764062910981,4,48.25,0,1,3,4,1,0,9
833.7777619989938,4,46.75,0,0,3,5,0,0,8
834.7901925659971,4,23.0,0,0,2,4,0,1,7
835.8038602079614,4,41.5,0,1,1,5,0,0,7
836.819001425989,4,24.5,0,1,0,5,0,0,6
837.8325782329775,4,16.5,0,1,2,5,0,0,8
838.8450036789873,4,70.0,2,0,1,5,2,0,8
839.856147760991,4,69.75,3,0,1,4,3,0,8
840.869616964017,4,0.25,0,1,3,3,0,0,7
841.883224996971,4,32.75,0,0,1,6,0,0,7
842.8968338479754,4,45.25,0,0,0,6,1,0,7
843.908652906015,4,46.5,0,0,0,5,0,1,6
844.9205868130084,4,20.75,0,0,0,4,0,0,4
845.9343881519744,4,14.25,0,0,0,4,0,0,4
846.9479158039903,4,34.75,0,0,0,4,0,0,4
847.9616647929652,4,23.25,0,1,0,4,0,0,5
848.9756857409957,4,26.75,0,0,1,3,1,0,5
849.9891116360086,4,46.75,0,0,1,3,1,0,5
851.0014971559867,4,46.5,0,0,0,4,0,0,4
852.0152185590123,4,69.75,0,1,0,3,0,1,5
853.0292833269923,4,9.0,0,4,1,0,0,1,6
854.0432549809921,4,11.0,3,3,2,1,0,1,7
855.0547540810076,4,8.5,0,7,3,1,0,0,11
856.0655781090027,4,24.25,1,8,1,3,0,0,12
857.0859512540046,4,47.25,0,9,1,3,0,0,13
858.0983960509766,4,12.75,1,9,1,3,1,0,14
859.1084789090091,4,39.25,0,9,4,3,0,0,16
860.1208695319947,4,61.25,1,1,9,6,0,0,16
861.1295645050122,4,43.0,1,0,3,13,0,0,16
862.1432181560085,4,50.25,1,0,2,11,3,0,16
863.1567450619768,4,77.75,0,1,2,7,0,0,10
864.1703521379968,4,94.75,0,0,1,7,1,0,9
865.1836851160042,4,47.5,0,1,1,5,0,0,7
866.1958327610046,4,25.5,0,0,1,5,0,0,6
867.2095528119826,4,69.0,1,0,0,4,1,1,6
868.2228581879754,4,57.0,0,1,1,3,0,0,5
869.2366196920048,4,22.25,0,2,0,4,0,0,6
870.2504428660031,4,47.0,0,0,1,4,0,0,5
871.2620969929849,4,69.0,1,0,0,5,0,0,5
872.2731371349655,4,70.0,1,0,0,5,0,0,5
873.2867686990066,4,51.75,2,0,1,4,1,0,6
874.2981420810102,4,15.0,0,2,0,5,0,0,7
875.3100376129732,4,15.25,0,1,1,5,0,0,7
876.3239038549946,4,25.75,0,0,1,5,0,0,6
877.3375256889849,4,28.0,0,1,0,6,0,0,7
878.3527277859976,4,47.75,0,0,0,7,0,0,7
879.3665306409821,4,70.5,1,0,0,7,0,0,7
880.3810595229734,4,55.5,1,1,1,5,0,0,7
881.3949656499899,4,47.25,2,2,1,3,2,0,8
882.4081697729998,4,57.0,1,3,1,3,0,2,9
883.422331616981,4,53.0,0,3,2,2,0,0,7
884.435829243972,4,45.75,0,1,2,5,0,0,8
885.4494222669746,4,25.5,0,0,3,5,0,0,8
886.4608439750155,4,30.5,0,0,1,7,0,0,8
887.472026873962,4,69.25,0,0,0,6,0,0,6
888.4852759579662,4,70.0,0,1,0,5,0,0,6
889.5006683309912,4,69.5,0,1,0,4,1,0,6
890.5116464850144,4,46.75,0,1,2,5,0,0,8
891.527715469012,4,48.25,0,0,1,7,1,0,9
892.5414901219774,4,47.75,0,0,0,8,0,0,8
893.5508963339962,4,72.75,0,0,0,7,0,0,7
894.5633909479948,4,24.75,0,0,1,7,0,0,8
895.5764858920011,4,12.5,0,1,0,6,1,0,8
896.5902757520089,4,37.25,0,2,0,6,1,1,10
897.6042253269698,4,67.75,0,2,0,7,0,1,10
898.6152640609653,4,65.5,0,0,1,8,0,0,9
899.6266284529702,4,46.75,0,1,0,7,0,0,8
900.6403720430098,4,41.0,0,3,1,7,0,0,11
901.6546476029907,4,0.0,0,0,3,8,0,0,11
902.6633831670042,4,43.5,0,0,0,9,1,0,10
903.6770709879929,4,82.25,0,0,0,7,1,0,8
904.6883208029903,4,45.75,0,0,0,7,0,0,7
905.7012910069898,4,83.75,0,0,0,3,4,0,7
906.7128947369638,4,70.5,0,0,0,3,4,0,7
907.7243796609691,4,70.0,0,0,0,2,0,0,2
908.7381017769803,4,46.5,0,0,0,2,0,0,2
909.7498487230041,4,39.5,0,0,0,2,0,0,2
910.7616200600169,4,23.0,0,0,0,0,2,0,2
911.7728416759637,4,0.0,0,0,0,0,0,0,0
912.7870492619695,4,0.0,0,1,0,0,0,0,1
913.8013889300055,4,0.0,0,0,1,1,0,0,2
914.8154181420105,4,23.25,0,0,1,1,0,0,2
915.8293151539983,4,48.5,0,1,0,2,0,0,3
916.8431982480106,4,39.5,0,3,0,2,0,0,5
917.8569744040142,4,13.25,0,0,0,5,0,0,5
918.8712433800101,4,70.0,0,1,0,4,0,1,6
919.8849028589902,4,28.75,0,0,2,4,0,0,6
920.89862170798,4,37.25,0,0,1,6,0,0,7
921.9126059900154,4,71.75,0,1,0,7,0,0,8
922.9254305019858,4,49.25,1,1,0,6,1,0,8
923.9393216129974,4,70.5,1,1,0,5,2,0,8
924.946166054986,4,37.0,0,1,0,7,0,0,8
925.9600630800123,4,61.25,0,1,1,6,0,1,9
926.9739938959829,4,10.25,1,1,1,6,0,0,8
927.9847967679962,4,70.5,0,3,0,5,0,2,10
928.999076328997,4,23.5,0,0,2,5,0,0,7
930.0153733139741,4,46.5,0,0,1,6,0,0,7
931.0289284159662,4,71.75,1,0,0,6,1,0,7
932.0431506879977,4,47.5,0,1,0,4,0,0,5
933.0562495850027,4,23.75,0,1,1,4,0,0,6
934.0675871539861,4,23.0,1,1,0,5,0,0,6
935.0812725239666,4,23.25,0,1,1,4,0,0,6
936.0948780429899,4,89.75,0,0,0,6,0,0,6
937.108396783995,4,79.75,0,0,0,5,0,0,5
938.1224430970033,4,58.0,0,0,0,4,1,0,5
939.1362281739712,4,69.5,0,0,0,2,0,0,2
940.1498582509812,4,8.5,0,1,0,2,0,0,3
941.1637880170019,4,42.0,0,0,1,3,0,0,4
942.1772903469973,4,9.5,0,0,0,4,0,0,4
943.1911991179804,4,47.25,0,0,0,3,1,0,4
944.2046637259773,4,46.25,0,1,0,2,0,0,3
945.2186718909652,4,0.0,0,1,0,3,0,0,4
946.2328624110087,4,24.25,0,0,1,2,0,1,4
947.2418162539834,4,23.0,0,2,0,3,0,0,5
948.25214769796,4,28.75,0,1,2,4,0,0,7
949.2660040520132,4,43.0,0,1,2,4,0,0,7
950.2802153819939,4,46.5,0,1,0,6,0,0,7
951.2937109579798,4,47.0,0,2,1,4,0,2,9
952.3078200820019,4,52.25,0,1,3,4,0,0,8
953.319602908974,4,23.0,0,1,2,5,0,0,8
954.3337822369649,4,34.5,0,3,1,6,0,0,10
955.345746381965,4,43.25,0,1,1,8,0,0,10
956.3572028909693,4,76.25,0,0,1,8,0,0,9
957.3690006429679,4,57.5,0,0,0,6,0,0,6
958.3827416239656,4,47.5,0,0,0,6,0,0,6
959.3983316469821,4,61.75,2,0,0,6,0,0,6
960.4126369240112,4,70.0,0,2,0,6,0,0,8
961.4260959409876,4,44.25,0,1,0,7,0,0,8
962.4377604830079,4,93.0,0,0,0,8,0,0,8
963.4501862879843,4,41.25,0,0,0,6,0,0,6
964.4641265379614,4,94.75,0,1,0,4,0,0,5
965.4779524530168,4,43.75,0,0,2,3,0,0,5
966.4918350320077,4,3.25,0,2,0,3,0,0,5
967.5043895179988,4,66.25,0,0,0,4,0,0,4
968.5174240209744,4,47.0,0,0,0,3,0,0,3
969.5306153779966,4,46.5,0,0,0,3,0,0,3
970.5439997439971,4,46.5,0,0,0,2,0,0,2
971.5578184679616,4,28.25,0,0,1,2,0,0,3
972.5713651569677,4,0.0,0,1,0,2,1,0,4
973.5856014440069,4,21.5,0,0,1,2,0,1,4
974.5995560059673,4,1.75,0,0,0,3,0,0,3
975.6133696989855,4,19.75,0,0,0,3,0,0,3
976.627274805971,4,23.0,1,2,0,3,0,0,5
977.6415546009666,4,23.5,1,2,1,3,0,0,6
978.6556462029694,4,23.0,0,2,0,4,0,1,7
979.6663639210165,4,11.0,0,0,1,5,0,0,6
980.6795804389985,4,65.0,0,1,1,5,0,0,7
981.6937616649666,4,24.25,0,0,0,6,0,0,6
982.7076356749749,4,23.5,0,0,0,5,0,0,5
983.7195795970038,4,47.25,0,1,1,5,0,0,7
984.7301110819681,4,43.75,0,1,0,4,0,0,5
985.7423520699958,4,61.0,0,0,0,5,0,0,5
986.7545184479677,4,46.75,0,0,1,5,0,0,6
987.7664566679741,4,27.75,1,1,1,4,0,0,6
988.7804638610105,4,0.0,0,3,0,4,0,0,7
989.7964930979651,4,24.0,0,2,2,4,0,0,8
990.8102916039643,4,65.25,0,1,1,6,0,0,8
991.8218149970053,4,70.25,1,1,1,6,0,0,8
992.8336432139622,4,55.75,0,2,1,6,0,0,9
993.8472632719786,4,26.0,0,0,1,6,0,0,7
994.860187289014,4,27.5,0,1,1,5,1,0,8
995.8734383949777,4,46.75,0,1,0,6,0,1,8
996.8874867589911,4,47.0,0,0,0,6,0,0,6
997.9014380489825,4,33.0,0,0,0,5,0,0,5
998.9153698320151,4,46.0,0,0,0,4,0,0,4
999.9260753119597,4,2.0,0,1,0,4,0,0,5
1000.9387866709731,4,23.75,0,2,1,3,0,0,6
1001.9458715599612,4,5.75,0,0,1,4,0,0,5
1002.9600193009828,4,72.5,0,0,0,5,0,0,5
1003.9759259459679,4,71.0,1,1,0,4,1,0,6
1004.9895691580023,4,23.25,0,3,0,4,0,0,7
1006.0017719049938,4,24.25,0,3,2,2,0,1,8
1007.0146925799781,4,12.5,0,0,3,4,0,0,7
1008.0286765769706,4,71.0,0,0,1,6,0,0,7
1009.0424633569783,4,70.0,0,1,0,7,0,0,8
1010.0549717989634,4,47.75,0,1,0,6,0,1,8
1011.0668748239987,4,24.0,0,2,0,6,0,0,8
1012.0819743449683,4,48.0,0,3,0,5,1,0,9
1013.0958664870122,4,71.5,0,3,0,4,2,0,9
1014.1068691830151,4,46.0,0,2,0,5,0,0,7
1015.1205043490045,4,58.0,0,0,1,5,0,0,6
1016.1341708329855,4,23.25,0,0,0,5,0,0,5
1017.1480761080165,4,22.5,0,0,0,5,0,0,5
1018.1614110709634,4,20.25,0,0,0,6,0,0,6
1019.1755197090097,4,25.0,0,0,0,6,0,0,6
1020.1897679729736,4,31.75,0,1,1,4,0,0,6
1021.2032613119809,4,24.5,0,0,1,5,0,0,6
1022.2170969269937,4,24.0,0,0,0,6,0,0,6
1023.2307867089985,4,46.5,0,0,0,6,0,0,6
1024.2432180219912,4,24.0,0,1,0,6,0,0,7
1025.2557527599856,4,47.75,1,2,0,5,1,0,8
1026.2697715929826,4,46.5,0,1,0,6,0,2,9
1027.2838702849695,4,46.25,0,1,1,5,1,0,8
1028.2956897969707,4,45.5,0,2,0,5,0,0,7
1029.3094050550135,4,47.0,0,1,1,4,0,1,7
1030.3231752839638,4,48.75,0,0,0,6,0,0,6
1031.33621051698,4,8.5,0,0,0,5,0,0,5
1032.3498033090145,4,24.0,0,0,0,5,0,0,5
1033.363661075011,4,43.75,0,0,0,5,0,0,5
1034.3773194279638,4,47.0,0,0,0,5,0,0,5
1035.3915565930074,4,24.0,0,0,0,5,0,0,5
1036.4053967929794,4,29.0,0,0,0,4,1,0,5
1037.419244412973,4,2.25,0,0,0,3,0,0,3
1038.4358214290114,4,23.25,0,0,0,3,0,0,3
1039.4475445040152,4,0.0,0,1,0,2,0,1,4
1040.4619276089943,4,6.0,0,0,1,2,0,0,3
1041.4750804890064,4,6.0,2,0,1,1,1,0,3
1042.4891890599974,4,23.5,0,3,1,1,0,1,6
1043.5031505730003,4,0.0,0,2,1,2,0,0,5
1044.5168549019727,4,39.25,0,0,1,3,0,0,4
1045.5280565510038,4,23.5,1,1,0,4,0,0,5
1046.5401340299868,4,46.75,2,1,0,3,1,0,5
1047.553966453008,4,46.75,0,3,1,2,0,0,6
1048.5678246489842,4,27.25,0,0,0,6,0,0,6
1049.5811303249793,4,48.0,1,0,0,6,0,0,6
1050.5946940939757,4,47.5,0,3,0,6,0,0,9
1051.607735003985,4,45.0,0,0,1,8,0,0,9
1052.6214945939719,4,72.25,0,0,1,7,0,1,9
1053.6326807379955,4,40.5,0,0,0,8,0,0,8
1054.6463886990095,4,47.0,1,0,0,6,2,0,8
1055.6565176369622,4,60.5,0,0,2,5,0,1,8
1056.6676738460083,4,70.75,0,0,0,7,0,0,7
1057.6790399780148,4,38.25,0,3,0,5,0,0,8
1058.6926325539825,4,31.0,0,0,2,4,0,1,7
1059.7062536719604,4,1.25,0,0,0,5,0,0,5
1060.718462008983,4,71.75,0,0,0,4,0,0,4
1061.730805797968,4,29.75,0,1,0,4,0,0,5
1062.7447283520014,4,29.75,0,2,0,5,0,0,7
1063.760451145994,4,39.0,0,3,1,6,0,0,10
1064.7743398979655,4,65.0,0,2,2,7,0,0,11
1065.7879162199679,4,45.75,0,3,2,8,0,0,13
1066.8016524349805,4,46.5,0,3,1,10,1,0,15
1067.8145765999798,4,72.0,0,5,1,9,0,1,16
1068.8287115200073,4,70.5,4,5,1,8,1,1,16
1069.842426415009,4,69.25,5,3,3,6,0,4,16
1070.8544823389966,4,52.75,8,5,2,8,1,0,16
1071.8687527669827,4,26.75,6,8,1,7,0,0,16
1072.8822584139998,4,70.5,8,8,1,6,1,0,16
1073.8959950479912,4,47.5,17,2,4,9,1,0,16
1074.9096220569918,4,37.25,17,3,3,10,0,0,16
1075.9233218620066,4,58.75,20,4,0,10,0,2,16
1076.9369155240129,4,92.75,31,5,0,2,8,1,16
1077.9504709569737,4,23.25,32,6,7,3,0,0,16
1078.961352480983,4,50.75,34,1,7,7,0,1,16
1079.9708811939927,4,46.25,36,5,3,7,0,1,16
1080.98222910997,4,48.5,38,5,2,3,4,2,16
1081.9958603599807,4,46.75,38,5,2,2,5,2,16
1083.0079641509801,4,46.5,36,3,7,2,0,4,16
1084.0220797659713,4,40.5,32,5,5,6,0,0,16
1085.0332868850091,4,38.75,34,1,6,5,4,0,16
1086.047358842974,4,62.75,27,7,3,6,0,0,16
1087.0613583910163,4,25.25,30,0,6,9,0,1,16
1088.0739263750147,4,76.25,29,1,3,8,0,4,16
1089.0876035409747,4,69.0,25,7,1,7,1,0,16
1090.0995208809618,4,67.0,23,5,4,7,0,0,16
1091.110641960986,4,55.25,25,3,2,10,1,0,16
1092.1209561239812,4,82.0,26,3,2,4,6,1,16
1093.136101690994,4,58.0,23,4,5,2,0,5,16
1094.1498197609908,4,41.25,20,9,2,4,1,0,16
1095.1636896989658,4,24.25,18,7,5,3,0,1,16
1096.1770309410058,4,47.25,19,2,7,4,0,3,16
1097.1909911549883,4,48.75,20,1,7,8,0,0,16
1098.201908390969,4,69.5,20,1,4,9,0,2,16
1099.2138791100006,4,95.0,19,2,4,6,3,1,16
1100.2258760220138,4,30.75,15,4,4,7,1,0,16
1101.2400696349796,4,45.25,14,3,4,8,0,1,16
1102.2546282460098,4,46.0,11,6,2,7,0,1,16
1103.2651642929995,4,95.25,12,6,2,6,1,1,16
1104.2789301309967,4,41.75,11,2,2,12,0,0,16
1105.2910527850036,4,54.0,10,1,2,12,0,1,16
1106.304785345972,4,31.5,8,1,3,12,0,0,16
1107.3169306489872,4,92.5,7,3,2,10,0,1,16
1108.3278833269724,4,94.25,8,3,1,9,1,2,16
1109.3396653099917,4,76.25,5,4,3,6,1,2,16
1110.3547557719867,4,1.0,2,4,4,8,0,0,16
1111.367442112998,4,71.25,3,0,6,10,0,0,16
1112.379070386989,4,49.5,4,1,2,12,0,1,16
1113.3931085079676,4,93.0,4,1,2,10,2,1,16
1114.404216823983,4,94.25,0,4,3,8,0,0,15
1115.41502273496,4,93.5,0,2,6,7,0,0,15
1116.4290690449998,4,62.75,2,1,2,13,0,0,16
1117.4426268300158,4,43.0,5,1,2,10,3,0,16
1118.4565467849607,4,95.25,2,2,3,11,0,0,16
1119.4702470650082,4,56.25,2,1,3,10,2,0,16
1120.4841190149891,4,22.75,4,1,2,11,1,1,16
1121.4955429100082,4,24.0,6,2,1,10,1,2,16
1122.507779611973,4,76.5,3,3,2,10,1,0,16
1123.5193866349873,4,25.75,2,0,3,12,0,1,16
1124.5271613959922,4,69.5,0,1,3,9,1,0,14
1125.541332333989,4,24.25,0,1,3,7,3,0,14
1126.5521449740045,4,71.0,0,1,3,4,6,0,14
1127.5659038589802,4,47.75,0,0,2,4,0,0,6
1128.5794394809636,4,61.75,0,0,2,3,0,1,6
1129.5934765819693,4,70.25,0,0,1,4,0,0,5
1130.6045969660045,4,19.25,1,3,0,4,0,0,7
1131.61726241,4,70.75,0,3,3,4,0,0,10
1132.631104420987,4,46.25,3,2,2,5,1,0,10
1133.6449838599656,4,93.0,3,2,2,4,2,0,10
1134.6575448329677,4,47.0,0,6,3,4,0,0,13
1135.6717231170041,4,39.25,0,7,0,7,0,0,14
1136.6851643759874,4,69.5,1,7,1,6,1,0,15
1137.6990477750078,4,71.25,3,2,7,3,1,3,16
1138.7123923900072,4,36.0,1,5,5,6,0,0,16
1139.7235609489726,4,85.0,5,2,4,5,5,0,16
1140.7382570710033,4,47.25,2,4,4,7,0,1,16
1141.7530573600088,4,52.5,3,5,1,9,1,0,16
1142.7670844469685,4,62.75,6,1,2,12,1,0,16
1143.7787186710048,4,93.0,6,1,2,8,3,2,16
1144.792612825986,4,93.75,4,5,1,10,0,0,16
1145.805361607985,4,25.75,4,1,4,11,0,0,16
1146.818668301974,4,42.5,9,0,2,13,0,1,16
1147.8325642810087,4,57.75,7,1,2,12,1,0,16
1148.8463852569694,4,42.0,3,6,2,8,0,0,16
1149.8576614829944,4,45.5,3,6,2,6,2,0,16
1150.871421081014,4,67.0,4,6,2,5,0,3,16
1151.8853574239765,4,92.5,4,4,4,5,1,2,16
1152.9032122149947,4,23.75,0,8,2,5,0,1,16
1153.9166986150085,4,48.75,0,5,4,3,3,0,15
1154.93249168701,4,24.0,0,2,6,4,0,0,12
1155.949543257011,4,36.0,1,6,3,6,0,1,16
1156.9631630399963,4,22.0,0,2,6,8,0,0,16
1157.9738462030073,4,71.0,0,2,5,6,3,0,16
1158.984538375982,4,70.75,3,2,5,4,5,0,16
1159.998852159013,4,46.5,5,2,5,3,4,2,16
1161.012225567014,4,32.5,2,5,6,3,1,1,16
1162.026280532009,4,69.0,0,7,4,4,0,0,15
1163.039844207,4,37.25,0,8,3,3,0,1,15
1164.0539118039887,4,40.25,0,0,2,11,0,0,13
1165.0602584920125,4,69.25,0,0,0,10,1,1,12
1166.0738512849784,4,95.0,0,0,0,7,1,1,9
1167.0822279909626,4,53.75,0,1,0,5,0,1,7
1168.0962135219597,4,95.25,0,1,0,5,0,1,7
1169.1073352120002,4,68.5,0,3,0,5,0,0,8
1170.1201925469795,4,94.5,0,1,2,5,0,0,8
1171.1326272310107,4,34.75,1,0,0,8,0,0,8
1172.1464924679603,4,75.0,3,0,0,7,1,0,8
1173.1594482659712,4,24.25,0,0,1,8,0,0,9
1174.1715131169767,4,71.75,0,0,1,5,3,0,9
1175.1838587750099,4,46.0,0,0,0,5,0,0,5
1176.1978631980019,4,70.5,0,0,0,4,0,0,4
1177.2113772089942,4,47.25,1,0,0,4,0,0,4
1178.2256736329873,4,24.5,1,1,0,3,0,0,4
1179.2387529030093,4,34.5,0,1,0,4,0,0,5
1180.2527723059757,4,47.0,0,1,0,4,0,0,5
1181.2671618909808,4,46.0,0,0,0,4,0,0,4
1182.2801129269646,4,25.0,0,1,0,2,1,0,4
1183.2921623070142,4,24.0,0,1,1,2,0,0,4
1184.3060297259944,4,46.75,1,0,1,3,0,0,4
1185.3173011479666,4,37.0,0,1,1,2,1,0,5
1186.3296006339951,4,46.75,0,0,1,3,0,0,4
1187.3409486539895,4,49.0,0,0,0,4,0,0,4
1188.3481324950117,4,46.75,2,0,0,3,1,0,4
1189.3621156729641,4,45.75,0,3,0,3,0,0,6
1190.3756536729634,4,23.25,0,2,1,4,0,0,7
1191.3894130089902,4,48.5,0,3,0,5,0,0,8
1192.4027833020082,4,47.5,0,3,0,5,0,0,8
1193.4151798890089,4,46.0,0,3,0,3,0,2,8
1194.4287327039638,4,24.0,0,3,0,6,0,0,9
1195.4426547649782,4,29.0,0,0,1,9,0,0,10
1196.4548861169606,4,54.0,0,0,1,9,0,0,10
1197.4687511509983,4,70.25,0,0,1,8,0,1,10
1198.48087415396,4,1.5,0,1,1,9,0,0,11
1199.4947881849948,4,48.5,0,1,0,10,0,0,11
1200.5083726829616,4,53.75,0,1,0,11,0,0,12
1201.5230271730106,4,70.75,0,0,0,11,0,0,11
1202.5372455340112,4,46.25,0,0,0,9,2,0,11
1203.5501767239766,4,71.75,0,0,0,8,3,0,11
1204.5624120900175,4,69.75,0,0,0,5,0,0,5
1205.576251691964,4,29.0,0,0,0,2,1,0,3
1206.5900685099768,4,7.5,1,1,0,2,0,0,3
1207.603688239993,4,24.0,0,1,1,3,0,0,5
1208.617418645008,4,4.25,0,0,2,3,0,0,5
1209.6295551059884,4,47.25,0,0,0,3,0,0,3
1210.6494680669857,4,47.25,0,0,0,2,1,0,3
1211.663349481998,4,24.25,0,0,0,1,0,0,1
1212.6768547599786,4,24.5,0,2,0,1,0,0,3
1213.6906167339766,4,23.75,0,2,1,1,0,0,4
1214.7051174819935,4,46.5,0,0,0,4,0,0,4
1215.7188974479795,4,69.75,0,2,0,4,0,0,6
1216.7310129510006,4,70.75,0,1,1,4,0,0,6
1217.7425546179875,4,72.0,0,0,0,4,1,0,5
1218.7565942339716,4,47.75,0,0,0,3,1,0,4
1219.7700813899864,4,47.0,0,0,0,2,0,1,3
1220.7824008899624,4,23.25,0,0,0,3,0,0,3
1221.7987898829742,4,47.0,1,0,0,2,0,0,2
1222.812509157986,4,24.0,0,0,0,3,0,0,3
1223.826984954998,4,23.5,1,1,0,2,0,0,3
1224.8408756889985,4,12.5,0,1,0,3,0,0,4
1225.852704970981,4,23.0,0,0,1,3,0,0,4
1226.8662032359862,4,45.5,0,0,0,4,0,0,4
1227.8803548029973,4,47.0,1,0,0,3,0,0,3
1228.8933835919597,4,46.5,1,0,0,2,1,0,3
1229.9072572200093,4,46.5,0,1,0,2,0,0,3
1230.921325406991,4,23.5,0,1,0,3,0,0,4
1231.934591525991,4,16.25,0,1,1,3,0,0,5
1232.9483612569747,4,46.25,0,1,1,4,0,0,6
1233.9605435470003,4,34.0,0,2,1,5,0,0,8
1234.9746741109993,4,38.25,0,1,2,4,0,1,8
1235.9855452079792,4,25.0,0,0,1,5,0,1,7
1237.0017898189835,4,27.75,0,1,0,5,1,0,7
1238.0138647329877,4,20.0,0,1,1,5,0,0,7
1239.0274791920092,4,28.25,0,1,0,5,1,0,7
1240.0404485999607,4,47.0,0,2,0,5,0,0,7
1241.0543806880014,4,48.5,0,0,0,6,0,0,6
1242.0678742119926,4,46.5,0,0,0,6,0,0,6
1243.0814409700106,4,39.25,0,0,1,3,0,0,4
1244.0950177509803,4,29.5,0,0,1,4,0,0,5
1245.108587604016,4,24.25,0,0,0,4,0,0,4
1246.1160447130096,4,26.25,0,0,0,4,0,0,4
1247.1297057459597,4,22.0,0,1,1,4,0,0,6
1248.141190933995,4,23.0,0,1,1,4,0,0,6
1249.1552455709898,4,40.75,0,0,1,5,0,0,6
1250.1688865739852,4,45.5,0,0,0,6,0,0,6
1251.1825539889978,4,46.0,0,0,0,6,0,0,6
1252.1955701860134,4,47.75,0,0,0,5,1,0,6
1253.2096026489744,4,36.5,0,0,0,4,1,1,6
1254.2207861240022,4,47.5,0,2,0,3,0,2,7
1255.2347990800044,4,21.5,0,3,0,3,0,0,6
1256.2482061359915,4,23.0,0,1,2,4,0,0,7
1257.2621416790062,4,45.75,0,0,1,6,0,0,7
1258.2730558679905,4,70.5,0,0,1,4,2,0,7
1259.287005160004,4,58.75,1,0,1,3,0,0,4
1260.297869047965,4,25.75,1,2,1,3,0,0,6
1261.3122541059856,4,71.5,0,1,3,1,0,2,7
1262.3261352470145,4,1.75,0,1,2,2,0,0,5
1263.3410513699637,4,46.75,0,2,0,4,0,0,6
1264.3518835179857,4,48.25,0,4,0,5,0,0,9
1265.3660044429707,4,43.25,0,0,0,9,0,0,9
1266.3769654709613,4,71.25,0,0,0,9,0,0,9
1267.3896052199998,4,93.25,0,0,0,6,0,0,6
1268.4034664939973,4,46.5,0,1,0,5,1,0,7
1269.417688121961,4,32.0,0,0,1,5,0,0,6
1270.4311430149828,4,38.25,1,1,0,5,1,0,7
1271.4453630470089,4,70.0,1,1,0,3,0,3,7
1272.4588791549904,4,8.75,0,2,1,4,0,0,7
1273.4727462980081,4,47.5,0,1,2,4,0,0,7
1274.4848534459597,4,51.75,0,0,1,5,1,0,7
1275.4972359290114,4,24.5,0,1,1,4,0,0,6
1276.510793834983,4,46.75,0,1,0,5,0,0,6
1277.5247818770004,4,47.0,0,0,1,5,0,0,6
1278.538323435001,4,33.75,0,0,0,6,0,0,6
1279.5508619429893,4,47.5,0,1,0,5,0,0,6
1280.5644981290097,4,46.25,0,1,0,4,1,0,6
1281.5782773320097,4,26.75,1,2,0,4,0,0,6
1282.5924154749955,4,0.0,2,2,0,6,0,0,8
1283.6028772729915,4,45.75,0,4,0,6,0,0,10
1284.615715124004,4,13.75,1,3,1,6,0,0,10
1285.6312041580095,4,48.0,0,0,1,10,0,0,11
1286.6450590589666,4,36.25,0,2,0,10,0,0,12
1287.6576822620118,4,90.25,0,0,2,7,1,0,10
1288.6711800229969,4,91.25,0,0,0,7,0,0,7
1289.6844563540071,4,76.75,0,2,0,7,0,0,9
1290.6986025120132,4,34.0,0,0,0,8,0,0,8
1291.7101429029717,4,71.25,1,0,0,6,2,0,8
1292.724369552976,4,70.75,1,0,0,6,2,0,8
1293.7386537200073,4,47.5,0,2,0,5,1,1,9
1294.7541025659884,4,47.75,0,0,0,7,0,0,7
1295.768005201011,4,68.5,0,3,0,6,1,0,10
1296.7821309170104,4,49.0,0,2,0,4,0,0,6
1297.7939755109837,4,70.25,0,0,0,6,0,0,6
1298.807468155981,4,70.25,0,0,0,6,0,0,6
1299.8217408009805,4,70.25,0,0,0,5,0,0,5
1300.8345598279848,4,46.5,0,0,0,3,0,0,3
1301.8457119209925,4,70.0,0,1,0,3,0,0,4
1302.8586355170119,4,71.0,0,1,0,4,0,0,5
1303.8728787549771,4,46.75,0,1,1,2,1,0,5
1304.8867430289974,4,16.25,0,2,1,3,0,0,6
1305.9011252789642,4,0.0,0,3,0,5,0,0,8
1306.914898278017,4,64.5,0,1,1,4,1,1,8
1307.9329466049676,4,68.0,0,1,0,6,0,0,7
1308.946920530987,4,85.5,0,0,1,5,1,0,7
1309.960175960965,4,50.5,0,0,1,5,0,0,6
1310.9734768699855,4,70.0,0,1,1,4,0,1,7
1311.9875469029648,4,43.5,0,1,0,7,0,0,8
1313.0000039790175,4,17.5,0,0,1,7,0,0,8
1314.0138313409989,4,50.75,0,0,0,7,0,0,7
1315.0287418689695,4,48.0,0,0,0,7,0,0,7
1316.0398967519868,4,55.25,0,0,1,7,0,0,8
1317.058366807003,4,47.75,2,2,0,5,2,0,9
1318.071492270974,4,45.75,3,2,0,3,4,0,9
1319.0850987239974,4,24.0,0,3,0,5,0,0,8
1320.098827720969,4,46.25,0,0,0,5,0,0,5
1321.1122808550135,4,3.5,1,1,0,3,2,0,6
1322.1261454169871,4,46.5,2,1,0,3,2,0,6
1323.1382537540048,4,23.25,0,3,0,6,0,0,9
1324.1541599970078,4,48.0,0,3,0,6,0,0,9
1325.1670531759737,4,48.0,0,5,1,6,0,0,12
1326.1800619479618,4,46.25,0,1,5,6,0,1,13
1327.1938439639634,4,24.0,0,1,5,6,0,0,12
1328.2048499279772,4,46.75,0,1,5,4,2,0,12
1329.2187145520002,4,71.25,0,2,4,3,0,0,9
1330.2326013849815,4,24.0,0,5,3,5,0,0,13
1331.2445526029915,4,39.0,0,2,4,6,0,0,12
1332.2581208510092,4,62.25,0,1,3,6,1,0,11
1333.2721493329736,4,34.0,0,2,0,7,2,0,11
1334.2859053720022,4,47.0,1,6,0,7,0,3,16
1335.2956849109614,4,42.5,1,5,1,7,1,1,15
1336.3040927239927,4,45.75,1,4,4,6,1,1,16
1337.3153339449782,4,31.25,1,4,5,7,0,0,16
1338.3289851159789,4,52.5,4,0,5,10,0,1,16
1339.340983757982,4,49.5,1,3,3,9,0,1,16
1340.352371749992,4,28.25,3,2,5,8,0,1,16
1341.36682968901,4,82.25,2,4,0,11,1,0,16
1342.3786967149936,4,67.25,1,1,3,12,0,0,16
1343.3925922350027,4,40.75,3,2,2,11,0,1,16
1344.4137983389664,4,54.0,0,2,4,9,0,0,15
1345.4291716099833,4,71.5,0,2,1,7,4,1,15
1346.4430227059638,4,94.0,0,2,1,4,3,5,15
1347.4559098319733,4,37.0,0,3,0,6,0,0,9
1348.4709643530077,4,11.75,0,2,2,5,0,1,10
1349.4823273859802,4,46.5,0,2,2,4,1,0,9
1350.4967859080061,4,58.75,0,3,1,4,1,1,10
1351.50856152497,4,14.75,0,4,2,5,0,0,11
1352.5203306609765,4,48.0,0,6,0,7,0,0,13
1353.5314100629766,4,46.25,0,6,2,4,1,0,13
1354.5437407550053,4,24.0,0,4,3,5,0,0,12
1355.5580079819774,4,47.0,0,2,3,8,0,1,14
1356.5721748489887,4,27.25,0,1,3,7,0,1,12
1357.5857670219848,4,48.0,0,3,2,8,0,0,13
1358.5997981349938,4,55.0,0,1,3,6,1,2,13
1359.6111261869664,4,27.0,0,3,2,7,1,0,13
1360.623512413993,4,76.0,0,3,2,4,4,0,13
1361.637148320966,4,71.75,0,1,2,5,1,0,9
1362.6509024439729,4,55.5,0,1,0,5,0,0,6
1363.6647919589886,4,36.75,1,1,0,5,1,0,7
1364.6785189840011,4,48.5,2,1,0,2,4,0,7
1365.692685884016,4,46.75,0,5,1,2,0,1,9
1366.7064876189688,4,28.75,0,6,0,3,0,0,9
1367.7184714070172,4,46.25,0,2,3,4,0,0,9
1368.7320491509745,4,46.5,1,2,1,5,1,0,9
1369.7461568809813,4,69.5,4,0,3,5,0,1,9
1370.758143478015,4,29.25,0,4,3,3,0,1,11
1371.7721753439982,4,22.5,0,4,1,5,0,0,10
1372.7859896009904,4,25.0,0,4,1,6,0,0,11
1373.79872762796,4,49.25,0,0,3,7,0,1,11
1374.8118776179617,4,46.75,0,1,1,7,1,0,10
1375.8256580039742,4,54.25,0,3,0,8,0,0,11
1376.839241373993,4,46.25,0,0,3,7,1,0,11
1377.8530364339822,4,69.25,0,0,2,8,1,0,11
1378.8666698230081,4,70.0,0,0,1,8,1,0,10
1379.8807934770011,4,69.5,0,1,1,9,0,0,11
1380.8945507539902,4,39.0,0,3,1,8,0,1,13
1381.909035093966,4,69.75,0,2,1,7,0,0,10
1382.922960013966,4,49.75,1,0,1,10,0,0,11
1383.9435120359994,4,60.25,0,0,1,9,0,0,10
1384.9569203159772,4,25.75,0,0,0,8,0,0,8
1385.968401102,4,70.25,2,0,0,6,2,0,8
1386.9801603669766,4,41.25,0,3,1,4,1,0,9
1387.9921005279757,4,47.75,1,4,1,3,3,0,11
1389.0057575679966,4,46.25,0,7,1,3,0,3,14
1390.0199026369955,4,23.0,0,8,0,2,0,1,11
1391.0335222129943,4,0.0,0,4,5,4,0,0,13
1392.0481511399848,4,23.25,0,7,3,3,1,2,16
1393.061838448979,4,11.75,1,8,5,3,0,0,16
1394.075846704014,4,0.0,2,3,5,8,0,0,16
1395.0895489850082,4,49.0,4,4,2,8,1,1,16
1396.1031557690003,4,75.75,4,4,2,5,4,1,16
1397.1127215870074,4,30.75,0,3,3,8,0,0,14
1398.1265504899784,4,48.75,1,3,2,7,2,0,14
1399.1374281269964,4,82.5,1,3,2,4,5,0,14
1400.1473609620007,4,35.0,2,3,4,5,0,1,13
1401.1620866199955,4,80.25,0,6,2,6,0,1,15
1402.176047298999,4,11.25,0,6,1,7,1,0,15
1403.1897107349942,4,72.0,0,3,5,4,0,4,16
1404.2039297620067,4,48.75,0,1,4,8,0,0,13
1405.2178981630132,4,68.5,0,0,1,12,0,0,13
1406.230140205007,4,46.75,0,0,0,9,2,1,12
1407.243151939998,4,94.75,1,0,0,9,1,2,12
1408.2571016909787,4,94.5,0,2,0,7,0,2,11
1409.267318453989,4,58.75,0,0,3,5,0,0,8
1410.281361153,4,71.75,0,0,1,6,0,0,7
1411.2925187099609,4,78.5,0,0,0,7,0,0,7
1412.304223261017,4,93.5,0,1,0,6,0,0,7
1413.3180530499667,4,23.0,1,2,0,6,0,0,8
1414.3291533169686,4,23.25,0,3,1,6,0,0,10
1415.3421149709611,4,57.5,2,3,1,3,0,3,10
1416.3557145399973,4,32.5,0,4,0,4,1,1,10
1417.3693341100006,4,41.25,0,1,2,6,0,0,9
1418.3834990210016,4,28.75,0,3,1,7,0,0,11
1419.3954309519613,4,58.25,0,2,1,9,0,0,12
1420.4089539459674,4,45.0,0,1,1,10,0,0,12
1421.4228476120043,4,47.75,0,1,0,11,0,0,12
1422.4369917479926,4,39.25,0,2,0,10,0,1,13
1423.4504625539994,4,72.0,0,2,1,10,0,0,13
1424.4642886560177,4,61.25,0,0,1,10,2,0,13
1425.4757953640074,4,93.0,0,0,1,9,3,0,13
1426.4884564729873,4,71.5,0,2,1,9,0,0,12
1427.5022271400085,4,93.25,0,0,1,12,0,0,13
1428.5233908160008,4,54.25,0,1,0,11,0,0,12
1429.5358457689872,4,93.5,0,0,0,9,0,0,9
1430.5496028490015,4,93.0,0,2,0,7,0,1,10
1431.5631096849684,4,82.0,0,8,0,6,0,1,15
1432.5764085960109,4,50.0,1,8,0,8,0,0,16
1433.5903028469766,4,60.25,0,7,2,7,0,0,16
1434.6044311349979,4,14.75,1,4,3,9,0,0,16
1435.6168275359669,4,27.75,3,4,2,6,4,0,16
1436.6311429099878,4,95.25,7,1,1,9,0,5,16
1437.6451505330042,4,21.25,2,6,2,8,0,0,16
1438.6588265949977,4,9.75,5,1,5,9,0,1,16
1439.6728046039934,4,68.5,5,2,4,7,1,2,16
1440.6864251159714,4,69.0,4,6,1,8,0,1,16
1441.7005157920066,4,54.75,3,1,3,12,0,0,16
1442.7144237789907,4,70.75,0,1,2,11,0,1,15
1443.7277748219785,4,62.0,2,2,2,7,4,1,16
1444.742001008999,4,67.5,0,7,1,6,0,0,14
1445.755424336996,4,47.0,1,4,2,5,3,0,14
1446.767544730974,4,47.25,3,4,2,4,4,0,14
1447.7810802719905,4,59.25,3,5,3,6,0,2,16
1448.795350586006,4,82.5,1,7,2,6,0,1,16
1449.8048161200131,4,32.5,1,2,4,9,1,0,16
1450.8158645229996,4,70.75,0,3,3,7,2,0,15
1451.8296788019943,4,60.75,1,6,1,7,1,1,16
1452.8433662399766,4,59.25,0,0,5,10,0,0,15
1453.8545149089769,4,60.0,3,1,2,12,1,0,16
1454.8666751889978,4,92.75,5,1,2,6,7,0,16
1455.8805761819822,4,38.75,0,6,1,6,0,2,15
1456.8867885639775,4,70.25,0,7,0,4,0,1,12
1457.9000877279905,4,5.5,0,0,3,8,0,0,11
1458.9154527469655,4,72.75,2,0,3,7,1,0,11
1459.9275179659599,4,43.25,0,1,1,9,0,1,12
1460.9414898349787,4,94.0,0,0,0,9,0,0,9
1461.9522850539652,4,34.0,0,0,0,6,0,0,6
1462.9657633809838,4,94.75,0,0,0,3,3,0,6
1463.9775896850042,4,23.5,2,0,0,1,5,0,6
1464.9895227510133,4,10.5,0,5,0,1,0,0,6
1466.0007048189873,4,24.25,0,1,4,5,0,0,10
1467.014398721978,4,0.0,0,1,1,8,1,0,11
1468.028392423992,4,71.5,2,1,1,4,3,2,11
1469.0405885459622,4,60.25,0,3,0,5,0,0,8
1470.0520965320175,4,71.5,0,3,0,4,0,1,8
1471.063860254013,4,35.0,0,1,0,6,0,0,7
1472.0776134819607,4,70.5,0,1,0,6,0,0,7
1473.0914465099922,4,66.5,0,0,1,6,0,0,7
1474.1055396919837,4,70.5,0,7,1,4,0,2,14
1475.1190785630024,4,24.0,0,10,0,5,0,0,15
1476.1326426099986,4,24.0,0,6,4,4,1,0,15
1477.1462704059668,4,46.75,3,5,4,4,0,2,15
1478.160223978979,4,16.5,0,5,4,5,0,2,16
1479.1740340489778,4,39.75,1,2,5,9,0,0,16
1480.1876893860172,4,61.75,2,1,1,12,2,0,16
1481.201343573979,4,45.25,0,3,1,5,3,0,12
1482.2135612029815,4,25.5,0,2,0,6,0,0,8
1483.22649239999,4,23.0,0,1,0,7,0,1,9
1484.2405613529845,4,70.75,0,0,0,7,0,0,7
1485.254317353014,4,70.0,0,3,0,7,0,0,10
1486.2657063559745,4,47.5,1,3,0,7,0,0,10
1487.2757614199654,4,62.75,0,3,1,8,0,1,13
1488.2891495319782,4,55.0,0,1,0,10,0,0,11
1489.2988122449606,4,70.5,0,1,0,11,0,0,12
1490.3115601789905,4,77.75,1,1,0,10,0,1,12
1491.3231827300042,4,81.75,0,0,2,6,0,1,9
1492.3371754009859,4,51.0,0,0,1,6,1,0,8
1493.3485660419683,4,94.75,1,0,1,5,2,0,8
1494.3603648439748,4,64.5,0,3,1,5,0,0,9
1495.374179861974,4,74.0,0,1,2,7,0,0,10
1496.3854405109887,4,84.75,0,0,0,9,1,0,10
1497.3993154449854,4,93.5,0,1,0,8,0,0,9
1498.411455050984,4,49.25,0,0,0,8,0,1,9
1499.425423867011,4,69.75,0,1,0,8,0,0,9
1500.43945109396,4,47.0,0,2,0,7,0,0,9
1501.4527246709913,4,70.5,0,1,2,5,1,0,9
1502.4671262879856,4,60.75,0,2,2,4,0,2,10
1503.480592033011,4,31.5,0,0,1,7,0,0,8
1504.4947904549772,4,64.75,0,0,0,7,0,0,7
1505.5086509920075,4,44.75,0,0,0,5,2,0,7
1506.522328801977,4,47.0,0,0,0,4,0,0,4
1507.5364091490046,4,23.75,1,2,0,4,0,0,6
1508.5498718119925,4,43.5,0,0,2,4,1,0,7
1509.5625912009855,4,1.0,0,1,0,6,0,0,7
1510.5760912339902,4,17.5,1,0,1,5,1,0,7
1511.5899213780067,4,47.0,0,1,0,6,0,0,7
1512.604255712009,4,46.5,0,0,0,7,0,0,7
1513.6181291809771,4,46.75,0,0,0,6,1,0,7
1514.6320900369901,4,47.25,0,0,0,4,3,0,7
1515.6447507939884,4,23.25,0,0,0,3,0,2,5
1516.6574452829664,4,47.5,0,1,0,2,0,0,3
1517.6718789609731,4,17.0,0,2,0,3,0,0,5
1518.6836956319748,4,44.0,0,2,1,2,0,0,5
1519.6972492989735,4,25.5,0,1,1,4,0,0,6
1520.7072685780004,4,31.5,0,3,1,5,0,0,9
1521.718429556,4,47.0,0,3,0,6,0,0,9
1522.7347970599658,4,47.0,0,3,0,5,1,0,9
1523.7465453589684,4,46.75,0,0,3,2,1,1,7
1524.760375450016,4,23.25,0,1,3,1,0,0,5
1525.7718787119957,4,23.25,0,3,2,2,0,0,7
1526.784368165012,4,46.0,0,2,3,1,0,0,6
1527.79945559497,4,1.0,0,2,2,2,0,0,6
1528.813681980013,4,12.75,0,1,1,5,0,0,7
1529.8274430030142,4,25.25,0,2,2,5,0,0,9
1530.8399115870125,4,23.25,0,3,1,7,0,0,11
1531.8536149130086,4,19.0,0,0,2,9,0,0,11
1532.8673193359864,4,71.25,0,1,1,9,0,0,11
1533.8793405879987,4,55.25,0,0,1,10,0,0,11
1534.8908576329704,4,55.0,0,0,1,10,1,0,12
1535.9028469049954,4,47.5,0,0,1,9,1,1,12
1536.914501887979,4,95.5,0,0,0,10,0,1,11
1537.9272393219871,4,82.0,1,1,0,7,2,0,10
1538.9410693930113,4,54.5,0,1,1,6,1,0,9
1539.95177908201,4,63.75,0,2,0,7,0,0,9
1540.9661349650123,4,72.5,0,1,1,8,0,0,10
1541.9797326559783,4,95.0,0,2,0,7,0,2,11
1542.993694596982,4,0.0,0,0,1,4,0,0,5
1544.0052543359925,4,46.5,3,0,1,4,0,0,5
1545.0206600159872,4,12.75,0,1,1,6,0,0,8
1546.0341622669948,4,71.0,1,1,0,7,0,0,8
1547.0464432539884,4,45.75,2,1,0,3,4,0,8
1548.0600467830081,4,23.25,0,2,1,3,0,4,10
1549.0738262879895,4,46.75,0,0,1,4,0,0,5
1550.0880343549652,4,12.75,0,1,0,5,0,0,6
1551.1013589999638,4,1.0,0,2,0,6,0,0,8
1552.1154090469936,4,54.25,0,4,0,7,0,0,11
1553.1245389569667,4,47.75,0,1,3,7,0,0,11
1554.1382143839728,4,47.25,0,1,4,4,1,0,10
1555.151848517009,4,69.5,0,2,2,5,0,2,11
1556.1704489350086,4,29.5,0,3,2,8,0,0,13
1557.1843318389729,4,95.5,1,2,2,6,3,0,13
1558.1980834449641,4,95.25,0,5,1,7,0,3,16
1559.2119008940062,4,53.25,3,3,0,6,2,4,15
1560.2258742479607,4,53.75,0,4,1,7,0,0,12
1561.2393606869737,4,46.0,0,4,2,3,1,0,10
1562.2534261220135,4,48.0,0,5,2,3,0,0,10
1563.2669890180114,4,48.0,1,6,2,2,1,0,11
1564.280770723999,4,41.25,0,3,4,5,0,0,12
1565.2881412960123,4,82.75,0,2,2,7,0,1,12
1566.30185677798,4,54.75,0,2,0,5,0,0,7
1567.3140946530038,4,28.5,0,2,2,4,0,0,8
1568.327711283986,4,47.75,0,2,0,6,0,0,8
1569.3400344440015,4,21.0,1,1,2,6,0,0,9
1570.3513755800086,4,47.5,1,1,2,5,1,0,9
1571.3652198709897,4,24.25,0,3,0,6,0,1,10
1572.380692600971,4,24.0,0,1,1,8,0,0,10
1573.3931642459938,4,45.75,0,1,0,6,0,0,7
1574.4054452879936,4,72.5,0,0,1,6,0,0,7
1575.4179309820174,4,47.5,0,3,1,4,1,1,10
1576.4308176299674,4,71.0,0,1,2,5,0,0,8
1577.440587901976,4,69.75,1,2,3,4,0,0,9
1578.4541363319731,4,70.0,0,3,4,3,0,1,11
1579.4670890939888,4,24.75,0,2,4,2,0,1,9
1580.479994661,4,24.0,0,1,2,5,0,0,8
1581.4935786430142,4,72.25,0,2,1,5,0,1,9
1582.506157788972,4,55.5,0,0,1,6,0,0,7
1583.5192016029614,4,70.0,0,0,0,6,0,0,6
1584.5317927669967,4,63.0,0,1,1,5,0,0,7
1585.5440314629814,4,38.5,0,0,1,4,0,0,5
1586.5581830790034,4,24.25,0,0,0,3,0,0,3
1587.5747555419803,4,29.0,0,1,0,3,0,0,4
1588.5878123159637,4,35.75,0,0,0,4,0,0,4
1589.5990283690044,4,23.25,0,1,0,4,0,0,5
1590.6119733590167,4,4.25,0,1,1,4,0,0,6
1591.6255960119888,4,40.5,0,1,1,6,0,0,8
1592.6366773190093,4,75.0,0,1,1,7,0,0,9
1593.6502907139948,4,77.75,0,2,1,6,0,1,10
1594.6614593989798,4,76.5,2,2,0,5,2,1,10
1595.6752816769877,4,70.75,2,2,0,5,2,0,9
1596.6890185489901,4,60.5,0,2,1,5,0,0,8
1597.7028507129871,4,23.25,0,0,2,6,0,0,8
1598.7164930530125,4,48.0,0,0,1,7,0,0,8
1599.7310067489743,4,71.25,3,0,1,4,3,0,8
1600.74483375001,4,71.75,3,0,1,3,4,0,8
1601.7589236879721,4,46.75,0,1,2,5,0,0,8
1602.772756818973,4,34.25,0,0,3,4,0,0,7
1603.7880020099692,4,45.5,1,1,1,6,0,0,8
1604.8019186870079,4,55.75,0,0,1,7,0,0,8
1605.815238374984,4,29.5,0,0,1,6,1,0,8
1606.8283245000057,4,70.0,1,0,1,5,2,0,8
1607.8421216610004,4,60.25,0,3,0,5,0,2,10
1608.8554145650123,4,69.0,0,5,0,3,0,2,10
1609.8690009629936,4,11.5,0,2,4,4,0,0,10
1610.8825724319904,4,72.75,2,2,1,4,3,0,10
1611.8962152809836,4,55.75,0,3,2,4,0,1,10
1612.909952175978,4,59.0,0,0,2,7,1,0,10
1613.924249770993,4,42.5,0,0,1,6,0,0,7
1614.937819387007,4,71.0,4,3,1,3,3,0,10
1615.951349077979,4,23.5,5,3,1,1,5,0,10
1616.9622135859681,4,21.5,0,10,1,1,0,0,12
1617.9757082400029,4,0.0,0,1,7,4,0,0,12
1618.989372887998,4,37.0,0,0,3,8,1,0,12
1620.0008288269746,4,73.25,1,0,1,5,4,1,11
1621.0156015679822,4,24.0,0,2,0,5,0,0,7
1622.029678846011,4,25.0,0,1,0,6,0,1,8
1623.0433899880154,4,52.25,0,3,1,4,0,0,8
1624.0550216099946,4,46.5,0,2,2,5,0,0,9
1625.065814725007,4,70.5,0,4,1,6,0,0,11
1626.08005215897,4,71.75,4,4,1,4,2,0,11
1627.0935265150038,4,47.0,6,4,1,2,4,0,11
1628.1032489740173,4,23.75,0,7,3,2,0,2,14
1629.1169865690172,4,60.5,0,0,6,6,0,0,12
1630.128834856965,4,50.0,0,1,5,7,0,0,13
1631.145361709001,4,72.5,0,2,2,8,1,0,13
1632.1589734110166,4,69.75,0,3,1,9,0,0,13
1633.1726403390057,4,64.5,0,0,3,8,0,1,12
1634.1864350300166,4,74.0,0,0,1,8,0,0,9
1635.2000946939806,4,95.25,0,0,1,7,1,0,9
1636.2124608060112,4,95.0,0,0,1,5,3,0,9
1637.2259747689823,4,52.0,0,0,0,5,0,0,5
1638.2398369199946,4,71.0,0,0,0,4,0,0,4
1639.2503525619977,4,24.0,0,0,0,3,1,0,4
1640.2646090979688,4,24.0,0,1,0,3,0,0,4
1641.2743828810053,4,8.25,0,0,1,1,1,0,3
1642.287845748011,4,23.5,0,0,1,1,1,0,3
1643.2998756199959,4,23.25,0,1,0,2,0,0,3
1644.3110344400047,4,48.0,0,2,1,2,0,0,5
1645.3252033849712,4,44.5,0,2,2,3,0,0,7
1646.338676718995,4,45.0,0,5,0,4,0,0,9
1647.3525798899936,4,1.25,0,6,0,6,1,0,13
1648.3662596719805,4,70.0,0,3,3,4,0,1,11
1649.379808690981,4,23.75,0,1,3,7,0,0,11
1650.3941551609896,4,6.25,0,0,1,11,0,0,12
1651.4055549079785,4,58.75,0,0,4,8,3,0,15
1652.419602718961,4,72.25,0,0,0,9,0,0,9
1653.4323350460036,4,48.5,3,1,0,7,0,1,9
1654.4467280869721,4,66.75,5,1,0,5,2,1,9
1655.459759727004,4,59.75,0,10,0,5,0,0,15
1656.472291558981,4,70.5,2,4,6,6,0,0,16
1657.4843061940046,4,0.0,1,1,5,10,0,0,16
1658.5003708369914,4,57.75,3,1,3,12,0,0,16
1659.512889901991,4,93.75,3,1,0,14,1,0,16
1660.526774922968,4,93.0,4,1,0,8,7,0,16
1661.5401619700133,4,70.5,7,1,0,5,10,0,16
1662.5539957889705,4,24.25,0,9,0,4,0,0,13
1663.5680148579995,4,23.0,0,1,9,3,0,0,13
1664.5815055649728,4,46.75,1,1,6,5,1,0,13
1665.5954013059963,4,69.5,0,1,6,3,0,1,11
1666.6097968110116,4,23.25,0,3,4,6,0,0,13
1667.6212351029972,4,9.75,0,1,1,9,0,1,12
1668.6330556559842,4,74.0,0,1,1,7,3,0,12
1669.6466576869716,4,71.5,0,1,0,6,2,1,10
1670.6573483819957,4,71.0,0,1,0,4,0,5,10
1671.6712340440135,4,46.75,0,1,1,5,0,0,7
1672.6849682269967,4,24.0,0,0,0,7,0,0,7
1673.6990680699819,4,37.5,2,1,0,7,0,0,8
1674.712817010004,4,47.75,0,2,2,5,0,0,9
1675.7258253979962,4,47.75,2,2,1,6,0,0,9
1676.7382239750004,4,48.0,0,4,0,6,0,0,10
1677.751441261964,4,42.5,0,4,0,5,2,0,11
1678.7638568929979,4,57.25,0,4,1,5,0,0,10
1679.775145504973,4,51.5,0,4,0,5,0,1,10
1680.7886140060145,4,92.75,0,4,0,5,0,1,10
1681.8025718330173,4,35.25,0,1,3,4,0,0,8
1682.8165168719715,4,47.25,0,0,4,6,0,0,10
1683.8302600819734,4,23.25,0,2,1,8,0,1,12
1684.842513540003,4,72.25,0,2,1,9,0,0,12
1685.8559219519957,4,37.5,0,0,1,10,0,1,12
1686.8722090419615,4,71.0,0,0,0,9,0,0,9
1687.885632513964,4,42.75,0,2,0,7,0,0,9
1688.8996454389999,4,51.25,0,1,0,6,1,0,8
1689.909412242996,4,52.5,0,1,0,5,0,0,6
1690.9235521759838,4,47.75,0,1,0,6,0,0,7
1691.9375477149733,4,21.75,0,0,2,8,0,0,10
1692.951561342983,4,37.75,0,4,2,9,0,0,15
1693.9607968810014,4,53.75,4,4,1,9,0,2,16
1694.9722995759803,4,24.5,6,3,2,11,0,0,16
1695.9807015169645,4,16.5,6,3,2,11,0,0,16
1696.9941695589805,4,54.25,10,1,2,8,5,0,16
1698.008998172998,4,63.0,15,1,1,2,0,12,16
1699.0217866330058,4,16.75,4,4,8,4,0,0,16
1700.0360134189832,4,59.75,4,1,5,8,1,1,16
1701.0501929409802,4,27.0,4,1,3,11,0,1,16
1702.0620870799758,4,91.5,0,3,3,9,0,1,16
1703.0754438239965,4,48.5,0,1,2,10,1,0,14
1704.0895297609968,4,35.5,0,1,0,8,0,0,9
1705.1012680699932,4,67.75,0,3,0,8,1,0,12
1706.115252649004,4,47.75,0,0,1,9,0,0,10
1707.1285043639946,4,71.0,0,1,1,6,3,0,11
1708.1421207020176,4,38.25,0,2,3,6,0,0,11
1709.1561686209752,4,0.0,1,2,4,7,0,0,13
1710.1694382569985,4,70.75,8,2,4,5,2,0,13
1711.1817334219813,4,71.25,9,5,2,5,0,4,16
1712.1957107029739,4,57.0,8,10,2,4,0,0,16
1713.2084541899967,4,15.0,12,9,1,4,1,1,16
1714.222121875966,4,23.25,14,9,1,3,2,1,16
1715.236189171963,4,23.75,14,9,1,1,4,1,16
1716.2486097209621,4,0.0,10,6,3,7,0,0,16
1717.262543174962,4,45.0,9,8,1,7,0,0,16
1718.276833194017,4,23.25,9,0,6,10,0,0,16
1719.290590056975,4,48.25,4,5,4,6,0,1,16
1720.3045242420048,4,51.75,7,6,2,7,1,0,16
1721.317900251015,4,94.25,11,6,2,4,4,0,16
1722.3320689469692,4,56.25,9,4,4,7,0,1,16
1723.345640480984,4,16.0,7,2,4,8,1,1,16
1724.359117489017,4,22.75,9,2,4,9,0,1,16
1725.372881562973,4,94.0,9,3,3,7,2,1,16
1726.3865992469946,4,46.0,5,5,3,8,0,0,16
1727.399364907993,4,42.5,4,2,2,11,1,0,16
1728.4127607289702,4,95.25,2,2,2,9,1,2,16
1729.4267737030168,4,53.0,0,4,1,9,0,0,14
1730.4407395909657,4,70.75,0,3,3,6,2,0,14
1731.4544561509974,4,0.0,2,3,3,5,3,1,15
1732.4691677410156,4,69.75,5,3,2,4,4,1,14
1733.4831648860127,4,18.25,1,3,8,5,0,0,16
1734.497263030964,4,43.0,8,3,3,10,0,0,16
1735.5108279510168,4,34.0,13,3,1,12,0,0,16
1736.5252614789642,4,71.5,15,3,1,7,0,5,16
1737.539172962017,4,5.75,12,1,5,10,0,0,16
1738.5526800410007,4,16.25,12,1,3,11,1,0,16
1739.567183398991,4,50.75,10,4,2,9,0,1,16
1740.579355629976,4,46.5,13,4,2,3,6,1,16
1741.5933379749767,4,46.5,10,4,4,3,0,5,16
1742.6060005289619,4,52.75,5,8,2,6,0,0,16
1743.6200678329915,4,12.75,6,1,6,9,0,0,16
1744.6309904109803,4,25.0,6,1,4,6,5,0,16
1745.641050049977,4,56.25,1,3,3,9,1,0,16
1746.653373906971,4,51.25,0,5,0,10,1,0,16
1747.667032792,4,59.25,0,1,2,12,0,0,15
1748.679361907998,4,90.25,1,2,1,12,1,0,16
1749.694761877996,4,96.25,3,2,1,9,4,0,16
1750.7067954789964,4,70.5,0,5,0,7,0,0,12
1751.718506081961,4,72.25,0,1,4,7,0,0,12
1752.733442333003,4,27.25,1,1,3,9,0,0,13
1753.7476246209699,4,72.75,1,1,3,6,3,0,13
1754.7588435859652,4,49.75,0,0,4,8,1,0,13
1755.7729864919675,4,60.0,0,1,0,10,0,0,11
1756.7864174150163,4,41.25,0,1,0,9,1,0,11
1757.8013877809863,4,89.0,1,1,0,7,3,0,11
1758.8125984029612,4,70.25,1,1,0,6,4,0,11
1759.826974408992,4,47.5,0,0,0,6,0,0,6
1760.8383791249944,4,70.0,0,0,0,5,0,1,6
1761.852428470971,4,45.75,1,0,0,4,1,0,5
1762.8663171479711,4,71.0,1,0,0,4,1,0,5
1763.8799467249773,4,53.0,1,1,0,2,0,1,4
1764.8939776839688,4,0.0,0,1,2,2,0,0,5
1765.9038158039912,4,39.25,0,1,1,3,0,0,5
1766.91649026901,4,16.5,0,2,0,4,1,0,7
1767.930084601976,4,47.25,0,2,0,4,0,0,6
1768.9442974000121,4,24.25,0,0,0,4,2,0,6
1769.9577625539969,4,43.25,0,0,0,3,0,0,3
1770.9714199280133,4,14.25,0,0,0,3,0,0,3
1771.9852059849654,4,47.0,2,0,0,3,0,0,3
1772.9988453059923,4,29.5,0,3,0,1,0,0,4
1774.0130730759702,4,0.0,0,3,2,0,0,0,5
1775.0284648669767,4,17.25,0,0,2,3,0,0,5
1776.0418247599737,4,23.25,3,0,2,3,0,0,5
1777.05312885897,4,9.5,0,3,2,4,0,0,9
1778.0668640109943,4,24.25,0,4,3,5,0,0,12
1779.080873505969,4,48.0,0,4,2,6,0,0,12
1780.0949525079923,4,46.5,3,4,2,3,3,0,12
1781.1088647280121,4,46.75,5,4,2,2,4,0,12
1782.1217897229944,4,14.75,0,10,0,4,0,1,15
1783.1357089069788,4,35.0,1,4,5,7,0,0,16
1784.148586937983,4,30.0,2,3,4,5,4,0,16
1785.160070028971,4,94.5,3,2,6,4,0,4,16
1786.1740214619786,4,25.25,1,5,6,4,0,1,16
1787.1871296809986,4,73.0,0,8,3,5,0,0,16
1788.2011561429827,4,13.75,0,1,8,7,0,0,16
1789.2148259480018,4,7.75,0,1,5,9,0,0,15
1790.2285196859739,4,71.0,1,1,3,8,3,0,15
1791.242581333965,4,27.0,0,3,2,9,0,1,15
1792.2561303330003,4,77.0,0,1,2,11,0,0,14
1793.2702782669803,4,69.75,0,0,0,12,2,0,14
1794.2837431749795,4,94.0,3,0,0,10,4,0,14
1795.2977839019732,4,94.25,5,0,0,7,7,0,14
1796.3113981990027,4,52.75,0,6,0,4,2,1,13
1797.3248580679647,4,20.25,0,2,3,7,0,0,12
1798.3386789559736,4,41.0,0,2,4,7,1,0,14
1799.3519875989878,4,71.25,0,2,4,5,3,0,14
1800.365991389961,4,71.0,0,1,4,5,1,0,11
1801.379852276994,4,21.25,0,1,1,7,0,0,9
1802.39159624296,4,72.25,1,0,1,7,0,1,9
1803.404422527994,4,90.75,3,0,1,5,2,1,9
1804.418238741986,4,93.5,5,0,1,3,4,1,9
1805.4333193909843,4,35.0,0,0,4,4,1,0,9
1806.4454105799668,4,41.5,0,0,1,8,0,0,9
1807.4592887099716,4,34.75,1,0,1,8,0,0,9
1808.4703755970113,4,70.25,0,1,0,5,0,0,6
1809.4853143789805,4,57.0,1,2,0,4,1,0,7
1810.49652806198,4,70.5,4,2,0,3,2,0,7
1811.5087352909613,4,46.5,0,5,2,2,1,0,10
1812.5226705599925,4,40.75,0,5,1,4,0,0,10
1813.534349123016,4,47.5,0,6,0,5,0,0,11
1814.5467402309878,4,71.5,0,6,0,3,0,0,9
1815.559473612986,4,1.0,0,0,3,7,0,0,10
1816.572309813986,4,13.0,0,2,2,8,0,0,12
1817.583460794005,4,42.5,0,0,1,10,1,0,12
1818.5953750279732,4,70.25,0,0,1,8,3,0,12
1819.6092674389947,4,60.5,0,2,1,5,0,2,10
1820.6235568589764,4,25.0,0,0,1,7,0,0,8
1821.6372880740091,4,35.25,0,1,0,8,0,0,9
1822.6513979349984,4,37.75,0,2,2,8,0,0,12
1823.6653816089965,4,56.0,0,0,1,11,0,0,12
1824.6794169609784,4,15.25,0,0,0,11,0,0,11
1825.6946833109832,4,47.5,0,1,0,10,0,1,12
1826.7082264840137,4,55.25,0,2,1,8,0,0,11
1827.7176895510056,4,47.25,0,0,2,8,1,0,11
1828.731870782969,4,94.5,0,0,1,7,0,0,8
1829.7455364979687,4,72.0,1,0,1,7,0,0,8
1830.7593956199707,4,92.5,0,1,1,4,1,0,7
1831.773584873008,4,9.25,0,2,3,3,0,0,8
1832.7876545239706,4,23.75,0,1,1,5,1,0,8
1833.7994079909986,4,40.25,0,0,1,6,0,0,7
1834.8117718909634,4,47.25,0,1,0,6,0,0,7
1835.824466474005,4,46.0,1,1,0,4,2,0,7
1836.836737620004,4,46.5,0,3,0,3,0,3,9
1837.8509817619924,4,47.5,0,1,1,4,1,0,7
1838.8649292599875,4,51.0,0,0,1,5,0,0,6
1839.8785730759846,4,46.75,0,0,1,3,2,0,6
1840.8926215539686,4,70.25,2,0,1,1,4,0,6
1841.9065216109739,4,23.0,0,2,1,2,0,0,5
1842.9199761939817,4,36.0,0,0,0,6,0,0,6
1843.933509016002,4,23.0,0,1,0,5,0,0,6
1844.943754665961,4,49.5,0,1,0,3,2,0,6
1845.9576561289723,4,23.5,2,1,0,2,0,3,6
1846.9715442020097,4,8.25,0,0,0,4,0,0,4
1847.9826251369668,4,70.25,0,0,0,3,0,0,3
1848.9953042789712,4,23.25,0,0,0,3,0,0,3
1850.0089007019997,4,70.5,2,0,0,2,1,0,3
1851.0210259630112,4,10.75,0,4,0,1,0,0,5
1852.0352679959615,4,23.75,0,0,0,4,0,1,5
1853.0501240820158,4,19.0,0,1,0,4,0,0,5
1854.0636529530166,4,23.25,0,1,0,4,0,0,5
1855.076058053004,4,22.75,1,1,0,4,0,0,5
1856.0897908289917,4,22.75,2,1,1,1,1,1,5
1857.103416908998,4,0.0,0,4,1,1,0,0,6
1858.117340944009,4,0.0,0,4,1,1,0,0,6
1859.1258175239782,4,42.25,0,1,4,2,0,0,7
1860.1392619379913,4,22.25,0,1,3,3,0,0,7
1861.1523453950067,4,18.25,0,5,1,5,0,0,11
1862.1648494999972,4,23.75,0,6,1,5,0,0,12
1863.177882532007,4,47.75,1,6,0,5,1,0,12
1864.189604973013,4,37.25,0,5,2,3,1,0,11
1865.2040805459837,4,20.0,0,4,2,7,0,0,13
1866.218738724012,4,47.0,0,3,2,9,1,0,15
1867.2322311699972,4,51.5,0,0,1,12,0,0,13
1868.2444912149804,4,46.5,0,0,0,12,1,0,13
1869.2540472359979,4,94.5,0,0,0,8,0,0,8
1870.2675665399875,4,25.5,0,1,0,7,0,0,8
1871.2807516349712,4,24.0,0,2,0,6,1,0,9
1872.2931646860088,4,24.0,1,0,2,4,2,0,8
1873.3071063520038,4,31.25,0,1,2,1,1,0,5
1874.319714718964,4,0.0,2,1,1,2,0,0,4
1875.330708944006,4,46.5,3,1,1,1,1,0,4
1876.3431076199631,4,23.0,0,5,2,1,0,1,9
1877.3551986410166,4,22.5,0,6,0,2,0,0,8
1878.368865847995,4,30.5,0,2,4,2,0,0,8
1879.382408645004,4,23.5,0,2,2,4,0,0,8
1880.3932473320165,4,42.75,0,1,3,3,0,0,7
1881.4014400640153,4,28.25,0,5,1,4,0,0,10
1882.415207410988,4,2.5,0,2,2,6,0,0,10
1883.4267487410107,4,55.75,0,2,1,6,1,0,10
1884.440970228985,4,70.5,0,3,2,4,0,3,12
1885.4532808469958,4,43.25,0,3,1,5,0,0,9
1886.4668849629816,4,37.25,0,2,3,4,0,1,10
1887.4796931379824,4,39.0,0,1,4,5,0,0,10
1888.4934949220042,4,23.25,0,5,2,7,0,0,14
1889.507476527011,4,46.5,1,6,2,4,3,0,15
1890.5209933560109,4,46.25,2,7,0,6,0,3,16
1891.5346980799804,4,23.0,0,1,7,7,0,0,15
1892.5485595960054,4,44.75,1,1,5,10,0,0,16
1893.5616520100157,4,63.5,2,1,5,7,3,0,16
1894.5754789100029,4,74.0,3,1,5,5,5,0,16
1895.5890656189877,4,94.0,3,1,3,5,0,7,16
1896.600858035963,4,68.25,0,4,5,7,0,0,16
1897.6141557960073,4,57.0,1,3,3,8,2,0,16
1898.628204759967,4,49.5,2,3,2,9,1,1,16
1899.642038971011,4,70.5,0,4,2,3,0,3,12
1900.655802319001,4,26.5,0,0,3,4,1,0,8
1901.6695951229776,4,35.75,0,3,1,5,0,0,9
1902.6837717309827,4,47.75,4,3,1,4,1,0,9
1903.6975593289826,4,70.5,8,3,1,3,2,0,9
1904.710706449987,4,48.0,2,10,3,3,0,0,16
1905.7247830730048,4,12.0,3,1,9,6,0,0,16
1906.7391471649753,4,25.0,6,2,6,8,0,0,16
1907.752708073007,4,42.25,5,1,5,10,0,0,16
1908.7658467649599,4,33.25,5,2,3,8,2,1,16
1909.7772112269886,4,69.75,6,3,2,8,0,3,16
1910.7881430190173,4,33.0,6,3,2,10,0,1,16
1911.8031119370135,4,94.25,6,3,0,8,4,1,16
1912.817407516006,4,69.0,0,7,2,6,0,0,15
1913.8286507349694,4,53.25,0,5,3,6,1,0,15
1914.8424572590156,4,50.25,0,2,5,8,0,0,15
1915.8492028510082,4,80.25,0,2,3,8,1,0,14
1916.8628615519847,4,93.25,0,1,1,11,0,0,13
1917.8734149229713,4,49.0,2,2,0,11,1,0,14
1918.8867483299691,4,69.75,1,4,1,9,1,0,15
1919.9003238519654,4,54.75,1,4,2,7,0,3,16
1920.9125325129717,4,84.0,0,4,1,7,0,1,13
1921.92610668001,4,24.25,0,0,1,10,0,0,11
1922.9360432350077,4,44.25,0,0,0,10,1,0,11
1923.9499137189705,4,47.5,0,0,0,8,0,0,8
1924.9637382139917,4,47.5,0,0,0,5,2,0,7
1925.9772903469857,4,22.5,0,0,0,4,0,1,5
1926.9888349439716,4,45.75,0,0,0,3,0,1,4
1928.0024150529644,4,23.75,0,1,1,0,0,0,2
1929.0162446770119,4,24.25,0,1,0,1,0,0,2
1930.0295464289957,4,23.25,2,1,0,1,0,0,2
1931.0433702929877,4,23.5,6,1,0,0,0,1,2
1932.0564556699828,4,0.0,0,5,3,1,0,0,9
1933.0699543429655,4,40.5,0,3,4,3,0,0,10
1934.081956545997,4,40.75,0,1,1,9,0,0,11
1935.093071892974,4,58.5,0,0,0,11,0,0,11
1936.105443567969,4,59.25,0,0,0,10,0,0,10
1937.1192967689713,4,72.75,0,0,0,9,0,0,9
1938.1326027750038,4,71.75,0,0,0,6,0,0,6
1939.1482180489693,4,62.75,0,1,0,5,0,0,6
1940.1629069079645,4,47.0,1,0,1,4,0,1,6
1941.1755778879742,4,34.25,0,1,2,4,0,0,7
1942.1886142079602,4,62.75,0,3,1,4,1,0,9
1943.201179533964,4,46.75,0,8,1,3,0,2,14
1944.214002972003,4,12.25,0,3,6,4,1,0,14
1945.228836263006,4,47.25,0,2,3,6,0,1,12
1946.240893906972,4,22.75,0,3,0,9,0,0,12
1947.2538457969786,4,75.5,0,4,1,7,0,0,12
1948.2631386920111,4,47.25,0,2,3,8,1,0,14
1949.2770643369877,4,94.0,1,2,3,4,5,0,14
1950.2883531189873,4,56.75,0,2,4,5,0,0,11
1951.3026749819983,4,50.0,0,2,2,6,1,1,12
1952.3149056379916,4,0.0,0,1,0,9,0,0,10
1953.3280347489635,4,71.75,0,3,1,8,0,0,12
1954.3405761069735,4,43.0,1,3,1,8,0,0,12
1955.3518600090174,4,71.5,0,1,4,5,0,3,13
1956.3623811730067,4,59.75,0,1,3,4,2,1,11
1957.3754247860052,4,23.0,0,0,4,1,0,0,5
1958.3897026510094,4,23.25,0,1,1,4,0,0,6
1959.4036089970032,4,66.25,2,1,1,1,3,0,6
1960.4187497079838,4,23.0,0,7,1,1,0,0,9
1961.4330771269742,4,0.0,0,1,5,4,0,0,10
1962.4472412649775,4,38.5,0,2,2,7,0,0,11
1963.4610086879693,4,71.0,0,1,2,7,0,0,10
1964.4749616989866,4,38.0,1,2,0,9,0,1,12
1965.4868894559913,4,70.75,1,2,0,4,5,1,12
1966.5006421859725,4,45.5,0,1,2,3,0,3,9
1967.514411697979,4,72.25,0,2,1,5,0,0,8
1968.5271629960043,4,58.5,0,1,2,6,0,0,9
1969.5406360650086,4,71.5,0,0,2,6,1,0,9
1970.5545396269881,4,58.5,0,0,1,7,0,0,8
1971.5656904529897,4,46.75,0,2,0,7,0,0,9
1972.5794193359907,4,47.0,0,0,2,8,0,0,10
1973.5931192869903,4,32.5,0,0,2,9,0,0,11
1974.607670236961,4,59.5,0,1,0,10,0,0,11
1975.6180999549688,4,47.75,0,1,1,8,0,0,10
1976.6305540910107,4,55.0,0,0,0,8,0,0,8
1977.643877652008,4,47.5,0,0,0,5,1,0,6
1978.6579993689666,4,47.5,0,0,0,4,1,0,5
1979.6691125090001,4,20.5,0,0,0,1,0,0,1
1980.6830752409878,4,23.5,0,0,1,1,0,0,2
1981.6971698979614,4,25.0,0,1,1,1,0,0,3
1982.709650298988,4,27.0,0,0,0,3,0,0,3
1983.723461829999,4,24.25,0,1,0,3,0,0,4
1984.737114085001,4,48.75,0,0,1,4,0,0,5
1985.7493242240162,4,49.25,1,2,0,5,0,0,7
1986.762983409979,4,18.0,0,3,0,3,0,0,6
1987.7767275130027,4,1.0,0,2,3,2,0,0,7
1988.7898880789871,4,39.5,0,0,2,5,0,0,7
1989.8039925809717,4,71.5,0,0,0,6,1,0,7
1990.8158241889905,4,66.75,0,1,0,6,0,0,7
1991.8284472170053,4,32.5,2,1,0,4,1,0,6
1992.8421325570089,4,47.25,0,0,3,2,1,0,6
1993.8561644249712,4,34.75,0,0,1,4,0,0,5
1994.8697828709846,4,70.0,2,0,1,3,1,0,5
1995.8822405429673,4,26.25,3,0,1,1,0,3,5
1996.8958825579612,4,35.0,0,0,2,3,0,0,5
1997.9100002850173,4,34.75,0,0,0,5,0,0,5
1998.9260168829933,4,47.0,0,0,0,2,2,1,5
1999.9395619569696,4,47.25,1,2,0,2,0,0,4
2000.9500326229609,4,48.5,0,1,2,1,0,0,4
2001.9637788209948,4,1.25,0,2,1,1,0,0,4
2002.9726141900173,4,24.25,2,3,1,1,0,0,5
2003.986341643962,4,23.75,3,3,1,0,1,0,5
2005.0007085509715,4,0.0,0,7,1,1,0,1,10
2006.0145812850096,4,12.75,0,5,2,2,0,0,9
2007.0286479630158,4,50.75,0,5,0,4,0,0,9
2008.039047866012,4,48.25,0,4,1,4,0,0,9
2009.0527668090072,4,2.0,0,6,0,7,0,0,13
2010.0663296299754,4,63.25,3,6,0,7,0,0,13
2011.080436352,4,14.75,2,4,2,9,1,0,16
2012.093847971002,4,77.0,1,3,1,9,2,1,16
2013.1078872719663,4,53.25,0,2,2,10,0,0,14
2014.115543567983,4,73.0,3,2,1,8,2,0,13
2015.1286644630018,4,47.75,7,2,1,7,3,0,13
2016.142468592967,4,47.75,1,8,1,6,0,1,16
2017.1561216589762,4,46.0,2,5,8,3,0,0,16
2018.1695804799674,4,54.5,4,3,4,9,0,0,16
2019.1829806200112,4,92.75,4,3,2,7,2,2,16
2020.1967723619891,4,68.75,5,7,2,4,0,3,16
2021.2118080909713,4,1.25,5,1,7,8,0,0,16
2022.2227488979697,4,71.75,6,4,3,9,0,0,16
2023.2365240000072,4,57.25,9,2,2,11,1,0,16
2024.2494118309696,4,86.0,5,1,4,11,0,0,16
2025.262738445017,4,58.25,4,2,2,8,4,0,16
2026.2726616919972,4,93.75,6,3,1,8,0,4,16
2027.2863287669607,4,88.5,0,5,6,4,0,1,16
2028.2984356469824,4,60.75,0,1,5,9,0,0,15
2029.311264827964,4,27.0,1,1,2,11,2,0,16
2030.3252656959812,4,93.75,5,1,2,5,8,0,16
2031.3388335260097,4,47.5,0,6,3,3,0,3,15
2032.3529542429605,4,43.0,0,0,2,7,0,2,11
2033.3697297229664,4,75.25,0,2,1,8,0,0,11
2034.3803007730166,4,94.5,0,1,2,8,0,0,11
2035.394397541997,4,52.5,0,2,0,9,1,0,12
2036.4078841459705,4,71.5,0,2,0,4,6,0,12
2037.4216987749678,4,46.5,0,2,0,4,6,0,12
2038.4359123579925,4,47.0,2,2,0,2,8,0,12
2039.4472866709693,4,47.5,0,3,1,2,0,0,6
2040.4611687979777,4,12.75,0,1,1,5,0,0,7
2041.4746859029983,4,31.5,0,1,1,6,0,0,8
2042.489066610986,4,24.5,0,2,1,7,0,0,10
2043.5024245319655,4,9.0,0,3,1,7,0,0,11
2044.5158194309915,4,47.25,1,3,1,4,3,0,11
2045.528109723993,4,46.75,1,3,1,1,6,0,11
2046.5419562119641,4,24.0,0,1,3,2,0,0,6
2047.5554494949756,4,53.75,0,2,5,3,0,0,10
2048.569280330965,4,59.0,0,2,3,5,0,0,10
2049.580594599014,4,71.75,2,2,2,5,1,0,10
2050.5932320790016,4,24.25,0,4,0,8,0,0,12
2051.607079087,4,52.75,0,2,3,5,0,1,11
2052.621296532976,4,52.75,0,2,1,6,1,0,10
2053.6329867599998,4,94.25,1,2,1,5,2,0,10
2054.645235946984,4,69.75,1,2,1,2,1,4,10
2055.65919927496,4,23.75,0,3,1,1,0,2,7
2056.6715831459733,4,12.75,1,0,2,3,0,0,5
2057.683425673982,4,40.5,3,2,0,4,1,0,7
2058.6976271999883,4,24.0,0,6,1,4,0,0,11
2059.7116264979704,4,56.75,0,6,1,4,0,0,11
2060.7242002739804,4,45.75,0,3,4,7,0,0,14
2061.736991791986,4,58.75,0,1,5,6,2,0,14
2062.751575900009,4,93.75,3,1,5,5,3,0,14
2063.765116216964,4,93.75,9,1,4,3,6,0,14
2064.779301366012,4,49.5,6,7,5,3,1,0,16
2065.7938632689766,4,6.25,4,2,7,7,0,0,16
2066.8074742599856,4,10.5,4,2,4,10,0,0,16
2067.821682073991,4,46.5,0,3,3,10,0,0,16
2068.832545312005,4,61.0,1,1,3,6,6,0,16
2069.845173383015,4,40.5,0,5,3,5,1,0,14
2070.8567704110174,4,63.0,1,6,1,5,2,0,14
2071.870600505965,4,86.75,5,6,1,1,6,0,14
2072.8843755979906,4,0.0,0,6,5,3,0,2,16
2073.898853893974,4,37.0,0,2,4,10,0,0,16
2074.911914964963,4,15.75,1,1,4,9,0,2,16
2075.9257838570047,4,71.75,2,1,4,6,3,2,16
2076.9394513570005,4,32.5,0,3,2,8,0,0,13
2077.9528657490155,4,95.5,0,0,0,13,0,0,13
2078.9656884369906,4,40.75,0,0,0,10,1,0,11
2079.979275766993,4,70.25,2,0,0,4,6,1,11
2080.991734589974,4,71.25,3,0,0,4,5,2,11
2082.0058349639876,4,34.75,0,5,0,0,0,10,15
2083.016722219996,4,0.0,0,2,4,1,0,0,7
2084.030696725007,4,1.0,0,0,3,4,0,0,7
2085.0434115440003,4,47.25,1,0,2,5,0,0,7
2086.0552046179655,4,25.25,0,2,1,6,0,0,9
2087.0689894320094,4,25.25,0,1,1,7,0,0,9
2088.0801295189885,4,45.0,0,2,0,8,0,0,10
2089.096073196968,4,69.5,1,2,0,4,4,0,10
2090.1100437619607,4,47.0,0,5,0,4,0,4,13
2091.1238360090065,4,47.25,0,4,0,7,0,0,11
2092.137320242997,4,23.0,0,0,3,5,0,0,8
2093.149328508007,4,71.0,0,0,0,5,3,0,8
2094.1626397669897,4,46.5,0,0,1,3,0,0,4
2095.1758003229625,4,23.5,0,1,1,3,0,0,5
2096.1830798179726,4,31.0,0,2,0,4,0,0,6
2097.196429755015,4,47.0,0,1,0,4,0,0,5
2098.2103868509876,4,11.5,0,1,1,7,0,0,9
2099.2236638509785,4,46.25,1,1,1,8,0,0,10
2100.237918609986,4,35.0,0,2,2,7,0,0,11
2101.251720508968,4,48.25,1,1,3,5,4,0,13
2102.2658702440094,4,20.0,0,5,3,3,0,1,12
2103.282805321971,4,26.75,0,1,4,7,0,0,12
2104.2958785590017,4,23.25,0,0,4,8,0,0,12
2105.306192233984,4,64.5,0,0,3,10,0,0,13
2106.3196903939825,4,68.5,0,2,3,8,0,1,14
2107.333745803975,4,57.25,0,1,1,11,1,0,14
2108.3446955539985,4,50.25,0,3,3,8,0,1,15
2109.358696830983,4,42.0,2,3,3,8,1,0,15
2110.3708603419946,4,69.25,5,3,3,6,3,0,15
2111.3773641989683,4,92.5,7,3,3,3,6,0,15
2112.3894264809787,4,70.0,1,8,1,7,0,0,16
2113.4037124739843,4,60.0,0,5,6,5,0,0,16
2114.4161164719844,4,40.0,4,1,6,9,0,0,16
2115.4300284920027,4,93.0,4,1,6,7,2,0,16
2116.444016229012,4,71.25,5,1,6,5,3,1,16
2117.4560090749874,4,28.5,1,5,4,5,0,2,16
2118.4677104110015,4,36.25,0,2,4,6,2,1,15
2119.4808593589696,4,41.75,0,1,4,6,0,2,13
2120.4931984519935,4,71.75,3,1,2,7,1,2,13
2121.506377582962,4,70.25,4,1,2,6,2,2,13
2122.5179123369744,4,70.75,0,8,2,4,0,2,16
2123.5292463090154,4,32.5,0,7,2,2,0,3,14
2124.542996564007,4,30.25,0,3,6,5,0,0,14
2125.5570101990015,4,28.25,1,2,6,4,2,0,14
2126.5702125990065,4,70.75,3,2,6,4,2,0,14
2127.5845858309767,4,72.25,1,2,4,8,0,2,16
2128.598261901003,4,42.5,0,2,4,6,1,1,14
2129.6106628279667,4,44.75,0,0,3,7,1,0,11
2130.6218131100177,4,61.0,0,0,3,6,1,1,11
2131.635009635007,4,90.0,0,0,1,8,0,0,9
2132.6485783549724,4,88.5,0,1,0,6,0,1,8
2133.6610940360115,4,71.0,0,2,0,8,0,0,10
2134.6725059750024,4,25.0,2,1,0,8,1,0,10
2135.6851155679906,4,69.5,2,1,0,7,2,0,10
2136.698634052009,4,47.0,5,1,0,4,5,0,10
2137.711049226986,4,24.0,0,3,2,5,0,0,10
2138.7255368650076,4,35.5,0,3,2,6,0,0,11
2139.738696769986,4,48.0,0,4,1,7,0,0,12
2140.7522719189874,4,22.5,0,0,3,6,0,3,12
2141.7633814999717,4,69.5,0,0,1,6,2,3,12
2142.776860176993,4,68.25,0,4,1,4,2,1,12
2143.7908049160033,4,62.75,0,2,3,6,0,0,11
2144.8013181500137,4,59.5,0,2,3,5,2,0,12
2145.8152876739623,4,60.75,0,2,2,4,1,1,10
2146.828758204996,4,54.75,0,3,2,4,0,2,11
2147.8428296530037,4,46.5,0,6,3,2,0,0,11
2148.856247662974,4,49.75,0,2,5,5,0,0,12
2149.8733307420043,4,71.75,4,2,3,6,1,0,12
2150.8873260059627,4,70.25,9,2,3,2,5,0,12
2151.900756577961,4,0.0,2,8,4,1,0,3,16
2152.9150114599615,4,40.25,0,10,1,5,0,0,16
2153.929122011992,4,31.5,1,3,4,9,0,0,16
2154.9410998820094,4,72.5,3,1,3,8,4,0,16
2155.955254953995,4,46.5,1,2,5,8,0,1,16
2156.9690040429705,4,49.25,1,1,3,9,3,0,16
2157.9827953019994,4,71.75,2,1,3,3,9,0,16
2158.9965740469634,4,31.75,0,6,0,6,0,0,12
2160.010013029969,4,44.0,0,1,3,8,0,0,12
2161.02356971096,4,24.0,0,3,1,9,1,0,14
2162.0370369610027,4,93.0,0,3,1,9,1,0,14
2163.054360490991,4,95.75,4,3,1,7,3,0,14
2164.066694517969,4,32.5,0,5,3,3,0,0,11
2165.0802353139734,4,32.75,0,0,0,10,0,0,10
2166.094656906964,4,43.25,0,0,0,7,2,1,10
2167.1055614500074,4,68.75,1,0,0,5,4,1,10
2168.1179212289862,4,70.5,4,0,0,3,6,1,10
2169.131545623997,4,48.0,5,0,0,1,1,8,10
2170.143330227991,4,27.75,0,0,0,6,0,0,6
2171.1575437579886,4,77.75,0,1,0,6,0,0,7
2172.1713718340034,4,47.75,0,1,0,6,0,0,7
2173.184782390017,4,70.5,0,1,0,5,1,0,7
2174.198494884011,4,47.0,1,1,0,2,4,0,7
2175.2120596379973,4,0.0,0,0,0,3,0,0,3
2176.2256853369763,4,47.5,0,2,0,2,0,0,4
2177.236860316014,4,24.0,2,2,0,2,0,0,4
2178.250856618979,4,23.0,0,4,0,2,0,0,6
2179.2644636660116,4,23.25,0,3,1,1,1,0,6
2180.278569525981,4,23.0,0,2,1,3,0,1,7
2181.290033673984,4,67.75,1,2,1,2,1,1,7
2182.3044798889896,4,46.75,0,2,1,2,0,1,6
2183.3180001269793,4,71.25,0,1,2,3,0,0,6
2184.3315262040123,4,30.25,0,0,0,6,0,0,6
2185.345680571976,4,71.75,0,0,0,5,1,0,6
2186.358008431969,4,55.5,0,1,0,4,0,0,5
2187.3722781799734,4,46.25,0,2,0,4,0,0,6
2188.386317026976,4,23.0,0,5,1,4,0,0,10
2189.399960930983,4,47.0,0,5,1,3,1,0,10
2190.413196442998,4,22.0,0,5,1,1,3,0,10
2191.427145603986,4,4.0,0,0,4,3,0,0,7
2192.44117575197,4,70.5,0,1,1,6,0,0,8
2193.4547457839944,4,52.5,0,1,1,6,1,0,9
2194.4679997590138,4,71.5,0,1,0,6,0,0,7
2195.4817793599796,4,47.25,0,1,1,4,1,0,7
2196.496055532014,4,46.25,1,2,1,2,1,0,6
2197.5089779599803,4,23.25,3,2,1,2,1,0,6
2198.5202627379913,4,23.25,0,3,0,4,0,0,7
2199.5338152039913,4,31.75,0,0,1,6,0,0,7
2200.5458213500096,4,64.5,1,1,0,7,0,0,8
2201.5553070359747,4,94.75,0,3,0,6,0,1,10
2202.5696860859753,4,60.75,1,1,1,4,0,1,7
2203.581709274964,4,48.75,0,0,0,6,0,0,6
2204.5942232760135,4,24.25,0,0,0,5,1,0,6
2205.610229021986,4,62.25,1,0,0,3,0,0,3
2206.6250257010106,4,45.75,0,1,1,3,0,0,5
2207.641684834962,4,45.25,0,1,0,4,1,0,6
2208.655530378979,4,71.0,0,2,1,3,1,0,7
2209.6700136489817,4,16.75,0,2,0,4,0,0,6
2210.684241332987,4,22.5,0,0,2,4,1,0,7
2211.6970306889853,4,71.0,0,2,0,6,0,0,8
2212.7092803849955,4,14.75,0,1,2,6,0,0,9
2213.7228343219613,4,0.0,0,0,1,8,0,0,9
2214.736705432995,4,50.5,0,0,1,9,0,0,10
2215.750435877999,4,65.75,0,0,0,5,1,1,7
2216.7631763219833,4,46.5,0,0,0,2,0,0,2
2217.777103471977,4,2.25,0,1,0,1,0,1,3
2218.7911702080164,4,3.5,0,2,1,2,0,0,5
2219.80454105197,4,23.5,0,5,1,1,1,1,9
2220.8184861069894,4,7.5,0,1,3,3,0,1,8
2221.832273520995,4,47.5,0,3,2,6,0,0,11
2222.8461596479756,4,49.0,0,1,2,10,0,0,13
2223.859608603001,4,82.25,1,1,1,12,0,0,14
2224.872802630998,4,95.5,3,1,1,8,4,0,14
2225.889719315979,4,40.75,0,3,2,5,0,1,11
2226.903259527986,4,26.25,0,2,3,4,1,0,10
2227.917766042985,4,44.75,0,0,2,5,0,0,7
2228.9319717959734,4,92.5,2,0,2,3,2,0,7
2229.9458189039724,4,32.5,0,0,3,6,0,0,9
2230.9547480989713,4,47.75,1,1,1,6,0,1,9
2231.9688604829716,4,40.0,0,0,0,8,0,0,8
2232.982280897966,4,68.75,0,1,0,6,0,0,7
2233.9938879369874,4,0.0,0,0,1,5,0,0,6
2235.0074648949667,4,70.75,0,0,1,3,2,0,6
2236.0208805759903,4,46.75,0,0,1,2,3,0,6
2237.0337825219613,4,50.75,0,2,0,2,0,0,4
2238.0478273920016,4,23.5,0,2,0,2,0,0,4
2239.061543234973,4,0.0,0,5,0,2,0,0,7
2240.075676160981,4,23.5,0,5,2,1,0,1,9
2241.0897287990083,4,0.0,0,4,4,3,0,0,11
2242.1016984530143,4,21.25,0,0,3,8,0,0,11
2243.1153405620134,4,45.75,0,2,3,8,0,1,14
2244.1288196759997,4,93.0,0,3,2,9,0,0,14
2245.142418809992,4,71.25,1,3,2,5,4,0,14
2246.156187515997,4,59.0,0,4,1,3,0,7,15
2247.16996852,4,92.0,2,2,0,4,0,1,7
2248.1817001019954,4,22.5,0,2,2,6,0,0,10
2249.192871812964,4,92.25,0,0,1,7,0,0,8
2250.206859700964,4,46.5,0,0,0,8,0,0,8
2251.2208468479803,4,46.5,0,0,0,5,1,1,7
2252.233196054003,4,38.0,0,0,0,5,0,0,5
2253.243773251015,4,13.75,0,0,1,5,0,0,6
2254.2577390199876,4,71.0,0,0,1,6,0,0,7
2255.269173246983,4,56.5,0,3,1,4,0,1,9
2256.283052629966,4,25.25,0,1,1,7,0,0,9
2257.2967134150094,4,41.5,0,2,0,7,0,0,9
2258.310641066986,4,63.5,0,0,1,6,0,0,7
2259.3236808869988,4,69.5,0,3,0,5,0,2,10
2260.3377010090044,4,33.5,1,3,1,3,1,1,9
2261.3490549430135,4,47.0,0,3,3,2,0,1,9
2262.3629629419884,4,62.5,0,2,3,3,0,1,9
2263.376182931999,4,47.5,0,1,2,4,0,0,7
2264.389748568996,4,24.75,0,1,1,5,0,0,7
2265.403796011,4,71.0,0,0,0,7,0,0,7
2266.4173752389615,4,53.5,0,0,0,7,0,0,7
2267.4277622589725,4,47.5,0,3,2,3,0,0,8
2268.4374197139987,4,8.25,0,3,1,4,0,0,8
2269.450594196969,4,46.5,0,3,1,3,1,0,8
2270.4641596460133,4,46.75,0,4,0,3,0,2,9
2271.4781167519977,4,46.25,0,1,2,3,0,1,7
2272.4915957169724,4,72.75,0,2,1,5,0,0,8
2273.5050309569924,4,58.0,1,1,2,3,2,0,8
2274.518517991004,4,53.75,0,3,0,6,0,0,9
2275.5298728700145,4,58.25,0,0,2,8,0,0,10
2276.5394534809748,4,28.5,0,0,2,7,0,0,9
2277.5513926770072,4,68.25,0,0,1,7,0,0,8
2278.563542969001,4,47.25,1,0,1,6,1,0,8
2279.577129988,4,70.0,0,2,1,3,1,0,7
2280.589495621971,4,62.75,0,2,2,5,0,0,9
2281.6011673209723,4,30.75,0,1,1,7,1,0,10
2282.616303191986,4,71.5,0,1,0,8,0,0,9
2283.6297718989663,4,75.0,0,0,0,7,1,0,8
2284.643572308996,4,53.5,0,1,0,6,0,0,7
2285.6573617719696,4,66.5,0,1,0,6,0,0,7
2286.6712466040044,4,28.0,0,2,1,4,0,0,7
2287.68496962497,4,26.5,0,0,1,6,0,0,7
2288.696892203996,4,24.0,0,0,0,6,0,1,7
2289.7106209769845,4,49.0,0,0,0,4,0,1,5
2290.7241451250156,4,15.25,0,0,0,4,0,0,4
2291.73850860697,4,6.75,0,1,0,3,0,1,5
2292.751949999016,4,36.25,0,1,0,1,2,1,5
2293.764328048972,4,0.0,0,4,1,1,0,1,7
2294.7780178670073,4,23.25,0,4,0,2,0,0,6
2295.792006291973,4,12.75,0,0,2,4,0,0,6
2296.8032694939757,4,46.75,0,0,2,4,0,0,6
2297.8172592530027,4,46.75,1,0,0,6,0,0,6
2298.830355154001,4,46.5,0,2,0,5,1,0,8
2299.8444223219994,4,46.25,0,2,1,4,0,0,7
2300.8578903310117,4,49.25,0,2,0,4,1,0,7
2301.871327380999,4,70.25,2,2,0,4,1,0,7
2302.882774411002,4,24.25,0,2,0,6,0,0,8
2303.8966002750094,4,49.75,0,1,1,5,0,0,7
2304.90842091199,4,69.0,0,1,0,6,0,0,7
2305.9223224250018,4,33.25,0,2,1,4,0,0,7
2306.935620075965,4,46.5,0,2,1,5,0,0,8
2307.9477982539684,4,19.5,0,2,2,4,0,1,9
2308.9617197859916,4,2.5,0,2,2,3,0,1,8
2309.9723382910015,4,46.5,2,2,1,4,0,0,7
2310.9864358259947,4,38.0,0,2,5,3,0,0,10
2311.999947817996,4,60.5,0,1,1,6,0,0,8
2313.019915512996,4,7.25,0,1,0,9,0,0,10
2314.0336210050154,4,32.5,0,1,0,7,1,0,9
2315.0465954339597,4,19.25,0,1,0,8,0,0,9
2316.0592321389704,4,52.25,0,1,1,7,1,0,10
2317.072757483984,4,55.5,0,0,2,6,1,0,9
2318.086902611016,4,47.0,0,2,1,5,0,0,8
2319.1004445849685,4,47.75,0,1,3,4,1,0,9
2320.1135369649855,4,46.5,0,1,4,2,0,1,8
2321.1285324349883,4,40.0,0,2,2,4,0,0,8
2322.140726490994,4,71.25,1,2,1,4,1,0,8
2323.154591969971,4,34.5,0,4,1,4,0,0,9
2324.1682933070115,4,46.75,0,0,2,7,0,0,9
2325.179187988979,4,43.5,0,0,0,7,0,0,7
2326.190811495995,4,46.5,0,0,0,6,0,0,6
2327.204674310982,4,46.5,0,0,0,5,2,0,7
2328.2177735400037,4,42.25,0,0,1,5,0,0,6
2329.2288483129814,4,70.5,0,0,0,5,0,0,5
2330.2417977849836,4,47.5,0,0,0,4,1,0,5
2331.255455484963,4,47.0,0,0,0,4,1,0,5
2332.2692395669874,4,24.25,0,0,0,3,0,1,4
2333.282641988015,4,23.25,0,1,0,3,0,0,4
2334.2960972649744,4,23.0,0,0,0,1,0,0,1
2335.3091678369674,4,23.5,0,5,0,1,0,0,6
2336.3190342889866,4,17.0,0,2,2,3,1,0,8
2337.33140207798,4,47.0,0,5,2,3,0,0,10
2338.3433576769894,4,33.5,0,4,5,6,0,0,15
2339.356428510975,4,47.75,0,2,3,7,0,3,15
2340.369385577971,4,25.0,1,3,0,7,2,0,12
2341.38146147097,4,70.75,3,4,0,4,5,0,13
2342.3925114629674,4,70.5,3,4,0,3,6,0,13
2343.4054654189968,4,47.0,0,1,5,4,0,0,10
2344.4194031449733,4,51.5,0,0,2,8,0,0,10
2345.4325789589784,4,47.5,3,0,1,8,2,0,11
2346.445502600982,4,65.25,0,3,1,7,0,0,11
2347.4584856670117,4,54.5,0,4,3,3,0,3,13
2348.4705890869955,4,39.75,0,5,5,4,0,0,14
2349.48255291197,4,7.75,1,3,7,6,0,0,16
2350.4966614220175,4,51.75,2,3,4,6,1,2,16
2351.5103695379803,4,87.25,2,5,2,6,0,3,16
2352.5243267460028,4,47.0,3,8,1,4,0,3,16
2353.5381309050135,4,42.25,1,0,9,7,0,0,16
2354.5503139169887,4,50.0,3,0,6,6,1,3,16
2355.5642606969923,4,39.5,4,3,4,4,4,1,16
2356.5778534869896,4,72.25,0,7,4,5,0,0,16
2357.591742318007,4,31.0,2,0,7,8,1,0,16
2358.6055264369934,4,57.5,2,2,3,11,0,0,16
2359.617957826995,4,46.25,3,2,3,6,0,5,16
2360.631841396971,4,70.25,0,6,1,5,1,1,14
2361.6459031999693,4,37.75,0,1,6,5,0,1,13
2362.659612879972,4,50.0,0,0,3,7,0,0,10
2363.6708267389913,4,68.75,0,1,1,5,0,2,9
2364.684364545974,4,12.75,0,0,1,7,0,0,8
2365.698545137013,4,70.75,2,0,1,5,2,0,8
2366.711977145984,4,93.25,3,0,1,3,4,0,8
2367.7252167059924,4,70.25,3,0,1,2,5,0,8
2368.738929471001,4,23.25,0,1,2,5,0,0,8
2369.7542924309964,4,22.75,0,2,1,5,0,0,8
2370.762942739995,4,24.5,0,1,0,6,1,0,8
2371.776531601965,4,47.25,0,0,1,6,1,0,8
2372.7880329850013,4,47.75,0,0,1,6,1,0,8
2373.800028980011,4,28.5,0,0,0,6,0,0,6
2374.8135554349865,4,45.5,0,0,0,5,0,0,5
2375.82529936597,4,23.0,0,1,0,3,0,2,6
2376.839167997008,4,44.75,3,1,0,2,0,0,3
2377.852903730003,4,23.25,0,3,2,2,0,0,7
2378.8665509509738,4,48.75,0,1,0,4,0,0,5
2379.8796540320036,4,46.75,0,1,0,3,1,0,5
2380.891834764974,4,46.5,0,1,0,4,0,0,5
2381.9004760119715,4,47.25,0,0,0,6,0,0,6
2382.911835473962,4,70.5,0,0,0,6,0,0,6
2383.9255191080156,4,71.0,0,4,0,3,0,3,10
2384.937677400012,4,22.25,1,1,5,2,0,0,8
2385.949691055983,4,36.5,0,2,4,5,0,0,11
2386.9649818110047,4,48.25,2,2,3,6,0,0,11
2387.978749914968,4,56.25,0,2,3,7,0,0,12
2388.9923515850096,4,84.5,0,1,2,10,0,0,13
2390.0040540639893,4,72.5,4,3,2,11,0,0,16
2391.01594834798,4,70.25,5,1,2,10,3,0,16
2392.0298696039827,4,57.75,4,4,2,10,0,0,16
2393.0406311789993,4,59.25,3,7,1,8,0,0,16
2394.0539237330086,4,0.0,2,6,3,6,0,1,16
2395.067007214995,4,66.5,2,3,4,8,1,0,16
2396.079673277971,4,70.75,3,3,4,6,3,0,16
2397.09106996801,4,27.5,0,6,2,7,0,1,16
2398.1053277929896,4,48.5,0,0,2,12,0,0,14
2399.116958872997,4,49.0,0,0,1,9,0,0,10
2400.1292874499923,4,47.25,0,0,1,6,1,1,9
2401.1488153529936,4,71.25,0,0,1,5,0,0,6
2402.1624414129765,4,38.0,0,1,0,5,0,0,6
2403.1767297059996,4,12.0,0,0,2,3,0,1,6
2404.1899231330026,4,24.75,1,0,1,3,0,1,5
2405.203883629001,4,45.0,0,2,3,2,1,0,8
2406.2178878039704,4,23.25,0,3,1,3,0,2,9
2407.2307132119895,4,47.0,4,3,1,1,2,2,9
2408.2431978429668,4,21.5,0,4,2,3,0,0,9
2409.254250614962,4,36.75,0,0,3,5,1,0,9
2410.268246039981,4,0.0,1,0,2,5,0,0,7
2411.283353013976,4,24.0,0,1,2,5,0,0,8
2412.2973286699853,4,24.5,0,1,1,6,0,0,8
2413.310838350968,4,26.0,0,3,1,3,0,1,8
2414.323551898997,4,45.75,0,5,0,4,0,0,9
2415.336658479995,4,33.0,0,3,2,4,0,0,9
2416.3478602209943,4,48.25,1,1,2,6,0,0,9
2417.361864149978,4,70.5,0,4,2,5,0,1,12
2418.374732583994,4,46.5,0,3,1,7,0,1,12
2419.3878646349767,4,59.75,0,2,1,7,0,0,10
2420.3977307070163,4,72.0,0,2,1,6,0,1,10
2421.40923472296,4,23.25,0,1,1,5,0,1,8
2422.420238990977,4,53.0,0,3,2,3,1,1,10
2423.4325120740104,4,23.25,3,2,2,2,1,1,8
2424.443486862001,4,0.0,0,5,1,3,1,0,10
2425.457707564987,4,61.75,0,3,3,3,0,0,9
2426.471507442009,4,16.5,0,0,2,6,0,0,8
2427.48211052001,4,48.75,0,2,0,7,1,0,10
2428.493694941979,4,44.75,1,4,0,7,1,0,12
2429.5055354610085,4,70.75,2,3,0,8,1,0,12
2430.5180236789747,4,61.75,1,3,3,8,0,0,14
2431.53120457998,4,88.75,0,2,3,11,0,0,16
2432.5450089669903,4,47.0,2,3,1,9,2,1,16
2433.5550823090016,4,82.5,0,4,1,6,0,0,11
2434.567539562995,4,48.75,1,0,3,7,1,0,11
2435.5824129679822,4,93.75,2,0,2,5,4,0,11
2436.5953589850105,4,70.75,4,0,1,4,4,2,11
2437.6076999700163,4,50.5,0,0,3,5,0,0,8
2438.6146869430086,4,48.5,0,1,1,7,0,0,9
2439.628691099002,4,69.5,0,0,1,7,1,0,9
2440.6418985829805,4,94.5,0,0,1,7,1,0,9
2441.651857419987,4,93.25,2,0,1,6,2,0,9
2442.6658874040004,4,46.75,0,5,0,2,0,0,7
2443.678313262004,4,18.25,0,1,2,5,0,0,8
2444.6915736380033,4,25.0,0,1,0,8,0,0,9
2445.7053510789992,4,48.75,1,1,0,8,0,0,9
2446.719775600999,4,48.5,3,1,0,8,0,0,9
2447.731984387967,4,46.75,4,1,0,6,2,0,9
2448.7455583899864,4,30.25,0,9,0,5,0,0,14
2449.7598755949875,4,39.5,0,1,1,12,0,0,14
2450.7736063720076,4,65.0,1,1,1,8,3,0,13
2451.7871162680094,4,95.0,5,1,1,8,3,0,13
2452.7993704900146,4,95.0,2,6,1,9,0,0,16
2453.8096540279803,4,68.25,1,1,5,8,0,2,16
2454.8221725109615,4,17.25,0,3,3,8,0,0,14
2455.836111004988,4,69.25,1,5,2,6,3,0,16
2456.846250046976,4,70.5,1,5,2,4,4,1,16
2457.860123315011,4,46.5,0,7,1,3,0,3,14
2458.873794324987,4,61.25,0,6,4,2,1,0,13
2459.888126723992,4,36.0,0,5,2,6,0,0,13
2460.9005408720113,4,68.75,1,5,2,3,3,0,13
2461.9117794689955,4,41.5,0,4,3,5,0,0,12
2462.9214749319945,4,60.25,0,4,3,8,0,0,15
2463.9351508739637,4,71.5,0,0,5,10,0,0,15
2464.9446659699897,4,71.25,0,0,5,7,3,0,15
2465.95575783198,4,93.5,0,0,5,6,4,0,15
2466.9718404890154,4,70.75,2,0,5,4,6,0,15
2467.9855151129887,4,34.25,0,2,3,6,0,0,11
2469.009480873996,4,94.0,0,4,1,8,0,0,13
2470.023267981014,4,46.25,0,6,1,8,0,0,15
2471.0368514389847,4,95.0,1,4,2,7,2,0,15
2472.048877543013,4,39.5,0,2,3,7,0,2,14
2473.061113187985,4,49.0,0,2,2,8,0,0,12
2474.0748593250173,4,35.75,0,1,2,7,0,0,10
2475.085304113978,4,70.75,1,1,1,7,1,0,10
2476.0976934749633,4,71.5,4,1,1,6,2,0,10
2477.1113006639644,4,47.0,5,1,1,5,3,0,10
2478.12343407399,4,40.0,0,6,0,5,0,0,11
2479.1351691089803,4,89.0,0,1,1,7,0,1,10
2480.149274291005,4,43.75,0,0,0,9,0,0,9
2481.1630738439853,4,95.5,0,0,0,9,0,0,9
2482.1766783969942,4,10.5,0,1,0,8,1,0,10
2483.190444639011,4,70.25,0,1,0,5,4,0,10
2484.2013867819915,4,26.0,1,2,1,5,0,0,8
2485.2137530079926,4,46.5,2,1,0,4,3,0,8
2486.2247855159803,4,95.0,3,1,0,4,0,3,8
2487.238391181978,4,58.25,0,6,0,4,0,0,10
2488.251918918977,4,25.25,0,0,1,6,0,0,7
2489.2651670429623,4,79.0,0,0,0,7,0,0,7
2490.277283998963,4,93.25,0,0,0,6,1,0,7
2491.292177681986,4,94.5,2,0,0,3,4,0,7
2492.3058162049856,4,63.25,0,2,0,2,0,2,6
2493.3196868369705,4,23.25,0,1,0,5,0,0,6
2494.33335152996,4,48.0,0,0,0,5,1,0,6
2495.342884740967,4,94.25,3,0,0,5,1,0,6
2496.3568939309916,4,64.75,1,3,0,0,2,2,7
2497.367841575993,4,5.5,0,0,1,4,0,0,5
2498.381668390997,4,65.75,0,2,1,5,0,0,8
2499.3923700219602,4,56.25,0,2,1,3,2,0,8
2500.4065284479875,4,47.0,0,2,1,1,4,0,8
2501.4199879189837,4,23.25,0,2,1,0,5,0,8
2502.433644192992,4,0.0,0,2,2,1,0,0,5
2503.4476415860117,4,17.75,0,2,1,2,0,0,5
2504.4586989259697,4,23.25,1,2,1,2,0,0,5
2505.4726543389843,4,23.5,3,2,0,3,0,0,5
2506.486217523983,4,48.0,3,2,0,1,2,0,5
2507.4998327029753,4,23.0,0,6,0,2,0,0,8
2508.5125917620026,4,28.5,0,3,3,3,0,0,9
2509.526591775997,4,47.5,0,1,3,6,0,0,10
2510.5375377800083,4,44.0,0,0,2,10,0,0,12
2511.553166792961,4,50.25,0,0,0,11,1,0,12
2512.5669560839888,4,93.0,0,2,0,10,0,1,13
2513.5806426570052,4,24.0,0,2,0,7,3,0,12
2514.5947649509762,4,47.75,2,2,0,3,7,0,12
2515.6070049249684,4,48.25,3,2,0,3,7,0,12
2516.6214537890046,4,46.5,0,6,2,3,0,3,14
2517.6317893209634,4,26.25,0,2,3,6,0,0,11
2518.645910588966,4,24.25,0,1,1,9,0,0,11
2519.6592610689695,4,66.5,0,1,1,8,1,0,11
2520.6732597230002,4,94.5,1,1,1,4,5,0,11
2521.686958950013,4,47.0,0,3,1,3,0,6,13
2522.7007737469976,4,29.25,0,0,2,4,0,0,6
2523.7151672780165,4,32.0,1,0,2,4,0,0,6
2524.729519032,4,22.75,2,1,1,4,1,0,7
2525.743834638968,4,46.0,0,2,1,5,0,1,9
2526.7579899639823,4,70.75,0,3,0,6,0,0,9
2527.770998566004,4,32.5,0,0,1,7,0,0,8
2528.7845207719947,4,71.0,0,0,0,7,1,0,8
2529.797413441993,4,94.0,1,0,0,5,3,0,8
2530.808979394962,4,36.5,0,2,0,4,0,2,8
2531.8227414980065,4,71.75,0,3,0,4,0,0,7
2532.8335486159776,4,51.5,0,1,1,5,0,0,7
2533.847795989015,4,82.25,0,1,0,6,0,0,7
2534.8603992220014,4,58.0,1,0,0,5,1,0,6
2535.874609376013,4,54.5,0,2,0,3,0,1,6
2536.888120165968,4,58.0,0,1,0,4,1,1,7
2537.9017824439798,4,45.75,1,1,0,2,3,1,7
2538.9154647769756,4,68.75,0,1,0,3,0,1,5
2539.9288709269604,4,47.5,0,0,0,3,0,0,3
2540.9430658560013,4,46.75,0,0,0,3,0,0,3
2541.954959519964,4,23.25,0,0,0,2,0,0,2
2542.9682908079703,4,23.75,0,0,0,2,0,0,2
2543.982269917964,4,23.5,0,0,0,2,0,0,2
2544.994731256971,4,5.75,1,0,0,1,0,0,1
2546.008173901995,4,23.25,0,1,0,1,0,0,2
2547.0203996619675,4,1.5,0,1,2,1,0,0,4
2548.0338468650007,4,12.0,1,1,2,0,1,0,4
2549.0479914869647,4,0.0,1,1,2,0,1,0,4
2550.0591295890044,4,22.75,1,2,0,2,0,0,4
2551.072080017999,4,23.5,0,1,1,3,0,0,5
2552.0828327069758,4,15.5,0,1,1,4,0,0,6
2553.1016485900036,4,46.25,0,3,0,5,0,0,8
2554.113041019009,4,24.0,1,4,0,3,0,0,7
2555.125385975989,4,23.5,0,1,3,5,0,0,9
2556.1390941319987,4,71.0,0,1,3,4,1,0,9
2557.150311759964,4,71.25,0,1,3,4,1,0,9
2558.162095280015,4,3.25,0,0,1,7,0,0,8
2559.1745853679604,4,53.5,0,1,1,7,0,0,9
2560.186610181001,4,49.25,0,0,0,8,0,0,8
2561.198831119982,4,52.5,0,0,1,7,0,0,8
2562.2103730979725,4,30.25,0,1,1,6,0,0,8
2563.224063319969,4,72.25,0,1,1,6,0,0,8
2564.2377866400057,4,57.5,0,1,1,7,0,0,9
2565.250377813005,4,84.0,0,2,0,7,0,0,9
2566.2612131139613,4,57.0,0,0,1,7,0,0,8
2567.274801041989,4,61.75,0,0,1,6,1,0,8
2568.2857218009885,4,33.25,1,1,0,6,1,0,8
2569.2998594529927,4,71.25,4,1,0,2,5,0,8
2570.3137285219855,4,23.0,5,1,0,0,7,0,8
2571.327480744978,4,0.0,0,1,4,1,0,0,6
2572.3415098289843,4,43.0,0,6,0,4,0,0,10
2573.3547271859716,4,46.75,0,2,3,7,0,0,12
2574.368061295012,4,94.25,8,2,2,2,5,1,12
2575.382264432963,4,47.5,4,9,1,3,0,3,16
2576.396033136989,4,55.0,4,6,1,9,0,0,16
2577.4098603439634,4,72.5,5,3,4,6,1,2,16
2578.4201486039674,4,49.25,6,1,4,8,1,2,16
2579.434075902973,4,95.25,9,1,4,5,4,2,16
2580.4477440739865,4,70.75,8,2,3,5,0,6,16
2581.462305827008,4,34.25,5,1,4,11,0,0,16
2582.4760687089874,4,37.5,4,1,1,11,0,3,16
2583.489807037986,4,23.25,4,1,1,5,6,3,16
2584.5033603949705,4,68.75,0,3,3,5,0,3,14
2585.5169642649707,4,38.75,0,4,2,6,1,0,13
2586.531071186997,4,69.25,2,4,1,5,3,0,13
2587.544252309017,4,46.75,0,3,4,5,0,0,12
2588.5581436319626,4,27.75,0,1,2,9,0,0,12
2589.57496157696,4,41.25,0,2,1,10,1,0,14
2590.5863186619827,4,81.0,1,4,1,7,0,4,16
2591.600431599014,4,55.25,0,0,4,9,0,0,13
2592.6125614889897,4,88.25,0,0,2,9,2,0,13
2593.6246402380057,4,70.0,1,0,2,6,4,1,13
2594.639013480977,4,93.75,0,1,1,7,0,0,9
2595.652888968005,4,68.5,0,0,3,6,0,0,9
2596.666086974961,4,65.5,0,2,0,8,0,1,11
2597.6795981139876,4,92.75,2,2,0,6,2,1,11
2598.6921660299995,4,93.75,3,2,0,2,6,1,11
2599.7058702579816,4,38.5,0,2,2,4,0,0,8
2600.7176984180114,4,71.0,0,2,1,6,1,0,10
2601.7312558949925,4,48.5,0,3,0,9,0,0,12
2602.745090016979,4,60.5,1,3,0,6,3,0,12
2603.7544358929736,4,92.25,2,3,0,5,4,0,12
2604.7655561889987,4,69.75,5,3,0,4,5,0,12
2605.778005987988,4,54.25,0,4,3,6,0,0,13
2606.7915782569908,4,46.5,0,1,0,13,0,0,14
2607.8056733720005,4,79.0,2,2,1,12,0,0,15
2608.8168821510044,4,94.0,2,2,1,9,3,0,15
2609.828549392987,4,94.5,2,2,1,8,4,0,15
2610.842574394017,4,69.75,0,4,0,5,1,3,13
2611.8562926659943,4,24.5,1,1,4,5,0,0,10
2612.869950291002,4,43.0,0,2,2,6,1,0,11
2613.883528219012,4,71.0,3,2,2,4,3,0,11
2614.8968494089786,4,70.75,4,2,2,2,1,4,11
2615.9097892029677,4,46.5,0,2,1,6,0,0,9
2616.9226794819697,4,95.0,0,0,1,8,0,0,9
2617.9369169719866,4,71.25,0,0,1,7,0,1,9
2618.9490290849935,4,60.25,0,1,0,8,0,0,9
2619.965080079972,4,46.25,1,1,0,7,1,0,9
2620.9755886700004,4,92.0,3,1,0,4,4,0,9
2621.9893798549892,4,53.5,0,5,0,3,0,5,13
2623.0018035770045,4,23.0,0,4,1,3,0,2,10
2624.0155656269635,4,25.0,0,0,2,6,0,0,8
2625.0297783839633,4,69.75,0,0,2,6,0,0,8
2626.0435086659854,4,58.25,0,0,0,6,1,0,7
2627.057233189,4,53.5,0,2,0,4,0,0,6
2628.066144011973,4,52.5,0,1,1,3,1,0,6
2629.0797945709783,4,61.75,0,0,0,5,0,0,5
2630.093225796998,4,27.5,0,1,0,4,0,0,5
2631.103991276992,4,27.75,0,0,1,5,0,0,6
2632.1177779089776,4,72.0,0,0,0,5,0,0,5
2633.1245771370013,4,56.5,0,1,0,4,1,0,6
2634.1425929010147,4,46.75,0,1,1,4,0,1,7
2635.1590262450045,4,67.25,0,1,1,4,0,1,7
2636.172568187001,4,77.0,0,0,2,4,0,0,6
2637.1863767519826,4,93.75,0,0,1,5,0,0,6
2638.1950179400155,4,83.5,1,0,1,4,1,0,6
2639.208782616013,4,35.25,0,2,1,3,0,0,6
2640.222251742962,4,23.25,0,0,2,4,0,0,6
2641.2347777190153,4,15.75,0,0,0,5,0,1,6
2642.24854289199,4,70.25,0,0,0,4,1,1,6
2643.2605922420043,4,70.25,1,0,0,2,3,1,6
2644.274368881015,4,23.0,0,1,0,1,0,1,3
2645.288156507013,4,23.25,0,1,0,2,0,0,3
2646.2991382299806,4,44.25,1,1,0,2,0,0,3
2647.313033639977,4,46.5,2,1,0,2,0,0,3
2648.3250653310097,4,47.0,2,1,0,1,1,0,3
2649.337687818974,4,23.5,0,0,2,2,0,0,4
2650.3501541119767,4,70.0,0,1,1,3,0,0,5
2651.360963565996,4,47.5,0,0,2,3,0,0,5
2652.3738615949987,4,70.75,1,0,1,3,1,0,5
2653.385683476983,4,48.75,0,0,1,3,0,0,4
2654.399451936013,4,46.75,0,0,1,2,1,0,4
2655.4134914120077,4,47.5,0,1,0,3,0,1,5
2656.427893896005,4,47.25,0,3,1,2,0,0,6
2657.4415487239603,4,23.25,0,4,0,4,0,0,8
2658.453012881975,4,43.0,0,4,0,4,0,0,8
2659.4668264219654,4,69.75,0,2,2,3,0,1,8
2660.480381200963,4,33.25,0,2,1,3,0,0,6
2661.494281207968,4,45.0,0,3,1,3,0,0,7
2662.507739964989,4,22.5,1,3,1,2,1,0,7
2663.5215777569683,4,49.25,2,3,0,1,3,0,7
2664.5379667190136,4,23.25,3,3,0,1,2,1,7
2665.54773662996,4,0.0,0,3,1,3,0,0,7
2666.561422517989,4,24.75,0,2,0,5,0,0,7
2667.575636775,4,23.25,1,2,1,6,0,0,9
2668.589506229968,4,69.25,0,4,0,6,0,0,10
2669.60314384097,4,42.5,1,3,0,8,0,0,11
2670.6196540640085,4,69.5,1,3,0,7,1,0,11
2671.6333640919765,4,56.25,1,3,1,6,2,0,12
2672.647522764979,4,70.5,0,5,2,4,0,1,12
2673.661785267992,4,46.75,0,5,0,4,1,1,11
2674.6755714009632,4,71.5,0,0,2,6,1,0,9
2675.6897174919723,4,27.0,0,0,0,4,2,0,6
2676.7033780069905,4,70.0,0,1,0,4,0,0,5
2677.7169008390047,4,70.0,0,2,0,3,0,0,5
2678.7311153509654,4,59.0,0,1,4,3,1,1,10
2679.7445822829613,4,10.75,2,0,2,3,1,1,7
2680.7587916490156,4,48.75,4,0,2,2,2,1,7
2681.7720576529973,4,23.25,4,0,1,3,0,3,7
2682.7835594339995,4,25.0,0,4,1,2,0,1,8
2683.797273986973,4,69.75,0,0,1,5,0,0,6
2684.8089735499816,4,40.25,0,2,5,3,1,1,12
2685.8210037219687,4,21.75,0,1,4,7,0,1,13
2686.8367719170055,4,68.0,0,3,2,4,0,1,10
2687.8488432840095,4,22.75,0,4,2,5,1,0,12
2688.8607511729933,4,23.0,1,5,1,4,2,0,12
2689.872760395985,4,47.5,5,5,1,3,3,0,12
2690.885203000973,4,47.25,2,10,3,3,0,0,16
2691.897330366017,4,36.75,4,1,5,10,0,0,16
2692.9085940520163,4,71.5,6,0,3,11,1,1,16
2693.9226277259877,4,57.0,4,3,5,7,0,1,16
2694.942367470998,4,55.5,7,4,3,9,0,0,16
2695.9562238209764,4,72.0,10,4,3,6,3,0,16
2696.969901239965,4,71.0,11,4,3,6,3,0,16
2697.983505852986,4,71.25,11,1,7,7,0,1,16
2698.9974167229957,4,23.5,10,1,6,8,1,0,16
2700.010781015968,4,72.25,10,1,2,12,0,1,16
2701.0229112209636,4,79.5,6,3,3,8,2,0,16
2702.0348099709954,4,21.5,5,3,2,10,1,0,16
2703.0483676239965,4,46.25,4,3,4,8,0,1,16
2704.0622399739805,4,38.5,1,3,3,10,0,0,16
2705.0757863619947,4,72.25,0,1,2,10,0,3,16
2706.0896619319683,4,42.75,0,1,1,6,4,1,13
2707.1021982529783,4,70.25,1,1,1,3,7,1,13
2708.1163849019795,4,47.5,3,1,1,3,7,1,13
2709.1301099419943,4,30.5,0,3,2,3,0,1,9
2710.1435156789958,4,36.25,0,2,2,6,0,0,10
2711.1576122649712,4,49.5,0,0,2,8,0,0,10
2712.168703045987,4,70.75,1,0,1,7,2,0,10
2713.180145762977,4,48.25,0,1,1,7,0,1,10
2714.197190842009,4,69.5,0,1,1,6,1,0,9
2715.2084607949946,4,70.0,0,1,1,5,2,0,9
2716.221891527006,4,45.5,0,2,0,6,0,0,8
2717.2356998489704,4,24.0,0,0,3,4,1,0,8
2718.248869336967,4,50.5,0,0,0,7,1,0,8
2719.2626701020054,4,70.25,0,1,0,7,0,1,9
2720.274635014008,4,45.0,0,1,1,5,0,1,8
2721.286316554004,4,42.5,0,1,0,5,0,0,6
2722.297282028012,4,46.75,1,1,0,4,1,0,6
2723.3111713299877,4,29.0,0,1,2,3,1,0,7
2724.3250010519987,4,54.0,0,1,2,3,1,0,7
2725.33877743996,4,70.5,0,0,2,4,0,0,6
2726.3493740009726,4,60.0,0,0,1,4,0,0,5
2727.3621985419886,4,46.25,0,0,0,4,0,0,4
2728.376043433964,4,46.0,0,0,0,3,0,0,3
2729.3900044899783,4,46.25,0,0,0,1,0,0,1
2730.403705524979,4,23.5,2,0,0,1,0,0,1
2731.417075228994,4,23.25,4,0,0,1,0,0,1
2732.431223604013,4,23.5,0,0,4,2,0,0,6
2733.4449044389767,4,25.5,0,1,2,4,0,0,7
2734.4562357859686,4,40.0,0,0,2,4,1,0,7
2735.4700685570133,4,70.0,0,0,1,5,0,0,6
2736.482616733003,4,60.75,0,0,0,6,0,0,6
2737.495004663011,4,71.25,0,1,0,5,0,0,6
2738.50852578599,4,27.75,1,0,1,4,1,0,6
2739.5200619219686,4,11.0,0,0,2,4,0,0,6
2740.5318587319925,4,32.75,1,0,1,5,0,0,6
2741.5459887409816,4,47.75,0,4,0,6,0,0,10
2742.559589235985,4,29.25,0,3,2,6,0,0,11
2743.573663071962,4,25.0,0,0,2,9,0,0,11
2744.5874466359965,4,55.0,0,0,2,6,3,0,11
2745.6008989869733,4,71.0,0,0,1,4,6,0,11
2746.61480189499,4,47.75,0,0,1,3,7,0,11
2747.628411073005,4,46.75,0,0,0,4,0,0,4
2748.642441805976,4,47.75,0,0,0,3,0,0,3
2749.656046048971,4,24.25,1,1,0,3,0,0,4
2750.6716958179604,4,24.25,0,1,2,2,0,0,5
2751.6860531769926,4,43.25,0,0,1,4,0,0,5
2752.6979513369733,4,47.0,0,1,0,4,1,0,6
2753.711838498013,4,71.0,0,1,0,4,0,1,6
2754.7253932979656,4,71.25,5,1,0,3,1,1,6
2755.7396115239826,4,31.5,0,5,1,3,0,1,10
2756.7525549859856,4,65.25,0,0,1,7,0,1,9
2757.7667743819766,4,48.5,0,2,0,8,0,0,10
2758.778151492006,4,93.0,3,2,0,6,2,0,10
2759.7922822569963,4,69.25,0,0,4,6,1,0,11
2760.8060590620153,4,69.0,2,0,2,4,2,2,10
2761.8198410809855,4,47.0,0,2,1,4,0,3,10
2762.8302218730096,4,26.0,0,0,1,6,0,0,7
2763.8426122569945,4,70.75,0,0,1,6,0,0,7
2764.856369493995,4,47.75,0,0,0,4,3,0,7
2765.869041226979,4,46.5,0,1,0,3,0,4,8
2766.8827440409805,4,5.0,0,0,1,2,0,0,3
2767.8967064159806,4,1.25,0,1,0,3,0,0,4
2768.9107851290028,4,13.25,1,1,0,3,0,0,4
2769.9242005869746,4,23.0,2,1,0,3,0,0,4
2770.9382934559835,4,24.0,2,1,0,3,0,0,4
2771.950215859979,4,24.75,0,0,2,4,0,0,6
2772.962708125997,4,48.5,1,1,2,3,0,1,7
2773.9739603059716,4,44.5,0,1,2,3,0,1,7
2774.987627760973,4,12.5,0,0,0,6,0,0,6
2776.001454776968,4,23.25,0,1,0,5,0,0,6
2777.0152849089936,4,56.25,0,1,1,4,0,0,6
2778.028983238968,4,67.75,0,0,0,4,0,0,4
2779.0427517449716,4,69.75,0,0,0,4,0,0,4
2780.0560366180143,4,52.0,0,1,0,2,1,0,4
2781.0703282830073,4,30.5,0,2,0,2,0,0,4
2782.0841319799656,4,23.5,0,3,0,3,0,0,6
2783.093865842966,4,25.5,0,0,1,4,1,0,6
2784.1025821039802,4,70.5,0,2,1,5,0,0,8
2785.1162218559766,4,43.5,0,0,1,4,0,0,5
2786.125613428012,4,62.25,0,1,1,4,0,0,6
2787.1398194999783,4,46.75,0,2,1,3,0,0,6
2788.1539190629846,4,43.0,0,2,2,5,0,0,9
2789.1666957699927,4,29.0,1,3,1,5,0,0,9
2790.180222502968,4,71.5,2,3,1,5,0,0,9
2791.1944744450157,4,71.0,0,5,1,4,0,0,10
2792.206993812986,4,0.0,0,5,0,4,0,1,10
2793.2208122370066,4,28.5,0,3,5,5,0,0,13
2794.234628930979,4,41.5,0,5,4,5,0,0,14
2795.2482162860106,4,16.25,0,4,4,5,0,2,15
2796.259603429993,4,46.0,2,4,2,5,2,1,14
2797.2730616269982,4,70.25,3,4,2,2,5,1,14
2798.28707058297,4,47.25,2,8,2,2,0,4,16
2799.300815041992,4,45.75,0,10,1,2,0,0,13
2800.314570856979,4,48.25,0,1,6,5,1,1,14
2801.324988369015,4,48.5,0,1,5,6,1,0,13
2802.3392504869844,4,25.75,0,2,4,6,0,1,13
2803.3528541260166,4,1.25,0,5,2,8,0,0,15
2804.3665443490027,4,71.25,1,1,3,12,0,0,16
2805.380650798965,4,47.0,2,1,3,9,3,0,16
2806.3942112319637,4,94.0,3,1,3,7,5,0,16
2807.4084804229788,4,94.5,6,1,3,5,6,1,16
2808.42262760998,4,49.75,0,7,1,7,0,1,16
2809.4368712909636,4,49.5,0,1,4,11,0,0,16
2810.449012688012,4,68.5,2,0,1,12,3,0,16
2811.462908927002,4,94.5,3,0,1,8,5,2,16
2812.4743915799772,4,69.5,4,0,1,6,7,2,16
2813.4869206869625,4,48.75,0,6,0,4,2,2,14
2814.50105920597,4,54.0,0,0,4,5,0,0,9
2815.514994719997,4,10.75,1,0,1,7,1,0,9
2816.5294188960106,4,70.0,1,0,1,6,2,0,9
2817.543155159976,4,48.75,0,4,1,5,1,1,12
2818.557178066985,4,51.5,0,2,2,6,0,0,10
2819.568558959989,4,69.5,0,0,3,6,0,0,9
2820.582885637996,4,95.25,0,0,3,4,2,0,9
2821.596551420982,4,94.25,0,0,3,1,5,0,9
2822.608037457976,4,47.25,0,0,0,4,0,0,4
2823.621683778998,4,47.75,0,0,0,3,1,0,4
2824.6371782129863,4,49.0,0,0,0,3,0,0,3
2825.650725507003,4,23.25,0,0,0,1,2,0,3
2826.6642762270058,4,23.5,0,0,0,1,0,0,1
2827.6777478890144,4,5.5,1,0,0,1,0,0,1
2828.6895878139767,4,23.5,0,1,0,2,0,0,3
2829.703644022986,4,47.75,1,1,0,2,0,0,3
2830.7174322970095,4,23.0,1,1,0,1,1,0,3
2831.731005068985,4,0.0,0,1,1,0,0,1,3
2832.7451521269977,4,23.5,0,1,0,1,0,0,2
2833.75863571401,4,23.75,0,1,0,1,0,0,2
2834.7717904399615,4,23.0,0,2,1,1,0,0,4
2835.7853162409738,4,24.75,1,3,0,2,0,0,5
2836.799101976969,4,24.0,1,4,0,2,0,0,6
2837.8128743569832,4,21.25,0,3,2,3,0,0,8
2838.8268028909806,4,63.0,0,2,1,5,0,0,8
2839.8402753139962,4,30.0,0,0,2,6,0,0,8
2840.856664402003,4,71.5,0,1,0,8,0,0,9
2841.868503300997,4,37.25,0,2,1,8,0,0,11
2842.8821821949678,4,76.75,2,1,2,8,0,0,11
2843.8957321550115,4,51.75,0,1,4,6,0,1,12
2844.909689833992,4,54.25,0,1,2,9,0,0,12
2845.922925276973,4,95.0,0,1,2,6,3,0,12
2846.9359936389956,4,71.5,0,0,1,7,0,1,9
2847.947072741983,4,56.25,0,1,1,5,0,0,7
2848.958117333008,4,55.75,0,2,0,4,2,0,8
2849.971943764016,4,94.25,1,2,0,4,2,0,8
2850.983113048016,4,80.75,0,1,1,5,0,0,7
2851.9951762660057,4,39.75,2,0,0,5,2,0,7
2853.0049986799713,4,46.75,0,3,0,5,0,1,9
2854.0188769939705,4,70.25,0,3,0,4,0,0,7
2855.03248742898,4,24.5,0,1,1,6,0,0,8
2856.0418216979597,4,71.0,0,1,0,6,1,0,8
2857.055770550971,4,41.5,0,0,1,5,0,0,6
2858.067071456986,4,45.0,0,0,0,5,0,0,5
2859.0810690099606,4,22.75,0,0,0,3,0,0,3
2860.0943336130003,4,22.25,1,0,0,2,1,0,3
2861.108615833975,4,23.5,3,0,0,1,2,0,3
2862.1222801989643,4,23.5,0,4,0,1,0,0,5
2863.1333822829765,4,10.25,0,1,3,2,0,0,6
2864.1446318149683,4,23.25,0,1,2,3,0,0,6
2865.155825224996,4,46.75,0,1,2,3,0,0,6
2866.170478190994,4,23.25,1,1,2,1,2,0,6
2867.1837173000094,4,21.75,0,0,2,2,0,0,4
2868.196809998015,4,14.0,0,0,2,4,0,0,6
2869.21162215597,4,48.0,1,2,0,6,0,0,8
2870.2227980829775,4,71.75,1,2,0,6,0,0,8
2871.2366858730093,4,72.0,1,2,0,5,1,0,8
2872.2484630089602,4,23.75,0,1,0,7,0,0,8
2873.26366894698,4,47.5,0,0,0,4,1,1,6
2874.2746835579746,4,69.5,1,0,0,4,1,1,6
2875.287852160982,4,67.5,0,2,0,4,0,0,6
2876.2993672519806,4,70.5,0,2,0,2,0,0,4
2877.3128517569858,4,2.5,0,0,4,2,0,0,6
2878.3275612479774,4,24.75,0,0,2,3,0,0,5
2879.3408974799677,4,40.5,0,1,0,5,0,0,6
2880.3547686649836,4,64.25,0,0,1,5,0,0,6
2881.3685092090163,4,46.0,0,1,0,4,0,0,5
2882.380448699987,4,71.25,0,2,0,3,0,0,5
2883.394024978974,4,61.25,3,2,0,3,0,0,5
2884.4105718520004,4,70.5,0,4,0,4,0,0,8
2885.4247642430128,4,49.0,0,4,0,3,0,0,7
2886.438397218997,4,24.0,0,1,2,5,0,0,8
2887.452737796004,4,48.5,0,1,1,5,0,1,8
2888.464904207969,4,58.25,0,2,1,5,1,0,9
2889.4785893149674,4,46.5,1,3,0,6,0,0,9
2890.492652004992,4,30.0,0,0,2,4,1,1,8
2891.506219614006,4,46.5,0,1,1,4,0,1,7
2892.520483674016,4,19.5,0,2,0,4,1,0,7
2893.534423525969,4,23.25,0,4,0,4,1,0,9
2894.5483978259726,4,46.0,0,4,0,3,2,0,9
2895.561867529992,4,48.25,1,2,1,4,0,0,7
2896.574510150007,4,46.5,0,3,2,4,0,0,9
2897.5875892270124,4,23.75,0,2,2,5,0,0,9
2898.6019594799727,4,46.75,0,1,3,4,1,0,9
2899.61635576596,4,70.25,0,0,2,5,1,0,8
2900.629859590961,4,47.75,0,1,0,6,0,1,8
2901.644095741969,4,29.5,0,1,0,6,0,0,7
2902.6536591749755,4,45.75,1,1,0,5,1,0,7
2903.667138093966,4,47.0,0,3,1,4,0,0,8
2904.6809667829657,4,47.5,0,2,1,4,1,0,8
2905.695424087986,4,46.5,0,2,1,3,2,0,8
2906.7065649529686,4,34.0,0,1,1,4,0,0,6
2907.7212148249964,4,61.5,0,0,0,5,0,0,5
2908.7326295459643,4,74.0,0,0,0,5,0,0,5
2909.746645094012,4,94.0,0,0,0,4,1,0,5
2910.759956852009,4,46.75,0,1,0,3,0,0,4
2911.7736650799634,4,24.25,0,0,0,3,0,0,3
2912.787959331996,4,14.0,0,1,0,1,1,0,3
2913.8017478190013,4,23.25,1,1,0,1,1,0,3
2914.8159129149863,4,23.5,1,1,0,1,1,0,3
2915.8296139609884,4,0.0,1,1,0,0,0,2,3
2916.8436741270125,4,0.0,0,0,1,1,0,0,2
2917.857577909017,4,11.5,0,0,0,2,0,0,2
2918.8707665840047,4,0.0,0,0,0,2,0,0,2
2919.8849503289675,4,24.0,0,1,0,1,0,0,2
2920.8988338189665,4,23.0,0,0,2,0,0,0,2
2921.9099865150056,4,39.75,0,0,0,2,0,0,2
2922.9237762939883,4,46.75,1,0,0,2,0,0,2
2923.937452984974,4,46.5,2,0,0,1,1,0,2
2924.947072320967,4,0.0,3,0,0,0,1,1,2
2925.960640368983,4,0.0,0,0,3,1,0,0,4
2926.9741365250084,4,7.75,0,0,0,4,0,0,4
2927.9882328339736,4,27.25,1,0,0,4,0,0,4
2929.001639891998,4,32.5,0,1,0,4,0,0,5
2930.0152456139913,4,23.5,0,1,0,3,1,0,5
2931.029473570001,4,24.0,0,1,0,2,1,1,5
2932.041788146016,4,23.75,0,0,1,1,0,0,2
2933.0529715659795,4,24.25,0,1,1,1,0,0,3
2934.064793455007,4,23.5,0,2,1,1,0,0,4
2935.0786646979977,4,24.0,1,2,1,1,0,0,4
2936.0923126629787,4,0.0,0,1,2,1,0,0,4
2937.104440520983,4,37.5,0,0,1,3,0,0,4
2938.120462691004,4,48.5,2,0,0,4,0,0,4
2939.134854862001,4,56.75,0,2,0,4,0,0,6
2940.1486220009974,4,46.75,0,2,3,4,0,0,9
2941.162579996977,4,47.5,0,0,1,8,0,0,9
2942.1741529270075,4,34.25,0,0,0,6,1,0,7
2943.1875973679707,4,23.0,0,0,0,6,0,0,6
2944.2012116690166,4,47.0,0,0,0,4,2,0,6
2945.2147194899735,4,47.0,0,1,0,3,0,1,5
2946.228415654972,4,23.5,0,1,1,3,0,0,5
2947.242324858962,4,12.0,0,1,0,5,0,0,6
2948.256433492992,4,22.5,0,2,0,5,0,0,7
2949.2697202629643,4,30.5,0,0,0,7,0,0,7
2950.283366891963,4,32.25,0,1,1,7,0,0,9
2951.2973297520075,4,52.75,0,0,0,9,0,0,9
2952.308533122996,4,71.0,0,0,0,8,0,1,9
2953.322481205978,4,45.75,0,0,0,6,0,1,7
2954.336152273987,4,47.25,0,0,0,6,0,0,6
2955.350146849989,4,56.5,0,0,1,5,0,0,6
2956.3621212159633,4,24.0,1,0,1,5,0,0,6
2957.3734723789967,4,70.0,3,0,1,5,0,0,6
2958.3872866639867,4,70.75,5,0,1,3,2,0,6
2959.3986167240073,4,34.75,0,5,2,3,1,0,11
2960.4123510529753,4,10.25,0,2,1,6,1,0,10
2961.4264930550125,4,45.0,1,0,3,5,1,0,9
2962.4402571059763,4,46.0,0,1,2,6,0,0,9
2963.452401479997,4,47.75,3,1,1,5,2,0,9
2964.463194526965,4,46.75,5,1,1,4,2,1,9
2965.4772766290116,4,70.75,0,7,0,6,0,2,15
2966.491328441014,4,41.0,0,8,2,4,0,0,14
2967.505445108982,4,41.0,1,3,8,4,0,1,16
2968.5192457669764,4,3.25,1,2,6,7,0,1,16
2969.532101385994,4,64.5,0,1,5,9,1,0,16
2970.546097258979,4,76.75,1,0,4,7,3,2,16
2971.5593721439946,4,69.5,0,1,3,5,0,6,15
2972.573395052983,4,19.5,0,3,2,7,0,0,12
2973.585356528987,4,50.75,0,5,1,9,0,0,15
2974.597653091012,4,58.75,1,4,2,9,1,0,16
2975.610050169984,4,71.5,3,3,3,10,0,0,16
2976.6240181059693,4,70.5,3,3,3,6,4,0,16
2977.6350567970076,4,93.5,4,3,2,6,5,0,16
2978.649448915967,4,70.75,4,0,5,5,0,6,16
2979.6604195199907,4,35.0,0,0,7,5,0,0,12
2980.6743806209997,4,26.75,0,1,2,9,0,0,12
2981.6853286330006,4,49.25,2,1,2,4,5,0,12
2982.6994588460075,4,71.0,0,3,0,5,0,0,8
2983.710030159971,4,47.25,0,0,1,8,0,0,9
2984.721875816991,4,48.25,3,0,1,6,2,0,9
2985.7358503969735,4,71.25,0,3,1,6,0,2,12
2986.7502628659713,4,40.75,0,3,0,6,1,2,12
2987.762388703006,4,70.25,0,0,0,8,0,0,8
2988.7761862759944,4,72.75,0,0,0,8,0,0,8
2989.789643129974,4,33.75,0,3,0,7,0,0,10
2990.8033818249824,4,47.75,0,3,0,5,2,0,10
2991.817413573968,4,44.0,1,3,0,2,5,0,10
2992.831786133989,4,23.25,0,1,3,0,0,7,11
2993.845993330993,4,25.0,0,2,2,1,0,0,5
2994.8604221169953,4,46.5,0,0,0,5,0,0,5
2995.874474362994,4,71.75,1,1,0,5,0,0,6
2996.8875139189768,4,16.25,0,0,0,6,1,0,7
2997.898181183962,4,44.5,0,0,0,7,0,0,7
2998.9115577939665,4,70.5,0,0,0,6,1,0,7
2999.9257549149916,4,58.5,0,0,0,6,0,1,7
3000.9395174139645,4,46.25,1,0,0,3,3,1,7
3001.951757161005,4,38.0,0,2,0,3,0,0,5
3002.966162574012,4,45.25,0,1,0,4,0,0,5
3003.9797747010016,4,25.0,0,3,1,4,0,0,8
3004.993693445984,4,46.75,0,3,1,3,1,0,8
3006.007150385005,4,47.75,0,2,1,4,0,0,7
3007.0210879949736,4,27.5,0,2,3,2,1,1,9
3008.03290236101,4,27.0,0,3,0,6,0,0,9
3009.0470424309606,4,70.25,2,3,0,6,0,0,9
3010.059052155004,4,71.5,3,3,0,5,1,0,9
3011.0733579599764,4,23.0,0,5,1,4,0,1,11
3012.087037950987,4,46.25,0,3,0,5,0,0,8
3013.1009630829794,4,46.75,0,3,2,5,1,0,11
3014.1148314439924,4,56.5,0,7,2,7,0,0,16
3015.1284789919737,4,23.5,0,0,7,7,0,0,14
3016.141409876989,4,97.75,1,0,4,7,3,0,14
3017.1546800130163,4,71.0,1,0,4,6,4,0,14
3018.1687658790033,4,56.0,0,0,3,6,0,1,10
3019.182260592992,4,83.0,0,0,1,6,0,1,8
3020.193909987982,4,54.75,0,0,0,5,1,0,6
3021.2070101249847,4,70.5,0,0,0,3,3,0,6
3022.2186971399933,4,70.25,1,0,0,2,4,0,6
3023.232255373965,4,47.0,2,0,0,1,3,2,6
3024.24648723501,4,1.5,0,0,5,1,0,0,6
3025.2557401040103,4,26.25,0,0,2,4,0,0,6
3026.2665719930083,4,40.0,1,0,1,3,1,0,5
3027.2805473919725,4,25.5,2,0,1,2,2,0,5
3028.2915010189754,4,23.5,2,0,1,1,3,0,5
3029.305706862011,4,23.75,0,4,1,1,0,0,6
3030.3192023019656,4,23.25,0,2,5,1,0,0,8
3031.334698415012,4,22.75,1,3,4,2,0,0,9
3032.3483095790143,4,22.75,2,3,4,1,1,0,9
3033.3622481029597,4,48.25,1,8,2,2,0,1,13
3034.373820036999,4,25.0,1,10,2,4,0,0,16
3035.3872713110177,4,28.75,3,7,4,4,1,0,16
3036.399550008995,4,47.75,6,5,7,4,0,0,16
3037.411393426999,4,24.5,7,2,7,6,1,0,16
3038.423456755001,4,52.0,5,5,3,8,0,0,16
3039.4350230889977,4,34.25,7,0,5,8,3,0,16
3040.447324834997,4,92.75,5,4,4,8,0,0,16
3041.459786064981,4,39.75,11,0,6,8,2,0,16
3042.4736037669936,4,93.25,11,4,3,8,0,1,16
3043.4862498529837,4,69.75,10,6,3,5,0,2,16
3044.5001240149722,4,27.25,14,0,7,9,0,0,16
3045.513875096978,4,20.25,15,1,5,8,2,0,16
3046.5280099509982,4,72.25,11,4,2,10,0,0,16
3047.540944428998,4,77.0,11,5,0,7,4,0,16
3048.5540068550035,4,47.5,12,5,0,4,7,0,16
3049.5735455150134,4,23.25,8,10,0,4,0,2,16
3050.587774623011,4,47.0,5,8,4,4,0,0,16
3051.6017291569733,4,24.25,5,0,4,11,0,1,16
3052.6152004830074,4,56.5,0,5,2,6,0,3,16
3053.6284863229957,4,46.75,0,4,2,5,1,1,13
3054.642073904979,4,0.0,0,0,5,4,0,0,9
3055.653365759994,4,47.75,0,0,2,8,0,0,10
3056.6669297849876,4,23.25,2,0,2,4,4,0,10
3057.680992900976,4,47.25,2,0,2,4,4,0,10
3058.6925816399744,4,23.0,0,2,2,2,0,2,8
3059.7068031469826,4,31.0,0,2,2,4,0,0,8
3060.7208577769925,4,73.75,0,1,0,8,0,0,9
3061.735249902995,4,71.5,0,0,1,8,0,0,9
3062.7466497609857,4,52.25,0,2,1,8,0,0,11
3063.759877147968,4,44.75,0,0,1,10,0,0,11
3064.773534762964,4,70.25,0,0,0,8,1,1,10
3065.7847858149908,4,45.75,0,2,0,7,0,1,10
3066.798620178015,4,40.5,0,2,1,6,1,0,10
3067.8128070280072,4,65.0,0,0,2,7,0,0,9
3068.8268565000035,4,32.0,0,0,0,7,0,0,7
3069.8407929629902,4,46.25,0,0,0,5,0,0,5
3070.854665566003,4,23.25,0,0,0,4,0,0,4
3071.8683780379943,4,44.0,0,2,0,4,0,0,6
3072.880300082965,4,18.75,0,2,0,6,0,0,8
3073.8926748299855,4,65.25,0,1,0,8,0,0,9
3074.9049438550137,4,47.0,0,1,0,6,0,0,7
3075.9186722830054,4,48.25,0,0,0,6,0,0,6
3076.933283577964,4,33.0,0,2,0,5,1,0,8
3077.94694654498,4,10.25,0,3,0,6,0,0,9
3078.960603147978,4,49.75,0,2,1,5,0,0,8
3079.9747315190034,4,40.0,0,1,1,8,0,0,10
3080.9888475110056,4,35.5,0,1,0,10,0,0,11
3082.000274654012,4,46.5,0,0,1,10,0,0,11
3083.0113859879784,4,47.5,0,0,0,9,0,0,9
3084.024763985013,4,55.0,0,0,0,8,1,0,9
3085.0364383849665,4,69.25,1,0,0,4,4,1,9
3086.049762265,4,46.5,2,0,0,2,6,1,9
3087.0635805130005,4,6.25,0,0,1,4,0,0,5
3088.074448689993,4,56.5,0,0,0,5,0,0,5
3089.0842669300037,4,33.5,0,0,0,5,0,0,5
3090.0984386010095,4,70.5,2,0,0,3,2,0,5
3091.11229810596,4,22.75,0,1,2,3,0,0,6
3092.121672728972,4,36.75,0,1,1,4,0,0,6
3093.134946180973,4,8.5,0,2,1,2,0,1,6
3094.148954031989,4,23.25,3,2,1,2,0,1,6
3095.16023342096,4,23.25,3,2,1,2,0,1,6
3096.174028542009,4,0.0,0,4,0,4,0,0,8
3097.1876982559916,4,1.5,0,0,3,5,0,0,8
3098.2016590979765,4,33.75,0,1,1,7,0,0,9
3099.2147523820167,4,94.0,0,1,1,7,0,0,9
3100.2262895010062,4,72.5,0,2,0,7,0,0,9
3101.237634503981,4,65.25,0,2,0,5,2,0,9
3102.2493716169847,4,71.25,0,3,0,5,0,0,8
3103.2631366520072,4,48.75,0,2,0,6,0,0,8
3104.27720298199,4,47.5,0,2,1,6,0,0,9
3105.2901186890085,4,69.75,0,2,1,4,2,0,9
3106.3043228539755,4,47.25,1,0,2,3,4,0,9
3107.318095710012,4,33.5,0,0,0,6,0,0,6
3108.329992393963,4,71.0,3,0,0,5,1,0,6
3109.3437543759937,4,47.0,0,4,0,4,0,2,10
3110.3577088110032,4,46.5,0,2,2,4,0,0,8
3111.3717960779904,4,25.5,0,0,2,6,0,0,8
3112.386588788999,4,92.75,1,0,1,5,1,1,8
3113.4004560990143,4,58.25,0,1,0,7,0,0,8
3114.4141699749744,4,46.75,0,0,1,7,0,0,8
3115.427882832999,4,38.0,0,0,1,9,0,0,10
3116.442110440985,4,70.75,0,0,1,7,2,0,10
3117.455604165967,4,68.5,0,0,1,4,5,0,10
3118.4675011080108,4,46.75,1,0,1,2,7,0,10
3119.4795767299947,4,23.5,0,1,1,3,0,0,5
3120.4907772790175,4,10.25,0,0,0,5,0,0,5
3121.503724848968,4,34.0,1,0,0,7,0,0,7
3122.5177600570023,4,71.5,5,0,0,6,1,0,7
3123.532454945962,4,70.25,5,0,0,2,5,0,7
3124.5466186989797,4,23.0,0,6,0,1,0,6,13
3125.55992469599,4,0.0,0,7,0,0,0,0,7
3126.5738452089718,4,0.0,0,3,2,3,0,0,8
3127.5881166619947,4,25.0,0,3,0,4,1,0,8
3128.6018455220037,4,47.25,0,3,0,2,3,0,8
3129.6133394819917,4,28.5,0,4,1,3,0,1,9
3130.6239270130172,4,24.25,0,4,1,3,0,1,9
3131.636317287979,4,46.5,0,2,2,6,0,0,10
3132.650279152964,4,44.25,4,1,2,6,1,0,10
3133.664173971978,4,60.0,0,4,1,7,1,0,13
3134.6774451569654,4,46.75,1,4,1,7,1,0,13
3135.691224823997,4,70.75,3,4,1,7,1,0,13
3136.703108471993,4,56.75,2,8,2,6,0,0,16
3137.7153681530035,4,36.5,0,6,5,5,0,0,16
3138.7265496749897,4,0.25,1,1,7,8,0,0,16
3139.7346460269764,4,92.75,3,0,6,7,3,0,16
3140.748056205979,4,35.5,3,3,3,10,0,0,16
3141.762376254017,4,60.0,4,3,3,8,1,1,16
3142.7757652960136,4,15.25,2,5,0,11,0,0,16
3143.7877642550156,4,94.0,2,5,0,6,5,0,16
3144.799700059986,4,69.75,2,5,0,5,6,0,16
3145.8107269679895,4,70.25,2,5,0,4,5,2,16
3146.824812305975,4,47.0,0,3,3,5,0,0,11
3147.8381628749776,4,47.0,0,0,2,8,0,0,10
3148.8493055159925,4,48.0,0,1,1,7,0,1,10
3149.860392005008,4,94.25,1,1,1,5,2,1,10
3150.874143912981,4,29.0,0,1,1,6,0,0,8
3151.88769454899,4,54.5,0,1,1,5,1,0,8
3152.9010460649733,4,47.0,0,0,2,5,0,1,8
3153.9152152700117,4,47.25,0,1,0,7,0,0,8
3154.926104962011,4,70.0,0,0,1,5,0,1,7
3155.9397040649783,4,53.5,0,1,0,5,1,0,7
3156.953080074978,4,70.5,1,1,0,4,2,0,7
3157.965875462978,4,47.75,0,0,1,4,0,0,5
3158.979653001006,4,33.75,0,0,0,4,0,0,4
3159.9936355529935,4,33.25,0,3,0,4,0,0,7
3161.0058419069974,4,46.5,1,3,0,3,1,0,7
3162.0192300389754,4,23.25,2,3,0,3,1,0,7
3163.0332380229956,4,24.25,2,3,0,1,3,0,7
3164.046823215962,4,11.75,0,4,2,1,0,1,8
3165.0565417020116,4,25.0,0,3,2,1,0,0,6
3166.0703538869857,4,45.5,0,2,2,2,0,0,6
3167.0831451750128,4,34.75,0,0,1,5,0,0,6
3168.097520913987,4,46.75,2,0,1,5,0,0,6
3169.1067421479966,4,46.75,4,0,1,2,3,0,6
3170.1197347809793,4,46.75,4,0,1,2,3,0,6
3171.1321624650154,4,47.5,0,4,0,3,0,0,7
3172.146103826002,4,46.5,0,2,2,3,0,0,7
3173.158679794986,4,23.25,0,1,2,6,0,0,9
3174.1707863159827,4,70.25,2,1,2,5,1,0,9
3175.1843389080022,4,24.75,0,3,2,6,0,0,11
3176.19719581597,4,85.0,0,2,2,8,0,0,12
3177.2107952589868,4,55.25,0,0,0,12,0,0,12
3178.219859698962,4,94.75,0,0,0,9,3,0,12
3179.2316500389716,4,95.75,0,0,0,9,3,0,12
3180.245495771989,4,70.5,0,1,0,6,0,6,13
3181.2581267060013,4,51.5,0,1,1,4,0,1,7
3182.2719626409817,4,48.0,0,0,1,6,0,0,7
3183.282883843989,4,60.75,2,0,1,5,0,1,7
3184.296362629975,4,51.75,0,2,0,5,0,1,8
3185.3105439639767,4,59.25,0,0,0,6,0,0,6
3186.3247371289763,4,71.25,0,0,0,4,1,0,5
3187.3383524349774,4,47.5,1,0,0,4,1,0,5
3188.3534717229777,4,64.0,1,0,0,2,3,0,5
3189.366300321999,4,23.5,3,0,0,2,3,0,5
3190.380320567987,4,23.75,0,0,1,3,0,0,4
3191.394285932998,4,69.5,0,0,0,2,0,0,2
3192.4082172519993,4,23.0,0,0,0,2,0,0,2
3193.4208570909686,4,46.75,1,0,0,2,0,0,2
3194.4348548359703,4,23.5,0,2,1,2,0,0,5
3195.4488091730163,4,46.5,0,2,0,3,0,0,5
3196.4597198539996,4,46.5,3,2,0,3,0,0,5
3197.4737961229985,4,47.0,0,5,0,1,0,0,6
3198.487730772991,4,22.75,0,4,0,1,1,0,6
3199.5016518579796,4,23.75,0,0,3,2,0,0,5
3200.515709319967,4,23.25,1,0,2,3,0,0,5
3201.529189488967,4,23.5,0,1,0,4,0,0,5
3202.54333896999,4,46.5,2,1,0,4,0,0,5
3203.556999492983,4,31.25,0,3,0,2,0,0,5
3204.569281546981,4,46.75,0,4,0,2,0,0,6
3205.581492310972,4,29.75,0,1,1,4,0,0,6
3206.5924598720158,4,37.25,1,1,1,5,0,0,7
3207.606376476004,4,59.0,0,2,2,5,0,0,9
3208.6182487459737,4,46.0,0,2,2,4,1,0,9
3209.631888538017,4,16.0,0,1,1,7,0,0,9
3210.6435671260115,4,59.0,0,2,1,6,1,0,10
3211.6540806359844,4,48.0,0,2,1,4,3,0,10
3212.6678775629844,4,47.0,0,1,1,4,0,2,8
3213.681033514964,4,20.75,0,1,0,6,0,0,7
3214.69162927696,4,47.25,0,1,0,7,0,0,8
3215.705411539995,4,25.25,0,1,0,6,1,0,8
3216.718785792007,4,58.5,0,0,1,4,0,1,6
3217.731347925961,4,23.25,1,0,0,5,0,0,5
3218.7424481519847,4,53.25,0,1,0,5,0,0,6
3219.756586099975,4,46.75,1,1,0,5,0,0,6
3220.7701637810096,4,70.75,1,1,0,5,0,0,6
3221.782946690975,4,70.5,1,1,0,4,1,0,6
3222.7939969240106,4,47.25,1,1,1,4,0,0,6
3223.807878844964,4,35.75,1,1,0,6,0,0,7
3224.8202207969734,4,48.5,0,1,1,6,0,0,8
3225.8345581999747,4,29.25,1,1,1,4,2,0,8
3226.848276614968,4,47.5,3,1,1,3,3,0,8
3227.861272790993,4,48.0,3,0,1,2,0,5,8
3228.872538355994,4,23.25,0,1,2,3,0,0,6
3229.8845492010005,4,47.5,0,0,0,6,0,0,6
3230.895987848984,4,47.75,0,0,0,5,1,0,6
3231.908662615984,4,57.25,0,1,0,5,0,0,6
3232.9224085509777,4,24.0,0,1,1,4,0,0,6
3233.9447866349947,4,52.75,0,0,1,5,0,0,6
3234.958377667994,4,70.0,0,0,1,5,0,0,6
3235.9696716020117,4,70.5,1,0,1,5,0,0,6
3236.9835196599597,4,47.75,2,0,1,3,2,0,6
3237.996919023979,4,24.0,0,3,1,4,0,0,8
3239.010671529977,4,47.0,0,2,2,4,0,0,8
3240.024181891,4,24.0,0,2,0,6,0,0,8
3241.037428812997,4,47.5,0,1,1,5,1,0,8
3242.0491056079627,4,71.5,0,0,1,6,0,0,7
3243.0627929869806,4,70.75,0,2,1,6,0,0,9
3244.076200490992,4,65.75,0,3,1,4,0,1,9
3245.0895822320017,4,69.0,0,3,1,4,0,0,8
3246.0996269040043,4,16.25,0,2,2,4,0,0,8
3247.111801312014,4,72.25,0,2,0,4,2,0,8
3248.125205189979,4,70.5,0,2,0,3,3,0,8
3249.139383865986,4,46.5,0,2,0,3,0,3,8
3250.1525037839892,4,46.75,0,4,0,2,0,0,6
3251.1667075809673,4,23.75,0,2,2,2,0,0,6
3252.1797851829906,4,47.0,0,2,2,2,0,0,6
3253.1934380810126,4,71.25,0,2,1,3,0,0,6
3254.2060540849925,4,47.5,0,0,2,2,0,0,4
3255.219157196989,4,41.75,0,0,1,3,0,0,4
3256.23328023497,4,47.0,0,1,1,3,0,0,5
3257.2472340689856,4,46.75,0,1,1,2,0,1,5
3258.2585711220163,4,47.25,1,1,1,2,0,1,5
3259.2668428730103,4,23.25,1,1,1,1,1,1,5
3260.2802757099853,4,23.5,2,1,1,1,0,2,5
3261.2930503750104,4,23.5,0,1,2,2,0,0,5
3262.3072914030054,4,63.75,0,2,1,3,0,0,6
3263.3158867079765,4,41.75,0,2,0,4,0,0,6
3264.3298198539997,4,93.75,0,2,0,4,0,0,6
3265.3427420560038,4,64.0,0,2,0,4,0,0,6
3266.3594987440156,4,93.25,0,2,0,3,1,0,6
3267.3713258439675,4,29.25,0,0,1,4,0,0,5
3268.3797229179763,4,23.0,0,1,0,5,0,0,6
3269.390685038001,4,82.25,1,0,0,6,0,0,6
3270.4018128319876,4,55.5,0,2,0,4,0,1,7
3271.4157193140127,4,23.5,0,0,0,6,0,0,6
3272.429373671999,4,92.5,0,1,0,4,0,1,6
3273.4429800459766,4,90.75,0,0,1,4,0,0,5
3274.4617026339984,4,58.25,0,1,0,5,0,0,6
3275.4751941229915,4,47.0,0,1,1,4,0,1,7
3276.4882676479756,4,71.0,0,1,1,3,1,1,7
3277.4993474159855,4,47.25,1,0,2,3,1,1,7
3278.5133895920007,4,24.25,0,0,1,6,0,0,7
3279.527271755971,4,24.0,0,0,0,5,0,1,6
3280.5408411669778,4,57.5,0,0,0,5,0,0,5
3281.556235354976,4,29.75,0,1,0,3,0,0,4
3282.5691597830155,4,43.5,0,1,0,1,1,0,3
3283.583172853978,4,23.5,0,3,0,0,1,0,4
3284.596928681014,4,0.0,1,1,2,0,0,0,3
3285.6102426750003,4,0.0,1,1,1,1,0,0,3
3286.6242573839845,4,25.25,0,1,1,2,0,0,4
3287.637807237974,4,23.25,0,0,0,4,0,0,4
3288.6494714689907,4,46.25,0,1,0,3,0,0,4
3289.661966254993,4,47.0,0,0,1,1,0,2,4
3290.673276328016,4,23.5,0,0,1,1,0,0,2
3291.6873148099985,4,23.25,0,1,1,1,0,0,3
3292.7008042109665,4,23.25,2,1,1,1,0,0,3
3293.7149946030113,4,0.0,0,3,1,1,0,0,5
3294.7283656609943,4,20.5,0,0,3,3,0,0,6
3295.7419828139828,4,44.75,0,1,2,3,1,0,7
3296.7564181479975,4,23.5,0,1,2,3,1,0,7
3297.7710177529952,4,46.25,1,1,0,5,0,1,7
3298.7843521540053,4,70.0,0,2,0,6,0,0,8
3299.7950464430032,4,71.0,0,1,0,7,0,0,8
3300.808790112962,4,70.75,0,1,0,7,0,0,8
3301.821373215993,4,73.5,0,0,0,7,0,0,7
3302.8353181720013,4,93.0,0,0,0,6,1,0,7
3303.848986041965,4,94.25,1,0,0,6,1,0,7
3304.8652591179707,4,81.75,0,1,0,4,0,0,5
3305.879222636984,4,70.25,0,0,0,4,0,0,4
3306.8927545690094,4,53.25,0,0,0,2,1,0,3
3307.9070171639905,4,23.5,0,0,0,2,0,0,2
3308.9207445899956,4,0.0,0,0,0,1,0,0,1
3309.9345270100166,4,0.0,0,0,0,0,0,1,1
3310.948474367964,4,0.0,0,0,0,0,0,0,0
3311.9623322449625,4,0.0,0,0,0,0,0,0,0
3312.9765735020046,4,0.0,0,1,0,0,0,0,1
3313.9905730129685,4,0.0,0,0,1,0,0,0,1
3315.0043796249665,4,4.5,0,1,0,1,0,0,2
3316.0183321299846,4,23.5,2,1,0,1,0,0,2
3317.031756804965,4,16.25,0,2,0,2,0,0,4
3318.045673237997,4,23.5,0,2,0,1,1,0,4
3319.059338224004,4,23.5,0,1,0,2,0,1,4
3320.0729200100177,4,46.75,0,0,1,2,0,0,3
3321.0865201179986,4,47.0,0,0,0,3,0,0,3
3322.100252197997,4,46.5,0,0,0,3,0,0,3
3323.113258095982,4,51.5,0,1,0,3,0,0,4
3324.1249184749904,4,46.75,0,1,0,1,2,0,4
3325.1348599920166,4,23.5,2,1,0,1,2,0,4
3326.1455581659684,4,11.5,1,3,1,1,0,1,6
3327.1579043049715,4,0.0,0,5,0,2,0,0,7
3328.171793403977,4,15.5,0,1,2,4,0,0,7
3329.1854489629623,4,70.0,3,1,2,3,1,0,7
3330.1977755859843,4,48.25,0,3,1,5,0,0,9
3331.2117441309965,4,71.75,0,3,0,6,0,0,9
3332.2259197519743,4,3.25,0,2,1,7,0,0,10
3333.237520087976,4,82.75,1,2,1,5,2,0,10
3334.251871059998,4,37.5,0,2,0,7,0,1,10
3335.2644012880046,4,65.25,1,3,0,6,1,0,10
3336.278399650997,4,94.25,1,3,0,5,2,0,10
3337.2945705709863,4,57.25,0,2,1,6,0,1,10
3338.307599031017,4,70.25,0,3,1,7,0,0,11
3339.321683631977,4,48.5,0,1,0,10,0,0,11
3340.3354939339915,4,83.75,0,1,0,8,2,0,11
3341.3475256210077,4,69.75,0,1,0,7,3,0,11
3342.3610487629776,4,70.25,2,1,0,5,0,5,11
3343.3751196250087,4,60.5,0,2,0,6,0,0,8
3344.387138816004,4,31.75,0,0,0,9,0,0,9
3345.400862161012,4,47.0,0,0,0,9,0,0,9
3346.414701717964,4,94.75,1,0,0,7,2,0,9
3347.428493223968,4,72.25,0,1,0,5,0,1,7
3348.4408898209804,4,69.25,0,0,1,6,0,0,7
3349.4549038389814,4,95.75,0,0,0,7,0,0,7
3350.468748742016,4,94.25,0,0,0,7,0,0,7
3351.4822580000036,4,60.0,1,0,0,6,1,0,7
3352.4965578999836,4,60.25,0,0,0,5,1,0,6
3353.510187822976,4,69.25,1,0,0,2,2,0,4
3354.5241453740164,4,23.25,1,0,0,1,3,0,4
3355.537588173989,4,23.5,2,0,0,1,3,0,4
3356.5511840209947,4,23.25,0,2,0,0,1,0,3
3357.563679899962,4,0.0,0,1,2,0,0,0,3
3358.575705465977,4,0.0,0,1,0,2,0,0,3
3359.587060727994,4,45.75,0,2,0,2,0,0,4
3360.6008859180147,4,45.0,0,4,0,2,0,0,6
3361.6141954659834,4,40.75,0,4,0,0,2,0,6
3362.627565682982,4,0.0,0,4,0,0,2,0,6
3363.6421762109967,4,0.0,0,1,1,2,0,0,4
3364.6539300369914,4,25.5,0,0,2,2,0,0,4
3365.6662338689785,4,47.25,1,0,0,3,1,0,4
3366.678662524966,4,70.75,0,2,0,3,0,1,6
3367.6905164729687,4,30.0,0,0,2,3,0,0,5
3368.7024857089855,4,47.75,1,0,2,3,0,0,5
3369.7165463739657,4,70.0,1,0,1,4,0,0,5
3370.7305887319962,4,73.0,0,1,1,5,0,0,7
3371.742056549003,4,77.75,0,0,0,8,1,0,9
3372.7560184419854,4,95.75,0,0,0,7,0,0,7
3373.768528746965,4,93.75,0,0,0,6,1,0,7
3374.7807642149855,4,94.25,0,0,0,5,2,0,7
3375.7931105049793,4,95.0,0,0,0,4,3,0,7
3376.807008772972,4,94.75,0,0,0,3,0,0,3
3377.821053704014,4,70.5,0,0,0,2,0,0,2
3378.833315557975,4,47.75,0,0,0,2,0,0,2
3379.8462712009787,4,23.5,0,0,0,0,2,0,2
3380.8603644149844,4,0.0,0,0,0,0,0,0,0
3381.8739942969987,4,0.0,2,0,0,0,0,0,0
3382.8875935449614,4,0.0,0,2,0,0,0,0,2
3383.901501879969,4,23.5,0,0,1,1,0,0,2
3384.915442069003,4,24.5,0,1,0,2,0,0,3
3385.929506103974,4,23.5,1,1,0,2,0,0,3
3386.941364148981,4,47.25,2,1,0,2,0,0,3
3387.954145783966,4,32.25,0,2,1,2,0,0,5
3388.96547514596,4,46.75,1,2,1,2,0,0,5
3389.9796946200076,4,48.25,0,1,2,3,0,0,6
3390.99206343299,4,25.75,0,0,2,4,0,0,6
3392.0037302389974,4,60.0,0,2,0,6,0,0,8
3393.0176467300043,4,70.5,0,2,0,6,0,0,8
3394.0273371919757,4,32.75,0,1,0,8,0,0,9
3395.049148977967,4,46.5,0,1,0,7,0,0,8
3396.060336952971,4,47.5,0,0,0,7,0,0,7
3397.07340472698,4,50.0,0,0,0,7,0,0,7
3398.086586177,4,38.25,0,0,0,7,0,0,7
3399.100735939981,4,11.75,0,0,0,6,2,0,8
3400.114682919986,4,68.25,0,1,0,4,0,0,5
3401.128955590015,4,34.75,0,1,0,5,0,0,6
3402.1435397749883,4,23.75,0,0,1,3,0,0,4
3403.1572396389674,4,47.25,0,0,1,3,0,0,4
3404.1711784029612,4,23.0,3,0,1,0,3,0,4
3405.184768883977,4,0.0,0,3,1,0,0,0,4
3406.1989958129707,4,39.5,0,0,0,4,0,0,4
3407.212592249969,4,9.0,0,0,0,4,0,0,4
3408.2248750689905,4,46.75,0,2,0,4,0,0,6
3409.236470620963,4,45.25,0,0,2,5,0,0,7
3410.250277435989,4,47.0,0,1,2,5,0,0,8
3411.262521643017,4,71.25,0,1,2,5,0,0,8
3412.273549753998,4,3.0,0,1,0,7,0,0,8
3413.287440060987,4,32.0,0,2,0,5,0,0,7
3414.3001891589956,4,31.5,1,0,1,6,0,0,7
3415.313906577998,4,32.25,0,2,0,7,0,0,9
3416.326602693007,4,14.5,0,1,1,5,2,0,9
3417.3402538989903,4,46.5,0,0,1,6,0,2,9
3418.349867800018,4,46.0,0,0,1,4,2,2,9
3419.3633652129793,4,45.75,0,0,0,5,0,0,5
3420.3728711740114,4,2.0,0,0,0,5,0,0,5
3421.38701358001,4,15.0,0,0,0,4,1,0,5
3422.400674161967,4,70.0,0,1,0,4,0,0,5
3423.4141881960095,4,67.75,0,1,0,3,1,0,5
3424.427841170982,4,47.25,0,1,1,4,0,0,6
3425.44158836297,4,24.25,0,0,1,6,0,0,7
3426.4541639119852,4,70.0,1,0,1,3,3,0,7
3427.467991490965,4,47.0,0,1,0,3,0,1,5
3428.481890711002,4,47.25,0,0,1,3,0,0,4
3429.4956954949885,4,19.25,0,0,0,4,0,0,4
3430.5098158280016,4,47.75,0,0,0,3,1,0,4
3431.5233621330117,4,23.0,0,0,0,3,0,0,3
3432.536899891973,4,24.25,0,1,0,2,0,0,3
3433.5512330280035,4,24.0,0,1,0,3,0,0,4
3434.56480790599,4,23.25,0,1,0,2,1,0,4
3435.578864362964,4,24.0,0,1,0,2,1,0,4
3436.5898621759843,4,0.0,0,2,0,3,0,0,5
3437.6041805699933,4,0.0,0,1,1,2,0,0,4
3438.6175849199644,4,27.5,0,0,0,3,0,0,3
3439.6315768159693,4,5.75,0,2,0,3,0,0,5
3440.645223875006,4,23.5,0,3,0,4,0,0,7
3441.659985394974,4,28.25,0,0,2,5,0,0,7
3442.6741103099776,4,24.25,0,0,0,6,0,0,6
3443.6866468669614,4,59.5,0,0,0,6,0,0,6
3444.700372305,4,46.0,0,0,0,5,1,0,6
3445.7123156249872,4,70.0,0,0,0,4,2,0,6
3446.7266755969613,4,37.5,0,0,0,3,1,0,4
3447.740569562011,4,46.5,0,1,0,2,1,0,4
3448.754190975975,4,15.5,0,1,1,2,0,0,4
3449.768060593982,4,23.25,1,1,1,1,1,0,4
3450.781849114981,4,22.75,2,1,1,1,1,0,4
3451.7960141960066,4,0.0,0,2,2,0,0,1,5
3452.810179341992,4,24.25,0,3,0,2,0,0,5
3453.821655503998,4,16.5,0,2,1,3,0,0,6
3454.8354164689663,4,47.5,0,2,0,4,0,0,6
3455.8474137329613,4,52.5,0,1,1,5,0,0,7
3456.8610943629756,4,78.75,0,1,0,6,0,0,7
3457.874540726014,4,93.25,2,1,0,5,1,0,7
3458.888723062002,4,47.25,0,2,1,5,0,0,8
3459.9022718939814,4,50.5,0,1,1,6,0,0,8
3460.9161408609943,4,45.75,1,0,0,7,0,0,7
3461.929850746994,4,71.0,0,2,0,5,0,2,9
3462.9436143029598,4,28.25,0,1,2,5,0,0,8
3463.957428260008,4,48.5,0,0,0,7,1,0,8
3464.971183179994,4,71.25,0,1,0,5,1,0,7
3465.9853214459727,4,43.0,0,1,1,4,0,0,6
3466.9991406860063,4,46.75,0,0,0,6,0,0,6
3468.012980652973,4,69.0,0,2,0,6,0,0,8
3469.0269061920117,4,47.0,0,0,1,7,0,0,8
3470.038482613978,4,70.5,0,0,0,8,0,0,8
3471.048539707961,4,60.0,0,0,0,7,0,0,7
3472.062548239017,4,60.5,0,1,1,7,0,0,9
3473.0758345359936,4,70.25,2,1,1,4,3,0,9
3474.0887949999887,4,47.5,0,3,1,2,0,4,10
3475.102430431987,4,46.5,0,3,1,2,0,4,10
3476.110998270975,4,23.0,0,2,3,1,0,0,6
3477.1220624549896,4,47.75,0,1,3,3,0,0,7
3478.134174084,4,54.0,0,1,2,2,0,1,6
3479.1476304570097,4,46.75,0,1,2,2,0,1,6
3480.1600308520137,4,23.25,0,3,1,2,0,0,6
3481.173340284964,4,28.0,0,3,1,3,0,0,7
3482.187007687986,4,12.25,0,0,2,6,0,0,8
3483.201016041974,4,94.75,0,0,0,8,0,0,8
3484.214397582982,4,94.0,1,0,0,7,1,0,8
3485.2284905799897,4,92.75,1,0,0,7,0,1,8
3486.2420364280115,4,72.25,0,1,0,6,1,0,8
3487.2558656730107,4,70.75,0,0,0,7,0,0,7
3488.2679615349625,4,74.25,1,0,0,7,0,0,7
3489.279404541012,4,94.75,0,1,0,7,0,0,8
3490.2931130049983,4,61.5,0,1,1,2,3,0,7
3491.3062531999894,4,23.25,0,1,1,0,5,0,7
3492.3198390199686,4,0.0,3,1,1,0,5,0,7
3493.3339931939845,4,34.25,0,3,0,2,0,1,6
3494.3476816319744,4,47.0,0,4,0,2,0,0,6
3495.361798584985,4,11.75,0,0,1,5,0,0,6
3496.3766080950154,4,88.0,0,0,0,6,0,0,6
3497.387870475999,4,56.0,0,0,0,6,0,0,6
3498.4010596440057,4,70.75,1,0,0,5,1,0,6
3499.414571597008,4,70.75,3,0,0,4,2,0,6
3500.4285414160113,4,71.75,3,0,0,4,2,0,6
3501.4372549969703,4,70.5,0,0,2,4,0,0,6
3502.450998299988,4,43.75,0,0,0,4,0,0,4
3503.4651679369854,4,47.5,0,1,0,3,1,0,5
3504.476355633,4,46.25,0,1,0,3,1,0,5
3505.4903165780124,4,46.75,0,1,0,2,0,2,5
3506.5034275919897,4,46.5,0,0,0,3,0,0,3
3507.5153072510147,4,29.0,0,0,0,3,0,0,3
3508.5285672739847,4,47.5,2,0,0,2,1,0,3
3509.5425527130137,4,23.25,0,2,0,1,0,0,3
3510.556120975991,4,23.25,0,2,1,1,0,0,4
3511.5702462419868,4,25.0,0,3,1,1,0,0,5
3512.5838548860047,4,23.75,2,3,0,2,0,0,5
3513.599262800999,4,46.75,2,3,0,2,0,0,5
3514.6119563849643,4,58.25,0,3,1,3,0,0,7
3515.6267288340023,4,70.75,0,3,1,2,1,0,7
3516.6408608760103,4,32.25,0,1,1,3,0,0,5
3517.654487620981,4,35.0,0,1,0,5,0,0,6
3518.6697952930117,4,31.5,0,0,0,6,0,0,6
3519.682480904972,4,51.75,2,0,0,6,0,0,6
3520.6985721469973,4,47.75,0,3,0,5,0,1,9
3521.710002193984,4,23.5,0,0,0,7,0,0,7
3522.7193917469704,4,70.5,0,0,0,7,0,0,7
3523.732511722017,4,46.75,0,0,0,7,0,0,7
3524.746387741994,4,71.0,1,0,0,6,1,0,7
3525.7597653070115,4,69.75,2,0,0,6,1,0,7
3526.7735978389974,4,51.75,0,5,0,5,0,2,12
3527.7877012849785,4,23.0,0,1,4,3,0,0,8
3528.801874845987,4,46.5,0,1,2,5,0,0,8
3529.8154549379833,4,46.5,0,1,2,3,2,0,8
3530.8291445060167,4,46.25,0,1,1,5,0,1,8
3531.840700990986,4,66.25,0,0,1,5,0,1,7
3532.852171167964,4,53.75,0,1,0,7,0,0,8
3533.8661097990116,4,46.25,0,1,0,6,0,0,7
3534.8809251029743,4,48.25,0,1,0,4,2,0,7
3535.89428651199,4,46.5,0,1,0,3,3,0,7
3536.906252334011,4,46.5,0,1,0,4,0,0,5
3537.9200043599703,4,31.75,0,2,0,3,0,1,6
3538.932330282987,4,5.25,1,0,1,4,0,0,5
3539.945734750014,4,46.75,2,0,1,4,0,0,5
3540.956129467988,4,47.5,2,0,1,3,1,0,5
3541.969139672001,4,46.5,0,3,1,1,0,3,8
3542.9833673249814,4,28.75,0,0,3,2,0,0,5
3543.9970598669606,4,30.25,0,0,0,5,0,0,5
3545.0081215190003,4,46.5,0,0,0,5,0,0,5
3546.0192968730116,4,70.75,0,0,0,5,0,0,5
3547.0331640249933,4,33.25,0,2,0,5,0,0,7
3548.0482611609623,4,54.0,0,0,0,5,0,1,6
3549.061974756012,4,70.0,0,0,0,5,0,0,5
3550.075590582972,4,69.25,0,0,0,3,2,0,5
3551.0895514739677,4,46.0,1,0,0,2,3,0,5
3552.1033280459815,4,47.5,0,0,0,3,0,0,3
3553.1196735569974,4,50.5,0,0,0,2,0,1,3
3554.133168716973,4,0.0,1,1,0,2,0,0,3
3555.1446194839664,4,46.75,0,3,0,2,0,0,5
3556.1577322710073,4,23.5,0,0,1,3,0,0,4
3557.1668705609627,4,31.25,0,1,0,4,0,0,5
3558.178711752,4,47.0,1,2,0,4,0,0,6
3559.192242118006,4,70.25,1,2,0,4,0,0,6
3560.207297161978,4,70.5,0,2,1,2,0,2,7
3561.2192537210067,4,23.25,0,0,2,4,0,0,6
3562.2329829370137,4,29.0,0,2,0,6,0,0,8
3563.2466806839802,4,64.5,1,1,1,6,0,0,8
3564.2602931410074,4,70.5,0,1,2,5,0,0,8
3565.2743027160177,4,61.25,0,0,1,7,0,0,8
3566.2887722869636,4,70.5,0,0,0,7,0,0,7
3567.302028162987,4,70.5,0,1,0,4,0,0,5
3568.3155425160076,4,23.0,0,2,0,2,0,1,5
3569.3297847859794,4,38.25,2,0,0,2,2,0,4
3570.343330539996,4,14.75,0,1,0,4,0,0,5
3571.357131970988,4,24.0,0,4,2,4,0,0,10
3572.371337605,4,71.25,0,4,1,6,0,0,11
3573.3847192369867,4,2.0,1,0,2,8,1,0,11
3574.39770189696,4,69.5,1,0,2,5,4,0,11
3575.411203011987,4,70.5,1,0,2,3,6,0,11
3576.4251941780094,4,40.0,0,1,0,3,0,1,5
3577.4382146209828,4,59.5,0,3,0,4,0,0,7
3578.449340928986,4,31.75,0,3,2,6,0,0,11
3579.463346600998,4,70.25,2,3,2,4,2,0,11
3580.4771036949824,4,44.25,0,2,2,6,0,0,10
3581.4899637729977,4,90.75,0,2,2,5,0,1,10
3582.5013949369895,4,71.75,0,2,1,4,2,0,9
3583.512471800961,4,71.25,0,0,2,5,0,0,7
3584.523764772981,4,59.25,0,0,1,5,1,0,7
3585.536325905996,4,62.25,0,0,0,5,0,0,5
3586.549515916966,4,70.75,0,0,0,5,0,0,5
3587.558125003008,4,71.25,0,1,0,4,0,0,5
3588.573236129014,4,47.0,2,1,0,4,0,0,5
3589.587098818971,4,46.75,0,3,0,3,0,1,7
3590.6005219650106,4,22.75,0,3,0,2,1,1,7
3591.6138054130133,4,3.0,0,2,2,1,1,0,6
3592.6258683499764,4,0.0,0,1,0,3,0,0,4
3593.6395918100025,4,45.25,0,0,1,3,0,0,4
3594.6531489799963,4,74.75,0,0,1,3,0,0,4
3595.665612372977,4,66.75,1,0,0,3,1,0,4
3596.6795764379785,4,26.0,0,2,0,3,0,0,5
3597.693472862011,4,38.25,0,0,2,2,0,0,4
3598.707085045986,4,48.25,0,0,1,3,0,0,4
3599.721102738986,4,46.75,0,0,1,2,0,0,3
3600.734547208005,4,0.0,0,0,1,2,0,0,3
3601.74782252399,4,24.5,1,0,1,2,0,0,3
3602.7611187619623,4,11.75,0,1,1,1,0,0,3
3603.7750763919903,4,23.75,1,1,1,1,0,0,3
3604.787457933009,4,23.5,0,3,1,1,0,0,5
3605.8010400339845,4,47.25,0,3,1,1,1,0,6
3606.8153915349976,4,47.25,0,1,2,1,0,0,4
3607.829060721968,4,46.5,0,0,1,3,0,0,4
3608.8433319469914,4,47.0,2,0,1,3,0,0,4
3609.857077781984,4,46.75,2,0,1,3,0,0,4
3610.871192102961,4,15.25,0,3,0,3,0,0,6
3611.8854332469637,4,25.0,1,1,2,4,0,0,7
3612.8992707239813,4,13.25,0,3,2,4,0,0,9
3613.913081248,4,23.75,0,1,1,7,0,0,9
3614.9263938019867,4,71.75,0,1,0,8,0,0,9
3615.940367211995,4,84.5,0,1,0,7,0,0,8
3616.9465558580123,4,71.75,0,1,0,7,0,0,8
3617.9582867330173,4,93.0,1,1,0,7,0,0,8
3618.9694489749963,4,93.25,3,1,0,5,2,0,8
3619.982068090001,4,46.75,0,1,3,3,0,0,7
3620.9958468970144,4,55.75,0,0,1,6,0,0,7
3622.009823007975,4,25.0,0,0,1,5,0,0,6
3623.0237212689826,4,46.5,0,0,1,5,0,0,6
3624.035324144992,4,47.0,0,0,0,5,0,0,5
3625.048603808973,4,23.5,0,0,0,5,0,0,5
3626.06345409801,4,38.25,0,1,0,4,0,1,6
3627.0774042289704,4,46.5,0,1,0,2,2,0,5
3628.097130603972,4,0.0,0,1,0,0,4,0,5
3629.1088498060126,4,0.0,2,0,0,1,0,4,5
3630.1230715650017,4,23.0,0,2,1,1,0,0,4
3631.1364620819804,4,55.25,0,0,1,4,0,0,5
3632.1503545519663,4,47.25,1,0,1,4,0,0,5
3633.164220074017,4,70.0,0,1,0,5,0,0,6
3634.1764602920157,4,49.5,0,0,1,5,0,0,6
3635.187794911966,4,71.0,1,0,1,5,0,0,6
3636.1992645150167,4,70.25,1,0,1,3,2,0,6
3637.2113746969844,4,23.0,0,2,0,4,0,0,6
3638.225478587963,4,25.5,0,2,2,4,0,0,8
3639.2388937349897,4,23.25,0,1,3,4,1,0,9
3640.252820732014,4,38.0,0,1,3,5,0,0,9
3641.266084878007,4,23.75,0,0,1,6,2,0,9
3642.2783225610037,4,62.5,0,0,0,5,1,0,6
3643.2887824400095,4,66.75,0,0,0,4,0,0,4
3644.2998303420027,4,69.75,0,0,0,4,0,0,4
3645.3070532139973,4,41.5,0,0,0,4,0,0,4
3646.3205204569967,4,70.25,4,0,0,3,1,0,4
3647.333868510963,4,45.0,6,0,0,1,3,0,4
3648.3476658549625,4,24.25,0,10,0,1,0,1,12
3649.3610479659983,4,12.25,0,5,5,1,0,0,11
3650.3749982939917,4,25.0,0,1,0,9,1,0,11
3651.389353087987,4,93.25,2,1,0,5,5,0,11
3652.4027959739906,4,37.75,0,3,1,7,0,0,11
3653.414363482967,4,71.75,2,3,1,4,3,0,11
3654.428074327996,4,70.25,2,3,1,3,4,0,11
3655.4394355969853,4,17.25,0,3,2,4,0,0,9
3656.452993020008,4,25.0,0,1,1,7,1,0,10
3657.467172664008,4,25.0,0,1,1,8,0,1,11
3658.4808864119695,4,69.0,0,1,0,6,0,0,7
3659.4931738279993,4,46.25,1,0,1,6,0,0,7
3660.503964853997,4,45.5,1,0,1,3,0,3,7
3661.5180159109877,4,23.25,0,3,1,3,0,0,7
3662.5320776359877,4,46.5,2,3,1,2,1,0,7
3663.545098125993,4,14.0,0,4,1,4,0,0,9
3664.5590936790104,4,46.0,1,1,4,2,0,0,7
3665.572598269966,4,35.75,0,1,3,4,0,0,8
3666.5866420670063,4,94.25,2,1,2,3,2,0,8
3667.60089396697,4,70.0,5,1,2,3,2,0,8
3668.6104692539666,4,47.0,0,7,1,3,0,2,13
3669.6248855979647,4,46.75,0,3,4,4,0,0,11
3670.638858827995,4,25.75,0,1,3,8,0,0,12
3671.6519389919704,4,52.75,0,2,1,8,0,1,12
3672.665826832992,4,29.5,0,1,1,9,1,0,12
3673.6767777639907,4,92.75,4,1,1,9,1,0,12
3674.6874943680014,4,94.0,9,1,1,7,3,0,12
3675.6982606410165,4,82.75,4,6,1,6,0,3,16
3676.7117719539674,4,26.75,1,9,0,7,0,0,16
3677.725552533986,4,52.25,3,1,5,10,0,0,16
3678.739402189967,4,30.0,2,2,3,11,0,0,16
3679.753056938993,4,35.75,0,2,2,12,0,0,16
3680.7671880979906,4,69.0,1,2,1,9,4,0,16
3681.7806273619644,4,92.75,1,2,1,7,6,0,16
3682.794594055973,4,71.75,2,2,1,4,9,0,16
3683.8064612039598,4,46.75,0,2,3,2,0,9,16
3684.820052550989,4,52.75,0,0,1,5,1,0,7
3685.8335337190074,4,75.25,0,2,0,5,1,0,8
3686.846005739004,4,59.5,0,2,0,4,2,0,8
3687.860050512012,4,71.5,1,2,0,3,3,0,8
3688.873995687987,4,71.5,2,2,0,2,4,0,8
3689.8877938229707,4,22.5,0,3,1,3,0,0,7
3690.9016617289744,4,18.5,1,1,1,6,0,0,8
3691.915395660966,4,9.0,0,2,0,7,0,0,9
3692.929020759999,4,70.75,0,2,0,7,0,0,9
3693.943225807976,4,36.25,0,2,2,7,0,0,11
3694.9572454309673,4,71.0,0,2,1,7,1,0,11
3695.9683862579986,4,69.0,0,2,1,5,3,0,11
3696.98171289498,4,70.75,0,1,2,6,0,2,11
3697.995131520962,4,70.0,0,0,2,7,0,0,9
3699.008844732016,4,25.0,0,0,0,10,0,0,10
3700.021365478984,4,94.5,1,0,0,8,2,0,10
3701.0291631889995,4,93.5,2,0,0,8,2,0,10
3702.042679384991,4,73.5,2,0,0,4,6,0,10
3703.056091036997,4,47.0,3,0,0,2,7,1,10
3704.070080593985,4,46.0,0,3,1,2,0,0,6
3705.08374486299,4,47.0,0,3,0,5,0,0,8
3706.0965100629837,4,71.25,0,3,0,5,0,0,8
3707.1131419669837,4,31.0,0,0,1,7,0,0,8
3708.126536555006,4,70.5,1,0,0,6,2,0,8
3709.138185172982,4,93.5,2,0,0,6,2,0,8
3710.151886720967,4,70.75,3,0,0,5,3,0,8
3711.1672422880074,4,31.25,0,3,0,4,1,0,8
3712.179190263967,4,27.5,0,1,1,4,0,0,6
3713.1929195279954,4,23.5,1,0,1,5,0,0,6
3714.2039999520057,4,70.5,1,0,1,4,1,0,6
3715.215175219986,4,69.75,2,0,1,3,2,0,6
3716.229449843988,4,62.0,0,3,0,3,0,0,6
3717.243564022996,4,46.25,0,0,2,4,0,0,6
3718.2573019349948,4,23.25,0,3,1,3,0,0,7
3719.27108469198,4,24.25,1,3,0,4,0,0,7
3720.284828623,4,23.5,0,1,2,4,0,0,7
3721.2986913869972,4,47.0,0,1,0,4,0,0,5
3722.312533006014,4,24.0,0,1,0,4,0,0,5
3723.326650122006,4,23.25,0,1,0,4,0,0,5
3724.3404022429604,4,46.75,1,1,0,4,0,0,5
3725.354197637993,4,45.5,0,5,0,2,0,2,9
3726.3675122860004,4,46.5,0,4,0,2,0,0,6
3727.381536084984,4,22.75,0,4,0,2,0,0,6
3728.3954452989856,4,0.0,0,0,2,4,0,0,6
3729.4093685449916,4,23.5,1,1,0,6,0,0,7
3730.4214912269963,4,42.75,0,0,2,6,0,0,8
3731.4352938859956,4,71.0,0,0,0,8,0,0,8
3732.448187195987,4,47.5,0,1,0,7,0,0,8
3733.4626103379996,4,46.5,0,0,1,7,0,0,8
3734.476412345015,4,61.25,0,2,0,8,0,0,10
3735.487273552979,4,47.5,0,0,1,8,0,1,10
3736.500343337015,4,87.25,0,1,0,9,0,0,10
3737.515234694991,4,83.5,0,1,0,8,0,0,9
3738.5215265880106,4,61.75,0,1,0,8,0,0,9
3739.5324817569926,4,76.25,0,0,1,6,1,0,8
3740.546420942992,4,80.0,0,0,1,5,1,0,7
3741.556681359012,4,94.75,0,0,0,5,1,0,6
3742.570378469012,4,55.25,0,0,0,2,0,0,2
3743.584195057978,4,0.0,0,1,0,2,0,0,3
3744.59817060997,4,12.75,1,1,0,2,0,0,3
3745.612391998002,4,24.25,0,1,1,2,0,0,4
3746.625911512994,4,23.25,0,1,1,2,0,0,4
3747.636016602977,4,23.5,0,1,0,2,0,1,4
3748.6500701910118,4,51.75,0,0,0,3,0,0,3
3749.661682161968,4,70.75,0,0,0,3,0,0,3
3750.675465508015,4,70.75,2,0,0,2,1,0,3
3751.6892860149965,4,0.0,0,0,1,2,0,0,3
3752.701726239,4,23.5,1,0,1,1,1,0,3
3753.715672987979,4,13.5,0,1,1,2,0,0,4
3754.7297559989966,4,47.5,0,1,0,3,0,0,4
3755.7448084829957,4,47.25,0,1,0,3,0,0,4
3756.7561148469686,4,41.0,0,2,0,3,0,0,5
3757.768413982005,4,70.5,0,0,0,5,0,0,5
3758.7832716719713,4,46.0,0,0,0,4,1,0,5
3759.795250408002,4,70.75,0,0,0,3,0,1,4
3760.808859923971,4,46.75,0,0,0,2,1,0,3
3761.822218329995,4,46.75,1,0,0,2,1,0,3
3762.8345736509655,4,23.25,1,0,0,1,2,0,3
3763.84833879699,4,23.5,0,1,0,1,0,1,3
3764.8619741940056,4,23.5,0,0,3,1,0,0,4
3765.8758111610077,4,14.25,0,3,0,3,1,0,7
3766.8894316109945,4,70.0,0,3,0,2,2,0,7
3767.903247506998,4,47.0,0,3,0,2,2,0,7
3768.916389926977,4,23.5,0,3,0,1,2,1,7
3769.928148854,4,23.25,0,5,0,1,0,2,8
3770.9418108669925,4,39.75,0,1,1,3,1,0,6
3771.9533323560026,4,71.0,0,2,1,4,0,0,7
3772.9663358789985,4,67.5,0,2,1,4,0,0,7
3773.977447033976,4,57.5,0,2,1,3,1,0,7
3774.9885984070133,4,70.5,0,0,2,4,0,1,7
3776.001871073968,4,58.75,1,1,1,5,0,1,8
3777.0129849080113,4,87.0,0,1,1,6,0,0,8
3778.0251159649924,4,43.5,0,1,1,6,0,0,8
3779.0361464719754,4,42.5,0,1,1,6,1,0,9
3780.0500195230125,4,71.75,0,1,0,6,1,0,8
3781.064060327015,4,71.25,0,0,0,7,0,1,8
3782.077219560975,4,72.25,2,0,0,6,1,1,8
3783.092653975007,4,46.75,0,2,0,6,0,0,8
3784.1045080180047,4,50.5,0,2,1,7,0,0,10
3785.1156568519655,4,23.5,0,1,2,7,1,0,11
3786.127210962004,4,71.0,1,1,2,7,0,1,11
3787.139084533963,4,57.25,0,3,1,7,0,1,12
3788.1530332269613,4,48.75,0,0,1,9,0,0,10
3789.1670464609633,4,54.25,0,0,0,10,0,0,10
3790.1784455369925,4,92.75,0,0,0,7,3,0,10
3791.1919181249687,4,93.5,0,0,0,6,4,0,10
3792.2049880239647,4,94.75,0,0,0,6,4,0,10
3793.217529258982,4,93.0,0,1,0,5,0,1,7
3794.2313264110126,4,70.5,0,0,0,3,0,0,3
3795.243252888962,4,60.0,0,0,0,3,0,0,3
3796.2571590089938,4,47.0,0,0,0,1,2,0,3
3797.2707030390156,4,23.5,1,0,0,1,0,2,3
3798.282647970016,4,12.25,0,1,0,0,1,0,2
3799.2946079630055,4,0.0,1,1,0,0,1,0,2
3800.3047281489708,4,0.0,0,2,0,1,0,0,3
3801.318485124968,4,26.5,0,0,0,3,0,0,3
3802.331927188963,4,27.5,0,0,0,3,0,0,3
3803.3452992360108,4,47.0,0,0,0,3,0,0,3
3804.3591828859644,4,46.75,0,0,0,2,0,1,3
3805.3721190170036,4,24.25,1,0,0,2,0,1,3
3806.385730687005,4,23.5,0,4,1,2,0,0,7
3807.3978091399767,4,49.0,0,0,2,5,0,0,7
3808.4118768799817,4,47.0,0,3,1,5,0,0,9
3809.4251810719725,4,70.5,1,3,1,5,0,0,9
3810.442443776992,4,47.0,0,6,0,3,0,3,12
3811.456245251,4,11.25,0,0,1,7,0,0,8
3812.469826863962,4,72.0,0,3,0,5,0,1,9
3813.4836395019665,4,47.0,0,3,0,5,0,1,9
3814.4945466849604,4,71.5,1,3,0,5,0,1,9
3815.5092092819978,4,69.75,0,4,1,3,0,0,8
3816.5224095389713,4,37.0,0,2,3,4,0,0,9
3817.5337920470047,4,64.25,0,0,1,7,0,1,9
3818.5488238729886,4,63.25,3,0,1,5,2,0,8
3819.5556153109646,4,95.25,0,0,4,3,0,0,7
3820.569898166985,4,10.75,0,0,1,5,0,0,6
3821.583827088005,4,32.5,0,1,0,6,0,0,7
3822.5978177500074,4,47.0,0,0,1,5,1,0,7
3823.610873461992,4,71.25,1,0,1,4,2,0,7
3824.6207580529735,4,46.5,2,0,1,2,3,1,7
3825.6344295070157,4,70.25,0,1,1,3,0,0,5
3826.648406971013,4,48.0,0,0,0,5,0,0,5
3827.6620418229722,4,70.0,0,0,0,4,1,0,5
3828.6713034769637,4,95.0,0,0,0,4,0,0,4
3829.685381874966,4,51.0,0,0,0,3,0,0,3
3830.6989917060127,4,70.25,0,0,0,3,0,0,3
3831.712989166961,4,70.75,0,0,0,2,1,0,3
3832.7239863529685,4,47.0,0,0,0,2,0,0,2
3833.7383262009826,4,23.5,0,1,0,0,0,0,1
3834.7519785669865,4,0.0,0,1,2,0,0,0,3
3835.7663255349617,4,0.0,0,1,1,1,0,0,3
3836.779580737988,4,23.25,1,1,1,1,0,0,3
3837.7894207420177,4,23.75,1,1,1,1,0,0,3
3838.8053685890045,4,23.75,3,1,1,1,0,0,3
3839.8192736069905,4,23.5,0,0,3,3,0,0,6
3840.831613802002,4,62.0,0,0,0,6,0,0,6
3841.8455888509634,4,72.25,1,0,0,6,0,0,6
3842.859070405015,4,70.5,3,0,0,6,0,0,6
3843.872809947992,4,71.0,3,0,0,4,2,0,6
3844.887549434963,4,23.5,0,3,0,4,0,1,8
3845.901198119973,4,23.25,0,4,1,4,0,0,9
3846.911705373961,4,13.0,0,2,0,7,0,0,9
3847.9233434990165,4,69.75,0,3,1,7,0,0,11
3848.9370496679912,4,6.0,0,1,2,9,0,0,12
3849.9511970930034,4,53.75,0,1,0,11,0,0,12
3850.9629761209944,4,61.5,0,0,0,8,1,0,9
3851.973018777964,4,93.75,1,0,0,7,2,0,9
3852.981136118993,4,94.5,3,0,0,6,3,0,9
3853.994812944962,4,70.75,0,4,0,6,0,0,10
3855.008700545004,4,50.0,0,0,2,7,0,0,9
3856.0182549349847,4,69.75,0,0,2,5,0,2,9
3857.0322363739833,4,47.75,0,0,2,3,0,2,7
3858.044595824962,4,4.5,0,2,2,3,1,0,8
3859.0557163449703,4,25.0,0,1,3,4,0,0,8
3860.0695979449665,4,22.0,2,2,1,3,2,1,9
3861.0786229880177,4,23.25,2,2,1,2,3,1,9
3862.0898145799874,4,46.5,4,2,1,2,1,3,9
3863.1025707809604,4,17.75,0,7,1,2,0,0,10
3864.1166075500078,4,0.0,0,8,0,0,0,0,8
3865.130743637972,4,0.0,0,8,0,0,0,0,8
3866.144561037014,4,0.0,1,8,0,0,0,0,8
3867.158229300985,4,0.0,0,1,6,2,0,0,9
3868.171802319004,4,70.5,0,1,5,3,0,0,9
3869.185405015014,4,68.25,0,0,4,4,0,0,8
3870.1992172829923,4,0.0,0,0,2,5,0,0,7
3871.212535572995,4,43.75,0,1,0,7,0,0,8
3872.2259768620133,4,47.75,0,2,0,4,3,0,9
3873.2381297749816,4,46.75,0,2,0,4,2,1,9
3874.2516906869714,4,46.75,0,1,0,6,0,0,7
3875.267396749987,4,94.75,0,0,1,5,0,0,6
3876.280755464977,4,28.25,1,1,1,5,0,0,7
3877.294690507988,4,93.5,2,1,1,4,1,0,7
3878.3083177579683,4,70.25,2,1,1,3,2,0,7
3879.3205902629998,4,47.0,2,1,1,2,3,0,7
3880.3344389069825,4,70.75,0,1,2,3,0,0,6
3881.3512356439605,4,62.0,0,1,0,5,0,0,6
3882.364950863004,4,17.25,0,0,0,6,0,0,6
3883.378958415007,4,71.0,3,0,0,4,2,0,6
3884.3925801609876,4,70.25,3,0,0,4,2,0,6
3885.40651643998,4,69.75,3,0,0,2,4,0,6
3886.419816436013,4,28.25,0,0,2,3,0,0,5
3887.433513358992,4,70.75,0,0,0,4,0,0,4
3888.4441907529836,4,15.25,2,0,0,4,0,0,4
3889.4581003249623,4,70.75,2,0,0,3,1,0,4
3890.472009716963,4,32.0,0,2,1,1,0,0,4
3891.485951167997,4,49.25,0,1,0,4,0,0,5
3892.499664499017,4,93.5,0,0,0,5,0,0,5
3893.5133432269795,4,93.75,1,0,0,5,0,0,5
3894.5272800129605,4,95.0,2,0,0,5,0,0,5
3895.5410488579655,4,92.25,0,1,1,5,0,0,7
3896.555550082994,4,53.5,0,2,0,6,0,0,8
3897.569074171013,4,23.0,0,1,0,7,0,0,8
3898.5828238619724,4,69.0,1,1,0,5,2,0,8
3899.596520327963,4,47.75,2,1,0,3,4,0,8
3900.6102230679826,4,47.0,0,1,1,2,0,1,5
3901.6235107849934,4,59.75,0,0,0,3,0,0,3
3902.637180073012,4,55.25,0,1,0,2,1,0,4
3903.649322623969,4,46.5,0,1,0,2,1,0,4
3904.663167474966,4,27.75,0,1,0,3,0,0,4
3905.676915064978,4,25.25,0,1,1,2,0,1,5
3906.6905622839695,4,24.25,0,0,0,4,0,0,4
3907.7043183839996,4,49.5,0,0,0,4,0,0,4
3908.717388346966,4,53.75,0,0,0,3,0,0,3
3909.7307532129926,4,46.0,0,0,0,3,0,0,3
3910.744820379012,4,47.0,0,0,0,2,1,0,3
3911.7583564509987,4,47.0,1,0,0,2,0,0,2
3912.770340039977,4,46.75,0,0,0,3,0,0,3
3913.783830163011,4,47.75,1,0,0,3,0,0,3
3914.7979187929886,4,47.75,0,1,0,1,0,0,2
3915.811622934998,4,24.0,0,0,0,2,0,0,2
3916.8251069319667,4,47.25,0,0,0,1,0,0,1
3917.8386745349853,4,23.5,0,0,0,1,0,0,1
3918.8526336859795,4,23.75,0,0,0,1,0,0,1
3919.8663943259744,4,23.25,3,0,0,0,1,0,1
3920.879398418998,4,0.0,3,0,0,0,1,0,1
3921.893433143967,4,0.0,0,0,2,1,0,0,3
3922.9065410649637,4,23.5,0,0,0,3,0,0,3
3923.920163169969,4,47.0,0,0,0,3,0,0,3
3924.9363830310176,4,47.5,0,0,0,3,0,0,3
3925.949266667012,4,47.0,0,0,0,2,1,0,3
3926.9622864229605,4,46.0,0,0,0,2,1,0,3
3927.971676538,4,23.75,0,0,0,1,0,0,1
3928.9854492529994,4,23.5,0,0,0,1,0,0,1
3929.9994027449866,4,23.25,0,0,0,1,0,0,1
3931.013044508989,4,23.25,0,0,0,0,1,0,1
3932.026954863977,4,0.0,0,0,0,0,1,0,1
3933.0377437449642,4,0.0,1,0,0,0,1,0,1
3934.051979292999,4,0.0,0,5,2,0,0,0,7
3935.065730131988,4,35.0,0,1,2,7,0,0,10
3936.0795497369836,4,74.5,0,0,1,3,5,0,9
3937.0930228669895,4,23.5,0,0,1,1,0,5,7
3938.1068439609953,4,24.0,0,0,0,2,0,0,2
3939.116970137984,4,46.5,0,0,0,2,0,0,2
3940.1302751079784,4,23.25,0,0,0,1,0,1,2
3941.1437656540074,4,23.5,0,0,0,1,0,1,2
3942.1564036129857,4,9.5,0,0,0,0,1,1,2
3943.1726036039763,4,0.0,0,0,0,0,0,0,0
3944.1864257639972,4,0.0,0,0,0,0,0,0,0
3945.197884552006,4,0.0,0,0,0,0,0,0,0
3946.208971594984,4,0.0,0,0,0,0,0,0,0
3947.222445922962,4,0.0,0,0,0,0,0,0,0
3948.234063741984,4,0.0,0,0,0,0,0,0,0
3949.2462730939733,4,0.0,0,0,0,0,0,0,0
3950.2573516909615,4,0.0,0,0,0,0,0,0,0
3951.2698087390163,4,0.0,0,0,0,0,0,0,0
3952.2833641089965,4,0.0,0,0,0,0,0,0,0
3953.2960931739653,4,0.0,0,1,0,0,0,0,1
3954.3081146269687,4,2.0,0,1,2,3,0,0,6
3955.322330572002,4,55.0,0,4,0,4,0,2,10
3956.3357797769713,4,15.25,1,4,0,1,3,1,9
3957.3493855409906,4,23.25,5,4,0,1,3,1,9
3958.3628723979928,4,23.5,9,4,0,1,2,2,9
3959.376719928987,4,23.5,10,4,0,0,0,4,8
3960.390762216004,4,4.75,0,12,1,3,0,0,16
3961.403666268976,4,24.25,0,2,9,4,0,0,15
3962.41716540599,4,24.25,1,0,6,4,3,1,14
3963.430001683999,4,24.0,1,0,6,0,7,1,14
3964.441742707975,4,0.0,2,0,6,0,5,3,14
3965.4553363419836,4,5.0,0,2,5,1,0,4,12
3966.46783994796,4,48.25,0,0,3,4,0,0,7
3967.4814298069687,4,26.0,0,0,1,5,1,0,7
3968.4931588459876,4,47.0,0,0,1,1,5,0,7
3969.5045253059943,4,23.25,0,0,1,1,4,1,7
3970.523715985997,4,0.0,0,0,0,1,0,0,1
