request_id,source,role,round,adapter_id,source_request_id,rank,footprint_bytes,admitted_after_accept,actual_tokens,prompt_sha256,native_prompt_sha256,output_sha256,D_ms,T_ms,O_ms,TPOT_ms
source-profile/w0/l0,gpu,kernel_warmup_retained,-1,code_lora,req_00012,8,228130816,1,256,7a3cfb0f299c64411886e734351f7ab324fca84c16b608fbec7cafb7510a76d9,348b7639c10a2ce2fece81f7a6de42bc7bbbea416149edd24003e3bb3c952936,172e03d6e94c01544b630160caa37995c02c1918e2ac48dcb2ef9e3c62c26c11,0.0,231.46943699975964,7343.512285999168,28.798087396075168
source-profile/w0/l1,gpu,kernel_warmup_retained,-1,code_lora_0015,req_00015,16,228130816,2,256,7a3cfb0f299c64411886e734351f7ab324fca84c16b608fbec7cafb7510a76d9,348b7639c10a2ce2fece81f7a6de42bc7bbbea416149edd24003e3bb3c952936,172e03d6e94c01544b630160caa37995c02c1918e2ac48dcb2ef9e3c62c26c11,0.0,260.81171999976505,7114.028517000406,27.898151047060416
source-profile/w0/l2,gpu,kernel_warmup_retained,-1,ecommerce_lora_0009,req_00018,8,228130816,3,183,664eaa1bf1ac5c08deb1859d12fc7b2ce712c9b372e8d249ab11b1d176d4534e,d3a08bc425110f1eeb259fec1ea1f627f48e72e3ac7ad1acec1702f2602d7eb4,43a8edb9ecdd5842510ce8f2fd1ce3cfddfe833da9d1ef8b682773d3044341eb,0.0,233.0218759998388,5525.195554000675,30.358217329674037
source-profile/w0/l3,gpu,kernel_warmup_retained,-1,ecommerce_lora_0057,req_00673,16,228130816,4,9,23a66aa95a18b17b5db1d5bc0623b1425e3f26a47d4dba35a1db5991f6e15f90,5a9d4667a90cf720dc638e68d9fee82dd5c85e8ea34247f070a9c75ac27f53df,62b7dd6cca4ec538a5d9637815d1c45d96b43a38ec3f2431bc25d07f390aa1ea,0.0,203.61561699974118,408.65139000015915,51.081423750019894
source-profile/w0/l4,gpu,kernel_warmup_retained,-1,education_lora_0007,req_00017,16,228130816,5,256,ac8cf775611dd6156fb5f98c48ff5809a5d69a549ab55d38f6e08eb24212e02a,bd1e7f4de54828c23c3afef57a4f8f0cfee7765bea5b1bd80f18fa696f1dac06,2be35dbfcfb05e08d10723bb185e73142fb68e83aabf4bf843837ce840e7fa47,0.0,253.3228579995921,6485.884027999418,25.434839325487914
source-profile/w0/l5,gpu,kernel_warmup_retained,-1,education_lora_0043,req_00016,8,228130816,6,173,45feb5eec12e478bc4d56445e9b6cc2d23d030cd8b4a3c54420edf8e7edb8884,5fa3e82e7b2376c7d05647dafb2577848da6b3e32939d664d13320977e908495,e7ec197e29c202f2c1009663adf7a35b4775636c058114180958ed01e20e97bf,0.0,256.8783339993388,4819.71770599921,28.02161456976285
source-profile/w0/l6,gpu,kernel_warmup_retained,-1,finance_lora,req_00000,8,228130816,6,152,d48b8782cd47f7438837d530fb7e329f42e0f7bb1857c4cf7e53acb3c9417cc6,4b44bba8c651135bfcef9ee97eac60acd845a77bd78ce8682b2b8cb9d66286c9,3ef0c537d8ee8d066ce918a4a6725799e67a329eb4f835ae4c42343b61ea6801,0.0,275.5167369978153,4088.096277999284,27.07348528476347
source-profile/w0/l7,gpu,kernel_warmup_retained,-1,finance_lora_0073,req_00000,16,228130816,7,152,d48b8782cd47f7438837d530fb7e329f42e0f7bb1857c4cf7e53acb3c9417cc6,4b44bba8c651135bfcef9ee97eac60acd845a77bd78ce8682b2b8cb9d66286c9,3ef0c537d8ee8d066ce918a4a6725799e67a329eb4f835ae4c42343b61ea6801,0.0,225.72422599841957,3971.8802440002037,26.30384267549804
source-profile/w1/l0,remote,representative_measurement,0,code_lora,req_00012,8,56327468,1,256,7a3cfb0f299c64411886e734351f7ab324fca84c16b608fbec7cafb7510a76d9,348b7639c10a2ce2fece81f7a6de42bc7bbbea416149edd24003e3bb3c952936,172e03d6e94c01544b630160caa37995c02c1918e2ac48dcb2ef9e3c62c26c11,1325.821813003131,258.81425499756006,6947.842988000048,27.246443090196266
source-profile/w1/l1,remote,representative_measurement,0,code_lora_0015,req_00015,16,56327468,2,256,7a3cfb0f299c64411886e734351f7ab324fca84c16b608fbec7cafb7510a76d9,348b7639c10a2ce2fece81f7a6de42bc7bbbea416149edd24003e3bb3c952936,172e03d6e94c01544b630160caa37995c02c1918e2ac48dcb2ef9e3c62c26c11,1167.8496819986321,237.23417799919844,7036.383979000675,27.593662662747747
source-profile/w1/l2,remote,representative_measurement,0,ecommerce_lora_0009,req_00018,8,32210220,3,183,664eaa1bf1ac5c08deb1859d12fc7b2ce712c9b372e8d249ab11b1d176d4534e,d3a08bc425110f1eeb259fec1ea1f627f48e72e3ac7ad1acec1702f2602d7eb4,ba01a4b9d8875b6a3f1f695140b76cf7f6f6872ac91411df698ed283f7d3fb26,960.1072959994781,165.86258499955875,5685.368398000719,31.23828790110285
source-profile/w1/l3,remote,representative_measurement,0,ecommerce_lora_0057,req_00673,16,32210220,4,9,23a66aa95a18b17b5db1d5bc0623b1425e3f26a47d4dba35a1db5991f6e15f90,5a9d4667a90cf720dc638e68d9fee82dd5c85e8ea34247f070a9c75ac27f53df,62b7dd6cca4ec538a5d9637815d1c45d96b43a38ec3f2431bc25d07f390aa1ea,1620.2865640007076,249.88328899780754,384.15356000041356,48.019195000051695
source-profile/w1/l4,remote,representative_measurement,0,education_lora_0007,req_00017,16,36404524,5,256,ac8cf775611dd6156fb5f98c48ff5809a5d69a549ab55d38f6e08eb24212e02a,bd1e7f4de54828c23c3afef57a4f8f0cfee7765bea5b1bd80f18fa696f1dac06,2be35dbfcfb05e08d10723bb185e73142fb68e83aabf4bf843837ce840e7fa47,2024.9575620000542,431.80800399932195,6160.548365998693,24.159013199994874
source-profile/w1/l5,remote,representative_measurement,0,education_lora_0043,req_00016,8,36404524,6,173,45feb5eec12e478bc4d56445e9b6cc2d23d030cd8b4a3c54420edf8e7edb8884,5fa3e82e7b2376c7d05647dafb2577848da6b3e32939d664d13320977e908495,e7ec197e29c202f2c1009663adf7a35b4775636c058114180958ed01e20e97bf,1719.7950659974595,435.4089130029024,4856.120085998555,28.233256313945084
source-profile/w1/l6,remote,representative_measurement,0,finance_lora,req_00000,8,42695980,7,152,d48b8782cd47f7438837d530fb7e329f42e0f7bb1857c4cf7e53acb3c9417cc6,4b44bba8c651135bfcef9ee97eac60acd845a77bd78ce8682b2b8cb9d66286c9,3ef0c537d8ee8d066ce918a4a6725799e67a329eb4f835ae4c42343b61ea6801,2179.044838001573,356.73855999993975,4073.1215129999327,26.974314655628692
source-profile/w1/l7,remote,representative_measurement,0,finance_lora_0073,req_00000,16,42695980,8,152,d48b8782cd47f7438837d530fb7e329f42e0f7bb1857c4cf7e53acb3c9417cc6,4b44bba8c651135bfcef9ee97eac60acd845a77bd78ce8682b2b8cb9d66286c9,3ef0c537d8ee8d066ce918a4a6725799e67a329eb4f835ae4c42343b61ea6801,2456.5571139974054,257.2704240010353,3989.4258029999037,26.420038430462938
source-profile/w2/l0,nvme,representative_measurement,0,code_lora,req_00012,8,56352768,1,256,7a3cfb0f299c64411886e734351f7ab324fca84c16b608fbec7cafb7510a76d9,348b7639c10a2ce2fece81f7a6de42bc7bbbea416149edd24003e3bb3c952936,172e03d6e94c01544b630160caa37995c02c1918e2ac48dcb2ef9e3c62c26c11,109.40743899845984,131.37913299942738,7463.456723999116,29.268457741173002
source-profile/w2/l1,nvme,representative_measurement,0,code_lora_0015,req_00015,16,56352768,2,256,7a3cfb0f299c64411886e734351f7ab324fca84c16b608fbec7cafb7510a76d9,348b7639c10a2ce2fece81f7a6de42bc7bbbea416149edd24003e3bb3c952936,172e03d6e94c01544b630160caa37995c02c1918e2ac48dcb2ef9e3c62c26c11,144.39662999939173,194.24853600139613,7320.431856998766,28.707575909799083
source-profile/w2/l2,nvme,representative_measurement,0,ecommerce_lora_0009,req_00018,8,32235520,3,183,664eaa1bf1ac5c08deb1859d12fc7b2ce712c9b372e8d249ab11b1d176d4534e,d3a08bc425110f1eeb259fec1ea1f627f48e72e3ac7ad1acec1702f2602d7eb4,ba01a4b9d8875b6a3f1f695140b76cf7f6f6872ac91411df698ed283f7d3fb26,173.86141599854454,218.35691600063,5662.2649489981995,31.111345873616482
source-profile/w2/l3,nvme,representative_measurement,0,ecommerce_lora_0057,req_00673,16,32235520,4,9,23a66aa95a18b17b5db1d5bc0623b1425e3f26a47d4dba35a1db5991f6e15f90,5a9d4667a90cf720dc638e68d9fee82dd5c85e8ea34247f070a9c75ac27f53df,62b7dd6cca4ec538a5d9637815d1c45d96b43a38ec3f2431bc25d07f390aa1ea,197.07708200076013,529.4508679980936,519.1738130015437,64.89672662519297
source-profile/w2/l4,nvme,representative_measurement,0,education_lora_0007,req_00017,16,36429824,5,256,ac8cf775611dd6156fb5f98c48ff5809a5d69a549ab55d38f6e08eb24212e02a,bd1e7f4de54828c23c3afef57a4f8f0cfee7765bea5b1bd80f18fa696f1dac06,2be35dbfcfb05e08d10723bb185e73142fb68e83aabf4bf843837ce840e7fa47,180.170536001242,251.21598099940456,6537.871460997849,25.63871161175627
source-profile/w2/l5,nvme,representative_measurement,0,education_lora_0043,req_00016,8,36429824,6,173,45feb5eec12e478bc4d56445e9b6cc2d23d030cd8b4a3c54420edf8e7edb8884,5fa3e82e7b2376c7d05647dafb2577848da6b3e32939d664d13320977e908495,e7ec197e29c202f2c1009663adf7a35b4775636c058114180958ed01e20e97bf,239.9542860002839,272.3604599996179,4857.958132000931,28.24394262791239
source-profile/w2/l6,nvme,representative_measurement,0,finance_lora,req_00000,8,42721280,7,152,d48b8782cd47f7438837d530fb7e329f42e0f7bb1857c4cf7e53acb3c9417cc6,4b44bba8c651135bfcef9ee97eac60acd845a77bd78ce8682b2b8cb9d66286c9,3ef0c537d8ee8d066ce918a4a6725799e67a329eb4f835ae4c42343b61ea6801,305.42421900099725,251.88846599849057,4141.95169300001,27.430143662251723
source-profile/w2/l7,nvme,representative_measurement,0,finance_lora_0073,req_00000,16,42721280,7,152,d48b8782cd47f7438837d530fb7e329f42e0f7bb1857c4cf7e53acb3c9417cc6,4b44bba8c651135bfcef9ee97eac60acd845a77bd78ce8682b2b8cb9d66286c9,3ef0c537d8ee8d066ce918a4a6725799e67a329eb4f835ae4c42343b61ea6801,313.56333599978825,257.3875069974747,3980.5398440003046,26.361191019869565
source-profile/w3/l0,file_host,representative_measurement,0,code_lora,req_00012,8,56352768,1,256,7a3cfb0f299c64411886e734351f7ab324fca84c16b608fbec7cafb7510a76d9,348b7639c10a2ce2fece81f7a6de42bc7bbbea416149edd24003e3bb3c952936,172e03d6e94c01544b630160caa37995c02c1918e2ac48dcb2ef9e3c62c26c11,64.46549800239154,143.7294559982547,7569.372822999867,29.68381499215634
source-profile/w3/l1,file_host,representative_measurement,0,code_lora_0015,req_00015,16,56352768,2,256,7a3cfb0f299c64411886e734351f7ab324fca84c16b608fbec7cafb7510a76d9,348b7639c10a2ce2fece81f7a6de42bc7bbbea416149edd24003e3bb3c952936,172e03d6e94c01544b630160caa37995c02c1918e2ac48dcb2ef9e3c62c26c11,145.80461399964406,203.70223200006876,7416.006411000126,29.082378082353433
source-profile/w3/l2,file_host,representative_measurement,0,ecommerce_lora_0009,req_00018,8,32235520,3,183,664eaa1bf1ac5c08deb1859d12fc7b2ce712c9b372e8d249ab11b1d176d4534e,d3a08bc425110f1eeb259fec1ea1f627f48e72e3ac7ad1acec1702f2602d7eb4,ba01a4b9d8875b6a3f1f695140b76cf7f6f6872ac91411df698ed283f7d3fb26,184.3803960000514,255.65983100023004,5748.410855001566,31.584675027481133
source-profile/w3/l3,file_host,representative_measurement,0,ecommerce_lora_0057,req_00673,16,32235520,4,9,23a66aa95a18b17b5db1d5bc0623b1425e3f26a47d4dba35a1db5991f6e15f90,5a9d4667a90cf720dc638e68d9fee82dd5c85e8ea34247f070a9c75ac27f53df,62b7dd6cca4ec538a5d9637815d1c45d96b43a38ec3f2431bc25d07f390aa1ea,166.85285299899988,266.6084560005402,415.67269699953613,51.959087124942016
source-profile/w3/l4,file_host,representative_measurement,0,education_lora_0007,req_00017,16,36429824,5,256,ac8cf775611dd6156fb5f98c48ff5809a5d69a549ab55d38f6e08eb24212e02a,bd1e7f4de54828c23c3afef57a4f8f0cfee7765bea5b1bd80f18fa696f1dac06,2be35dbfcfb05e08d10723bb185e73142fb68e83aabf4bf843837ce840e7fa47,230.73775499869953,291.48690500005614,6696.567982999113,26.261050913722013
source-profile/w3/l5,file_host,representative_measurement,0,education_lora_0043,req_00016,8,36429824,6,173,45feb5eec12e478bc4d56445e9b6cc2d23d030cd8b4a3c54420edf8e7edb8884,5fa3e82e7b2376c7d05647dafb2577848da6b3e32939d664d13320977e908495,e7ec197e29c202f2c1009663adf7a35b4775636c058114180958ed01e20e97bf,252.56596600229386,279.71137299755355,4921.598543001892,28.61394501745286
source-profile/w3/l6,file_host,representative_measurement,0,finance_lora,req_00000,8,42721280,7,152,d48b8782cd47f7438837d530fb7e329f42e0f7bb1857c4cf7e53acb3c9417cc6,4b44bba8c651135bfcef9ee97eac60acd845a77bd78ce8682b2b8cb9d66286c9,3ef0c537d8ee8d066ce918a4a6725799e67a329eb4f835ae4c42343b61ea6801,355.08893899896066,307.44647300161887,4177.2220130005735,27.66372194040115
source-profile/w3/l7,file_host,representative_measurement,0,finance_lora_0073,req_00000,16,42721280,7,152,d48b8782cd47f7438837d530fb7e329f42e0f7bb1857c4cf7e53acb3c9417cc6,4b44bba8c651135bfcef9ee97eac60acd845a77bd78ce8682b2b8cb9d66286c9,3ef0c537d8ee8d066ce918a4a6725799e67a329eb4f835ae4c42343b61ea6801,277.87267699750373,207.50525000039488,3992.8334610012826,26.442605701995248
source-profile/w4/l0,native_host,representative_measurement,0,code_lora,req_00012,8,9175040,1,256,7a3cfb0f299c64411886e734351f7ab324fca84c16b608fbec7cafb7510a76d9,348b7639c10a2ce2fece81f7a6de42bc7bbbea416149edd24003e3bb3c952936,172e03d6e94c01544b630160caa37995c02c1918e2ac48dcb2ef9e3c62c26c11,214.60646099876612,655.6354830026976,8674.98683499798,34.01955621567836
source-profile/w4/l1,native_host,representative_measurement,0,code_lora_0015,req_00015,16,18350080,2,256,7a3cfb0f299c64411886e734351f7ab324fca84c16b608fbec7cafb7510a76d9,348b7639c10a2ce2fece81f7a6de42bc7bbbea416149edd24003e3bb3c952936,172e03d6e94c01544b630160caa37995c02c1918e2ac48dcb2ef9e3c62c26c11,288.5001530012232,284.06964799796697,8434.065105000627,33.07476511764952
source-profile/w4/l2,native_host,representative_measurement,0,ecommerce_lora_0009,req_00018,8,9175040,3,183,664eaa1bf1ac5c08deb1859d12fc7b2ce712c9b372e8d249ab11b1d176d4534e,d3a08bc425110f1eeb259fec1ea1f627f48e72e3ac7ad1acec1702f2602d7eb4,ba01a4b9d8875b6a3f1f695140b76cf7f6f6872ac91411df698ed283f7d3fb26,3036.0179859999334,339.36765999897034,5155.266967998614,28.325642681311066
source-profile/w4/l3,native_host,representative_measurement,0,ecommerce_lora_0057,req_00673,16,18350080,4,9,23a66aa95a18b17b5db1d5bc0623b1425e3f26a47d4dba35a1db5991f6e15f90,5a9d4667a90cf720dc638e68d9fee82dd5c85e8ea34247f070a9c75ac27f53df,62b7dd6cca4ec538a5d9637815d1c45d96b43a38ec3f2431bc25d07f390aa1ea,631.7233549998491,381.5953429984802,470.7115170022007,58.83893962527509
source-profile/w4/l4,native_host,representative_measurement,0,education_lora_0007,req_00017,16,18350080,5,256,ac8cf775611dd6156fb5f98c48ff5809a5d69a549ab55d38f6e08eb24212e02a,bd1e7f4de54828c23c3afef57a4f8f0cfee7765bea5b1bd80f18fa696f1dac06,2be35dbfcfb05e08d10723bb185e73142fb68e83aabf4bf843837ce840e7fa47,237.15301400079625,394.89095600220026,7226.274094999098,28.33832978431019
source-profile/w4/l5,native_host,representative_measurement,0,education_lora_0043,req_00016,8,9175040,5,173,45feb5eec12e478bc4d56445e9b6cc2d23d030cd8b4a3c54420edf8e7edb8884,5fa3e82e7b2376c7d05647dafb2577848da6b3e32939d664d13320977e908495,e7ec197e29c202f2c1009663adf7a35b4775636c058114180958ed01e20e97bf,290.27737000069465,378.4253459998581,5213.970277000044,30.313780680232814
source-profile/w4/l6,native_host,representative_measurement,0,finance_lora,req_00000,8,9175040,6,152,d48b8782cd47f7438837d530fb7e329f42e0f7bb1857c4cf7e53acb3c9417cc6,4b44bba8c651135bfcef9ee97eac60acd845a77bd78ce8682b2b8cb9d66286c9,3ef0c537d8ee8d066ce918a4a6725799e67a329eb4f835ae4c42343b61ea6801,294.99839300115127,339.0135539993935,4164.37513100027,27.578643251657418
source-profile/w4/l7,native_host,representative_measurement,0,finance_lora_0073,req_00000,16,18350080,7,152,d48b8782cd47f7438837d530fb7e329f42e0f7bb1857c4cf7e53acb3c9417cc6,4b44bba8c651135bfcef9ee97eac60acd845a77bd78ce8682b2b8cb9d66286c9,3ef0c537d8ee8d066ce918a4a6725799e67a329eb4f835ae4c42343b61ea6801,248.06132500089006,254.43832199744065,3905.265524001152,25.8626855894116
source-profile/w5/l0,gpu,representative_measurement,0,code_lora,req_00012,8,228130816,1,256,7a3cfb0f299c64411886e734351f7ab324fca84c16b608fbec7cafb7510a76d9,348b7639c10a2ce2fece81f7a6de42bc7bbbea416149edd24003e3bb3c952936,172e03d6e94c01544b630160caa37995c02c1918e2ac48dcb2ef9e3c62c26c11,0.0,210.86043699688162,7245.154356001876,28.41237002353677
source-profile/w5/l1,gpu,representative_measurement,0,code_lora_0015,req_00015,16,228130816,2,256,7a3cfb0f299c64411886e734351f7ab324fca84c16b608fbec7cafb7510a76d9,348b7639c10a2ce2fece81f7a6de42bc7bbbea416149edd24003e3bb3c952936,172e03d6e94c01544b630160caa37995c02c1918e2ac48dcb2ef9e3c62c26c11,0.0,233.20662900005118,7072.790558999259,27.736433564702974
source-profile/w5/l2,gpu,representative_measurement,0,ecommerce_lora_0009,req_00018,8,228130816,3,183,664eaa1bf1ac5c08deb1859d12fc7b2ce712c9b372e8d249ab11b1d176d4534e,d3a08bc425110f1eeb259fec1ea1f627f48e72e3ac7ad1acec1702f2602d7eb4,43a8edb9ecdd5842510ce8f2fd1ce3cfddfe833da9d1ef8b682773d3044341eb,0.0,234.6388379992277,5490.586397001607,30.168057126382458
source-profile/w5/l3,gpu,representative_measurement,0,ecommerce_lora_0057,req_00673,16,228130816,4,9,23a66aa95a18b17b5db1d5bc0623b1425e3f26a47d4dba35a1db5991f6e15f90,5a9d4667a90cf720dc638e68d9fee82dd5c85e8ea34247f070a9c75ac27f53df,62b7dd6cca4ec538a5d9637815d1c45d96b43a38ec3f2431bc25d07f390aa1ea,0.0,201.47020099830115,409.85376500248094,51.23172062531012
source-profile/w5/l4,gpu,representative_measurement,0,education_lora_0007,req_00017,16,228130816,5,256,ac8cf775611dd6156fb5f98c48ff5809a5d69a549ab55d38f6e08eb24212e02a,bd1e7f4de54828c23c3afef57a4f8f0cfee7765bea5b1bd80f18fa696f1dac06,2be35dbfcfb05e08d10723bb185e73142fb68e83aabf4bf843837ce840e7fa47,0.0,253.6645120017056,6438.760845998331,25.250042533326788
source-profile/w5/l5,gpu,representative_measurement,0,education_lora_0043,req_00016,8,228130816,6,173,45feb5eec12e478bc4d56445e9b6cc2d23d030cd8b4a3c54420edf8e7edb8884,5fa3e82e7b2376c7d05647dafb2577848da6b3e32939d664d13320977e908495,e7ec197e29c202f2c1009663adf7a35b4775636c058114180958ed01e20e97bf,0.0,260.28199099891935,4777.564219999476,27.776536162787654
source-profile/w5/l6,gpu,representative_measurement,0,finance_lora,req_00000,8,228130816,6,152,d48b8782cd47f7438837d530fb7e329f42e0f7bb1857c4cf7e53acb3c9417cc6,4b44bba8c651135bfcef9ee97eac60acd845a77bd78ce8682b2b8cb9d66286c9,3ef0c537d8ee8d066ce918a4a6725799e67a329eb4f835ae4c42343b61ea6801,0.0,266.7260359994543,4059.5554190003895,26.884472973512512
source-profile/w5/l7,gpu,representative_measurement,0,finance_lora_0073,req_00000,16,228130816,7,152,d48b8782cd47f7438837d530fb7e329f42e0f7bb1857c4cf7e53acb3c9417cc6,4b44bba8c651135bfcef9ee97eac60acd845a77bd78ce8682b2b8cb9d66286c9,3ef0c537d8ee8d066ce918a4a6725799e67a329eb4f835ae4c42343b61ea6801,0.0,224.24583899919526,3942.859602997487,26.111652999983356
source-profile/w6/l0,nvme,representative_measurement,0,gaming_lora_0010,req_00030,16,28041216,1,162,d48b8782cd47f7438837d530fb7e329f42e0f7bb1857c4cf7e53acb3c9417cc6,4b44bba8c651135bfcef9ee97eac60acd845a77bd78ce8682b2b8cb9d66286c9,9533b2d03465f0b7e149fd6a53c8ec814d6e46df8c33adabe738f4de0030b365,97.33628500180203,144.84387499760487,4989.629407999018,30.991487006205084
source-profile/w6/l1,nvme,representative_measurement,0,gaming_lora_0034,req_00096,8,28041216,2,99,7d909f88ed53d92b35fc65d502ec3db8d213c2cec3c220074ea1a92c235864c5,2267cb2bacf06e1f715a23b3a479cb324eaa7ac97fd7df050dc4ab0c3df5861e,49abd1ab2e6959db32a1808606efc8e8c5c7d3e42cb5dc7e57497240b582a161,138.68101100160857,183.83581300076912,3584.5915589998185,36.57746488775325
source-profile/w6/l2,nvme,representative_measurement,0,legal_lora,req_00005,8,45867008,3,256,ac37d628ca1c32ac53b036cef144d4d208736b190e78fcca5eb009ee66e394d6,abd6617e938672c678d181d91f30f1d3c652d830336956758871e8dcce813fc6,a316934630155c2e3c26162dc8579882204f0e2cdb1eb96bf3641989007656c5,169.37779200088698,220.83476099942345,6373.223938000592,24.993035050982716
source-profile/w6/l3,nvme,representative_measurement,0,legal_lora_0017,req_00068,16,45867008,4,256,87d9350451551184b0fc278a6e3781d67d1a66e4edb3c8d430a701bb1a92b8c1,4ee7ddf183779465230da92dcf44852829ac2e3261a50d1c48732f5f19e6618d,7bbff589f3b345a6cd13107419c48ce033d5d8b1e6afbd426d55975217fa625a,202.68689400108997,269.6233209971979,6102.081798002473,23.92973254118617
source-profile/w6/l4,nvme,representative_measurement,0,medical_lora,req_00021,8,38526976,5,89,7d909f88ed53d92b35fc65d502ec3db8d213c2cec3c220074ea1a92c235864c5,2267cb2bacf06e1f715a23b3a479cb324eaa7ac97fd7df050dc4ab0c3df5861e,bbcd23f9b50ad54f160bcff5e60b97db91087adc7d58c24de64e329f683b66b1,213.62948399837478,289.7688310004014,2775.5269830013276,31.540079352287815
source-profile/w6/l5,nvme,representative_measurement,0,medical_lora_0026,req_00049,16,38526976,6,16,13bd30bb371236ce44fde5e9ad5622cf01a53954c8f1d64151bde878c44f1a9e,c998acc3c86f44218c864dd182994a097e5685c0e06440bb99ae76d13afdad7f,36f6d25c3f848f30f46842cc5c2beabb5a32aea0f9dcf623f964d3a855f83576,242.68223799663247,284.09517200270784,360.375115997158,24.025007733143866
source-profile/w6/l6,nvme,representative_measurement,0,research_lora_0008,req_00008,8,40624128,7,50,dfe9631457079c19ca05230b5f1800d9c9da92f569fba712db0f68b0dfc7e0cd,ac238d41ce3dc2bfa25e53a957f151ea1f236642d874b7698dfe3d4067817d40,40cc18ad1658f835852f8a4f5feb1f7900cb3b92d54f4f2879e5c4e101248ed1,571.7085610012873,298.9243809970503,1396.872148001421,28.507594857171856
source-profile/w6/l7,nvme,representative_measurement,0,research_lora_0104,req_00000,16,40624128,8,152,d48b8782cd47f7438837d530fb7e329f42e0f7bb1857c4cf7e53acb3c9417cc6,4b44bba8c651135bfcef9ee97eac60acd845a77bd78ce8682b2b8cb9d66286c9,3ef0c537d8ee8d066ce918a4a6725799e67a329eb4f835ae4c42343b61ea6801,268.7672130014107,253.00664599853917,3216.8605629995,21.303712337745033
source-profile/w7/l0,file_host,representative_measurement,0,gaming_lora_0010,req_00030,16,28041216,1,162,d48b8782cd47f7438837d530fb7e329f42e0f7bb1857c4cf7e53acb3c9417cc6,4b44bba8c651135bfcef9ee97eac60acd845a77bd78ce8682b2b8cb9d66286c9,9533b2d03465f0b7e149fd6a53c8ec814d6e46df8c33adabe738f4de0030b365,87.6612229985767,147.4167970009148,5057.344582000951,31.41207814907423
source-profile/w7/l1,file_host,representative_measurement,0,gaming_lora_0034,req_00096,8,28041216,2,99,7d909f88ed53d92b35fc65d502ec3db8d213c2cec3c220074ea1a92c235864c5,2267cb2bacf06e1f715a23b3a479cb324eaa7ac97fd7df050dc4ab0c3df5861e,49abd1ab2e6959db32a1808606efc8e8c5c7d3e42cb5dc7e57497240b582a161,143.53007299723686,192.21483200090006,3630.5360600017593,37.04628632654857
source-profile/w7/l2,file_host,representative_measurement,0,legal_lora,req_00005,8,45867008,3,256,ac37d628ca1c32ac53b036cef144d4d208736b190e78fcca5eb009ee66e394d6,abd6617e938672c678d181d91f30f1d3c652d830336956758871e8dcce813fc6,a316934630155c2e3c26162dc8579882204f0e2cdb1eb96bf3641989007656c5,173.36609899939504,216.48630799973034,6380.840863999765,25.022905349018686
source-profile/w7/l3,file_host,representative_measurement,0,legal_lora_0017,req_00068,16,45867008,4,256,87d9350451551184b0fc278a6e3781d67d1a66e4edb3c8d430a701bb1a92b8c1,4ee7ddf183779465230da92dcf44852829ac2e3261a50d1c48732f5f19e6618d,7bbff589f3b345a6cd13107419c48ce033d5d8b1e6afbd426d55975217fa625a,195.3863690032449,251.48552599785035,6133.725032999791,24.05382365882271
source-profile/w7/l4,file_host,representative_measurement,0,medical_lora,req_00021,8,38526976,5,89,7d909f88ed53d92b35fc65d502ec3db8d213c2cec3c220074ea1a92c235864c5,2267cb2bacf06e1f715a23b3a479cb324eaa7ac97fd7df050dc4ab0c3df5861e,4d9110a658a9284f2cd6081e49b731f2582bcd6d9b1060b6bbbae2310e48ad4e,212.69305299938424,252.1548469994741,2866.161739002564,32.57001976139277
source-profile/w7/l5,file_host,representative_measurement,0,medical_lora_0026,req_00049,16,38526976,6,16,13bd30bb371236ce44fde5e9ad5622cf01a53954c8f1d64151bde878c44f1a9e,c998acc3c86f44218c864dd182994a097e5685c0e06440bb99ae76d13afdad7f,36f6d25c3f848f30f46842cc5c2beabb5a32aea0f9dcf623f964d3a855f83576,257.14112800051225,279.2217919995892,723.9903129993763,48.26602086662509
source-profile/w7/l6,file_host,representative_measurement,0,research_lora_0008,req_00008,8,40624128,7,50,dfe9631457079c19ca05230b5f1800d9c9da92f569fba712db0f68b0dfc7e0cd,ac238d41ce3dc2bfa25e53a957f151ea1f236642d874b7698dfe3d4067817d40,40cc18ad1658f835852f8a4f5feb1f7900cb3b92d54f4f2879e5c4e101248ed1,262.59654000023147,298.83171600158676,1459.9948989998666,29.7958142653034
source-profile/w7/l7,file_host,representative_measurement,0,research_lora_0104,req_00000,16,40624128,8,152,d48b8782cd47f7438837d530fb7e329f42e0f7bb1857c4cf7e53acb3c9417cc6,4b44bba8c651135bfcef9ee97eac60acd845a77bd78ce8682b2b8cb9d66286c9,3ef0c537d8ee8d066ce918a4a6725799e67a329eb4f835ae4c42343b61ea6801,278.4537719999207,265.3344600003038,3341.5867639996577,22.129713668871904
source-profile/w8/l0,native_host,representative_measurement,0,gaming_lora_0010,req_00030,16,18350080,1,162,d48b8782cd47f7438837d530fb7e329f42e0f7bb1857c4cf7e53acb3c9417cc6,4b44bba8c651135bfcef9ee97eac60acd845a77bd78ce8682b2b8cb9d66286c9,9533b2d03465f0b7e149fd6a53c8ec814d6e46df8c33adabe738f4de0030b365,203.03487199998926,259.4102209986886,5581.676121000783,34.66879578261356
source-profile/w8/l1,native_host,representative_measurement,0,gaming_lora_0034,req_00096,8,9175040,2,99,7d909f88ed53d92b35fc65d502ec3db8d213c2cec3c220074ea1a92c235864c5,2267cb2bacf06e1f715a23b3a479cb324eaa7ac97fd7df050dc4ab0c3df5861e,f7a0565c6d89dc03beda62d42fae0ca5ae3fe7ed2eb560b8349503199a38b253,269.3416480033193,231.18129299837165,3932.0083759994304,40.12253444897378
source-profile/w8/l2,native_host,representative_measurement,0,legal_lora,req_00005,8,9175040,3,256,ac37d628ca1c32ac53b036cef144d4d208736b190e78fcca5eb009ee66e394d6,abd6617e938672c678d181d91f30f1d3c652d830336956758871e8dcce813fc6,a316934630155c2e3c26162dc8579882204f0e2cdb1eb96bf3641989007656c5,239.85926200111862,311.4296210005705,6742.796370999713,26.442338709802797
source-profile/w8/l3,native_host,representative_measurement,0,legal_lora_0017,req_00068,16,18350080,4,256,87d9350451551184b0fc278a6e3781d67d1a66e4edb3c8d430a701bb1a92b8c1,4ee7ddf183779465230da92dcf44852829ac2e3261a50d1c48732f5f19e6618d,7bbff589f3b345a6cd13107419c48ce033d5d8b1e6afbd426d55975217fa625a,248.72611400132882,312.57887600077083,6327.331495998806,24.813064690191396
source-profile/w8/l4,native_host,representative_measurement,0,medical_lora,req_00021,8,9175040,5,89,7d909f88ed53d92b35fc65d502ec3db8d213c2cec3c220074ea1a92c235864c5,2267cb2bacf06e1f715a23b3a479cb324eaa7ac97fd7df050dc4ab0c3df5861e,4d9110a658a9284f2cd6081e49b731f2582bcd6d9b1060b6bbbae2310e48ad4e,245.32306900073308,545.5793109977094,2919.69476000304,33.17834954548909
source-profile/w8/l5,native_host,representative_measurement,0,medical_lora_0026,req_00049,16,18350080,6,16,13bd30bb371236ce44fde5e9ad5622cf01a53954c8f1d64151bde878c44f1a9e,c998acc3c86f44218c864dd182994a097e5685c0e06440bb99ae76d13afdad7f,36f6d25c3f848f30f46842cc5c2beabb5a32aea0f9dcf623f964d3a855f83576,262.90238200090243,247.8906719989027,755.2393730002223,50.34929153334815
source-profile/w8/l6,native_host,representative_measurement,0,research_lora_0008,req_00008,8,9175040,7,50,dfe9631457079c19ca05230b5f1800d9c9da92f569fba712db0f68b0dfc7e0cd,ac238d41ce3dc2bfa25e53a957f151ea1f236642d874b7698dfe3d4067817d40,40cc18ad1658f835852f8a4f5feb1f7900cb3b92d54f4f2879e5c4e101248ed1,184.3131280002126,350.68715299712494,1443.8783210025576,29.466904510256278
source-profile/w8/l7,native_host,representative_measurement,0,research_lora_0104,req_00000,16,18350080,8,152,d48b8782cd47f7438837d530fb7e329f42e0f7bb1857c4cf7e53acb3c9417cc6,4b44bba8c651135bfcef9ee97eac60acd845a77bd78ce8682b2b8cb9d66286c9,3ef0c537d8ee8d066ce918a4a6725799e67a329eb4f835ae4c42343b61ea6801,257.37796800240176,228.47060399726615,3183.527330002107,21.082962450345082
source-profile/w9/l0,gpu,representative_measurement,0,gaming_lora_0010,req_00030,16,228130816,1,162,d48b8782cd47f7438837d530fb7e329f42e0f7bb1857c4cf7e53acb3c9417cc6,4b44bba8c651135bfcef9ee97eac60acd845a77bd78ce8682b2b8cb9d66286c9,9533b2d03465f0b7e149fd6a53c8ec814d6e46df8c33adabe738f4de0030b365,0.0,210.0265959998069,4787.318599999708,29.734898136644148
source-profile/w9/l1,gpu,representative_measurement,0,gaming_lora_0034,req_00096,8,228130816,2,99,7d909f88ed53d92b35fc65d502ec3db8d213c2cec3c220074ea1a92c235864c5,2267cb2bacf06e1f715a23b3a479cb324eaa7ac97fd7df050dc4ab0c3df5861e,49abd1ab2e6959db32a1808606efc8e8c5c7d3e42cb5dc7e57497240b582a161,0.0,220.83851500065066,3355.2873980006552,34.23762651021077
source-profile/w9/l2,gpu,representative_measurement,0,legal_lora,req_00005,8,228130816,3,256,ac37d628ca1c32ac53b036cef144d4d208736b190e78fcca5eb009ee66e394d6,abd6617e938672c678d181d91f30f1d3c652d830336956758871e8dcce813fc6,a316934630155c2e3c26162dc8579882204f0e2cdb1eb96bf3641989007656c5,0.0,233.790857000713,6085.884054999042,23.8662119803884
source-profile/w9/l3,gpu,representative_measurement,0,legal_lora_0017,req_00068,16,228130816,4,256,87d9350451551184b0fc278a6e3781d67d1a66e4edb3c8d430a701bb1a92b8c1,4ee7ddf183779465230da92dcf44852829ac2e3261a50d1c48732f5f19e6618d,7bbff589f3b345a6cd13107419c48ce033d5d8b1e6afbd426d55975217fa625a,0.0,246.82924000080675,5868.0059449980035,23.011788019600015
source-profile/w9/l4,gpu,representative_measurement,0,medical_lora,req_00021,8,228130816,5,89,7d909f88ed53d92b35fc65d502ec3db8d213c2cec3c220074ea1a92c235864c5,2267cb2bacf06e1f715a23b3a479cb324eaa7ac97fd7df050dc4ab0c3df5861e,4d9110a658a9284f2cd6081e49b731f2582bcd6d9b1060b6bbbae2310e48ad4e,0.0,222.4344120004389,2671.4110930006427,30.356944238643667
source-profile/w9/l5,gpu,representative_measurement,0,medical_lora_0026,req_00049,16,228130816,6,16,13bd30bb371236ce44fde5e9ad5622cf01a53954c8f1d64151bde878c44f1a9e,c998acc3c86f44218c864dd182994a097e5685c0e06440bb99ae76d13afdad7f,36f6d25c3f848f30f46842cc5c2beabb5a32aea0f9dcf623f964d3a855f83576,0.0,221.08136799943168,707.8315590006241,47.18877060004161
source-profile/w9/l6,gpu,representative_measurement,0,research_lora_0008,req_00008,8,228130816,7,50,dfe9631457079c19ca05230b5f1800d9c9da92f569fba712db0f68b0dfc7e0cd,ac238d41ce3dc2bfa25e53a957f151ea1f236642d874b7698dfe3d4067817d40,40cc18ad1658f835852f8a4f5feb1f7900cb3b92d54f4f2879e5c4e101248ed1,0.0,221.49945099954493,1394.8736219972488,28.466808612188753
source-profile/w9/l7,gpu,representative_measurement,0,research_lora_0104,req_00000,16,228130816,8,152,d48b8782cd47f7438837d530fb7e329f42e0f7bb1857c4cf7e53acb3c9417cc6,4b44bba8c651135bfcef9ee97eac60acd845a77bd78ce8682b2b8cb9d66286c9,3ef0c537d8ee8d066ce918a4a6725799e67a329eb4f835ae4c42343b61ea6801,0.0,235.3313009989506,3393.6365410008875,22.474414178813824
source-profile/w10/l0,remote,representative_measurement,0,gaming_lora_0010,req_00030,16,28015916,1,162,d48b8782cd47f7438837d530fb7e329f42e0f7bb1857c4cf7e53acb3c9417cc6,4b44bba8c651135bfcef9ee97eac60acd845a77bd78ce8682b2b8cb9d66286c9,9533b2d03465f0b7e149fd6a53c8ec814d6e46df8c33adabe738f4de0030b365,725.8919279993279,154.25460299957194,4608.131224002136,28.62193306833625
source-profile/w10/l1,remote,representative_measurement,0,gaming_lora_0034,req_00096,8,28015916,2,99,7d909f88ed53d92b35fc65d502ec3db8d213c2cec3c220074ea1a92c235864c5,2267cb2bacf06e1f715a23b3a479cb324eaa7ac97fd7df050dc4ab0c3df5861e,f7a0565c6d89dc03beda62d42fae0ca5ae3fe7ed2eb560b8349503199a38b253,817.9086220006866,203.84392699997989,3176.8292050001037,32.41662454081739
source-profile/w10/l2,remote,representative_measurement,0,legal_lora,req_00005,8,45841708,3,256,ac37d628ca1c32ac53b036cef144d4d208736b190e78fcca5eb009ee66e394d6,abd6617e938672c678d181d91f30f1d3c652d830336956758871e8dcce813fc6,a316934630155c2e3c26162dc8579882204f0e2cdb1eb96bf3641989007656c5,946.3053120016411,636.6806850019202,5979.219209999428,23.447918470585993
source-profile/w10/l3,remote,representative_measurement,0,legal_lora_0017,req_00068,16,45841708,4,256,87d9350451551184b0fc278a6e3781d67d1a66e4edb3c8d430a701bb1a92b8c1,4ee7ddf183779465230da92dcf44852829ac2e3261a50d1c48732f5f19e6618d,7bbff589f3b345a6cd13107419c48ce033d5d8b1e6afbd426d55975217fa625a,1683.4902800001146,293.301525998686,5642.985256999964,22.129353949019468
source-profile/w10/l4,remote,representative_measurement,0,medical_lora,req_00021,8,38501676,5,89,7d909f88ed53d92b35fc65d502ec3db8d213c2cec3c220074ea1a92c235864c5,2267cb2bacf06e1f715a23b3a479cb324eaa7ac97fd7df050dc4ab0c3df5861e,bbcd23f9b50ad54f160bcff5e60b97db91087adc7d58c24de64e329f683b66b1,1460.862930998701,263.5166609979933,2808.1515950034373,31.910813579584513
source-profile/w10/l5,remote,representative_measurement,0,medical_lora_0026,req_00049,16,38501676,6,16,13bd30bb371236ce44fde5e9ad5622cf01a53954c8f1d64151bde878c44f1a9e,c998acc3c86f44218c864dd182994a097e5685c0e06440bb99ae76d13afdad7f,36f6d25c3f848f30f46842cc5c2beabb5a32aea0f9dcf623f964d3a855f83576,1742.342395002197,338.1021389977832,731.7336310006795,48.782242066711966
source-profile/w10/l6,remote,representative_measurement,0,research_lora_0008,req_00008,8,40598828,7,50,dfe9631457079c19ca05230b5f1800d9c9da92f569fba712db0f68b0dfc7e0cd,ac238d41ce3dc2bfa25e53a957f151ea1f236642d874b7698dfe3d4067817d40,40cc18ad1658f835852f8a4f5feb1f7900cb3b92d54f4f2879e5c4e101248ed1,2136.189811000804,329.1692780003359,1378.0623300008301,28.123721020425105
source-profile/w10/l7,remote,representative_measurement,0,research_lora_0104,req_00000,16,40598828,8,152,d48b8782cd47f7438837d530fb7e329f42e0f7bb1857c4cf7e53acb3c9417cc6,4b44bba8c651135bfcef9ee97eac60acd845a77bd78ce8682b2b8cb9d66286c9,3ef0c537d8ee8d066ce918a4a6725799e67a329eb4f835ae4c42343b61ea6801,1678.8622200001555,295.8219009997265,3384.2574680020334,22.412301112596246
source-profile/w11/l0,file_host,representative_measurement,0,security_lora_0012,req_00031,8,44818432,1,40,2d3e4d510a19c9cfa67522c26907a7d657af793b70421e9a3f1d1ef002ecc0ef,aa6869aedb0002e9ca2fd34eb058d4ff1c893e67403fd73f91d1bffa1712e449,01e6c835fd1c71f6b36a4e3b0035729f6ad2b0949007d8dc1e807fda6f3502a6,78.87194700015243,141.49777499915217,1276.5466349992494,32.731964999980754
source-profile/w11/l1,file_host,representative_measurement,0,security_lora_0048,req_00107,16,44818432,2,179,d48b8782cd47f7438837d530fb7e329f42e0f7bb1857c4cf7e53acb3c9417cc6,4b44bba8c651135bfcef9ee97eac60acd845a77bd78ce8682b2b8cb9d66286c9,77bdbf3a8357471b25bbcabef9b6c6b6f9b76902cc5508956772181f4a0c96a4,145.80298999862862,190.07078600043315,5234.799591999035,29.408986471904694
source-profile/w11/l2,file_host,representative_measurement,0,support_lora,req_00038,8,30138368,3,141,f49ad350f302f18533d645c8458d6e8f556edcbcad190d6ce222f6cfe0189b77,28256d1f57bce729e9fb51a6b723425d7d4409bff2f9e92f6574d6478b9d596f,92dae489cd5ada3d4ab29b6cccb360ceb8362645903ee3af353bbbeb7a0d8fe7,174.27088399927015,215.10469599888893,4275.672406998638,30.54051719284741
source-profile/w11/l3,file_host,representative_measurement,0,support_lora_0148,req_00000,16,30138368,4,152,d48b8782cd47f7438837d530fb7e329f42e0f7bb1857c4cf7e53acb3c9417cc6,4b44bba8c651135bfcef9ee97eac60acd845a77bd78ce8682b2b8cb9d66286c9,3ef0c537d8ee8d066ce918a4a6725799e67a329eb4f835ae4c42343b61ea6801,194.40021800255636,259.91259299917147,4318.3153129975835,28.598114655613134
source-profile/w11/l4,file_host,representative_measurement,0,translate_lora,req_00007,8,34332672,5,174,1cd4782fb9853f9d65112e1e000c9addda739993f94687cd53627ecec1730bdf,863a849922cc81c0ae88c0e768630c1dcd0331afaf9e1d000a3e6702f84a6ec2,14969c6bdf2ecfef2fc017d7724d53816c8d7564d4b6f81a031ebc7a65f14e8b,571.4656919990375,172.4600570014445,4505.516722998436,26.043449265886917
source-profile/w11/l5,file_host,representative_measurement,0,translate_lora_0054,req_00553,16,34332672,6,136,829344c7a9c8f4030df11e50e6acc31b398fdedd0da94b8d8daedc3d038f2e74,c14b90b2d9652b819327a22d7c5642e568678d013c0294a19d69810a7bd6fa0b,19c8445b1548b70f278ced2b870e4571dc95268aec53f92fc4e276318328d15a,209.73433200197178,320.2794039971195,3462.3304170017946,25.64689197779107
source-profile/w11/l6,file_host,representative_measurement,0,writing_lora_0011,req_00002,8,37478400,6,123,40b3a3a0009e919a9849c35f420de5bc87a313bf48e287fd12b4dc5422e736bf,0c870491227bb663ef63a2d8617011b7c73afeb4bbcb7881eac0eabc99252493,a3a1e7b1d33899759fcaa6d8674be9aadae1150da1ae75f24897e91730374073,258.5012520030432,253.852696998365,2988.9090830001805,24.499254778690005
source-profile/w11/l7,file_host,representative_measurement,0,writing_lora_0035,req_00063,16,37478400,7,13,79cf8ea68ba8dcccabe264778429cd64acbd386add634c6676f7434965ac8437,e612a63497db446287f1961930fdb8154707ff571f11910d3b96fee3db43bf11,9f3b17493940073d43d567105ea762a09775048ea246997d55fc31c9363d9271,281.61202699993737,252.8762280016963,315.0590879995434,26.25492399996195
source-profile/w12/l0,native_host,representative_measurement,0,security_lora_0012,req_00031,8,9175040,1,40,2d3e4d510a19c9cfa67522c26907a7d657af793b70421e9a3f1d1ef002ecc0ef,aa6869aedb0002e9ca2fd34eb058d4ff1c893e67403fd73f91d1bffa1712e449,01e6c835fd1c71f6b36a4e3b0035729f6ad2b0949007d8dc1e807fda6f3502a6,248.004207998747,253.325029003463,1632.2411309993186,41.85233669229022
source-profile/w12/l1,native_host,representative_measurement,0,security_lora_0048,req_00107,16,18350080,2,179,d48b8782cd47f7438837d530fb7e329f42e0f7bb1857c4cf7e53acb3c9417cc6,4b44bba8c651135bfcef9ee97eac60acd845a77bd78ce8682b2b8cb9d66286c9,77bdbf3a8357471b25bbcabef9b6c6b6f9b76902cc5508956772181f4a0c96a4,227.8806659996917,280.2667870018922,5712.203453997063,32.09103064043293
source-profile/w12/l2,native_host,representative_measurement,0,support_lora,req_00038,8,9175040,3,141,f49ad350f302f18533d645c8458d6e8f556edcbcad190d6ce222f6cfe0189b77,28256d1f57bce729e9fb51a6b723425d7d4409bff2f9e92f6574d6478b9d596f,92dae489cd5ada3d4ab29b6cccb360ceb8362645903ee3af353bbbeb7a0d8fe7,318.1684070004849,240.89812099919072,4629.828781002288,33.070205578587775
source-profile/w12/l3,native_host,representative_measurement,0,support_lora_0148,req_00000,16,18350080,4,152,d48b8782cd47f7438837d530fb7e329f42e0f7bb1857c4cf7e53acb3c9417cc6,4b44bba8c651135bfcef9ee97eac60acd845a77bd78ce8682b2b8cb9d66286c9,3ef0c537d8ee8d066ce918a4a6725799e67a329eb4f835ae4c42343b61ea6801,287.7879629995732,278.22861000095145,4571.490027999971,30.2747683973508
source-profile/w12/l4,native_host,representative_measurement,0,translate_lora,req_00007,8,9175040,5,174,1cd4782fb9853f9d65112e1e000c9addda739993f94687cd53627ecec1730bdf,863a849922cc81c0ae88c0e768630c1dcd0331afaf9e1d000a3e6702f84a6ec2,14969c6bdf2ecfef2fc017d7724d53816c8d7564d4b6f81a031ebc7a65f14e8b,245.0399240005936,231.7601979993924,4580.417222001415,26.47640012717581
source-profile/w12/l5,native_host,representative_measurement,0,translate_lora_0054,req_00553,16,18350080,5,136,829344c7a9c8f4030df11e50e6acc31b398fdedd0da94b8d8daedc3d038f2e74,c14b90b2d9652b819327a22d7c5642e568678d013c0294a19d69810a7bd6fa0b,19c8445b1548b70f278ced2b870e4571dc95268aec53f92fc4e276318328d15a,287.2240590004367,242.02087600133382,3664.1513419999683,27.14186179259236
source-profile/w12/l6,native_host,representative_measurement,0,writing_lora_0011,req_00002,8,9175040,6,123,40b3a3a0009e919a9849c35f420de5bc87a313bf48e287fd12b4dc5422e736bf,0c870491227bb663ef63a2d8617011b7c73afeb4bbcb7881eac0eabc99252493,a3a1e7b1d33899759fcaa6d8674be9aadae1150da1ae75f24897e91730374073,276.3996030007547,289.3157779981266,3070.3933900003904,25.16715893442943
source-profile/w12/l7,native_host,representative_measurement,0,writing_lora_0035,req_00063,16,18350080,7,13,79cf8ea68ba8dcccabe264778429cd64acbd386add634c6676f7434965ac8437,e612a63497db446287f1961930fdb8154707ff571f11910d3b96fee3db43bf11,9f3b17493940073d43d567105ea762a09775048ea246997d55fc31c9363d9271,243.38421100037522,254.16313900132081,316.6120210007648,26.384335083397065
source-profile/w13/l0,gpu,representative_measurement,0,security_lora_0012,req_00031,8,228130816,1,40,2d3e4d510a19c9cfa67522c26907a7d657af793b70421e9a3f1d1ef002ecc0ef,aa6869aedb0002e9ca2fd34eb058d4ff1c893e67403fd73f91d1bffa1712e449,01e6c835fd1c71f6b36a4e3b0035729f6ad2b0949007d8dc1e807fda6f3502a6,0.0,203.7873200024478,1735.5832039975212,44.502133435833876
source-profile/w13/l1,gpu,representative_measurement,0,security_lora_0048,req_00107,16,228130816,2,179,d48b8782cd47f7438837d530fb7e329f42e0f7bb1857c4cf7e53acb3c9417cc6,4b44bba8c651135bfcef9ee97eac60acd845a77bd78ce8682b2b8cb9d66286c9,77bdbf3a8357471b25bbcabef9b6c6b6f9b76902cc5508956772181f4a0c96a4,0.0,222.09538600145606,4882.160091001424,27.42786567978328
source-profile/w13/l2,gpu,representative_measurement,0,support_lora,req_00038,8,228130816,3,141,f49ad350f302f18533d645c8458d6e8f556edcbcad190d6ce222f6cfe0189b77,28256d1f57bce729e9fb51a6b723425d7d4409bff2f9e92f6574d6478b9d596f,92dae489cd5ada3d4ab29b6cccb360ceb8362645903ee3af353bbbeb7a0d8fe7,0.0,182.41536899950006,4044.5486120006535,28.889632942861812
source-profile/w13/l3,gpu,representative_measurement,0,support_lora_0148,req_00000,16,228130816,4,152,d48b8782cd47f7438837d530fb7e329f42e0f7bb1857c4cf7e53acb3c9417cc6,4b44bba8c651135bfcef9ee97eac60acd845a77bd78ce8682b2b8cb9d66286c9,3ef0c537d8ee8d066ce918a4a6725799e67a329eb4f835ae4c42343b61ea6801,0.0,241.91913899994688,4107.650238998758,27.202981715223565
source-profile/w13/l4,gpu,representative_measurement,0,translate_lora,req_00007,8,228130816,5,174,1cd4782fb9853f9d65112e1e000c9addda739993f94687cd53627ecec1730bdf,863a849922cc81c0ae88c0e768630c1dcd0331afaf9e1d000a3e6702f84a6ec2,14969c6bdf2ecfef2fc017d7724d53816c8d7564d4b6f81a031ebc7a65f14e8b,0.0,211.35392300129752,4263.266279001982,24.643157682092383
source-profile/w13/l5,gpu,representative_measurement,0,translate_lora_0054,req_00553,16,228130816,6,136,829344c7a9c8f4030df11e50e6acc31b398fdedd0da94b8d8daedc3d038f2e74,c14b90b2d9652b819327a22d7c5642e568678d013c0294a19d69810a7bd6fa0b,19c8445b1548b70f278ced2b870e4571dc95268aec53f92fc4e276318328d15a,0.0,214.62113199959276,3494.3371480003407,25.883978874076597
source-profile/w13/l6,gpu,representative_measurement,0,writing_lora_0011,req_00002,8,228130816,7,123,40b3a3a0009e919a9849c35f420de5bc87a313bf48e287fd12b4dc5422e736bf,0c870491227bb663ef63a2d8617011b7c73afeb4bbcb7881eac0eabc99252493,a3a1e7b1d33899759fcaa6d8674be9aadae1150da1ae75f24897e91730374073,0.0,222.80830999807222,3072.0228380014305,25.180515065585496
source-profile/w13/l7,gpu,representative_measurement,0,writing_lora_0035,req_00063,16,228130816,8,13,79cf8ea68ba8dcccabe264778429cd64acbd386add634c6676f7434965ac8437,e612a63497db446287f1961930fdb8154707ff571f11910d3b96fee3db43bf11,9f3b17493940073d43d567105ea762a09775048ea246997d55fc31c9363d9271,0.0,231.77232800298952,311.10637599704205,25.925531333086838
source-profile/w14/l0,remote,representative_measurement,0,security_lora_0012,req_00031,8,44793132,1,40,2d3e4d510a19c9cfa67522c26907a7d657af793b70421e9a3f1d1ef002ecc0ef,aa6869aedb0002e9ca2fd34eb058d4ff1c893e67403fd73f91d1bffa1712e449,01e6c835fd1c71f6b36a4e3b0035729f6ad2b0949007d8dc1e807fda6f3502a6,876.3987380007165,166.67865899944445,1835.0850789975084,47.05346356403868
source-profile/w14/l1,remote,representative_measurement,0,security_lora_0048,req_00107,16,44793132,2,179,d48b8782cd47f7438837d530fb7e329f42e0f7bb1857c4cf7e53acb3c9417cc6,4b44bba8c651135bfcef9ee97eac60acd845a77bd78ce8682b2b8cb9d66286c9,77bdbf3a8357471b25bbcabef9b6c6b6f9b76902cc5508956772181f4a0c96a4,1105.4254569971818,211.1781029998383,4898.789568000211,27.521289707866355
source-profile/w14/l2,remote,representative_measurement,0,support_lora,req_00038,8,30113068,3,141,f49ad350f302f18533d645c8458d6e8f556edcbcad190d6ce222f6cfe0189b77,28256d1f57bce729e9fb51a6b723425d7d4409bff2f9e92f6574d6478b9d596f,92dae489cd5ada3d4ab29b6cccb360ceb8362645903ee3af353bbbeb7a0d8fe7,929.6943219997047,196.1943930000416,4236.511780000001,30.260798428571434
source-profile/w14/l3,remote,representative_measurement,0,support_lora_0148,req_00000,16,30113068,4,152,d48b8782cd47f7438837d530fb7e329f42e0f7bb1857c4cf7e53acb3c9417cc6,4b44bba8c651135bfcef9ee97eac60acd845a77bd78ce8682b2b8cb9d66286c9,3ef0c537d8ee8d066ce918a4a6725799e67a329eb4f835ae4c42343b61ea6801,1452.4830660011503,297.7488409997022,4096.952250998584,27.1321341125734
source-profile/w14/l4,remote,representative_measurement,0,translate_lora,req_00007,8,34307372,5,174,1cd4782fb9853f9d65112e1e000c9addda739993f94687cd53627ecec1730bdf,863a849922cc81c0ae88c0e768630c1dcd0331afaf9e1d000a3e6702f84a6ec2,14969c6bdf2ecfef2fc017d7724d53816c8d7564d4b6f81a031ebc7a65f14e8b,1578.796585999953,272.1576760013704,4321.372791997419,24.979033479753866
source-profile/w14/l5,remote,representative_measurement,0,translate_lora_0054,req_00553,16,34307372,6,136,829344c7a9c8f4030df11e50e6acc31b398fdedd0da94b8d8daedc3d038f2e74,c14b90b2d9652b819327a22d7c5642e568678d013c0294a19d69810a7bd6fa0b,19c8445b1548b70f278ced2b870e4571dc95268aec53f92fc4e276318328d15a,1724.845163000282,293.90968100051396,3547.29406000115,26.276252296304815
source-profile/w14/l6,remote,representative_measurement,0,writing_lora_0011,req_00002,8,37453100,7,123,40b3a3a0009e919a9849c35f420de5bc87a313bf48e287fd12b4dc5422e736bf,0c870491227bb663ef63a2d8617011b7c73afeb4bbcb7881eac0eabc99252493,a3a1e7b1d33899759fcaa6d8674be9aadae1150da1ae75f24897e91730374073,2072.431863001839,298.1101129989838,3041.732015000889,24.93222963115483
source-profile/w14/l7,remote,representative_measurement,0,writing_lora_0035,req_00063,16,37453100,8,13,79cf8ea68ba8dcccabe264778429cd64acbd386add634c6676f7434965ac8437,e612a63497db446287f1961930fdb8154707ff571f11910d3b96fee3db43bf11,9f3b17493940073d43d567105ea762a09775048ea246997d55fc31c9363d9271,2211.863110002014,286.72005299813463,319.0372560020478,26.58643800017065
source-profile/w15/l0,nvme,representative_measurement,0,security_lora_0012,req_00031,8,44818432,1,40,2d3e4d510a19c9cfa67522c26907a7d657af793b70421e9a3f1d1ef002ecc0ef,aa6869aedb0002e9ca2fd34eb058d4ff1c893e67403fd73f91d1bffa1712e449,01e6c835fd1c71f6b36a4e3b0035729f6ad2b0949007d8dc1e807fda6f3502a6,63.908398002240574,147.2675419972802,2013.2417780005198,51.62158405129538
source-profile/w15/l1,nvme,representative_measurement,0,security_lora_0048,req_00107,16,44818432,2,179,d48b8782cd47f7438837d530fb7e329f42e0f7bb1857c4cf7e53acb3c9417cc6,4b44bba8c651135bfcef9ee97eac60acd845a77bd78ce8682b2b8cb9d66286c9,77bdbf3a8357471b25bbcabef9b6c6b6f9b76902cc5508956772181f4a0c96a4,157.26580999762518,188.47710900081438,5310.036392998882,29.8316651292072
source-profile/w15/l2,nvme,representative_measurement,0,support_lora,req_00038,8,30138368,3,141,f49ad350f302f18533d645c8458d6e8f556edcbcad190d6ce222f6cfe0189b77,28256d1f57bce729e9fb51a6b723425d7d4409bff2f9e92f6574d6478b9d596f,92dae489cd5ada3d4ab29b6cccb360ceb8362645903ee3af353bbbeb7a0d8fe7,177.7456340023491,215.6549779974739,4417.087800000445,31.55062714286032
source-profile/w15/l3,nvme,representative_measurement,0,support_lora_0148,req_00000,16,30138368,4,152,d48b8782cd47f7438837d530fb7e329f42e0f7bb1857c4cf7e53acb3c9417cc6,4b44bba8c651135bfcef9ee97eac60acd845a77bd78ce8682b2b8cb9d66286c9,3ef0c537d8ee8d066ce918a4a6725799e67a329eb4f835ae4c42343b61ea6801,197.905183002149,251.08909499977017,4454.189063999365,29.49794082118785
source-profile/w15/l4,nvme,representative_measurement,0,translate_lora,req_00007,8,34332672,5,174,1cd4782fb9853f9d65112e1e000c9addda739993f94687cd53627ecec1730bdf,863a849922cc81c0ae88c0e768630c1dcd0331afaf9e1d000a3e6702f84a6ec2,14969c6bdf2ecfef2fc017d7724d53816c8d7564d4b6f81a031ebc7a65f14e8b,202.74330800020834,285.020118997636,4519.982035999419,26.127063791904156
source-profile/w15/l5,nvme,representative_measurement,0,translate_lora_0054,req_00553,16,34332672,6,136,829344c7a9c8f4030df11e50e6acc31b398fdedd0da94b8d8daedc3d038f2e74,c14b90b2d9652b819327a22d7c5642e568678d013c0294a19d69810a7bd6fa0b,19c8445b1548b70f278ced2b870e4571dc95268aec53f92fc4e276318328d15a,232.66259899901343,289.19110399874626,3628.9840239987825,26.88136314073172
source-profile/w15/l6,nvme,representative_measurement,0,writing_lora_0011,req_00002,8,37478400,7,123,40b3a3a0009e919a9849c35f420de5bc87a313bf48e287fd12b4dc5422e736bf,0c870491227bb663ef63a2d8617011b7c73afeb4bbcb7881eac0eabc99252493,a3a1e7b1d33899759fcaa6d8674be9aadae1150da1ae75f24897e91730374073,216.43622199917445,295.93625299821724,3116.5508199992473,25.545498524583994
source-profile/w15/l7,nvme,representative_measurement,0,writing_lora_0035,req_00063,16,37478400,8,13,79cf8ea68ba8dcccabe264778429cd64acbd386add634c6676f7434965ac8437,e612a63497db446287f1961930fdb8154707ff571f11910d3b96fee3db43bf11,9f3b17493940073d43d567105ea762a09775048ea246997d55fc31c9363d9271,308.46179699801723,204.30956900236197,315.9160110008088,26.3263342500674
source-profile/w16/l0,file_host,representative_measurement,1,code_lora_0015,req_00015,16,56352768,1,256,7a3cfb0f299c64411886e734351f7ab324fca84c16b608fbec7cafb7510a76d9,348b7639c10a2ce2fece81f7a6de42bc7bbbea416149edd24003e3bb3c952936,172e03d6e94c01544b630160caa37995c02c1918e2ac48dcb2ef9e3c62c26c11,86.74341699952492,144.1991110004892,7289.291487999435,28.585456815684058
source-profile/w16/l1,file_host,representative_measurement,1,ecommerce_lora_0009,req_00018,8,32235520,2,183,664eaa1bf1ac5c08deb1859d12fc7b2ce712c9b372e8d249ab11b1d176d4534e,d3a08bc425110f1eeb259fec1ea1f627f48e72e3ac7ad1acec1702f2602d7eb4,ba01a4b9d8875b6a3f1f695140b76cf7f6f6872ac91411df698ed283f7d3fb26,135.87542899767868,192.6181560011173,5865.938337999978,32.23043042857131
source-profile/w16/l2,file_host,representative_measurement,1,ecommerce_lora_0057,req_00673,16,32235520,3,9,23a66aa95a18b17b5db1d5bc0623b1425e3f26a47d4dba35a1db5991f6e15f90,5a9d4667a90cf720dc638e68d9fee82dd5c85e8ea34247f070a9c75ac27f53df,62b7dd6cca4ec538a5d9637815d1c45d96b43a38ec3f2431bc25d07f390aa1ea,178.5889610000595,216.84120600184542,371.11223499960033,46.38902937495004
source-profile/w16/l3,file_host,representative_measurement,1,education_lora_0007,req_00017,16,36429824,4,256,ac8cf775611dd6156fb5f98c48ff5809a5d69a549ab55d38f6e08eb24212e02a,bd1e7f4de54828c23c3afef57a4f8f0cfee7765bea5b1bd80f18fa696f1dac06,2be35dbfcfb05e08d10723bb185e73142fb68e83aabf4bf843837ce840e7fa47,195.1142500001879,257.9721319998498,6684.6854649993475,26.21445280391901
source-profile/w16/l4,file_host,representative_measurement,1,education_lora_0043,req_00016,8,36429824,5,173,45feb5eec12e478bc4d56445e9b6cc2d23d030cd8b4a3c54420edf8e7edb8884,5fa3e82e7b2376c7d05647dafb2577848da6b3e32939d664d13320977e908495,e7ec197e29c202f2c1009663adf7a35b4775636c058114180958ed01e20e97bf,186.5615059978154,325.57066200024565,5047.1496940008365,29.343893569772305
source-profile/w16/l5,file_host,representative_measurement,1,finance_lora,req_00000,8,42721280,6,152,d48b8782cd47f7438837d530fb7e329f42e0f7bb1857c4cf7e53acb3c9417cc6,4b44bba8c651135bfcef9ee97eac60acd845a77bd78ce8682b2b8cb9d66286c9,3ef0c537d8ee8d066ce918a4a6725799e67a329eb4f835ae4c42343b61ea6801,270.7606719995965,279.16597000148613,4337.429081999289,28.72469590728006
source-profile/w16/l6,file_host,representative_measurement,1,finance_lora_0073,req_00000,16,42721280,6,152,d48b8782cd47f7438837d530fb7e329f42e0f7bb1857c4cf7e53acb3c9417cc6,4b44bba8c651135bfcef9ee97eac60acd845a77bd78ce8682b2b8cb9d66286c9,3ef0c537d8ee8d066ce918a4a6725799e67a329eb4f835ae4c42343b61ea6801,262.27349100008723,254.5439660025295,4119.530333999137,27.281657841053885
source-profile/w16/l7,file_host,representative_measurement,1,gaming_lora_0010,req_00030,16,28041216,7,162,d48b8782cd47f7438837d530fb7e329f42e0f7bb1857c4cf7e53acb3c9417cc6,4b44bba8c651135bfcef9ee97eac60acd845a77bd78ce8682b2b8cb9d66286c9,9533b2d03465f0b7e149fd6a53c8ec814d6e46df8c33adabe738f4de0030b365,285.23116200085497,255.77641400013817,4105.722692998825,25.501383186328102
source-profile/w17/l0,native_host,representative_measurement,1,code_lora_0015,req_00015,16,18350080,1,256,7a3cfb0f299c64411886e734351f7ab324fca84c16b608fbec7cafb7510a76d9,348b7639c10a2ce2fece81f7a6de42bc7bbbea416149edd24003e3bb3c952936,172e03d6e94c01544b630160caa37995c02c1918e2ac48dcb2ef9e3c62c26c11,1240.89755499881,308.8201280006615,8183.7437780013715,32.09311285490734
source-profile/w17/l1,native_host,representative_measurement,1,ecommerce_lora_0009,req_00018,8,9175040,2,183,664eaa1bf1ac5c08deb1859d12fc7b2ce712c9b372e8d249ab11b1d176d4534e,d3a08bc425110f1eeb259fec1ea1f627f48e72e3ac7ad1acec1702f2602d7eb4,ba01a4b9d8875b6a3f1f695140b76cf7f6f6872ac91411df698ed283f7d3fb26,244.97520300064934,686.915025999042,6683.323512999777,36.72155776373504
source-profile/w17/l2,native_host,representative_measurement,1,ecommerce_lora_0057,req_00673,16,18350080,3,9,23a66aa95a18b17b5db1d5bc0623b1425e3f26a47d4dba35a1db5991f6e15f90,5a9d4667a90cf720dc638e68d9fee82dd5c85e8ea34247f070a9c75ac27f53df,62b7dd6cca4ec538a5d9637815d1c45d96b43a38ec3f2431bc25d07f390aa1ea,236.27894099990954,215.66268199967453,277.3794979984814,34.67243724981017
source-profile/w17/l3,native_host,representative_measurement,1,education_lora_0007,req_00017,16,18350080,4,256,ac8cf775611dd6156fb5f98c48ff5809a5d69a549ab55d38f6e08eb24212e02a,bd1e7f4de54828c23c3afef57a4f8f0cfee7765bea5b1bd80f18fa696f1dac06,2be35dbfcfb05e08d10723bb185e73142fb68e83aabf4bf843837ce840e7fa47,927.5028100018972,352.5628399984271,6941.5979250006785,27.221952647061485
source-profile/w17/l4,native_host,representative_measurement,1,education_lora_0043,req_00016,8,9175040,5,173,45feb5eec12e478bc4d56445e9b6cc2d23d030cd8b4a3c54420edf8e7edb8884,5fa3e82e7b2376c7d05647dafb2577848da6b3e32939d664d13320977e908495,e7ec197e29c202f2c1009663adf7a35b4775636c058114180958ed01e20e97bf,1855.1841989974491,284.92380100215087,4850.479550001182,28.200462500006875
source-profile/w17/l5,native_host,representative_measurement,1,finance_lora,req_00000,8,9175040,5,152,d48b8782cd47f7438837d530fb7e329f42e0f7bb1857c4cf7e53acb3c9417cc6,4b44bba8c651135bfcef9ee97eac60acd845a77bd78ce8682b2b8cb9d66286c9,3ef0c537d8ee8d066ce918a4a6725799e67a329eb4f835ae4c42343b61ea6801,243.9070599975821,454.3736420018831,4548.297760000423,30.12117721854585
source-profile/w17/l6,native_host,representative_measurement,1,finance_lora_0073,req_00000,16,18350080,6,152,d48b8782cd47f7438837d530fb7e329f42e0f7bb1857c4cf7e53acb3c9417cc6,4b44bba8c651135bfcef9ee97eac60acd845a77bd78ce8682b2b8cb9d66286c9,3ef0c537d8ee8d066ce918a4a6725799e67a329eb4f835ae4c42343b61ea6801,298.38371600271785,294.4333179984824,4056.6766029987775,26.86540796687932
source-profile/w17/l7,native_host,representative_measurement,1,gaming_lora_0010,req_00030,16,18350080,7,162,d48b8782cd47f7438837d530fb7e329f42e0f7bb1857c4cf7e53acb3c9417cc6,4b44bba8c651135bfcef9ee97eac60acd845a77bd78ce8682b2b8cb9d66286c9,9533b2d03465f0b7e149fd6a53c8ec814d6e46df8c33adabe738f4de0030b365,253.50025999796344,252.48834300145973,3993.988416998036,24.80738147203749
source-profile/w18/l0,gpu,representative_measurement,1,code_lora_0015,req_00015,16,228130816,1,256,7a3cfb0f299c64411886e734351f7ab324fca84c16b608fbec7cafb7510a76d9,348b7639c10a2ce2fece81f7a6de42bc7bbbea416149edd24003e3bb3c952936,172e03d6e94c01544b630160caa37995c02c1918e2ac48dcb2ef9e3c62c26c11,0.0,205.59761799813714,6968.667437999102,27.32810759999648
source-profile/w18/l1,gpu,representative_measurement,1,ecommerce_lora_0009,req_00018,8,228130816,2,183,664eaa1bf1ac5c08deb1859d12fc7b2ce712c9b372e8d249ab11b1d176d4534e,d3a08bc425110f1eeb259fec1ea1f627f48e72e3ac7ad1acec1702f2602d7eb4,ba01a4b9d8875b6a3f1f695140b76cf7f6f6872ac91411df698ed283f7d3fb26,0.0,225.3984910021245,5530.784597998718,30.38892636263032
source-profile/w18/l2,gpu,representative_measurement,1,ecommerce_lora_0057,req_00673,16,228130816,3,9,23a66aa95a18b17b5db1d5bc0623b1425e3f26a47d4dba35a1db5991f6e15f90,5a9d4667a90cf720dc638e68d9fee82dd5c85e8ea34247f070a9c75ac27f53df,62b7dd6cca4ec538a5d9637815d1c45d96b43a38ec3f2431bc25d07f390aa1ea,0.0,188.5334509970562,381.5783880017989,47.69729850022486
source-profile/w18/l3,gpu,representative_measurement,1,education_lora_0007,req_00017,16,228130816,4,256,ac8cf775611dd6156fb5f98c48ff5809a5d69a549ab55d38f6e08eb24212e02a,bd1e7f4de54828c23c3afef57a4f8f0cfee7765bea5b1bd80f18fa696f1dac06,2be35dbfcfb05e08d10723bb185e73142fb68e83aabf4bf843837ce840e7fa47,0.0,247.34409500160837,6387.863247997302,25.050444109793343
source-profile/w18/l4,gpu,representative_measurement,1,education_lora_0043,req_00016,8,228130816,5,173,45feb5eec12e478bc4d56445e9b6cc2d23d030cd8b4a3c54420edf8e7edb8884,5fa3e82e7b2376c7d05647dafb2577848da6b3e32939d664d13320977e908495,e7ec197e29c202f2c1009663adf7a35b4775636c058114180958ed01e20e97bf,0.0,224.1065560010611,4895.289653999498,28.460986360462197
source-profile/w18/l5,gpu,representative_measurement,1,finance_lora,req_00000,8,228130816,5,152,d48b8782cd47f7438837d530fb7e329f42e0f7bb1857c4cf7e53acb3c9417cc6,4b44bba8c651135bfcef9ee97eac60acd845a77bd78ce8682b2b8cb9d66286c9,3ef0c537d8ee8d066ce918a4a6725799e67a329eb4f835ae4c42343b61ea6801,0.0,240.17436700160033,4208.892750000814,27.873461920535192
source-profile/w18/l6,gpu,representative_measurement,1,finance_lora_0073,req_00000,16,228130816,6,152,d48b8782cd47f7438837d530fb7e329f42e0f7bb1857c4cf7e53acb3c9417cc6,4b44bba8c651135bfcef9ee97eac60acd845a77bd78ce8682b2b8cb9d66286c9,3ef0c537d8ee8d066ce918a4a6725799e67a329eb4f835ae4c42343b61ea6801,0.0,253.61494600292644,4036.1656040004164,26.7295735364266
source-profile/w18/l7,gpu,representative_measurement,1,gaming_lora_0010,req_00030,16,228130816,7,162,d48b8782cd47f7438837d530fb7e329f42e0f7bb1857c4cf7e53acb3c9417cc6,4b44bba8c651135bfcef9ee97eac60acd845a77bd78ce8682b2b8cb9d66286c9,9533b2d03465f0b7e149fd6a53c8ec814d6e46df8c33adabe738f4de0030b365,0.0,220.6279390011332,4090.9725450001133,25.409767360249152
source-profile/w19/l0,remote,representative_measurement,1,code_lora_0015,req_00015,16,56327468,1,256,7a3cfb0f299c64411886e734351f7ab324fca84c16b608fbec7cafb7510a76d9,348b7639c10a2ce2fece81f7a6de42bc7bbbea416149edd24003e3bb3c952936,172e03d6e94c01544b630160caa37995c02c1918e2ac48dcb2ef9e3c62c26c11,1173.048762997496,264.5800690006581,6632.471500000975,26.009692156866567
source-profile/w19/l1,remote,representative_measurement,1,ecommerce_lora_0009,req_00018,8,32210220,2,183,664eaa1bf1ac5c08deb1859d12fc7b2ce712c9b372e8d249ab11b1d176d4534e,d3a08bc425110f1eeb259fec1ea1f627f48e72e3ac7ad1acec1702f2602d7eb4,ba01a4b9d8875b6a3f1f695140b76cf7f6f6872ac91411df698ed283f7d3fb26,813.9027090001036,116.44458799855784,5635.253029999149,30.96292873625906
source-profile/w19/l2,remote,representative_measurement,1,ecommerce_lora_0057,req_00673,16,32210220,3,9,23a66aa95a18b17b5db1d5bc0623b1425e3f26a47d4dba35a1db5991f6e15f90,5a9d4667a90cf720dc638e68d9fee82dd5c85e8ea34247f070a9c75ac27f53df,62b7dd6cca4ec538a5d9637815d1c45d96b43a38ec3f2431bc25d07f390aa1ea,937.9490760002227,190.6771440008015,289.9230520015408,36.2403815001926
source-profile/w19/l3,remote,representative_measurement,1,education_lora_0007,req_00017,16,36404524,4,256,ac8cf775611dd6156fb5f98c48ff5809a5d69a549ab55d38f6e08eb24212e02a,bd1e7f4de54828c23c3afef57a4f8f0cfee7765bea5b1bd80f18fa696f1dac06,2be35dbfcfb05e08d10723bb185e73142fb68e83aabf4bf843837ce840e7fa47,1250.9103379998123,376.9590669980971,6410.198183999455,25.13803209411551
source-profile/w19/l4,remote,representative_measurement,1,education_lora_0043,req_00016,8,36404524,5,173,45feb5eec12e478bc4d56445e9b6cc2d23d030cd8b4a3c54420edf8e7edb8884,5fa3e82e7b2376c7d05647dafb2577848da6b3e32939d664d13320977e908495,e7ec197e29c202f2c1009663adf7a35b4775636c058114180958ed01e20e97bf,1545.2606260005268,259.3714130016451,4901.303933998861,28.49595310464454
source-profile/w19/l5,remote,representative_measurement,1,finance_lora,req_00000,8,42695980,6,152,d48b8782cd47f7438837d530fb7e329f42e0f7bb1857c4cf7e53acb3c9417cc6,4b44bba8c651135bfcef9ee97eac60acd845a77bd78ce8682b2b8cb9d66286c9,3ef0c537d8ee8d066ce918a4a6725799e67a329eb4f835ae4c42343b61ea6801,1607.523761002085,301.3980340001581,4358.427942999697,28.863761211918522
source-profile/w19/l6,remote,representative_measurement,1,finance_lora_0073,req_00000,16,42695980,7,152,d48b8782cd47f7438837d530fb7e329f42e0f7bb1857c4cf7e53acb3c9417cc6,4b44bba8c651135bfcef9ee97eac60acd845a77bd78ce8682b2b8cb9d66286c9,3ef0c537d8ee8d066ce918a4a6725799e67a329eb4f835ae4c42343b61ea6801,2060.080259998358,303.72469200301566,4040.6345939991297,26.75916949668298
source-profile/w19/l7,remote,representative_measurement,1,gaming_lora_0010,req_00030,16,28015916,8,162,d48b8782cd47f7438837d530fb7e329f42e0f7bb1857c4cf7e53acb3c9417cc6,4b44bba8c651135bfcef9ee97eac60acd845a77bd78ce8682b2b8cb9d66286c9,9533b2d03465f0b7e149fd6a53c8ec814d6e46df8c33adabe738f4de0030b365,2154.4889669967233,311.39785800041864,4160.488718000124,25.841544832298908
source-profile/w20/l0,nvme,representative_measurement,1,code_lora_0015,req_00015,16,56352768,1,256,7a3cfb0f299c64411886e734351f7ab324fca84c16b608fbec7cafb7510a76d9,348b7639c10a2ce2fece81f7a6de42bc7bbbea416149edd24003e3bb3c952936,172e03d6e94c01544b630160caa37995c02c1918e2ac48dcb2ef9e3c62c26c11,79.35474900295958,144.26947799802292,7272.145520000777,28.51821772549324
source-profile/w20/l1,nvme,representative_measurement,1,ecommerce_lora_0009,req_00018,8,32235520,2,183,664eaa1bf1ac5c08deb1859d12fc7b2ce712c9b372e8d249ab11b1d176d4534e,d3a08bc425110f1eeb259fec1ea1f627f48e72e3ac7ad1acec1702f2602d7eb4,ba01a4b9d8875b6a3f1f695140b76cf7f6f6872ac91411df698ed283f7d3fb26,136.28864799829898,170.1385050000681,5847.52943300191,32.129282598911594
source-profile/w20/l2,nvme,representative_measurement,1,ecommerce_lora_0057,req_00673,16,32235520,3,9,23a66aa95a18b17b5db1d5bc0623b1425e3f26a47d4dba35a1db5991f6e15f90,5a9d4667a90cf720dc638e68d9fee82dd5c85e8ea34247f070a9c75ac27f53df,62b7dd6cca4ec538a5d9637815d1c45d96b43a38ec3f2431bc25d07f390aa1ea,191.49836100041284,215.430477001064,429.93609699988156,53.742012124985195
source-profile/w20/l3,nvme,representative_measurement,1,education_lora_0007,req_00017,16,36429824,4,256,ac8cf775611dd6156fb5f98c48ff5809a5d69a549ab55d38f6e08eb24212e02a,bd1e7f4de54828c23c3afef57a4f8f0cfee7765bea5b1bd80f18fa696f1dac06,2be35dbfcfb05e08d10723bb185e73142fb68e83aabf4bf843837ce840e7fa47,193.63498700113269,223.58556900144322,6689.838038000744,26.234658972551937
source-profile/w20/l4,nvme,representative_measurement,1,education_lora_0043,req_00016,8,36429824,5,173,45feb5eec12e478bc4d56445e9b6cc2d23d030cd8b4a3c54420edf8e7edb8884,5fa3e82e7b2376c7d05647dafb2577848da6b3e32939d664d13320977e908495,e7ec197e29c202f2c1009663adf7a35b4775636c058114180958ed01e20e97bf,224.93581700109644,292.3425769986352,5061.482413002523,29.427223331410016
source-profile/w20/l5,nvme,representative_measurement,1,finance_lora,req_00000,8,42721280,6,152,d48b8782cd47f7438837d530fb7e329f42e0f7bb1857c4cf7e53acb3c9417cc6,4b44bba8c651135bfcef9ee97eac60acd845a77bd78ce8682b2b8cb9d66286c9,3ef0c537d8ee8d066ce918a4a6725799e67a329eb4f835ae4c42343b61ea6801,234.20843199710362,279.3825740009197,4362.328931001684,28.889595569547577
source-profile/w20/l6,nvme,representative_measurement,1,finance_lora_0073,req_00000,16,42721280,6,152,d48b8782cd47f7438837d530fb7e329f42e0f7bb1857c4cf7e53acb3c9417cc6,4b44bba8c651135bfcef9ee97eac60acd845a77bd78ce8682b2b8cb9d66286c9,3ef0c537d8ee8d066ce918a4a6725799e67a329eb4f835ae4c42343b61ea6801,266.5712470006838,287.50842999943416,4139.244369998778,27.412214370852833
source-profile/w20/l7,nvme,representative_measurement,1,gaming_lora_0010,req_00030,16,28041216,7,162,d48b8782cd47f7438837d530fb7e329f42e0f7bb1857c4cf7e53acb3c9417cc6,4b44bba8c651135bfcef9ee97eac60acd845a77bd78ce8682b2b8cb9d66286c9,9533b2d03465f0b7e149fd6a53c8ec814d6e46df8c33adabe738f4de0030b365,267.8524020011537,264.08813200032455,4105.507209998905,25.500044782601893
source-profile/w21/l0,native_host,representative_measurement,1,gaming_lora_0034,req_00096,8,9175040,1,99,7d909f88ed53d92b35fc65d502ec3db8d213c2cec3c220074ea1a92c235864c5,2267cb2bacf06e1f715a23b3a479cb324eaa7ac97fd7df050dc4ab0c3df5861e,49abd1ab2e6959db32a1808606efc8e8c5c7d3e42cb5dc7e57497240b582a161,253.68815900219488,212.8502989980916,3655.188554999768,37.29784239795681
source-profile/w21/l1,native_host,representative_measurement,1,legal_lora,req_00005,8,9175040,2,256,ac37d628ca1c32ac53b036cef144d4d208736b190e78fcca5eb009ee66e394d6,abd6617e938672c678d181d91f30f1d3c652d830336956758871e8dcce813fc6,a316934630155c2e3c26162dc8579882204f0e2cdb1eb96bf3641989007656c5,226.93589899790823,296.89308300294215,7183.356120000099,28.170024000000385
source-profile/w21/l2,native_host,representative_measurement,1,legal_lora_0017,req_00068,16,18350080,3,256,87d9350451551184b0fc278a6e3781d67d1a66e4edb3c8d430a701bb1a92b8c1,4ee7ddf183779465230da92dcf44852829ac2e3261a50d1c48732f5f19e6618d,7bbff589f3b345a6cd13107419c48ce033d5d8b1e6afbd426d55975217fa625a,723.8952289990266,311.3291059999028,6759.749411001394,26.50882121961331
source-profile/w21/l3,native_host,representative_measurement,1,medical_lora,req_00021,8,9175040,4,89,7d909f88ed53d92b35fc65d502ec3db8d213c2cec3c220074ea1a92c235864c5,2267cb2bacf06e1f715a23b3a479cb324eaa7ac97fd7df050dc4ab0c3df5861e,bbcd23f9b50ad54f160bcff5e60b97db91087adc7d58c24de64e329f683b66b1,229.1258530021878,279.9976069982222,3490.1053040011902,39.66028754546807
source-profile/w21/l4,native_host,representative_measurement,1,medical_lora_0026,req_00049,16,18350080,5,16,13bd30bb371236ce44fde5e9ad5622cf01a53954c8f1d64151bde878c44f1a9e,c998acc3c86f44218c864dd182994a097e5685c0e06440bb99ae76d13afdad7f,36f6d25c3f848f30f46842cc5c2beabb5a32aea0f9dcf623f964d3a855f83576,221.877788000711,239.27195299984305,697.5163949973648,46.50109299982432
source-profile/w21/l5,native_host,representative_measurement,1,research_lora_0008,req_00008,8,9175040,6,50,dfe9631457079c19ca05230b5f1800d9c9da92f569fba712db0f68b0dfc7e0cd,ac238d41ce3dc2bfa25e53a957f151ea1f236642d874b7698dfe3d4067817d40,40cc18ad1658f835852f8a4f5feb1f7900cb3b92d54f4f2879e5c4e101248ed1,304.2457250012376,342.2050669978489,1980.1595860008092,40.41142012246549
source-profile/w21/l6,native_host,representative_measurement,1,research_lora_0104,req_00000,16,18350080,7,152,d48b8782cd47f7438837d530fb7e329f42e0f7bb1857c4cf7e53acb3c9417cc6,4b44bba8c651135bfcef9ee97eac60acd845a77bd78ce8682b2b8cb9d66286c9,3ef0c537d8ee8d066ce918a4a6725799e67a329eb4f835ae4c42343b61ea6801,1018.731045001914,338.6268879985437,3153.6154099994747,20.884870264897184
source-profile/w21/l7,native_host,representative_measurement,1,security_lora_0012,req_00031,8,9175040,6,40,2d3e4d510a19c9cfa67522c26907a7d657af793b70421e9a3f1d1ef002ecc0ef,aa6869aedb0002e9ca2fd34eb058d4ff1c893e67403fd73f91d1bffa1712e449,01e6c835fd1c71f6b36a4e3b0035729f6ad2b0949007d8dc1e807fda6f3502a6,235.17865400208393,283.4140929990099,822.2853410006792,21.08423951283793
source-profile/w22/l0,gpu,representative_measurement,1,gaming_lora_0034,req_00096,8,228130816,1,99,7d909f88ed53d92b35fc65d502ec3db8d213c2cec3c220074ea1a92c235864c5,2267cb2bacf06e1f715a23b3a479cb324eaa7ac97fd7df050dc4ab0c3df5861e,f7a0565c6d89dc03beda62d42fae0ca5ae3fe7ed2eb560b8349503199a38b253,0.0,167.31403100129683,3399.124925999786,34.68494822448761
source-profile/w22/l1,gpu,representative_measurement,1,legal_lora,req_00005,8,228130816,2,256,ac37d628ca1c32ac53b036cef144d4d208736b190e78fcca5eb009ee66e394d6,abd6617e938672c678d181d91f30f1d3c652d830336956758871e8dcce813fc6,a316934630155c2e3c26162dc8579882204f0e2cdb1eb96bf3641989007656c5,0.0,252.25330100147403,6025.224165001418,23.628330058829093
source-profile/w22/l2,gpu,representative_measurement,1,legal_lora_0017,req_00068,16,228130816,3,256,87d9350451551184b0fc278a6e3781d67d1a66e4edb3c8d430a701bb1a92b8c1,4ee7ddf183779465230da92dcf44852829ac2e3261a50d1c48732f5f19e6618d,7bbff589f3b345a6cd13107419c48ce033d5d8b1e6afbd426d55975217fa625a,0.0,245.41418700027862,5822.253793998243,22.832367819600954
source-profile/w22/l3,gpu,representative_measurement,1,medical_lora,req_00021,8,228130816,4,89,7d909f88ed53d92b35fc65d502ec3db8d213c2cec3c220074ea1a92c235864c5,2267cb2bacf06e1f715a23b3a479cb324eaa7ac97fd7df050dc4ab0c3df5861e,4d9110a658a9284f2cd6081e49b731f2582bcd6d9b1060b6bbbae2310e48ad4e,0.0,211.9614690018352,2755.026161998103,31.30711547725117
source-profile/w22/l4,gpu,representative_measurement,1,medical_lora_0026,req_00049,16,228130816,5,16,13bd30bb371236ce44fde5e9ad5622cf01a53954c8f1d64151bde878c44f1a9e,c998acc3c86f44218c864dd182994a097e5685c0e06440bb99ae76d13afdad7f,36f6d25c3f848f30f46842cc5c2beabb5a32aea0f9dcf623f964d3a855f83576,0.0,200.81570200272836,756.2541699990106,50.416944666600706
source-profile/w22/l5,gpu,representative_measurement,1,research_lora_0008,req_00008,8,228130816,6,50,dfe9631457079c19ca05230b5f1800d9c9da92f569fba712db0f68b0dfc7e0cd,ac238d41ce3dc2bfa25e53a957f151ea1f236642d874b7698dfe3d4067817d40,40cc18ad1658f835852f8a4f5feb1f7900cb3b92d54f4f2879e5c4e101248ed1,0.0,252.09444299980532,1561.3428389988258,31.864139571404607
source-profile/w22/l6,gpu,representative_measurement,1,research_lora_0104,req_00000,16,228130816,7,152,d48b8782cd47f7438837d530fb7e329f42e0f7bb1857c4cf7e53acb3c9417cc6,4b44bba8c651135bfcef9ee97eac60acd845a77bd78ce8682b2b8cb9d66286c9,3ef0c537d8ee8d066ce918a4a6725799e67a329eb4f835ae4c42343b61ea6801,0.0,272.5441830007185,3341.2171059972025,22.12726560263048
source-profile/w22/l7,gpu,representative_measurement,1,security_lora_0012,req_00031,8,228130816,8,40,2d3e4d510a19c9cfa67522c26907a7d657af793b70421e9a3f1d1ef002ecc0ef,aa6869aedb0002e9ca2fd34eb058d4ff1c893e67403fd73f91d1bffa1712e449,01e6c835fd1c71f6b36a4e3b0035729f6ad2b0949007d8dc1e807fda6f3502a6,0.0,202.34073100073147,1028.8419620010245,26.380563128231397
source-profile/w23/l0,remote,representative_measurement,1,gaming_lora_0034,req_00096,8,28015916,1,99,7d909f88ed53d92b35fc65d502ec3db8d213c2cec3c220074ea1a92c235864c5,2267cb2bacf06e1f715a23b3a479cb324eaa7ac97fd7df050dc4ab0c3df5861e,49abd1ab2e6959db32a1808606efc8e8c5c7d3e42cb5dc7e57497240b582a161,419.82313400148996,102.49192799892626,3033.5495800027275,30.95458755104824
source-profile/w23/l1,remote,representative_measurement,1,legal_lora,req_00005,8,45841708,2,256,ac37d628ca1c32ac53b036cef144d4d208736b190e78fcca5eb009ee66e394d6,abd6617e938672c678d181d91f30f1d3c652d830336956758871e8dcce813fc6,a316934630155c2e3c26162dc8579882204f0e2cdb1eb96bf3641989007656c5,1025.0754430016968,163.51199600103428,5978.321160997439,23.444396709793878
source-profile/w23/l2,remote,representative_measurement,1,legal_lora_0017,req_00068,16,45841708,3,256,87d9350451551184b0fc278a6e3781d67d1a66e4edb3c8d430a701bb1a92b8c1,4ee7ddf183779465230da92dcf44852829ac2e3261a50d1c48732f5f19e6618d,7bbff589f3b345a6cd13107419c48ce033d5d8b1e6afbd426d55975217fa625a,1178.436491998582,232.66591500214417,5774.251761999039,22.64412455685898
source-profile/w23/l3,remote,representative_measurement,1,medical_lora,req_00021,8,38501676,4,89,7d909f88ed53d92b35fc65d502ec3db8d213c2cec3c220074ea1a92c235864c5,2267cb2bacf06e1f715a23b3a479cb324eaa7ac97fd7df050dc4ab0c3df5861e,bbcd23f9b50ad54f160bcff5e60b97db91087adc7d58c24de64e329f683b66b1,1232.940548001352,246.6617079990101,2761.8997329991544,31.385224238626755
source-profile/w23/l4,remote,representative_measurement,1,medical_lora_0026,req_00049,16,38501676,5,16,13bd30bb371236ce44fde5e9ad5622cf01a53954c8f1d64151bde878c44f1a9e,c998acc3c86f44218c864dd182994a097e5685c0e06440bb99ae76d13afdad7f,36f6d25c3f848f30f46842cc5c2beabb5a32aea0f9dcf623f964d3a855f83576,2018.759009999485,281.0438289998274,670.8762540001771,44.72508360001181
source-profile/w23/l5,remote,representative_measurement,1,research_lora_0008,req_00008,8,40598828,6,50,dfe9631457079c19ca05230b5f1800d9c9da92f569fba712db0f68b0dfc7e0cd,ac238d41ce3dc2bfa25e53a957f151ea1f236642d874b7698dfe3d4067817d40,40cc18ad1658f835852f8a4f5feb1f7900cb3b92d54f4f2879e5c4e101248ed1,2182.076031000179,292.6004440014367,1372.1271729991713,28.002595367330027
source-profile/w23/l6,remote,representative_measurement,1,research_lora_0104,req_00000,16,40598828,7,152,d48b8782cd47f7438837d530fb7e329f42e0f7bb1857c4cf7e53acb3c9417cc6,4b44bba8c651135bfcef9ee97eac60acd845a77bd78ce8682b2b8cb9d66286c9,3ef0c537d8ee8d066ce918a4a6725799e67a329eb4f835ae4c42343b61ea6801,1697.945529998833,278.224614001374,3604.5363239973085,23.871101483425885
source-profile/w23/l7,remote,representative_measurement,1,security_lora_0012,req_00031,8,44793132,8,40,2d3e4d510a19c9cfa67522c26907a7d657af793b70421e9a3f1d1ef002ecc0ef,aa6869aedb0002e9ca2fd34eb058d4ff1c893e67403fd73f91d1bffa1712e449,01e6c835fd1c71f6b36a4e3b0035729f6ad2b0949007d8dc1e807fda6f3502a6,1762.4614400010614,261.8429450012627,981.1894279991975,25.158703282030704
source-profile/w24/l0,nvme,representative_measurement,1,gaming_lora_0034,req_00096,8,28041216,1,99,7d909f88ed53d92b35fc65d502ec3db8d213c2cec3c220074ea1a92c235864c5,2267cb2bacf06e1f715a23b3a479cb324eaa7ac97fd7df050dc4ab0c3df5861e,49abd1ab2e6959db32a1808606efc8e8c5c7d3e42cb5dc7e57497240b582a161,83.96718800213421,110.35142899709172,2424.7949060008978,24.74280516327447
source-profile/w24/l1,nvme,representative_measurement,1,legal_lora,req_00005,8,45867008,2,256,ac37d628ca1c32ac53b036cef144d4d208736b190e78fcca5eb009ee66e394d6,abd6617e938672c678d181d91f30f1d3c652d830336956758871e8dcce813fc6,a316934630155c2e3c26162dc8579882204f0e2cdb1eb96bf3641989007656c5,1007.759623000311,180.6700560009631,6315.094505000161,24.76507649019671
source-profile/w24/l2,nvme,representative_measurement,1,legal_lora_0017,req_00068,16,45867008,3,256,87d9350451551184b0fc278a6e3781d67d1a66e4edb3c8d430a701bb1a92b8c1,4ee7ddf183779465230da92dcf44852829ac2e3261a50d1c48732f5f19e6618d,7bbff589f3b345a6cd13107419c48ce033d5d8b1e6afbd426d55975217fa625a,174.27386599956662,210.5356110005232,6119.996559998981,23.999986509799925
source-profile/w24/l3,nvme,representative_measurement,1,medical_lora,req_00021,8,38526976,4,89,7d909f88ed53d92b35fc65d502ec3db8d213c2cec3c220074ea1a92c235864c5,2267cb2bacf06e1f715a23b3a479cb324eaa7ac97fd7df050dc4ab0c3df5861e,4d9110a658a9284f2cd6081e49b731f2582bcd6d9b1060b6bbbae2310e48ad4e,231.45910799939884,232.53625500001363,2932.1610320002947,33.320011727276075
source-profile/w24/l4,nvme,representative_measurement,1,medical_lora_0026,req_00049,16,38526976,5,16,13bd30bb371236ce44fde5e9ad5622cf01a53954c8f1d64151bde878c44f1a9e,c998acc3c86f44218c864dd182994a097e5685c0e06440bb99ae76d13afdad7f,36f6d25c3f848f30f46842cc5c2beabb5a32aea0f9dcf623f964d3a855f83576,266.72652900015237,273.54293299868004,872.8822049997689,58.192146999984594
source-profile/w24/l5,nvme,representative_measurement,1,research_lora_0008,req_00008,8,40624128,6,50,dfe9631457079c19ca05230b5f1800d9c9da92f569fba712db0f68b0dfc7e0cd,ac238d41ce3dc2bfa25e53a957f151ea1f236642d874b7698dfe3d4067817d40,40cc18ad1658f835852f8a4f5feb1f7900cb3b92d54f4f2879e5c4e101248ed1,221.69423699961044,387.6480930011894,1568.3177299979434,32.006484285672315
source-profile/w24/l6,nvme,representative_measurement,1,research_lora_0104,req_00000,16,40624128,7,152,d48b8782cd47f7438837d530fb7e329f42e0f7bb1857c4cf7e53acb3c9417cc6,4b44bba8c651135bfcef9ee97eac60acd845a77bd78ce8682b2b8cb9d66286c9,3ef0c537d8ee8d066ce918a4a6725799e67a329eb4f835ae4c42343b61ea6801,339.21458199984045,259.80472499941243,3313.92243099981,21.946506165561654
source-profile/w24/l7,nvme,representative_measurement,1,security_lora_0012,req_00031,8,44818432,7,40,2d3e4d510a19c9cfa67522c26907a7d657af793b70421e9a3f1d1ef002ecc0ef,aa6869aedb0002e9ca2fd34eb058d4ff1c893e67403fd73f91d1bffa1712e449,01e6c835fd1c71f6b36a4e3b0035729f6ad2b0949007d8dc1e807fda6f3502a6,337.84260799802723,245.6499630025064,933.7280500003544,23.94174487180396
source-profile/w25/l0,file_host,representative_measurement,1,gaming_lora_0034,req_00096,8,28041216,1,99,7d909f88ed53d92b35fc65d502ec3db8d213c2cec3c220074ea1a92c235864c5,2267cb2bacf06e1f715a23b3a479cb324eaa7ac97fd7df050dc4ab0c3df5861e,f7a0565c6d89dc03beda62d42fae0ca5ae3fe7ed2eb560b8349503199a38b253,85.37429599891766,136.68849999885424,3671.1790450026456,37.4610106632923
source-profile/w25/l1,file_host,representative_measurement,1,legal_lora,req_00005,8,45867008,2,256,ac37d628ca1c32ac53b036cef144d4d208736b190e78fcca5eb009ee66e394d6,abd6617e938672c678d181d91f30f1d3c652d830336956758871e8dcce813fc6,a316934630155c2e3c26162dc8579882204f0e2cdb1eb96bf3641989007656c5,161.35732600014308,188.3652959986648,6388.005877000978,25.05100343921952
source-profile/w25/l2,file_host,representative_measurement,1,legal_lora_0017,req_00068,16,45867008,3,256,87d9350451551184b0fc278a6e3781d67d1a66e4edb3c8d430a701bb1a92b8c1,4ee7ddf183779465230da92dcf44852829ac2e3261a50d1c48732f5f19e6618d,7bbff589f3b345a6cd13107419c48ce033d5d8b1e6afbd426d55975217fa625a,181.20985900168307,219.08376899955329,6179.746614001488,24.23430044706466
source-profile/w25/l3,file_host,representative_measurement,1,medical_lora,req_00021,8,38526976,4,89,7d909f88ed53d92b35fc65d502ec3db8d213c2cec3c220074ea1a92c235864c5,2267cb2bacf06e1f715a23b3a479cb324eaa7ac97fd7df050dc4ab0c3df5861e,4d9110a658a9284f2cd6081e49b731f2582bcd6d9b1060b6bbbae2310e48ad4e,189.88586499835947,254.8502660029044,2999.773808998725,34.08833873862188
source-profile/w25/l4,file_host,representative_measurement,1,medical_lora_0026,req_00049,16,38526976,5,16,13bd30bb371236ce44fde5e9ad5622cf01a53954c8f1d64151bde878c44f1a9e,c998acc3c86f44218c864dd182994a097e5685c0e06440bb99ae76d13afdad7f,36f6d25c3f848f30f46842cc5c2beabb5a32aea0f9dcf623f964d3a855f83576,211.89743500144687,288.7174329989648,832.7679590001935,55.517863933346234
source-profile/w25/l5,file_host,representative_measurement,1,research_lora_0008,req_00008,8,40624128,6,50,dfe9631457079c19ca05230b5f1800d9c9da92f569fba712db0f68b0dfc7e0cd,ac238d41ce3dc2bfa25e53a957f151ea1f236642d874b7698dfe3d4067817d40,40cc18ad1658f835852f8a4f5feb1f7900cb3b92d54f4f2879e5c4e101248ed1,227.8828529997554,282.736034001573,1658.1461069981742,33.83971646935049
source-profile/w25/l6,file_host,representative_measurement,1,research_lora_0104,req_00000,16,40624128,7,152,d48b8782cd47f7438837d530fb7e329f42e0f7bb1857c4cf7e53acb3c9417cc6,4b44bba8c651135bfcef9ee97eac60acd845a77bd78ce8682b2b8cb9d66286c9,3ef0c537d8ee8d066ce918a4a6725799e67a329eb4f835ae4c42343b61ea6801,272.7848400027142,299.3946770002367,3415.241208997031,22.617491450311466
source-profile/w25/l7,file_host,representative_measurement,1,security_lora_0012,req_00031,8,44818432,8,40,2d3e4d510a19c9cfa67522c26907a7d657af793b70421e9a3f1d1ef002ecc0ef,aa6869aedb0002e9ca2fd34eb058d4ff1c893e67403fd73f91d1bffa1712e449,01e6c835fd1c71f6b36a4e3b0035729f6ad2b0949007d8dc1e807fda6f3502a6,239.64625200096634,230.51942600068287,1013.9266919977672,25.998120307635055
source-profile/w26/l0,gpu,representative_measurement,1,security_lora_0048,req_00107,16,228130816,1,179,d48b8782cd47f7438837d530fb7e329f42e0f7bb1857c4cf7e53acb3c9417cc6,4b44bba8c651135bfcef9ee97eac60acd845a77bd78ce8682b2b8cb9d66286c9,77bdbf3a8357471b25bbcabef9b6c6b6f9b76902cc5508956772181f4a0c96a4,0.0,209.16872499947203,5356.07447700022,30.090306050563036
source-profile/w26/l1,gpu,representative_measurement,1,support_lora,req_00038,8,228130816,2,141,f49ad350f302f18533d645c8458d6e8f556edcbcad190d6ce222f6cfe0189b77,28256d1f57bce729e9fb51a6b723425d7d4409bff2f9e92f6574d6478b9d596f,92dae489cd5ada3d4ab29b6cccb360ceb8362645903ee3af353bbbeb7a0d8fe7,0.0,207.39065000088885,4443.892897001206,31.742092121437185
source-profile/w26/l2,gpu,representative_measurement,1,support_lora_0148,req_00000,16,228130816,3,152,d48b8782cd47f7438837d530fb7e329f42e0f7bb1857c4cf7e53acb3c9417cc6,4b44bba8c651135bfcef9ee97eac60acd845a77bd78ce8682b2b8cb9d66286c9,3ef0c537d8ee8d066ce918a4a6725799e67a329eb4f835ae4c42343b61ea6801,0.0,253.1173250026768,4526.43159299987,29.976368165562054
source-profile/w26/l3,gpu,representative_measurement,1,translate_lora,req_00007,8,228130816,4,174,1cd4782fb9853f9d65112e1e000c9addda739993f94687cd53627ecec1730bdf,863a849922cc81c0ae88c0e768630c1dcd0331afaf9e1d000a3e6702f84a6ec2,14969c6bdf2ecfef2fc017d7724d53816c8d7564d4b6f81a031ebc7a65f14e8b,0.0,203.28961300037918,4762.600719001057,27.5294839248616
source-profile/w26/l4,gpu,representative_measurement,1,translate_lora_0054,req_00553,16,228130816,5,136,829344c7a9c8f4030df11e50e6acc31b398fdedd0da94b8d8daedc3d038f2e74,c14b90b2d9652b819327a22d7c5642e568678d013c0294a19d69810a7bd6fa0b,19c8445b1548b70f278ced2b870e4571dc95268aec53f92fc4e276318328d15a,0.0,212.00006999788457,3920.4218320010114,29.04016171852601
source-profile/w26/l5,gpu,representative_measurement,1,writing_lora_0011,req_00002,8,228130816,6,123,40b3a3a0009e919a9849c35f420de5bc87a313bf48e287fd12b4dc5422e736bf,0c870491227bb663ef63a2d8617011b7c73afeb4bbcb7881eac0eabc99252493,a3a1e7b1d33899759fcaa6d8674be9aadae1150da1ae75f24897e91730374073,0.0,221.06990500105894,3480.1761220005574,28.526033786889816
source-profile/w26/l6,gpu,representative_measurement,1,writing_lora_0035,req_00063,16,228130816,7,13,79cf8ea68ba8dcccabe264778429cd64acbd386add634c6676f7434965ac8437,e612a63497db446287f1961930fdb8154707ff571f11910d3b96fee3db43bf11,9f3b17493940073d43d567105ea762a09775048ea246997d55fc31c9363d9271,0.0,268.12122899718815,432.5418910011649,36.04515758343041
source-profile/w26/l7,gpu,representative_measurement,1,code_lora,req_00012,8,228130816,8,256,7a3cfb0f299c64411886e734351f7ab324fca84c16b608fbec7cafb7510a76d9,348b7639c10a2ce2fece81f7a6de42bc7bbbea416149edd24003e3bb3c952936,172e03d6e94c01544b630160caa37995c02c1918e2ac48dcb2ef9e3c62c26c11,0.0,234.69687800024985,5057.668155001011,19.833992764709848
source-profile/w27/l0,remote,representative_measurement,1,security_lora_0048,req_00107,16,44793132,1,179,d48b8782cd47f7438837d530fb7e329f42e0f7bb1857c4cf7e53acb3c9417cc6,4b44bba8c651135bfcef9ee97eac60acd845a77bd78ce8682b2b8cb9d66286c9,77bdbf3a8357471b25bbcabef9b6c6b6f9b76902cc5508956772181f4a0c96a4,1816.6472829980194,182.3351700004423,5225.404419001279,29.35620460113078
source-profile/w27/l1,remote,representative_measurement,1,support_lora,req_00038,8,30113068,2,141,f49ad350f302f18533d645c8458d6e8f556edcbcad190d6ce222f6cfe0189b77,28256d1f57bce729e9fb51a6b723425d7d4409bff2f9e92f6574d6478b9d596f,92dae489cd5ada3d4ab29b6cccb360ceb8362645903ee3af353bbbeb7a0d8fe7,1585.1751560003322,201.56502600002568,4455.396121000376,31.824258007145545
source-profile/w27/l2,remote,representative_measurement,1,support_lora_0148,req_00000,16,30113068,3,152,d48b8782cd47f7438837d530fb7e329f42e0f7bb1857c4cf7e53acb3c9417cc6,4b44bba8c651135bfcef9ee97eac60acd845a77bd78ce8682b2b8cb9d66286c9,3ef0c537d8ee8d066ce918a4a6725799e67a329eb4f835ae4c42343b61ea6801,1923.0555489994003,195.46886600073776,4588.058935001754,30.384496258289765
source-profile/w27/l3,remote,representative_measurement,1,translate_lora,req_00007,8,34307372,4,174,1cd4782fb9853f9d65112e1e000c9addda739993f94687cd53627ecec1730bdf,863a849922cc81c0ae88c0e768630c1dcd0331afaf9e1d000a3e6702f84a6ec2,14969c6bdf2ecfef2fc017d7724d53816c8d7564d4b6f81a031ebc7a65f14e8b,2359.691893001582,166.07207400011248,4780.14377299769,27.63088886125832
source-profile/w27/l4,remote,representative_measurement,1,translate_lora_0054,req_00553,16,34307372,5,136,829344c7a9c8f4030df11e50e6acc31b398fdedd0da94b8d8daedc3d038f2e74,c14b90b2d9652b819327a22d7c5642e568678d013c0294a19d69810a7bd6fa0b,19c8445b1548b70f278ced2b870e4571dc95268aec53f92fc4e276318328d15a,2571.608111997193,204.3586870022409,3906.988447997719,28.940655170353473
source-profile/w27/l5,remote,representative_measurement,1,writing_lora_0011,req_00002,8,37453100,6,123,40b3a3a0009e919a9849c35f420de5bc87a313bf48e287fd12b4dc5422e736bf,0c870491227bb663ef63a2d8617011b7c73afeb4bbcb7881eac0eabc99252493,a3a1e7b1d33899759fcaa6d8674be9aadae1150da1ae75f24897e91730374073,1865.1790529984282,199.58596699871123,3584.7270760023093,29.38300881969106
source-profile/w27/l6,remote,representative_measurement,1,writing_lora_0035,req_00063,16,37453100,7,13,79cf8ea68ba8dcccabe264778429cd64acbd386add634c6676f7434965ac8437,e612a63497db446287f1961930fdb8154707ff571f11910d3b96fee3db43bf11,9f3b17493940073d43d567105ea762a09775048ea246997d55fc31c9363d9271,2416.4275889997953,288.46217799946317,336.02939800039167,28.002449833365972
source-profile/w27/l7,remote,representative_measurement,1,code_lora,req_00012,8,56327468,8,256,7a3cfb0f299c64411886e734351f7ab324fca84c16b608fbec7cafb7510a76d9,348b7639c10a2ce2fece81f7a6de42bc7bbbea416149edd24003e3bb3c952936,172e03d6e94c01544b630160caa37995c02c1918e2ac48dcb2ef9e3c62c26c11,1511.3391779996164,310.3801420002128,5204.67738500156,20.410499549025726
source-profile/w28/l0,nvme,representative_measurement,1,security_lora_0048,req_00107,16,44818432,1,179,d48b8782cd47f7438837d530fb7e329f42e0f7bb1857c4cf7e53acb3c9417cc6,4b44bba8c651135bfcef9ee97eac60acd845a77bd78ce8682b2b8cb9d66286c9,77bdbf3a8357471b25bbcabef9b6c6b6f9b76902cc5508956772181f4a0c96a4,94.32957700119005,144.14456899976358,5734.5694649993675,32.216682387636894
source-profile/w28/l1,nvme,representative_measurement,1,support_lora,req_00038,8,30138368,2,141,f49ad350f302f18533d645c8458d6e8f556edcbcad190d6ce222f6cfe0189b77,28256d1f57bce729e9fb51a6b723425d7d4409bff2f9e92f6574d6478b9d596f,92dae489cd5ada3d4ab29b6cccb360ceb8362645903ee3af353bbbeb7a0d8fe7,134.27102999776253,197.5213910009188,4805.360182999721,34.32400130714086
source-profile/w28/l2,nvme,representative_measurement,1,support_lora_0148,req_00000,16,30138368,3,152,d48b8782cd47f7438837d530fb7e329f42e0f7bb1857c4cf7e53acb3c9417cc6,4b44bba8c651135bfcef9ee97eac60acd845a77bd78ce8682b2b8cb9d66286c9,3ef0c537d8ee8d066ce918a4a6725799e67a329eb4f835ae4c42343b61ea6801,184.31181900086813,217.92286599884392,4927.109207001195,32.62986229802116
source-profile/w28/l3,nvme,representative_measurement,1,translate_lora,req_00007,8,34332672,4,174,1cd4782fb9853f9d65112e1e000c9addda739993f94687cd53627ecec1730bdf,863a849922cc81c0ae88c0e768630c1dcd0331afaf9e1d000a3e6702f84a6ec2,14969c6bdf2ecfef2fc017d7724d53816c8d7564d4b6f81a031ebc7a65f14e8b,195.95598099840572,224.911602002976,5125.030264000088,29.624452393064093
source-profile/w28/l4,nvme,representative_measurement,1,translate_lora_0054,req_00553,16,34332672,5,136,829344c7a9c8f4030df11e50e6acc31b398fdedd0da94b8d8daedc3d038f2e74,c14b90b2d9652b819327a22d7c5642e568678d013c0294a19d69810a7bd6fa0b,19c8445b1548b70f278ced2b870e4571dc95268aec53f92fc4e276318328d15a,236.2730589993589,297.0037749983021,4153.229792002094,30.764665125941434
source-profile/w28/l5,nvme,representative_measurement,1,writing_lora_0011,req_00002,8,37478400,6,123,40b3a3a0009e919a9849c35f420de5bc87a313bf48e287fd12b4dc5422e736bf,0c870491227bb663ef63a2d8617011b7c73afeb4bbcb7881eac0eabc99252493,a3a1e7b1d33899759fcaa6d8674be9aadae1150da1ae75f24897e91730374073,227.4602870020317,327.49728599810624,3589.3901039999037,29.42123036065495
source-profile/w28/l6,nvme,representative_measurement,1,writing_lora_0035,req_00063,16,37478400,7,13,79cf8ea68ba8dcccabe264778429cd64acbd386add634c6676f7434965ac8437,e612a63497db446287f1961930fdb8154707ff571f11910d3b96fee3db43bf11,9f3b17493940073d43d567105ea762a09775048ea246997d55fc31c9363d9271,246.40685199847212,323.11168600062956,493.7738150001678,41.14781791668065
source-profile/w28/l7,nvme,representative_measurement,1,code_lora,req_00012,8,56352768,8,256,7a3cfb0f299c64411886e734351f7ab324fca84c16b608fbec7cafb7510a76d9,348b7639c10a2ce2fece81f7a6de42bc7bbbea416149edd24003e3bb3c952936,172e03d6e94c01544b630160caa37995c02c1918e2ac48dcb2ef9e3c62c26c11,267.0100050017936,265.97146799758775,5013.9043150011275,19.662369862749518
source-profile/w29/l0,file_host,representative_measurement,1,security_lora_0048,req_00107,16,44818432,1,179,d48b8782cd47f7438837d530fb7e329f42e0f7bb1857c4cf7e53acb3c9417cc6,4b44bba8c651135bfcef9ee97eac60acd845a77bd78ce8682b2b8cb9d66286c9,77bdbf3a8357471b25bbcabef9b6c6b6f9b76902cc5508956772181f4a0c96a4,84.04573300140328,146.21934499882627,5650.851013000647,31.746354005621612
source-profile/w29/l1,file_host,representative_measurement,1,support_lora,req_00038,8,30138368,2,141,f49ad350f302f18533d645c8458d6e8f556edcbcad190d6ce222f6cfe0189b77,28256d1f57bce729e9fb51a6b723425d7d4409bff2f9e92f6574d6478b9d596f,92dae489cd5ada3d4ab29b6cccb360ceb8362645903ee3af353bbbeb7a0d8fe7,138.75603700216743,192.6652069996635,4700.382962000731,33.574164014290936
source-profile/w29/l2,file_host,representative_measurement,1,support_lora_0148,req_00000,16,30138368,3,152,d48b8782cd47f7438837d530fb7e329f42e0f7bb1857c4cf7e53acb3c9417cc6,4b44bba8c651135bfcef9ee97eac60acd845a77bd78ce8682b2b8cb9d66286c9,3ef0c537d8ee8d066ce918a4a6725799e67a329eb4f835ae4c42343b61ea6801,179.57282900169957,228.0831179996312,4849.2918820011255,32.11451577484189
source-profile/w29/l3,file_host,representative_measurement,1,translate_lora,req_00007,8,34332672,4,174,1cd4782fb9853f9d65112e1e000c9addda739993f94687cd53627ecec1730bdf,863a849922cc81c0ae88c0e768630c1dcd0331afaf9e1d000a3e6702f84a6ec2,14969c6bdf2ecfef2fc017d7724d53816c8d7564d4b6f81a031ebc7a65f14e8b,197.4410130023898,250.6657659978373,5017.875085002743,29.00505829481354
source-profile/w29/l4,file_host,representative_measurement,1,translate_lora_0054,req_00553,16,34332672,5,136,829344c7a9c8f4030df11e50e6acc31b398fdedd0da94b8d8daedc3d038f2e74,c14b90b2d9652b819327a22d7c5642e568678d013c0294a19d69810a7bd6fa0b,19c8445b1548b70f278ced2b870e4571dc95268aec53f92fc4e276318328d15a,255.7378380006412,245.69166799847153,4096.50055900056,30.344448585189337
source-profile/w29/l5,file_host,representative_measurement,1,writing_lora_0011,req_00002,8,37478400,6,123,40b3a3a0009e919a9849c35f420de5bc87a313bf48e287fd12b4dc5422e736bf,0c870491227bb663ef63a2d8617011b7c73afeb4bbcb7881eac0eabc99252493,a3a1e7b1d33899759fcaa6d8674be9aadae1150da1ae75f24897e91730374073,317.1829250022711,387.19794699863996,3428.858601000684,28.105398368858065
source-profile/w29/l6,file_host,representative_measurement,1,writing_lora_0035,req_00063,16,37478400,7,13,79cf8ea68ba8dcccabe264778429cd64acbd386add634c6676f7434965ac8437,e612a63497db446287f1961930fdb8154707ff571f11910d3b96fee3db43bf11,9f3b17493940073d43d567105ea762a09775048ea246997d55fc31c9363d9271,226.10564499700558,315.1137800014112,496.0922969985404,41.341024749878365
source-profile/w29/l7,file_host,representative_measurement,1,code_lora,req_00012,8,56352768,8,256,7a3cfb0f299c64411886e734351f7ab324fca84c16b608fbec7cafb7510a76d9,348b7639c10a2ce2fece81f7a6de42bc7bbbea416149edd24003e3bb3c952936,172e03d6e94c01544b630160caa37995c02c1918e2ac48dcb2ef9e3c62c26c11,278.29694300089614,265.9531839999545,5038.31899099896,19.758113690191998
source-profile/w30/l0,native_host,representative_measurement,1,security_lora_0048,req_00107,16,18350080,1,179,d48b8782cd47f7438837d530fb7e329f42e0f7bb1857c4cf7e53acb3c9417cc6,4b44bba8c651135bfcef9ee97eac60acd845a77bd78ce8682b2b8cb9d66286c9,77bdbf3a8357471b25bbcabef9b6c6b6f9b76902cc5508956772181f4a0c96a4,204.75154499945347,266.1813680024352,5658.82442200018,31.79114843820326
source-profile/w30/l1,native_host,representative_measurement,1,support_lora,req_00038,8,9175040,2,141,f49ad350f302f18533d645c8458d6e8f556edcbcad190d6ce222f6cfe0189b77,28256d1f57bce729e9fb51a6b723425d7d4409bff2f9e92f6574d6478b9d596f,92dae489cd5ada3d4ab29b6cccb360ceb8362645903ee3af353bbbeb7a0d8fe7,252.02063100005034,941.5021409986366,5073.564745998738,36.23974818570527
source-profile/w30/l2,native_host,representative_measurement,1,support_lora_0148,req_00000,16,18350080,3,152,d48b8782cd47f7438837d530fb7e329f42e0f7bb1857c4cf7e53acb3c9417cc6,4b44bba8c651135bfcef9ee97eac60acd845a77bd78ce8682b2b8cb9d66286c9,3ef0c537d8ee8d066ce918a4a6725799e67a329eb4f835ae4c42343b61ea6801,263.22385399907944,318.72011800078326,5131.037014001777,33.98037757617071
source-profile/w30/l3,native_host,representative_measurement,1,translate_lora,req_00007,8,9175040,4,174,1cd4782fb9853f9d65112e1e000c9addda739993f94687cd53627ecec1730bdf,863a849922cc81c0ae88c0e768630c1dcd0331afaf9e1d000a3e6702f84a6ec2,14969c6bdf2ecfef2fc017d7724d53816c8d7564d4b6f81a031ebc7a65f14e8b,288.0580919991189,271.0163299998385,5207.367285998771,30.100388936409082
source-profile/w30/l4,native_host,representative_measurement,1,translate_lora_0054,req_00553,16,18350080,5,136,829344c7a9c8f4030df11e50e6acc31b398fdedd0da94b8d8daedc3d038f2e74,c14b90b2d9652b819327a22d7c5642e568678d013c0294a19d69810a7bd6fa0b,19c8445b1548b70f278ced2b870e4571dc95268aec53f92fc4e276318328d15a,317.3031660007837,242.68343299991102,4198.419844000455,31.09940625185522
source-profile/w30/l5,native_host,representative_measurement,1,writing_lora_0011,req_00002,8,9175040,6,123,40b3a3a0009e919a9849c35f420de5bc87a313bf48e287fd12b4dc5422e736bf,0c870491227bb663ef63a2d8617011b7c73afeb4bbcb7881eac0eabc99252493,a3a1e7b1d33899759fcaa6d8674be9aadae1150da1ae75f24897e91730374073,771.9378449983196,358.7856619997183,3136.3946690034936,25.7081530246188
source-profile/w30/l6,native_host,representative_measurement,1,writing_lora_0035,req_00063,16,18350080,7,13,79cf8ea68ba8dcccabe264778429cd64acbd386add634c6676f7434965ac8437,e612a63497db446287f1961930fdb8154707ff571f11910d3b96fee3db43bf11,9f3b17493940073d43d567105ea762a09775048ea246997d55fc31c9363d9271,247.40403699979652,436.96030999853974,554.4190360014909,46.20158633345758
source-profile/w30/l7,native_host,representative_measurement,1,code_lora,req_00012,8,9175040,8,256,7a3cfb0f299c64411886e734351f7ab324fca84c16b608fbec7cafb7510a76d9,348b7639c10a2ce2fece81f7a6de42bc7bbbea416149edd24003e3bb3c952936,172e03d6e94c01544b630160caa37995c02c1918e2ac48dcb2ef9e3c62c26c11,262.96871999875293,287.2981059990707,4682.807975001197,18.36395284314195
source-profile/w31/l0,gpu,representative_measurement,2,ecommerce_lora_0009,req_00018,8,228130816,1,183,664eaa1bf1ac5c08deb1859d12fc7b2ce712c9b372e8d249ab11b1d176d4534e,d3a08bc425110f1eeb259fec1ea1f627f48e72e3ac7ad1acec1702f2602d7eb4,ba01a4b9d8875b6a3f1f695140b76cf7f6f6872ac91411df698ed283f7d3fb26,0.0,207.71428900116007,5558.699591998447,30.54230545054092
source-profile/w31/l1,gpu,representative_measurement,2,ecommerce_lora_0057,req_00673,16,228130816,2,9,23a66aa95a18b17b5db1d5bc0623b1425e3f26a47d4dba35a1db5991f6e15f90,5a9d4667a90cf720dc638e68d9fee82dd5c85e8ea34247f070a9c75ac27f53df,62b7dd6cca4ec538a5d9637815d1c45d96b43a38ec3f2431bc25d07f390aa1ea,0.0,201.85100399976363,346.0999269991589,43.262490874894866
source-profile/w31/l2,gpu,representative_measurement,2,education_lora_0007,req_00017,16,228130816,3,256,ac8cf775611dd6156fb5f98c48ff5809a5d69a549ab55d38f6e08eb24212e02a,bd1e7f4de54828c23c3afef57a4f8f0cfee7765bea5b1bd80f18fa696f1dac06,2be35dbfcfb05e08d10723bb185e73142fb68e83aabf4bf843837ce840e7fa47,0.0,235.69349000172224,6380.487663998792,25.021520250975655
source-profile/w31/l3,gpu,representative_measurement,2,education_lora_0043,req_00016,8,228130816,4,173,45feb5eec12e478bc4d56445e9b6cc2d23d030cd8b4a3c54420edf8e7edb8884,5fa3e82e7b2376c7d05647dafb2577848da6b3e32939d664d13320977e908495,e7ec197e29c202f2c1009663adf7a35b4775636c058114180958ed01e20e97bf,0.0,248.8585119972413,4952.88146600069,28.7958224767482
source-profile/w31/l4,gpu,representative_measurement,2,finance_lora,req_00000,8,228130816,4,152,d48b8782cd47f7438837d530fb7e329f42e0f7bb1857c4cf7e53acb3c9417cc6,4b44bba8c651135bfcef9ee97eac60acd845a77bd78ce8682b2b8cb9d66286c9,3ef0c537d8ee8d066ce918a4a6725799e67a329eb4f835ae4c42343b61ea6801,0.0,245.18524599989178,4286.126377999608,28.384942900659656
source-profile/w31/l5,gpu,representative_measurement,2,finance_lora_0073,req_00000,16,228130816,5,152,d48b8782cd47f7438837d530fb7e329f42e0f7bb1857c4cf7e53acb3c9417cc6,4b44bba8c651135bfcef9ee97eac60acd845a77bd78ce8682b2b8cb9d66286c9,3ef0c537d8ee8d066ce918a4a6725799e67a329eb4f835ae4c42343b61ea6801,0.0,264.0664300015487,4091.926600998704,27.098851662243074
source-profile/w31/l6,gpu,representative_measurement,2,gaming_lora_0010,req_00030,16,228130816,6,162,d48b8782cd47f7438837d530fb7e329f42e0f7bb1857c4cf7e53acb3c9417cc6,4b44bba8c651135bfcef9ee97eac60acd845a77bd78ce8682b2b8cb9d66286c9,9533b2d03465f0b7e149fd6a53c8ec814d6e46df8c33adabe738f4de0030b365,0.0,253.8064630025474,4050.122628999816,25.1560411739119
source-profile/w31/l7,gpu,representative_measurement,2,gaming_lora_0034,req_00096,8,228130816,7,99,7d909f88ed53d92b35fc65d502ec3db8d213c2cec3c220074ea1a92c235864c5,2267cb2bacf06e1f715a23b3a479cb324eaa7ac97fd7df050dc4ab0c3df5861e,49abd1ab2e6959db32a1808606efc8e8c5c7d3e42cb5dc7e57497240b582a161,0.0,193.3521920000203,2583.0364049979835,26.357514336714118
source-profile/w32/l0,remote,representative_measurement,2,ecommerce_lora_0009,req_00018,8,32210220,1,183,664eaa1bf1ac5c08deb1859d12fc7b2ce712c9b372e8d249ab11b1d176d4534e,d3a08bc425110f1eeb259fec1ea1f627f48e72e3ac7ad1acec1702f2602d7eb4,ba01a4b9d8875b6a3f1f695140b76cf7f6f6872ac91411df698ed283f7d3fb26,840.7190770012676,177.58120399957988,5462.485935000586,30.013658983519704
source-profile/w32/l1,remote,representative_measurement,2,ecommerce_lora_0057,req_00673,16,32210220,2,9,23a66aa95a18b17b5db1d5bc0623b1425e3f26a47d4dba35a1db5991f6e15f90,5a9d4667a90cf720dc638e68d9fee82dd5c85e8ea34247f070a9c75ac27f53df,62b7dd6cca4ec538a5d9637815d1c45d96b43a38ec3f2431bc25d07f390aa1ea,1058.9055330019619,219.405165000353,153.3667580006295,19.170844750078686
source-profile/w32/l2,remote,representative_measurement,2,education_lora_0007,req_00017,16,36404524,3,256,ac8cf775611dd6156fb5f98c48ff5809a5d69a549ab55d38f6e08eb24212e02a,bd1e7f4de54828c23c3afef57a4f8f0cfee7765bea5b1bd80f18fa696f1dac06,2be35dbfcfb05e08d10723bb185e73142fb68e83aabf4bf843837ce840e7fa47,910.0179699998989,220.32223299902398,6513.136518002284,25.541711835303076
source-profile/w32/l3,remote,representative_measurement,2,education_lora_0043,req_00016,8,36404524,4,173,45feb5eec12e478bc4d56445e9b6cc2d23d030cd8b4a3c54420edf8e7edb8884,5fa3e82e7b2376c7d05647dafb2577848da6b3e32939d664d13320977e908495,e7ec197e29c202f2c1009663adf7a35b4775636c058114180958ed01e20e97bf,1580.4862850018253,200.97687499946915,4964.654912000697,28.864272744190096
source-profile/w32/l4,remote,representative_measurement,2,finance_lora,req_00000,8,42695980,5,152,d48b8782cd47f7438837d530fb7e329f42e0f7bb1857c4cf7e53acb3c9417cc6,4b44bba8c651135bfcef9ee97eac60acd845a77bd78ce8682b2b8cb9d66286c9,3ef0c537d8ee8d066ce918a4a6725799e67a329eb4f835ae4c42343b61ea6801,1782.7094759995816,360.83916099960334,4267.023718999553,28.258435225162604
source-profile/w32/l5,remote,representative_measurement,2,finance_lora_0073,req_00000,16,42695980,6,152,d48b8782cd47f7438837d530fb7e329f42e0f7bb1857c4cf7e53acb3c9417cc6,4b44bba8c651135bfcef9ee97eac60acd845a77bd78ce8682b2b8cb9d66286c9,3ef0c537d8ee8d066ce918a4a6725799e67a329eb4f835ae4c42343b61ea6801,2013.0802389976452,240.42812900006538,4195.714975001465,27.78619188742692
source-profile/w32/l6,remote,representative_measurement,2,gaming_lora_0010,req_00030,16,28015916,7,162,d48b8782cd47f7438837d530fb7e329f42e0f7bb1857c4cf7e53acb3c9417cc6,4b44bba8c651135bfcef9ee97eac60acd845a77bd78ce8682b2b8cb9d66286c9,9533b2d03465f0b7e149fd6a53c8ec814d6e46df8c33adabe738f4de0030b365,2281.141346000368,350.5088229976536,4085.4791839992686,25.375647105585518
source-profile/w32/l7,remote,representative_measurement,2,gaming_lora_0034,req_00096,8,28015916,8,99,7d909f88ed53d92b35fc65d502ec3db8d213c2cec3c220074ea1a92c235864c5,2267cb2bacf06e1f715a23b3a479cb324eaa7ac97fd7df050dc4ab0c3df5861e,49abd1ab2e6959db32a1808606efc8e8c5c7d3e42cb5dc7e57497240b582a161,1846.5606909994676,287.2024659991439,2600.823469001625,26.5390149898125
source-profile/w33/l0,nvme,representative_measurement,2,ecommerce_lora_0009,req_00018,8,32235520,1,183,664eaa1bf1ac5c08deb1859d12fc7b2ce712c9b372e8d249ab11b1d176d4534e,d3a08bc425110f1eeb259fec1ea1f627f48e72e3ac7ad1acec1702f2602d7eb4,d854e1da3b36cccd4b5160c7a9abc1ae2f7063d5a101ab6d73e314d8d9ade768,76.69515000088722,144.46844199846964,5292.087474001164,29.077403703303098
source-profile/w33/l1,nvme,representative_measurement,2,ecommerce_lora_0057,req_00673,16,32235520,2,9,23a66aa95a18b17b5db1d5bc0623b1425e3f26a47d4dba35a1db5991f6e15f90,5a9d4667a90cf720dc638e68d9fee82dd5c85e8ea34247f070a9c75ac27f53df,62b7dd6cca4ec538a5d9637815d1c45d96b43a38ec3f2431bc25d07f390aa1ea,177.80665999816847,130.89978100106237,132.50495200190926,16.563119000238657
source-profile/w33/l2,nvme,representative_measurement,2,education_lora_0007,req_00017,16,36429824,3,256,ac8cf775611dd6156fb5f98c48ff5809a5d69a549ab55d38f6e08eb24212e02a,bd1e7f4de54828c23c3afef57a4f8f0cfee7765bea5b1bd80f18fa696f1dac06,2be35dbfcfb05e08d10723bb185e73142fb68e83aabf4bf843837ce840e7fa47,129.2008470009023,215.90338299938594,6459.5442800018645,25.331546196085743
source-profile/w33/l3,nvme,representative_measurement,2,education_lora_0043,req_00016,8,36429824,3,173,45feb5eec12e478bc4d56445e9b6cc2d23d030cd8b4a3c54420edf8e7edb8884,5fa3e82e7b2376c7d05647dafb2577848da6b3e32939d664d13320977e908495,e7ec197e29c202f2c1009663adf7a35b4775636c058114180958ed01e20e97bf,181.58936200052267,248.2668709999416,5052.910704998794,29.377387819760433
source-profile/w33/l4,nvme,representative_measurement,2,finance_lora,req_00000,8,42721280,4,152,d48b8782cd47f7438837d530fb7e329f42e0f7bb1857c4cf7e53acb3c9417cc6,4b44bba8c651135bfcef9ee97eac60acd845a77bd78ce8682b2b8cb9d66286c9,3ef0c537d8ee8d066ce918a4a6725799e67a329eb4f835ae4c42343b61ea6801,211.7629210006271,246.4505370007828,4409.021895000478,29.19882049669191
source-profile/w33/l5,nvme,representative_measurement,2,finance_lora_0073,req_00000,16,42721280,5,152,d48b8782cd47f7438837d530fb7e329f42e0f7bb1857c4cf7e53acb3c9417cc6,4b44bba8c651135bfcef9ee97eac60acd845a77bd78ce8682b2b8cb9d66286c9,3ef0c537d8ee8d066ce918a4a6725799e67a329eb4f835ae4c42343b61ea6801,237.85056099950452,280.49132700107293,4152.507989001606,27.5000529072954
source-profile/w33/l6,nvme,representative_measurement,2,gaming_lora_0010,req_00030,16,28041216,6,162,d48b8782cd47f7438837d530fb7e329f42e0f7bb1857c4cf7e53acb3c9417cc6,4b44bba8c651135bfcef9ee97eac60acd845a77bd78ce8682b2b8cb9d66286c9,9533b2d03465f0b7e149fd6a53c8ec814d6e46df8c33adabe738f4de0030b365,258.19372100158944,310.84336300045834,4042.3433679970913,25.107722782590628
source-profile/w33/l7,nvme,representative_measurement,2,gaming_lora_0034,req_00096,8,28041216,7,99,7d909f88ed53d92b35fc65d502ec3db8d213c2cec3c220074ea1a92c235864c5,2267cb2bacf06e1f715a23b3a479cb324eaa7ac97fd7df050dc4ab0c3df5861e,49abd1ab2e6959db32a1808606efc8e8c5c7d3e42cb5dc7e57497240b582a161,255.99393000084092,226.24764099964523,2543.176218998269,25.9507777448803
source-profile/w34/l0,file_host,representative_measurement,2,ecommerce_lora_0009,req_00018,8,32235520,1,183,664eaa1bf1ac5c08deb1859d12fc7b2ce712c9b372e8d249ab11b1d176d4534e,d3a08bc425110f1eeb259fec1ea1f627f48e72e3ac7ad1acec1702f2602d7eb4,ba01a4b9d8875b6a3f1f695140b76cf7f6f6872ac91411df698ed283f7d3fb26,87.04751699769986,149.88253100091242,5875.112048001029,32.28083542857708
source-profile/w34/l1,file_host,representative_measurement,2,ecommerce_lora_0057,req_00673,16,32235520,2,9,23a66aa95a18b17b5db1d5bc0623b1425e3f26a47d4dba35a1db5991f6e15f90,5a9d4667a90cf720dc638e68d9fee82dd5c85e8ea34247f070a9c75ac27f53df,62b7dd6cca4ec538a5d9637815d1c45d96b43a38ec3f2431bc25d07f390aa1ea,145.27342500150553,185.8501749993593,357.75463200116064,44.71932900014508
source-profile/w34/l2,file_host,representative_measurement,2,education_lora_0007,req_00017,16,36429824,3,256,ac8cf775611dd6156fb5f98c48ff5809a5d69a549ab55d38f6e08eb24212e02a,bd1e7f4de54828c23c3afef57a4f8f0cfee7765bea5b1bd80f18fa696f1dac06,2be35dbfcfb05e08d10723bb185e73142fb68e83aabf4bf843837ce840e7fa47,179.80660400280613,263.8572479991126,6598.036686998967,25.87465367450575
source-profile/w34/l3,file_host,representative_measurement,2,education_lora_0043,req_00016,8,36429824,4,173,45feb5eec12e478bc4d56445e9b6cc2d23d030cd8b4a3c54420edf8e7edb8884,5fa3e82e7b2376c7d05647dafb2577848da6b3e32939d664d13320977e908495,e7ec197e29c202f2c1009663adf7a35b4775636c058114180958ed01e20e97bf,233.9186150020396,320.40349599992624,5099.818767997931,29.65010911626704
source-profile/w34/l4,file_host,representative_measurement,2,finance_lora,req_00000,8,42721280,5,152,d48b8782cd47f7438837d530fb7e329f42e0f7bb1857c4cf7e53acb3c9417cc6,4b44bba8c651135bfcef9ee97eac60acd845a77bd78ce8682b2b8cb9d66286c9,3ef0c537d8ee8d066ce918a4a6725799e67a329eb4f835ae4c42343b61ea6801,195.683181998902,283.77793099934934,4504.143702000874,29.828766238416385
source-profile/w34/l5,file_host,representative_measurement,2,finance_lora_0073,req_00000,16,42721280,5,152,d48b8782cd47f7438837d530fb7e329f42e0f7bb1857c4cf7e53acb3c9417cc6,4b44bba8c651135bfcef9ee97eac60acd845a77bd78ce8682b2b8cb9d66286c9,3ef0c537d8ee8d066ce918a4a6725799e67a329eb4f835ae4c42343b61ea6801,267.2607179993065,317.72821200138424,4240.76914699981,28.08456388741596
source-profile/w34/l6,file_host,representative_measurement,2,gaming_lora_0010,req_00030,16,28041216,6,162,d48b8782cd47f7438837d530fb7e329f42e0f7bb1857c4cf7e53acb3c9417cc6,4b44bba8c651135bfcef9ee97eac60acd845a77bd78ce8682b2b8cb9d66286c9,9533b2d03465f0b7e149fd6a53c8ec814d6e46df8c33adabe738f4de0030b365,253.0731629994989,289.26823000074364,4140.739783000754,25.718880639756236
source-profile/w34/l7,file_host,representative_measurement,2,gaming_lora_0034,req_00096,8,28041216,7,99,7d909f88ed53d92b35fc65d502ec3db8d213c2cec3c220074ea1a92c235864c5,2267cb2bacf06e1f715a23b3a479cb324eaa7ac97fd7df050dc4ab0c3df5861e,49abd1ab2e6959db32a1808606efc8e8c5c7d3e42cb5dc7e57497240b582a161,268.6403719999362,221.73876200031373,2586.0907409987703,26.3886810305997
source-profile/w35/l0,native_host,representative_measurement,2,ecommerce_lora_0009,req_00018,8,9175040,1,183,664eaa1bf1ac5c08deb1859d12fc7b2ce712c9b372e8d249ab11b1d176d4534e,d3a08bc425110f1eeb259fec1ea1f627f48e72e3ac7ad1acec1702f2602d7eb4,ba01a4b9d8875b6a3f1f695140b76cf7f6f6872ac91411df698ed283f7d3fb26,211.5448339973227,251.9936870012316,5993.535527999484,32.931513890107055
source-profile/w35/l1,native_host,representative_measurement,2,ecommerce_lora_0057,req_00673,16,18350080,2,9,23a66aa95a18b17b5db1d5bc0623b1425e3f26a47d4dba35a1db5991f6e15f90,5a9d4667a90cf720dc638e68d9fee82dd5c85e8ea34247f070a9c75ac27f53df,62b7dd6cca4ec538a5d9637815d1c45d96b43a38ec3f2431bc25d07f390aa1ea,256.78046400207677,209.33357999820146,329.35432700105594,41.16929087513199
source-profile/w35/l2,native_host,representative_measurement,2,education_lora_0007,req_00017,16,18350080,3,256,ac8cf775611dd6156fb5f98c48ff5809a5d69a549ab55d38f6e08eb24212e02a,bd1e7f4de54828c23c3afef57a4f8f0cfee7765bea5b1bd80f18fa696f1dac06,2be35dbfcfb05e08d10723bb185e73142fb68e83aabf4bf843837ce840e7fa47,212.57185300055426,232.47222099962528,7088.067245000275,27.79634213725598
source-profile/w35/l3,native_host,representative_measurement,2,education_lora_0043,req_00016,8,9175040,3,173,45feb5eec12e478bc4d56445e9b6cc2d23d030cd8b4a3c54420edf8e7edb8884,5fa3e82e7b2376c7d05647dafb2577848da6b3e32939d664d13320977e908495,e7ec197e29c202f2c1009663adf7a35b4775636c058114180958ed01e20e97bf,231.44517699984135,312.00139899738133,5207.856029002869,30.278232726760866
source-profile/w35/l4,native_host,representative_measurement,2,finance_lora,req_00000,8,9175040,4,152,d48b8782cd47f7438837d530fb7e329f42e0f7bb1857c4cf7e53acb3c9417cc6,4b44bba8c651135bfcef9ee97eac60acd845a77bd78ce8682b2b8cb9d66286c9,3ef0c537d8ee8d066ce918a4a6725799e67a329eb4f835ae4c42343b61ea6801,246.45967000105884,850.823232998664,4510.402320000139,29.870214039736023
source-profile/w35/l5,native_host,representative_measurement,2,finance_lora_0073,req_00000,16,18350080,5,152,d48b8782cd47f7438837d530fb7e329f42e0f7bb1857c4cf7e53acb3c9417cc6,4b44bba8c651135bfcef9ee97eac60acd845a77bd78ce8682b2b8cb9d66286c9,3ef0c537d8ee8d066ce918a4a6725799e67a329eb4f835ae4c42343b61ea6801,223.21094400103902,281.6750179990777,4179.5807980015525,27.679343033122866
source-profile/w35/l6,native_host,representative_measurement,2,gaming_lora_0010,req_00030,16,18350080,6,162,d48b8782cd47f7438837d530fb7e329f42e0f7bb1857c4cf7e53acb3c9417cc6,4b44bba8c651135bfcef9ee97eac60acd845a77bd78ce8682b2b8cb9d66286c9,9533b2d03465f0b7e149fd6a53c8ec814d6e46df8c33adabe738f4de0030b365,214.69397799955914,347.79189599794336,3934.430480003357,24.43745639753638
source-profile/w35/l7,native_host,representative_measurement,2,gaming_lora_0034,req_00096,8,9175040,7,99,7d909f88ed53d92b35fc65d502ec3db8d213c2cec3c220074ea1a92c235864c5,2267cb2bacf06e1f715a23b3a479cb324eaa7ac97fd7df050dc4ab0c3df5861e,49abd1ab2e6959db32a1808606efc8e8c5c7d3e42cb5dc7e57497240b582a161,252.03323499954422,222.14306800015038,2493.2022579996556,25.440839367343425
source-profile/w36/l0,remote,representative_measurement,2,legal_lora,req_00005,8,45841708,1,256,ac37d628ca1c32ac53b036cef144d4d208736b190e78fcca5eb009ee66e394d6,abd6617e938672c678d181d91f30f1d3c652d830336956758871e8dcce813fc6,a316934630155c2e3c26162dc8579882204f0e2cdb1eb96bf3641989007656c5,1074.4989710001391,167.91230600210838,6417.493860000832,25.166642588238556
source-profile/w36/l1,remote,representative_measurement,2,legal_lora_0017,req_00068,16,45841708,2,256,87d9350451551184b0fc278a6e3781d67d1a66e4edb3c8d430a701bb1a92b8c1,4ee7ddf183779465230da92dcf44852829ac2e3261a50d1c48732f5f19e6618d,7bbff589f3b345a6cd13107419c48ce033d5d8b1e6afbd426d55975217fa625a,1266.2380450019555,318.8328219985124,6156.654029000492,24.143741290198008
source-profile/w36/l2,remote,representative_measurement,2,medical_lora,req_00021,8,38501676,3,89,7d909f88ed53d92b35fc65d502ec3db8d213c2cec3c220074ea1a92c235864c5,2267cb2bacf06e1f715a23b3a479cb324eaa7ac97fd7df050dc4ab0c3df5861e,4d9110a658a9284f2cd6081e49b731f2582bcd6d9b1060b6bbbae2310e48ad4e,1101.5591530012898,189.92213399906177,3073.7280670000473,34.92872803409145
source-profile/w36/l3,remote,representative_measurement,2,medical_lora_0026,req_00049,16,38501676,4,16,13bd30bb371236ce44fde5e9ad5622cf01a53954c8f1d64151bde878c44f1a9e,c998acc3c86f44218c864dd182994a097e5685c0e06440bb99ae76d13afdad7f,36f6d25c3f848f30f46842cc5c2beabb5a32aea0f9dcf623f964d3a855f83576,1422.0203190016036,368.32774199865526,614.1094109989353,40.94062739992902
source-profile/w36/l4,remote,representative_measurement,2,research_lora_0008,req_00008,8,40598828,5,50,dfe9631457079c19ca05230b5f1800d9c9da92f569fba712db0f68b0dfc7e0cd,ac238d41ce3dc2bfa25e53a957f151ea1f236642d874b7698dfe3d4067817d40,40cc18ad1658f835852f8a4f5feb1f7900cb3b92d54f4f2879e5c4e101248ed1,1713.4653520006395,318.5999460001767,1752.7518280003278,35.770445469394446
source-profile/w36/l5,remote,representative_measurement,2,research_lora_0104,req_00000,16,40598828,6,152,d48b8782cd47f7438837d530fb7e329f42e0f7bb1857c4cf7e53acb3c9417cc6,4b44bba8c651135bfcef9ee97eac60acd845a77bd78ce8682b2b8cb9d66286c9,3ef0c537d8ee8d066ce918a4a6725799e67a329eb4f835ae4c42343b61ea6801,1823.9863999988302,360.3235320006206,3831.8108519997622,25.376230807945444
source-profile/w36/l6,remote,representative_measurement,2,security_lora_0012,req_00031,8,44793132,7,40,2d3e4d510a19c9cfa67522c26907a7d657af793b70421e9a3f1d1ef002ecc0ef,aa6869aedb0002e9ca2fd34eb058d4ff1c893e67403fd73f91d1bffa1712e449,01e6c835fd1c71f6b36a4e3b0035729f6ad2b0949007d8dc1e807fda6f3502a6,2382.7547029977723,329.9639800025034,1101.8186179971963,28.251759435825544
source-profile/w36/l7,remote,representative_measurement,2,security_lora_0048,req_00107,16,44793132,8,179,d48b8782cd47f7438837d530fb7e329f42e0f7bb1857c4cf7e53acb3c9417cc6,4b44bba8c651135bfcef9ee97eac60acd845a77bd78ce8682b2b8cb9d66286c9,77bdbf3a8357471b25bbcabef9b6c6b6f9b76902cc5508956772181f4a0c96a4,2528.917800002091,294.9785979981243,3867.5717170008284,21.727930994386675
source-profile/w37/l0,nvme,representative_measurement,2,legal_lora,req_00005,8,45867008,1,256,ac37d628ca1c32ac53b036cef144d4d208736b190e78fcca5eb009ee66e394d6,abd6617e938672c678d181d91f30f1d3c652d830336956758871e8dcce813fc6,a316934630155c2e3c26162dc8579882204f0e2cdb1eb96bf3641989007656c5,84.34109299923875,147.63451500039082,6767.163517997687,26.53789614901054
source-profile/w37/l1,nvme,representative_measurement,2,legal_lora_0017,req_00068,16,45867008,2,256,87d9350451551184b0fc278a6e3781d67d1a66e4edb3c8d430a701bb1a92b8c1,4ee7ddf183779465230da92dcf44852829ac2e3261a50d1c48732f5f19e6618d,7bbff589f3b345a6cd13107419c48ce033d5d8b1e6afbd426d55975217fa625a,150.71096600149758,196.58506199994008,6598.991940001724,25.878399764712643
source-profile/w37/l2,nvme,representative_measurement,2,medical_lora,req_00021,8,38526976,3,89,7d909f88ed53d92b35fc65d502ec3db8d213c2cec3c220074ea1a92c235864c5,2267cb2bacf06e1f715a23b3a479cb324eaa7ac97fd7df050dc4ab0c3df5861e,4d9110a658a9284f2cd6081e49b731f2582bcd6d9b1060b6bbbae2310e48ad4e,180.13280900049722,226.22905900061596,3189.4531510006345,36.24378580682539
source-profile/w37/l3,nvme,representative_measurement,2,medical_lora_0026,req_00049,16,38526976,4,16,13bd30bb371236ce44fde5e9ad5622cf01a53954c8f1d64151bde878c44f1a9e,c998acc3c86f44218c864dd182994a097e5685c0e06440bb99ae76d13afdad7f,36f6d25c3f848f30f46842cc5c2beabb5a32aea0f9dcf623f964d3a855f83576,159.6165609989839,250.7823460000509,860.3159590020368,57.35439726680246
source-profile/w37/l4,nvme,representative_measurement,2,research_lora_0008,req_00008,8,40624128,5,50,dfe9631457079c19ca05230b5f1800d9c9da92f569fba712db0f68b0dfc7e0cd,ac238d41ce3dc2bfa25e53a957f151ea1f236642d874b7698dfe3d4067817d40,40cc18ad1658f835852f8a4f5feb1f7900cb3b92d54f4f2879e5c4e101248ed1,208.2316109990643,299.3646139984776,1889.5131790013693,38.561493449007536
source-profile/w37/l5,nvme,representative_measurement,2,research_lora_0104,req_00000,16,40624128,6,152,d48b8782cd47f7438837d530fb7e329f42e0f7bb1857c4cf7e53acb3c9417cc6,4b44bba8c651135bfcef9ee97eac60acd845a77bd78ce8682b2b8cb9d66286c9,3ef0c537d8ee8d066ce918a4a6725799e67a329eb4f835ae4c42343b61ea6801,242.79478199969162,332.7680859983957,3767.462659001467,24.9500838344468
source-profile/w37/l6,nvme,representative_measurement,2,security_lora_0012,req_00031,8,44818432,7,40,2d3e4d510a19c9cfa67522c26907a7d657af793b70421e9a3f1d1ef002ecc0ef,aa6869aedb0002e9ca2fd34eb058d4ff1c893e67403fd73f91d1bffa1712e449,01e6c835fd1c71f6b36a4e3b0035729f6ad2b0949007d8dc1e807fda6f3502a6,272.2861680013011,258.03463400006876,1161.90783699858,29.792508640989233
source-profile/w37/l7,nvme,representative_measurement,2,security_lora_0048,req_00107,16,44818432,8,179,d48b8782cd47f7438837d530fb7e329f42e0f7bb1857c4cf7e53acb3c9417cc6,4b44bba8c651135bfcef9ee97eac60acd845a77bd78ce8682b2b8cb9d66286c9,77bdbf3a8357471b25bbcabef9b6c6b6f9b76902cc5508956772181f4a0c96a4,290.50202800135594,256.84126499982085,3817.4339959987265,21.446258404487228
source-profile/w38/l0,file_host,representative_measurement,2,legal_lora,req_00005,8,45867008,1,256,ac37d628ca1c32ac53b036cef144d4d208736b190e78fcca5eb009ee66e394d6,abd6617e938672c678d181d91f30f1d3c652d830336956758871e8dcce813fc6,a316934630155c2e3c26162dc8579882204f0e2cdb1eb96bf3641989007656c5,78.58725500045693,144.4899570014968,6788.4337449977465,26.621308803912733
source-profile/w38/l1,file_host,representative_measurement,2,legal_lora_0017,req_00068,16,45867008,2,256,87d9350451551184b0fc278a6e3781d67d1a66e4edb3c8d430a701bb1a92b8c1,4ee7ddf183779465230da92dcf44852829ac2e3261a50d1c48732f5f19e6618d,7bbff589f3b345a6cd13107419c48ce033d5d8b1e6afbd426d55975217fa625a,160.2899960016657,191.25366200023564,6615.6461799982935,25.943710509797228
source-profile/w38/l2,file_host,representative_measurement,2,medical_lora,req_00021,8,38526976,3,89,7d909f88ed53d92b35fc65d502ec3db8d213c2cec3c220074ea1a92c235864c5,2267cb2bacf06e1f715a23b3a479cb324eaa7ac97fd7df050dc4ab0c3df5861e,bbcd23f9b50ad54f160bcff5e60b97db91087adc7d58c24de64e329f683b66b1,182.09507899882738,206.57207900148933,3258.7315829987347,37.03104071589471
source-profile/w38/l3,file_host,representative_measurement,2,medical_lora_0026,req_00049,16,38526976,4,16,13bd30bb371236ce44fde5e9ad5622cf01a53954c8f1d64151bde878c44f1a9e,c998acc3c86f44218c864dd182994a097e5685c0e06440bb99ae76d13afdad7f,36f6d25c3f848f30f46842cc5c2beabb5a32aea0f9dcf623f964d3a855f83576,218.7704610005312,295.3176249975513,920.9304720025102,61.39536480016735
source-profile/w38/l4,file_host,representative_measurement,2,research_lora_0008,req_00008,8,40624128,5,50,dfe9631457079c19ca05230b5f1800d9c9da92f569fba712db0f68b0dfc7e0cd,ac238d41ce3dc2bfa25e53a957f151ea1f236642d874b7698dfe3d4067817d40,40cc18ad1658f835852f8a4f5feb1f7900cb3b92d54f4f2879e5c4e101248ed1,185.15712499720394,296.9393940002192,1934.7454740018293,39.48460151024141
source-profile/w38/l5,file_host,representative_measurement,2,research_lora_0104,req_00000,16,40624128,6,152,d48b8782cd47f7438837d530fb7e329f42e0f7bb1857c4cf7e53acb3c9417cc6,4b44bba8c651135bfcef9ee97eac60acd845a77bd78ce8682b2b8cb9d66286c9,3ef0c537d8ee8d066ce918a4a6725799e67a329eb4f835ae4c42343b61ea6801,245.69551500098896,324.40736100033973,3815.969003000646,25.271317900666528
source-profile/w38/l6,file_host,representative_measurement,2,security_lora_0012,req_00031,8,44818432,7,40,2d3e4d510a19c9cfa67522c26907a7d657af793b70421e9a3f1d1ef002ecc0ef,aa6869aedb0002e9ca2fd34eb058d4ff1c893e67403fd73f91d1bffa1712e449,01e6c835fd1c71f6b36a4e3b0035729f6ad2b0949007d8dc1e807fda6f3502a6,254.6955390025687,314.87398199897143,1153.1790789995284,29.568694333321243
source-profile/w38/l7,file_host,representative_measurement,2,security_lora_0048,req_00107,16,44818432,8,179,d48b8782cd47f7438837d530fb7e329f42e0f7bb1857c4cf7e53acb3c9417cc6,4b44bba8c651135bfcef9ee97eac60acd845a77bd78ce8682b2b8cb9d66286c9,77bdbf3a8357471b25bbcabef9b6c6b6f9b76902cc5508956772181f4a0c96a4,301.38931699912064,253.52514699989115,3812.798222999845,21.420214735954186
source-profile/w39/l0,native_host,representative_measurement,2,legal_lora,req_00005,8,9175040,1,256,ac37d628ca1c32ac53b036cef144d4d208736b190e78fcca5eb009ee66e394d6,abd6617e938672c678d181d91f30f1d3c652d830336956758871e8dcce813fc6,a316934630155c2e3c26162dc8579882204f0e2cdb1eb96bf3641989007656c5,761.2879109983623,252.40834100259235,7577.984925999772,29.717587945097144
source-profile/w39/l1,native_host,representative_measurement,2,legal_lora_0017,req_00068,16,18350080,2,256,87d9350451551184b0fc278a6e3781d67d1a66e4edb3c8d430a701bb1a92b8c1,4ee7ddf183779465230da92dcf44852829ac2e3261a50d1c48732f5f19e6618d,7bbff589f3b345a6cd13107419c48ce033d5d8b1e6afbd426d55975217fa625a,215.28528899943922,209.13978600219707,7301.6864839992195,28.634064643134195
source-profile/w39/l2,native_host,representative_measurement,2,medical_lora,req_00021,8,9175040,3,89,7d909f88ed53d92b35fc65d502ec3db8d213c2cec3c220074ea1a92c235864c5,2267cb2bacf06e1f715a23b3a479cb324eaa7ac97fd7df050dc4ab0c3df5861e,4d9110a658a9284f2cd6081e49b731f2582bcd6d9b1060b6bbbae2310e48ad4e,248.06942499708384,246.8793320003897,3645.9720470011234,41.43150053410368
source-profile/w39/l3,native_host,representative_measurement,2,medical_lora_0026,req_00049,16,18350080,4,16,13bd30bb371236ce44fde5e9ad5622cf01a53954c8f1d64151bde878c44f1a9e,c998acc3c86f44218c864dd182994a097e5685c0e06440bb99ae76d13afdad7f,36f6d25c3f848f30f46842cc5c2beabb5a32aea0f9dcf623f964d3a855f83576,293.4221450013865,230.83421999763232,876.387803000398,58.42585353335986
source-profile/w39/l4,native_host,representative_measurement,2,research_lora_0008,req_00008,8,9175040,5,50,dfe9631457079c19ca05230b5f1800d9c9da92f569fba712db0f68b0dfc7e0cd,ac238d41ce3dc2bfa25e53a957f151ea1f236642d874b7698dfe3d4067817d40,40cc18ad1658f835852f8a4f5feb1f7900cb3b92d54f4f2879e5c4e101248ed1,265.2989250018436,288.24917299789377,2146.9342240015976,43.81498416329791
source-profile/w39/l5,native_host,representative_measurement,2,research_lora_0104,req_00000,16,18350080,6,152,d48b8782cd47f7438837d530fb7e329f42e0f7bb1857c4cf7e53acb3c9417cc6,4b44bba8c651135bfcef9ee97eac60acd845a77bd78ce8682b2b8cb9d66286c9,3ef0c537d8ee8d066ce918a4a6725799e67a329eb4f835ae4c42343b61ea6801,263.92442299766117,269.11742800075444,3976.3461490001646,26.333418205299104
source-profile/w39/l6,native_host,representative_measurement,2,security_lora_0012,req_00031,8,9175040,6,40,2d3e4d510a19c9cfa67522c26907a7d657af793b70421e9a3f1d1ef002ecc0ef,aa6869aedb0002e9ca2fd34eb058d4ff1c893e67403fd73f91d1bffa1712e449,01e6c835fd1c71f6b36a4e3b0035729f6ad2b0949007d8dc1e807fda6f3502a6,259.8188810006832,342.1480569995765,1194.3709990009665,30.624897410281193
source-profile/w39/l7,native_host,representative_measurement,2,security_lora_0048,req_00107,16,18350080,7,179,d48b8782cd47f7438837d530fb7e329f42e0f7bb1857c4cf7e53acb3c9417cc6,4b44bba8c651135bfcef9ee97eac60acd845a77bd78ce8682b2b8cb9d66286c9,77bdbf3a8357471b25bbcabef9b6c6b6f9b76902cc5508956772181f4a0c96a4,256.7583090021799,254.10689699856448,3677.0021629999974,20.657315522471894
source-profile/w40/l0,gpu,representative_measurement,2,legal_lora,req_00005,8,228130816,1,256,ac37d628ca1c32ac53b036cef144d4d208736b190e78fcca5eb009ee66e394d6,abd6617e938672c678d181d91f30f1d3c652d830336956758871e8dcce813fc6,a316934630155c2e3c26162dc8579882204f0e2cdb1eb96bf3641989007656c5,0.0,213.98856999803684,6556.871484001022,25.71322150588636
source-profile/w40/l1,gpu,representative_measurement,2,legal_lora_0017,req_00068,16,228130816,2,256,87d9350451551184b0fc278a6e3781d67d1a66e4edb3c8d430a701bb1a92b8c1,4ee7ddf183779465230da92dcf44852829ac2e3261a50d1c48732f5f19e6618d,7bbff589f3b345a6cd13107419c48ce033d5d8b1e6afbd426d55975217fa625a,0.0,249.94080900069093,6360.469587001717,24.943017988242026
source-profile/w40/l2,gpu,representative_measurement,2,medical_lora,req_00021,8,228130816,3,89,7d909f88ed53d92b35fc65d502ec3db8d213c2cec3c220074ea1a92c235864c5,2267cb2bacf06e1f715a23b3a479cb324eaa7ac97fd7df050dc4ab0c3df5861e,bbcd23f9b50ad54f160bcff5e60b97db91087adc7d58c24de64e329f683b66b1,0.0,202.54989299792214,3001.085702999262,34.10324662499161
source-profile/w40/l3,gpu,representative_measurement,2,medical_lora_0026,req_00049,16,228130816,4,16,13bd30bb371236ce44fde5e9ad5622cf01a53954c8f1d64151bde878c44f1a9e,c998acc3c86f44218c864dd182994a097e5685c0e06440bb99ae76d13afdad7f,36f6d25c3f848f30f46842cc5c2beabb5a32aea0f9dcf623f964d3a855f83576,0.0,227.62673299803282,817.2079100004339,54.48052733336226
source-profile/w40/l4,gpu,representative_measurement,2,research_lora_0008,req_00008,8,228130816,5,50,dfe9631457079c19ca05230b5f1800d9c9da92f569fba712db0f68b0dfc7e0cd,ac238d41ce3dc2bfa25e53a957f151ea1f236642d874b7698dfe3d4067817d40,40cc18ad1658f835852f8a4f5feb1f7900cb3b92d54f4f2879e5c4e101248ed1,0.0,261.09972999984166,1783.1456120002258,36.390726775514814
source-profile/w40/l5,gpu,representative_measurement,2,research_lora_0104,req_00000,16,228130816,6,152,d48b8782cd47f7438837d530fb7e329f42e0f7bb1857c4cf7e53acb3c9417cc6,4b44bba8c651135bfcef9ee97eac60acd845a77bd78ce8682b2b8cb9d66286c9,3ef0c537d8ee8d066ce918a4a6725799e67a329eb4f835ae4c42343b61ea6801,0.0,268.6450319997675,3744.5116359995154,24.798090304632552
source-profile/w40/l6,gpu,representative_measurement,2,security_lora_0012,req_00031,8,228130816,7,40,2d3e4d510a19c9cfa67522c26907a7d657af793b70421e9a3f1d1ef002ecc0ef,aa6869aedb0002e9ca2fd34eb058d4ff1c893e67403fd73f91d1bffa1712e449,01e6c835fd1c71f6b36a4e3b0035729f6ad2b0949007d8dc1e807fda6f3502a6,0.0,265.91060499777086,1188.9433820033446,30.485727743675504
source-profile/w40/l7,gpu,representative_measurement,2,security_lora_0048,req_00107,16,228130816,7,179,d48b8782cd47f7438837d530fb7e329f42e0f7bb1857c4cf7e53acb3c9417cc6,4b44bba8c651135bfcef9ee97eac60acd845a77bd78ce8682b2b8cb9d66286c9,77bdbf3a8357471b25bbcabef9b6c6b6f9b76902cc5508956772181f4a0c96a4,0.0,224.96108199993614,3780.6070769984217,21.239365601114727
source-profile/w41/l0,nvme,representative_measurement,2,support_lora,req_00038,8,30138368,1,141,f49ad350f302f18533d645c8458d6e8f556edcbcad190d6ce222f6cfe0189b77,28256d1f57bce729e9fb51a6b723425d7d4409bff2f9e92f6574d6478b9d596f,92dae489cd5ada3d4ab29b6cccb360ceb8362645903ee3af353bbbeb7a0d8fe7,72.68616800138261,119.95322900111205,4811.2613710000005,34.366152650000004
source-profile/w41/l1,nvme,representative_measurement,2,support_lora_0148,req_00000,16,30138368,2,152,d48b8782cd47f7438837d530fb7e329f42e0f7bb1857c4cf7e53acb3c9417cc6,4b44bba8c651135bfcef9ee97eac60acd845a77bd78ce8682b2b8cb9d66286c9,3ef0c537d8ee8d066ce918a4a6725799e67a329eb4f835ae4c42343b61ea6801,149.03344699996524,174.81448000035016,4955.339509000623,32.81681794040148
source-profile/w41/l2,nvme,representative_measurement,2,translate_lora,req_00007,8,34332672,3,174,1cd4782fb9853f9d65112e1e000c9addda739993f94687cd53627ecec1730bdf,863a849922cc81c0ae88c0e768630c1dcd0331afaf9e1d000a3e6702f84a6ec2,14969c6bdf2ecfef2fc017d7724d53816c8d7564d4b6f81a031ebc7a65f14e8b,164.09965200000443,217.1861539973179,5220.859278000717,30.17837732948391
source-profile/w41/l3,nvme,representative_measurement,2,translate_lora_0054,req_00553,16,34332672,4,136,829344c7a9c8f4030df11e50e6acc31b398fdedd0da94b8d8daedc3d038f2e74,c14b90b2d9652b819327a22d7c5642e568678d013c0294a19d69810a7bd6fa0b,19c8445b1548b70f278ced2b870e4571dc95268aec53f92fc4e276318328d15a,194.7620659993845,208.39351700124098,4296.0367199993925,31.822494222217724
source-profile/w41/l4,nvme,representative_measurement,2,writing_lora_0011,req_00002,8,37478400,5,123,40b3a3a0009e919a9849c35f420de5bc87a313bf48e287fd12b4dc5422e736bf,0c870491227bb663ef63a2d8617011b7c73afeb4bbcb7881eac0eabc99252493,a3a1e7b1d33899759fcaa6d8674be9aadae1150da1ae75f24897e91730374073,205.182876001345,276.15574700030265,3795.0565249993815,31.10702069671624
source-profile/w41/l5,nvme,representative_measurement,2,writing_lora_0035,req_00063,16,37478400,6,13,79cf8ea68ba8dcccabe264778429cd64acbd386add634c6676f7434965ac8437,e612a63497db446287f1961930fdb8154707ff571f11910d3b96fee3db43bf11,9f3b17493940073d43d567105ea762a09775048ea246997d55fc31c9363d9271,235.82588200224563,321.9812360002834,514.6563319976849,42.88802766647374
source-profile/w41/l6,nvme,representative_measurement,2,code_lora,req_00012,8,56352768,7,256,7a3cfb0f299c64411886e734351f7ab324fca84c16b608fbec7cafb7510a76d9,348b7639c10a2ce2fece81f7a6de42bc7bbbea416149edd24003e3bb3c952936,172e03d6e94c01544b630160caa37995c02c1918e2ac48dcb2ef9e3c62c26c11,243.24773200351046,283.1742589987698,5513.854550998076,21.622959023521865
source-profile/w41/l7,nvme,representative_measurement,2,code_lora_0015,req_00015,16,56352768,8,256,7a3cfb0f299c64411886e734351f7ab324fca84c16b608fbec7cafb7510a76d9,348b7639c10a2ce2fece81f7a6de42bc7bbbea416149edd24003e3bb3c952936,172e03d6e94c01544b630160caa37995c02c1918e2ac48dcb2ef9e3c62c26c11,255.4648580007779,256.5306860014971,4956.151110000064,19.435886705882606
source-profile/w42/l0,file_host,representative_measurement,2,support_lora,req_00038,8,30138368,1,141,f49ad350f302f18533d645c8458d6e8f556edcbcad190d6ce222f6cfe0189b77,28256d1f57bce729e9fb51a6b723425d7d4409bff2f9e92f6574d6478b9d596f,92dae489cd5ada3d4ab29b6cccb360ceb8362645903ee3af353bbbeb7a0d8fe7,84.04477399744792,145.21333599986974,4792.261362003046,34.23043830002176
source-profile/w42/l1,file_host,representative_measurement,2,support_lora_0148,req_00000,16,30138368,2,152,d48b8782cd47f7438837d530fb7e329f42e0f7bb1857c4cf7e53acb3c9417cc6,4b44bba8c651135bfcef9ee97eac60acd845a77bd78ce8682b2b8cb9d66286c9,3ef0c537d8ee8d066ce918a4a6725799e67a329eb4f835ae4c42343b61ea6801,146.62763899832498,174.65315900335554,4945.163614997,32.749427913887416
source-profile/w42/l2,file_host,representative_measurement,2,translate_lora,req_00007,8,34332672,3,174,1cd4782fb9853f9d65112e1e000c9addda739993f94687cd53627ecec1730bdf,863a849922cc81c0ae88c0e768630c1dcd0331afaf9e1d000a3e6702f84a6ec2,14969c6bdf2ecfef2fc017d7724d53816c8d7564d4b6f81a031ebc7a65f14e8b,182.488287002343,216.92836699730833,5208.947803999763,30.109524878611346
source-profile/w42/l3,file_host,representative_measurement,2,translate_lora_0054,req_00553,16,34332672,4,136,829344c7a9c8f4030df11e50e6acc31b398fdedd0da94b8d8daedc3d038f2e74,c14b90b2d9652b819327a22d7c5642e568678d013c0294a19d69810a7bd6fa0b,19c8445b1548b70f278ced2b870e4571dc95268aec53f92fc4e276318328d15a,196.34975799999665,221.21331200105487,4276.311910001823,31.67638451853202
source-profile/w42/l4,file_host,representative_measurement,2,writing_lora_0011,req_00002,8,37478400,5,123,40b3a3a0009e919a9849c35f420de5bc87a313bf48e287fd12b4dc5422e736bf,0c870491227bb663ef63a2d8617011b7c73afeb4bbcb7881eac0eabc99252493,a3a1e7b1d33899759fcaa6d8674be9aadae1150da1ae75f24897e91730374073,225.1576489979925,261.2046450012713,3781.6108650004026,30.99681036885576
source-profile/w42/l5,file_host,representative_measurement,2,writing_lora_0035,req_00063,16,37478400,6,13,79cf8ea68ba8dcccabe264778429cd64acbd386add634c6676f7434965ac8437,e612a63497db446287f1961930fdb8154707ff571f11910d3b96fee3db43bf11,9f3b17493940073d43d567105ea762a09775048ea246997d55fc31c9363d9271,263.802122000925,295.30464599884,629.5356689988694,52.46130574990578
source-profile/w42/l6,file_host,representative_measurement,2,code_lora,req_00012,8,56352768,7,256,7a3cfb0f299c64411886e734351f7ab324fca84c16b608fbec7cafb7510a76d9,348b7639c10a2ce2fece81f7a6de42bc7bbbea416149edd24003e3bb3c952936,172e03d6e94c01544b630160caa37995c02c1918e2ac48dcb2ef9e3c62c26c11,324.89494400215335,262.34593800108996,5501.7751949999365,21.575588999999752
source-profile/w42/l7,file_host,representative_measurement,2,code_lora_0015,req_00015,16,56352768,8,256,7a3cfb0f299c64411886e734351f7ab324fca84c16b608fbec7cafb7510a76d9,348b7639c10a2ce2fece81f7a6de42bc7bbbea416149edd24003e3bb3c952936,172e03d6e94c01544b630160caa37995c02c1918e2ac48dcb2ef9e3c62c26c11,297.8950549986621,257.8937309990579,5204.6760260018345,20.41049421961504
source-profile/w43/l0,native_host,representative_measurement,2,support_lora,req_00038,8,9175040,1,141,f49ad350f302f18533d645c8458d6e8f556edcbcad190d6ce222f6cfe0189b77,28256d1f57bce729e9fb51a6b723425d7d4409bff2f9e92f6574d6478b9d596f,92dae489cd5ada3d4ab29b6cccb360ceb8362645903ee3af353bbbeb7a0d8fe7,258.3654709997063,200.9974560023693,5487.422305999644,39.19587361428317
source-profile/w43/l1,native_host,representative_measurement,2,support_lora_0148,req_00000,16,18350080,2,152,d48b8782cd47f7438837d530fb7e329f42e0f7bb1857c4cf7e53acb3c9417cc6,4b44bba8c651135bfcef9ee97eac60acd845a77bd78ce8682b2b8cb9d66286c9,3ef0c537d8ee8d066ce918a4a6725799e67a329eb4f835ae4c42343b61ea6801,235.68622799939476,257.49695999911637,5523.544607000076,36.57976560927203
source-profile/w43/l2,native_host,representative_measurement,2,translate_lora,req_00007,8,9175040,3,174,1cd4782fb9853f9d65112e1e000c9addda739993f94687cd53627ecec1730bdf,863a849922cc81c0ae88c0e768630c1dcd0331afaf9e1d000a3e6702f84a6ec2,14969c6bdf2ecfef2fc017d7724d53816c8d7564d4b6f81a031ebc7a65f14e8b,852.6342579971242,234.71376200177474,5281.651261000661,30.52977607514833
source-profile/w43/l3,native_host,representative_measurement,2,translate_lora_0054,req_00553,16,18350080,4,136,829344c7a9c8f4030df11e50e6acc31b398fdedd0da94b8d8daedc3d038f2e74,c14b90b2d9652b819327a22d7c5642e568678d013c0294a19d69810a7bd6fa0b,19c8445b1548b70f278ced2b870e4571dc95268aec53f92fc4e276318328d15a,279.20492800330976,371.36399099836126,4628.273068999988,34.28350421481473
source-profile/w43/l4,native_host,representative_measurement,2,writing_lora_0011,req_00002,8,9175040,5,123,40b3a3a0009e919a9849c35f420de5bc87a313bf48e287fd12b4dc5422e736bf,0c870491227bb663ef63a2d8617011b7c73afeb4bbcb7881eac0eabc99252493,a3a1e7b1d33899759fcaa6d8674be9aadae1150da1ae75f24897e91730374073,310.05274999915855,255.6365989985352,3962.78795300168,32.48186846722688
source-profile/w43/l5,native_host,representative_measurement,2,writing_lora_0035,req_00063,16,18350080,6,13,79cf8ea68ba8dcccabe264778429cd64acbd386add634c6676f7434965ac8437,e612a63497db446287f1961930fdb8154707ff571f11910d3b96fee3db43bf11,9f3b17493940073d43d567105ea762a09775048ea246997d55fc31c9363d9271,585.5262210025103,304.2846719981753,629.9882630009961,52.499021916749676
source-profile/w43/l6,native_host,representative_measurement,2,code_lora,req_00012,8,9175040,7,256,7a3cfb0f299c64411886e734351f7ab324fca84c16b608fbec7cafb7510a76d9,348b7639c10a2ce2fece81f7a6de42bc7bbbea416149edd24003e3bb3c952936,172e03d6e94c01544b630160caa37995c02c1918e2ac48dcb2ef9e3c62c26c11,318.64313400001265,306.22065200077486,5295.55711699868,20.766890654896784
source-profile/w43/l7,native_host,representative_measurement,2,code_lora_0015,req_00015,16,18350080,8,256,7a3cfb0f299c64411886e734351f7ab324fca84c16b608fbec7cafb7510a76d9,348b7639c10a2ce2fece81f7a6de42bc7bbbea416149edd24003e3bb3c952936,172e03d6e94c01544b630160caa37995c02c1918e2ac48dcb2ef9e3c62c26c11,464.07595600248897,254.3726889998652,4827.882248999231,18.932871564702864
source-profile/w44/l0,gpu,representative_measurement,2,support_lora,req_00038,8,228130816,1,141,f49ad350f302f18533d645c8458d6e8f556edcbcad190d6ce222f6cfe0189b77,28256d1f57bce729e9fb51a6b723425d7d4409bff2f9e92f6574d6478b9d596f,92dae489cd5ada3d4ab29b6cccb360ceb8362645903ee3af353bbbeb7a0d8fe7,0.0,151.91768200020306,4496.321000002354,32.11657857144538
source-profile/w44/l1,gpu,representative_measurement,2,support_lora_0148,req_00000,16,228130816,2,152,d48b8782cd47f7438837d530fb7e329f42e0f7bb1857c4cf7e53acb3c9417cc6,4b44bba8c651135bfcef9ee97eac60acd845a77bd78ce8682b2b8cb9d66286c9,3ef0c537d8ee8d066ce918a4a6725799e67a329eb4f835ae4c42343b61ea6801,0.0,264.912345999619,4631.5723700026865,30.672664702004546
source-profile/w44/l2,gpu,representative_measurement,2,translate_lora,req_00007,8,228130816,3,174,1cd4782fb9853f9d65112e1e000c9addda739993f94687cd53627ecec1730bdf,863a849922cc81c0ae88c0e768630c1dcd0331afaf9e1d000a3e6702f84a6ec2,14969c6bdf2ecfef2fc017d7724d53816c8d7564d4b6f81a031ebc7a65f14e8b,0.0,221.23398699841346,4928.893895001238,28.49071615607652
source-profile/w44/l3,gpu,representative_measurement,2,translate_lora_0054,req_00553,16,228130816,4,136,829344c7a9c8f4030df11e50e6acc31b398fdedd0da94b8d8daedc3d038f2e74,c14b90b2d9652b819327a22d7c5642e568678d013c0294a19d69810a7bd6fa0b,19c8445b1548b70f278ced2b870e4571dc95268aec53f92fc4e276318328d15a,0.0,199.35257699762587,4056.005032001849,30.044481718532214
source-profile/w44/l4,gpu,representative_measurement,2,writing_lora_0011,req_00002,8,228130816,5,123,40b3a3a0009e919a9849c35f420de5bc87a313bf48e287fd12b4dc5422e736bf,0c870491227bb663ef63a2d8617011b7c73afeb4bbcb7881eac0eabc99252493,a3a1e7b1d33899759fcaa6d8674be9aadae1150da1ae75f24897e91730374073,0.0,207.38816700031748,3620.9201959973143,29.679673737682904
source-profile/w44/l5,gpu,representative_measurement,2,writing_lora_0035,req_00063,16,228130816,6,13,79cf8ea68ba8dcccabe264778429cd64acbd386add634c6676f7434965ac8437,e612a63497db446287f1961930fdb8154707ff571f11910d3b96fee3db43bf11,9f3b17493940073d43d567105ea762a09775048ea246997d55fc31c9363d9271,0.0,271.3912100007292,613.3781919998,51.11484933331667
source-profile/w44/l6,gpu,representative_measurement,2,code_lora,req_00012,8,228130816,7,256,7a3cfb0f299c64411886e734351f7ab324fca84c16b608fbec7cafb7510a76d9,348b7639c10a2ce2fece81f7a6de42bc7bbbea416149edd24003e3bb3c952936,172e03d6e94c01544b630160caa37995c02c1918e2ac48dcb2ef9e3c62c26c11,0.0,276.12493299966445,5470.53480699833,21.453077674503255
source-profile/w44/l7,gpu,representative_measurement,2,code_lora_0015,req_00015,16,228130816,8,256,7a3cfb0f299c64411886e734351f7ab324fca84c16b608fbec7cafb7510a76d9,348b7639c10a2ce2fece81f7a6de42bc7bbbea416149edd24003e3bb3c952936,172e03d6e94c01544b630160caa37995c02c1918e2ac48dcb2ef9e3c62c26c11,0.0,180.88949700177182,5295.289360001334,20.76584062745621
source-profile/w45/l0,remote,representative_measurement,2,support_lora,req_00038,8,30113068,1,141,f49ad350f302f18533d645c8458d6e8f556edcbcad190d6ce222f6cfe0189b77,28256d1f57bce729e9fb51a6b723425d7d4409bff2f9e92f6574d6478b9d596f,92dae489cd5ada3d4ab29b6cccb360ceb8362645903ee3af353bbbeb7a0d8fe7,753.1851040002948,167.91053500128328,4408.867836998979,31.49191312142128
source-profile/w45/l1,remote,representative_measurement,2,support_lora_0148,req_00000,16,30113068,2,152,d48b8782cd47f7438837d530fb7e329f42e0f7bb1857c4cf7e53acb3c9417cc6,4b44bba8c651135bfcef9ee97eac60acd845a77bd78ce8682b2b8cb9d66286c9,3ef0c537d8ee8d066ce918a4a6725799e67a329eb4f835ae4c42343b61ea6801,987.5363549981557,236.78874100005487,4541.615285001171,30.0769224172263
source-profile/w45/l2,remote,representative_measurement,2,translate_lora,req_00007,8,34307372,3,174,1cd4782fb9853f9d65112e1e000c9addda739993f94687cd53627ecec1730bdf,863a849922cc81c0ae88c0e768630c1dcd0331afaf9e1d000a3e6702f84a6ec2,14969c6bdf2ecfef2fc017d7724d53816c8d7564d4b6f81a031ebc7a65f14e8b,806.9064789997356,206.88884099945426,5076.669538000715,29.34491062428159
source-profile/w45/l3,remote,representative_measurement,2,translate_lora_0054,req_00553,16,34307372,4,136,829344c7a9c8f4030df11e50e6acc31b398fdedd0da94b8d8daedc3d038f2e74,c14b90b2d9652b819327a22d7c5642e568678d013c0294a19d69810a7bd6fa0b,19c8445b1548b70f278ced2b870e4571dc95268aec53f92fc4e276318328d15a,1705.7351439980266,193.9593919996696,3995.9086820017546,29.59932357038337
source-profile/w45/l4,remote,representative_measurement,2,writing_lora_0011,req_00002,8,37453100,5,123,40b3a3a0009e919a9849c35f420de5bc87a313bf48e287fd12b4dc5422e736bf,0c870491227bb663ef63a2d8617011b7c73afeb4bbcb7881eac0eabc99252493,a3a1e7b1d33899759fcaa6d8674be9aadae1150da1ae75f24897e91730374073,1908.7681159981003,216.30498400190845,3554.733592998673,29.13716059834978
source-profile/w45/l5,remote,representative_measurement,2,writing_lora_0035,req_00063,16,37453100,6,13,79cf8ea68ba8dcccabe264778429cd64acbd386add634c6676f7434965ac8437,e612a63497db446287f1961930fdb8154707ff571f11910d3b96fee3db43bf11,9f3b17493940073d43d567105ea762a09775048ea246997d55fc31c9363d9271,2489.508766000654,313.38134500037995,412.9212160005409,34.41010133337841
source-profile/w45/l6,remote,representative_measurement,2,code_lora,req_00012,8,56327468,7,256,7a3cfb0f299c64411886e734351f7ab324fca84c16b608fbec7cafb7510a76d9,348b7639c10a2ce2fece81f7a6de42bc7bbbea416149edd24003e3bb3c952936,172e03d6e94c01544b630160caa37995c02c1918e2ac48dcb2ef9e3c62c26c11,1677.7957280028204,281.5877859975444,5829.852757000481,22.86216767451169
source-profile/w45/l7,remote,representative_measurement,2,code_lora_0015,req_00015,16,56327468,8,256,7a3cfb0f299c64411886e734351f7ab324fca84c16b608fbec7cafb7510a76d9,348b7639c10a2ce2fece81f7a6de42bc7bbbea416149edd24003e3bb3c952936,172e03d6e94c01544b630160caa37995c02c1918e2ac48dcb2ef9e3c62c26c11,2009.9057639999955,318.5307929998089,5155.294321997644,20.216840478422135
