offset_s,phase,queue_depth,active_requests,ready_capacity,ready_instances,pending_instances,action,outcome,successful_native_occupancy
24.310295168019366,before_first_failure,0,4,4,1,0,scale_up,activation_scheduled,0
26.3143716470222,before_first_failure,0,4,4,1,1,scale_up,activation_scheduled,4
28.415419919008855,before_first_failure,0,3,4,1,2,scale_up,activation_scheduled,3
30.446776595024858,before_first_failure,0,2,4,1,3,no_action,no_action,2
32.545558460988104,before_first_failure,0,0,4,1,3,no_action,no_action,0
34.613591103989165,before_first_failure,0,0,4,1,3,no_action,no_action,0
36.6825514039956,before_first_failure,0,1,4,1,3,no_action,no_action,1
38.75765897898236,before_first_failure,0,3,4,1,3,no_action,no_action,3
40.79139133100398,before_first_failure,0,4,4,1,3,no_action,no_action,4
42.797109971987084,before_first_failure,3,4,4,1,3,no_action,no_action,4
44.88735282502603,before_first_failure,2,3,4,1,3,no_action,no_action,3
46.93205283099087,before_first_failure,0,3,4,1,3,no_action,no_action,2
49.011049230990466,before_first_failure,0,3,4,1,3,no_action,no_action,3
51.09882357099559,before_first_failure,1,4,4,1,3,no_action,no_action,4
53.16964828997152,before_first_failure,3,4,4,1,3,no_action,no_action,4
55.256213070999365,before_first_failure,3,4,4,1,3,no_action,no_action,4
57.3273444820079,before_first_failure,5,4,4,1,3,no_action,no_action,4
59.33304313698318,before_first_failure,4,4,4,1,3,no_action,no_action,1
61.378120963985566,before_first_failure,6,4,4,1,3,no_action,no_action,4
63.3802479840233,before_first_failure,5,4,4,1,3,no_action,no_action,3
65.43646537297172,before_first_failure,7,4,4,1,3,no_action,no_action,4
67.45279309299076,before_first_failure,8,4,4,1,3,no_action,no_action,4
69.47252195701003,before_first_failure,7,4,4,1,3,no_action,no_action,4
71.53666066599544,before_first_failure,0,11,12,3,1,no_action,no_action,7
73.59707391500706,before_first_failure,0,8,12,3,1,no_action,no_action,8
75.97504421701888,before_first_failure,0,6,12,3,1,no_action,no_action,6
78.01638583699241,before_first_failure,0,5,16,4,0,no_action,no_action,5
80.09948949702084,before_first_failure,0,4,16,4,0,no_action,no_action,4
82.13022150698816,before_first_failure,1,2,16,4,0,no_action,no_action,1
84.14831501297886,before_first_failure,0,6,16,4,0,no_action,no_action,3
86.15156414901139,before_first_failure,0,5,16,4,0,no_action,no_action,5
88.21268894500099,before_first_failure,0,6,16,4,0,no_action,no_action,6
90.2843600679771,before_first_failure,0,5,16,4,0,no_action,no_action,5
92.32061708997935,before_first_failure,0,4,16,4,0,no_action,no_action,2
94.38525049499003,before_first_failure,0,6,16,4,0,no_action,no_action,4
96.41024047601968,before_first_failure,0,6,16,4,0,no_action,no_action,4
98.44734993897146,before_first_failure,0,8,16,4,0,no_action,no_action,7
100.52735365997069,before_first_failure,0,8,16,4,0,no_action,no_action,8
102.6211374530103,before_first_failure,0,6,16,4,0,no_action,no_action,6
104.63527093001176,before_first_failure,0,5,16,4,0,no_action,no_action,5
106.66617847798625,before_first_failure,0,5,16,4,0,no_action,no_action,5
108.72382481198292,before_first_failure,1,5,16,4,0,no_action,no_action,4
110.78150708600879,before_first_failure,0,5,16,4,0,no_action,no_action,5
112.78291683702264,before_first_failure,0,3,16,4,0,no_action,no_action,3
114.8053480500239,before_first_failure,0,0,16,4,0,no_action,no_action,0
116.82437830098206,before_first_failure,0,1,16,4,0,no_action,no_action,1
118.85094266198575,before_first_failure,0,2,16,4,0,no_action,no_action,2
120.86236606701277,before_first_failure,0,4,16,4,0,no_action,no_action,3
122.8630724180257,before_first_failure,0,3,16,4,0,no_action,no_action,3
124.92677008901956,before_first_failure,0,3,16,4,0,no_action,no_action,2
127.00571139197564,before_first_failure,1,4,16,4,0,no_action,no_action,4
129.05648945301073,before_first_failure,0,3,16,4,0,no_action,no_action,2
131.11050640098983,before_first_failure,0,3,16,4,0,no_action,no_action,3
133.1648900039727,before_first_failure,0,6,16,4,0,no_action,no_action,4
135.36738997302018,before_first_failure,1,5,16,4,0,no_action,no_action,3
137.39374401199166,before_first_failure,1,4,16,4,0,no_action,no_action,2
139.40898290101904,before_first_failure,1,3,16,4,0,no_action,no_action,2
141.84285637398716,before_first_failure,1,2,16,4,0,no_action,no_action,1
143.91760700498708,before_first_failure,2,7,16,4,0,no_action,no_action,6
145.94099951401586,before_first_failure,0,7,16,4,0,no_action,no_action,7
148.07935624499805,before_first_failure,0,7,16,4,0,no_action,no_action,7
150.19608133099973,before_first_failure,0,5,16,4,0,no_action,no_action,5
152.2631332220044,before_first_failure,0,5,16,4,0,no_action,no_action,5
154.2852885199827,before_first_failure,1,3,16,4,0,no_action,no_action,3
156.28881471900968,before_first_failure,0,5,16,4,0,no_action,no_action,4
158.3348978389986,before_first_failure,0,7,16,4,0,no_action,no_action,5
160.3800555029884,before_first_failure,0,8,16,4,0,no_action,no_action,7
162.4462872419972,before_first_failure,0,7,16,4,0,no_action,no_action,6
164.54291939298855,before_first_failure,0,7,16,4,0,no_action,no_action,5
166.55032024602406,before_first_failure,1,4,16,4,0,no_action,no_action,3
168.63125038100407,before_first_failure,0,4,16,4,0,no_action,no_action,4
170.72393828001805,before_first_failure,0,5,16,4,0,no_action,no_action,3
172.77164044301026,before_first_failure,0,4,16,4,0,no_action,no_action,4
174.86187981098192,before_first_failure,0,4,16,4,0,no_action,no_action,4
176.9510864050244,before_first_failure,1,3,16,4,0,no_action,no_action,3
179.02871122100623,before_first_failure,1,4,16,4,0,no_action,no_action,4
181.08962406800129,before_first_failure,1,6,16,4,0,no_action,no_action,2
183.1567136599915,before_first_failure,0,7,16,4,0,no_action,no_action,6
185.16119629202876,before_first_failure,0,8,16,4,0,no_action,no_action,7
187.20890084200073,before_first_failure,0,9,16,4,0,no_action,no_action,8
189.27437947498402,before_first_failure,0,7,16,4,0,no_action,no_action,7
191.31058125797426,before_first_failure,0,10,16,4,0,no_action,no_action,5
193.48187105800025,before_first_failure,1,10,16,4,0,no_action,no_action,8
195.68441631097812,before_first_failure,0,8,16,4,0,no_action,no_action,6
197.7504260460264,before_first_failure,0,8,16,4,0,no_action,no_action,6
199.83385111397365,before_first_failure,0,8,16,4,0,no_action,no_action,7
201.84741871402366,before_first_failure,0,8,16,4,0,no_action,no_action,6
203.86488747602561,before_first_failure,0,5,16,4,0,no_action,no_action,3
205.8991149039939,before_first_failure,1,6,16,4,0,no_action,no_action,2
207.97661819902714,before_first_failure,0,6,16,4,0,no_action,no_action,5
210.01306491199648,before_first_failure,0,6,16,4,0,no_action,no_action,6
212.07632768899202,before_first_failure,0,3,16,4,0,no_action,no_action,3
214.1833400889882,before_first_failure,0,3,16,4,0,no_action,no_action,2
216.28388830501353,before_first_failure,0,8,16,4,0,no_action,no_action,5
218.44139035098488,before_first_failure,0,6,16,4,0,no_action,no_action,5
220.46462587098358,before_first_failure,1,8,16,4,0,no_action,no_action,7
222.56779809197178,before_first_failure,1,8,16,4,0,no_action,no_action,5
224.60539606498787,before_first_failure,0,10,16,4,0,no_action,no_action,7
226.6364904040238,before_first_failure,0,7,16,4,0,no_action,no_action,6
228.67767651600298,before_first_failure,1,6,16,4,0,no_action,no_action,6
230.73271188599756,before_first_failure,0,5,16,4,0,no_action,no_action,4
232.80822045198875,before_first_failure,2,6,16,4,0,no_action,no_action,2
234.8273323479807,before_first_failure,0,6,16,4,0,no_action,no_action,6
236.87789632601198,before_first_failure,0,7,16,4,0,no_action,no_action,6
238.90516368998215,before_first_failure,0,8,16,4,0,no_action,no_action,7
240.95182596700033,before_first_failure,0,6,16,4,0,no_action,no_action,5
243.05241664801724,before_first_failure,0,2,16,4,0,no_action,no_action,2
245.30482984898845,before_first_failure,2,1,16,4,0,no_action,no_action,1
247.3461798200151,before_first_failure,1,7,16,4,0,no_action,no_action,6
249.60384931100998,before_first_failure,0,7,16,4,0,no_action,no_action,5
251.6417191500077,before_first_failure,0,6,16,4,0,no_action,no_action,4
253.71463726199,before_first_failure,0,6,16,4,0,no_action,no_action,5
255.81024368701037,before_first_failure,1,5,16,4,0,no_action,no_action,5
257.9003356550238,before_first_failure,0,5,16,4,0,no_action,no_action,5
259.9574073050171,before_first_failure,0,5,16,4,0,no_action,no_action,4
262.0474279000191,before_first_failure,1,5,16,4,0,no_action,no_action,4
264.08768595400034,before_first_failure,0,5,16,4,0,no_action,no_action,4
266.1517813549726,before_first_failure,0,4,16,4,0,no_action,no_action,4
268.3115073380177,before_first_failure,1,2,16,4,0,no_action,no_action,2
270.34436057897983,before_first_failure,0,3,16,4,0,no_action,no_action,1
272.5527499290183,before_first_failure,4,4,16,4,0,no_action,no_action,2
274.62007908301894,before_first_failure,0,9,16,4,0,no_action,no_action,6
276.9192923880182,before_first_failure,0,8,16,4,0,no_action,no_action,7
279.0791153140017,before_first_failure,0,4,16,4,0,no_action,no_action,4
281.15703989798203,before_first_failure,0,2,16,4,0,no_action,no_action,2
283.17895528598456,before_first_failure,0,4,16,4,0,no_action,no_action,2
285.18581543600885,before_first_failure,2,3,16,4,0,no_action,no_action,2
287.21443945297506,before_first_failure,1,4,16,4,0,no_action,no_action,4
289.30886608100263,before_first_failure,0,4,16,4,0,no_action,no_action,3
291.40748503699433,before_first_failure,0,5,16,4,0,no_action,no_action,4
293.43546651897486,before_first_failure,0,5,16,4,0,no_action,no_action,5
295.49257981497794,before_first_failure,2,4,16,4,0,no_action,no_action,4
297.52527956699487,before_first_failure,1,4,16,4,0,no_action,no_action,3
299.53694648097735,before_first_failure,2,4,16,4,0,no_action,no_action,3
301.5937664170051,before_first_failure,0,6,16,4,0,no_action,no_action,4
303.6836585900164,before_first_failure,0,5,16,4,0,no_action,no_action,5
305.6953454770264,before_first_failure,1,4,16,4,0,no_action,no_action,4
307.7928296989994,before_first_failure,1,6,16,4,0,no_action,no_action,3
309.833309818001,before_first_failure,0,8,16,4,0,no_action,no_action,6
311.9116432520095,before_first_failure,0,10,16,4,0,no_action,no_action,9
313.9976685530273,before_first_failure,0,12,16,4,0,no_action,no_action,8
316.03034118702635,before_first_failure,1,12,16,4,0,no_action,no_action,8
318.08242149598664,before_first_failure,2,8,16,4,0,no_action,no_action,8
320.1102375279879,before_first_failure,1,7,16,4,0,no_action,no_action,6
322.13531142799184,before_first_failure,5,10,16,4,0,no_action,no_action,6
324.1503709719982,before_first_failure,6,15,16,4,0,no_action,no_action,7
326.1850787610165,before_first_failure,6,13,16,4,0,no_action,no_action,8
328.2096965049859,before_first_failure,4,14,16,4,0,no_action,no_action,9
330.2178533130209,before_first_failure,5,15,16,4,0,no_action,no_action,5
332.27595179801574,before_first_failure,1,11,16,4,0,no_action,no_action,4
334.3326982500148,before_first_failure,0,14,16,4,0,no_action,no_action,6
336.4188551590196,before_first_failure,2,14,16,4,0,no_action,no_action,4
338.45629628701136,before_first_failure,0,9,16,4,0,no_action,no_action,8
340.47502001101384,before_first_failure,3,8,16,4,0,no_action,no_action,8
342.57402950397227,before_first_failure,0,15,16,4,0,no_action,no_action,10
344.64068315998884,before_first_failure,3,13,16,4,0,no_action,no_action,12
346.652829129016,before_first_failure,0,12,16,4,0,no_action,no_action,12
348.6867061990197,before_first_failure,4,10,16,4,0,no_action,no_action,10
350.69249923800817,before_first_failure,6,11,16,4,0,no_action,no_action,7
352.70323154202197,before_first_failure,2,12,16,4,0,no_action,no_action,7
354.7288266129908,before_first_failure,4,16,16,4,0,no_action,no_action,14
356.80867769301403,before_first_failure,8,8,16,4,0,no_action,no_action,6
358.81487915298203,before_first_failure,4,14,16,4,0,no_action,no_action,10
360.86039829900255,before_first_failure,9,15,16,4,0,no_action,no_action,7
362.8789505659952,before_first_failure,15,14,16,4,0,no_action,no_action,10
364.95428475900553,before_first_failure,20,13,16,4,0,no_action,no_action,10
367.0775964659988,before_first_failure,12,16,16,4,0,no_action,no_action,8
369.68057178898016,before_first_failure,11,12,16,4,0,no_action,no_action,6
371.7062349879998,before_first_failure,6,15,16,4,0,no_action,no_action,11
373.77222803997574,before_first_failure,4,15,16,4,0,no_action,no_action,10
376.06545342697063,before_first_failure,4,15,16,4,0,no_action,no_action,6
378.1165337850107,before_first_failure,6,9,16,4,0,no_action,no_action,8
380.1807657959871,before_first_failure,1,14,16,4,0,no_action,no_action,11
382.2190756779746,before_first_failure,1,14,16,4,0,no_action,no_action,11
384.2639656799729,before_first_failure,0,12,16,4,0,no_action,no_action,10
386.3472675179946,before_first_failure,0,12,16,4,0,no_action,no_action,8
388.3735203020042,before_first_failure,0,6,16,4,0,no_action,no_action,5
390.3989086030051,before_first_failure,3,5,16,4,0,no_action,no_action,4
392.43876404099865,before_first_failure,0,5,16,4,0,no_action,no_action,4
394.534041366016,before_first_failure,0,6,16,4,0,no_action,no_action,3
396.62656560499454,before_first_failure,0,7,16,4,0,no_action,no_action,3
398.70672245597234,before_first_failure,1,6,16,4,0,no_action,no_action,3
400.9809169010259,before_first_failure,3,6,16,4,0,no_action,no_action,3
403.03779786499217,before_first_failure,2,10,16,4,0,no_action,no_action,3
405.11635160900187,before_first_failure,0,9,16,4,0,no_action,no_action,9
407.1850670570275,before_first_failure,0,11,16,4,0,no_action,no_action,9
409.2207136810175,before_first_failure,0,16,16,4,0,no_action,no_action,11
411.27155071502784,before_first_failure,0,13,16,4,0,no_action,no_action,11
413.29587197199,before_first_failure,1,12,16,4,0,no_action,no_action,7
415.3302507980261,before_first_failure,0,7,16,4,0,no_action,no_action,6
417.4054691310157,before_first_failure,0,2,16,4,0,no_action,no_action,2
419.43844516400713,before_first_failure,0,4,16,4,0,no_action,no_action,1
421.57619143801276,before_first_failure,1,7,16,4,0,no_action,no_action,4
423.6095923159737,before_first_failure,1,8,16,4,0,no_action,no_action,5
425.67836800502846,before_first_failure,0,6,16,4,0,no_action,no_action,6
427.71188189001987,before_first_failure,0,6,16,4,0,no_action,no_action,4
429.7746920119971,before_first_failure,0,6,16,4,0,no_action,no_action,3
431.83594586199615,before_first_failure,1,8,16,4,0,no_action,no_action,5
433.8618110989919,before_first_failure,1,6,16,4,0,no_action,no_action,4
435.9614319790271,before_first_failure,0,3,16,4,0,no_action,no_action,2
438.18455282301875,before_first_failure,0,5,16,4,0,no_action,no_action,1
440.2311458690092,before_first_failure,0,6,16,4,0,no_action,no_action,4
442.2596371790278,before_first_failure,1,9,16,4,0,no_action,no_action,7
444.30584655102575,before_first_failure,1,10,16,4,0,no_action,no_action,6
446.428049893002,before_first_failure,3,9,16,4,0,no_action,no_action,6
448.4703880469897,before_first_failure,0,11,16,4,0,no_action,no_action,7
450.5521217249916,before_first_failure,0,6,16,4,0,no_action,no_action,4
452.6612633920158,before_first_failure,1,6,16,4,0,no_action,no_action,2
454.7308821200277,before_first_failure,0,7,16,4,0,no_action,no_action,3
457.21458585798973,before_first_failure,0,7,16,4,0,no_action,no_action,2
459.3549909659778,before_first_failure,2,6,16,4,0,no_action,no_action,5
461.45080414699623,before_first_failure,0,8,16,4,0,no_action,no_action,8
463.87699495302513,before_first_failure,1,8,16,4,0,no_action,no_action,6
465.9623859639978,before_first_failure,1,7,16,4,0,no_action,no_action,6
467.9840539859724,before_first_failure,0,8,16,4,0,no_action,no_action,5
470.0827839280246,before_first_failure,0,5,16,4,0,no_action,no_action,5
472.1464267320116,before_first_failure,3,5,16,4,0,no_action,no_action,2
474.28336141398177,before_first_failure,0,5,16,4,0,no_action,no_action,3
476.3285428439849,before_first_failure,0,5,16,4,0,no_action,no_action,5
478.3934958030004,before_first_failure,0,3,16,4,0,no_action,no_action,3
480.47802471299656,before_first_failure,0,3,16,4,0,no_action,no_action,3
482.53857242601225,before_first_failure,1,4,16,4,0,no_action,no_action,3
484.6264546010061,before_first_failure,0,7,16,4,0,no_action,no_action,6
486.71795424900483,before_first_failure,0,7,16,4,0,no_action,no_action,4
488.77668833197095,before_first_failure,3,6,16,4,0,no_action,no_action,6
490.7781894180225,before_first_failure,0,10,16,4,0,no_action,no_action,5
492.77884359500604,before_first_failure,2,9,16,4,0,no_action,no_action,9
495.13672142400173,before_first_failure,0,8,16,4,0,no_action,no_action,3
497.1894323049928,before_first_failure,1,5,16,4,0,no_action,no_action,5
499.43256893899525,before_first_failure,0,7,16,4,0,no_action,no_action,5
501.5130662859883,before_first_failure,1,5,16,4,0,no_action,no_action,5
503.57777813100256,before_first_failure,0,5,16,4,0,no_action,no_action,4
505.5865478559863,before_first_failure,1,4,16,4,0,no_action,no_action,3
507.6759427119978,before_first_failure,1,4,16,4,0,no_action,no_action,2
509.7006394100026,before_first_failure,1,5,16,4,0,no_action,no_action,4
511.75853141001426,before_first_failure,0,6,16,4,0,no_action,no_action,5
514.0033879199764,before_first_failure,0,5,16,4,0,no_action,no_action,5
516.0692776140058,before_first_failure,1,4,16,4,0,no_action,no_action,4
518.1608401900157,before_first_failure,0,6,16,4,0,no_action,no_action,3
520.1628847880056,before_first_failure,0,6,16,4,0,no_action,no_action,5
522.2423274249886,before_first_failure,0,4,16,4,0,no_action,no_action,4
524.2974268289981,before_first_failure,2,4,16,4,0,no_action,no_action,4
526.3417780189775,before_first_failure,1,6,16,4,0,no_action,no_action,3
528.3978149130126,before_first_failure,0,6,16,4,0,no_action,no_action,4
530.4275581549737,before_first_failure,1,3,16,4,0,no_action,no_action,3
532.4277533629793,before_first_failure,1,5,16,4,0,no_action,no_action,3
534.5223969810177,before_first_failure,0,5,16,4,0,no_action,no_action,4
536.6059027109877,before_first_failure,0,8,16,4,0,no_action,no_action,7
538.6818133639754,before_first_failure,1,10,16,4,0,no_action,no_action,10
540.6941384240054,before_first_failure,0,9,16,4,0,no_action,no_action,7
542.7044936810271,before_first_failure,0,7,16,4,0,no_action,no_action,7
544.7108140609926,before_first_failure,0,3,16,4,0,no_action,no_action,3
546.766011070984,before_first_failure,1,3,16,4,0,no_action,no_action,3
548.9240210850257,before_first_failure,0,3,16,4,0,no_action,no_action,2
551.006957878999,before_first_failure,1,2,16,4,0,no_action,no_action,1
553.0420779819833,before_first_failure,1,2,16,4,0,no_action,no_action,1
555.0722170249792,before_first_failure,0,4,16,4,0,no_action,no_action,4
557.1715950560174,before_first_failure,0,8,16,4,0,no_action,no_action,6
559.2287553609931,before_first_failure,1,7,16,4,0,no_action,no_action,7
561.3007349059917,before_first_failure,0,10,16,4,0,no_action,no_action,9
563.3139421860105,before_first_failure,0,11,16,4,0,no_action,no_action,9
565.3758613209939,before_first_failure,0,10,16,4,0,no_action,no_action,8
567.4668712620041,before_first_failure,1,9,16,4,0,no_action,no_action,8
569.5217047319748,before_first_failure,0,13,16,4,0,no_action,no_action,10
571.5739295979729,before_first_failure,0,11,16,4,0,no_action,no_action,10
573.6511249640025,before_first_failure,1,8,16,4,0,no_action,no_action,8
575.6512167719775,before_first_failure,2,9,16,4,0,no_action,no_action,7
577.8845749979955,before_first_failure,5,9,16,4,0,no_action,no_action,5
580.0362155869952,before_first_failure,2,10,16,4,0,no_action,no_action,6
582.1134662089753,before_first_failure,0,10,16,4,0,no_action,no_action,8
584.1545943879755,before_first_failure,1,7,16,4,0,no_action,no_action,4
586.2759944020072,before_first_failure,1,7,16,4,0,no_action,no_action,3
588.299394347996,before_first_failure,0,6,16,4,0,no_action,no_action,6
590.3700291109853,before_first_failure,0,7,16,4,0,no_action,no_action,5
592.421575165994,before_first_failure,0,8,16,4,0,no_action,no_action,6
594.4984463939909,before_first_failure,0,6,16,4,0,no_action,no_action,6
596.5834985019756,before_first_failure,0,8,16,4,0,no_action,no_action,6
598.8433145009913,before_first_failure,1,8,16,4,0,no_action,no_action,4
600.8685812529875,before_first_failure,0,6,16,4,0,no_action,no_action,6
602.9306512550102,before_first_failure,0,8,16,4,0,no_action,no_action,5
604.9456604620209,before_first_failure,0,7,16,4,0,no_action,no_action,7
607.5155630990048,before_first_failure,0,7,16,4,0,no_action,no_action,4
609.5297650659923,before_first_failure,1,4,16,4,0,no_action,no_action,2
611.682630025025,before_first_failure,3,3,16,4,0,no_action,no_action,2
613.7366714209784,before_first_failure,0,6,16,4,0,no_action,no_action,6
615.8751760799787,before_first_failure,1,3,16,4,0,no_action,no_action,3
617.9386340620113,before_first_failure,0,6,16,4,0,no_action,no_action,4
619.9912877770257,before_first_failure,0,5,16,4,0,no_action,no_action,4
622.0744947430212,before_first_failure,1,5,16,4,0,no_action,no_action,4
624.3089784649783,before_first_failure,3,6,16,4,0,no_action,no_action,2
626.3729431100073,before_first_failure,0,6,16,4,0,no_action,no_action,4
628.5417644929839,before_first_failure,0,5,16,4,0,no_action,no_action,5
630.5722525229794,before_first_failure,0,3,16,4,0,no_action,no_action,2
632.5747973020189,before_first_failure,2,3,16,4,0,no_action,no_action,3
634.5855573419831,before_first_failure,1,6,16,4,0,no_action,no_action,2
636.6024652160122,before_first_failure,0,6,16,4,0,no_action,no_action,5
638.7335564090172,before_first_failure,1,6,16,4,0,no_action,no_action,6
640.9343724109931,before_first_failure,0,7,16,4,0,no_action,no_action,5
643.0136079079821,before_first_failure,0,4,16,4,0,no_action,no_action,4
645.0473490949953,before_first_failure,0,1,16,4,0,no_action,no_action,1
647.1174882740015,before_first_failure,0,1,16,4,0,no_action,no_action,1
649.1201969640097,before_first_failure,0,2,16,4,0,no_action,no_action,1
651.1650033569895,before_first_failure,0,2,16,4,0,no_action,no_action,1
653.179931843013,before_first_failure,1,3,16,4,0,no_action,no_action,2
655.2293853869778,before_first_failure,1,4,16,4,0,no_action,no_action,2
657.2898811469786,before_first_failure,2,5,16,4,0,no_action,no_action,5
659.3812715819804,before_first_failure,0,8,16,4,0,no_action,no_action,6
661.4663012810051,before_first_failure,0,7,16,4,0,no_action,no_action,6
663.8835622980259,before_first_failure,0,7,16,4,0,no_action,no_action,3
665.9769968320034,before_first_failure,2,3,16,4,0,no_action,no_action,2
667.9848488430143,before_first_failure,1,4,16,4,0,no_action,no_action,1
670.0773973310133,before_first_failure,1,4,16,4,0,no_action,no_action,4
672.1027473409777,before_first_failure,1,5,16,4,0,no_action,no_action,4
674.1715994719998,before_first_failure,0,5,16,4,0,no_action,no_action,4
676.2564838490216,before_first_failure,1,5,16,4,0,no_action,no_action,4
678.3452721930225,before_first_failure,1,5,16,4,0,no_action,no_action,5
680.4504636480124,before_first_failure,1,5,16,4,0,no_action,no_action,1
682.5508504729951,before_first_failure,0,5,16,4,0,no_action,no_action,1
684.5813262989977,before_first_failure,1,4,16,4,0,no_action,no_action,3
686.7235163400183,before_first_failure,0,8,16,4,0,no_action,no_action,4
688.7950949029764,before_first_failure,1,6,16,4,0,no_action,no_action,4
691.9401964580175,before_first_failure,0,7,16,4,0,no_action,no_action,5
693.9850149460253,before_first_failure,0,6,16,4,0,no_action,no_action,5
696.0789180260035,before_first_failure,0,7,16,4,0,no_action,no_action,3
698.3965936599998,before_first_failure,0,7,16,4,0,no_action,no_action,5
700.4782721219817,before_first_failure,0,6,16,4,0,no_action,no_action,5
702.4931443189853,before_first_failure,0,6,16,4,0,no_action,no_action,5
704.6291773970006,before_first_failure,1,5,16,4,0,no_action,no_action,4
706.7396029009833,before_first_failure,0,6,16,4,0,no_action,no_action,2
708.8790188850253,before_first_failure,0,5,16,4,0,no_action,no_action,3
710.9036576470244,before_first_failure,0,4,16,4,0,no_action,no_action,2
712.9685622589896,before_first_failure,3,3,16,4,0,no_action,no_action,2
714.9805281949812,before_first_failure,1,5,16,4,0,no_action,no_action,5
716.986413451028,before_first_failure,0,4,16,4,0,no_action,no_action,4
719.0750110130175,before_first_failure,0,4,16,4,0,no_action,no_action,4
721.1748101480189,before_first_failure,0,4,16,4,0,no_action,no_action,4
723.1823874029797,before_first_failure,0,4,16,4,0,no_action,no_action,3
725.2599116199999,before_first_failure,0,4,16,4,0,no_action,no_action,2
727.3502895510173,before_first_failure,4,4,16,4,0,no_action,no_action,2
730.4193922679988,before_first_failure,0,8,16,4,0,no_action,no_action,3
732.449565353978,before_first_failure,4,5,16,4,0,no_action,no_action,4
734.4669207580155,before_first_failure,6,8,16,4,0,no_action,no_action,6
736.5566801999812,before_first_failure,1,14,16,4,0,no_action,no_action,11
739.0162478910061,before_first_failure,3,12,16,4,0,no_action,no_action,6
741.0341491720174,before_first_failure,6,11,16,4,0,no_action,no_action,7
743.0714130930137,before_first_failure,8,15,16,4,0,no_action,no_action,12
745.1186968720285,before_first_failure,17,13,16,4,0,no_action,no_action,10
747.2078058060142,before_first_failure,15,16,16,4,0,no_action,no_action,7
749.9698517100187,before_first_failure,18,16,16,4,0,no_action,no_action,5
751.9701938619837,before_first_failure,21,14,16,4,0,no_action,no_action,6
754.0197579030064,before_first_failure,24,13,16,4,0,no_action,no_action,9
756.5940597759909,before_first_failure,28,15,16,4,0,no_action,no_action,2
758.6195771369967,before_first_failure,22,14,16,4,0,no_action,no_action,6
760.8737846789882,before_first_failure,21,11,16,4,0,no_action,no_action,5
762.9326860290021,before_first_failure,19,13,16,4,0,no_action,no_action,9
765.6127964649932,before_first_failure,16,16,16,4,0,no_action,no_action,3
767.6686897099717,before_first_failure,9,16,16,4,0,no_action,no_action,6
769.7008628409822,before_first_failure,10,14,16,4,0,no_action,no_action,7
771.7781282719807,before_first_failure,5,15,16,4,0,no_action,no_action,9
774.592747659015,before_first_failure,7,16,16,4,0,no_action,no_action,4
776.6314995790017,before_first_failure,0,14,16,4,0,no_action,no_action,10
779.2894281669869,before_first_failure,0,14,16,4,0,no_action,no_action,8
781.6407385229832,before_first_failure,5,14,16,4,0,no_action,no_action,8
783.7289550820133,before_first_failure,7,15,16,4,0,no_action,no_action,9
785.7967237930279,before_first_failure,9,14,16,4,0,no_action,no_action,10
788.3544714499731,before_first_failure,7,16,16,4,0,no_action,no_action,7
790.4359810929745,before_first_failure,6,15,16,4,0,no_action,no_action,11
792.5293551610084,before_first_failure,5,14,16,4,0,no_action,no_action,8
794.5397770549753,before_first_failure,10,12,16,4,0,no_action,no_action,9
796.6159005659865,before_first_failure,4,16,16,4,0,no_action,no_action,8
798.6876316790003,before_first_failure,2,14,16,4,0,no_action,no_action,9
801.4027103339904,before_first_failure,2,16,16,4,0,no_action,no_action,7
803.5022853760165,before_first_failure,2,16,16,4,0,no_action,no_action,9
805.5947003089823,before_first_failure,2,14,16,4,0,no_action,no_action,9
807.5952995169791,before_first_failure,0,9,16,4,0,no_action,no_action,7
809.6640517759952,before_first_failure,0,9,16,4,0,no_action,no_action,9
811.6906720030238,before_first_failure,1,9,16,4,0,no_action,no_action,8
813.695708298008,before_first_failure,0,11,16,4,0,no_action,no_action,9
815.7449891499709,before_first_failure,1,5,16,4,0,no_action,no_action,5
817.787417827989,before_first_failure,1,6,16,4,0,no_action,no_action,2
819.8614845550037,before_first_failure,2,9,16,4,0,no_action,no_action,2
822.0367096969858,before_first_failure,4,9,16,4,0,no_action,no_action,3
824.1303909120033,before_first_failure,1,11,16,4,0,no_action,no_action,6
826.1467211010167,before_first_failure,0,13,16,4,0,no_action,no_action,12
828.2087245280272,before_first_failure,2,13,16,4,0,no_action,no_action,10
830.3666594820097,before_first_failure,1,12,16,4,0,no_action,no_action,8
832.406252012006,before_first_failure,0,11,16,4,0,no_action,no_action,6
834.4169057250256,before_first_failure,0,7,16,4,0,no_action,no_action,7
836.5463856820134,before_first_failure,1,7,16,4,0,no_action,no_action,3
838.5533803270082,before_first_failure,1,6,16,4,0,no_action,no_action,3
841.3432359179715,before_first_failure,2,8,16,4,0,no_action,no_action,2
843.389772931987,before_first_failure,0,3,16,4,0,no_action,no_action,3
845.5296765199746,before_first_failure,0,3,16,4,0,no_action,no_action,3
847.5349345469731,before_first_failure,0,3,16,4,0,no_action,no_action,3
849.9692557799863,before_first_failure,1,3,16,4,0,no_action,no_action,2
851.9965093929786,before_first_failure,0,3,16,4,0,no_action,no_action,1
854.8926206280012,before_first_failure,4,3,16,4,0,no_action,no_action,1
856.9286276519997,before_first_failure,0,13,16,4,0,no_action,no_action,7
858.9354747830075,before_first_failure,2,13,16,4,0,no_action,no_action,10
860.9656371470192,before_first_failure,1,12,16,4,0,no_action,no_action,6
863.014000620984,before_first_failure,0,5,16,4,0,no_action,no_action,4
865.3118718559854,before_first_failure,1,5,16,4,0,no_action,no_action,5
867.3163001739886,before_first_failure,1,4,16,4,0,no_action,no_action,3
869.4508144209976,before_first_failure,4,4,16,4,0,no_action,no_action,3
871.4764582960051,before_first_failure,0,7,16,4,0,no_action,no_action,4
873.571583241981,before_first_failure,2,6,16,4,0,no_action,no_action,6
876.040502903983,before_first_failure,1,6,16,4,0,no_action,no_action,5
878.2164474059828,before_first_failure,0,8,16,4,0,no_action,no_action,8
880.2614795570262,before_first_failure,2,8,16,4,0,no_action,no_action,6
882.3881000499823,before_first_failure,2,10,16,4,0,no_action,no_action,6
884.4558546710177,before_first_failure,1,11,16,4,0,no_action,no_action,10
886.471379117982,before_first_failure,0,10,16,4,0,no_action,no_action,7
888.8326542319846,before_first_failure,1,7,16,4,0,no_action,no_action,5
890.8533243840211,before_first_failure,1,7,16,4,0,no_action,no_action,5
892.8929785260116,before_first_failure,0,8,16,4,0,no_action,no_action,7
895.0778080529999,before_first_failure,1,7,16,4,0,no_action,no_action,6
897.4150785059901,before_first_failure,4,7,16,4,0,no_action,no_action,6
899.5029493820039,before_first_failure,0,9,16,4,0,no_action,no_action,7
901.7311390460236,before_first_failure,0,11,16,4,0,no_action,no_action,6
903.7673121819971,before_first_failure,0,6,16,4,0,no_action,no_action,6
905.862027472991,before_first_failure,0,5,16,4,0,no_action,no_action,5
907.9841138849733,before_first_failure,0,4,16,4,0,no_action,no_action,3
910.0138237359934,before_first_failure,0,1,16,4,0,no_action,no_action,1
912.1257881000056,before_first_failure,0,1,16,4,0,no_action,no_action,0
914.185453307,before_first_failure,0,2,16,4,0,no_action,no_action,1
916.5806075559813,before_first_failure,1,2,16,4,0,no_action,no_action,2
918.6048835269758,before_first_failure,0,4,16,4,0,no_action,no_action,3
920.7717633669963,before_first_failure,2,5,16,4,0,no_action,no_action,5
922.8858464980149,before_first_failure,2,7,16,4,0,no_action,no_action,4
924.9517803459894,before_first_failure,1,7,16,4,0,no_action,no_action,5
927.1911278290208,before_first_failure,3,6,16,4,0,no_action,no_action,6
929.3607128619915,before_first_failure,0,9,16,4,0,no_action,no_action,7
931.692406911985,before_first_failure,0,9,16,4,0,no_action,no_action,7
933.7329422510229,before_first_failure,1,7,16,4,0,no_action,no_action,6
935.7857918029767,before_first_failure,0,6,16,4,0,no_action,no_action,6
937.8105580059928,before_first_failure,0,4,16,4,0,no_action,no_action,4
939.8686391459778,before_first_failure,0,2,16,4,0,no_action,no_action,2
941.8980199830257,before_first_failure,0,3,16,4,0,no_action,no_action,2
943.9627147130086,before_first_failure,1,2,16,4,0,no_action,no_action,2
945.976057338994,before_first_failure,0,3,16,4,0,no_action,no_action,3
948.5143285570084,before_first_failure,3,3,16,4,0,no_action,no_action,3
950.544406334986,before_first_failure,2,6,16,4,0,no_action,no_action,4
952.6193827950046,before_first_failure,1,8,16,4,0,no_action,no_action,4
954.6820883009932,before_first_failure,0,10,16,4,0,no_action,no_action,6
956.7494681830285,before_first_failure,0,8,16,4,0,no_action,no_action,7
958.8224521710072,before_first_failure,0,7,16,4,0,no_action,no_action,7
960.881348927971,before_first_failure,1,7,16,4,0,no_action,no_action,6
962.8929917790229,before_first_failure,0,7,16,4,0,no_action,no_action,7
965.0898057430168,before_first_failure,0,7,16,4,0,no_action,no_action,6
967.1467503660242,before_first_failure,0,9,16,4,0,no_action,no_action,5
969.2258777749958,before_first_failure,0,8,16,4,0,no_action,no_action,8
971.4460937430267,before_first_failure,0,4,16,4,0,no_action,no_action,2
973.5091984039755,before_first_failure,2,3,16,4,0,no_action,no_action,1
975.5666007120162,before_first_failure,1,2,16,4,0,no_action,no_action,1
977.6505046579987,before_first_failure,1,6,16,4,0,no_action,no_action,5
979.7014312029933,before_first_failure,0,7,16,4,0,no_action,no_action,6
981.7990457100095,before_first_failure,1,4,16,4,0,no_action,no_action,3
983.8273800099851,before_first_failure,1,5,16,4,0,no_action,no_action,4
986.2012489109766,before_first_failure,1,6,16,4,0,no_action,no_action,4
988.2524578709854,before_first_failure,0,7,16,4,0,no_action,no_action,4
990.3116160120117,before_first_failure,0,8,16,4,0,no_action,no_action,6
992.395733258978,before_first_failure,1,7,16,4,0,no_action,no_action,7
994.4714140630094,before_first_failure,0,9,16,4,0,no_action,no_action,8
996.5103460280225,before_first_failure,0,6,16,4,0,no_action,no_action,6
999.0652631470002,before_first_failure,0,6,16,4,0,no_action,no_action,5
1001.1324119759956,before_first_failure,0,5,16,4,0,no_action,no_action,3
1003.2077272490133,before_first_failure,1,4,16,4,0,no_action,no_action,4
1005.2239577170112,before_first_failure,1,5,16,4,0,no_action,no_action,4
1007.3237732870039,before_first_failure,0,7,16,4,0,no_action,no_action,7
1009.5169502050267,before_first_failure,1,6,16,4,0,no_action,no_action,6
1011.5175179499784,before_first_failure,1,8,16,4,0,no_action,no_action,7
1013.6187367410166,before_first_failure,0,6,16,4,0,no_action,no_action,6
1015.6511999659706,before_first_failure,0,5,16,4,0,no_action,no_action,4
1017.7425852629822,before_first_failure,0,4,16,4,0,no_action,no_action,3
1019.769462946977,before_first_failure,2,4,16,4,0,no_action,no_action,4
1021.8090381050133,before_first_failure,0,4,16,4,0,no_action,no_action,2
1024.6723969780141,before_first_failure,2,3,16,4,0,no_action,no_action,2
1026.6757092369953,before_first_failure,0,5,16,4,0,no_action,no_action,4
1028.7609995629755,before_first_failure,0,7,16,4,0,no_action,no_action,6
1030.7820616940153,before_first_failure,0,6,16,4,0,no_action,no_action,6
1032.882249288028,before_first_failure,0,5,16,4,0,no_action,no_action,5
1034.9470691879978,before_first_failure,0,5,16,4,0,no_action,no_action,3
1037.0184184950194,before_first_failure,0,0,16,4,0,no_action,no_action,0
1039.0753136589774,before_first_failure,0,1,16,4,0,no_action,no_action,0
1041.3662293400266,before_first_failure,2,1,16,4,0,no_action,no_action,0
1043.8296021890128,before_first_failure,0,4,16,4,0,no_action,no_action,1
1045.8680032379925,before_first_failure,0,7,16,4,0,no_action,no_action,4
1048.0181865930208,before_first_failure,1,5,16,4,0,no_action,no_action,5
1050.1050424270215,before_first_failure,3,6,16,4,0,no_action,no_action,5
1052.1876858689939,before_first_failure,0,8,16,4,0,no_action,no_action,7
1054.3808153989958,before_first_failure,1,6,16,4,0,no_action,no_action,5
1056.8658537929878,before_first_failure,1,6,16,4,0,no_action,no_action,3
1058.925268659019,before_first_failure,0,8,16,4,0,no_action,no_action,3
1061.1267437170027,before_first_failure,0,5,16,4,0,no_action,no_action,5
1063.1519165459904,before_first_failure,0,8,16,4,0,no_action,no_action,6
1065.219593152986,before_first_failure,0,11,16,4,0,no_action,no_action,8
1067.2620267110178,before_first_failure,1,16,16,4,0,no_action,no_action,11
1069.3616347609786,before_first_failure,7,15,16,4,0,no_action,no_action,9
1071.3976399059757,before_first_failure,12,14,16,4,0,no_action,no_action,11
1073.4237079430022,before_first_failure,19,10,16,4,0,no_action,no_action,8
1075.521515385015,before_first_failure,18,15,16,4,0,no_action,no_action,10
1077.578057067003,before_first_failure,29,15,16,4,0,no_action,no_action,7
1079.6919102160027,before_first_failure,42,11,16,4,0,no_action,no_action,7
1081.7497648969875,before_first_failure,42,8,16,4,0,no_action,no_action,5
1083.7997351820231,before_first_failure,36,13,16,4,0,no_action,no_action,6
1085.8618798360112,before_first_failure,34,12,16,4,0,no_action,no_action,8
1088.003850610985,before_first_failure,37,10,16,4,0,no_action,no_action,3
1090.0519585449947,before_first_failure,28,16,16,4,0,no_action,no_action,5
1092.0592673459905,before_first_failure,32,10,16,4,0,no_action,no_action,4
1094.0845390890026,before_first_failure,30,12,16,4,0,no_action,no_action,8
1096.2578913940233,before_first_failure,25,12,16,4,0,no_action,no_action,6
1098.31405008398,before_first_failure,23,15,16,4,0,no_action,no_action,8
1100.5344853280112,before_first_failure,23,14,16,4,0,no_action,no_action,4
1102.5559696279815,before_first_failure,17,15,16,4,0,no_action,no_action,9
1104.6101442360086,before_first_failure,16,14,16,4,0,no_action,no_action,10
1106.6424195640138,before_first_failure,16,10,16,4,0,no_action,no_action,7
1108.7398270210251,before_first_failure,8,15,16,4,0,no_action,no_action,10
1110.7666370230145,before_first_failure,8,14,16,4,0,no_action,no_action,9
1112.8185904709972,before_first_failure,8,15,16,4,0,no_action,no_action,9
1114.8724366649985,before_first_failure,5,14,16,4,0,no_action,no_action,9
1117.206034931005,before_first_failure,6,15,16,4,0,no_action,no_action,10
1119.2742512730183,before_first_failure,9,14,16,4,0,no_action,no_action,11
1121.2964111089823,before_first_failure,12,14,16,4,0,no_action,no_action,13
1123.4382753259852,before_first_failure,11,16,16,4,0,no_action,no_action,6
1125.5099717070116,before_first_failure,6,16,16,4,0,no_action,no_action,8
1127.6276415419998,before_first_failure,4,14,16,4,0,no_action,no_action,9
1129.6440204120008,before_first_failure,1,11,16,4,0,no_action,no_action,5
1132.3235573149868,before_first_failure,6,10,16,4,0,no_action,no_action,3
1134.5091665239888,before_first_failure,3,15,16,4,0,no_action,no_action,7
1136.5210708029917,before_first_failure,2,14,16,4,0,no_action,no_action,7
1138.5881525789737,before_first_failure,7,12,16,4,0,no_action,no_action,8
1140.6607858699863,before_first_failure,5,16,16,4,0,no_action,no_action,7
1142.7457489860244,before_first_failure,12,13,16,4,0,no_action,no_action,10
1144.8338786530076,before_first_failure,11,13,16,4,0,no_action,no_action,10
1146.8460185820004,before_first_failure,13,14,16,4,0,no_action,no_action,10
1148.8560609159758,before_first_failure,12,15,16,4,0,no_action,no_action,11
1150.8823551739915,before_first_failure,12,14,16,4,0,no_action,no_action,7
1152.9616419639788,before_first_failure,7,15,16,4,0,no_action,no_action,6
1154.993579174974,before_first_failure,4,13,16,4,0,no_action,no_action,4
1157.6136320990045,before_first_failure,9,12,16,4,0,no_action,no_action,3
1159.667862790986,before_first_failure,7,14,16,4,0,no_action,no_action,7
1162.4757245780202,before_first_failure,5,15,16,4,0,no_action,no_action,4
1164.5486857690266,before_first_failure,5,14,16,4,0,no_action,no_action,6
1166.5487952199765,before_first_failure,1,14,16,4,0,no_action,no_action,8
1168.7487304150127,before_first_failure,0,14,16,4,0,no_action,no_action,6
1170.8358866469935,before_first_failure,0,10,16,4,0,no_action,no_action,7
1173.4627807990182,before_first_failure,2,10,16,4,0,no_action,no_action,6
1175.5591181130148,before_first_failure,0,7,16,4,0,no_action,no_action,4
1178.6843437919742,before_first_failure,0,7,16,4,0,no_action,no_action,5
1180.735530541977,before_first_failure,0,4,16,4,0,no_action,no_action,3
1182.7580078049796,before_first_failure,2,4,16,4,0,no_action,no_action,4
1184.7584713579854,before_first_failure,1,5,16,4,0,no_action,no_action,4
1186.9032261919929,before_first_failure,0,6,16,4,0,no_action,no_action,3
1188.9625962140271,before_first_failure,3,3,16,4,0,no_action,no_action,2
1190.9792860849993,before_first_failure,3,6,16,4,0,no_action,no_action,4
1193.0629829730024,before_first_failure,0,8,16,4,0,no_action,no_action,5
1196.084423290973,before_first_failure,4,8,16,4,0,no_action,no_action,4
1198.5086554100271,before_first_failure,6,5,16,4,0,no_action,no_action,4
1200.5877450690023,before_first_failure,1,12,16,4,0,no_action,no_action,7
1202.6209500019904,before_first_failure,0,12,16,4,0,no_action,no_action,11
1204.6387015010114,before_first_failure,0,9,16,4,0,no_action,no_action,9
1206.6609945240198,before_first_failure,0,9,16,4,0,no_action,no_action,7
1208.739764138998,before_first_failure,0,9,16,4,0,no_action,no_action,8
1211.0967296480085,before_first_failure,0,9,16,4,0,no_action,no_action,6
1213.281339759007,before_first_failure,2,6,16,4,0,no_action,no_action,6
1215.3009735629894,before_first_failure,2,5,16,4,0,no_action,no_action,2
1217.3013404969824,before_first_failure,0,5,16,4,0,no_action,no_action,3
1219.377935548022,before_first_failure,0,5,16,4,0,no_action,no_action,5
1222.5702354169916,before_first_failure,1,4,16,4,0,no_action,no_action,2
1224.6005493989796,before_first_failure,0,6,16,4,0,no_action,no_action,3
1226.6320350730093,before_first_failure,0,5,16,4,0,no_action,no_action,5
1228.6423602969735,before_first_failure,1,3,16,4,0,no_action,no_action,3
1230.934026034025,before_first_failure,1,4,16,4,0,no_action,no_action,3
1233.8284593300195,before_first_failure,3,5,16,4,0,no_action,no_action,4
1235.8974095730227,before_first_failure,0,7,16,4,0,no_action,no_action,3
1237.9002777850255,before_first_failure,0,7,16,4,0,no_action,no_action,5
1240.1440605450189,before_first_failure,1,5,16,4,0,no_action,no_action,5
1242.5068611140014,before_first_failure,1,5,16,4,0,no_action,no_action,2
1244.5948509660084,before_first_failure,0,5,16,4,0,no_action,no_action,4
1246.6575288830209,before_first_failure,1,5,16,4,0,no_action,no_action,3
1248.8128223340027,before_first_failure,0,5,16,4,0,no_action,no_action,5
1251.6525953129749,before_first_failure,0,5,16,4,0,no_action,no_action,4
1253.6701094720047,before_first_failure,0,6,16,4,0,no_action,no_action,4
1255.7221428389894,before_first_failure,0,5,16,4,0,no_action,no_action,4
1257.9781274030101,before_first_failure,0,3,16,4,0,no_action,no_action,3
1260.5403468050063,before_first_failure,3,3,16,4,0,no_action,no_action,3
1262.5499576019938,before_first_failure,1,5,16,4,0,no_action,no_action,5
1264.586964355025,before_first_failure,0,7,16,4,0,no_action,no_action,4
1266.674474990985,before_first_failure,0,6,16,4,0,no_action,no_action,6
1268.7155674209935,before_first_failure,0,5,16,4,0,no_action,no_action,4
1270.7576001710258,before_first_failure,0,7,16,4,0,no_action,no_action,4
1273.3938573509804,before_first_failure,0,7,16,4,0,no_action,no_action,3
1275.409377198026,before_first_failure,0,6,16,4,0,no_action,no_action,5
1277.415152069996,before_first_failure,1,6,16,4,0,no_action,no_action,4
1279.4458053800045,before_first_failure,1,6,16,4,0,no_action,no_action,5
1282.037144856993,before_first_failure,3,6,16,4,0,no_action,no_action,2
1284.1300481790095,before_first_failure,1,9,16,4,0,no_action,no_action,7
1286.188917461026,before_first_failure,1,9,16,4,0,no_action,no_action,9
1288.2466823530267,before_first_failure,0,9,16,4,0,no_action,no_action,8
1290.3719952569809,before_first_failure,0,8,16,4,0,no_action,no_action,7
1292.5322364810272,before_first_failure,0,9,16,4,0,no_action,no_action,8
1294.6073241290287,before_first_failure,0,9,16,4,0,no_action,no_action,8
1296.7593559880042,before_first_failure,3,7,16,4,0,no_action,no_action,2
1298.8249173020013,before_first_failure,0,5,16,4,0,no_action,no_action,5
1300.9009117900277,before_first_failure,0,5,16,4,0,no_action,no_action,5
1302.933971763996,before_first_failure,1,5,16,4,0,no_action,no_action,3
1305.0096845760127,before_first_failure,0,8,16,4,0,no_action,no_action,5
1308.185687362973,before_first_failure,2,8,16,4,0,no_action,no_action,1
1310.2280973779853,before_first_failure,0,6,16,4,0,no_action,no_action,5
1312.335057438002,before_first_failure,0,9,16,4,0,no_action,no_action,7
1315.2708635220188,before_first_failure,0,9,16,4,0,no_action,no_action,7
1317.3557983650244,before_first_failure,4,7,16,4,0,no_action,no_action,7
1319.5349011059734,before_first_failure,0,10,16,4,0,no_action,no_action,6
1321.5844784139772,before_first_failure,1,7,16,4,0,no_action,no_action,5
1324.4691685630241,before_first_failure,4,7,16,4,0,no_action,no_action,6
1326.5319738520193,before_first_failure,0,13,16,4,0,no_action,no_action,10
1328.5585542239714,before_first_failure,0,9,16,4,0,no_action,no_action,7
1330.5789361380157,before_first_failure,0,12,16,4,0,no_action,no_action,7
1332.6598473699996,before_first_failure,0,11,16,4,0,no_action,no_action,9
1335.0601103630033,before_first_failure,8,8,16,4,0,no_action,no_action,6
1337.0936714470154,before_first_failure,4,15,16,4,0,no_action,no_action,10
1339.1890251560253,before_first_failure,0,14,16,4,0,no_action,no_action,5
1341.2407619410078,before_first_failure,3,14,16,4,0,no_action,no_action,9
1343.306576440984,before_first_failure,2,15,16,4,0,no_action,no_action,9
1345.4455205589766,before_first_failure,0,14,16,4,0,no_action,no_action,13
1347.526747410011,before_first_failure,3,3,16,4,0,no_action,no_action,3
1350.464312081982,before_first_failure,3,6,16,4,0,no_action,no_action,4
1352.522795722005,before_first_failure,4,8,16,4,0,no_action,no_action,6
1354.5379879960092,before_first_failure,0,10,16,4,0,no_action,no_action,8
1356.5513793660211,before_first_failure,1,9,16,4,0,no_action,no_action,5
1358.6716752590146,before_first_failure,3,8,16,4,0,no_action,no_action,6
1361.519846552983,before_first_failure,0,9,16,4,0,no_action,no_action,2
1363.5477133070235,before_first_failure,3,7,16,4,0,no_action,no_action,4
1365.6066867730115,before_first_failure,0,10,16,4,0,no_action,no_action,5
1367.6654585250071,before_first_failure,0,8,16,4,0,no_action,no_action,7
1369.696706052986,before_first_failure,1,11,16,4,0,no_action,no_action,9
1371.8631011699908,before_first_failure,0,11,16,4,0,no_action,no_action,10
1373.9592683169758,before_first_failure,1,9,16,4,0,no_action,no_action,9
1376.5949090970098,before_first_failure,3,10,16,4,0,no_action,no_action,7
1378.6712363209808,before_first_failure,0,8,16,4,0,no_action,no_action,7
1380.7285290699801,before_first_failure,4,7,16,4,0,no_action,no_action,3
1382.7861839429825,before_first_failure,1,7,16,4,0,no_action,no_action,5
1385.4581314360257,before_first_failure,2,7,16,4,0,no_action,no_action,4
1387.526398825983,before_first_failure,3,8,16,4,0,no_action,no_action,4
1389.534605131019,before_first_failure,3,11,16,4,0,no_action,no_action,5
1391.5409153099754,before_first_failure,2,15,16,4,0,no_action,no_action,10
1393.5672151690233,before_first_failure,6,13,16,4,0,no_action,no_action,8
1396.333617441007,before_first_failure,6,15,16,4,0,no_action,no_action,2
1398.4296541329823,before_first_failure,1,11,16,4,0,no_action,no_action,8
1400.4898004410206,before_first_failure,1,12,16,4,0,no_action,no_action,7
1402.5643870300264,before_first_failure,3,11,16,4,0,no_action,no_action,8
1404.647736968007,before_first_failure,0,10,16,4,0,no_action,no_action,8
1408.1823878820287,before_first_failure,2,9,16,4,0,no_action,no_action,6
1410.1826525300276,before_first_failure,0,7,16,4,0,no_action,no_action,7
1412.1907916470082,before_first_failure,1,5,16,4,0,no_action,no_action,5
1414.2529816569877,before_first_failure,0,8,16,4,0,no_action,no_action,7
1416.310981669987,before_first_failure,0,8,16,4,0,no_action,no_action,6
1418.380838115001,before_first_failure,0,11,16,4,0,no_action,no_action,9
1420.3837018039776,before_first_failure,0,11,16,4,0,no_action,no_action,9
1422.464302473003,before_first_failure,0,10,16,4,0,no_action,no_action,8
1424.56060690101,before_first_failure,0,12,16,4,0,no_action,no_action,11
1426.6163256720174,before_first_failure,2,10,16,4,0,no_action,no_action,9
1428.6367705119774,before_first_failure,0,11,16,4,0,no_action,no_action,10
1431.7514546739985,before_first_failure,6,11,16,4,0,no_action,no_action,6
1433.8286175290123,before_first_failure,2,15,16,4,0,no_action,no_action,10
1435.8429298269912,before_first_failure,4,13,16,4,0,no_action,no_action,6
1437.9160547599895,before_first_failure,6,12,16,4,0,no_action,no_action,5
1439.950278379023,before_first_failure,4,16,16,4,0,no_action,no_action,6
1442.0074566400144,before_first_failure,1,15,16,4,0,no_action,no_action,8
1444.0285979380133,before_first_failure,6,9,16,4,0,no_action,no_action,4
1446.5835155820241,before_first_failure,7,8,16,4,0,no_action,no_action,2
1448.618427672016,before_first_failure,2,16,16,4,0,no_action,no_action,8
1450.7065987830283,before_first_failure,4,14,16,4,0,no_action,no_action,7
1452.7533647689852,before_first_failure,9,10,16,4,0,no_action,no_action,4
1454.833188811026,before_first_failure,6,13,16,4,0,no_action,no_action,9
1457.1362414580071,before_first_failure,4,16,16,4,0,no_action,no_action,5
1459.1487057239865,before_first_failure,1,14,16,4,0,no_action,no_action,10
1461.7538420779747,before_first_failure,0,15,16,4,0,no_action,no_action,4
1463.8270435529994,before_first_failure,0,5,16,4,0,no_action,no_action,5
1466.124420152977,before_first_failure,5,5,16,4,0,no_action,no_action,3
1468.2030037150253,before_first_failure,3,10,16,4,0,no_action,no_action,3
1470.228719163977,before_first_failure,4,7,16,4,0,no_action,no_action,6
1472.2908508119872,before_first_failure,0,9,16,4,0,no_action,no_action,6
1475.0673987700138,before_first_failure,8,8,16,4,0,no_action,no_action,7
1477.1575038359733,before_first_failure,3,16,16,4,0,no_action,no_action,8
1479.2025980600156,before_first_failure,6,12,16,4,0,no_action,no_action,4
1481.2418251599884,before_first_failure,2,14,16,4,0,no_action,no_action,8
1483.400680391991,before_first_failure,0,12,16,4,0,no_action,no_action,8
1485.8027600250207,before_first_failure,3,12,16,4,0,no_action,no_action,5
1487.8885398929706,before_first_failure,0,10,16,4,0,no_action,no_action,4
1490.000080399972,before_first_failure,0,12,16,4,0,no_action,no_action,10
1492.695354000025,before_first_failure,0,12,16,4,0,no_action,no_action,9
1494.7564772170153,before_first_failure,1,12,16,4,0,no_action,no_action,10
1496.941677943978,before_first_failure,0,13,16,4,0,no_action,no_action,7
1499.0731018069782,before_first_failure,1,9,16,4,0,no_action,no_action,9
1501.2117346969899,before_first_failure,2,9,16,4,0,no_action,no_action,4
1503.2859986600233,before_first_failure,2,5,16,4,0,no_action,no_action,4
1505.2964307490038,before_first_failure,0,5,16,4,0,no_action,no_action,4
1507.3288574910257,before_first_failure,3,5,16,4,0,no_action,no_action,5
1509.5094218960148,before_first_failure,2,6,16,4,0,no_action,no_action,3
1511.5239985139924,before_first_failure,0,8,16,4,0,no_action,no_action,7
1513.5289837979944,before_first_failure,0,7,16,4,0,no_action,no_action,6
1515.5366193489754,before_first_failure,0,4,16,4,0,no_action,no_action,4
1517.7863628530176,before_first_failure,2,4,16,4,0,no_action,no_action,2
1519.875787996978,before_first_failure,0,7,16,4,0,no_action,no_action,6
1522.166205060028,before_first_failure,2,7,16,4,0,no_action,no_action,4
1524.2391966540017,before_first_failure,0,6,16,4,0,no_action,no_action,4
1526.2858983959886,before_first_failure,0,7,16,4,0,no_action,no_action,5
1528.333531998971,before_first_failure,0,5,16,4,0,no_action,no_action,5
1530.5295099460054,before_first_failure,0,8,16,4,0,no_action,no_action,5
1532.633410200011,before_first_failure,1,10,16,4,0,no_action,no_action,9
1534.6980527120177,before_first_failure,1,10,16,4,0,no_action,no_action,6
1536.7880864419858,before_first_failure,0,7,16,4,0,no_action,no_action,5
1539.5931633440196,before_first_failure,2,7,16,4,0,no_action,no_action,3
1541.6578011750244,before_first_failure,2,8,16,4,0,no_action,no_action,7
1543.7194226509891,before_first_failure,0,8,16,4,0,no_action,no_action,6
1545.9214337149751,before_first_failure,0,8,16,4,0,no_action,no_action,8
1547.9787223199965,before_first_failure,0,7,16,4,0,no_action,no_action,7
1550.0675488340203,before_first_failure,0,5,16,4,0,no_action,no_action,4
1552.9366823299788,before_first_failure,4,5,16,4,0,no_action,no_action,4
1555.0160986779956,before_first_failure,1,10,16,4,0,no_action,no_action,8
1557.0386816940154,before_first_failure,3,12,16,4,0,no_action,no_action,5
1559.0450972869876,before_first_failure,3,11,16,4,0,no_action,no_action,7
1561.1764035379747,before_first_failure,1,14,16,4,0,no_action,no_action,3
1564.2817253230023,before_first_failure,0,12,16,4,0,no_action,no_action,4
1566.4511418209877,before_first_failure,0,9,16,4,0,no_action,no_action,7
1568.4566328899818,before_first_failure,0,9,16,4,0,no_action,no_action,6
1571.8418997810222,before_first_failure,2,9,16,4,0,no_action,no_action,4
1573.9135742289945,before_first_failure,0,7,16,4,0,no_action,no_action,5
1577.3063743740204,before_first_failure,2,7,16,4,0,no_action,no_action,2
1579.5099685669993,before_first_failure,1,9,16,4,0,no_action,no_action,4
1581.586368881981,before_first_failure,0,11,16,4,0,no_action,no_action,7
1583.6447702309815,before_first_failure,0,9,16,4,0,no_action,no_action,6
1586.7547493869788,before_first_failure,0,7,16,4,0,no_action,no_action,3
1588.8279410260147,before_first_failure,0,5,16,4,0,no_action,no_action,5
1590.8403478849796,before_first_failure,2,5,16,4,0,no_action,no_action,4
1593.3584596000146,before_first_failure,3,7,16,4,0,no_action,no_action,3
1595.5384101379896,before_first_failure,2,9,16,4,0,no_action,no_action,5
1597.5857748939889,before_first_failure,0,12,16,4,0,no_action,no_action,10
1600.1514936339809,before_first_failure,3,12,16,4,0,no_action,no_action,3
1602.2138835000223,before_first_failure,0,8,16,4,0,no_action,no_action,6
1604.263382848003,before_first_failure,0,10,16,4,0,no_action,no_action,9
1606.4570509149926,before_first_failure,1,6,16,4,0,no_action,no_action,5
1608.500511249993,before_first_failure,0,5,16,4,0,no_action,no_action,3
1611.399635637994,before_first_failure,4,5,16,4,0,no_action,no_action,1
1613.4693629479734,before_first_failure,0,8,16,4,0,no_action,no_action,5
1615.4966025970061,before_first_failure,8,7,16,4,0,no_action,no_action,6
1617.5528937510098,before_first_failure,0,16,16,4,0,no_action,no_action,9
1619.559513055021,before_first_failure,0,11,16,4,0,no_action,no_action,5
1621.7019461820018,before_first_failure,2,11,16,4,0,no_action,no_action,3
1623.79964938201,before_first_failure,0,12,16,4,0,no_action,no_action,7
1625.8158380180248,before_first_failure,5,14,16,4,0,no_action,no_action,5
1627.8547253889847,before_first_failure,0,14,16,4,0,no_action,no_action,8
1629.900848246005,before_first_failure,2,12,16,4,0,no_action,no_action,6
1631.927655411011,before_first_failure,2,15,16,4,0,no_action,no_action,10
1634.5166125529795,before_first_failure,4,14,16,4,0,no_action,no_action,4
1636.5797045839718,before_first_failure,0,8,16,4,0,no_action,no_action,5
1638.746521871013,before_first_failure,0,5,16,4,0,no_action,no_action,4
1641.1718435449875,before_first_failure,1,5,16,4,0,no_action,no_action,2
1643.196271659981,before_first_failure,1,3,16,4,0,no_action,no_action,3
1645.273443715996,before_first_failure,4,4,16,4,0,no_action,no_action,3
1647.3442507470027,before_first_failure,4,11,16,4,0,no_action,no_action,6
1649.8765461739968,before_first_failure,1,15,16,4,0,no_action,no_action,6
1651.929882039025,before_first_failure,0,16,16,4,0,no_action,no_action,7
1653.9877031630022,before_first_failure,2,10,16,4,0,no_action,no_action,6
1655.9900748159853,before_first_failure,3,14,16,4,0,no_action,no_action,6
1658.3517743489938,before_first_failure,3,15,16,4,0,no_action,no_action,4
1660.389979710977,before_first_failure,2,16,16,4,0,no_action,no_action,7
1662.4460326440167,before_first_failure,0,16,16,4,0,no_action,no_action,8
1665.3746290639974,before_first_failure,0,16,16,4,0,no_action,no_action,0
1667.4113277799916,before_first_failure,0,14,16,4,0,no_action,no_action,6
1669.7904617839959,before_first_failure,1,14,16,4,0,no_action,no_action,5
1671.9893061490147,before_first_failure,2,10,16,4,0,no_action,no_action,9
1674.4999831820023,before_first_failure,3,11,16,4,0,no_action,no_action,5
1676.5154390659882,before_first_failure,0,12,16,4,0,no_action,no_action,5
1678.632106303994,before_first_failure,3,10,16,4,0,no_action,no_action,6
1681.0237823749776,before_first_failure,0,13,16,4,0,no_action,no_action,4
1683.0962542159832,before_first_failure,2,9,16,4,0,no_action,no_action,6
1685.1236580580007,before_first_failure,4,11,16,4,0,no_action,no_action,5
1687.2154281720286,before_first_failure,0,10,16,4,0,no_action,no_action,8
1690.7191057199962,before_first_failure,3,10,16,4,0,no_action,no_action,4
1692.743234382011,before_first_failure,5,11,16,4,0,no_action,no_action,10
1694.7960091240238,before_first_failure,9,15,16,4,0,no_action,no_action,12
1696.8438286139863,before_first_failure,14,12,16,4,0,no_action,no_action,8
1699.1104423659854,before_first_failure,14,12,16,4,0,no_action,no_action,2
1701.1384131709929,before_first_failure,6,16,16,4,0,no_action,no_action,3
1703.148989562993,before_first_failure,6,14,16,4,0,no_action,no_action,7
1705.1973782919813,before_first_failure,4,15,16,4,0,no_action,no_action,7
1708.3275914799888,before_first_failure,8,15,16,4,0,no_action,no_action,5
1710.4152415280114,before_first_failure,8,15,16,4,0,no_action,no_action,10
1712.51336799399,before_first_failure,12,16,16,4,0,no_action,no_action,12
1715.829364951991,before_first_failure,19,13,16,4,0,no_action,no_action,4
1717.881226692989,before_first_failure,10,16,16,4,0,no_action,no_action,11
1719.9745407730225,before_first_failure,4,16,16,4,0,no_action,no_action,4
1722.5576498209848,before_first_failure,10,15,16,4,0,no_action,no_action,2
1724.5681315460242,before_first_failure,8,15,16,4,0,no_action,no_action,7
1726.6343579849927,before_first_failure,8,13,16,4,0,no_action,no_action,9
1728.9777014110005,before_first_failure,6,14,16,4,0,no_action,no_action,7
1731.0745101139764,before_first_failure,0,16,16,4,0,no_action,no_action,8
1733.1152995110024,before_first_failure,5,15,16,4,0,no_action,no_action,7
1735.4408241629717,before_first_failure,16,16,16,4,0,no_action,no_action,8
1737.750911836978,before_first_failure,14,13,16,4,0,no_action,no_action,4
1739.783228771994,before_first_failure,11,16,16,4,0,no_action,no_action,12
1742.9397537509794,before_first_failure,14,15,16,4,0,no_action,no_action,4
1744.9953925570007,before_first_failure,3,16,16,4,0,no_action,no_action,8
1748.1454107390018,before_first_failure,5,16,16,4,0,no_action,no_action,4
1750.1998094799928,before_first_failure,5,15,16,4,0,no_action,no_action,9
1752.3722491430235,before_first_failure,1,15,16,4,0,no_action,no_action,10
1754.3792768570129,before_first_failure,3,14,16,4,0,no_action,no_action,11
1756.4503804169944,before_first_failure,0,13,16,4,0,no_action,no_action,11
1759.448316399008,before_first_failure,1,11,16,4,0,no_action,no_action,8
1761.5055413260125,before_first_failure,0,5,16,4,0,no_action,no_action,4
1763.6187015440082,before_first_failure,0,6,16,4,0,no_action,no_action,5
1765.6252822640236,before_first_failure,2,5,16,4,0,no_action,no_action,3
1768.315476106014,before_first_failure,4,4,16,4,0,no_action,no_action,1
1770.4045292080264,before_first_failure,0,6,16,4,0,no_action,no_action,6
1772.459652131016,before_first_failure,2,6,16,4,0,no_action,no_action,3
1774.5234363490017,before_first_failure,0,7,16,4,0,no_action,no_action,7
1777.4320196459885,before_first_failure,4,7,16,4,0,no_action,no_action,2
1779.552573953988,before_first_failure,2,9,16,4,0,no_action,no_action,5
1781.6199894269812,before_first_failure,7,6,16,4,0,no_action,no_action,5
1783.6944688530057,before_first_failure,5,12,16,4,0,no_action,no_action,6
1786.377631996991,before_first_failure,5,14,16,4,0,no_action,no_action,2
1788.4644251600257,before_first_failure,1,13,16,4,0,no_action,no_action,9
1790.5368769469787,before_first_failure,1,12,16,4,0,no_action,no_action,10
1793.634171409998,before_first_failure,2,14,16,4,0,no_action,no_action,8
1795.6811998739722,before_first_failure,4,8,16,4,0,no_action,no_action,5
1797.771569373028,before_first_failure,4,10,16,4,0,no_action,no_action,6
1799.8181469789706,before_first_failure,0,10,16,4,0,no_action,no_action,8
1801.8290913979872,before_first_failure,1,10,16,4,0,no_action,no_action,5
1803.832844102988,before_first_failure,4,7,16,4,0,no_action,no_action,4
1805.8465290850145,before_first_failure,0,9,16,4,0,no_action,no_action,1
1807.9310339689837,before_first_failure,0,9,16,4,0,no_action,no_action,6
1809.9544214499765,before_first_failure,3,10,16,4,0,no_action,no_action,7
1812.1008102970081,before_first_failure,1,12,16,4,0,no_action,no_action,4
1814.311052947014,before_first_failure,0,11,16,4,0,no_action,no_action,8
1816.315716992016,before_first_failure,2,10,16,4,0,no_action,no_action,10
1818.3641997619998,before_first_failure,0,9,16,4,0,no_action,no_action,8
1820.415775485977,before_first_failure,0,11,16,4,0,no_action,no_action,8
1822.4496027060086,before_first_failure,3,9,16,4,0,no_action,no_action,9
1824.5424849410192,before_first_failure,0,9,16,4,0,no_action,no_action,9
1826.5461886620033,before_first_failure,0,9,16,4,0,no_action,no_action,7
1828.621530784003,before_first_failure,0,9,16,4,0,no_action,no_action,8
1831.306106212025,before_first_failure,1,9,16,4,0,no_action,no_action,4
1833.3576186610153,before_first_failure,0,7,16,4,0,no_action,no_action,4
1835.4531143070199,before_first_failure,2,7,16,4,0,no_action,no_action,5
1837.5227305979934,before_first_failure,1,8,16,4,0,no_action,no_action,4
1839.548908723984,before_first_failure,0,7,16,4,0,no_action,no_action,6
1841.5703893579775,before_first_failure,0,7,16,4,0,no_action,no_action,7
1843.6290337049868,before_first_failure,0,5,16,4,0,no_action,no_action,5
1845.677384333976,before_first_failure,1,4,16,4,0,no_action,no_action,2
1847.7254909999901,before_first_failure,0,3,16,4,0,no_action,no_action,2
1849.782121856988,before_first_failure,2,3,16,4,0,no_action,no_action,3
1851.8086376980064,before_first_failure,0,6,16,4,0,no_action,no_action,3
1853.8463613140048,before_first_failure,1,6,16,4,0,no_action,no_action,5
1855.920932693989,before_first_failure,0,5,16,4,0,no_action,no_action,4
1858.371214934974,before_first_failure,3,5,16,4,0,no_action,no_action,3
1860.7741299549816,before_first_failure,2,5,16,4,0,no_action,no_action,4
1862.835768615012,before_first_failure,6,7,16,4,0,no_action,no_action,4
1864.878112195991,before_first_failure,1,12,16,4,0,no_action,no_action,9
1866.916397885012,before_first_failure,5,11,16,4,0,no_action,no_action,4
1868.9882054090267,before_first_failure,0,6,16,4,0,no_action,no_action,3
1871.0095746139996,before_first_failure,3,6,16,4,0,no_action,no_action,4
1873.028606049018,before_first_failure,1,7,16,4,0,no_action,no_action,6
1875.0292111869785,before_first_failure,0,8,16,4,0,no_action,no_action,4
1877.665080880979,before_first_failure,1,10,16,4,0,no_action,no_action,2
1879.751035580004,before_first_failure,1,8,16,4,0,no_action,no_action,7
1881.8455990800285,before_first_failure,2,9,16,4,0,no_action,no_action,3
1883.9233390439767,before_first_failure,1,8,16,4,0,no_action,no_action,8
1886.685469635995,before_first_failure,2,8,16,4,0,no_action,no_action,3
1888.8048975659767,before_first_failure,1,11,16,4,0,no_action,no_action,4
1890.87082396599,before_first_failure,0,11,16,4,0,no_action,no_action,6
1892.899456063984,before_first_failure,2,7,16,4,0,no_action,no_action,4
1896.0325201189844,before_first_failure,2,10,16,4,0,no_action,no_action,2
1898.047911081987,before_first_failure,3,12,16,4,0,no_action,no_action,6
1900.1345398969715,before_first_failure,4,12,16,4,0,no_action,no_action,5
1902.1903157919878,before_first_failure,0,13,16,4,0,no_action,no_action,5
1905.0183376250206,before_first_failure,8,13,16,4,0,no_action,no_action,4
1907.1013752149884,before_first_failure,17,7,16,4,0,no_action,no_action,1
1909.1724888440222,before_first_failure,6,16,16,4,0,no_action,no_action,2
1911.2916750339791,before_first_failure,12,14,16,4,0,no_action,no_action,5
1913.3946113159764,before_first_failure,8,13,16,4,0,no_action,no_action,7
1916.3073648459977,before_first_failure,9,13,16,4,0,no_action,no_action,4
1918.3714982909732,before_first_failure,11,9,16,4,0,no_action,no_action,8
1920.4049225240014,before_first_failure,5,16,16,4,0,no_action,no_action,6
1922.722066559014,before_first_failure,3,15,16,4,0,no_action,no_action,14
1924.9552668789984,before_first_failure,2,16,16,4,0,no_action,no_action,11
1926.975495811028,before_first_failure,0,9,16,4,0,no_action,no_action,7
1929.132309239998,before_first_failure,2,9,16,4,0,no_action,no_action,4
1931.1435609210166,before_first_failure,2,9,16,4,0,no_action,no_action,8
1934.1335258019972,before_first_failure,2,11,16,4,0,no_action,no_action,4
1936.234989702003,before_first_failure,0,7,16,4,0,no_action,no_action,4
1938.6370710430201,before_first_failure,3,7,16,4,0,no_action,no_action,5
1940.7924686340266,before_first_failure,2,9,16,4,0,no_action,no_action,7
1942.833176686021,before_first_failure,4,9,16,4,0,no_action,no_action,5
1945.6711680609733,before_first_failure,6,9,16,4,0,no_action,no_action,2
1947.7259910010034,before_first_failure,5,10,16,4,0,no_action,no_action,6
1949.7480080919922,before_first_failure,1,12,16,4,0,no_action,no_action,2
1951.7534254199709,before_first_failure,6,10,16,4,0,no_action,no_action,3
1953.8109130290104,before_first_failure,0,13,16,4,0,no_action,no_action,8
1956.748105132021,before_first_failure,1,13,16,4,0,no_action,no_action,4
1960.1811760360142,before_first_failure,0,8,16,4,0,no_action,no_action,2
1962.2700190600008,before_first_failure,0,12,16,4,0,no_action,no_action,5
1964.435338935,before_first_failure,0,12,16,4,0,no_action,no_action,4
1966.4946685730247,before_first_failure,0,11,16,4,0,no_action,no_action,10
1968.961142191023,before_first_failure,1,11,16,4,0,no_action,no_action,5
1970.989323590009,before_first_failure,1,6,16,4,0,no_action,no_action,5
1973.0054195480188,before_first_failure,4,6,16,4,0,no_action,no_action,3
1975.0153946700157,before_first_failure,1,10,16,4,0,no_action,no_action,7
1977.1054428709904,before_first_failure,0,8,16,4,0,no_action,no_action,7
1980.463267899002,before_first_failure,0,7,16,4,0,no_action,no_action,1
1982.5271462419769,before_first_failure,0,3,16,4,0,no_action,no_action,2
1985.5172356810072,before_first_failure,1,3,16,4,0,no_action,no_action,2
1987.5834510109853,before_first_failure,2,6,16,4,0,no_action,no_action,5
1989.7996030750219,before_first_failure,0,8,16,4,0,no_action,no_action,3
1991.8480103900074,before_first_failure,2,5,16,4,0,no_action,no_action,3
1994.5289927030099,before_first_failure,2,5,16,4,0,no_action,no_action,2
1996.580564205011,before_first_failure,1,4,16,4,0,no_action,no_action,2
1998.5863342080265,before_first_failure,1,4,16,4,0,no_action,no_action,2
2000.6696594110108,before_first_failure,1,5,16,4,0,no_action,no_action,3
2002.7250501060043,before_first_failure,2,6,16,4,0,no_action,no_action,3
2005.296945211012,before_first_failure,3,8,16,4,0,no_action,no_action,0
2007.3158473820076,before_first_failure,0,8,16,4,0,no_action,no_action,6
2009.3330373970093,before_first_failure,1,11,16,4,0,no_action,no_action,5
2011.3721936559887,before_first_failure,4,12,16,4,0,no_action,no_action,9
2013.3793007829809,before_first_failure,1,14,16,4,0,no_action,no_action,7
2017.2368858740083,before_first_failure,2,14,16,4,0,no_action,no_action,3
2019.262597154011,before_first_failure,6,10,16,4,0,no_action,no_action,5
2021.3204449599725,before_first_failure,5,16,16,4,0,no_action,no_action,9
2023.3244094069814,before_first_failure,8,15,16,4,0,no_action,no_action,9
2025.3380078499904,before_first_failure,6,12,16,4,0,no_action,no_action,8
2027.3899060210097,before_first_failure,3,14,16,4,0,no_action,no_action,6
2029.423077741987,before_first_failure,5,11,16,4,0,no_action,no_action,5
2031.5016071579885,before_first_failure,4,16,16,4,0,no_action,no_action,10
2033.5144216250046,before_first_failure,0,16,16,4,0,no_action,no_action,8
2035.600299289974,before_first_failure,0,15,16,4,0,no_action,no_action,0
2037.6922679209965,before_first_failure,3,7,16,4,0,no_action,no_action,5
2039.7749167139991,before_first_failure,2,10,16,4,0,no_action,no_action,4
2041.863528301008,before_first_failure,2,11,16,4,0,no_action,no_action,5
2043.9958912280272,before_first_failure,0,12,16,4,0,no_action,no_action,7
2046.0615270719863,before_first_failure,0,12,16,4,0,no_action,no_action,9
2049.1423875369946,before_first_failure,2,12,16,4,0,no_action,no_action,2
2051.163115468982,before_first_failure,0,10,16,4,0,no_action,no_action,6
2053.200879978016,before_first_failure,1,7,16,4,0,no_action,no_action,3
2055.2067045259755,before_first_failure,0,6,16,4,0,no_action,no_action,6
2058.376456556027,before_first_failure,7,6,16,4,0,no_action,no_action,2
2060.418575134012,before_first_failure,0,13,16,4,0,no_action,no_action,8
2062.4723867049906,before_first_failure,1,8,16,4,0,no_action,no_action,4
2064.5183685399825,before_first_failure,0,16,16,4,0,no_action,no_action,4
2066.691711408028,before_first_failure,4,15,16,4,0,no_action,no_action,10
2068.731350492977,before_first_failure,0,16,16,4,0,no_action,no_action,9
2071.837958742981,before_first_failure,10,11,16,4,0,no_action,no_action,3
2073.850846223999,before_first_failure,2,15,16,4,0,no_action,no_action,4
2076.0095999540063,before_first_failure,2,15,16,4,0,no_action,no_action,10
2078.0645843339735,before_first_failure,0,14,16,4,0,no_action,no_action,14
2080.11772414,before_first_failure,2,12,16,4,0,no_action,no_action,7
2082.125784003001,before_first_failure,2,9,16,4,0,no_action,no_action,0
2084.197578847001,before_first_failure,4,3,16,4,0,no_action,no_action,3
2086.259004498017,before_first_failure,2,7,16,4,0,no_action,no_action,3
2088.2956961430027,before_first_failure,1,9,16,4,0,no_action,no_action,5
2090.3227105920087,before_first_failure,2,9,16,4,0,no_action,no_action,3
2092.3978921099915,before_first_failure,7,5,16,4,0,no_action,no_action,3
2094.4227980289725,before_first_failure,1,12,16,4,0,no_action,no_action,4
2096.424895974982,before_first_failure,4,9,16,4,0,no_action,no_action,8
2099.9439544419874,before_first_failure,2,12,16,4,0,no_action,no_action,2
2102.0084396959865,before_first_failure,7,15,16,4,0,no_action,no_action,7
2104.055112657021,before_first_failure,11,12,16,4,0,no_action,no_action,8
2106.1526230290183,before_first_failure,6,15,16,4,0,no_action,no_action,9
2108.352746748016,before_first_failure,11,10,16,4,0,no_action,no_action,6
2110.4536062380066,before_first_failure,9,15,16,4,0,no_action,no_action,10
2113.204436727974,before_first_failure,10,16,16,4,0,no_action,no_action,5
2115.253463702975,before_first_failure,9,16,16,4,0,no_action,no_action,11
2117.2958909070003,before_first_failure,10,12,16,4,0,no_action,no_action,8
2120.110355067998,before_first_failure,11,10,16,4,0,no_action,no_action,2
2122.263733296015,before_first_failure,12,7,16,4,0,no_action,no_action,2
2124.364146129985,before_first_failure,4,16,16,4,0,no_action,no_action,3
2127.320529790013,before_first_failure,7,16,16,4,0,no_action,no_action,3
2129.40863165498,before_first_failure,7,10,16,4,0,no_action,no_action,6
2131.455501338991,before_first_failure,0,15,16,4,0,no_action,no_action,8
2134.834259575,before_first_failure,1,15,16,4,0,no_action,no_action,6
2136.8410785479937,before_first_failure,4,15,16,4,0,no_action,no_action,9
2139.0192604589975,before_first_failure,5,15,16,4,0,no_action,no_action,6
2141.0295649860054,before_first_failure,1,15,16,4,0,no_action,no_action,10
2144.2806034800014,before_first_failure,6,15,16,4,0,no_action,no_action,4
2146.353841226024,before_first_failure,4,10,16,4,0,no_action,no_action,6
2148.572561972018,before_first_failure,10,10,16,4,0,no_action,no_action,4
2150.5950300580007,before_first_failure,15,10,16,4,0,no_action,no_action,5
2152.693135899026,before_first_failure,10,15,16,4,0,no_action,no_action,9
2156.721244060027,before_first_failure,10,16,16,4,0,no_action,no_action,0
2158.873293908022,before_first_failure,7,15,16,4,0,no_action,no_action,7
2160.9700006379862,before_first_failure,9,14,16,4,0,no_action,no_action,10
2163.599186667998,before_first_failure,11,14,16,4,0,no_action,no_action,5
2166.4803766030236,before_first_failure,10,7,16,4,0,no_action,no_action,3
2168.57950711,before_first_failure,3,16,16,4,0,no_action,no_action,14
2172.831061846984,before_first_failure,4,16,16,4,0,no_action,no_action,2
2174.8794448000262,before_first_failure,0,9,16,4,0,no_action,no_action,5
2177.178174412984,before_first_failure,2,9,16,4,0,no_action,no_action,4
2179.765447820013,before_first_failure,1,9,16,4,0,no_action,no_action,5
2181.768460788997,before_first_failure,1,9,16,4,0,no_action,no_action,5
2183.777947061986,before_first_failure,0,8,16,4,0,no_action,no_action,6
2187.0374214620097,before_first_failure,2,7,16,4,0,no_action,no_action,2
2189.1349177680095,before_first_failure,6,3,16,4,0,no_action,no_action,2
2191.1643595990026,before_first_failure,0,7,16,4,0,no_action,no_action,2
2193.5498524630093,before_first_failure,0,7,16,4,0,no_action,no_action,3
2195.622522206977,before_first_failure,1,6,16,4,0,no_action,no_action,3
2199.1005727520096,before_first_failure,4,6,16,4,0,no_action,no_action,2
2201.185749559023,before_first_failure,0,10,16,4,0,no_action,no_action,8
2203.3234209049842,before_first_failure,1,10,16,4,0,no_action,no_action,8
2205.433603784011,before_first_failure,0,9,16,4,0,no_action,no_action,9
2208.431880601973,before_first_failure,2,9,16,4,0,no_action,no_action,2
2210.5592989459983,before_first_failure,5,4,16,4,0,no_action,no_action,4
2212.6339574860176,before_first_failure,1,10,16,4,0,no_action,no_action,8
2214.667372366006,before_first_failure,1,11,16,4,0,no_action,no_action,6
2216.7341247380245,before_first_failure,0,6,16,4,0,no_action,no_action,3
2218.7772069019848,before_first_failure,3,2,16,4,0,no_action,no_action,2
2220.893152038974,before_first_failure,4,5,16,4,0,no_action,no_action,1
2222.9097619130043,before_first_failure,1,13,16,4,0,no_action,no_action,4
2225.9433255780023,before_first_failure,5,13,16,4,0,no_action,no_action,6
2227.9507873749826,before_first_failure,4,12,16,4,0,no_action,no_action,9
2229.9932159099844,before_first_failure,0,13,16,4,0,no_action,no_action,5
2232.0461775769945,before_first_failure,0,12,16,4,0,no_action,no_action,9
2235.3664198920014,before_first_failure,1,11,16,4,0,no_action,no_action,3
2237.408052439976,before_first_failure,0,7,16,4,0,no_action,no_action,5
2239.6112545690266,before_first_failure,3,7,16,4,0,no_action,no_action,5
2241.6948049140046,before_first_failure,0,13,16,4,0,no_action,no_action,8
2243.8044072460034,before_first_failure,2,11,16,4,0,no_action,no_action,7
2245.856626924011,before_first_failure,1,9,16,4,0,no_action,no_action,7
2247.951009477023,before_first_failure,1,11,16,4,0,no_action,no_action,9
2249.9986082310206,before_first_failure,0,7,16,4,0,no_action,no_action,7
2252.0634346890147,before_first_failure,0,3,16,4,0,no_action,no_action,2
2254.1373431169777,before_first_failure,0,6,16,4,0,no_action,no_action,5
2256.21394217998,before_first_failure,0,9,16,4,0,no_action,no_action,5
2259.318124716985,before_first_failure,4,9,16,4,0,no_action,no_action,3
2261.4045674509834,before_first_failure,3,6,16,4,0,no_action,no_action,5
2263.4303378550103,before_first_failure,0,9,16,4,0,no_action,no_action,7
2265.672520197986,before_first_failure,0,6,16,4,0,no_action,no_action,5
2267.847754120012,before_first_failure,0,7,16,4,0,no_action,no_action,3
2269.887673965015,before_first_failure,0,6,16,4,0,no_action,no_action,4
2271.92807939701,before_first_failure,1,6,16,4,0,no_action,no_action,5
2273.9445391729823,before_first_failure,3,7,16,4,0,no_action,no_action,5
2275.95041954302,before_first_failure,1,8,16,4,0,no_action,no_action,5
2277.973741182999,before_first_failure,0,8,16,4,0,no_action,no_action,7
2280.078612187004,before_first_failure,4,8,16,4,0,no_action,no_action,3
2282.1351321439724,before_first_failure,0,9,16,4,0,no_action,no_action,6
2284.2243109869887,before_first_failure,1,7,16,4,0,no_action,no_action,7
2286.240390821011,before_first_failure,1,6,16,4,0,no_action,no_action,5
2288.256496272981,before_first_failure,0,6,16,4,0,no_action,no_action,6
2290.278996929992,before_first_failure,0,4,16,4,0,no_action,no_action,4
2292.3310677519767,before_first_failure,0,4,16,4,0,no_action,no_action,3
2294.33304201602,before_first_failure,0,6,16,4,0,no_action,no_action,2
2296.35823202302,before_first_failure,0,6,16,4,0,no_action,no_action,1
2298.386132735992,before_first_failure,1,5,16,4,0,no_action,no_action,3
2300.6089528260054,before_first_failure,1,7,16,4,0,no_action,no_action,2
2304.154810839973,before_first_failure,0,8,16,4,0,no_action,no_action,5
2306.2771391340066,before_first_failure,2,5,16,4,0,no_action,no_action,4
2308.3586224149913,before_first_failure,3,7,16,4,0,no_action,no_action,2
2310.420761473011,before_first_failure,1,7,16,4,0,no_action,no_action,2
2312.5213648910285,before_first_failure,0,11,16,4,0,no_action,no_action,7
2315.494192289014,before_first_failure,1,11,16,4,0,no_action,no_action,4
2317.5349570499966,before_first_failure,0,8,16,4,0,no_action,no_action,4
2319.580061551009,before_first_failure,1,9,16,4,0,no_action,no_action,6
2321.61456065299,before_first_failure,2,8,16,4,0,no_action,no_action,7
2324.414888351981,before_first_failure,1,11,16,4,0,no_action,no_action,4
2326.4280788939795,before_first_failure,1,6,16,4,0,no_action,no_action,6
2328.4516399109853,before_first_failure,0,7,16,4,0,no_action,no_action,5
2330.5289160870016,before_first_failure,0,6,16,4,0,no_action,no_action,5
2333.2027369369753,before_first_failure,0,5,16,4,0,no_action,no_action,2
2335.2402473550173,before_first_failure,5,2,16,4,0,no_action,no_action,2
2337.3264672629884,before_first_failure,5,5,16,4,0,no_action,no_action,2
2339.416092708998,before_first_failure,0,14,16,4,0,no_action,no_action,11
2342.5793880430283,before_first_failure,2,12,16,4,0,no_action,no_action,3
2344.6538959839963,before_first_failure,3,5,16,4,0,no_action,no_action,4
2346.732076519984,before_first_failure,3,8,16,4,0,no_action,no_action,5
2348.790783857985,before_first_failure,5,10,16,4,0,no_action,no_action,9
2350.7964351159753,before_first_failure,10,3,16,4,0,no_action,no_action,1
2352.8803851089906,before_first_failure,6,12,16,4,0,no_action,no_action,6
2354.880472282006,before_first_failure,3,16,16,4,0,no_action,no_action,9
2356.9747552499757,before_first_failure,5,11,16,4,0,no_action,no_action,3
2358.974825228972,before_first_failure,5,13,16,4,0,no_action,no_action,6
2361.0109260019963,before_first_failure,4,13,16,4,0,no_action,no_action,9
2363.021195526002,before_first_failure,1,10,16,4,0,no_action,no_action,6
2365.0599704830092,before_first_failure,1,9,16,4,0,no_action,no_action,6
2367.868747074972,before_first_failure,4,9,16,4,0,no_action,no_action,2
2369.919796463975,before_first_failure,0,10,16,4,0,no_action,no_action,7
2372.055058587983,before_first_failure,0,10,16,4,0,no_action,no_action,9
2375.620523522026,before_first_failure,1,6,16,4,0,no_action,no_action,2
2377.6868344260147,before_first_failure,1,6,16,4,0,no_action,no_action,3
2379.7303121850127,before_first_failure,0,6,16,4,0,no_action,no_action,4
2381.8173738020123,before_first_failure,1,6,16,4,0,no_action,no_action,5
2383.8391854310175,before_first_failure,2,7,16,4,0,no_action,no_action,5
2386.950448975025,before_first_failure,5,7,16,4,0,no_action,no_action,3
2388.95776911499,before_first_failure,0,13,16,4,0,no_action,no_action,4
2391.058904420992,before_first_failure,7,16,16,4,0,no_action,no_action,9
2393.135906514013,before_first_failure,8,15,16,4,0,no_action,no_action,12
2395.1366907340125,before_first_failure,9,14,16,4,0,no_action,no_action,11
2397.160209406982,before_first_failure,6,13,16,4,0,no_action,no_action,10
2399.9025418609963,before_first_failure,1,15,16,4,0,no_action,no_action,5
2401.9497709739953,before_first_failure,0,6,16,4,0,no_action,no_action,4
2403.970984647982,before_first_failure,1,5,16,4,0,no_action,no_action,3
2405.972735229996,before_first_failure,0,7,16,4,0,no_action,no_action,4
2408.64117450302,before_first_failure,4,7,16,4,0,no_action,no_action,3
2410.6816488250042,before_first_failure,1,7,16,4,0,no_action,no_action,4
2412.746961332974,before_first_failure,1,5,16,4,0,no_action,no_action,4
2414.797936720017,before_first_failure,0,9,16,4,0,no_action,no_action,4
2417.3771954089752,before_first_failure,1,6,16,4,0,no_action,no_action,5
2419.504240092996,before_first_failure,0,9,16,4,0,no_action,no_action,9
2421.5490832250216,before_first_failure,0,6,16,4,0,no_action,no_action,5
2423.560525859997,before_first_failure,0,10,16,4,0,no_action,no_action,5
2425.64731404098,before_first_failure,0,9,16,4,0,no_action,no_action,8
2427.7456903569982,before_first_failure,4,7,16,4,0,no_action,no_action,6
2429.763295212004,before_first_failure,0,11,16,4,0,no_action,no_action,10
2431.8274930120097,before_first_failure,2,8,16,4,0,no_action,no_action,6
2433.8647231400246,before_first_failure,0,12,16,4,0,no_action,no_action,5
2436.6419504479854,before_first_failure,1,11,16,4,0,no_action,no_action,3
2438.745254906011,before_first_failure,1,12,16,4,0,no_action,no_action,7
2440.7766395829967,before_first_failure,0,10,16,4,0,no_action,no_action,10
2443.018395107996,before_first_failure,6,10,16,4,0,no_action,no_action,5
2445.127022569999,before_first_failure,2,9,16,4,0,no_action,no_action,8
2448.0101264180266,before_first_failure,1,9,16,4,0,no_action,no_action,5
2450.379405072017,before_first_failure,6,8,16,4,0,no_action,no_action,5
2453.1911305770045,before_first_failure,8,12,16,4,0,no_action,no_action,6
2455.210372183996,before_first_failure,2,15,16,4,0,no_action,no_action,7
2457.4681758420193,before_first_failure,2,15,16,4,0,no_action,no_action,7
2459.479863509012,before_first_failure,5,14,16,4,0,no_action,no_action,5
2462.837568079005,before_first_failure,7,10,16,4,0,no_action,no_action,1
2464.912879184005,before_first_failure,2,13,16,4,0,no_action,no_action,4
2468.8252627960173,before_first_failure,2,12,16,4,0,no_action,no_action,5
2470.9037120270077,before_first_failure,1,16,16,4,0,no_action,no_action,8
2473.0460245430004,before_first_failure,1,16,16,4,0,no_action,no_action,9
2475.094182247005,before_first_failure,0,16,16,4,0,no_action,no_action,13
2478.2581958249793,before_first_failure,0,16,16,4,0,no_action,no_action,9
2480.30989022,before_first_failure,1,11,16,4,0,no_action,no_action,8
2484.397699336987,before_first_failure,2,11,16,4,0,no_action,no_action,4
2486.528736471024,before_first_failure,3,11,16,4,0,no_action,no_action,9
2488.560632977984,before_first_failure,0,15,16,4,0,no_action,no_action,10
2491.9521173600224,before_first_failure,2,13,16,4,0,no_action,no_action,3
2494.0466111309943,before_first_failure,0,7,16,4,0,no_action,no_action,6
2497.864635846985,before_first_failure,2,7,16,4,0,no_action,no_action,1
2499.8689716720255,before_first_failure,0,9,16,4,0,no_action,no_action,6
2501.9556789880153,before_first_failure,0,9,16,4,0,no_action,no_action,2
2504.1979257800267,before_first_failure,1,6,16,4,0,no_action,no_action,4
2507.486662069976,before_first_failure,3,5,16,4,0,no_action,no_action,1
2509.557885569986,before_first_failure,0,7,16,4,0,no_action,no_action,2
2512.596931260021,before_first_failure,2,7,16,4,0,no_action,no_action,2
2514.6994984080084,before_first_failure,4,6,16,4,0,no_action,no_action,4
2516.895864229009,before_first_failure,4,10,16,4,0,no_action,no_action,5
2519.783527487016,before_first_failure,0,10,16,4,0,no_action,no_action,8
2521.9433282439713,before_first_failure,1,9,16,4,0,no_action,no_action,5
2523.982932744024,before_first_failure,1,6,16,4,0,no_action,no_action,3
2527.1511503999936,before_first_failure,1,7,16,4,0,no_action,no_action,3
2529.1773761190125,before_first_failure,3,2,16,4,0,no_action,no_action,1
2532.5921510559856,before_first_failure,2,5,16,4,0,no_action,no_action,2
2534.828888388991,before_first_failure,1,9,16,4,0,no_action,no_action,5
2536.894591978984,before_first_failure,1,9,16,4,0,no_action,no_action,7
2538.9323772629723,before_first_failure,1,10,16,4,0,no_action,no_action,7
2541.0706763089984,before_first_failure,0,7,16,4,0,no_action,no_action,6
2544.264408526011,before_first_failure,0,6,16,4,0,no_action,no_action,2
2546.3157220850117,before_first_failure,0,2,16,4,0,no_action,no_action,1
2548.573989611992,before_first_failure,2,2,16,4,0,no_action,no_action,0
2551.4890050659887,before_first_failure,3,2,16,4,0,no_action,no_action,2
2553.586918407993,before_first_failure,1,8,16,4,0,no_action,no_action,3
2555.674819462991,before_first_failure,0,10,16,4,0,no_action,no_action,7
2557.7335563409724,before_first_failure,0,9,16,4,0,no_action,no_action,9
2559.9241002480267,before_first_failure,1,8,16,4,0,no_action,no_action,6
2563.676947165979,before_first_failure,0,9,16,4,0,no_action,no_action,5
2565.7167052529985,before_first_failure,1,10,16,4,0,no_action,no_action,5
2567.7630367979873,before_first_failure,0,8,16,4,0,no_action,no_action,6
2569.8978807340027,before_first_failure,3,7,16,4,0,no_action,no_action,5
2573.1956998400274,before_first_failure,3,9,16,4,0,no_action,no_action,3
2575.2168871460017,before_first_failure,10,12,16,4,0,no_action,no_action,2
2577.2534421070013,before_first_failure,11,15,16,4,0,no_action,no_action,10
2579.353848027007,before_first_failure,16,11,16,4,0,no_action,no_action,6
2581.3595481020166,before_first_failure,7,15,16,4,0,no_action,no_action,7
2583.3818222300033,before_first_failure,9,12,16,4,0,no_action,no_action,8
2585.3881218429888,before_first_failure,4,15,16,4,0,no_action,no_action,5
2587.5352423770237,before_first_failure,4,15,16,4,0,no_action,no_action,11
2591.2158230770146,before_first_failure,5,13,16,4,0,no_action,no_action,6
2593.2753380259965,before_first_failure,1,16,16,4,0,no_action,no_action,11
2595.3745217410033,before_first_failure,4,11,16,4,0,no_action,no_action,8
2597.3906625739764,before_first_failure,1,15,16,4,0,no_action,no_action,8
2599.5211049119825,before_first_failure,2,14,16,4,0,no_action,no_action,8
2602.6802156289923,before_first_failure,5,14,16,4,0,no_action,no_action,6
2604.7452537550125,before_first_failure,4,16,16,4,0,no_action,no_action,9
2606.821299282019,before_first_failure,6,15,16,4,0,no_action,no_action,8
2608.8237979499972,before_first_failure,6,16,16,4,0,no_action,no_action,10
2610.835217093001,before_first_failure,0,16,16,4,0,no_action,no_action,12
2613.1563205790007,before_first_failure,1,15,16,4,0,no_action,no_action,10
2615.2176367929787,before_first_failure,1,14,16,4,0,no_action,no_action,9
2618.7924568810267,before_first_failure,1,13,16,4,0,no_action,no_action,4
2620.866507262981,before_first_failure,1,8,16,4,0,no_action,no_action,6
2622.9106266010203,before_first_failure,1,9,16,4,0,no_action,no_action,7
2625.00747073401,before_first_failure,0,7,16,4,0,no_action,no_action,7
2628.0158815989853,before_first_failure,0,7,16,4,0,no_action,no_action,4
2630.102380776021,before_first_failure,0,6,16,4,0,no_action,no_action,3
2632.1860695200157,before_first_failure,0,6,16,4,0,no_action,no_action,6
2634.269403955026,before_first_failure,0,8,16,4,0,no_action,no_action,6
2636.2758316289983,before_first_failure,0,6,16,4,0,no_action,no_action,5
2638.6542059630156,before_first_failure,1,5,16,4,0,no_action,no_action,4
2640.755666197976,before_first_failure,0,6,16,4,0,no_action,no_action,5
2642.779459849,before_first_failure,0,4,16,4,0,no_action,no_action,4
2644.8741405669716,before_first_failure,0,3,16,4,0,no_action,no_action,2
2647.1873165610014,before_first_failure,3,3,16,4,0,no_action,no_action,2
2649.2775472070207,before_first_failure,0,4,16,4,0,no_action,no_action,3
2651.3729730490013,before_first_failure,0,5,16,4,0,no_action,no_action,3
2653.4434243370197,before_first_failure,0,4,16,4,0,no_action,no_action,4
2656.029738173005,before_first_failure,1,4,16,4,0,no_action,no_action,3
2658.0744359440287,before_first_failure,0,8,16,4,0,no_action,no_action,7
2660.0803840599838,before_first_failure,0,8,16,4,0,no_action,no_action,8
2662.6398931730073,before_first_failure,1,8,16,4,0,no_action,no_action,3
2664.7409029129776,before_first_failure,1,6,16,4,0,no_action,no_action,5
2666.812269365997,before_first_failure,2,7,16,4,0,no_action,no_action,6
2668.8277377649792,before_first_failure,0,6,16,4,0,no_action,no_action,4
2670.943435356021,before_first_failure,0,5,16,4,0,no_action,no_action,4
2672.9585456239874,before_first_failure,2,4,16,4,0,no_action,no_action,3
2675.0084854490124,before_first_failure,0,5,16,4,0,no_action,no_action,5
2677.9871697829803,before_first_failure,2,4,16,4,0,no_action,no_action,1
2680.048750897986,before_first_failure,2,8,16,4,0,no_action,no_action,3
2682.112751025008,before_first_failure,0,8,16,4,0,no_action,no_action,3
2684.2133873709827,before_first_failure,5,3,16,4,0,no_action,no_action,1
2686.262028380006,before_first_failure,2,10,16,4,0,no_action,no_action,3
2688.7985242789728,before_first_failure,9,9,16,4,0,no_action,no_action,6
2690.818917114986,before_first_failure,8,13,16,4,0,no_action,no_action,3
2692.824275118008,before_first_failure,5,16,16,4,0,no_action,no_action,9
2694.8840151419863,before_first_failure,15,14,16,4,0,no_action,no_action,11
2697.889974301972,before_first_failure,18,12,16,4,0,no_action,no_action,5
2699.9711758759804,before_first_failure,10,16,16,4,0,no_action,no_action,8
2701.997846784012,before_first_failure,11,13,16,4,0,no_action,no_action,8
2704.1073094420135,before_first_failure,9,13,16,4,0,no_action,no_action,6
2706.1712289879797,before_first_failure,2,15,16,4,0,no_action,no_action,8
2708.179244406987,before_first_failure,5,12,16,4,0,no_action,no_action,5
2710.7724369409843,before_first_failure,7,9,16,4,0,no_action,no_action,2
2712.85814239498,before_first_failure,1,12,16,4,0,no_action,no_action,5
2714.958932136011,before_first_failure,0,13,16,4,0,no_action,no_action,3
2716.993207425985,before_first_failure,0,12,16,4,0,no_action,no_action,10
2720.2817108249874,before_first_failure,0,12,16,4,0,no_action,no_action,6
2722.4704622519785,before_first_failure,1,8,16,4,0,no_action,no_action,5
2725.429763517983,before_first_failure,1,7,16,4,0,no_action,no_action,3
2727.4549881839775,before_first_failure,0,5,16,4,0,no_action,no_action,3
2729.5568323850166,before_first_failure,0,4,16,4,0,no_action,no_action,4
2731.9111418609973,before_first_failure,3,4,16,4,0,no_action,no_action,2
2733.9253031479893,before_first_failure,0,7,16,4,0,no_action,no_action,6
2735.958454001986,before_first_failure,0,6,16,4,0,no_action,no_action,5
2737.9840973200044,before_first_failure,1,5,16,4,0,no_action,no_action,5
2740.2533815039787,before_first_failure,1,6,16,4,0,no_action,no_action,6
2742.28467688401,before_first_failure,2,6,16,4,0,no_action,no_action,5
2745.412004839978,before_first_failure,0,9,16,4,0,no_action,no_action,1
2747.681592119974,before_first_failure,0,4,16,4,0,no_action,no_action,3
2749.7009457470267,before_first_failure,0,5,16,4,0,no_action,no_action,2
2753.0130759149906,before_first_failure,2,5,16,4,0,no_action,no_action,3
2755.093372683972,before_first_failure,5,6,16,4,0,no_action,no_action,4
2757.099799426971,before_first_failure,0,10,16,4,0,no_action,no_action,6
2759.1410423800116,before_first_failure,0,15,16,4,0,no_action,no_action,8
2761.661388030974,before_first_failure,2,15,16,4,0,no_action,no_action,6
2763.674632604001,before_first_failure,0,11,16,4,0,no_action,no_action,9
2765.678642435989,before_first_failure,1,9,16,4,0,no_action,no_action,9
2768.927303944016,before_first_failure,0,10,16,4,0,no_action,no_action,3
2770.9340604000026,before_first_failure,0,6,16,4,0,no_action,no_action,5
2774.328134453972,before_first_failure,2,6,16,4,0,no_action,no_action,1
2776.6088920289767,before_first_failure,2,2,16,4,0,no_action,no_action,1
2778.7034492589883,before_first_failure,2,4,16,4,0,no_action,no_action,3
2782.5253621459706,before_first_failure,6,4,16,4,0,no_action,no_action,2
2784.8280625509797,before_first_failure,0,11,16,4,0,no_action,no_action,6
2786.9221816430218,before_first_failure,1,10,16,4,0,no_action,no_action,8
2789.5623817230226,before_first_failure,4,11,16,4,0,no_action,no_action,5
2791.62246690999,before_first_failure,4,8,16,4,0,no_action,no_action,5
2793.7214807330165,before_first_failure,1,15,16,4,0,no_action,no_action,10
2797.8608792609884,before_first_failure,3,13,16,4,0,no_action,no_action,2
2799.9523599189706,before_first_failure,1,14,16,4,0,no_action,no_action,10
2802.090651363018,before_first_failure,0,11,16,4,0,no_action,no_action,9
2804.9484737099847,before_first_failure,4,10,16,4,0,no_action,no_action,4
2806.9565490150126,before_first_failure,4,11,16,4,0,no_action,no_action,9
2809.350357774005,before_first_failure,1,15,16,4,0,no_action,no_action,6
2811.4057274750085,before_first_failure,1,13,16,4,0,no_action,no_action,8
2814.243916899024,before_first_failure,2,14,16,4,0,no_action,no_action,4
2816.4799646720057,before_first_failure,0,8,16,4,0,no_action,no_action,5
2818.6819468329777,before_first_failure,2,8,16,4,0,no_action,no_action,4
2820.7277155339834,before_first_failure,0,6,16,4,0,no_action,no_action,5
2822.826356796024,before_first_failure,0,6,16,4,0,no_action,no_action,4
2824.8393937000073,before_first_failure,0,1,16,4,0,no_action,no_action,1
2828.572068271984,before_first_failure,1,1,16,4,0,no_action,no_action,1
2830.618941543973,before_first_failure,0,3,16,4,0,no_action,no_action,2
2832.7925989730284,before_first_failure,0,3,16,4,0,no_action,no_action,2
2834.952231239993,before_first_failure,2,2,16,4,0,no_action,no_action,2
2838.2053699929966,before_first_failure,3,5,16,4,0,no_action,no_action,3
2840.267287175986,before_first_failure,1,7,16,4,0,no_action,no_action,5
2842.385829420993,before_first_failure,2,7,16,4,0,no_action,no_action,4
2844.4798441369785,before_first_failure,1,9,16,4,0,no_action,no_action,5
2847.4802549579763,before_first_failure,1,8,16,4,0,no_action,no_action,5
2850.4018237090204,before_first_failure,2,7,16,4,0,no_action,no_action,2
2852.4592600709875,before_first_failure,0,7,16,4,0,no_action,no_action,4
2855.3070165929967,before_first_failure,1,7,16,4,0,no_action,no_action,5
2857.8137419159757,before_first_failure,0,7,16,4,0,no_action,no_action,4
2859.866905063973,before_first_failure,1,3,16,4,0,no_action,no_action,3
2862.2213149280287,before_first_failure,3,3,16,4,0,no_action,no_action,0
2865.035261144978,before_first_failure,0,5,16,4,0,no_action,no_action,0
2867.093249485013,before_first_failure,0,6,16,4,0,no_action,no_action,6
2869.3617593129748,before_first_failure,2,6,16,4,0,no_action,no_action,5
2871.3918940440053,before_first_failure,0,7,16,4,0,no_action,no_action,6
2875.084506254003,before_first_failure,0,7,16,4,0,no_action,no_action,3
2877.3494353219867,before_first_failure,1,5,16,4,0,no_action,no_action,3
2880.6682573619764,before_first_failure,0,6,16,4,0,no_action,no_action,1
2882.721404205018,before_first_failure,2,5,16,4,0,no_action,no_action,3
2884.8432026879746,before_first_failure,5,5,16,4,0,no_action,no_action,4
2886.9160367909935,before_first_failure,1,9,16,4,0,no_action,no_action,4
2888.9232707840274,before_first_failure,1,12,16,4,0,no_action,no_action,9
2892.7643704329967,before_first_failure,2,13,16,4,0,no_action,no_action,2
2894.7968805810087,before_first_failure,4,4,16,4,0,no_action,no_action,3
2898.403415584995,before_first_failure,2,8,16,4,0,no_action,no_action,2
2900.4211373240105,before_first_failure,3,6,16,4,0,no_action,no_action,1
2902.4446069269907,before_first_failure,0,9,16,4,0,no_action,no_action,7
2906.3206366699887,before_first_failure,2,9,16,4,0,no_action,no_action,6
2908.321654086001,before_first_failure,0,6,16,4,0,no_action,no_action,5
2912.081195442006,before_first_failure,0,5,16,4,0,no_action,no_action,2
2914.143409507,before_first_failure,1,2,16,4,0,no_action,no_action,0
2916.304568825988,before_first_failure,1,2,16,4,0,no_action,no_action,1
2918.3993700239807,before_first_failure,0,2,16,4,0,no_action,no_action,2
2920.6709793430055,before_first_failure,2,1,16,4,0,no_action,no_action,1
2922.691192735976,before_first_failure,1,2,16,4,0,no_action,no_action,2
2924.7511216999847,before_first_failure,1,4,16,4,0,no_action,no_action,2
2926.976348590979,before_first_failure,0,6,16,4,0,no_action,no_action,5
2930.217027090024,before_first_failure,1,6,16,4,0,no_action,no_action,2
2932.263966087019,before_first_failure,1,2,16,4,0,no_action,no_action,1
2934.314773931983,before_first_failure,1,3,16,4,0,no_action,no_action,1
2936.3285967700067,before_first_failure,0,5,16,4,0,no_action,no_action,1
2938.3919193460024,before_first_failure,2,4,16,4,0,no_action,no_action,0
2940.4426190690137,before_first_failure,0,8,16,4,0,no_action,no_action,4
2944.0923006209778,before_first_failure,0,8,16,4,0,no_action,no_action,3
2946.1329629819957,before_first_failure,2,4,16,4,0,no_action,no_action,4
2949.142903271015,before_first_failure,3,6,16,4,0,no_action,no_action,2
2951.2273468379863,before_first_failure,1,7,16,4,0,no_action,no_action,4
2953.3429819290177,before_first_failure,0,8,16,4,0,no_action,no_action,4
2955.652682992979,before_first_failure,0,7,16,4,0,no_action,no_action,4
2957.7026217550156,before_first_failure,2,9,16,4,0,no_action,no_action,6
2959.7102619819925,before_first_failure,5,9,16,4,0,no_action,no_action,6
2961.7302684449824,before_first_failure,6,8,16,4,0,no_action,no_action,6
2963.7313594829757,before_first_failure,3,14,16,4,0,no_action,no_action,5
2965.786563372996,before_first_failure,9,13,16,4,0,no_action,no_action,6
2967.8130008259905,before_first_failure,5,16,16,4,0,no_action,no_action,8
2969.866208899999,before_first_failure,5,13,16,4,0,no_action,no_action,10
2971.990545824985,before_first_failure,3,13,16,4,0,no_action,no_action,10
2974.078570607002,before_first_failure,8,14,16,4,0,no_action,no_action,6
2976.128736075014,before_first_failure,5,16,16,4,0,no_action,no_action,13
2978.332481438003,before_first_failure,6,10,16,4,0,no_action,no_action,9
2980.4067643990275,before_first_failure,1,14,16,4,0,no_action,no_action,11
2983.202577552991,before_first_failure,3,13,16,4,0,no_action,no_action,4
2985.244642882026,before_first_failure,0,11,16,4,0,no_action,no_action,8
2987.327283518971,before_first_failure,0,10,16,4,0,no_action,no_action,9
2989.3703089039773,before_first_failure,2,5,16,4,0,no_action,no_action,5
2993.029316299013,before_first_failure,0,8,16,4,0,no_action,no_action,1
2995.032417170005,before_first_failure,1,5,16,4,0,no_action,no_action,3
2997.1266860599862,before_first_failure,1,7,16,4,0,no_action,no_action,6
2999.1483857610147,before_first_failure,0,6,16,4,0,no_action,no_action,6
3001.483335584984,before_first_failure,1,5,16,4,0,no_action,no_action,4
3003.5587743640062,before_first_failure,1,9,16,4,0,no_action,no_action,6
3005.6397429730278,before_first_failure,1,6,16,4,0,no_action,no_action,4
3007.656575691013,before_first_failure,1,10,16,4,0,no_action,no_action,7
3010.5797466969816,before_first_failure,4,10,16,4,0,no_action,no_action,4
3012.6594317170093,before_first_failure,0,11,16,4,0,no_action,no_action,9
3014.6755321159726,before_first_failure,3,10,16,4,0,no_action,no_action,6
3016.739477628027,before_first_failure,1,10,16,4,0,no_action,no_action,6
3018.7915652309894,before_first_failure,0,8,16,4,0,no_action,no_action,7
3020.803105338011,before_first_failure,0,4,16,4,0,no_action,no_action,2
3022.887099893007,before_first_failure,1,3,16,4,0,no_action,no_action,2
3025.050466249988,before_first_failure,0,6,16,4,0,no_action,no_action,2
3027.0517607089714,before_first_failure,1,5,16,4,0,no_action,no_action,4
3029.114371842006,before_first_failure,3,5,16,4,0,no_action,no_action,1
3031.1380210249918,before_first_failure,0,7,16,4,0,no_action,no_action,4
3033.2145686459844,before_first_failure,3,9,16,4,0,no_action,no_action,8
3035.2691452470026,before_first_failure,3,15,16,4,0,no_action,no_action,7
3037.2829658039846,before_first_failure,2,16,16,4,0,no_action,no_action,8
3039.3188950290205,before_first_failure,1,15,16,4,0,no_action,no_action,7
3041.4175553040113,before_first_failure,11,10,16,4,0,no_action,no_action,7
3043.435321392026,before_first_failure,10,12,16,4,0,no_action,no_action,7
3045.6519581640023,before_first_failure,11,14,16,4,0,no_action,no_action,7
3047.65833787102,before_first_failure,8,15,16,4,0,no_action,no_action,10
3049.680805924989,before_first_failure,6,10,16,4,0,no_action,no_action,9
3051.740399429982,before_first_failure,0,10,16,4,0,no_action,no_action,10
3054.322103979008,before_first_failure,0,8,16,4,0,no_action,no_action,2
3056.3619275860256,before_first_failure,0,5,16,4,0,no_action,no_action,3
3058.45407594298,before_first_failure,0,4,16,4,0,no_action,no_action,3
3060.5166776420083,before_first_failure,1,7,16,4,0,no_action,no_action,7
3062.732786883018,before_first_failure,2,7,16,4,0,no_action,no_action,7
3064.85967493098,before_first_failure,1,6,16,4,0,no_action,no_action,5
3066.9103682009736,before_first_failure,1,8,16,4,0,no_action,no_action,5
3069.2314826709917,before_first_failure,1,7,16,4,0,no_action,no_action,5
3071.2630454960163,before_first_failure,0,4,16,4,0,no_action,no_action,4
3073.4637360909837,before_first_failure,0,7,16,4,0,no_action,no_action,3
3075.5524335830123,before_first_failure,0,8,16,4,0,no_action,no_action,5
3078.1525599199813,before_first_failure,4,8,16,4,0,no_action,no_action,4
3080.2174664200284,before_first_failure,1,11,16,4,0,no_action,no_action,3
3082.3883692550007,before_first_failure,1,10,16,4,0,no_action,no_action,8
3084.4536740260082,before_first_failure,1,11,16,4,0,no_action,no_action,10
3087.6703970360104,before_first_failure,3,11,16,4,0,no_action,no_action,3
3089.956565678993,before_first_failure,2,5,16,4,0,no_action,no_action,5
3092.041558832978,before_first_failure,1,6,16,4,0,no_action,no_action,3
3094.0782536609913,before_first_failure,0,11,16,4,0,no_action,no_action,6
3097.244349174027,before_first_failure,0,11,16,4,0,no_action,no_action,4
3099.292764953978,before_first_failure,0,10,16,4,0,no_action,no_action,9
3101.3220902889734,before_first_failure,0,10,16,4,0,no_action,no_action,8
3103.3395691660116,before_first_failure,0,11,16,4,0,no_action,no_action,9
3106.6757486870047,before_first_failure,1,10,16,4,0,no_action,no_action,4
3108.704205850023,before_first_failure,0,7,16,4,0,no_action,no_action,3
3110.949634012999,before_first_failure,0,8,16,4,0,no_action,no_action,6
3113.5666099410155,before_first_failure,2,8,16,4,0,no_action,no_action,3
3115.9953384430264,before_first_failure,0,7,16,4,0,no_action,no_action,6
3118.0845533629763,before_first_failure,1,6,16,4,0,no_action,no_action,6
3120.113399797003,before_first_failure,0,6,16,4,0,no_action,no_action,5
3123.342150553013,before_first_failure,7,6,16,4,0,no_action,no_action,1
3125.390852506971,before_first_failure,0,10,16,4,0,no_action,no_action,8
3129.2893942489754,before_first_failure,3,10,16,4,0,no_action,no_action,2
3131.376365624019,before_first_failure,1,9,16,4,0,no_action,no_action,8
3133.797784138005,before_first_failure,3,10,16,4,0,no_action,no_action,6
3135.897364082979,before_first_failure,2,12,16,4,0,no_action,no_action,8
3139.798554309993,before_first_failure,5,11,16,4,0,no_action,no_action,2
3141.800130527001,before_first_failure,3,15,16,4,0,no_action,no_action,4
3145.7342486429843,before_first_failure,5,15,16,4,0,no_action,no_action,1
3147.821290193009,before_first_failure,0,12,16,4,0,no_action,no_action,10
3152.35337182699,before_first_failure,2,12,16,4,0,no_action,no_action,4
3154.574492230022,before_first_failure,1,5,16,4,0,no_action,no_action,4
3156.7759846579866,before_first_failure,2,6,16,4,0,no_action,no_action,2
3159.751860474993,before_first_failure,2,4,16,4,0,no_action,no_action,2
3161.8115470589837,before_first_failure,1,9,16,4,0,no_action,no_action,5
3164.1652498510084,before_first_failure,0,10,16,4,0,no_action,no_action,3
3167.097564707976,before_first_failure,0,7,16,4,0,no_action,no_action,3
3169.110806324985,before_first_failure,2,5,16,4,0,no_action,no_action,4
3171.178459185001,before_first_failure,0,7,16,4,0,no_action,no_action,5
3173.1959348560194,before_first_failure,0,5,16,4,0,no_action,no_action,3
3175.2976874079905,before_first_failure,1,7,16,4,0,no_action,no_action,5
3178.837950394023,before_first_failure,1,8,16,4,0,no_action,no_action,5
3180.9599370820215,before_first_failure,1,6,16,4,0,no_action,no_action,4
3182.972230627027,before_first_failure,5,5,16,4,0,no_action,no_action,5
3185.061631342978,before_first_failure,0,8,16,4,0,no_action,no_action,5
3187.7731083920226,before_first_failure,1,6,16,4,0,no_action,no_action,5
3189.7830918069812,before_first_failure,2,4,16,4,0,no_action,no_action,4
3191.805725910992,before_first_failure,0,5,16,4,0,no_action,no_action,4
3193.8264584660064,before_first_failure,0,4,16,4,0,no_action,no_action,3
3195.9199973570067,before_first_failure,2,5,16,4,0,no_action,no_action,3
3197.9439905720064,before_first_failure,0,8,16,4,0,no_action,no_action,7
3200.0905207549804,before_first_failure,0,7,16,4,0,no_action,no_action,6
3202.225993219996,before_first_failure,2,4,16,4,0,no_action,no_action,4
3204.862986942986,before_first_failure,1,6,16,4,0,no_action,no_action,3
3206.9630925770034,before_first_failure,0,8,16,4,0,no_action,no_action,6
3208.972974449978,before_first_failure,1,8,16,4,0,no_action,no_action,5
3210.980499188998,before_first_failure,2,7,16,4,0,no_action,no_action,7
3212.980731945019,before_first_failure,1,7,16,4,0,no_action,no_action,6
3215.922001551022,before_first_failure,1,8,16,4,0,no_action,no_action,5
3218.0237078139908,before_first_failure,1,4,16,4,0,no_action,no_action,3
3220.034739579016,before_first_failure,0,6,16,4,0,no_action,no_action,4
3223.2674765799893,before_first_failure,0,6,16,4,0,no_action,no_action,3
3225.3686793119996,before_first_failure,0,6,16,4,0,no_action,no_action,4
3227.6895676840213,before_first_failure,0,9,16,4,0,no_action,no_action,6
3229.713256845018,before_first_failure,0,7,16,4,0,no_action,no_action,6
3231.7716869330034,before_first_failure,1,4,16,4,0,no_action,no_action,4
3233.8429788490175,before_first_failure,0,6,16,4,0,no_action,no_action,5
3236.561145739979,before_first_failure,1,6,16,4,0,no_action,no_action,3
3238.6202752409736,before_first_failure,1,5,16,4,0,no_action,no_action,2
3241.6803010749863,before_first_failure,4,4,16,4,0,no_action,no_action,0
3243.7818187400117,before_first_failure,0,8,16,4,0,no_action,no_action,5
3247.8857764130225,before_first_failure,1,8,16,4,0,no_action,no_action,4
3249.912870922999,before_first_failure,1,7,16,4,0,no_action,no_action,6
3252.005146521027,before_first_failure,0,9,16,4,0,no_action,no_action,2
3254.0543085390236,before_first_failure,0,5,16,4,0,no_action,no_action,3
3257.3280204409966,before_first_failure,0,5,16,4,0,no_action,no_action,3
3259.397060836025,before_first_failure,1,5,16,4,0,no_action,no_action,4
3262.293449626013,before_first_failure,0,6,16,4,0,no_action,no_action,2
3264.4171999549726,before_first_failure,0,6,16,4,0,no_action,no_action,5
3266.4572365499916,before_first_failure,0,4,16,4,0,no_action,no_action,4
3268.5320150090265,before_first_failure,0,4,16,4,0,no_action,no_action,3
3271.088136160979,before_first_failure,2,4,16,4,0,no_action,no_action,4
3273.161529436009,before_first_failure,0,5,16,4,0,no_action,no_action,3
3275.203328308009,before_first_failure,2,4,16,4,0,no_action,no_action,3
3277.302303834993,before_first_failure,1,5,16,4,0,no_action,no_action,2
3280.3212151600164,before_first_failure,1,5,16,4,0,no_action,no_action,3
3282.401765201008,before_first_failure,1,4,16,4,0,no_action,no_action,2
3284.728916964028,before_first_failure,2,4,16,4,0,no_action,no_action,1
3287.492653267982,before_first_failure,2,3,16,4,0,no_action,no_action,2
3289.667163464008,before_first_failure,0,4,16,4,0,no_action,no_action,3
3293.9025496770046,before_first_failure,0,4,16,4,0,no_action,no_action,1
3295.967193759978,before_first_failure,1,6,16,4,0,no_action,no_action,4
3298.3186777589726,before_first_failure,2,6,16,4,0,no_action,no_action,4
3300.402541593008,before_first_failure,0,8,16,4,0,no_action,no_action,8
3303.369523942005,before_first_failure,0,8,16,4,0,no_action,no_action,6
3305.4070515370113,before_first_failure,0,6,16,4,0,no_action,no_action,6
3307.510055641993,before_first_failure,0,1,16,4,0,no_action,no_action,1
3309.590439589985,before_first_failure,0,0,16,4,0,no_action,no_action,0
3311.683689356025,before_first_failure,0,0,16,4,0,no_action,no_action,0
3314.6117243890185,before_first_failure,1,0,16,4,0,no_action,no_action,0
3316.6142412269837,before_first_failure,2,2,16,4,0,no_action,no_action,0
3318.702526236011,before_first_failure,0,4,16,4,0,no_action,no_action,3
3321.3405227669864,before_first_failure,0,4,16,4,0,no_action,no_action,2
3323.4399231930147,before_first_failure,1,3,16,4,0,no_action,no_action,3
3326.5846674739732,before_first_failure,3,4,16,4,0,no_action,no_action,0
3328.684946607973,before_first_failure,0,6,16,4,0,no_action,no_action,4
3330.7274475559825,before_first_failure,0,9,16,4,0,no_action,no_action,6
3332.7303230360267,before_first_failure,0,9,16,4,0,no_action,no_action,6
3336.809459230979,before_first_failure,1,8,16,4,0,no_action,no_action,4
3338.8770342179923,before_first_failure,1,7,16,4,0,no_action,no_action,7
3342.4006005160045,before_first_failure,0,8,16,4,0,no_action,no_action,4
3344.427101906971,before_first_failure,5,5,16,4,0,no_action,no_action,5
3346.4545656039845,before_first_failure,1,8,16,4,0,no_action,no_action,2
3349.200738780026,before_first_failure,2,7,16,4,0,no_action,no_action,5
3351.2781266749953,before_first_failure,1,7,16,4,0,no_action,no_action,7
3353.4520926729892,before_first_failure,0,7,16,4,0,no_action,no_action,7
3355.499402938003,before_first_failure,1,7,16,4,0,no_action,no_action,7
3357.5595224309945,before_first_failure,1,8,16,4,0,no_action,no_action,7
3359.651664897974,before_first_failure,0,7,16,4,0,no_action,no_action,5
3361.6529239700176,before_first_failure,0,7,16,4,0,no_action,no_action,7
3364.963416064973,before_first_failure,0,7,16,4,0,no_action,no_action,3
3366.988307175983,before_first_failure,0,5,16,4,0,no_action,no_action,3
3369.0915681460174,before_first_failure,1,4,16,4,0,no_action,no_action,4
3371.1755179979955,before_first_failure,1,3,16,4,0,no_action,no_action,3
3373.433254358999,before_first_failure,2,4,16,4,0,no_action,no_action,3
3375.4799173030187,before_first_failure,0,5,16,4,0,no_action,no_action,5
3377.5755536169745,before_first_failure,0,2,16,4,0,no_action,no_action,2
3379.671751403017,before_first_failure,0,1,16,4,0,no_action,no_action,1
3381.8444295930094,before_first_failure,2,1,16,4,0,no_action,no_action,1
3384.0517158909934,before_first_failure,0,2,16,4,0,no_action,no_action,0
3386.1434712180053,before_first_failure,3,2,16,4,0,no_action,no_action,1
3388.97608979902,before_first_failure,0,5,16,4,0,no_action,no_action,3
3390.985443261976,before_first_failure,0,7,16,4,0,no_action,no_action,4
3393.0581223079935,before_first_failure,0,9,16,4,0,no_action,no_action,6
3395.0583733670064,before_first_failure,0,8,16,4,0,no_action,no_action,7
3398.9656375860213,before_first_failure,0,7,16,4,0,no_action,no_action,4
3400.9713577689836,before_first_failure,1,6,16,4,0,no_action,no_action,5
3403.0514271819848,before_first_failure,0,3,16,4,0,no_action,no_action,3
3405.0848878190154,before_first_failure,0,5,16,4,0,no_action,no_action,3
3408.4435961620184,before_first_failure,0,5,16,4,0,no_action,no_action,3
3410.5320560429827,before_first_failure,0,8,16,4,0,no_action,no_action,5
3412.6356401499943,before_first_failure,1,7,16,4,0,no_action,no_action,7
3414.6538929010276,before_first_failure,1,6,16,4,0,no_action,no_action,5
3416.7297746270197,before_first_failure,0,5,16,4,0,no_action,no_action,3
3418.8324991259724,before_first_failure,0,5,16,4,0,no_action,no_action,5
3421.6184652249794,before_first_failure,0,5,16,4,0,no_action,no_action,3
3423.666610994027,before_first_failure,1,2,16,4,0,no_action,no_action,2
3425.8273766349885,before_first_failure,3,3,16,4,0,no_action,no_action,2
3427.9019476129906,before_first_failure,0,6,16,4,0,no_action,no_action,6
3430.6575094920117,before_first_failure,0,4,16,4,0,no_action,no_action,3
3432.6937245780136,before_first_failure,0,3,16,4,0,no_action,no_action,2
3434.96103558701,before_first_failure,1,3,16,4,0,no_action,no_action,1
3436.9996639260207,before_first_failure,0,3,16,4,0,no_action,no_action,1
3439.633542059979,before_first_failure,3,2,16,4,0,no_action,no_action,2
3441.758921063971,before_first_failure,1,6,16,4,0,no_action,no_action,2
3443.831217686995,before_first_failure,1,5,16,4,0,no_action,no_action,5
3445.85889079998,before_first_failure,0,4,16,4,0,no_action,no_action,4
3449.448037686001,before_first_failure,0,4,16,4,0,no_action,no_action,2
3451.5571179270046,before_first_failure,0,6,16,4,0,no_action,no_action,6
3455.000182433985,before_first_failure,0,6,16,4,0,no_action,no_action,4
3457.1115113589913,before_first_failure,1,6,16,4,0,no_action,no_action,5
3459.1825080799754,before_first_failure,3,6,16,4,0,no_action,no_action,5
3461.287858064985,before_first_failure,2,5,16,4,0,no_action,no_action,3
3463.3234528719913,before_first_failure,0,8,16,4,0,no_action,no_action,8
3466.2777848420083,before_first_failure,2,8,16,4,0,no_action,no_action,6
3468.3299234500155,before_first_failure,0,9,16,4,0,no_action,no_action,5
3470.3920566180022,before_first_failure,0,6,16,4,0,no_action,no_action,6
3472.3962781170267,before_first_failure,2,6,16,4,0,no_action,no_action,4
3475.588438299019,before_first_failure,2,7,16,4,0,no_action,no_action,3
3477.621417798975,before_first_failure,0,7,16,4,0,no_action,no_action,4
3479.768119264976,before_first_failure,0,7,16,4,0,no_action,no_action,3
3481.8172904429957,before_first_failure,1,8,16,4,0,no_action,no_action,5
3484.450792358024,before_first_failure,1,8,16,4,0,no_action,no_action,5
3486.5115616969997,before_first_failure,0,9,16,4,0,no_action,no_action,8
3488.549264484027,before_first_failure,0,9,16,4,0,no_action,no_action,8
3490.577566682012,before_first_failure,0,7,16,4,0,no_action,no_action,5
3492.7157334450167,before_first_failure,0,10,16,4,0,no_action,no_action,7
3496.0357222660095,before_first_failure,1,9,16,4,0,no_action,no_action,3
3498.0715689859935,before_first_failure,1,5,16,4,0,no_action,no_action,4
3500.100873604999,before_first_failure,0,7,16,4,0,no_action,no_action,4
3502.210047640023,before_first_failure,0,7,16,4,0,no_action,no_action,7
3505.9344701819937,before_first_failure,1,7,16,4,0,no_action,no_action,4
3507.9813260969822,before_first_failure,2,2,16,4,0,no_action,no_action,2
3512.0961495490046,before_first_failure,0,4,16,4,0,no_action,no_action,0
3514.1833172650076,before_first_failure,0,7,16,4,0,no_action,no_action,5
3516.247512392001,before_first_failure,0,7,16,4,0,no_action,no_action,7
3519.050612365012,before_first_failure,1,7,16,4,0,no_action,no_action,5
3521.053245035,before_first_failure,0,8,16,4,0,no_action,no_action,8
3523.4694804840256,before_first_failure,0,8,16,4,0,no_action,no_action,5
3525.87234240002,before_first_failure,1,5,16,4,0,no_action,no_action,4
3527.910166797985,before_first_failure,2,7,16,4,0,no_action,no_action,3
3529.938257941976,before_first_failure,0,6,16,4,0,no_action,no_action,5
3532.64381105802,before_first_failure,1,6,16,4,0,no_action,no_action,4
3534.6581529820105,before_first_failure,0,7,16,4,0,no_action,no_action,3
3536.752725369006,before_first_failure,0,5,16,4,0,no_action,no_action,4
3539.903174527979,before_first_failure,0,5,16,4,0,no_action,no_action,2
3541.9051993680187,before_first_failure,0,6,16,4,0,no_action,no_action,3
3544.2611711309873,before_first_failure,0,6,16,4,0,no_action,no_action,3
3547.3499198019854,before_first_failure,0,3,16,4,0,no_action,no_action,3
3549.4255419800174,before_first_failure,0,4,16,4,0,no_action,no_action,2
3553.2817643149756,before_first_failure,0,4,16,4,0,no_action,no_action,2
3555.305830325,before_first_failure,1,4,16,4,0,no_action,no_action,3
3557.321097432985,before_first_failure,1,6,16,4,0,no_action,no_action,5
3560.872539082018,before_first_failure,1,7,16,4,0,no_action,no_action,4
3563.1073650210164,before_first_failure,3,7,16,4,0,no_action,no_action,5
3565.1456926990068,before_first_failure,3,6,16,4,0,no_action,no_action,5
3569.1935184840113,before_first_failure,3,5,16,4,0,no_action,no_action,2
3571.207877569017,before_first_failure,3,11,16,4,0,no_action,no_action,8
3573.258556418994,before_first_failure,5,10,16,4,0,no_action,no_action,7
3575.2688759419834,before_first_failure,1,12,16,4,0,no_action,no_action,9
3577.2767957469914,before_first_failure,3,7,16,4,0,no_action,no_action,6
3581.0231340019964,before_first_failure,6,8,16,4,0,no_action,no_action,1
3583.0579769809847,before_first_failure,0,9,16,4,0,no_action,no_action,2
3585.1597129150177,before_first_failure,0,9,16,4,0,no_action,no_action,6
3587.332027284021,before_first_failure,0,7,16,4,0,no_action,no_action,7
3589.6109376010136,before_first_failure,3,7,16,4,0,no_action,no_action,3
3591.6224788150284,before_first_failure,0,7,16,4,0,no_action,no_action,5
3595.042980076978,before_first_failure,0,7,16,4,0,no_action,no_action,2
3597.111826203007,before_first_failure,1,3,16,4,0,no_action,no_action,1
3600.2980185659835,before_first_failure,1,2,16,4,0,no_action,no_action,1
3603.6441877160105,before_first_failure,0,4,16,4,0,no_action,no_action,1
3605.7381157550262,before_first_failure,2,4,16,4,0,no_action,no_action,1
3607.8629009550205,before_first_failure,0,6,16,4,0,no_action,no_action,5
3611.5210416929913,before_first_failure,3,5,16,4,0,no_action,no_action,4
3613.542587298027,before_first_failure,0,10,16,4,0,no_action,no_action,9
3615.9526044679806,before_first_failure,0,10,16,4,0,no_action,no_action,7
3618.321453801007,before_first_failure,0,7,16,4,0,no_action,no_action,4
3620.3232672900194,before_first_failure,0,8,16,4,0,no_action,no_action,7
3622.8203444639803,before_first_failure,0,8,16,4,0,no_action,no_action,2
3624.834203845996,before_first_failure,0,2,16,4,0,no_action,no_action,2
3626.879406319,before_first_failure,1,2,16,4,0,no_action,no_action,1
3628.9396788669983,before_first_failure,1,1,16,4,0,no_action,no_action,1
3631.620302823023,before_first_failure,2,4,16,4,0,no_action,no_action,1
3633.8163716110284,before_first_failure,0,6,16,4,0,no_action,no_action,5
3636.2608321299776,before_first_failure,0,6,16,4,0,no_action,no_action,5
3638.305954488984,before_first_failure,1,8,16,4,0,no_action,no_action,6
3642.320555554994,before_first_failure,2,8,16,4,0,no_action,no_action,2
3644.410556174,before_first_failure,0,5,16,4,0,no_action,no_action,4
3646.8581313469913,before_first_failure,2,5,16,4,0,no_action,no_action,3
3648.970041803026,before_first_failure,5,8,16,4,0,no_action,no_action,2
3650.9846360179945,before_first_failure,1,12,16,4,0,no_action,no_action,10
3653.059906792012,before_first_failure,5,9,16,4,0,no_action,no_action,6
3655.121962753008,before_first_failure,0,10,16,4,0,no_action,no_action,5
3657.129495880974,before_first_failure,2,6,16,4,0,no_action,no_action,5
3659.164284966013,before_first_failure,0,7,16,4,0,no_action,no_action,6
3662.24462158198,before_first_failure,4,7,16,4,0,no_action,no_action,2
3664.2791988329845,before_first_failure,0,9,16,4,0,no_action,no_action,6
3667.9797441500123,before_first_failure,6,8,16,4,0,no_action,no_action,3
3670.048698952014,before_first_failure,0,10,16,4,0,no_action,no_action,7
3672.1237293150043,before_first_failure,2,7,16,4,0,no_action,no_action,6
3674.1910866450053,before_first_failure,3,13,16,4,0,no_action,no_action,8
3677.065389948024,before_first_failure,7,12,16,4,0,no_action,no_action,8
3679.1623181630275,before_first_failure,1,15,16,4,0,no_action,no_action,10
3681.3302386000287,before_first_failure,2,15,16,4,0,no_action,no_action,10
3683.334006345016,before_first_failure,0,12,16,4,0,no_action,no_action,11
3685.562714502972,before_first_failure,2,12,16,4,0,no_action,no_action,4
3687.964965086023,before_first_failure,3,4,16,4,0,no_action,no_action,3
3690.0028713350184,before_first_failure,0,8,16,4,0,no_action,no_action,4
3692.014411868993,before_first_failure,2,8,16,4,0,no_action,no_action,5
3694.857174457982,before_first_failure,0,8,16,4,0,no_action,no_action,4
3696.8748728819774,before_first_failure,1,8,16,4,0,no_action,no_action,5
3698.9752609899733,before_first_failure,1,7,16,4,0,no_action,no_action,5
3702.9608270740137,before_first_failure,2,8,16,4,0,no_action,no_action,2
3705.134527718008,before_first_failure,3,7,16,4,0,no_action,no_action,4
3708.3515113120084,before_first_failure,1,9,16,4,0,no_action,no_action,2
3710.428794423002,before_first_failure,1,9,16,4,0,no_action,no_action,5
3712.6035259349737,before_first_failure,1,9,16,4,0,no_action,no_action,8
3714.6267059799866,before_first_failure,0,10,16,4,0,no_action,no_action,9
3718.210777478991,before_first_failure,2,10,16,4,0,no_action,no_action,6
3720.261748771998,before_first_failure,0,11,16,4,0,no_action,no_action,6
3722.357509638008,before_first_failure,1,6,16,4,0,no_action,no_action,3
3724.390597474994,before_first_failure,0,4,16,4,0,no_action,no_action,3
3727.528126637975,before_first_failure,3,4,16,4,0,no_action,no_action,2
3729.6399145249743,before_first_failure,2,6,16,4,0,no_action,no_action,5
3731.717121099995,before_first_failure,0,8,16,4,0,no_action,no_action,5
3733.742127540987,before_first_failure,0,7,16,4,0,no_action,no_action,6
3737.4708655289724,before_first_failure,3,7,16,4,0,no_action,no_action,3
3739.4904081799905,before_first_failure,0,9,16,4,0,no_action,no_action,8
3743.1665002770023,before_first_failure,0,9,16,4,0,no_action,no_action,4
3745.1693657399737,before_first_failure,0,5,16,4,0,no_action,no_action,4
3749.171203043021,before_first_failure,0,5,16,4,0,no_action,no_action,0
3751.2026179190143,before_first_failure,0,3,16,4,0,no_action,no_action,3
3753.6944647639757,before_first_failure,0,3,16,4,0,no_action,no_action,2
3755.871724648983,before_first_failure,0,4,16,4,0,no_action,no_action,4
3759.246066631982,before_first_failure,1,4,16,4,0,no_action,no_action,3
3761.2649891710025,before_first_failure,1,2,16,4,0,no_action,no_action,2
3764.8100849959883,before_first_failure,0,3,16,4,0,no_action,no_action,1
3766.9067617810215,before_first_failure,0,7,16,4,0,no_action,no_action,3
3768.991077713028,before_first_failure,1,6,16,4,0,no_action,no_action,5
3771.351435163,before_first_failure,1,6,16,4,0,no_action,no_action,4
3773.3554953439743,before_first_failure,2,6,16,4,0,no_action,no_action,2
3775.4024807569804,before_first_failure,1,5,16,4,0,no_action,no_action,4
3777.498527008982,before_first_failure,0,7,16,4,0,no_action,no_action,6
3779.619719433016,before_first_failure,0,9,16,4,0,no_action,no_action,7
3781.6784118980286,before_first_failure,2,8,16,4,0,no_action,no_action,8
3783.7053728399915,before_first_failure,1,10,16,4,0,no_action,no_action,10
3785.7640001809923,before_first_failure,0,10,16,4,0,no_action,no_action,7
3787.832765073981,before_first_failure,0,12,16,4,0,no_action,no_action,11
3790.955441883998,before_first_failure,0,12,16,4,0,no_action,no_action,7
3793.037234575022,before_first_failure,1,3,16,4,0,no_action,no_action,3
3795.217925105011,before_first_failure,0,3,16,4,0,no_action,no_action,2
3797.441993876011,before_first_failure,0,3,16,4,0,no_action,no_action,2
3799.4685230560135,before_first_failure,2,2,16,4,0,no_action,no_action,2
3801.5409275090205,before_first_failure,0,3,16,4,0,no_action,no_action,2
3803.5946238680044,before_first_failure,0,3,16,4,0,no_action,no_action,3
3805.6294950040174,before_first_failure,3,2,16,4,0,no_action,no_action,2
3807.699607742019,before_first_failure,0,8,16,4,0,no_action,no_action,5
3810.278950540989,before_first_failure,3,7,16,4,0,no_action,no_action,3
3812.3455386210117,before_first_failure,3,9,16,4,0,no_action,no_action,7
3814.4393142380286,before_first_failure,1,9,16,4,0,no_action,no_action,5
3816.5283562500263,before_first_failure,0,9,16,4,0,no_action,no_action,6
3819.5716756819747,before_first_failure,3,9,16,4,0,no_action,no_action,6
3821.6069480970036,before_first_failure,1,8,16,4,0,no_action,no_action,4
3823.694874471985,before_first_failure,0,8,16,4,0,no_action,no_action,7
3827.3964548980002,before_first_failure,1,7,16,4,0,no_action,no_action,5
3829.4596655429923,before_first_failure,0,4,16,4,0,no_action,no_action,3
3831.62574225798,before_first_failure,0,2,16,4,0,no_action,no_action,2
3835.361926605983,before_first_failure,1,2,16,4,0,no_action,no_action,1
3837.429859053984,before_first_failure,0,5,16,4,0,no_action,no_action,5
3840.545955616981,before_first_failure,2,5,16,4,0,no_action,no_action,4
3842.5523149109795,before_first_failure,2,5,16,4,0,no_action,no_action,3
3844.645748333016,before_first_failure,0,8,16,4,0,no_action,no_action,5
3847.4735692469985,before_first_failure,2,8,16,4,0,no_action,no_action,4
3849.574577251973,before_first_failure,1,8,16,4,0,no_action,no_action,6
3851.6242888200213,before_first_failure,1,8,16,4,0,no_action,no_action,8
3855.5871049949783,before_first_failure,2,9,16,4,0,no_action,no_action,5
3857.7139968120027,before_first_failure,3,8,16,4,0,no_action,no_action,6
3859.7648014830193,before_first_failure,1,9,16,4,0,no_action,no_action,5
3862.950453212019,before_first_failure,3,9,16,4,0,no_action,no_action,2
3865.240883084014,before_first_failure,0,11,16,4,0,no_action,no_action,3
3867.245053982013,before_first_failure,0,9,16,4,0,no_action,no_action,8
3870.734419912973,before_first_failure,0,9,16,4,0,no_action,no_action,4
3872.810426492011,before_first_failure,0,5,16,4,0,no_action,no_action,4
3874.883608889999,before_first_failure,1,5,16,4,0,no_action,no_action,2
3876.9114391619805,before_first_failure,0,5,16,4,0,no_action,no_action,3
3880.548340258014,before_first_failure,1,5,16,4,0,no_action,no_action,2
3882.6493594559724,before_first_failure,2,5,16,4,0,no_action,no_action,4
3885.4383718169993,before_first_failure,0,6,16,4,0,no_action,no_action,3
3887.5062125389813,before_first_failure,0,4,16,4,0,no_action,no_action,4
3889.579493360012,before_first_failure,0,6,16,4,0,no_action,no_action,6
3892.819303811004,before_first_failure,2,6,16,4,0,no_action,no_action,4
3894.9161244619754,before_first_failure,0,8,16,4,0,no_action,no_action,6
3897.300445722998,before_first_failure,1,8,16,4,0,no_action,no_action,5
3899.3013126829755,before_first_failure,1,6,16,4,0,no_action,no_action,5
3901.3873662410188,before_first_failure,0,6,16,4,0,no_action,no_action,6
3903.5201731750276,before_first_failure,0,6,16,4,0,no_action,no_action,4
3905.66725354502,before_first_failure,2,4,16,4,0,no_action,no_action,3
3907.818209922989,before_first_failure,0,2,16,4,0,no_action,no_action,1
3909.887138403021,before_first_failure,0,2,16,4,0,no_action,no_action,2
3912.571139839012,before_first_failure,0,2,16,4,0,no_action,no_action,2
3914.62455473101,before_first_failure,0,4,16,4,0,no_action,no_action,3
3917.5851146130008,before_first_failure,0,4,16,4,0,no_action,no_action,1
3919.611630578991,before_first_failure,0,4,16,4,0,no_action,no_action,1
3921.6768343999865,before_first_failure,0,3,16,4,0,no_action,no_action,3
3923.7438480840065,before_first_failure,0,2,16,4,0,no_action,no_action,2
3926.2925817139912,before_first_failure,0,2,16,4,0,no_action,no_action,1
3928.673668582982,before_first_failure,0,0,16,4,0,no_action,no_action,0
3931.140339159989,before_first_failure,0,0,16,4,0,no_action,no_action,0
3933.9400142550003,before_first_failure,0,0,16,4,0,no_action,no_action,0
3935.9861899570096,before_first_failure,3,7,16,4,0,no_action,no_action,2
3938.2747783819796,before_first_failure,0,10,16,4,0,no_action,no_action,1
3940.440771839989,before_first_failure,0,8,16,4,0,no_action,no_action,1
3942.476466361026,before_first_failure,0,4,16,4,0,no_action,no_action,2
3944.513768462988,before_first_failure,0,0,16,4,0,no_action,no_action,0
3947.565483790997,before_first_failure,0,0,16,4,0,no_action,no_action,0
3949.6137792430236,before_first_failure,0,0,16,4,0,no_action,no_action,0
3953.185041240009,before_first_failure,0,0,16,4,0,no_action,no_action,0
3955.2485932820127,before_first_failure,0,12,16,4,0,no_action,no_action,2
3957.542521513009,before_first_failure,1,12,16,4,0,no_action,no_action,1
3960.409175259003,before_first_failure,12,7,16,4,0,no_action,no_action,1
3962.4442044529715,before_first_failure,3,14,16,4,0,no_action,no_action,8
3964.5045649299864,before_first_failure,1,15,16,4,0,no_action,no_action,2
3966.5061834370135,before_first_failure,0,4,16,4,0,no_action,no_action,1
3971.1920771870064,before_first_failure,0,4,16,4,0,no_action,no_action,0
3973.3165128420223,before_first_failure,0,3,16,4,0,no_action,no_action,2
3976.7494432369713,before_first_failure,0,3,16,4,0,no_action,no_action,0
