offset_s,held_gpus,held_gpu_utilization_mean_percent,arrival_to_gate,gate_to_source_admission,source_to_native_dispatch,native_dispatch_to_last_token,last_token_to_controller_completion,controller_completion_to_terminal,gate_to_terminal
0.811878539971076,1,27.0,1,0,0,0,0,0,0
1.8252542259870097,1,0.0,1,0,0,0,0,0,0
2.8385678859776817,1,0.0,1,0,0,0,0,0,0
3.852079205971677,1,0.0,1,0,0,0,0,0,0
4.865143683971837,1,0.0,1,0,0,0,0,0,0
5.878367202007212,1,0.0,1,0,0,0,0,0,0
6.891385319002438,1,0.0,1,0,0,0,0,0,0
7.9049709209939465,1,0.0,1,0,0,0,0,0,0
8.91791788500268,1,0.0,1,0,0,0,0,0,0
9.930670457019005,1,0.0,1,0,0,0,0,0,0
10.94419840699993,1,0.0,1,0,0,0,0,0,0
11.957839800976217,1,0.0,2,0,0,0,0,0,0
12.97193508798955,1,0.0,2,0,0,0,0,0,0
13.98510285600787,1,0.0,3,0,0,0,0,0,0
14.998131391010247,1,0.0,3,0,0,0,0,0,0
16.011149379017297,1,0.0,3,0,0,0,0,0,0
17.02498350298265,1,0.0,3,0,0,0,0,0,0
18.038602259010077,1,0.0,3,0,0,0,0,0,0
19.05176613200456,1,0.0,3,0,0,0,0,0,0
20.06471445999341,1,0.0,3,0,0,0,0,0,0
21.077491428004578,1,0.0,3,0,0,0,0,0,0
22.090438265993726,1,0.0,4,0,0,0,0,0,0
23.103450976021122,1,0.0,4,0,0,0,0,0,0
24.11424140597228,1,0.0,4,0,0,0,0,0,0
25.127379167010076,1,0.0,0,0,3,1,0,0,4
26.140519425971434,1,60.0,0,0,0,4,0,0,4
27.154012112005148,1,92.0,0,0,0,4,0,0,4
28.168153191974852,1,64.0,0,0,0,3,0,0,3
29.181502924009692,1,62.0,0,0,0,2,1,0,3
30.195777545974124,1,74.0,0,0,0,2,0,0,2
31.20946152997203,1,94.0,0,0,0,2,0,0,2
32.22314270201605,1,91.0,0,0,0,0,0,0,0
33.23739695601398,1,0.0,0,0,0,0,0,0,0
34.25045249098912,1,0.0,0,0,0,0,0,0,0
35.264076639025006,1,0.0,0,0,0,0,0,0,0
36.27802700002212,1,0.0,0,0,0,1,0,0,1
37.291819529025815,1,96.0,0,0,1,2,0,0,3
38.305748539976776,1,52.0,0,0,0,3,0,0,3
39.318745354015846,1,96.0,0,0,0,3,0,0,3
40.33289009897271,1,94.0,0,0,1,3,0,0,4
41.34644557500724,1,97.0,1,0,0,4,0,0,4
42.35983950999798,1,94.0,2,0,0,4,0,0,4
43.37392050400376,1,97.0,2,1,0,3,0,0,4
44.38490191102028,1,96.0,2,0,0,4,0,0,4
45.39794189797249,1,77.0,1,0,1,3,0,0,4
46.411695902992506,1,95.0,1,0,1,1,1,1,4
47.42599848797545,1,95.0,0,0,1,3,0,0,4
48.439470419019926,1,94.0,0,0,0,3,0,0,3
49.453348308976274,1,94.0,0,0,0,3,0,0,3
50.46749194798758,2,27.5,1,0,0,4,0,0,4
51.48126560100354,3,31.333333333333332,2,0,0,4,0,0,4
52.49439935799455,3,45.666666666666664,3,0,0,4,0,0,4
53.50845797598595,3,68.66666666666667,3,0,0,4,0,0,4
54.52465628297068,3,68.0,3,0,0,4,0,0,4
55.53911313897697,3,64.33333333333333,3,0,0,4,0,0,4
56.55276543198852,4,39.5,5,0,0,4,0,0,4
57.56650138500845,4,16.0,5,0,0,4,0,0,4
58.580685824970715,4,31.0,5,0,2,2,0,0,4
59.59271619498031,4,33.0,6,0,3,1,0,0,4
60.60514136200072,4,33.0,6,0,1,3,0,0,4
61.61917117098346,4,20.75,6,0,0,4,0,0,4
62.62859238497913,4,0.0,5,1,0,3,0,0,4
63.64294330100529,4,30.25,5,0,1,3,0,0,4
64.65587188000791,4,23.5,6,0,0,4,0,0,4
65.66812546999427,4,4.25,7,0,0,4,0,0,4
66.6801256579929,4,29.5,8,0,0,4,0,0,4
67.69414821802638,4,9.25,8,0,0,4,0,0,4
68.70767967501888,4,5.0,7,1,0,3,0,0,4
69.72137734101852,4,0.0,7,0,0,4,0,0,4
70.73483425198356,4,18.25,0,0,7,4,0,0,11
71.74867639399599,4,53.0,0,0,4,7,0,0,11
72.76164538698504,4,49.5,0,0,0,8,0,0,8
73.77531733497744,4,55.25,0,0,0,8,0,0,8
74.78893109498313,4,70.25,0,0,0,7,0,0,7
75.8013076169882,4,70.75,0,0,0,6,0,0,6
76.81528111099033,4,69.0,0,0,0,6,0,0,6
77.82880805502646,4,70.25,0,0,0,6,0,0,6
78.84289195900783,4,47.5,1,0,0,4,1,0,5
79.85689414502122,4,47.75,0,0,0,4,0,0,4
80.87053340801504,4,23.25,0,0,0,3,0,0,3
81.88425930601079,4,18.25,0,0,1,1,0,0,2
82.8982727220282,4,19.25,0,1,2,3,0,0,6
83.9119215310202,4,59.25,0,0,3,3,0,0,6
84.92425886099227,4,70.5,0,0,2,4,0,0,6
85.93767293298151,4,50.75,0,0,0,5,1,0,6
86.95115209301002,4,70.0,0,1,0,5,0,0,6
87.96409967000363,4,54.75,0,0,1,5,0,0,6
88.97752775502158,4,57.25,0,0,1,5,0,0,6
89.99073996400693,4,70.25,0,0,0,5,0,0,5
91.00475021998864,4,52.0,0,0,0,3,0,0,3
92.01902682799846,4,24.25,0,0,2,2,0,0,4
93.0319912750274,4,60.0,0,1,1,3,0,0,5
94.04609006899409,4,47.5,0,0,0,4,0,0,4
95.05919007700868,4,69.75,1,0,1,5,0,0,6
96.07302933000028,4,60.0,0,0,1,5,0,0,6
97.08664981997572,4,40.25,0,1,1,4,0,0,6
98.09784488298465,4,60.0,0,0,2,6,0,0,8
99.11138108902378,4,71.0,0,0,1,7,0,0,8
100.12582760601072,4,52.0,0,0,1,7,0,0,8
101.13980217301287,4,73.25,0,0,0,8,0,0,8
102.15366188000189,4,95.25,0,0,0,6,1,0,7
103.16691228700802,4,82.75,0,1,0,3,1,0,5
104.18039777001832,4,65.75,0,0,0,5,0,0,5
105.19422453502193,4,79.75,0,1,0,5,0,0,6
106.20861749601318,4,68.75,0,0,1,5,0,0,6
107.22062090202235,4,72.75,0,0,0,4,1,0,5
108.2344356829999,4,47.75,0,1,0,4,0,0,5
109.24865422298899,4,38.5,0,0,1,4,1,0,6
110.26234765700065,4,67.25,0,0,1,4,0,0,5
111.2764946409734,4,23.75,0,0,0,4,1,0,5
112.29025538102724,4,47.25,0,0,0,3,0,0,3
113.30378457298502,4,47.0,0,0,0,2,1,0,3
114.31752570800018,4,46.5,0,0,0,1,0,2,3
115.33046377100982,4,23.25,0,0,0,0,0,0,0
116.34308271500049,4,0.0,0,1,0,0,0,0,1
117.35515163198579,4,4.0,0,0,0,1,0,0,1
118.36855247797212,4,23.5,0,0,1,1,0,0,2
119.38247716700425,4,8.5,2,0,0,2,0,0,2
120.3969965329743,4,3.0,0,0,1,3,0,0,4
121.41113887901884,4,23.5,0,0,1,3,0,0,4
122.42545671999687,4,46.5,0,0,0,3,0,0,3
123.43984921398805,4,47.5,0,0,0,3,0,0,3
124.45382036000956,4,46.5,0,1,0,3,0,0,4
125.46756814798573,4,23.5,0,0,0,3,0,0,3
126.48165302799316,4,57.25,0,0,1,3,0,0,4
127.49426300497726,4,29.75,0,0,1,3,0,0,4
128.5084585529985,4,46.25,0,0,1,2,0,0,3
129.52226473897463,4,47.0,0,0,1,2,0,0,3
130.53630127501674,4,37.0,0,0,0,3,0,0,3
131.54987911501667,4,40.0,0,0,0,3,0,0,3
132.56335388001753,4,70.75,0,1,0,4,0,0,5
133.57693765300792,4,38.75,0,0,0,6,0,0,6
134.59117927297484,4,93.5,0,1,0,5,0,0,6
135.60566117998678,4,94.5,0,2,1,3,0,0,6
136.61937939201016,4,29.0,0,1,1,4,0,0,6
137.63206016999902,4,47.25,0,1,2,2,0,0,5
138.64748718799092,4,70.5,0,0,2,3,0,0,5
139.66353026102297,4,48.0,0,0,2,1,0,0,3
140.67474866297562,4,41.5,0,0,1,1,1,0,3
141.68837065499974,4,0.0,1,0,1,1,0,0,2
142.70094717602478,4,8.75,0,3,0,3,0,0,6
143.71467369399033,4,56.25,0,1,1,6,0,0,8
144.7284271339886,4,72.5,0,0,2,5,0,0,7
145.74274802702712,4,48.25,0,0,0,7,0,0,7
146.7563489790191,4,61.0,0,0,0,7,0,0,7
147.7682491579908,4,42.75,0,0,0,7,0,0,7
148.78189432801446,4,69.75,0,1,0,5,0,0,6
149.79598234099103,4,47.5,0,0,0,5,0,0,5
150.81000665499596,4,46.75,0,0,0,5,0,0,5
151.8228280780022,4,48.0,0,0,0,5,0,0,5
152.83724503900157,4,69.75,0,1,0,4,1,0,6
153.84893883002223,4,71.0,0,1,0,4,1,0,6
154.86130385799333,4,42.75,0,1,1,3,0,0,5
155.875503215997,4,1.0,0,0,1,3,0,0,4
156.8880058460054,4,46.5,0,2,0,5,0,0,7
157.90174556797137,4,70.0,0,2,0,5,0,0,7
158.91299506201176,4,69.5,0,0,1,6,0,0,7
159.92699743702542,4,64.0,0,0,2,6,0,0,8
160.93869003700092,4,69.75,0,0,0,7,1,0,8
161.9514399030013,4,93.5,0,1,0,6,0,0,7
162.96547909500077,4,58.25,0,1,0,7,0,0,8
163.9792647070135,4,50.25,0,3,0,5,1,1,10
164.9875944670057,4,47.0,0,0,2,5,0,0,7
166.00164249300724,4,46.75,1,0,2,4,1,0,7
167.0152587670018,4,44.75,0,0,1,3,0,1,5
168.02913446701132,4,41.5,0,1,1,3,0,0,5
169.0429628349957,4,35.5,0,0,0,4,0,0,4
170.05655340198427,4,46.5,0,3,0,2,0,0,5
171.06911802099785,4,46.0,0,1,1,3,0,0,5
172.08309946302325,4,70.5,0,0,0,4,0,0,4
173.09704695700202,4,66.0,0,0,0,4,0,0,4
174.11094911198597,4,70.5,0,0,0,4,0,0,4
175.124770489987,4,41.25,0,0,0,4,0,0,4
176.13911266700597,4,46.75,1,0,0,3,0,1,4
177.15298156801146,4,24.0,0,1,0,3,0,0,4
178.16688802099088,4,57.25,0,0,1,3,0,0,4
179.177899428003,4,71.5,0,2,0,4,0,0,6
180.19233958097175,4,37.25,0,4,0,2,0,2,8
181.20600071799709,4,46.25,0,2,3,2,0,0,7
182.21792970300885,4,25.0,0,1,2,4,0,0,7
183.231981481018,4,38.5,0,0,1,6,0,0,7
184.24586552899564,4,70.25,0,1,0,7,0,0,8
185.25770216697128,4,74.75,0,0,0,8,0,0,8
186.2719601750141,4,70.5,0,0,0,8,0,0,8
187.2858360669925,4,25.5,0,1,0,8,0,0,9
188.29963540600147,4,71.0,0,0,0,7,0,0,7
189.31373576301849,4,46.75,0,1,0,7,0,0,8
190.32750576297985,4,70.0,0,2,0,5,2,0,9
191.34020429098746,4,40.0,0,3,2,5,0,0,10
192.35398544202326,4,48.0,0,0,3,7,0,0,10
193.3681787030073,4,78.75,0,0,2,8,0,0,10
194.3818900079932,4,71.75,0,1,1,8,0,1,11
195.39463122200686,4,75.75,0,0,1,6,1,1,9
196.40855980600463,4,65.25,1,0,1,6,0,1,8
197.42220215999987,4,82.5,0,1,1,6,0,0,8
198.4364991679904,4,54.25,0,1,1,6,0,0,8
199.45009081001626,4,48.5,0,0,2,6,0,0,8
200.46440250298474,4,60.75,0,0,1,6,1,0,8
201.47773940698244,4,70.5,0,1,1,6,0,0,8
202.49140513397288,4,26.5,0,1,1,5,0,0,7
203.51461714098696,4,22.5,0,1,0,4,0,0,5
204.527274054999,4,23.5,0,1,1,3,0,0,5
205.54151422600262,4,23.5,1,2,1,2,1,0,6
206.5553849840071,4,18.0,0,1,2,3,0,0,6
207.56885526201222,4,19.75,0,1,1,4,0,0,6
208.58094324101694,4,58.5,0,0,1,5,0,0,6
209.59490641998127,4,54.5,0,0,0,6,0,0,6
210.6094810399809,4,27.25,0,0,0,5,1,0,6
211.62266057700617,4,49.5,0,0,0,4,0,0,4
212.63489973399555,4,0.0,0,0,0,3,0,0,3
213.64788243797375,4,23.25,1,0,0,2,1,0,3
214.66070342098828,4,16.75,0,2,0,2,0,0,4
215.67434737697477,4,1.75,0,2,2,3,0,0,7
216.68809966999106,4,71.5,0,0,3,5,0,0,8
217.70148290501675,4,90.25,0,0,3,3,0,2,8
218.71274289197754,4,47.0,0,1,1,5,0,0,7
219.72647765098372,4,13.5,0,1,1,5,0,0,7
220.74000740097836,4,46.75,0,1,1,7,0,0,9
221.75143063400174,4,46.5,0,1,1,7,0,0,9
222.7630272959941,4,53.75,0,3,1,5,0,1,10
223.77670187799959,4,21.25,0,0,3,7,0,0,10
224.79079146601725,4,47.5,0,0,2,7,0,1,10
225.80438610399142,4,71.25,0,1,1,5,0,0,7
226.81732910702704,4,50.5,0,0,1,6,0,0,7
227.83160027198028,4,57.75,0,0,1,7,0,0,8
228.84383680397877,4,47.25,0,1,0,6,0,0,7
229.85830228601117,4,46.75,0,0,1,5,0,0,6
230.871751254017,4,47.0,0,0,1,4,0,0,5
231.88446446601301,4,47.0,0,1,1,4,0,0,6
232.89660309802275,4,46.75,0,2,2,2,0,1,7
233.91093855397776,4,23.0,0,0,2,4,0,0,6
234.92448978801258,4,65.0,0,1,0,6,0,0,7
235.9388733949745,4,38.5,0,1,0,6,0,0,7
236.9508382640197,4,62.5,0,0,1,6,0,0,7
237.9651987089892,4,49.0,0,2,1,6,0,0,9
238.97914413601393,4,39.0,0,1,0,7,0,0,8
239.9925623940071,4,47.0,0,1,0,7,0,1,9
241.00665320002008,4,9.5,0,0,0,6,0,0,6
242.0199831899954,4,64.75,0,0,0,2,0,0,2
243.03413640201325,4,24.0,0,0,0,2,0,0,2
244.0464434250025,4,34.5,0,1,0,1,0,1,3
245.0601459420286,4,24.25,1,1,0,1,0,0,2
246.0741265550023,4,47.75,0,2,1,2,0,0,5
247.08688046701718,4,47.25,0,1,2,4,0,0,7
248.10076926200418,4,68.75,0,1,0,7,0,0,8
249.1142361140228,4,94.25,0,0,1,5,0,1,7
250.12838986801216,4,44.0,0,0,1,5,0,0,6
251.1410142700188,4,23.25,0,1,1,5,0,0,7
252.15493281697854,4,58.75,0,0,2,2,0,0,4
253.16862044797745,4,23.5,0,0,2,3,0,0,5
254.18257987400284,4,47.25,0,0,0,6,0,0,6
255.19651310000336,4,70.0,0,0,0,5,1,0,6
256.2081900120247,4,47.0,0,1,0,5,0,0,6
257.22222137398785,4,48.0,0,0,0,6,0,0,6
258.2358297589817,4,23.75,0,0,0,4,0,1,5
259.2500176919857,4,14.0,0,0,0,4,0,0,4
260.2640032870113,4,27.0,0,2,1,3,0,0,6
261.2780357269803,4,30.25,0,1,2,2,1,1,7
262.2927207649918,4,36.25,0,1,1,4,0,0,6
263.30640013801167,4,47.0,0,1,1,3,1,0,6
264.3205536410096,4,47.25,0,0,1,4,0,0,5
265.3325500439969,4,46.25,0,0,0,4,0,0,4
266.346617305011,4,48.25,0,0,0,4,0,0,4
267.3589672939852,4,23.25,0,0,0,2,0,2,4
268.37240658298833,4,47.5,0,1,0,2,0,0,3
269.3838579709991,4,5.25,0,0,1,1,0,0,2
270.3978129050229,4,28.5,0,2,0,1,0,0,3
271.41184544801945,4,14.25,0,1,1,2,0,0,4
272.42457898997236,4,47.0,4,0,2,2,0,0,4
273.43797853199067,4,58.75,1,4,1,3,0,0,8
274.4513468199875,4,59.5,0,1,3,5,0,0,9
275.46491148497444,4,48.0,0,0,2,7,0,0,9
276.4780735580134,4,23.5,0,0,1,7,0,0,8
277.49149975401815,4,24.25,0,0,0,7,1,0,8
278.5048835069756,4,69.5,0,0,0,4,0,0,4
279.51786562701454,4,46.25,0,0,0,4,0,0,4
280.531666535011,4,24.0,0,0,0,2,0,0,2
281.54442839400144,4,24.0,1,0,0,2,0,0,2
282.5577297299751,4,23.0,1,1,0,2,0,0,3
283.5683374350192,4,0.25,0,0,1,3,0,0,4
284.57905411097454,4,23.0,1,0,1,2,0,0,3
285.59235838998575,4,23.25,0,2,1,2,0,0,5
286.605558040028,4,21.75,0,0,2,2,0,1,5
287.61929421598325,4,23.25,0,1,0,4,0,0,5
288.63230380398454,4,48.25,0,1,0,3,0,1,5
289.64639207697473,4,46.75,0,0,1,3,0,0,4
290.6606418589945,4,23.0,0,1,0,4,0,0,5
291.673370798002,4,28.75,0,0,1,4,0,0,5
292.6868728820118,4,47.25,0,0,0,5,0,0,5
293.6999577250099,4,23.5,0,0,0,5,0,0,5
294.71133325301344,4,47.5,0,0,0,5,0,0,5
295.7326672929921,4,48.0,0,2,0,4,0,0,6
296.74630616401555,4,46.5,0,1,2,2,0,2,7
297.76045820798026,4,25.0,0,1,0,4,0,0,5
298.7736954879947,4,23.25,1,1,0,4,0,0,5
299.78761120699346,4,47.0,0,3,0,3,0,0,6
300.8004868539865,4,36.25,0,2,1,4,0,0,7
301.81435598398093,4,47.25,0,1,0,6,0,0,7
302.828546905017,4,70.75,0,1,0,5,0,0,6
303.841751836997,4,35.0,0,0,0,4,0,0,4
304.85590335400775,4,23.25,0,0,1,4,0,0,5
305.8692382959998,4,3.5,0,1,0,4,0,0,5
306.8829371850006,4,46.75,0,1,1,4,0,0,6
307.89702306798426,4,36.5,0,2,3,3,0,0,8
308.9100358519936,4,24.5,0,0,3,5,0,0,8
309.9239973350195,4,46.5,0,0,2,6,0,0,8
310.9378673299798,4,50.25,0,2,0,8,0,0,10
311.9516522359918,4,55.25,0,1,0,9,0,0,10
312.96558672800893,4,47.5,0,2,1,9,0,0,12
313.97920641402015,4,71.25,0,2,2,8,0,0,12
314.99369487998774,4,61.5,0,1,0,12,0,0,13
316.0096927449922,4,60.5,0,1,0,8,4,0,13
317.0236751260236,4,71.25,0,0,1,8,0,0,9
318.0329655869864,4,46.75,0,2,0,8,0,0,10
319.0467129329918,4,46.75,0,1,0,8,1,0,10
320.060909384978,4,48.25,0,1,0,6,0,1,8
321.0746914150077,4,25.75,2,3,0,6,0,1,10
322.0886334339739,4,21.5,0,4,3,5,0,0,12
323.1021526909899,4,45.25,0,7,3,4,1,0,15
324.1147035639733,4,40.75,5,5,4,7,0,0,16
325.12668365897844,4,31.0,5,1,5,9,1,0,16
326.14106136601185,4,41.0,3,4,4,8,0,0,16
327.1547817880055,4,0.5,4,1,3,11,0,1,16
328.16845356399426,4,69.25,2,2,3,9,2,0,16
329.18228711001575,4,63.25,5,1,3,5,6,1,16
330.1949850629899,4,70.75,5,1,3,5,0,7,16
331.20810450898716,4,47.75,0,5,2,6,0,1,14
332.2203752589994,4,60.75,0,1,7,4,0,0,12
333.2321497480152,4,12.0,0,2,4,4,1,2,13
334.24622712499695,4,49.25,0,5,3,6,0,0,14
335.2604352119961,4,46.75,0,0,3,11,0,0,14
336.2740886150277,4,72.5,2,0,3,4,7,0,14
337.288276184001,4,47.0,0,0,4,5,1,0,10
338.29868867999176,4,52.5,0,0,1,8,0,0,9
339.31287054601125,4,95.25,1,0,0,8,0,0,8
340.32482063100906,4,46.5,0,3,0,8,0,0,11
341.3367024670006,4,24.75,0,5,2,9,0,0,16
342.35042725899257,4,53.25,0,1,4,10,0,0,15
343.36448822100647,4,48.0,1,0,3,11,1,0,15
344.37827537499834,4,67.75,2,0,2,11,1,0,14
345.39230104902526,4,49.25,0,3,0,11,1,1,16
346.40599524998106,4,70.5,0,0,0,12,0,1,13
347.4201109589776,4,47.0,0,0,0,11,1,0,12
348.43391688901465,4,94.25,4,0,0,10,0,2,12
349.44764695700724,4,61.5,0,4,1,7,3,0,15
350.46178242302267,4,24.0,1,5,2,8,0,1,16
351.4755150459823,4,35.25,0,3,4,8,0,1,16
352.48878822801635,4,45.25,0,2,4,8,1,1,16
353.50297271402087,4,47.5,0,2,3,9,0,0,14
354.51580544601893,4,44.25,2,0,2,13,1,0,16
355.53014366998104,4,24.25,4,1,0,10,4,1,16
356.54390196397435,4,72.75,1,7,0,7,0,2,16
357.557195410016,4,32.5,2,1,8,7,0,0,16
358.57112986501306,4,45.75,2,2,4,10,0,0,16
359.5829728789977,4,48.0,3,2,3,7,4,0,16
360.59509578498546,4,91.5,9,2,3,6,0,5,16
361.6090115790139,4,31.75,8,4,3,8,0,1,16
362.62333337700693,4,70.25,13,1,5,8,1,1,16
363.63696476997575,4,15.75,14,2,4,8,2,0,16
364.6513040480204,4,72.0,17,3,5,8,0,0,16
365.6650563949952,4,69.5,17,3,2,8,2,1,16
366.6790513040032,4,44.5,12,5,5,6,0,0,16
367.692716628022,4,33.75,11,1,6,9,0,0,16
368.70450486202026,4,31.75,9,3,4,6,0,3,16
369.7187546149944,4,56.5,7,4,5,6,0,1,16
370.7324839089997,4,23.75,7,2,6,8,0,0,16
371.7464834640268,4,49.0,5,1,3,11,0,1,16
372.76104936900083,4,48.0,8,1,2,9,3,0,15
373.7743181560072,4,62.0,3,5,1,10,0,0,16
374.7890036359895,4,70.0,2,1,5,9,1,0,16
375.80295309302164,4,94.75,3,1,4,6,5,0,16
376.8159240569803,4,41.5,0,4,3,7,0,2,16
377.830845805991,4,42.25,0,6,1,8,0,0,15
378.84447034302866,4,92.5,0,5,1,8,0,0,14
379.8584836910013,4,60.25,0,0,4,10,0,0,14
380.872610824008,4,57.0,0,1,2,11,0,0,14
381.8865646580234,4,93.0,0,1,2,12,0,0,15
382.9002272289945,4,57.25,0,1,0,12,1,0,14
383.9138322889921,4,70.75,0,0,0,13,0,0,13
384.92629899200983,4,42.5,0,0,0,9,3,0,12
385.93536318000406,4,94.25,0,0,0,8,1,3,12
386.9499107769807,4,93.25,0,0,0,6,0,1,7
387.9638769259909,4,94.5,0,0,0,5,0,0,5
388.9779945879709,4,70.0,1,0,1,4,1,0,6
389.9914266910055,4,63.5,3,0,1,3,1,1,6
391.0052202300285,4,29.25,0,1,2,3,1,0,7
392.01853940600995,4,44.75,0,0,0,5,0,0,5
393.03006121201906,4,45.75,0,0,0,4,0,1,5
394.04329357401,4,47.25,3,0,0,3,1,1,5
395.0572493809741,4,23.75,0,0,2,4,0,0,6
396.0716763769742,4,72.0,0,3,0,4,0,0,7
397.08547788200667,4,24.5,0,1,0,6,0,0,7
398.09661450301064,4,37.5,0,2,1,3,0,1,7
399.108134582988,4,83.25,0,1,2,3,0,1,7
400.1215471129981,4,46.75,2,2,2,3,0,1,8
401.1333035220159,4,40.25,0,4,0,4,0,1,9
402.14486535900505,4,70.75,0,5,0,5,0,0,10
403.15911995299393,4,46.25,0,2,4,4,0,1,11
404.171233976027,4,23.25,0,2,2,5,0,1,10
405.1845504110097,4,53.25,0,0,0,9,0,0,9
406.1989679330145,4,46.5,0,2,0,9,0,0,11
407.2124264659942,4,47.5,0,0,1,9,1,0,11
408.2262739239959,4,46.25,2,2,0,10,0,1,13
409.2403304789914,4,70.0,0,2,3,11,0,0,16
410.2540858159773,4,47.0,1,1,2,10,0,3,16
411.26455834001536,4,90.75,0,1,1,11,0,0,13
412.2805527690216,4,46.25,0,1,0,10,2,0,13
413.29361412802245,4,93.5,0,1,0,7,4,1,13
414.3038960950216,4,83.25,0,0,0,7,0,0,7
415.3182278610184,4,93.75,0,0,0,6,0,1,7
416.3319359450252,4,70.25,0,0,0,2,0,0,2
417.3484865759965,4,46.5,0,0,0,2,0,0,2
418.36258571600774,4,23.5,0,2,0,2,0,0,4
419.3742208739859,4,47.75,0,2,0,1,0,1,4
420.38849231100176,4,0.0,0,2,1,1,0,0,4
421.4021054530167,4,50.25,0,3,1,4,0,0,8
422.41578979900805,4,0.0,0,1,3,3,1,0,8
423.4298296319903,4,65.25,0,2,0,5,0,2,9
424.44462870399,4,48.75,0,0,0,7,0,0,7
425.4583525530179,4,72.0,0,0,0,7,0,0,7
426.4726404490066,4,23.0,0,0,0,6,0,0,6
427.48638627299806,4,46.0,0,0,0,6,0,0,6
428.4991456170101,4,47.75,1,0,0,4,1,0,5
429.51190718699945,4,23.0,0,2,1,3,0,0,6
430.52595062798355,4,23.25,0,1,2,3,1,0,7
431.537462555978,4,4.25,0,2,2,4,0,0,8
432.55159715999616,4,48.0,0,2,0,5,1,0,8
433.5651384809753,4,30.0,0,2,1,3,0,1,7
434.5788574090111,4,0.0,0,0,1,4,1,0,6
435.59299987199483,4,22.75,0,0,0,4,0,0,4
436.6066996990121,4,11.5,0,0,0,1,1,0,2
437.6205053459853,4,23.5,0,2,0,1,0,1,4
438.63408350397367,4,3.25,0,1,3,2,0,0,6
439.64787080400856,4,16.0,0,1,1,4,1,0,7
440.66214314999525,4,0.0,0,2,1,5,0,0,8
441.67629098397447,4,2.25,0,2,1,6,0,0,9
442.6900922859786,4,23.5,0,2,2,7,0,0,11
443.69824826699914,4,60.5,0,3,2,6,0,1,12
444.71220963000087,4,57.75,0,1,2,7,0,1,11
445.7260122030275,4,69.0,2,1,1,7,1,1,11
446.7383257630281,4,66.5,0,4,1,6,0,1,12
447.74728849797975,4,48.5,0,4,1,6,0,0,11
448.7614891140256,4,35.0,0,0,3,7,0,1,11
449.77377103298204,4,91.5,1,0,1,5,2,3,11
450.7885920900153,4,67.0,0,0,2,4,0,0,6
451.80047584697604,4,49.5,0,2,1,4,1,0,8
452.8116580659989,4,23.25,0,3,3,2,0,0,8
453.82548545801546,4,24.25,0,1,5,2,1,0,9
454.8396697519929,4,30.75,0,1,2,4,0,0,7
455.8531504229759,4,36.75,0,1,2,2,2,0,7
456.8670775410137,4,46.5,2,1,2,1,3,0,7
457.8814571200055,4,25.0,0,4,0,4,0,0,8
458.8935085660196,4,16.75,0,2,2,4,0,0,8
459.90684057900216,4,23.25,0,2,1,5,0,0,8
460.9206878700061,4,47.0,0,0,2,6,0,0,8
461.9330937319901,4,55.5,0,0,0,8,0,0,8
462.9450410970021,4,71.5,1,0,0,7,1,0,8
463.9589175460278,4,71.5,0,1,0,6,0,2,9
464.9727451779763,4,39.0,0,1,0,7,0,0,8
465.986565381987,4,46.75,0,1,1,6,0,0,8
466.9988955070148,4,24.25,0,1,1,5,0,1,8
468.01239351998083,4,15.25,0,1,1,5,1,0,8
469.0265691499808,4,40.0,0,0,1,4,3,0,8
470.0397835029871,4,34.0,0,0,0,5,0,0,5
471.05394297500607,4,47.25,2,0,0,3,1,1,5
472.06802204897394,4,46.5,0,3,0,2,0,3,8
473.0816005889792,4,46.75,0,2,1,2,0,0,5
474.0956407589838,4,46.25,0,0,2,3,0,0,5
475.11183827300556,4,34.0,0,0,0,5,0,0,5
476.1235495979781,4,92.5,0,0,0,5,0,0,5
477.1369258639752,4,70.5,0,0,0,4,0,0,4
478.1498664150131,4,40.25,0,0,0,3,0,0,3
479.16200076101813,4,46.5,0,0,0,2,0,0,2
480.1761922329897,4,46.5,0,0,1,2,0,0,3
481.18967595900176,4,70.5,0,0,0,3,0,0,3
482.20194139902014,4,41.5,1,0,1,3,0,0,4
483.2140643289895,4,47.5,0,3,1,3,0,0,7
484.227967637009,4,25.0,0,1,1,5,0,0,7
485.23710137297167,4,86.25,0,0,1,6,0,0,7
486.24933012999827,4,93.25,0,0,1,4,2,0,7
487.26306281401776,4,70.25,0,3,0,5,0,0,8
488.27635050198296,4,51.0,0,2,0,7,0,0,9
489.2923753110226,4,42.0,0,3,0,6,0,0,9
490.30480171600357,4,46.75,1,2,1,4,0,2,9
491.3177160099731,4,24.0,0,0,3,6,0,0,9
492.3312305730069,4,47.25,0,2,2,7,0,0,11
493.3456150579732,4,61.75,0,2,0,8,1,0,11
494.35637313802727,4,94.0,0,2,0,4,3,2,11
495.37031287897844,4,67.5,0,1,0,5,0,1,7
496.38404873298714,4,35.0,0,0,1,4,0,0,5
497.39810622902587,4,48.0,0,2,0,5,0,0,7
498.4111403399729,4,24.5,0,2,0,5,0,0,7
499.42095437302487,4,48.0,0,2,0,5,0,0,7
500.43476315698354,4,72.25,0,0,0,6,0,0,6
501.4470545980148,4,35.25,0,1,0,5,0,0,6
502.4585313749849,4,40.25,0,0,1,5,0,0,6
503.47250573302153,4,24.0,0,0,0,4,0,1,5
504.4860414270079,4,7.25,0,1,0,4,0,0,5
505.4995816720184,4,46.75,0,1,0,3,1,0,5
506.5107619600021,4,46.25,0,2,1,2,0,0,5
507.52432745398255,4,1.25,0,0,2,2,0,0,4
508.5362431749818,4,4.25,0,1,2,2,0,0,5
509.5484026739723,4,46.25,0,1,2,3,0,0,6
510.5620496820193,4,48.5,0,1,0,5,0,0,6
511.5751235120115,4,47.0,0,0,0,6,0,0,6
512.588572964014,4,46.5,0,0,0,5,0,1,6
513.6034516359796,4,70.25,0,0,0,5,0,1,6
514.6175987690222,4,34.75,0,0,0,4,0,0,4
515.6307875529747,4,63.75,0,0,0,4,0,0,4
516.6450525139808,4,47.25,0,1,0,4,0,0,5
517.6588438450126,4,70.75,1,1,0,3,1,0,5
518.6730822750251,4,34.5,0,1,3,3,0,0,7
519.6866095620207,4,23.25,0,0,2,4,0,0,6
520.7002619029954,4,69.25,0,0,0,5,1,0,6
521.7137507760199,4,47.75,0,0,0,4,0,0,4
522.7268717539846,4,48.25,0,0,0,4,0,0,4
523.7410840740195,4,47.0,0,1,0,4,0,0,5
524.7549045840278,4,39.0,0,2,0,3,1,0,6
525.7678196980269,4,47.5,1,2,0,3,0,1,6
526.7804070800194,4,47.0,0,1,1,5,0,0,7
527.7944194719894,4,48.25,0,2,0,4,0,0,6
528.808128619974,4,23.5,0,0,2,3,1,0,6
529.8215320759919,4,23.25,0,0,1,2,0,0,3
530.8348170180107,4,25.0,0,1,0,3,0,0,4
531.8479803170194,4,24.5,1,1,1,3,0,0,5
532.8622490469716,4,22.75,0,1,2,3,0,0,6
533.87541108398,4,15.5,0,1,1,4,0,0,6
534.8895046759862,4,69.75,0,0,0,5,0,0,5
535.8988708580146,4,63.5,0,3,0,5,0,0,8
536.9125303520123,4,84.0,0,0,1,7,0,0,8
537.9262865699711,4,92.0,0,1,1,8,0,0,10
538.943785889016,4,69.25,0,1,0,9,1,0,11
539.9563466280233,4,30.75,0,1,1,8,0,1,11
540.9702586180065,4,62.5,0,0,1,7,0,1,9
541.9840885300073,4,71.0,0,0,0,7,0,0,7
542.9971301180194,4,90.25,0,0,0,6,1,0,7
544.0113006319734,4,53.0,0,1,0,4,0,0,5
545.024831696006,4,48.25,0,0,0,3,0,0,3
546.0389484579791,4,0.0,0,0,0,3,0,0,3
547.0524182440131,4,23.5,0,1,0,3,0,0,4
548.0665616079932,4,46.75,0,0,1,3,0,0,4
549.0798277269932,4,24.0,0,0,1,2,0,0,3
550.093531422026,4,23.5,0,0,1,1,0,0,2
551.1080740569741,4,23.25,0,1,1,1,0,0,3
552.1221009030123,4,13.25,0,0,2,0,1,0,3
553.1342291230103,4,1.0,0,1,1,1,0,0,3
554.1482132740202,4,24.75,0,1,1,2,0,0,4
555.1620232199784,4,24.5,0,0,0,4,0,0,4
556.1759567509871,4,35.75,0,0,2,4,0,0,6
557.1903526519891,4,25.0,0,0,2,6,0,0,8
558.2038034169818,4,65.25,0,0,0,8,0,0,8
559.218069184979,4,78.75,0,1,0,7,0,0,8
560.2249321630225,4,38.75,0,1,0,8,0,0,9
561.2385156279779,4,70.75,0,0,1,9,0,0,10
562.2524761770037,4,51.25,1,0,0,9,1,0,10
563.2668415610096,4,94.0,0,2,0,9,0,1,12
564.2809864499723,4,66.0,0,1,2,8,0,1,12
565.2955708440277,4,47.5,0,0,2,8,0,0,10
566.3085792519851,4,24.0,0,0,1,8,1,0,10
567.3225841050153,4,64.5,0,2,0,8,0,1,11
568.3352496959851,4,67.5,1,0,1,8,1,0,10
569.349229843996,4,65.25,0,0,4,9,0,0,13
570.3628553039744,4,48.75,0,0,3,9,1,0,13
571.3763908839901,4,47.5,0,0,1,10,0,0,11
572.3904607089935,4,32.0,0,0,1,10,0,0,11
573.4039880959899,4,94.25,0,1,0,8,0,1,10
574.4180019720225,4,26.25,0,1,1,8,0,0,10
575.4320218759822,4,48.25,0,0,1,7,1,0,9
576.4457553669927,4,32.5,1,1,1,6,1,0,9
577.4640762250056,4,93.25,5,1,1,5,2,0,9
578.4755458380096,4,42.0,0,6,1,6,0,0,13
579.4883065649774,4,51.25,0,2,1,8,1,1,13
580.5016623350093,4,35.75,0,3,1,7,0,2,13
581.5154694729717,4,47.25,0,2,1,7,0,1,11
582.5295855050208,4,44.75,0,1,1,7,2,0,11
583.5363387119723,4,69.75,0,3,1,5,0,3,12
584.5504720010213,4,34.75,0,1,2,5,0,0,8
585.5642802990042,4,47.0,0,1,2,4,1,0,8
586.5776683120057,4,47.5,0,2,0,4,0,0,6
587.5883627270232,4,24.25,0,0,0,6,0,0,6
588.6022810909781,4,70.25,1,0,0,6,0,0,6
589.6159963479731,4,46.5,1,1,0,5,1,0,7
590.6269290660275,4,68.5,0,0,2,5,0,0,7
591.6387578190188,4,57.25,0,1,0,7,0,0,8
592.6510915840045,4,46.25,0,1,1,6,0,0,8
593.664588249987,4,23.25,0,1,0,6,0,0,7
594.6784106079722,4,77.75,0,1,0,6,0,0,7
595.6919698140118,4,66.0,0,2,0,6,0,0,8
596.703702941013,4,36.0,0,0,2,6,0,0,8
597.7174041970284,4,83.5,0,0,1,4,3,0,8
598.7284206050099,4,47.0,0,1,0,4,0,4,9
599.7414779639803,4,58.25,0,0,0,5,0,0,5
600.7562285140157,4,71.25,0,0,0,6,0,0,6
601.7694869469851,4,47.0,1,2,0,5,1,0,8
602.7832248780178,4,81.75,0,0,3,5,0,0,8
603.7972381549771,4,46.75,0,0,1,6,1,0,8
604.8107388530043,4,93.75,0,0,0,7,0,0,7
605.8226840149728,4,67.25,0,0,0,7,0,0,7
606.834510013985,4,94.75,1,0,0,7,0,0,7
607.8487478379975,4,69.75,0,1,0,4,0,0,5
608.861816174991,4,24.0,0,0,2,2,0,1,5
609.8758681790205,4,44.25,0,1,1,2,0,0,4
610.8896932320204,4,32.25,3,1,1,2,0,0,4
611.9035387230106,4,30.25,0,3,1,2,0,0,6
612.9175679809996,4,23.25,0,0,2,4,0,0,6
613.9311376680271,4,47.75,0,0,0,6,0,0,6
614.9445443290169,4,23.25,0,0,0,3,0,2,5
615.9562030539964,4,46.0,0,2,0,3,0,0,5
616.9702072869986,4,27.25,0,1,1,3,0,0,5
617.9839976240182,4,47.25,0,2,0,4,0,0,6
618.9980000099749,4,47.25,0,0,1,5,0,0,6
620.0122273520101,4,48.0,0,0,1,4,0,0,5
621.0258094209712,4,70.5,0,0,1,4,0,0,5
622.0414691459737,4,46.5,0,1,1,4,0,0,6
623.055120037985,4,58.75,3,1,0,2,3,0,6
624.0691783339716,4,46.5,3,1,0,2,3,0,6
625.0829316430027,4,47.0,0,5,1,2,0,0,8
626.0964238789747,4,43.75,0,0,3,3,0,1,7
627.1105510509806,4,47.75,0,0,1,5,0,0,6
628.1336753049982,4,55.75,0,0,0,5,0,0,5
629.1476161970058,4,60.75,0,0,0,4,1,0,5
630.1612768219784,4,68.75,0,0,0,2,0,0,2
631.1758834130014,4,34.25,0,2,0,2,0,0,4
632.1900856359862,4,44.5,0,0,0,3,0,0,3
633.204707560013,4,38.75,0,2,0,3,0,0,5
634.2169258160284,4,37.5,2,3,0,2,0,0,5
635.2268561000237,4,27.0,0,1,2,3,0,0,6
636.245652712998,4,0.0,0,0,1,5,0,0,6
637.257705526019,4,27.5,1,0,1,5,0,0,6
638.2690213929745,4,46.75,1,0,0,6,0,0,6
639.2827926430036,4,8.5,0,0,1,5,0,0,6
640.2963477920275,4,48.0,0,1,0,6,0,0,7
641.3097666130052,4,54.0,0,0,1,5,0,1,7
642.3238509719959,4,70.5,0,0,0,4,0,0,4
643.3383415879798,4,45.0,0,0,0,3,0,0,3
644.3520001589786,4,65.75,0,0,0,3,0,0,3
645.3662762599997,4,44.5,0,0,0,1,0,0,1
646.3795649979729,4,23.0,0,0,0,1,0,0,1
647.3928219720256,4,1.25,0,0,0,1,0,0,1
648.4067627720069,4,23.25,0,0,0,1,0,0,1
649.4205531590269,4,21.75,0,0,0,1,0,0,1
650.4338784649735,4,23.25,1,0,0,1,0,0,1
651.4477191820042,4,10.5,0,0,1,1,0,0,2
652.460509933997,4,0.0,1,1,0,2,0,0,3
653.4739608429954,4,23.0,0,2,0,2,0,0,4
654.487500645977,4,23.0,0,1,1,2,0,0,4
655.5011327830143,4,23.0,0,1,2,2,0,0,5
656.5147326529841,4,50.75,0,1,1,4,0,0,6
657.528648624022,4,71.25,0,2,0,5,0,0,7
658.5393891709973,4,49.0,0,3,0,4,1,0,8
659.5534146919963,4,31.75,0,1,1,6,0,0,8
660.5668755799998,4,43.75,0,1,0,7,0,1,9
661.5803099549958,4,51.0,0,1,0,6,0,0,7
662.5935597919743,4,46.0,0,1,0,4,2,0,7
663.6081923050224,4,71.0,0,1,0,3,3,0,7
664.621802070993,4,23.0,0,0,0,3,0,1,4
665.6348152090213,4,23.25,0,2,0,2,0,1,5
666.6480094909784,4,23.25,0,2,0,2,0,0,4
667.6610468869912,4,46.75,1,2,0,1,0,1,4
668.675228749984,4,0.5,0,0,2,2,0,1,5
669.6885301430011,4,23.0,0,0,0,4,0,0,4
670.7000110200024,4,34.5,0,2,0,4,0,0,6
671.7137200540164,4,69.75,0,2,1,3,0,0,6
672.7272787090042,4,69.0,0,1,0,5,0,0,6
673.7412549100118,4,70.0,0,1,0,4,1,0,6
674.7546902840259,4,70.25,0,0,1,4,0,0,5
675.7687652119785,4,47.0,0,2,1,2,0,0,5
676.7823974529747,4,43.25,0,1,1,4,0,0,6
677.7963817020063,4,48.25,0,0,1,4,1,0,6
678.8110451879911,4,47.5,0,1,0,5,0,0,6
679.8251374239917,4,71.75,0,1,0,4,1,0,6
680.8387352619902,4,40.25,0,1,1,1,0,0,3
681.8507872840273,4,1.25,0,4,0,2,0,0,6
682.8653679629788,4,23.5,0,0,1,4,0,0,5
683.8775064559886,4,25.0,0,2,0,4,0,0,6
684.8909894700046,4,19.25,0,2,0,3,0,1,6
685.9011501509813,4,7.5,0,2,0,6,0,0,8
686.914927219972,4,71.25,0,2,0,4,0,0,6
687.9286336950026,4,47.25,0,1,1,4,0,0,6
688.942551871005,4,47.25,0,1,2,4,0,0,7
689.9586939520086,4,28.5,0,1,0,6,1,0,8
690.9729817159823,4,48.0,0,1,0,6,0,1,8
691.9862937820144,4,93.25,0,1,0,5,0,1,7
693.0000196060282,4,70.5,0,1,0,5,0,0,6
694.013814157981,4,46.75,0,0,1,5,0,0,6
695.0259209229844,4,34.5,0,3,0,4,0,2,9
696.0394919990213,4,22.75,0,2,2,3,0,0,7
697.0531407700037,4,73.0,0,0,2,5,0,0,7
698.0672355879797,4,50.0,0,1,1,5,0,0,7
699.0812407879857,4,48.0,0,0,1,6,0,0,7
700.0936514710193,4,72.25,0,0,1,5,0,1,7
701.1073788229842,4,47.5,0,0,0,6,0,0,6
702.1210563229979,4,46.25,0,0,0,6,0,0,6
703.1354093240225,4,46.75,0,0,0,5,0,1,6
704.1491034459905,4,31.5,0,2,0,4,0,0,6
705.1629286580137,4,23.5,0,1,0,5,0,0,6
706.1769788839738,4,71.5,0,1,0,3,2,0,6
707.1906894079875,4,23.75,0,1,1,2,0,0,4
708.2046064219903,4,25.75,0,2,0,3,0,0,5
709.2166758570238,4,23.5,0,0,2,3,0,0,5
710.2306156840059,4,23.25,1,0,2,1,2,0,5
711.2449366109795,4,23.5,0,0,1,3,0,0,4
712.2586210229783,4,46.5,2,0,1,3,0,0,4
713.2722067420254,4,37.25,0,1,3,1,0,1,6
714.2859126009862,4,48.75,0,0,0,5,0,0,5
715.2986968029873,4,67.0,0,1,0,5,0,0,6
716.3119275050121,4,86.5,0,1,0,3,0,1,5
717.3258024509996,4,48.25,0,1,0,4,0,0,5
718.3373578740284,4,29.25,0,0,1,4,0,0,5
719.3522810880095,4,74.5,0,1,0,4,0,0,5
720.3667462100275,4,44.5,0,0,0,4,0,0,4
721.3796522850171,4,47.5,0,0,0,4,0,0,4
722.3934933900018,4,70.5,0,0,0,4,0,0,4
723.4073393659783,4,66.75,0,0,1,3,0,0,4
724.4210246829898,4,23.25,0,2,0,2,0,1,5
725.4354480439797,4,12.75,0,0,1,2,0,0,3
726.448599729978,4,30.25,0,1,0,2,0,1,4
727.4626048710197,4,8.75,0,4,2,2,0,0,8
728.4767542899936,4,46.5,0,4,1,3,0,0,8
729.4884212079924,4,53.5,0,0,2,6,0,0,8
730.5003889580257,4,48.0,3,0,1,4,3,0,8
731.5136592559866,4,72.0,0,3,1,4,0,1,9
732.5279260610114,4,60.75,0,4,0,5,0,0,9
733.5409188679769,4,61.25,4,4,0,5,0,0,9
734.5547384229722,4,24.0,0,6,0,8,0,0,14
735.5688851940213,4,5.5,0,2,3,10,1,0,16
736.5863519380218,4,51.0,0,1,3,11,0,0,15
737.5994854660239,4,61.5,1,1,1,10,2,1,15
738.6136695839814,4,48.0,1,2,0,6,2,5,15
739.6255085929879,4,65.5,0,7,1,6,0,0,14
740.6397642330267,4,46.5,2,4,4,6,0,2,16
741.6533178859972,4,45.5,0,6,2,8,0,0,16
742.6672236140002,4,50.5,4,2,3,10,1,0,16
743.6795951299719,4,41.0,9,2,0,13,0,1,16
744.69371481298,4,62.5,14,3,0,10,0,2,15
745.7072888700059,4,70.75,14,6,0,8,2,0,16
746.7210909469868,4,68.75,14,11,0,4,0,1,16
747.7355397830252,4,7.5,15,0,7,9,0,0,16
748.7488094319706,4,98.75,19,0,4,8,3,1,16
749.7627154010115,4,70.75,20,0,4,5,6,1,16
750.7768040659721,4,51.75,15,6,2,6,0,2,16
751.785997991974,4,44.75,18,3,7,5,0,1,16
752.8028518849751,4,72.75,21,0,3,11,1,1,16
753.8142322080093,4,22.25,21,1,1,11,3,0,16
754.8269588979892,4,92.75,25,6,1,7,1,1,16
755.8407418769784,4,70.25,25,7,1,3,3,2,16
756.8550569150248,4,46.5,27,7,0,2,0,7,16
757.8676534870174,4,0.0,19,4,9,3,0,0,16
758.878408493998,4,1.75,20,2,5,9,0,0,16
759.8921701340005,4,48.5,16,5,5,5,0,1,16
760.9047296090284,4,23.75,16,5,5,5,0,1,16
761.9161254339851,4,47.25,17,2,6,6,0,2,16
762.9304464290035,4,29.0,16,3,3,9,1,0,16
763.94218972401,4,60.25,16,3,2,5,5,1,16
764.9566331899841,4,77.5,16,3,2,4,6,1,16
765.970604408998,4,47.75,13,3,5,3,0,5,16
766.9845399250044,4,29.75,8,8,4,4,0,0,16
767.9992299270234,4,60.25,10,2,8,6,0,0,16
769.0108380630263,4,61.0,10,0,6,7,2,1,16
770.0252681709826,4,58.25,7,3,4,8,0,1,16
771.0392897700076,4,62.0,4,5,2,8,0,1,16
772.0531490769936,4,1.75,5,1,5,10,0,0,16
773.0660918739741,4,63.25,6,1,2,7,5,1,16
774.0814675210277,4,94.75,6,1,2,5,1,7,16
775.0956509530079,4,47.25,2,5,3,4,0,4,16
776.1098372269771,4,27.25,0,0,6,8,0,1,15
777.1218210050138,4,58.25,0,0,3,11,0,0,14
778.1358840789762,4,94.25,2,0,3,9,2,0,14
779.1494398380164,4,70.75,3,0,3,8,3,0,14
780.1637864059885,4,50.75,3,5,1,10,0,0,16
781.1765850230004,4,23.75,3,3,4,8,1,0,16
782.186271707993,4,31.75,6,2,5,8,0,1,16
783.2004686800065,4,60.75,5,3,4,8,0,1,16
784.2122947680182,4,59.75,5,5,2,9,0,0,16
785.2266078279936,4,56.0,5,5,2,9,0,0,16
786.2415443600039,4,22.25,7,3,2,11,0,0,16
787.2549498950248,4,70.5,8,2,3,9,1,1,16
788.2688731580274,4,72.25,8,4,1,7,4,0,16
789.2799080259865,4,50.5,8,1,5,9,0,1,16
790.2923121890053,4,73.25,5,3,2,11,0,0,16
791.3037868259707,4,23.5,6,2,3,8,3,0,16
792.3181199270184,4,47.5,4,4,3,8,0,1,16
793.3319312289823,4,75.5,7,0,3,13,0,0,16
794.3459032509709,4,75.5,8,2,1,10,2,1,16
795.3597536099842,4,69.0,7,6,0,6,4,0,16
796.3739028809941,4,45.75,4,2,6,7,0,1,16
797.3868143939762,4,15.5,4,1,2,11,2,0,16
798.4005967039848,4,84.5,2,2,3,9,2,0,16
799.4147104279837,4,69.25,1,5,3,7,0,1,16
800.4286255550105,4,23.0,0,0,7,8,1,0,16
801.4428141189856,4,94.25,2,0,6,8,0,2,16
802.4573837440112,4,61.25,2,4,4,8,0,0,16
803.4711733059958,4,39.0,2,0,6,9,0,1,16
804.485226290999,4,23.5,3,1,5,7,3,0,16
805.4995532819885,4,47.5,0,3,4,8,0,1,16
806.5134747800184,4,49.25,0,2,2,6,4,0,14
807.5277179420227,4,89.0,0,1,1,7,0,0,9
808.5414356549736,4,38.25,0,1,0,8,0,0,9
809.5526642369805,4,44.25,0,0,0,9,0,0,9
810.5666006000247,4,55.25,1,2,0,8,1,0,11
811.5806147539988,4,55.5,0,2,0,8,0,0,10
812.5948574129725,4,28.25,0,1,1,8,1,0,11
813.6077815530007,4,38.0,0,2,0,9,0,0,11
814.6221457269858,4,70.0,0,0,1,8,1,1,11
815.6333977379836,4,70.25,0,1,0,5,0,0,6
816.6475110269967,4,46.5,1,1,0,4,1,0,6
817.6636207519914,4,46.75,5,1,0,2,3,0,6
818.6767016120139,4,49.25,0,7,1,0,1,1,10
819.6905774539919,4,0.0,0,2,6,2,0,0,10
820.7029006379889,4,0.0,1,2,5,2,2,0,11
821.7146222959855,4,48.25,2,2,4,3,0,2,11
822.7282250800054,4,9.75,0,4,3,4,0,0,11
823.7422964479774,4,50.25,0,1,6,4,0,0,11
824.7577285009902,4,27.25,0,0,7,6,0,0,13
825.7714281799854,4,49.0,0,0,2,11,0,0,13
826.7838984290138,4,71.0,0,0,0,13,0,0,13
827.796100165986,4,94.0,1,0,0,11,2,0,13
828.810221910011,4,74.5,0,4,0,8,2,0,14
829.8239128600108,4,57.25,0,1,3,9,0,0,13
830.838210417016,4,82.5,0,2,2,9,0,1,14
831.8521346049965,4,70.25,0,2,2,5,1,4,14
832.8690573410131,4,64.5,0,0,2,7,0,0,9
833.8831838740152,4,93.0,0,0,0,9,0,0,9
834.895345907018,4,71.75,0,0,0,6,1,0,7
835.9090339880204,4,47.75,1,0,0,3,4,0,7
836.9233458060189,4,47.5,0,2,0,3,0,2,7
837.9370798949967,4,23.0,0,3,1,2,0,0,6
838.9489695579978,4,0.0,0,2,3,3,0,0,8
839.9619975389796,4,48.75,1,1,1,3,0,3,8
840.9765274759848,4,69.5,2,1,1,3,0,3,8
841.9903912069858,4,39.75,0,1,3,1,1,2,8
843.0040857249987,4,34.75,0,0,0,4,0,0,4
844.018266330997,4,43.25,0,0,0,3,0,0,3
845.0320218870183,4,71.25,0,0,0,3,0,0,3
846.0463936229935,4,55.0,0,0,0,3,0,0,3
847.0600714419852,4,69.75,0,0,0,3,0,0,3
848.0744087410276,4,23.25,0,1,0,3,0,0,4
849.0863753139856,4,70.5,0,1,0,3,0,0,4
850.1001722710207,4,47.0,0,1,0,2,0,1,4
851.1142063399893,4,17.75,0,1,0,2,0,0,3
852.1282836879836,4,13.0,0,0,1,1,0,1,3
853.1418239100021,4,25.0,4,0,0,2,0,1,3
854.1560347640188,4,24.0,8,0,0,1,1,1,3
855.1705010629958,4,23.25,0,10,0,1,0,1,12
856.1829068199731,4,9.25,0,6,3,4,0,0,13
857.196778692014,4,36.5,0,0,6,7,0,0,13
858.2105445319903,4,28.25,0,2,3,8,0,0,13
859.2248852439807,4,40.25,0,3,2,10,1,0,16
860.2388988229795,4,94.0,1,3,2,6,5,0,16
861.251044581004,4,47.0,0,3,2,6,1,1,13
862.2628078369889,4,95.0,0,0,2,4,4,1,11
863.2767716880189,4,41.0,0,0,1,4,0,0,5
864.2954565079999,4,70.25,0,0,1,4,0,0,5
865.3172304059844,4,51.0,0,1,0,5,0,0,6
866.331428119971,4,26.75,0,1,0,3,2,0,6
867.3441491430276,4,23.25,1,1,1,3,0,0,5
868.3578733769828,4,43.0,2,1,1,3,0,0,5
869.3706773999729,4,24.5,0,4,1,3,0,0,8
870.3830545410165,4,45.75,0,4,1,3,0,0,8
871.3968632930191,4,30.0,0,2,1,4,0,0,7
872.4105675609899,4,47.25,0,1,1,4,1,0,7
873.4244387769722,4,68.75,0,2,1,5,0,0,8
874.4386277730227,4,18.0,0,2,0,5,0,0,7
875.4523961420055,4,47.25,0,1,2,4,1,0,8
876.4665070539922,4,23.25,0,1,0,6,0,0,7
877.4799430869753,4,49.0,0,0,2,6,0,0,8
878.4937620870187,4,48.25,0,0,0,8,0,0,8
879.5026391500141,4,68.25,1,0,0,6,2,0,8
880.5172426209901,4,70.25,0,3,0,6,0,2,11
881.5299944439903,4,23.25,0,4,1,6,0,0,11
882.5410508529749,4,28.0,0,2,4,6,0,0,12
883.5547641310259,4,38.75,0,1,3,8,0,0,12
884.5672056929907,4,23.0,0,1,1,10,0,0,12
885.5785267829779,4,52.75,0,0,2,9,1,0,12
886.5924992749933,4,51.5,0,0,1,6,0,0,7
887.6045252429903,4,93.25,0,0,1,4,2,0,7
888.6188022890128,4,76.0,1,0,0,5,2,0,7
889.6306425579824,4,47.25,0,1,0,4,0,0,5
890.6449470440275,4,46.5,0,1,2,5,0,0,8
891.658644160023,4,24.25,0,1,2,5,0,0,8
892.6725251000025,4,93.0,0,1,0,7,0,0,8
893.6868394759949,4,59.0,1,0,0,7,1,0,8
894.700917456008,4,23.0,0,0,1,6,0,0,7
895.7152621429996,4,24.25,0,1,0,7,0,0,8
896.72742667899,4,69.75,2,1,0,6,1,0,8
897.7415536000044,4,60.25,0,3,1,6,0,0,10
898.7529759019963,4,24.25,0,3,0,5,0,1,9
899.7663570140139,4,23.5,0,0,2,7,0,0,9
900.780527223018,4,66.5,3,0,1,7,1,0,9
901.7942860489711,4,43.0,0,0,2,8,0,0,10
902.8084124319721,4,71.75,0,0,0,6,1,0,7
903.8222396189813,4,69.75,0,0,0,6,0,0,6
904.836062390008,4,45.75,0,0,0,6,0,0,6
905.8502330629854,4,70.75,0,0,0,5,0,0,5
906.8640019259765,4,47.25,0,0,0,3,1,0,4
907.8779547269805,4,23.5,0,0,0,3,1,0,4
908.8911885760026,4,23.5,0,0,0,2,0,1,3
909.9055199979921,4,23.0,0,0,0,1,0,0,1
910.9198463470093,4,14.5,0,0,0,0,1,0,1
911.9328862819821,4,0.0,0,0,0,0,1,0,1
912.9459753339761,4,0.0,0,1,0,0,0,0,1
913.9589162350167,4,25.0,0,0,1,1,0,0,2
914.9731104300008,4,22.0,1,0,0,2,0,0,2
915.9861911589978,4,47.0,1,0,0,2,0,0,2
916.9999571209773,4,46.25,0,3,0,2,0,0,5
918.0138353540096,4,24.25,0,2,1,1,0,0,4
919.0277728589717,4,23.5,0,1,1,3,0,0,5
920.0393465380184,4,1.0,1,2,1,3,0,0,6
921.0534582730033,4,18.5,0,1,1,5,0,0,7
922.0673970989883,4,64.25,1,0,2,5,0,0,7
923.0788157520001,4,47.0,0,2,1,4,0,0,7
924.0913426129846,4,0.0,0,2,0,5,0,0,7
925.1050784660038,4,47.0,0,1,1,6,0,0,8
926.1180897119921,4,23.75,0,2,0,5,0,2,9
927.1298001669929,4,49.75,0,3,0,6,0,0,9
928.1438745990163,4,55.75,0,3,1,6,0,0,10
929.1561060249805,4,47.0,0,1,2,6,0,0,9
930.1691921890015,4,53.5,0,0,0,9,0,0,9
931.1836341039743,4,93.25,1,0,0,8,1,0,9
932.1961065389914,4,60.25,0,1,0,6,0,1,8
933.2104197230074,4,28.75,0,2,0,6,0,0,8
934.2241476969793,4,48.75,0,0,0,8,1,0,9
935.2380735379993,4,71.5,0,0,0,6,0,1,7
936.2502588320058,4,47.25,0,0,0,6,0,0,6
937.2638351100031,4,46.5,0,0,0,4,1,0,5
938.2772352250176,4,46.5,0,0,0,3,0,0,3
939.2906084539718,4,49.0,0,0,0,2,0,0,2
940.3033954160055,4,46.75,0,2,0,2,0,0,4
941.3170508479816,4,47.25,0,2,0,1,1,0,4
942.3309739350225,4,47.25,0,0,0,3,0,0,3
943.3448460120126,4,71.25,0,0,0,2,0,0,2
944.3527120610233,4,42.75,0,1,0,2,0,0,3
945.366514777008,4,0.0,0,0,2,1,0,0,3
946.3808617229806,4,36.75,0,2,0,3,0,0,5
947.3946443729801,4,22.75,0,2,0,3,0,0,5
948.4088580299867,4,47.5,2,2,0,3,0,0,5
949.4249501840095,4,47.25,0,3,0,4,0,0,7
950.4372411619988,4,24.0,1,0,2,4,0,0,6
951.451260079979,4,24.0,0,2,2,4,0,0,8
952.4659986339975,4,47.5,0,3,2,3,0,1,9
953.4773661679938,4,25.0,0,1,1,6,0,0,8
954.49097045901,4,35.25,0,3,1,6,0,0,10
955.5022967599798,4,24.25,0,1,2,6,1,0,10
956.5136062119855,4,71.0,0,1,2,5,2,0,10
957.5253489959869,4,70.25,0,0,0,7,0,1,8
958.5324271839927,4,93.5,0,0,0,7,0,0,7
959.54363053001,4,71.25,0,2,0,6,1,0,9
960.5579171960126,4,47.25,0,0,1,6,0,0,7
961.5701187590021,4,9.5,0,1,1,6,0,0,8
962.578757914016,4,70.25,0,0,1,7,0,0,8
963.5928231009748,4,85.25,0,0,0,7,0,0,7
964.6071979179978,4,94.75,0,1,0,7,0,0,8
965.621024994005,4,6.5,0,2,0,6,0,0,8
966.6358779990114,4,47.5,0,3,1,5,0,0,9
967.6499807040091,4,7.5,0,0,1,7,0,1,9
968.6637727320194,4,70.5,0,0,0,8,0,0,8
969.6779330929858,4,61.5,0,0,0,4,3,0,7
970.6916649410268,4,23.75,0,1,0,4,0,0,5
971.6989254570217,4,25.5,0,1,0,2,0,0,3
972.7121048049885,4,33.5,1,1,0,1,1,0,3
973.7334768919973,4,24.25,0,2,1,1,0,1,5
974.7477351389825,4,0.0,0,2,0,1,1,0,4
975.7614637439838,4,0.0,0,1,1,1,0,0,3
976.774645077996,4,0.0,0,2,2,2,0,0,6
977.7883001330192,4,10.0,0,1,1,5,0,0,7
978.8019280619919,4,23.25,0,1,0,6,0,0,7
979.8163837110042,4,47.25,0,0,1,6,0,0,7
980.8281007990008,4,49.75,0,1,1,4,0,0,6
981.8424555240199,4,47.0,0,1,1,3,0,0,5
982.8563069549855,4,38.25,0,1,0,4,0,1,6
983.8705017690081,4,46.25,0,1,1,4,0,0,6
984.8844542399747,4,44.75,0,0,1,4,1,0,6
985.8999416179722,4,54.25,0,0,1,4,1,0,6
986.9138931229827,4,70.5,0,1,0,5,0,0,6
987.927130940021,4,58.0,0,2,1,5,0,0,8
988.9405259700143,4,24.75,2,1,0,5,0,1,7
989.9548582130228,4,43.5,0,0,2,6,0,0,8
990.9683495059726,4,26.0,0,0,1,6,0,1,8
991.9825814599753,4,70.0,0,1,0,7,0,0,8
992.9963813319919,4,33.5,0,3,0,7,0,0,10
994.0102855230216,4,33.0,0,0,2,7,0,1,10
995.024627597013,4,26.0,0,1,0,7,2,0,10
996.0364666070091,4,75.0,0,0,1,6,0,1,8
997.0509438529843,4,87.25,0,0,0,6,0,0,6
998.0646263349918,4,47.5,0,0,0,5,1,0,6
999.0786139779957,4,46.75,0,0,0,5,1,0,6
1000.0930574450176,4,47.5,0,0,1,5,0,0,6
1001.1033420899766,4,41.5,0,1,1,3,0,0,5
1002.1177673210041,4,23.5,0,0,0,5,0,0,5
1003.1312366300263,4,46.5,0,1,0,4,0,0,5
1004.1456250770134,4,15.5,0,0,2,3,0,1,6
1005.15922407998,4,3.0,0,1,1,4,0,0,6
1006.1730793800089,4,34.25,0,2,0,5,0,0,7
1007.1871198809822,4,36.0,0,0,0,7,0,0,7
1008.2007537389873,4,69.5,0,0,0,7,0,0,7
1009.2129609449767,4,46.75,0,1,0,6,0,0,7
1010.2268337319838,4,70.5,0,1,0,6,0,0,7
1011.241538317001,4,55.0,0,2,0,7,0,0,9
1012.2534325700253,4,48.0,0,1,1,7,0,0,9
1013.2649576889817,4,55.5,0,0,2,4,1,1,8
1014.2787742760265,4,71.5,0,0,0,6,0,0,6
1015.2929367800243,4,71.25,0,0,0,5,0,0,5
1016.3066807460273,4,70.5,0,0,0,3,1,0,4
1017.3204149730154,4,46.75,0,0,0,3,1,0,4
1018.3345840569818,4,62.5,0,0,1,3,0,0,4
1019.3477633000002,4,46.75,0,0,0,4,0,0,4
1020.3618953190162,4,40.75,0,2,0,4,0,0,6
1021.3756265270058,4,71.0,0,2,0,2,2,0,6
1022.3897650750005,4,47.5,0,0,1,3,0,0,4
1023.4034677430172,4,69.75,1,0,0,3,0,1,4
1024.4190693660057,4,52.75,1,1,0,2,1,0,4
1025.4266995770158,4,39.5,0,2,1,2,0,0,5
1026.4407941689715,4,46.75,0,1,0,4,0,0,5
1027.454640122014,4,55.5,1,0,1,4,0,0,5
1028.4683631599764,4,55.75,0,2,0,5,0,0,7
1029.4824741960037,4,54.75,0,0,0,7,0,0,7
1030.495973630983,4,48.25,0,0,0,6,0,0,6
1031.510658867017,4,47.5,0,0,0,6,0,0,6
1032.5248268750147,4,71.0,0,0,0,5,0,0,5
1033.5379714380251,4,43.0,0,0,0,5,0,0,5
1034.552025544981,4,47.0,0,0,0,3,2,0,5
1035.5661054090015,4,23.25,0,0,0,2,0,1,3
1036.5796107720234,4,23.25,0,0,0,1,0,0,1
1037.5927407239797,4,1.0,0,0,0,0,0,0,0
1038.605576182017,4,0.0,0,0,0,0,0,0,0
1039.619863089989,4,0.0,0,0,1,0,0,0,1
1040.633423117979,4,0.0,0,0,1,0,0,0,1
1041.6472079990199,4,0.0,0,3,1,0,0,0,4
1042.6613016849733,4,0.0,0,3,1,0,0,0,4
1043.6752450239728,4,1.75,0,0,3,1,0,0,4
1044.6891528309789,4,27.0,0,1,0,4,0,0,5
1045.7034919220023,4,41.75,0,2,1,4,0,0,7
1046.7170822559856,4,24.25,0,2,0,5,0,0,7
1047.7309558570269,4,72.0,0,1,0,5,0,0,6
1048.7452381069888,4,46.75,0,1,0,5,0,0,6
1049.758903894981,4,46.75,0,1,1,5,0,0,7
1050.7698784749955,4,46.25,0,3,1,5,0,0,9
1051.783594271983,4,70.25,0,1,2,5,0,1,9
1052.7958614390227,4,47.5,0,0,0,8,0,0,8
1053.806953886,4,71.0,0,0,0,6,0,1,7
1054.8202151869773,4,58.75,0,2,0,5,0,0,7
1055.8338583019795,4,51.75,0,2,0,4,1,0,7
1056.8480417699902,4,46.75,1,2,0,3,2,0,7
1057.8615697710193,4,32.5,0,3,2,3,0,0,8
1058.8756170970155,4,68.0,0,2,1,3,1,1,8
1059.8890128469793,4,43.25,0,0,2,3,1,0,6
1060.9011241329717,4,47.25,0,0,0,5,0,0,5
1061.916290356021,4,48.25,0,1,0,5,0,0,6
1062.9296789449872,4,46.25,0,0,3,5,0,0,8
1063.9443692030036,4,0.25,0,3,2,5,0,0,10
1064.9586760079837,4,47.25,0,4,1,6,0,0,11
1065.9725119540235,4,51.75,0,3,2,8,0,0,13
1066.9867192130187,4,48.0,1,4,3,9,0,0,16
1068.0001079229987,4,57.25,2,2,1,13,0,0,16
1069.012634364015,4,91.0,6,2,1,10,3,0,16
1070.024121436989,4,48.25,4,5,1,10,0,0,16
1071.0366596669774,4,25.25,10,1,3,11,0,1,16
1072.0502263869857,4,47.5,7,4,2,9,1,0,16
1073.0624694660073,4,91.25,13,4,3,6,1,2,16
1074.0738742949907,4,37.25,16,4,4,7,0,1,16
1075.0877247959725,4,49.25,17,3,4,9,0,0,16
1076.1020550010144,4,38.75,24,4,3,9,0,0,16
1077.1164760380052,4,47.75,28,5,1,8,1,1,16
1078.1303015780286,4,15.0,35,3,4,7,1,1,16
1079.14407054201,4,55.25,34,3,4,7,1,1,16
1080.15811286401,4,36.25,37,7,2,6,1,0,16
1081.172535055026,4,7.0,35,7,3,5,0,1,16
1082.186826310004,4,42.0,33,9,2,4,0,1,16
1083.2009632309782,4,1.0,32,3,8,5,0,0,16
1084.2148798970156,4,19.25,32,4,5,6,1,0,16
1085.2306497559766,4,59.0,33,5,1,7,0,3,16
1086.244539036008,4,48.25,30,4,3,7,1,1,16
1087.2587939890218,4,45.75,32,5,2,3,5,1,16
1088.271390068985,4,70.25,31,6,2,3,0,5,16
1089.2852917360142,4,32.0,28,11,1,4,0,0,16
1090.298638586013,4,24.25,29,0,9,7,0,0,16
1091.3125201020157,4,52.25,31,0,8,2,5,1,16
1092.3263468230143,4,24.25,25,7,4,5,0,0,16
1093.340794802003,4,13.25,28,1,6,9,0,0,16
1094.3548501679907,4,48.5,24,5,4,7,0,0,16
1095.368884416006,4,41.75,24,4,4,4,3,1,16
1096.3814124049968,4,48.75,21,4,5,6,1,0,16
1097.395077981986,4,2.25,23,2,4,10,0,0,16
1098.4094216349768,4,71.5,21,4,4,8,0,0,16
1099.422741839022,4,42.75,21,4,3,8,1,0,16
1100.4366977179889,4,92.0,21,2,5,4,5,0,16
1101.4504095049924,4,29.75,17,3,7,6,0,0,16
1102.4642980640056,4,1.5,16,1,6,9,0,0,16
1103.477949225984,4,47.25,16,0,8,8,0,0,16
1104.491450571979,4,41.25,14,2,4,10,0,0,16
1105.5058978929883,4,91.75,14,2,2,10,1,1,16
1106.5199898409774,4,94.0,11,5,2,7,0,2,16
1107.5341442389763,4,69.5,9,2,7,6,0,1,16
1108.5480097079999,4,69.25,7,4,2,10,0,0,16
1109.5596172040096,4,21.5,7,1,5,8,2,0,16
1110.5732192270225,4,48.0,6,2,5,9,0,0,16
1111.5855302300188,4,24.5,6,0,5,11,0,0,16
1112.596399438975,4,95.75,8,0,3,9,4,0,16
1113.6098033249727,4,24.0,4,2,4,9,0,1,16
1114.6217401259928,4,46.75,3,1,6,9,0,0,16
1115.6333828340285,4,65.75,3,2,5,9,0,0,16
1116.6472919359803,4,31.5,5,5,2,9,0,0,16
1117.6617926100153,4,35.0,6,1,5,9,1,0,16
1118.6754592499929,4,48.5,5,2,5,9,0,0,16
1119.6895605389727,4,47.25,7,2,3,11,0,0,16
1120.7018904360011,4,68.75,10,0,3,13,0,0,16
1121.7179191000178,4,83.25,10,3,1,10,2,0,16
1122.7324604389723,4,70.75,10,3,1,7,5,0,16
1123.7437882249942,4,92.75,6,5,4,6,0,1,16
1124.7565388230141,4,31.0,6,6,2,8,0,0,16
1125.768661611015,4,42.75,5,1,6,8,0,1,16
1126.7821421970148,4,71.0,5,1,5,7,2,1,16
1127.7969205810223,4,48.0,1,5,2,9,0,0,16
1128.810847159999,4,47.0,1,3,2,7,1,3,16
1129.8241139000165,4,56.0,0,1,5,5,0,1,12
1130.8361027130159,4,23.0,1,3,4,6,0,0,13
1131.8499464340275,4,70.0,3,3,4,3,3,0,13
1132.8637590159778,4,47.5,0,8,4,4,0,0,16
1133.878032342007,4,25.0,0,5,3,8,0,0,16
1134.8895577039802,4,75.0,3,6,1,8,0,1,16
1135.9039140850073,4,73.0,0,5,5,5,0,1,16
1136.9176473830012,4,36.0,1,2,6,8,0,0,16
1137.9315808169777,4,63.25,5,2,4,8,0,2,16
1138.9440934970044,4,93.0,4,4,3,9,0,0,16
1139.957215294009,4,75.0,4,6,4,6,0,0,16
1140.9712355529773,4,45.25,4,1,7,8,0,0,16
1141.9852258919855,4,31.5,7,3,4,9,0,0,16
1142.9998321480234,4,45.25,8,4,1,11,0,0,16
1144.0132893180125,4,72.0,8,4,1,8,3,0,16
1145.0270921560004,4,46.25,8,4,1,11,0,0,16
1146.0407387960004,4,80.25,9,4,1,9,2,0,16
1147.0532236350118,4,46.5,11,2,3,10,0,1,16
1148.065746924025,4,26.5,12,3,1,11,0,1,16
1149.0782050379785,4,28.5,11,2,3,11,0,0,16
1150.0917126070126,4,73.0,12,2,2,11,1,0,16
1151.1040858090273,4,71.0,7,6,3,7,0,0,16
1152.118384964997,4,47.5,6,6,2,8,0,0,16
1153.1308603570214,4,74.0,6,3,4,6,1,2,16
1154.1448880259995,4,69.25,2,7,2,7,0,0,16
1155.1574964509928,4,53.75,1,3,8,4,0,1,16
1156.1700750209857,4,53.25,6,3,6,4,2,1,16
1157.1838107689982,4,70.5,7,3,6,3,3,1,16
1158.1980247879983,4,0.0,3,7,4,5,0,0,16
1159.2108886030037,4,67.5,6,3,4,7,0,2,16
1160.2245697079925,4,25.25,5,5,3,6,1,1,16
1161.2372117990162,4,34.75,3,6,5,5,0,0,16
1162.2512026900076,4,23.5,3,5,6,4,1,0,16
1163.264098552987,4,32.75,4,1,6,8,0,1,16
1164.278371725988,4,80.25,4,1,6,4,4,0,15
1165.2915584999719,4,73.25,0,5,3,7,0,1,16
1166.3053151330096,4,69.5,0,1,5,8,0,2,16
1167.3173789699795,4,29.25,0,1,3,10,0,0,14
1168.3313346229843,4,95.75,0,1,3,8,2,0,14
1169.3457502549863,4,47.0,0,3,2,7,0,3,15
1170.359466178983,4,69.5,0,2,1,7,0,1,11
1171.3728989309748,4,47.25,0,1,1,9,0,0,11
1172.3873923689825,4,71.0,2,1,1,7,2,0,11
1173.401353629015,4,94.0,2,1,1,6,3,0,11
1174.4140783349867,4,75.25,0,3,0,5,0,1,9
1175.4279692050186,4,69.75,0,0,3,4,0,0,7
1176.4404627699987,4,42.5,0,0,1,5,1,0,7
1177.4540538960136,4,70.5,0,0,1,6,0,0,7
1178.4657779069967,4,70.75,1,0,1,5,1,0,7
1179.4796757969889,4,54.75,0,1,1,4,0,1,7
1180.4932327130227,4,46.75,0,0,1,4,0,0,5
1181.5074449650128,4,48.25,0,0,0,4,0,0,4
1182.521386059001,4,47.75,0,1,0,4,0,0,5
1183.535428547999,4,46.5,0,1,0,5,0,0,6
1184.5493678150233,4,30.5,0,2,0,4,0,1,7
1185.5617074180045,4,7.25,0,1,0,5,0,0,6
1186.5738225820241,4,47.75,0,1,0,3,2,0,6
1187.5853383750073,4,23.5,1,1,0,2,1,1,5
1188.5970994170057,4,23.5,0,3,0,2,0,0,5
1189.6112128010136,4,23.25,2,3,0,3,0,0,6
1190.6254299589782,4,46.75,0,2,2,4,0,0,8
1191.6391879440052,4,24.25,0,3,0,5,1,0,9
1192.6508285860182,4,29.25,0,0,3,5,0,0,8
1193.6646722150035,4,48.25,0,0,2,6,0,0,8
1194.6785402990063,4,70.75,3,0,2,5,1,0,8
1195.6861235090182,4,70.5,4,0,2,4,2,0,8
1196.6999615650275,4,70.5,0,4,2,4,0,0,10
1197.7148898500018,4,68.5,0,5,1,4,0,0,10
1198.7290845289826,4,23.75,0,7,1,4,0,0,12
1199.742975873989,4,16.25,0,7,0,5,0,0,12
1200.7561510209925,4,0.0,0,3,3,7,0,0,13
1201.7688578509842,4,22.75,0,0,3,10,0,0,13
1202.7832004890079,4,73.5,0,0,0,12,0,0,12
1203.7975688130246,4,87.75,0,0,0,10,0,0,10
1204.81206560001,4,68.25,0,0,0,9,0,0,9
1205.8245175830089,4,46.0,0,0,0,7,0,0,7
1206.8376729679876,4,21.75,0,0,2,7,0,0,9
1207.8502007650095,4,25.25,0,1,1,8,0,0,10
1208.864055284008,4,72.0,0,0,1,8,0,0,9
1209.8781934650033,4,22.25,0,0,1,6,2,0,9
1210.8922005309723,4,47.5,0,0,1,6,2,0,9
1211.9057505319943,4,48.0,0,0,0,6,1,1,8
1212.9172256279853,4,57.5,0,2,0,6,0,0,8
1213.928657521028,4,23.5,0,3,0,5,1,0,9
1214.9412274460192,4,56.75,0,1,2,2,0,0,5
1215.9542417969787,4,25.75,0,2,2,3,0,0,7
1216.9662423669943,4,23.5,0,2,0,3,0,0,5
1217.9803961259895,4,22.25,0,0,2,3,0,0,5
1218.9943263459718,4,46.75,0,0,1,4,0,0,5
1220.0083502270281,4,46.25,0,1,0,5,0,0,6
1221.0209994930192,4,25.25,0,1,0,3,0,0,4
1222.0329961960088,4,46.5,1,1,0,3,0,0,4
1223.0473562569823,4,48.25,0,2,1,2,0,0,5
1224.0613081050105,4,23.25,0,3,0,3,0,0,6
1225.0754959459882,4,48.25,0,0,2,3,0,1,6
1226.0889240059769,4,31.25,0,0,0,5,0,0,5
1227.1026204240043,4,47.0,0,0,0,5,0,0,5
1228.117027100001,4,46.5,1,0,0,5,0,0,5
1229.1299694670015,4,26.25,0,1,0,3,0,0,4
1230.1442660589819,4,47.5,0,0,0,4,0,0,4
1231.1582972800243,4,47.75,0,1,0,3,0,0,4
1232.171896003012,4,25.25,0,0,2,3,0,0,5
1233.1849061200046,4,51.0,3,0,0,5,0,0,5
1234.1992809600197,4,47.0,0,3,0,4,0,1,8
1235.2134338690084,4,46.75,0,3,0,4,0,0,7
1236.2273509870283,4,19.5,0,1,3,3,0,1,8
1237.240874841984,4,46.75,0,1,1,4,1,1,8
1238.2557332019787,4,44.5,0,0,2,5,0,0,7
1239.2696080349851,4,67.25,0,0,0,6,1,0,7
1240.2842515949742,4,70.5,0,1,0,5,0,0,6
1241.294688449998,4,46.25,0,1,0,5,0,0,6
1242.3080429090187,4,57.25,0,1,0,3,2,0,6
1243.3204846699955,4,20.0,0,3,0,2,0,1,6
1244.3344622140285,4,43.5,0,0,1,4,0,0,5
1245.3472847730154,4,39.25,1,0,1,4,0,0,5
1246.361013456015,4,42.0,0,2,0,3,0,0,5
1247.3752128990018,4,31.5,0,1,1,3,1,0,6
1248.3892669790075,4,33.0,0,0,1,4,0,0,5
1249.4029075339786,4,71.75,0,0,0,5,0,0,5
1250.4180206989986,4,70.75,0,0,0,5,0,0,5
1251.4318235319806,4,71.5,0,0,0,5,0,0,5
1252.4459790369729,4,70.0,0,0,0,4,0,0,4
1253.4588570389897,4,46.5,0,2,0,4,0,0,6
1254.4724976739963,4,55.5,0,0,2,4,0,0,6
1255.486988877994,4,54.25,0,0,2,3,0,1,6
1256.4991432200186,4,25.0,0,1,1,4,0,0,6
1257.5132297379896,4,70.75,0,0,1,2,0,0,3
1258.5247197260032,4,48.25,0,0,0,3,0,0,3
1259.5388940849807,4,46.75,1,0,0,3,0,0,3
1260.5525528379949,4,47.0,0,3,0,3,0,0,6
1261.5662049319944,4,47.25,0,3,0,3,0,0,6
1262.5806161439978,4,30.75,0,1,0,5,0,0,6
1263.5944003409822,4,57.75,0,0,1,4,0,0,5
1264.608230510028,4,31.5,0,1,2,4,0,0,7
1265.6209753429866,4,47.25,0,0,0,7,0,0,7
1266.634786463983,4,71.25,0,0,0,6,0,0,6
1267.6489600819768,4,70.75,0,0,0,5,1,0,6
1268.6624811930233,4,63.5,0,1,0,4,0,0,5
1269.6767114719842,4,61.5,1,1,0,4,0,0,5
1270.6905970320222,4,70.0,0,1,2,4,0,0,7
1271.7049307000125,4,23.75,1,1,2,3,1,0,7
1272.7171494400245,4,25.25,2,1,2,2,2,0,7
1273.7309870379977,4,47.0,0,2,0,4,0,1,7
1274.739100278006,4,70.5,0,1,1,3,0,0,5
1275.7533920669812,4,1.75,0,0,1,5,0,0,6
1276.7667594410013,4,48.5,1,0,1,4,1,0,6
1277.7803456640104,4,64.25,0,2,0,5,0,0,7
1278.7940869359882,4,71.0,0,1,0,5,0,0,6
1279.8054638259928,4,40.25,0,1,1,5,0,0,7
1280.819272666995,4,53.25,1,1,1,3,2,0,7
1281.8329325289815,4,46.75,2,1,1,2,3,0,7
1282.8470488460152,4,46.5,0,5,1,3,0,0,9
1283.8583250530064,4,70.75,0,1,1,7,0,0,9
1284.8725040979916,4,71.0,0,2,1,7,0,0,10
1285.8853668359807,4,47.0,0,1,0,9,0,0,10
1286.897488216986,4,53.5,0,1,1,9,0,0,11
1287.909658740973,4,76.5,0,0,1,8,1,0,10
1288.924600896018,4,72.0,0,0,0,9,0,0,9
1289.9383377219783,4,51.0,0,1,1,7,0,0,9
1290.952681722003,4,23.25,0,0,1,7,0,0,8
1291.9662357160123,4,46.75,0,0,1,8,0,0,9
1292.9787575170049,4,70.5,0,0,0,8,0,1,9
1293.9919098039973,4,92.0,0,1,0,8,0,0,9
1295.0061423460138,4,65.5,0,1,1,6,0,0,8
1296.0197644410073,4,71.0,2,1,1,5,1,0,8
1297.033884752018,4,22.5,0,3,0,3,0,1,7
1298.0481821550056,4,46.5,0,1,0,4,0,0,5
1299.0619286019937,4,95.25,0,0,0,5,0,0,5
1300.0760706299916,4,69.25,0,0,0,5,0,0,5
1301.0899525380228,4,61.75,0,0,0,5,0,0,5
1302.103505616018,4,46.75,0,1,0,3,2,0,6
1303.117582432984,4,47.75,0,1,1,3,0,0,5
1304.1315544939716,4,57.5,0,1,0,5,0,0,6
1305.1451182930032,4,46.5,1,0,3,5,0,0,8
1306.159729956009,4,24.75,0,2,3,5,0,0,10
1307.1735667280154,4,47.5,0,2,3,4,1,0,10
1308.1874232820119,4,24.0,1,2,3,1,4,0,10
1309.1996989379986,4,41.5,0,1,2,4,0,0,7
1310.2135427530156,4,43.0,0,0,1,5,0,0,6
1311.2273394839722,4,25.0,0,2,0,6,0,0,8
1312.2417134059942,4,41.25,0,2,0,7,0,0,9
1313.2556358210277,4,25.0,0,2,0,7,0,0,9
1314.2670340199838,4,47.0,0,0,1,7,0,1,9
1315.2809011120116,4,70.0,0,0,1,7,0,1,9
1316.2932495020214,4,27.0,1,1,1,5,1,0,8
1317.3073074480053,4,49.75,0,4,0,7,0,0,11
1318.3211529860273,4,39.25,1,4,0,7,0,0,11
1319.3354181849863,4,47.25,0,2,2,6,0,0,10
1320.347504130972,4,39.75,0,0,2,5,3,0,10
1321.3649949259707,4,23.5,0,1,2,4,0,0,7
1322.376144665992,4,7.75,0,1,2,4,1,0,8
1323.3877682199818,4,46.75,0,3,3,4,0,1,11
1324.4014525890234,4,71.0,1,3,1,6,0,1,11
1325.41559903702,4,17.0,0,2,4,7,0,0,13
1326.4295374680078,4,71.0,0,1,3,9,0,0,13
1327.443474557018,4,67.0,0,1,2,11,0,0,14
1328.4573732020217,4,44.0,0,0,1,10,0,0,11
1329.4710240709828,4,24.25,0,1,1,6,0,1,9
1330.4848145369906,4,31.5,0,2,4,6,0,0,12
1331.498977975978,4,54.5,0,0,2,10,0,0,12
1332.512443132,4,90.0,0,0,0,10,1,0,11
1333.5267712150235,4,58.0,5,1,0,7,1,1,10
1334.540490125015,4,93.5,6,1,0,6,2,1,10
1335.549674490001,4,63.25,1,10,0,6,0,0,16
1336.5633802780067,4,42.0,0,3,4,9,0,0,16
1337.5778498349828,4,57.25,4,1,4,9,2,0,16
1338.5892121830257,4,46.5,6,1,4,3,8,0,16
1339.6038276010077,4,40.5,0,2,7,5,0,0,14
1340.615790664975,4,38.5,2,2,4,8,2,0,16
1341.6285596910166,4,13.0,2,2,5,8,1,0,16
1342.6426117509836,4,38.25,4,3,2,7,2,2,16
1343.6561725820065,4,21.0,2,3,1,11,0,1,16
1344.6684195059934,4,69.25,0,1,3,10,2,0,16
1345.6762012420222,4,60.25,0,0,0,11,1,0,12
1346.6900117049809,4,94.0,0,0,0,5,0,0,5
1347.7039362529758,4,47.0,0,3,0,3,0,0,6
1348.717017773015,4,24.25,0,3,1,4,0,0,8
1349.7307119700126,4,72.75,0,3,1,4,0,0,8
1350.743080884975,4,66.0,0,3,3,4,0,0,10
1351.757247851987,4,26.5,0,2,1,8,0,0,11
1352.77123771701,4,48.75,0,4,1,5,0,0,10
1353.7849146450171,4,36.75,0,2,3,4,1,1,11
1354.7988060530042,4,48.5,0,0,2,5,2,1,10
1355.8108272500103,4,65.0,0,2,1,5,1,0,9
1356.8231963120052,4,34.75,0,3,2,5,0,2,12
1357.8350366179948,4,46.75,1,3,1,5,1,0,10
1358.8459767249878,4,40.25,0,4,1,4,1,1,11
1359.8602480959962,4,22.25,0,2,4,3,0,0,9
1360.8725806499715,4,47.0,0,2,4,2,1,0,9
1361.8861962819938,4,23.5,0,1,5,1,0,2,9
1362.8989190710126,4,0.0,0,1,3,4,0,0,8
1363.914837141987,4,48.25,0,3,2,2,0,2,9
1364.9263840109925,4,25.0,0,3,4,2,0,1,10
1365.9402830419713,4,25.0,0,1,4,5,0,0,10
1366.9516392279766,4,49.5,0,1,2,6,1,0,10
1367.9656716739992,4,46.0,0,0,1,7,0,0,8
1368.9800731900032,4,48.25,0,1,1,8,0,0,10
1369.9943824990187,4,11.0,0,1,0,10,0,1,12
1371.007679440023,4,47.75,0,1,0,10,0,1,12
1372.022586370993,4,25.25,0,0,0,10,0,0,10
1373.0385327080148,4,58.5,0,1,0,8,1,0,10
1374.0547618619748,4,58.75,0,1,0,9,0,0,10
1375.069798787008,4,69.75,2,1,0,8,1,0,10
1376.0847055069753,4,70.0,3,1,0,8,1,0,10
1377.0987387709902,4,40.75,0,3,0,7,1,1,12
1378.1125076980097,4,67.25,0,0,1,7,0,0,8
1379.127029930998,4,42.25,0,1,0,7,1,0,9
1380.1405808239942,4,71.5,3,1,0,4,3,1,9
1381.1530181720154,4,15.75,0,2,3,3,0,0,8
1382.166897788993,4,47.75,1,1,2,5,0,0,8
1383.1809011480073,4,30.5,0,2,1,6,0,0,9
1384.1951533749816,4,72.0,0,2,0,6,1,0,9
1385.208573582,4,70.0,0,2,0,4,3,0,9
1386.2223334119772,4,49.0,0,2,1,4,0,0,7
1387.2360439510085,4,47.5,0,5,1,4,0,0,10
1388.24814469798,4,24.75,0,6,1,4,0,0,11
1389.2623743800214,4,48.0,0,5,2,5,0,1,13
1390.276115294022,4,8.75,0,6,2,8,0,0,16
1391.2894587889896,4,64.25,2,0,4,10,0,1,15
1392.3032818040228,4,27.5,1,3,4,7,1,1,16
1393.3201988480287,4,71.75,3,2,4,9,0,1,16
1394.3330780839897,4,26.25,4,2,4,9,1,0,16
1395.3469383930205,4,94.5,5,2,4,2,8,0,16
1396.3611295269802,4,23.5,5,1,4,2,0,9,16
1397.373221507005,4,23.25,0,2,7,3,0,0,12
1398.387511693989,4,23.25,0,1,3,8,0,0,12
1399.4013342760154,4,63.75,0,1,2,6,3,0,12
1400.4132338410127,4,95.75,0,5,0,7,0,0,12
1401.4257892409805,4,9.5,0,1,3,9,0,0,13
1402.4427845180035,4,94.5,0,2,2,9,0,1,14
1403.4565534709836,4,30.25,0,2,2,5,1,3,13
1404.470515967987,4,47.75,0,1,1,8,0,0,10
1405.484350699,4,69.25,0,0,0,10,0,0,10
1406.4987138520228,4,69.5,0,0,0,9,0,0,9
1407.5176236099796,4,94.25,1,0,0,7,2,0,9
1408.5319193460164,4,92.75,0,3,0,4,2,0,9
1409.545637645002,4,47.0,0,0,2,5,0,0,7
1410.560533335025,4,95.75,0,0,0,7,0,0,7
1411.574703797989,4,70.0,0,0,0,6,1,0,7
1412.5866632669931,4,58.0,0,3,0,5,0,0,8
1413.6012704959721,4,0.0,0,1,2,5,0,0,8
1414.615092788008,4,45.5,0,1,1,6,0,0,8
1415.6288623629953,4,57.0,0,2,0,6,0,0,8
1416.6435054970207,4,46.5,0,0,1,7,0,0,8
1417.6522366569843,4,58.0,0,1,1,8,0,0,10
1418.6662595570087,4,71.75,0,2,0,9,0,0,11
1419.6802177579957,4,85.5,0,2,0,9,1,0,12
1420.6946510900161,4,34.0,0,1,1,9,0,0,11
1421.7084250909975,4,45.75,0,2,1,7,0,2,12
1422.7224240439828,4,37.5,0,0,2,8,0,0,10
1423.736649147002,4,41.25,0,2,0,10,0,0,12
1424.7479540940258,4,57.75,0,0,1,11,0,0,12
1425.7576648870017,4,54.75,0,0,0,10,0,2,12
1426.772540060978,4,45.25,1,2,0,9,0,1,12
1427.7870091510122,4,37.5,0,0,1,10,0,0,11
1428.80117857398,4,51.25,0,0,0,11,0,0,11
1429.8133933080244,4,68.5,0,0,0,8,3,0,11
1430.8277533000219,4,94.0,5,0,0,6,5,0,11
1431.8420899619814,4,93.5,8,0,0,6,0,5,11
1432.855609626975,4,7.25,1,1,8,7,0,0,16
1433.8698691370082,4,69.75,1,1,3,10,1,1,16
1434.8814787049778,4,65.75,2,1,1,9,2,2,15
1435.8956581879756,4,94.25,0,5,1,6,0,3,15
1436.908780488011,4,30.25,5,4,1,6,1,0,12
1437.9226830480038,4,93.0,2,5,4,4,1,2,16
1438.9378808949841,4,46.0,6,5,2,4,3,2,16
1439.9521779760253,4,52.0,4,3,7,6,0,0,16
1440.9663938140147,4,25.0,5,1,4,7,0,4,16
1441.9806480329717,4,95.5,1,5,1,8,1,1,16
1442.9942606639815,4,64.0,2,5,1,5,4,0,15
1444.008283149975,4,23.5,0,6,4,4,0,2,16
1445.0223978059948,4,64.75,0,7,2,2,2,2,15
1446.0357104890281,4,47.5,1,7,2,2,2,2,15
1447.0481804540032,4,45.75,3,10,1,2,0,3,16
1448.0618847489823,4,34.0,2,6,4,6,0,0,16
1449.0760749229812,4,31.25,3,0,5,10,0,1,16
1450.0898215870257,4,71.75,4,0,4,8,3,1,16
1451.1040219169809,4,47.75,0,4,3,7,0,0,14
1452.1182207040256,4,71.75,4,4,3,5,2,0,14
1453.1299452200183,4,70.25,2,8,1,6,0,1,16
1454.137909593992,4,25.0,3,1,6,8,1,0,16
1455.1508700849954,4,41.75,3,3,3,9,0,1,16
1456.1649840329774,4,47.75,4,3,3,5,4,1,16
1457.1789952269755,4,95.0,4,3,3,5,0,5,16
1458.193136212998,4,49.25,0,5,2,8,0,0,15
1459.207655242004,4,36.0,0,1,4,10,0,0,15
1460.221339400974,4,73.25,0,1,3,8,3,0,15
1461.2355269009713,4,93.75,0,1,3,6,5,0,15
1462.2494320920086,4,47.75,0,0,3,5,0,0,8
1463.2633170839981,4,50.25,0,0,1,7,0,0,8
1464.276594253024,4,0.0,0,5,0,5,0,0,10
1465.2908479620237,4,47.5,3,5,0,3,2,0,10
1466.305330262985,4,46.75,4,5,0,2,1,2,10
1467.3187274020165,4,23.5,2,8,1,1,0,2,12
1468.33106249501,4,3.75,0,5,4,3,1,0,13
1469.3422631369904,4,39.5,0,4,4,4,2,0,14
1470.3546052859747,4,66.0,0,4,1,6,0,0,11
1471.3666338130133,4,57.25,0,3,1,4,3,0,11
1472.380331237975,4,70.25,0,0,2,6,0,0,8
1473.3940817830153,4,72.75,0,0,1,7,0,0,8
1474.4060756540275,4,69.75,7,0,1,6,1,0,8
1475.4170909399982,4,71.0,2,8,0,6,0,2,16
1476.4303461450036,4,24.0,0,10,0,6,0,0,16
1477.4465904139797,4,48.0,3,3,5,8,0,0,16
1478.458894609008,4,48.5,4,0,7,7,0,2,16
1479.4722939049825,4,29.25,1,5,5,5,0,1,16
1480.4858742519864,4,19.25,2,6,1,8,1,0,16
1481.5001668600016,4,0.0,0,2,4,9,0,1,16
1482.5139935180196,4,71.5,1,1,5,6,1,2,15
1483.5275825100252,4,78.0,0,1,2,9,0,0,12
1484.5407200889895,4,74.0,0,0,1,9,2,0,12
1485.5543513940065,4,93.0,3,0,1,5,6,0,12
1486.5683555019787,4,62.25,1,4,0,6,0,1,11
1487.5821073030238,4,47.25,0,5,1,4,0,2,12
1488.596537304984,4,0.0,0,0,6,4,0,0,10
1489.6164458550047,4,38.75,0,1,1,9,0,0,11
1490.6292587670032,4,67.75,0,0,1,11,0,0,12
1491.6425825500046,4,95.0,0,0,1,11,0,0,12
1492.6566991350264,4,94.5,0,0,1,9,2,0,12
1493.670266420988,4,54.0,0,0,1,9,0,0,10
1494.684811617015,4,96.5,0,1,2,10,0,0,13
1495.6992076879833,4,24.5,0,1,1,9,2,0,13
1496.7129074130207,4,94.75,0,1,1,7,3,1,13
1497.7273644909728,4,71.0,0,0,2,8,0,0,10
1498.7412604130222,4,69.25,0,0,0,9,0,0,9
1499.7551015319768,4,47.25,0,2,0,9,0,0,11
1500.7686773649766,4,68.5,0,2,0,5,4,0,11
1501.7824700190104,4,29.25,0,3,0,4,0,3,10
1502.7965591080138,4,11.5,0,2,2,3,0,0,7
1503.8095455199946,4,12.75,0,2,0,4,0,1,7
1504.8226017130073,4,47.0,0,1,1,4,0,0,6
1505.835636431002,4,9.0,0,0,0,5,0,0,5
1506.8494594459771,4,46.25,0,2,0,5,0,0,7
1507.863489100011,4,47.0,0,3,0,5,0,0,8
1508.8765196260065,4,33.0,2,3,0,4,1,0,8
1509.8907868069946,4,22.5,0,2,3,3,0,0,8
1510.904960987973,4,21.5,0,1,1,6,0,0,8
1511.918634250993,4,70.75,0,0,1,6,0,0,7
1512.9329496719874,4,42.75,0,0,0,7,0,0,7
1513.946749426017,4,70.75,0,0,0,5,0,0,5
1514.9600028590066,4,23.25,0,0,0,5,0,0,5
1515.9727904030005,4,24.0,0,0,0,3,1,0,4
1516.9864879579982,4,48.0,2,0,0,3,0,1,4
1518.0006207340048,4,4.25,0,3,1,2,0,0,6
1519.0133362499764,4,46.75,0,2,0,5,0,0,7
1520.0273954910226,4,48.25,0,0,1,6,0,0,7
1521.0415785479709,4,47.25,1,2,0,7,0,0,9
1522.0548211099813,4,70.5,1,2,0,4,3,0,9
1523.0673325579846,4,33.25,0,2,1,3,0,1,7
1524.0788997130003,4,23.0,0,2,0,4,0,1,7
1525.0904729029862,4,60.5,1,0,1,4,0,0,5
1526.1070271899807,4,42.5,0,1,2,4,0,0,7
1527.1215173450182,4,35.25,0,0,0,6,0,0,6
1528.1354608020047,4,46.75,0,0,0,5,1,0,6
1529.1493989179726,4,38.0,1,1,0,4,1,0,6
1530.1637363960035,4,36.25,0,1,2,5,0,0,8
1531.177008808998,4,26.25,0,2,0,8,0,0,10
1532.1895330550033,4,72.5,0,0,1,9,0,0,10
1533.2009270149865,4,35.0,0,1,0,9,0,1,11
1534.2120177950128,4,95.0,1,1,0,7,2,0,10
1535.2261168229743,4,38.75,0,3,0,5,0,0,8
1536.2374896690017,4,26.0,0,0,2,5,0,0,7
1537.251412883983,4,50.5,0,1,2,5,0,0,8
1538.2685267740162,4,46.5,1,1,2,3,2,0,8
1539.2816335089738,4,47.75,1,1,2,3,2,0,8
1540.2954602920217,4,35.0,0,3,2,4,0,0,9
1541.307653434982,4,2.75,0,2,1,7,0,0,10
1542.3210593219846,4,14.5,0,1,0,9,0,0,10
1543.335239202017,4,46.5,0,0,0,6,0,1,7
1544.3489083470195,4,53.0,0,1,2,6,0,0,9
1545.362689970003,4,71.0,0,1,1,6,0,0,8
1546.3767017489881,4,31.75,0,1,0,6,0,1,8
1547.3904278730042,4,29.25,0,0,1,7,0,0,8
1548.4046173359966,4,70.75,0,0,0,7,0,0,7
1549.4185584359802,4,47.25,0,0,0,4,1,1,6
1550.4326091210241,4,3.25,0,0,1,4,0,0,5
1551.4445610870025,4,47.25,0,5,0,4,0,1,10
1552.4582030440215,4,37.25,0,4,1,4,0,0,9
1553.4714465760044,4,71.0,0,6,1,4,0,0,11
1554.4851385880029,4,24.5,0,0,5,5,0,0,10
1555.4978740449878,4,26.0,0,2,2,8,0,0,12
1556.509733853978,4,69.75,3,2,1,5,4,0,12
1557.5231920140213,4,60.75,0,5,2,5,0,2,14
1558.5344702840084,4,55.0,0,1,4,7,0,1,13
1559.5466078420286,4,39.5,1,3,2,8,0,1,14
1560.5587492110208,4,93.75,2,2,3,4,4,1,14
1561.570652229013,4,66.0,0,2,5,3,0,4,14
1562.5831084760139,4,27.0,0,3,4,5,0,0,12
1563.5953457789728,4,49.75,0,3,2,5,2,0,12
1564.6063539700117,4,24.25,0,1,4,5,0,3,13
1565.6202186400187,4,71.75,0,1,2,7,0,3,13
1566.6340901859803,4,72.5,1,0,1,8,0,0,9
1567.6477216500207,4,74.25,0,2,1,4,2,2,11
1568.6615972910076,4,0.0,0,1,3,6,0,0,10
1569.6756099699996,4,45.5,0,2,2,5,2,0,11
1570.6893935829867,4,47.75,0,2,2,4,3,0,11
1571.7034290269949,4,47.0,1,2,2,4,3,0,11
1572.7170349999797,4,46.0,0,0,4,5,0,0,9
1573.7317885759985,4,48.25,0,0,2,5,0,0,7
1574.7457989149843,4,60.5,2,0,2,5,0,0,7
1575.7544533379842,4,70.5,3,0,2,5,0,0,7
1576.7674115389818,4,46.5,3,0,2,2,3,0,7
1577.7809905600152,4,38.25,0,6,1,3,0,0,10
1578.7951087600086,4,22.5,0,1,5,4,0,0,10
1579.8086354840198,4,27.5,0,1,5,5,0,0,11
1580.8222092239885,4,47.5,1,1,5,5,0,0,11
1581.8358886850183,4,38.0,0,0,3,8,0,0,11
1582.8481809860095,4,63.25,0,0,3,8,0,0,11
1583.8619750469807,4,71.5,0,1,2,5,0,0,8
1584.8744234020123,4,0.0,0,1,3,3,0,1,8
1585.8871750929975,4,24.0,0,0,2,4,1,0,7
1586.898616018996,4,71.0,0,1,1,3,0,2,7
1587.9115655409987,4,35.25,0,1,1,3,0,0,5
1588.925715533027,4,24.0,0,0,0,5,0,0,5
1589.9387664020178,4,46.25,1,0,0,4,1,0,5
1590.9565365539747,4,47.25,0,3,0,4,0,1,8
1591.9695242550224,4,21.5,0,1,2,5,0,0,8
1592.9826025529765,4,47.25,1,1,2,3,2,0,8
1593.9966323869885,4,15.5,0,4,1,4,0,2,11
1595.0110997500014,4,46.5,2,4,0,5,0,0,9
1596.0233575680177,4,27.0,0,2,2,7,0,0,11
1597.037664797972,4,47.0,0,0,2,10,0,0,12
1598.0515570850112,4,71.0,0,0,1,10,1,0,12
1599.0651141100097,4,70.0,0,0,1,6,4,1,12
1600.0786950910115,4,71.0,3,0,1,4,5,2,12
1601.0923979409854,4,23.5,0,1,1,6,0,0,8
1602.1062510110205,4,67.0,0,2,0,6,0,0,8
1603.114014967985,4,70.0,0,0,1,7,0,0,8
1604.121462501993,4,71.0,0,1,1,8,0,0,10
1605.1348379889969,4,66.0,0,0,0,7,1,0,8
1606.147863538994,4,81.0,0,1,0,6,0,0,7
1607.1613336660084,4,48.5,2,0,0,6,0,0,6
1608.174899242993,4,71.0,0,1,0,4,1,1,7
1609.189265575027,4,46.0,0,2,1,3,0,1,7
1610.20287451701,4,70.5,2,2,1,2,1,1,7
1611.2164136199863,4,23.25,4,2,1,1,2,1,7
1612.2305520239752,4,0.0,0,6,3,0,0,0,9
1613.2442815289833,4,0.0,0,0,4,4,1,0,9
1614.2574710869812,4,17.0,5,0,2,6,0,0,8
1615.2683811800089,4,49.75,0,7,1,6,0,1,15
1616.2813161420054,4,46.75,0,8,0,5,1,0,14
1617.2951049720286,4,24.25,0,3,6,7,0,0,16
1618.3084589110222,4,7.75,0,0,7,9,0,0,16
1619.3223588709952,4,81.75,0,0,5,6,0,1,12
1620.3363028630265,4,47.5,1,0,3,5,3,0,11
1621.3502326650196,4,47.75,2,0,3,3,2,3,11
1622.3640038580052,4,45.25,0,4,2,3,0,0,9
1623.3786236689775,4,44.25,0,3,4,5,0,0,12
1624.3923271719832,4,10.5,0,2,4,8,0,0,14
1625.4063048490207,4,70.5,2,2,3,6,2,1,14
1626.417939913983,4,69.25,0,4,5,6,0,0,15
1627.4321861800272,4,47.5,0,2,5,9,0,0,16
1628.445769139973,4,57.75,0,2,4,6,2,0,14
1629.4596445779898,4,66.0,1,1,6,6,0,0,13
1630.4736111329985,4,13.0,2,2,4,7,1,0,14
1631.4874933600076,4,31.75,0,0,4,11,0,0,15
1632.5016713010264,4,24.0,2,2,1,10,2,1,16
1633.5141402300214,4,94.25,3,2,0,7,5,2,16
1634.5253720399924,4,71.25,3,2,0,4,3,7,16
1635.5390232069767,4,46.0,0,2,3,4,0,0,9
1636.5534537070198,4,24.25,0,2,1,5,0,0,8
1637.5667627400253,4,47.0,0,0,3,4,0,1,8
1638.5805628970265,4,53.0,0,0,1,4,0,0,5
1639.5938797409763,4,47.0,0,0,0,5,0,0,5
1640.607225891028,4,71.75,1,0,0,3,2,0,5
1641.6214487639954,4,15.75,0,1,0,2,0,0,3
1642.6354330090107,4,24.0,0,1,0,3,0,0,4
1643.6465427239891,4,21.25,0,1,0,3,0,0,4
1644.6603663790156,4,46.25,2,1,0,3,0,0,4
1645.6745880299713,4,29.5,0,7,1,3,0,0,11
1646.689144961012,4,25.0,0,6,2,5,0,0,13
1647.7028964469791,4,51.5,0,4,3,6,1,1,15
1648.7168781079818,4,83.75,0,4,1,6,3,1,15
1649.7303020040272,4,70.5,1,3,2,5,3,2,15
1650.7414935000124,4,52.5,0,4,2,10,0,0,16
1651.752659639984,4,46.0,0,0,5,9,2,0,16
1652.7664297029842,4,70.25,0,0,2,5,5,1,13
1653.778269121016,4,51.25,0,3,1,6,0,0,10
1654.7922146940255,4,69.25,0,5,3,7,0,0,15
1655.8060070719803,4,46.75,1,2,7,6,0,1,16
1656.8202201420208,4,47.25,2,3,5,8,0,0,16
1657.8334864350036,4,81.75,2,3,5,5,3,0,16
1658.846207760973,4,70.5,2,4,6,5,0,1,16
1659.8544824370183,4,21.75,1,5,5,6,0,0,16
1660.867973801971,4,60.25,4,2,3,10,0,1,16
1661.8822468669969,4,70.25,4,1,2,12,1,0,16
1662.8968251129845,4,70.5,0,4,4,7,1,0,16
1663.9105370200123,4,67.0,1,4,4,4,4,0,16
1664.9231340530096,4,46.5,2,4,4,2,6,0,16
1665.9370037550107,4,25.0,0,5,5,3,0,2,15
1666.9507541269995,4,30.0,0,7,2,5,0,0,14
1667.9647861049743,4,0.0,0,0,5,7,2,0,14
1668.9785919000278,4,23.5,1,0,4,6,0,4,14
1669.992713530024,4,68.0,0,1,4,5,0,1,11
1671.0059115809854,4,6.5,0,2,4,6,0,0,12
1672.0170940890093,4,3.0,0,2,1,9,0,0,12
1673.0286662009894,4,52.75,1,1,1,8,1,1,12
1674.040951995994,4,70.75,3,1,1,6,3,1,12
1675.0525824730285,4,69.75,0,4,2,5,0,2,13
1676.0667972230003,4,50.75,0,6,2,4,0,1,13
1677.0807989310124,4,0.0,0,5,0,8,0,0,13
1678.094755675993,4,24.75,1,1,3,6,2,1,13
1679.1059092279756,4,28.25,0,1,5,7,0,0,13
1680.120242236997,4,69.25,0,1,4,4,4,0,13
1681.1338762890082,4,47.0,0,1,4,5,0,4,14
1682.1471182189998,4,31.25,0,0,2,6,1,1,10
1683.1609543259838,4,20.0,0,2,3,6,0,0,11
1684.1730950709898,4,48.0,1,2,1,5,3,0,11
1685.1877834739862,4,46.25,0,6,0,6,0,3,15
1686.2018032430205,4,24.0,0,5,1,5,1,0,12
1687.2161212090286,4,53.25,0,0,1,8,1,0,10
1688.2300231810077,4,46.25,1,2,1,7,1,1,12
1689.2437234650133,4,94.25,1,2,1,6,2,1,12
1690.2566655550036,4,70.25,2,2,1,5,3,1,12
1691.2702438799897,4,29.25,0,8,0,5,0,0,13
1692.2823448160198,4,40.0,0,2,1,11,0,1,15
1693.2957787450287,4,19.75,1,3,3,10,0,0,16
1694.3087507309974,4,47.25,6,3,4,9,0,0,16
1695.3201375060016,4,18.5,8,1,2,12,1,0,16
1696.3326519560069,4,93.5,13,1,1,10,3,1,16
1697.3455252550193,4,83.25,10,8,0,6,1,1,16
1698.3598970039748,4,70.5,10,7,1,3,4,1,16
1699.3737352049793,4,23.0,10,7,2,2,0,5,16
1700.390282434004,4,23.0,6,11,3,2,0,0,16
1701.4047681320226,4,0.0,6,8,4,3,0,1,16
1702.418636272021,4,31.75,5,1,8,6,1,0,16
1703.4312951290049,4,68.5,4,2,5,7,1,1,16
1704.4447968230234,4,26.0,1,4,4,7,0,1,16
1705.4580613059807,4,33.75,3,2,6,8,0,0,16
1706.4722623639973,4,11.0,5,1,4,9,1,1,16
1707.4861148810014,4,94.25,6,1,1,6,5,3,16
1708.5006600859924,4,69.75,5,3,1,6,0,6,16
1709.5177732480224,4,71.25,4,7,3,5,1,0,16
1710.5321721120272,4,36.5,7,1,5,10,0,0,16
1711.5457231709734,4,48.25,14,1,3,8,4,0,16
1712.5595945219975,4,83.0,14,1,3,12,0,0,16
1713.5729639289784,4,64.0,16,0,2,10,4,0,16
1714.5873223760282,4,85.75,15,3,1,10,0,2,16
1715.6009007859975,4,84.0,15,3,1,5,5,2,16
1716.615512178978,4,58.25,9,6,5,5,0,0,16
1717.629989559995,4,12.75,10,0,7,9,0,0,16
1718.6414023879915,4,50.0,10,0,3,11,2,0,16
1719.6555628270144,4,76.5,10,0,1,5,0,10,16
1720.6689458889887,4,36.75,3,5,6,5,0,0,16
1721.6811506469967,4,69.25,7,1,8,4,1,2,16
1722.6930694159819,4,48.5,8,2,7,2,0,5,16
1723.7002605699818,4,0.0,4,2,9,4,0,1,16
1724.7139956299798,4,48.5,7,1,8,7,0,0,16
1725.7248651320115,4,6.25,8,1,3,9,2,1,16
1726.7370380429784,4,76.0,5,2,3,10,0,1,16
1727.7513515210012,4,54.25,3,2,3,10,1,0,16
1728.7643909439794,4,72.75,4,2,3,8,3,0,16
1729.7779872239917,4,12.25,1,5,0,9,0,2,16
1730.7922486710013,4,68.5,0,2,4,9,0,0,15
1731.805974007002,4,49.25,1,4,4,8,0,0,16
1732.820301358006,4,70.0,5,1,6,8,0,1,16
1733.8325312709785,4,36.0,7,1,4,10,1,0,16
1734.8476243040059,4,71.75,14,1,4,8,3,0,16
1735.8612660419894,4,94.75,15,1,3,10,0,2,16
1736.8749618040165,4,57.0,15,3,3,6,1,3,16
1737.889290704974,4,46.5,11,9,1,4,0,2,16
1738.9031794060138,4,40.5,10,1,8,7,0,0,16
1739.9171866310062,4,5.25,10,1,3,12,0,0,16
1740.9315443799715,4,48.25,13,1,1,9,5,0,16
1741.945439447998,4,93.25,13,1,1,6,8,0,16
1742.9590346760233,4,71.0,13,1,1,4,0,10,16
1743.9734055940062,4,24.5,3,11,1,4,0,0,16
1744.9871826319722,4,67.25,3,0,8,8,0,0,16
1746.0014197350247,4,2.0,5,0,8,5,3,0,16
1747.015040230006,4,47.25,5,0,5,7,3,1,16
1748.0287238570163,4,69.75,8,0,5,4,6,1,16
1749.040018768981,4,48.0,4,3,8,5,0,0,16
1750.0540335269761,4,44.0,4,1,5,8,1,1,16
1751.0683720589732,4,67.25,2,2,3,9,1,1,16
1752.0822836069856,4,69.75,0,4,1,10,0,0,15
1753.0956977219903,4,29.25,1,1,5,10,0,0,16
1754.1095198169933,4,50.75,2,1,3,10,0,2,16
1755.1233043919783,4,47.75,1,2,1,11,1,1,16
1756.1374267109786,4,96.5,0,2,1,10,0,1,14
1757.1513528290088,4,89.0,0,0,0,12,0,0,12
1758.1655106950202,4,82.25,1,0,0,9,2,0,11
1759.1793959789793,4,93.25,1,0,0,8,3,0,11
1760.1932285189978,4,85.75,0,1,0,7,1,3,12
1761.2074011099758,4,71.0,0,0,1,4,0,0,5
1762.2212877920247,4,47.5,0,1,1,4,0,0,6
1763.2352928229957,4,46.0,0,0,1,5,0,0,6
1764.2496142609743,4,23.25,1,1,0,5,0,1,7
1765.262259059993,4,69.75,0,3,0,3,0,3,9
1766.2765886990237,4,43.0,0,4,1,2,1,0,8
1767.290021865978,4,46.75,0,4,1,1,2,0,8
1768.304009251995,4,24.0,0,4,1,1,2,0,8
1769.3161534100072,4,24.25,0,0,2,4,0,0,6
1770.3296198240132,4,67.75,0,0,0,6,0,0,6
1771.3430130460183,4,89.5,0,0,0,6,0,0,6
1772.3567463529762,4,70.5,2,0,0,3,0,3,6
1773.3694171169773,4,43.25,0,3,1,3,0,0,7
1774.3828567690216,4,0.0,0,0,0,7,0,0,7
1775.3969240859733,4,48.0,3,0,0,6,1,0,7
1776.411501109018,4,47.25,4,0,0,4,3,0,7
1777.424941661011,4,47.75,6,0,0,2,5,0,7
1778.4392990909982,4,23.25,1,7,1,2,0,0,10
1779.4527564009768,4,36.0,0,2,2,6,0,0,10
1780.466870875971,4,48.75,2,4,1,4,0,1,10
1781.4823113770108,4,32.25,0,7,1,5,0,0,13
1782.495536908973,4,46.0,1,4,3,5,0,0,12
1783.5097253129934,4,29.75,1,4,5,5,2,0,16
1784.5234903609962,4,24.0,3,4,2,8,1,0,15
1785.5302718339954,4,71.0,4,4,2,3,6,0,15
1786.5449497220106,4,47.75,3,2,4,3,0,7,16
1787.5591211339924,4,43.5,0,5,4,5,0,0,14
1788.5718045799877,4,0.0,0,1,3,9,0,1,14
1789.5859086969867,4,53.25,0,1,2,10,0,1,14
1790.6000715289847,4,72.25,0,2,1,10,0,0,13
1791.6137626600103,4,90.0,0,2,1,11,0,1,15
1792.629827420984,4,57.25,0,2,1,10,2,0,15
1793.643649198988,4,94.0,0,2,0,8,0,6,16
1794.6574752890156,4,42.25,1,2,0,7,1,1,11
1795.6721162680187,4,70.25,0,4,2,5,1,0,12
1796.6857615279732,4,25.75,1,2,3,6,0,0,11
1797.6998597520287,4,87.25,0,5,2,6,1,1,15
1798.7142029349925,4,15.0,0,5,2,4,0,0,11
1799.7262280259747,4,47.75,0,0,2,8,0,0,10
1800.7384777099942,4,42.5,0,1,2,6,2,0,11
1801.750717288989,4,71.0,0,2,2,5,1,2,12
1802.7652167460183,4,58.5,0,1,1,7,0,1,10
1803.7789614599897,4,62.75,0,5,1,4,1,0,11
1804.7914233839838,4,52.0,0,4,2,2,2,1,11
1805.8050517740194,4,23.75,0,3,3,1,0,2,9
1806.8188462259714,4,46.5,0,0,5,3,0,0,8
1807.8317895670189,4,35.5,0,1,1,6,1,0,9
1808.8454491840093,4,19.25,1,0,1,7,0,0,8
1809.8593141380115,4,70.0,0,4,1,7,0,1,13
1810.8711528819986,4,47.25,0,4,1,6,1,1,13
1811.8852977710194,4,71.0,1,4,1,5,1,1,12
1812.8992733869818,4,31.0,1,4,1,5,0,0,10
1813.913425835024,4,52.75,0,0,4,7,0,0,11
1814.9272707250202,4,48.0,1,0,1,10,0,0,11
1815.9414319240022,4,31.75,0,2,0,10,0,0,12
1816.9558294710005,4,74.0,0,2,1,10,0,0,13
1817.9688987819827,4,69.75,0,0,1,8,0,1,10
1818.9831493109814,4,47.5,0,0,0,8,0,0,8
1819.9940762179904,4,48.75,0,1,2,8,0,0,11
1821.0080202950048,4,46.75,0,0,0,9,0,0,9
1822.0215157829807,4,55.25,0,1,0,9,0,1,11
1823.0355900080176,4,59.25,0,0,2,10,0,0,12
1824.049300750019,4,55.0,0,0,0,9,0,0,9
1825.063298625988,4,27.75,0,0,0,9,0,0,9
1826.0801056670025,4,71.25,0,2,0,7,1,0,10
1827.0943748789723,4,42.5,0,3,2,4,1,0,10
1828.1057589880074,4,55.5,0,1,3,5,0,0,9
1829.1209085569717,4,37.0,0,0,1,8,0,0,9
1830.1346860000049,4,71.0,1,0,1,6,2,0,9
1831.1487511409796,4,70.5,1,0,1,4,4,0,9
1832.1625835230225,4,40.5,0,2,3,2,0,1,8
1833.1762776590185,4,29.75,0,1,2,4,0,0,7
1834.1873467279947,4,28.0,0,1,1,5,0,0,7
1835.2015992220258,4,46.75,0,1,2,5,0,0,8
1836.216418142023,4,31.5,0,3,0,6,0,0,9
1837.2299955060007,4,6.75,0,3,1,4,0,1,9
1838.243859987997,4,49.75,0,0,3,5,0,0,8
1839.2550228529726,4,25.25,0,1,0,7,0,0,8
1840.268129235017,4,57.25,0,1,0,5,0,0,6
1841.2809506870108,4,22.25,0,0,2,5,0,0,7
1842.2965106240008,4,59.5,0,1,0,6,0,0,7
1843.314003802021,4,93.75,0,0,0,6,0,0,6
1844.3271517410176,4,49.5,1,0,0,4,0,1,5
1845.3408026479883,4,69.75,0,2,0,2,0,1,5
1846.3550778530189,4,10.5,0,2,0,2,1,0,5
1847.368473763985,4,23.0,0,1,1,1,0,0,3
1848.3827418260043,4,35.75,0,0,1,2,0,0,3
1849.396985044994,4,23.75,0,0,0,3,0,0,3
1850.4087807679898,4,24.0,0,3,0,2,0,0,5
1851.4223921879893,4,31.75,0,4,0,2,0,0,6
1852.434364308021,4,24.0,0,0,1,5,0,0,6
1853.4484239090234,4,56.75,0,1,0,5,0,1,7
1854.4601696290192,4,0.0,0,2,0,5,0,1,8
1855.4712351509952,4,46.75,0,0,1,5,0,0,6
1856.4825223410153,4,43.5,0,2,0,5,0,0,7
1857.494036627002,4,69.75,1,2,0,3,2,0,7
1858.5072823510272,4,69.75,1,2,0,3,0,2,7
1859.5228813859867,4,46.75,0,3,1,3,0,2,9
1860.5349544099881,4,24.75,0,2,1,4,0,0,7
1861.5425588979851,4,40.75,1,6,0,5,0,0,11
1862.556426450028,4,47.5,0,6,1,5,0,0,12
1863.568473995023,4,0.0,0,3,3,6,0,0,12
1864.5824353300268,4,53.75,0,1,4,8,0,0,13
1865.5973569420166,4,22.5,0,3,3,7,1,1,15
1866.6112370470073,4,69.75,2,3,2,5,4,1,15
1867.6249088909826,4,46.75,0,5,1,4,0,2,12
1868.6396264969953,4,48.0,0,2,2,4,0,0,8
1869.6527523840195,4,1.25,1,0,2,4,0,0,6
1870.6670208779979,4,23.5,0,1,2,4,0,0,7
1871.6808417389984,4,48.0,0,0,2,5,0,1,8
1872.6945827439777,4,41.0,0,1,1,6,0,0,8
1873.7073757700273,4,11.25,0,1,1,6,0,0,8
1874.7211901089759,4,46.75,3,1,0,4,3,0,8
1875.731991550012,4,23.75,0,5,1,4,0,0,10
1876.7405270569725,4,1.75,0,5,0,4,1,0,10
1877.7536247490207,4,46.5,0,6,0,2,0,3,11
1878.7680423290003,4,2.25,0,1,3,4,0,0,8
1879.779074789025,4,46.75,0,1,1,7,0,0,9
1880.79149666999,4,59.5,1,1,0,7,1,0,9
1881.8036422079895,4,70.75,4,1,0,3,5,0,9
1882.8151395890163,4,27.75,0,1,2,5,0,0,8
1883.827299215016,4,71.0,0,1,0,8,0,0,9
1884.839013157005,4,43.5,0,2,0,7,1,0,10
1885.8534224739997,4,69.5,2,2,0,4,4,0,10
1886.8672233860125,4,46.5,2,2,0,3,0,5,10
1887.8809804689954,4,41.25,1,3,0,3,1,1,8
1888.8950567599968,4,23.25,0,3,5,4,0,0,12
1889.9113954490167,4,25.25,0,4,2,6,0,2,14
1890.9244015170261,4,62.25,0,0,5,6,0,0,11
1891.9366746189771,4,47.0,1,0,4,5,0,2,11
1892.9505434429739,4,73.5,0,2,3,4,0,0,9
1893.9648324649897,4,31.25,1,4,2,3,1,1,11
1894.9779495919938,4,70.0,1,4,2,2,2,1,11
1895.9897746740025,4,47.75,3,4,2,2,1,2,11
1897.0037883690093,4,24.0,0,5,5,3,0,0,13
1898.0172665910213,4,50.0,0,5,4,6,0,0,15
1899.0311236790149,4,23.75,1,4,4,6,1,0,15
1900.044971005991,4,94.0,0,4,3,5,0,4,16
1901.0592963700183,4,33.0,0,4,2,5,1,2,14
1902.07311926299,4,91.5,0,5,3,5,0,0,13
1903.0851881399867,4,35.25,1,3,5,8,0,0,16
1904.0973954800284,4,71.75,7,3,5,5,3,0,16
1905.1110567830037,4,69.75,10,3,5,4,2,2,16
1906.123249745986,4,22.5,12,4,3,6,0,3,16
1907.1373507850221,4,25.0,8,9,3,1,0,3,16
1908.1515063379775,4,8.75,4,13,1,2,0,0,16
1909.165464287973,4,46.0,6,6,8,2,0,0,16
1910.1774552299757,4,6.75,9,2,10,4,0,0,16
1911.1896837630193,4,60.25,10,2,7,5,0,2,16
1912.2019434529939,4,54.0,9,3,4,7,1,1,16
1913.2141322299722,4,23.75,6,4,4,7,0,1,16
1914.22855359799,4,34.5,6,3,5,6,2,0,16
1915.2426765320124,4,94.75,6,3,5,6,2,0,16
1916.256468022999,4,69.5,7,3,5,2,6,0,16
1917.2687037430005,4,33.75,2,6,3,7,0,0,16
1918.282828219002,4,58.75,4,7,1,8,0,0,16
1919.2966339149862,4,46.75,5,6,1,8,1,0,16
1920.310490667005,4,94.5,6,6,1,6,3,0,16
1921.3241363270208,4,43.75,3,3,3,10,0,0,16
1922.3378315789741,4,38.75,2,1,3,12,0,0,16
1923.3506513810134,4,46.5,2,0,1,13,1,1,16
1924.3650471799774,4,95.5,2,0,1,11,3,1,16
1925.3793199589709,4,79.25,0,2,1,8,0,1,12
1926.393076663022,4,93.5,0,0,3,6,0,0,9
1927.4063650619937,4,64.75,0,1,1,7,1,0,10
1928.4198319659918,4,95.5,1,1,1,6,2,0,10
1929.4333711669897,4,95.0,0,2,0,4,0,0,6
1930.4470571639831,4,47.75,0,3,1,5,0,0,9
1931.4608518860186,4,33.0,0,2,1,8,0,0,11
1932.4749629009748,4,71.0,3,1,1,6,3,0,11
1933.4886698889895,4,70.0,3,1,1,5,4,0,11
1934.5028984919772,4,65.25,0,4,2,3,0,6,15
1935.5143325440004,4,64.0,0,4,1,2,1,2,10
1936.5268549380125,4,34.75,0,0,3,4,0,0,7
1937.5406961360131,4,91.0,1,0,3,4,0,0,7
1938.5530345820007,4,94.25,3,0,2,5,0,0,7
1939.5668451469974,4,51.75,0,2,1,6,0,0,9
1940.580092551012,4,47.5,1,2,1,5,1,0,9
1941.5935660990071,4,36.5,0,4,1,6,1,0,12
1942.6073273799848,4,46.5,0,1,5,5,0,0,11
1943.621504271985,4,23.25,0,5,3,6,0,0,14
1944.644870079006,4,50.5,2,5,1,4,4,0,14
1945.6585830600234,4,45.75,3,5,1,2,6,0,14
1946.6718332750024,4,0.0,0,2,6,3,0,0,11
1947.683400747017,4,11.0,0,5,4,5,1,0,15
1948.6971485220129,4,45.25,1,6,2,6,2,0,16
1949.710824488022,4,89.0,0,5,4,2,2,0,13
1950.725127402984,4,24.25,2,5,3,2,2,1,13
1951.73909877002,4,65.5,2,4,3,3,0,5,15
1952.7530816820217,4,61.0,0,4,3,4,0,0,11
1953.7660149040166,4,48.0,0,2,3,8,0,0,13
1954.7796344609815,4,39.0,0,1,4,9,0,0,14
1955.7939447140088,4,94.25,0,1,4,8,0,1,14
1956.8078245879733,4,93.75,0,1,3,5,4,1,14
1957.8220026990166,4,70.0,0,1,2,5,0,2,10
1958.835716897971,4,40.0,0,1,3,3,1,0,8
1959.849575746979,4,46.25,5,1,3,2,2,0,8
1960.863836502016,4,47.0,0,4,5,2,0,0,11
1961.8756029459764,4,23.0,0,2,7,3,0,0,12
1962.890036983008,4,18.75,0,0,7,5,0,0,12
1963.9025649360265,4,73.75,3,0,5,4,3,0,12
1964.9179536779993,4,90.75,0,4,3,6,0,1,14
1965.9317536299932,4,70.25,0,0,3,10,0,0,13
1966.946014782996,4,61.75,0,0,0,10,1,0,11
1967.95952321199,4,71.25,3,0,0,8,3,0,11
1968.9726937129744,4,55.5,3,0,0,5,0,6,11
1969.9849233980058,4,45.5,0,1,3,2,0,1,7
1970.996879283979,4,55.25,0,1,1,5,0,0,7
1972.0086768590263,4,75.25,1,3,1,5,0,0,9
1973.0234744069749,4,94.25,0,4,1,3,0,2,10
1974.0377231980092,4,50.0,0,2,3,5,0,0,10
1975.0514184440253,4,0.0,0,2,2,7,1,0,12
1976.0652160429745,4,41.0,0,2,1,8,1,0,12
1977.0790056930273,4,85.75,0,0,0,7,0,1,8
1978.0924689180101,4,77.75,0,0,0,6,1,0,7
1979.1043002749793,4,68.5,0,0,0,4,3,0,7
1980.1184012360172,4,69.75,0,0,0,1,6,0,7
1981.132536066987,4,24.25,0,1,1,1,0,0,3
1982.1449093859992,4,0.0,0,0,2,1,0,0,3
1983.1568118489813,4,7.75,0,1,0,3,0,0,4
1984.1711029359722,4,62.25,1,1,0,3,0,0,4
1985.1835624939995,4,47.0,3,1,0,2,1,0,4
1986.1975822339882,4,5.75,0,0,5,1,0,0,6
1987.211951253994,4,71.5,0,0,1,5,0,0,6
1988.2259134480264,4,67.5,0,2,0,6,0,0,8
1989.2401687829988,4,71.0,0,1,1,4,1,1,8
1990.2542748900014,4,36.0,0,0,1,4,0,0,5
1991.2671454100055,4,46.5,0,1,0,4,0,0,5
1992.2815458669793,4,30.75,0,2,0,3,2,0,7
1993.29541256401,4,47.0,0,2,0,3,0,2,7
1994.306076850975,4,47.5,1,2,0,2,1,2,7
1995.320032261021,4,23.25,0,3,0,2,0,1,6
1996.3345956049743,4,46.75,0,2,2,1,1,0,6
1997.3485394190066,4,13.0,0,2,0,3,0,0,5
1998.362390336988,4,46.75,0,2,0,2,1,0,5
1999.3752806850243,4,23.5,0,1,1,3,0,0,5
2000.3886271939846,4,23.75,0,3,0,3,0,0,6
2001.4006790560088,4,23.75,0,0,2,3,0,0,5
2002.4145440959837,4,46.5,0,2,1,3,0,0,6
2003.4289708990254,4,8.75,0,3,3,3,0,0,9
2004.4434437740128,4,47.0,2,3,3,2,1,0,9
2005.4568721330143,4,23.0,0,4,3,1,0,3,11
2006.4710525610135,4,25.0,0,2,1,5,0,0,8
2007.4826655070065,4,46.25,0,1,2,6,0,0,9
2008.4969282220118,4,70.75,5,1,0,5,2,1,9
2009.5087931180024,4,41.25,0,4,3,5,0,0,12
2010.5226231659763,4,45.75,0,3,2,8,0,0,13
2011.5291407189798,4,31.25,0,4,2,8,1,1,16
2012.541142535978,4,36.0,0,4,2,6,3,0,15
2013.555441848992,4,65.25,0,7,0,6,1,1,15
2014.5671942949994,4,31.25,0,5,2,8,1,0,16
2015.5816574509954,4,37.5,1,1,5,8,1,1,16
2016.5957047439879,4,93.75,4,1,5,7,2,1,16
2017.6085168709978,4,83.75,3,6,4,4,0,2,16
2018.6226193329785,4,43.0,1,5,4,7,0,0,16
2019.6364095159806,4,24.75,0,4,7,4,1,0,16
2020.6507394870277,4,63.0,4,2,6,8,0,0,16
2021.6647099910188,4,6.25,4,1,4,10,1,0,16
2022.6783768549794,4,56.75,6,3,2,11,0,0,16
2023.6925731149968,4,71.25,6,2,3,10,1,0,16
2024.7086511019734,4,71.75,6,2,1,8,4,1,16
2025.7222806700156,4,60.25,3,4,2,9,0,1,16
2026.7348443840165,4,47.25,2,4,6,5,0,1,16
2027.7460003420128,4,28.0,1,2,8,5,0,1,16
2028.760100562009,4,47.0,2,2,7,5,0,1,15
2029.773771911976,4,23.0,2,5,5,5,0,1,16
2030.788274710998,4,19.25,3,0,9,7,0,0,16
2031.8020842469996,4,37.25,4,0,3,12,0,1,16
2032.8157956540235,4,94.75,4,0,2,8,5,0,15
2033.8303200390073,4,42.25,0,6,1,8,0,1,16
2034.8437345440034,4,94.0,1,6,1,4,4,0,15
2035.8579880230245,4,34.0,0,6,4,0,0,5,15
2036.8721929190215,4,0.0,0,3,4,3,0,0,10
2037.8860841279966,4,35.5,0,3,2,5,0,0,10
2038.8996009330149,4,52.75,2,3,2,4,1,0,10
2039.9132394909975,4,47.75,0,2,4,4,0,2,12
2040.9271171310102,4,0.0,0,2,1,7,1,0,11
2041.9411208059755,4,71.0,0,4,1,5,0,3,13
2042.954683914024,4,72.5,1,4,1,5,1,1,12
2043.968476052978,4,22.25,0,5,0,7,0,0,12
2044.9805137160001,4,18.75,0,0,4,8,0,0,12
2045.9940392569988,4,29.0,0,0,2,10,0,0,12
2047.0074697830132,4,71.5,2,0,1,10,0,1,12
2048.0217456850223,4,67.5,4,0,1,6,4,1,12
2049.0353050580015,4,47.25,6,0,1,3,7,1,12
2050.047832684999,4,23.5,0,7,0,1,0,1,9
2051.0586412730045,4,23.5,0,2,3,5,0,0,10
2052.072763363016,4,5.25,0,0,4,5,1,0,10
2053.084509027016,4,48.0,0,1,2,3,1,1,8
2054.0986849609762,4,12.25,0,0,2,4,0,0,6
2055.1120914309868,4,71.25,0,0,0,6,0,0,6
2056.1267077010125,4,70.25,0,0,0,6,0,0,6
2057.1410000500036,4,46.75,2,0,0,5,1,0,6
2058.1535527720116,4,47.5,6,0,0,3,3,0,6
2059.1678379849764,4,24.25,0,5,1,1,0,1,8
2060.1816071260255,4,29.0,0,3,3,5,0,0,11
2061.1957019470283,4,23.0,0,3,1,6,3,0,13
2062.209775574971,4,55.25,0,1,3,4,0,2,10
2063.221572869981,4,66.75,0,5,2,4,0,1,12
2064.2360070919967,4,23.0,0,10,1,4,0,0,15
2065.249574775982,4,30.0,3,8,3,5,0,0,16
2066.263694103982,4,51.5,3,4,5,7,0,0,16
2067.2775779070216,4,63.25,2,1,3,11,1,0,16
2068.2916188180097,4,78.75,0,2,1,10,1,0,14
2069.3061441580066,4,30.0,0,2,4,8,1,0,15
2070.317852054024,4,47.0,1,4,2,7,2,0,15
2071.330148142006,4,45.0,4,4,2,3,6,0,15
2072.342410643003,4,47.25,4,7,2,3,0,4,16
2073.3565208369982,4,47.0,1,6,6,4,0,0,16
2074.3703301040223,4,0.0,0,2,7,6,0,0,15
2075.3843975189957,4,43.0,1,3,4,9,0,0,16
2076.3982723599765,4,96.5,0,1,5,7,1,1,15
2077.413527527009,4,26.0,0,1,2,11,0,0,14
2078.4278791180113,4,50.75,0,0,0,13,1,0,14
2079.4416757390136,4,94.75,1,0,0,10,2,2,14
2080.4553927719826,4,54.75,0,3,0,5,1,3,12
2081.4692360599875,4,93.0,0,3,0,3,3,2,11
2082.4832005010103,4,23.75,0,4,3,0,0,3,10
2083.4972161030164,4,0.0,0,4,1,2,0,0,7
2084.5112276860164,4,27.5,0,5,0,3,0,0,8
2085.5247921490227,4,23.75,1,5,0,3,0,0,8
2086.5384792659897,4,19.5,0,3,4,3,0,0,10
2087.552198079007,4,46.75,0,1,3,5,1,0,10
2088.5662912169937,4,23.25,0,1,3,5,1,0,10
2089.580137808982,4,69.5,3,1,3,5,0,1,10
2090.594365523022,4,70.5,5,2,3,3,0,3,11
2091.6083939339733,4,23.5,0,7,2,3,0,0,12
2092.6205514270114,4,45.0,0,7,2,3,0,0,12
2093.634874570009,4,23.0,0,7,1,4,0,0,12
2094.6515433120076,4,23.25,0,2,7,4,0,1,14
2095.6654161639744,4,71.5,0,3,2,9,0,0,14
2096.6791431109887,4,67.75,0,4,0,8,0,1,13
2097.6931379389716,4,70.5,4,4,0,5,3,1,13
2098.706772001984,4,70.5,5,4,0,3,4,2,13
2099.7210803119815,4,47.25,7,4,0,2,5,2,13
2100.737263225019,4,23.5,2,8,4,2,0,2,16
2101.751390965015,4,31.75,4,10,0,6,0,0,16
2102.7654743699823,4,55.75,7,2,6,8,0,0,16
2103.7797321819817,4,54.0,7,2,4,9,0,1,16
2104.7930872790166,4,56.0,7,5,3,6,2,0,16
2105.807398069999,4,41.25,6,4,5,7,0,0,16
2106.821339747985,4,39.5,5,2,5,6,3,0,16
2107.835348153021,4,73.25,7,3,4,6,0,3,16
2108.847545958997,4,47.25,5,7,2,7,0,0,16
2109.8613029029802,4,47.25,7,1,5,8,1,1,16
2110.8757457750035,4,16.5,8,1,3,12,0,0,16
2111.8906446450274,4,86.0,10,1,3,7,5,0,16
2112.9031990939984,4,92.5,13,1,3,5,7,0,16
2113.917705469008,4,80.5,7,9,1,6,0,0,16
2114.9313712950097,4,18.5,9,0,5,11,0,0,16
2115.9454504019814,4,60.25,10,0,1,12,2,1,16
2116.959602562012,4,95.5,9,1,1,8,1,5,16
2117.9718642139924,4,46.5,4,6,1,7,1,1,16
2118.9861350969877,4,86.75,4,6,1,7,1,1,16
2119.9994055060088,4,70.75,6,6,1,2,6,1,16
2121.013627622975,4,22.0,3,9,2,2,0,3,16
2122.025989699003,4,9.25,3,9,4,3,0,0,16
2123.0390605119755,4,40.25,2,10,2,2,2,0,16
2124.0532129720086,4,25.75,2,9,4,3,0,0,16
2125.0668723090203,4,9.0,4,0,11,5,0,0,16
2126.0780854810146,4,59.0,5,0,9,5,2,0,16
2127.0930207510246,4,70.25,7,0,8,4,4,0,16
2128.1078179380274,4,6.5,5,2,7,4,0,3,16
2129.1217831500107,4,46.25,1,6,3,7,0,0,16
2130.13568058901,4,28.75,0,7,2,6,0,0,15
2131.150017466978,4,68.75,0,7,0,8,0,0,15
2132.1639265909907,4,36.75,0,1,5,9,0,0,15
2133.1779791699955,4,48.0,4,1,2,11,1,0,15
2134.1914956590044,4,95.25,7,1,2,9,3,0,15
2135.2053346330067,4,80.75,6,1,3,6,0,6,16
2136.2195032419986,4,54.25,2,7,1,8,0,0,16
2137.2333241460146,4,0.0,3,2,5,9,0,0,16
2138.2478881109855,4,57.25,4,1,4,7,4,0,16
2139.2607479310245,4,76.25,4,3,3,7,0,3,16
2140.2733158809715,4,3.75,1,2,5,8,0,1,16
2141.287384295021,4,3.5,0,1,4,10,0,0,15
2142.3002818630193,4,47.5,4,1,4,10,0,0,15
2143.3137381279957,4,92.75,4,2,3,6,0,5,16
2144.325667881989,4,53.5,5,2,2,5,0,7,16
2145.3399804279907,4,48.25,3,2,3,6,1,4,16
2146.35352592502,4,24.25,0,4,4,6,0,0,14
2147.3680618759827,4,24.0,4,5,3,7,0,0,15
2148.3811533870175,4,69.5,5,5,3,4,0,3,15
2149.395032235014,4,15.25,4,8,3,4,0,1,16
2150.4094021730125,4,46.75,8,6,3,5,0,2,16
2151.423251382017,4,42.25,9,8,1,6,0,1,16
2152.4383852829924,4,19.0,9,1,6,8,1,0,16
2153.450228656002,4,18.0,9,1,3,8,3,1,16
2154.4640590170166,4,95.25,11,1,3,2,9,1,16
2155.4782516380074,4,47.0,14,1,3,1,10,1,16
2156.4918579449877,4,23.25,14,1,3,0,8,4,16
2157.503889855987,4,20.25,4,12,2,2,0,0,16
2158.518046347017,4,35.25,5,0,9,6,0,1,16
2159.5318902829895,4,9.5,7,1,6,8,1,0,16
2160.5457427430083,4,91.5,6,3,4,9,0,0,16
2161.558451468998,4,42.0,6,3,0,12,0,1,16
2162.572761946998,4,93.0,9,3,0,7,5,1,16
2163.586825479986,4,71.5,10,3,0,6,6,0,15
2164.6011739069945,4,24.0,8,2,3,5,1,5,16
2165.6152513180277,4,36.5,1,9,2,4,1,0,16
2166.627289680997,4,47.5,1,9,2,3,0,2,16
2167.6426930549787,4,22.5,1,0,5,11,0,0,16
2168.6563139520003,4,66.5,3,0,2,14,0,0,16
2169.670361483004,4,38.5,4,0,1,12,3,0,16
2170.6846594599774,4,94.25,5,0,1,7,7,1,16
2171.6955957280006,4,70.75,6,0,1,3,11,1,16
2172.7096164930263,4,47.0,6,0,1,2,12,1,16
2173.7234825820196,4,23.75,1,3,3,2,0,1,9
2174.7373907639994,4,0.0,0,1,3,5,0,0,9
2175.7509446609765,4,38.0,2,0,1,7,1,0,9
2176.7711091369856,4,79.25,2,0,1,7,1,0,9
2177.7849025980104,4,55.75,0,3,2,4,0,1,10
2178.7989487259765,4,50.0,0,2,2,6,0,0,10
2179.813068696996,4,71.0,0,1,1,5,2,1,10
2180.826751596993,4,46.25,0,2,1,5,2,0,10
2181.841179676994,4,70.75,0,3,1,5,0,2,11
2182.8551073049894,4,23.25,0,1,1,6,0,1,9
2183.8689438650035,4,27.25,0,2,0,6,0,0,8
2184.883407715999,4,31.25,0,2,0,4,1,1,8
2185.897324458987,4,54.0,0,2,0,3,2,1,8
2186.911377009994,4,47.75,2,2,0,2,3,1,8
2187.9252880300046,4,13.5,1,6,0,2,0,0,8
2188.939017335011,4,12.25,0,6,1,2,1,0,10
2189.953110882023,4,24.0,0,4,3,1,0,0,8
2190.965880132979,4,23.25,0,0,5,2,0,0,7
2191.9800725859823,4,48.25,0,1,2,5,0,0,8
2192.9933281979756,4,27.5,1,1,2,3,1,0,7
2194.007085810008,4,27.75,0,1,1,5,0,0,7
2195.0192488540197,4,47.0,1,0,2,4,0,0,6
2196.0330668750103,4,24.0,0,1,1,4,0,1,7
2197.0473533360055,4,46.5,4,1,1,3,1,1,7
2198.06105234602,4,1.25,0,5,1,3,0,2,11
2199.075045880978,4,23.5,0,5,1,2,1,2,11
2200.088932241022,4,44.5,0,1,2,6,0,0,9
2201.102066576015,4,24.25,0,0,2,8,0,0,10
2202.1158807930187,4,71.0,1,1,1,8,1,0,11
2203.1293914269772,4,62.75,0,1,2,8,0,0,11
2204.144101020007,4,82.25,0,1,1,8,1,0,11
2205.1574323250097,4,94.5,0,0,0,9,0,0,9
2206.171054381004,4,81.5,0,2,0,7,1,1,11
2207.1854398049763,4,70.5,1,2,0,3,5,1,11
2208.198369172984,4,47.25,2,2,0,2,6,1,11
2209.2130264079897,4,0.0,0,4,1,2,0,2,9
2210.226293617976,4,43.5,0,5,1,3,0,0,9
2211.240249402006,4,47.25,0,1,4,5,0,0,10
2212.2547733300016,4,8.5,0,2,2,6,0,0,10
2213.2665982110193,4,44.75,0,1,0,10,0,0,11
2214.279052664002,4,94.75,1,1,0,8,2,0,11
2215.2929409630015,4,43.5,0,1,1,5,0,0,7
2216.3064303449937,4,60.5,0,1,1,2,3,0,7
2217.3202150550205,4,36.25,1,0,0,1,1,0,2
2218.3329401439987,4,23.25,0,1,0,2,0,0,3
2219.3470036080107,4,19.25,0,6,0,2,0,0,8
2220.3607196710072,4,38.75,1,6,0,1,1,0,8
2221.3759791509947,4,0.0,0,4,3,1,0,0,8
2222.387316597975,4,49.5,0,7,3,3,0,0,13
2223.399550121976,4,23.5,0,1,8,5,0,0,14
2224.411432372988,4,71.75,1,3,5,8,0,0,16
2225.4257961600088,4,49.0,1,3,4,7,2,0,16
2226.43963695399,4,96.25,1,2,5,7,0,2,16
2227.452462352987,4,48.0,0,4,4,8,0,0,16
2228.4665357709746,4,44.75,1,3,2,9,0,0,14
2229.4801767179742,4,46.75,4,3,1,3,6,1,14
2230.492749385012,4,44.75,0,2,4,6,0,0,12
2231.5066339030163,4,48.5,0,2,3,7,1,0,13
2232.518425979011,4,49.75,0,2,0,7,1,1,11
2233.532426711987,4,94.75,1,2,0,5,3,1,11
2234.546547686972,4,94.25,1,2,0,4,4,1,11
2235.5603810480097,4,42.25,0,1,2,3,0,6,12
2236.573877534014,4,1.5,0,1,1,3,0,1,6
2237.5879192539724,4,23.25,0,0,2,5,0,0,7
2238.6015832379926,4,70.5,2,0,2,5,0,0,7
2239.6172590529895,4,33.0,0,3,2,5,0,0,10
2240.6298505970044,4,15.5,0,2,3,7,0,0,12
2241.6443069010274,4,44.75,0,1,4,8,0,0,13
2242.658502501028,4,25.0,1,1,2,6,0,2,11
2243.6719799169805,4,67.5,1,1,4,5,1,0,11
2244.6862555160187,4,13.5,0,2,2,7,0,1,12
2245.6982641349896,4,23.75,0,1,2,7,1,1,12
2246.7128991350182,4,67.0,0,2,0,8,0,0,10
2247.7266429589945,4,60.25,0,2,2,7,0,0,11
2248.7403984279954,4,72.5,0,0,0,11,0,1,12
2249.754905255977,4,47.0,0,0,0,8,1,0,9
2250.767711418972,4,93.75,0,0,0,4,0,0,4
2251.781284376979,4,53.5,0,0,1,2,0,0,3
2252.7949779130286,4,34.5,0,2,0,3,0,0,5
2253.8090123240254,4,32.0,0,1,1,4,0,0,6
2254.8233917169855,4,79.0,0,2,0,5,1,0,8
2255.837146895996,4,72.5,0,3,1,5,0,0,9
2256.85109050601,4,25.75,0,1,1,7,0,0,9
2257.86491737701,4,95.5,0,1,0,6,3,0,10
2258.881804634002,4,47.0,2,1,0,3,6,0,10
2259.8934576769825,4,47.25,0,3,2,3,0,0,8
2260.906451441988,4,47.25,0,3,1,4,0,0,8
2261.9211829470005,4,23.0,0,1,2,6,0,0,9
2262.935045623977,4,44.25,0,0,1,8,1,0,10
2263.947993403999,4,63.0,0,0,0,7,0,0,7
2264.960519557004,4,94.75,0,0,0,6,0,0,6
2265.9740261739935,4,70.0,0,0,0,2,0,0,2
2266.987831293023,4,22.5,0,3,0,2,0,0,5
2268.0017166369944,4,24.5,0,3,1,3,0,0,7
2269.0115895729978,4,9.75,0,0,4,2,1,0,7
2270.025023379014,4,10.75,0,0,2,4,0,0,6
2271.0387791669928,4,27.5,0,1,1,5,0,0,7
2272.0525148009765,4,23.0,0,1,1,5,0,0,7
2273.066234951024,4,22.25,0,1,1,5,0,1,8
2274.0801312599797,4,56.0,0,3,1,5,0,1,10
2275.0940047560143,4,22.75,0,1,3,5,0,0,9
2276.1080163869774,4,30.0,0,1,3,5,0,0,9
2277.121761208982,4,53.75,0,0,1,8,0,0,9
2278.1357437699917,4,94.75,0,0,1,7,0,0,8
2279.1496778479777,4,94.0,2,0,1,6,0,1,8
2280.1636990259867,4,70.25,0,4,1,3,0,3,11
2281.1789159529726,4,57.5,0,0,4,4,0,0,8
2282.1926932630013,4,34.0,0,0,3,6,0,0,9
2283.2066373190028,4,72.5,0,0,0,9,0,0,9
2284.220434679999,4,70.5,0,1,0,7,0,0,8
2285.2344397539855,4,72.25,0,0,1,7,0,0,8
2286.248393839982,4,50.75,0,1,0,5,1,0,7
2287.262425984023,4,31.5,0,2,0,6,0,0,8
2288.275968009024,4,45.75,0,0,0,6,0,0,6
2289.289669039019,4,94.0,0,0,0,5,0,1,6
2290.3037614949862,4,74.75,0,0,0,4,0,0,4
2291.3170998870046,4,48.25,0,0,0,4,0,0,4
2292.33145370899,4,70.25,0,1,0,3,0,0,4
2293.3450323370053,4,46.75,2,0,0,3,1,0,4
2294.3574028000003,4,47.0,0,3,1,2,0,0,6
2295.371063221013,4,23.5,0,2,2,2,0,0,6
2296.3849452210125,4,46.5,0,2,2,1,1,0,6
2297.3999147890136,4,48.25,0,0,3,2,0,0,5
2298.41439479799,4,58.75,0,1,2,3,0,0,6
2299.428013083001,4,67.25,0,1,2,4,0,0,7
2300.4422548449947,4,92.0,1,1,2,2,2,0,7
2301.455747591972,4,4.75,0,1,3,3,0,0,7
2302.46759070002,4,47.75,0,0,2,6,0,0,8
2303.4807263729745,4,94.0,0,0,2,6,0,0,8
2304.4942818779964,4,92.25,0,0,2,5,0,0,7
2305.5084313569823,4,94.5,0,0,1,4,1,1,7
2306.52196353802,4,79.25,0,2,1,4,0,0,7
2307.536035474972,4,74.25,3,2,0,3,2,0,7
2308.5498866119888,4,34.25,0,3,2,2,0,0,7
2309.5643108920194,4,23.5,3,0,3,2,2,0,7
2310.5784717510105,4,0.0,0,3,3,2,0,0,8
2311.592119064997,4,24.0,0,3,2,4,1,0,10
2312.6065964290174,4,31.0,0,2,2,7,0,0,11
2313.6196648059995,4,40.75,0,3,0,7,2,0,12
2314.6335820549866,4,71.0,1,3,0,5,4,0,12
2315.6469926129794,4,70.5,0,3,0,5,0,3,11
2316.660107551026,4,38.75,0,3,2,4,0,0,9
2317.675492221024,4,53.25,0,0,3,4,0,0,7
2318.68943657598,4,45.25,1,2,2,5,0,0,9
2319.7038283359725,4,71.25,0,3,1,6,0,0,10
2320.7175920680165,4,7.0,0,2,2,6,0,0,10
2321.7315256000147,4,20.0,0,2,1,7,0,0,10
2322.745841761993,4,71.5,1,1,2,7,1,0,11
2323.75951645599,4,94.5,1,1,2,5,3,0,11
2324.7739902620087,4,66.25,0,1,3,4,0,1,9
2325.78724062501,4,51.75,0,0,1,6,0,0,7
2326.801066445012,4,50.75,0,1,0,5,0,0,6
2327.8153098309995,4,69.5,1,1,0,5,0,0,6
2328.8287685830146,4,4.0,0,0,1,6,0,0,7
2329.8411026829854,4,77.0,0,0,0,5,1,0,6
2330.8555035120226,4,86.0,0,0,0,5,0,1,6
2331.8698512199917,4,49.75,0,0,0,3,1,1,5
2332.884009709989,4,69.75,0,0,0,3,1,1,5
2333.89696050802,4,48.25,0,1,0,1,0,0,2
2334.909321363026,4,40.25,1,0,0,2,0,0,2
2335.9230783120147,4,31.25,1,5,0,1,1,0,7
2336.9376337499707,4,23.5,0,10,0,0,0,2,12
2337.9515247240197,4,11.5,0,6,3,4,0,0,13
2338.965096548025,4,45.25,0,1,4,9,0,0,14
2339.973971471016,4,71.25,0,1,0,9,3,1,14
2340.988235733006,4,94.0,0,3,0,7,0,2,12
2342.0026362140197,4,71.5,2,3,0,4,3,2,12
2343.0165344399866,4,70.75,0,5,0,3,0,3,11
2344.0301161509706,4,46.0,0,2,1,4,0,0,7
2345.041608266998,4,48.25,0,3,0,4,1,0,8
2346.05496488302,4,48.75,0,4,1,4,0,0,9
2347.069007236976,4,33.0,0,4,3,5,0,0,12
2348.083116503025,4,17.0,0,2,3,8,1,0,14
2349.096960253024,4,69.75,3,6,1,9,0,0,16
2350.1106901270105,4,35.5,4,6,1,3,6,0,16
2351.124971261015,4,23.75,0,10,1,1,0,0,12
2352.138963370002,4,22.0,0,4,8,4,0,0,16
2353.1532355700037,4,29.0,3,4,5,7,0,0,16
2354.166661574971,4,30.75,3,0,4,12,0,0,16
2355.1792005589814,4,72.25,5,0,2,7,4,3,16
2356.193128401006,4,94.0,9,0,2,5,6,3,16
2357.2075699010165,4,32.5,0,9,4,3,0,0,16
2358.220849503996,4,23.25,2,6,5,4,1,0,16
2359.2346560040023,4,29.75,2,3,6,6,0,1,16
2360.249132380006,4,50.75,2,3,5,7,1,0,16
2361.263016142999,4,33.5,1,3,4,8,1,0,16
2362.2766628600075,4,70.5,1,3,2,6,5,0,16
2363.288897773018,4,74.25,1,1,4,6,0,0,11
2364.3027010079823,4,48.25,0,3,1,7,0,1,12
2365.3169827769743,4,49.0,0,2,2,6,1,0,11
2366.330688592978,4,44.75,1,2,2,6,1,0,11
2367.3447235230124,4,70.5,1,2,2,2,5,0,11
2368.3592076009954,4,47.25,0,4,1,3,0,1,9
2369.3728332099854,4,59.25,0,2,2,6,0,0,10
2370.3872799840174,4,19.0,0,0,2,8,0,0,10
2371.3993768559885,4,91.0,0,0,1,8,1,0,10
2372.413469467021,4,93.75,0,0,0,9,0,0,9
2373.427011064021,4,68.25,0,0,0,6,0,0,6
2374.4398390660062,4,70.25,0,0,0,4,2,0,6
2375.4542969089816,4,67.25,1,0,0,2,4,0,6
2376.467976950982,4,47.0,0,1,0,3,0,0,4
2377.4792246670113,4,33.0,0,1,3,3,0,0,7
2378.4914435039973,4,47.0,0,1,2,4,0,0,7
2379.5033571639797,4,48.5,0,0,1,5,1,0,7
2380.5170006059925,4,1.75,0,1,0,5,0,0,6
2381.5295536909834,4,23.0,0,1,1,5,0,0,7
2382.5431822459796,4,47.75,0,1,0,5,1,0,7
2383.5575835949858,4,46.25,0,1,0,5,0,0,6
2384.5713387519936,4,38.25,0,4,0,7,0,0,11
2385.5824337209924,4,47.25,2,4,0,6,1,0,11
2386.5960234520026,4,47.25,4,4,0,4,3,0,11
2387.608886238013,4,23.5,0,10,0,3,0,0,13
2388.6229330010246,4,46.75,0,9,1,3,0,0,13
2389.6366240709904,4,0.0,2,5,3,8,0,0,16
2390.649243976979,4,48.25,5,3,4,8,0,1,16
2391.6596809669863,4,43.0,6,1,4,11,0,0,16
2392.67354248598,4,85.25,9,2,3,10,0,1,16
2393.681947707024,4,36.5,7,1,2,13,0,0,16
2394.6956231759978,4,33.0,8,2,1,11,0,2,16
2395.70998317498,4,79.0,6,4,1,9,2,0,16
2396.723646714003,4,44.0,3,3,3,10,0,0,16
2397.7375513120205,4,45.5,1,1,5,8,2,0,16
2398.751661675982,4,87.25,0,2,5,7,2,0,16
2399.764689641015,4,94.25,0,2,5,5,4,0,16
2400.7787491380004,4,24.0,0,0,3,8,0,1,12
2401.7915005700197,4,41.0,0,0,1,5,0,0,6
2402.803519868001,4,12.25,0,2,1,2,2,0,7
2403.816973916022,4,46.5,0,3,0,3,0,1,7
2404.8307202759897,4,45.75,0,3,1,2,0,0,6
2405.844650230021,4,23.5,0,0,3,4,0,0,7
2406.8585994549794,4,59.0,1,1,2,4,1,0,8
2407.872761532024,4,47.25,3,1,2,3,2,0,8
2408.886550621013,4,47.0,0,4,2,3,0,2,11
2409.900829894992,4,17.5,0,2,2,5,0,0,9
2410.9145546769723,4,29.25,0,1,2,5,0,0,8
2411.928583597997,4,41.0,0,1,0,6,1,0,8
2412.940754092997,4,66.25,0,1,0,5,0,0,6
2413.9551102209953,4,69.5,0,3,0,6,0,0,9
2414.969414607971,4,26.5,0,1,3,4,1,0,9
2415.9832579410286,4,24.5,0,1,3,3,0,2,9
2416.9976357580163,4,46.5,3,1,1,5,0,0,7
2418.011556380021,4,36.5,0,3,1,5,0,0,9
2419.025403273001,4,45.5,0,0,0,9,0,0,9
2420.039785340021,4,70.5,0,1,0,8,0,0,9
2421.0536185919773,4,68.0,0,0,2,4,1,2,9
2422.067974013975,4,47.0,0,1,2,4,1,0,8
2423.081908386026,4,12.5,0,2,2,4,0,0,8
2424.094900897995,4,21.5,0,1,2,8,0,0,11
2425.1083105619764,4,69.75,0,0,0,9,0,0,9
2426.1220385900233,4,69.25,0,0,0,8,0,0,8
2427.136338725977,4,76.75,0,1,0,6,0,0,7
2428.1502391020185,4,25.25,0,0,3,8,0,0,11
2429.1643705570023,4,35.5,0,2,1,9,0,0,12
2430.178119944001,4,47.5,0,2,0,9,1,0,12
2431.1916990670143,4,57.75,0,1,1,8,0,0,10
2432.2042204900063,4,45.75,0,3,2,6,0,0,11
2433.216186685022,4,47.5,0,5,0,8,0,0,13
2434.2306319539784,4,41.0,0,1,4,5,0,1,11
2435.2451912849792,4,27.25,0,2,3,3,3,1,12
2436.25919116399,4,46.75,3,2,3,3,3,1,12
2437.273366841022,4,23.25,0,4,1,6,0,2,13
2438.2873055699747,4,41.0,0,4,1,7,0,0,12
2439.301673193986,4,34.25,0,1,3,9,0,0,13
2440.314799337997,4,93.5,0,0,0,11,0,0,11
2441.3276688699843,4,46.5,1,1,0,10,0,0,11
2442.3416348290048,4,95.5,3,1,0,7,3,0,11
2443.3550249229884,4,47.75,0,5,1,4,1,0,11
2444.3688377420185,4,65.75,0,1,0,8,0,0,9
2445.38090157602,4,46.5,0,2,0,8,1,0,11
2446.394914658973,4,93.25,1,2,0,7,1,0,10
2447.408769608999,4,94.75,3,2,0,6,2,0,10
2448.4225455850246,4,72.0,2,5,1,4,0,4,14
2449.436071120028,4,52.0,1,5,2,7,0,0,14
2450.449818529014,4,71.75,0,6,2,5,0,1,14
2451.4641070910147,4,63.25,2,5,2,8,0,1,16
2452.478969069023,4,94.5,5,5,2,7,1,1,16
2453.4905843629967,4,70.25,4,4,2,7,1,2,16
2454.5054546379833,4,23.25,0,9,0,7,0,0,16
2455.519364841981,4,26.5,2,1,7,7,0,1,16
2456.526514586003,4,47.5,1,2,5,7,2,0,16
2457.540308833006,4,94.75,1,2,4,8,0,2,16
2458.554583975987,4,41.0,4,2,4,8,1,1,16
2459.5694073800114,4,65.75,1,4,5,5,1,1,16
2460.583149599028,4,47.25,1,5,3,5,2,0,15
2461.5968118329765,4,47.75,2,5,3,4,3,0,15
2462.6105351850274,4,24.25,2,5,3,1,5,1,15
2463.62025522202,4,23.5,1,6,6,2,0,0,14
2464.6344985730248,4,1.75,0,2,9,4,0,0,15
2465.646379880025,4,22.25,0,2,6,5,1,0,14
2466.6612853949773,4,94.25,2,2,5,6,0,1,14
2467.67431048298,4,95.25,2,2,5,5,1,1,14
2468.6878858340206,4,94.5,3,2,4,5,2,1,14
2469.7017340150196,4,35.5,1,7,4,4,0,1,16
2470.715666687989,4,55.25,1,7,2,7,0,0,16
2471.7296837230097,4,22.75,1,0,6,10,0,0,16
2472.743551718013,4,71.75,1,0,6,9,1,0,16
2473.757829851005,4,71.25,1,1,5,9,1,0,16
2474.7720393050113,4,32.0,0,0,4,12,0,0,16
2475.7825507519883,4,24.0,1,0,1,13,2,0,16
2476.789434155973,4,95.5,4,0,1,11,4,0,16
2477.803232433973,4,71.5,4,0,1,10,5,0,16
2478.8173975570244,4,65.75,0,4,1,8,0,1,14
2479.8308011280023,4,69.5,0,1,3,8,0,1,13
2480.8453424489708,4,11.75,0,1,3,8,0,0,12
2481.8592432789737,4,47.25,2,1,2,7,2,0,12
2482.8730045320117,4,70.0,2,1,2,4,5,0,12
2483.8870571689913,4,70.75,4,1,2,4,5,0,12
2484.901044046972,4,70.5,0,6,2,5,0,1,14
2485.915239286027,4,16.0,0,3,4,5,0,0,12
2486.9284898579936,4,48.0,0,4,1,10,0,0,15
2487.9422273929813,4,75.75,0,3,1,9,2,0,15
2488.954662994016,4,72.25,0,0,3,10,0,0,13
2489.967027109,4,47.25,0,0,2,8,3,0,13
2490.9813460449805,4,70.75,1,0,2,3,8,0,13
2491.9951872209786,4,69.75,2,0,0,3,0,10,13
2493.009053322021,4,43.25,0,1,1,4,0,0,6
2494.0235401269747,4,46.75,0,0,1,6,0,0,7
2495.037389099016,4,48.25,2,0,0,6,1,0,7
2496.0509718770045,4,71.5,3,0,0,5,2,0,7
2497.06411421299,4,71.75,5,0,0,1,6,0,7
2498.077781527012,4,23.25,0,8,0,1,0,6,15
2499.092042363016,4,13.25,0,0,5,4,0,0,9
2500.1014255390037,4,70.0,0,0,2,7,0,0,9
2501.114993210009,4,46.75,0,0,2,4,3,0,9
2502.1292028499884,4,46.25,0,2,1,3,0,5,11
2503.141427623981,4,2.75,0,2,1,3,0,0,6
2504.155406483973,4,23.25,1,0,1,4,1,0,6
2505.1693971499917,4,36.25,0,2,0,5,0,1,8
2506.183145853982,4,46.0,1,2,0,5,0,1,8
2507.1976004110184,4,47.0,2,2,0,2,3,1,8
2508.21191624098,4,23.0,0,3,1,1,0,4,9
2509.2226507629966,4,19.5,0,4,1,2,0,0,7
2510.2361067910097,4,16.0,0,2,3,4,0,0,9
2511.249875148991,4,70.25,0,2,2,5,0,0,9
2512.263323442021,4,90.75,2,2,2,2,3,0,9
2513.2754535480053,4,46.75,0,4,2,2,0,3,11
2514.2898919450236,4,54.0,2,2,3,3,0,2,10
2515.3043881810154,4,1.5,0,3,2,6,0,0,11
2516.318006434012,4,94.25,3,3,2,5,1,0,11
2517.3322785660275,4,90.5,0,4,1,8,0,1,14
2518.346947850019,4,52.75,0,0,1,9,0,0,10
2519.3608740569907,4,94.25,0,0,1,9,0,0,10
2520.3751512009767,4,70.75,1,0,0,9,0,0,9
2521.388726481993,4,71.75,1,0,0,5,4,0,9
2522.4031422039843,4,71.0,0,2,0,5,0,4,11
2523.4169961449807,4,42.75,1,2,0,3,2,1,8
2524.431522780971,4,29.5,0,1,1,3,2,0,7
2525.446438095998,4,51.75,2,1,1,3,2,0,7
2526.459563394019,4,47.5,3,1,1,3,2,0,7
2527.4734321280266,4,47.0,0,3,1,4,0,2,10
2528.4874874369707,4,47.0,0,3,1,2,0,1,7
2529.5013426229707,4,46.5,0,3,0,2,0,0,5
2530.515788878023,4,24.75,2,2,1,2,0,0,5
2531.5299524510046,4,23.5,3,2,1,2,0,0,5
2532.5445239139954,4,23.25,4,2,1,2,0,0,5
2533.556357669004,4,19.0,0,4,1,4,0,0,9
2534.5703828459955,4,44.0,0,2,2,5,0,0,9
2535.582551515021,4,46.0,0,2,2,6,0,0,10
2536.595576573978,4,30.75,0,1,3,6,0,0,10
2537.6079411709798,4,0.0,1,1,0,9,0,0,10
2538.621836048027,4,94.75,1,1,0,7,2,0,10
2539.6355774549884,4,60.0,0,0,1,5,1,1,8
2540.6608778740047,4,24.25,0,0,0,6,0,1,7
2541.6732674170053,4,41.75,0,0,0,5,1,0,6
2542.6854100049823,4,71.0,0,0,0,5,1,0,6
2543.6976092450204,4,70.0,0,0,0,2,4,0,6
2544.718799152004,4,24.0,1,0,0,2,0,2,4
2545.7325524620246,4,39.0,0,0,1,2,0,0,3
2546.7458674330264,4,5.0,0,1,1,1,0,0,3
2547.7596275939723,4,0.0,1,1,1,0,1,0,3
2548.773250060971,4,11.5,0,3,0,1,0,1,5
2549.7868767789914,4,24.75,0,2,1,1,0,0,4
2550.799509509001,4,23.25,1,2,1,1,0,0,4
2551.8134547279915,4,5.75,0,4,0,2,0,0,6
2552.827431219979,4,44.75,0,3,0,3,0,1,7
2553.8411717439885,4,46.5,0,3,3,3,0,0,9
2554.8554916650173,4,47.5,1,1,2,6,0,0,9
2555.8693536060164,4,58.0,0,2,1,7,0,0,10
2556.8830644200207,4,38.0,0,1,1,7,0,0,9
2557.8970336799975,4,70.75,0,0,0,8,1,0,9
2558.9110286079813,4,66.0,2,0,0,7,1,0,8
2559.925018927024,4,95.5,2,0,0,6,1,1,8
2560.938996622979,4,44.5,0,1,2,5,0,1,9
2561.953175891016,4,23.5,0,3,0,6,0,0,9
2562.9674195849802,4,95.5,1,3,0,5,1,0,9
2563.9812649650266,4,79.0,0,4,1,5,0,1,11
2564.9954490729724,4,48.25,1,2,2,5,1,1,11
2566.0099233409856,4,70.0,0,2,2,4,0,0,8
2567.0230877330177,4,34.0,0,0,0,7,0,0,7
2568.0370255190064,4,3.25,0,0,1,6,0,0,7
2569.0507089680177,4,55.0,3,1,1,5,0,0,7
2570.064972534019,4,29.0,0,3,1,5,0,0,9
2571.0766400949797,4,0.0,0,1,3,6,0,0,10
2572.0909331319854,4,38.5,1,3,2,6,1,0,12
2573.1045281449915,4,70.5,6,3,2,3,4,0,12
2574.1181717049913,4,48.5,5,10,0,4,0,2,16
2575.13127577299,4,35.5,7,13,0,2,0,1,16
2576.143633431988,4,12.25,9,2,9,5,0,0,16
2577.1576998410164,4,0.0,10,1,5,9,1,0,16
2578.1716099230107,4,24.5,9,4,3,9,0,0,16
2579.1858324899804,4,70.0,11,5,2,6,1,2,16
2580.1996767999954,4,27.75,8,3,5,7,1,0,16
2581.2130706619937,4,36.5,7,5,4,6,0,1,16
2582.2250764860073,4,19.5,8,1,6,9,0,0,16
2583.239106605004,4,44.0,6,3,4,7,1,1,16
2584.2534080370096,4,23.5,5,4,3,5,3,1,16
2585.267005509988,4,46.75,4,3,5,5,0,3,16
2586.281036312983,4,1.5,3,4,4,8,0,0,16
2587.2896645619767,4,44.25,3,1,4,11,0,0,16
2588.3028533200268,4,17.5,3,1,2,10,2,1,16
2589.3165413980023,4,48.25,0,6,2,7,0,0,15
2590.331000871025,4,70.75,2,6,2,6,1,0,15
2591.3450331210042,4,94.0,2,6,2,6,0,2,16
2592.358680612,4,43.0,0,3,3,10,0,0,16
2593.371938418015,4,54.5,1,1,1,12,1,1,16
2594.3847978200065,4,59.25,1,1,1,9,4,1,16
2595.3989112619893,4,93.25,0,4,2,8,0,1,15
2596.412371981016,4,57.0,2,4,1,9,0,0,14
2597.426427596016,4,91.75,0,8,0,8,0,0,16
2598.4384325129795,4,29.0,0,3,3,9,0,1,16
2599.452607277024,4,48.75,1,2,4,9,0,1,16
2600.4670190740144,4,49.0,1,3,4,8,0,0,15
2601.4806465419824,4,94.25,4,3,4,6,2,0,15
2602.494227432995,4,71.0,4,3,4,6,2,0,15
2603.5079006879823,4,58.0,4,2,4,8,1,1,16
2604.5220546249766,4,94.25,5,4,2,9,0,1,16
2605.5346566700027,4,47.5,5,0,5,9,2,0,16
2606.548431575997,4,94.75,5,0,5,7,4,0,16
2607.56265452801,4,26.0,6,4,1,10,1,0,16
2608.5764650640194,4,94.75,6,1,3,9,0,3,16
2609.590811903996,4,45.5,2,4,2,8,0,2,16
2610.6051804199815,4,28.0,0,1,3,12,0,0,16
2611.6165679449914,4,22.0,1,0,1,12,2,1,16
2612.6303049609996,4,94.75,2,0,1,10,4,0,15
2613.644267350028,4,73.0,0,4,0,10,0,1,15
2614.6586412789766,4,5.75,0,0,3,10,0,2,15
2615.671132721007,4,33.75,0,1,2,10,0,1,14
2616.6855415430036,4,72.0,0,0,2,9,0,2,13
2617.699603190995,4,97.0,0,0,2,6,3,2,13
2618.712638567027,4,69.25,1,0,2,4,5,2,13
2619.72641478898,4,36.5,0,1,1,4,0,0,6
2620.7401180819725,4,28.25,0,3,0,6,0,0,9
2621.7540406640037,4,12.25,1,1,0,7,0,1,9
2622.7676867080154,4,70.75,0,1,1,7,0,0,9
2623.7816798359854,4,46.0,0,1,0,7,1,0,9
2624.7955814269953,4,57.25,0,0,1,6,0,1,8
2625.8091888169874,4,23.75,0,0,0,6,1,0,7
2626.823446272989,4,71.0,2,0,0,5,2,0,7
2627.8366134359967,4,70.75,3,0,0,4,3,0,7
2628.850069746026,4,46.5,0,0,3,2,0,0,5
2629.8607136689825,4,13.5,0,1,2,3,0,0,6
2630.874560163007,4,23.5,0,1,1,5,0,0,7
2631.8877880349755,4,46.75,0,0,1,5,1,0,7
2632.9020649829763,4,58.25,0,0,0,6,0,0,6
2633.917350885982,4,12.75,0,1,1,6,0,0,8
2634.927252830006,4,70.5,1,0,1,6,0,1,8
2635.9391407630173,4,71.25,0,1,1,4,0,0,6
2636.953234835004,4,46.75,0,0,1,4,0,0,5
2637.966509445978,4,47.0,0,0,1,4,0,0,5
2638.9806472550263,4,37.0,0,1,1,4,0,0,6
2639.994907056971,4,47.75,0,1,2,3,0,0,6
2641.0081302420003,4,23.75,0,0,0,6,0,0,6
2642.0227904919884,4,23.75,0,0,0,4,0,0,4
2643.036346486013,4,23.25,0,0,0,4,0,0,4
2644.048454027972,4,47.25,0,1,0,3,1,0,5
2645.0625785280135,4,46.25,0,0,1,2,0,0,3
2646.076540886017,4,2.0,1,1,0,2,1,0,4
2647.0899201569846,4,23.25,2,1,0,2,0,1,4
2648.1028181629954,4,23.25,0,2,0,3,0,0,5
2649.116777298972,4,24.0,0,0,2,3,0,0,5
2650.1302298749797,4,23.0,1,1,0,4,0,0,5
2651.1440445560147,4,30.25,0,1,1,3,0,0,5
2652.1584249910084,4,13.5,0,2,0,4,0,0,6
2653.1724236389855,4,59.5,0,0,0,4,0,0,4
2654.1863263649866,4,55.75,0,0,0,4,0,0,4
2655.200598469004,4,70.5,1,0,0,3,1,0,4
2656.214880304993,4,71.25,0,2,0,3,0,1,6
2657.228934691986,4,40.75,1,1,3,3,1,0,8
2658.2426484550233,4,27.5,0,0,1,7,0,0,8
2659.2546786660096,4,47.25,0,0,1,7,0,0,8
2660.2684313569916,4,67.75,0,0,0,8,0,0,8
2661.2822249699966,4,70.0,1,0,0,5,2,1,8
2662.3032873889897,4,47.0,1,0,0,4,3,1,8
2663.3169253959786,4,46.75,0,3,0,3,0,2,8
2664.3314101179712,4,5.5,0,4,0,3,0,0,7
2665.3452131130034,4,0.5,0,1,0,6,0,0,7
2666.3588452740223,4,46.5,0,0,0,7,0,0,7
2667.3720218989765,4,69.75,0,2,0,6,1,0,9
2668.386201641988,4,39.75,0,0,2,6,0,1,9
2669.398766448023,4,46.0,0,1,0,5,0,0,6
2670.4128860349883,4,6.75,0,1,1,3,0,0,5
2671.4273090349743,4,23.5,0,2,0,3,0,0,5
2672.441375868977,4,35.0,0,2,2,2,0,0,6
2673.4536889619776,4,48.25,0,2,0,4,0,0,6
2674.4654055549763,4,57.75,0,0,0,5,0,0,5
2675.4785904579912,4,69.25,0,0,0,4,0,0,4
2676.4923347189906,4,66.75,1,0,0,3,1,0,4
2677.5058090889943,4,70.5,2,0,0,1,3,0,4
2678.519992913003,4,11.75,0,7,0,1,0,0,8
2679.5273942140047,4,0.0,0,3,2,3,0,0,8
2680.5412694810075,4,31.25,0,2,4,4,0,0,10
2681.5552385650226,4,45.5,0,1,3,5,1,1,11
2682.569144627021,4,16.75,0,0,2,5,0,1,8
2683.582859018992,4,67.0,0,0,1,2,2,0,5
2684.5969645709847,4,13.75,0,5,2,1,0,1,9
2685.610787302023,4,23.25,1,5,2,4,0,0,11
2686.6247443819884,4,23.25,0,4,0,7,0,0,11
2687.6382891209796,4,74.75,3,6,0,4,3,0,13
2688.6521079770173,4,47.0,5,6,0,4,3,0,13
2689.666209336021,4,47.0,2,6,2,6,0,2,16
2690.6772301929886,4,35.5,2,8,2,3,0,3,16
2691.689855062985,4,32.25,3,2,9,5,0,0,16
2692.704550246999,4,23.75,5,0,7,9,0,0,16
2693.7179312349763,4,39.0,8,1,5,10,0,0,16
2694.73158825899,4,47.5,13,2,3,10,1,0,16
2695.7454925199854,4,16.75,14,2,3,11,0,0,16
2696.7592518950114,4,50.5,10,4,3,8,1,0,16
2697.772933828004,4,92.0,14,4,3,6,3,0,16
2698.7869751339895,4,26.0,10,8,2,6,0,0,16
2699.8011806890136,4,14.5,10,3,6,7,0,0,16
2700.8134944419726,4,44.0,10,0,5,10,1,0,16
2701.8276708949707,4,48.5,8,3,5,8,0,0,16
2702.841520742979,4,44.75,9,3,3,8,2,0,16
2703.855131994991,4,69.75,8,2,4,6,0,4,16
2704.8695436490234,4,52.75,4,2,6,7,1,0,16
2705.88330701401,4,8.5,2,4,2,8,1,1,16
2706.897521362989,4,23.25,2,1,5,7,2,1,16
2707.911518750014,4,94.75,4,1,4,5,0,5,15
2708.922475107014,4,48.25,0,5,2,7,0,1,15
2709.933984088013,4,93.25,1,5,2,5,2,1,15
2710.9483716280083,4,71.0,0,7,2,2,0,4,15
2711.9623214749736,4,44.0,0,3,5,4,0,0,12
2712.975213753991,4,25.5,0,2,6,5,0,0,13
2713.989730432979,4,0.0,0,1,5,4,3,0,13
2715.0008957399987,4,93.5,0,1,5,3,0,3,12
2716.014955354971,4,44.5,0,2,2,7,0,0,11
2717.028755266976,4,47.5,0,0,2,10,0,0,12
2718.0422232230194,4,48.5,0,0,1,10,1,0,12
2719.0555123480153,4,94.0,1,0,1,10,1,0,12
2720.067943682021,4,95.0,2,0,1,9,2,0,12
2721.0818765789736,4,94.75,0,2,0,7,0,5,14
2722.09520617401,4,51.0,0,0,1,7,0,0,8
2723.106483893993,4,36.75,0,2,1,4,1,1,9
2724.120555314992,4,47.25,0,3,1,4,0,0,8
2725.134629138978,4,47.5,0,3,1,3,1,0,8
2726.148308789998,4,30.0,0,1,2,3,0,0,6
2727.162479906983,4,23.25,0,1,1,3,1,0,6
2728.176658277982,4,33.75,0,1,1,3,0,0,5
2729.190487054002,4,49.25,0,0,1,3,0,0,4
2730.2047446810175,4,23.75,0,2,0,4,0,0,6
2731.218666876026,4,46.75,1,2,0,3,1,0,6
2732.2328321789973,4,46.25,0,5,0,2,0,2,9
2733.2475006449968,4,23.5,0,2,1,4,0,0,7
2734.2612944850116,4,49.75,0,0,1,6,0,0,7
2735.2750898830127,4,94.25,0,0,0,7,0,0,7
2736.2895538299927,4,92.75,0,0,0,5,0,0,5
2737.303285074013,4,93.75,1,0,0,5,0,0,5
2738.3175121779786,4,87.0,0,1,0,5,0,0,6
2739.331819941988,4,87.75,0,1,0,5,0,0,6
2740.3455227360246,4,83.5,0,1,0,6,0,0,7
2741.3595362320193,4,49.5,1,1,0,7,0,0,8
2742.3739546180004,4,51.75,0,3,1,5,0,0,9
2743.3898406790104,4,45.75,0,2,1,4,2,0,9
2744.4043395720073,4,70.25,0,2,1,3,3,0,9
2745.4206358380034,4,47.0,0,2,1,1,3,2,9
2746.434222934011,4,23.25,0,0,1,3,0,2,6
2747.4467599940253,4,47.0,0,0,1,3,0,0,4
2748.4598754139734,4,46.25,0,0,1,2,0,1,4
2749.4744369729888,4,26.25,0,2,1,2,0,0,5
2750.4887122579967,4,2.0,0,1,2,2,0,0,5
2751.5008406590205,4,23.5,1,1,2,1,1,0,5
2752.5147976480075,4,24.25,2,1,2,1,1,0,5
2753.5279280979885,4,11.5,0,3,1,3,0,0,7
2754.540737630974,4,0.0,0,5,3,3,0,1,12
2755.5545610340196,4,25.0,0,5,2,4,0,0,11
2756.5690974770114,4,19.75,0,5,1,4,0,1,11
2757.580776803021,4,24.5,0,3,2,7,0,0,12
2758.594737066014,4,30.75,0,1,4,8,0,0,13
2759.606670157984,4,47.75,0,1,4,9,1,0,15
2760.620388387004,4,50.0,2,1,4,8,2,0,15
2761.628680440015,4,70.25,2,1,4,6,2,2,15
2762.642936992983,4,6.0,0,3,3,7,0,0,13
2763.6574872480123,4,47.75,0,0,2,9,0,1,12
2764.6710149539867,4,67.25,0,0,0,9,0,0,9
2765.685125116026,4,72.75,0,1,0,9,0,0,10
2766.6967041919706,4,40.0,0,1,0,9,0,0,10
2767.7100583810243,4,92.75,0,1,0,5,4,0,10
2768.7233988060034,4,94.25,2,1,0,3,6,0,10
2769.737434329989,4,47.25,0,2,1,2,0,0,5
2770.7512811230263,4,42.5,0,0,2,4,0,0,6
2771.765021351981,4,47.25,0,0,1,5,0,0,6
2772.779168760986,4,95.0,1,0,1,3,2,0,6
2773.7927671039943,4,55.25,2,0,1,1,4,0,6
2774.80543936498,4,23.5,0,2,1,1,0,2,6
2775.818771750026,4,23.5,1,2,1,1,0,2,6
2776.832610873971,4,23.25,0,4,1,1,0,0,6
2777.8468817920075,4,0.0,0,2,2,2,0,0,6
2778.8601267129998,4,3.5,0,2,1,3,0,0,6
2779.8725154990098,4,23.25,1,2,0,4,0,0,6
2780.8842554679723,4,46.5,1,2,0,3,1,0,6
2781.896368150017,4,46.5,3,2,0,2,2,0,6
2782.908712406992,4,23.25,3,3,0,2,0,2,7
2783.923089551972,4,12.25,0,5,2,4,0,0,11
2784.9368607120123,4,46.5,0,0,5,6,0,0,11
2785.9469983489835,4,61.75,0,1,3,7,0,1,12
2786.9607357240166,4,59.75,0,1,2,8,0,0,11
2787.9748757740017,4,48.0,3,1,2,6,2,0,11
2788.988793695986,4,71.0,0,5,1,5,1,3,15
2790.0028694869834,4,66.5,0,4,4,5,0,0,13
2791.017003734014,4,66.0,0,4,5,3,0,2,14
2792.030814568978,4,17.25,0,3,3,6,0,0,12
2793.0449072699994,4,47.75,0,3,4,8,1,0,16
2794.059924477013,4,49.5,1,2,3,10,1,0,16
2795.073693531973,4,23.25,1,2,3,7,3,1,16
2796.088086743024,4,71.25,4,2,3,4,6,1,16
2797.1019157660194,4,69.5,5,2,3,3,7,1,16
2798.1153144469718,4,47.0,4,6,0,5,0,5,16
2799.129595579987,4,26.75,0,1,7,6,1,0,15
2800.142830591998,4,24.5,0,1,3,10,1,0,15
2801.156847551989,4,65.0,0,1,2,8,4,0,15
2802.1708300550235,4,75.5,1,0,2,9,0,0,11
2803.1822425069986,4,30.5,2,2,0,10,0,1,13
2804.1961182869854,4,93.5,4,2,0,6,4,0,12
2805.2103975520004,4,71.0,1,6,0,4,0,6,16
2806.2256799530005,4,38.25,0,2,4,6,0,0,12
2807.2381100539933,4,28.75,0,4,1,9,0,1,15
2808.2522564289975,4,96.75,1,4,0,9,1,1,15
2809.2655331210117,4,75.25,2,4,0,6,4,1,15
2810.279788171989,4,85.5,0,4,2,7,0,0,13
2811.291877533018,4,49.0,0,1,4,9,0,0,14
2812.3058075010194,4,65.75,0,1,2,8,3,1,15
2813.3203166539897,4,46.75,2,1,2,4,7,1,15
2814.3338210880174,4,46.0,0,2,3,4,0,7,16
2815.348202003981,4,23.5,1,2,3,3,0,1,9
2816.3623916769866,4,29.25,0,1,2,5,0,0,8
2817.3761904080166,4,65.75,1,2,1,7,0,0,10
2818.3872005940066,4,72.0,3,2,1,6,1,0,10
2819.401390679006,4,24.25,0,0,4,5,0,0,9
2820.4156255960115,4,66.75,0,0,1,6,0,0,7
2821.4283116140286,4,29.75,0,0,0,6,0,0,6
2822.4425211609923,4,94.0,0,0,0,4,2,0,6
2823.454616229981,4,70.0,0,0,0,3,0,1,4
2824.468873295991,4,23.25,0,0,0,2,0,0,2
2825.482728132978,4,23.0,0,0,0,1,0,0,1
2826.495821723016,4,23.75,0,0,0,1,0,0,1
2827.509671806998,4,23.5,1,0,0,1,0,0,1
2828.5234058389906,4,23.25,2,0,0,1,0,0,1
2829.5375647029723,4,0.0,0,2,0,0,0,0,2
2830.5458766730153,4,21.0,0,0,1,2,0,0,3
2831.560917811992,4,46.5,0,0,0,3,0,0,3
2832.5717483520275,4,71.0,0,0,0,3,0,0,3
2833.5857973070233,4,51.0,0,0,0,2,0,0,2
2834.599637556006,4,0.25,0,2,0,2,0,0,4
2835.613717472006,4,21.75,0,3,0,2,0,0,5
2836.6267868659925,4,46.75,0,3,1,3,0,0,7
2837.640694567992,4,71.25,1,3,1,3,0,0,7
2838.6549499770044,4,62.5,0,3,1,3,0,0,7
2839.668686058023,4,44.0,0,0,2,5,0,0,7
2840.682626100024,4,47.75,0,1,0,6,0,0,7
2841.6959301329916,4,47.5,2,1,0,6,0,0,7
2842.7098358519725,4,47.5,0,5,1,4,0,2,12
2843.7225130589795,4,25.75,0,1,4,4,0,0,9
2844.7356377629912,4,22.75,0,1,2,6,0,1,10
2845.7494698850205,4,46.0,0,1,2,5,1,1,10
2846.7630846989923,4,94.75,0,1,1,5,2,0,9
2847.777564310003,4,71.25,0,2,1,5,0,1,9
2848.7874587050173,4,23.0,0,1,2,5,0,0,8
2849.801755736,4,70.0,1,1,2,3,2,0,8
2850.8155956079718,4,70.0,0,2,2,2,0,0,6
2851.8299772440223,4,71.5,0,2,1,5,0,0,8
2852.844617297,4,50.0,0,0,1,6,0,0,7
2853.858284350019,4,59.25,0,1,0,5,2,0,8
2854.8724979030085,4,46.25,1,1,0,5,2,0,8
2855.886427717982,4,47.75,0,1,1,5,0,0,7
2856.900482785015,4,47.5,0,1,1,4,1,0,7
2857.9139626729884,4,48.0,0,0,0,6,1,0,7
2858.9271214019973,4,48.75,0,0,0,5,0,1,6
2859.9396894259844,4,46.75,0,1,0,3,0,0,4
2860.9531869210186,4,23.75,2,1,0,2,1,0,4
2861.9672634520102,4,23.75,2,1,0,0,3,0,4
2862.978447091009,4,0.0,0,5,0,0,0,0,5
2863.990680244984,4,0.0,0,4,1,0,0,0,5
2865.003859397024,4,0.0,0,4,1,0,0,0,5
2866.0170706370263,4,35.5,0,1,2,3,0,0,6
2867.0307396459975,4,48.5,0,0,0,6,0,0,6
2868.044353250996,4,62.5,1,1,0,5,1,0,7
2869.0575468019815,4,47.5,2,1,0,5,1,0,7
2870.0693248939933,4,36.0,0,3,2,4,0,1,10
2871.083061172976,4,24.0,0,0,2,5,0,0,7
2872.0970174049726,4,48.5,0,0,1,5,1,0,7
2873.111174066027,4,70.5,0,0,0,4,3,0,7
2874.124811903981,4,46.5,1,0,0,4,3,0,7
2875.1386160749826,4,47.75,1,0,0,3,1,3,7
2876.152907926007,4,6.5,0,0,2,3,0,0,5
2877.1663413339993,4,33.75,0,3,0,3,0,1,7
2878.180178679002,4,39.75,0,1,2,3,0,0,6
2879.193640049023,4,70.5,1,1,2,3,0,0,6
2880.2073387349956,4,63.25,1,1,2,1,2,0,6
2881.2217246299842,4,0.0,0,2,2,2,0,0,6
2882.2356492260005,4,46.0,1,2,1,3,0,0,6
2883.2497583220247,4,15.5,1,4,1,4,0,0,9
2884.2634919129778,4,48.25,1,4,1,4,0,0,9
2885.2775850709877,4,47.5,0,5,0,4,0,1,10
2886.2917353599914,4,47.0,0,6,0,4,0,0,10
2887.3063043800066,4,12.25,0,2,3,4,0,0,9
2888.320201103983,4,0.0,0,2,1,9,0,0,12
2889.334746968001,4,49.75,0,1,1,10,1,0,13
2890.3490449570236,4,71.75,0,2,1,9,2,0,14
2891.362747327017,4,88.75,1,2,1,3,8,0,14
2892.3769365290063,4,46.75,2,2,1,2,8,1,14
2893.3887445480214,4,39.75,0,5,1,3,0,3,12
2894.4031731989817,4,23.0,0,4,2,2,0,0,8
2895.415349441988,4,25.75,1,3,2,4,0,0,9
2896.4292157060117,4,71.0,2,3,1,4,1,0,9
2897.443780270987,4,47.0,2,3,1,3,2,0,9
2898.4574297979707,4,24.0,2,3,1,2,0,3,9
2899.4702076250105,4,23.75,0,3,3,1,1,0,8
2900.484102145012,4,0.0,0,3,4,1,0,1,9
2901.497738962993,4,8.0,0,1,3,4,0,0,8
2902.512674915022,4,15.5,0,1,1,7,0,0,9
2903.5264073470025,4,16.75,1,1,1,8,0,0,10
2904.5405634170165,4,71.25,1,1,1,8,0,0,10
2905.5540516200126,4,71.25,1,1,1,7,1,0,10
2906.5685704270145,4,72.5,0,2,1,6,0,2,11
2907.582503772981,4,70.25,0,0,0,6,0,0,6
2908.5962387599866,4,48.0,0,0,0,5,0,1,6
2909.6102691959823,4,93.5,0,0,0,5,0,0,5
2910.622481674014,4,70.5,0,0,0,3,2,0,5
2911.6356542470166,4,46.75,1,0,0,3,2,0,5
2912.6495507059735,4,24.25,0,2,0,2,0,2,6
2913.662194998993,4,23.25,0,0,2,0,0,0,2
2914.676511260972,4,2.25,0,1,1,1,0,0,3
2915.690236651979,4,23.0,0,1,1,1,0,0,3
2916.7041203139815,4,22.75,0,1,1,1,0,0,3
2917.7168745929957,4,0.0,0,1,0,1,0,1,3
2918.7311279430287,4,25.0,0,0,0,2,0,0,2
2919.7448314150097,4,23.25,0,0,0,1,1,0,2
2920.75597571698,4,23.25,0,2,0,1,0,0,3
2921.767011559976,4,0.0,0,2,0,0,0,0,2
2922.7810141890077,4,0.0,0,1,0,2,0,0,3
2923.7947419210104,4,0.0,1,1,0,2,0,0,3
2924.8082689319854,4,0.0,0,3,0,2,0,0,5
2925.8222837729845,4,0.0,0,1,2,3,0,0,6
2926.835696957016,4,24.0,0,0,1,5,0,0,6
2927.849949727999,4,45.5,1,0,0,6,0,0,6
2928.863560206024,4,70.5,1,0,0,3,3,0,6
2929.8770982439746,4,46.5,1,0,0,2,4,0,6
2930.8915325669805,4,23.25,0,1,0,1,1,1,4
2931.905052435992,4,0.0,0,1,0,1,0,0,2
2932.918277078017,4,23.0,0,1,1,1,0,0,3
2933.9312578020035,4,24.0,1,1,1,1,0,0,3
2934.945620928018,4,26.0,0,2,2,1,0,0,5
2935.9584328979836,4,37.0,0,2,1,1,1,0,5
2936.9726705499925,4,24.0,0,0,3,1,0,1,5
2937.985997612006,4,23.5,0,0,3,1,0,0,4
2938.9997988920077,4,0.0,0,1,2,2,0,0,5
2940.014276981994,4,45.25,0,3,2,3,0,0,8
2941.0283093309845,4,23.0,0,0,2,6,0,0,8
2942.0421039750217,4,72.0,0,0,2,5,1,0,8
2943.056269305991,4,47.5,0,0,2,5,1,0,8
2944.069987610972,4,46.75,0,0,2,3,3,0,8
2945.0838645159965,4,23.75,0,0,0,4,0,0,4
2946.094955183973,4,41.5,0,2,0,4,0,0,6
2947.1073811349925,4,23.5,1,2,0,3,1,0,6
2948.119352641981,4,50.75,3,2,0,3,1,0,6
2949.131304186012,4,46.75,3,2,0,2,2,0,6
2950.1449037980055,4,44.75,0,5,2,2,0,0,9
2951.158861968026,4,31.0,0,3,1,4,0,0,8
2952.172463838011,4,23.25,0,3,0,5,0,0,8
2953.1834011200117,4,70.5,0,2,1,4,0,1,8
2954.1942253109883,4,40.75,0,0,2,5,0,0,7
2955.2081285609747,4,47.75,1,0,2,5,0,0,7
2956.221210354008,4,69.0,0,2,2,4,0,1,9
2957.235389670008,4,32.25,0,3,2,5,0,0,10
2958.247723133012,4,40.75,0,3,3,6,0,0,12
2959.2614666050067,4,55.75,2,3,3,6,0,0,12
2960.274273476971,4,69.25,0,5,3,5,0,0,13
2961.2882291150163,4,46.75,0,6,2,6,0,0,14
2962.3000253739883,4,23.75,0,5,3,6,0,0,14
2963.3150664399727,4,71.0,1,5,3,5,1,0,14
2964.3278458419954,4,24.0,3,2,7,6,0,1,16
2965.3412994039827,4,70.25,5,2,7,4,2,1,16
2966.3555217260146,4,56.0,4,5,3,6,1,1,16
2967.3692896619905,4,36.5,5,8,2,6,0,0,16
2968.3832645950024,4,39.75,5,1,7,8,0,0,16
2969.397346425976,4,34.75,5,0,5,9,0,2,16
2970.4095911339973,4,57.75,3,0,4,11,1,0,16
2971.423574480985,4,76.75,0,2,2,11,1,0,16
2972.4372371039935,4,68.75,1,3,2,11,0,0,16
2973.4512749299756,4,47.5,4,2,2,9,3,0,16
2974.4639515230083,4,80.25,0,8,2,6,0,0,16
2975.4768132379977,4,23.25,5,3,6,7,0,0,16
2976.489447224012,4,30.75,5,0,2,14,0,0,16
2977.502932515985,4,71.0,6,0,1,10,5,0,16
2978.515820642002,4,67.25,0,6,1,9,0,0,16
2979.5287921730196,4,46.5,0,5,1,8,0,1,15
2980.5415739580058,4,44.25,0,1,3,11,0,0,15
2981.555951231974,4,93.5,2,1,2,8,2,0,13
2982.5708674609778,4,94.5,2,1,2,6,4,0,13
2983.584436726989,4,70.25,0,2,3,4,0,1,10
2984.5987324040034,4,0.0,0,3,3,6,0,0,12
2985.6121433239896,4,94.5,0,1,0,10,0,0,11
2986.6259847370093,4,69.25,0,0,0,10,0,0,10
2987.6403302280232,4,93.75,0,0,0,8,1,0,9
2988.6540112650255,4,71.0,0,0,0,5,0,4,9
2989.6657134449924,4,53.25,0,3,0,5,0,0,8
2990.6789351659827,4,70.5,0,2,1,3,2,0,8
2991.693243440008,4,70.25,1,2,1,3,2,0,8
2992.7056344649754,4,47.0,1,2,1,1,4,0,8
2993.719823563006,4,23.5,0,1,3,0,1,2,7
2994.7338513419963,4,25.0,0,1,1,3,0,0,5
2995.747494603973,4,28.25,0,2,0,5,0,0,7
2996.761553801014,4,47.25,0,0,2,5,0,0,7
2997.7755556380143,4,48.0,0,0,1,7,0,0,8
2998.783374665014,4,71.5,0,0,0,6,0,0,6
2999.7972472520196,4,47.25,0,0,0,6,0,0,6
3000.805402471975,4,46.75,0,0,0,5,0,0,5
3001.819629891019,4,47.25,0,2,0,4,0,0,6
3002.8340023889905,4,41.0,0,2,1,4,0,0,7
3003.8481446480146,4,8.25,0,2,2,6,0,0,10
3004.862259227026,4,28.75,0,1,1,6,2,0,10
3005.876282494981,4,48.0,0,2,0,5,0,0,7
3006.890603645006,4,72.5,0,1,2,5,0,0,8
3007.9047875559772,4,23.25,0,2,2,7,0,0,11
3008.9185892930254,4,66.0,2,1,1,9,0,0,11
3009.9328385759727,4,69.5,2,1,1,6,3,0,11
3010.946707765979,4,60.5,0,4,0,5,0,1,10
3011.960847145994,4,46.75,0,0,2,7,0,0,9
3012.974665620015,4,69.75,0,0,2,8,0,1,11
3013.986778672028,4,23.75,2,4,0,6,3,0,13
3014.999256672978,4,39.75,0,4,1,7,1,0,13
3016.0108539129724,4,70.5,0,1,3,8,1,0,13
3017.0247557720286,4,67.75,0,0,2,7,0,0,9
3018.035586190992,4,71.5,0,0,1,8,0,0,9
3019.0489467210136,4,70.25,0,0,1,7,0,0,8
3020.0622395459795,4,71.5,0,0,1,3,1,0,5
3021.0758794129943,4,45.0,0,0,1,2,0,0,3
3022.089217095985,4,23.5,0,0,1,1,1,0,3
3023.1029542639735,4,0.0,1,1,0,2,0,0,3
3024.1162745790207,4,0.0,0,4,1,2,0,0,7
3025.1300031060237,4,24.0,0,0,4,2,0,0,6
3026.1413671980263,4,29.5,1,0,2,2,2,0,6
3027.155731960025,4,23.25,0,1,1,4,0,0,6
3028.1694602959906,4,45.5,0,1,1,2,2,0,6
3029.186522634991,4,23.25,0,3,0,2,0,2,7
3030.200634619978,4,26.75,0,2,3,1,0,0,6
3031.214669622015,4,28.5,0,0,2,5,0,0,7
3032.227764903975,4,47.0,0,2,2,5,0,0,9
3033.2423310609884,4,71.75,0,3,1,8,0,0,12
3034.2562276630197,4,42.5,1,3,4,9,0,0,16
3035.268668307981,4,41.5,2,1,5,7,1,2,16
3036.2817571400083,4,71.0,5,3,3,7,2,1,16
3037.295602131984,4,48.5,2,2,5,8,1,0,16
3038.3097732859896,4,32.25,1,2,5,9,0,0,16
3039.323989844008,4,47.0,0,1,5,7,1,2,16
3040.3379959079903,4,47.25,3,2,5,6,1,2,16
3041.35194968601,4,51.25,5,6,3,7,0,0,16
3042.3660290910047,4,46.5,8,1,7,8,0,0,16
3043.3801439700183,4,1.0,6,4,5,7,0,0,16
3044.3904427349917,4,59.25,12,5,2,4,2,3,16
3045.404756586009,4,24.5,9,3,7,6,0,0,16
3046.4185844659805,4,30.25,9,2,3,9,0,2,16
3047.4323440520093,4,29.75,7,2,3,9,0,2,16
3048.4461264269776,4,70.0,5,3,1,8,1,3,16
3049.459153313015,4,51.5,3,3,4,6,0,3,16
3050.4735114519717,4,35.5,0,1,2,11,0,1,15
3051.487497493974,4,64.25,0,0,1,9,0,0,10
3052.5020833680173,4,77.5,0,0,0,8,0,2,10
3053.5158322729985,4,94.5,0,0,0,7,1,2,10
3054.5304387250217,4,47.0,0,0,0,2,0,6,8
3055.5440896829823,4,22.75,0,0,1,3,0,0,4
3056.554933182022,4,56.75,0,2,0,3,0,0,5
3057.5690361229936,4,66.0,0,2,0,3,0,0,5
3058.582770713023,4,31.75,0,1,0,4,0,0,5
3059.5967368949787,4,23.25,0,0,0,6,0,0,6
3060.611280610028,4,7.25,0,0,1,7,0,0,8
3061.62499935698,4,35.25,0,0,0,7,1,0,8
3062.6393843650003,4,46.5,0,1,0,7,0,0,8
3063.65184041101,4,29.25,0,1,1,6,1,0,9
3064.6640843949863,4,43.75,0,1,0,5,1,1,8
3065.675425385998,4,22.5,0,2,0,6,0,0,8
3066.6896217010217,4,24.0,0,3,0,5,0,1,9
3067.6974284119788,4,38.25,0,2,1,5,0,0,8
3068.7110107180197,4,70.25,0,1,0,6,1,0,8
3069.7254753889865,4,54.0,0,0,1,5,0,0,6
3070.736226436973,4,67.75,0,0,0,4,0,0,4
3071.7502646279754,4,46.5,0,1,0,4,0,0,5
3072.764140830026,4,62.5,3,1,0,4,0,0,5
3073.778077828989,4,42.25,0,2,2,3,0,0,7
3074.787338913011,4,46.75,0,2,1,5,0,0,8
3075.801031894982,4,24.5,0,0,2,5,1,0,8
3076.813958047016,4,47.0,2,0,1,5,1,1,8
3077.828173706017,4,47.25,3,0,1,5,1,1,8
3078.841767346021,4,45.75,0,4,1,4,0,1,10
3079.855503273022,4,47.25,0,6,1,4,0,0,11
3080.869530252996,4,24.25,0,2,5,4,1,0,12
3081.8836072969716,4,53.0,0,1,3,7,0,1,12
3082.8976936700055,4,71.75,0,1,1,9,0,0,11
3083.9117854940123,4,75.75,0,0,0,11,0,0,11
3084.925742705993,4,75.25,0,1,0,10,1,0,12
3085.939740005997,4,94.5,1,1,0,8,3,0,12
3086.9537147749797,4,94.75,2,1,0,6,5,0,12
3087.9668347080005,4,70.75,0,3,0,3,0,8,14
3088.9799870150164,4,14.75,0,0,1,5,0,0,6
3089.993654955004,4,33.5,0,2,0,5,0,0,7
3091.0074568960117,4,29.75,0,3,0,5,0,0,8
3092.0214167420054,4,70.75,0,3,1,3,0,0,7
3093.0354248840013,4,0.0,0,2,3,3,0,0,8
3094.047604219988,4,24.5,0,3,2,6,0,0,11
3095.0613021199824,4,37.75,0,2,3,5,1,0,11
3096.0756994729745,4,70.5,0,2,3,5,1,0,11
3097.089199791022,4,70.5,1,2,3,4,2,0,11
3098.1031443810207,4,23.5,0,2,2,6,0,0,10
3099.1174430190003,4,71.5,0,1,0,9,0,0,10
3100.1313521969714,4,38.5,0,1,1,9,0,0,11
3101.1455703719985,4,92.0,0,1,1,8,0,1,11
3102.159854953992,4,66.75,0,3,0,8,1,0,12
3103.173557468981,4,70.5,0,0,0,11,0,0,11
3104.187445310992,4,49.25,0,1,0,9,1,1,12
3105.20139347401,4,95.25,0,1,0,8,2,1,12
3106.2160590999993,4,94.0,1,1,0,5,5,0,11
3107.229559083993,4,56.5,0,2,0,3,1,1,7
3108.243546756974,4,44.0,2,2,1,2,2,0,7
3109.2576755119953,4,6.0,0,1,3,4,0,0,8
3110.2720960630104,4,46.5,0,1,2,5,0,0,8
3111.2823909969884,4,48.75,0,0,2,6,0,0,8
3112.2962610090035,4,72.75,0,1,1,5,1,1,9
3113.3102665119804,4,70.5,0,1,1,4,2,1,9
3114.3242896210286,4,54.5,0,2,0,4,0,0,6
3115.3382800000254,4,48.5,0,1,1,5,0,0,7
3116.351742910978,4,41.0,0,0,1,6,0,0,7
3117.3653291470255,4,55.75,0,0,1,6,0,0,7
3118.379395315016,4,59.0,0,1,0,5,0,0,6
3119.3933270049747,4,48.5,1,1,0,4,1,0,6
3120.4061921350076,4,25.75,0,0,1,5,0,0,6
3121.4197190909763,4,46.75,2,0,1,4,1,0,6
3122.4334725199733,4,46.0,7,0,1,3,2,0,6
3123.447590806987,4,46.75,7,0,0,2,2,2,6
3124.461421896005,4,23.5,0,2,5,3,0,0,10
3125.475570558978,4,25.5,0,1,2,8,0,0,11
3126.489442604012,4,33.5,1,1,1,8,1,0,11
3127.5028591569862,4,94.25,1,1,1,6,1,2,11
3128.5172731719795,4,70.5,1,1,1,3,4,2,11
3129.530951704015,4,71.0,0,5,0,3,0,4,12
3130.5442823549965,4,24.0,0,0,0,8,0,0,8
3131.555868704978,4,72.0,0,1,1,8,0,0,10
3132.5648853710154,4,10.0,2,2,1,8,0,0,11
3133.578387883026,4,70.5,3,2,1,7,1,0,11
3134.5901339030243,4,40.75,0,3,2,8,0,0,13
3135.604475246975,4,81.0,0,2,1,9,0,3,15
3136.617192214995,4,23.5,1,3,3,7,1,0,14
3137.6306953090243,4,69.5,2,3,3,5,3,0,14
3138.6442922269925,4,69.5,2,3,3,5,3,0,14
3139.6583209789824,4,69.5,5,3,3,3,4,1,14
3140.672329574998,4,48.5,1,11,1,3,0,1,16
3141.6847139889724,4,23.0,2,3,10,3,0,0,16
3142.6989165649866,4,46.75,4,1,7,8,0,0,16
3143.7127023920184,4,45.75,4,1,7,4,4,0,16
3144.724422859028,4,93.0,4,1,7,2,6,0,16
3145.738734753977,4,23.0,4,1,6,2,2,5,16
3146.752059685008,4,20.75,0,6,2,5,0,0,13
3147.7631838010275,4,41.75,0,0,1,11,0,0,12
3148.7767837509746,4,47.75,1,0,1,9,1,1,12
3149.7907535129925,4,94.5,2,0,0,7,4,1,12
3150.798508051026,4,95.0,2,0,0,6,5,1,12
3151.8117084220285,4,94.75,2,0,0,6,5,1,12
3152.8259991750238,4,95.0,0,2,0,2,0,0,4
3153.8400352299795,4,5.5,0,0,1,4,0,0,5
3154.854302409978,4,56.75,0,1,1,4,0,0,6
3155.8681184009765,4,71.25,1,1,0,4,1,0,6
3156.881796301983,4,47.25,0,3,0,2,0,3,8
3157.8944598190137,4,23.25,0,3,0,2,0,2,7
3158.907971979992,4,46.75,0,3,0,2,0,2,7
3159.923331108992,4,46.25,0,6,0,2,0,0,8
3160.937735053012,4,28.5,0,4,2,3,0,0,9
3161.9516313680215,4,46.75,0,2,3,5,0,0,10
3162.9655728390208,4,47.5,0,1,3,5,1,0,10
3163.979339061014,4,70.5,1,1,2,5,2,0,10
3164.993921170011,4,46.0,0,1,2,4,0,2,9
3166.0076487850165,4,54.75,0,0,2,4,1,0,7
3167.0209902329952,4,69.75,0,0,2,3,2,0,7
3168.034921356011,4,68.75,0,2,0,4,1,0,7
3169.048987457005,4,47.75,0,1,1,4,0,0,6
3170.0632296029944,4,49.0,0,2,0,5,0,0,7
3171.076910138014,4,47.75,0,1,0,5,0,1,7
3172.0907862209715,4,50.0,0,0,0,6,0,0,6
3173.104621823004,4,23.5,0,1,1,3,1,0,6
3174.1183613049798,4,24.75,0,1,0,5,0,0,6
3175.132672608015,4,42.25,0,0,3,4,0,0,7
3176.1465164769907,4,48.5,1,1,1,6,0,0,8
3177.1602417000104,4,70.75,1,1,1,6,0,0,8
3178.174378420983,4,71.25,1,1,1,6,0,0,8
3179.188246108999,4,55.25,0,2,0,5,0,1,8
3180.202516525984,4,40.0,0,1,1,5,0,1,8
3181.216525477008,4,47.0,0,2,1,4,0,1,8
3182.228893790976,4,32.5,0,3,1,4,0,0,8
3183.238619677024,4,47.5,0,5,0,5,0,0,10
3184.2523270740057,4,47.5,0,2,3,4,0,0,9
3185.265694126021,4,49.0,0,0,1,5,0,1,7
3186.2844336450216,4,47.0,0,0,1,5,0,0,6
3187.2981200729846,4,47.75,1,0,1,5,0,0,6
3188.311924596026,4,47.25,0,1,0,5,0,1,7
3189.325791600975,4,47.25,1,1,1,3,0,1,6
3190.33992653701,4,46.5,0,2,0,4,0,0,6
3191.353798418015,4,47.25,0,0,1,4,0,0,5
3192.367184464005,4,44.0,0,0,0,4,0,0,4
3193.3811662999797,4,24.0,0,1,0,3,0,0,4
3194.394978529017,4,23.75,0,2,1,3,0,0,6
3195.4074898560066,4,11.75,0,2,0,4,0,0,6
3196.42220832,4,23.25,1,2,1,4,0,0,7
3197.433443262009,4,57.25,0,1,1,6,0,0,8
3198.443840437976,4,72.0,0,0,0,8,0,0,8
3199.456128286023,4,24.75,0,0,0,7,1,0,8
3200.469615762995,4,24.0,0,0,0,6,0,0,6
3201.4838913080166,4,23.75,0,0,1,4,0,1,6
3202.4983838429907,4,23.5,0,1,1,3,1,0,6
3203.512410052994,4,27.5,0,0,2,3,1,0,6
3204.523109378002,4,47.75,1,0,2,3,1,0,6
3205.5371976339957,4,46.5,0,1,1,4,0,0,6
3206.551369066001,4,24.75,0,0,3,5,0,0,8
3207.563926568022,4,0.0,0,1,1,7,0,0,9
3208.577957300993,4,70.75,0,1,1,6,1,0,9
3209.588822016027,4,0.0,0,1,1,6,0,0,8
3210.6028175320243,4,27.0,0,2,0,7,0,0,9
3211.6172434180044,4,33.75,0,2,0,6,1,0,9
3212.630948886974,4,23.25,0,0,2,5,0,2,9
3213.646288277989,4,15.0,0,0,0,7,1,0,8
3214.6599720750237,4,72.75,1,0,0,5,3,0,8
3215.673441889987,4,71.5,1,0,0,5,2,1,8
3216.6876428709948,4,27.25,0,1,0,4,1,1,7
3217.7009080889984,4,64.75,0,2,0,3,0,0,5
3218.713305383979,4,71.0,1,1,1,3,0,0,5
3219.726229758002,4,23.5,0,2,2,2,0,0,6
3220.740524687979,4,6.25,0,0,1,5,0,0,6
3221.754291575984,4,94.75,0,0,1,5,0,0,6
3222.7678862619796,4,70.25,0,0,1,3,2,0,6
3223.7822911600233,4,70.75,0,2,1,3,0,1,7
3224.796043513983,4,60.5,0,2,0,4,0,0,6
3225.8092186980066,4,53.75,0,1,2,4,0,0,7
3226.822011290991,4,70.5,0,3,1,5,0,0,9
3227.836258156982,4,16.0,0,2,1,6,0,0,9
3228.850130700972,4,25.0,0,1,1,7,0,0,9
3229.8635232229717,4,47.75,0,0,0,6,0,0,6
3230.878041677992,4,46.5,0,0,0,4,0,0,4
3231.891998742998,4,59.25,0,1,0,4,0,0,5
3232.9057515839813,4,43.5,0,1,1,4,0,0,6
3233.919666268979,4,50.0,0,0,1,5,0,0,6
3234.933444063994,4,71.75,0,0,1,5,0,0,6
3235.9476764380233,4,30.25,0,1,1,4,0,1,7
3236.9611528349924,4,46.5,0,2,1,3,0,1,7
3237.9751427900046,4,34.75,0,4,1,1,0,0,6
3238.9897252399824,4,16.75,0,2,2,2,0,0,6
3240.0033426990267,4,23.5,2,2,2,1,1,0,6
3241.0173447499983,4,23.25,0,4,2,1,0,1,8
3242.0283718340215,4,0.0,0,4,1,1,0,0,6
3243.042263950978,4,0.0,0,2,2,4,0,0,8
3244.0554461330175,4,42.5,0,1,3,5,0,0,9
3245.0691468350124,4,24.25,0,1,3,5,0,0,9
3246.0836572370026,4,69.5,0,1,3,5,0,0,9
3247.0975597830256,4,71.0,0,1,3,4,1,0,9
3248.1113014959847,4,69.75,0,1,2,5,0,1,9
3249.1247906169738,4,48.25,0,0,3,4,0,0,7
3250.1381206249935,4,48.0,0,1,1,6,0,0,8
3251.15250111802,4,69.5,0,2,1,5,1,0,9
3252.1666875010123,4,46.5,0,2,1,2,0,0,5
3253.1796444259817,4,24.25,0,1,1,3,0,0,5
3254.193742131989,4,46.5,0,0,2,3,0,0,5
3255.2072455949965,4,27.25,0,0,2,3,0,0,5
3256.2210020530038,4,47.25,1,0,2,3,0,0,5
3257.2344078519964,4,46.5,1,0,2,3,0,0,5
3258.2483406090178,4,29.25,0,2,1,2,0,0,5
3259.2648460000055,4,64.25,0,0,1,4,0,0,5
3260.278084493999,4,46.5,0,1,1,3,1,0,6
3261.2916237139725,4,70.5,0,1,1,2,0,2,6
3262.3054094479885,4,46.75,0,3,1,2,0,1,7
3263.317486462998,4,44.75,0,1,1,4,0,0,6
3264.331420678005,4,46.75,0,0,0,5,0,1,6
3265.345091318013,4,92.75,0,0,0,5,0,0,5
3266.3591478960006,4,70.5,0,0,0,4,0,0,4
3267.372695045022,4,70.0,0,0,0,3,0,0,3
3268.3870177899953,4,47.5,0,1,0,3,0,0,4
3269.401172648999,4,61.5,1,0,0,4,0,0,4
3270.4146980859805,4,70.25,2,0,0,4,0,0,4
3271.4252261170186,4,46.75,0,2,0,4,0,0,6
3272.4372615090106,4,47.25,0,1,2,2,0,0,5
3273.4509626830113,4,24.75,0,0,1,3,0,0,4
3274.464501412993,4,70.75,1,0,1,2,1,0,4
3275.4781823219964,4,46.75,0,2,0,3,0,0,5
3276.4918857979937,4,71.0,0,2,0,3,0,0,5
3277.506315357983,4,47.5,0,1,2,2,1,0,6
3278.520123375987,4,27.75,1,1,0,4,1,0,6
3279.534241090005,4,70.75,1,1,0,3,2,0,6
3280.5485995989875,4,47.0,0,2,0,2,0,3,7
3281.5622458989965,4,0.0,1,2,0,2,0,1,5
3282.576558989007,4,0.0,0,1,2,2,0,0,5
3283.5897104869946,4,43.75,1,2,1,1,2,0,6
3284.6032424410223,4,15.25,1,1,2,1,0,1,5
3285.616500472999,4,21.75,0,2,1,2,0,0,5
3286.6304349320126,4,23.75,0,2,1,2,0,0,5
3287.642330918985,4,23.25,0,2,0,2,1,0,5
3288.6550297670183,4,25.0,0,1,1,3,0,0,5
3289.6689220470143,4,45.5,0,0,1,3,0,0,4
3290.6791143559967,4,0.0,0,0,1,2,1,0,4
3291.6931162240217,4,23.25,1,0,1,1,2,0,4
3292.707273610984,4,23.0,3,0,1,1,2,0,4
3293.7207556199864,4,23.5,3,0,1,1,2,0,4
3294.7344871190144,4,0.0,0,4,1,1,0,0,6
3295.7488694029744,4,23.25,0,1,4,2,0,0,7
3296.759374202986,4,25.0,0,1,1,5,0,0,7
3297.77351950499,4,72.5,1,1,1,4,1,0,7
3298.787456742022,4,47.25,0,2,1,5,0,0,8
3299.8016622039722,4,47.25,0,0,0,8,0,0,8
3300.816777387983,4,83.5,0,0,0,8,0,0,8
3301.830654336023,4,90.25,0,0,0,8,0,0,8
3302.844724882976,4,94.5,0,0,0,6,2,0,8
3303.858698742988,4,93.75,0,1,0,6,0,1,8
3304.8724312490085,4,47.0,0,0,0,6,0,0,6
3305.884983346972,4,47.75,0,0,0,5,1,0,6
3306.8984990380122,4,37.5,0,0,0,2,0,0,2
3307.912416692998,4,21.75,0,0,0,0,0,0,0
3308.924099232012,4,0.0,0,0,0,0,0,0,0
3309.938229285006,4,0.0,0,0,0,0,0,0,0
3310.9519458329887,4,0.0,0,0,0,0,0,0,0
3311.966029393021,4,0.0,0,0,0,0,0,0,0
3312.980145511974,4,0.0,1,0,0,0,0,0,0
3313.993084183021,4,0.0,0,1,0,0,0,0,1
3315.00711866701,4,0.0,0,2,0,0,0,0,2
3316.0203171030153,4,0.0,2,2,0,0,0,0,2
3317.0346015730174,4,0.0,0,2,1,1,0,0,4
3318.048723855987,4,38.0,0,1,0,3,0,0,4
3319.0628152620047,4,69.75,0,0,1,3,0,0,4
3320.0769223879906,4,66.0,0,0,1,2,1,0,4
3321.0899661669973,4,46.25,0,0,1,2,1,0,4
3322.102314802003,4,48.0,0,0,1,2,0,0,3
3323.1153618490207,4,48.0,1,0,0,3,0,0,3
3324.128386416007,4,37.75,0,1,0,3,0,0,4
3325.142248774995,4,70.0,2,1,0,2,1,0,4
3326.155335027026,4,46.75,4,1,0,1,0,2,4
3327.169618300977,4,22.25,0,4,1,1,0,0,6
3328.1830034379964,4,24.75,0,0,2,4,0,0,6
3329.197051591007,4,49.0,0,3,0,6,0,0,9
3330.210730012972,4,94.5,0,3,0,6,0,0,9
3331.2244661059813,4,73.25,0,0,1,7,0,0,8
3332.2385416710167,4,49.0,0,1,0,7,0,0,8
3333.252615310019,4,38.0,0,0,2,5,1,1,9
3334.266194135009,4,72.5,1,0,1,6,1,1,9
3335.28051002702,4,71.75,3,0,1,6,0,1,8
3336.2943998309784,4,71.25,3,0,1,5,1,1,8
3337.307790856983,4,47.75,0,3,0,5,0,0,8
3338.3218543269904,4,72.25,0,0,0,7,0,1,8
3339.3355977819883,4,65.5,0,1,0,6,1,0,8
3340.350588551024,4,94.0,0,1,0,6,1,0,8
3341.3643162599765,4,94.5,0,1,0,5,1,1,8
3342.3783083760063,4,46.75,2,1,0,4,2,1,8
3343.386002390005,4,10.5,2,2,1,4,0,1,8
3344.40044543799,4,24.5,0,5,0,5,0,0,10
3345.4140891329735,4,44.25,0,5,0,5,0,0,10
3346.42851543898,4,9.0,0,6,0,2,0,1,9
3347.4417748550186,4,20.25,0,1,1,6,0,0,8
3348.4558946909965,4,57.5,1,1,1,5,1,0,8
3349.4702580220182,4,70.0,0,2,0,6,0,1,9
3350.4827494270285,4,61.5,0,0,1,6,0,0,7
3351.4973442810006,4,24.75,0,1,0,7,0,0,8
3352.5112422360107,4,26.0,0,1,0,6,0,0,7
3353.525508783001,4,45.5,1,0,0,7,0,0,7
3354.532491023012,4,47.25,0,0,1,7,0,0,8
3355.546499988006,4,24.25,0,1,0,7,0,0,8
3356.5599395169993,4,23.5,0,1,0,7,0,0,8
3357.574473642977,4,26.25,0,2,0,7,0,0,9
3358.588301280979,4,0.75,0,1,1,4,0,3,9
3359.6017298899824,4,22.75,0,2,0,4,0,1,7
3360.6161767150043,4,48.5,0,0,2,6,0,0,8
3361.6284292549826,4,15.75,0,0,0,7,0,0,7
3362.6426799339824,4,46.75,0,0,0,6,1,0,7
3363.656372471014,4,47.0,0,0,0,4,3,0,7
3364.6701411299873,4,46.5,0,0,0,3,4,0,7
3365.682712382986,4,46.75,0,1,0,3,0,3,7
3366.696371598984,4,47.0,0,2,0,3,0,0,5
3367.708968669991,4,43.25,0,0,0,5,0,0,5
3368.7220323680085,4,78.5,0,1,0,4,0,1,6
3369.734046734986,4,53.5,0,0,0,4,0,0,4
3370.7479079919867,4,47.0,0,1,0,3,0,1,5
3371.754342635977,4,25.25,0,2,1,3,0,0,6
3372.767929167021,4,46.0,0,2,1,3,0,0,6
3373.781122880988,4,47.0,0,2,1,3,0,0,6
3374.7954164270195,4,41.75,0,0,0,5,0,0,5
3375.8091360270046,4,47.5,0,0,0,5,0,0,5
3376.822818649991,4,50.75,0,0,0,3,0,0,3
3377.83651332499,4,23.5,0,0,0,2,0,0,2
3378.8528915739735,4,23.5,0,0,0,1,1,0,2
3379.866763302998,4,23.25,0,0,0,1,0,0,1
3380.8802786970045,4,20.0,0,0,0,1,0,0,1
3381.894065067987,4,23.25,2,0,0,1,0,0,1
3382.907450563973,4,5.0,0,2,0,0,1,0,3
3383.9214736649883,4,0.0,0,1,1,0,0,0,2
3384.935024615028,4,0.0,1,0,2,0,0,0,2
3385.9493030959857,4,23.25,0,2,1,1,0,0,4
3386.9629421809805,4,23.25,0,2,0,3,0,0,5
3387.976549729996,4,72.25,0,2,0,3,0,0,5
3388.9907963600126,4,70.5,1,2,0,3,0,0,5
3390.003624716017,4,70.25,0,2,1,4,0,0,7
3391.0174455579836,4,68.5,0,1,1,5,0,0,7
3392.0313194949995,4,25.75,0,2,1,6,0,0,9
3393.045093555993,4,32.5,0,2,0,6,0,1,9
3394.058852289978,4,57.25,0,1,0,8,0,0,9
3395.072899047984,4,58.5,0,0,0,7,0,1,8
3396.0851336349733,4,47.5,0,0,0,6,1,0,7
3397.098865656997,4,71.25,0,0,0,6,1,0,7
3398.11300613801,4,70.75,0,0,0,5,2,0,7
3399.1268452780205,4,70.5,1,0,0,4,0,3,7
3400.1410084060044,4,46.0,0,1,0,5,0,0,6
3401.1549971009954,4,44.75,0,1,0,6,0,0,7
3402.1668719929876,4,46.75,0,1,0,3,1,1,6
3403.1778306380147,4,23.25,0,0,0,3,0,0,3
3404.1922678839765,4,39.25,0,3,0,2,0,0,5
3405.20361433801,4,32.0,0,2,0,3,0,0,5
3406.2185948480037,4,47.75,0,1,0,3,1,0,5
3407.232137566025,4,71.0,0,1,0,3,1,0,5
3408.24863616901,4,71.0,3,1,0,3,1,0,5
3409.2624661389855,4,54.25,0,3,0,4,0,0,7
3410.276511587028,4,23.5,0,0,3,5,0,0,8
3411.289802987012,4,71.25,0,0,2,6,0,0,8
3412.303981398989,4,23.25,0,0,1,6,0,0,7
3413.318083647988,4,46.25,0,1,0,6,0,1,8
3414.3316172569757,4,46.75,0,1,1,5,0,0,7
3415.3459409559728,4,71.5,0,2,0,6,0,0,8
3416.358971073001,4,71.0,0,2,0,4,0,2,8
3417.3731046399917,4,32.75,0,0,2,3,0,0,5
3418.3867322250153,4,23.0,0,0,1,4,0,0,5
3419.400027220021,4,23.75,0,0,0,5,0,0,5
3420.4141313220025,4,48.0,0,0,0,5,0,0,5
3421.4287900439813,4,49.0,0,0,0,4,1,0,5
3422.442523666017,4,23.25,0,1,0,2,0,0,3
3423.456107149017,4,23.5,0,0,0,2,0,0,2
3424.4701379879843,4,27.25,1,1,0,2,0,0,3
3425.484283638012,4,47.75,2,1,0,2,0,0,3
3426.4977603810257,4,47.25,0,2,1,3,0,0,6
3427.5110715240007,4,46.5,0,0,1,5,0,0,6
3428.524034076021,4,72.75,0,0,0,6,0,0,6
3429.538620233012,4,92.5,0,0,0,4,0,0,4
3430.5525500469957,4,70.0,0,0,0,3,1,0,4
3431.5662569489796,4,65.75,0,0,0,2,1,0,3
3432.580037697975,4,40.25,0,1,0,2,0,0,3
3433.591022040986,4,32.25,1,0,0,2,1,0,3
3434.605074459978,4,47.5,1,0,0,1,2,0,3
3435.618758926983,4,23.5,0,1,0,1,0,1,3
3436.6312280489947,4,0.0,0,2,0,1,0,0,3
3437.645091477025,4,0.0,0,1,0,2,0,0,3
3438.6589560959837,4,23.25,0,1,0,2,0,0,3
3439.6731395749957,4,23.25,1,3,0,2,0,0,5
3440.6853776099742,4,0.0,1,4,0,2,0,0,6
3441.7011519600055,4,23.25,0,5,0,2,0,0,7
3442.716785755998,4,0.0,0,1,3,3,0,0,7
3443.7300336129847,4,33.5,0,1,0,5,0,0,6
3444.743918174994,4,70.0,0,0,0,5,0,0,5
3445.757582799997,4,48.0,0,0,0,4,0,0,4
3446.7710487989825,4,23.25,0,0,0,3,1,0,4
3447.785392877995,4,23.25,1,0,0,3,1,0,4
3448.7986135190004,4,23.25,2,0,0,2,2,0,4
3449.8106083589955,4,24.25,0,3,0,2,0,0,5
3450.824224715994,4,17.0,0,1,0,5,0,0,6
3451.8381349649862,4,37.0,0,0,0,6,0,0,6
3452.850536642014,4,23.25,1,0,0,5,1,0,6
3453.862516670022,4,46.25,2,0,0,4,2,0,6
3454.874372328981,4,47.0,2,0,0,4,2,0,6
3455.888452993997,4,24.0,0,2,1,4,0,0,7
3456.9001355289947,4,24.25,0,2,1,4,0,0,7
3457.9143877350143,4,45.5,1,3,0,5,0,0,8
3458.9282268849784,4,48.25,0,3,1,5,0,0,9
3459.940595678985,4,31.25,0,3,1,4,1,0,9
3460.954140542017,4,45.25,0,3,2,1,0,0,6
3461.968504142016,4,28.25,0,1,2,5,0,0,8
3462.982535057992,4,42.25,0,0,1,7,0,0,8
3463.9972915599938,4,71.0,0,0,0,8,0,0,8
3465.011022175022,4,93.0,1,0,0,6,2,0,8
3466.025175056013,4,70.0,2,0,0,6,2,0,8
3467.0391864620033,4,68.5,0,2,0,5,0,1,8
3468.0514402579865,4,49.25,0,4,0,5,0,0,9
3469.0651760239853,4,38.5,0,1,2,5,0,1,9
3470.0793326250277,4,61.0,0,0,0,6,0,1,7
3471.0964253179845,4,57.0,0,0,0,5,1,0,6
3472.1103324110154,4,71.75,0,1,1,5,0,0,7
3473.1213123829802,4,2.25,0,3,1,3,1,0,8
3474.1352135009947,4,46.75,0,3,1,3,1,0,8
3475.1488866899745,4,70.5,0,3,1,3,1,0,8
3476.1631006089738,4,37.5,0,3,2,2,1,1,9
3477.1764404430287,4,36.5,0,1,4,3,0,0,8
3478.1888301100116,4,25.0,0,0,2,5,0,0,7
3479.2030747529934,4,48.75,0,0,2,3,0,0,5
3480.2173080249922,4,0.0,0,1,3,3,0,0,7
3481.231642375991,4,0.0,0,2,2,5,0,0,9
3482.2455942960223,4,37.75,0,1,3,5,0,0,9
3483.2596638110117,4,72.25,0,1,2,6,0,0,9
3484.2733541309717,4,71.25,1,1,2,5,1,0,9
3485.2875475779874,4,59.25,0,1,1,7,0,1,10
3486.299666289997,4,46.25,0,1,1,7,0,0,9
3487.3133901280235,4,70.0,0,0,0,9,0,0,9
3488.325568765984,4,69.0,0,1,0,8,0,0,9
3489.3400056419778,4,47.25,0,1,0,8,0,0,9
3490.354479531001,4,70.75,0,1,1,5,0,1,8
3491.3684731759713,4,36.5,0,0,1,6,0,0,7
3492.3824018359883,4,23.5,0,2,1,7,0,0,10
3493.396473471017,4,47.25,0,0,2,7,0,1,10
3494.410284148995,4,95.75,1,0,1,4,4,0,9
3495.4239989370108,4,70.5,1,0,1,3,5,0,9
3496.43856599601,4,32.75,0,1,1,3,0,0,5
3497.4516248439904,4,47.25,1,1,0,4,0,0,5
3498.465853110014,4,23.75,0,1,1,4,0,0,6
3499.479645456013,4,49.0,0,3,0,4,0,0,7
3500.493704409979,4,37.25,0,2,1,4,0,0,7
3501.507687936013,4,70.75,0,2,1,4,0,0,7
3502.5204336409806,4,71.25,0,0,0,7,0,0,7
3503.5346407549805,4,70.25,1,0,0,5,2,0,7
3504.5487365170266,4,70.25,1,0,0,5,2,0,7
3505.56270191801,4,71.0,1,0,0,4,3,0,7
3506.5772317500087,4,60.0,0,1,0,2,0,1,4
3507.590913249005,4,46.5,0,0,0,3,0,0,3
3508.603818201984,4,0.0,0,2,0,2,0,0,4
3509.6177852330147,4,24.0,1,2,0,2,0,0,4
3510.6318412930123,4,22.75,2,2,0,1,1,0,4
3511.6449208310223,4,23.5,3,2,0,1,1,0,4
3512.658446233021,4,0.0,0,5,2,0,0,2,9
3513.6727563560125,4,23.75,0,2,3,2,0,0,7
3514.685900369019,4,50.25,0,1,1,5,0,0,7
3515.699473435001,4,47.0,0,0,1,6,0,0,7
3516.7132814190118,4,46.5,0,0,0,7,0,0,7
3517.727168624988,4,95.0,1,0,0,6,1,0,7
3518.7409870920237,4,94.0,1,0,0,5,2,0,7
3519.754895787977,4,69.25,0,1,1,6,0,0,8
3520.76822777302,4,45.5,0,2,0,6,0,0,8
3521.7825133429724,4,56.5,0,0,0,7,1,0,8
3522.7962115289993,4,70.0,0,0,0,7,0,1,8
3523.8102409790154,4,71.75,0,0,0,4,1,0,5
3524.8238944939803,4,47.0,0,0,1,4,0,0,5
3525.8379909979994,4,48.5,1,0,1,4,0,0,5
3526.8516609719954,4,65.25,1,3,0,4,0,0,7
3527.8643568470143,4,46.75,0,5,0,3,0,1,9
3528.877831081976,4,0.25,0,2,2,3,1,0,8
3529.888842610002,4,47.25,0,0,1,5,0,0,6
3530.902728683024,4,71.5,1,0,1,5,0,0,6
3531.916212579992,4,70.5,2,0,1,5,0,0,6
3532.9311084329966,4,69.75,0,3,0,5,0,1,9
3533.9445278460043,4,47.5,0,2,1,3,1,0,7
3534.958488959004,4,47.5,0,2,1,3,0,1,7
3535.97021167801,4,23.75,0,0,2,3,0,0,5
3536.9828358099912,4,12.0,0,0,1,4,0,0,5
3537.9963931710226,4,47.25,1,0,0,5,0,0,5
3539.0102931670262,4,46.25,2,0,0,4,1,0,5
3540.0241236240254,4,45.75,3,0,0,2,1,2,5
3541.0380938819726,4,46.75,0,3,0,2,0,0,5
3542.051932809991,4,23.5,0,0,2,4,0,0,6
3543.065165859007,4,46.75,0,0,2,3,1,0,6
3544.0788897500024,4,71.25,0,0,2,3,1,0,6
3545.093529957987,4,58.25,0,0,0,4,0,0,4
3546.1073327459744,4,46.5,0,0,0,3,0,0,3
3547.121610387985,4,47.0,2,0,0,3,0,0,3
3548.1347569979844,4,37.5,0,2,0,2,0,0,4
3549.1469589389744,4,24.25,0,2,0,2,0,0,4
3550.1588638310204,4,0.0,0,0,0,4,0,0,4
3551.171310195001,4,24.0,1,0,0,4,0,0,4
3552.1833086140105,4,23.25,1,0,0,3,1,0,4
3553.195666794025,4,23.5,1,0,0,2,2,0,4
3554.2093565089745,4,23.25,0,3,0,1,1,0,5
3555.223600932979,4,16.5,0,1,2,2,0,0,5
3556.234974924999,4,25.75,0,1,0,4,0,0,5
3557.2455979820224,4,23.5,0,0,1,5,0,0,6
3558.258673325996,4,18.75,1,1,1,5,0,0,7
3559.273012435995,4,47.75,1,1,1,5,0,0,7
3560.2868263780256,4,47.0,1,1,1,4,1,0,7
3561.3001503439737,4,46.5,0,2,1,4,0,1,8
3562.314122432028,4,70.0,2,2,0,5,0,1,8
3563.326623399975,4,70.0,0,3,2,5,0,0,10
3564.3408348460216,4,45.25,0,3,1,5,0,0,9
3565.3554598499904,4,63.0,0,3,0,5,0,1,9
3566.3696372070117,4,47.0,0,3,0,2,3,1,9
3567.3835080839926,4,23.25,1,3,0,2,3,1,9
3568.397131465026,4,23.5,2,3,0,2,3,1,9
3569.411214463995,4,23.25,0,7,0,2,0,2,11
3570.4250919899787,4,24.5,0,1,4,5,0,0,10
3571.4395269770175,4,0.0,0,3,3,8,0,0,14
3572.4542048790026,4,71.75,2,3,2,7,2,0,14
3573.4681418659748,4,57.75,0,5,2,7,0,2,16
3574.482270702021,4,28.5,0,2,4,7,1,1,15
3575.4962110170163,4,61.75,0,1,2,9,1,0,13
3576.5099803379853,4,37.25,0,0,0,7,0,0,7
3577.52238465799,4,60.0,0,3,0,6,0,1,10
3578.5358226820244,4,48.0,3,5,0,4,1,1,11
3579.549732564017,4,70.75,4,5,0,3,2,1,11
3580.563384665991,4,71.0,4,5,0,1,4,1,11
3581.576649716997,4,22.25,0,7,4,1,0,0,12
3582.5902721399907,4,27.75,0,6,1,2,0,0,9
3583.6046926219715,4,0.0,0,0,3,6,0,0,9
3584.617445136013,4,64.25,0,0,1,7,1,0,9
3585.631473701971,4,71.5,0,0,1,6,0,0,7
3586.645454120997,4,70.75,0,0,1,6,0,0,7
3587.658812280977,4,47.75,0,1,0,7,0,0,8
3588.6728471000097,4,55.0,2,1,0,4,3,0,8
3589.6860776470276,4,46.75,2,1,0,3,0,4,8
3590.6997798539815,4,28.75,0,3,0,4,0,0,7
3591.713595254987,4,30.75,0,0,2,5,0,0,7
3592.7272036370123,4,34.5,0,0,1,6,0,0,7
3593.741295841988,4,69.75,0,0,1,2,4,0,7
3594.752431255998,4,47.0,0,0,1,2,4,0,7
3595.7660866089864,4,46.5,0,1,0,3,0,2,6
3596.7795785950148,4,36.75,1,1,0,1,2,2,6
3597.7936185870203,4,23.5,0,1,1,1,0,0,3
3598.8080152809853,4,23.5,0,1,1,1,0,0,3
3599.8190163620166,4,23.5,0,1,1,1,0,0,3
3600.832641341025,4,23.25,0,1,0,2,0,0,3
3601.846439816989,4,23.25,0,1,1,2,0,0,4
3602.8587052570074,4,8.75,0,1,1,2,0,0,4
3603.872437893995,4,24.0,0,2,1,1,0,1,5
3604.8862574070226,4,23.5,2,2,1,1,0,0,4
3605.9000379070058,4,23.25,0,3,2,1,0,0,6
3606.9142934710253,4,42.25,0,1,1,4,0,0,6
3607.928288129973,4,45.5,0,0,0,5,0,0,5
3608.942253869027,4,49.0,2,0,0,5,0,0,5
3609.9573053760105,4,70.5,2,0,0,4,1,0,5
3610.971099340997,4,71.0,3,0,0,4,1,0,5
3611.983200044022,4,70.5,0,5,0,4,0,1,10
3612.9991045420174,4,24.75,0,1,0,9,0,0,10
3614.0129009879893,4,48.75,0,0,0,10,0,0,10
3615.0207423529937,4,93.75,0,0,0,9,1,0,10
3616.034926984983,4,94.25,1,0,0,7,0,3,10
3617.048769059009,4,93.0,0,1,0,5,2,3,11
3618.0625890269876,4,81.75,0,0,2,4,1,0,7
3619.074987998989,4,30.5,0,2,1,5,0,0,8
3620.0871368459775,4,71.0,0,0,2,6,0,0,8
3621.1012208460015,4,47.25,0,0,1,7,0,0,8
3622.1144901789958,4,94.0,0,0,1,3,4,0,8
3623.128540506994,4,70.25,0,0,1,2,0,0,3
3624.142221284972,4,37.25,0,0,0,2,0,0,2
3625.1563008939847,4,23.5,0,0,0,2,0,0,2
3626.169657462975,4,24.25,1,0,0,1,1,0,2
3627.1839409149834,4,23.25,0,1,0,0,1,1,3
3628.198225183005,4,0.0,0,0,0,1,0,0,1
3629.2101507899933,4,23.5,0,2,0,1,0,0,3
3630.22446141002,4,25.75,0,2,1,1,0,0,4
3631.2379924550187,4,24.0,1,2,1,1,0,0,4
3632.2517985979794,4,23.5,0,2,2,2,0,0,6
3633.2648761310265,4,0.0,0,0,2,4,0,0,6
3634.27592282102,4,51.0,0,0,1,5,0,0,6
3635.2898181640194,4,47.5,1,0,1,5,0,0,6
3636.303437415976,4,48.25,1,0,1,5,0,0,6
3637.317885052995,4,31.25,0,3,0,5,0,0,8
3638.3314551400254,4,38.0,0,3,0,6,0,0,9
3639.347391517018,4,48.25,0,3,0,4,2,1,10
3640.3615618859767,4,71.75,1,3,0,4,2,1,10
3641.375607357011,4,69.75,1,3,0,4,2,1,10
3642.3890064060106,4,69.75,0,3,1,2,0,4,10
3643.40284909599,4,34.75,0,0,2,3,0,0,5
3644.416571646987,4,44.5,0,0,0,4,1,0,5
3645.4306442660163,4,47.0,2,0,0,4,0,1,5
3646.44386550301,4,70.25,4,0,0,3,1,1,5
3647.4588655009866,4,55.25,0,6,0,3,0,0,9
3648.4716895360034,4,70.0,4,6,0,3,0,0,9
3649.4870009950246,4,23.25,0,8,3,2,0,1,14
3650.501704710012,4,38.0,0,4,0,8,0,0,12
3651.521836918022,4,66.25,1,2,1,10,1,0,14
3652.5363112430205,4,62.0,1,4,0,6,0,6,16
3653.548317681998,4,46.75,0,6,1,5,0,0,12
3654.5627425449784,4,64.5,0,0,4,6,1,0,11
3655.5768141609733,4,69.75,0,0,3,5,1,0,9
3656.590268755972,4,47.75,0,2,3,3,0,3,11
3657.6032637209864,4,68.5,0,1,1,6,0,0,8
3658.616785848979,4,54.75,0,0,1,6,0,0,7
3659.6289999330183,4,47.5,0,1,1,6,0,0,8
3660.6421214559814,4,70.25,0,1,1,4,2,0,8
3661.656372079975,4,46.5,2,1,1,2,4,0,8
3662.6697578449966,4,1.75,0,6,1,2,0,0,9
3663.6834428029833,4,0.0,0,0,4,5,0,0,9
3664.698084305972,4,24.25,0,1,1,7,0,0,9
3665.7088911869796,4,93.0,0,1,0,5,3,0,9
3666.7225124189863,4,94.25,4,1,0,5,3,0,9
3667.736386700999,4,93.75,5,1,0,3,5,0,9
3668.750479364011,4,69.75,0,5,2,3,0,0,10
3669.764361774025,4,65.25,0,1,2,7,0,0,10
3670.7785212629824,4,64.75,1,1,2,5,1,0,9
3671.79076091398,4,82.0,0,2,1,6,0,2,11
3672.812493628997,4,69.0,0,3,0,6,1,0,10
3673.82606519002,4,25.25,0,3,1,9,0,0,13
3674.840098729008,4,47.75,1,4,2,10,0,0,16
3675.8530367159983,4,93.25,2,4,2,7,3,0,16
3676.8667673700256,4,48.0,2,4,2,7,3,0,16
3677.878641512012,4,69.0,1,6,2,8,0,0,16
3678.8927298500203,4,29.0,0,4,2,10,0,0,16
3679.9063401229796,4,18.5,0,1,4,11,0,0,16
3680.9201504450175,4,72.25,1,1,3,10,2,0,16
3681.9345499249757,4,50.75,0,1,2,9,2,0,14
3682.9483961940277,4,67.75,0,1,1,10,0,2,14
3683.964203649026,4,82.75,0,0,0,11,1,0,12
3684.975081471028,4,94.5,2,0,0,6,6,0,12
3685.9881690340117,4,45.5,0,2,0,4,0,1,7
3687.0010978759965,4,47.5,0,2,0,3,1,1,7
3688.014490153,4,47.0,2,2,0,3,0,1,6
3689.0280062449747,4,40.5,1,3,0,4,0,1,8
3690.0400259830058,4,23.75,0,1,2,5,0,0,8
3691.053179238981,4,72.25,2,0,1,6,1,0,8
3692.0657054369804,4,95.0,0,2,1,5,0,2,10
3693.077542046027,4,69.75,0,1,1,6,0,0,8
3694.091745841026,4,93.5,2,1,1,4,2,0,8
3695.105548203981,4,93.5,2,1,1,4,2,0,8
3696.1205777489813,4,53.5,0,2,2,4,0,0,8
3697.1323864290025,4,94.0,0,1,3,5,0,0,9
3698.1464524529874,4,58.0,0,1,3,5,0,0,9
3699.16048176802,4,24.0,0,1,1,6,0,0,8
3700.1747004429926,4,46.75,2,1,1,5,1,0,8
3701.188509321015,4,92.75,2,1,1,4,2,0,8
3702.202495644975,4,94.75,2,1,1,3,3,0,8
3703.217236107972,4,48.5,3,1,1,2,0,4,8
3704.229662696016,4,32.0,0,4,0,4,0,0,8
3705.243423265987,4,23.0,0,4,2,4,0,0,10
3706.257047259016,4,50.0,0,4,2,3,1,0,10
3707.270988192002,4,46.5,0,4,2,2,2,0,10
3708.2854863849934,4,45.75,1,4,2,2,2,0,10
3709.2992497740197,4,12.75,0,3,3,3,0,2,11
3710.31343786302,4,0.0,0,1,5,4,0,0,10
3711.3270094019827,4,28.5,0,1,1,8,0,0,10
3712.3395454129786,4,71.5,0,1,1,8,0,0,10
3713.3533168939757,4,23.25,0,2,1,8,0,0,11
3714.3675043029943,4,50.25,0,1,0,9,0,0,10
3715.3802386990283,4,59.0,0,1,0,9,1,0,11
3716.392086271022,4,94.75,1,1,0,8,2,0,11
3717.405729438993,4,94.0,1,1,0,6,4,0,11
3718.4195463689975,4,94.5,0,5,0,6,0,4,15
3719.4337893630145,4,23.5,0,6,0,5,0,0,11
3720.447548143973,4,47.25,0,0,4,7,0,0,11
3721.4614388209884,4,20.0,0,0,2,4,4,0,10
3722.474640864006,4,25.0,0,1,1,3,0,2,7
3723.488566533022,4,45.25,0,0,1,2,0,0,3
3724.502981860016,4,23.5,0,0,1,3,0,0,4
3725.516749299015,4,47.5,0,3,1,3,0,0,7
3726.5306092730025,4,67.75,0,3,1,2,1,0,7
3727.544470272027,4,46.5,0,3,1,2,0,1,7
3728.5585150420084,4,46.75,0,2,0,4,0,0,6
3729.572820588015,4,66.25,0,2,1,5,0,0,8
3730.5864476570277,4,47.75,0,2,0,6,0,0,8
3731.600369967986,4,70.75,0,2,0,5,0,1,8
3732.6145723260124,4,52.5,0,1,1,5,0,1,8
3733.6282556619844,4,70.0,0,0,1,6,0,0,7
3734.6415758550283,4,47.0,1,1,1,6,0,0,8
3735.6551463470096,4,24.0,2,1,1,5,1,0,8
3736.668049036991,4,46.25,2,1,1,3,3,0,8
3737.6821923649986,4,47.25,1,3,0,4,0,3,10
3738.694038150017,4,16.25,0,0,3,6,0,0,9
3739.7062873209943,4,48.25,0,0,1,8,0,0,9
3740.7197816640255,4,71.75,0,0,0,7,2,0,9
3741.7321296880255,4,92.75,0,0,0,5,4,0,9
3742.745588497026,4,71.5,0,0,0,4,4,1,9
3743.7600430849707,4,71.0,0,1,0,4,0,0,5
3744.773969214002,4,66.5,0,1,0,4,0,0,5
3745.785635261971,4,58.25,0,0,1,4,0,0,5
3746.7993813889916,4,94.5,0,0,1,3,1,0,5
3747.8132790930104,4,46.5,0,0,1,2,2,0,5
3748.8264797580196,4,0.0,0,0,1,0,4,0,5
3749.8403065479943,4,0.0,0,1,0,1,0,0,2
3750.8538316549966,4,24.75,0,0,1,2,0,0,3
3751.8676165569923,4,23.5,0,0,0,3,0,0,3
3752.881544295,4,70.5,1,0,0,2,1,0,3
3753.8951695190044,4,47.5,2,0,0,2,0,1,3
3754.9088580089738,4,47.5,0,2,0,2,0,0,4
3755.922719668015,4,25.0,0,1,0,4,0,0,5
3756.9345738419797,4,36.25,0,1,0,4,0,0,5
3757.946569971973,4,23.25,0,1,0,3,1,0,5
3758.9601196669973,4,24.25,0,1,0,3,1,0,5
3759.973689863982,4,16.75,0,0,0,3,1,0,4
3760.986753739009,4,23.25,0,0,0,2,0,0,2
3762.000542866008,4,0.0,0,0,1,2,0,0,3
3763.0144231930026,4,23.5,0,0,1,2,0,0,3
3764.0274899469805,4,24.5,0,0,1,2,0,0,3
3765.040779310977,4,23.75,2,0,1,1,1,0,3
3766.0524647649727,4,23.5,0,2,2,3,0,0,7
3767.0652049920172,4,46.25,0,0,3,4,0,0,7
3768.079083073011,4,72.0,0,0,2,5,0,0,7
3769.093553753977,4,70.75,0,1,0,5,0,1,7
3770.1070630539907,4,46.5,1,1,0,4,1,0,6
3771.121518245025,4,70.75,2,1,0,4,0,1,6
3772.1350907760207,4,47.5,2,2,0,3,1,1,7
3773.148305939976,4,68.75,2,2,0,3,1,1,7
3774.1621511899866,4,50.25,0,1,2,3,0,0,6
3775.175790319976,4,46.75,0,1,1,3,0,0,5
3776.189954189991,4,23.5,0,2,0,5,0,0,7
3777.2034441609867,4,46.25,0,1,1,5,0,0,7
3778.2155305849737,4,32.5,0,1,1,6,0,0,8
3779.2293504860136,4,12.0,0,2,1,6,0,0,9
3780.243606215983,4,23.25,0,1,0,8,0,0,9
3781.255387981015,4,39.75,0,2,0,9,0,0,11
3782.2696964999777,4,71.0,0,1,1,8,0,0,10
3783.2847392539843,4,23.25,0,0,0,10,0,0,10
3784.298830553016,4,30.5,0,2,0,10,0,0,12
3785.3130268250243,4,40.0,0,2,1,8,1,0,12
3786.326219191018,4,63.25,0,2,1,8,0,0,11
3787.3393858459895,4,21.0,0,1,1,10,0,0,12
3788.353629979014,4,72.25,0,0,1,11,0,0,12
3789.3672558140242,4,96.0,0,0,1,10,1,0,12
3790.3795578490244,4,94.75,0,0,1,7,4,0,12
3791.39069901302,4,93.75,0,0,0,7,0,2,9
3792.4055495269713,4,81.5,0,0,0,4,0,0,4
3793.4159806779935,4,23.0,0,1,0,3,0,0,4
3794.4256572540035,4,46.75,0,1,0,2,1,0,4
3795.439282780979,4,47.0,0,0,1,2,0,0,3
3796.453121236991,4,59.25,0,0,0,2,1,0,3
3797.4667048020056,4,47.25,0,1,0,2,0,1,4
3798.480927283992,4,47.25,0,1,0,1,0,0,2
3799.494447418023,4,0.0,0,2,0,2,0,0,4
3800.5085537930136,4,29.25,0,2,0,2,0,0,4
3801.521959205973,4,23.0,0,0,1,2,0,0,3
3802.5339046110166,4,48.0,0,0,0,3,0,0,3
3803.5479108639993,4,47.0,0,0,0,3,0,0,3
3804.5615140610025,4,47.0,1,0,0,2,1,0,3
3805.575709001976,4,3.5,0,3,0,2,0,0,5
3806.5950606130064,4,47.0,1,5,0,2,0,0,7
3807.605261165998,4,5.25,0,1,2,4,1,0,8
3808.619461134018,4,24.0,0,3,1,5,0,1,10
3809.633295436972,4,46.5,2,3,1,3,2,1,10
3810.644766269019,4,29.5,0,5,2,3,0,1,11
3811.657871951,4,58.5,0,2,0,8,0,0,10
3812.6719064500066,4,67.25,0,3,1,5,0,2,11
3813.683674402011,4,91.5,0,3,1,5,0,1,10
3814.6976483269827,4,81.75,0,3,2,5,0,0,10
3815.711054362997,4,66.25,0,3,1,7,0,0,11
3816.7243254809873,4,77.25,0,0,3,5,1,0,9
3817.7381145430263,4,88.5,0,0,3,5,1,0,9
3818.7519021999906,4,42.25,1,2,1,7,0,1,11
3819.7639944269904,4,95.25,0,3,1,6,0,1,11
3820.7779469160014,4,46.75,0,0,4,4,1,0,9
3821.7922636099975,4,47.5,0,1,2,5,0,0,8
3822.8059860849753,4,15.75,0,2,0,6,0,0,8
3823.820738824026,4,33.25,0,1,0,7,0,1,9
3824.8332466499996,4,18.25,0,1,0,7,0,1,9
3825.846961021016,4,71.25,0,1,0,7,0,1,9
3826.860922164982,4,70.75,0,1,0,6,1,1,9
3827.874488524976,4,71.25,0,1,0,3,0,0,4
3828.887814452988,4,46.75,0,0,0,4,0,0,4
3829.900762305013,4,65.5,0,0,0,3,1,0,4
3830.913918249018,4,46.75,0,0,0,3,0,0,3
3831.9279384869733,4,25.25,0,0,0,2,0,0,2
3832.9418559329933,4,47.5,0,0,0,1,1,0,2
3833.954939913994,4,23.5,2,0,0,1,1,0,2
3834.965811536007,4,23.5,3,0,0,1,1,0,2
3835.9801214699983,4,23.75,0,4,0,1,0,0,5
3836.9936161889927,4,23.25,0,0,1,4,0,0,5
3838.0077189219883,4,32.0,0,0,0,4,1,0,5
3839.0217372970073,4,46.5,2,0,0,4,1,0,5
3840.034207900986,4,46.5,2,0,0,4,1,0,5
3841.0507526380243,4,32.75,0,2,0,4,0,0,6
3842.0645155920065,4,47.5,1,2,0,3,1,0,6
3843.078515627014,4,1.0,0,3,2,3,0,0,8
3844.0927750740084,4,24.5,0,3,0,5,0,0,8
3845.1063265589764,4,0.0,0,1,2,6,0,0,9
3846.1197529510246,4,49.25,1,1,1,6,1,0,9
3847.1333651649766,4,46.5,2,1,1,4,3,0,9
3848.1423080930253,4,47.25,0,4,0,5,0,0,9
3849.1538902919856,4,29.5,0,3,2,4,0,1,10
3850.1653223179746,4,48.25,0,1,1,7,0,0,9
3851.1775393100106,4,47.5,0,1,0,8,0,0,9
3852.188962712011,4,48.75,0,1,0,8,0,0,9
3853.2028232620214,4,70.25,2,1,0,8,0,0,9
3854.211368192977,4,70.25,3,1,0,7,1,0,9
3855.2240469710086,4,69.75,3,1,0,5,3,0,9
3856.2351325950003,4,57.0,0,3,1,4,1,1,10
3857.248219024972,4,27.75,0,1,2,6,0,0,9
3858.2623415520065,4,55.0,0,3,2,6,0,1,12
3859.2766561980243,4,52.0,0,3,1,6,1,0,11
3860.290221982985,4,41.25,0,3,2,6,0,1,12
3861.3039618349867,4,68.75,1,3,2,2,3,2,12
3862.3174512790283,4,47.0,4,3,2,2,3,2,12
3863.329283482977,4,47.25,0,8,2,1,0,4,15
3864.342248766974,4,23.75,1,6,2,2,0,2,12
3865.356528631004,4,10.75,0,5,2,4,0,1,12
3866.370149613009,4,34.5,0,2,1,7,1,0,11
3867.3840826189844,4,62.5,0,0,1,8,0,0,9
3868.3976227170206,4,23.25,0,0,1,6,2,0,9
3869.4111056359834,4,46.75,0,0,1,4,4,0,9
3870.4236844420084,4,47.25,0,0,1,4,3,1,9
3871.4358701920137,4,72.75,0,2,0,4,0,0,6
3872.4477055899915,4,23.25,0,0,1,4,0,0,5
3873.461570822983,4,24.5,0,0,0,5,0,0,5
3874.4745758959907,4,47.0,1,0,0,4,1,0,5
3875.4884515510057,4,25.0,0,1,0,2,0,0,3
3876.5022946150275,4,35.5,0,2,0,3,0,0,5
3877.5156449609785,4,49.25,0,3,0,3,0,0,6
3878.5296361839864,4,27.5,0,3,0,3,0,0,6
3879.539822580002,4,47.0,0,3,0,3,0,0,6
3880.552755572018,4,46.75,1,1,1,3,1,0,6
3881.5664035800146,4,23.75,0,1,1,3,0,1,6
3882.580202248995,4,46.75,0,1,1,4,0,0,6
3883.593762303004,4,19.75,1,2,1,2,2,0,7
3884.605169655988,4,11.5,0,2,1,3,0,0,6
3885.6189635390183,4,23.75,0,0,3,3,0,0,6
3886.632435835025,4,23.5,0,0,3,1,2,0,6
3887.6448244500207,4,24.0,0,0,0,4,0,0,4
3888.666602934012,4,70.75,0,2,0,4,0,0,6
3889.68052904302,4,48.5,0,0,0,6,0,0,6
3890.6980985829723,4,49.25,0,1,0,6,0,0,7
3891.711670020013,4,69.25,1,1,0,4,2,0,7
3892.724699706014,4,46.0,1,1,0,4,2,0,7
3893.7388567500166,4,47.5,0,3,1,4,0,0,8
3894.752250657999,4,3.25,0,1,2,5,0,0,8
3895.76636631001,4,46.0,0,0,1,5,2,0,8
3896.7785094000283,4,94.75,1,0,1,5,0,2,8
3897.791765531001,4,93.75,0,1,0,6,0,0,7
3898.8064196699997,4,30.75,0,1,0,6,0,1,8
3899.820367389999,4,21.75,0,0,1,6,0,0,7
3900.8343183160177,4,74.0,0,0,0,6,0,0,6
3901.8479231609963,4,83.5,0,1,0,5,0,1,7
3902.861891710025,4,65.75,0,1,0,5,0,0,6
3903.8756738320226,4,82.75,0,0,1,4,0,0,5
3904.8895772609976,4,81.25,1,0,0,3,1,1,5
3905.903567711008,4,71.25,0,2,0,2,0,2,6
3906.916512736003,4,23.75,0,2,0,1,0,1,4
3907.9305276779924,4,28.5,0,0,0,2,0,0,2
3908.943647433014,4,47.0,0,0,0,2,0,0,2
3909.9576272150152,4,46.75,0,0,0,2,0,0,2
3910.971564289008,4,47.0,0,0,0,2,0,0,2
3911.982513228024,4,46.75,1,0,0,2,0,0,2
3912.9960057410062,4,25.25,0,1,0,2,0,0,3
3914.009778321022,4,23.5,0,2,0,2,0,0,4
3915.0245795950177,4,17.75,0,0,0,4,0,0,4
3916.037726089009,4,47.25,0,0,0,2,2,0,4
3917.0516488249996,4,47.0,0,0,0,2,0,2,4
3918.06523729302,4,46.75,0,0,0,1,0,0,1
3919.078737878008,4,0.0,0,0,0,1,0,0,1
3920.091728313011,4,24.25,0,1,0,2,0,0,3
3921.105527474021,4,48.5,0,1,0,2,0,0,3
3922.1193560250103,4,71.0,0,0,0,3,0,0,3
3923.1327990230056,4,47.5,0,0,0,3,0,0,3
3924.1471168299904,4,27.5,0,0,0,2,0,0,2
3925.1595519100083,4,47.0,0,0,0,2,0,0,2
3926.1730314170127,4,46.75,0,0,0,1,1,0,2
3927.185497700004,4,23.5,0,0,0,1,0,0,1
3928.1992464360083,4,23.5,0,0,0,0,0,0,0
3929.217814662028,4,0.0,0,0,0,0,0,0,0
3930.2313290149905,4,0.0,0,0,0,0,0,0,0
3931.2435202010092,4,0.0,0,0,0,0,0,0,0
3932.256397299003,4,0.0,0,0,0,0,0,0,0
3933.269783933996,4,0.0,1,0,0,0,0,0,0
3934.283006448997,4,0.0,0,7,0,0,0,0,7
3935.296374890022,4,0.0,0,10,0,0,0,0,10
3936.3102152249776,4,23.25,0,3,4,3,0,0,10
3937.3237750990083,4,37.0,0,3,4,2,1,0,10
3938.337801948015,4,23.5,0,3,4,1,0,2,10
3939.350918803015,4,52.25,0,0,4,3,1,0,8
3940.364910973003,4,45.5,0,0,4,1,3,0,8
3941.3786282790243,4,48.5,0,0,3,1,1,2,7
3942.3923805879895,4,28.0,0,0,2,2,0,0,4
3943.4055385030224,4,12.0,0,0,0,2,0,0,2
3944.4184382379754,4,24.0,0,0,0,0,0,0,0
3945.431863119011,4,0.0,0,0,0,0,0,0,0
3946.445338346006,4,0.0,0,0,0,0,0,0,0
3947.459072528989,4,0.0,0,0,0,0,0,0,0
3948.4721491080127,4,0.0,0,0,0,0,0,0,0
3949.485615294019,4,0.0,0,0,0,0,0,0,0
3950.499229607987,4,0.0,0,0,0,0,0,0,0
3951.512378612999,4,0.0,0,0,0,0,0,0,0
3952.5259920239914,4,0.0,0,0,0,0,0,0,0
3953.539806629007,4,0.0,0,5,0,0,0,0,5
3954.5538853849866,4,0.0,0,3,4,1,0,0,8
3955.567557153001,4,0.0,0,6,4,2,0,0,12
3956.5810186259914,4,42.25,1,3,4,1,4,0,12
3957.594917671988,4,47.5,9,1,4,1,2,4,12
3958.6087321609957,4,24.0,3,6,5,1,0,4,16
3959.6207506409846,4,23.5,4,6,5,1,0,4,16
3960.6316199650173,4,23.5,2,10,3,3,0,0,16
3961.6464326360147,4,25.0,2,0,6,10,0,0,16
3962.659906913992,4,48.75,0,3,3,9,0,0,15
3963.6738834410207,4,46.75,0,3,2,2,6,2,15
3964.685454435996,4,23.25,0,4,1,2,0,1,8
3965.6971075569745,4,25.0,0,1,3,1,1,1,7
3966.7091158180265,4,0.0,0,0,3,1,0,0,4
3967.7231369399815,4,4.75,0,0,3,1,0,0,4
3968.7366213899804,4,0.0,0,0,3,0,1,0,4
3969.750346516026,4,0.0,0,0,3,0,1,0,4
3970.764076808002,4,0.0,0,0,3,0,1,0,4
3971.777397478989,4,1.0,0,0,2,1,0,1,4
3972.7911309279734,4,24.0,0,0,1,2,0,0,3
3973.804740756983,4,20.5,0,0,0,2,0,1,3
3974.8184775440022,4,23.25,0,0,0,0,2,1,3
3975.8254711769987,4,0.0,0,0,0,0,2,1,3
3976.8385218009935,4,0.0,0,0,0,0,0,3,3
