offset_s,held_gpus,held_gpu_utilization_mean_percent,arrival_to_gate,gate_to_source_admission,source_to_native_dispatch,native_dispatch_to_last_token,last_token_to_controller_completion,controller_completion_to_terminal,gate_to_terminal
0.7881115060008597,1,0.0,1,0,0,0,0,0,0
1.8010671910014935,1,0.0,1,0,0,0,0,0,0
2.816149988997495,1,0.0,1,0,0,0,0,0,0
3.8299396540096495,1,0.0,1,0,0,0,0,0,0
4.843425869999919,1,0.0,1,0,0,0,0,0,0
5.865886756015243,1,0.0,1,0,0,0,0,0,0
6.87898075801786,1,0.0,1,0,0,0,0,0,0
7.892729986022459,1,0.0,1,0,0,0,0,0,0
8.90664686501259,1,0.0,1,0,0,0,0,0,0
9.919605472008698,1,0.0,1,0,0,0,0,0,0
10.932539817003999,1,0.0,1,0,0,0,0,0,0
11.946305485995254,1,0.0,2,0,0,0,0,0,0
12.959889190009562,1,0.0,2,0,0,0,0,0,0
13.978941545006819,1,0.0,3,0,0,0,0,0,0
14.99245436800993,1,0.0,3,0,0,0,0,0,0
16.006192402011948,1,0.0,3,0,0,0,0,0,0
17.02504319601576,1,0.0,3,0,0,0,0,0,0
18.038455428002635,1,0.0,3,0,0,0,0,0,0
19.052053480001632,1,0.0,3,0,0,0,0,0,0
20.065088141011074,1,0.0,3,0,0,0,0,0,0
21.079445092997048,1,0.0,3,0,0,0,0,0,0
22.091531095997198,1,0.0,2,0,2,0,0,0,2
23.10474896800588,1,0.0,2,0,2,0,0,0,2
24.11935236499994,1,77.0,2,0,0,2,0,0,2
25.128443312016316,1,66.0,2,0,0,2,0,0,2
26.141815750015667,1,95.0,1,0,0,2,0,0,2
27.155279368016636,1,94.0,1,0,0,2,0,0,2
28.16167195502203,1,93.0,0,1,0,1,0,0,2
29.17520867701387,1,93.0,0,0,0,2,0,0,2
30.185037988994736,1,91.0,0,0,0,2,0,0,2
31.198306053003762,1,67.0,0,0,0,2,0,0,2
32.21160593102104,1,93.0,0,0,0,1,0,0,1
33.22540275301435,1,73.0,0,0,0,1,0,0,1
34.237856459018076,1,92.0,0,0,0,0,0,0,0
35.25185798801249,1,0.0,0,0,0,0,0,0,0
36.265580236999085,1,0.0,0,0,1,0,0,0,1
37.278646393009694,1,12.0,1,1,0,1,0,0,2
38.291754150006454,1,67.0,1,0,0,2,0,0,2
39.30291415800457,1,96.0,1,0,0,2,0,0,2
40.315290375001496,1,91.0,2,0,0,2,0,0,2
41.32719423499657,1,92.0,3,0,0,2,0,0,2
42.34112238700618,1,92.0,4,0,0,2,0,0,2
43.35441882899613,1,95.0,5,0,0,2,0,0,2
44.367134443018585,1,94.0,5,0,0,1,1,0,2
45.38081532702199,1,35.0,3,0,2,0,0,0,2
46.39120793499751,2,32.5,3,0,0,2,0,0,2
47.405326025007525,2,25.0,4,0,0,2,0,0,2
48.41959245601902,2,47.5,3,0,0,2,0,0,2
49.43474837800022,3,57.0,3,0,0,2,0,0,2
50.45474789600121,3,57.0,5,0,0,2,0,0,2
51.46886987800826,3,44.666666666666664,5,1,0,1,0,0,2
52.483401859994046,4,12.5,6,0,0,2,0,0,2
53.49560668200138,4,29.75,6,0,0,2,0,0,2
54.5072488640144,4,34.5,6,0,0,2,0,0,2
55.52054044499528,4,62.25,6,0,0,2,0,0,2
56.5336014360073,4,35.25,8,0,0,2,0,0,2
57.548470289009856,4,33.25,8,0,0,2,0,0,2
58.56391948601231,4,41.25,10,0,0,2,0,0,2
59.57839282302302,4,16.75,12,0,0,2,0,0,2
60.59248861900414,4,13.0,12,0,0,1,1,0,2
61.60706270902301,4,19.25,11,0,0,2,0,0,2
62.62120209200657,4,2.25,11,0,0,2,0,0,2
63.635246956022456,4,29.5,10,0,0,2,0,0,2
64.64780346400221,4,9.0,9,2,0,2,0,0,4
65.66166531300405,4,52.75,9,1,0,3,0,0,4
66.6761905370222,4,41.75,10,0,0,4,0,0,4
67.69004973300616,4,30.25,10,0,0,4,0,0,4
68.70422070901259,4,52.25,8,2,0,4,0,0,6
69.71831305301748,4,30.5,8,0,1,5,0,0,6
70.73168410599465,4,58.75,8,0,0,5,0,1,6
71.74632764101261,4,48.0,5,1,1,6,0,0,8
72.76018962301896,4,70.25,4,1,2,4,0,1,8
73.77408223200473,4,94.75,3,0,3,4,1,0,8
74.78689095200389,4,71.25,3,0,3,4,1,0,8
75.80056406400399,4,71.5,2,1,3,3,0,1,8
76.8145803429943,4,70.0,2,1,3,2,1,1,8
77.82755994200124,4,31.5,0,2,3,3,0,0,8
78.8427610710205,4,70.5,1,2,3,2,1,0,8
79.85605382901849,4,23.0,0,1,5,1,0,0,7
80.86997632100247,4,0.0,0,1,5,0,1,0,7
81.88177353699575,4,1.75,0,2,2,3,0,0,7
82.89434473100118,4,70.25,3,2,1,5,0,0,8
83.90822026401293,4,94.5,3,0,1,7,0,0,8
84.92383878101828,4,94.0,3,0,1,6,1,0,8
85.9381861720176,4,93.75,3,0,1,6,1,0,8
86.9520962969982,4,94.0,3,0,2,6,0,0,8
87.96574265600066,4,72.0,3,0,2,6,0,0,8
88.97940246001235,4,51.0,4,0,1,7,0,0,8
89.99381191001157,4,58.0,2,1,1,6,0,0,8
91.00763182999799,4,75.5,1,0,2,4,1,1,8
92.02432035599486,4,51.0,0,3,1,4,0,0,8
93.0368332270009,4,46.5,1,1,1,5,0,0,7
94.05000618300983,4,70.0,0,2,1,4,1,0,8
95.06326124101179,4,68.0,2,1,1,6,0,0,8
96.07675236099749,4,71.5,2,1,1,5,1,0,8
97.09164753201185,4,70.75,3,1,1,4,1,0,7
98.1030239170068,4,31.5,3,0,2,6,0,0,8
99.1164564450155,4,83.75,1,2,1,5,0,0,8
100.12412886400125,4,70.0,1,2,2,4,0,0,8
101.13512311200611,4,71.0,0,1,4,2,0,1,8
102.1492092810222,4,34.75,0,1,3,3,0,0,7
103.1583907949971,4,31.75,0,1,3,3,0,0,7
104.17244773101993,4,86.0,0,0,3,5,0,0,8
105.18598079402,4,95.25,1,0,1,7,0,0,8
106.19968029801385,4,93.5,2,0,0,7,0,1,8
107.2092845570005,4,38.25,1,1,0,7,0,0,8
108.22274112401647,4,70.5,2,0,1,5,2,0,8
109.23524974301108,4,70.5,1,2,1,4,0,1,8
110.25061849900521,4,69.25,0,3,0,3,2,0,8
111.26407208500314,4,46.75,0,2,1,3,2,0,8
112.27764780801954,4,31.75,0,0,1,3,0,0,4
113.29178490900085,4,70.25,0,0,1,3,0,0,4
114.30572677301825,4,53.5,0,0,0,3,1,0,4
115.3182614420075,4,47.0,0,0,0,2,0,0,2
116.33250353301992,4,27.0,1,0,0,2,0,0,2
117.34564742600196,4,23.25,0,1,0,1,0,0,2
118.35905079200165,4,23.5,1,0,1,1,0,0,2
119.37270328501472,4,23.25,0,2,1,2,0,0,5
120.38595642201835,4,43.25,0,0,3,1,0,1,5
121.39810271601891,4,23.75,0,0,3,1,0,0,4
122.43025967202266,4,23.25,0,0,1,3,0,0,4
123.45196022299933,4,39.0,0,0,1,3,0,0,4
124.46595490400796,4,46.0,0,1,1,2,0,0,4
125.47968710202258,4,23.5,0,1,1,2,0,0,4
126.4930508180114,4,47.0,1,1,1,2,0,0,4
127.50686197599862,4,46.75,2,1,1,2,0,0,4
128.51664777001133,4,34.25,0,3,1,2,0,0,6
129.52763453600346,4,93.0,0,0,2,4,0,0,6
130.5422870570037,4,31.0,0,0,1,3,0,0,4
131.55576056201244,4,46.75,0,0,1,3,0,0,4
132.57081878901226,4,46.75,2,0,1,2,1,0,4
133.58461792502203,4,47.5,3,0,1,2,1,0,4
134.59856096000294,4,30.25,1,3,1,2,0,0,6
135.60979408901767,4,44.25,2,4,1,2,0,0,7
136.6233488029975,4,8.0,1,3,0,5,0,0,8
137.6368903820112,4,71.0,2,3,0,2,3,0,8
138.65566353700706,4,47.0,2,3,0,2,3,0,8
139.66921555099543,4,47.0,3,1,0,4,0,3,8
140.68317865100107,4,46.75,0,4,0,3,0,1,8
141.69682655201177,4,24.5,0,1,3,4,0,0,8
142.70908410899574,4,66.0,3,0,2,5,0,1,8
143.72069625701988,4,40.5,2,2,2,4,0,0,8
144.73447319000843,4,30.0,3,2,2,2,1,1,8
145.74816098500742,4,46.5,1,3,3,2,0,0,8
146.7639189210022,4,48.0,1,1,3,4,0,0,8
147.77774339099415,4,72.5,1,1,1,6,0,0,8
148.79349616600666,4,95.0,2,1,1,4,1,1,8
149.80527162601356,4,94.25,2,1,1,4,1,1,8
150.81896332200267,4,46.75,2,1,1,1,4,1,8
151.83277234900743,4,23.5,2,1,1,1,4,0,7
152.84598673900473,4,23.25,1,2,2,1,0,0,5
153.85827031399822,4,23.25,0,4,2,1,0,0,7
154.87036356600584,4,46.25,1,4,0,3,0,0,7
155.88307668399648,4,66.25,1,4,0,2,1,0,7
156.89499182099826,4,23.5,4,4,0,1,2,0,7
157.90782235001097,4,23.25,4,4,0,1,1,1,7
158.91593619500054,4,23.5,4,4,0,1,1,1,7
159.92958481801907,4,23.5,4,5,0,1,0,2,8
160.9465143130219,4,14.0,2,2,3,3,0,0,8
161.95855555302114,4,47.25,3,0,5,2,1,0,8
162.9717299080221,4,34.25,4,0,3,4,1,0,8
163.9840579960146,4,92.75,6,0,3,4,1,0,8
164.99793503500405,4,94.5,6,0,3,4,0,1,8
166.01037807401735,4,84.0,6,1,2,5,0,0,8
167.01992980300565,4,93.5,6,1,1,6,0,0,8
168.03169663299923,4,57.25,6,1,1,6,0,0,8
169.0453968810034,4,69.0,6,1,1,4,2,0,8
170.05238497801474,4,70.25,9,1,1,4,2,0,8
171.06612580802175,4,70.25,9,1,1,3,3,0,8
172.07957175801857,4,69.75,6,3,2,3,0,0,8
173.09241303201998,4,80.25,5,1,3,4,0,0,8
174.103617604007,4,58.25,4,1,2,5,0,0,8
175.1170952889952,4,46.25,4,1,2,2,3,0,8
176.13089331201627,4,23.5,5,1,2,1,4,0,8
177.1417096790101,4,23.5,6,1,2,1,3,1,8
178.1561589000048,4,23.5,5,2,2,0,0,4,8
179.16946838601143,4,0.0,3,5,3,0,0,0,8
180.18321255300543,4,24.0,5,2,3,3,0,0,8
181.19658867901308,4,47.25,6,2,3,3,0,0,8
182.208614261006,4,36.25,6,1,3,4,0,0,8
183.22229850900476,4,46.25,6,1,3,4,0,0,8
184.23545860001468,4,47.25,7,1,2,5,0,0,8
185.24810911499662,4,70.5,8,1,1,5,0,1,8
186.26165278602275,4,75.75,7,2,1,4,1,0,8
187.27918025202234,4,46.75,8,1,2,2,0,3,8
188.29303436601185,4,46.0,4,2,3,2,0,1,8
189.30400601500878,4,23.5,4,2,2,4,0,0,8
190.3167130560032,4,48.75,5,0,1,7,0,0,8
191.33051674699527,4,69.75,8,0,1,7,0,0,8
192.34350822900888,4,62.75,7,1,1,6,0,0,8
193.35569171901443,4,92.75,9,1,0,7,0,0,8
194.36897907900857,4,34.25,10,0,1,7,0,0,8
195.3831340780016,4,72.25,10,0,0,8,0,0,8
196.3962751920044,4,95.0,10,1,0,7,0,0,8
197.40917721300502,4,93.25,7,1,3,4,0,0,8
198.41916076399502,4,68.0,7,1,1,5,0,1,8
199.43271227600053,4,95.25,7,0,2,4,1,1,8
200.44518615299603,4,59.0,5,2,1,4,0,1,8
201.45900251800776,4,47.0,5,1,2,5,0,0,8
202.47015651600668,4,71.25,6,0,1,7,0,0,8
203.48359272201196,4,82.75,5,1,1,6,0,0,8
204.49762097001076,4,86.5,6,1,1,5,1,0,8
205.5151410140097,4,68.0,7,0,3,5,0,0,8
206.525927648996,4,97.75,6,1,1,5,0,1,8
207.53995452800882,4,63.25,6,1,1,6,0,0,8
208.55255933999433,4,75.5,6,0,1,6,1,0,8
209.56576627699542,4,84.0,5,1,1,6,0,0,8
210.57867509001517,4,69.5,2,4,1,3,0,0,8
211.59080997100682,4,50.5,2,4,1,3,0,0,8
212.6038276689942,4,58.0,1,2,4,2,0,0,8
213.6184110850154,4,24.25,2,1,5,1,0,1,8
214.6315177460201,4,24.75,1,0,5,3,0,0,8
215.64593479799805,4,73.5,4,0,2,6,0,0,8
216.65834950099816,4,92.75,5,0,2,6,0,0,8
217.66864789099782,4,47.25,4,1,2,5,0,0,8
218.6801040749997,4,85.25,4,1,2,5,0,0,8
219.6938268940139,4,74.25,5,1,0,6,0,1,8
220.7063170330075,4,34.5,6,1,1,6,0,0,8
221.71980299899587,4,93.5,6,1,1,5,1,0,8
222.73385073800455,4,46.75,8,1,1,3,0,3,8
223.74420826000278,4,33.75,6,4,0,4,0,0,8
224.75695063301828,4,70.0,6,4,0,3,1,0,8
225.77104271901771,4,31.25,6,1,2,4,0,1,8
226.78419310500612,4,47.0,4,3,1,4,0,0,8
227.79588585402234,4,58.0,4,1,4,3,0,0,8
228.81360124400817,4,70.25,5,1,4,3,0,0,8
229.82706862300984,4,67.5,3,2,2,4,0,0,8
230.84080194801209,4,46.25,3,2,1,5,0,0,8
231.85165840102127,4,71.5,4,2,1,3,2,0,8
232.86742479199893,4,24.0,5,1,3,3,0,1,8
233.88126519302023,4,31.25,4,1,3,4,0,0,8
234.89497254701564,4,49.0,4,1,3,3,0,1,8
235.90906546701444,4,71.0,4,1,3,3,0,1,8
236.9227182629984,4,23.25,4,1,2,5,0,0,8
237.93676589199458,4,23.5,6,0,3,5,0,0,8
238.95058592699934,4,53.0,6,0,2,6,0,0,8
239.96415234799497,4,93.25,6,1,2,4,0,1,8
240.97839091601782,4,29.25,5,1,2,5,0,0,8
241.99167038901942,4,69.5,5,0,1,7,0,0,8
243.00427955100895,4,24.5,4,1,0,7,0,0,8
244.01656548000756,4,87.25,5,1,0,6,0,1,8
245.03141990400036,4,49.0,6,1,0,4,2,1,8
246.0438712320174,4,46.75,7,1,0,3,3,1,8
247.0577366630023,4,18.25,5,5,1,0,0,2,8
248.06369796200306,4,1.5,4,7,1,0,0,0,8
249.07484182401095,4,37.5,4,1,3,4,0,0,8
250.0888208160177,4,46.25,4,1,3,4,0,0,8
251.10370172801777,4,47.5,5,0,4,3,1,0,8
252.13235045899637,4,23.75,5,0,4,1,2,1,8
253.14659549301723,4,23.25,6,0,4,1,2,1,8
254.16039954300504,4,23.0,7,0,4,1,2,1,8
255.17337469902122,4,23.75,7,0,4,1,2,1,8
256.186403847998,4,0.0,4,4,2,2,0,0,8
257.20020527701126,4,37.75,4,0,3,4,0,1,8
258.21233220401336,4,65.0,3,1,2,5,0,0,8
259.22578790801344,4,93.5,3,1,2,4,1,0,8
260.23589355000877,4,70.75,6,1,2,3,2,0,8
261.2492350950197,4,71.0,7,1,2,3,2,0,8
262.25835312900017,4,47.5,8,1,2,2,3,0,8
263.2713491040049,4,47.75,8,1,2,2,1,2,8
264.28465458299615,4,46.5,4,4,2,1,1,0,8
265.2976326820208,4,23.5,4,4,2,1,1,0,8
266.3117802370107,4,0.0,3,3,4,0,0,1,8
267.3253974050167,4,24.25,3,3,3,1,0,1,8
268.33918250599527,4,23.25,4,3,3,1,0,0,7
269.3532622110215,4,0.0,3,4,2,1,0,1,8
270.3666475400096,4,23.0,5,4,2,0,1,1,8
271.380593703012,4,0.0,5,3,3,1,0,1,8
272.3940741410188,4,24.0,8,4,3,1,0,0,8
273.40770966000855,4,23.25,9,4,3,1,0,0,8
274.4168012830196,4,24.75,9,2,1,5,0,0,8
275.4303220580041,4,94.25,9,2,1,4,1,0,8
276.4433795869991,4,54.25,7,3,2,2,0,1,8
277.4564630399982,4,14.0,7,3,2,1,1,1,8
278.47006912800134,4,47.5,6,1,4,1,0,2,8
279.4803136289993,4,5.5,4,2,3,3,0,0,8
280.49484905501595,4,47.25,4,2,3,3,0,0,8
281.506951421994,4,46.5,5,2,2,4,0,0,8
282.5210326600063,4,46.5,6,2,2,4,0,0,8
283.53483923501335,4,70.5,6,2,2,4,0,0,8
284.54830557500827,4,70.5,7,2,2,4,0,0,8
285.56030957301846,4,41.25,7,2,2,3,0,1,8
286.5692758040095,4,47.0,7,2,2,1,2,1,8
287.58236172702163,4,23.75,8,2,2,1,2,1,8
288.59446102700895,4,0.0,8,2,2,0,0,3,7
289.60824505001074,4,0.0,4,6,2,0,0,0,8
290.6220828000223,4,11.0,5,6,1,1,0,0,8
291.6341044230212,4,23.75,5,6,1,1,0,0,8
292.6478071080055,4,23.5,5,6,1,1,0,0,8
293.66051081201294,4,23.25,5,6,1,1,0,0,8
294.6741610910103,4,23.75,5,6,1,1,0,0,8
295.6878168859985,4,24.25,7,6,1,1,0,0,8
296.70172913902206,4,23.25,8,1,4,3,0,0,8
297.72420012101065,4,47.5,8,0,2,5,1,0,8
298.73810667401995,4,70.75,9,0,2,5,0,1,8
299.7524950930092,4,92.0,10,0,1,4,2,1,8
300.7743507400155,4,63.5,11,0,1,1,4,2,8
301.78559318801854,4,22.0,11,1,1,1,0,5,8
302.79730489401845,4,23.75,6,2,5,1,0,0,8
303.8102812190191,4,41.0,6,2,3,3,0,0,8
304.82316752301995,4,47.25,6,2,4,2,0,0,8
305.83665241501876,4,25.25,7,1,4,3,0,0,8
306.84927853001864,4,49.25,8,0,3,5,0,0,8
307.8626489129965,4,91.25,11,0,3,5,0,0,8
308.87642507301643,4,94.5,11,0,3,4,1,0,8
309.8899132340157,4,93.75,11,0,3,3,2,0,8
310.9038349710172,4,70.25,13,0,3,1,4,0,8
311.9177328850201,4,1.0,10,4,1,3,0,0,8
312.92958445701515,4,48.0,12,1,1,6,0,0,8
313.94325885301805,4,41.25,15,0,1,6,1,0,8
314.95590129101765,4,93.25,16,0,1,6,1,0,8
315.96676798400586,4,92.75,16,0,1,6,1,0,8
316.9774633500201,4,70.0,16,0,1,4,3,0,8
317.98877515800996,4,70.0,18,0,1,4,3,0,8
318.9965630719962,4,71.0,18,0,1,2,5,0,8
320.0102267090115,4,23.5,14,5,1,1,0,1,8
321.0236960740003,4,0.0,18,5,1,0,0,2,8
322.03661312599434,4,0.0,20,5,1,0,0,1,7
323.04983135301154,4,0.0,23,7,0,1,0,0,8
324.0604256190127,4,48.0,28,5,1,2,0,0,8
325.07330619799905,4,41.25,30,2,4,2,0,0,8
326.0811269530095,4,0.0,33,2,4,0,2,0,8
327.0951070279989,4,0.0,34,2,4,0,2,0,8
328.1082024750067,4,0.0,34,2,4,0,2,0,8
329.11727625800995,4,0.0,38,2,4,0,2,0,8
330.13109000600525,4,0.0,38,2,4,0,2,0,8
331.14521016701474,4,7.25,37,3,1,3,0,0,7
332.15634833602235,4,70.5,37,4,1,3,0,0,8
333.16977862501517,4,70.5,38,4,1,2,1,0,8
334.18015835701954,4,44.75,42,4,1,2,0,0,7
335.19380668501253,4,47.25,41,5,1,2,0,0,8
336.2088067290024,4,18.75,43,1,3,3,0,1,8
337.2225300800055,4,46.75,44,1,3,3,0,1,8
338.2357136759965,4,46.75,44,1,3,2,1,1,8
339.24979014499695,4,47.0,45,1,3,2,1,1,8
340.2626040690229,4,47.0,47,1,3,2,1,1,8
341.27715715099475,4,47.0,51,1,3,2,1,1,8
342.28860210700077,4,47.5,52,1,3,1,2,0,7
343.30244466199656,4,0.0,52,2,3,0,0,3,8
344.31628079200163,4,0.0,49,5,2,0,1,0,8
345.33011853302014,4,0.0,52,5,2,0,1,0,8
346.34436149700196,4,0.0,52,5,2,0,0,1,8
347.3574508560123,4,0.0,52,5,2,0,0,1,8
348.37147950500366,4,0.0,56,5,2,0,0,1,8
349.3833620600053,4,24.75,56,6,1,1,0,0,8
350.3955813939974,4,23.25,62,6,1,1,0,0,8
351.40892487901147,4,23.5,62,6,1,1,0,0,8
352.423088244017,4,22.75,64,6,1,1,0,0,8
353.4362924050074,4,1.75,65,6,1,1,0,0,8
354.4504690520116,4,23.5,69,6,0,2,0,0,8
355.4643413129961,4,48.5,72,2,2,4,0,0,8
356.4771025990194,4,24.0,75,2,2,3,1,0,8
357.4906590030005,4,46.75,79,2,2,2,2,0,8
358.5068348280038,4,47.0,80,2,2,1,3,0,8
359.52071355000953,4,23.75,81,2,2,1,3,0,8
360.53437542100437,4,23.25,81,3,3,2,0,0,8
361.5481025240151,4,15.25,87,3,3,0,2,0,8
362.5620551040047,4,0.0,92,3,3,0,0,2,8
363.5749351620034,4,25.0,93,5,1,2,0,0,8
364.5890874210163,4,9.0,99,0,3,4,0,1,8
365.60287529899506,4,35.5,100,0,3,3,1,1,8
366.61544130102266,4,46.0,100,0,3,2,2,1,8
367.62940066002193,4,46.25,100,0,3,2,2,1,8
368.6415220920171,4,47.0,100,0,3,2,2,1,8
369.65306545901694,4,46.5,101,0,3,2,2,1,8
370.66738404802163,4,65.0,101,1,0,4,1,2,8
371.6813779330114,4,54.0,97,4,1,3,0,0,8
372.69543474901,4,44.5,100,2,2,1,0,3,8
373.70949425001163,4,22.75,100,2,2,1,0,3,8
374.7235702210164,4,23.25,100,2,2,1,0,1,6
375.73745495601906,4,38.0,98,5,0,3,0,0,8
376.75054445900605,4,46.5,98,4,1,2,1,0,8
377.76425855001435,4,47.0,100,4,1,2,1,0,8
378.7777691070223,4,5.75,99,1,4,3,0,0,8
379.7924029400165,4,60.0,99,1,2,1,4,0,8
380.8063304320094,4,23.5,100,1,2,1,2,2,8
381.8198622110067,4,0.0,100,2,2,1,0,3,8
382.83399855700554,4,23.5,100,2,2,1,0,3,8
383.8456880300073,4,0.0,100,2,2,0,1,3,8
384.85813716301345,4,0.0,96,5,1,2,0,0,8
385.8691952160152,4,1.5,96,4,1,1,2,0,8
386.8838107920019,4,24.0,96,4,1,0,3,0,8
387.89764479899895,4,16.25,93,4,2,1,1,0,8
388.9095900050015,4,0.0,94,1,5,2,0,0,8
389.9339453249995,4,47.0,96,1,4,2,0,1,8
390.94744584700675,4,46.5,96,1,3,2,1,1,8
391.95929729001364,4,23.25,96,1,3,1,2,1,8
392.9733056850091,4,23.5,96,1,3,1,2,1,8
393.9986020240176,4,23.25,99,1,3,1,2,1,8
395.0119698829949,4,23.5,99,1,3,1,2,1,8
396.0227211480087,4,44.25,100,1,2,1,3,1,8
397.0490547300142,4,0.0,99,5,2,0,0,1,8
398.0595554350002,4,23.5,100,6,1,1,0,0,8
399.07331851901836,4,0.0,101,6,1,0,1,0,8
400.0851900690177,4,0.0,103,5,3,0,0,0,8
401.09745623602066,4,23.75,103,5,1,0,2,0,8
402.1116102010128,4,0.0,105,2,4,0,2,0,8
403.1250520760077,4,0.0,106,2,5,0,0,1,8
404.1389110900054,4,31.75,105,2,3,3,0,0,8
405.15251632701256,4,47.0,105,2,3,2,1,0,8
406.1619304380147,4,23.75,107,2,3,1,0,2,8
407.17563635401893,4,0.0,106,2,4,1,0,1,8
408.18893406301504,4,23.5,110,2,3,1,1,1,8
409.2023783480108,4,23.5,112,2,3,1,1,1,8
410.21619789800025,4,23.25,112,2,4,1,0,1,8
411.2296268570062,4,47.0,114,3,3,1,1,0,8
412.244694145018,4,23.0,115,3,3,1,1,0,8
413.25727156500216,4,25.0,114,3,3,2,0,0,8
414.26621168499696,4,22.75,114,0,4,3,0,1,8
415.277833907021,4,47.25,114,0,3,3,1,1,8
416.29222223101533,4,71.75,114,0,2,4,0,1,7
417.30760845402256,4,94.5,114,0,2,4,0,1,7
418.3162886330101,4,93.5,116,0,1,3,2,1,7
419.3279534910107,4,71.5,115,1,1,3,0,3,8
420.33642320599756,4,70.25,114,4,1,2,1,0,8
421.34817082301015,4,47.0,118,4,1,2,1,0,8
422.36008317701635,4,48.0,117,3,3,2,0,0,8
423.3718193130044,4,42.5,118,3,3,0,2,0,8
424.3861602730176,4,0.0,117,2,3,2,0,1,8
425.3987502249947,4,23.25,117,2,3,1,1,1,8
426.41247094000573,4,39.0,116,3,2,2,0,1,8
427.4268071310071,4,46.5,116,3,2,2,0,1,8
428.4406212030153,4,46.5,116,4,2,2,0,0,8
429.4544106280082,4,0.0,118,4,2,0,2,0,8
430.4682315500104,4,0.0,119,4,2,0,0,1,7
431.4821699169988,4,0.0,119,6,1,1,0,0,8
432.4964714210073,4,23.25,120,6,1,1,0,0,8
433.5100536160171,4,23.0,121,6,1,1,0,0,8
434.5236433930113,4,48.5,121,1,3,4,0,0,8
435.53739880400826,4,48.0,121,0,4,2,2,0,8
436.5510910320154,4,46.5,121,0,4,1,3,0,8
437.56499518902274,4,23.5,122,1,3,2,0,2,8
438.5769928859954,4,23.5,125,1,3,1,1,2,8
439.5905698669958,4,26.5,122,4,2,2,0,0,8
440.59918702900177,4,0.0,123,2,3,2,1,0,8
441.6126082270057,4,2.25,124,3,2,3,0,0,8
442.6265763720148,4,69.5,126,3,1,3,1,0,8
443.64036713700625,4,70.75,129,3,1,3,1,0,8
444.65437465001014,4,70.75,129,3,1,3,1,0,8
445.66769958101213,4,27.0,130,3,1,1,3,0,8
446.6822282670182,4,0.0,131,4,1,1,0,2,8
447.69673415701254,4,0.0,129,6,1,1,0,0,8
448.7104674040165,4,2.25,129,6,1,1,0,0,8
449.7239340740198,4,23.75,130,6,1,1,0,0,8
450.7373981150158,4,0.0,130,6,1,0,1,0,8
451.7486237389967,4,0.0,132,2,2,3,0,1,8
452.7619589960086,4,16.25,134,1,2,4,1,0,8
453.7743111750169,4,50.75,135,2,2,4,0,0,8
454.7877269090095,4,46.75,135,2,0,5,1,0,8
455.8009466630174,4,47.0,135,2,0,4,2,0,8
456.8128005269973,4,23.25,135,2,0,6,0,0,8
457.82707900201785,4,70.0,137,2,0,3,3,0,8
458.83915537799476,4,47.75,138,2,0,3,3,0,8
459.853260939999,4,46.0,138,2,0,1,5,0,8
460.8677083630173,4,23.25,134,6,0,1,0,1,8
461.8806115560001,4,0.0,134,6,0,1,0,1,8
462.8949289180164,4,23.5,134,7,0,0,0,1,8
463.90858952800045,4,0.0,133,3,4,1,0,0,8
464.9227208280063,4,0.0,134,2,5,1,0,0,8
465.94612060301006,4,23.0,134,2,5,1,0,0,8
466.96019659002195,4,23.25,135,1,6,1,0,0,8
467.9716646790039,4,1.0,136,1,2,3,0,2,8
468.9856911690149,4,38.0,134,2,1,4,0,1,8
469.999388561002,4,47.0,134,2,1,4,0,1,8
471.01282764901407,4,70.0,136,2,1,2,2,1,8
472.01985831701313,4,23.5,137,2,1,1,3,1,8
473.0336548250052,4,24.25,137,2,1,1,3,1,8
474.04398380601197,4,23.5,137,2,1,1,3,1,8
475.0584567729966,4,23.25,137,2,1,1,3,1,8
476.0693460050097,4,21.25,133,4,3,0,1,0,8
477.0825251500064,4,23.25,132,4,3,0,0,1,8
478.09112532800646,4,0.0,132,3,4,0,0,1,8
479.1140820690198,4,0.0,132,3,4,0,0,1,8
480.12760332701146,4,0.0,133,3,4,0,0,1,8
481.13793686500867,4,0.0,133,3,4,0,0,0,7
482.15169277600944,4,0.0,134,3,4,1,0,0,8
483.1653048050066,4,38.75,135,1,4,2,0,1,8
484.1739843910036,4,26.0,134,2,3,1,0,2,8
485.1945596820151,4,1.0,133,3,3,0,1,1,8
486.2058008160093,4,0.0,133,3,3,0,1,1,8
487.21688250501757,4,0.0,136,3,3,0,1,1,8
488.23054911900545,4,0.0,137,3,3,0,1,0,7
489.2440326840151,4,0.0,139,3,3,0,1,0,7
490.2578067780123,4,0.0,140,3,3,0,1,0,7
491.27065755499643,4,0.0,140,4,1,2,0,0,7
492.28462430401123,4,54.25,140,1,3,3,0,1,8
493.2969914879941,4,47.25,139,2,3,3,0,0,8
494.3090411660087,4,30.5,139,2,2,2,2,0,8
495.3225786090188,4,24.0,140,2,2,2,2,0,8
496.3345592340047,4,23.75,141,2,2,1,3,0,8
497.34843792099855,4,23.25,143,2,2,1,3,0,8
498.36197659600293,4,23.5,143,2,2,1,3,0,8
499.37598627601983,4,0.0,143,2,2,0,2,2,8
500.3897879430151,4,0.0,140,5,1,1,0,1,8
501.40376134600956,4,24.75,140,5,2,1,0,0,8
502.4177367640077,4,24.25,140,3,0,3,2,0,8
503.431919974013,4,70.0,140,3,0,3,2,0,8
504.4459121770051,4,71.0,141,3,0,3,2,0,8
505.4597486870189,4,71.0,141,3,0,3,2,0,8
506.47359010300715,4,70.25,143,2,1,3,0,2,8
507.48707274501794,4,70.0,143,2,1,3,0,2,8
508.5005517039972,4,59.0,141,3,2,1,1,0,7
509.51465883801575,4,0.0,139,5,1,2,0,0,8
510.52809987199726,4,14.25,140,5,1,0,2,0,8
511.540345262998,4,0.0,140,5,1,0,2,0,8
512.5540650449984,4,0.0,140,5,1,0,2,0,8
513.5678940410144,4,0.0,140,5,1,0,2,0,8
514.5816854980076,4,0.0,140,5,1,0,2,0,8
515.594659274997,4,18.5,138,3,3,1,1,0,8
516.6086287730141,4,15.75,135,6,2,0,0,0,8
517.6199263820017,4,23.75,136,4,3,1,0,0,8
518.6337810280093,4,0.0,138,4,3,0,1,0,8
519.6475547070149,4,0.0,138,4,3,0,1,0,8
520.6580983580207,4,0.0,138,4,3,0,1,0,8
521.6720024149981,4,0.0,138,2,5,0,0,1,8
522.6856506360054,4,0.0,138,2,5,0,0,1,8
523.6991377810191,4,0.0,139,2,5,0,0,1,8
524.7132392460189,4,0.0,139,1,6,1,0,0,8
525.7268972870079,4,47.75,140,1,5,2,0,0,8
526.7412028319959,4,23.0,141,1,5,1,1,0,8
527.7553997320065,4,23.25,142,1,4,2,0,1,8
528.7690907770011,4,1.0,141,1,3,4,0,0,8
529.7831539140025,4,70.75,141,0,2,5,1,0,8
530.7920776840183,4,94.75,142,0,2,4,2,0,8
531.8053491180181,4,23.25,144,0,2,2,4,0,8
532.8196660999965,4,23.5,144,0,2,2,2,2,8
533.8332152609946,4,23.25,145,0,2,2,0,4,8
534.8492509600183,4,23.75,141,4,1,3,0,0,8
535.86326766602,4,46.5,144,4,1,2,1,0,8
536.8768346919969,4,41.25,144,4,1,1,2,0,8
537.891117051011,4,0.0,146,2,2,1,1,2,8
538.9158999579959,4,23.5,145,4,2,1,1,0,8
539.9295698080095,4,0.0,146,3,1,4,0,0,8
540.9437256980164,4,63.75,145,2,3,3,0,0,8
541.9558607030194,4,45.0,145,1,3,3,1,0,8
542.969295805,4,53.5,145,1,3,1,3,0,8
543.9801475389977,4,23.5,146,1,3,1,2,1,8
544.9937529280141,4,23.5,146,1,2,1,3,1,8
546.0072083560226,4,23.5,146,1,2,1,3,1,8
547.0172674250207,4,23.5,147,1,2,1,3,1,8
548.028006589011,4,0.0,147,1,2,0,2,3,8
549.0391617749992,4,24.25,142,5,2,1,0,0,8
550.0546928410186,4,0.0,142,5,2,1,0,0,8
551.0682425989944,4,24.0,143,5,0,3,0,0,8
552.0819340920134,4,46.5,143,5,0,3,0,0,8
553.0958827970026,4,46.5,144,5,0,2,1,0,8
554.1076068620023,4,23.5,145,5,0,2,1,0,8
555.1191887980094,4,23.25,145,5,0,2,1,0,8
556.1326934050012,4,24.5,147,5,0,2,1,0,8
557.1463747990201,4,23.75,149,5,0,1,2,0,8
558.1601332029968,4,0.0,149,5,0,0,3,0,8
559.1745838000206,4,0.0,148,6,1,0,0,1,8
560.1886165910109,4,25.0,148,3,4,1,0,0,8
561.2025426269975,4,23.0,149,2,5,1,0,0,8
562.2162215390126,4,23.25,150,2,5,1,0,0,8
563.2298718030215,4,23.25,151,0,4,4,0,0,8
564.2431114549981,4,46.75,152,0,3,5,0,0,8
565.2566245150228,4,70.75,152,0,3,4,1,0,8
566.2705368120223,4,70.75,152,0,3,4,1,0,8
567.283951940015,4,70.5,154,0,3,2,3,0,8
568.2978192220035,4,24.0,155,0,3,2,2,1,8
569.3115392299951,4,23.5,158,0,2,3,1,2,8
570.323786006018,4,40.25,155,3,1,4,0,0,8
571.3330364340218,4,52.25,155,0,4,4,0,0,8
572.3473324750084,4,48.75,155,0,4,1,3,0,8
573.3611443690024,4,23.25,156,0,4,1,3,0,8
574.3750884930196,4,23.5,155,2,3,2,0,1,8
575.3869979720039,4,47.75,155,2,3,2,0,1,8
576.3997689130192,4,47.0,158,2,3,2,0,1,8
577.4128531190217,4,47.0,162,2,3,2,0,1,8
578.4267670639965,4,46.75,163,2,3,1,1,0,7
579.4406034249987,4,0.0,161,4,2,1,0,1,8
580.4535057650064,4,0.0,163,4,2,1,0,1,8
581.4675945340132,4,23.25,163,4,2,1,0,1,8
582.4809270719998,4,23.5,163,2,4,2,0,0,8
583.4905476830027,4,61.25,165,2,2,4,0,0,8
584.5040666610003,4,70.25,166,2,2,3,1,0,8
585.5177439190156,4,70.25,166,2,2,3,1,0,8
586.5299872379983,4,70.25,167,2,2,2,2,0,8
587.5424457430199,4,46.75,166,2,3,2,0,1,8
588.5565402170178,4,47.0,166,2,3,2,0,1,8
589.5809351399948,4,47.0,166,3,2,3,0,0,8
590.5945385660161,4,46.25,167,3,2,1,2,0,8
591.6087400850083,4,23.5,168,3,2,1,2,0,8
592.6220592510072,4,23.5,169,2,3,1,2,0,8
593.6359548050095,4,0.0,169,2,3,0,3,0,8
594.6484235860116,4,0.0,168,3,3,0,0,2,8
595.6622922800016,4,0.0,170,3,3,0,0,2,8
596.6869908689987,4,25.0,170,3,1,2,0,0,6
597.6975814180041,4,37.25,168,5,1,2,0,0,8
598.711963556998,4,46.75,169,5,1,2,0,0,8
599.7258418239944,4,47.25,169,5,1,2,0,0,8
600.7398127970228,4,46.75,170,5,1,2,0,0,8
601.7538250240032,4,28.0,173,4,2,2,0,0,8
602.7670771680132,4,47.0,173,4,1,2,1,0,8
603.779004060023,4,24.25,173,2,2,2,0,2,8
604.7899247129972,4,14.5,171,3,2,2,0,1,8
605.8031133869954,4,46.0,171,3,2,0,2,1,8
606.816950272012,4,0.0,171,3,2,0,2,1,8
607.8292348789982,4,0.0,170,5,1,1,0,1,8
608.844478073006,4,0.0,170,3,3,2,0,0,8
609.8543989660102,4,0.0,171,1,3,3,1,0,8
610.8714558650099,4,47.0,174,1,3,2,2,0,8
611.8853233020054,4,47.0,174,1,3,2,2,0,8
612.8974511470005,4,46.75,172,2,2,3,0,1,8
613.9136163649964,4,46.5,171,3,2,3,0,0,8
614.927801576996,4,70.25,171,3,2,3,0,0,8
615.9422723150055,4,70.0,173,3,2,3,0,0,8
616.9545482429967,4,71.5,173,2,2,3,0,1,8
617.9667367990187,4,46.75,174,2,2,3,0,1,8
618.9781443480169,4,46.75,173,1,1,6,0,0,8
619.9878393510007,4,73.25,173,1,1,5,1,0,8
621.0033436900121,4,71.0,172,1,2,4,0,1,8
622.0115678590082,4,46.0,172,2,1,3,0,2,8
623.0217800240207,4,47.25,173,4,0,4,0,0,8
624.0342349370185,4,47.5,173,4,0,2,2,0,8
625.0482578450174,4,46.75,175,4,0,1,3,0,8
626.0712763310003,4,13.5,173,5,1,1,0,1,8
627.0853445550019,4,43.5,172,3,3,2,0,0,8
628.0981254380022,4,23.5,171,3,2,3,0,0,8
629.1124997250154,4,25.0,171,1,3,3,0,1,8
630.1264195580152,4,8.75,169,3,1,3,0,1,8
631.1390788720164,4,70.0,170,3,1,2,2,0,8
632.152733252995,4,28.0,170,3,1,1,3,0,8
633.1615398740105,4,23.5,172,2,2,1,0,3,8
634.1750756390102,4,24.5,171,5,1,2,0,0,8
635.1855299640156,4,45.25,172,0,2,6,0,0,8
636.1929552440124,4,78.0,171,1,1,6,0,0,8
637.2063542460091,4,66.0,170,1,1,4,0,2,8
638.2204565940192,4,23.25,168,4,1,2,0,1,8
639.2342966629949,4,47.0,167,5,0,3,0,0,8
640.2483312039985,4,46.75,168,5,0,3,0,0,8
641.2596396669978,4,46.5,168,3,2,3,0,0,8
642.2718162050005,4,67.5,168,0,4,3,1,0,8
643.285633861,4,48.5,167,1,1,6,0,0,8
644.2995107489987,4,47.0,167,0,2,2,3,1,8
645.3057978400029,4,46.5,166,1,2,2,0,3,8
646.318280381005,4,23.25,163,4,2,2,0,0,8
647.3319339390146,4,48.75,163,0,3,5,0,0,8
648.3387393270095,4,93.75,163,0,1,6,1,0,8
649.3525528100145,4,94.5,164,0,1,6,1,0,8
650.3664574570139,4,94.0,164,0,1,5,2,0,8
651.3798973560042,4,70.0,165,0,1,2,5,0,8
652.3888166410034,4,23.75,161,6,1,1,0,0,8
653.4031867750164,4,6.75,161,3,3,2,0,0,8
654.4134813749988,4,44.75,161,0,3,3,2,0,8
655.4256214320194,4,59.75,162,0,3,1,4,0,8
656.4392385490064,4,0.75,159,4,1,3,0,0,8
657.4562190970173,4,0.0,160,1,4,3,0,0,8
658.470381717023,4,46.5,161,1,3,3,1,0,8
659.4840797409997,4,70.0,162,1,3,3,1,0,8
660.4977802590001,4,71.25,162,2,3,2,0,1,8
661.509840904997,4,25.0,162,1,2,4,0,1,8
662.5236328750034,4,53.75,160,2,2,2,0,2,8
663.5368323459988,4,43.75,159,3,2,2,0,1,8
664.5501107060118,4,46.75,159,3,2,2,0,1,8
665.5599876030174,4,23.5,160,4,1,3,0,0,8
666.5742015500145,4,28.25,160,0,2,3,3,0,8
667.5882874950184,4,46.5,161,0,2,2,4,0,8
668.6019677660079,4,47.5,161,0,2,1,0,5,8
669.6156254230009,4,23.75,160,1,2,1,0,2,6
670.6292906040035,4,23.5,162,1,2,1,0,2,6
671.6435476610204,4,3.5,159,2,5,1,0,0,8
672.6551889230032,4,29.0,159,0,4,4,0,0,8
673.6674110199965,4,46.5,158,1,3,3,0,1,8
674.6802608559956,4,33.0,156,2,2,3,0,1,8
675.694370540994,4,47.5,158,2,2,1,2,1,8
676.7081750149955,4,23.0,159,2,2,1,2,1,8
677.7225458350149,4,23.25,159,2,2,1,2,1,8
678.7366496150207,4,14.25,159,3,2,1,0,2,8
679.7503237480123,4,23.25,157,5,1,1,1,0,8
680.7643621470197,4,23.5,157,5,1,2,0,0,8
681.7921441190119,4,25.5,160,1,5,1,1,0,8
682.8061296920059,4,23.5,159,2,3,3,0,0,8
683.8205362640147,4,71.5,161,0,2,3,1,2,8
684.8340738599945,4,70.75,159,2,1,2,2,1,8
685.8454073510075,4,46.75,163,2,1,2,2,1,8
686.8568961290002,4,47.5,163,2,1,2,2,1,8
687.8723167860007,4,46.25,163,2,1,2,1,2,8
688.8858252050122,4,23.5,161,3,2,3,0,0,8
689.8976711920113,4,47.25,162,3,2,1,2,0,8
690.9188476529962,4,2.25,161,4,2,1,0,1,8
691.9331037030206,4,1.0,160,4,2,2,0,0,8
692.9450381089991,4,49.75,160,2,2,4,0,0,8
693.9608514310094,4,25.5,159,2,2,4,0,0,8
694.9773897429986,4,72.25,162,2,1,4,1,0,8
695.9905090490065,4,70.5,164,2,1,3,2,0,8
697.0045015490032,4,69.75,164,2,1,3,2,0,8
698.01857543402,4,59.0,163,4,1,3,0,0,8
699.0323703059985,4,71.0,163,4,1,3,0,0,8
700.0456973940018,4,46.75,163,0,5,3,0,0,8
701.0525561270188,4,17.25,162,1,4,2,0,1,8
702.0619511650002,4,53.75,161,2,2,4,0,0,8
703.0727700270072,4,47.25,160,2,2,4,0,0,8
704.0833052110102,4,47.5,162,2,1,4,0,1,8
705.097291883023,4,70.0,161,3,1,4,0,0,8
706.1096233180142,4,70.25,161,3,1,3,1,0,8
707.123244249,4,70.5,162,3,1,3,1,0,8
708.1373298570106,4,70.5,163,3,1,3,1,0,8
709.1508329010103,4,46.75,162,3,2,3,0,0,8
710.1647344350058,4,61.25,163,0,4,3,0,1,8
711.1782939149998,4,17.5,162,1,1,5,0,1,8
712.1915184259997,4,47.75,163,1,0,6,1,0,8
713.2060479010106,4,73.5,163,1,1,6,0,0,8
714.2180862789974,4,71.0,163,1,1,4,2,0,8
715.232083844021,4,94.25,163,2,1,4,0,1,8
716.2471935360227,4,55.5,163,1,0,5,1,1,8
717.2614878349996,4,93.25,164,1,0,5,1,1,8
718.2744509470067,4,93.0,164,1,0,5,1,0,7
719.2883296670043,4,71.25,162,2,2,3,1,0,8
720.3024764820002,4,23.0,162,2,2,2,0,2,8
721.3159760849958,4,30.5,161,3,1,2,1,0,7
722.3300840720185,4,47.75,160,4,1,2,1,0,8
723.3418408010039,4,23.25,160,5,1,2,0,0,8
724.355819674005,4,24.5,161,3,3,2,0,0,8
725.3697143309982,4,47.5,161,0,4,4,0,0,8
726.3834651870129,4,64.5,162,0,3,3,2,0,8
727.3977230190067,4,70.0,167,0,3,3,2,0,8
728.4085912620067,4,70.75,167,0,3,2,3,0,8
729.4193108750042,4,48.25,165,2,3,2,0,1,8
730.4316468810139,4,45.5,167,2,2,3,0,0,7
731.4439948580111,4,67.0,167,3,2,3,0,0,8
732.4564906040032,4,41.75,166,2,3,3,0,0,8
733.4687282320228,4,13.75,168,4,1,3,0,0,8
734.4784031769959,4,35.0,170,2,3,0,3,0,8
735.4924358760181,4,0.0,172,2,3,0,0,3,8
736.506666079018,4,0.0,170,3,4,1,0,0,8
737.5181014380069,4,23.25,171,3,4,1,0,0,8
738.5299610390211,4,23.25,172,3,4,1,0,0,8
739.5436981999956,4,23.25,177,3,4,0,1,0,8
740.5574994939961,4,0.0,181,3,3,1,0,1,8
741.5714568069961,4,46.75,181,4,1,3,0,0,8
742.5856201820134,4,50.5,184,2,1,5,0,0,8
743.5988454770122,4,78.75,191,1,2,4,0,1,8
744.6127544449992,4,43.25,198,0,2,5,0,1,8
745.6243742890074,4,60.0,203,1,1,6,0,0,8
746.6388635720068,4,47.0,208,1,0,6,0,1,8
747.6525039749977,4,93.75,209,0,1,7,0,0,8
748.6643874320143,4,70.25,213,0,1,7,0,0,8
749.6783697110077,4,93.25,214,0,1,7,0,0,8
750.6925480810169,4,95.0,215,0,1,4,3,0,8
751.7055439620162,4,70.25,220,0,1,4,3,0,8
752.7193809809978,4,63.75,224,0,1,2,5,0,8
753.7333069879969,4,21.25,222,5,0,3,0,0,8
754.7468663990148,4,12.5,230,2,3,3,0,0,8
755.7611789640214,4,29.5,231,1,4,2,1,0,8
756.7735374260228,4,47.75,232,1,2,5,0,0,8
757.7849058099964,4,65.75,232,1,1,5,1,0,8
758.7964486150013,4,70.0,233,1,1,4,1,1,8
759.809567771008,4,70.5,233,1,1,3,2,1,8
760.8239243040152,4,46.5,234,1,1,3,2,1,8
761.8354674070142,4,47.75,235,1,1,3,2,1,8
762.8503585559956,4,45.25,237,1,1,2,3,1,8
763.8645138080174,4,35.25,233,5,0,3,0,0,8
764.8779423469969,4,24.0,233,2,3,2,1,0,8
765.8922139670176,4,20.25,231,2,4,2,0,0,8
766.9136279960221,4,24.25,231,2,4,0,2,0,8
767.9275232070067,4,0.0,231,2,4,2,0,0,8
768.9413780820032,4,23.5,231,2,4,2,0,0,8
769.9551071480091,4,22.5,231,2,2,4,0,0,8
770.969049864012,4,68.0,231,2,1,5,0,0,8
771.982531761023,4,69.75,233,2,1,5,0,0,8
772.9943639289995,4,70.5,234,2,1,4,1,0,8
774.0078897140047,4,68.5,234,2,1,4,1,0,8
775.0187322480197,4,47.75,234,3,0,5,0,0,8
776.0279627370182,4,72.75,235,0,1,7,0,0,8
777.0377885490016,4,49.0,234,1,1,6,0,0,8
778.0495215170085,4,93.25,236,1,1,4,2,0,8
779.0617349850072,4,47.75,235,2,1,3,1,1,8
780.083240906999,4,45.0,238,3,2,2,0,1,8
781.0958150740189,4,22.75,239,3,2,2,0,1,8
782.110124711995,4,70.5,240,2,3,1,0,2,8
783.1214704470185,4,46.75,240,2,2,2,1,1,8
784.1356543970178,4,46.75,242,2,2,1,2,1,8
785.1495563560165,4,23.25,245,2,2,1,2,1,8
786.1639886720222,4,23.5,248,2,2,1,2,1,8
787.1754596090177,4,23.0,248,3,1,3,0,1,8
788.1900823960023,4,71.0,250,3,1,3,0,1,8
789.2021546890028,4,71.25,254,3,1,4,0,0,8
790.2136502540088,4,69.75,254,3,1,3,1,0,8
791.2273315089988,4,47.0,255,3,1,2,2,0,8
792.2364579309942,4,0.0,257,1,4,2,0,1,8
793.2502937969984,4,27.25,260,1,2,5,0,0,8
794.2663999710057,4,71.0,263,0,2,6,0,0,8
795.2795607610024,4,95.5,265,1,1,6,0,0,8
796.2906721460167,4,46.5,267,1,1,6,0,0,8
797.3044216220151,4,70.75,268,1,1,4,2,0,8
798.3160828220134,4,70.75,269,1,1,3,3,0,8
799.3265651010151,4,69.5,273,1,1,3,3,0,8
800.3393155499944,4,46.75,273,1,1,2,4,0,8
801.3513947339961,4,47.0,275,1,1,2,4,0,8
802.3648967220215,4,23.25,279,1,1,0,0,6,8
803.3789156959974,4,0.0,275,6,2,0,0,0,8
804.3927461900166,4,11.5,277,0,5,3,0,0,8
805.406042978022,4,42.25,279,0,4,3,1,0,8
806.4199062260159,4,71.25,279,0,4,3,1,0,8
807.4335974970018,4,71.75,279,0,4,3,0,1,8
808.4476923799957,4,71.0,280,0,3,4,0,1,8
809.4608544970106,4,69.5,279,1,1,6,0,0,8
810.473801161017,4,93.75,282,0,1,7,0,0,8
811.4858938740217,4,94.25,282,0,0,8,0,0,8
812.4996579950093,4,76.75,283,0,0,6,2,0,8
813.5113939730218,4,94.5,284,0,0,4,4,0,8
814.5256020530069,4,72.5,284,0,0,3,5,0,8
815.5396510440041,4,46.75,285,0,0,2,6,0,8
816.5546530290158,4,23.5,286,0,0,1,7,0,8
817.5690911610145,4,23.5,290,0,0,1,7,0,8
818.582781086996,4,0.0,284,8,0,0,0,0,8
819.5982316110167,4,0.0,286,2,5,1,0,0,8
820.6107453849982,4,34.0,288,0,5,3,0,0,8
821.6250038410071,4,70.75,289,0,5,3,0,0,8
822.6390422279947,4,70.25,289,0,5,3,0,0,8
823.6525218610186,4,46.5,291,0,4,3,1,0,8
824.6666525110195,4,71.5,293,1,1,6,0,0,8
825.6803573130164,4,23.25,291,3,0,4,0,1,8
826.6941291880212,4,54.75,290,2,1,5,0,0,8
827.7088945629948,4,69.5,291,1,2,4,1,0,8
828.7209726820001,4,47.0,293,2,2,3,0,1,8
829.7349796310009,4,69.0,294,1,2,4,0,1,8
830.7487629280076,4,46.75,295,1,2,3,1,1,8
831.7619378179952,4,23.25,295,1,2,2,2,1,8
832.7753412790189,4,23.25,295,1,2,1,3,1,8
833.7877848600037,4,18.75,294,2,1,1,0,3,7
834.8017670800036,4,23.5,292,4,1,0,1,0,6
835.8143688880082,4,0.0,291,6,1,0,0,1,8
836.8282902420033,4,0.0,291,5,3,0,0,0,8
837.8400759560172,4,25.0,293,1,6,1,0,0,8
838.8531474390184,4,23.75,295,1,5,2,0,0,8
839.8646817840054,4,23.5,296,1,4,2,1,0,8
840.8782558300009,4,48.25,297,1,4,1,2,0,8
841.8900735530187,4,0.0,297,1,3,1,1,2,8
842.9037208970112,4,11.0,294,2,3,3,0,0,8
843.9154365129943,4,70.25,294,2,3,2,1,0,8
844.9291140029964,4,47.75,294,2,3,2,1,0,8
845.9421796899987,4,23.5,294,2,3,0,3,0,8
846.9561668280221,4,0.0,294,2,3,0,3,0,8
847.9773199680203,4,0.0,295,2,3,0,0,3,8
848.9927199460217,4,10.5,292,5,0,3,0,0,8
850.0064559479943,4,34.75,292,1,2,5,0,0,8
851.0192431180039,4,71.25,292,1,2,5,0,0,8
852.0342702229973,4,46.25,293,0,3,4,1,0,8
853.0547927890148,4,58.5,295,2,3,3,0,0,8
854.0680435590039,4,71.75,299,2,1,4,0,1,8
855.0819592820189,4,48.0,300,1,2,5,0,0,8
856.0933885060076,4,71.0,302,1,2,5,0,0,8
857.1083788649994,4,71.25,302,1,2,3,2,0,8
858.125349236012,4,46.25,304,1,2,2,3,0,8
859.1430952130177,4,47.5,307,1,2,2,3,0,8
860.1567942520196,4,47.0,308,1,2,2,3,0,8
861.1699740310141,4,46.25,308,1,2,1,4,0,8
862.1767325330002,4,0.0,308,1,2,0,5,0,8
863.1835349989997,4,0.0,303,5,2,1,0,0,8
864.1975016850047,4,22.5,303,1,5,2,0,0,8
865.2115709430072,4,49.0,304,0,4,4,0,0,8
866.2275252020045,4,46.5,304,0,4,4,0,0,8
867.2407642950129,4,49.25,305,0,3,5,0,0,8
868.2535525970161,4,70.0,307,0,3,4,1,0,8
869.2646899429965,4,26.5,307,1,2,5,0,0,8
870.2785000550211,4,62.0,307,0,0,8,0,0,8
871.290217998001,4,80.25,308,0,0,8,0,0,8
872.2995657090214,4,92.25,308,0,0,4,4,0,8
873.3135370899981,4,47.0,310,0,0,2,6,0,8
874.3253549720102,4,46.25,305,5,0,2,0,1,8
875.3424194760155,4,23.5,305,6,0,1,1,0,8
876.3591696980002,4,24.0,305,6,0,0,2,0,8
877.3733960910176,4,0.0,306,6,0,0,2,0,8
878.3869030860078,4,0.0,306,6,0,0,2,0,8
879.3986990080157,4,0.0,305,4,4,0,0,0,8
880.4116664250032,4,24.75,307,2,4,2,0,0,8
881.4250459980103,4,23.25,309,2,0,6,0,0,8
882.4387707650021,4,94.5,310,2,0,6,0,0,8
883.4522724460112,4,95.25,310,2,0,4,2,0,8
884.4634000340011,4,70.5,310,2,1,4,0,1,8
885.4769046739966,4,83.0,310,1,2,4,0,1,8
886.4906687019975,4,47.25,308,2,3,3,0,0,8
887.5049015270197,4,48.5,308,1,1,6,0,0,8
888.5172650199966,4,50.5,309,0,1,7,0,0,8
889.5308891980094,4,69.25,309,0,0,6,2,0,8
890.5439427969977,4,93.75,312,0,0,4,4,0,8
891.5578752059955,4,48.0,313,0,0,3,5,0,8
892.5716615580022,4,45.25,313,0,0,2,6,0,8
893.5843426939973,4,46.75,313,0,0,1,7,0,8
894.5969111720042,4,0.0,310,4,0,0,0,4,8
895.610496866022,4,0.0,311,4,0,0,0,4,8
896.6215969610203,4,0.0,309,8,0,0,0,0,8
897.6355065320095,4,41.5,310,4,2,2,0,0,8
898.6494830980082,4,24.0,310,2,4,1,0,1,8
899.6642542119953,4,11.0,310,1,4,3,0,0,8
900.678532897,4,49.5,313,0,2,6,0,0,8
901.6905571280222,4,70.25,313,0,1,7,0,0,8
902.7044953720178,4,92.75,313,0,1,7,0,0,8
903.7190503460006,4,94.5,312,1,0,5,0,2,8
904.7325802130217,4,69.25,310,2,1,5,0,0,8
905.7464838970045,4,38.0,310,1,1,3,2,1,8
906.7600757339969,4,70.25,310,1,1,3,2,1,8
907.7741340550128,4,70.5,310,1,1,2,3,1,8
908.7879173920082,4,23.25,310,1,1,0,5,1,8
909.800445358007,4,0.0,308,2,1,1,0,4,8
910.8139602870215,4,23.5,308,2,1,1,0,4,8
911.827638585004,4,23.5,308,2,1,1,0,3,7
912.8411568200099,4,23.5,306,5,1,1,0,1,8
913.8524273479998,4,23.5,306,6,0,2,0,0,8
914.8662770079973,4,23.25,306,2,3,3,0,0,8
915.8804852619942,4,0.0,307,1,3,4,0,0,8
916.8941188309982,4,71.0,309,1,3,4,0,0,8
917.9092576160037,4,56.0,309,1,3,1,3,0,8
918.9217020189972,4,46.75,307,3,1,4,0,0,8
919.9334025850112,4,24.0,308,2,1,5,0,0,8
920.9463139290165,4,64.75,308,1,2,5,0,0,8
921.9722630199976,4,70.25,309,1,2,4,1,0,8
922.9804473230033,4,70.25,310,1,2,3,2,0,8
923.9941611179966,4,46.25,310,1,2,3,2,0,8
925.0205678560014,4,47.0,311,1,2,3,2,0,8
926.0338688920019,4,24.0,312,1,1,2,4,0,8
927.0475405900215,4,23.5,314,1,1,1,5,0,8
928.0563138040015,4,0.0,310,5,1,2,0,0,8
929.0654663690075,4,37.0,310,1,2,5,0,0,8
930.0793931540102,4,48.0,310,0,1,7,0,0,8
931.0948907250131,4,94.0,311,0,1,6,1,0,8
932.1021483100194,4,93.5,311,0,1,5,2,0,8
933.1168310500216,4,70.0,309,3,0,5,0,0,8
934.1298429440067,4,71.0,310,2,1,5,0,0,8
935.1420549600152,4,46.0,308,2,1,5,0,0,8
936.1503948460158,4,33.25,308,2,0,4,1,1,8
937.1645524060004,4,70.0,308,2,0,3,2,1,8
938.177376948006,4,47.25,308,2,0,0,5,1,8
939.1911204960197,4,0.0,302,8,0,0,0,0,8
940.2053358709964,4,0.0,304,8,0,0,0,0,8
941.2194538490148,4,0.0,304,8,0,0,0,0,8
942.2334820260003,4,0.0,304,8,0,0,0,0,8
943.2436587690026,4,0.0,304,8,0,0,0,0,8
944.2576139870216,4,1.0,305,6,1,1,0,0,8
945.271491743013,4,23.75,306,6,1,1,0,0,8
946.2873109909997,4,24.75,308,1,1,6,0,0,8
947.2998770590057,4,48.25,306,2,2,3,1,0,8
948.3123427380051,4,48.0,308,2,1,4,0,1,8
949.3242705930024,4,71.25,308,2,1,4,0,1,8
950.3373763550189,4,39.25,308,3,0,4,0,1,8
951.3482899840164,4,34.75,308,1,2,4,0,1,8
952.3607443410147,4,46.75,308,2,1,5,0,0,8
953.3726906770025,4,70.5,307,1,1,6,0,0,8
954.3850583690219,4,75.25,310,1,1,3,2,1,8
955.3988212130207,4,52.5,310,1,1,2,3,1,8
956.412832269998,4,46.5,310,1,1,2,3,1,8
957.4265306510206,4,46.75,310,1,1,1,4,1,8
958.4393822540005,4,0.0,307,4,0,2,0,2,8
959.452627036022,4,47.0,309,4,0,2,0,2,8
960.4668571640213,4,23.25,307,4,2,1,0,1,8
961.4754723390215,4,0.0,307,3,3,1,0,1,8
962.4874175130099,4,13.5,306,1,4,3,0,0,8
963.5015351409966,4,25.0,306,1,1,6,0,0,8
964.514996383019,4,72.75,307,0,2,6,0,0,8
965.5287617340218,4,69.5,308,0,1,6,1,0,8
966.5418547849986,4,72.75,309,1,1,6,0,0,8
967.5552070720005,4,69.5,309,1,1,6,0,0,8
968.5662359880225,4,47.0,308,1,2,5,0,0,8
969.5803630110167,4,71.25,308,1,2,5,0,0,8
970.5925347510201,4,69.5,308,1,2,3,2,0,8
971.6067400580214,4,23.5,309,1,2,1,4,0,8
972.6451856910135,4,22.75,310,1,2,1,4,0,8
973.6667272780032,4,0.0,308,4,1,1,0,2,8
974.678485528013,4,23.5,308,4,1,1,0,2,8
975.6923209710221,4,23.0,306,5,1,1,0,1,8
976.7062559520127,4,0.0,309,3,3,1,0,1,8
977.7189874339965,4,23.5,310,3,3,1,0,1,8
978.7326440180186,4,12.25,309,1,3,4,0,0,8
979.7457132239942,4,28.75,308,1,3,4,0,0,8
980.759411283012,4,22.75,309,1,2,5,0,0,8
981.7733760690026,4,46.5,309,1,2,4,1,0,8
982.7839533920051,4,46.75,309,1,2,3,2,0,8
983.798879117996,4,46.5,311,1,2,3,2,0,8
984.809777876013,4,47.25,311,1,2,2,3,0,8
985.8236328240018,4,36.75,309,2,2,3,0,1,8
986.8375893100165,4,63.75,309,0,3,4,0,1,8
987.851474066003,4,45.0,311,0,2,5,0,1,8
988.8761018539954,4,70.75,313,0,2,2,3,1,8
989.8898771899985,4,23.25,313,0,2,1,4,1,8
990.9040450710163,4,23.75,313,0,2,1,4,1,8
991.9152953940211,4,23.75,314,0,2,1,3,2,8
992.9290314220125,4,24.0,316,0,2,0,4,1,7
993.9425031029969,4,2.0,316,0,2,0,1,4,7
994.9556466549984,4,0.0,316,1,2,0,0,3,6
995.9634272480034,4,0.0,316,1,2,0,0,3,6
996.9771642880223,4,25.0,311,6,1,1,0,0,8
997.9907853320183,4,23.5,311,6,1,1,0,0,8
999.0044053989986,4,23.5,311,6,1,1,0,0,8
1000.0180951030052,4,23.5,312,6,1,1,0,0,8
1001.0320465340046,4,24.5,314,3,2,3,0,0,8
1002.045604931016,4,59.75,314,0,3,4,1,0,8
1003.0591441279976,4,23.75,313,1,1,6,0,0,8
1004.0703440830112,4,94.5,315,1,1,4,2,0,8
1005.0845976440178,4,46.75,316,1,1,2,3,1,8
1006.0975137640198,4,47.5,318,1,1,2,3,1,8
1007.1112183770165,4,0.0,318,1,1,0,5,1,8
1008.1227165900054,4,0.0,318,1,1,0,5,1,8
1009.1361146620184,4,0.0,319,1,1,0,5,1,8
1010.1491823870165,4,0.0,319,1,1,0,5,1,8
1011.1622681989975,4,0.0,320,1,1,0,5,1,8
1012.1745165150205,4,0.0,315,6,1,1,0,0,8
1013.1866231019958,4,21.5,315,6,1,1,0,0,8
1014.2002021920052,4,47.5,315,4,1,3,0,0,8
1015.2146923480032,4,70.5,315,4,1,3,0,0,8
1016.2299984880083,4,46.5,315,4,1,2,1,0,8
1017.2436571480066,4,47.5,315,1,3,3,0,1,8
1018.2573504130123,4,49.0,315,1,2,4,1,0,8
1019.2712516589963,4,69.5,315,1,2,3,2,0,8
1020.2838184059947,4,0.0,315,3,1,3,0,1,8
1021.2977739790222,4,47.75,314,1,1,5,1,0,8
1022.3086513660091,4,24.5,312,2,2,2,1,1,8
1023.3221776520077,4,24.0,312,2,2,1,1,2,8
1024.334533524001,4,24.5,313,2,2,1,1,2,8
1025.3482192480005,4,23.5,315,2,2,1,1,2,8
1026.3620303689968,4,0.0,315,2,2,0,2,2,8
1027.3760691680072,4,0.0,316,2,2,0,2,2,8
1028.3897510170063,4,0.0,317,2,2,0,2,2,8
1029.4035805120075,4,0.0,317,2,2,0,2,2,8
1030.4174009310082,4,0.0,317,2,2,0,2,2,8
1031.4295654260204,4,0.0,313,6,1,1,0,0,8
1032.4437164950068,4,37.25,313,1,4,3,0,0,8
1033.4572226169985,4,39.0,313,0,3,3,2,0,8
1034.4712909950176,4,47.0,313,0,2,3,3,0,8
1035.484747317998,4,46.5,313,0,2,3,3,0,8
1036.4970995360054,4,46.25,313,0,2,2,3,1,8
1037.5108852680132,4,47.5,311,2,1,3,0,2,8
1038.5245236740157,4,38.25,308,5,1,2,0,0,8
1039.5384985440178,4,47.25,309,5,1,1,1,0,8
1040.5514602480107,4,23.5,309,4,2,1,0,1,8
1041.56551004402,4,0.0,312,1,3,2,1,1,8
1042.5787919910217,4,23.25,312,1,3,0,3,1,8
1043.5929313820088,4,0.0,312,1,3,0,3,1,8
1044.6064926790132,4,0.0,313,1,3,0,3,1,8
1045.6204905930208,4,0.0,314,1,3,0,3,1,8
1046.6346174280043,4,0.0,315,1,3,0,3,1,8
1047.6482943190204,4,0.0,316,1,3,0,3,1,8
1048.6625015310128,4,0.0,316,1,3,0,1,3,8
1049.6760936219944,4,1.25,316,2,2,1,0,2,7
1050.6878672479943,4,23.5,316,4,2,1,0,1,8
1051.7015206210199,4,0.0,315,4,3,0,0,1,8
1052.7123652200098,4,0.0,314,2,3,3,0,0,8
1053.7259827500093,4,1.0,314,1,1,6,0,0,8
1054.7385189920024,4,93.0,315,1,1,4,2,0,8
1055.7526419330097,4,70.0,316,1,1,2,4,0,8
1056.7662213830044,4,47.0,317,1,1,2,4,0,8
1057.7797440230206,4,45.0,315,5,0,3,0,0,8
1058.792405131011,4,23.5,314,4,2,2,0,0,8
1059.808422118018,4,42.75,314,2,1,5,0,0,8
1060.8217118150205,4,46.5,314,2,1,2,3,0,8
1061.8354424750141,4,46.75,315,2,1,1,4,0,8
1062.8488114950014,4,23.25,317,2,1,0,5,0,8
1063.8625269760087,4,0.0,320,2,1,0,5,0,8
1064.8767281530017,4,0.0,319,3,2,0,0,3,8
1065.8972090310126,4,0.5,321,3,2,0,0,3,8
1066.9110560890113,4,0.0,322,5,1,1,0,0,7
1067.9233035439975,4,25.0,325,3,4,0,0,1,8
1068.9412398940185,4,0.0,328,2,2,4,0,0,8
1069.9553301350097,4,47.25,329,2,2,3,0,1,8
1070.9676461940107,4,23.5,334,3,2,2,0,1,8
1071.9792317990214,4,25.0,335,3,2,1,1,0,7
1072.9925880100054,4,22.75,341,3,2,1,1,0,7
1074.006299953995,4,23.5,346,4,3,1,0,0,8
1075.020138834021,4,23.5,349,2,4,1,1,0,8
1076.0318681140197,4,0.0,356,2,4,0,2,0,8
1077.0451625800051,4,0.0,366,2,4,0,2,0,8
1078.065910261008,4,0.0,376,2,4,0,2,0,8
1079.0795109970204,4,0.0,377,1,5,0,0,2,8
1080.0896792120184,4,19.0,384,1,4,0,1,2,8
1081.1032070729998,4,0.0,385,1,4,0,1,2,8
1082.1183800430153,4,0.0,382,3,4,0,0,1,8
1083.1316420680087,4,50.0,382,3,3,2,0,0,8
1084.146198870003,4,47.25,382,1,2,5,0,0,8
1085.156773316994,4,69.5,384,1,2,2,3,0,8
1086.1664248830057,4,47.25,384,1,2,1,4,0,8
1087.1796644720016,4,23.5,387,1,2,1,4,0,8
1088.1861698800058,4,23.25,383,5,1,2,0,0,8
1089.2002051000018,4,32.0,384,5,2,1,0,0,8
1090.2136725390155,4,25.0,385,2,3,3,0,0,8
1091.2251520249993,4,37.75,387,2,3,1,1,1,8
1092.239146641019,4,0.0,388,2,3,0,2,1,8
1093.2531942630012,4,0.0,391,2,3,0,2,1,8
1094.2647423000017,4,0.0,392,2,3,0,2,1,8
1095.2728958450025,4,0.0,391,3,1,2,0,2,8
1096.2860798220208,4,24.25,390,4,2,0,1,1,8
1097.3079598449985,4,11.25,391,6,2,0,0,0,8
1098.3216082010185,4,0.25,392,1,5,1,1,0,8
1099.3331807510112,4,1.0,391,1,3,3,1,0,8
1100.3444182499952,4,51.5,391,1,3,3,0,1,8
1101.3586430770229,4,70.5,391,1,3,2,1,1,8
1102.3720957619953,4,47.0,391,1,3,2,1,1,8
1103.3854782310082,4,47.0,391,2,3,2,0,1,8
1104.3990778110165,4,52.75,390,3,1,4,0,0,8
1105.4126386330172,4,24.5,389,2,3,2,1,0,8
1106.4263223730086,4,1.25,389,1,4,2,0,1,8
1107.4413701379963,4,40.75,388,1,2,5,0,0,8
1108.4553838800057,4,36.0,389,1,1,1,5,0,8
1109.4694610529987,4,23.5,389,1,1,1,5,0,8
1110.4834970590018,4,23.25,390,1,1,1,5,0,8
1111.4933652170002,4,23.0,390,1,1,1,5,0,8
1112.506852727005,4,23.5,392,1,1,1,4,1,8
1113.521098533005,4,23.5,387,5,2,0,1,0,8
1114.5341668449983,4,20.75,386,6,2,0,0,0,8
1115.5483500109985,4,24.5,388,3,2,3,0,0,8
1116.5628934660053,4,0.0,391,4,2,1,0,1,8
1117.5768718550098,4,23.75,391,3,3,2,0,0,8
1118.5906744330132,4,22.0,390,3,3,2,0,0,8
1119.6021300209977,4,25.0,392,0,3,4,0,1,8
1120.613834548014,4,48.0,394,1,1,4,0,2,8
1121.6299962000048,4,49.0,394,3,1,3,0,1,8
1122.6427357509965,4,47.5,394,3,1,2,1,1,8
1123.6564419700007,4,23.5,395,3,1,1,2,1,8
1124.668545624998,4,23.75,396,3,1,1,2,0,7
1125.6824708229979,4,24.25,395,4,1,1,0,2,8
1126.6966435050126,4,0.0,395,4,1,0,1,2,8
1127.7108560900087,4,0.0,395,4,1,0,1,2,8
1128.7244370760163,4,0.0,395,4,1,0,1,2,8
1129.7379481020034,4,0.0,396,4,1,0,1,2,8
1130.752093721996,4,0.0,397,5,2,0,0,1,8
1131.7662164180074,4,0.0,398,6,2,0,0,0,8
1132.7797868360067,4,23.5,401,2,3,3,0,0,8
1133.793113118998,4,27.25,401,1,3,2,2,0,8
1134.806671413011,4,47.0,404,1,3,2,2,0,8
1135.8208525149967,4,47.0,405,1,3,2,2,0,8
1136.8343557990156,4,47.5,407,1,3,1,3,0,8
1137.8481513440202,4,46.75,411,1,2,2,0,3,8
1138.8604141940014,4,24.5,409,4,1,2,0,1,8
1139.87389945201,4,26.0,411,3,4,1,0,0,8
1140.8882337179966,4,0.0,412,2,4,1,0,1,8
1141.9017710560001,4,10.0,416,3,2,3,0,0,8
1142.9156290249957,4,51.25,418,3,1,1,3,0,8
1143.9295379260147,4,0.0,418,3,1,0,4,0,8
1144.943770384998,4,0.0,421,3,1,0,4,0,8
1145.957831435022,4,0.0,422,3,1,0,4,0,8
1146.971230833995,4,0.0,426,3,1,0,4,0,8
1147.982047380996,4,0.0,428,3,1,0,4,0,8
1148.9963022190204,4,0.0,429,3,1,0,0,4,8
1150.0081366240047,4,0.0,426,4,2,2,0,0,8
1151.021712888003,4,35.0,427,2,3,3,0,0,8
1152.034405718994,4,0.75,426,2,2,4,0,0,8
1153.048252987006,4,72.0,426,2,1,5,0,0,8
1154.05883342601,4,47.75,426,1,1,6,0,0,8
1155.0698526189954,4,70.0,428,1,1,5,1,0,8
1156.0838716709986,4,47.5,432,1,2,4,1,0,8
1157.097482039011,4,71.25,433,1,2,4,1,0,8
1158.1100591620198,4,70.75,433,1,2,4,1,0,8
1159.123659924022,4,23.75,436,1,2,1,0,4,8
1160.1361582990212,4,4.25,433,5,2,1,0,0,8
1161.1497840970114,4,23.0,435,5,0,3,0,0,8
1162.1630410120124,4,46.5,435,5,0,2,1,0,8
1163.1753374600084,4,23.25,436,5,0,1,2,0,8
1164.1884240859945,4,23.25,436,5,0,1,2,0,8
1165.2027309350087,4,23.0,436,5,0,1,2,0,8
1166.2166503439948,4,23.0,436,5,0,1,2,0,8
1167.2304933569976,4,22.75,437,5,0,0,3,0,8
1168.2441599140002,4,0.0,437,4,1,0,3,0,8
1169.2577334880189,4,0.0,439,2,3,0,0,3,8
1170.2673069800076,4,0.0,436,3,4,1,0,0,8
1171.2812282380182,4,39.5,437,0,4,3,0,1,8
1172.29484317702,4,47.0,439,0,3,0,3,2,8
1173.3214850780205,4,0.0,438,1,2,1,0,4,8
1174.3351691870193,4,0.0,434,5,2,0,0,1,8
1175.3488679620204,4,0.0,433,2,3,3,0,0,8
1176.3601593420026,4,25.0,433,1,2,4,0,0,7
1177.3728251260181,4,47.25,434,1,2,3,1,0,7
1178.3868985120207,4,1.25,433,3,2,3,0,0,8
1179.4000018990191,4,26.25,433,3,2,1,2,0,8
1180.413433662994,4,23.75,433,3,2,1,0,2,8
1181.4224450530019,4,24.0,431,2,4,2,0,0,8
1182.4333676389942,4,46.5,432,2,4,1,1,0,8
1183.446980281995,4,0.0,433,2,4,0,2,0,8
1184.4609859210032,4,0.0,434,2,4,0,2,0,8
1185.4775861020025,4,0.0,434,2,4,0,2,0,8
1186.4893147110124,4,0.0,434,2,4,0,2,0,8
1187.5033560850134,4,1.0,434,2,3,1,0,1,7
1188.517365497013,4,23.5,434,1,4,3,0,0,8
1189.5307388020155,4,25.25,436,1,3,1,2,1,8
1190.5442185870197,4,23.5,437,1,2,2,2,1,8
1191.558802967018,4,46.5,438,1,2,1,2,2,8
1192.5723169080156,4,46.75,434,5,1,2,0,0,8
1193.5866578580171,4,47.0,434,0,4,4,0,0,8
1194.5930600270221,4,49.0,437,0,2,6,0,0,8
1195.6049853680015,4,70.75,438,0,2,3,3,0,8
1196.61947684802,4,71.25,438,0,2,3,3,0,8
1197.6337197080138,4,23.25,439,0,2,1,5,0,8
1198.6477949359978,4,47.0,438,3,1,1,1,2,8
1199.6622139500105,4,24.0,435,5,2,1,0,0,8
1200.6755585420178,4,68.0,436,0,3,3,0,2,8
1201.6894906650123,4,8.75,432,3,3,2,0,0,8
1202.703365303023,4,16.5,432,2,3,3,0,0,8
1203.716638686019,4,45.5,432,2,3,1,2,0,8
1204.7306527490146,4,23.5,432,2,3,1,2,0,8
1205.7446191740164,4,23.5,432,2,3,1,2,0,8
1206.7558448040218,4,23.5,434,2,3,1,2,0,8
1207.7694110450102,4,23.5,435,2,3,1,2,0,8
1208.7829890809953,4,23.25,435,2,3,1,2,0,8
1209.7969628320134,4,23.25,435,2,2,1,3,0,8
1210.8094495660043,4,23.5,435,2,1,2,0,3,8
1211.8204922059958,4,23.25,432,2,3,2,0,1,8
1212.8343406710192,4,0.0,433,1,4,2,0,1,8
1213.8481065870146,4,44.25,433,2,4,1,1,0,8
1214.8613272450166,4,23.75,433,2,4,1,1,0,8
1215.8790515260189,4,11.25,435,1,3,3,0,1,8
1216.893309135019,4,21.25,434,2,3,2,1,0,8
1217.9043053580099,4,11.5,434,2,2,1,1,2,8
1218.9180627030146,4,0.0,434,2,2,0,2,2,8
1219.9315964440175,4,0.0,435,2,2,0,2,2,8
1220.9615932190209,4,0.0,435,2,1,1,0,3,7
1221.973421961011,4,23.0,436,2,1,1,0,3,7
1222.9872602040123,4,23.25,437,2,1,1,0,3,7
1224.000613576005,4,23.25,438,2,1,1,0,3,7
1225.0129937159945,4,23.25,438,2,1,1,0,3,7
1226.0252763919998,4,23.0,438,2,1,1,0,3,7
1227.0355182370113,4,23.0,435,2,4,1,0,0,7
1228.049562058004,4,0.0,435,3,4,0,0,1,8
1229.0629996719945,4,0.0,434,4,2,2,0,0,8
1230.0741635560116,4,24.25,432,4,3,1,0,0,8
1231.0876813860086,4,22.0,433,2,3,2,0,1,8
1232.0993279230024,4,23.75,434,2,3,1,1,1,8
1233.1100856580015,4,23.5,436,2,3,1,1,0,7
1234.1192769710033,4,17.0,437,2,3,0,2,0,7
1235.131696076016,4,25.0,434,3,3,2,0,0,8
1236.1425205310225,4,24.25,435,2,3,2,0,1,8
1237.148918471008,4,23.0,433,4,2,1,0,1,8
1238.1621124010126,4,23.25,433,3,3,2,0,0,8
1239.1759669010062,4,24.25,433,3,3,1,1,0,8
1240.1898878020002,4,23.5,434,3,3,1,1,0,8
1241.2033671509998,4,23.5,434,3,3,1,1,0,8
1242.2174004690023,4,23.5,434,3,3,1,1,0,8
1243.2311400409963,4,23.25,435,2,4,1,0,1,8
1244.2448845769977,4,23.0,434,3,4,1,0,0,8
1245.2691077800118,4,23.0,435,2,4,1,1,0,8
1246.282769595011,4,0.0,436,2,4,0,0,2,8
1247.2966043699998,4,0.0,437,2,4,0,0,2,8
1248.3055444190104,4,0.0,435,4,2,1,1,0,8
1249.3134376990201,4,14.5,434,1,5,2,0,0,8
1250.327207438997,4,23.25,433,2,5,1,0,0,8
1251.3406823670084,4,23.5,433,2,5,1,0,0,8
1252.355123198009,4,48.5,433,2,3,3,0,0,8
1253.3682510880171,4,47.0,434,2,3,2,1,0,8
1254.3822147870087,4,47.0,435,1,4,2,0,1,8
1255.3963805420208,4,47.0,434,2,5,1,0,0,8
1256.4100271740172,4,23.5,434,3,5,0,0,0,8
1257.4242016030184,4,12.25,434,3,4,0,1,0,8
1258.4373128980224,4,0.0,433,1,5,2,0,0,8
1259.451655470999,4,23.5,434,1,5,0,2,0,8
1260.4654364470043,4,0.0,436,1,5,0,2,0,8
1261.4786080520134,4,0.0,436,1,5,0,2,0,8
1262.4921267790196,4,0.0,437,1,5,0,2,0,8
1263.505960022012,4,0.0,437,1,5,0,2,0,8
1264.5189193520055,4,0.0,440,1,5,0,2,0,8
1265.5327812460018,4,0.0,440,1,5,0,0,2,8
1266.5469185410184,4,1.0,438,2,5,0,1,0,8
1267.5606407120067,4,0.0,437,2,5,0,0,1,8
1268.5719717979955,4,0.0,437,2,5,1,0,0,8
1269.5831982780073,4,24.25,438,2,5,1,0,0,8
1270.5974236410111,4,0.0,439,2,3,1,0,2,8
1271.6082707530004,4,24.0,438,3,2,0,2,1,8
1272.6221998330147,4,0.0,439,4,2,0,0,2,8
1273.6356416940107,4,0.0,438,5,2,0,0,1,8
1274.6509403260134,4,0.0,437,6,2,0,0,0,8
1275.6646944120002,4,0.0,438,6,2,0,0,0,8
1276.678419072996,4,0.0,439,5,2,1,0,0,8
1277.6922588120215,4,0.0,440,1,4,3,0,0,8
1278.7032579230145,4,46.5,440,1,4,3,0,0,8
1279.717385172,4,23.25,441,1,3,3,0,1,8
1280.7298163369996,4,46.5,442,1,3,3,0,1,8
1281.7458700670104,4,47.0,443,1,3,3,0,1,8
1282.7587247890187,4,46.75,446,1,3,3,0,1,8
1283.7722994910146,4,46.25,446,1,3,3,0,1,8
1284.8027709099988,4,23.25,448,1,3,1,2,1,8
1285.8166314730188,4,25.0,449,1,2,1,0,4,8
1286.830599606008,4,0.0,446,4,1,3,0,0,8
1287.8441618760116,4,48.0,446,0,1,7,0,0,8
1288.863645150006,4,70.0,445,1,1,6,0,0,8
1289.8777824570134,4,64.0,447,1,0,6,1,0,8
1290.8913537400076,4,72.25,447,0,1,3,3,0,7
1291.9054247080057,4,70.0,447,1,1,3,3,0,8
1292.9190804100072,4,70.25,447,1,1,3,3,0,8
1293.932749020023,4,41.5,448,1,1,2,1,1,6
1294.9471368550148,4,45.75,446,4,0,2,1,0,7
1295.9680590550124,4,23.5,446,4,2,1,1,0,8
1296.977131059015,4,23.5,445,2,4,1,0,1,8
1297.990984499018,4,10.5,444,2,3,2,0,1,8
1299.0027459319972,4,16.75,441,5,3,0,0,0,8
1300.0145336849964,4,25.0,441,2,4,2,0,0,8
1301.0282960470067,4,23.5,441,2,4,2,0,0,8
1302.042610266013,4,23.5,442,2,4,2,0,0,8
1303.0565181060228,4,23.5,443,2,4,2,0,0,8
1304.0702469550015,4,23.25,444,2,4,2,0,0,8
1305.0788550840225,4,44.5,446,0,5,3,0,0,8
1306.0929061660136,4,20.0,447,1,2,5,0,0,8
1307.1063978400198,4,71.0,447,0,3,5,0,0,8
1308.120211475005,4,92.75,448,0,2,4,2,0,8
1309.1335699320189,4,31.75,448,0,2,1,5,0,8
1310.1517677710217,4,0.0,447,1,2,0,0,5,8
1311.1646319800057,4,0.0,444,4,4,0,0,0,8
1312.1785907640005,4,23.5,445,1,4,3,0,0,8
1313.1922742199968,4,55.0,445,0,3,5,0,0,8
1314.2061383480032,4,90.5,444,1,1,5,1,0,8
1315.2176776420092,4,74.25,444,1,1,5,0,1,8
1316.2313511930115,4,70.5,446,1,1,4,1,1,8
1317.2443472279992,4,60.0,449,1,1,2,3,1,8
1318.256566940021,4,46.75,446,4,2,2,0,0,8
1319.2678076230222,4,60.75,446,1,4,3,0,0,8
1320.2782996360038,4,67.5,446,0,4,4,0,0,8
1321.2891650290112,4,94.25,447,0,4,3,1,0,8
1322.3030082260084,4,23.25,448,0,4,1,3,0,8
1323.3166378220194,4,23.75,450,0,4,1,3,0,8
1324.3304843880178,4,23.75,451,0,3,1,4,0,8
1325.3447307349998,4,23.5,453,0,1,3,2,2,8
1326.3582872640109,4,70.75,451,3,1,3,0,1,8
1327.372223326005,4,47.25,452,3,1,1,2,1,8
1328.3864707410103,4,22.25,452,3,1,1,2,1,8
1329.4002193009946,4,23.5,453,3,1,1,2,1,8
1330.414258400997,4,23.5,458,3,1,1,2,1,8
1331.4274903130135,4,23.25,458,3,1,1,2,1,8
1332.4392880109954,4,23.25,455,5,2,0,1,0,8
1333.453175992996,4,0.0,456,5,2,0,1,0,8
1334.4653647990199,4,23.25,462,3,3,1,0,1,8
1335.479062885017,4,32.0,464,3,1,3,0,1,8
1336.4929444650188,4,33.5,464,1,2,3,0,2,8
1337.5063803320227,4,47.0,466,1,2,3,0,2,8
1338.5201071519987,4,71.25,468,1,2,3,0,2,8
1339.5327988869976,4,69.5,468,1,1,3,1,2,8
1340.5436478549964,4,71.0,472,1,1,3,1,2,8
1341.5547400020005,4,46.75,471,3,1,3,0,1,8
1342.5636338850018,4,46.5,473,3,1,2,1,1,8
1343.5771253560088,4,47.25,476,4,1,0,0,3,8
1344.5907269290183,4,0.25,473,7,1,0,0,0,8
1345.6043580810074,4,0.0,473,7,1,0,0,0,8
1346.6181420590146,4,0.0,473,7,1,0,0,0,8
1347.6289353070024,4,0.0,476,7,1,0,0,0,8
1348.6430290999997,4,21.75,478,5,2,1,0,0,8
1349.6565434070071,4,23.5,478,5,2,1,0,0,8
1350.670844822016,4,23.25,479,5,2,1,0,0,8
1351.685297042015,4,23.25,482,5,2,1,0,0,8
1352.698906997015,4,23.5,484,5,2,1,0,0,8
1353.712874067016,4,23.5,486,5,2,1,0,0,8
1354.7263119280105,4,23.0,487,0,6,2,0,0,8
1355.7401103050215,4,47.25,489,0,5,2,1,0,8
1356.7522383290052,4,34.5,492,0,5,1,2,0,8
1357.7661932189949,4,23.5,493,0,5,1,2,0,8
1358.779727584013,4,34.75,492,2,3,3,0,0,8
1359.793581203994,4,36.75,493,2,3,2,1,0,8
1360.804082548013,4,25.0,492,2,2,4,0,0,8
1361.8172622889979,4,53.5,492,0,2,6,0,0,8
1362.8309330799966,4,30.25,492,1,0,5,1,1,8
1363.838277325005,4,94.5,494,1,0,4,2,1,8
1364.852240082022,4,46.5,497,1,0,3,2,2,8
1365.8657046940061,4,47.5,498,1,0,2,3,2,8
1366.8791439610068,4,24.25,499,1,0,2,3,2,8
1367.8928647270077,4,24.5,499,1,0,2,2,3,8
1368.9066082880017,4,24.25,496,5,1,2,0,0,8
1369.9206433890213,4,24.25,498,0,4,3,0,1,8
1370.9342770100047,4,35.0,498,0,4,1,2,1,8
1371.9478415960039,4,23.5,498,0,4,1,2,1,8
1372.9592978169967,4,23.5,498,1,3,1,3,0,8
1373.9862041409942,4,23.25,499,1,3,1,3,0,8
1375.00215975201,4,23.5,501,1,3,1,3,0,8
1376.0161608449998,4,0.0,502,1,3,0,4,0,8
1377.0261266680027,4,0.0,502,1,3,0,4,0,8
1378.0396033379948,4,0.0,502,1,3,0,4,0,8
1379.0534533000027,4,0.0,503,1,3,0,4,0,8
1380.068987694016,4,0.0,505,1,3,0,2,2,8
1381.0823468430026,4,0.0,507,1,2,1,0,4,8
1382.0965048770013,4,0.0,506,3,2,0,1,2,8
1383.1042325960007,4,0.0,504,6,2,0,0,0,8
1384.118132454023,4,0.0,504,6,2,0,0,0,8
1385.1309503290104,4,0.0,504,6,2,0,0,0,8
1386.1451327560062,4,0.0,506,6,2,0,0,0,8
1387.1541603000078,4,0.0,510,5,3,0,0,0,8
1388.1652290810016,4,47.75,511,0,3,5,0,0,8
1389.1777611669968,4,53.25,511,2,2,4,0,0,8
1390.1914613840054,4,46.5,515,2,1,5,0,0,8
1391.2022716680076,4,69.25,515,2,1,3,2,0,8
1392.2156930600177,4,23.0,519,0,2,3,3,0,8
1393.229823212023,4,47.25,521,2,2,3,0,1,8
1394.2431075460045,4,24.25,523,1,3,4,0,0,8
1395.2569491740142,4,60.75,524,0,2,6,0,0,8
1396.2708236089966,4,69.5,524,0,1,6,1,0,8
1397.2844705769967,4,70.75,524,0,1,5,2,0,8
1398.298489146022,4,95.0,525,0,1,4,3,0,8
1399.3119640450168,4,71.25,525,0,1,3,3,1,8
1400.3259361429955,4,70.5,527,2,1,2,0,2,7
1401.3397370620223,4,46.5,528,2,1,2,0,2,7
1402.3535383470007,4,23.25,529,2,1,1,1,2,7
1403.3679454420053,4,23.25,530,2,1,0,2,2,7
1404.3815647670126,4,0.0,531,2,1,0,2,2,7
1405.3960990750056,4,0.0,531,2,1,0,2,2,7
1406.409968351014,4,0.0,528,5,1,0,2,0,8
1407.423701637017,4,3.0,528,6,1,0,0,0,7
1408.4360411369998,4,23.5,529,2,3,3,0,0,8
1409.4456499490188,4,49.5,529,0,5,3,0,0,8
1410.459343953,4,70.5,529,0,5,3,0,0,8
1411.4727951569948,4,47.0,529,0,3,4,1,0,8
1412.4866801350145,4,72.25,531,0,3,3,2,0,8
1413.4979840680026,4,46.5,531,2,2,2,0,2,8
1414.511860529019,4,20.25,532,2,2,1,1,2,8
1415.525345897011,4,23.5,530,3,4,0,0,1,8
1416.5392562210036,4,0.0,529,4,4,0,0,0,8
1417.5513007060217,4,0.0,531,3,4,1,0,0,8
1418.5649691770086,4,25.0,532,2,4,2,0,0,8
1419.5786951199989,4,48.25,533,2,4,2,0,0,8
1420.5925875820103,4,46.25,533,2,3,3,0,0,8
1421.6066770440084,4,46.5,534,2,3,3,0,0,8
1422.6201834930107,4,46.75,535,2,3,3,0,0,8
1423.6341535650135,4,59.75,537,2,2,4,0,0,8
1424.647803536005,4,71.5,537,2,1,5,0,0,8
1425.6616914510087,4,71.0,537,2,1,4,1,0,8
1426.6757777850144,4,70.25,540,2,1,2,3,0,8
1427.6896057029953,4,23.5,540,2,1,1,4,0,8
1428.703239933995,4,23.5,541,2,1,1,4,0,8
1429.715774198994,4,24.25,540,3,1,1,0,3,8
1430.7292957559985,4,0.0,542,4,3,0,0,1,8
1431.7434379759943,4,25.5,545,1,4,2,0,0,7
1432.756990599999,4,22.0,547,1,3,3,0,1,8
1433.7713006830018,4,82.75,546,0,2,6,0,0,8
1434.7849372290075,4,69.0,547,0,2,6,0,0,8
1435.7962839880201,4,94.5,549,0,2,4,2,0,8
1436.8097310080193,4,70.0,554,0,2,4,2,0,8
1437.8248894000135,4,71.0,555,0,1,4,3,0,8
1438.8389715030207,4,69.25,556,3,1,3,0,1,8
1439.8513251469994,4,70.75,556,4,0,3,0,1,8
1440.8654943820147,4,37.0,557,3,2,3,0,0,8
1441.8766477910103,4,48.5,557,1,2,4,0,1,8
1442.8913510840212,4,58.25,558,1,1,5,0,1,8
1443.9025228350074,4,46.75,561,1,1,4,1,1,8
1444.91559628502,4,70.5,562,1,1,3,2,1,8
1445.926582148997,4,70.5,563,1,1,3,2,1,8
1446.9377415580093,4,71.25,567,1,1,3,2,1,8
1447.9476635910105,4,70.25,568,2,2,3,0,1,8
1448.9609359379974,4,46.25,568,3,1,1,3,0,8
1449.975465754018,4,23.5,569,3,1,1,3,0,8
1450.990440373018,4,23.0,569,3,1,0,4,0,8
1452.0047372490226,4,0.0,573,3,1,0,4,0,8
1453.0296773110167,4,0.0,575,3,1,0,4,0,8
1454.0423251530156,4,0.0,578,3,1,0,4,0,8
1455.052675273997,4,0.0,580,3,1,0,4,0,8
1456.066113236011,4,0.0,581,3,1,0,0,4,8
1457.0796888690093,4,0.0,578,4,4,0,0,0,8
1458.091767128004,4,0.0,578,2,6,0,0,0,8
1459.1047575859993,4,0.0,580,2,5,1,0,0,8
1460.1184724020131,4,47.25,580,2,4,2,0,0,8
1461.1322936200013,4,47.0,580,2,4,2,0,0,8
1462.1430005580187,4,47.0,580,2,4,2,0,0,8
1463.1569202470127,4,71.75,580,0,4,4,0,0,8
1464.1707717330137,4,46.75,583,0,4,3,0,1,8
1465.1905791480094,4,25.0,587,1,3,4,0,0,8
1466.2036915729987,4,47.0,588,1,2,4,0,1,8
1467.215836614021,4,82.5,589,1,0,5,1,1,8
1468.2455505940015,4,71.0,591,1,0,4,2,1,8
1469.2544956560014,4,71.0,592,1,0,3,3,0,7
1470.2680915460223,4,47.5,592,1,0,3,3,0,7
1471.2824120029982,4,46.75,589,4,0,2,0,2,8
1472.2960433170083,4,23.75,589,4,0,1,1,2,8
1473.309614894999,4,0.0,588,4,0,1,0,3,8
1474.3231566470058,4,23.75,591,5,1,2,0,0,8
1475.3369075749943,4,48.25,594,1,3,4,0,0,8
1476.3509681040014,4,70.5,594,1,3,4,0,0,8
1477.3613568440196,4,70.75,597,1,3,3,1,0,8
1478.374966767995,4,46.25,598,1,3,3,1,0,8
1479.3871482850227,4,46.25,600,1,3,3,1,0,8
1480.4013996320136,4,24.25,602,1,3,2,2,0,8
1481.4123685600061,4,23.25,602,1,3,2,2,0,8
1482.4262504390208,4,24.0,603,1,3,0,4,0,8
1483.4405793299957,4,0.0,603,1,3,0,4,0,8
1484.4543711770093,4,0.0,603,0,4,0,3,1,8
1485.4682940000203,4,0.0,606,0,4,0,3,1,8
1486.4819570360123,4,0.0,608,0,4,0,3,1,8
1487.4941978330025,4,5.5,605,4,1,3,0,0,8
1488.5057028600131,4,36.75,605,0,3,5,0,0,8
1489.5129614300095,4,47.5,606,0,3,5,0,0,8
1490.5267403460166,4,70.75,607,0,3,5,0,0,8
1491.540006138006,4,91.75,607,0,2,4,2,0,8
1492.5522685949982,4,71.25,607,0,2,4,2,0,8
1493.5640609060065,4,70.5,608,0,2,4,2,0,8
1494.5782685379963,4,47.0,608,2,1,5,0,0,8
1495.5921340660134,4,70.0,609,1,1,6,0,0,8
1496.6060839070124,4,0.0,609,0,2,3,3,0,8
1497.6200968449994,4,46.75,610,0,2,3,3,0,8
1498.633748398017,4,47.5,610,0,2,1,5,0,8
1499.6479582030152,4,23.25,607,5,2,1,0,0,8
1500.6615682420088,4,0.0,607,5,2,0,1,0,8
1501.6761840750114,4,0.0,607,6,1,1,0,0,8
1502.6902225250087,4,23.25,608,6,1,1,0,0,8
1503.7038672729977,4,23.25,608,4,3,1,0,0,8
1504.718085075001,4,11.25,608,2,4,2,0,0,8
1505.7300626070064,4,46.5,608,2,4,2,0,0,8
1506.744199556997,4,46.75,610,2,4,2,0,0,8
1507.7582703969965,4,46.0,611,2,4,1,1,0,8
1508.7721264040156,4,23.25,613,2,4,0,2,0,8
1509.786165062018,4,0.0,613,2,4,0,2,0,8
1510.799675193004,4,0.0,614,2,4,0,2,0,8
1511.8135228799947,4,0.0,614,2,4,0,2,0,8
1512.8261136380024,4,23.25,614,0,5,1,0,2,8
1513.840284342994,4,23.25,614,0,5,1,0,2,8
1514.8530004050117,4,47.5,614,0,4,2,0,1,7
1515.866388110997,4,47.5,614,0,3,3,0,1,7
1516.8802906300116,4,73.0,614,2,3,3,0,0,8
1517.893825962994,4,69.5,616,2,3,1,2,0,8
1518.9077103770105,4,23.75,617,2,3,1,0,2,8
1519.9218206680089,4,25.0,615,4,2,2,0,0,8
1520.932175887021,4,23.0,618,4,2,2,0,0,8
1521.9454953760142,4,47.5,618,4,1,2,1,0,8
1522.9589662430226,4,47.5,618,4,1,2,1,0,8
1523.9728459860198,4,23.25,618,4,1,1,2,0,8
1524.9865244230023,4,23.5,620,4,1,1,2,0,8
1526.0028638899967,4,24.25,621,4,1,1,2,0,8
1527.0167603620212,4,23.5,618,6,1,1,0,0,8
1528.0241186490166,4,34.5,618,3,3,2,0,0,8
1529.0377434190013,4,46.75,620,0,4,4,0,0,8
1530.0501176440157,4,71.5,622,0,1,7,0,0,8
1531.0636983470176,4,93.75,624,0,1,6,1,0,8
1532.0777402509993,4,47.5,623,1,1,4,2,0,8
1533.088363007002,4,94.75,624,1,1,4,2,0,8
1534.1023099360173,4,94.0,625,1,1,4,2,0,8
1535.1159792680119,4,94.75,626,1,1,3,3,0,8
1536.1299866420159,4,47.25,626,1,1,2,4,0,8
1537.1430030650226,4,0.0,626,1,1,0,6,0,8
1538.156542080018,4,0.0,628,1,1,0,6,0,8
1539.169861627015,4,0.0,628,1,1,0,6,0,8
1540.1816727190162,4,0.0,630,1,1,0,5,1,8
1541.1960294260061,4,0.0,631,1,0,1,0,6,8
1542.2097136910015,4,0.0,625,6,0,2,0,0,8
1543.2229805469979,4,55.75,625,0,3,5,0,0,8
1544.2340799990052,4,71.0,628,0,3,4,1,0,8
1545.2462916540098,4,94.75,628,0,3,4,1,0,8
1546.2600777879998,4,94.5,629,0,3,2,3,0,8
1547.2709526340186,4,63.25,630,0,2,2,4,0,8
1548.2848097039969,4,47.75,627,3,1,3,0,1,8
1549.2974887920136,4,44.25,626,4,1,3,0,0,8
1550.3098863170017,4,19.0,627,0,3,5,0,0,8
1551.32344156201,4,69.5,632,0,3,4,1,0,8
1552.3377698819968,4,70.25,632,0,3,3,2,0,8
1553.352031871007,4,33.0,634,0,2,2,3,1,8
1554.3655549730174,4,47.25,634,0,2,1,4,1,8
1555.3796953959973,4,3.5,631,5,1,2,0,0,8
1556.3936245340155,4,23.5,634,0,3,5,0,0,8
1557.4057702720165,4,54.5,634,1,2,5,0,0,8
1558.4163548719953,4,70.0,635,1,1,6,0,0,8
1559.4275989900052,4,94.0,638,1,1,6,0,0,8
1560.4412352440122,4,94.75,639,1,1,5,1,0,8
1561.457382780005,4,94.75,640,1,1,5,1,0,8
1562.4694413609977,4,95.25,642,1,1,4,2,0,8
1563.4999461990083,4,80.75,643,1,1,2,4,0,8
1564.5140603470209,4,23.25,644,1,1,2,4,0,8
1565.5242457150016,4,23.25,644,1,1,0,0,6,8
1566.5411576960178,4,0.0,644,1,1,0,0,6,8
1567.5552418820153,4,0.0,646,1,1,0,0,6,8
1568.5686163710197,4,0.0,649,1,1,0,0,6,8
1569.5802267219988,4,0.0,650,1,1,0,0,6,8
1570.5936800120107,4,0.0,650,1,1,0,0,6,8
1571.603551970009,4,0.0,651,1,1,0,0,0,2
1572.6120284509961,4,0.0,646,7,1,0,0,0,8
1573.625884928013,4,0.0,646,7,0,1,0,0,8
1574.6400656000187,4,54.75,646,0,4,4,0,0,8
1575.6536556509964,4,69.5,649,0,1,7,0,0,8
1576.6667628030118,4,96.75,649,0,0,7,1,0,8
1577.6789479580184,4,94.0,652,0,0,6,2,0,8
1578.706391240994,4,95.25,653,0,0,5,3,0,8
1579.720311180019,4,70.75,654,0,0,4,4,0,8
1580.734316543996,4,69.5,655,0,0,4,4,0,8
1581.749842153018,4,71.75,655,0,0,4,0,4,8
1582.7638626359985,4,23.25,650,5,0,3,0,0,8
1583.7776064290083,4,0.0,649,2,3,2,0,1,8
1584.791372150008,4,0.0,651,2,2,2,1,1,8
1585.8043801519962,4,47.5,650,3,1,3,0,1,8
1586.8193930179987,4,98.0,651,1,0,6,0,1,8
1587.8335049489979,4,93.5,652,1,0,5,1,0,7
1588.8472159450175,4,52.25,651,1,1,5,0,1,8
1589.8609742090048,4,70.75,652,1,1,4,1,1,8
1590.8743453610223,4,71.0,653,1,1,4,1,1,8
1591.8861619130184,4,71.0,655,1,1,3,2,1,8
1592.9000419660006,4,47.25,656,1,1,2,3,1,8
1593.9137147000001,4,23.5,658,1,1,0,5,1,8
1594.9223909059947,4,0.0,660,1,1,0,5,1,8
1595.9367215340026,4,0.0,660,1,1,0,5,0,7
1596.9506196420116,4,0.0,659,2,1,0,0,5,8
1597.9631260200113,4,0.0,654,5,2,1,0,0,8
1598.9775484710117,4,24.25,654,5,1,2,0,0,8
1599.9917363980203,4,48.0,657,5,1,2,0,0,8
1601.0056340570154,4,48.25,657,5,1,2,0,0,8
1602.0197316900012,4,47.0,659,5,1,2,0,0,8
1603.0334161719948,4,46.75,659,0,4,4,0,0,8
1604.0448662920098,4,47.5,661,0,1,7,0,0,8
1605.0580782199977,4,95.25,661,0,0,8,0,0,8
1606.0719956020184,4,72.0,662,0,0,7,1,0,8
1607.0885278700152,4,93.5,664,0,0,6,2,0,8
1608.1026271830196,4,94.75,664,0,0,6,2,0,8
1609.1164798280224,4,94.75,666,0,0,6,2,0,8
1610.129032990022,4,93.75,667,1,0,3,1,2,7
1611.1431916620058,4,70.5,665,5,0,3,0,0,8
1612.1574645810178,4,0.0,667,1,3,1,0,3,8
1613.170889643021,4,0.0,667,1,3,1,0,3,8
1614.1850686270045,4,23.5,669,2,3,1,0,2,8
1615.1934094990138,4,23.5,671,4,0,4,0,0,8
1616.206605747022,4,95.0,672,4,0,4,0,0,8
1617.2204064280086,4,70.75,675,4,0,3,0,1,8
1618.233781568997,4,71.0,675,4,0,3,0,1,8
1619.2470946740068,4,71.5,675,4,0,3,0,1,8
1620.2613941650197,4,47.75,676,4,0,0,3,1,8
1621.2747481990082,4,0.0,677,4,0,0,3,1,8
1622.2857921039977,4,0.0,678,4,0,0,3,1,8
1623.2957632949983,4,0.0,681,4,0,0,3,1,8
1624.309309691016,4,0.0,683,4,0,0,3,1,8
1625.3227356279967,4,0.0,684,3,0,1,0,4,8
1626.3368825700018,4,0.0,685,3,3,1,0,1,8
1627.3502209210128,4,23.5,686,4,1,3,0,0,8
1628.3638420689967,4,46.75,686,1,2,4,1,0,8
1629.3772450850229,4,93.25,687,1,2,4,1,0,8
1630.3891859530122,4,82.75,690,1,1,5,0,1,8
1631.4009707310179,4,94.0,690,1,1,5,0,1,8
1632.414529842994,4,92.75,693,1,1,4,1,0,7
1633.4273988369969,4,70.25,695,1,1,4,1,0,7
1634.4435261040053,4,70.5,694,1,2,4,0,1,8
1635.4573026300059,4,25.0,692,1,3,2,1,1,8
1636.4692146060115,4,1.75,690,3,3,1,0,0,7
1637.4806191220123,4,25.75,689,1,5,2,0,0,8
1638.4924042480125,4,31.75,689,0,4,4,0,0,8
1639.5042147670174,4,46.75,689,0,4,3,1,0,8
1640.5184315950028,4,24.5,689,1,2,5,0,0,8
1641.5319579540228,4,94.75,689,1,1,6,0,0,8
1642.5458240910084,4,93.75,690,1,1,5,1,0,8
1643.55934186402,4,95.25,690,1,1,4,2,0,8
1644.5695014240046,4,69.5,692,1,1,3,3,0,8
1645.5831559259968,4,46.75,696,2,1,3,0,2,8
1646.595704191015,4,70.0,696,4,1,2,0,1,8
1647.6093988460198,4,23.75,698,4,1,0,2,1,8
1648.623244827002,4,0.0,698,4,1,0,2,1,8
1649.6373845780035,4,0.0,699,4,1,0,2,1,8
1650.651189274009,4,0.0,703,4,1,0,2,1,8
1651.6646707229957,4,0.0,704,4,1,0,2,1,8
1652.6775281990122,4,0.0,704,4,1,0,2,1,8
1653.6912186900154,4,0.0,708,4,1,0,2,1,8
1654.7051981000113,4,0.0,711,4,1,0,2,1,8
1655.7188384089968,4,0.0,715,4,1,0,0,1,6
1656.732186630019,4,47.0,714,2,4,1,0,1,8
1657.7461751160154,4,0.0,713,1,5,2,0,0,8
1658.7601575640147,4,47.0,716,1,5,2,0,0,8
1659.774221471016,4,46.75,717,1,5,2,0,0,8
1660.7880539030011,4,47.0,719,1,4,2,1,0,8
1661.8002652860014,4,39.0,721,1,3,3,0,1,8
1662.811535542016,4,25.0,722,0,4,3,0,1,8
1663.8246647860215,4,47.75,722,1,3,4,0,0,8
1664.8384327150125,4,94.0,722,1,1,6,0,0,8
1665.8499881470052,4,61.0,724,1,1,6,0,0,8
1666.86246691001,4,52.0,725,2,0,3,3,0,8
1667.8723035239964,4,47.5,725,2,0,3,3,0,8
1668.8846201850101,4,47.0,726,2,0,2,4,0,8
1669.9103295069945,4,47.0,726,1,1,2,0,4,8
1670.9237417620025,4,10.0,723,5,1,2,0,0,8
1671.9331787010015,4,22.75,724,4,1,2,1,0,8
1672.9466060140112,4,26.0,725,0,3,3,0,0,6
1673.9597234230023,4,28.0,724,3,0,3,1,1,8
1674.973609793,4,48.0,723,3,1,2,1,1,8
1675.987245418015,4,46.5,725,3,1,1,2,1,8
1677.0014969129988,4,24.0,726,3,1,1,2,1,8
1678.015395370021,4,23.75,727,3,1,1,2,1,8
1679.0257323569967,4,23.25,729,3,1,1,2,1,8
1680.0395453899982,4,6.25,729,3,1,0,3,1,8
1681.0517601190077,4,0.0,730,3,1,0,3,1,8
1682.0621981650183,4,0.0,730,3,1,0,3,1,8
1683.0739458390162,4,0.0,734,3,1,0,3,1,8
1684.0876662000082,4,0.0,735,3,1,0,2,1,7
1685.108060871018,4,0.0,737,4,1,0,0,3,8
1686.1198160950153,4,23.25,734,5,2,1,0,0,8
1687.1335327420093,4,38.5,734,0,2,4,2,0,8
1688.1472272690153,4,23.0,737,0,2,0,6,0,8
1689.1585315700213,4,0.0,737,0,2,0,5,1,8
1690.1726988459995,4,0.0,738,0,2,0,5,1,8
1691.1870020560164,4,4.0,739,3,1,1,0,3,8
1692.2006855960062,4,0.0,737,6,2,0,0,0,8
1693.2149458269996,4,24.5,742,1,3,3,1,0,8
1694.2287564630096,4,47.25,747,2,2,0,2,2,8
1695.242751547019,4,0.0,745,6,1,1,0,0,8
1696.255977533001,4,19.0,749,6,1,0,1,0,8
1697.2670909290027,4,0.0,755,6,1,0,1,0,8
1698.2804979190114,4,0.0,756,6,1,0,0,1,8
1699.2945203840209,4,0.0,757,6,0,1,0,1,8
1700.308198676008,4,4.0,757,1,1,6,0,0,8
1701.3202106420067,4,35.5,758,1,1,2,0,4,8
1702.3339812479971,4,47.25,753,6,0,1,1,0,8
1703.3480456430116,4,48.25,753,2,3,2,0,1,8
1704.3620764790103,4,23.5,754,2,3,1,1,1,8
1705.3687593399954,4,23.5,757,2,3,1,1,1,8
1706.3802682240203,4,23.5,758,2,3,1,1,1,8
1707.3940317630186,4,23.5,760,2,3,0,2,1,8
1708.4081960790209,4,0.0,762,2,3,0,2,1,8
1709.4223047340056,4,0.0,765,2,3,0,2,1,8
1710.4358264420007,4,0.0,772,1,4,0,1,2,8
1711.4486157550127,4,12.5,778,1,3,1,1,2,8
1712.4626547850203,4,38.75,777,4,1,2,1,0,8
1713.4777339860157,4,25.0,780,5,1,1,0,1,8
1714.4917280650116,4,24.0,782,5,1,0,1,1,8
1715.5013830410026,4,0.0,782,5,1,0,1,1,8
1716.5155608290224,4,0.0,784,5,1,0,1,1,8
1717.528973834007,4,0.0,785,4,1,1,1,1,8
1718.5432965380023,4,22.75,784,2,4,1,0,1,8
1719.5552991870209,4,24.5,783,3,3,1,1,0,8
1720.5694271730026,4,50.5,786,2,2,3,0,1,8
1721.5820046440058,4,0.0,789,2,3,1,0,2,8
1722.5934293050086,4,12.25,789,4,1,2,1,0,8
1723.6068338020123,4,24.75,789,4,1,2,1,0,8
1724.620721747022,4,23.5,793,4,1,1,2,0,8
1725.634485159011,4,23.5,794,4,1,1,0,2,8
1726.6483503589989,4,0.0,791,7,1,0,0,0,8
1727.6627219250076,4,0.0,791,3,3,2,0,0,8
1728.6714520090027,4,13.0,790,2,6,0,0,0,8
1729.6844058660208,4,0.0,790,2,6,0,0,0,8
1730.6984799060156,4,0.0,792,2,6,0,0,0,8
1731.7127439190226,4,0.0,795,2,6,0,0,0,8
1732.7262471879949,4,0.0,799,2,6,0,0,0,8
1733.7400411720155,4,0.0,802,2,6,0,0,0,8
1734.7535586870217,4,0.0,808,2,6,0,0,0,8
1735.7676795739972,4,0.0,812,2,5,1,0,0,8
1736.7804616180074,4,3.25,814,2,3,2,1,0,8
1737.7952516140067,4,47.5,816,2,3,1,2,0,8
1738.8072392080212,4,23.0,817,2,0,3,1,2,8
1739.823182313994,4,23.5,817,1,1,2,1,3,8
1740.836596781999,4,32.75,820,1,1,1,2,3,8
1741.850643734011,4,23.75,818,3,1,0,1,3,8
1742.8628372310195,4,0.0,815,6,1,0,0,1,8
1743.8763699750125,4,0.0,815,7,1,0,0,0,8
1744.8904500869976,4,0.0,815,7,0,1,0,0,8
1745.9042367140064,4,24.75,817,0,4,3,0,1,8
1746.9175524640013,4,23.25,816,1,4,1,1,1,8
1747.9309886789997,4,23.25,819,1,4,1,1,1,8
1748.9436250420113,4,23.5,820,1,3,2,0,2,8
1749.9548951650213,4,47.0,821,2,2,3,0,1,8
1750.9674019119993,4,23.75,820,2,1,5,0,0,8
1751.9810960180184,4,28.75,820,2,1,2,2,1,8
1752.988662495016,4,23.25,818,4,2,2,0,0,8
1754.0031440830207,4,1.25,819,4,2,1,0,1,8
1755.015911807015,4,12.0,819,5,0,3,0,0,8
1756.0296201190213,4,23.0,820,5,0,1,2,0,8
1757.0405273110082,4,23.5,820,5,0,1,2,0,8
1758.0573822000006,4,23.25,821,5,0,1,2,0,8
1759.0657493369945,4,23.5,821,5,0,1,2,0,8
1760.07718775401,4,23.75,821,5,0,1,2,0,8
1761.090928804013,4,23.5,821,5,0,1,2,0,8
1762.1027216530056,4,0.0,822,5,0,0,3,0,8
1763.1135555439978,4,0.0,822,5,0,0,3,0,8
1764.1272048350074,4,0.0,823,5,0,0,3,0,8
1765.1394807799952,4,0.0,825,5,0,0,0,3,8
1766.1526883360057,4,0.0,824,4,3,1,0,0,8
1767.1614569060039,4,0.0,824,3,4,1,0,0,8
1768.175184221007,4,47.75,824,3,2,3,0,0,8
1769.1843263340124,4,37.5,823,2,3,3,0,0,8
1770.196603073011,4,46.5,823,0,4,4,0,0,8
1771.208678045019,4,54.5,822,1,3,4,0,0,8
1772.2319176040182,4,46.5,824,1,1,4,2,0,8
1773.2446877490147,4,47.0,826,1,1,2,4,0,8
1774.258509634994,4,47.75,827,1,1,2,4,0,8
1775.2713210479997,4,47.0,828,1,1,2,0,4,8
1776.2842750360142,4,0.0,825,6,0,2,0,0,8
1777.2983093740186,4,20.0,828,3,3,1,0,1,8
1778.308070299012,4,23.5,830,3,4,1,0,0,8
1779.3216649829992,4,65.25,830,0,5,3,0,0,8
1780.3358478459995,4,24.5,833,0,3,3,1,1,8
1781.349552716012,4,46.75,835,0,3,2,2,1,8
1782.3635722020117,4,47.25,836,0,3,2,2,1,8
1783.3774314850161,4,23.5,839,0,3,1,3,1,8
1784.3912160760083,4,23.5,842,0,3,1,3,1,8
1785.4051666629966,4,24.0,843,0,3,1,3,1,8
1786.4189745040203,4,11.75,844,0,3,0,4,1,8
1787.4325616610004,4,0.0,846,0,3,0,4,1,8
1788.446378741006,4,0.0,846,0,3,0,4,1,8
1789.4600223540037,4,0.0,846,0,3,0,3,2,8
1790.474291776016,4,19.5,842,5,1,2,0,0,8
1791.4883666000096,4,5.0,843,2,5,1,0,0,8
1792.5021514779946,4,13.25,844,1,5,2,0,0,8
1793.5142868650146,4,0.25,845,1,5,0,2,0,8
1794.5278805650014,4,0.0,847,1,5,0,2,0,8
1795.5364378020167,4,0.0,850,1,5,0,2,0,8
1796.5504294809944,4,0.0,851,1,4,1,2,0,8
1797.5665290130128,4,25.0,853,2,4,1,0,1,8
1798.580042881018,4,23.5,852,3,3,2,0,0,8
1799.5938252460037,4,23.75,852,3,2,3,0,0,8
1800.6055910210125,4,5.75,852,1,4,2,0,1,8
1801.6193827399984,4,23.25,852,2,3,3,0,0,8
1802.634250522009,4,69.75,853,1,2,5,0,0,8
1803.6483272660116,4,50.25,856,1,2,5,0,0,8
1804.662056797999,4,71.0,856,1,1,3,3,0,8
1805.6755618620082,4,47.25,856,1,1,2,1,3,8
1806.6893220769998,4,47.5,857,1,1,2,1,3,8
1807.7004630260053,4,47.25,858,1,1,2,0,4,8
1808.7122855019988,4,25.0,855,4,1,2,1,0,8
1809.7256867590186,4,20.75,855,3,4,1,0,0,8
1810.739453657996,4,22.25,857,2,5,0,1,0,8
1811.7540384300228,4,0.0,858,2,5,0,1,0,8
1812.7675605569966,4,0.0,859,2,5,0,1,0,8
1813.7812101830204,4,0.0,860,2,5,0,1,0,8
1814.7953553120024,4,0.0,860,2,5,0,1,0,8
1815.8089525800024,4,0.0,861,2,5,0,1,0,8
1816.8230414910067,4,0.0,863,2,5,0,1,0,8
1817.8346270680195,4,0.0,863,2,5,0,0,1,8
1818.8483724880207,4,0.0,863,2,4,1,0,1,8
1819.8615043290192,4,23.5,866,2,4,1,0,1,8
1820.8754818680172,4,48.5,865,3,2,3,0,0,8
1821.8896382889943,4,15.25,866,1,2,5,0,0,8
1822.9025177410222,4,45.25,867,2,2,3,0,1,8
1823.9171367649978,4,69.25,867,2,2,3,0,1,8
1824.9309698060097,4,46.25,867,2,2,2,1,1,8
1825.9462184620206,4,46.25,868,2,2,3,0,1,8
1826.9593386490014,4,33.0,871,1,2,3,1,0,7
1827.9731960649951,4,47.5,870,2,2,2,1,1,8
1828.9855007890146,4,46.5,868,4,2,2,0,0,8
1829.99911548401,4,47.25,868,1,4,3,0,0,8
1831.0129101079947,4,69.5,868,0,4,3,1,0,8
1832.0266607940139,4,23.0,871,0,4,3,1,0,8
1833.0346899389988,4,47.75,870,1,1,6,0,0,8
1834.0486124590097,4,96.0,870,1,1,5,1,0,8
1835.0619664260012,4,94.75,871,1,1,4,0,2,8
1836.0757622079982,4,52.75,871,2,2,3,0,0,7
1837.0900356399943,4,46.5,871,2,2,4,0,0,8
1838.1036784260068,4,71.0,871,1,3,4,0,0,8
1839.1175738279999,4,46.75,872,1,3,2,2,0,8
1840.1314496280102,4,0.0,871,1,4,2,0,1,8
1841.1450234230142,4,58.5,873,1,3,4,0,0,8
1842.159134999005,4,47.5,874,1,3,2,2,0,8
1843.1726756620046,4,23.5,874,1,3,1,3,0,8
1844.1867165990116,4,23.5,875,1,3,1,3,0,8
1845.2018964460003,4,23.5,875,1,3,0,4,0,8
1846.2155327009968,4,0.0,877,1,3,0,4,0,8
1847.2284140050178,4,0.0,877,1,3,0,4,0,8
1848.2423151319963,4,0.0,877,1,3,0,4,0,8
1849.2560793980083,4,0.0,877,1,3,0,4,0,8
1850.26997983802,4,0.0,880,1,3,0,0,4,8
1851.2836847809958,4,0.0,877,5,3,0,0,0,8
1852.2987014620157,4,0.0,877,0,7,1,0,0,8
1853.3092472620192,4,24.75,878,0,6,2,0,0,8
1854.323600247997,4,23.5,879,0,6,0,2,0,8
1855.3365429569967,4,18.0,877,2,4,1,0,1,8
1856.3505244250118,4,23.25,878,3,4,1,0,0,8
1857.3639558540017,4,29.5,879,3,2,3,0,0,8
1858.3720484160003,4,65.0,879,3,1,4,0,0,8
1859.3839029800147,4,70.25,880,1,2,3,2,0,8
1860.396366467001,4,47.0,880,1,2,2,3,0,8
1861.4177248520136,4,47.0,880,4,3,1,0,0,8
1862.4336501980142,4,34.75,881,3,2,2,0,1,8
1863.4472865500138,4,47.0,881,4,1,1,1,1,8
1864.4608696450014,4,0.0,882,4,1,0,1,2,8
1865.474207880994,4,0.0,884,4,1,0,1,2,8
1866.487934689998,4,0.0,884,3,3,1,0,1,8
1867.5022058250033,4,0.0,882,4,4,0,0,0,8
1868.5119113560067,4,25.0,882,2,3,3,0,0,8
1869.5257847990142,4,35.75,882,1,3,2,2,0,8
1870.5371701330005,4,0.0,880,2,2,4,0,0,8
1871.5482850529952,4,47.0,882,2,2,4,0,0,8
1872.5622541430057,4,47.5,883,2,2,4,0,0,8
1873.574161919998,4,47.75,883,2,2,4,0,0,8
1874.5926664510043,4,47.75,885,2,2,4,0,0,8
1875.606670246023,4,47.75,888,2,2,3,1,0,8
1876.6203335309983,4,47.0,888,2,2,2,2,0,8
1877.6340955810156,4,46.5,889,2,2,0,4,0,8
1878.649887416017,4,0.0,889,2,2,0,0,4,8
1879.663753464003,4,25.0,886,6,1,1,0,0,8
1880.6777721359977,4,23.0,887,1,4,3,0,0,8
1881.6918290680042,4,12.5,890,0,5,0,3,0,8
1882.7037582970224,4,0.0,890,0,5,0,3,0,8
1883.7180992900103,4,22.5,888,3,4,1,0,0,8
1884.7317541880184,4,24.75,888,4,2,2,0,0,8
1885.7454088820086,4,23.5,890,1,4,2,1,0,8
1886.7590518890065,4,61.75,889,1,2,5,0,0,8
1887.7716028919967,4,68.25,888,2,3,2,0,1,8
1888.7834820930148,4,46.75,893,2,3,1,1,1,8
1889.79763020901,4,24.0,894,3,3,1,0,1,8
1890.8070438840077,4,3.25,894,3,3,2,0,0,8
1891.821240663994,4,26.75,895,1,4,3,0,0,8
1892.8337575360201,4,2.25,895,1,2,4,1,0,8
1893.8463711469958,4,33.5,896,2,1,5,0,0,8
1894.8590969649958,4,24.0,896,2,2,4,0,0,8
1895.8707436429977,4,70.5,898,2,2,4,0,0,8
1896.8856691649999,4,71.25,900,2,1,5,0,0,8
1897.8979943880113,4,62.0,901,1,3,4,0,0,8
1898.9093653630116,4,33.75,900,2,3,3,0,0,8
1899.9230698420142,4,86.5,900,2,1,4,1,0,8
1900.9368888280005,4,47.25,900,2,1,2,3,0,8
1901.9490666460188,4,47.75,903,2,1,2,3,0,8
1902.9624427990057,4,47.25,907,2,1,1,4,0,8
1903.9809212870023,4,24.25,913,2,1,1,4,0,8
1904.9949780130119,4,23.5,916,2,1,1,4,0,8
1906.007686063007,4,23.25,919,2,1,0,5,0,8
1907.018361594004,4,0.0,920,2,1,0,0,5,8
1908.0313807190105,4,0.0,915,5,2,1,0,0,8
1909.0387204420113,4,26.25,917,5,1,1,0,1,8
1910.0620059810171,4,26.0,918,5,0,3,0,0,8
1911.074791646999,4,46.75,920,5,0,2,1,0,8
1912.0877970400034,4,71.75,920,2,2,3,0,1,8
1913.101958594023,4,24.75,919,1,4,3,0,0,8
1914.1159329170187,4,25.0,919,1,1,6,0,0,8
1915.1283061860013,4,95.5,919,1,0,5,2,0,8
1916.136773293023,4,70.5,920,1,0,3,4,0,8
1917.1430383099942,4,36.0,917,3,1,1,0,3,8
1918.156216819014,4,10.75,918,6,1,1,0,0,8
1919.1702115350054,4,0.0,919,5,2,1,0,0,8
1920.1840407100099,4,23.5,920,2,3,1,2,0,8
1921.1977768420184,4,46.25,918,4,1,1,0,2,8
1922.2077184950176,4,23.25,916,6,1,1,0,0,8
1923.2219464800146,4,13.0,916,5,1,2,0,0,8
1924.2354645970045,4,0.0,916,5,1,1,1,0,8
1925.249257632997,4,24.25,916,2,4,1,0,1,8
1926.265165048011,4,23.75,916,1,4,2,0,1,8
1927.2801719850104,4,25.0,915,2,3,3,0,0,8
1928.2895467740018,4,46.75,916,2,3,2,1,0,8
1929.298403554014,4,24.5,916,2,3,1,2,0,8
1930.312311044021,4,23.5,920,2,3,1,2,0,8
1931.3259633000125,4,23.5,922,2,3,1,2,0,8
1932.3396740159951,4,23.25,925,2,3,1,2,0,8
1933.3534451840096,4,23.5,925,2,3,0,3,0,8
1934.3676718850038,4,0.0,926,2,3,0,3,0,8
1935.3828832700092,4,24.5,923,4,3,1,0,0,8
1936.3941932409944,4,0.0,923,3,3,1,0,1,8
1937.408536887,4,9.0,922,3,4,1,0,0,8
1938.4222661700041,4,0.0,923,1,5,0,0,2,8
1939.4309320400062,4,24.75,922,2,3,3,0,0,8
1940.4448356920038,4,23.25,922,1,5,2,0,0,8
1941.4576180550212,4,0.0,925,1,3,4,0,0,8
1942.4715921379975,4,61.5,925,1,3,4,0,0,8
1943.4855429989984,4,75.75,929,0,3,5,0,0,8
1944.495251543005,4,46.25,930,1,3,4,0,0,8
1945.5082221350167,4,22.5,929,1,3,3,0,1,8
1946.5235293419973,4,45.0,928,3,1,4,0,0,8
1947.5364736500196,4,38.5,931,1,1,6,0,0,8
1948.5485045179958,4,30.25,931,1,1,4,1,0,7
1949.5630447150033,4,47.75,930,1,1,5,1,0,8
1950.5739585690026,4,45.75,931,1,2,3,1,1,8
1951.5874477339967,4,46.75,932,2,2,3,1,0,8
1952.6016729139956,4,47.5,930,4,1,3,0,0,8
1953.614615369006,4,71.25,932,4,1,3,0,0,8
1954.627904213994,4,46.5,933,0,3,5,0,0,8
1955.6417667040078,4,90.75,933,0,1,7,0,0,8
1956.6541951890104,4,94.75,933,0,1,6,1,0,8
1957.6684634410194,4,94.25,933,0,1,6,1,0,8
1958.6820467200014,4,93.25,934,0,1,4,3,0,8
1959.695717671013,4,70.25,938,0,1,3,4,0,8
1960.709962644003,4,47.0,940,0,1,2,5,0,8
1961.723906544008,4,23.25,941,0,1,0,7,0,8
1962.7345088730217,4,0.0,942,0,1,0,7,0,8
1963.748207807017,4,0.0,944,0,1,0,7,0,8
1964.762047006021,4,0.0,945,0,1,0,0,7,8
1965.78602025102,4,1.0,938,7,0,1,0,0,8
1966.8001493570046,4,0.0,938,0,4,4,0,0,8
1967.8121445900179,4,70.25,941,0,1,7,0,0,8
1968.8246366110106,4,88.25,941,0,0,8,0,0,8
1969.835776395019,4,70.0,941,1,0,6,0,1,8
1970.849466884014,4,51.5,941,1,0,7,0,0,8
1971.8632064380217,4,65.5,944,0,0,8,0,0,8
1972.8772097960173,4,96.75,944,0,0,8,0,0,8
1973.889057065011,4,70.25,946,0,0,8,0,0,8
1974.9018300320022,4,55.75,946,1,0,7,0,0,8
1975.9153773540165,4,35.75,946,1,1,3,2,1,8
1976.929184247012,4,54.25,943,3,1,4,0,0,8
1977.9441344320076,4,77.0,943,1,3,3,0,1,8
1978.9575661779963,4,58.75,943,1,3,1,2,1,8
1979.9694239679957,4,23.5,941,2,2,3,0,1,8
1980.9816002730222,4,61.5,942,3,0,5,0,0,8
1981.9945386930194,4,62.75,943,0,1,7,0,0,8
1983.0120602970128,4,46.5,944,0,0,8,0,0,8
1984.0261904140061,4,46.0,944,0,0,8,0,0,8
1985.0373524980096,4,95.5,946,0,0,5,3,0,8
1986.0503174360201,4,94.25,945,3,0,5,0,0,8
1987.065683704015,4,93.75,945,0,3,5,0,0,8
1988.0792379410123,4,81.5,947,0,0,8,0,0,8
1989.0909011180047,4,50.25,946,1,0,5,0,2,8
1990.1028066950093,4,40.0,944,0,3,5,0,0,8
1991.1125786490156,4,71.0,945,0,3,4,1,0,8
1992.1264163710002,4,70.0,947,0,3,3,1,1,8
1993.1398573000042,4,46.75,947,0,3,2,2,1,8
1994.1539209230104,4,47.0,948,0,3,2,2,1,8
1995.1615209860029,4,23.5,949,0,3,1,3,1,8
1996.1722209700092,4,23.5,950,0,3,0,4,1,8
1997.186302365997,4,0.0,950,0,3,0,4,1,8
1998.1989205090213,4,0.0,950,0,3,0,4,1,8
1999.2103232780064,4,0.0,951,0,3,0,4,1,8
2000.2233490590006,4,0.0,953,0,3,0,4,1,8
2001.2356083880004,4,0.0,953,0,3,0,4,1,8
2002.2491617439955,4,0.0,951,4,3,0,0,1,8
2003.263217161002,4,0.0,953,5,2,1,0,0,8
2004.276737495995,4,35.0,955,2,3,3,0,0,8
2005.289793864009,4,47.0,955,2,3,2,1,0,8
2006.303814504994,4,17.25,955,2,3,0,3,0,8
2007.316404487996,4,0.0,955,2,3,0,3,0,8
2008.3316684380115,4,1.5,956,2,4,1,0,1,8
2009.3381716060103,4,41.75,959,0,4,4,0,0,8
2010.3517326900037,4,70.75,960,1,2,5,0,0,8
2011.3656877409958,4,48.0,964,1,0,7,0,0,8
2012.3793237460195,4,79.25,964,1,0,7,0,0,8
2013.392829368997,4,95.25,965,1,0,4,3,0,8
2014.406464683998,4,96.0,968,0,1,4,3,0,8
2015.420459935005,4,46.75,969,2,1,2,0,3,8
2016.4329108050151,4,70.5,970,5,0,3,0,0,8
2017.4465465790126,4,49.5,974,1,2,4,0,1,8
2018.4605577970215,4,69.75,974,1,2,5,0,0,8
2019.4733272170124,4,20.5,975,1,1,5,1,0,8
2020.4872077790205,4,95.0,982,1,0,6,1,0,8
2021.5031094360165,4,93.5,983,1,0,5,2,0,8
2022.5170667320199,4,71.25,989,0,1,4,2,1,8
2023.5309172730194,4,70.5,991,0,1,4,2,1,8
2024.5445029100229,4,70.75,991,0,1,3,2,2,8
2025.5574194579967,4,36.25,987,5,0,2,0,1,8
2026.5716267570097,4,16.5,989,3,2,3,0,0,8
2027.585685041995,4,47.5,989,3,3,2,0,0,8
2028.6001038209943,4,71.0,989,3,2,3,0,0,8
2029.6115390640043,4,46.75,993,3,2,2,1,0,8
2030.6222125060158,4,23.25,995,3,2,1,2,0,8
2031.6360035730177,4,23.5,996,3,2,1,2,0,8
2032.6495465509943,4,23.5,996,3,2,1,2,0,8
2033.6635344749957,4,0.0,998,3,2,0,3,0,8
2034.6781462890212,4,0.0,999,3,2,0,3,0,8
2035.692161649,4,0.0,1001,3,2,0,3,0,8
2036.7129350840114,4,0.0,1001,3,2,0,0,3,8
2037.7269658420119,4,0.0,998,6,2,0,0,0,8
2038.740593880997,4,23.5,1000,6,1,1,0,0,8
2039.7546046189964,4,0.0,1000,5,1,2,0,0,8
2040.76965058301,4,47.0,1001,5,1,2,0,0,8
2041.783401105,4,46.5,1002,5,1,2,0,0,8
2042.7972485860228,4,47.0,1005,5,1,2,0,0,8
2043.812472834019,4,46.75,1006,3,2,2,0,1,8
2044.8261854760058,4,47.5,1006,0,3,4,0,1,8
2045.8406911870115,4,48.5,1005,1,1,4,1,1,8
2046.854260446009,4,35.25,1005,3,1,4,0,0,8
2047.8684190420026,4,23.5,1007,3,0,5,0,0,8
2048.879955461016,4,90.5,1007,0,2,6,0,0,8
2049.8988665910147,4,94.5,1010,0,2,6,0,0,8
2050.910975548002,4,74.5,1011,1,2,5,0,0,8
2051.9247209360183,4,47.0,1011,0,1,7,0,0,8
2052.941287366004,4,71.75,1011,1,0,7,0,0,8
2053.9551678390126,4,73.25,1011,1,0,5,2,0,8
2054.9685339200078,4,70.0,1011,1,0,4,3,0,8
2055.9824546599993,4,70.5,1011,1,0,4,3,0,8
2057.0009740310197,4,36.0,1010,3,1,1,0,3,8
2058.0156066460186,4,24.5,1010,3,2,3,0,0,8
2059.028351447021,4,45.0,1012,3,1,4,0,0,8
2060.0432632640004,4,46.75,1016,0,4,4,0,0,8
2061.0565043720126,4,72.25,1018,0,2,5,1,0,8
2062.0667020100227,4,69.5,1019,0,2,3,3,0,8
2063.082283886004,4,46.75,1023,0,2,3,3,0,8
2064.108717880008,4,47.0,1027,0,2,3,3,0,8
2065.1228645600204,4,47.25,1033,0,2,2,4,0,8
2066.135238349001,4,46.25,1033,0,2,1,5,0,8
2067.1509980480187,4,0.0,1033,0,2,0,6,0,8
2068.1651136220025,4,0.0,1033,0,2,0,6,0,8
2069.172621535021,4,0.0,1037,0,2,0,6,0,8
2070.1837819930224,4,0.0,1040,0,2,0,0,6,8
2071.1968113470066,4,0.0,1039,4,1,1,0,2,8
2072.210268049006,4,24.75,1042,4,1,1,0,2,8
2073.224404856999,4,22.75,1044,4,1,1,0,0,6
2074.2391214900126,4,23.5,1044,4,1,1,0,0,6
2075.2507049370033,4,23.5,1046,4,1,1,0,0,6
2076.264576139016,4,26.0,1045,2,3,3,0,0,8
2077.2779445729975,4,47.25,1046,1,3,4,0,0,8
2078.291851364018,4,69.75,1045,2,1,5,0,0,8
2079.3059081750107,4,95.25,1046,0,1,6,0,0,7
2080.3200874290196,4,38.75,1047,1,1,6,0,0,8
2081.333906734013,4,70.75,1047,1,1,5,1,0,8
2082.347438077006,4,72.0,1051,1,0,5,2,0,8
2083.3610830060206,4,47.5,1048,3,1,4,0,0,8
2084.374900355004,4,30.25,1048,3,1,3,0,1,8
2085.389955332008,4,23.25,1049,3,1,3,0,1,8
2086.403936368006,4,17.0,1049,1,0,7,0,0,8
2087.417563896015,4,94.25,1049,1,0,4,3,0,8
2088.431460474996,4,70.25,1049,1,0,4,3,0,8
2089.444725940004,4,46.5,1048,5,0,3,0,0,8
2090.458711895015,4,23.75,1050,4,1,3,0,0,8
2091.4721277439967,4,1.0,1051,1,3,4,0,0,8
2092.482280415017,4,71.0,1051,0,1,7,0,0,8
2093.4942036510038,4,47.5,1051,0,0,7,0,1,8
2094.5063927070005,4,94.0,1053,0,0,4,3,1,8
2095.5194724299945,4,69.75,1054,0,0,3,4,1,8
2096.533614434011,4,47.0,1054,1,0,2,0,5,8
2097.544734404015,4,23.75,1051,6,1,1,0,0,8
2098.5537973979954,4,0.0,1053,2,2,4,0,0,8
2099.568002215994,4,73.0,1055,1,3,4,0,0,8
2100.5816501250083,4,71.0,1058,1,3,4,0,0,8
2101.596054253023,4,70.75,1059,1,3,3,1,0,8
2102.6102570770017,4,47.25,1064,1,3,3,1,0,8
2103.620735909004,4,46.75,1064,1,3,2,2,0,8
2104.6351747820154,4,46.75,1067,1,3,2,2,0,8
2105.64912567602,4,30.25,1069,1,3,0,4,0,8
2106.6628864700033,4,0.0,1069,1,3,0,4,0,8
2107.6766376720043,4,0.0,1072,1,3,0,3,1,8
2108.6904469320143,4,0.0,1075,1,3,0,3,1,8
2109.70450959602,4,0.0,1073,4,3,1,0,0,8
2110.7152457440097,4,52.75,1076,0,4,4,0,0,8
2111.729064818006,4,59.25,1078,0,3,5,0,0,8
2112.7427891000116,4,70.25,1081,0,3,5,0,0,8
2113.75499384501,4,46.5,1082,0,2,4,2,0,8
2114.7686648060044,4,52.75,1085,0,2,2,4,0,8
2115.7827081099967,4,66.0,1081,4,1,3,0,0,8
2116.7967523730185,4,40.25,1082,1,3,4,0,0,8
2117.8082468229986,4,65.75,1082,0,4,3,0,1,8
2118.8218697910197,4,26.5,1080,2,1,5,0,0,8
2119.8361431240046,4,71.0,1082,0,1,7,0,0,8
2120.8476480530226,4,70.5,1084,0,1,7,0,0,8
2121.862338973995,4,94.75,1087,0,1,6,1,0,8
2122.876457703009,4,69.25,1088,0,1,5,2,0,8
2123.9024607690226,4,92.5,1088,2,0,6,0,0,8
2124.9137255430105,4,23.5,1090,0,1,6,0,1,8
2125.9279994720127,4,70.75,1090,1,0,5,2,0,8
2126.942305678007,4,80.25,1092,1,0,3,4,0,8
2127.9563224909944,4,47.5,1092,1,0,3,4,0,8
2128.970292258018,4,45.75,1092,1,0,2,3,2,8
2129.9819509280205,4,18.0,1086,6,1,1,0,0,8
2130.992791104014,4,0.75,1086,6,1,1,0,0,8
2132.0038725890045,4,0.0,1086,1,4,2,0,1,8
2133.021599116997,4,47.25,1090,1,4,2,0,1,8
2134.035348994017,4,23.75,1092,0,4,1,2,1,8
2135.0482601220137,4,23.5,1093,0,4,1,0,3,8
2136.062508788018,4,0.0,1093,2,2,3,0,1,8
2137.076143710001,4,23.5,1095,2,2,2,1,1,8
2138.089620251005,4,23.25,1096,2,2,1,2,1,8
2139.105700793996,4,23.5,1098,2,2,1,2,1,8
2140.114193131012,4,23.5,1098,2,2,1,2,1,8
2141.1217167440045,4,23.5,1098,2,2,0,3,1,8
2142.1309639520186,4,0.0,1101,2,2,0,3,1,8
2143.144793197018,4,0.0,1103,2,2,0,3,1,8
2144.15815164402,4,0.0,1104,2,2,0,3,1,8
2145.1709815910144,4,0.0,1105,2,2,0,2,1,7
2146.1845055960002,4,24.5,1101,6,1,1,0,0,8
2147.1983307110204,4,23.5,1106,6,1,1,0,0,8
2148.2114527820086,4,23.5,1108,6,0,2,0,0,8
2149.2222026310046,4,4.0,1109,2,3,3,0,0,8
2150.235647674999,4,3.0,1113,1,3,4,0,0,8
2151.2468987790053,4,55.0,1118,1,1,6,0,0,8
2152.2606678690063,4,94.5,1119,1,1,5,1,0,8
2153.2844878660107,4,71.5,1118,1,1,6,0,0,8
2154.297615454998,4,45.75,1117,4,0,3,0,1,8
2155.3136410870065,4,69.0,1119,2,2,4,0,0,8
2156.3298766590015,4,65.0,1118,1,2,5,0,0,8
2157.342114704021,4,56.25,1119,2,1,4,0,1,8
2158.356216034008,4,42.5,1119,2,2,3,1,0,8
2159.369235910999,4,47.0,1122,2,2,2,2,0,8
2160.3834069010045,4,46.25,1123,2,2,2,2,0,8
2161.3970878880064,4,46.75,1124,2,2,1,2,1,8
2162.410925453005,4,12.75,1123,3,3,2,0,0,8
2163.4230424810085,4,19.75,1124,1,4,3,0,0,8
2164.4342755970138,4,23.75,1125,1,2,4,0,1,8
2165.4558330000145,4,46.25,1124,2,2,4,0,0,8
2166.4694377169944,4,47.5,1124,2,2,3,1,0,8
2167.4832480360055,4,47.25,1126,2,2,2,2,0,8
2168.494514314021,4,46.75,1128,2,2,1,3,0,8
2169.507935556001,4,23.25,1129,2,1,2,1,2,8
2170.5216708790103,4,24.0,1125,5,2,0,1,0,8
2171.532301507017,4,0.0,1126,1,6,1,0,0,8
2172.544215966016,4,23.25,1126,1,5,1,1,0,8
2173.558071497013,4,23.25,1126,1,5,1,1,0,8
2174.5711194640025,4,0.0,1127,1,5,0,2,0,8
2175.5846248570015,4,0.0,1128,1,5,0,2,0,8
2176.598493601021,4,0.0,1129,1,5,0,2,0,8
2177.6113857720047,4,0.0,1131,1,5,0,2,0,8
2178.624999323016,4,0.0,1132,1,5,0,2,0,8
2179.6390479060065,4,0.0,1132,1,5,0,2,0,8
2180.6527111890027,4,0.0,1133,1,5,0,2,0,8
2181.6662520650134,4,0.0,1134,1,5,0,2,0,8
2182.6803304890054,4,0.0,1134,1,5,0,2,0,8
2183.6943088069966,4,0.0,1135,1,3,2,0,2,8
2184.7080960629974,4,0.0,1135,1,3,0,2,2,8
2185.722394384007,4,24.75,1135,1,2,1,1,2,7
2186.736341929005,4,0.0,1137,1,2,0,2,2,7
2187.7530432470085,4,0.0,1137,2,3,0,0,3,8
2188.769450752996,4,0.0,1136,5,3,0,0,0,8
2189.782868861017,4,0.0,1136,5,1,1,1,0,8
2190.7942272580112,4,46.5,1135,5,1,2,0,0,8
2191.8039540510217,4,23.5,1135,1,3,4,0,0,8
2192.816464945994,4,0.0,1136,1,3,2,2,0,8
2193.8301434550085,4,47.0,1137,1,3,2,1,1,8
2194.844380065013,4,23.5,1137,1,3,1,2,1,8
2195.8583449970174,4,43.75,1135,4,1,3,0,0,8
2196.8713013539964,4,36.75,1138,2,4,2,0,0,8
2197.885124780005,4,46.5,1138,0,3,4,1,0,8
2198.8986052850087,4,53.25,1136,2,2,3,0,1,8
2199.912527381006,4,52.75,1135,1,2,3,1,1,8
2200.9301584680215,4,44.25,1136,2,2,2,1,1,8
2201.944220556994,4,46.75,1138,2,2,1,2,1,8
2202.9640838940104,4,23.5,1139,2,2,1,2,1,8
2203.9779153320123,4,23.25,1136,5,1,2,0,0,8
2204.983894730016,4,0.0,1136,5,1,2,0,0,8
2205.994448569021,4,23.25,1138,4,1,3,0,0,8
2207.005417334003,4,45.5,1139,1,3,4,0,0,8
2208.015745908022,4,46.25,1140,1,3,2,2,0,8
2209.0295745250187,4,24.25,1141,1,3,1,3,0,8
2210.043789695017,4,23.25,1143,1,3,1,3,0,8
2211.0576286540017,4,23.25,1143,1,3,1,3,0,8
2212.076921169006,4,23.25,1146,1,3,0,4,0,8
2213.089360471,4,0.0,1147,1,3,0,4,0,8
2214.0977669740096,4,0.0,1148,1,3,0,4,0,8
2215.1117546360183,4,0.0,1148,1,3,0,4,0,8
2216.1253037340066,4,0.0,1148,1,3,0,4,0,8
2217.1393097370164,4,0.0,1148,1,3,0,4,0,8
2218.1529775510135,4,0.0,1145,4,3,1,0,0,8
2219.16663467302,4,13.75,1151,4,2,2,0,0,8
2220.178737687005,4,46.75,1152,4,2,0,2,0,8
2221.1900400950108,4,25.0,1151,5,1,0,1,1,8
2222.2033999999985,4,0.0,1155,5,1,0,1,1,8
2223.217367297999,4,0.0,1156,3,2,1,1,0,7
2224.2312005450076,4,23.5,1157,1,6,1,0,0,8
2225.244808147021,4,23.75,1157,1,3,4,0,0,8
2226.2566909590096,4,48.75,1156,3,1,4,0,0,8
2227.270466306014,4,46.5,1157,0,2,3,2,1,8
2228.2844892540015,4,23.25,1155,2,2,2,1,1,8
2229.2981027030037,4,46.75,1159,2,2,1,2,0,7
2230.3095682690036,4,23.25,1159,3,2,1,1,1,8
2231.318947707012,4,23.5,1160,3,2,1,0,2,8
2232.333222459012,4,22.75,1158,5,0,3,0,0,8
2233.3468580930203,4,23.25,1159,1,1,3,0,3,8
2234.3611737600004,4,39.75,1156,3,1,3,0,1,8
2235.374742346001,4,48.25,1155,4,1,2,1,0,8
2236.388414285,4,46.75,1155,4,1,2,1,0,8
2237.402033535007,4,47.0,1157,4,1,2,1,0,8
2238.4160955870175,4,23.5,1157,3,3,1,0,1,8
2239.4303455860063,4,48.0,1158,2,3,3,0,0,8
2240.4438992979995,4,33.75,1161,2,1,4,1,0,8
2241.4574972340197,4,41.0,1161,2,0,4,0,2,8
2242.4713126760034,4,67.75,1160,2,2,3,0,1,8
2243.4852417890215,4,44.5,1163,2,1,1,3,1,8
2244.499325730023,4,23.25,1165,2,1,1,3,1,8
2245.5133343820053,4,23.5,1166,2,1,1,3,1,8
2246.5272203370114,4,23.5,1166,2,1,1,3,1,8
2247.5412262750033,4,23.5,1170,2,1,1,3,1,8
2248.5548519270087,4,23.5,1172,2,1,0,4,1,8
2249.56891776502,4,6.75,1172,2,1,0,4,1,8
2250.579056226008,4,0.0,1172,2,1,0,4,1,8
2251.5899025929975,4,0.0,1173,2,1,0,4,1,8
2252.6039446080104,4,0.0,1170,6,0,2,0,0,8
2253.617885625019,4,18.25,1169,2,1,5,0,0,8
2254.6312305979955,4,23.25,1171,1,2,2,3,0,8
2255.6448489610048,4,23.5,1174,1,2,2,3,0,8
2256.6581887190114,4,24.0,1175,1,2,2,3,0,8
2257.669699028018,4,23.0,1177,1,2,1,4,0,8
2258.683683234005,4,18.5,1179,1,1,2,0,1,5
2259.6966152980167,4,42.25,1176,0,2,6,0,0,8
2260.7102239490196,4,77.0,1178,0,0,7,1,0,8
2261.7239066800103,4,95.25,1179,0,0,5,3,0,8
2262.737941692001,4,74.25,1177,3,0,5,0,0,8
2263.7485003230104,4,93.5,1177,3,0,3,2,0,8
2264.7627888240095,4,23.5,1175,2,3,3,0,0,8
2265.776674894005,4,23.75,1175,2,2,4,0,0,8
2266.7900596779946,4,68.5,1176,0,1,6,1,0,8
2267.8036933910043,4,70.75,1180,0,1,5,2,0,8
2268.8169727950008,4,70.75,1180,0,1,4,3,0,8
2269.8303660110105,4,71.25,1180,0,1,4,0,3,8
2270.843707160995,4,28.75,1178,3,1,3,1,0,8
2271.8582794530084,4,57.0,1178,2,3,3,0,0,8
2272.870426425012,4,60.5,1178,1,0,6,0,1,8
2273.884351251996,4,55.75,1177,2,1,4,1,0,8
2274.8978367990057,4,46.75,1176,2,1,4,1,0,8
2275.9125206110184,4,71.75,1176,2,1,4,1,0,8
2276.925841542019,4,70.25,1176,2,1,4,1,0,8
2277.9379569450102,4,47.25,1174,3,2,3,0,0,8
2278.949554007995,4,23.5,1176,2,3,2,0,1,8
2279.963670322002,4,23.5,1175,1,3,3,0,1,8
2280.9792490270047,4,70.0,1174,2,3,2,1,0,8
2281.992800617998,4,41.25,1174,2,3,1,2,0,8
2283.0044637930114,4,23.5,1174,2,3,1,2,0,8
2284.0148646210146,4,23.5,1174,2,3,1,2,0,8
2285.0288475250127,4,23.5,1174,2,3,1,2,0,8
2286.043110418017,4,23.25,1174,2,3,1,2,0,8
2287.054831065994,4,23.75,1175,2,3,0,3,0,8
2288.069852384011,4,0.0,1175,2,3,0,3,0,8
2289.081071327004,4,0.0,1175,2,3,0,3,0,8
2290.0947239040106,4,0.0,1175,1,4,0,0,3,8
2291.108861426008,4,0.0,1172,3,4,1,0,0,8
2292.11961934602,4,0.0,1172,3,4,0,0,1,8
2293.1271225310047,4,1.25,1172,4,0,4,0,0,8
2294.1409279640066,4,32.5,1173,3,2,3,0,0,8
2295.154700575018,4,71.0,1173,2,2,3,1,0,8
2296.168639211013,4,47.75,1173,2,2,1,2,1,8
2297.182307211013,4,23.25,1173,2,2,1,2,1,8
2298.1961397270206,4,23.25,1174,2,2,1,0,3,8
2299.2084886600205,4,24.25,1170,4,3,1,0,0,8
2300.2216498240014,4,67.75,1170,2,3,2,1,0,8
2301.2355569920037,4,23.5,1169,2,2,3,0,1,8
2302.247504571016,4,24.75,1169,1,2,3,1,1,8
2303.2607803080173,4,70.5,1168,2,1,3,1,1,8
2304.2744591300143,4,70.5,1168,2,1,1,3,1,8
2305.288294505008,4,23.5,1168,2,1,1,3,1,8
2306.296644682996,4,22.75,1169,3,1,1,0,1,6
2307.310826247005,4,44.5,1167,0,4,4,0,0,8
2308.324670962,4,45.25,1165,2,3,3,0,0,8
2309.3426036150195,4,46.5,1165,2,2,1,3,0,8
2310.362217553018,4,23.0,1168,2,2,1,3,0,8
2311.374720157997,4,23.0,1168,2,2,1,3,0,8
2312.3863135200227,4,23.25,1167,3,2,2,0,1,8
2313.400199387019,4,46.0,1166,1,3,4,0,0,8
2314.4138941130077,4,47.0,1166,1,3,1,2,1,8
2315.4256488429965,4,23.5,1166,1,3,1,2,1,8
2316.437296771008,4,23.75,1166,1,3,0,3,1,8
2317.451355380006,4,0.0,1166,1,3,0,3,1,8
2318.46508356501,4,0.0,1166,1,3,0,3,1,8
2319.4773305620183,4,0.0,1166,1,3,0,3,1,8
2320.4887347879994,4,0.0,1166,1,3,0,3,1,8
2321.5024933990208,4,0.0,1166,1,3,0,3,1,8
2322.51656371,4,0.0,1166,1,3,0,3,1,8
2323.53239599301,4,0.0,1166,1,3,0,2,2,8
2324.5463477300073,4,0.0,1165,2,3,0,0,3,8
2325.5583789590164,4,13.5,1162,5,1,2,0,0,8
2326.5721144120034,4,23.5,1162,5,1,1,1,0,8
2327.585745614022,4,22.75,1162,5,1,1,0,1,8
2328.59936244,4,23.5,1162,5,1,1,0,1,8
2329.6139194800053,4,24.0,1162,5,1,1,0,1,8
2330.6272014169954,4,17.25,1161,4,2,2,0,0,8
2331.641284039011,4,71.0,1160,1,3,4,0,0,8
2332.655605102016,4,45.5,1159,2,1,4,0,1,8
2333.6696469169983,4,62.75,1158,2,2,4,0,0,8
2334.683443005022,4,24.5,1158,1,1,5,1,0,8
2335.6974817550217,4,70.25,1158,1,1,3,3,0,8
2336.7051262220193,4,46.5,1158,1,1,2,4,0,8
2337.7191456319997,4,69.5,1156,2,1,3,0,2,8
2338.7331430510094,4,69.5,1154,4,0,4,0,0,8
2339.745788061002,4,78.75,1154,0,1,7,0,0,8
2340.7627373800206,4,76.0,1154,0,1,7,0,0,8
2341.7764596950146,4,95.5,1154,0,1,6,1,0,8
2342.7911954680167,4,70.25,1154,0,1,2,5,0,8
2343.8049536129984,4,68.5,1149,5,0,3,0,0,8
2344.816320020007,4,48.5,1149,0,4,4,0,0,8
2345.83184092,4,72.25,1149,0,1,6,0,1,8
2346.845440862002,4,96.0,1149,0,1,6,0,1,8
2347.859880288015,4,94.5,1149,0,1,5,1,1,8
2348.8738129340054,4,93.25,1149,0,1,4,2,0,7
2349.885789901018,4,70.25,1149,0,1,4,0,2,7
2350.899970971019,4,70.25,1147,2,1,4,0,1,8
2351.91091336502,4,46.25,1145,4,1,3,0,0,8
2352.9211371900165,4,25.75,1144,3,2,1,1,1,8
2353.9298190330155,4,46.5,1142,3,3,2,0,0,8
2354.945075583004,4,24.75,1142,2,4,2,0,0,8
2355.958112788998,4,46.75,1142,2,4,2,0,0,8
2356.970192772016,4,46.75,1142,2,4,2,0,0,8
2357.9774108210113,4,46.25,1142,2,4,2,0,0,8
2358.998699356016,4,46.75,1142,2,4,0,2,0,8
2360.0122231190035,4,0.0,1142,2,4,0,2,0,8
2361.026527102018,4,0.0,1142,2,4,0,2,0,8
2362.040065847017,4,0.0,1142,2,4,0,2,0,8
2363.0538332620054,4,0.0,1142,2,4,0,2,0,8
2364.06195430801,4,0.0,1142,2,4,0,2,0,8
2365.0743192480004,4,0.0,1142,2,1,3,0,2,8
2366.08796763001,4,28.75,1141,3,1,3,0,1,8
2367.0976763130166,4,71.25,1141,3,0,4,0,1,8
2368.1102697990136,4,46.25,1141,2,1,3,1,0,7
2369.1214336580015,4,52.25,1140,1,2,4,0,1,8
2370.1310925309954,4,70.5,1140,1,2,4,0,1,8
2371.144919926999,4,23.75,1139,1,1,6,0,0,8
2372.1592033750203,4,93.5,1139,0,0,7,1,0,8
2373.1729032850126,4,47.5,1138,1,0,7,0,0,8
2374.1868599410227,4,93.5,1138,1,0,6,1,0,8
2375.2007985270175,4,85.0,1138,1,0,5,0,2,8
2376.214381908998,4,46.75,1136,2,1,4,1,0,8
2377.2245385849965,4,13.25,1135,2,2,4,0,0,8
2378.238777831022,4,1.5,1134,1,3,3,1,0,8
2379.2526746799995,4,29.75,1133,1,1,6,0,0,8
2380.2634216570004,4,84.0,1133,0,1,6,0,1,8
2381.2772051360225,4,33.0,1131,2,1,5,0,0,8
2382.2907641119964,4,36.0,1130,1,3,4,0,0,8
2383.3062193689984,4,86.75,1130,0,2,5,1,0,8
2384.3208129400155,4,8.5,1128,2,0,6,0,0,8
2385.333517615014,4,51.75,1128,1,1,5,1,0,8
2386.3470507510065,4,72.0,1127,1,1,6,0,0,8
2387.361299567012,4,93.0,1126,1,0,7,0,0,8
2388.375668304012,4,68.25,1126,0,1,7,0,0,8
2389.389399691019,4,54.0,1125,1,0,7,0,0,8
2390.4008480409975,4,24.75,1124,1,1,4,1,1,8
2391.414591517998,4,63.25,1121,3,2,3,0,0,8
2392.4255316490016,4,70.0,1121,2,1,3,2,0,8
2393.4385336289997,4,46.75,1121,2,1,1,4,0,8
2394.451641445019,4,23.75,1121,2,1,0,5,0,8
2395.465302441007,4,0.0,1121,2,1,0,5,0,8
2396.4777292820218,4,0.0,1121,2,1,0,5,0,8
2397.4915565529955,4,0.0,1121,2,1,0,5,0,8
2398.5051332809962,4,0.0,1121,2,1,0,5,0,8
2399.5186067180184,4,0.0,1121,2,1,0,5,0,8
2400.5324001520057,4,0.0,1121,2,1,0,5,0,8
2401.5467055150075,4,0.0,1121,2,1,0,5,0,8
2402.5605440619984,4,0.0,1121,1,2,0,0,5,8
2403.5744999970193,4,0.0,1115,6,1,1,0,0,8
2404.5878389420104,4,0.0,1115,1,4,3,0,0,8
2405.6017181770003,4,24.25,1114,2,1,4,0,0,7
2406.6145417140215,4,23.5,1113,3,1,4,0,0,8
2407.626682514994,4,24.25,1112,4,0,1,0,3,8
2408.640545518021,4,0.0,1109,3,1,4,0,0,8
2409.655160082999,4,22.0,1108,4,0,3,1,0,8
2410.669141003018,4,60.0,1107,3,1,4,0,0,8
2411.6808531490096,4,58.0,1104,4,0,3,0,0,7
2412.695101634017,4,36.25,1102,2,3,3,0,0,8
2413.708686558006,4,2.25,1102,2,1,5,0,0,8
2414.7204849340196,4,55.25,1102,2,1,3,2,0,8
2415.7340943460003,4,24.0,1099,4,1,2,0,1,8
2416.747322215,4,15.5,1098,5,1,2,0,0,8
2417.761121214018,4,23.25,1098,4,1,3,0,0,8
2418.7747286499944,4,36.0,1098,4,1,3,0,0,8
2419.787809086003,4,67.75,1098,1,2,5,0,0,8
2420.800382228015,4,57.25,1097,1,3,4,0,0,8
2421.8117298180005,4,70.25,1096,1,1,5,1,0,8
2422.8240768190008,4,49.5,1094,2,2,1,1,2,8
2423.842027298,4,22.75,1091,3,1,4,0,0,8
2424.85562105602,4,70.25,1091,1,2,5,0,0,8
2425.871165420016,4,94.25,1091,1,2,4,1,0,8
2426.8845793509972,4,70.0,1091,1,2,3,2,0,8
2427.8982469420007,4,70.25,1091,1,2,3,2,0,8
2428.9192775340052,4,70.25,1091,1,2,3,2,0,8
2429.9326671320014,4,47.0,1091,1,2,2,3,0,8
2430.9438998670084,4,47.25,1091,1,2,2,3,0,8
2431.9565785750165,4,46.25,1091,1,2,0,5,0,8
2432.9701278560096,4,0.0,1091,1,2,0,5,0,8
2433.984128162003,4,0.0,1091,1,2,0,5,0,8
2435.0051221290196,4,0.0,1091,1,2,0,5,0,8
2436.023567048018,4,0.0,1091,1,2,0,5,0,8
2437.0372008810227,4,0.0,1091,1,2,0,2,3,8
2438.0499702829984,4,0.0,1087,6,2,0,0,0,8
2439.063696290017,4,0.0,1088,1,6,1,0,0,8
2440.0778492710087,4,0.0,1087,1,4,3,0,0,8
2441.086739449005,4,22.5,1088,1,2,3,1,1,8
2442.1000442160002,4,46.5,1088,2,1,2,2,1,8
2443.107508806017,4,47.25,1090,1,1,2,3,1,8
2444.1204651040025,4,0.0,1085,5,2,1,0,0,8
2445.1334420810163,4,88.0,1086,2,1,3,2,0,8
2446.1457750099944,4,43.0,1085,1,3,3,0,1,8
2447.159329903021,4,69.0,1087,1,3,2,1,1,8
2448.1716583539965,4,0.0,1088,1,3,0,0,4,8
2449.1834994640085,4,48.75,1086,4,1,1,2,0,8
2450.1974648080068,4,23.5,1085,4,2,2,0,0,8
2451.2142391180096,4,84.25,1087,0,1,7,0,0,8
2452.2272383170202,4,45.5,1086,2,0,6,0,0,8
2453.2411865680187,4,47.75,1086,1,0,5,2,0,8
2454.2542625080096,4,70.0,1087,1,0,5,2,0,8
2455.2646832659957,4,69.5,1085,2,1,3,0,2,8
2456.2787663920026,4,23.0,1083,4,1,3,0,0,8
2457.2963836900017,4,46.75,1083,3,1,3,0,1,8
2458.3069066519965,4,23.5,1083,3,1,1,2,1,8
2459.321717792016,4,24.25,1083,1,4,1,0,1,7
2460.3341780310147,4,31.0,1080,4,1,3,0,0,8
2461.348150492995,4,26.25,1079,2,3,3,0,0,8
2462.3616487210093,4,46.75,1079,2,2,3,1,0,8
2463.3757144139963,4,70.75,1079,2,2,3,1,0,8
2464.3894540900073,4,70.5,1079,1,3,3,0,1,8
2465.4016954610124,4,26.5,1078,2,2,3,0,1,8
2466.4139164460066,4,47.0,1079,2,2,2,1,1,8
2467.4274037590076,4,46.5,1079,2,2,1,2,1,8
2468.4417606049974,4,23.0,1079,2,2,0,3,1,8
2469.4558560959995,4,0.0,1079,2,2,0,3,1,8
2470.4698077590147,4,0.0,1079,2,2,0,3,1,8
2471.483289872005,4,0.0,1079,2,2,0,3,1,8
2472.4969572230184,4,0.0,1079,2,2,0,3,1,8
2473.511307333014,4,0.0,1079,2,2,0,3,1,8
2474.5261151030136,4,0.0,1079,2,2,0,3,1,8
2475.540075322002,4,0.0,1075,5,2,1,0,0,8
2476.5537053169974,4,0.0,1075,4,3,1,0,0,8
2477.5676049900067,4,0.0,1074,4,1,3,0,0,8
2478.580119318998,4,57.25,1074,1,3,3,1,0,8
2479.591463541001,4,0.0,1073,1,2,5,0,0,8
2480.605252734007,4,93.5,1073,1,2,2,3,0,8
2481.6188466479944,4,47.75,1072,2,2,2,0,2,8
2482.6329323850223,4,0.0,1069,2,4,2,0,0,8
2483.6414685400086,4,49.5,1069,1,3,4,0,0,8
2484.653830258001,4,69.5,1069,1,2,4,0,1,8
2485.6626266370004,4,53.75,1067,3,1,4,0,0,8
2486.6738875390147,4,23.0,1067,3,1,1,3,0,8
2487.6884325460123,4,23.25,1066,1,4,1,0,2,8
2488.702977990004,4,23.25,1063,3,4,1,0,0,8
2489.7145726580056,4,0.0,1063,1,5,2,0,0,8
2490.728624276002,4,22.5,1064,0,3,5,0,0,8
2491.7437120130053,4,23.5,1064,1,0,6,0,1,8
2492.7577658969967,4,94.25,1065,1,0,5,1,0,7
2493.7719351730193,4,47.25,1064,2,0,4,0,2,8
2494.782494126004,4,46.25,1062,1,3,4,0,0,8
2495.8003540180216,4,54.75,1062,0,2,6,0,0,8
2496.8128137320164,4,47.75,1062,0,0,7,0,1,8
2497.8237556050008,4,48.0,1061,0,1,7,0,0,8
2498.836792436021,4,80.5,1059,2,0,6,0,0,8
2499.8472955960024,4,96.0,1058,2,1,5,0,0,8
2500.860122895014,4,47.5,1058,1,1,5,1,0,8
2501.873902596999,4,94.25,1058,1,1,4,2,0,8
2502.887485462008,4,71.25,1058,1,1,3,3,0,8
2503.9009518170205,4,71.25,1058,1,1,3,3,0,8
2504.9147039859963,4,47.5,1058,1,1,1,5,0,8
2505.9288220519957,4,24.25,1058,1,1,1,5,0,8
2506.942421501997,4,0.0,1058,1,1,0,6,0,8
2507.9562231879972,4,0.0,1058,1,1,0,6,0,8
2508.9627609120216,4,0.0,1058,1,1,0,6,0,8
2509.976422664011,4,0.0,1058,1,1,0,6,0,8
2510.985432582005,4,0.0,1058,1,1,0,6,0,8
2511.9988710400066,4,0.0,1057,2,0,1,0,5,8
2513.0131128530193,4,0.0,1052,6,0,2,0,0,8
2514.021175147005,4,29.25,1052,0,5,3,0,0,8
2515.0343998690078,4,25.0,1052,0,3,5,0,0,8
2516.045177573018,4,71.5,1052,0,3,5,0,0,8
2517.0574362880143,4,69.75,1051,1,1,6,0,0,8
2518.0695084080216,4,70.75,1051,1,0,7,0,0,8
2519.081198266009,4,93.0,1051,0,0,8,0,0,8
2520.0929469240073,4,95.5,1051,0,0,8,0,0,8
2521.103977146995,4,79.5,1050,1,0,4,1,2,8
2522.113848681998,4,27.25,1046,4,1,3,0,0,8
2523.1271845280135,4,67.5,1045,3,3,2,0,0,8
2524.1407575500198,4,45.25,1045,3,1,4,0,0,8
2525.1542953610187,4,24.25,1045,0,1,7,0,0,8
2526.1681099220004,4,93.5,1045,0,1,6,0,1,8
2527.1815316280117,4,71.25,1045,0,1,5,1,1,8
2528.195280875021,4,51.25,1043,2,0,4,1,1,8
2529.209373920021,4,47.75,1040,4,1,3,0,0,8
2530.2210300980078,4,58.75,1041,2,2,4,0,0,8
2531.2352585640037,4,69.0,1041,0,3,4,0,1,8
2532.2488221150124,4,23.5,1040,1,0,7,0,0,8
2533.2618951869954,4,71.5,1040,1,0,4,3,0,8
2534.2751507170033,4,45.5,1036,4,0,4,0,0,8
2535.288908742019,4,70.25,1037,1,3,4,0,0,8
2536.3026530980133,4,36.0,1037,0,3,4,0,1,8
2537.3159816029947,4,72.75,1036,1,0,6,1,0,8
2538.3265039180114,4,53.5,1036,1,0,6,0,1,8
2539.340681054018,4,47.5,1035,1,1,5,0,0,7
2540.354332220013,4,70.5,1033,3,1,4,0,0,8
2541.367803686997,4,42.0,1032,1,2,4,0,1,8
2542.3819259410084,4,45.75,1031,2,0,6,0,0,8
2543.3917261550087,4,93.75,1031,2,0,4,2,0,8
2544.405371002009,4,93.25,1031,2,0,4,2,0,8
2545.4184470119944,4,52.0,1032,2,0,1,5,0,8
2546.4336033580184,4,23.5,1032,2,0,1,5,0,8
2547.447002158995,4,23.5,1032,2,0,0,6,0,8
2548.4530343940132,4,0.0,1033,2,0,0,6,0,8
2549.46658434,4,0.0,1033,2,0,0,6,0,8
2550.480283351004,4,0.0,1034,2,0,0,6,0,8
2551.4942666840216,4,0.0,1034,2,0,0,6,0,8
2552.5061260130024,4,0.0,1036,2,0,0,0,3,5
2553.5192323660012,4,0.0,1030,6,1,1,0,0,8
2554.5329038610216,4,25.0,1030,6,1,1,0,0,8
2555.5461291910033,4,23.0,1030,6,1,1,0,0,8
2556.5600564579945,4,23.5,1030,3,3,2,0,0,8
2557.5735678980127,4,25.25,1030,1,4,2,0,1,8
2558.587726090016,4,42.5,1029,2,1,5,0,0,8
2559.601539188996,4,34.25,1029,1,1,6,0,0,8
2560.614498680021,4,93.75,1029,0,2,5,0,1,8
2561.6286146710045,4,23.5,1029,1,0,6,1,0,8
2562.64224323901,4,93.5,1029,1,0,4,3,0,8
2563.6563400200102,4,66.75,1028,2,0,3,0,2,7
2564.6702274430136,4,50.5,1025,1,3,4,0,0,8
2565.6840949600155,4,74.0,1025,0,0,7,1,0,8
2566.697531381011,4,95.5,1025,0,0,6,2,0,8
2567.711308111,4,46.75,1023,2,0,4,1,1,8
2568.7231434709975,4,47.0,1022,2,2,3,1,0,8
2569.7369933490118,4,48.5,1022,2,2,3,0,1,8
2570.7482675939973,4,67.0,1022,3,0,3,0,1,7
2571.762228171021,4,23.5,1020,2,1,5,0,0,8
2572.773482079996,4,71.25,1020,0,1,6,0,1,8
2573.787227059016,4,46.5,1018,1,1,6,0,0,8
2574.800705341011,4,66.0,1017,2,1,4,1,0,8
2575.814847163012,4,40.75,1016,1,3,4,0,0,8
2576.8277997350087,4,83.75,1016,1,0,5,1,1,8
2577.8408492970048,4,55.0,1013,3,1,3,1,0,8
2578.855198027013,4,58.75,1012,1,2,5,0,0,8
2579.869213493017,4,43.0,1012,0,1,7,0,0,8
2580.881594203005,4,51.5,1010,2,0,5,1,0,8
2581.893287387007,4,37.25,1007,4,1,2,1,0,8
2582.9070900090155,4,34.5,1007,4,0,2,1,1,8
2583.919880752015,4,23.5,1007,4,0,2,1,1,8
2584.9349828289996,4,23.5,1008,4,0,2,1,1,8
2585.948524050007,4,23.25,1009,4,0,2,1,1,8
2586.9614227550046,4,23.5,1009,4,0,1,2,1,8
2587.974639131018,4,23.25,1009,4,0,0,3,1,8
2588.9889313800086,4,0.0,1009,4,0,0,3,1,8
2590.000074161013,4,0.0,1009,4,0,0,3,1,8
2591.0140331590082,4,0.0,1009,4,0,0,3,1,8
2592.027902158996,4,0.0,1009,4,0,0,3,1,8
2593.03696971701,4,0.0,1008,5,0,0,0,3,8
2594.050408893003,4,0.0,1005,7,0,1,0,0,8
2595.064906532003,4,23.5,1005,1,5,1,0,1,8
2596.0788462799974,4,11.5,1004,1,3,4,0,0,8
2597.090574372007,4,23.25,1002,2,1,5,0,0,8
2598.102629666013,4,46.5,1000,2,1,5,0,0,8
2599.115971849009,4,48.5,999,2,1,3,0,1,7
2600.125482439995,4,47.0,997,3,2,3,0,0,8
2601.135651328019,4,93.75,997,2,2,3,1,0,8
2602.147582845995,4,24.25,997,0,2,5,0,1,8
2603.1606052670104,4,90.25,995,2,0,6,0,0,8
2604.1690874159976,4,29.25,994,2,1,4,0,1,8
2605.181492191012,4,48.25,993,2,1,5,0,0,8
2606.1951649520197,4,97.0,993,0,2,6,0,0,8
2607.208748778008,4,45.0,993,0,0,8,0,0,8
2608.2195285260095,4,47.5,992,0,1,5,1,1,8
2609.2319994510035,4,60.5,991,1,1,4,0,1,7
2610.2450493850047,4,47.25,988,3,1,4,0,0,8
2611.257864494022,4,40.5,987,3,1,4,0,0,8
2612.269604689005,4,69.5,986,1,4,3,0,0,8
2613.283150992007,4,48.5,986,0,4,4,0,0,8
2614.294108016009,4,29.25,985,1,3,4,0,0,8
2615.3081053180213,4,70.0,985,0,3,5,0,0,8
2616.3215258239943,4,46.25,984,1,2,5,0,0,8
2617.334690037009,4,46.5,984,1,1,4,0,2,8
2618.348285198008,4,33.5,982,2,2,4,0,0,8
2619.364465605002,4,70.25,982,2,2,1,3,0,8
2620.378123167,4,23.5,982,2,2,0,4,0,8
2621.391895816021,4,0.0,982,2,2,0,4,0,8
2622.403988100996,4,0.0,982,2,2,0,4,0,8
2623.4177422710054,4,0.0,982,2,2,0,4,0,8
2624.431942010997,4,0.0,982,2,2,0,4,0,8
2625.4449075760203,4,0.0,982,2,2,0,4,0,8
2626.4583785660216,4,0.0,982,2,2,0,4,0,8
2627.472207003011,4,0.0,983,2,2,0,4,0,8
2628.48628478701,4,0.0,983,2,1,1,0,4,8
2629.500791572995,4,23.25,979,6,0,2,0,0,8
2630.5145501990046,4,34.5,979,4,2,2,0,0,8
2631.5282973030116,4,9.5,979,1,4,2,0,0,7
2632.542003392009,4,45.5,978,1,2,5,0,0,8
2633.555335564015,4,46.25,978,1,1,5,1,0,8
2634.5700590670167,4,47.0,977,1,1,6,0,0,8
2635.583968688996,4,87.75,976,1,1,6,0,0,8
2636.597658914019,4,66.0,976,1,0,6,0,1,8
2637.6119910480047,4,93.5,975,1,1,5,1,0,8
2638.6258212840185,4,58.5,974,1,1,6,0,0,8
2639.637818831019,4,70.75,973,1,1,6,0,0,8
2640.652055953018,4,57.0,973,1,1,5,0,1,8
2641.6655894220166,4,46.25,971,1,2,5,0,0,8
2642.6799842090113,4,46.5,970,2,2,4,0,0,8
2643.6934925760143,4,19.5,969,4,0,4,0,0,8
2644.706367014005,4,71.5,969,3,1,4,0,0,8
2645.7202462849964,4,24.0,969,2,3,3,0,0,8
2646.7341704489954,4,38.25,969,2,1,4,1,0,8
2647.756761969009,4,92.75,968,0,2,6,0,0,8
2648.7707917859952,4,48.0,967,1,1,6,0,0,8
2649.7847738550045,4,48.25,966,1,2,5,0,0,8
2650.796107347007,4,46.25,965,2,1,5,0,0,8
2651.809761981014,4,93.5,965,0,2,6,0,0,8
2652.823214281001,4,96.5,964,1,1,5,0,1,8
2653.8334758990095,4,78.0,962,2,1,5,0,0,8
2654.84849608902,4,38.5,962,1,1,6,0,0,8
2655.861618997995,4,94.5,962,1,1,5,1,0,8
2656.8755135060055,4,47.0,962,1,1,1,5,0,8
2657.8898155660136,4,23.5,962,1,1,1,5,0,8
2658.9137859920156,4,23.75,962,1,1,1,5,0,8
2659.927437620994,4,0.0,962,1,1,0,6,0,8
2660.941106960003,4,0.0,962,1,1,0,6,0,8
2661.9546177970187,4,0.0,962,1,1,0,6,0,8
2662.966674148018,4,0.0,962,1,1,0,6,0,8
2663.9802878250193,4,0.0,962,1,1,0,6,0,8
2664.9943953180045,4,0.0,962,1,1,0,6,0,8
2666.0049858270213,4,0.0,962,1,1,0,6,0,8
2667.018420784996,4,0.0,958,4,2,0,0,2,8
2668.029921870999,4,0.0,956,6,1,1,0,0,8
2669.0434618270083,4,0.0,956,2,4,1,0,1,8
2670.060094432003,4,21.75,955,2,4,1,0,1,8
2671.069857562019,4,24.75,954,1,4,2,1,0,8
2672.080977564008,4,63.75,953,2,3,3,0,0,8
2673.0945628240006,4,64.25,952,3,0,5,0,0,8
2674.1029270080035,4,70.0,952,0,2,5,0,1,8
2675.1126766969974,4,45.5,951,1,1,6,0,0,8
2676.1253353799984,4,62.5,948,3,1,4,0,0,8
2677.1385769339977,4,23.5,949,2,2,3,0,1,8
2678.152211342007,4,46.75,950,1,3,3,0,1,8
2679.161645610002,4,23.0,949,2,0,4,1,1,8
2680.1681407880096,4,16.5,950,3,1,3,0,1,8
2681.1826226350095,4,25.25,949,3,2,2,0,1,8
2682.1955778840056,4,46.75,948,1,4,3,0,0,8
2683.2096023560152,4,23.75,948,1,4,2,0,1,8
2684.2213535300107,4,59.75,949,2,1,5,0,0,8
2685.2334958080028,4,54.25,949,2,1,5,0,0,8
2686.2471430400037,4,51.0,949,1,2,3,0,2,8
2687.2613764580165,4,23.25,947,4,0,4,0,0,8
2688.274733329017,4,65.5,946,3,1,4,0,0,8
2689.289409443998,4,22.75,945,1,2,4,1,0,8
2690.302981746994,4,34.5,944,2,1,4,0,1,8
2691.3089924440137,4,46.5,944,2,1,4,0,1,8
2692.3211564910016,4,47.0,944,2,1,4,0,1,8
2693.3346693680214,4,35.25,944,2,1,2,2,1,8
2694.3468082030013,4,24.25,944,2,1,2,2,1,8
2695.3605694900034,4,23.0,944,2,1,1,3,1,8
2696.374274886999,4,23.25,944,2,1,1,3,1,8
2697.3879712140188,4,0.0,944,2,1,0,4,1,8
2698.402166461019,4,0.0,944,2,1,0,4,1,8
2699.415860597015,4,0.0,944,2,1,0,4,1,8
2700.4295129740203,4,0.0,944,2,1,0,4,1,8
2701.442422752996,4,0.0,943,3,0,1,0,4,8
2702.455874428997,4,23.25,939,3,3,2,0,0,8
2703.4700736600207,4,25.0,938,1,6,1,0,0,8
2704.481027991016,4,14.75,938,1,3,3,0,1,8
2705.4953288130055,4,47.5,937,0,3,4,0,1,8
2706.5087672140216,4,60.5,936,1,2,5,0,0,8
2707.5191533780016,4,24.25,934,3,1,4,0,0,8
2708.5329588570166,4,64.25,933,1,3,4,0,0,8
2709.5468709889974,4,47.5,932,1,3,3,0,1,8
2710.560513791017,4,45.25,931,2,2,4,0,0,8
2711.574972597009,4,35.75,931,1,2,4,0,1,8
2712.5876278280048,4,58.75,929,3,0,5,0,0,8
2713.601544267003,4,33.5,929,1,2,5,0,0,8
2714.6149893880065,4,24.75,928,1,1,5,1,0,8
2715.629884487018,4,47.5,926,2,2,4,0,0,8
2716.6435717419954,4,58.25,924,3,1,4,0,0,8
2717.655492832011,4,43.5,923,1,3,4,0,0,8
2718.669541323994,4,22.25,923,0,2,6,0,0,8
2719.6836351050006,4,95.25,923,0,0,7,0,1,8
2720.697225923999,4,46.0,921,2,0,4,0,2,8
2721.711363778013,4,55.5,919,3,1,4,0,0,8
2722.7222894050064,4,45.25,919,0,2,5,1,0,8
2723.7359634030145,4,33.25,917,2,0,6,0,0,8
2724.7495878420013,4,63.75,916,1,2,5,0,0,8
2725.7634338030184,4,58.5,915,1,2,5,0,0,8
2726.776686705998,4,25.25,914,2,0,5,0,1,8
2727.790830603015,4,58.75,913,1,0,5,2,0,8
2728.803530221019,4,71.0,913,1,0,2,5,0,8
2729.8163757570146,4,23.0,913,1,0,1,6,0,8
2730.827504611021,4,23.25,913,1,0,1,6,0,8
2731.8417821430194,4,23.5,913,1,0,1,6,0,8
2732.8556886680017,4,0.0,913,1,0,0,7,0,8
2733.869184976007,4,0.0,913,1,0,0,7,0,8
2734.883096537,4,0.0,913,1,0,0,7,0,8
2735.8969731940015,4,0.0,913,1,0,0,7,0,8
2736.911045371002,4,0.0,913,1,0,0,7,0,8
2737.924642166996,4,0.0,913,1,0,0,6,1,8
2738.9371473010106,4,0.0,906,7,1,0,0,0,8
2739.949947369023,4,0.0,906,7,0,1,0,0,8
2740.963198340003,4,61.75,906,0,4,2,1,1,8
2741.9771899670013,4,23.5,904,2,2,4,0,0,8
2742.989806548023,4,71.75,904,1,2,5,0,0,8
2744.003381171002,4,23.25,903,1,2,5,0,0,8
2745.017083193001,4,71.0,902,1,2,4,0,1,8
2746.0314694260014,4,59.5,900,3,1,4,0,0,8
2747.04502730901,4,32.25,899,3,1,4,0,0,8
2748.055336999998,4,23.5,898,2,2,4,0,0,8
2749.0693498720066,4,57.25,898,2,3,2,0,1,8
2750.090304504003,4,40.75,898,1,4,3,0,0,8
2751.103673634003,4,28.0,898,1,4,2,0,1,8
2752.116689941002,4,57.25,897,0,3,5,0,0,8
2753.129970748996,4,89.0,897,1,1,4,2,0,8
2754.1433583530015,4,33.5,894,3,2,3,0,0,8
2755.157002443011,4,23.5,893,4,1,2,1,0,8
2756.170857801015,4,2.0,892,1,5,1,0,1,8
2757.1807088259957,4,1.5,891,2,5,0,0,1,8
2758.197478891001,4,51.5,892,3,1,3,0,1,8
2759.2133246860176,4,0.0,892,3,1,3,0,1,8
2760.227272026008,4,0.0,891,2,3,2,0,1,8
2761.241381658998,4,47.25,890,3,1,4,0,0,8
2762.2538252180093,4,68.25,890,0,3,4,0,1,8
2763.266894114,4,35.25,889,1,2,5,0,0,8
2764.2805705690116,4,69.75,888,1,0,7,0,0,8
2765.2930995729985,4,47.25,886,2,1,5,0,0,8
2766.3068417530158,4,93.75,886,2,1,5,0,0,8
2767.321451096999,4,93.75,886,2,1,2,3,0,8
2768.332219919015,4,46.5,886,2,1,2,3,0,8
2769.3455642290064,4,46.75,887,2,1,1,4,0,8
2770.3602139709983,4,24.0,888,2,1,1,4,0,8
2771.373896189005,4,23.25,888,2,1,1,4,0,8
2772.3878504780005,4,0.0,888,2,1,0,5,0,8
2773.401498743013,4,0.0,888,2,1,0,5,0,8
2774.4155863829947,4,0.0,888,2,1,0,5,0,8
2775.42953783102,4,0.0,888,2,1,0,5,0,8
2776.442390736018,4,23.0,889,2,0,1,0,5,8
2777.4564736750035,4,17.75,883,5,2,0,0,1,8
2778.470001046022,4,1.0,883,2,3,2,0,1,8
2779.4837005160225,4,4.0,882,3,1,4,0,0,8
2780.4925331360137,4,57.25,882,0,1,7,0,0,8
2781.503397320019,4,46.75,881,1,0,7,0,0,8
2782.517179507995,4,93.5,880,1,0,6,0,1,8
2783.5293788069976,4,46.5,879,2,1,5,0,0,8
2784.5411661440157,4,50.0,879,1,1,6,0,0,8
2785.55446313601,4,8.75,878,1,0,7,0,0,8
2786.5679402830137,4,94.75,878,1,0,7,0,0,8
2787.581925981998,4,26.5,877,1,1,6,0,0,8
2788.5956998949987,4,45.0,877,1,1,6,0,0,8
2789.607274490001,4,54.75,879,0,1,6,1,0,8
2790.619344544015,4,40.25,878,1,0,6,1,0,8
2791.6333448840014,4,23.0,877,2,0,4,1,1,8
2792.6469892870227,4,46.5,878,2,0,2,3,1,8
2793.6606836080027,4,23.0,878,1,1,2,0,3,7
2794.6746051160153,4,1.0,875,2,2,3,0,1,8
2795.6923424029956,4,32.5,874,1,3,1,1,2,8
2796.707299614005,4,0.0,871,3,3,2,0,0,8
2797.7175863909943,4,48.0,871,3,2,1,2,0,8
2798.7314339940203,4,23.5,871,3,2,0,3,0,8
2799.7458059570054,4,3.0,869,2,2,3,0,1,8
2800.759344317019,4,33.0,867,4,1,3,0,0,8
2801.7733452579996,4,66.75,867,0,2,6,0,0,8
2802.7814640419965,4,23.25,866,1,2,4,1,0,8
2803.7938298610097,4,74.5,866,0,0,5,2,1,8
2804.8076552120037,4,71.5,866,0,0,4,3,1,8
2805.821426577022,4,62.5,865,1,0,4,0,3,8
2806.83534354702,4,70.5,862,2,2,4,0,0,8
2807.8493674640195,4,23.75,861,1,2,4,1,0,8
2808.8627434869995,4,37.5,860,1,1,6,0,0,8
2809.8754392810224,4,46.75,859,1,1,5,1,0,8
2810.8872285929974,4,94.25,858,2,1,1,2,1,7
2811.9009486559953,4,23.5,858,2,1,0,3,1,7
2812.9142214670137,4,0.0,858,2,1,0,3,1,7
2813.9276159270084,4,0.0,858,2,1,0,3,1,7
2814.941616972006,4,0.0,858,2,1,0,3,1,7
2815.952162949019,4,0.0,858,2,1,0,3,1,7
2816.9643512420007,4,0.0,858,2,1,0,3,1,7
2817.9873626450135,4,0.0,858,2,1,0,3,1,7
2819.0004383490013,4,0.0,858,2,1,0,3,1,7
2820.0143495200027,4,0.0,858,2,1,0,3,1,7
2821.0279143060034,4,0.0,858,2,1,0,3,1,7
2822.0402830110106,4,0.0,858,2,1,0,3,1,7
2823.0539517319994,4,0.0,857,3,1,0,2,2,8
2824.0669093500182,4,0.0,856,4,1,0,0,3,8
2825.0804941609967,4,0.0,854,6,0,1,0,0,7
2826.094132761995,4,0.0,854,6,0,0,1,0,7
2827.1068047070003,4,0.0,853,7,0,0,0,1,8
2828.120627938013,4,0.0,852,3,4,1,0,0,8
2829.130342908,4,25.0,851,1,4,3,0,0,8
2830.1482528560155,4,32.25,851,1,1,3,0,3,8
2831.1620764450054,4,0.0,847,5,1,0,0,2,8
2832.1716814160172,4,0.0,845,7,1,0,0,0,8
2833.183100888011,4,0.0,845,5,2,1,0,0,8
2834.1969053040084,4,0.0,845,0,6,1,0,1,8
2835.210925729014,4,46.75,845,0,5,2,0,1,8
2836.219927049009,4,22.0,844,1,3,4,0,0,8
2837.23367418602,4,46.5,841,4,1,2,1,0,8
2838.2469401770213,4,23.25,840,4,1,1,0,2,8
2839.2584519200027,4,11.75,840,4,1,0,1,2,8
2840.2720803580014,4,19.0,840,3,1,1,0,3,8
2841.2857392920123,4,19.0,838,3,2,3,0,0,8
2842.2981806060125,4,17.25,838,1,4,3,0,0,8
2843.3119768440083,4,70.25,837,1,1,6,0,0,8
2844.324454308022,4,46.5,836,1,0,7,0,0,8
2845.338102939015,4,93.25,836,1,0,5,2,0,8
2846.352161292016,4,70.75,836,1,0,3,4,0,8
2847.3658796950185,4,46.5,834,2,1,3,0,2,8
2848.377975837997,4,82.0,832,0,3,4,0,1,8
2849.392696071998,4,24.25,830,2,2,4,0,0,8
2850.406088650023,4,88.0,829,1,1,6,0,0,8
2851.420212621015,4,34.75,827,3,0,5,0,0,8
2852.4339026689995,4,72.5,827,3,0,3,2,0,8
2853.448604225996,4,47.5,827,2,1,2,0,3,8
2854.462113474001,4,0.0,824,3,3,2,0,0,8
2855.4764642090013,4,26.25,823,1,5,2,0,0,8
2856.485659875005,4,31.75,823,1,5,2,0,0,8
2857.499782375002,4,47.25,823,1,5,2,0,0,8
2858.513562260021,4,23.0,823,1,5,0,2,0,8
2859.5277277010027,4,0.0,823,1,5,0,2,0,8
2860.5420065270155,4,0.0,824,1,5,0,2,0,8
2861.555746438011,4,0.0,824,1,5,0,2,0,8
2862.569470493996,4,0.0,824,1,5,0,2,0,8
2863.58315767601,4,0.0,824,1,5,0,2,0,8
2864.5965189069975,4,0.0,824,1,5,0,2,0,8
2865.6107513830066,4,0.0,824,1,5,0,2,0,8
2866.6243356940104,4,0.0,824,1,5,0,2,0,8
2867.638105040998,4,2.0,824,1,5,0,1,1,8
2868.6518425100076,4,0.0,824,1,3,2,0,2,8
2869.6631265059987,4,17.5,824,1,4,2,0,1,8
2870.677122766996,4,54.0,822,2,2,4,0,0,8
2871.690928046999,4,46.5,822,2,2,1,3,0,8
2872.7046626580122,4,23.25,822,2,2,1,3,0,8
2873.718264691008,4,45.0,820,3,2,3,0,0,8
2874.732626245008,4,35.5,819,2,3,2,0,1,8
2875.7463018349954,4,49.5,817,2,1,4,1,0,8
2876.7603704950016,4,71.25,818,2,1,2,3,0,8
2877.7738779930223,4,47.25,818,1,2,1,0,4,8
2878.78702913702,4,3.5,813,6,1,1,0,0,8
2879.7991359180014,4,0.0,812,6,2,0,0,0,8
2880.812860439997,4,23.75,812,0,5,3,0,0,8
2881.8273701760045,4,0.0,811,2,3,3,0,0,8
2882.838823508995,4,45.25,811,2,3,1,2,0,8
2883.852815891005,4,14.25,811,2,3,1,0,2,8
2884.8663039980165,4,1.75,809,4,1,2,0,1,8
2885.879912738019,4,47.5,808,4,1,3,0,0,8
2886.894860015018,4,74.0,807,4,0,4,0,0,8
2887.908484515996,4,48.25,806,1,2,5,0,0,8
2888.9218692470167,4,46.75,806,0,2,5,0,1,8
2889.932722323021,4,89.25,805,1,2,4,0,1,8
2890.9468583599955,4,69.75,804,1,2,4,0,1,8
2891.957318486995,4,48.0,802,1,2,5,0,0,8
2892.964041255007,4,47.0,800,3,1,4,0,0,8
2893.9763619360165,4,30.25,800,2,2,4,0,0,8
2894.987500061019,4,90.75,799,1,1,6,0,0,8
2895.9995230259956,4,23.5,796,4,0,3,0,1,8
2897.0081344830105,4,48.5,794,6,0,2,0,0,8
2898.021899597021,4,24.0,794,6,0,1,1,0,8
2899.0358812670165,4,23.25,794,6,0,0,2,0,8
2900.04832965901,4,0.0,794,6,0,0,2,0,8
2901.057693640003,4,0.0,794,6,0,0,2,0,8
2902.0715133720078,4,0.0,794,6,0,0,2,0,8
2903.085234794009,4,0.0,794,6,0,0,2,0,8
2904.1097965920053,4,0.0,794,6,0,0,2,0,8
2905.123340852995,4,0.0,794,6,0,0,2,0,8
2906.137603729003,4,0.0,794,6,0,0,2,0,8
2907.14947608902,4,0.0,794,6,0,0,2,0,8
2908.1629896630184,4,0.0,794,5,1,0,0,2,8
2909.176865071,4,0.0,793,6,1,0,0,1,8
2910.1904408959963,4,9.5,792,2,2,4,0,0,8
2911.2016070650134,4,1.25,790,2,2,4,0,0,8
2912.213310000021,4,48.75,789,1,2,5,0,0,8
2913.226700391009,4,45.75,788,1,3,4,0,0,8
2914.240617833013,4,69.75,787,1,2,5,0,0,8
2915.2514910050086,4,92.75,787,0,0,7,0,1,8
2916.265401482,4,71.75,786,1,0,6,0,1,8
2917.2786166949954,4,54.0,783,2,2,4,0,0,8
2918.3475122920063,4,29.25,783,2,2,4,0,0,8
2919.3614705690125,4,39.25,782,1,3,4,0,0,8
2920.3749433750054,4,46.0,783,2,2,4,0,0,8
2921.399334537011,4,52.5,782,2,2,3,1,0,8
2922.412959690002,4,40.75,781,2,2,3,0,1,8
2923.4266751010146,4,23.5,782,1,3,3,1,0,8
2924.442782875005,4,62.75,780,3,2,3,0,0,8
2925.4555007360177,4,60.5,779,3,2,2,0,1,8
2926.467994130013,4,0.0,778,4,0,4,0,0,8
2927.4855402219982,4,58.0,777,2,3,3,0,0,8
2928.499072542996,4,70.25,777,1,2,5,0,0,8
2929.5098528579983,4,39.5,776,1,2,5,0,0,8
2930.520993291022,4,51.25,776,1,1,4,1,1,8
2931.5317716090067,4,67.5,776,1,1,2,3,1,8
2932.5455153789953,4,23.5,773,4,0,4,0,0,8
2933.5585875600227,4,79.25,774,1,2,4,0,1,8
2934.572282639012,4,46.25,773,1,3,3,0,1,8
2935.5862466960098,4,63.75,773,1,2,2,2,1,8
2936.6037381850183,4,47.0,772,2,0,3,1,1,7
2937.617735231004,4,31.75,768,2,2,3,1,0,8
2938.6320397189993,4,47.0,768,3,1,3,0,1,8
2939.6607358900073,4,47.25,769,3,1,1,2,1,8
2940.674718971015,4,0.0,769,3,1,0,3,1,8
2941.6886171789956,4,0.0,769,3,1,0,3,1,8
2942.7008379269973,4,0.0,769,3,1,0,3,1,8
2943.713467769994,4,0.0,769,3,1,0,3,1,8
2944.726941427012,4,0.0,769,3,1,0,3,1,8
2945.7394781190087,4,0.0,769,3,1,0,3,1,8
2946.753838258999,4,0.0,769,3,1,0,3,1,8
2947.766426193004,4,0.0,769,3,1,0,3,1,8
2948.7811671170057,4,0.0,769,3,1,0,3,1,8
2949.7949381320213,4,0.0,769,3,1,0,3,1,8
2950.8055566620023,4,0.0,767,4,2,0,0,2,8
2951.8192689930147,4,0.0,765,4,4,0,0,0,8
2952.8342051010113,4,25.0,765,2,4,2,0,0,8
2953.844535145996,4,22.25,765,2,3,2,1,0,8
2954.8577506430156,4,47.0,765,2,3,2,1,0,8
2955.8712615279946,4,24.5,765,0,3,1,1,3,8
2956.8825438439962,4,23.25,762,4,3,1,0,0,8
2957.8944175330107,4,17.75,762,4,2,2,0,0,8
2958.908593185013,4,48.5,761,3,3,2,0,0,8
2959.9223926590057,4,23.5,762,1,5,2,0,0,8
2960.936422298022,4,23.25,762,1,4,3,0,0,8
2961.947831767,4,70.5,763,1,4,3,0,0,8
2962.9618485429964,4,70.5,763,1,2,4,1,0,8
2963.975328966015,4,47.25,766,1,2,3,1,1,8
2964.989375256002,4,46.5,764,2,1,4,1,0,8
2966.002355072007,4,65.25,763,1,2,4,0,1,8
2967.0102323770116,4,58.25,762,2,0,5,0,1,8
2968.018240506004,4,74.0,761,1,2,4,0,1,8
2969.032649004017,4,35.25,760,2,1,5,0,0,8
2970.046577961999,4,69.5,760,2,1,3,2,0,8
2971.0602845429967,4,47.75,760,2,1,1,4,0,8
2972.085739382019,4,23.25,760,2,1,0,2,3,8
2973.099649957003,4,0.0,755,6,2,0,0,0,8
2974.113611445995,4,0.75,755,4,3,1,0,0,8
2975.1278589389985,4,44.5,755,0,4,4,0,0,8
2976.140436562011,4,35.0,755,0,1,7,0,0,8
2977.154667070019,4,94.0,755,0,1,6,1,0,8
2978.1681677110028,4,93.25,755,0,1,4,3,0,8
2979.1814512120036,4,70.75,755,0,1,3,4,0,8
2980.1958396130067,4,47.25,755,0,1,2,5,0,8
2981.2092654269945,4,45.75,749,6,0,2,0,0,8
2982.2165002920083,4,23.5,748,7,0,1,0,0,8
2983.2303930000053,4,23.5,748,3,3,2,0,0,8
2984.243895982014,4,21.5,748,1,3,4,0,0,8
2985.257594405004,4,70.25,748,1,3,4,0,0,8
2986.2716939950187,4,70.0,748,1,2,5,0,0,8
2987.2855538460135,4,93.5,748,1,2,4,1,0,8
2988.3031178160163,4,70.5,748,1,2,3,2,0,8
2989.316918544995,4,23.25,748,1,2,1,4,0,8
2990.3305115760013,4,0.0,748,1,2,0,5,0,8
2991.3394899130217,4,0.0,748,1,2,0,5,0,8
2992.3530824400077,4,0.0,749,1,2,0,5,0,8
2993.365683312004,4,0.0,749,1,2,0,5,0,8
2994.3772576060146,4,0.0,749,1,2,0,5,0,8
2995.3911917450023,4,0.0,750,1,2,0,5,0,8
2996.4030508630094,4,0.0,750,1,2,0,5,0,8
2997.4143485770037,4,0.0,751,1,2,0,5,0,8
2998.4256360100117,4,0.0,751,1,2,0,5,0,8
2999.439578991005,4,0.0,751,1,2,0,5,0,8
3000.4519032679964,4,0.0,751,1,1,1,0,5,8
3001.4657084479986,4,23.5,746,5,2,1,0,0,8
3002.4795369880158,4,23.25,747,1,5,2,0,0,8
3003.492178910994,4,0.0,750,2,3,3,0,0,8
3004.5056454760197,4,52.75,750,2,3,2,1,0,8
3005.5146565310133,4,23.75,751,2,3,0,3,0,8
3006.5203818000155,4,0.0,752,2,2,1,3,0,8
3007.5323463040113,4,22.75,751,2,4,1,0,1,8
3008.5433547830035,4,24.5,751,3,2,3,0,0,8
3009.5574506419944,4,45.75,751,1,3,4,0,0,8
3010.5707009799953,4,46.5,751,1,3,3,1,0,8
3011.5836976520077,4,47.0,751,1,2,2,3,0,8
3012.597286788019,4,8.25,749,3,2,1,1,1,8
3013.6067119740183,4,12.75,750,5,1,2,0,0,8
3014.620536599017,4,42.0,750,4,1,3,0,0,8
3015.634290627,4,47.25,750,4,1,1,2,0,8
3016.647671873012,4,0.0,750,4,1,0,3,0,8
3017.661600766005,4,0.0,750,4,1,0,3,0,8
3018.675129448995,4,25.0,747,4,2,2,0,0,8
3019.6889853720204,4,0.0,746,4,1,3,0,0,8
3020.7018905120203,4,47.0,746,1,4,1,2,0,8
3021.7159560040163,4,24.25,746,1,4,1,2,0,8
3022.73013623702,4,0.0,746,1,4,0,0,3,8
3023.7424665590224,4,0.0,744,1,4,3,0,0,8
3024.756215616013,4,47.0,743,1,3,3,0,1,8
3025.7698381020164,4,47.25,743,1,3,2,1,1,8
3026.784324020002,4,24.25,743,1,3,2,1,1,8
3027.7952535079967,4,49.0,742,2,2,3,0,1,8
3028.8056845260144,4,5.25,741,1,3,4,0,0,8
3029.819143346016,4,72.0,740,1,2,5,0,0,8
3030.8303899019957,4,79.5,740,1,2,3,2,0,8
3031.8420539869985,4,46.0,740,1,2,1,2,2,8
3032.855773309013,4,7.75,736,4,3,1,0,0,8
3033.869446180004,4,13.25,736,4,1,3,0,0,8
3034.8818247970194,4,37.5,736,4,0,4,0,0,8
3035.89937326801,4,94.5,736,4,0,3,1,0,8
3036.9101929320022,4,47.25,736,4,0,1,3,0,8
3037.923675796017,4,23.5,736,4,0,1,3,0,8
3038.936781274999,4,23.25,736,3,1,1,0,3,8
3039.9502622010186,4,0.0,736,1,3,1,0,3,8
3040.961600600014,4,47.0,735,2,2,2,0,1,7
3041.974907340016,4,23.5,735,2,2,1,1,1,7
3042.988781799999,4,23.25,735,2,2,0,2,1,7
3044.0010678819963,4,0.0,735,2,2,0,2,1,7
3045.0149537490215,4,0.0,735,2,2,0,2,1,7
3046.0399227559974,4,0.0,735,2,2,0,2,1,7
3047.053662360995,4,0.0,736,2,2,0,2,1,7
3048.062342678022,4,0.0,736,2,2,0,2,1,7
3049.0725573380187,4,0.0,736,2,2,0,2,1,7
3050.0861721480032,4,0.0,736,2,2,0,2,1,7
3051.1007452729973,4,0.0,736,2,2,0,2,1,7
3052.1148441380064,4,0.0,736,2,2,0,2,1,7
3053.1269560630026,4,0.0,736,2,2,0,2,1,7
3054.1410802809987,4,0.0,736,2,2,0,2,1,7
3055.154814281006,4,0.0,735,4,1,1,0,2,8
3056.1663410630135,4,23.75,735,4,1,1,0,1,7
3057.1796119830105,4,0.0,735,4,1,0,1,1,7
3058.1897807810165,4,0.0,733,6,1,0,0,1,8
3059.2035087569966,4,0.0,732,7,1,0,0,0,8
3060.217235542019,4,0.0,732,5,2,1,0,0,8
3061.2312261089974,4,46.5,732,5,1,2,0,0,8
3062.2443818960164,4,24.5,732,5,1,1,1,0,8
3063.2581004179956,4,23.25,732,5,1,1,1,0,8
3064.271809070022,4,23.5,732,5,1,1,1,0,8
3065.2829072879977,4,23.5,732,0,6,1,0,1,8
3066.2965711900033,4,23.25,731,1,6,1,0,0,8
3067.305154767004,4,48.75,731,1,3,4,0,0,8
3068.319460610015,4,34.0,730,2,2,4,0,0,8
3069.3322515990003,4,28.25,729,2,1,4,0,1,8
3070.3462836109975,4,69.75,729,2,0,5,0,1,8
3071.3598415370216,4,71.0,727,3,1,3,0,1,8
3072.3733026970003,4,0.0,727,3,1,2,1,1,8
3073.3872998580046,4,23.5,727,3,1,2,1,1,8
3074.395041857002,4,24.0,727,3,1,2,1,1,8
3075.4087390130153,4,24.0,726,2,3,2,0,1,8
3076.4229945080006,4,23.25,724,2,4,2,0,0,8
3077.4383510379994,4,32.25,724,2,1,4,0,1,8
3078.451791096013,4,64.25,724,2,1,2,2,1,8
3079.466134973016,4,24.5,721,4,1,2,0,1,8
3080.479613244999,4,9.75,721,4,1,1,1,1,8
3081.493618763023,4,24.5,721,4,1,1,0,1,7
3082.5074848070217,4,24.25,719,5,1,2,0,0,8
3083.5212513680162,4,14.0,719,5,0,3,0,0,8
3084.5346774360223,4,35.5,719,3,2,3,0,0,8
3085.548611469014,4,47.0,719,3,2,2,1,0,8
3086.562680670002,4,23.5,719,3,2,0,3,0,8
3087.5760627260024,4,0.0,719,3,2,0,3,0,8
3088.5903659810137,4,0.0,717,4,3,0,0,1,8
3089.603854776011,4,0.0,717,2,3,2,0,0,7
3090.6168481170025,4,0.0,716,3,2,3,0,0,8
3091.6302618400077,4,40.0,716,3,1,3,1,0,8
3092.6438947500137,4,46.25,716,3,1,3,1,0,8
3093.658062683011,4,46.75,716,3,1,3,1,0,8
3094.6712203490024,4,46.5,715,4,0,3,0,1,8
3095.684944270004,4,68.5,714,2,0,6,0,0,8
3096.701073682023,4,93.25,714,2,0,5,1,0,8
3097.714547200012,4,47.5,714,2,0,1,5,0,8
3098.728361328016,4,0.0,714,2,0,0,6,0,8
3099.7421608120203,4,0.0,714,2,0,0,6,0,8
3100.7556241010025,4,0.0,714,2,0,0,6,0,8
3101.770000051998,4,0.0,714,2,0,0,6,0,8
3102.7825567160035,4,0.0,714,2,0,0,6,0,8
3103.7959578520095,4,0.0,714,2,0,0,6,0,8
3104.8096244629996,4,0.0,714,2,0,0,6,0,8
3105.8237946130103,4,0.0,714,2,0,0,6,0,8
3106.8345822450065,4,0.0,714,2,0,0,6,0,8
3107.8479101679986,4,0.0,714,2,0,0,6,0,8
3108.8620262760087,4,0.0,715,2,0,0,6,0,8
3109.8732434310077,4,0.0,712,5,0,0,0,3,8
3110.8866847070167,4,0.0,712,4,0,1,0,3,8
3111.898791365995,4,23.5,712,4,0,1,0,3,8
3112.912259678007,4,23.5,712,4,0,0,1,3,8
3113.923711216019,4,0.0,712,4,0,0,0,4,8
3114.937182424008,4,0.0,708,6,2,0,0,0,8
3115.95097910802,4,0.0,708,6,2,0,0,0,8
3116.96533146,4,0.0,708,6,2,0,0,0,8
3117.976842439006,4,0.0,708,3,2,3,0,0,8
3118.9908434270183,4,70.25,708,0,4,4,0,0,8
3120.003526018001,4,45.75,708,0,3,4,1,0,8
3121.017402130994,4,47.5,708,0,3,4,1,0,8
3122.0309717920027,4,47.75,708,0,3,2,3,0,8
3123.038346788002,4,47.25,708,0,2,3,2,1,8
3124.0461050379963,4,70.75,708,0,2,3,2,1,8
3125.056098583009,4,47.25,704,4,1,2,0,1,8
3126.0702326309984,4,46.75,704,1,2,3,1,0,7
3127.079685389006,4,44.75,702,2,3,3,0,0,8
3128.093757313007,4,35.75,701,2,1,5,0,0,8
3129.1072384190047,4,28.75,701,1,1,6,0,0,8
3130.119253459008,4,93.75,701,1,1,6,0,0,8
3131.132747109019,4,94.5,701,1,1,4,2,0,8
3132.146397719014,4,67.5,701,1,1,2,4,0,8
3133.16697809202,4,47.25,701,1,1,2,4,0,8
3134.1772093960026,4,24.25,697,4,1,3,0,0,8
3135.190860964998,4,52.25,696,5,0,3,0,0,8
3136.204498025996,4,47.25,696,5,0,2,1,0,8
3137.218424376013,4,23.75,696,5,0,1,2,0,8
3138.2321754340082,4,23.5,696,4,1,1,2,0,8
3139.2549656979972,4,0.0,696,2,3,2,0,1,8
3140.2689603960025,4,23.0,695,2,3,2,1,0,8
3141.282423961995,4,71.5,694,2,3,3,0,0,8
3142.2963664040144,4,70.5,694,2,3,3,0,0,8
3143.310151334008,4,47.5,694,2,2,3,1,0,8
3144.3237998440163,4,47.25,694,0,3,3,1,1,8
3145.338249599008,4,13.5,692,2,1,5,0,0,8
3146.350216113002,4,94.5,692,2,0,6,0,0,8
3147.3638534890197,4,88.0,692,2,0,4,2,0,8
3148.3787448480143,4,37.75,692,2,0,1,5,0,8
3149.392476872017,4,23.75,688,4,1,2,0,0,7
3150.40599828001,4,28.75,687,0,4,4,0,0,8
3151.416459793021,4,35.5,687,0,4,3,1,0,8
3152.427844621998,4,56.25,687,0,4,2,2,0,8
3153.4418164119998,4,0.0,687,0,4,0,4,0,8
3154.455516371003,4,0.0,687,0,4,0,4,0,8
3155.4691441460163,4,0.0,687,0,4,0,4,0,8
3156.4832573670137,4,0.0,687,0,4,0,4,0,8
3157.4969043080055,4,0.0,687,0,4,0,4,0,8
3158.5102845750225,4,0.0,687,0,4,0,4,0,8
3159.5235338399943,4,0.0,687,0,4,0,4,0,8
3160.537003439007,4,0.0,688,0,4,0,4,0,8
3161.5504960170074,4,0.0,688,0,4,0,4,0,8
3162.564195536019,4,0.0,688,0,4,0,4,0,8
3163.578293418017,4,0.0,688,0,4,0,4,0,8
3164.5920490100107,4,0.0,688,0,4,0,4,0,8
3165.6060018690187,4,0.0,688,0,4,0,4,0,8
3166.6196755230194,4,0.0,688,0,4,0,4,0,8
3167.6334322030016,4,0.0,688,0,4,0,4,0,8
3168.647428444994,4,0.0,688,0,4,0,4,0,8
3169.6609149160213,4,22.0,686,2,2,2,0,2,8
3170.6708164470037,4,48.5,684,2,3,3,0,0,8
3171.684768564999,4,26.0,684,1,3,3,0,1,8
3172.696130555996,4,71.0,684,0,2,5,0,1,8
3173.710279737017,4,71.25,684,0,2,3,2,1,8
3174.723786785995,4,70.5,684,0,1,2,3,2,8
3175.737961271021,4,47.0,684,0,1,2,3,2,8
3176.7518129170057,4,47.25,684,0,1,2,3,2,8
3177.764082973008,4,23.0,679,5,1,1,0,1,8
3178.7781328840065,4,48.25,678,6,0,1,1,0,8
3179.7920631540183,4,0.0,677,1,6,0,1,0,8
3180.8058984210074,4,48.5,677,1,2,4,1,0,8
3181.8195813409984,4,47.0,677,1,2,4,1,0,8
3182.8324684100226,4,47.0,677,1,2,2,3,0,8
3183.846653106011,4,47.25,677,1,2,1,4,0,8
3184.860171580018,4,23.5,677,1,2,1,4,0,8
3185.870594920998,4,23.5,674,4,1,2,0,0,7
3186.879811243998,4,61.0,673,3,2,3,0,0,8
3187.8910977019987,4,45.75,673,0,4,3,0,1,8
3188.901730269019,4,51.0,674,0,4,3,0,1,8
3189.914192077995,4,70.25,674,0,4,2,1,1,8
3190.926293296012,4,39.5,673,1,3,3,0,1,8
3191.938329294004,4,48.5,672,2,0,5,1,0,8
3192.9525568750105,4,95.25,672,2,0,4,1,1,8
3193.963160465006,4,47.5,670,3,2,3,0,0,8
3194.979504165007,4,47.0,670,4,1,3,0,0,8
3195.993464330997,4,48.5,670,1,2,4,1,0,8
3197.0069943040144,4,71.0,670,1,2,3,2,0,8
3198.020713191014,4,46.75,670,0,3,3,2,0,8
3199.031925101008,4,47.0,670,0,3,2,3,0,8
3200.0459059110144,4,23.0,670,0,3,0,5,0,8
3201.056274603994,4,21.0,666,4,2,1,0,1,8
3202.070418498013,4,25.0,665,5,1,1,1,0,8
3203.0815586840035,4,25.0,665,1,2,3,1,1,8
3204.0965687530115,4,47.75,665,1,2,1,3,1,8
3205.1032863870205,4,23.5,664,1,2,2,0,3,8
3206.116451925016,4,23.25,662,4,2,2,0,0,8
3207.1304798360215,4,47.25,662,4,2,2,0,0,8
3208.142512021004,4,23.5,662,4,1,1,2,0,8
3209.1563884570205,4,47.75,662,4,1,1,2,0,8
3210.1699041940155,4,25.0,661,5,1,2,0,0,8
3211.1834572119988,4,72.25,661,1,2,5,0,0,8
3212.1957804750127,4,80.75,661,0,3,4,1,0,8
3213.208907657012,4,46.75,661,0,3,3,2,0,8
3214.2163568590186,4,0.0,661,0,3,0,5,0,8
3215.2293942940014,4,16.5,661,0,2,1,5,0,8
3216.243097279017,4,23.5,661,0,2,1,5,0,8
3217.2570746200217,4,23.5,661,0,2,0,6,0,8
3218.2704638699943,4,0.0,661,0,2,0,6,0,8
3219.2856660840043,4,0.0,661,0,2,0,6,0,8
3220.299480053014,4,0.0,661,0,2,0,6,0,8
3221.3146970829985,4,0.0,661,0,2,0,6,0,8
3222.3361109899997,4,0.0,661,0,2,0,6,0,8
3223.349251595995,4,0.0,662,0,2,0,6,0,8
3224.3636491640063,4,0.0,662,0,2,0,6,0,8
3225.3772170990123,4,0.0,662,0,2,0,6,0,8
3226.388840288011,4,0.0,662,0,2,0,6,0,8
3227.4005148590077,4,0.0,662,0,2,0,6,0,8
3228.424307630019,4,0.0,662,0,2,0,6,0,8
3229.4381252950116,4,0.0,662,0,2,0,1,5,8
3230.4522376010136,4,0.0,656,6,1,1,0,0,8
3231.463782189996,4,20.0,656,0,6,2,0,0,8
3232.477729678998,4,24.0,657,0,5,3,0,0,8
3233.49150247901,4,66.0,657,0,5,1,2,0,8
3234.503059509996,4,23.0,657,0,4,1,3,0,8
3235.516482592997,4,0.0,657,0,3,1,4,0,8
3236.5304056460154,4,22.75,657,0,3,1,4,0,8
3237.5440693970013,4,23.5,655,2,2,2,0,0,6
3238.557975352014,4,47.25,652,4,3,1,0,0,8
3239.5720680720115,4,1.25,652,3,3,2,0,0,8
3240.585496137006,4,23.75,652,3,3,2,0,0,8
3241.5993545230012,4,23.0,652,3,3,1,0,1,8
3242.613162859023,4,23.5,652,3,3,1,0,1,8
3243.624168470007,4,71.0,652,2,1,4,0,0,7
3244.635502225021,4,96.75,651,0,3,5,0,0,8
3245.648663180007,4,70.75,651,0,3,4,1,0,8
3246.65932609202,4,71.5,651,0,3,1,4,0,8
3247.6726640370034,4,47.75,651,0,2,2,4,0,8
3248.686726295011,4,47.0,651,0,2,2,4,0,8
3249.701173883019,4,70.75,651,0,1,3,4,0,8
3250.7136557680205,4,65.5,646,5,0,1,0,2,8
3251.7275025249983,4,14.5,644,5,2,1,0,0,8
3252.741515911999,4,21.75,644,0,4,4,0,0,8
3253.75518662401,4,47.5,644,0,4,2,2,0,8
3254.7687834240205,4,22.5,644,0,4,1,3,0,8
3255.779854567023,4,23.25,644,0,4,1,3,0,8
3256.7933881100034,4,23.5,643,1,4,1,0,2,8
3257.8073397940025,4,23.5,643,1,4,1,0,1,7
3258.820913419011,4,0.0,641,3,3,2,0,0,8
3259.834790936002,4,24.5,640,1,3,4,0,0,8
3260.8434862779977,4,23.5,640,1,2,4,1,0,8
3261.8542377609992,4,93.0,641,1,2,3,2,0,8
3262.8680497360183,4,23.75,641,1,2,1,3,1,8
3263.8822041700187,4,23.5,641,1,2,1,3,1,8
3264.895889876003,4,23.25,641,1,2,1,1,3,8
3265.9088121420064,4,25.0,637,4,2,1,0,1,8
3266.9215797350043,4,0.0,634,5,3,0,0,0,8
3267.9311359279964,4,21.5,635,2,3,3,0,0,8
3268.9446711210185,4,47.75,635,2,3,2,1,0,8
3269.958604261017,4,24.0,636,2,3,0,3,0,8
3270.9722402300104,4,0.0,636,2,3,0,3,0,8
3271.986116661021,4,0.0,636,2,3,0,2,1,8
3273.006154755014,4,0.0,633,5,1,2,0,0,8
3274.02021961601,4,35.75,633,1,3,4,0,0,8
3275.054680886009,4,46.25,635,0,4,2,0,2,8
3276.068680199998,4,49.75,635,0,2,2,2,2,8
3277.082203026017,4,46.0,635,0,2,2,2,2,8
3278.0958725550154,4,47.0,636,0,2,2,2,2,8
3279.1045915150025,4,47.0,636,0,2,1,3,2,8
3280.1183019670134,4,23.5,636,0,2,1,3,2,8
3281.131995142001,4,0.0,636,0,2,0,4,2,8
3282.145794643002,4,0.0,637,0,2,0,4,2,8
3283.165572979022,4,0.0,638,0,2,0,4,2,8
3284.1797906669963,4,0.0,639,0,2,0,4,2,8
3285.1937899170152,4,0.0,640,0,2,0,4,2,8
3286.207706561021,4,0.0,640,0,2,0,4,2,8
3287.2216342720203,4,0.0,640,0,2,0,4,2,8
3288.234998585016,4,0.0,641,0,2,0,4,2,8
3289.2475828590104,4,0.0,641,0,2,0,4,2,8
3290.2583474120183,4,0.0,641,0,2,0,4,2,8
3291.27198910102,4,0.0,641,0,2,0,4,2,8
3292.2874161729997,4,0.0,641,0,2,0,4,2,8
3293.301302611013,4,0.0,642,0,1,1,4,2,8
3294.315754320007,4,23.0,643,0,1,1,1,5,8
3295.329391876003,4,23.5,639,5,1,1,0,0,7
3296.3435940950003,4,23.5,637,2,4,2,0,0,8
3297.3530299600097,4,41.0,638,1,5,2,0,0,8
3298.3663958200195,4,46.0,639,1,5,2,0,0,8
3299.38060793202,4,47.5,639,1,5,0,2,0,8
3300.394193576998,4,0.0,639,1,5,0,2,0,8
3301.4077401609975,4,24.25,639,1,4,0,3,0,8
3302.421582976007,4,0.0,639,1,4,0,2,1,8
3303.436147442,4,0.0,639,1,4,0,2,1,8
3304.449198314018,4,23.5,638,3,2,1,0,2,8
3305.461256695009,4,41.25,636,5,1,2,0,0,8
3306.4704636649985,4,47.25,636,5,1,2,0,0,8
3307.484007437015,4,23.5,636,5,1,2,0,0,8
3308.4989551610197,4,23.5,636,5,1,1,1,0,8
3309.51051434502,4,23.5,636,5,1,1,1,0,8
3310.52436628702,4,23.5,636,5,1,1,1,0,8
3311.5375044200046,4,23.5,636,5,1,0,2,0,8
3312.551565297006,4,0.0,636,5,1,0,1,1,8
3313.5631681150116,4,23.75,635,7,0,1,0,0,8
3314.5772358050162,4,0.0,635,2,3,3,0,0,8
3315.58806931501,4,23.75,637,2,3,3,0,0,8
3316.6019638790167,4,47.0,638,2,3,2,1,0,8
3317.6182892850193,4,47.5,638,2,3,1,2,0,8
3318.6319921690156,4,23.25,638,2,3,1,2,0,8
3319.642893197015,4,23.5,638,1,1,4,0,2,8
3320.6570083000115,4,23.75,635,3,2,2,0,1,8
3321.670997283014,4,24.25,634,4,0,3,0,0,7
3322.6842748950003,4,48.75,633,5,0,2,1,0,8
3323.6979882620217,4,23.5,634,5,0,1,2,0,8
3324.707610831014,4,0.0,634,5,0,0,3,0,8
3325.720410645008,4,0.0,637,0,5,0,0,3,8
3326.7361704140203,4,0.0,638,0,5,0,0,3,8
3327.749473165022,4,0.0,639,0,5,0,0,2,7
3328.7632667490107,4,0.0,636,3,5,0,0,0,8
3329.781249863998,4,25.0,639,3,4,1,0,0,8
3330.794618896005,4,23.75,639,3,4,1,0,0,8
3331.8092162579997,4,23.5,640,3,3,2,0,0,8
3332.81968689902,4,23.5,641,3,3,2,0,0,8
3333.8324281889945,4,47.75,642,3,3,2,0,0,8
3334.845157072996,4,46.75,644,3,3,1,1,0,8
3335.8570045829983,4,0.0,644,3,1,3,0,1,8
3336.873275293008,4,0.0,643,4,1,2,0,0,7
3337.8874403609952,4,23.5,643,6,1,1,0,0,8
3338.9009441160015,4,23.5,644,6,1,0,1,0,8
3339.914636706002,4,0.0,644,6,1,0,1,0,8
3340.9284617850208,4,0.0,644,6,1,0,1,0,8
3341.942196443997,4,0.0,646,6,1,0,1,0,8
3342.955967865011,4,0.0,646,6,1,0,1,0,8
3343.9697811250226,4,0.0,649,6,1,0,1,0,8
3344.9805260600115,4,0.0,649,6,1,0,1,0,8
3345.9979844100017,4,0.0,650,6,1,0,1,0,8
3347.0096978200017,4,0.0,650,6,1,0,1,0,8
3348.023543420015,4,0.0,651,6,1,0,1,0,8
3349.0373900289997,4,0.0,651,6,1,0,1,0,8
3350.0513277380087,4,0.0,651,6,1,0,1,0,8
3351.0622655840125,4,0.0,651,6,1,0,1,0,8
3352.0763317010133,4,0.0,652,6,1,0,1,0,8
3353.0903277860198,4,0.0,652,6,1,0,1,0,8
3354.0985403440136,4,0.0,653,6,1,0,1,0,8
3355.1120872879983,4,0.0,653,6,0,1,0,1,8
3356.1259171919955,4,23.0,653,4,2,2,0,0,8
3357.1404308140045,4,47.75,654,1,4,3,0,0,8
3358.1541419020214,4,26.25,654,1,3,4,0,0,8
3359.1677995469945,4,69.25,655,1,3,3,1,0,8
3360.179181348998,4,69.0,657,1,2,3,0,2,8
3361.1929808389978,4,24.75,655,2,2,3,1,0,8
3362.206768914999,4,6.0,654,3,0,4,1,0,8
3363.221235612,4,21.5,653,1,3,4,0,0,8
3364.234958393994,4,13.75,652,2,3,2,0,1,8
3365.24754612401,4,23.5,650,4,1,3,0,0,8
3366.257646645012,4,52.0,652,1,2,5,0,0,8
3367.271292927995,4,25.0,652,1,2,5,0,0,8
3368.2850723410083,4,94.25,653,1,2,4,1,0,8
3369.298823599005,4,55.0,652,1,1,6,0,0,8
3370.312535596022,4,49.25,652,1,1,6,0,0,8
3371.3262672060227,4,93.5,652,1,1,6,0,0,8
3372.33986830301,4,46.25,652,2,1,4,1,0,8
3373.353720304003,4,58.0,650,2,1,5,0,0,8
3374.3674253320205,4,51.5,650,2,0,5,1,0,8
3375.381613164005,4,69.75,650,2,0,3,3,0,8
3376.3953058519983,4,47.75,646,4,2,1,0,1,8
3377.4056108090153,4,23.25,645,1,3,4,0,0,8
3378.417991908005,4,31.5,645,1,2,5,0,0,8
3379.4321352920088,4,58.75,644,1,1,5,0,1,8
3380.444665307994,4,23.25,643,2,1,5,0,0,8
3381.4572301860026,4,72.5,645,2,1,4,1,0,8
3382.470990735019,4,32.5,643,3,1,4,0,0,8
3383.4848556390207,4,47.25,642,3,2,3,0,0,8
3384.4979363500024,4,23.25,642,3,0,5,0,0,8
3385.511855799996,4,95.0,643,3,0,5,0,0,8
3386.524125519005,4,50.25,645,1,1,5,0,1,8
3387.536527880002,4,45.75,644,2,0,3,3,0,8
3388.549535551021,4,24.25,641,4,2,2,0,0,8
3389.562905980012,4,63.75,642,4,0,4,0,0,8
3390.576707772998,4,23.5,642,4,0,2,2,0,8
3391.5903687550162,4,23.75,644,4,0,1,3,0,8
3392.6044147030043,4,23.25,644,4,0,0,4,0,8
3393.6183891340042,4,0.0,644,4,0,0,4,0,8
3394.6291531730094,4,0.0,645,4,0,0,4,0,8
3395.639744721004,4,0.0,645,4,0,0,4,0,8
3396.6534439230163,4,0.0,645,4,0,0,4,0,8
3397.667381117004,4,0.0,645,4,0,0,4,0,8
3398.6813848080055,4,0.0,646,4,0,0,4,0,8
3399.694969906006,4,0.0,646,4,0,0,4,0,8
3400.709210191999,4,0.0,647,4,0,0,4,0,8
3401.72096033502,4,0.0,648,4,0,0,4,0,8
3402.7351612430066,4,0.0,648,4,0,0,4,0,8
3403.7519530980207,4,0.0,650,4,0,0,4,0,8
3404.7684747760068,4,0.0,650,5,0,0,0,2,7
3405.782101830002,4,0.0,647,5,3,0,0,0,8
3406.794739316014,4,0.0,647,1,6,1,0,0,8
3407.8073114720173,4,23.75,649,1,6,1,0,0,8
3408.820901012019,4,23.5,650,1,5,2,0,0,8
3409.831338879012,4,72.75,650,1,1,6,0,0,8
3410.8453967219975,4,67.5,649,1,2,5,0,0,8
3411.859135103994,4,11.0,649,1,2,2,1,2,8
3412.873202957009,4,47.75,646,5,1,1,1,0,8
3413.886970063002,4,24.0,645,2,3,3,0,0,8
3414.900983091007,4,47.0,647,2,2,4,0,0,8
3415.914987519005,4,47.5,647,1,3,3,0,1,8
3416.927329577011,4,46.75,647,1,3,1,2,1,8
3417.9419677130063,4,23.5,644,3,2,3,0,0,8
3418.9556646890123,4,48.5,643,1,4,3,0,0,8
3419.96780810802,4,49.75,642,2,2,4,0,0,8
3420.9813002250157,4,70.25,642,2,2,2,2,0,8
3421.995132261014,4,47.5,643,1,2,3,0,2,8
3423.0088436230144,4,45.75,641,2,3,1,0,2,8
3424.017418086005,4,34.0,639,5,1,2,0,0,8
3425.0387969400035,4,41.5,641,5,1,2,0,0,8
3426.051517271,4,32.5,641,3,2,3,0,0,8
3427.0657603639993,4,5.0,640,2,3,3,0,0,8
3428.0735830670164,4,43.25,639,1,4,3,0,0,8
3429.0883454790164,4,46.25,638,1,3,4,0,0,8
3430.0982205080218,4,59.0,638,1,2,4,1,0,8
3431.1247476710123,4,23.75,636,2,1,2,3,0,8
3432.136330100009,4,23.5,637,2,1,2,3,0,8
3433.1446564000216,4,47.0,634,5,0,2,0,0,7
3434.1532153580047,4,47.75,634,3,2,3,0,0,8
3435.16454567702,4,55.0,634,0,3,5,0,0,8
3436.1782723270007,4,70.25,634,0,3,4,1,0,8
3437.1918629739957,4,95.0,635,1,1,5,1,0,8
3438.2042680210143,4,60.25,634,1,1,5,1,0,8
3439.2181735589984,4,23.25,635,1,1,3,0,3,8
3440.2322850479977,4,23.0,634,4,1,2,0,1,8
3441.24358076902,4,12.0,634,4,1,3,0,0,8
3442.255245210021,4,24.0,634,4,1,1,2,0,8
3443.26904910701,4,0.0,634,4,1,0,3,0,8
3444.282768825011,4,0.0,634,4,1,0,3,0,8
3445.296521156997,4,0.0,634,4,1,0,3,0,8
3446.3104134360037,4,0.0,634,4,1,0,3,0,8
3447.3244268670096,4,0.0,635,4,1,0,3,0,8
3448.3386448530073,4,0.0,636,4,1,0,3,0,8
3449.352077938005,4,0.0,637,4,1,0,3,0,8
3450.3659754249966,4,0.0,638,4,1,0,3,0,8
3451.378068310005,4,0.0,638,4,1,0,3,0,8
3452.387467220018,4,0.0,638,4,1,0,3,0,8
3453.4009836250043,4,0.0,640,4,1,0,3,0,8
3454.4149679490074,4,0.0,640,4,1,0,3,0,8
3455.428775827022,4,0.0,640,0,5,0,3,0,8
3456.441588212998,4,0.0,638,3,5,0,0,0,8
3457.455560161994,4,0.0,639,1,4,3,0,0,8
3458.4693888860056,4,71.5,640,0,2,6,0,0,8
3459.483611728996,4,69.75,640,0,1,6,0,1,8
3460.4973457040032,4,64.75,638,2,1,4,0,1,8
3461.51199932702,4,51.75,639,2,2,4,0,0,8
3462.525672095013,4,32.25,639,2,3,2,0,1,8
3463.5394203890173,4,71.75,638,1,3,4,0,0,8
3464.552375935018,4,43.25,638,0,1,7,0,0,8
3465.564909705019,4,95.0,639,0,1,5,2,0,8
3466.576492423017,4,71.25,637,3,0,5,0,0,8
3467.590534713003,4,30.5,636,3,2,3,0,0,8
3468.602453169995,4,23.25,637,2,3,2,0,1,8
3469.6162805740023,4,23.25,636,3,0,5,0,0,8
3470.627207970014,4,46.75,635,2,2,3,1,0,8
3471.6407759030117,4,49.25,636,2,2,2,1,1,8
3472.6544026430056,4,39.0,639,1,1,2,0,4,8
3473.666517328995,4,24.25,635,4,2,2,0,0,8
3474.6782507000025,4,23.0,635,0,3,5,0,0,8
3475.692726759007,4,44.0,636,0,3,5,0,0,8
3476.7063040310168,4,94.75,636,0,3,4,1,0,8
3477.7189110880136,4,47.25,635,2,0,6,0,0,8
3478.731438390998,4,56.0,634,1,2,5,0,0,8
3479.745524468017,4,70.25,636,0,2,6,0,0,8
3480.7575852690206,4,24.25,636,1,0,6,1,0,8
3481.770400815003,4,65.0,635,2,1,4,0,1,8
3482.783312086016,4,72.25,635,2,1,3,1,1,8
3483.797305009997,4,29.25,632,4,3,0,1,0,8
3484.8109770879964,4,25.0,631,1,5,2,0,0,8
3485.8248605919944,4,35.0,631,0,5,2,1,0,8
3486.838467285008,4,47.75,631,0,3,4,1,0,8
3487.8514097400184,4,43.5,631,0,2,4,0,2,8
3488.865428523015,4,45.25,630,2,2,1,3,0,8
3489.878496392019,4,23.25,628,3,2,3,0,0,8
3490.8925835840055,4,66.25,628,3,1,4,0,0,8
3491.9066934669972,4,48.25,630,1,1,6,0,0,8
3492.9176282219996,4,56.25,630,1,1,4,2,0,8
3493.931192965014,4,70.75,630,1,1,2,3,1,8
3494.942419493018,4,43.5,628,3,2,1,0,2,8
3495.954757355008,4,14.75,626,5,1,2,0,0,8
3496.9687044589955,4,23.25,626,5,1,0,2,0,8
3497.9822260240035,4,0.0,627,5,1,0,2,0,8
3498.9964223630086,4,0.0,628,5,1,0,2,0,8
3500.0103956380044,4,0.0,629,5,1,0,2,0,8
3501.0232976900006,4,0.0,629,5,1,0,2,0,8
3502.0370589499944,4,0.0,629,5,1,0,2,0,8
3503.0508041580033,4,0.0,629,5,1,0,2,0,8
3504.0664626400103,4,0.0,630,5,1,0,2,0,8
3505.0801099660166,4,0.0,630,5,1,0,2,0,8
3506.093468649022,4,0.0,630,5,1,0,2,0,8
3507.1069843170117,4,0.0,630,5,1,0,2,0,8
3508.121492834005,4,0.0,632,4,2,0,1,1,8
3509.135131778021,4,0.0,632,2,4,0,0,2,8
3510.1444228060136,4,16.75,632,3,3,1,0,1,8
3511.1557421180187,4,23.25,634,3,2,2,0,0,7
3512.1704061870114,4,19.25,635,4,0,4,0,0,8
3513.1845601430105,4,59.0,635,0,2,5,0,1,8
3514.1976372369973,4,71.25,634,1,0,7,0,0,8
3515.208542961016,4,24.0,633,1,1,4,0,0,6
3516.2224306930148,4,68.5,631,2,2,3,1,0,8
3517.233747972001,4,48.0,631,2,2,2,2,0,8
3518.2474792910216,4,47.25,629,4,1,1,1,1,8
3519.2619216690073,4,0.0,627,6,2,0,0,0,8
3520.2683625410136,4,68.25,629,1,3,3,0,1,8
3521.2860812309955,4,46.75,627,2,3,3,0,0,8
3522.300398035004,4,40.0,627,2,1,5,0,0,8
3523.3112831680046,4,95.0,627,2,0,4,2,0,8
3524.32475146302,4,70.0,624,5,1,2,0,0,8
3525.335351351998,4,47.5,624,4,2,2,0,0,8
3526.356270974007,4,46.0,627,4,2,2,0,0,8
3527.370215692994,4,1.5,628,2,0,6,0,0,8
3528.3832082670124,4,55.0,628,1,0,5,1,1,8
3529.395986357995,4,80.75,627,2,0,5,0,1,8
3530.405539642001,4,94.25,627,2,0,3,2,1,8
3531.419587801007,4,42.25,623,6,1,1,0,0,8
3532.4294729910034,4,52.5,623,3,3,2,0,0,8
3533.441864440014,4,48.75,624,1,3,3,0,1,8
3534.455827957019,4,47.0,623,2,2,3,0,1,8
3535.469930335006,4,48.75,621,2,2,3,0,1,8
3536.483572429017,4,47.25,621,3,2,2,1,0,8
3537.497224808001,4,47.0,621,3,2,2,0,1,8
3538.5117590040027,4,47.0,620,3,3,2,0,0,8
3539.525915096019,4,45.75,621,3,1,4,0,0,8
3540.537942737021,4,26.0,621,2,1,3,2,0,8
3541.551556214021,4,70.5,622,1,1,4,0,2,8
3542.564790594013,4,71.5,619,3,1,3,0,1,8
3543.5781039940193,4,29.5,616,5,2,1,0,0,8
3544.591910563002,4,14.75,616,1,3,3,1,0,8
3545.600861052022,4,71.0,616,1,3,2,2,0,8
3546.614991616021,4,47.0,616,3,3,2,0,0,8
3547.629034019017,4,65.75,615,2,4,2,0,0,8
3548.643489456008,4,24.75,615,0,3,1,4,0,8
3549.6574752629967,4,23.75,615,0,3,1,4,0,8
3550.6714011070144,4,23.25,616,0,3,0,5,0,8
3551.6889682080073,4,0.0,616,0,3,0,5,0,8
3552.7032155439956,4,0.0,616,0,3,0,5,0,8
3553.716659188998,4,0.0,617,0,3,0,5,0,8
3554.7307127060194,4,0.0,618,0,3,0,5,0,8
3555.7448639100185,4,0.0,619,0,3,0,5,0,8
3556.7583707040176,4,0.0,620,0,3,0,5,0,8
3557.7725689510116,4,0.0,621,0,3,0,5,0,8
3558.785987264011,4,0.0,622,0,3,0,5,0,8
3559.7995478880184,4,0.0,622,0,3,0,5,0,8
3560.8130808290152,4,0.0,623,0,3,0,0,5,8
3561.8268356870103,4,0.25,618,5,1,2,0,0,8
3562.8408081720117,4,47.0,620,0,4,3,0,1,8
3563.854420071002,4,23.25,621,0,4,1,2,1,8
3564.8682810559985,4,0.0,621,0,4,0,3,1,8
3565.8797504100075,4,0.0,617,4,3,1,0,0,8
3566.8856430840096,4,48.5,617,1,5,2,0,0,8
3567.899513442011,4,1.0,619,1,2,5,0,0,8
3568.9131978829973,4,68.25,618,1,3,4,0,0,8
3569.9251446650014,4,47.5,620,1,1,6,0,0,8
3570.9389894049964,4,52.5,621,3,1,3,1,0,8
3571.9529799750017,4,23.5,623,2,3,3,0,0,8
3572.9637145060115,4,47.75,623,2,3,3,0,0,8
3573.975933128997,4,47.0,624,2,3,1,0,2,8
3574.986664468015,4,22.75,622,4,1,3,0,0,8
3576.001362058014,4,74.0,622,0,2,6,0,0,8
3577.014552277018,4,71.25,625,0,1,5,2,0,8
3578.027981772,4,93.5,629,0,1,3,0,4,8
3579.0337084420025,4,46.5,626,2,2,3,0,1,8
3580.045855980017,4,39.25,626,1,2,4,0,1,8
3581.058170277014,4,48.5,626,0,1,6,0,1,8
3582.0718163650017,4,27.5,626,1,1,5,1,0,8
3583.0867377209943,4,61.5,625,1,1,6,0,0,8
3584.0989806849975,4,69.75,625,1,1,4,2,0,8
3585.112551005004,4,46.5,625,1,1,2,4,0,8
3586.125366412016,4,46.75,625,1,0,2,0,0,3
3587.1343603029964,4,32.25,620,1,3,4,0,0,8
3588.160766200017,4,72.0,622,0,4,3,1,0,8
3589.167332201003,4,47.25,622,0,4,3,1,0,8
3590.180180113006,4,48.75,619,3,1,3,0,1,8
3591.1939870750066,4,46.5,619,0,3,5,0,0,8
3592.2080283480173,4,6.0,618,1,1,6,0,0,8
3593.2218239880167,4,94.75,618,1,1,5,1,0,8
3594.2371002610016,4,70.25,617,2,1,2,1,2,8
3595.251214463002,4,11.5,615,3,2,1,0,2,8
3596.266710893018,4,0.0,613,4,1,3,0,0,8
3597.2809421420097,4,21.75,612,1,5,1,0,1,8
3598.292139391997,4,47.75,611,1,5,2,0,0,8
3599.305853511003,4,47.25,611,1,4,1,2,0,8
3600.320245622017,4,24.25,611,0,4,2,0,2,8
3601.333825612004,4,8.5,609,2,4,1,0,1,8
3602.3480808180175,4,0.0,608,3,2,3,0,0,8
3603.3618262679956,4,23.5,608,3,1,4,0,0,8
3604.3755787720147,4,70.25,608,3,1,3,1,0,8
3605.38986327601,4,24.25,608,3,1,1,3,0,8
3606.403253380995,4,23.5,608,3,1,1,3,0,8
3607.416944344004,4,23.5,608,3,1,1,3,0,8
3608.4304297619965,4,23.5,608,3,1,0,4,0,8
3609.440029560006,4,0.0,608,3,1,0,4,0,8
3610.4537931570085,4,0.0,608,3,1,0,4,0,8
3611.468067386013,4,0.0,608,3,1,0,4,0,8
3612.475510639022,4,0.0,608,3,1,0,4,0,8
3613.4894182790013,4,0.0,608,3,1,0,4,0,8
3614.5033393070044,4,0.0,608,3,1,0,4,0,8
3615.5170607750188,4,0.0,608,3,1,0,4,0,8
3616.528277146019,4,0.0,608,3,1,0,4,0,8
3617.5419160420133,4,0.0,608,3,1,0,4,0,8
3618.5583239620028,4,0.0,608,3,0,1,0,4,8
3619.572533649014,4,15.0,604,4,1,2,0,1,8
3620.586195800017,4,31.25,604,4,1,1,1,1,8
3621.6010890970065,4,0.0,604,4,1,0,2,1,8
3622.613527081994,4,22.0,601,5,2,1,0,0,8
3623.627301679022,4,25.0,600,2,3,3,0,0,8
3624.6353772669972,4,48.0,600,0,1,6,0,1,8
3625.649429576006,4,71.0,600,1,0,4,2,1,8
3626.6629867840093,4,53.75,597,3,1,2,0,2,8
3627.6775267390185,4,23.25,595,2,4,1,0,1,8
3628.69080376302,4,2.5,594,2,4,1,1,0,8
3629.704598204,4,47.5,594,2,2,2,1,1,8
3630.719559752004,4,23.5,593,3,2,2,0,1,8
3631.7319689410215,4,36.25,591,2,2,4,0,0,8
3632.746608333022,4,74.25,591,1,0,7,0,0,8
3633.759998474008,4,70.0,589,3,0,3,2,0,8
3634.773967490997,4,42.5,589,3,0,0,5,0,8
3635.788246229,4,0.0,589,2,1,0,0,5,8
3636.800366120995,4,0.0,584,7,1,0,0,0,8
3637.81460631502,4,11.75,585,3,2,2,1,0,8
3638.827527097019,4,23.25,585,0,5,0,1,2,8
3639.840661780996,4,1.0,583,2,2,3,0,1,8
3640.854333177005,4,23.0,582,3,2,2,1,0,8
3641.8687345689978,4,48.25,582,3,2,2,0,1,8
3642.88253326001,4,23.75,581,2,3,3,0,0,8
3643.896669498994,4,35.0,581,1,3,3,0,1,8
3644.9098180349974,4,70.5,580,1,0,6,0,1,8
3645.9234978010063,4,49.5,580,2,1,2,1,2,8
3646.9402806920116,4,26.25,578,3,2,3,0,0,8
3647.952304044011,4,48.25,577,1,4,3,0,0,8
3648.960518197011,4,23.25,577,1,3,4,0,0,8
3649.974144995009,4,47.75,577,1,3,1,3,0,8
3650.986402566021,4,23.25,577,1,3,1,0,3,8
3652.000337805017,4,0.0,574,3,3,1,0,1,8
3653.014057504013,4,22.75,573,2,4,2,0,0,8
3654.022256395023,4,23.0,573,2,3,3,0,0,8
3655.030659518001,4,28.0,573,2,3,0,3,0,8
3656.0451144750114,4,19.5,570,4,3,1,0,0,8
3657.0531971910095,4,24.5,570,3,2,3,0,0,8
3658.069247233012,4,24.25,570,3,2,3,0,0,8
3659.083112379012,4,47.25,570,3,2,3,0,0,8
3660.096768988995,4,46.25,570,3,2,1,2,0,8
3661.1272764379974,4,23.25,570,3,2,1,2,0,8
3662.139761246013,4,23.25,570,3,2,1,2,0,8
3663.1540495960217,4,23.5,570,3,2,1,2,0,8
3664.1675501950085,4,14.75,570,3,2,0,3,0,8
3665.1805023550114,4,0.0,570,3,2,0,3,0,8
3666.1943424089986,4,0.0,570,3,2,0,3,0,8
3667.202732517995,4,0.0,570,3,2,0,3,0,8
3668.216417945019,4,0.0,570,3,2,0,3,0,8
3669.2306414119957,4,0.0,570,3,2,0,3,0,8
3670.245049320016,4,0.0,570,3,2,0,3,0,8
3671.25832223802,4,0.0,570,3,2,0,3,0,8
3672.269757875998,4,0.5,570,3,0,2,0,3,8
3673.283057248016,4,46.75,569,1,2,3,0,0,6
3674.2972313229984,4,47.0,567,0,5,3,0,0,8
3675.3108704950137,4,26.0,566,1,3,4,0,0,8
3676.324740340002,4,71.25,566,1,3,3,1,0,8
3677.3381849029975,4,46.75,566,1,3,1,3,0,8
3678.3522967330064,4,47.0,567,1,1,3,0,2,7
3679.366007642995,4,5.75,564,4,1,2,0,1,8
3680.377287350013,4,20.0,563,5,1,2,0,0,8
3681.391157809994,4,44.25,563,1,4,3,0,0,8
3682.405214903003,4,29.0,563,0,3,4,0,0,7
3683.418760727014,4,71.0,562,1,3,4,0,0,8
3684.42742376402,4,47.0,562,1,2,4,0,1,8
3685.436212401022,4,65.25,560,1,2,4,1,0,8
3686.447619044018,4,46.25,559,2,0,6,0,0,8
3687.4611080000177,4,19.0,558,2,1,3,0,2,8
3688.477492236998,4,26.0,556,1,2,5,0,0,8
3689.4921933680016,4,45.75,556,0,2,3,2,1,8
3690.5005427029973,4,47.0,556,0,2,1,3,2,8
3691.515183381998,4,23.75,551,5,1,2,0,0,8
3692.52896480402,4,46.0,551,1,2,5,0,0,8
3693.542825176002,4,68.25,551,0,1,7,0,0,8
3694.5565568449965,4,94.75,551,0,1,5,0,2,8
3695.577913760004,4,67.5,549,2,0,6,0,0,8
3696.5903033930226,4,69.25,548,1,1,4,2,0,8
3697.6043130400067,4,29.75,544,4,1,3,0,0,8
3698.617921942001,4,6.0,544,4,1,1,0,2,8
3699.6318969870044,4,23.25,541,5,2,1,0,0,8
3700.6453181219986,4,0.0,541,5,2,0,1,0,8
3701.6593518300215,4,10.25,540,3,2,3,0,0,8
3702.6705180169956,4,23.25,540,1,3,2,0,2,8
3703.684169304004,4,23.75,538,3,2,2,0,1,8
3704.6979978430027,4,23.25,538,4,2,2,0,0,8
3705.707815214002,4,24.5,538,4,1,2,0,1,8
3706.7194369880017,4,21.0,537,3,2,3,0,0,8
3707.733502935007,4,69.75,538,0,3,5,0,0,8
3708.747097031999,4,77.75,538,0,1,6,1,0,8
3709.7612292419944,4,70.25,537,1,1,5,0,1,8
3710.7745672580204,4,54.5,535,2,1,4,0,1,8
3711.7872510400193,4,66.0,533,3,2,2,0,1,8
3712.800965344999,4,13.0,532,4,2,2,0,0,8
3713.81348324602,4,23.75,532,4,2,1,1,0,8
3714.8276871179987,4,0.0,530,6,1,1,0,0,8
3715.838060987997,4,0.0,532,6,1,0,1,0,8
3716.851550141,4,0.0,532,6,1,0,1,0,8
3717.8658904629992,4,0.0,534,6,1,0,1,0,8
3718.8796097760205,4,0.0,535,6,1,0,1,0,8
3719.892295448022,4,0.0,535,6,1,0,1,0,8
3720.9029870840022,4,0.0,535,6,1,0,1,0,8
3721.9169582769973,4,0.0,535,6,1,0,1,0,8
3722.930459455005,4,0.0,535,6,1,0,1,0,8
3723.9433080760064,4,0.0,535,6,1,0,1,0,8
3724.9507461620087,4,0.0,536,6,1,0,1,0,8
3725.964812701015,4,0.0,536,6,1,0,1,0,8
3726.9753542109975,4,0.0,536,6,1,0,1,0,8
3727.9886497950065,4,0.0,536,6,1,0,1,0,8
3729.001683452021,4,0.0,536,6,1,0,1,0,8
3730.015621603001,4,25.0,536,2,2,2,1,1,8
3731.0252569639997,4,23.5,534,2,4,2,0,0,8
3732.0398788000166,4,64.75,534,0,2,6,0,0,8
3733.0522148330056,4,80.25,534,0,2,4,2,0,8
3734.065688531002,4,47.0,534,0,2,2,3,1,8
3735.0790283880197,4,46.25,531,4,2,1,0,1,8
3736.092649512022,4,23.5,530,3,4,1,0,0,8
3737.10673969402,4,23.25,530,2,3,2,0,1,8
3738.1124393659993,4,3.0,529,3,2,3,0,0,8
3739.12628123202,4,48.5,528,1,4,3,0,0,8
3740.1402299799956,4,25.25,527,2,4,2,0,0,8
3741.1521139060205,4,46.25,526,3,2,3,0,0,8
3742.165954170021,4,47.25,526,3,2,2,1,0,8
3743.1798102940083,4,47.5,526,3,1,3,0,1,8
3744.1927942680195,4,47.25,526,2,3,3,0,0,8
3745.2065036690037,4,28.75,526,1,1,5,0,1,8
3746.218343546003,4,31.75,523,3,2,3,0,0,8
3747.23258083401,4,23.25,523,2,2,4,0,0,8
3748.2463516650023,4,69.5,522,1,2,5,0,0,8
3749.257751498022,4,70.0,520,2,3,3,0,0,8
3750.27144431902,4,57.5,520,1,3,2,2,0,8
3751.2787389880104,4,46.75,520,0,4,1,0,3,8
3752.29264220802,4,23.5,517,3,4,1,0,0,8
3753.3061928430106,4,23.75,517,3,3,2,0,0,8
3754.319605296012,4,24.0,516,4,1,2,1,0,8
3755.333785912022,4,23.75,516,4,1,1,2,0,8
3756.347288615012,4,47.0,515,3,2,2,0,1,8
3757.361215328012,4,22.5,514,2,3,2,0,1,8
3758.373980268021,4,60.25,513,2,1,5,0,0,8
3759.3881063730223,4,23.75,512,1,3,3,0,1,8
3760.394797354995,4,64.75,511,2,0,6,0,0,8
3761.408385190007,4,60.5,511,0,2,5,0,1,8
3762.420682105003,4,33.0,510,1,1,5,1,0,8
3763.4344375630026,4,93.75,510,1,0,4,2,1,8
3764.4489549169957,4,71.25,508,2,0,4,0,2,8
3765.4580459950084,4,72.0,506,1,3,4,0,0,8
3766.471736442996,4,25.25,506,0,1,7,0,0,8
3767.4853139790066,4,73.75,506,0,1,5,2,0,8
3768.4974776580057,4,71.0,506,0,1,4,3,0,8
3769.5127337560116,4,69.5,503,3,1,3,0,1,8
3770.5246355970157,4,23.25,502,4,1,1,2,0,8
3771.5383841660223,4,23.0,500,3,4,1,0,0,8
3772.5519013320154,4,38.25,500,2,2,4,0,0,8
3773.566077541007,4,70.5,500,2,2,3,1,0,8
3774.579674281995,4,45.25,500,2,2,1,3,0,8
3775.592239474994,4,0.0,500,2,2,0,4,0,8
3776.606032306998,4,0.0,500,2,2,0,4,0,8
3777.6191268800176,4,0.0,500,2,2,0,4,0,8
3778.633077245002,4,0.0,500,2,2,0,4,0,8
3779.646471408021,4,0.0,500,2,2,0,4,0,8
3780.6605709129944,4,0.0,500,2,2,0,4,0,8
3781.67446653801,4,0.0,500,2,2,0,4,0,8
3782.6868150420196,4,0.0,500,2,2,0,4,0,8
3783.700561967009,4,0.0,500,2,2,0,4,0,8
3784.714297711005,4,0.0,500,2,2,0,4,0,8
3785.728391228011,4,0.0,500,2,2,0,4,0,8
3786.7423415420053,4,0.0,500,2,2,0,4,0,8
3787.7563375080063,4,0.0,500,2,2,0,4,0,8
3788.769804200012,4,0.0,500,2,2,0,4,0,8
3789.7830913719954,4,23.25,497,3,3,1,0,0,7
3790.7942402870103,4,24.5,496,1,3,4,0,0,8
3791.808153624006,4,54.5,496,0,2,5,1,0,8
3792.8216325090034,4,93.0,496,0,2,4,2,0,8
3793.8337710690103,4,61.5,494,2,2,3,0,1,8
3794.847361054999,4,46.75,492,3,2,3,0,0,8
3795.8602895190124,4,38.75,491,2,3,2,0,1,8
3796.8716418130207,4,55.5,490,2,1,5,0,0,8
3797.8853603710013,4,45.75,489,1,3,3,0,1,8
3798.8990752490063,4,64.0,488,2,2,3,1,0,8
3799.921472528018,4,23.0,488,2,2,0,0,4,8
3800.9352270220115,4,0.0,484,4,3,1,0,0,8
3801.94904959001,4,48.25,484,0,4,3,1,0,8
3802.96239241102,4,67.25,483,1,2,4,0,1,8
3803.9760907000164,4,53.5,482,1,3,3,0,1,8
3804.9896839410067,4,67.0,481,2,2,4,0,0,8
3806.003413102997,4,71.25,481,2,2,1,3,0,8
3807.0221809470095,4,0.0,477,5,3,0,0,0,8
3808.0359522500075,4,0.0,477,4,4,0,0,0,8
3809.062049322005,4,0.5,477,3,3,2,0,0,8
3810.075559482997,4,0.0,476,3,3,2,0,0,8
3811.0882287200075,4,34.75,476,1,2,5,0,0,8
3812.1126718060113,4,57.75,476,1,1,2,4,0,8
3813.1261661630124,4,46.5,473,4,0,3,0,1,8
3814.1367510770215,4,23.5,471,5,1,2,0,0,8
3815.1498566730006,4,0.0,469,2,3,2,0,1,8
3816.162473962002,4,23.25,469,2,3,1,1,1,8
3817.1763318110025,4,23.5,469,2,3,0,2,1,8
3818.1897916460002,4,2.75,466,5,0,3,0,0,8
3819.2023159460223,4,46.25,466,0,4,4,0,0,8
3820.2178295449994,4,25.5,466,0,0,8,0,0,8
3821.2305324470217,4,56.25,465,1,0,6,0,1,8
3822.2405104810023,4,40.5,463,1,2,5,0,0,8
3823.2494405330217,4,70.25,463,1,2,3,2,0,8
3824.2613545760105,4,47.0,463,1,2,2,0,3,8
3825.274804340006,4,0.0,459,4,2,2,0,0,8
3826.287527647015,4,0.0,459,3,2,3,0,0,8
3827.3005708410055,4,31.5,459,0,2,5,0,1,8
3828.314340564015,4,62.25,458,1,2,5,0,0,8
3829.32724836102,4,49.0,457,2,1,5,0,0,8
3830.3410754710203,4,70.25,457,2,1,4,1,0,8
3831.3545631880115,4,47.0,454,4,2,2,0,0,8
3832.365928950021,4,24.75,454,3,2,2,0,1,8
3833.379770425003,4,0.0,453,1,4,3,0,0,8
3834.3947810980026,4,70.75,454,1,4,3,0,0,8
3835.409717778006,4,47.5,454,1,4,1,2,0,8
3836.423558345996,4,4.5,454,1,4,0,3,0,8
3837.437354059017,4,0.0,454,1,4,0,3,0,8
3838.451878707012,4,0.0,454,1,4,0,3,0,8
3839.4644070939976,4,0.0,454,1,4,0,3,0,8
3840.4784707850195,4,0.0,454,1,4,0,3,0,8
3841.4920909540087,4,0.0,454,1,4,0,3,0,8
3842.5055824160227,4,0.0,454,1,4,0,3,0,8
3843.519721771998,4,0.0,454,1,4,0,3,0,8
3844.5313028350065,4,0.0,454,1,4,0,3,0,8
3845.5452629690117,4,0.0,454,1,4,0,3,0,8
3846.5567773170187,4,0.0,454,1,4,0,3,0,8
3847.5687018590106,4,0.0,454,1,4,0,3,0,8
3848.582596509019,4,0.0,454,1,4,0,3,0,8
3849.595495511021,4,0.0,454,1,4,0,3,0,8
3850.607555964001,4,0.0,454,1,3,1,3,0,8
3851.6192549150146,4,23.25,454,1,3,1,3,0,8
3852.6313410690054,4,23.5,454,1,3,0,4,0,8
3853.6466235319967,4,0.0,451,4,2,1,0,1,8
3854.6602166730154,4,25.0,450,4,2,2,0,0,8
3855.670498831023,4,28.25,449,1,4,3,0,0,8
3856.68313975801,4,70.25,448,1,2,5,0,0,8
3857.6972478399985,4,48.25,448,0,2,6,0,0,8
3858.7112242340227,4,71.5,448,0,2,5,1,0,8
3859.7241978020174,4,70.5,448,0,2,2,4,0,8
3860.7377411120106,4,47.0,448,0,2,1,5,0,8
3861.751788098016,4,47.75,443,5,0,3,0,0,8
3862.7618827150145,4,46.25,443,0,2,5,0,1,8
3863.775837131019,4,54.0,442,1,2,4,1,0,8
3864.7877669820155,4,25.25,440,2,2,4,0,0,8
3865.8004285030183,4,72.75,440,0,1,5,1,1,8
3866.813785420003,4,50.0,440,0,1,3,3,1,8
3867.8297790510114,4,35.25,437,3,1,3,0,1,8
3868.8432534890017,4,22.75,437,3,1,1,2,1,8
3869.8570413739944,4,23.5,434,6,0,2,0,0,8
3870.867924768012,4,46.25,434,1,3,4,0,0,8
3871.8821022330085,4,48.25,434,0,3,5,0,0,8
3872.895538690005,4,96.5,433,1,0,7,0,0,8
3873.913399009005,4,55.25,432,1,1,6,0,0,8
3874.9252699440112,4,47.75,432,1,1,5,1,0,8
3875.936141704995,4,93.75,433,1,1,4,2,0,8
3876.9504203100223,4,71.25,434,1,1,3,3,0,8
3877.9608658990182,4,47.25,432,4,1,1,1,1,8
3878.986464548012,4,21.25,430,5,0,3,0,0,8
3879.9942865170015,4,29.5,430,1,3,3,0,1,8
3881.0078842730145,4,21.5,430,2,1,5,0,0,8
3882.0221702349954,4,11.25,429,1,1,6,0,0,8
3883.0357796190074,4,93.25,431,0,2,5,1,0,8
3884.048906867014,4,94.0,431,0,2,4,2,0,8
3885.0615898540127,4,63.75,431,0,2,1,5,0,8
3886.073608617997,4,23.5,431,0,2,1,5,0,8
3887.0811845179996,4,45.5,427,4,1,2,0,1,8
3888.094157553016,4,43.5,426,4,2,2,0,0,8
3889.1081718610076,4,17.25,427,1,4,3,0,0,8
3890.1218838159984,4,46.0,427,2,1,5,0,0,8
3891.1391929870006,4,70.75,428,1,1,5,1,0,8
3892.1506246430217,4,36.0,427,2,1,3,1,1,8
3893.157285802008,4,70.25,427,2,1,2,2,1,8
3894.171001742012,4,47.5,429,2,1,1,3,1,8
3895.183573518996,4,24.5,429,2,0,2,0,4,8
3896.197234863008,4,23.25,426,4,2,2,0,0,8
3897.2112575150095,4,23.75,426,4,2,1,0,1,8
3898.2248057700053,4,15.5,426,0,3,5,0,0,8
3899.235379078018,4,70.5,426,1,2,5,0,0,8
3900.2469596670126,4,70.25,426,1,1,5,1,0,8
3901.256163069018,4,71.0,426,1,1,3,3,0,8
3902.270239831996,4,47.5,427,1,1,3,3,0,8
3903.2834614090098,4,47.0,427,1,1,1,5,0,8
3904.291201975022,4,23.5,427,1,1,1,5,0,8
3905.3051962470054,4,23.5,428,1,1,0,6,0,8
3906.319169908995,4,0.0,429,1,1,0,6,0,8
3907.3305875009974,4,0.0,429,1,1,0,6,0,8
3908.343234964006,4,0.0,429,1,1,0,6,0,8
3909.35654608201,4,0.0,429,1,1,0,6,0,8
3910.3798401140084,4,0.0,429,1,1,0,6,0,8
3911.3938850450213,4,0.0,429,1,1,0,6,0,8
3912.4029250130116,4,0.0,430,1,1,0,6,0,8
3913.4199869300064,4,0.0,430,1,1,0,6,0,8
3914.433663082018,4,0.0,431,1,1,0,6,0,8
3915.447166865022,4,0.0,431,1,1,0,6,0,8
3916.4606356930162,4,0.0,431,1,1,0,6,0,8
3917.473580146994,4,23.5,431,1,0,1,6,0,8
3918.487139609002,4,23.75,431,1,0,1,0,6,8
3919.50009082802,4,0.0,426,7,1,0,0,0,8
3920.513281836,4,0.0,427,2,6,0,0,0,8
3921.52734681702,4,26.0,427,0,6,2,0,0,8
3922.5407547290088,4,47.0,427,0,6,2,0,0,8
3923.554897173017,4,23.5,427,0,6,1,1,0,8
3924.5668481190223,4,0.0,427,0,6,0,2,0,8
3925.5807732840185,4,0.0,426,1,2,3,1,1,8
3926.594927705999,4,48.75,424,3,1,2,0,2,8
3927.607305970014,4,23.5,422,4,2,1,0,1,8
3928.6211350730155,4,24.25,421,4,2,1,1,0,8
3929.6308909340005,4,0.5,420,1,4,3,0,0,8
3930.6420418650087,4,23.25,420,1,3,4,0,0,8
3931.6558827830013,4,71.5,420,1,3,3,1,0,8
3932.669877397013,4,70.0,421,1,3,2,2,0,8
3933.6838671540027,4,48.75,424,2,2,2,0,2,8
3934.6992055209994,4,48.25,426,4,1,2,1,0,8
3935.7129026750044,4,47.5,427,4,1,2,1,0,8
3936.7266583260207,4,23.5,427,4,1,1,2,0,8
3937.7401695870212,4,0.0,427,4,1,0,3,0,8
3938.7554502090206,4,0.0,425,5,2,0,0,1,8
3939.7694224500156,4,25.0,424,3,4,1,0,0,8
3940.7804108610144,4,0.0,424,0,6,2,0,0,8
3941.7941429310013,4,73.0,424,0,5,3,0,0,8
3942.8063883350114,4,70.75,424,0,3,3,1,1,8
3943.8217298840173,4,25.5,422,2,1,4,0,1,8
3944.8324858150154,4,23.25,420,2,3,1,1,1,8
3945.8459811060166,4,9.75,419,3,3,1,0,1,8
3946.8549618840043,4,22.5,419,2,4,1,0,1,8
3947.8685169090168,4,23.25,419,2,4,1,0,1,8
3948.8825108080055,4,45.0,419,2,3,2,0,1,8
3949.8957950370095,4,22.75,418,2,3,3,0,0,8
3950.9069250000175,4,34.75,417,1,3,4,0,0,8
3951.920474481012,4,0.0,416,2,3,3,0,0,8
3952.934315638995,4,55.75,417,2,3,1,2,0,8
3953.9646543790004,4,48.5,421,2,2,2,2,0,8
3954.9779002260184,4,45.5,428,0,4,2,0,2,8
3955.991360147018,4,14.25,427,2,4,2,0,0,8
3957.0008269110112,4,47.75,431,2,4,2,0,0,8
3958.014844207006,4,48.0,435,2,4,2,0,0,8
3959.025887972006,4,23.5,435,2,4,1,1,0,8
3960.0385300290072,4,23.5,437,3,3,1,1,0,8
3961.0584194520197,4,34.5,436,3,3,1,0,1,8
3962.0763893100084,4,24.25,435,2,4,2,0,0,8
3963.088701458997,4,29.0,435,2,2,4,0,0,8
3964.101264413999,4,25.0,436,1,3,4,0,0,8
3965.1141251439985,4,11.0,436,1,2,4,1,0,8
3966.125555608014,4,46.75,436,1,2,1,4,0,8
3967.1392664930027,4,22.5,436,1,2,0,5,0,8
3968.146732733003,4,0.0,436,1,2,0,5,0,8
3969.159475249995,4,0.0,436,1,2,0,5,0,8
3970.1731224410178,4,0.0,436,1,2,0,5,0,8
3971.186755219009,4,0.0,436,1,2,0,5,0,8
3972.2007038810116,4,0.0,436,1,2,0,5,0,8
3973.2110022680135,4,0.0,436,1,2,0,5,0,8
3974.2239418860117,4,0.0,436,1,2,0,5,0,8
3975.2412337020214,4,0.0,436,1,2,0,5,0,8
3976.2551560850115,4,0.0,436,1,2,0,5,0,8
3977.269074931013,4,0.0,436,1,2,0,5,0,8
3978.282748724014,4,0.0,436,1,2,0,5,0,8
3979.296471328009,4,0.0,436,1,2,0,5,0,8
3980.3072563690075,4,0.0,436,1,2,0,5,0,8
3981.320896043995,4,0.0,436,1,2,0,5,0,8
3982.334551512002,4,0.0,436,1,2,0,5,0,8
3983.3487518740003,4,0.0,436,1,1,1,3,2,8
3984.3623738540045,4,23.0,431,5,2,0,1,0,8
3985.376655678003,4,0.0,430,6,2,0,0,0,8
3986.3901276710094,4,0.0,430,5,2,0,1,0,8
3987.403702286014,4,0.0,430,5,2,0,1,0,8
3988.418021799007,4,0.0,429,1,5,1,1,0,8
3989.428965401021,4,14.25,428,2,2,4,0,0,8
3990.4390225470124,4,29.25,428,0,3,5,0,0,8
3991.452830481023,4,94.0,428,0,3,4,1,0,8
3992.4663695140043,4,71.75,427,1,0,7,0,0,8
3993.480462804,4,27.0,425,2,1,5,0,0,8
3994.494599714002,4,37.75,425,2,1,4,1,0,8
3995.5087991010223,4,69.5,425,2,1,2,3,0,8
3996.5185369579995,4,47.25,425,2,1,1,4,0,8
3997.5322856809944,4,23.5,425,2,1,1,0,4,8
3998.5464713110123,4,0.0,420,7,1,0,0,0,8
3999.560824078013,4,0.0,420,1,4,3,0,0,8
4000.5747613650165,4,44.75,420,1,4,2,1,0,8
4001.5873386000167,4,47.0,420,1,4,0,3,0,8
4002.6012269580096,4,0.0,420,1,4,0,2,1,8
4003.6151646770013,4,0.0,420,1,3,1,0,3,8
4004.632414940017,4,23.0,417,4,2,2,0,0,8
4005.642067294015,4,46.5,416,4,2,2,0,0,8
4006.655404398014,4,23.25,416,3,0,4,1,0,8
4007.669406314002,4,70.75,416,1,0,4,2,1,8
4008.6833446100063,4,93.0,416,1,0,3,3,1,8
4009.6972944500158,4,46.75,411,6,0,2,0,0,8
4010.71083599102,4,27.0,411,3,2,2,0,1,8
4011.741275025008,4,30.75,410,1,3,4,0,0,8
4012.7540784570156,4,23.75,410,0,3,4,0,1,8
4013.7678675090137,4,47.0,410,0,3,2,2,1,8
4014.789785148023,4,23.5,410,0,2,1,4,1,8
4015.8038524120057,4,0.0,406,4,2,1,0,1,8
4016.8172475490137,4,23.0,404,4,3,1,0,0,8
4017.8302663190116,4,23.5,404,2,3,3,0,0,8
4018.844289288012,4,48.25,404,1,2,5,0,0,8
4019.855656753003,4,47.0,404,1,2,2,3,0,8
4020.869415224006,4,47.5,404,1,2,1,4,0,8
4021.8812687100144,4,23.25,401,3,3,1,0,1,8
4022.890818389016,4,0.0,400,4,2,2,0,0,8
4023.9036983230035,4,24.75,399,5,0,3,0,0,8
4024.918001184007,4,0.0,399,1,3,4,0,0,8
4025.9410882640223,4,94.0,399,1,3,4,0,0,8
4026.958312117,4,94.25,399,1,3,3,1,0,8
4027.9706363129953,4,23.75,399,1,3,1,3,0,8
4028.98452595502,4,23.5,399,1,3,1,0,2,7
4029.994984190009,4,22.75,396,1,3,4,0,0,8
4031.008174751012,4,25.75,396,1,3,4,0,0,8
4032.022223523003,4,47.25,396,1,3,3,1,0,8
4033.0331686610007,4,47.75,396,1,3,1,3,0,8
4034.042130599002,4,23.5,394,2,2,3,0,1,8
4035.056158110994,4,25.25,393,1,2,5,0,0,8
4036.068654188013,4,70.0,393,1,2,4,1,0,8
4037.0818140680203,4,69.5,393,1,2,2,3,0,8
4038.092504387023,4,46.75,393,1,2,2,3,0,8
4039.1062388750142,4,47.0,393,1,2,2,3,0,8
4040.11573210801,4,47.0,393,1,2,1,4,0,8
4041.1291946720157,4,23.75,393,1,2,1,4,0,8
4042.1425936199958,4,20.0,393,1,2,0,5,0,8
4043.156586633995,4,0.0,393,1,2,0,5,0,8
4044.168317378004,4,0.0,393,1,2,0,5,0,8
4045.179817395023,4,0.0,393,1,2,0,5,0,8
4046.1891703230212,4,0.0,393,1,2,0,5,0,8
4047.202977833018,4,0.0,393,1,2,0,5,0,8
4048.2167487670085,4,0.0,393,1,2,0,5,0,8
4049.230734589015,4,0.0,393,1,2,0,5,0,8
4050.245509859,4,0.0,393,1,2,0,5,0,8
4051.255444242008,4,0.0,393,1,2,0,5,0,8
4052.2694981140085,4,0.0,393,1,2,0,5,0,8
4053.280518481013,4,0.0,392,1,3,0,0,3,7
4054.2893279980053,4,0.0,391,2,3,0,0,1,6
4055.302675873012,4,0.0,391,2,3,0,0,1,6
4056.31432158401,4,0.0,391,2,3,0,0,1,6
4057.3283204559993,4,25.0,391,2,2,1,0,0,5
4058.336502146005,4,24.75,391,1,2,2,0,0,5
4059.3501289400156,4,24.25,391,1,2,2,0,0,5
4060.3637827750063,4,23.25,391,0,3,0,2,0,5
4061.377907329006,4,0.0,391,0,2,1,0,2,5
4062.391530209017,4,23.25,391,0,1,2,0,0,3
4063.4054532420123,4,23.25,391,0,1,1,1,0,3
4064.416423659015,4,23.25,391,0,1,1,1,0,3
4065.4304588530213,4,0.0,391,0,0,1,0,2,3
4066.444366843003,4,0.0,389,2,0,1,0,0,3
4067.4580388090108,4,18.75,389,2,0,1,0,0,3
4068.4718822840077,4,23.25,389,2,0,1,0,0,3
4069.4852803380054,4,23.75,389,2,0,0,1,0,3
4070.4993798480136,4,0.0,389,2,0,0,1,0,3
4071.5138322210114,4,23.75,389,2,0,0,0,0,2
4072.525906255003,4,0.0,389,0,1,1,0,0,2
4073.538577269006,4,47.0,389,0,1,1,0,0,2
4074.5515751810162,4,72.5,389,0,0,1,1,0,2
4075.5634440930153,4,47.0,389,0,0,1,1,0,2
4076.5786704180064,4,47.5,389,0,0,1,0,1,2
4077.592721124005,4,23.25,388,1,0,0,0,0,1
4078.605734826997,4,25.0,388,0,1,0,0,0,1
4079.619615216012,4,34.25,388,0,1,0,0,0,1
4080.630379295995,4,93.25,388,0,0,1,0,0,1
4081.6424231929996,4,94.25,388,0,0,1,0,0,1
4082.65568793501,4,46.75,384,4,0,0,0,0,4
4083.667972182011,4,0.0,384,3,1,0,0,0,4
4084.6828960450075,4,2.75,384,0,2,2,0,0,4
4085.6972566470213,4,71.75,384,0,1,3,0,0,4
4086.710731449013,4,95.0,384,0,1,3,0,0,4
4087.7218747010047,4,94.25,384,0,1,2,1,0,4
4088.7356583590154,4,47.0,383,1,0,2,0,1,4
4089.749603541015,4,23.5,382,1,0,3,0,0,4
4090.7632438240107,4,69.25,382,0,1,3,0,0,4
4091.777214390022,4,69.0,382,0,1,2,1,0,4
4092.791089617007,4,46.75,382,0,1,1,2,0,4
4093.804929826001,4,41.5,379,3,0,2,0,0,5
4094.8211581729993,4,54.75,379,1,2,2,0,0,5
4095.834561361,4,47.0,379,0,3,2,0,0,5
4096.846756442013,4,47.0,379,0,2,1,2,0,5
4097.864756977011,4,23.25,379,0,1,0,4,0,5
4098.878471243021,4,0.0,379,0,1,0,0,4,5
4099.892069401016,4,0.0,376,3,0,1,0,0,4
4100.902971561998,4,35.5,376,0,1,2,0,0,3
4101.915363775013,4,47.25,376,0,1,1,1,0,3
4102.929244255007,4,47.5,376,0,1,0,1,1,3
4103.939159797999,4,23.0,376,0,1,0,1,1,3
4104.946266868006,4,23.25,375,1,0,0,0,1,2
4105.956586842018,4,24.0,375,1,0,0,0,1,2
4106.976214702998,4,24.0,375,1,0,0,0,1,2
4107.988547244022,4,0.0,375,1,0,0,0,1,2
4109.002660694008,4,0.0,375,0,1,0,0,0,1
4110.014972272998,4,10.25,375,0,0,0,0,1,1
4111.02908384701,4,21.25,375,0,0,0,0,0,0
4112.042793239001,4,24.75,375,0,0,0,0,0,0
4113.056464444002,4,23.75,375,0,0,0,0,0,0
4114.070996708004,4,35.0,375,0,0,0,0,0,0
4115.08323160102,4,47.25,375,0,0,0,0,0,0
4116.089952661016,4,23.25,375,0,0,0,0,0,0
4117.103922791022,4,23.5,375,0,0,0,0,0,0
4118.116576532018,4,23.25,375,0,0,0,0,0,0
4119.129903335008,4,0.0,375,0,0,0,0,0,0
4120.14039717702,4,0.0,375,0,0,0,0,0,0
4121.154572113999,4,0.0,375,0,0,0,0,0,0
4122.168501815002,4,0.0,375,0,0,0,0,0,0
4123.188160541002,4,0.0,375,0,0,0,0,0,0
4124.202144185023,4,0.0,375,0,0,0,0,0,0
4125.215496790013,4,0.0,375,0,0,0,0,0,0
4126.228702324006,4,0.0,375,0,0,0,0,0,0
4127.244296728022,4,0.0,375,0,0,0,0,0,0
4128.257710756996,4,0.0,375,0,0,0,0,0,0
4129.269468872022,4,0.0,375,0,0,0,0,0,0
4130.282910967013,4,0.0,375,0,0,0,0,0,0
4131.289361991017,4,0.0,375,0,0,0,0,0,0
4132.3030453730025,4,0.0,375,0,0,0,0,0,0
4133.311824567005,4,0.25,375,0,0,0,0,0,0
4134.328411841008,4,0.0,375,0,0,0,0,0,0
4135.342095271015,4,0.0,375,0,0,0,0,0,0
4136.35552790502,4,43.25,375,0,0,0,0,0,0
4137.370090861019,4,23.5,375,0,0,0,0,0,0
4138.383577486995,4,23.5,375,0,0,0,0,0,0
4139.397504896013,4,0.0,375,0,0,0,0,0,0
4140.4113702120085,3,32.666666666666664,375,0,0,0,0,0,0
4141.424774590007,3,31.0,375,0,0,0,0,0,0
4142.438878590008,3,0.0,375,0,0,0,0,0,0
4143.452686350007,3,0.0,375,0,0,0,0,0,0
4144.461736363999,3,0.0,375,0,0,0,0,0,0
4145.475257853017,3,0.0,375,0,0,0,0,0,0
4146.489364754001,3,0.0,375,0,0,0,0,0,0
4147.503246594017,3,0.0,375,0,0,0,0,0,0
4148.516655087005,3,0.0,375,0,0,0,0,0,0
4149.530334537994,3,0.0,375,0,0,0,0,0,0
4150.544022487011,2,0.0,375,0,0,0,0,0,0
4151.556767178001,2,0.0,375,0,0,0,0,0,0
4152.570473530999,2,0.0,375,0,0,0,0,0,0
4153.584652891004,2,0.0,375,0,0,0,0,0,0
4154.598437812994,2,0.0,375,0,0,0,0,0,0
4155.611919340998,2,0.0,375,0,0,0,0,0,0
4156.625384882005,2,0.0,375,0,0,0,0,0,0
4157.637930913013,2,0.0,375,0,0,0,0,0,0
4158.651757042011,2,0.0,375,0,0,0,0,0,0
4159.665486216021,1,0.0,375,0,0,0,0,0,0
4160.680003881018,1,0.0,375,0,0,0,0,0,0
4161.693369679007,1,0.0,375,0,0,0,0,0,0
4162.707173232018,1,0.0,375,0,0,0,0,0,0
4163.721105947014,1,0.0,375,0,0,0,0,0,0
4164.734983356,1,0.0,375,0,0,0,0,0,0
4165.748049918999,1,0.0,375,0,0,0,0,0,0
4166.755890329019,1,0.0,375,0,0,0,0,0,0
4167.76934233401,1,0.0,375,0,0,0,0,0,0
4168.7798368490185,0,,375,0,0,0,0,0,0
4169.791188550007,0,,375,0,0,0,0,0,0
4170.804074812011,0,,375,0,0,0,0,0,0
4171.817032278021,0,,375,0,0,0,0,0,0
4172.830383620021,0,,375,0,0,0,0,0,0
4173.838665870018,0,,375,0,0,0,0,0,0
4174.852447101002,0,,375,0,0,0,0,0,0
4175.865255306999,0,,375,0,0,0,0,0,0
4176.878756872,0,,375,0,0,0,0,0,0
4177.892250697012,0,,375,0,0,0,0,0,0
4178.905984637997,0,,375,0,0,0,0,0,0
4179.919545696001,0,,375,0,0,0,0,0,0
4180.933422272996,0,,375,0,0,0,0,0,0
4181.947034564015,0,,375,0,0,0,0,0,0
4182.961055797001,0,,375,0,0,0,0,0,0
4183.967548247019,0,,375,0,0,0,0,0,0
4184.980400216009,0,,375,0,0,0,0,0,0
4185.994690270018,0,,375,0,0,0,0,0,0
4187.008416936005,0,,375,0,0,0,0,0,0
4188.022217742022,0,,375,0,0,0,0,0,0
4189.033436349011,0,,375,0,0,0,0,0,0
4190.043001726997,0,,375,0,0,0,0,0,0
4191.055530690006,0,,375,0,0,0,0,0,0
4192.065724271,0,,375,0,0,0,0,0,0
4193.080036543019,0,,375,0,0,0,0,0,0
4194.093491161009,0,,375,0,0,0,0,0,0
4195.105868003011,0,,375,0,0,0,0,0,0
4196.1191741730145,0,,375,0,0,0,0,0,0
4197.128388108016,0,,375,0,0,0,0,0,0
4198.142208347999,0,,375,0,0,0,0,0,0
4199.155614609015,0,,375,0,0,0,0,0,0
4200.1652127820125,0,,375,0,0,0,0,0,0
4201.176576583006,0,,375,0,0,0,0,0,0
4202.191315011005,0,,375,0,0,0,0,0,0
4203.206021124002,0,,375,0,0,0,0,0,0
4204.220411556016,0,,375,0,0,0,0,0,0
4205.229443392018,0,,375,0,0,0,0,0,0
4206.251941046998,2,0.0,375,0,0,0,0,0,0
4207.266032592015,4,0.0,375,0,0,0,0,0,0
4208.278675237001,4,0.0,375,0,0,0,0,0,0
4209.299417617003,4,48.5,375,0,0,0,0,0,0
4210.318336319004,4,36.0,375,0,0,0,0,0,0
4211.336933045008,4,37.75,375,0,0,0,0,0,0
4212.356271026016,4,38.25,375,0,0,0,0,0,0
4213.402143826999,4,30.0,375,0,0,0,0,0,0
4214.421381499007,4,35.5,375,0,0,0,0,0,0
4215.435106147022,4,18.5,375,0,0,0,0,0,0
4216.4480044619995,4,0.0,375,0,0,0,0,0,0
4217.460337283002,4,0.0,375,0,0,0,0,0,0
4218.474475034018,4,0.0,375,0,0,0,0,0,0
4219.483960523998,4,0.0,375,0,0,0,0,0,0
4220.495622140006,4,45.0,375,0,0,0,0,0,0
4221.507517955004,4,0.0,375,0,0,0,0,0,0
4222.521731068002,4,12.5,375,0,0,0,0,0,0
4223.53532453801,4,3.25,375,0,0,0,0,0,0
4224.549312693009,4,25.75,375,0,0,0,0,0,0
4225.562661366013,4,16.75,375,0,0,0,0,0,0
4226.576701081009,4,0.0,375,0,0,0,0,0,0
4227.590050505009,4,0.0,375,0,0,0,0,0,0
4228.602630966023,4,0.0,375,0,0,0,0,0,0
4229.612081030005,4,1.25,375,0,0,0,0,0,0
4230.618912011996,4,0.0,375,0,0,0,0,0,0
4231.633186460007,4,12.75,374,1,0,0,0,0,1
4232.644425528008,4,62.25,371,1,2,1,0,0,4
4233.658258010022,4,56.25,371,0,0,4,0,0,4
4234.676191753009,3,94.0,371,0,0,4,0,0,4
4235.686694625998,3,73.66666666666667,370,1,0,3,0,0,4
4236.7005224990135,3,90.33333333333333,369,0,0,3,0,1,4
4237.714469057013,3,94.66666666666667,368,1,0,3,0,0,4
4238.729862738022,3,93.66666666666667,368,1,0,1,2,0,4
4239.743519256008,3,84.66666666666667,367,0,1,2,0,0,3
4240.755595021008,3,95.33333333333333,366,0,0,2,0,0,2
4241.767185972014,3,52.333333333333336,366,0,0,2,0,0,2
4242.780726236,3,95.0,366,0,0,2,0,0,2
4243.794417643017,3,62.0,366,0,0,0,2,0,2
4244.808594792004,3,47.0,364,0,1,1,0,0,2
4245.815571859013,3,73.66666666666667,362,1,1,0,0,1,3
4246.827212928998,3,96.0,362,0,0,0,2,0,2
4247.840700700006,3,94.33333333333333,362,0,0,0,1,1,2
4248.853659446002,3,31.666666666666668,359,3,0,0,0,0,3
4249.867526695016,3,26.333333333333332,359,0,0,2,0,1,3
4250.881048673997,3,17.333333333333332,358,0,0,1,0,0,1
4251.890949034016,3,95.0,358,0,0,0,1,0,1
4252.904497483018,3,62.666666666666664,358,0,0,0,1,0,1
4253.929871004017,3,31.333333333333332,357,1,0,0,0,0,1
4254.9411582960165,3,38.0,357,0,0,1,0,0,1
4255.953918120998,3,60.666666666666664,357,0,0,0,1,0,1
4256.967536278011,3,59.0,357,0,0,0,1,0,1
4257.9929496390105,3,62.666666666666664,357,0,0,0,0,0,0
4259.007668395003,3,31.0,357,0,0,0,0,0,0
4260.014740644023,2,0.0,357,0,0,0,0,0,0
4261.027990233008,2,0.0,357,0,0,0,0,0,0
4262.051802261994,2,0.0,357,0,0,0,0,0,0
4263.064964630001,2,46.5,357,0,0,0,0,0,0
4264.078446046013,2,47.5,357,0,0,0,0,0,0
4265.092007945001,2,0.0,357,0,0,0,0,0,0
4266.103954621998,2,0.0,357,0,0,0,0,0,0
4267.116329336015,2,0.0,357,0,0,0,0,0,0
4268.1279250450025,2,0.0,357,0,0,0,0,0,0
4269.141768529022,2,0.0,357,0,0,0,0,0,0
4270.164091856015,2,0.0,357,0,0,0,0,0,0
4271.17788546902,2,0.0,357,0,0,0,0,0,0
4272.19176657201,2,21.0,357,0,0,0,0,0,0
4273.20582122702,2,22.0,357,0,0,0,0,0,0
4274.219689337013,2,21.5,357,0,0,0,0,0,0
4275.229454509012,2,0.5,357,0,0,0,0,0,0
4276.2432449310145,2,0.0,357,0,0,0,0,0,0
4277.255477341008,2,0.0,357,0,0,0,0,0,0
4278.269295275997,1,1.0,357,0,0,0,0,0,0
4279.280630794994,1,0.0,357,0,0,0,0,0,0
4280.29309925501,1,0.0,357,0,0,0,0,0,0
4281.307077424019,1,10.0,357,0,0,0,0,0,0
4282.320351406001,1,0.0,357,0,0,0,0,0,0
4283.33447762602,1,27.0,357,0,0,0,0,0,0
4284.348332557012,1,0.0,357,0,0,0,0,0,0
4285.36226323602,1,0.0,357,0,0,0,0,0,0
4286.375807477016,1,0.0,357,0,0,0,0,0,0
4287.389676562016,1,95.0,355,0,0,2,0,0,2
4288.403612226015,1,94.0,354,1,0,1,0,0,2
4289.4173757900135,1,93.0,354,0,0,2,0,0,2
4290.431262619997,1,94.0,354,0,0,1,0,0,1
4291.445271872013,2,46.0,354,0,0,1,0,0,1
4292.459101051005,2,2.0,354,0,0,0,0,0,0
4293.470658445003,2,69.5,354,0,0,0,0,0,0
4294.484314113011,2,45.0,354,0,0,0,0,0,0
4295.49609199402,2,68.5,354,0,0,0,0,0,0
4296.510098577011,2,28.0,354,0,0,0,0,0,0
4297.518323262018,2,5.5,354,0,0,0,0,0,0
4298.532805526018,2,0.0,354,0,0,0,0,0,0
4299.546696281002,3,0.0,354,0,0,0,0,0,0
4300.558870124019,3,0.0,354,0,0,0,0,0,0
4301.572928614012,2,68.0,354,0,0,0,0,0,0
4302.5853022400115,2,21.0,354,0,0,0,0,0,0
4303.60685189502,2,39.0,354,0,0,0,0,0,0
4304.616354452999,2,21.0,354,0,0,0,0,0,0
4305.62862381601,2,5.0,354,0,0,0,0,0,0
4306.6416415440035,2,10.0,354,0,0,0,0,0,0
4307.653055971023,2,0.0,354,0,0,0,0,0,0
4308.667150732013,3,0.0,354,0,0,0,0,0,0
4309.679841859004,3,33.333333333333336,354,0,0,0,0,0,0
4310.692566269019,3,19.333333333333332,354,0,0,0,0,0,0
4311.706334167015,3,23.333333333333332,354,0,0,0,0,0,0
4312.720261249022,3,19.333333333333332,354,0,0,0,0,0,0
4313.731393494003,2,28.5,354,0,0,0,0,0,0
4314.745230314002,2,1.0,354,0,0,0,0,0,0
4315.757096854009,2,0.0,354,0,0,0,0,0,0
4316.773972657014,2,0.0,354,0,0,0,0,0,0
4317.787140266999,2,0.0,354,0,0,0,0,0,0
4318.795935756003,2,50.0,354,0,0,0,0,0,0
4319.809649467003,2,55.5,354,0,0,0,0,0,0
4320.821150260017,2,47.0,354,0,0,0,0,0,0
4321.833455326996,2,34.0,354,0,0,0,0,0,0
4322.847675222001,2,59.5,354,0,0,0,0,0,0
4323.861568032007,2,47.0,354,0,0,0,0,0,0
4324.874056857021,2,47.0,353,1,0,0,0,0,1
4325.8883809320105,2,43.0,353,0,0,1,0,0,1
4326.899536245997,2,46.5,353,0,0,1,0,0,1
4327.915780676005,2,94.0,352,0,0,1,0,0,1
4328.930833271006,2,94.0,352,0,0,1,0,0,1
4329.944771167007,2,92.5,352,0,0,0,0,0,0
4330.957577611,2,94.0,352,0,0,0,0,0,0
4331.971304400009,2,96.5,352,0,0,0,0,0,0
4332.985251407023,3,62.333333333333336,352,0,0,0,0,0,0
4333.99827183201,3,48.666666666666664,351,1,0,0,0,0,1
4335.011927037995,3,62.666666666666664,351,1,0,0,0,0,1
4336.024463050999,3,46.0,351,0,0,1,0,0,1
4337.038859630004,3,77.0,351,0,0,1,0,0,1
4338.050587711012,3,45.0,350,1,0,1,0,0,2
4339.063407103997,3,49.333333333333336,349,1,0,1,0,0,2
4340.077252663003,3,32.333333333333336,349,0,0,2,0,0,2
4341.084901449998,3,31.666666666666668,349,0,0,2,0,0,2
4342.097986920009,3,31.333333333333332,348,1,0,1,0,0,2
4343.110488979,2,47.5,348,0,1,1,0,0,2
4344.122137915023,2,49.0,348,0,0,2,0,0,2
4345.133462975005,2,46.0,348,0,0,2,0,0,2
4346.147526661021,3,31.333333333333332,348,0,0,2,0,0,2
4347.160165520996,3,40.0,347,1,0,1,0,0,2
4348.176087875996,3,31.333333333333332,347,0,0,1,0,0,1
4349.190255463007,3,46.0,347,0,0,1,0,0,1
4350.201983989013,3,52.333333333333336,347,0,0,0,1,0,1
4351.216570641001,3,45.666666666666664,347,0,0,0,0,1,1
4352.229334116011,3,31.0,347,0,0,0,0,0,0
4353.243584779004,3,31.0,347,0,0,0,0,0,0
4354.253131316014,3,16.666666666666668,347,0,0,0,0,0,0
4355.267554338003,3,32.0,347,0,0,0,0,0,0
4356.280697266018,3,27.666666666666668,346,1,0,0,0,0,1
4357.291621445998,3,62.0,346,1,0,0,0,0,1
4358.3053785540105,3,47.333333333333336,346,0,0,1,0,0,1
4359.315578237001,3,31.0,346,0,0,0,1,0,1
4360.32679567,3,33.333333333333336,346,0,0,0,0,0,0
4361.3386784710165,3,36.666666666666664,346,0,0,0,0,0,0
4362.350984690012,3,0.0,346,0,0,0,0,0,0
4363.364558611007,3,31.333333333333332,346,0,0,0,0,0,0
4364.378130518016,3,15.666666666666666,345,1,0,0,0,0,1
4365.391797265998,3,0.0,345,1,0,0,0,0,1
4366.405758156994,3,0.0,344,1,0,1,0,0,2
4367.417113705014,3,20.666666666666668,344,0,1,0,0,1,2
4368.429412402998,2,0.0,344,0,1,0,0,1,2
4369.441483541013,2,0.0,344,0,0,1,0,0,1
4370.4559477910225,2,24.5,344,0,0,0,0,0,0
4371.469620053016,2,44.0,344,0,0,0,0,0,0
4372.4838474960125,2,46.5,344,0,0,0,0,0,0
4373.498119473021,2,0.0,344,0,0,0,0,0,0
4374.5099825950165,3,0.0,344,0,0,0,0,0,0
4375.516037057998,3,0.0,344,0,0,0,0,0,0
4376.527516250004,3,14.0,344,0,0,0,0,0,0
4377.589022488013,3,8.0,344,0,0,0,0,0,0
4378.604141165997,3,1.0,344,0,0,0,0,0,0
4379.616318446002,2,5.0,344,0,0,0,0,0,0
4380.629512651009,2,20.0,344,0,0,0,0,0,0
4381.643550879002,2,29.0,344,0,0,0,0,0,0
4382.657317297999,2,18.5,342,0,1,1,0,0,2
4383.670191134996,2,47.5,342,0,0,1,1,0,2
4384.682117471995,2,46.5,342,0,0,0,0,0,0
4385.693750969018,2,50.0,342,0,0,0,0,0,0
4386.705972504016,2,90.5,342,0,0,0,0,0,0
4387.720230881998,2,48.0,342,0,0,0,0,0,0
4388.734207775997,2,14.0,342,0,0,0,0,0,0
4389.747629634017,2,49.5,342,0,0,0,0,0,0
4390.759961878008,2,0.0,342,0,0,0,0,0,0
4391.774885303021,2,10.5,342,0,0,0,0,0,0
4392.790619691019,2,0.0,342,0,0,0,0,0,0
4393.802328045014,2,46.5,342,0,0,0,0,0,0
4394.816367669002,2,0.0,342,0,0,0,0,0,0
4395.8304236250115,2,48.0,342,0,0,0,0,0,0
4396.844259806006,2,17.5,342,0,0,0,0,0,0
4397.858538329019,2,43.0,342,0,0,0,0,0,0
4398.871481413022,2,0.0,342,0,0,0,0,0,0
4399.885316314001,3,0.0,342,0,0,0,0,0,0
4400.897738280997,2,0.0,342,0,0,0,0,0,0
4401.910209774011,2,0.0,342,0,0,0,0,0,0
4402.924615739001,2,21.5,342,0,0,0,0,0,0
4403.948864325008,2,21.0,342,0,0,0,0,0,0
4404.962836136023,2,21.5,342,0,0,0,0,0,0
4405.997207021021,2,21.5,342,0,0,0,0,0,0
4407.011483900016,2,0.0,342,0,0,0,0,0,0
4408.024602857011,2,15.0,342,0,0,0,0,0,0
4409.03790588901,2,0.0,342,0,0,0,0,0,0
4410.04591345301,2,0.0,342,0,0,0,0,0,0
4411.057717365009,2,0.0,342,0,0,0,0,0,0
4412.071463905013,2,0.5,342,0,0,0,0,0,0
4413.0848008739995,2,18.0,342,0,0,0,0,0,0
4414.099059305008,2,21.5,342,0,0,0,0,0,0
4415.113094745,2,21.5,342,0,0,0,0,0,0
4416.126939267997,2,42.0,342,0,0,0,0,0,0
4417.138461231021,2,22.0,342,0,0,0,0,0,0
4418.152180906996,2,0.0,342,0,0,0,0,0,0
4419.16299905302,2,0.0,342,0,0,0,0,0,0
4420.175006359001,2,47.0,342,0,0,0,0,0,0
4421.18683946901,2,0.5,342,0,0,0,0,0,0
4422.199973031005,2,3.0,341,0,1,0,0,0,1
4423.213567788014,2,8.5,341,0,0,1,0,0,1
4424.227314245014,2,45.5,341,0,0,1,0,0,1
4425.241088442999,2,46.0,341,0,0,1,0,0,1
4426.254818231013,2,30.0,341,0,0,0,0,0,0
4427.26893933001,2,40.5,341,0,0,0,0,0,0
4428.277686526999,2,0.0,341,0,0,0,0,0,0
4429.290875270002,2,0.0,341,0,0,0,0,0,0
4430.304979825014,2,45.0,341,0,0,0,0,0,0
4431.312911818008,2,93.0,341,0,0,0,0,0,0
4432.326701131009,2,63.0,341,0,0,0,0,0,0
4433.3403404990095,3,31.0,341,0,0,0,0,0,0
4434.355839605007,3,31.0,341,0,0,0,0,0,0
4435.370084735012,3,45.333333333333336,341,0,0,0,0,0,0
4436.383692444011,3,14.666666666666666,340,0,0,1,0,0,1
4437.397897447023,3,31.333333333333332,340,0,0,1,0,0,1
4438.411263015994,3,45.0,340,0,0,1,0,0,1
4439.423911837017,3,20.0,340,0,0,0,0,1,1
4440.438460964011,3,0.0,340,0,0,0,0,0,0
4441.452565362008,3,17.0,340,0,0,0,0,0,0
4442.466486710997,4,25.0,340,0,0,0,0,0,0
4443.479992852022,3,30.666666666666668,340,0,0,0,0,0,0
4444.492227981013,3,32.0,340,0,0,0,0,0,0
4445.506118787016,3,26.0,340,0,0,0,0,0,0
4446.516828385997,3,19.333333333333332,340,0,0,0,0,0,0
4447.5302708280215,3,19.0,340,0,0,0,0,0,0
4448.544195719995,3,12.0,340,0,0,0,0,0,0
4449.558947908023,3,0.0,340,0,0,0,0,0,0
4450.572951584996,3,0.0,340,0,0,0,0,0,0
4451.586780336016,3,0.0,340,0,0,0,0,0,0
4452.5974041839945,3,0.0,340,0,0,0,0,0,0
4453.610328755021,3,0.0,340,0,0,0,0,0,0
4454.6245343350165,3,8.0,340,0,0,0,0,0,0
4455.6378264430095,3,1.0,340,0,0,0,0,0,0
4456.652107132017,3,3.3333333333333335,340,0,0,0,0,0,0
4457.665817069006,3,0.0,340,0,0,0,0,0,0
4458.679456776008,3,0.0,340,0,0,0,0,0,0
4459.693517002015,3,0.0,340,0,0,0,0,0,0
4460.706876202021,3,0.0,340,0,0,0,0,0,0
4461.720840281021,3,0.0,340,0,0,0,0,0,0
4462.73433905901,3,0.0,340,0,0,0,0,0,0
4463.748225078016,3,0.0,340,0,0,0,0,0,0
4464.761880716018,3,0.0,340,0,0,0,0,0,0
4465.773205892998,3,0.0,340,0,0,0,0,0,0
4466.786872608995,3,0.0,340,0,0,0,0,0,0
4467.800875081011,3,0.0,340,0,0,0,0,0,0
4468.814845489018,3,0.0,340,0,0,0,0,0,0
4469.828308919008,3,21.0,338,1,0,1,0,0,2
4470.841696360003,3,63.333333333333336,338,0,0,1,0,0,1
4471.855165117013,3,62.0,338,0,0,1,0,0,1
4472.869409545994,3,62.666666666666664,338,0,0,0,1,0,1
4473.883200334007,3,0.0,335,3,0,0,0,0,3
4474.897318978008,3,31.333333333333332,335,0,0,3,0,0,3
4475.9111921020085,3,31.0,333,0,0,3,0,0,3
4476.937126806006,3,41.0,333,0,0,0,3,0,3
4477.951227039011,3,29.666666666666668,331,0,1,1,0,0,2
4478.965239064011,2,48.0,331,0,1,0,1,0,2
4479.977242115012,2,97.5,331,0,0,1,0,0,1
4480.990756526007,2,0.0,331,0,0,0,1,0,1
4482.004461620003,2,0.0,331,0,0,0,0,0,0
4483.023898397019,2,0.0,331,0,0,0,0,0,0
4484.036180260999,2,0.0,331,0,0,0,0,0,0
4485.061636138998,2,6.5,330,0,0,1,0,0,1
4486.075405848009,2,0.0,330,0,0,0,0,0,0
4487.089606590016,2,49.5,330,0,0,0,0,0,0
4488.103277136019,2,0.0,330,0,0,0,0,0,0
4489.114353390003,1,0.0,330,0,0,0,0,0,0
4490.12822689701,1,0.0,330,0,0,0,0,0,0
4491.138864927023,1,0.0,330,0,0,0,0,0,0
4492.148251758015,1,0.0,330,0,0,0,0,0,0
4493.160992049001,1,0.0,330,0,0,0,0,0,0
4494.174726172001,1,0.0,330,0,0,0,0,0,0
4495.188711762021,2,0.0,330,0,0,0,0,0,0
4496.204027830012,2,0.0,330,0,0,0,0,0,0
4497.222056939994,2,0.0,330,0,0,0,0,0,0
4498.2348491480225,1,44.0,330,0,0,0,0,0,0
4499.248040701001,1,42.0,330,0,0,0,0,0,0
4500.258224285004,1,30.0,330,0,0,0,0,0,0
4501.272545336018,1,0.0,330,0,0,0,0,0,0
4502.286200269009,1,0.0,330,0,0,0,0,0,0
4503.298714928998,1,0.0,330,0,0,0,0,0,0
4504.312691447994,1,0.0,330,0,0,0,0,0,0
4505.327365802019,1,95.0,330,0,0,0,0,0,0
4506.354278177023,1,2.0,330,0,0,0,0,0,0
4507.367845333007,1,32.0,330,0,0,0,0,0,0
4508.381891700003,1,0.0,330,0,0,0,0,0,0
4509.405807389005,1,16.0,330,0,0,0,0,0,0
4510.418460205023,1,19.0,330,0,0,0,0,0,0
4511.432696937001,1,0.0,330,0,0,0,0,0,0
4512.445870957017,2,3.0,330,0,0,0,0,0,0
4513.46011751701,2,0.0,330,0,0,0,0,0,0
4514.471199707012,2,68.0,330,0,0,0,0,0,0
4515.484140667017,2,68.5,330,0,0,0,0,0,0
4516.498327998997,2,22.0,330,0,0,0,0,0,0
4517.511006595014,2,22.0,330,0,0,0,0,0,0
4518.524980640999,2,0.0,330,0,0,0,0,0,0
4519.536805721,2,0.0,330,0,0,0,0,0,0
4520.550489315006,3,0.0,330,0,0,0,0,0,0
4521.564351933019,3,0.0,330,0,0,0,0,0,0
4522.578583800001,2,65.0,330,0,0,0,0,0,0
4523.593347426009,2,17.5,330,0,0,0,0,0,0
4524.604811716999,2,18.5,330,0,0,0,0,0,0
4525.619648434018,2,6.0,330,0,0,0,0,0,0
4526.631616783008,2,21.0,330,0,0,0,0,0,0
4527.643868234009,2,0.0,330,0,0,0,0,0,0
4528.657662689016,2,17.5,330,0,0,0,0,0,0
4529.667588835,2,0.0,330,0,0,0,0,0,0
4530.682071026997,2,0.5,330,0,0,0,0,0,0
4531.696024036006,2,0.0,330,0,0,0,0,0,0
4532.710006559006,2,0.0,330,0,0,0,0,0,0
4533.724379887019,3,0.0,330,0,0,0,0,0,0
4534.737553734012,3,1.3333333333333333,330,0,0,0,0,0,0
4535.751137051004,2,9.0,330,0,0,0,0,0,0
4536.764926885022,2,29.0,330,0,0,0,0,0,0
4537.778631443012,2,29.0,330,0,0,0,0,0,0
4538.793084588018,2,28.5,330,0,0,0,0,0,0
4539.806917416019,2,49.0,330,0,0,0,0,0,0
4540.820927961002,2,61.5,330,0,0,0,0,0,0
4541.832157312019,2,0.0,330,0,0,0,0,0,0
4542.844852545997,2,43.5,329,1,0,0,0,0,1
4543.859125158022,2,23.5,328,0,1,1,0,0,2
4544.872996677004,2,50.0,327,1,0,1,0,0,2
4545.887357214,2,30.5,327,1,0,1,0,0,2
4546.900721108017,2,46.5,327,0,0,2,0,0,2
4547.914418163011,2,30.5,327,0,0,2,0,0,2
4548.927677383006,2,61.0,327,0,0,1,0,0,1
4549.938774242008,2,50.0,327,0,0,1,0,0,1
4550.9503932220105,2,46.0,327,0,0,0,0,0,0
4551.964557314001,2,50.0,327,0,0,0,0,0,0
4552.980105634022,2,96.5,327,0,0,0,0,0,0
4553.99372554,2,68.5,327,0,0,0,0,0,0
4555.006670358998,3,31.666666666666668,324,3,0,0,0,0,3
4556.0179214210075,3,32.666666666666664,324,0,0,0,3,0,3
4557.031269925006,3,14.666666666666666,324,0,0,0,3,0,3
4558.046681278007,3,14.0,324,0,0,0,0,0,0
4559.055566733994,3,14.666666666666666,324,0,0,0,0,0,0
4560.067471756018,3,45.666666666666664,324,0,0,0,0,0,0
4561.077396819019,3,31.666666666666668,324,0,0,0,0,0,0
4562.091626075009,3,31.0,322,0,1,1,0,0,2
4563.103369657998,3,61.666666666666664,322,0,1,1,0,0,2
4564.1147215930105,3,62.0,322,0,0,1,1,0,2
4565.1271365389985,3,94.33333333333333,322,0,0,1,1,0,2
4566.143289594009,3,31.0,322,0,0,1,0,0,1
4567.157227582007,4,30.5,322,0,0,0,1,0,1
4568.170672462002,4,41.75,321,0,1,0,0,0,1
4569.185210762022,4,23.75,321,0,1,0,0,0,1
4570.199006390001,4,43.5,321,0,0,1,0,0,1
4571.213263579004,4,34.0,321,0,0,1,0,0,1
4572.227734804997,4,34.25,321,0,0,1,0,0,1
4573.23435871501,4,34.5,321,0,0,0,1,0,1
4574.248619192018,4,23.25,321,0,0,0,0,0,0
4575.262558932998,4,23.25,320,1,0,0,0,0,1
4576.275271103019,4,7.25,320,0,1,0,0,0,1
4577.288947677007,4,47.25,320,0,1,0,0,0,1
4578.300513855007,4,46.75,320,0,1,0,0,0,1
4579.314263853012,4,48.5,319,1,0,0,0,0,1
4580.323948578007,4,71.0,319,0,1,0,0,0,1
4581.337884879002,4,69.5,319,0,0,0,1,0,1
4582.350800811022,4,50.5,319,0,0,0,0,1,1
4583.3642914020165,4,47.25,319,0,0,0,0,0,0
4584.37835439801,4,0.0,317,0,1,1,0,0,2
4585.39242881001,4,47.0,316,0,1,0,0,2,3
4586.405361448997,4,23.0,316,0,1,0,0,2,3
4587.418979884998,3,0.0,316,0,1,0,0,0,1
4588.432785854995,3,0.0,315,1,0,1,0,0,2
4589.4465100380185,3,32.666666666666664,315,0,1,0,0,0,1
4590.460398194002,3,35.0,315,0,0,0,1,0,1
4591.474500954006,3,29.666666666666668,315,0,0,0,1,0,1
4592.486918645009,3,24.333333333333332,315,0,0,0,0,0,0
4593.499334870023,3,31.333333333333332,315,0,0,0,0,0,0
4594.516941456997,3,30.666666666666668,315,0,0,0,0,0,0
4595.530590337003,3,0.0,315,0,0,0,0,0,0
4596.543835421995,3,0.0,315,0,0,0,0,0,0
4597.55521347202,3,0.0,315,0,0,0,0,0,0
4598.568633087998,2,0.0,315,0,0,0,0,0,0
4599.582620490022,2,0.0,315,0,0,0,0,0,0
4600.59685151701,2,0.0,315,0,0,0,0,0,0
4601.607427280018,2,0.0,315,0,0,0,0,0,0
4602.621181844996,2,0.0,315,0,0,0,0,0,0
4603.6359545089945,2,0.0,315,0,0,0,0,0,0
4604.64991130901,2,0.0,315,0,0,0,0,0,0
4605.663152327004,2,0.0,315,0,0,0,0,0,0
4606.677151933021,1,0.0,315,0,0,0,0,0,0
4607.70097409701,1,0.0,315,0,0,0,0,0,0
4608.713510221016,1,0.0,315,0,0,0,0,0,0
4609.727668556996,1,0.0,315,0,0,0,0,0,0
4610.740656014008,1,0.0,315,0,0,0,0,0,0
4611.753616577014,1,92.0,315,0,0,0,0,0,0
4612.767403086997,1,0.0,315,0,0,0,0,0,0
4613.777788820997,1,0.0,315,0,0,0,0,0,0
4614.791698867019,1,0.0,315,0,0,0,0,0,0
4615.8058737289975,0,,315,0,0,0,0,0,0
4616.819877789007,0,,315,0,0,0,0,0,0
4617.833297314006,0,,315,0,0,0,0,0,0
4618.848736120999,1,0.0,315,0,0,0,0,0,0
4619.861835303018,1,0.0,315,0,0,0,0,0,0
4620.871604809014,1,45.0,315,0,0,0,0,0,0
4621.885951876,1,44.0,315,0,0,0,0,0,0
4622.895304339996,1,33.0,315,0,0,0,0,0,0
4623.909004120011,1,34.0,315,0,0,0,0,0,0
4624.922178512003,1,48.0,315,0,0,0,0,0,0
4625.948782955005,1,0.0,315,0,0,0,0,0,0
4626.960757410008,1,1.0,315,0,0,0,0,0,0
4627.974432264018,2,0.0,315,0,0,0,0,0,0
4628.988392889005,2,0.0,315,0,0,0,0,0,0
4630.00280271002,2,27.0,315,0,0,0,0,0,0
4631.01605428601,2,28.5,315,0,0,0,0,0,0
4632.028711235995,2,41.5,315,0,0,0,0,0,0
4633.035988215997,2,0.0,315,0,0,0,0,0,0
4634.046916822001,2,25.0,315,0,0,0,0,0,0
4635.061067163013,2,21.0,315,0,0,0,0,0,0
4636.07532088802,2,8.0,315,0,0,0,0,0,0
4637.086359162,2,0.0,315,0,0,0,0,0,0
4638.100227496994,3,0.0,314,0,0,1,0,0,1
4639.120744879998,3,57.0,314,0,0,1,0,0,1
4640.136551366013,3,31.666666666666668,314,0,0,1,0,0,1
4641.151261235995,3,44.0,314,0,0,0,0,0,0
4642.165124896012,3,54.666666666666664,314,0,0,0,0,0,0
4643.178592390002,3,15.0,314,0,0,0,0,0,0
4644.190342888003,3,0.0,314,0,0,0,0,0,0
4645.203520636016,3,14.333333333333334,314,0,0,0,0,0,0
4646.216230451013,2,13.5,314,0,0,0,0,0,0
4647.229960482015,2,0.0,314,0,0,0,0,0,0
4648.239322670997,2,0.0,314,0,0,0,0,0,0
4649.253610182001,3,0.0,314,0,0,0,0,0,0
4650.267583747016,3,29.666666666666668,314,0,0,0,0,0,0
4651.281436115009,3,37.0,314,0,0,0,0,0,0
4652.295980449999,3,46.666666666666664,314,0,0,0,0,0,0
4653.307052482007,3,47.333333333333336,313,1,0,0,0,0,1
4654.321308215003,3,39.333333333333336,313,1,0,0,0,0,1
4655.334869109007,3,44.333333333333336,313,0,0,1,0,0,1
4656.349057569023,3,31.0,313,0,0,1,0,0,1
4657.36259760501,3,31.333333333333332,313,0,0,1,0,0,1
4658.376341540017,3,30.0,313,0,0,0,1,0,1
4659.391241241014,3,75.33333333333333,313,0,0,0,0,0,0
4660.405955534021,3,62.0,313,0,0,0,0,0,0
4661.418393524014,3,75.0,313,0,0,0,0,0,0
4662.430666137021,3,31.333333333333332,313,0,0,0,0,0,0
4663.443324749009,3,31.0,312,0,0,1,0,0,1
4664.45729354801,3,37.333333333333336,312,0,0,1,0,0,1
4665.47109196402,3,33.0,312,0,0,1,0,0,1
4666.484980884008,3,31.333333333333332,312,0,0,0,1,0,1
4667.49857116802,2,21.0,310,1,0,1,0,0,2
4668.510519639007,2,54.0,310,1,0,1,0,0,2
4669.524320074997,2,94.5,310,1,0,0,0,1,2
4670.538328026014,2,29.0,310,1,0,0,0,0,1
4671.551821557019,2,8.5,310,0,0,1,0,0,1
4672.563150177011,2,46.5,310,0,0,1,0,0,1
4673.576904628018,2,46.5,310,0,0,1,0,0,1
4674.591208896018,2,22.5,310,0,0,1,0,0,1
4675.605514415016,1,92.0,310,0,0,0,0,0,0
4676.619446009019,1,0.0,309,1,0,0,0,0,1
4677.633442610997,1,93.0,309,0,0,1,0,0,1
4678.641763609019,2,48.0,309,0,0,1,0,0,1
4679.656234830996,2,46.5,309,0,0,0,0,0,0
4680.669957984006,2,25.5,309,0,0,0,0,0,0
4681.680354657001,2,21.0,309,0,0,0,0,0,0
4682.692788243003,2,67.0,309,0,0,0,0,0,0
4683.705387905007,2,41.0,309,0,0,0,0,0,0
4684.719148224016,2,46.0,309,0,0,0,0,0,0
4685.733295583021,2,0.0,309,0,0,0,0,0,0
4686.743626110023,2,0.0,309,0,0,0,0,0,0
4687.758219566022,2,0.0,309,0,0,0,0,0,0
4688.772175521008,2,17.0,309,0,0,0,0,0,0
4689.7858415410155,2,0.0,309,0,0,0,0,0,0
4690.800248579995,2,9.5,309,0,0,0,0,0,0
4691.81114076401,2,0.0,309,0,0,0,0,0,0
4692.825258689001,1,40.0,309,0,0,0,0,0,0
4693.837598525017,1,19.0,309,0,0,0,0,0,0
4694.851951715013,1,0.0,309,0,0,0,0,0,0
4695.86515616902,1,0.0,309,0,0,0,0,0,0
4696.879090431001,2,0.0,309,0,0,0,0,0,0
4697.893237065,2,0.0,309,0,0,0,0,0,0
4698.903879360994,2,0.0,309,0,0,0,0,0,0
4699.918335054012,2,22.0,309,0,0,0,0,0,0
4700.935101807001,2,22.0,309,0,0,0,0,0,0
4701.947648347006,2,22.0,309,0,0,0,0,0,0
4702.962004510016,1,41.0,309,0,0,0,0,0,0
4703.975896099,1,0.0,309,0,0,0,0,0,0
4704.985476283997,1,25.0,309,0,0,0,0,0,0
4705.9979613049945,1,0.0,309,0,0,0,0,0,0
4707.013905733998,1,0.0,309,0,0,0,0,0,0
4708.028867431014,2,0.0,309,0,0,0,0,0,0
4709.039802006009,2,0.0,309,0,0,0,0,0,0
4710.049117951014,2,39.0,309,0,0,0,0,0,0
4711.061690659,2,22.0,309,0,0,0,0,0,0
4712.074299439002,2,37.5,308,1,0,0,0,0,1
4713.0885693989985,2,11.0,308,1,0,0,0,0,1
4714.100829752017,2,20.5,307,2,0,0,0,0,2
4715.113422727009,2,0.0,307,2,0,0,0,0,2
4716.125203090021,2,0.0,307,0,0,2,0,0,2
4717.13679410101,2,47.5,307,0,0,2,0,0,2
4718.1492036420095,2,91.5,306,0,1,1,0,0,2
4719.163459532021,2,14.0,305,0,0,2,0,0,2
4720.177534613002,2,39.0,305,0,0,2,0,0,2
4721.192882739997,2,47.0,305,0,0,2,0,0,2
4722.207638696011,2,47.0,305,0,0,0,0,0,0
4723.2215082760085,2,62.5,305,0,0,0,0,0,0
4724.235231786995,2,47.0,305,0,0,0,0,0,0
4725.247800893005,3,0.0,304,1,0,0,0,0,1
4726.261681155011,3,31.333333333333332,304,0,0,1,0,0,1
4727.275865653006,3,52.333333333333336,303,0,1,1,0,0,2
4728.289846246014,3,83.0,303,0,0,2,0,0,2
4729.3015344160085,3,66.33333333333333,302,1,0,1,0,0,2
4730.313042354013,3,39.666666666666664,302,0,1,1,0,0,2
4731.324426072999,3,31.666666666666668,301,1,0,1,0,0,2
4732.338197830017,3,44.333333333333336,301,0,1,1,0,0,2
4733.348919197015,3,62.0,301,0,0,2,0,0,2
4734.362911548,3,50.333333333333336,301,0,0,1,1,0,2
4735.377397163014,4,46.5,301,0,0,1,0,1,2
4736.391433981014,4,31.0,301,0,0,0,0,1,1
4737.403313045012,4,36.5,301,0,0,0,0,1,1
4738.4167925090005,4,16.75,301,0,0,0,0,0,0
4739.430753396999,4,46.0,301,0,0,0,0,0,0
4740.44176680001,4,41.5,301,0,0,0,0,0,0
4741.455562378018,4,23.0,301,0,0,0,0,0,0
4742.470330439013,4,23.5,301,0,0,0,0,0,0
4743.481751037005,4,23.25,301,0,0,0,0,0,0
4744.493454064999,4,23.5,301,0,0,0,0,0,0
4745.508920477994,4,46.75,301,0,0,0,0,0,0
4746.520467819006,4,46.75,301,0,0,0,0,0,0
4747.534262438014,4,11.0,300,1,0,0,0,0,1
4748.547595729004,4,46.25,300,0,0,1,0,0,1
4749.561225787009,4,81.0,300,0,0,1,0,0,1
4750.574767779995,4,69.75,300,0,0,0,1,0,1
4751.586901917006,4,46.5,299,0,0,1,0,0,1
4752.596494897007,4,47.25,299,0,0,1,0,0,1
4753.60770550702,4,70.75,299,0,0,1,0,0,1
4754.621228628996,4,55.0,299,0,0,0,1,0,1
4755.634743082017,4,47.25,297,2,0,0,0,0,2
4756.648785293015,4,56.5,295,0,2,2,0,0,4
4757.663491606014,4,67.0,295,0,0,3,0,0,3
4758.67707755501,4,92.5,295,0,0,2,1,0,3
4759.691229570017,4,70.0,295,0,0,1,2,0,3
4760.704965706012,4,46.5,295,0,0,1,1,1,3
4761.718737626012,4,46.5,295,0,0,0,0,1,1
4762.732610236999,4,72.5,295,0,0,0,0,0,0
4763.746135941998,4,71.5,295,0,0,0,0,0,0
4764.760384634021,4,47.25,295,0,0,0,0,0,0
4765.774135295011,4,23.5,295,0,0,0,0,0,0
4766.788381696999,4,23.0,295,0,0,0,0,0,0
4767.802553574002,4,23.25,295,0,0,0,0,0,0
4768.816171239014,4,0.0,295,0,0,0,0,0,0
4769.829965186014,4,0.0,295,0,0,0,0,0,0
4770.843248812016,4,0.0,295,0,0,0,0,0,0
4771.8574412720045,4,0.0,295,0,0,0,0,0,0
4772.870921027003,4,0.0,295,0,0,0,0,0,0
4773.8850858320075,4,0.0,295,0,0,0,0,0,0
4774.8989842430165,4,0.0,295,0,0,0,0,0,0
4775.909955865005,4,0.0,295,0,0,0,0,0,0
4776.9227532250225,4,0.0,295,0,0,0,0,0,0
4777.948220092017,4,0.0,295,0,0,0,0,0,0
4778.959860878007,4,0.0,295,0,0,0,0,0,0
4779.97363627702,4,0.0,295,0,0,0,0,0,0
4780.986775496014,4,0.0,295,0,0,0,0,0,0
4782.003002762009,4,0.0,295,0,0,0,0,0,0
4783.0159912740055,4,0.0,295,0,0,0,0,0,0
4784.0297036819975,4,0.0,295,0,0,0,0,0,0
4785.044345684,4,0.0,295,0,0,0,0,0,0
4786.055685118015,4,0.0,295,0,0,0,0,0,0
4787.069453881995,4,24.75,293,0,0,2,0,0,2
4788.090625671,4,69.0,293,0,0,2,0,0,2
4789.097779648,4,71.0,293,0,0,1,1,0,2
4790.109204212,4,70.25,293,0,0,0,2,0,2
4791.121197989007,3,62.666666666666664,290,3,0,0,0,0,3
4792.134606649022,3,11.666666666666666,290,0,1,2,0,0,3
4793.148161406018,3,89.33333333333333,290,0,0,3,0,0,3
4794.160672149999,3,93.33333333333333,290,0,0,3,0,0,3
4795.174283641012,3,93.0,290,0,0,1,2,0,3
4796.188268389,3,62.333333333333336,290,0,0,0,1,2,3
4797.199207978003,3,31.333333333333332,285,0,3,2,0,0,5
4798.212838158011,3,53.333333333333336,285,0,0,3,2,0,5
4799.227927907021,3,64.0,285,0,0,3,0,2,5
4800.241724606021,3,62.0,285,0,0,1,2,2,5
4801.255746248004,3,0.0,285,0,0,0,3,2,5
4802.26686773001,3,33.333333333333336,282,0,2,1,0,0,3
4803.277643369016,3,73.0,282,0,0,3,0,0,3
4804.288345031004,3,93.66666666666667,282,0,0,1,1,0,2
4805.30074759401,3,92.33333333333333,282,0,0,0,2,0,2
4806.313996990997,3,93.33333333333333,282,0,0,0,2,0,2
4807.3245780400175,3,31.333333333333332,280,2,0,0,0,0,2
4808.338447029004,3,93.66666666666667,279,0,1,2,0,0,3
4809.3495854640205,3,58.333333333333336,279,0,0,0,2,0,2
4810.363379576011,3,32.333333333333336,279,0,0,0,2,0,2
4811.376755075005,3,31.0,279,0,0,0,2,0,2
4812.39026975102,3,31.0,279,0,0,0,0,2,2
4813.4021288340155,3,19.333333333333332,279,0,0,0,0,0,0
4814.414793394011,3,0.0,278,1,0,0,0,0,1
4815.4272898750205,3,0.0,278,1,0,0,0,0,1
4816.4411186510115,2,0.0,278,1,0,0,0,0,1
4817.455061920016,2,0.0,278,0,1,0,0,0,1
4818.468565363,2,45.0,278,0,0,1,0,0,1
4819.4827883920225,2,47.0,278,0,0,1,0,0,1
4820.496538166015,2,46.5,278,0,0,0,1,0,1
4821.510605541,2,46.5,278,0,0,0,0,0,0
4822.524626138009,3,31.666666666666668,278,0,0,0,0,0,0
4823.538496127003,3,0.0,278,0,0,0,0,0,0
4824.553028115013,3,0.0,278,0,0,0,0,0,0
4825.564818839019,3,14.666666666666666,278,0,0,0,0,0,0
4826.578043350019,2,21.0,278,0,0,0,0,0,0
4827.587475166016,2,21.0,278,0,0,0,0,0,0
4828.601060646004,2,20.0,278,0,0,0,0,0,0
4829.613327660016,2,0.0,278,0,0,0,0,0,0
4830.627562770009,2,0.0,278,0,0,0,0,0,0
4831.641551212,2,0.0,278,0,0,0,0,0,0
4832.654274672008,2,1.0,278,0,0,0,0,0,0
4833.668089879007,2,0.0,278,0,0,0,0,0,0
4834.682034833997,2,0.0,278,0,0,0,0,0,0
4835.695772943,2,0.0,278,0,0,0,0,0,0
4836.709863241995,1,27.0,278,0,0,0,0,0,0
4837.724187593005,1,0.0,278,0,0,0,0,0,0
4838.7351549020095,1,0.0,278,0,0,0,0,0,0
4839.749498148012,1,0.0,278,0,0,0,0,0,0
4840.763564608002,1,0.0,278,0,0,0,0,0,0
4841.776871514012,1,0.0,278,0,0,0,0,0,0
4842.790625229012,1,0.0,278,0,0,0,0,0,0
4843.804490459006,1,99.0,278,0,0,0,0,0,0
4844.81884640301,1,0.0,278,0,0,0,0,0,0
4845.832290022023,1,45.0,277,0,0,1,0,0,1
4846.846409676014,1,95.0,277,0,0,0,0,0,0
4847.861044384015,2,48.5,277,0,0,0,0,0,0
4848.872188470996,2,47.5,277,0,0,0,0,0,0
4849.883286541008,2,47.0,276,1,0,0,0,0,1
4850.8960750080005,2,68.0,276,0,1,0,0,0,1
4851.90812531102,2,68.5,276,0,0,1,0,0,1
4852.9200604430225,2,69.5,276,0,0,1,0,0,1
4853.932530479011,2,69.0,276,0,0,0,0,1,1
4854.94600823801,2,48.0,276,0,0,0,0,0,0
4855.958003847016,2,3.0,276,0,0,0,0,0,0
4856.97043225402,2,0.0,276,0,0,0,0,0,0
4857.983524898998,2,1.0,276,0,0,0,0,0,0
4858.996397086012,2,45.0,276,0,0,0,0,0,0
4860.010054685001,3,0.0,276,0,0,0,0,0,0
4861.025627958996,3,10.333333333333334,276,0,0,0,0,0,0
4862.040120432997,3,50.0,276,0,0,0,0,0,0
4863.053782864998,3,19.0,276,0,0,0,0,0,0
4864.064521563007,3,27.666666666666668,276,0,0,0,0,0,0
4865.079235395999,3,19.0,276,0,0,0,0,0,0
4866.091893983015,3,31.333333333333332,276,0,0,0,0,0,0
4867.108997116011,3,12.666666666666666,276,0,0,0,0,0,0
4868.120761130005,4,0.25,276,0,0,0,0,0,0
4869.134431595012,4,23.5,276,0,0,0,0,0,0
4870.146518518013,4,23.5,276,0,0,0,0,0,0
4871.160891884996,3,46.0,276,0,0,0,0,0,0
4872.185792867007,3,55.0,276,0,0,0,0,0,0
4873.197392057016,3,20.0,276,0,0,0,0,0,0
4874.211676780018,3,14.0,276,0,0,0,0,0,0
4875.225351369998,3,0.0,276,0,0,0,0,0,0
4876.239356227015,3,6.333333333333333,276,0,0,0,0,0,0
4877.252716634015,3,0.3333333333333333,276,0,0,0,0,0,0
4878.2674711080035,3,0.0,276,0,0,0,0,0,0
4879.280760948022,3,30.666666666666668,276,0,0,0,0,0,0
4880.294669512019,3,31.0,276,0,0,0,0,0,0
4881.308407870005,2,30.0,276,0,0,0,0,0,0
4882.3221315830015,2,56.0,276,0,0,0,0,0,0
4883.335740456008,2,46.5,276,0,0,0,0,0,0
4884.3492583479965,2,46.5,276,0,0,0,0,0,0
4885.36261675501,2,49.5,276,0,0,0,0,0,0
4886.375965757994,2,46.5,276,0,0,0,0,0,0
4887.388292062009,2,46.5,276,0,0,0,0,0,0
4888.400321872003,2,0.0,276,0,0,0,0,0,0
4889.414426914009,2,92.0,276,0,0,0,0,0,0
4890.437569766014,2,93.0,276,0,0,0,0,0,0
4891.45152457201,2,46.5,276,0,0,0,0,0,0
4892.463272110006,2,93.5,276,0,0,0,0,0,0
4893.477110764012,2,81.5,276,0,0,0,0,0,0
4894.491038250999,2,94.0,276,0,0,0,0,0,0
4895.503330670006,2,46.5,276,0,0,0,0,0,0
4896.51328957401,2,93.0,276,0,0,0,0,0,0
4897.529604942014,2,93.0,276,0,0,0,0,0,0
4898.543971022009,2,2.5,276,0,0,0,0,0,0
4899.557883218018,2,50.0,276,0,0,0,0,0,0
4900.566771904996,2,46.5,276,0,0,0,0,0,0
4901.580495639006,3,31.333333333333332,276,0,0,0,0,0,0
4902.593001555011,3,31.666666666666668,276,0,0,0,0,0,0
4903.606701134995,2,23.0,276,0,0,0,0,0,0
4904.6216785260185,2,22.0,276,0,0,0,0,0,0
4905.633063396002,2,21.0,275,0,0,1,0,0,1
4906.647054857021,2,68.0,275,0,0,1,0,0,1
4907.661107474007,2,66.5,275,0,0,0,0,1,1
4908.673559320014,2,46.5,275,0,0,0,0,0,0
4909.687618791999,2,0.0,275,0,0,0,0,0,0
4910.7011626650055,2,0.0,275,0,0,0,0,0,0
4911.713850308006,3,3.3333333333333335,275,0,0,0,0,0,0
4912.725206833013,3,0.0,275,0,0,0,0,0,0
4913.739751584013,3,52.333333333333336,275,0,0,0,0,0,0
4914.752730434004,3,23.666666666666668,275,0,0,0,0,0,0
4915.767034129996,3,20.333333333333332,275,0,0,0,0,0,0
4916.780682272016,3,27.0,275,0,0,0,0,0,0
4917.794479633012,3,9.666666666666666,275,0,0,0,0,0,0
4918.806141069013,3,0.0,275,0,0,0,0,0,0
4919.819192980998,2,0.0,275,0,0,0,0,0,0
4920.831954663998,2,47.0,275,0,0,0,0,0,0
4921.846412376995,2,55.0,275,0,0,0,0,0,0
4922.860397508019,2,1.0,275,0,0,0,0,0,0
4923.880214189994,2,64.0,275,0,0,0,0,0,0
4924.89187372601,2,12.5,275,0,0,0,0,0,0
4925.913751882996,2,0.0,275,0,0,0,0,0,0
4926.92663892702,2,60.0,275,0,0,0,0,0,0
4927.940431158,2,46.5,275,0,0,0,0,0,0
4928.954269562004,2,25.5,275,0,0,0,0,0,0
4929.980644092022,2,29.5,275,0,0,0,0,0,0
4930.992432736995,2,55.0,275,0,0,0,0,0,0
4932.007598933007,2,47.0,275,0,0,0,0,0,0
4933.022522086016,2,47.5,275,0,0,0,0,0,0
4934.031827176019,3,31.666666666666668,275,0,0,0,0,0,0
4935.045512220007,3,32.0,275,0,0,0,0,0,0
4936.055790529004,3,51.333333333333336,275,0,0,0,0,0,0
4937.068187847006,2,27.5,275,0,0,0,0,0,0
4938.084645508003,2,28.5,275,0,0,0,0,0,0
4939.097001393995,2,27.0,275,0,0,0,0,0,0
4940.111179066007,2,1.0,275,0,0,0,0,0,0
4941.124372971011,2,0.0,275,0,0,0,0,0,0
4942.137845279998,2,0.0,275,0,0,0,0,0,0
4943.148541978997,2,0.0,275,0,0,0,0,0,0
4944.163520322996,2,0.5,275,0,0,0,0,0,0
4945.1769249479985,2,0.0,275,0,0,0,0,0,0
4946.190522699995,2,9.0,275,0,0,0,0,0,0
4947.204584057996,1,0.0,275,0,0,0,0,0,0
4948.218525975011,1,18.0,275,0,0,0,0,0,0
4949.230502146005,1,23.0,275,0,0,0,0,0,0
4950.244811567012,1,0.0,275,0,0,0,0,0,0
4951.2585500050045,1,0.0,275,0,0,0,0,0,0
4952.272462955007,2,0.0,275,0,0,0,0,0,0
4953.2862243860145,2,21.5,275,0,0,0,0,0,0
4954.30041881802,2,65.0,275,0,0,0,0,0,0
4955.313112386008,2,69.0,274,1,0,0,0,0,1
4956.327743414004,2,49.0,274,0,1,0,0,0,1
4957.3386906789965,2,66.5,274,0,0,1,0,0,1
4958.351927380019,2,46.5,274,0,0,1,0,0,1
4959.364798028022,2,47.0,274,0,0,0,0,0,0
4960.378700860019,2,0.0,274,0,0,0,0,0,0
4961.392898225022,2,31.5,274,0,0,0,0,0,0
4962.406687195995,2,0.0,274,0,0,0,0,0,0
4963.420247310016,2,0.0,274,0,0,0,0,0,0
4964.433226619003,2,14.0,274,0,0,0,0,0,0
4965.446915681998,1,0.0,274,0,0,0,0,0,0
4966.456612908019,1,38.0,274,0,0,0,0,0,0
4967.467807743,1,14.0,274,0,0,0,0,0,0
4968.481615355995,1,0.0,274,0,0,0,0,0,0
4969.495627993019,2,0.0,274,0,0,0,0,0,0
4970.509595514013,2,0.0,274,0,0,0,0,0,0
4971.520579328004,2,72.0,274,0,0,0,0,0,0
4972.534624052001,2,68.0,274,0,0,0,0,0,0
4973.546087605006,2,39.0,274,0,0,0,0,0,0
4974.558295541996,2,69.0,274,0,0,0,0,0,0
4975.570931463008,2,1.0,274,0,0,0,0,0,0
4976.582742499013,2,0.0,274,0,0,0,0,0,0
4977.594550867012,2,47.0,274,0,0,0,0,0,0
4978.606124401995,3,28.333333333333332,274,0,0,0,0,0,0
4979.620427815011,3,36.666666666666664,274,0,0,0,0,0,0
4980.634164679999,3,35.0,274,0,0,0,0,0,0
4981.648809068021,3,15.0,274,0,0,0,0,0,0
4982.6611144100025,3,24.333333333333332,274,0,0,0,0,0,0
4983.675182648003,3,44.666666666666664,273,1,0,0,0,0,1
4984.687846187997,3,30.666666666666668,273,0,1,0,0,0,1
4985.697940851009,3,39.0,273,0,0,1,0,0,1
4986.71189881902,3,32.0,273,0,0,0,0,1,1
4987.72400055101,3,31.333333333333332,271,2,0,0,0,0,2
4988.745920959016,3,31.333333333333332,271,1,0,1,0,0,2
4989.75748785201,3,32.666666666666664,271,0,0,2,0,0,2
4990.769381514023,3,68.66666666666667,271,0,0,2,0,0,2
4991.783585118013,3,63.0,271,0,0,1,1,0,2
4992.795540793013,3,35.0,271,0,0,0,0,0,0
4993.809356083017,3,39.666666666666664,271,0,0,0,0,0,0
4994.817141445004,3,64.33333333333333,271,0,0,0,0,0,0
4995.828357810009,4,46.75,271,0,0,0,0,0,0
4996.83980703901,4,0.0,271,0,0,0,0,0,0
4997.850647797022,4,14.75,270,0,1,0,0,0,1
4998.8643896600115,4,48.25,270,0,0,1,0,0,1
4999.8779276279965,4,60.5,270,0,0,1,0,0,1
5000.904303343006,4,52.5,270,0,0,1,0,0,1
5001.91791559002,3,31.666666666666668,270,0,0,1,0,0,1
5002.930377056007,3,22.333333333333332,270,0,0,0,1,0,1
5003.942859534,3,19.333333333333332,270,0,0,0,0,0,0
5004.95443361401,3,18.333333333333332,269,1,0,0,0,0,1
5005.965521245002,3,17.333333333333332,269,0,1,0,0,0,1
5006.9797691950225,3,31.0,269,0,0,1,0,0,1
5007.992747892014,3,29.333333333333332,269,0,0,1,0,0,1
5009.005211933021,3,32.0,269,0,0,0,0,0,0
5010.018635885004,3,30.666666666666668,269,0,0,0,0,0,0
5011.032669297012,2,67.0,269,0,0,0,0,0,0
5012.04656243202,2,46.5,269,0,0,0,0,0,0
5013.060134194995,2,46.5,269,0,0,0,0,0,0
5014.072224447009,2,47.0,269,0,0,0,0,0,0
5015.086325559998,2,90.5,268,1,0,0,0,0,1
5016.106491334998,2,93.5,268,1,0,0,0,0,1
5017.11948482602,2,80.0,268,0,1,0,0,0,1
5018.133363002009,2,95.5,268,0,1,0,0,0,1
5019.146065883018,2,47.0,268,0,1,0,0,0,1
5020.156594713015,2,46.5,268,0,0,1,0,0,1
5021.170463432005,2,94.0,268,0,0,1,0,0,1
5022.184203470009,2,92.0,268,0,0,0,1,0,1
5023.197865925002,2,29.5,268,0,0,0,0,0,0
5024.211245156999,2,48.0,268,0,0,0,0,0,0
5025.221556074015,2,47.0,268,0,0,0,0,0,0
5026.235275473999,1,93.0,268,0,0,0,0,0,0
5027.248258461012,1,0.0,267,0,0,1,0,0,1
5028.259927168023,1,12.0,267,0,0,1,0,0,1
5029.271500593022,1,100.0,267,0,0,1,0,0,1
5030.283325068012,1,70.0,267,0,0,0,1,0,1
5031.29732009102,1,95.0,267,0,0,0,0,0,0
5032.309320600005,2,46.5,267,0,0,0,0,0,0
5033.323966629017,2,68.0,267,0,0,0,0,0,0
5034.336919975001,2,52.0,267,0,0,0,0,0,0
5035.350481421017,2,60.0,267,0,0,0,0,0,0
5036.366094965022,2,45.0,267,0,0,0,0,0,0
5037.380359842005,2,47.5,267,0,0,0,0,0,0
5038.389461558021,2,34.5,267,0,0,0,0,0,0
5039.401846577006,2,0.0,267,0,0,0,0,0,0
5040.416246070003,2,0.0,267,0,0,0,0,0,0
5041.430168189021,2,46.0,267,0,0,0,0,0,0
5042.443689360021,2,0.0,267,0,0,0,0,0,0
5043.457893553015,3,7.333333333333333,267,0,0,0,0,0,0
5044.463957455999,3,0.0,267,0,0,0,0,0,0
5045.478082592017,3,15.0,267,0,0,0,0,0,0
5046.492550256022,3,24.0,267,0,0,0,0,0,0
5047.5044341660105,3,14.0,267,0,0,0,0,0,0
5048.519036443002,3,14.666666666666666,267,0,0,0,0,0,0
5049.532510400022,3,0.6666666666666666,267,0,0,0,0,0,0
5050.546877083019,3,0.0,267,0,0,0,0,0,0
5051.561316039995,3,0.0,267,0,0,0,0,0,0
5052.574390457012,3,0.0,267,0,0,0,0,0,0
5053.586791000998,3,0.3333333333333333,267,0,0,0,0,0,0
5054.600641019002,3,0.0,267,0,0,0,0,0,0
5055.614904640999,3,3.3333333333333335,267,0,0,0,0,0,0
5056.628955506021,3,0.0,267,0,0,0,0,0,0
5057.642631780996,3,0.3333333333333333,267,0,0,0,0,0,0
5058.656997331011,4,6.5,265,0,1,1,0,0,2
5059.669718910009,4,49.5,264,1,0,2,0,0,3
5060.682287233998,4,52.5,264,0,1,2,0,0,3
5061.692697316001,4,57.0,264,0,1,1,0,1,3
5062.707190943009,4,39.0,263,1,1,1,0,0,3
5063.720825754019,4,47.25,263,1,1,0,1,0,3
5064.731220260001,4,17.5,261,1,2,1,0,0,4
5065.744206928997,4,38.25,261,0,0,4,0,0,4
5066.7584403619985,4,69.75,261,0,0,4,0,0,4
5067.77244799101,4,70.5,261,0,0,2,2,0,4
5068.7852045659965,4,71.0,260,1,0,0,0,2,3
5069.798709052004,4,7.25,256,2,2,1,0,0,5
5070.809322672023,4,23.5,256,0,1,4,0,0,5
5071.8260540860065,4,75.75,256,0,1,2,2,0,5
5072.839449901017,4,29.0,256,0,1,1,3,0,5
5073.85314455902,4,23.25,254,2,1,1,0,0,4
5074.866960214014,4,30.75,254,0,1,3,0,0,4
5075.880913087021,4,52.0,252,0,0,6,0,0,6
5076.894670063019,4,71.5,252,0,0,6,0,0,6
5077.908388890006,3,93.66666666666667,252,0,0,6,0,0,6
5078.921289829013,3,93.66666666666667,251,0,0,5,0,1,6
5079.936469948996,3,83.33333333333333,249,0,1,5,0,0,6
5080.948680325004,3,95.66666666666667,249,0,0,6,0,0,6
5081.96088973002,3,97.0,249,0,0,4,2,0,6
5082.972755038005,3,63.666666666666664,249,0,0,2,4,0,6
5083.983845798008,3,31.0,244,0,4,2,0,0,6
5084.993048169999,3,74.0,244,0,0,6,0,0,6
5086.006468288018,3,67.0,244,0,0,6,0,0,6
5087.019585644011,3,94.66666666666667,244,0,0,5,1,0,6
5088.033951124002,3,95.66666666666667,244,0,0,4,2,0,6
5089.04759394002,3,80.66666666666667,242,1,1,4,0,0,6
5090.058878967015,3,67.0,242,0,0,6,0,0,6
5091.073254111019,3,94.33333333333333,242,0,0,6,0,0,6
5092.084108498995,3,62.666666666666664,242,0,0,3,3,0,6
5093.097854619002,3,62.0,242,0,0,2,4,0,6
5094.108471201995,3,31.0,237,5,0,1,0,0,6
5095.122228749009,3,86.0,237,0,0,5,0,1,6
5096.138995642017,3,62.333333333333336,236,1,0,3,1,1,6
5097.154170263995,3,62.333333333333336,235,2,0,2,2,0,6
5098.168208576011,3,62.0,235,2,0,2,2,0,6
5099.181605310005,3,89.33333333333333,233,1,1,4,0,0,6
5100.19554865401,3,65.0,233,0,0,6,0,0,6
5101.20649880002,3,94.0,233,0,0,6,0,0,6
5102.216206377023,3,92.66666666666667,233,0,0,5,1,0,6
5103.2246956780145,3,63.0,233,0,0,3,3,0,6
5104.238288541004,3,63.0,230,0,0,6,0,0,6
5105.250401758996,3,93.33333333333333,230,0,0,6,0,0,6
5106.263679157011,3,94.33333333333333,230,0,0,6,0,0,6
5107.277548990009,3,63.0,230,0,0,1,5,0,6
5108.290812649997,3,31.0,226,4,0,1,0,1,6
5109.301752383006,3,55.333333333333336,225,0,2,4,0,0,6
5110.314364506019,4,73.0,225,0,0,6,0,0,6
5111.32639678102,4,71.25,225,0,0,5,1,0,6
5112.3378735940205,4,81.0,225,0,0,4,1,1,6
5113.349807894003,4,81.25,225,0,0,4,1,1,6
5114.360227911995,4,41.75,223,0,1,5,0,0,6
5115.3709970590135,4,82.5,223,0,0,6,0,0,6
5116.385492069006,4,71.0,223,0,0,5,1,0,6
5117.398124741012,4,69.75,223,0,0,4,2,0,6
5118.411995661008,4,52.25,222,1,0,1,0,4,6
5119.427828653017,4,22.5,218,0,1,5,0,0,6
5120.442566473008,4,69.5,218,0,0,6,0,0,6
5121.455071306002,4,68.5,218,0,0,5,1,0,6
5122.468585344002,4,64.75,218,0,0,3,3,0,6
5123.483268202021,4,24.25,218,0,0,1,4,1,6
5124.496984398022,4,23.5,212,5,1,0,0,0,6
5125.5091925669985,4,53.25,212,0,1,5,0,0,6
5126.520718061016,4,43.25,212,0,1,5,0,0,6
5127.532380407996,4,69.25,212,0,1,5,0,0,6
5128.545854195021,4,70.75,212,0,1,5,0,0,6
5129.558966940007,4,71.25,210,0,0,8,0,0,8
5130.572679511999,4,93.5,209,1,0,7,0,0,8
5131.588595166017,4,64.25,209,0,1,7,0,0,8
5132.6021843540075,4,94.75,209,0,1,3,4,0,8
5133.615754550003,4,47.0,209,0,1,2,5,0,8
5134.629827664001,4,46.75,209,0,1,2,0,5,8
5135.641307951009,4,45.0,204,0,2,6,0,0,8
5136.652066444018,4,80.5,204,0,0,8,0,0,8
5137.665995326999,4,94.0,204,0,0,6,2,0,8
5138.679087780009,4,81.5,204,0,0,5,3,0,8
5139.692968051997,4,70.0,204,0,0,5,3,0,8
5140.705749995017,4,69.0,201,0,2,6,0,0,8
5141.71696010101,4,95.25,201,0,0,8,0,0,8
5142.730682747002,4,71.75,200,1,0,7,0,0,8
5143.744275158009,4,71.5,200,1,0,3,4,0,8
5144.75807852202,4,47.5,200,1,0,2,5,0,8
5145.771897450002,4,28.25,200,1,0,2,1,4,8
5146.784500211012,4,22.75,194,4,3,1,0,0,8
5147.7951420710015,4,28.5,193,1,1,6,0,0,8
5148.810454873019,4,81.75,193,1,0,7,0,0,8
5149.823794930009,4,95.0,193,1,0,6,1,0,8
5150.835795048013,4,94.0,193,1,0,6,1,0,8
5151.8492537460115,4,93.5,192,2,0,4,0,2,8
5152.863470974,4,30.75,190,2,1,5,0,0,8
5153.878800199018,4,53.25,190,0,0,8,0,0,8
5154.892236896005,4,94.25,190,0,0,6,2,0,8
5155.905890570022,4,80.25,190,0,0,2,6,0,8
5156.916747597017,4,46.75,190,0,0,2,6,0,8
5157.930423929996,4,47.75,190,0,0,2,6,0,8
5158.944697252009,4,33.0,184,3,2,3,0,0,8
5159.958740561007,4,55.25,183,1,0,7,0,0,8
5160.96968931501,4,76.0,183,1,0,7,0,0,8
5161.9823452990095,4,95.0,183,1,0,7,0,0,8
5162.993080728018,4,94.25,183,1,0,6,1,0,8
5164.00692817301,4,94.5,183,1,0,5,2,0,8
5165.017527969001,4,73.5,181,2,1,5,0,0,8
5166.0298793800175,4,46.0,180,1,1,6,0,0,8
5167.043953303015,4,90.5,180,0,1,5,2,0,8
5168.051303590997,4,46.75,180,0,1,2,5,0,8
5169.062540337007,4,47.0,180,0,1,1,6,0,8
5170.07578513,4,23.5,180,0,1,1,6,0,8
5171.084933467006,4,23.25,174,6,1,1,0,0,8
5172.098390010011,4,46.5,174,0,2,6,0,0,8
5173.109691124002,4,33.75,174,0,2,5,0,1,8
5174.123350033013,4,93.0,174,0,2,3,2,0,7
5175.13215903801,4,70.25,174,0,2,3,2,0,7
5176.149085209006,4,71.0,174,0,1,3,3,0,7
5177.163039659004,4,36.0,170,4,0,4,0,0,8
5178.177858809999,4,71.0,170,0,1,7,0,0,8
5179.1914287389955,4,78.5,170,0,0,8,0,0,8
5180.203241642012,4,94.5,170,0,0,6,2,0,8
5181.216855180013,4,94.75,170,0,0,6,2,0,8
5182.229459734022,4,94.25,170,0,0,6,2,0,8
5183.243132644013,4,93.25,170,0,0,5,0,3,8
5184.2556759590225,4,63.75,167,0,2,6,0,0,8
5185.28139721902,4,66.25,166,1,0,5,1,1,8
5186.294811075,4,64.0,166,1,0,2,4,1,8
5187.3076017360145,4,23.5,166,1,0,1,5,1,8
5188.323414845014,4,23.5,166,1,0,1,5,1,8
5189.337170381012,4,23.5,166,1,0,1,5,1,8
5190.3505370110215,4,23.5,166,1,0,1,5,1,8
5191.362252677005,4,23.5,166,1,0,1,5,1,8
5192.37536241801,4,0.0,166,1,0,0,6,1,8
5193.389378724009,4,0.0,166,1,0,0,6,1,8
5194.400468559004,4,0.0,166,1,0,0,6,1,8
5195.414614178997,4,0.0,166,1,0,0,6,1,8
5196.428246124997,4,0.0,166,1,0,0,6,1,8
5197.441642370017,4,0.0,166,1,0,0,6,1,8
5198.455229231011,4,0.0,166,1,0,0,6,1,8
5199.469115904998,4,0.0,166,1,0,0,6,1,8
5200.48259960601,4,0.0,166,1,0,0,6,1,8
5201.496462817013,4,0.0,166,1,0,0,6,1,8
5202.510049011005,4,0.0,166,1,0,0,6,1,8
5203.523275359999,4,0.0,166,1,0,0,6,1,8
5204.536661932012,4,0.0,166,1,0,0,6,1,8
5205.550626003009,4,0.0,166,1,0,0,6,1,8
5206.563931836019,4,0.0,166,1,0,0,0,7,8
5207.577845307009,4,0.0,166,1,0,0,0,7,8
5208.58870396702,4,0.0,166,1,0,0,0,7,8
5209.60231726701,4,0.0,166,1,0,0,0,7,8
5210.615876123018,4,0.0,165,2,0,0,0,2,4
5211.629156706011,4,21.75,159,0,4,4,0,0,8
5212.641138150997,4,71.25,159,0,1,7,0,0,8
5213.651845878019,4,83.75,159,0,1,7,0,0,8
5214.666376270005,4,95.25,159,0,1,6,1,0,8
5215.677630213002,4,93.75,159,0,1,6,1,0,8
5216.692094054015,4,94.25,159,0,1,6,1,0,8
5217.705853123014,4,94.25,158,1,1,6,0,0,8
5218.719820243015,4,22.25,157,2,0,6,0,0,8
5219.727630903013,4,1.0,156,1,2,4,0,1,8
5220.741570851009,4,70.5,156,1,2,1,3,1,8
5221.754841376009,4,23.5,156,1,2,1,3,1,8
5222.7678572370205,4,23.0,156,1,2,1,3,1,8
5223.781089612021,4,24.25,156,1,2,1,3,1,8
5224.794791452005,4,33.5,152,3,2,3,0,0,8
5225.807577151019,4,47.0,152,2,3,2,1,0,8
5226.822959794023,4,0.0,152,2,3,0,3,0,8
5227.836755191005,4,0.0,152,2,3,0,3,0,8
5228.848301471007,4,0.0,152,2,3,0,3,0,8
5229.861574458017,4,0.0,149,5,3,0,0,0,8
5230.875000278,4,24.75,149,2,5,1,0,0,8
5231.888167213998,4,18.5,149,2,5,1,0,0,8
5232.901942494995,4,23.25,149,2,5,1,0,0,8
5233.914303486003,4,47.5,149,2,4,2,0,0,8
5234.924889046,4,46.5,149,2,4,2,0,0,8
5235.939841826999,4,46.5,149,2,3,3,0,0,8
5236.951763778023,4,47.0,149,0,3,4,0,1,8
5237.962981713004,4,47.0,148,1,1,6,0,0,8
5238.976590724022,4,70.0,148,1,0,6,1,0,8
5239.989457482996,4,94.25,148,1,0,6,1,0,8
5241.002619598003,4,93.5,148,1,0,5,2,0,8
5242.01638414702,4,94.75,148,1,0,3,4,0,8
5243.028045909014,4,71.0,144,4,1,3,0,0,8
5244.044410753995,4,62.0,143,4,1,3,0,0,8
5245.055228155019,4,61.25,143,0,2,6,0,0,8
5246.066369559005,4,95.0,143,0,2,5,1,0,8
5247.08006678801,4,71.0,143,0,2,3,3,0,8
5248.093374359014,4,46.75,143,0,2,3,3,0,8
5249.106965728017,4,47.25,143,0,2,2,4,0,8
5250.118922965019,4,43.0,139,4,0,4,0,0,8
5251.130695449014,4,81.5,139,0,2,5,0,1,8
5252.1431397450215,4,37.0,138,1,0,7,0,0,8
5253.156773149007,4,93.25,138,1,0,6,1,0,8
5254.171617901011,4,95.75,138,1,0,5,2,0,8
5255.184221024014,4,95.75,138,1,0,4,3,0,8
5256.19752351701,4,94.75,138,1,0,4,3,0,8
5257.211395856022,4,95.5,134,4,1,3,0,0,8
5258.2223936410155,4,38.25,134,0,3,3,0,2,8
5259.23527218902,4,23.5,133,1,2,4,0,1,8
5260.245986084017,4,46.25,133,1,2,3,1,1,8
5261.256558899011,4,96.0,133,1,0,5,1,0,7
5262.27989833802,4,94.5,133,1,0,5,1,0,7
5263.286856293998,4,71.5,133,1,0,3,3,0,7
5264.300682090019,4,23.5,127,5,2,1,0,0,8
5265.312628754997,4,13.75,126,3,3,2,0,0,8
5266.322843057016,4,49.25,126,1,4,3,0,0,8
5267.3361891150125,4,70.25,126,1,4,3,0,0,8
5268.347612382,4,72.0,126,1,4,3,0,0,8
5269.353528228006,4,70.75,126,1,4,3,0,0,8
5270.367645535007,4,70.25,126,1,4,3,0,0,8
5271.38057917601,4,70.5,126,1,1,6,0,0,8
5272.393695786013,4,65.0,126,0,0,8,0,0,8
5273.408030295017,4,46.5,123,3,0,5,0,0,8
5274.419027163007,4,95.25,123,3,0,4,1,0,8
5275.432932805998,4,71.25,123,3,0,4,1,0,8
5276.4438948070165,4,66.25,123,3,0,3,2,0,8
5277.454377893999,4,39.25,123,3,0,2,3,0,8
5278.467932338011,4,23.25,123,3,0,2,0,3,8
5279.481694704009,4,46.75,120,3,1,4,0,0,8
5280.495515181014,4,71.0,120,1,2,3,1,1,8
5281.506701028004,4,29.5,120,1,2,3,0,2,8
5282.518297742994,4,71.75,120,1,2,2,1,2,8
5283.5264616240165,4,47.0,120,1,2,2,1,2,8
5284.537839034019,4,23.5,119,2,0,3,2,1,8
5285.550960649998,4,71.75,119,2,0,3,2,1,8
5286.563992686017,4,70.75,119,2,0,2,1,3,8
5287.5776939869975,4,23.25,119,2,0,1,2,3,8
5288.5912091160135,4,23.5,119,2,0,1,2,3,8
5289.6019789389975,4,23.25,119,2,0,1,2,3,8
5290.615539822,4,23.25,119,2,0,1,2,3,8
5291.629180074,4,23.5,119,2,0,0,3,3,8
5292.642692344001,4,0.0,119,2,0,0,3,3,8
5293.65572249901,4,0.0,119,2,0,0,3,3,8
5294.669282279006,4,0.0,119,2,0,0,3,3,8
5295.683414984,4,0.0,119,2,0,0,3,3,8
5296.697181902011,4,0.0,119,2,0,0,3,3,8
5297.711120808002,4,0.0,119,2,0,0,3,3,8
5298.7258668210125,4,0.0,119,2,0,0,3,3,8
5299.737775104004,4,0.0,119,2,0,0,3,3,8
5300.750555730017,4,0.0,119,2,0,0,3,3,8
5301.765906593995,4,0.0,119,2,0,0,3,3,8
5302.779522838013,4,0.0,119,2,0,0,3,3,8
5303.793119409995,4,0.0,119,2,0,0,3,3,8
5304.806993278995,4,0.0,119,2,0,0,3,3,8
5305.820400002005,4,0.0,118,3,0,0,3,2,8
5306.833694930014,4,0.0,116,5,0,0,0,3,8
5307.845146103005,4,0.0,116,5,0,0,0,2,7
5308.858704088023,4,0.0,114,7,0,0,0,1,8
5309.872474411008,4,0.0,114,7,0,0,0,1,8
5310.885991969,4,0.0,114,7,0,0,0,1,8
5311.900462927006,4,0.0,113,6,2,0,0,0,8
5312.911404592014,4,45.25,113,1,2,5,0,0,8
5313.923753951996,4,53.75,113,0,1,7,0,0,8
5314.936056734994,4,93.5,113,0,1,7,0,0,8
5315.949567641015,4,70.5,113,0,1,5,2,0,8
5316.961229333014,4,71.25,113,0,1,4,3,0,8
5317.9747726670175,4,69.5,113,0,0,4,4,0,8
5318.988930093998,4,70.5,112,1,0,4,0,2,7
5320.002284107002,4,34.25,109,0,2,5,1,0,8
5321.015838488995,4,22.25,107,0,3,5,0,0,8
5322.030144687014,4,89.0,107,0,1,5,2,0,8
5323.053418037016,4,94.5,107,0,1,5,2,0,8
5324.067358886008,4,94.25,107,0,1,4,3,0,8
5325.080289845006,4,94.5,107,0,1,4,3,0,8
5326.093827116012,4,82.25,107,0,1,2,1,4,8
5327.1047339810175,4,40.5,102,3,2,3,0,0,8
5328.116402643005,4,48.25,101,2,3,3,0,0,8
5329.127813900006,4,23.75,101,2,2,3,1,0,8
5330.141054225009,4,70.5,101,2,2,3,1,0,8
5331.15795999,4,72.25,101,2,2,2,2,0,8
5332.172098778014,4,46.75,101,2,2,2,2,0,8
5333.185211936012,4,47.25,101,2,2,1,3,0,8
5334.196267610008,4,44.5,98,5,1,2,0,0,8
5335.209904726013,4,50.5,97,4,1,3,0,0,8
5336.223826197005,4,23.25,97,0,4,4,0,0,8
5337.237122302002,4,70.25,97,0,4,4,0,0,8
5338.2507516120095,4,46.5,97,0,4,3,1,0,8
5339.264523157006,4,46.25,97,0,4,3,1,0,8
5340.2783664040035,4,46.75,97,0,4,2,2,0,8
5341.292126229004,4,35.5,97,0,4,2,0,1,7
5342.305448638013,4,47.25,95,0,4,1,1,2,8
5343.322694142,4,48.25,92,3,2,3,0,0,8
5344.336461400002,4,44.0,92,3,2,1,1,1,8
5345.349646493007,4,23.5,92,3,1,2,1,1,8
5346.363387808,4,46.75,92,3,1,2,1,1,8
5347.376716713014,4,23.75,92,3,1,1,2,1,8
5348.390290569019,4,23.5,92,3,1,1,2,1,8
5349.404040775,4,62.5,90,2,1,3,1,1,8
5350.4132093299995,4,48.75,88,3,0,5,0,0,8
5351.422746212018,4,49.25,88,1,1,4,0,2,8
5352.436315996019,4,47.75,88,1,1,1,3,2,8
5353.4501708809985,4,23.5,88,0,2,1,3,1,7
5354.463748330018,4,23.25,88,0,2,1,3,1,7
5355.477395038004,4,23.5,88,0,2,1,3,1,7
5356.491414937016,4,23.5,87,1,2,0,0,5,8
5357.505104280019,4,47.0,82,1,3,4,0,0,8
5358.519783725002,4,46.25,81,1,3,4,0,0,8
5359.5333834240155,4,47.25,81,1,2,5,0,0,8
5360.546701001003,4,35.5,81,1,2,2,3,0,8
5361.560753188009,4,22.75,81,1,2,2,3,0,8
5362.574571853009,4,23.5,81,1,2,0,5,0,8
5363.588104701019,4,0.0,81,1,2,0,5,0,8
5364.601778664015,4,0.0,81,0,3,0,0,5,8
5365.615736458014,4,0.0,76,4,4,0,0,0,8
5366.629249296995,4,25.5,76,1,2,5,0,0,8
5367.642852357007,4,63.25,76,0,1,5,1,1,8
5368.652614873019,4,71.5,76,0,1,4,2,1,8
5369.66631064401,4,71.5,76,0,1,3,3,1,8
5370.6801741590025,4,46.75,76,0,1,3,3,1,8
5371.692600440001,4,24.0,76,0,1,2,3,2,8
5372.706117057998,4,23.5,73,3,1,2,0,1,7
5373.720325730013,4,0.0,73,0,2,3,1,0,6
5374.733464188001,4,42.75,73,0,2,2,0,1,5
5375.746284863009,4,40.75,73,0,1,3,0,1,5
5376.75802100802,4,47.5,73,0,1,3,0,0,4
5377.771743819001,4,48.0,73,0,1,3,0,0,4
5378.794978015008,4,47.25,73,0,1,3,0,0,4
5379.808591412002,4,23.25,73,0,0,1,3,0,4
5380.82289407801,4,46.75,73,0,0,1,0,3,4
5381.835432453023,4,14.5,73,0,0,1,0,0,1
5382.849509260006,4,47.5,73,0,0,0,0,0,0
5383.860424009996,4,62.75,73,0,0,0,0,0,0
5384.874211465998,4,94.0,73,0,0,0,0,0,0
5385.887755795004,4,94.25,73,0,0,0,0,0,0
5386.901523372013,4,93.5,73,0,0,0,0,0,0
5387.913774222019,4,93.5,73,0,0,0,0,0,0
5388.927475814009,4,71.0,73,0,0,0,0,0,0
5389.940618663008,4,23.25,73,0,0,0,0,0,0
5390.954392728017,4,0.0,73,0,0,0,0,0,0
5391.967310017004,4,0.0,73,0,0,0,0,0,0
5392.984867551015,4,0.0,73,0,0,0,0,0,0
5393.998801300011,4,0.0,73,0,0,0,0,0,0
5395.009891078022,4,0.0,73,0,0,0,0,0,0
5396.0215827730135,4,0.0,73,0,0,0,0,0,0
5397.035363886011,4,0.0,73,0,0,0,0,0,0
5398.049383403006,4,0.0,73,0,0,0,0,0,0
5399.063069493015,4,0.0,73,0,0,0,0,0,0
5400.078940004023,4,0.0,73,0,0,0,0,0,0
5401.092413942999,4,0.0,73,0,0,0,0,0,0
5402.106234720006,4,0.0,73,0,0,0,0,0,0
5403.120308714017,4,0.0,73,0,0,0,0,0,0
5404.133458466997,4,0.0,73,0,0,0,0,0,0
5405.158131658012,4,0.0,73,0,0,0,0,0,0
5406.1716237619985,4,0.0,73,0,0,0,0,0,0
5407.184939308005,4,0.0,73,0,0,0,0,0,0
5408.198761558015,4,0.0,73,0,0,0,0,0,0
5409.212562899018,4,0.0,73,0,0,0,0,0,0
5410.225470992998,4,0.0,73,0,0,0,0,0,0
5411.239261363022,4,0.0,73,0,0,0,0,0,0
5412.252901444997,4,0.0,72,1,0,0,0,0,1
5413.264186802,4,0.0,72,1,0,0,0,0,1
5414.277604057017,4,0.0,72,1,0,0,0,0,1
5415.2899607380095,4,24.75,72,0,0,1,0,0,1
5416.302974624006,4,22.75,72,0,0,1,0,0,1
5417.316797013016,4,23.5,72,0,0,1,0,0,1
5418.329754706996,4,23.25,72,0,0,1,0,0,1
5419.33850575902,4,23.5,72,0,0,1,0,0,1
5420.35190772402,4,22.75,72,0,0,1,0,0,1
5421.365456700994,4,23.75,72,0,0,0,1,0,1
5422.379082934,4,23.0,72,0,0,0,0,1,1
5423.392655873002,4,23.75,72,0,0,0,0,1,1
5424.406379096006,3,10.0,71,1,0,0,0,0,1
5425.418286552012,3,64.0,71,0,0,0,0,0,0
5426.431986095995,3,62.0,71,0,0,0,0,0,0
5427.445534941013,3,62.0,71,0,0,0,0,0,0
5428.458963339013,3,62.666666666666664,71,0,0,0,0,0,0
5429.469945138,3,39.666666666666664,71,0,0,0,0,0,0
5430.482004581019,3,34.333333333333336,70,0,1,0,0,0,1
5431.494620655023,3,1.3333333333333333,70,0,1,0,0,0,1
5432.508486708015,3,0.0,70,0,0,1,0,0,1
5433.522503657994,2,47.0,70,0,0,1,0,0,1
5434.536161864002,2,47.5,70,0,0,1,0,0,1
5435.547889858019,2,46.5,70,0,0,1,0,0,1
5436.560966843012,2,48.5,70,0,0,1,0,0,1
5437.574764304998,2,46.5,70,0,0,1,0,0,1
5438.588364922005,2,46.0,70,0,0,1,0,0,1
5439.602421268006,2,47.0,69,0,1,0,1,0,2
5440.613973418018,2,0.0,69,0,1,0,0,1,2
5441.6282909059955,2,0.0,69,0,1,0,0,1,2
5442.641675296007,2,0.0,68,0,1,1,0,0,2
5443.655361515004,2,39.0,68,0,0,0,0,0,0
5444.669316440006,1,0.0,68,0,0,0,0,0,0
5445.6815200700075,1,0.0,68,0,0,0,0,0,0
5446.693328543013,1,0.0,68,0,0,0,0,0,0
5447.706916557014,1,93.0,68,0,0,0,0,0,0
5448.720744748018,1,0.0,68,0,0,0,0,0,0
5449.734283879021,1,0.0,68,0,0,0,0,0,0
5450.747738562,1,0.0,68,0,0,0,0,0,0
5451.761684288009,1,0.0,68,0,0,0,0,0,0
5452.776595772011,0,,68,0,0,0,0,0,0
5453.790392552997,0,,68,0,0,0,0,0,0
5454.804797968012,0,,68,0,0,0,0,0,0
5455.814880465012,1,0.0,68,0,0,0,0,0,0
5456.828238981019,1,0.0,68,0,0,0,0,0,0
5457.842204632994,1,45.0,68,0,0,0,0,0,0
5458.8566198830085,1,44.0,68,0,0,0,0,0,0
5459.870599548012,1,44.0,68,0,0,0,0,0,0
5460.885252764012,1,11.0,68,0,0,0,0,0,0
5461.900245539,1,36.0,68,0,0,0,0,0,0
5462.914331139007,1,0.0,68,0,0,0,0,0,0
5463.928026673006,1,0.0,68,0,0,0,0,0,0
5464.9417362000095,2,0.0,68,0,0,0,0,0,0
5465.957837527996,2,7.5,68,0,0,0,0,0,0
5466.970622973022,2,28.5,68,0,0,0,0,0,0
5467.984572408022,2,28.5,68,0,0,0,0,0,0
5468.998538609012,2,41.0,68,0,0,0,0,0,0
5470.010874938016,2,29.5,68,0,0,0,0,0,0
5471.024891312001,2,0.0,68,0,0,0,0,0,0
5472.037227783003,2,12.0,68,0,0,0,0,0,0
5473.054201452003,2,0.0,68,0,0,0,0,0,0
5474.077379547001,2,0.0,68,0,0,0,0,0,0
5475.0858833770035,2,1.0,68,0,0,0,0,0,0
5476.097602482012,2,0.0,68,0,0,0,0,0,0
5477.1162155780185,3,1.6666666666666667,68,0,0,0,0,0,0
5478.129703962011,3,37.333333333333336,68,0,0,0,0,0,0
5479.143238930003,3,0.0,68,0,0,0,0,0,0
5480.152262108022,3,14.666666666666666,68,0,0,0,0,0,0
5481.164532508003,3,21.0,68,0,0,0,0,0,0
5482.174751403014,3,14.333333333333334,68,0,0,0,0,0,0
5483.187810722011,2,21.5,68,0,0,0,0,0,0
5484.201774182002,2,43.5,68,0,0,0,0,0,0
5485.211953847,2,47.0,68,0,0,0,0,0,0
5486.224748476001,2,0.0,68,0,0,0,0,0,0
5487.238028391002,3,32.666666666666664,68,0,0,0,0,0,0
5488.2505729400145,3,29.666666666666668,68,0,0,0,0,0,0
5489.262454554002,3,43.0,68,0,0,0,0,0,0
5490.274810202012,3,14.666666666666666,68,0,0,0,0,0,0
5491.288792898995,3,14.666666666666666,68,0,0,0,0,0,0
5492.300857441995,3,50.0,68,0,0,0,0,0,0
5493.31485732802,3,45.666666666666664,68,0,0,0,0,0,0
5494.33335957001,3,30.666666666666668,68,0,0,0,0,0,0
5495.345750584995,3,12.0,68,0,0,0,0,0,0
5496.356269490003,3,31.333333333333332,68,0,0,0,0,0,0
5497.367406751,3,60.0,68,0,0,0,0,0,0
5498.379482118995,3,63.333333333333336,68,0,0,0,0,0,0
5499.393126149022,3,60.0,68,0,0,0,0,0,0
5500.407139198011,3,32.0,68,0,0,0,0,0,0
5501.418958405004,3,0.0,67,0,1,0,0,0,1
5502.432050560019,3,75.0,67,0,0,1,0,0,1
5503.4456097960065,3,62.333333333333336,67,0,0,1,0,0,1
5504.459555698006,3,52.333333333333336,67,0,0,0,1,0,1
5505.470097685,3,63.666666666666664,67,0,0,0,1,0,1
5506.481960400008,3,32.0,66,1,0,0,0,0,1
5507.495684985013,3,31.666666666666668,66,1,0,0,0,0,1
5508.509449403005,3,16.0,64,1,2,0,0,0,3
5509.523338822997,3,85.33333333333333,63,0,0,2,1,1,4
5510.535441023996,3,84.66666666666667,62,0,1,1,0,0,2
5511.546109249,3,62.0,62,0,1,1,0,0,2
5512.559776234004,3,62.666666666666664,62,0,0,1,1,0,2
5513.57246196401,3,63.333333333333336,62,0,0,0,1,1,2
5514.586222540995,3,62.666666666666664,61,1,0,0,0,0,1
5515.598601024016,4,23.25,61,1,0,0,0,0,1
5516.6100904290215,4,23.25,61,0,1,0,0,0,1
5517.624184023007,4,33.75,61,0,0,1,0,0,1
5518.638476779015,4,34.25,61,0,0,1,0,0,1
5519.649639729003,3,64.0,61,0,0,1,0,0,1
5520.664067628997,3,76.66666666666667,61,0,0,1,0,0,1
5521.676081351994,3,43.0,61,0,0,1,0,0,1
5522.690290383995,3,61.666666666666664,61,0,0,0,0,1,1
5523.703957679012,3,23.333333333333332,61,0,0,0,0,0,0
5524.718226446013,3,36.333333333333336,61,0,0,0,0,0,0
5525.731897040008,3,31.0,61,0,0,0,0,0,0
5526.744796872023,3,18.333333333333332,61,0,0,0,0,0,0
5527.758651353011,3,31.333333333333332,61,0,0,0,0,0,0
5528.77275501602,3,36.0,61,0,0,0,0,0,0
5529.7866878230125,3,6.333333333333333,60,0,1,0,0,0,1
5530.800677936,3,0.0,60,0,1,0,0,0,1
5531.815407866001,2,49.5,60,0,0,1,0,0,1
5532.828838314017,2,46.5,60,0,0,1,0,0,1
5533.8424168350175,2,63.0,59,1,0,0,0,0,1
5534.854665445018,2,93.0,59,1,0,0,0,0,1
5535.8684029930155,2,52.0,59,0,1,0,0,0,1
5536.8806465380185,2,46.5,58,1,1,0,0,0,2
5537.891903770011,2,47.0,58,1,1,0,0,0,2
5538.905962418008,2,0.0,58,1,0,1,0,0,2
5539.919219513016,2,23.5,58,0,0,2,0,0,2
5540.933312426001,2,46.5,58,0,0,2,0,0,2
5541.947137948009,2,47.5,58,0,0,2,0,0,2
5542.9607565120095,1,95.0,58,0,0,2,0,0,2
5543.972678882012,1,0.0,58,0,0,0,0,0,0
5544.986593609006,1,100.0,58,0,0,0,0,0,0
5545.9985616230115,1,93.0,58,0,0,0,0,0,0
5547.0093722080055,1,92.0,58,0,0,0,0,0,0
5548.02171872402,1,93.0,58,0,0,0,0,0,0
5549.0338299880095,1,94.0,58,0,0,0,0,0,0
5550.0473378600145,2,47.0,58,0,0,0,0,0,0
5551.060433528997,2,46.0,58,0,0,0,0,0,0
5552.071818387019,2,72.5,58,0,0,0,0,0,0
5553.081200454006,2,69.0,58,0,0,0,0,0,0
5554.090790156013,2,70.0,58,0,0,0,0,0,0
5555.101685923,2,10.0,58,0,0,0,0,0,0
5556.113386689016,2,64.5,58,0,0,0,0,0,0
5557.126062755997,2,0.0,58,0,0,0,0,0,0
5558.139972631005,2,46.5,58,0,0,0,0,0,0
5559.150793981011,2,40.0,58,0,0,0,0,0,0
5560.165845330019,2,93.5,58,0,0,0,0,0,0
5561.178398224001,2,47.0,58,0,0,0,0,0,0
5562.191687526007,2,47.5,58,0,0,0,0,0,0
5563.203446808009,2,47.0,58,0,0,0,0,0,0
5564.215773183008,3,0.0,58,0,0,0,0,0,0
5565.226962126006,3,0.0,58,0,0,0,0,0,0
5566.239736735006,3,30.333333333333332,58,0,0,0,0,0,0
5567.249611463019,3,18.666666666666668,58,0,0,0,0,0,0
5568.263111522014,3,18.666666666666668,58,0,0,0,0,0,0
5569.275144558022,2,5.0,58,0,0,0,0,0,0
5570.287723418005,2,70.5,58,0,0,0,0,0,0
5571.300567569007,2,47.0,58,0,0,0,0,0,0
5572.315363446018,2,50.0,58,0,0,0,0,0,0
5573.32940873201,2,47.5,58,0,0,0,0,0,0
5574.341782892996,2,94.0,58,0,0,0,0,0,0
5575.353883984004,2,47.5,58,0,0,0,0,0,0
5576.368080715998,3,5.666666666666667,58,0,0,0,0,0,0
5577.382095565001,3,32.333333333333336,58,0,0,0,0,0,0
5578.396314012003,3,46.0,58,0,0,0,0,0,0
5579.410614746012,3,27.0,58,0,0,0,0,0,0
5580.424491440004,3,0.0,58,0,0,0,0,0,0
5581.438581074006,3,13.666666666666666,58,0,0,0,0,0,0
5582.450081058021,3,0.0,58,0,0,0,0,0,0
5583.463970236015,2,46.0,58,0,0,0,0,0,0
5584.47757984401,2,48.5,58,0,0,0,0,0,0
5585.491397189995,2,47.0,58,0,0,0,0,0,0
5586.506771686021,2,1.0,58,0,0,0,0,0,0
5587.524910877022,2,15.0,58,0,0,0,0,0,0
5588.538922039996,2,0.0,58,0,0,0,0,0,0
5589.550795232004,2,8.5,58,0,0,0,0,0,0
5590.564723354008,2,13.0,58,0,0,0,0,0,0
5591.578798436996,2,0.0,58,0,0,0,0,0,0
5592.59288917901,1,0.0,58,0,0,0,0,0,0
5593.606535316008,1,7.0,58,0,0,0,0,0,0
5594.620036306005,1,92.0,58,0,0,0,0,0,0
5595.634520710999,1,92.0,58,0,0,0,0,0,0
5596.648658471007,1,94.0,58,0,0,0,0,0,0
5597.661876252998,1,94.0,58,0,0,0,0,0,0
5598.675969033997,1,96.0,58,0,0,0,0,0,0
5599.687296513002,1,94.0,58,0,0,0,0,0,0
5600.698753864999,2,46.5,58,0,0,0,0,0,0
5601.712884712004,2,47.0,58,0,0,0,0,0,0
5602.727127735998,2,47.5,58,0,0,0,0,0,0
5603.740665325022,2,67.5,58,0,0,0,0,0,0
5604.753988758021,2,68.0,58,0,0,0,0,0,0
5605.767733863002,2,68.0,58,0,0,0,0,0,0
5606.78161200101,2,0.5,58,0,0,0,0,0,0
5607.794847173995,2,44.0,58,0,0,0,0,0,0
5608.804907162004,2,46.5,58,0,0,0,0,0,0
5609.819158608996,2,0.5,58,0,0,0,0,0,0
5610.8330836350215,2,0.0,58,0,0,0,0,0,0
5611.847615000006,2,1.5,58,0,0,0,0,0,0
5612.860931200004,2,13.0,58,0,0,0,0,0,0
5613.877306534996,2,0.0,58,0,0,0,0,0,0
5614.893285705999,2,0.0,58,0,0,0,0,0,0
5615.906267893995,2,9.0,58,0,0,0,0,0,0
5616.919998843019,2,4.5,58,0,0,0,0,0,0
5617.931995660008,2,22.0,58,0,0,0,0,0,0
5618.943637818011,2,22.0,58,0,0,0,0,0,0
5619.958101622004,2,65.0,58,0,0,0,0,0,0
5620.970774775022,2,68.5,58,0,0,0,0,0,0
5621.984103726019,2,24.0,58,0,0,0,0,0,0
5622.997775599011,2,46.0,58,0,0,0,0,0,0
5624.011936989002,3,33.0,57,1,0,0,0,0,1
5625.026286460023,3,0.0,57,0,1,0,0,0,1
5626.036131494999,3,18.0,57,0,0,1,0,0,1
5627.048386498005,3,49.0,57,0,0,1,0,0,1
5628.063864024996,3,61.666666666666664,57,0,0,1,0,0,1
5629.076784133009,3,35.666666666666664,57,0,0,1,0,0,1
5630.088837765012,3,48.666666666666664,57,0,0,1,0,0,1
5631.103309095022,3,39.0,57,0,0,1,0,0,1
5632.1115673700115,3,30.666666666666668,57,0,0,1,0,0,1
5633.124640443013,3,30.666666666666668,57,0,0,1,0,0,1
5634.137988882023,3,31.666666666666668,57,0,0,0,0,0,0
5635.15113013002,3,63.666666666666664,57,0,0,0,0,0,0
5636.165147415013,3,73.33333333333333,57,0,0,0,0,0,0
5637.179640912014,3,63.666666666666664,57,0,0,0,0,0,0
5638.193386736006,3,32.666666666666664,57,0,0,0,0,0,0
5639.207342520007,3,43.333333333333336,57,0,0,0,0,0,0
5640.220141705009,3,64.0,57,0,0,0,0,0,0
5641.232330454019,3,20.0,57,0,0,0,0,0,0
5642.245877306006,3,30.666666666666668,57,0,0,0,0,0,0
5643.259475414001,3,62.666666666666664,57,0,0,0,0,0,0
5644.273488114006,3,0.0,57,0,0,0,0,0,0
5645.286629183014,3,0.0,57,0,0,0,0,0,0
5646.297809558018,3,30.666666666666668,57,0,0,0,0,0,0
5647.311594617,3,31.0,57,0,0,0,0,0,0
5648.322934982018,4,23.25,57,0,0,0,0,0,0
5649.333226578019,4,22.75,57,0,0,0,0,0,0
5650.346923806006,4,25.5,57,0,0,0,0,0,0
5651.361136877997,4,10.5,57,0,0,0,0,0,0
5652.371326292021,4,11.0,57,0,0,0,0,0,0
5653.387194247014,4,11.0,57,0,0,0,0,0,0
5654.401247742004,4,0.5,57,0,0,0,0,0,0
5655.414722196001,4,0.0,57,0,0,0,0,0,0
5656.428730248997,4,0.0,57,0,0,0,0,0,0
5657.441441044997,4,0.0,57,0,0,0,0,0,0
5658.455494843016,4,0.0,57,0,0,0,0,0,0
5659.469978844019,4,0.0,57,0,0,0,0,0,0
5660.48367101801,4,4.5,57,0,0,0,0,0,0
5661.5039334589965,4,0.0,57,0,0,0,0,0,0
5662.517642566003,4,0.0,57,0,0,0,0,0,0
5663.531666138006,4,5.75,57,0,0,0,0,0,0
5664.545290870999,4,0.0,57,0,0,0,0,0,0
5665.559213442,4,0.0,57,0,0,0,0,0,0
5666.572194506007,4,0.0,57,0,0,0,0,0,0
5667.58586048201,4,0.0,57,0,0,0,0,0,0
5668.599907466996,4,0.0,57,0,0,0,0,0,0
5669.613903268008,4,0.0,56,1,0,0,0,0,1
5670.627730865002,4,22.75,52,0,3,2,0,0,5
5671.641380012996,4,92.75,52,0,0,5,0,0,5
5672.652443945,4,95.0,52,0,0,4,1,0,5
5673.66382190102,4,93.25,52,0,0,1,4,0,5
5674.677474235999,4,70.75,51,1,0,1,0,3,5
5675.691258527018,4,23.5,46,2,0,5,0,0,7
5676.703457590018,4,94.5,46,0,0,7,0,0,7
5677.717311871995,4,94.0,46,0,0,7,0,0,7
5678.730888523016,4,93.75,46,0,0,5,2,0,7
5679.743077855004,4,94.5,46,0,0,5,0,2,7
5680.756558972003,4,81.0,44,0,0,7,0,0,7
5681.769145301019,4,93.75,41,1,1,5,0,0,7
5682.779468274006,4,91.75,41,1,0,5,1,0,7
5683.793303565006,4,69.75,41,1,0,2,4,0,7
5684.807001459005,4,46.25,41,1,0,2,4,0,7
5685.820443352015,4,47.0,36,3,3,2,0,0,8
5686.831665588019,4,46.25,36,0,1,7,0,0,8
5687.845439166995,4,93.5,36,0,1,6,1,0,8
5688.859397256019,4,92.75,36,0,1,5,2,0,8
5689.872510935005,4,71.25,36,0,1,3,3,1,8
5690.884784240014,4,94.75,31,4,1,3,0,0,8
5691.89852439001,4,81.25,30,1,0,6,0,1,8
5692.9118471360125,4,40.0,28,1,2,5,0,0,8
5693.925873386004,4,95.5,28,1,2,3,2,0,8
5694.937499387015,4,71.25,28,1,2,2,3,0,8
5695.949026966002,4,47.75,28,1,2,2,3,0,8
5696.961312505009,4,58.25,24,4,1,2,1,0,8
5697.972403794003,4,55.75,22,1,2,5,0,0,8
5698.982926905999,4,88.0,21,1,1,0,5,1,8
5699.998358998011,4,0.0,21,1,1,0,5,1,8
5701.0104366890155,4,0.0,21,1,1,0,5,0,7
5702.023940685001,4,0.0,21,1,1,0,5,0,7
5703.038350777002,4,0.0,15,7,1,0,0,0,8
5704.051544590009,4,0.0,14,1,5,2,0,0,8
5705.065314722015,4,40.5,14,0,1,3,4,0,8
5706.079293791001,4,46.75,14,0,1,1,6,0,8
5707.093062789994,4,23.25,14,0,1,1,5,1,8
5708.106651868002,4,23.25,14,0,1,0,6,1,8
5709.117151323997,4,0.0,7,7,1,0,0,0,8
5710.130126948003,4,0.0,5,2,2,4,0,0,8
5711.143499394995,4,48.5,2,4,1,2,0,1,8
5712.156563994009,4,0.0,1,4,2,0,2,0,8
5713.169893197017,4,0.0,1,4,2,0,2,0,8
5714.183149854012,4,0.0,1,4,2,0,2,0,8
5715.1967956100125,4,0.0,1,4,2,0,0,2,8
5716.210657045012,4,16.0,0,0,3,4,0,0,7
5717.227057017997,4,69.25,0,0,0,4,0,0,4
5718.241490712011,4,55.75,0,0,0,0,4,0,4
5719.255106477998,4,0.0,0,0,0,0,4,0,4
5720.268737699022,4,0.0,0,0,0,0,4,0,4
5721.278466432006,4,0.0,0,0,0,0,4,0,4
