offset_s,phase,queue_depth,active_requests,ready_capacity,ready_instances,pending_instances,action,outcome,successful_native_occupancy
23.18990502099041,before_first_failure,2,2,2,1,0,scale_up,activation_scheduled,0
25.243048760981765,before_first_failure,2,2,2,1,1,scale_up,activation_scheduled,2
27.25554646400269,before_first_failure,1,2,2,1,2,scale_up,activation_scheduled,2
29.328028268995695,before_first_failure,0,2,2,1,3,no_action,no_action,2
31.42116233095294,before_first_failure,0,2,2,1,3,no_action,no_action,2
33.47598484996706,before_first_failure,0,1,2,1,3,no_action,no_action,1
35.499022661999334,before_first_failure,0,0,2,1,3,no_action,no_action,0
37.598493434954435,before_first_failure,1,2,2,1,3,no_action,no_action,2
39.6533869629493,before_first_failure,1,2,2,1,3,no_action,no_action,2
41.681003832956776,before_first_failure,3,2,2,1,3,no_action,no_action,2
43.774918187991716,before_first_failure,5,2,2,1,3,no_action,no_action,2
45.84230739297345,before_first_failure,3,2,2,1,3,no_action,no_action,2
47.914889154955745,before_first_failure,3,2,2,1,3,no_action,no_action,2
49.93314219894819,before_first_failure,5,2,2,1,3,no_action,no_action,2
51.96114796597976,before_first_failure,4,2,2,1,3,no_action,no_action,0
54.013449991995,before_first_failure,6,2,2,1,3,no_action,no_action,2
56.03405334998388,before_first_failure,7,2,2,1,3,no_action,no_action,2
58.17481571395183,before_first_failure,9,2,2,1,3,no_action,no_action,2
60.24013825599104,before_first_failure,12,2,2,1,3,no_action,no_action,2
62.2455408499809,before_first_failure,10,2,2,1,3,no_action,no_action,2
64.28203042596579,before_first_failure,10,2,2,1,3,no_action,no_action,1
66.32108222600073,before_first_failure,11,2,2,1,3,no_action,no_action,2
68.40414783399319,before_first_failure,12,2,2,1,3,no_action,no_action,2
70.42447499395348,before_first_failure,12,2,2,1,3,no_action,no_action,2
72.56504532397958,before_first_failure,9,4,4,2,2,no_action,no_action,3
74.65360795799643,before_first_failure,4,8,8,4,0,no_action,no_action,8
76.71266953699524,before_first_failure,4,8,8,4,0,no_action,no_action,8
78.74550416396232,before_first_failure,2,8,8,4,0,no_action,no_action,8
80.7529330039979,before_first_failure,2,6,8,4,0,no_action,no_action,5
82.75831644400023,before_first_failure,1,8,8,4,0,no_action,no_action,5
84.81502067897236,before_first_failure,1,8,8,4,0,no_action,no_action,5
86.87574540398782,before_first_failure,1,7,8,4,0,no_action,no_action,5
88.89587396499701,before_first_failure,2,8,8,4,0,no_action,no_action,8
90.96919103700202,before_first_failure,0,5,8,4,0,no_action,no_action,5
92.97862817597343,before_first_failure,1,6,8,4,0,no_action,no_action,4
95.05468165996717,before_first_failure,0,8,8,4,0,no_action,no_action,5
97.06225477298722,before_first_failure,1,7,8,4,0,no_action,no_action,5
99.09652383095818,before_first_failure,1,7,8,4,0,no_action,no_action,6
101.14934053499019,before_first_failure,0,8,8,4,0,no_action,no_action,7
103.23685789096635,before_first_failure,0,6,8,4,0,no_action,no_action,5
105.24947152397363,before_first_failure,1,5,8,4,0,no_action,no_action,5
107.3368807839579,before_first_failure,0,6,8,4,0,no_action,no_action,6
109.58675934094936,before_first_failure,0,7,8,4,0,no_action,no_action,5
111.68739268399077,before_first_failure,0,5,8,4,0,no_action,no_action,4
113.8063935629907,before_first_failure,0,2,8,4,0,no_action,no_action,2
115.80853915697662,before_first_failure,0,0,8,4,0,no_action,no_action,0
117.89623911795206,before_first_failure,0,1,8,4,0,no_action,no_action,1
120.18388480896829,before_first_failure,0,4,8,4,0,no_action,no_action,1
122.21744386700448,before_first_failure,0,3,8,4,0,no_action,no_action,2
124.21745064598508,before_first_failure,0,3,8,4,0,no_action,no_action,3
126.31168138899375,before_first_failure,1,3,8,4,0,no_action,no_action,2
128.39500436600065,before_first_failure,0,5,8,4,0,no_action,no_action,4
130.49081605195533,before_first_failure,0,4,8,4,0,no_action,no_action,2
132.586332425999,before_first_failure,0,5,8,4,0,no_action,no_action,3
134.6288788789534,before_first_failure,1,6,8,4,0,no_action,no_action,6
136.66438088699942,before_first_failure,2,7,8,4,0,no_action,no_action,5
138.6923884569551,before_first_failure,0,5,8,4,0,no_action,no_action,2
140.73378156597028,before_first_failure,0,4,8,4,0,no_action,no_action,3
143.1120604169555,before_first_failure,5,3,8,4,0,no_action,no_action,2
145.27478432795033,before_first_failure,2,7,8,4,0,no_action,no_action,3
147.32972800999414,before_first_failure,1,7,8,4,0,no_action,no_action,4
149.46560487599345,before_first_failure,0,8,8,4,0,no_action,no_action,5
151.5662339529954,before_first_failure,0,5,8,4,0,no_action,no_action,5
153.6141868249979,before_first_failure,0,6,8,4,0,no_action,no_action,5
155.65353474597214,before_first_failure,0,6,8,4,0,no_action,no_action,6
157.75243768800283,before_first_failure,1,8,8,4,0,no_action,no_action,7
159.84626894595567,before_first_failure,0,8,8,4,0,no_action,no_action,6
161.9129410519963,before_first_failure,1,8,8,4,0,no_action,no_action,7
163.92294989997754,before_first_failure,1,7,8,4,0,no_action,no_action,3
165.99306553497445,before_first_failure,1,7,8,4,0,no_action,no_action,3
168.0412937939982,before_first_failure,1,5,8,4,0,no_action,no_action,4
170.10527005098993,before_first_failure,1,6,8,4,0,no_action,no_action,4
172.1986364990007,before_first_failure,0,6,8,4,0,no_action,no_action,4
174.2156754269963,before_first_failure,0,4,8,4,0,no_action,no_action,4
176.29576634196565,before_first_failure,0,3,8,4,0,no_action,no_action,2
178.47338308597682,before_first_failure,0,3,8,4,0,no_action,no_action,1
180.62752170598833,before_first_failure,2,6,8,4,0,no_action,no_action,4
182.68657098995754,before_first_failure,0,8,8,4,0,no_action,no_action,4
184.7698605969781,before_first_failure,1,8,8,4,0,no_action,no_action,5
186.98745641496498,before_first_failure,1,7,8,4,0,no_action,no_action,5
189.024308706983,before_first_failure,0,7,8,4,0,no_action,no_action,6
191.09311448095832,before_first_failure,2,8,8,4,0,no_action,no_action,7
193.1039967709803,before_first_failure,3,7,8,4,0,no_action,no_action,5
195.2025664440007,before_first_failure,2,8,8,4,0,no_action,no_action,6
197.21590079599991,before_first_failure,3,8,8,4,0,no_action,no_action,6
199.23256892396603,before_first_failure,3,7,8,4,0,no_action,no_action,7
201.28919651499018,before_first_failure,0,8,8,4,0,no_action,no_action,6
203.30815773794893,before_first_failure,2,7,8,4,0,no_action,no_action,6
205.403457451961,before_first_failure,3,8,8,4,0,no_action,no_action,3
207.42521499097347,before_first_failure,1,7,8,4,0,no_action,no_action,4
209.7099552329746,before_first_failure,0,8,8,4,0,no_action,no_action,4
211.777812856948,before_first_failure,0,5,8,4,0,no_action,no_action,4
213.81881726597203,before_first_failure,1,6,8,4,0,no_action,no_action,5
216.214550346951,before_first_failure,4,7,8,4,0,no_action,no_action,1
218.30704200995388,before_first_failure,0,7,8,4,0,no_action,no_action,4
220.5158597449772,before_first_failure,1,7,8,4,0,no_action,no_action,3
222.53206849598791,before_first_failure,3,8,8,4,0,no_action,no_action,4
224.81070558395004,before_first_failure,4,8,8,4,0,no_action,no_action,5
226.83672665100312,before_first_failure,3,7,8,4,0,no_action,no_action,5
229.27897793898592,before_first_failure,3,7,8,4,0,no_action,no_action,4
231.30971913598478,before_first_failure,2,7,8,4,0,no_action,no_action,5
233.98395716398954,before_first_failure,4,5,8,4,0,no_action,no_action,2
236.22445298795355,before_first_failure,0,8,8,4,0,no_action,no_action,3
238.66852668696083,before_first_failure,4,8,8,4,0,no_action,no_action,5
240.76621490099933,before_first_failure,2,7,8,4,0,no_action,no_action,2
242.83434204995865,before_first_failure,2,7,8,4,0,no_action,no_action,3
244.88719967700308,before_first_failure,2,6,8,4,0,no_action,no_action,5
246.9776353839552,before_first_failure,4,5,8,4,0,no_action,no_action,4
249.28197883995017,before_first_failure,2,8,8,4,0,no_action,no_action,2
251.34763127099723,before_first_failure,1,8,8,4,0,no_action,no_action,7
253.39730693399906,before_first_failure,2,6,8,4,0,no_action,no_action,4
255.76590987696545,before_first_failure,1,7,8,4,0,no_action,no_action,1
257.84247502696235,before_first_failure,0,6,8,4,0,no_action,no_action,5
260.6442333209561,before_first_failure,0,6,8,4,0,no_action,no_action,2
262.7894583049929,before_first_failure,0,8,8,4,0,no_action,no_action,6
265.4891421169741,before_first_failure,0,7,8,4,0,no_action,no_action,2
267.55092216597404,before_first_failure,0,2,8,4,0,no_action,no_action,2
269.62563887197757,before_first_failure,0,1,8,4,0,no_action,no_action,0
271.71699679800076,before_first_failure,0,4,8,4,0,no_action,no_action,2
273.9237404539599,before_first_failure,5,4,8,4,0,no_action,no_action,2
276.0365649119485,before_first_failure,1,8,8,4,0,no_action,no_action,3
278.1520587889827,before_first_failure,1,8,8,4,0,no_action,no_action,3
280.15415459900396,before_first_failure,0,7,8,4,0,no_action,no_action,6
282.43707378499676,before_first_failure,2,4,8,4,0,no_action,no_action,4
284.6674848749535,before_first_failure,0,5,8,4,0,no_action,no_action,3
287.1278475629515,before_first_failure,3,4,8,4,0,no_action,no_action,1
289.1719465269707,before_first_failure,0,4,8,4,0,no_action,no_action,2
291.19515967497136,before_first_failure,0,5,8,4,0,no_action,no_action,3
293.229212805978,before_first_failure,0,5,8,4,0,no_action,no_action,5
295.9241653319914,before_first_failure,2,5,8,4,0,no_action,no_action,4
297.9402403709828,before_first_failure,0,6,8,4,0,no_action,no_action,5
300.0183801219682,before_first_failure,1,6,8,4,0,no_action,no_action,4
302.0366040029912,before_first_failure,1,6,8,4,0,no_action,no_action,6
305.08995389699703,before_first_failure,0,7,8,4,0,no_action,no_action,3
307.12641562795034,before_first_failure,2,6,8,4,0,no_action,no_action,5
309.13774358696537,before_first_failure,0,6,8,4,0,no_action,no_action,2
311.82428034197073,before_first_failure,3,6,8,4,0,no_action,no_action,1
314.193950464949,before_first_failure,4,7,8,4,0,no_action,no_action,5
316.2156339659705,before_first_failure,5,7,8,4,0,no_action,no_action,6
318.517737208982,before_first_failure,6,8,8,4,0,no_action,no_action,6
320.5315342639806,before_first_failure,6,8,8,4,0,no_action,no_action,6
322.7406425229856,before_first_failure,12,8,8,4,0,no_action,no_action,6
325.714536984975,before_first_failure,20,5,8,4,0,no_action,no_action,1
327.79835530999117,before_first_failure,19,8,8,4,0,no_action,no_action,3
331.67573992098914,before_first_failure,22,6,8,4,0,no_action,no_action,2
333.7043150809477,before_first_failure,23,5,8,4,0,no_action,no_action,3
335.73533368099015,before_first_failure,25,7,8,4,0,no_action,no_action,4
339.4647587169893,before_first_failure,26,5,8,4,0,no_action,no_action,1
341.60416833596537,before_first_failure,28,7,8,4,0,no_action,no_action,4
343.66166084696306,before_first_failure,28,8,8,4,0,no_action,no_action,2
346.30151415098226,before_first_failure,28,5,8,4,0,no_action,no_action,1
348.3383920719498,before_first_failure,30,7,8,4,0,no_action,no_action,5
350.4022625289508,before_first_failure,37,7,8,4,0,no_action,no_action,0
353.1697993869893,before_first_failure,36,6,8,4,0,no_action,no_action,0
355.1882438129978,before_first_failure,41,7,8,4,0,no_action,no_action,6
357.23014205199433,before_first_failure,47,6,8,4,0,no_action,no_action,4
360.49062145798234,before_first_failure,47,8,8,4,0,no_action,no_action,3
362.5257107059588,before_first_failure,60,6,8,4,0,no_action,no_action,5
367.0925863709999,before_first_failure,69,6,8,4,0,no_action,no_action,2
369.21200499596307,before_first_failure,64,8,8,4,0,no_action,no_action,5
371.3067708069575,before_first_failure,63,8,8,4,0,no_action,no_action,6
375.12307700898964,before_first_failure,67,7,8,4,0,no_action,no_action,2
377.16816576896235,before_first_failure,64,7,8,4,0,no_action,no_action,3
379.19946468796115,before_first_failure,64,8,8,4,0,no_action,no_action,4
383.5042707119719,before_first_failure,63,8,8,4,0,no_action,no_action,4
385.6449236169574,before_first_failure,62,7,8,4,0,no_action,no_action,5
387.7015176549903,before_first_failure,60,7,8,4,0,no_action,no_action,7
389.75573554297443,before_first_failure,62,7,8,4,0,no_action,no_action,5
391.90290703298524,before_first_failure,59,6,8,4,0,no_action,no_action,4
395.7208161109593,before_first_failure,59,8,8,4,0,no_action,no_action,0
397.9201211920008,before_first_failure,64,4,8,4,0,no_action,no_action,0
400.0491729329806,before_first_failure,63,6,8,4,0,no_action,no_action,2
402.1209477579687,before_first_failure,61,6,8,4,0,no_action,no_action,4
406.94871348998277,before_first_failure,63,7,8,4,0,no_action,no_action,3
409.02273880696157,before_first_failure,67,5,8,4,0,no_action,no_action,1
411.0660465869587,before_first_failure,68,7,8,4,0,no_action,no_action,4
413.09840909997,before_first_failure,66,7,8,4,0,no_action,no_action,4
415.17337155196583,before_first_failure,61,8,8,4,0,no_action,no_action,3
418.4086941089481,before_first_failure,63,7,8,4,0,no_action,no_action,3
420.4360174929607,before_first_failure,59,8,8,4,0,no_action,no_action,2
422.5019283389556,before_first_failure,61,8,8,4,0,no_action,no_action,4
424.5874628640013,before_first_failure,60,8,8,4,0,no_action,no_action,4
426.7782394089736,before_first_failure,58,7,8,4,0,no_action,no_action,5
429.9933658379596,before_first_failure,60,8,8,4,0,no_action,no_action,4
432.0088431589538,before_first_failure,61,8,8,4,0,no_action,no_action,5
434.02322858700063,before_first_failure,62,5,8,4,0,no_action,no_action,4
436.0826937019592,before_first_failure,57,8,8,4,0,no_action,no_action,3
440.1621959519689,before_first_failure,59,6,8,4,0,no_action,no_action,3
442.2444334309548,before_first_failure,63,8,8,4,0,no_action,no_action,6
444.2815088809584,before_first_failure,65,8,8,4,0,no_action,no_action,6
446.3166134589701,before_first_failure,66,8,8,4,0,no_action,no_action,7
448.3808106769575,before_first_failure,66,8,8,4,0,no_action,no_action,8
453.3174805449671,before_first_failure,72,8,8,4,0,no_action,no_action,3
455.4065050619538,before_first_failure,69,5,8,4,0,no_action,no_action,0
457.6090810299502,before_first_failure,68,8,8,4,0,no_action,no_action,5
459.9559557699831,before_first_failure,68,8,8,4,0,no_action,no_action,3
464.0486361589865,before_first_failure,69,6,8,4,0,no_action,no_action,3
466.122510259971,before_first_failure,67,7,8,4,0,no_action,no_action,2
468.165700307989,before_first_failure,67,7,8,4,0,no_action,no_action,5
470.2165731639834,before_first_failure,65,8,8,4,0,no_action,no_action,4
472.48789604898775,before_first_failure,65,8,8,4,0,no_action,no_action,7
476.84745180100435,before_first_failure,65,7,8,4,0,no_action,no_action,5
478.90944197698263,before_first_failure,60,7,8,4,0,no_action,no_action,3
481.00308579497505,before_first_failure,61,6,8,4,0,no_action,no_action,4
483.01770936796675,before_first_failure,60,7,8,4,0,no_action,no_action,2
485.11790018499596,before_first_failure,56,8,8,4,0,no_action,no_action,5
489.5113437679829,before_first_failure,62,6,8,4,0,no_action,no_action,3
491.72342574596405,before_first_failure,60,7,8,4,0,no_action,no_action,5
493.7478949659853,before_first_failure,59,7,8,4,0,no_action,no_action,5
495.82053123100195,before_first_failure,60,7,8,4,0,no_action,no_action,6
497.8846545489505,before_first_failure,60,7,8,4,0,no_action,no_action,4
499.90893550094916,before_first_failure,55,7,8,4,0,no_action,no_action,2
503.7802125829621,before_first_failure,54,8,8,4,0,no_action,no_action,1
506.0093083999818,before_first_failure,56,5,8,4,0,no_action,no_action,2
508.15802710998105,before_first_failure,55,8,8,4,0,no_action,no_action,4
510.25382601097226,before_first_failure,52,8,8,4,0,no_action,no_action,6
512.2624413369922,before_first_failure,50,7,8,4,0,no_action,no_action,3
516.584897425957,before_first_failure,50,8,8,4,0,no_action,no_action,1
518.6144425179809,before_first_failure,50,7,8,4,0,no_action,no_action,2
520.7009683149518,before_first_failure,48,8,8,4,0,no_action,no_action,4
522.8035996739636,before_first_failure,46,6,8,4,0,no_action,no_action,2
529.5383050799719,before_first_failure,45,7,8,4,0,no_action,no_action,1
531.5958113549859,before_first_failure,47,7,8,4,0,no_action,no_action,4
533.6260622129776,before_first_failure,49,5,8,4,0,no_action,no_action,3
535.6524222099688,before_first_failure,48,8,8,4,0,no_action,no_action,3
537.8000915129669,before_first_failure,49,8,8,4,0,no_action,no_action,6
543.7528851809911,before_first_failure,52,8,8,4,0,no_action,no_action,3
545.8980339589762,before_first_failure,49,7,8,4,0,no_action,no_action,4
547.9755229069851,before_first_failure,49,7,8,4,0,no_action,no_action,5
550.0190863869502,before_first_failure,46,7,8,4,0,no_action,no_action,4
552.1829420909635,before_first_failure,46,7,8,4,0,no_action,no_action,5
554.5827402609866,before_first_failure,46,8,8,4,0,no_action,no_action,6
560.2185083009535,before_first_failure,51,8,8,4,0,no_action,no_action,4
562.4563856889727,before_first_failure,50,8,8,4,0,no_action,no_action,4
564.5349408439943,before_first_failure,50,6,8,4,0,no_action,no_action,4
566.5701631779666,before_first_failure,48,7,8,4,0,no_action,no_action,5
568.6151731379796,before_first_failure,47,6,8,4,0,no_action,no_action,4
570.6340113679762,before_first_failure,48,8,8,4,0,no_action,no_action,6
575.9951163439546,before_first_failure,48,8,8,4,0,no_action,no_action,2
578.0322912400006,before_first_failure,53,8,8,4,0,no_action,no_action,3
580.0359448279487,before_first_failure,55,7,8,4,0,no_action,no_action,5
582.0494044449879,before_first_failure,54,8,8,4,0,no_action,no_action,6
584.0520194759592,before_first_failure,58,6,8,4,0,no_action,no_action,6
586.1456293499796,before_first_failure,56,7,8,4,0,no_action,no_action,5
590.4919356039609,before_first_failure,59,7,8,4,0,no_action,no_action,0
592.5710662709898,before_first_failure,54,8,8,4,0,no_action,no_action,2
594.5781262959936,before_first_failure,54,6,8,4,0,no_action,no_action,2
596.581041405967,before_first_failure,54,8,8,4,0,no_action,no_action,7
598.8104049799731,before_first_failure,54,7,8,4,0,no_action,no_action,7
600.9184168739594,before_first_failure,55,8,8,4,0,no_action,no_action,7
602.9887930769473,before_first_failure,57,8,8,4,0,no_action,no_action,8
608.1268263409729,before_first_failure,58,7,8,4,0,no_action,no_action,0
610.353740104998,before_first_failure,52,8,8,4,0,no_action,no_action,3
612.3761505829752,before_first_failure,55,7,8,4,0,no_action,no_action,7
614.4064811169519,before_first_failure,53,7,8,4,0,no_action,no_action,5
616.5948958109948,before_first_failure,54,7,8,4,0,no_action,no_action,5
618.6520865329658,before_first_failure,54,7,8,4,0,no_action,no_action,6
624.1844040919677,before_first_failure,57,8,8,4,0,no_action,no_action,3
626.2381905599614,before_first_failure,54,8,8,4,0,no_action,no_action,2
628.2605363629991,before_first_failure,54,6,8,4,0,no_action,no_action,3
630.3100530459778,before_first_failure,52,8,8,4,0,no_action,no_action,6
632.5797691959888,before_first_failure,54,8,8,4,0,no_action,no_action,8
634.6461156909936,before_first_failure,57,8,8,4,0,no_action,no_action,8
640.0444915369735,before_first_failure,57,8,8,4,0,no_action,no_action,1
642.1012289289501,before_first_failure,51,8,8,4,0,no_action,no_action,0
644.1492077579605,before_first_failure,51,8,8,4,0,no_action,no_action,4
646.1668364179786,before_first_failure,51,7,8,4,0,no_action,no_action,7
648.1851188539877,before_first_failure,50,8,8,4,0,no_action,no_action,7
650.2345841469942,before_first_failure,50,7,8,4,0,no_action,no_action,5
655.9147686029901,before_first_failure,51,7,8,4,0,no_action,no_action,0
658.1733659809688,before_first_failure,50,6,8,4,0,no_action,no_action,2
660.1886136029498,before_first_failure,48,8,8,4,0,no_action,no_action,5
662.7141366759897,before_first_failure,49,7,8,4,0,no_action,no_action,5
664.7956216589664,before_first_failure,46,7,8,4,0,no_action,no_action,5
666.8334716439713,before_first_failure,47,8,8,4,0,no_action,no_action,6
668.8665120009682,before_first_failure,48,8,8,4,0,no_action,no_action,8
674.4956355129834,before_first_failure,51,7,8,4,0,no_action,no_action,3
676.6216290679877,before_first_failure,48,7,8,4,0,no_action,no_action,1
678.6479482289869,before_first_failure,47,8,8,4,0,no_action,no_action,5
680.6830438859761,before_first_failure,47,7,8,4,0,no_action,no_action,5
682.7865891549736,before_first_failure,49,7,8,4,0,no_action,no_action,6
684.8808248289861,before_first_failure,51,8,8,4,0,no_action,no_action,8
686.8928887759685,before_first_failure,53,8,8,4,0,no_action,no_action,7
692.9154268419952,before_first_failure,52,8,8,4,0,no_action,no_action,0
695.3809053470031,before_first_failure,51,8,8,4,0,no_action,no_action,3
697.4061785409576,before_first_failure,52,8,8,4,0,no_action,no_action,6
699.4301028429763,before_first_failure,53,8,8,4,0,no_action,no_action,6
701.5008644189802,before_first_failure,52,8,8,4,0,no_action,no_action,5
703.6153690159554,before_first_failure,51,7,8,4,0,no_action,no_action,6
705.6297980069648,before_first_failure,51,8,8,4,0,no_action,no_action,6
707.6921221499797,before_first_failure,50,8,8,4,0,no_action,no_action,6
709.7856173429755,before_first_failure,49,5,8,4,0,no_action,no_action,4
714.8325425749645,before_first_failure,47,8,8,4,0,no_action,no_action,1
716.893202969979,before_first_failure,49,7,8,4,0,no_action,no_action,5
718.9021775069996,before_first_failure,49,8,8,4,0,no_action,no_action,4
720.9939263359993,before_first_failure,48,7,8,4,0,no_action,no_action,6
723.0548619639594,before_first_failure,47,8,8,4,0,no_action,no_action,7
725.1094615119509,before_first_failure,49,7,8,4,0,no_action,no_action,6
727.1468846249627,before_first_failure,49,7,8,4,0,no_action,no_action,3
733.159621292958,before_first_failure,56,8,8,4,0,no_action,no_action,2
735.2347863009782,before_first_failure,56,8,8,4,0,no_action,no_action,5
737.3041044699494,before_first_failure,56,8,8,4,0,no_action,no_action,6
739.4027828389662,before_first_failure,63,7,8,4,0,no_action,no_action,6
741.403736816952,before_first_failure,65,8,8,4,0,no_action,no_action,4
743.4464456109563,before_first_failure,75,6,8,4,0,no_action,no_action,5
745.506264170981,before_first_failure,84,7,8,4,0,no_action,no_action,4
747.5567590639694,before_first_failure,87,6,8,4,0,no_action,no_action,4
753.2740437089815,before_first_failure,100,7,8,4,0,no_action,no_action,3
755.2844291490037,before_first_failure,108,7,8,4,0,no_action,no_action,3
757.3550580619485,before_first_failure,107,8,8,4,0,no_action,no_action,4
759.3892867719987,before_first_failure,107,7,8,4,0,no_action,no_action,4
761.7616324009723,before_first_failure,107,8,8,4,0,no_action,no_action,7
763.7699049990042,before_first_failure,109,7,8,4,0,no_action,no_action,6
765.8580753479619,before_first_failure,108,8,8,4,0,no_action,no_action,7
767.8880622239667,before_first_failure,110,8,8,4,0,no_action,no_action,8
770.6665657819831,before_first_failure,110,7,8,4,0,no_action,no_action,0
772.9430807759636,before_first_failure,105,8,8,4,0,no_action,no_action,2
779.3549349999521,before_first_failure,110,8,8,4,0,no_action,no_action,2
781.4273167859646,before_first_failure,112,8,8,4,0,no_action,no_action,5
783.6126426649862,before_first_failure,114,8,8,4,0,no_action,no_action,5
785.6658017569571,before_first_failure,115,8,8,4,0,no_action,no_action,4
787.7032056699973,before_first_failure,121,6,8,4,0,no_action,no_action,2
789.8562460939866,before_first_failure,125,8,8,4,0,no_action,no_action,8
791.8771762519609,before_first_failure,126,7,8,4,0,no_action,no_action,5
793.8871584449662,before_first_failure,130,8,8,4,0,no_action,no_action,8
796.2240699729882,before_first_failure,135,2,8,4,0,no_action,no_action,2
801.3038098429679,before_first_failure,132,8,8,4,0,no_action,no_action,0
803.3885326099698,before_first_failure,143,7,8,4,0,no_action,no_action,3
806.060566168977,before_first_failure,145,7,8,4,0,no_action,no_action,4
808.1477068249951,before_first_failure,145,7,8,4,0,no_action,no_action,5
810.1769862429937,before_first_failure,144,6,8,4,0,no_action,no_action,4
812.2092182939523,before_first_failure,143,6,8,4,0,no_action,no_action,4
814.2207875789609,before_first_failure,142,8,8,4,0,no_action,no_action,6
816.235874025966,before_first_failure,141,8,8,4,0,no_action,no_action,4
821.8886438679765,before_first_failure,152,7,8,4,0,no_action,no_action,0
823.9891380399931,before_first_failure,148,7,8,4,0,no_action,no_action,3
825.9912568939617,before_first_failure,151,6,8,4,0,no_action,no_action,0
828.0358115179697,before_first_failure,147,8,8,4,0,no_action,no_action,2
830.4075810899958,before_first_failure,147,7,8,4,0,no_action,no_action,2
832.4444179830025,before_first_failure,148,5,8,4,0,no_action,no_action,4
834.4624131549499,before_first_failure,142,8,8,4,0,no_action,no_action,1
836.4756109729642,before_first_failure,141,8,8,4,0,no_action,no_action,2
843.0820641779574,before_first_failure,148,7,8,4,0,no_action,no_action,1
845.089471144951,before_first_failure,143,7,8,4,0,no_action,no_action,3
847.129727558,before_first_failure,140,7,8,4,0,no_action,no_action,1
849.4253187009599,before_first_failure,139,8,8,4,0,no_action,no_action,2
851.43001025595,before_first_failure,139,7,8,4,0,no_action,no_action,4
853.4785943289753,before_first_failure,144,5,8,4,0,no_action,no_action,4
855.5566532889497,before_first_failure,144,7,8,4,0,no_action,no_action,6
862.7806862010038,before_first_failure,143,8,8,4,0,no_action,no_action,1
864.9135460199905,before_first_failure,149,4,8,4,0,no_action,no_action,1
867.2294154879637,before_first_failure,145,8,8,4,0,no_action,no_action,2
869.2974909509649,before_first_failure,148,5,8,4,0,no_action,no_action,1
871.3172429949627,before_first_failure,144,7,8,4,0,no_action,no_action,3
873.4425170759787,before_first_failure,144,7,8,4,0,no_action,no_action,4
875.5294543689815,before_first_failure,142,7,8,4,0,no_action,no_action,4
877.582633768965,before_first_failure,139,8,8,4,0,no_action,no_action,6
884.4432192869717,before_first_failure,145,8,8,4,0,no_action,no_action,2
886.5025126459659,before_first_failure,142,7,8,4,0,no_action,no_action,2
888.5326666659676,before_first_failure,140,6,8,4,0,no_action,no_action,4
890.5946881139535,before_first_failure,141,5,8,4,0,no_action,no_action,4
892.6691219119821,before_first_failure,138,7,8,4,0,no_action,no_action,2
894.7230512319948,before_first_failure,137,6,8,4,0,no_action,no_action,3
896.785197464982,before_first_failure,136,7,8,4,0,no_action,no_action,4
898.8318703330006,before_first_failure,134,8,8,4,0,no_action,no_action,7
901.1494568439666,before_first_failure,135,7,8,4,0,no_action,no_action,3
903.3364108050009,before_first_failure,132,8,8,4,0,no_action,no_action,6
905.4369753409992,before_first_failure,129,6,8,4,0,no_action,no_action,2
907.488229028997,before_first_failure,125,8,8,4,0,no_action,no_action,5
914.0837320389692,before_first_failure,127,7,8,4,0,no_action,no_action,0
916.129956646997,before_first_failure,121,8,8,4,0,no_action,no_action,0
918.2882471229532,before_first_failure,121,7,8,4,0,no_action,no_action,1
920.38045236998,before_first_failure,121,8,8,4,0,no_action,no_action,5
922.5446340399794,before_first_failure,120,7,8,4,0,no_action,no_action,2
924.5921670029638,before_first_failure,117,8,8,4,0,no_action,no_action,5
926.6175464199623,before_first_failure,117,8,8,4,0,no_action,no_action,4
928.7050072299899,before_first_failure,118,7,8,4,0,no_action,no_action,3
930.9058377189795,before_first_failure,117,8,8,4,0,no_action,no_action,3
933.123724789999,before_first_failure,115,7,8,4,0,no_action,no_action,4
935.1657086029882,before_first_failure,113,6,8,4,0,no_action,no_action,3
942.194253670983,before_first_failure,113,8,8,4,0,no_action,no_action,0
944.2625073659583,before_first_failure,108,8,8,4,0,no_action,no_action,3
946.3502225809498,before_first_failure,110,8,8,4,0,no_action,no_action,6
948.3646531339618,before_first_failure,111,8,8,4,0,no_action,no_action,7
950.5400541159906,before_first_failure,111,8,8,4,0,no_action,no_action,6
952.655658078962,before_first_failure,110,8,8,4,0,no_action,no_action,5
954.6740589549881,before_first_failure,111,7,8,4,0,no_action,no_action,4
956.762402082968,before_first_failure,107,8,8,4,0,no_action,no_action,3
958.7860790370032,before_first_failure,104,8,8,4,0,no_action,no_action,5
960.8691091240034,before_first_failure,105,8,8,4,0,no_action,no_action,3
962.9702293199953,before_first_failure,104,7,8,4,0,no_action,no_action,5
965.119854294986,before_first_failure,102,7,8,4,0,no_action,no_action,5
972.6872871209634,before_first_failure,106,8,8,4,0,no_action,no_action,1
974.7517213730025,before_first_failure,103,5,8,4,0,no_action,no_action,0
976.8120649839984,before_first_failure,103,7,8,4,0,no_action,no_action,3
978.8509795099963,before_first_failure,103,7,8,4,0,no_action,no_action,6
980.9765704139718,before_first_failure,100,8,8,4,0,no_action,no_action,6
983.0461395879975,before_first_failure,100,8,8,4,0,no_action,no_action,6
985.0586543879472,before_first_failure,99,8,8,4,0,no_action,no_action,6
987.1424563049804,before_first_failure,99,6,8,4,0,no_action,no_action,4
989.1871401169919,before_first_failure,101,6,8,4,0,no_action,no_action,5
991.2364591019577,before_first_failure,97,8,8,4,0,no_action,no_action,6
993.2956039099954,before_first_failure,98,7,8,4,0,no_action,no_action,4
995.3111921709497,before_first_failure,99,5,8,4,0,no_action,no_action,4
997.4086828639847,before_first_failure,96,7,8,4,0,no_action,no_action,5
1005.1062626429484,before_first_failure,99,5,8,4,0,no_action,no_action,0
1007.1526766339666,before_first_failure,96,8,8,4,0,no_action,no_action,1
1009.2253771550022,before_first_failure,97,8,8,4,0,no_action,no_action,2
1011.2460273279576,before_first_failure,97,6,8,4,0,no_action,no_action,2
1013.5054227579967,before_first_failure,95,7,8,4,0,no_action,no_action,6
1015.5792499589734,before_first_failure,93,8,8,4,0,no_action,no_action,6
1017.750961062964,before_first_failure,93,8,8,4,0,no_action,no_action,8
1019.8354504749877,before_first_failure,95,7,8,4,0,no_action,no_action,5
1021.9302937669563,before_first_failure,91,8,8,4,0,no_action,no_action,3
1023.9862236939953,before_first_failure,91,7,8,4,0,no_action,no_action,3
1031.2642390329856,before_first_failure,94,7,8,4,0,no_action,no_action,1
1033.372656402993,before_first_failure,89,8,8,4,0,no_action,no_action,0
1035.4706257469952,before_first_failure,88,8,8,4,0,no_action,no_action,7
1037.4767804239527,before_first_failure,87,8,8,4,0,no_action,no_action,6
1039.837313067983,before_first_failure,88,8,8,4,0,no_action,no_action,6
1041.8584784959676,before_first_failure,89,8,8,4,0,no_action,no_action,6
1043.8717076570028,before_first_failure,87,7,8,4,0,no_action,no_action,4
1045.9265661559766,before_first_failure,89,6,8,4,0,no_action,no_action,3
1047.9423693599529,before_first_failure,87,8,8,4,0,no_action,no_action,8
1050.0105409989483,before_first_failure,87,7,8,4,0,no_action,no_action,6
1052.2866299079615,before_first_failure,86,8,8,4,0,no_action,no_action,3
1054.3849523539538,before_first_failure,85,8,8,4,0,no_action,no_action,7
1056.4317059619934,before_first_failure,86,7,8,4,0,no_action,no_action,7
1063.7989481959958,before_first_failure,86,8,8,4,0,no_action,no_action,0
1065.918356721988,before_first_failure,91,7,8,4,0,no_action,no_action,0
1067.9532995549962,before_first_failure,97,8,8,4,0,no_action,no_action,4
1069.9550178009667,before_first_failure,103,8,8,4,0,no_action,no_action,8
1072.3581074899994,before_first_failure,111,8,8,4,0,no_action,no_action,6
1074.4730219219928,before_first_failure,124,7,8,4,0,no_action,no_action,6
1076.558896092989,before_first_failure,134,8,8,4,0,no_action,no_action,5
1078.584021838964,before_first_failure,150,7,8,4,0,no_action,no_action,7
1080.589168128965,before_first_failure,157,7,8,4,0,no_action,no_action,6
1082.610298782005,before_first_failure,155,8,8,4,0,no_action,no_action,6
1084.7788084719796,before_first_failure,158,7,8,4,0,no_action,no_action,7
1086.7899944229866,before_first_failure,159,8,8,4,0,no_action,no_action,7
1088.9376529169967,before_first_failure,158,7,8,4,0,no_action,no_action,4
1096.5016660109977,before_first_failure,167,7,8,4,0,no_action,no_action,1
1098.5401030039648,before_first_failure,167,8,8,4,0,no_action,no_action,4
1100.6015931909787,before_first_failure,166,8,8,4,0,no_action,no_action,7
1102.7110228039674,before_first_failure,166,7,8,4,0,no_action,no_action,6
1104.9652581929695,before_first_failure,167,7,8,4,0,no_action,no_action,7
1107.0499292759923,before_first_failure,166,8,8,4,0,no_action,no_action,6
1109.1292112380033,before_first_failure,167,7,8,4,0,no_action,no_action,6
1111.1462500889902,before_first_failure,165,6,8,4,0,no_action,no_action,4
1113.15694859199,before_first_failure,164,8,8,4,0,no_action,no_action,6
1115.2288858259562,before_first_failure,164,8,8,4,0,no_action,no_action,5
1117.2334955299739,before_first_failure,168,8,8,4,0,no_action,no_action,7
1119.2484396579675,before_first_failure,169,8,8,4,0,no_action,no_action,6
1121.2902460629703,before_first_failure,173,7,8,4,0,no_action,no_action,4
1123.3425416139653,before_first_failure,171,8,8,4,0,no_action,no_action,7
1125.345198994968,before_first_failure,171,8,8,4,0,no_action,no_action,6
1127.8088473969838,before_first_failure,170,8,8,4,0,no_action,no_action,6
1129.8184430669644,before_first_failure,171,6,8,4,0,no_action,no_action,6
1139.5479649079498,before_first_failure,189,8,8,4,0,no_action,no_action,0
1142.068365558982,before_first_failure,197,2,8,4,0,no_action,no_action,0
1144.12460391497,before_first_failure,193,8,8,4,0,no_action,no_action,8
1146.2128457599902,before_first_failure,198,7,8,4,0,no_action,no_action,6
1148.2847933549783,before_first_failure,202,8,8,4,0,no_action,no_action,6
1150.3789202949847,before_first_failure,203,8,8,4,0,no_action,no_action,8
1152.426060230995,before_first_failure,204,8,8,4,0,no_action,no_action,7
1154.6485585769988,before_first_failure,202,8,8,4,0,no_action,no_action,3
1156.7826530719758,before_first_failure,209,6,8,4,0,no_action,no_action,5
1158.8002685299725,before_first_failure,209,7,8,4,0,no_action,no_action,5
1161.2228098269552,before_first_failure,212,8,8,4,0,no_action,no_action,4
1163.2839033859782,before_first_failure,210,8,8,4,0,no_action,no_action,5
1172.2193163609481,before_first_failure,216,8,8,4,0,no_action,no_action,0
1174.3875192909618,before_first_failure,210,8,8,4,0,no_action,no_action,1
1176.4428113359609,before_first_failure,210,8,8,4,0,no_action,no_action,7
1178.4440021599876,before_first_failure,212,7,8,4,0,no_action,no_action,6
1180.5616246069549,before_first_failure,210,8,8,4,0,no_action,no_action,7
1182.6081407129532,before_first_failure,210,7,8,4,0,no_action,no_action,7
1184.6808642599499,before_first_failure,211,8,8,4,0,no_action,no_action,7
1186.6874439889798,before_first_failure,211,5,8,4,0,no_action,no_action,4
1188.778161507973,before_first_failure,209,7,8,4,0,no_action,no_action,4
1190.8272437529522,before_first_failure,211,8,8,4,0,no_action,no_action,7
1192.9450464059482,before_first_failure,208,7,8,4,0,no_action,no_action,4
1195.0266079049907,before_first_failure,210,7,8,4,0,no_action,no_action,7
1197.4082436159952,before_first_failure,210,8,8,4,0,no_action,no_action,7
1199.4524104929878,before_first_failure,209,7,8,4,0,no_action,no_action,4
1201.612624226953,before_first_failure,209,7,8,4,0,no_action,no_action,5
1209.4159024579567,before_first_failure,211,8,8,4,0,no_action,no_action,0
1211.5584741179482,before_first_failure,204,8,8,4,0,no_action,no_action,0
1213.7499839749653,before_first_failure,207,7,8,4,0,no_action,no_action,3
1215.787974359002,before_first_failure,203,8,8,4,0,no_action,no_action,4
1217.900394856988,before_first_failure,203,4,8,4,0,no_action,no_action,3
1219.9513071419788,before_first_failure,198,8,8,4,0,no_action,no_action,5
1222.0465685799718,before_first_failure,196,8,8,4,0,no_action,no_action,3
1224.0930964069557,before_first_failure,195,7,8,4,0,no_action,no_action,4
1226.1073064219672,before_first_failure,191,7,8,4,0,no_action,no_action,3
1228.500127444975,before_first_failure,192,5,8,4,0,no_action,no_action,3
1237.7501295609982,before_first_failure,193,8,8,4,0,no_action,no_action,0
1239.8627430959605,before_first_failure,191,7,8,4,0,no_action,no_action,3
1241.9368932059733,before_first_failure,190,7,8,4,0,no_action,no_action,2
1244.1502725349856,before_first_failure,187,8,8,4,0,no_action,no_action,2
1246.2268249350018,before_first_failure,187,6,8,4,0,no_action,no_action,2
1248.3543831559946,before_first_failure,183,8,8,4,0,no_action,no_action,3
1250.519474807952,before_first_failure,181,5,8,4,0,no_action,no_action,3
1252.5922808329924,before_first_failure,176,8,8,4,0,no_action,no_action,3
1254.632391475956,before_first_failure,176,7,8,4,0,no_action,no_action,2
1256.7945323549793,before_first_failure,175,8,8,4,0,no_action,no_action,3
1258.8338769529946,before_first_failure,174,7,8,4,0,no_action,no_action,5
1260.8847786579863,before_first_failure,172,8,8,4,0,no_action,no_action,5
1263.5357744309586,before_first_failure,173,5,8,4,0,no_action,no_action,2
1265.6077620119904,before_first_failure,171,8,8,4,0,no_action,no_action,4
1273.8017562169698,before_first_failure,176,8,8,4,0,no_action,no_action,0
1275.8968215929926,before_first_failure,172,7,8,4,0,no_action,no_action,1
1277.9154392429627,before_first_failure,173,8,8,4,0,no_action,no_action,3
1279.957916526997,before_first_failure,171,8,8,4,0,no_action,no_action,3
1282.302455823985,before_first_failure,174,7,8,4,0,no_action,no_action,3
1284.3159358739504,before_first_failure,175,8,8,4,0,no_action,no_action,3
1286.4120017399546,before_first_failure,174,8,8,4,0,no_action,no_action,3
1288.4435026669526,before_first_failure,171,8,8,4,0,no_action,no_action,4
1290.5124433210003,before_first_failure,172,8,8,4,0,no_action,no_action,5
1292.8176815629704,before_first_failure,172,7,8,4,0,no_action,no_action,4
1294.8486772459582,before_first_failure,172,7,8,4,0,no_action,no_action,4
1297.233507744968,before_first_failure,173,7,8,4,0,no_action,no_action,3
1299.2441136609996,before_first_failure,172,5,8,4,0,no_action,no_action,3
1301.4684649839764,before_first_failure,169,8,8,4,0,no_action,no_action,4
1303.5167423879611,before_first_failure,170,8,8,4,0,no_action,no_action,7
1305.6652572339517,before_first_failure,174,8,8,4,0,no_action,no_action,4
1315.6625186819583,before_first_failure,173,8,8,4,0,no_action,no_action,0
1317.800300819974,before_first_failure,176,7,8,4,0,no_action,no_action,1
1319.8745162749547,before_first_failure,176,7,8,4,0,no_action,no_action,4
1322.1346659169649,before_first_failure,175,7,8,4,0,no_action,no_action,4
1324.230772415991,before_first_failure,178,6,8,4,0,no_action,no_action,5
1326.314546701964,before_first_failure,176,7,8,4,0,no_action,no_action,2
1328.4012444309774,before_first_failure,175,7,8,4,0,no_action,no_action,2
1330.6643560149823,before_first_failure,179,8,8,4,0,no_action,no_action,5
1332.776151915954,before_first_failure,178,8,8,4,0,no_action,no_action,4
1335.3270594429923,before_first_failure,184,8,8,4,0,no_action,no_action,3
1337.5159509069636,before_first_failure,187,7,8,4,0,no_action,no_action,4
1339.5549612119794,before_first_failure,188,8,8,4,0,no_action,no_action,6
1342.5141002019518,before_first_failure,191,6,8,4,0,no_action,no_action,2
1344.6118345609866,before_first_failure,192,8,8,4,0,no_action,no_action,2
1346.7475149789825,before_first_failure,191,8,8,4,0,no_action,no_action,3
1356.4769432229805,before_first_failure,194,7,8,4,0,no_action,no_action,0
1358.603477341996,before_first_failure,207,7,8,4,0,no_action,no_action,4
1361.31954760995,before_first_failure,209,5,8,4,0,no_action,no_action,4
1363.3483951590024,before_first_failure,207,6,8,4,0,no_action,no_action,4
1365.390836526989,before_first_failure,211,7,8,4,0,no_action,no_action,5
1367.393657461973,before_first_failure,210,4,8,4,0,no_action,no_action,2
1369.5274386609672,before_first_failure,209,7,8,4,0,no_action,no_action,3
1371.6658762739971,before_first_failure,205,8,8,4,0,no_action,no_action,2
1373.7224204179947,before_first_failure,206,7,8,4,0,no_action,no_action,3
1375.8458098829724,before_first_failure,209,7,8,4,0,no_action,no_action,3
1378.171918275999,before_first_failure,208,6,8,4,0,no_action,no_action,1
1380.3140494299587,before_first_failure,207,8,8,4,0,no_action,no_action,4
1382.415678483958,before_first_failure,208,7,8,4,0,no_action,no_action,6
1392.2032175809727,before_first_failure,225,8,8,4,0,no_action,no_action,0
1394.3259893219802,before_first_failure,225,8,8,4,0,no_action,no_action,3
1396.4032636109623,before_first_failure,226,8,8,4,0,no_action,no_action,2
1398.484355071967,before_first_failure,222,8,8,4,0,no_action,no_action,4
1400.5507391269784,before_first_failure,226,8,8,4,0,no_action,no_action,7
1402.6009397179587,before_first_failure,226,8,8,4,0,no_action,no_action,5
1404.6586511579808,before_first_failure,226,8,8,4,0,no_action,no_action,5
1406.8386303959996,before_first_failure,225,8,8,4,0,no_action,no_action,8
1408.9000395769835,before_first_failure,227,7,8,4,0,no_action,no_action,6
1410.9341513089603,before_first_failure,225,7,8,4,0,no_action,no_action,6
1413.0172301359707,before_first_failure,226,7,8,4,0,no_action,no_action,7
1415.0262442939566,before_first_failure,227,7,8,4,0,no_action,no_action,7
1417.0887524669524,before_first_failure,227,7,8,4,0,no_action,no_action,6
1419.1364825390046,before_first_failure,227,8,8,4,0,no_action,no_action,6
1421.187551958952,before_first_failure,228,8,8,4,0,no_action,no_action,8
1423.2120899239671,before_first_failure,228,8,8,4,0,no_action,no_action,6
1425.2465476729558,before_first_failure,226,8,8,4,0,no_action,no_action,5
1427.2702024839818,before_first_failure,228,8,8,4,0,no_action,no_action,7
1429.7009196659783,before_first_failure,229,8,8,4,0,no_action,no_action,7
1431.7877145989914,before_first_failure,235,8,8,4,0,no_action,no_action,7
1434.2963520579506,before_first_failure,239,8,8,4,0,no_action,no_action,6
1444.6939247690025,before_first_failure,239,8,8,4,0,no_action,no_action,0
1447.0690031359554,before_first_failure,256,8,8,4,0,no_action,no_action,0
1449.1568381979596,before_first_failure,263,8,8,4,0,no_action,no_action,6
1451.242168621975,before_first_failure,263,8,8,4,0,no_action,no_action,8
1453.3042090349481,before_first_failure,269,6,8,4,0,no_action,no_action,6
1455.4761877389974,before_first_failure,270,8,8,4,0,no_action,no_action,6
1457.4958627009764,before_first_failure,272,6,8,4,0,no_action,no_action,5
1459.5016334590036,before_first_failure,271,6,8,4,0,no_action,no_action,4
1461.9091746929917,before_first_failure,269,7,8,4,0,no_action,no_action,6
1464.08382191899,before_first_failure,269,8,8,4,0,no_action,no_action,6
1466.1020524999476,before_first_failure,274,8,8,4,0,no_action,no_action,6
1468.1971536809579,before_first_failure,276,7,8,4,0,no_action,no_action,7
1470.2234771639924,before_first_failure,275,7,8,4,0,no_action,no_action,4
1472.2568147009588,before_first_failure,272,8,8,4,0,no_action,no_action,6
1474.2661804949748,before_first_failure,279,8,8,4,0,no_action,no_action,7
1476.273280908994,before_first_failure,281,7,8,4,0,no_action,no_action,6
1478.3246659559663,before_first_failure,283,6,8,4,0,no_action,no_action,6
1480.3818980630022,before_first_failure,285,7,8,4,0,no_action,no_action,5
1482.5730088469572,before_first_failure,285,8,8,4,0,no_action,no_action,7
1493.016252772999,before_first_failure,292,7,8,4,0,no_action,no_action,0
1495.1144920289516,before_first_failure,295,2,8,4,0,no_action,no_action,1
1497.1212056689546,before_first_failure,290,8,8,4,0,no_action,no_action,5
1499.215257784992,before_first_failure,290,8,8,4,0,no_action,no_action,6
1501.4825628899853,before_first_failure,291,8,8,4,0,no_action,no_action,7
1503.5728963979636,before_first_failure,292,5,8,4,0,no_action,no_action,3
1505.6214845809736,before_first_failure,288,7,8,4,0,no_action,no_action,6
1507.6473596559954,before_first_failure,290,8,8,4,0,no_action,no_action,6
1509.7031659389613,before_first_failure,289,8,8,4,0,no_action,no_action,4
1511.763836797967,before_first_failure,290,7,8,4,0,no_action,no_action,4
1513.8247718909988,before_first_failure,288,8,8,4,0,no_action,no_action,8
1515.8855806429638,before_first_failure,288,6,8,4,0,no_action,no_action,5
1517.9425908169942,before_first_failure,289,7,8,4,0,no_action,no_action,4
1520.0061921720044,before_first_failure,289,8,8,4,0,no_action,no_action,6
1522.0143920169794,before_first_failure,290,8,8,4,0,no_action,no_action,6
1524.1061102289823,before_first_failure,291,6,8,4,0,no_action,no_action,5
1526.118488439999,before_first_failure,291,6,8,4,0,no_action,no_action,3
1528.121567109949,before_first_failure,288,7,8,4,0,no_action,no_action,6
1539.497132962977,before_first_failure,299,7,8,4,0,no_action,no_action,0
1541.5309495579568,before_first_failure,295,8,8,4,0,no_action,no_action,6
1543.5428211349645,before_first_failure,297,8,8,4,0,no_action,no_action,8
1546.390565840993,before_first_failure,299,7,8,4,0,no_action,no_action,7
1548.5004031249555,before_first_failure,298,8,8,4,0,no_action,no_action,6
1550.6653634809772,before_first_failure,298,8,8,4,0,no_action,no_action,6
1552.7298922519549,before_first_failure,301,7,8,4,0,no_action,no_action,5
1555.0368593559833,before_first_failure,301,8,8,4,0,no_action,no_action,3
1557.3068923669634,before_first_failure,303,8,8,4,0,no_action,no_action,5
1560.0557103969622,before_first_failure,308,7,8,4,0,no_action,no_action,5
1562.0795611419599,before_first_failure,308,8,8,4,0,no_action,no_action,7
1564.4345887769596,before_first_failure,310,8,8,4,0,no_action,no_action,3
1566.8404645259725,before_first_failure,307,7,8,4,0,no_action,no_action,2
1569.616812970955,before_first_failure,310,8,8,4,0,no_action,no_action,4
1571.70568576199,before_first_failure,309,7,8,4,0,no_action,no_action,5
1574.0747470209608,before_first_failure,309,8,8,4,0,no_action,no_action,3
1576.1073989319848,before_first_failure,308,8,8,4,0,no_action,no_action,7
1578.6087285699905,before_first_failure,312,8,8,4,0,no_action,no_action,3
1580.829158662993,before_first_failure,309,5,8,4,0,no_action,no_action,0
1592.1354082519538,before_first_failure,306,8,8,4,0,no_action,no_action,0
1594.217469382973,before_first_failure,314,8,8,4,0,no_action,no_action,3
1596.6774646379636,before_first_failure,315,8,8,4,0,no_action,no_action,1
1598.7090093709994,before_first_failure,315,6,8,4,0,no_action,no_action,2
1600.7754257259658,before_first_failure,314,5,8,4,0,no_action,no_action,2
1603.055083211977,before_first_failure,312,7,8,4,0,no_action,no_action,3
1605.0698894649977,before_first_failure,313,7,8,4,0,no_action,no_action,7
1607.0720319459797,before_first_failure,314,5,8,4,0,no_action,no_action,3
1609.377536758955,before_first_failure,313,6,8,4,0,no_action,no_action,4
1611.3957814039895,before_first_failure,313,8,8,4,0,no_action,no_action,6
1613.6299032319803,before_first_failure,315,8,8,4,0,no_action,no_action,2
1615.7634975699475,before_first_failure,316,8,8,4,0,no_action,no_action,5
1617.8377697069664,before_first_failure,316,7,8,4,0,no_action,no_action,4
1619.8891076059663,before_first_failure,314,7,8,4,0,no_action,no_action,4
1622.2538777279551,before_first_failure,316,8,8,4,0,no_action,no_action,6
1624.3267169939936,before_first_failure,321,5,8,4,0,no_action,no_action,2
1626.3459099909524,before_first_failure,321,8,8,4,0,no_action,no_action,5
1628.4235383920022,before_first_failure,322,6,8,4,0,no_action,no_action,3
1640.887094420963,before_first_failure,320,8,8,4,0,no_action,no_action,0
1642.9107199639548,before_first_failure,323,8,8,4,0,no_action,no_action,0
1645.390662035963,before_first_failure,328,7,8,4,0,no_action,no_action,3
1647.411554908962,before_first_failure,334,8,8,4,0,no_action,no_action,6
1649.4732091240003,before_first_failure,334,8,8,4,0,no_action,no_action,7
1651.4732500329847,before_first_failure,339,7,8,4,0,no_action,no_action,6
1653.5542547329678,before_first_failure,341,7,8,4,0,no_action,no_action,6
1655.6717192489887,before_first_failure,347,7,8,4,0,no_action,no_action,4
1658.057118970959,before_first_failure,352,5,8,4,0,no_action,no_action,4
1660.0610853259568,before_first_failure,349,7,8,4,0,no_action,no_action,4
1662.1227774180006,before_first_failure,350,8,8,4,0,no_action,no_action,5
1664.1948020249838,before_first_failure,351,8,8,4,0,no_action,no_action,6
1666.2602871949784,before_first_failure,354,7,8,4,0,no_action,no_action,4
1668.47902131296,before_first_failure,355,6,8,4,0,no_action,no_action,4
1670.5648971439805,before_first_failure,350,8,8,4,0,no_action,no_action,2
1672.5693155949702,before_first_failure,352,6,8,4,0,no_action,no_action,3
1674.5872616499546,before_first_failure,352,6,8,4,0,no_action,no_action,3
1676.905289976974,before_first_failure,355,4,8,4,0,no_action,no_action,2
1688.5780328139663,before_first_failure,367,7,8,4,0,no_action,no_action,0
1690.6270382200019,before_first_failure,366,7,8,4,0,no_action,no_action,1
1692.6580478579854,before_first_failure,372,7,8,4,0,no_action,no_action,3
1694.6760271579842,before_first_failure,380,8,8,4,0,no_action,no_action,6
1696.8714320159634,before_first_failure,386,7,8,4,0,no_action,no_action,5
1698.926972657966,before_first_failure,388,7,8,4,0,no_action,no_action,5
1701.0074175350019,before_first_failure,389,5,8,4,0,no_action,no_action,3
1703.2466870079516,before_first_failure,385,8,8,4,0,no_action,no_action,3
1705.3191463910043,before_first_failure,388,8,8,4,0,no_action,no_action,5
1707.3430645259796,before_first_failure,391,7,8,4,0,no_action,no_action,6
1709.3580718019512,before_first_failure,395,8,8,4,0,no_action,no_action,6
1711.453178970958,before_first_failure,406,8,8,4,0,no_action,no_action,6
1713.5467551529873,before_first_failure,412,6,8,4,0,no_action,no_action,5
1716.0599971349584,before_first_failure,413,7,8,4,0,no_action,no_action,5
1718.2774861979997,before_first_failure,412,8,8,4,0,no_action,no_action,5
1720.3700764479581,before_first_failure,415,8,8,4,0,no_action,no_action,7
1722.390272360004,before_first_failure,420,8,8,4,0,no_action,no_action,7
1724.3997069549514,before_first_failure,424,7,8,4,0,no_action,no_action,7
1737.1659415279864,before_first_failure,450,8,8,4,0,no_action,no_action,0
1739.18831185397,before_first_failure,445,8,8,4,0,no_action,no_action,4
1741.2883046929492,before_first_failure,449,7,8,4,0,no_action,no_action,7
1743.3096244629705,before_first_failure,448,7,8,4,0,no_action,no_action,6
1745.5334654329927,before_first_failure,448,8,8,4,0,no_action,no_action,7
1747.5374624349643,before_first_failure,449,8,8,4,0,no_action,no_action,7
1749.6121384929866,before_first_failure,454,7,8,4,0,no_action,no_action,4
1751.6399335449678,before_first_failure,451,8,8,4,0,no_action,no_action,3
1754.076683850959,before_first_failure,454,6,8,4,0,no_action,no_action,3
1756.1104416539893,before_first_failure,451,8,8,4,0,no_action,no_action,2
1758.2838148819865,before_first_failure,449,6,8,4,0,no_action,no_action,4
1760.3646876709536,before_first_failure,444,8,8,4,0,no_action,no_action,4
1762.4088764849585,before_first_failure,443,6,8,4,0,no_action,no_action,3
1764.415477817005,before_first_failure,440,7,8,4,0,no_action,no_action,3
1766.6098218979896,before_first_failure,439,5,8,4,0,no_action,no_action,3
1768.7593896509497,before_first_failure,435,7,8,4,0,no_action,no_action,5
1770.8123987129657,before_first_failure,432,8,8,4,0,no_action,no_action,6
1772.8230622559786,before_first_failure,430,8,8,4,0,no_action,no_action,7
1775.0269122989848,before_first_failure,432,7,8,4,0,no_action,no_action,6
1777.0634355119546,before_first_failure,435,8,8,4,0,no_action,no_action,8
1779.5896245449549,before_first_failure,436,7,8,4,0,no_action,no_action,3
1781.8104903439526,before_first_failure,441,7,8,4,0,no_action,no_action,4
1783.863787041977,before_first_failure,442,7,8,4,0,no_action,no_action,4
1796.9777448669774,before_first_failure,460,5,8,4,0,no_action,no_action,0
1799.0071338409907,before_first_failure,456,8,8,4,0,no_action,no_action,3
1801.2012124719913,before_first_failure,457,8,8,4,0,no_action,no_action,3
1803.2830977099948,before_first_failure,458,8,8,4,0,no_action,no_action,5
1805.3120085249539,before_first_failure,460,7,8,4,0,no_action,no_action,5
1807.8481944709783,before_first_failure,460,6,8,4,0,no_action,no_action,4
1809.950944383978,before_first_failure,462,5,8,4,0,no_action,no_action,3
1812.001707171963,before_first_failure,459,6,8,4,0,no_action,no_action,1
1814.1132624699967,before_first_failure,458,8,8,4,0,no_action,no_action,5
1816.1695016750018,before_first_failure,459,8,8,4,0,no_action,no_action,6
1818.2158508399734,before_first_failure,460,7,8,4,0,no_action,no_action,6
1820.249784922984,before_first_failure,461,5,8,4,0,no_action,no_action,3
1822.2911449630046,before_first_failure,461,8,8,4,0,no_action,no_action,5
1824.3856944869622,before_first_failure,461,6,8,4,0,no_action,no_action,4
1826.5053543239483,before_first_failure,461,5,8,4,0,no_action,no_action,3
1828.51840020495,before_first_failure,459,8,8,4,0,no_action,no_action,4
1830.5829653819674,before_first_failure,460,7,8,4,0,no_action,no_action,3
1832.61906558997,before_first_failure,460,6,8,4,0,no_action,no_action,3
1834.7210367329535,before_first_failure,457,8,8,4,0,no_action,no_action,5
1836.7466090609669,before_first_failure,459,8,8,4,0,no_action,no_action,8
1838.9873186149634,before_first_failure,461,8,8,4,0,no_action,no_action,5
1852.9773314379854,before_first_failure,459,8,8,4,0,no_action,no_action,0
1855.0541463099653,before_first_failure,466,6,8,4,0,no_action,no_action,0
1857.1291389119579,before_first_failure,467,8,8,4,0,no_action,no_action,7
1859.2085187049815,before_first_failure,468,8,8,4,0,no_action,no_action,8
1861.5290453059715,before_first_failure,472,8,8,4,0,no_action,no_action,7
1863.6590745599824,before_first_failure,473,7,8,4,0,no_action,no_action,6
1865.666005719977,before_first_failure,474,8,8,4,0,no_action,no_action,5
1867.7155097379582,before_first_failure,474,6,8,4,0,no_action,no_action,3
1869.9832357629784,before_first_failure,475,5,8,4,0,no_action,no_action,4
1872.1266447389498,before_first_failure,473,8,8,4,0,no_action,no_action,3
1874.1639157749596,before_first_failure,475,8,8,4,0,no_action,no_action,7
1876.2304597729817,before_first_failure,479,5,8,4,0,no_action,no_action,4
1878.344125753967,before_first_failure,476,7,8,4,0,no_action,no_action,2
1880.4294187089545,before_first_failure,473,8,8,4,0,no_action,no_action,5
1882.4383541049901,before_first_failure,477,7,8,4,0,no_action,no_action,7
1884.621221624955,before_first_failure,477,8,8,4,0,no_action,no_action,5
1887.1028745920048,before_first_failure,476,8,8,4,0,no_action,no_action,5
1889.1722268449957,before_first_failure,481,6,8,4,0,no_action,no_action,5
1891.1827822019695,before_first_failure,479,8,8,4,0,no_action,no_action,4
1893.2815989009687,before_first_failure,482,8,8,4,0,no_action,no_action,5
1895.3588238539523,before_first_failure,483,7,8,4,0,no_action,no_action,4
1897.389443773951,before_first_failure,485,8,8,4,0,no_action,no_action,5
1912.0896200029529,before_first_failure,487,7,8,4,0,no_action,no_action,0
1914.1572509469697,before_first_failure,507,8,8,4,0,no_action,no_action,2
1916.1845642179833,before_first_failure,507,8,8,4,0,no_action,no_action,7
1918.2923907910008,before_first_failure,510,8,8,4,0,no_action,no_action,7
1920.5588536269497,before_first_failure,511,7,8,4,0,no_action,no_action,4
1922.8329993700027,before_first_failure,511,5,8,4,0,no_action,no_action,5
1925.1955001509632,before_first_failure,506,8,8,4,0,no_action,no_action,2
1927.3988753369777,before_first_failure,503,7,8,4,0,no_action,no_action,3
1929.44561066397,before_first_failure,503,7,8,4,0,no_action,no_action,2
1931.548483192979,before_first_failure,505,8,8,4,0,no_action,no_action,3
1934.1128261109698,before_first_failure,508,7,8,4,0,no_action,no_action,3
1936.1304556619725,before_first_failure,505,8,8,4,0,no_action,no_action,6
1938.2120107949595,before_first_failure,503,5,8,4,0,no_action,no_action,2
1940.3337226609583,before_first_failure,503,8,8,4,0,no_action,no_action,3
1942.3858619509847,before_first_failure,506,7,8,4,0,no_action,no_action,6
1945.0256093699718,before_first_failure,510,7,8,4,0,no_action,no_action,5
1947.064913316979,before_first_failure,508,8,8,4,0,no_action,no_action,3
1949.2075458180043,before_first_failure,511,8,8,4,0,no_action,no_action,6
1951.2201162789715,before_first_failure,514,7,8,4,0,no_action,no_action,4
1953.2955972539494,before_first_failure,516,7,8,4,0,no_action,no_action,3
1955.338797436969,before_first_failure,516,8,8,4,0,no_action,no_action,6
1957.4896016239654,before_first_failure,516,6,8,4,0,no_action,no_action,2
1959.5037018299918,before_first_failure,518,3,8,4,0,no_action,no_action,1
1972.7417221729993,before_first_failure,530,8,8,4,0,no_action,no_action,0
1974.8325290849898,before_first_failure,533,5,8,4,0,no_action,no_action,0
1977.001751402975,before_first_failure,532,8,8,4,0,no_action,no_action,4
1979.0979662509635,before_first_failure,532,7,8,4,0,no_action,no_action,6
1981.18640276097,before_first_failure,532,8,8,4,0,no_action,no_action,6
1983.256087933958,before_first_failure,533,7,8,4,0,no_action,no_action,5
1985.4101229989901,before_first_failure,533,8,8,4,0,no_action,no_action,3
1987.6504615959711,before_first_failure,533,8,8,4,0,no_action,no_action,6
1989.7323874659487,before_first_failure,532,7,8,4,0,no_action,no_action,5
1991.805746892991,before_first_failure,532,8,8,4,0,no_action,no_action,6
1993.8932252859813,before_first_failure,533,7,8,4,0,no_action,no_action,6
1995.983270926983,before_first_failure,534,8,8,4,0,no_action,no_action,6
1997.9996491229977,before_first_failure,532,8,8,4,0,no_action,no_action,6
2000.219688512967,before_first_failure,533,8,8,4,0,no_action,no_action,5
2002.3842574489536,before_first_failure,530,8,8,4,0,no_action,no_action,2
2004.4526153439656,before_first_failure,532,7,8,4,0,no_action,no_action,4
2006.6002010859665,before_first_failure,531,8,8,4,0,no_action,no_action,4
2008.6270557749667,before_first_failure,531,8,8,4,0,no_action,no_action,5
2010.6859418249805,before_first_failure,534,6,8,4,0,no_action,no_action,4
2012.7192361239577,before_first_failure,534,7,8,4,0,no_action,no_action,4
2014.769827417971,before_first_failure,539,8,8,4,0,no_action,no_action,7
2016.9437069469714,before_first_failure,544,7,8,4,0,no_action,no_action,3
2030.1371646759799,before_first_failure,570,5,8,4,0,no_action,no_action,0
2032.1831696819863,before_first_failure,569,8,8,4,0,no_action,no_action,3
2034.2623596059857,before_first_failure,571,8,8,4,0,no_action,no_action,6
2036.320760624949,before_first_failure,569,8,8,4,0,no_action,no_action,4
2038.7263975289534,before_first_failure,566,8,8,4,0,no_action,no_action,6
2040.7958656709525,before_first_failure,566,6,8,4,0,no_action,no_action,5
2042.812965271005,before_first_failure,566,8,8,4,0,no_action,no_action,6
2044.8588704110007,before_first_failure,567,6,8,4,0,no_action,no_action,5
2046.9129704170045,before_first_failure,566,7,8,4,0,no_action,no_action,5
2048.9220101469546,before_first_failure,566,7,8,4,0,no_action,no_action,5
2051.4133587259566,before_first_failure,569,7,8,4,0,no_action,no_action,5
2053.4475712139974,before_first_failure,566,8,8,4,0,no_action,no_action,2
2055.4955253079534,before_first_failure,563,7,8,4,0,no_action,no_action,3
2057.56912823295,before_first_failure,566,8,8,4,0,no_action,no_action,4
2059.6753265049774,before_first_failure,565,6,8,4,0,no_action,no_action,1
2061.794977376994,before_first_failure,567,8,8,4,0,no_action,no_action,5
2063.8426177539513,before_first_failure,575,7,8,4,0,no_action,no_action,5
2066.5511796479695,before_first_failure,581,6,8,4,0,no_action,no_action,3
2068.793870142952,before_first_failure,578,8,8,4,0,no_action,no_action,4
2071.3042960809544,before_first_failure,585,6,8,4,0,no_action,no_action,4
2073.9762904829695,before_first_failure,586,6,8,4,0,no_action,no_action,1
2076.005403078976,before_first_failure,584,7,8,4,0,no_action,no_action,3
2078.0811723329825,before_first_failure,582,7,8,4,0,no_action,no_action,4
2080.18248960498,before_first_failure,580,8,8,4,0,no_action,no_action,5
2082.4909413839923,before_first_failure,585,6,8,4,0,no_action,no_action,3
2084.6725852849777,before_first_failure,582,8,8,4,0,no_action,no_action,5
2100.0221236239886,before_first_failure,601,8,8,4,0,no_action,no_action,0
2102.0748929819674,before_first_failure,604,8,8,4,0,no_action,no_action,0
2104.214366311964,before_first_failure,607,7,8,4,0,no_action,no_action,2
2106.226971587981,before_first_failure,608,8,8,4,0,no_action,no_action,7
2108.4430523709743,before_first_failure,613,7,8,4,0,no_action,no_action,6
2110.504061163985,before_first_failure,614,8,8,4,0,no_action,no_action,5
2112.8131812139763,before_first_failure,619,7,8,4,0,no_action,no_action,5
2115.4409694279893,before_first_failure,619,8,8,4,0,no_action,no_action,3
2117.7716295869905,before_first_failure,618,8,8,4,0,no_action,no_action,4
2119.7826636139653,before_first_failure,614,8,8,4,0,no_action,no_action,6
2121.8581655839807,before_first_failure,617,8,8,4,0,no_action,no_action,5
2123.899892681977,before_first_failure,620,7,8,4,0,no_action,no_action,5
2126.0257915249676,before_first_failure,619,8,8,4,0,no_action,no_action,5
2128.2017717029667,before_first_failure,616,8,8,4,0,no_action,no_action,2
2130.3099102179985,before_first_failure,613,7,8,4,0,no_action,no_action,1
2132.4281184379943,before_first_failure,611,7,8,4,0,no_action,no_action,2
2134.4311302109854,before_first_failure,615,4,8,4,0,no_action,no_action,3
2136.584053287981,before_first_failure,611,8,8,4,0,no_action,no_action,4
2138.6398330259835,before_first_failure,613,7,8,4,0,no_action,no_action,5
2140.7070610669907,before_first_failure,609,8,8,4,0,no_action,no_action,3
2142.782499352994,before_first_failure,613,7,8,4,0,no_action,no_action,4
2144.8965762559674,before_first_failure,615,8,8,4,0,no_action,no_action,8
2146.939943676989,before_first_failure,614,7,8,4,0,no_action,no_action,3
2149.315301989962,before_first_failure,616,7,8,4,0,no_action,no_action,5
2167.328115387005,before_first_failure,643,7,8,4,0,no_action,no_action,0
2169.4441945059807,before_first_failure,642,7,8,4,0,no_action,no_action,5
2171.9529731389484,before_first_failure,643,8,8,4,0,no_action,no_action,1
2174.6189425969496,before_first_failure,644,3,8,4,0,no_action,no_action,0
2176.684639136947,before_first_failure,641,6,8,4,0,no_action,no_action,4
2178.6854374459945,before_first_failure,642,5,8,4,0,no_action,no_action,2
2180.7803092299728,before_first_failure,638,7,8,4,0,no_action,no_action,3
2183.0209844829515,before_first_failure,634,7,8,4,0,no_action,no_action,4
2185.031423241948,before_first_failure,634,7,8,4,0,no_action,no_action,5
2187.114738255972,before_first_failure,633,8,8,4,0,no_action,no_action,8
2189.181935876957,before_first_failure,636,7,8,4,0,no_action,no_action,6
2191.252678493969,before_first_failure,635,6,8,4,0,no_action,no_action,4
2193.384656714974,before_first_failure,630,8,8,4,0,no_action,no_action,3
2195.387287046993,before_first_failure,627,8,8,4,0,no_action,no_action,6
2197.4868322619586,before_first_failure,628,8,8,4,0,no_action,no_action,6
2199.6752723759855,before_first_failure,628,5,8,4,0,no_action,no_action,3
2201.770999418979,before_first_failure,628,7,8,4,0,no_action,no_action,6
2203.7838517979835,before_first_failure,627,8,8,4,0,no_action,no_action,4
2205.815609466983,before_first_failure,628,8,8,4,0,no_action,no_action,6
2208.3254089679685,before_first_failure,629,6,8,4,0,no_action,no_action,4
2210.3871602279833,before_first_failure,630,7,8,4,0,no_action,no_action,3
2212.4390818579705,before_first_failure,628,7,8,4,0,no_action,no_action,3
2214.538163843972,before_first_failure,628,5,8,4,0,no_action,no_action,2
2216.5886695579975,before_first_failure,625,7,8,4,0,no_action,no_action,3
2218.6604043410043,before_first_failure,625,4,8,4,0,no_action,no_action,3
2221.453473097994,before_first_failure,626,8,8,4,0,no_action,no_action,4
2223.4551197389956,before_first_failure,633,7,8,4,0,no_action,no_action,2
2239.0962448029895,before_first_failure,649,5,8,4,0,no_action,no_action,0
2241.194421840948,before_first_failure,651,8,8,4,0,no_action,no_action,2
2243.6825078389957,before_first_failure,655,8,8,4,0,no_action,no_action,3
2245.751736267004,before_first_failure,656,8,8,4,0,no_action,no_action,5
2248.2979999309755,before_first_failure,662,6,8,4,0,no_action,no_action,3
2250.4422481389483,before_first_failure,657,6,8,4,0,no_action,no_action,1
2252.4466426809668,before_first_failure,658,8,8,4,0,no_action,no_action,1
2254.5451426669606,before_first_failure,659,8,8,4,0,no_action,no_action,7
2256.5818714239867,before_first_failure,662,8,8,4,0,no_action,no_action,4
2258.6837920569815,before_first_failure,663,7,8,4,0,no_action,no_action,5
2260.7118664119625,before_first_failure,665,6,8,4,0,no_action,no_action,4
2262.7411305589485,before_first_failure,665,8,8,4,0,no_action,no_action,7
2265.0136648009648,before_first_failure,665,6,8,4,0,no_action,no_action,6
2267.0533265739796,before_first_failure,664,8,8,4,0,no_action,no_action,7
2269.07921964,before_first_failure,664,8,8,4,0,no_action,no_action,5
2271.209449483955,before_first_failure,663,8,8,4,0,no_action,no_action,6
2273.278092349996,before_first_failure,665,7,8,4,0,no_action,no_action,6
2275.329586226959,before_first_failure,663,8,8,4,0,no_action,no_action,2
2277.3449230800034,before_first_failure,664,6,8,4,0,no_action,no_action,5
2279.510355729959,before_first_failure,663,5,8,4,0,no_action,no_action,3
2281.5558407439967,before_first_failure,663,7,8,4,0,no_action,no_action,4
2283.609942575975,before_first_failure,660,7,8,4,0,no_action,no_action,4
2286.1681098619592,before_first_failure,656,8,8,4,0,no_action,no_action,2
2288.25014161499,before_first_failure,657,7,8,4,0,no_action,no_action,3
2290.3209715179983,before_first_failure,656,8,8,4,0,no_action,no_action,7
2292.403793531994,before_first_failure,657,5,8,4,0,no_action,no_action,5
2307.700277259981,before_first_failure,654,8,8,4,0,no_action,no_action,0
2309.769316410995,before_first_failure,671,3,8,4,0,no_action,no_action,1
2311.8631327119656,before_first_failure,670,8,8,4,0,no_action,no_action,7
2314.24750316696,before_first_failure,671,7,8,4,0,no_action,no_action,3
2316.348307708977,before_first_failure,672,7,8,4,0,no_action,no_action,4
2318.5362611909513,before_first_failure,673,7,8,4,0,no_action,no_action,5
2320.740487683972,before_first_failure,670,8,8,4,0,no_action,no_action,2
2322.8109224759974,before_first_failure,671,7,8,4,0,no_action,no_action,3
2324.8245665599825,before_first_failure,671,7,8,4,0,no_action,no_action,5
2327.1448026329745,before_first_failure,669,8,8,4,0,no_action,no_action,5
2329.1970463369507,before_first_failure,669,7,8,4,0,no_action,no_action,6
2331.225942344987,before_first_failure,667,6,8,4,0,no_action,no_action,6
2333.284976522962,before_first_failure,666,6,8,4,0,no_action,no_action,3
2335.514390276978,before_first_failure,667,8,8,4,0,no_action,no_action,4
2337.609125795949,before_first_failure,674,7,8,4,0,no_action,no_action,5
2339.6292522469885,before_first_failure,673,8,8,4,0,no_action,no_action,5
2341.7068106439547,before_first_failure,676,8,8,4,0,no_action,no_action,7
2343.786541747977,before_first_failure,674,8,8,4,0,no_action,no_action,6
2345.787078436988,before_first_failure,678,8,8,4,0,no_action,no_action,7
2347.80497577996,before_first_failure,680,8,8,4,0,no_action,no_action,5
2349.808184654976,before_first_failure,689,7,8,4,0,no_action,no_action,7
2351.879187913961,before_first_failure,689,8,8,4,0,no_action,no_action,3
2354.0981497869943,before_first_failure,692,8,8,4,0,no_action,no_action,7
2356.1945842979476,before_first_failure,695,8,8,4,0,no_action,no_action,4
2358.19877835596,before_first_failure,699,7,8,4,0,no_action,no_action,7
2360.283169936971,before_first_failure,698,7,8,4,0,no_action,no_action,5
2362.3009884809726,before_first_failure,695,8,8,4,0,no_action,no_action,6
2364.308599162963,before_first_failure,695,8,8,4,0,no_action,no_action,6
2366.377152422967,before_first_failure,697,6,8,4,0,no_action,no_action,4
2368.3928466039943,before_first_failure,695,7,8,4,0,no_action,no_action,5
2370.442138093,before_first_failure,694,8,8,4,0,no_action,no_action,7
2372.505665473989,before_first_failure,693,8,8,4,0,no_action,no_action,7
2374.7906222309684,before_first_failure,691,7,8,4,0,no_action,no_action,4
2376.9398599779815,before_first_failure,692,8,8,4,0,no_action,no_action,6
2379.0175765859894,before_first_failure,692,8,8,4,0,no_action,no_action,7
2381.165765648999,before_first_failure,692,7,8,4,0,no_action,no_action,4
2397.7842256349977,before_first_failure,720,6,8,4,0,no_action,no_action,0
2400.1752618809696,before_first_failure,720,4,8,4,0,no_action,no_action,1
2402.2219460219494,before_first_failure,717,7,8,4,0,no_action,no_action,6
2404.2635999149643,before_first_failure,716,8,8,4,0,no_action,no_action,7
2406.406682532979,before_first_failure,718,7,8,4,0,no_action,no_action,5
2408.4603990269825,before_first_failure,720,5,8,4,0,no_action,no_action,3
2410.5107815029914,before_first_failure,717,7,8,4,0,no_action,no_action,6
2412.5461474199547,before_first_failure,713,8,8,4,0,no_action,no_action,4
2414.6436490999768,before_first_failure,716,7,8,4,0,no_action,no_action,5
2416.7000359270023,before_first_failure,716,8,8,4,0,no_action,no_action,8
2419.0521446199855,before_first_failure,716,8,8,4,0,no_action,no_action,4
2421.0914406469674,before_first_failure,714,8,8,4,0,no_action,no_action,4
2423.279713355005,before_first_failure,717,8,8,4,0,no_action,no_action,2
2425.4433634479647,before_first_failure,716,7,8,4,0,no_action,no_action,2
2427.480998719984,before_first_failure,715,8,8,4,0,no_action,no_action,3
2429.4844414119725,before_first_failure,718,8,8,4,0,no_action,no_action,5
2431.6075303669786,before_first_failure,722,7,8,4,0,no_action,no_action,4
2433.6110854879953,before_first_failure,721,8,8,4,0,no_action,no_action,5
2436.4796933389734,before_first_failure,725,8,8,4,0,no_action,no_action,1
2438.496183219948,before_first_failure,721,7,8,4,0,no_action,no_action,2
2440.944937995984,before_first_failure,722,7,8,4,0,no_action,no_action,2
2443.006972862,before_first_failure,725,7,8,4,0,no_action,no_action,1
2445.219003476959,before_first_failure,723,8,8,4,0,no_action,no_action,7
2447.6105727289687,before_first_failure,726,8,8,4,0,no_action,no_action,2
2449.6377735099522,before_first_failure,726,8,8,4,0,no_action,no_action,2
2452.105669312994,before_first_failure,732,6,8,4,0,no_action,no_action,1
2454.7601088819792,before_first_failure,733,6,8,4,0,no_action,no_action,4
2456.8162441899767,before_first_failure,734,7,8,4,0,no_action,no_action,2
2458.876753495948,before_first_failure,735,8,8,4,0,no_action,no_action,3
2476.0569844459533,before_first_failure,736,8,8,4,0,no_action,no_action,0
2478.3595681449515,before_first_failure,751,8,8,4,0,no_action,no_action,3
2480.467629372957,before_first_failure,752,8,8,4,0,no_action,no_action,5
2483.1783547789673,before_first_failure,752,8,8,4,0,no_action,no_action,4
2485.214319839957,before_first_failure,754,8,8,4,0,no_action,no_action,5
2487.292200404976,before_first_failure,758,7,8,4,0,no_action,no_action,3
2489.3299283429515,before_first_failure,755,7,8,4,0,no_action,no_action,5
2491.366172209964,before_first_failure,757,4,8,4,0,no_action,no_action,2
2493.5327611599932,before_first_failure,754,8,8,4,0,no_action,no_action,6
2495.5330761869554,before_first_failure,757,6,8,4,0,no_action,no_action,6
2497.6666897229734,before_first_failure,757,6,8,4,0,no_action,no_action,3
2499.7447974639945,before_first_failure,755,8,8,4,0,no_action,no_action,7
2501.814244379988,before_first_failure,756,5,8,4,0,no_action,no_action,5
2503.8591467139777,before_first_failure,754,8,8,4,0,no_action,no_action,3
2506.0099417659803,before_first_failure,755,7,8,4,0,no_action,no_action,4
2508.026078293973,before_first_failure,755,7,8,4,0,no_action,no_action,6
2510.358572592959,before_first_failure,758,7,8,4,0,no_action,no_action,2
2512.3993760719895,before_first_failure,755,8,8,4,0,no_action,no_action,3
2514.4055569179473,before_first_failure,753,7,8,4,0,no_action,no_action,4
2516.466933866963,before_first_failure,756,5,8,4,0,no_action,no_action,2
2518.5029636260006,before_first_failure,752,7,8,4,0,no_action,no_action,4
2520.579084869998,before_first_failure,752,7,8,4,0,no_action,no_action,5
2522.6312835149583,before_first_failure,752,7,8,4,0,no_action,no_action,6
2524.6793035919545,before_first_failure,750,7,8,4,0,no_action,no_action,4
2526.7722850579885,before_first_failure,750,7,8,4,0,no_action,no_action,4
2528.7847866649972,before_first_failure,750,7,8,4,0,no_action,no_action,2
2530.881948891969,before_first_failure,750,7,8,4,0,no_action,no_action,1
2532.9219837529818,before_first_failure,748,8,8,4,0,no_action,no_action,5
2534.927983640984,before_first_failure,748,7,8,4,0,no_action,no_action,5
2552.937047394982,before_first_failure,755,6,8,4,0,no_action,no_action,1
2554.9544817559654,before_first_failure,755,8,8,4,0,no_action,no_action,3
2557.095864284958,before_first_failure,755,7,8,4,0,no_action,no_action,3
2559.1408235220006,before_first_failure,754,7,8,4,0,no_action,no_action,5
2561.3480179149774,before_first_failure,757,7,8,4,0,no_action,no_action,4
2563.3822436579503,before_first_failure,753,8,8,4,0,no_action,no_action,6
2565.4228649419965,before_first_failure,754,7,8,4,0,no_action,no_action,6
2567.4974172670045,before_first_failure,753,8,8,4,0,no_action,no_action,5
2569.608812915976,before_first_failure,756,7,8,4,0,no_action,no_action,2
2571.769031929958,before_first_failure,755,6,8,4,0,no_action,no_action,2
2573.83802764595,before_first_failure,765,8,8,4,0,no_action,no_action,6
2575.894002175948,before_first_failure,771,8,8,4,0,no_action,no_action,6
2577.997509406996,before_first_failure,775,7,8,4,0,no_action,no_action,4
2580.01791047398,before_first_failure,773,8,8,4,0,no_action,no_action,3
2582.081205501978,before_first_failure,776,7,8,4,0,no_action,no_action,7
2584.2821033339715,before_first_failure,770,8,8,4,0,no_action,no_action,2
2586.6004050099873,before_first_failure,774,7,8,4,0,no_action,no_action,3
2588.6127013349906,before_first_failure,772,8,8,4,0,no_action,no_action,6
2590.656530692999,before_first_failure,777,6,8,4,0,no_action,no_action,6
2592.743047358992,before_first_failure,773,8,8,4,0,no_action,no_action,2
2594.991640357999,before_first_failure,777,5,8,4,0,no_action,no_action,2
2597.027652274992,before_first_failure,776,8,8,4,0,no_action,no_action,4
2599.6062431269675,before_first_failure,777,7,8,4,0,no_action,no_action,1
2602.3338380209752,before_first_failure,777,8,8,4,0,no_action,no_action,4
2604.5075044870027,before_first_failure,780,7,8,4,0,no_action,no_action,5
2606.5832997109974,before_first_failure,780,5,8,4,0,no_action,no_action,0
2608.8848803429864,before_first_failure,785,2,8,4,0,no_action,no_action,0
2610.9802665059688,before_first_failure,779,7,8,4,0,no_action,no_action,6
2613.6286899019615,before_first_failure,782,7,8,4,0,no_action,no_action,3
2632.2785048129736,before_first_failure,795,2,8,4,0,no_action,no_action,0
2634.3782823929796,before_first_failure,790,8,8,4,0,no_action,no_action,5
2636.3975372939603,before_first_failure,789,7,8,4,0,no_action,no_action,3
2638.451785843994,before_first_failure,788,7,8,4,0,no_action,no_action,5
2640.947927434987,before_first_failure,786,7,8,4,0,no_action,no_action,3
2643.0036774509936,before_first_failure,783,8,8,4,0,no_action,no_action,4
2645.0542649069685,before_first_failure,780,8,8,4,0,no_action,no_action,6
2647.1864159709658,before_first_failure,781,6,8,4,0,no_action,no_action,2
2649.519013657002,before_first_failure,777,7,8,4,0,no_action,no_action,1
2651.552434542973,before_first_failure,777,8,8,4,0,no_action,no_action,4
2653.6086457899655,before_first_failure,775,8,8,4,0,no_action,no_action,3
2655.636703298951,before_first_failure,775,8,8,4,0,no_action,no_action,5
2657.7180766259553,before_first_failure,778,8,8,4,0,no_action,no_action,5
2659.870004023949,before_first_failure,775,7,8,4,0,no_action,no_action,4
2662.2571681650006,before_first_failure,773,8,8,4,0,no_action,no_action,5
2664.301559421001,before_first_failure,773,8,8,4,0,no_action,no_action,5
2666.372305419005,before_first_failure,772,7,8,4,0,no_action,no_action,5
2668.435389829974,before_first_failure,773,8,8,4,0,no_action,no_action,6
2670.4878661129624,before_first_failure,774,7,8,4,0,no_action,no_action,6
2672.5061842039577,before_first_failure,775,7,8,4,0,no_action,no_action,3
2674.530777517997,before_first_failure,772,7,8,4,0,no_action,no_action,5
2676.5708276169607,before_first_failure,771,7,8,4,0,no_action,no_action,7
2678.6051847529598,before_first_failure,776,5,8,4,0,no_action,no_action,4
2680.668898601958,before_first_failure,775,8,8,4,0,no_action,no_action,7
2682.9246741319657,before_first_failure,776,5,8,4,0,no_action,no_action,2
2685.220847363991,before_first_failure,780,7,8,4,0,no_action,no_action,5
2687.242634354974,before_first_failure,781,8,8,4,0,no_action,no_action,4
2689.327806590998,before_first_failure,785,8,8,4,0,no_action,no_action,6
2691.9830197999836,before_first_failure,789,7,8,4,0,no_action,no_action,3
2694.660108061973,before_first_failure,794,7,8,4,0,no_action,no_action,4
2696.726300649985,before_first_failure,797,7,8,4,0,no_action,no_action,4
2699.208057662996,before_first_failure,801,3,8,4,0,no_action,no_action,3
2701.3923842670047,before_first_failure,792,7,8,4,0,no_action,no_action,1
2719.5002838069922,before_first_failure,793,7,8,4,0,no_action,no_action,0
2721.7309171719826,before_first_failure,802,8,8,4,0,no_action,no_action,2
2724.362950951967,before_first_failure,805,7,8,4,0,no_action,no_action,4
2726.377187002974,before_first_failure,802,6,8,4,0,no_action,no_action,4
2728.643489135953,before_first_failure,799,6,8,4,0,no_action,no_action,3
2730.6885052649886,before_first_failure,799,6,8,4,0,no_action,no_action,4
2732.8727806739626,before_first_failure,800,6,8,4,0,no_action,no_action,4
2734.877550459001,before_first_failure,799,7,8,4,0,no_action,no_action,6
2736.979279517953,before_first_failure,796,8,8,4,0,no_action,no_action,5
2739.0697362289648,before_first_failure,797,8,8,4,0,no_action,no_action,8
2741.10347243899,before_first_failure,796,8,8,4,0,no_action,no_action,4
2743.208936057985,before_first_failure,796,7,8,4,0,no_action,no_action,5
2745.226689258998,before_first_failure,792,7,8,4,0,no_action,no_action,2
2747.246203137969,before_first_failure,792,5,8,4,0,no_action,no_action,2
2749.3089305589674,before_first_failure,789,8,8,4,0,no_action,no_action,7
2751.3927086279728,before_first_failure,789,8,8,4,0,no_action,no_action,5
2753.4741074249614,before_first_failure,789,7,8,4,0,no_action,no_action,6
2755.5894474239904,before_first_failure,790,7,8,4,0,no_action,no_action,3
2757.6677458899794,before_first_failure,789,8,8,4,0,no_action,no_action,4
2759.68568421097,before_first_failure,789,7,8,4,0,no_action,no_action,5
2761.831534813973,before_first_failure,789,8,8,4,0,no_action,no_action,7
2763.837066104985,before_first_failure,789,6,8,4,0,no_action,no_action,5
2765.9241191879846,before_first_failure,784,8,8,4,0,no_action,no_action,2
2767.9345861409674,before_first_failure,783,7,8,4,0,no_action,no_action,5
2769.9852757059853,before_first_failure,784,6,8,4,0,no_action,no_action,5
2772.1680207239697,before_first_failure,781,7,8,4,0,no_action,no_action,5
2774.236001737998,before_first_failure,780,7,8,4,0,no_action,no_action,4
2776.3222176209674,before_first_failure,777,8,8,4,0,no_action,no_action,5
2778.3774281879887,before_first_failure,776,7,8,4,0,no_action,no_action,5
2780.3790732469643,before_first_failure,775,7,8,4,0,no_action,no_action,5
2782.408234318951,before_first_failure,774,7,8,4,0,no_action,no_action,4
2784.510649765958,before_first_failure,772,8,8,4,0,no_action,no_action,5
2786.6371643669554,before_first_failure,771,8,8,4,0,no_action,no_action,6
2788.645156411978,before_first_failure,776,6,8,4,0,no_action,no_action,6
2790.6550265079713,before_first_failure,775,7,8,4,0,no_action,no_action,4
2792.7621069289744,before_first_failure,775,7,8,4,0,no_action,no_action,6
2794.813108660979,before_first_failure,779,6,8,4,0,no_action,no_action,5
2796.8765784999705,before_first_failure,781,6,8,4,0,no_action,no_action,6
2798.955343798967,before_first_failure,781,6,8,4,0,no_action,no_action,4
2801.0532014179626,before_first_failure,778,7,8,4,0,no_action,no_action,6
2803.0958129699575,before_first_failure,780,5,8,4,0,no_action,no_action,4
2805.311895796971,before_first_failure,779,8,8,4,0,no_action,no_action,6
2823.119194586994,before_first_failure,797,7,8,4,0,no_action,no_action,1
2825.166021704965,before_first_failure,790,8,8,4,0,no_action,no_action,2
2827.202580965997,before_first_failure,790,6,8,4,0,no_action,no_action,3
2829.28765511699,before_first_failure,787,7,8,4,0,no_action,no_action,4
2831.56217579596,before_first_failure,785,8,8,4,0,no_action,no_action,3
2833.686803345976,before_first_failure,778,8,8,4,0,no_action,no_action,3
2835.7330472139874,before_first_failure,781,8,8,4,0,no_action,no_action,6
2837.7631210289546,before_first_failure,781,7,8,4,0,no_action,no_action,5
2839.8175974649494,before_first_failure,778,8,8,4,0,no_action,no_action,4
2841.8385032049846,before_first_failure,780,8,8,4,0,no_action,no_action,6
2843.9384418329573,before_first_failure,779,8,8,4,0,no_action,no_action,4
2845.93995670398,before_first_failure,778,8,8,4,0,no_action,no_action,5
2847.9706326879677,before_first_failure,776,8,8,4,0,no_action,no_action,5
2850.0659957329626,before_first_failure,777,7,8,4,0,no_action,no_action,6
2852.150326433999,before_first_failure,776,8,8,4,0,no_action,no_action,4
2854.1604304289795,before_first_failure,775,7,8,4,0,no_action,no_action,7
2856.2179470059928,before_first_failure,774,7,8,4,0,no_action,no_action,5
2858.3061628739815,before_first_failure,770,7,8,4,0,no_action,no_action,4
2860.3372214269475,before_first_failure,770,7,8,4,0,no_action,no_action,7
2862.4415164369857,before_first_failure,771,7,8,4,0,no_action,no_action,5
2864.6390115209506,before_first_failure,769,8,8,4,0,no_action,no_action,4
2866.7233821899863,before_first_failure,769,6,8,4,0,no_action,no_action,5
2868.816361410951,before_first_failure,769,8,8,4,0,no_action,no_action,5
2870.892564504,before_first_failure,770,8,8,4,0,no_action,no_action,7
2872.93668467697,before_first_failure,767,7,8,4,0,no_action,no_action,4
2874.989097382,before_first_failure,766,7,8,4,0,no_action,no_action,4
2877.045789693948,before_first_failure,768,8,8,4,0,no_action,no_action,8
2879.142725897953,before_first_failure,768,6,8,4,0,no_action,no_action,4
2881.331646285951,before_first_failure,764,8,8,4,0,no_action,no_action,4
2883.4984423889546,before_first_failure,766,8,8,4,0,no_action,no_action,4
2885.5436394919525,before_first_failure,765,7,8,4,0,no_action,no_action,7
2887.628727144969,before_first_failure,765,7,8,4,0,no_action,no_action,4
2889.7863442429807,before_first_failure,765,8,8,4,0,no_action,no_action,3
2892.5175470579998,before_first_failure,767,6,8,4,0,no_action,no_action,5
2894.5508347579744,before_first_failure,766,7,8,4,0,no_action,no_action,5
2896.786173074972,before_first_failure,767,8,8,4,0,no_action,no_action,5
2898.825123794959,before_first_failure,763,7,8,4,0,no_action,no_action,3
2900.8690764529747,before_first_failure,761,7,8,4,0,no_action,no_action,1
2902.8762536919676,before_first_failure,761,8,8,4,0,no_action,no_action,7
2904.941057161952,before_first_failure,762,8,8,4,0,no_action,no_action,4
2906.990044442995,before_first_failure,758,7,8,4,0,no_action,no_action,3
2925.361843566003,before_first_failure,767,7,8,4,0,no_action,no_action,0
2927.4136805229937,before_first_failure,763,7,8,4,0,no_action,no_action,2
2929.758991445997,before_first_failure,764,6,8,4,0,no_action,no_action,2
2931.8764002519893,before_first_failure,759,8,8,4,0,no_action,no_action,3
2933.9608287789742,before_first_failure,759,8,8,4,0,no_action,no_action,7
2936.052162270993,before_first_failure,756,8,8,4,0,no_action,no_action,4
2938.087589278992,before_first_failure,757,8,8,4,0,no_action,no_action,6
2940.2690064329654,before_first_failure,760,7,8,4,0,no_action,no_action,4
2942.2900735929725,before_first_failure,755,8,8,4,0,no_action,no_action,3
2944.401283303974,before_first_failure,755,4,8,4,0,no_action,no_action,2
2946.5020730579854,before_first_failure,753,7,8,4,0,no_action,no_action,7
2948.569064632,before_first_failure,753,8,8,4,0,no_action,no_action,6
2950.7997442549677,before_first_failure,751,7,8,4,0,no_action,no_action,3
2952.89021285699,before_first_failure,748,7,8,4,0,no_action,no_action,5
2954.9522189889685,before_first_failure,746,8,8,4,0,no_action,no_action,8
2956.954416781955,before_first_failure,747,6,8,4,0,no_action,no_action,2
2958.9660721349646,before_first_failure,746,7,8,4,0,no_action,no_action,3
2961.0345104439766,before_first_failure,744,8,8,4,0,no_action,no_action,5
2963.354674903967,before_first_failure,746,7,8,4,0,no_action,no_action,2
2965.358420443954,before_first_failure,747,7,8,4,0,no_action,no_action,3
2967.43810027797,before_first_failure,752,8,8,4,0,no_action,no_action,7
2969.642451992957,before_first_failure,751,8,8,4,0,no_action,no_action,4
2971.69147012796,before_first_failure,749,7,8,4,0,no_action,no_action,5
2973.9527268719976,before_first_failure,754,7,8,4,0,no_action,no_action,5
2976.011374425958,before_first_failure,759,7,8,4,0,no_action,no_action,5
2978.0200848699897,before_first_failure,758,6,8,4,0,no_action,no_action,5
2980.0792280099704,before_first_failure,755,7,8,4,0,no_action,no_action,3
2982.5670066399616,before_first_failure,754,8,8,4,0,no_action,no_action,5
2984.6059345949907,before_first_failure,757,8,8,4,0,no_action,no_action,7
2986.6348556089797,before_first_failure,755,7,8,4,0,no_action,no_action,4
2988.866904880968,before_first_failure,754,7,8,4,0,no_action,no_action,6
2990.9628731189878,before_first_failure,755,7,8,4,0,no_action,no_action,5
2993.016245547973,before_first_failure,754,8,8,4,0,no_action,no_action,6
2995.04070997698,before_first_failure,756,5,8,4,0,no_action,no_action,3
2997.059203338984,before_first_failure,754,8,8,4,0,no_action,no_action,5
2999.2066396879964,before_first_failure,754,7,8,4,0,no_action,no_action,4
3001.2228639179957,before_first_failure,752,7,8,4,0,no_action,no_action,4
3003.2869850939605,before_first_failure,754,8,8,4,0,no_action,no_action,5
3023.870294291002,before_first_failure,779,8,8,4,0,no_action,no_action,2
3026.0627475520014,before_first_failure,774,8,8,4,0,no_action,no_action,3
3028.1499820369645,before_first_failure,776,8,8,4,0,no_action,no_action,2
3030.1739874709747,before_first_failure,778,7,8,4,0,no_action,no_action,4
3032.2693080889876,before_first_failure,777,8,8,4,0,no_action,no_action,3
3034.370460289996,before_first_failure,785,7,8,4,0,no_action,no_action,3
3036.4825378109817,before_first_failure,790,8,8,4,0,no_action,no_action,5
3038.657921707956,before_first_failure,789,8,8,4,0,no_action,no_action,3
3040.723207301984,before_first_failure,794,8,8,4,0,no_action,no_action,3
3042.881541662966,before_first_failure,801,5,8,4,0,no_action,no_action,3
3044.9281495049945,before_first_failure,804,8,8,4,0,no_action,no_action,4
3047.4809931019554,before_first_failure,807,8,8,4,0,no_action,no_action,4
3049.751306182996,before_first_failure,809,5,8,4,0,no_action,no_action,3
3051.8297109999694,before_first_failure,804,8,8,4,0,no_action,no_action,7
3053.8963642749586,before_first_failure,804,7,8,4,0,no_action,no_action,7
3055.9905984629877,before_first_failure,805,7,8,4,0,no_action,no_action,6
3058.2427966480027,before_first_failure,805,8,8,4,0,no_action,no_action,4
3060.3281178939505,before_first_failure,805,8,8,4,0,no_action,no_action,5
3062.3542643059627,before_first_failure,803,8,8,4,0,no_action,no_action,3
3064.354770476988,before_first_failure,802,7,8,4,0,no_action,no_action,4
3066.3952744859853,before_first_failure,802,8,8,4,0,no_action,no_action,6
3068.413295137987,before_first_failure,800,7,8,4,0,no_action,no_action,5
3070.5369479999645,before_first_failure,799,6,8,4,0,no_action,no_action,2
3072.542516563961,before_first_failure,797,8,8,4,0,no_action,no_action,5
3074.5849698439706,before_first_failure,797,6,8,4,0,no_action,no_action,6
3076.593148959975,before_first_failure,793,8,8,4,0,no_action,no_action,2
3078.6754728899687,before_first_failure,794,8,8,4,0,no_action,no_action,5
3080.7507407259545,before_first_failure,794,4,8,4,0,no_action,no_action,2
3082.958822616958,before_first_failure,790,8,8,4,0,no_action,no_action,3
3085.0580811569816,before_first_failure,789,7,8,4,0,no_action,no_action,4
3087.113278432982,before_first_failure,788,7,8,4,0,no_action,no_action,3
3089.115757309948,before_first_failure,787,7,8,4,0,no_action,no_action,3
3091.136136338988,before_first_failure,787,7,8,4,0,no_action,no_action,2
3093.158873738954,before_first_failure,787,6,8,4,0,no_action,no_action,2
3095.2581787619856,before_first_failure,785,8,8,4,0,no_action,no_action,4
3097.285224795982,before_first_failure,784,8,8,4,0,no_action,no_action,5
3099.3710263969842,before_first_failure,782,7,8,4,0,no_action,no_action,4
3101.4868573029526,before_first_failure,781,8,8,4,0,no_action,no_action,5
3123.24376478896,before_first_failure,797,8,8,4,0,no_action,no_action,1
3125.254521453986,before_first_failure,796,8,8,4,0,no_action,no_action,4
3127.3208326409804,before_first_failure,797,8,8,4,0,no_action,no_action,6
3129.340309327992,before_first_failure,797,7,8,4,0,no_action,no_action,6
3131.9003030110034,before_first_failure,799,7,8,4,0,no_action,no_action,5
3133.9372279419913,before_first_failure,800,8,8,4,0,no_action,no_action,8
3136.335511616955,before_first_failure,806,8,8,4,0,no_action,no_action,4
3138.618705697998,before_first_failure,804,7,8,4,0,no_action,no_action,3
3141.1269995189505,before_first_failure,810,8,8,4,0,no_action,no_action,6
3143.312726678967,before_first_failure,810,8,8,4,0,no_action,no_action,4
3145.375665500993,before_first_failure,808,7,8,4,0,no_action,no_action,5
3147.404461998958,before_first_failure,807,8,8,4,0,no_action,no_action,7
3149.413501840958,before_first_failure,809,5,8,4,0,no_action,no_action,5
3151.4647891210043,before_first_failure,805,7,8,4,0,no_action,no_action,4
3153.5484813509975,before_first_failure,805,6,8,4,0,no_action,no_action,3
3155.6420098340022,before_first_failure,804,7,8,4,0,no_action,no_action,3
3157.720606982999,before_first_failure,803,6,8,4,0,no_action,no_action,2
3159.746400806005,before_first_failure,801,6,8,4,0,no_action,no_action,2
3161.901464200986,before_first_failure,802,7,8,4,0,no_action,no_action,3
3163.966160040989,before_first_failure,802,4,8,4,0,no_action,no_action,2
3166.07307583699,before_first_failure,798,8,8,4,0,no_action,no_action,1
3168.092950708,before_first_failure,800,4,8,4,0,no_action,no_action,2
3170.2627475779736,before_first_failure,797,8,8,4,0,no_action,no_action,4
3172.285930996004,before_first_failure,798,7,8,4,0,no_action,no_action,4
3174.3814120749594,before_first_failure,798,8,8,4,0,no_action,no_action,6
3176.444974459999,before_first_failure,801,7,8,4,0,no_action,no_action,4
3178.4982911329716,before_first_failure,797,6,8,4,0,no_action,no_action,4
3180.5557924970053,before_first_failure,796,7,8,4,0,no_action,no_action,5
3182.7753723799833,before_first_failure,797,7,8,4,0,no_action,no_action,4
3184.795648092986,before_first_failure,794,8,8,4,0,no_action,no_action,4
3186.9248160879943,before_first_failure,794,6,8,4,0,no_action,no_action,4
3188.9689356799936,before_first_failure,794,7,8,4,0,no_action,no_action,2
3191.106692989997,before_first_failure,793,7,8,4,0,no_action,no_action,4
3193.108136608964,before_first_failure,789,8,8,4,0,no_action,no_action,4
3195.1137726680026,before_first_failure,791,8,8,4,0,no_action,no_action,5
3197.1314833329525,before_first_failure,791,8,8,4,0,no_action,no_action,4
3199.223947377992,before_first_failure,791,7,8,4,0,no_action,no_action,5
3201.3221740139998,before_first_failure,789,8,8,4,0,no_action,no_action,5
3224.022405202966,before_first_failure,804,7,8,4,0,no_action,no_action,0
3226.101694352983,before_first_failure,800,5,8,4,0,no_action,no_action,1
3228.1395178199746,before_first_failure,799,8,8,4,0,no_action,no_action,4
3230.208007721987,before_first_failure,799,7,8,4,0,no_action,no_action,5
3232.510993946984,before_first_failure,798,7,8,4,0,no_action,no_action,5
3234.6244957929594,before_first_failure,797,7,8,4,0,no_action,no_action,6
3236.6416660109535,before_first_failure,797,7,8,4,0,no_action,no_action,6
3238.715138023952,before_first_failure,796,7,8,4,0,no_action,no_action,3
3240.750902600994,before_first_failure,796,8,8,4,0,no_action,no_action,6
3243.0556832489674,before_first_failure,794,7,8,4,0,no_action,no_action,6
3245.1291512899916,before_first_failure,794,8,8,4,0,no_action,no_action,5
3247.1449705979903,before_first_failure,794,7,8,4,0,no_action,no_action,6
3249.211742036976,before_first_failure,792,7,8,4,0,no_action,no_action,5
3251.2472186649684,before_first_failure,790,8,8,4,0,no_action,no_action,6
3253.302296089998,before_first_failure,787,8,8,4,0,no_action,no_action,5
3255.3450773049844,before_first_failure,785,8,8,4,0,no_action,no_action,5
3257.3772380269947,before_first_failure,783,7,8,4,0,no_action,no_action,4
3259.4558762749657,before_first_failure,780,8,8,4,0,no_action,no_action,4
3261.5318554359837,before_first_failure,778,8,8,4,0,no_action,no_action,5
3263.6007197040017,before_first_failure,778,6,8,4,0,no_action,no_action,4
3265.6676715019858,before_first_failure,776,7,8,4,0,no_action,no_action,4
3267.701300961955,before_first_failure,776,8,8,4,0,no_action,no_action,8
3269.7427069609985,before_first_failure,777,8,8,4,0,no_action,no_action,7
3271.8233981159865,before_first_failure,775,8,8,4,0,no_action,no_action,6
3273.987276667962,before_first_failure,773,8,8,4,0,no_action,no_action,4
3276.040655070974,before_first_failure,774,8,8,4,0,no_action,no_action,6
3278.1860305879964,before_first_failure,774,7,8,4,0,no_action,no_action,5
3280.3164801019593,before_first_failure,774,8,8,4,0,no_action,no_action,6
3282.31898291799,before_first_failure,774,6,8,4,0,no_action,no_action,5
3284.3338408209966,before_first_failure,773,7,8,4,0,no_action,no_action,3
3286.5265269219526,before_first_failure,770,8,8,4,0,no_action,no_action,4
3288.980637428991,before_first_failure,771,7,8,4,0,no_action,no_action,7
3291.1080934850033,before_first_failure,770,8,8,4,0,no_action,no_action,4
3293.1294681399595,before_first_failure,770,7,8,4,0,no_action,no_action,4
3295.1588404249633,before_first_failure,770,7,8,4,0,no_action,no_action,6
3297.2409647500026,before_first_failure,768,7,8,4,0,no_action,no_action,5
3299.332490017987,before_first_failure,769,5,8,4,0,no_action,no_action,5
3301.3592165779555,before_first_failure,764,8,8,4,0,no_action,no_action,5
3303.4387938120053,before_first_failure,763,7,8,4,0,no_action,no_action,6
3305.490822091,before_first_failure,759,7,8,4,0,no_action,no_action,3
3307.573995101964,before_first_failure,758,7,8,4,0,no_action,no_action,4
3309.629669568967,before_first_failure,755,8,8,4,0,no_action,no_action,4
3311.733558031963,before_first_failure,753,7,8,4,0,no_action,no_action,6
3313.764127815957,before_first_failure,753,7,8,4,0,no_action,no_action,3
3336.8977960989578,before_first_failure,750,7,8,4,0,no_action,no_action,0
3339.026552768948,before_first_failure,768,7,8,4,0,no_action,no_action,1
3341.0735194559675,before_first_failure,765,8,8,4,0,no_action,no_action,6
3343.158437773993,before_first_failure,766,8,8,4,0,no_action,no_action,7
3345.397503126005,before_first_failure,768,5,8,4,0,no_action,no_action,4
3347.438676907972,before_first_failure,765,8,8,4,0,no_action,no_action,7
3349.499549302971,before_first_failure,766,7,8,4,0,no_action,no_action,6
3351.568987679959,before_first_failure,765,8,8,4,0,no_action,no_action,7
3353.585304649954,before_first_failure,763,8,8,4,0,no_action,no_action,5
3355.6801009509945,before_first_failure,762,8,8,4,0,no_action,no_action,7
3357.7034326699795,before_first_failure,762,7,8,4,0,no_action,no_action,6
3359.8537491069874,before_first_failure,761,8,8,4,0,no_action,no_action,6
3361.872368587996,before_first_failure,760,8,8,4,0,no_action,no_action,6
3363.8742456239997,before_first_failure,760,5,8,4,0,no_action,no_action,4
3365.971286485961,before_first_failure,758,7,8,4,0,no_action,no_action,5
3368.017146046972,before_first_failure,755,8,8,4,0,no_action,no_action,7
3370.0340534319985,before_first_failure,756,6,8,4,0,no_action,no_action,5
3372.112172805995,before_first_failure,756,7,8,4,0,no_action,no_action,4
3374.2429371899925,before_first_failure,754,8,8,4,0,no_action,no_action,6
3376.2629816549597,before_first_failure,753,8,8,4,0,no_action,no_action,6
3378.360231331957,before_first_failure,750,8,8,4,0,no_action,no_action,4
3380.451220246963,before_first_failure,749,8,8,4,0,no_action,no_action,7
3382.5267339010024,before_first_failure,750,7,8,4,0,no_action,no_action,6
3384.6098233319935,before_first_failure,748,7,8,4,0,no_action,no_action,6
3386.674043046951,before_first_failure,750,7,8,4,0,no_action,no_action,5
3388.864978993952,before_first_failure,747,7,8,4,0,no_action,no_action,4
3390.9023663679836,before_first_failure,747,5,8,4,0,no_action,no_action,1
3392.9201072029537,before_first_failure,743,8,8,4,0,no_action,no_action,2
3395.064123904973,before_first_failure,742,8,8,4,0,no_action,no_action,3
3397.1063319029636,before_first_failure,742,7,8,4,0,no_action,no_action,2
3399.1449063559994,before_first_failure,739,7,8,4,0,no_action,no_action,4
3401.256943669985,before_first_failure,739,8,8,4,0,no_action,no_action,5
3403.3052676439984,before_first_failure,740,5,8,4,0,no_action,no_action,4
3405.3389348369674,before_first_failure,739,5,8,4,0,no_action,no_action,3
3407.344198126986,before_first_failure,735,8,8,4,0,no_action,no_action,3
3409.4231096039875,before_first_failure,734,7,8,4,0,no_action,no_action,2
3411.8306996689644,before_first_failure,733,8,8,4,0,no_action,no_action,2
3413.9761530489777,before_first_failure,732,6,8,4,0,no_action,no_action,5
3416.0500240199617,before_first_failure,730,7,8,4,0,no_action,no_action,4
3418.177529348992,before_first_failure,729,7,8,4,0,no_action,no_action,2
3420.2513319189893,before_first_failure,725,8,8,4,0,no_action,no_action,6
3422.2574016579892,before_first_failure,726,6,8,4,0,no_action,no_action,6
3424.2764835729613,before_first_failure,726,7,8,4,0,no_action,no_action,3
3426.326139130979,before_first_failure,725,7,8,4,0,no_action,no_action,4
3428.78186800197,before_first_failure,724,8,8,4,0,no_action,no_action,6
3430.9312955869827,before_first_failure,722,7,8,4,0,no_action,no_action,5
3456.508897324966,before_first_failure,736,4,8,4,0,no_action,no_action,0
3458.6083577339887,before_first_failure,731,8,8,4,0,no_action,no_action,0
3461.3081680279574,before_first_failure,732,8,8,4,0,no_action,no_action,2
3463.3618436679826,before_first_failure,733,7,8,4,0,no_action,no_action,6
3465.6498597969767,before_first_failure,733,8,8,4,0,no_action,no_action,5
3467.729576127953,before_first_failure,732,7,8,4,0,no_action,no_action,6
3469.7626066389494,before_first_failure,732,7,8,4,0,no_action,no_action,6
3471.858990079956,before_first_failure,730,8,8,4,0,no_action,no_action,6
3473.961582822958,before_first_failure,733,5,8,4,0,no_action,no_action,4
3476.040147282998,before_first_failure,730,5,8,4,0,no_action,no_action,2
3478.137945755967,before_first_failure,728,6,8,4,0,no_action,no_action,3
3480.224695283978,before_first_failure,728,7,8,4,0,no_action,no_action,5
3482.2598989909748,before_first_failure,729,7,8,4,0,no_action,no_action,7
3484.499193799973,before_first_failure,729,7,8,4,0,no_action,no_action,6
3486.588972878002,before_first_failure,727,7,8,4,0,no_action,no_action,6
3488.7011709469953,before_first_failure,727,7,8,4,0,no_action,no_action,6
3490.7536507499753,before_first_failure,727,6,8,4,0,no_action,no_action,4
3492.8526631299756,before_first_failure,727,7,8,4,0,no_action,no_action,5
3495.0246935419855,before_first_failure,727,5,8,4,0,no_action,no_action,5
3497.1017942219623,before_first_failure,724,8,8,4,0,no_action,no_action,8
3499.17154048098,before_first_failure,726,5,8,4,0,no_action,no_action,4
3501.208323912986,before_first_failure,722,7,8,4,0,no_action,no_action,4
3503.2366722669685,before_first_failure,721,7,8,4,0,no_action,no_action,6
3505.25122755795,before_first_failure,720,8,8,4,0,no_action,no_action,6
3507.285399757966,before_first_failure,720,6,8,4,0,no_action,no_action,5
3509.367038844968,before_first_failure,721,4,8,4,0,no_action,no_action,3
3511.6678094379604,before_first_failure,720,7,8,4,0,no_action,no_action,1
3513.6971797839506,before_first_failure,720,6,8,4,0,no_action,no_action,4
3515.835885493958,before_first_failure,718,8,8,4,0,no_action,no_action,6
3517.9392564759473,before_first_failure,719,7,8,4,0,no_action,no_action,6
3519.9957620819914,before_first_failure,720,7,8,4,0,no_action,no_action,6
3522.061965553963,before_first_failure,717,8,8,4,0,no_action,no_action,4
3524.0806838249555,before_first_failure,718,8,8,4,0,no_action,no_action,6
3526.0878301839693,before_first_failure,716,8,8,4,0,no_action,no_action,4
3528.147925245983,before_first_failure,717,8,8,4,0,no_action,no_action,6
3530.232103102957,before_first_failure,717,7,8,4,0,no_action,no_action,5
3532.3117165159783,before_first_failure,716,7,8,4,0,no_action,no_action,5
3534.4470100599574,before_first_failure,713,7,8,4,0,no_action,no_action,2
3536.5393927939585,before_first_failure,712,6,8,4,0,no_action,no_action,6
3538.5578649769886,before_first_failure,711,6,8,4,0,no_action,no_action,4
3540.639496630989,before_first_failure,708,8,8,4,0,no_action,no_action,1
3542.770608722989,before_first_failure,707,7,8,4,0,no_action,no_action,4
3544.819405583956,before_first_failure,704,8,8,4,0,no_action,no_action,5
3546.876125408977,before_first_failure,702,7,8,4,0,no_action,no_action,3
3548.9030543239787,before_first_failure,700,7,8,4,0,no_action,no_action,5
3550.970063279965,before_first_failure,699,6,8,4,0,no_action,no_action,5
3574.8476553139626,before_first_failure,720,7,8,4,0,no_action,no_action,0
3576.9174344170024,before_first_failure,716,8,8,4,0,no_action,no_action,3
3579.0061454869574,before_first_failure,718,7,8,4,0,no_action,no_action,3
3581.107830698951,before_first_failure,718,7,8,4,0,no_action,no_action,5
3583.533767563,before_first_failure,716,8,8,4,0,no_action,no_action,5
3585.5826941429987,before_first_failure,713,8,8,4,0,no_action,no_action,5
3587.6225365209975,before_first_failure,713,8,8,4,0,no_action,no_action,7
3589.6614357929793,before_first_failure,712,8,8,4,0,no_action,no_action,5
3591.7303940699785,before_first_failure,711,7,8,4,0,no_action,no_action,5
3593.799225254974,before_first_failure,707,7,8,4,0,no_action,no_action,2
3595.9027313339757,before_first_failure,708,7,8,4,0,no_action,no_action,4
3597.9856325839646,before_first_failure,707,4,8,4,0,no_action,no_action,2
3600.018625024997,before_first_failure,702,8,8,4,0,no_action,no_action,2
3602.1112151719863,before_first_failure,701,7,8,4,0,no_action,no_action,2
3604.187127813988,before_first_failure,701,6,8,4,0,no_action,no_action,3
3606.2552154379664,before_first_failure,700,7,8,4,0,no_action,no_action,5
3608.271958051948,before_first_failure,700,5,8,4,0,no_action,no_action,4
3610.290273148974,before_first_failure,698,8,8,4,0,no_action,no_action,7
3612.3044882539543,before_first_failure,701,8,8,4,0,no_action,no_action,5
3614.4017038709717,before_first_failure,699,8,8,4,0,no_action,no_action,5
3616.447791704966,before_first_failure,697,7,8,4,0,no_action,no_action,5
3618.5189481269917,before_first_failure,698,6,8,4,0,no_action,no_action,4
3620.5282938109594,before_first_failure,697,7,8,4,0,no_action,no_action,5
3622.548878693953,before_first_failure,694,8,8,4,0,no_action,no_action,6
3624.7246624109684,before_first_failure,694,8,8,4,0,no_action,no_action,7
3626.7713915389613,before_first_failure,693,8,8,4,0,no_action,no_action,7
3628.8138947129482,before_first_failure,693,7,8,4,0,no_action,no_action,5
3630.901331314002,before_first_failure,693,8,8,4,0,no_action,no_action,5
3632.99467639497,before_first_failure,694,8,8,4,0,no_action,no_action,4
3635.078301800997,before_first_failure,692,8,8,4,0,no_action,no_action,5
3637.0947973819566,before_first_failure,694,6,8,4,0,no_action,no_action,5
3639.1482789109577,before_first_failure,693,7,8,4,0,no_action,no_action,5
3641.2449406509986,before_first_failure,694,7,8,4,0,no_action,no_action,5
3643.2450696019805,before_first_failure,693,5,8,4,0,no_action,no_action,2
3645.283701712964,before_first_failure,688,8,8,4,0,no_action,no_action,5
3647.6719586479594,before_first_failure,692,8,8,4,0,no_action,no_action,4
3650.1378525180044,before_first_failure,695,8,8,4,0,no_action,no_action,3
3652.2404540199786,before_first_failure,697,7,8,4,0,no_action,no_action,5
3654.3092634539935,before_first_failure,698,6,8,4,0,no_action,no_action,5
3656.333069925953,before_first_failure,697,7,8,4,0,no_action,no_action,5
3658.594847277971,before_first_failure,697,6,8,4,0,no_action,no_action,3
3660.653372273955,before_first_failure,696,8,8,4,0,no_action,no_action,5
3662.6697404379956,before_first_failure,699,8,8,4,0,no_action,no_action,6
3664.6744519929634,before_first_failure,698,7,8,4,0,no_action,no_action,4
3666.7533634819556,before_first_failure,700,7,8,4,0,no_action,no_action,5
3668.7944392489735,before_first_failure,700,8,8,4,0,no_action,no_action,7
3670.8965742249857,before_first_failure,701,7,8,4,0,no_action,no_action,4
3672.978377346997,before_first_failure,699,8,8,4,0,no_action,no_action,4
3675.305407764972,before_first_failure,707,8,8,4,0,no_action,no_action,4
3701.746122222976,before_first_failure,722,8,8,4,0,no_action,no_action,0
3704.3378872589674,before_first_failure,725,3,8,4,0,no_action,no_action,0
3706.386628002976,before_first_failure,721,8,8,4,0,no_action,no_action,4
3708.453801031981,before_first_failure,720,7,8,4,0,no_action,no_action,2
3710.4987712949514,before_first_failure,720,6,8,4,0,no_action,no_action,3
3712.5603871030034,before_first_failure,718,8,8,4,0,no_action,no_action,3
3714.590843010985,before_first_failure,717,8,8,4,0,no_action,no_action,4
3716.6627252479666,before_first_failure,719,6,8,4,0,no_action,no_action,5
3718.707643155998,before_first_failure,720,7,8,4,0,no_action,no_action,3
3720.7548436379875,before_first_failure,717,8,8,4,0,no_action,no_action,4
3722.862621654989,before_first_failure,718,7,8,4,0,no_action,no_action,6
3724.949246727978,before_first_failure,718,7,8,4,0,no_action,no_action,6
3727.0525179349934,before_first_failure,719,5,8,4,0,no_action,no_action,4
3729.091161463002,before_first_failure,717,7,8,4,0,no_action,no_action,5
3731.0953155449824,before_first_failure,714,8,8,4,0,no_action,no_action,3
3733.142220588983,before_first_failure,713,6,8,4,0,no_action,no_action,3
3735.162527638953,before_first_failure,713,6,8,4,0,no_action,no_action,2
3737.282474812004,before_first_failure,710,8,8,4,0,no_action,no_action,5
3739.4074609319796,before_first_failure,711,7,8,4,0,no_action,no_action,7
3741.4461024499615,before_first_failure,708,7,8,4,0,no_action,no_action,5
3743.5255758519634,before_first_failure,707,6,8,4,0,no_action,no_action,5
3745.556361374969,before_first_failure,706,7,8,4,0,no_action,no_action,7
3747.8022815449513,before_first_failure,705,6,8,4,0,no_action,no_action,4
3749.8858161319513,before_first_failure,703,8,8,4,0,no_action,no_action,8
3751.9568650279543,before_first_failure,704,5,8,4,0,no_action,no_action,4
3753.9839980349643,before_first_failure,701,8,8,4,0,no_action,no_action,4
3756.0711330579943,before_first_failure,701,7,8,4,0,no_action,no_action,6
3758.0837732189684,before_first_failure,700,8,8,4,0,no_action,no_action,5
3760.117710159975,before_first_failure,698,7,8,4,0,no_action,no_action,4
3762.1305930169765,before_first_failure,697,8,8,4,0,no_action,no_action,4
3764.1989690409973,before_first_failure,695,8,8,4,0,no_action,no_action,5
3766.2974056169624,before_first_failure,700,7,8,4,0,no_action,no_action,7
3768.3115146579803,before_first_failure,698,6,8,4,0,no_action,no_action,5
3770.476908494951,before_first_failure,698,7,8,4,0,no_action,no_action,3
3772.5478819459677,before_first_failure,697,8,8,4,0,no_action,no_action,6
3774.591329029994,before_first_failure,697,8,8,4,0,no_action,no_action,2
3776.664917624963,before_first_failure,695,7,8,4,0,no_action,no_action,5
3778.7750975519884,before_first_failure,696,8,8,4,0,no_action,no_action,8
3780.8211667339783,before_first_failure,694,7,8,4,0,no_action,no_action,4
3783.1117521929555,before_first_failure,692,7,8,4,0,no_action,no_action,3
3785.1138851859723,before_first_failure,695,7,8,4,0,no_action,no_action,3
3787.201308766962,before_first_failure,695,8,8,4,0,no_action,no_action,6
3789.265125254984,before_first_failure,695,7,8,4,0,no_action,no_action,5
3791.2729015589575,before_first_failure,691,7,8,4,0,no_action,no_action,5
3793.3879224649863,before_first_failure,691,7,8,4,0,no_action,no_action,6
3795.4074405169813,before_first_failure,689,6,8,4,0,no_action,no_action,2
3797.447012888966,before_first_failure,687,7,8,4,0,no_action,no_action,4
3823.8248880979954,before_first_failure,710,8,8,4,0,no_action,no_action,0
3826.325312077999,before_first_failure,706,8,8,4,0,no_action,no_action,2
3828.379367046,before_first_failure,706,8,8,4,0,no_action,no_action,8
3830.3816262710025,before_first_failure,706,7,8,4,0,no_action,no_action,7
3832.395077313995,before_first_failure,704,8,8,4,0,no_action,no_action,3
3834.448370652972,before_first_failure,704,8,8,4,0,no_action,no_action,5
3836.514080796973,before_first_failure,705,7,8,4,0,no_action,no_action,5
3838.6194162489846,before_first_failure,703,8,8,4,0,no_action,no_action,5
3840.729789192963,before_first_failure,704,7,8,4,0,no_action,no_action,5
3842.739099900995,before_first_failure,703,8,8,4,0,no_action,no_action,5
3844.7882442440023,before_first_failure,703,8,8,4,0,no_action,no_action,2
3846.8862304739887,before_first_failure,701,7,8,4,0,no_action,no_action,4
3849.0312977889553,before_first_failure,702,8,8,4,0,no_action,no_action,5
3851.084720735962,before_first_failure,703,6,8,4,0,no_action,no_action,4
3853.172294955002,before_first_failure,703,6,8,4,0,no_action,no_action,3
3855.1982326969737,before_first_failure,702,7,8,4,0,no_action,no_action,4
3857.2891179449507,before_first_failure,701,6,8,4,0,no_action,no_action,6
3859.3333839379484,before_first_failure,704,7,8,4,0,no_action,no_action,4
3861.4260649619973,before_first_failure,706,7,8,4,0,no_action,no_action,6
3863.622988379968,before_first_failure,709,7,8,4,0,no_action,no_action,6
3865.639260187978,before_first_failure,709,7,8,4,0,no_action,no_action,5
3867.656182595005,before_first_failure,708,8,8,4,0,no_action,no_action,5
3869.676413749985,before_first_failure,707,7,8,4,0,no_action,no_action,5
3871.679193450953,before_first_failure,707,8,8,4,0,no_action,no_action,6
3873.769211189996,before_first_failure,704,8,8,4,0,no_action,no_action,4
3875.853460794955,before_first_failure,705,7,8,4,0,no_action,no_action,6
3877.881918991974,before_first_failure,703,8,8,4,0,no_action,no_action,4
3880.0060363739613,before_first_failure,702,8,8,4,0,no_action,no_action,6
3882.3651354289614,before_first_failure,700,7,8,4,0,no_action,no_action,3
3884.9018449519644,before_first_failure,703,6,8,4,0,no_action,no_action,4
3886.9407879589708,before_first_failure,700,8,8,4,0,no_action,no_action,6
3889.4329399800044,before_first_failure,702,4,8,4,0,no_action,no_action,2
3891.4511457659537,before_first_failure,700,7,8,4,0,no_action,no_action,5
3893.5160286009777,before_first_failure,696,8,8,4,0,no_action,no_action,1
3895.570526886964,before_first_failure,697,7,8,4,0,no_action,no_action,5
3897.5744362889673,before_first_failure,695,7,8,4,0,no_action,no_action,5
3899.5835217599524,before_first_failure,696,7,8,4,0,no_action,no_action,5
3901.6586065269657,before_first_failure,693,7,8,4,0,no_action,no_action,4
3903.6813271779683,before_first_failure,692,5,8,4,0,no_action,no_action,4
3905.751724173955,before_first_failure,691,7,8,4,0,no_action,no_action,4
3907.855677235988,before_first_failure,688,8,8,4,0,no_action,no_action,7
3909.8979697829927,before_first_failure,688,8,8,4,0,no_action,no_action,7
3911.9070187389734,before_first_failure,685,7,8,4,0,no_action,no_action,2
3914.011043466977,before_first_failure,683,8,8,4,0,no_action,no_action,2
3916.2409466489917,before_first_failure,682,8,8,4,0,no_action,no_action,4
3918.3138418049784,before_first_failure,681,7,8,4,0,no_action,no_action,4
3920.3595594819635,before_first_failure,683,8,8,4,0,no_action,no_action,6
3922.6970402739826,before_first_failure,682,7,8,4,0,no_action,no_action,5
3924.7801684479928,before_first_failure,682,6,8,4,0,no_action,no_action,4
3926.807153421978,before_first_failure,678,8,8,4,0,no_action,no_action,6
3954.440138259961,before_first_failure,678,8,8,4,0,no_action,no_action,0
3956.6264559519477,before_first_failure,694,8,8,4,0,no_action,no_action,1
3958.684849843965,before_first_failure,702,8,8,4,0,no_action,no_action,2
3960.751577122952,before_first_failure,703,8,8,4,0,no_action,no_action,4
3962.945910152979,before_first_failure,702,7,8,4,0,no_action,no_action,5
3965.037239997997,before_first_failure,702,6,8,4,0,no_action,no_action,4
3967.1114112179494,before_first_failure,698,8,8,4,0,no_action,no_action,6
3969.1760037139757,before_first_failure,698,5,8,4,0,no_action,no_action,4
3971.2659223579685,before_first_failure,695,5,8,4,0,no_action,no_action,5
3973.2867341300007,before_first_failure,691,7,8,4,0,no_action,no_action,3
3975.371975520975,before_first_failure,690,6,8,4,0,no_action,no_action,3
3977.426185088989,before_first_failure,685,8,8,4,0,no_action,no_action,3
3979.657857731974,before_first_failure,685,7,8,4,0,no_action,no_action,2
3981.742277158948,before_first_failure,681,8,8,4,0,no_action,no_action,5
3983.7536206399673,before_first_failure,682,5,8,4,0,no_action,no_action,4
3985.7580095379963,before_first_failure,679,7,8,4,0,no_action,no_action,3
3987.8957918569795,before_first_failure,675,8,8,4,0,no_action,no_action,4
3989.968247423996,before_first_failure,675,5,8,4,0,no_action,no_action,3
3992.077830508002,before_first_failure,671,6,8,4,0,no_action,no_action,3
3994.251095621963,before_first_failure,669,7,8,4,0,no_action,no_action,4
3996.5104903689935,before_first_failure,665,7,8,4,0,no_action,no_action,4
3998.6572051859694,before_first_failure,664,6,8,4,0,no_action,no_action,3
4000.705887580989,before_first_failure,661,7,8,4,0,no_action,no_action,3
4002.745913096005,before_first_failure,660,7,8,4,0,no_action,no_action,3
4004.83291646,before_first_failure,659,3,8,4,0,no_action,no_action,2
4006.836219026998,before_first_failure,654,8,8,4,0,no_action,no_action,5
4008.919090305979,before_first_failure,652,8,8,4,0,no_action,no_action,5
4010.945383403974,before_first_failure,652,6,8,4,0,no_action,no_action,1
4012.9478192499955,before_first_failure,652,2,8,4,0,no_action,no_action,0
4014.950349310995,before_first_failure,645,8,8,4,0,no_action,no_action,1
4016.9648587139673,before_first_failure,641,8,8,4,0,no_action,no_action,2
4019.044179497985,before_first_failure,641,8,8,4,0,no_action,no_action,4
4021.0454936419846,before_first_failure,639,6,8,4,0,no_action,no_action,3
4023.2435175379505,before_first_failure,637,6,8,4,0,no_action,no_action,3
4025.3406715899473,before_first_failure,634,6,8,4,0,no_action,no_action,3
4027.4257568389876,before_first_failure,632,7,8,4,0,no_action,no_action,4
4029.5038239519927,before_first_failure,631,7,8,4,0,no_action,no_action,7
4031.6636979029863,before_first_failure,629,8,8,4,0,no_action,no_action,5
4033.768400586967,before_first_failure,628,7,8,4,0,no_action,no_action,4
4035.926667603955,before_first_failure,627,7,8,4,0,no_action,no_action,4
4038.0010786319617,before_first_failure,624,8,8,4,0,no_action,no_action,6
4040.0540481669595,before_first_failure,624,7,8,4,0,no_action,no_action,6
4042.172282940999,before_first_failure,621,8,8,4,0,no_action,no_action,6
4044.2380723649985,before_first_failure,621,6,8,4,0,no_action,no_action,5
4046.238322036981,before_first_failure,619,7,8,4,0,no_action,no_action,5
4048.2528445609496,before_first_failure,618,7,8,4,0,no_action,no_action,5
4050.2596065139514,before_first_failure,617,7,8,4,0,no_action,no_action,6
4052.5498447080026,before_first_failure,615,5,8,4,0,no_action,no_action,4
4054.747491271002,before_first_failure,612,8,8,4,0,no_action,no_action,2
4056.894053620985,before_first_failure,613,5,8,4,0,no_action,no_action,4
4058.957425712957,before_first_failure,610,7,8,4,0,no_action,no_action,6
4060.984134562954,before_first_failure,609,7,8,4,0,no_action,no_action,5
4063.002251984959,before_first_failure,608,8,8,4,0,no_action,no_action,4
4065.167547694,before_first_failure,605,6,8,4,0,no_action,no_action,4
4067.5442569319857,before_first_failure,605,6,8,4,0,no_action,no_action,4
4092.55741344695,before_first_failure,603,7,8,4,0,no_action,no_action,1
4094.562269774964,before_first_failure,598,8,8,4,0,no_action,no_action,3
4096.610778369999,before_first_failure,598,7,8,4,0,no_action,no_action,6
4098.804542796977,before_first_failure,597,5,8,4,0,no_action,no_action,4
4101.061708970985,before_first_failure,594,7,8,4,0,no_action,no_action,5
4103.2875855899765,before_first_failure,593,6,8,4,0,no_action,no_action,4
4105.43865469296,before_first_failure,591,8,8,4,0,no_action,no_action,3
4107.513112462999,before_first_failure,591,6,8,4,0,no_action,no_action,6
4109.906898422982,before_first_failure,589,8,8,4,0,no_action,no_action,4
4111.958990254963,before_first_failure,586,7,8,4,0,no_action,no_action,4
4114.041232372983,before_first_failure,585,7,8,4,0,no_action,no_action,5
4116.048130020965,before_first_failure,584,5,8,4,0,no_action,no_action,4
4118.617873248004,before_first_failure,581,7,8,4,0,no_action,no_action,6
4120.647002843965,before_first_failure,580,4,8,4,0,no_action,no_action,3
4122.652143583982,before_first_failure,576,7,8,4,0,no_action,no_action,2
4124.660270308959,before_first_failure,576,6,8,4,0,no_action,no_action,4
4126.803876272985,before_first_failure,572,8,8,4,0,no_action,no_action,6
4128.884618996992,before_first_failure,571,7,8,4,0,no_action,no_action,5
4130.946555225004,before_first_failure,568,8,8,4,0,no_action,no_action,6
4133.165275278967,before_first_failure,568,8,8,4,0,no_action,no_action,2
4135.242301218968,before_first_failure,564,8,8,4,0,no_action,no_action,5
4137.282247459982,before_first_failure,564,7,8,4,0,no_action,no_action,5
4139.410920874972,before_first_failure,561,6,8,4,0,no_action,no_action,3
4141.521754608955,before_first_failure,557,7,8,4,0,no_action,no_action,4
4143.760752149974,before_first_failure,555,7,8,4,0,no_action,no_action,2
4145.830037641979,before_first_failure,555,7,8,4,0,no_action,no_action,4
4147.975506599003,before_first_failure,553,5,8,4,0,no_action,no_action,3
4150.132865600986,before_first_failure,549,7,8,4,0,no_action,no_action,1
4152.179064895958,before_first_failure,549,7,8,4,0,no_action,no_action,2
4154.267596916005,before_first_failure,547,8,8,4,0,no_action,no_action,4
4156.652591926977,before_first_failure,545,5,8,4,0,no_action,no_action,2
4158.732000674005,before_first_failure,542,8,8,4,0,no_action,no_action,7
4161.601745308959,before_first_failure,542,8,8,4,0,no_action,no_action,6
4163.645378365996,before_first_failure,539,8,8,4,0,no_action,no_action,5
4165.713612260995,before_first_failure,538,7,8,4,0,no_action,no_action,5
4167.8985554599785,before_first_failure,537,7,8,4,0,no_action,no_action,2
4169.905396451999,before_first_failure,537,4,8,4,0,no_action,no_action,2
4172.0856890599825,before_first_failure,532,8,8,4,0,no_action,no_action,6
4174.486984360963,before_first_failure,532,8,8,4,0,no_action,no_action,3
4176.530800089997,before_first_failure,527,8,8,4,0,no_action,no_action,4
4178.596733985003,before_first_failure,527,7,8,4,0,no_action,no_action,5
4180.59709696495,before_first_failure,526,6,8,4,0,no_action,no_action,4
4182.609566791973,before_first_failure,524,7,8,4,0,no_action,no_action,5
4184.639080556983,before_first_failure,523,7,8,4,0,no_action,no_action,6
4186.733301241999,before_first_failure,522,8,8,4,0,no_action,no_action,6
4188.803107265965,before_first_failure,521,7,8,4,0,no_action,no_action,2
4190.896645773959,before_first_failure,518,7,8,4,0,no_action,no_action,1
4192.981632359966,before_first_failure,518,5,8,4,0,no_action,no_action,2
4195.009297686978,before_first_failure,515,8,8,4,0,no_action,no_action,5
4197.050534819951,before_first_failure,515,7,8,4,0,no_action,no_action,5
4199.131174632988,before_first_failure,513,7,8,4,0,no_action,no_action,5
4201.194500821002,before_first_failure,512,6,8,4,0,no_action,no_action,3
4203.233517334971,before_first_failure,508,8,8,4,0,no_action,no_action,4
4205.254896093975,before_first_failure,508,7,8,4,0,no_action,no_action,3
4207.337776975997,before_first_failure,505,8,8,4,0,no_action,no_action,4
4209.410106347001,before_first_failure,503,8,8,4,0,no_action,no_action,6
4211.425883600954,before_first_failure,501,8,8,4,0,no_action,no_action,6
4213.582556374953,before_first_failure,501,7,8,4,0,no_action,no_action,5
4215.641450552968,before_first_failure,499,6,8,4,0,no_action,no_action,3
4240.65931482095,before_first_failure,497,8,8,4,0,no_action,no_action,0
4243.217692826991,before_first_failure,497,3,8,4,0,no_action,no_action,0
4245.299033942982,before_first_failure,492,8,8,4,0,no_action,no_action,3
4248.21092105197,before_first_failure,492,8,8,4,0,no_action,no_action,3
4250.225574885961,before_first_failure,492,8,8,4,0,no_action,no_action,8
4252.256070930976,before_first_failure,492,7,8,4,0,no_action,no_action,6
4254.30407256895,before_first_failure,490,6,8,4,0,no_action,no_action,3
4256.399493113975,before_first_failure,488,7,8,4,0,no_action,no_action,4
4258.589627978974,before_first_failure,487,6,8,4,0,no_action,no_action,3
4260.704095425957,before_first_failure,484,8,8,4,0,no_action,no_action,4
4262.774918327981,before_first_failure,484,7,8,4,0,no_action,no_action,5
4264.819148182985,before_first_failure,483,7,8,4,0,no_action,no_action,4
4266.826432414993,before_first_failure,482,6,8,4,0,no_action,no_action,4
4268.890116469993,before_first_failure,480,7,8,4,0,no_action,no_action,4
4271.1920769599965,before_first_failure,479,7,8,4,0,no_action,no_action,4
4273.634636595962,before_first_failure,477,8,8,4,0,no_action,no_action,3
4275.6908422019915,before_first_failure,477,6,8,4,0,no_action,no_action,5
4277.761140919989,before_first_failure,474,8,8,4,0,no_action,no_action,7
4279.852374604961,before_first_failure,473,8,8,4,0,no_action,no_action,7
4281.965352498984,before_first_failure,473,8,8,4,0,no_action,no_action,6
4284.036129959975,before_first_failure,469,8,8,4,0,no_action,no_action,4
4286.331362270983,before_first_failure,469,8,8,4,0,no_action,no_action,1
4288.362522501964,before_first_failure,465,8,8,4,0,no_action,no_action,5
4290.632904334983,before_first_failure,465,8,8,4,0,no_action,no_action,5
4292.789200736966,before_first_failure,463,7,8,4,0,no_action,no_action,5
4295.081716756977,before_first_failure,462,8,8,4,0,no_action,no_action,5
4297.172925974999,before_first_failure,458,7,8,4,0,no_action,no_action,3
4299.718945370987,before_first_failure,458,7,8,4,0,no_action,no_action,0
4301.853228328982,before_first_failure,453,8,8,4,0,no_action,no_action,2
4304.013360528974,before_first_failure,453,8,8,4,0,no_action,no_action,4
4306.061529254948,before_first_failure,453,8,8,4,0,no_action,no_action,8
4308.491963800974,before_first_failure,453,8,8,4,0,no_action,no_action,6
4310.546534011955,before_first_failure,450,6,8,4,0,no_action,no_action,4
4312.5811209839885,before_first_failure,448,8,8,4,0,no_action,no_action,4
4314.644173924986,before_first_failure,445,7,8,4,0,no_action,no_action,6
4316.952221615997,before_first_failure,444,8,8,4,0,no_action,no_action,6
4319.035286951985,before_first_failure,443,7,8,4,0,no_action,no_action,6
4321.245454687974,before_first_failure,443,7,8,4,0,no_action,no_action,3
4323.265604857996,before_first_failure,437,8,8,4,0,no_action,no_action,3
4325.33635427797,before_first_failure,437,8,8,4,0,no_action,no_action,3
4327.432466530998,before_first_failure,434,7,8,4,0,no_action,no_action,4
4329.9636068909895,before_first_failure,432,8,8,4,0,no_action,no_action,5
4332.051946516964,before_first_failure,431,8,8,4,0,no_action,no_action,7
4334.321315479989,before_first_failure,431,8,8,4,0,no_action,no_action,5
4336.429839234974,before_first_failure,426,8,8,4,0,no_action,no_action,4
4338.571139303967,before_first_failure,426,8,8,4,0,no_action,no_action,2
4340.626743878995,before_first_failure,422,8,8,4,0,no_action,no_action,3
4342.653672663961,before_first_failure,422,8,8,4,0,no_action,no_action,7
4344.658363369992,before_first_failure,422,8,8,4,0,no_action,no_action,8
4346.75656941795,before_first_failure,422,8,8,4,0,no_action,no_action,8
4348.857259027951,before_first_failure,422,3,8,4,0,no_action,no_action,1
4350.975728740974,before_first_failure,415,7,8,4,0,no_action,no_action,4
4353.004686208966,before_first_failure,414,7,8,4,0,no_action,no_action,4
4355.11241200997,before_first_failure,413,8,8,4,0,no_action,no_action,4
4357.179138974985,before_first_failure,412,7,8,4,0,no_action,no_action,6
4359.311624007998,before_first_failure,411,8,8,4,0,no_action,no_action,6
4361.416701868002,before_first_failure,409,7,8,4,0,no_action,no_action,4
4363.477916052972,before_first_failure,408,8,8,4,0,no_action,no_action,4
4365.57881957799,before_first_failure,406,7,8,4,0,no_action,no_action,6
4367.98858398397,before_first_failure,405,8,8,4,0,no_action,no_action,4
4370.05279596895,before_first_failure,403,8,8,4,0,no_action,no_action,6
4372.110820220958,before_first_failure,403,6,8,4,0,no_action,no_action,5
4374.195721744967,before_first_failure,401,7,8,4,0,no_action,no_action,6
4402.2094610849745,before_first_failure,400,7,8,4,0,no_action,no_action,0
4404.252005900955,before_first_failure,393,8,8,4,0,no_action,no_action,1
4406.499086525,before_first_failure,393,8,8,4,0,no_action,no_action,4
4408.536941092985,before_first_failure,392,7,8,4,0,no_action,no_action,6
4410.721637530951,before_first_failure,391,8,8,4,0,no_action,no_action,6
4412.810903421952,before_first_failure,391,7,8,4,0,no_action,no_action,6
4414.9188830489875,before_first_failure,386,8,8,4,0,no_action,no_action,3
4417.004545917967,before_first_failure,386,7,8,4,0,no_action,no_action,3
4419.203395035001,before_first_failure,384,8,8,4,0,no_action,no_action,5
4421.289645459969,before_first_failure,383,7,8,4,0,no_action,no_action,5
4423.349949677999,before_first_failure,382,7,8,4,0,no_action,no_action,6
4425.3906001749565,before_first_failure,381,7,8,4,0,no_action,no_action,6
4427.747880629962,before_first_failure,379,7,8,4,0,no_action,no_action,3
4430.039541018952,before_first_failure,376,8,8,4,0,no_action,no_action,4
4432.136069526954,before_first_failure,375,8,8,4,0,no_action,no_action,5
4434.197383220948,before_first_failure,374,6,8,4,0,no_action,no_action,5
4436.230617287976,before_first_failure,372,8,8,4,0,no_action,no_action,4
4438.242129424994,before_first_failure,372,6,8,4,0,no_action,no_action,3
4440.26986233698,before_first_failure,370,7,8,4,0,no_action,no_action,5
4442.304630014987,before_first_failure,369,8,8,4,0,no_action,no_action,6
4444.497615027998,before_first_failure,368,7,8,4,0,no_action,no_action,5
4447.087044896965,before_first_failure,367,7,8,4,0,no_action,no_action,5
4449.141787918983,before_first_failure,364,7,8,4,0,no_action,no_action,5
4451.824694965966,before_first_failure,363,7,8,4,0,no_action,no_action,3
4453.935867778957,before_first_failure,360,7,8,4,0,no_action,no_action,4
4456.051411852997,before_first_failure,359,8,8,4,0,no_action,no_action,4
4458.076762377983,before_first_failure,357,8,8,4,0,no_action,no_action,6
4460.129453493981,before_first_failure,357,8,8,4,0,no_action,no_action,7
4462.16422306298,before_first_failure,356,8,8,4,0,no_action,no_action,6
4464.203402027953,before_first_failure,356,5,8,4,0,no_action,no_action,3
4466.382781587949,before_first_failure,353,5,8,4,0,no_action,no_action,1
4468.93672713096,before_first_failure,350,8,8,4,0,no_action,no_action,5
4471.018251751957,before_first_failure,350,7,8,4,0,no_action,no_action,5
4473.0367622489575,before_first_failure,348,6,8,4,0,no_action,no_action,4
4475.062258271966,before_first_failure,346,8,8,4,0,no_action,no_action,7
4477.509226098948,before_first_failure,346,7,8,4,0,no_action,no_action,6
4479.534051505965,before_first_failure,344,8,8,4,0,no_action,no_action,5
4481.5577168709715,before_first_failure,342,7,8,4,0,no_action,no_action,6
4483.676965525956,before_first_failure,341,7,8,4,0,no_action,no_action,4
4485.92280729796,before_first_failure,339,8,8,4,0,no_action,no_action,4
4487.991742489976,before_first_failure,337,7,8,4,0,no_action,no_action,5
4490.704130568949,before_first_failure,336,8,8,4,0,no_action,no_action,4
4492.766007167986,before_first_failure,334,8,8,4,0,no_action,no_action,7
4495.199256290973,before_first_failure,334,7,8,4,0,no_action,no_action,5
4497.288562727976,before_first_failure,332,7,8,4,0,no_action,no_action,3
4499.313690392999,before_first_failure,328,7,8,4,0,no_action,no_action,3
4501.427711289958,before_first_failure,327,7,8,4,0,no_action,no_action,6
4503.691495673964,before_first_failure,327,7,8,4,0,no_action,no_action,7
4505.739245481964,before_first_failure,326,7,8,4,0,no_action,no_action,5
4507.884668178973,before_first_failure,325,8,8,4,0,no_action,no_action,2
4509.9593928259565,before_first_failure,320,7,8,4,0,no_action,no_action,4
4512.310794099991,before_first_failure,319,8,8,4,0,no_action,no_action,4
4514.319248413958,before_first_failure,319,8,8,4,0,no_action,no_action,7
4516.330605528958,before_first_failure,319,8,8,4,0,no_action,no_action,3
4518.354679087002,before_first_failure,315,7,8,4,0,no_action,no_action,3
4520.451561920985,before_first_failure,315,6,8,4,0,no_action,no_action,4
4522.514988954004,before_first_failure,312,7,8,4,0,no_action,no_action,4
4524.606380513986,before_first_failure,311,7,8,4,0,no_action,no_action,4
4526.697311949974,before_first_failure,309,8,8,4,0,no_action,no_action,6
4528.9672850579955,before_first_failure,308,7,8,4,0,no_action,no_action,5
4531.14850921795,before_first_failure,308,6,8,4,0,no_action,no_action,3
4533.156938356988,before_first_failure,304,7,8,4,0,no_action,no_action,5
4535.289123322,before_first_failure,303,8,8,4,0,no_action,no_action,5
4537.322780394985,before_first_failure,301,8,8,4,0,no_action,no_action,6
4539.422367350955,before_first_failure,299,8,8,4,0,no_action,no_action,6
4541.678494344,before_first_failure,299,8,8,4,0,no_action,no_action,5
4543.70895783999,before_first_failure,296,6,8,4,0,no_action,no_action,4
4546.061607062991,before_first_failure,294,8,8,4,0,no_action,no_action,3
4571.948113667953,before_first_failure,290,8,8,4,0,no_action,no_action,1
4574.368895007996,after_first_failure_before_quarantine,283,8,8,4,0,no_action,no_action,1
4576.470410968002,after_first_failure_before_quarantine,284,7,8,4,0,no_action,no_action,2
4578.518229129957,after_first_failure_before_quarantine,281,5,8,4,0,no_action,no_action,1
4580.740831472969,after_first_failure_before_quarantine,278,8,8,4,0,no_action,no_action,1
4582.757859681966,after_first_failure_before_quarantine,276,7,8,4,0,no_action,no_action,1
4585.062761801004,after_first_failure_before_quarantine,276,6,8,4,0,no_action,no_action,2
4587.1216442989535,after_first_failure_before_quarantine,273,7,8,4,0,no_action,no_action,3
4589.5519922099775,after_first_failure_before_quarantine,272,8,8,4,0,no_action,no_action,4
4591.647553682968,after_first_failure_before_quarantine,270,8,8,4,0,no_action,no_action,6
4594.2399419769645,after_first_failure_before_quarantine,270,8,8,4,0,no_action,no_action,5
4596.262156065961,after_first_failure_before_quarantine,267,8,8,4,0,no_action,no_action,4
4598.561009765952,after_first_failure_before_quarantine,267,7,8,4,0,no_action,no_action,2
4600.600362836965,after_first_failure_before_quarantine,262,8,8,4,0,no_action,no_action,5
4602.67337978899,after_first_failure_before_quarantine,262,8,8,4,0,no_action,no_action,6
4604.818736839981,after_first_failure_before_quarantine,261,8,8,4,0,no_action,no_action,7
4606.972450481961,after_first_failure_before_quarantine,261,7,8,4,0,no_action,no_action,5
4609.024544055981,after_first_failure_before_quarantine,259,7,8,4,0,no_action,no_action,5
4611.080452784954,after_first_failure_before_quarantine,258,6,8,4,0,no_action,no_action,3
4613.134344090999,after_first_failure_before_quarantine,255,8,8,4,0,no_action,no_action,3
4615.3518475460005,after_first_failure_before_quarantine,255,7,8,4,0,no_action,no_action,3
4617.456402893993,after_first_failure_before_quarantine,252,8,8,4,0,no_action,no_action,6
4619.471019221994,after_first_failure_before_quarantine,252,8,8,4,0,no_action,no_action,5
4621.503876459959,after_first_failure_before_quarantine,249,8,8,4,0,no_action,no_action,6
4623.66349335399,after_first_failure_before_quarantine,249,8,8,4,0,no_action,no_action,5
4625.760300092981,after_first_failure_before_quarantine,245,7,8,4,0,no_action,no_action,5
4628.232641713985,after_first_failure_before_quarantine,244,8,8,4,0,no_action,no_action,5
4630.242597206961,after_first_failure_before_quarantine,243,7,8,4,0,no_action,no_action,5
4632.335637341952,after_first_failure_before_quarantine,241,8,8,4,0,no_action,no_action,4
4634.361927368969,after_first_failure_before_quarantine,241,5,8,4,0,no_action,no_action,4
4636.485898857005,after_first_failure_before_quarantine,238,6,8,4,0,no_action,no_action,1
4638.616421444982,after_first_failure_before_quarantine,235,8,8,4,0,no_action,no_action,5
4640.872058007983,after_first_failure_before_quarantine,232,8,8,4,0,no_action,no_action,4
4642.905500611989,after_first_failure_before_quarantine,232,6,8,4,0,no_action,no_action,4
4644.944097935979,after_first_failure_before_quarantine,230,5,8,4,0,no_action,no_action,3
4647.267737343966,after_first_failure_before_quarantine,227,8,8,4,0,no_action,no_action,0
4649.4891737199505,after_first_failure_before_quarantine,222,7,8,4,0,no_action,no_action,1
4651.672650966968,after_first_failure_before_quarantine,221,8,8,4,0,no_action,no_action,0
4653.761936872965,after_first_failure_before_quarantine,219,6,8,4,0,no_action,no_action,2
4656.139580265968,after_first_failure_before_quarantine,217,8,8,4,0,no_action,no_action,3
4658.163100742968,after_first_failure_before_quarantine,216,8,8,4,0,no_action,no_action,5
4660.265256657964,after_first_failure_before_quarantine,216,8,8,4,0,no_action,no_action,6
4662.302900119976,after_first_failure_before_quarantine,212,8,8,4,0,no_action,no_action,4
4664.317667594994,after_first_failure_before_quarantine,212,8,8,4,0,no_action,no_action,3
4666.356234717998,after_first_failure_before_quarantine,212,6,8,4,0,no_action,no_action,5
4668.439332813956,after_first_failure_before_quarantine,210,7,8,4,0,no_action,no_action,5
4670.499764076958,after_first_failure_before_quarantine,208,6,8,4,0,no_action,no_action,4
4672.612441445002,after_first_failure_before_quarantine,205,8,8,4,0,no_action,no_action,5
4674.673745874956,after_first_failure_before_quarantine,205,7,8,4,0,no_action,no_action,5
4676.836052987957,after_first_failure_before_quarantine,202,8,8,4,0,no_action,no_action,5
4679.463744484994,after_first_failure_before_quarantine,202,8,8,4,0,no_action,no_action,1
4681.474041079986,after_first_failure_before_quarantine,199,6,8,4,0,no_action,no_action,2
4683.577555111959,after_first_failure_before_quarantine,198,6,8,4,0,no_action,no_action,1
4685.771651539952,after_first_failure_before_quarantine,195,6,8,4,0,no_action,no_action,1
4687.823168160976,after_first_failure_before_quarantine,193,8,8,4,0,no_action,no_action,1
4689.849235048983,after_first_failure_before_quarantine,193,5,8,4,0,no_action,no_action,3
4692.057055380952,after_first_failure_before_quarantine,190,8,8,4,0,no_action,no_action,6
4694.058280467987,after_first_failure_before_quarantine,187,8,8,4,0,no_action,no_action,3
4696.061318581982,after_first_failure_before_quarantine,186,8,8,4,0,no_action,no_action,4
4698.09759941895,after_first_failure_before_quarantine,186,7,8,4,0,no_action,no_action,5
4700.099460935977,after_first_failure_before_quarantine,185,8,8,4,0,no_action,no_action,5
4702.2142648180015,after_first_failure_before_quarantine,184,7,8,4,0,no_action,no_action,5
4704.249310393003,after_first_failure_before_quarantine,183,7,8,4,0,no_action,no_action,6
4706.289495048986,after_first_failure_before_quarantine,182,8,8,4,0,no_action,no_action,6
4733.35674358398,after_first_failure_before_quarantine,182,7,8,4,0,no_action,no_action,1
4735.424473763967,after_first_failure_before_quarantine,181,2,8,4,0,no_action,no_action,1
4737.44927506597,after_first_failure_before_quarantine,175,8,8,4,0,no_action,no_action,8
4739.516070090001,after_first_failure_before_quarantine,175,8,8,4,0,no_action,no_action,8
4741.853501211968,after_first_failure_before_quarantine,174,8,8,4,0,no_action,no_action,6
4743.940735159966,after_first_failure_before_quarantine,171,7,8,4,0,no_action,no_action,3
4746.241417789948,after_first_failure_before_quarantine,171,6,8,4,0,no_action,no_action,1
4748.3479511659825,after_first_failure_before_quarantine,166,8,8,4,0,no_action,no_action,3
4750.8399251269875,after_first_failure_before_quarantine,166,8,8,4,0,no_action,no_action,4
4752.9378293529735,after_first_failure_before_quarantine,163,8,8,4,0,no_action,no_action,5
4754.989183897967,after_first_failure_before_quarantine,163,6,8,4,0,no_action,no_action,4
4757.007667237951,after_first_failure_before_quarantine,159,7,8,4,0,no_action,no_action,4
4759.514377091953,after_first_failure_before_quarantine,158,8,8,4,0,no_action,no_action,6
4761.58165623399,after_first_failure_before_quarantine,158,7,8,4,0,no_action,no_action,5
4763.617279808968,after_first_failure_before_quarantine,157,6,8,4,0,no_action,no_action,5
4765.653733590967,after_first_failure_before_quarantine,155,7,8,4,0,no_action,no_action,4
4767.894112134003,after_first_failure_before_quarantine,153,7,8,4,0,no_action,no_action,4
4770.292883121001,after_first_failure_before_quarantine,152,7,8,4,0,no_action,no_action,3
4772.375622475985,after_first_failure_before_quarantine,149,8,8,4,0,no_action,no_action,6
4774.922650962952,after_first_failure_before_quarantine,149,8,8,4,0,no_action,no_action,5
4776.9362515499815,after_first_failure_before_quarantine,146,7,8,4,0,no_action,no_action,4
4778.940580437949,after_first_failure_before_quarantine,145,8,8,4,0,no_action,no_action,5
4780.98363650596,after_first_failure_before_quarantine,144,7,8,4,0,no_action,no_action,4
4783.069828310981,after_first_failure_before_quarantine,142,7,8,4,0,no_action,no_action,3
4785.169785003003,after_first_failure_before_quarantine,141,7,8,4,0,no_action,no_action,6
4787.244060785975,after_first_failure_before_quarantine,141,6,8,4,0,no_action,no_action,4
4789.315561599971,after_first_failure_before_quarantine,139,7,8,4,0,no_action,no_action,4
4791.35096397897,after_first_failure_before_quarantine,139,6,8,4,0,no_action,no_action,4
4793.396883056965,after_first_failure_before_quarantine,135,7,8,4,0,no_action,no_action,4
4795.509011649003,after_first_failure_before_quarantine,134,8,8,4,0,no_action,no_action,6
4797.588870514999,after_first_failure_before_quarantine,132,8,8,4,0,no_action,no_action,6
4800.116290020989,after_first_failure_before_quarantine,132,7,8,4,0,no_action,no_action,7
4802.195255166967,after_first_failure_before_quarantine,131,5,8,4,0,no_action,no_action,5
4804.433788780996,after_first_failure_before_quarantine,128,6,8,4,0,no_action,no_action,4
4806.615360157972,after_first_failure_before_quarantine,126,8,8,4,0,no_action,no_action,5
4808.693187106983,after_first_failure_before_quarantine,126,7,8,4,0,no_action,no_action,5
4810.764090901997,after_first_failure_before_quarantine,124,7,8,4,0,no_action,no_action,5
4812.797869418981,after_first_failure_before_quarantine,123,7,8,4,0,no_action,no_action,4
4814.82821383595,after_first_failure_before_quarantine,121,8,8,4,0,no_action,no_action,6
4816.8834749859525,after_first_failure_before_quarantine,121,6,8,4,0,no_action,no_action,5
4819.0101556329755,after_first_failure_before_quarantine,119,6,8,4,0,no_action,no_action,5
4821.092366175959,after_first_failure_before_quarantine,117,8,8,4,0,no_action,no_action,5
4823.195530989964,after_first_failure_before_quarantine,117,6,8,4,0,no_action,no_action,5
4825.6691206370015,after_first_failure_before_quarantine,115,8,8,4,0,no_action,no_action,2
4827.674027332978,after_first_failure_before_quarantine,111,8,8,4,0,no_action,no_action,2
4829.700713992002,after_first_failure_before_quarantine,110,8,8,4,0,no_action,no_action,6
4831.709248605999,after_first_failure_before_quarantine,107,6,8,4,0,no_action,no_action,3
4833.758034852974,after_first_failure_before_quarantine,105,5,8,4,0,no_action,no_action,4
4836.061316398962,after_first_failure_before_quarantine,101,7,8,4,0,no_action,no_action,3
4838.128666400968,after_first_failure_before_quarantine,101,7,8,4,0,no_action,no_action,3
4840.193892357987,after_first_failure_before_quarantine,98,7,8,4,0,no_action,no_action,3
4842.597235279973,after_first_failure_before_quarantine,97,8,8,4,0,no_action,no_action,3
4844.61276142695,after_first_failure_before_quarantine,97,6,8,4,0,no_action,no_action,4
4846.63533209695,after_first_failure_before_quarantine,95,7,8,4,0,no_action,no_action,7
4849.155509200005,after_first_failure_before_quarantine,95,7,8,4,0,no_action,no_action,6
4851.261277879996,after_first_failure_before_quarantine,91,8,8,4,0,no_action,no_action,5
4853.405797441956,after_first_failure_before_quarantine,91,8,8,4,0,no_action,no_action,6
4855.493331767968,after_first_failure_before_quarantine,88,7,8,4,0,no_action,no_action,4
4857.562962262949,after_first_failure_before_quarantine,87,7,8,4,0,no_action,no_action,7
4859.680046616995,after_first_failure_before_quarantine,86,7,8,4,0,no_action,no_action,7
4861.749401577981,after_first_failure_before_quarantine,84,7,8,4,0,no_action,no_action,5
4863.761014963966,after_first_failure_before_quarantine,83,7,8,4,0,no_action,no_action,5
4865.826788232953,after_first_failure_before_quarantine,82,6,8,4,0,no_action,no_action,4
4868.102097661991,after_first_failure_before_quarantine,80,8,8,4,0,no_action,no_action,3
4870.115073833964,after_first_failure_before_quarantine,76,8,8,4,0,no_action,no_action,5
4872.527227120998,after_first_failure_before_quarantine,76,8,8,4,0,no_action,no_action,2
4874.610670713999,after_first_failure_before_quarantine,71,8,8,4,0,no_action,no_action,6
4877.028857023979,after_first_failure_before_quarantine,71,8,8,4,0,no_action,no_action,3
4879.03573091398,after_first_failure_before_quarantine,66,7,8,4,0,no_action,no_action,2
4881.2613339239615,after_first_failure_before_quarantine,65,7,8,4,0,no_action,no_action,1
4883.361842760991,after_first_failure_before_quarantine,61,8,8,4,0,no_action,no_action,4
4885.8115232859855,after_first_failure_before_quarantine,61,8,8,4,0,no_action,no_action,4
4887.881754493981,after_first_failure_before_quarantine,58,8,8,4,0,no_action,no_action,6
4922.410995827988,after_first_failure_before_quarantine,58,8,8,4,0,no_action,no_action,0
4924.433954185981,after_first_failure_before_quarantine,58,1,8,4,0,no_action,no_action,0
4926.510579717986,after_first_failure_before_quarantine,51,8,8,4,0,no_action,no_action,3
4928.527751552989,after_first_failure_before_quarantine,51,8,8,4,0,no_action,no_action,5
4930.861517994956,after_first_failure_before_quarantine,50,6,8,4,0,no_action,no_action,5
4932.964479088958,after_first_failure_before_quarantine,48,7,8,4,0,no_action,no_action,5
4935.022617063951,after_first_failure_before_quarantine,47,7,8,4,0,no_action,no_action,7
4937.022823602951,after_first_failure_before_quarantine,46,7,8,4,0,no_action,no_action,5
4939.249268218991,after_first_failure_before_quarantine,44,7,8,4,0,no_action,no_action,3
4941.313451348979,after_first_failure_before_quarantine,43,6,8,4,0,no_action,no_action,4
4943.350858029968,after_first_failure_before_quarantine,40,7,8,4,0,no_action,no_action,4
4945.453660284984,after_first_failure_before_quarantine,38,7,8,4,0,no_action,no_action,7
4947.823836605996,after_first_failure_before_quarantine,37,7,8,4,0,no_action,no_action,7
4949.833737827954,after_first_failure_before_quarantine,35,7,8,4,0,no_action,no_action,4
4952.066227543983,after_first_failure_before_quarantine,33,7,8,4,0,no_action,no_action,4
4954.093276055995,after_first_failure_before_quarantine,32,7,8,4,0,no_action,no_action,5
4956.281694731966,after_first_failure_before_quarantine,30,8,8,4,0,no_action,no_action,2
4958.307729384978,after_first_failure_before_quarantine,26,8,8,4,0,no_action,no_action,3
4960.426213770988,after_first_failure_before_quarantine,26,6,8,4,0,no_action,no_action,3
4963.028761391994,after_first_failure_before_quarantine,24,5,8,4,0,no_action,no_action,0
4965.248578753963,after_first_failure_before_quarantine,24,4,8,4,0,no_action,no_action,0
4967.269750439969,after_first_failure_before_quarantine,19,8,8,4,0,no_action,no_action,3
4969.368953928992,after_first_failure_before_quarantine,19,3,8,4,0,no_action,no_action,0
4971.418033102993,after_first_failure_before_quarantine,13,6,8,4,0,no_action,no_action,0
4974.040097654972,after_first_failure_before_quarantine,11,8,8,4,0,no_action,no_action,1
4976.119947253959,after_first_failure_before_quarantine,7,8,8,4,0,no_action,no_action,3
4978.7887955339975,after_first_failure_before_quarantine,7,8,8,4,0,no_action,no_action,0
4980.855199657963,after_first_failure_before_quarantine,2,7,8,4,0,no_action,no_action,3
4983.021781237971,after_first_failure_before_quarantine,2,7,8,4,0,no_action,no_action,1
