request_id,instance_id,arrival_offset_s,terminal_offset_s,arrival_to_gate_s,gate_to_source_admission_s,source_to_native_dispatch_s,native_dispatch_to_last_token_s,last_token_to_controller_completion_s,controller_completion_to_terminal_s,recorded_e2e_s,outer_terminal_e2e_s
req_00000,ieee-activation-8411c4186c2c42b492909f7cff30a66f,0.0,33.82111020000593,28.861856800998794,0.0945170600025449,1.349681217005127,2.749326099001337,0.39111297400086187,0.3746160489972681,33.44643333600834,33.82111020000593
req_00001,ieee-activation-8411c4186c2c42b492909f7cff30a66f,11.471742630004883,31.56428902600601,17.39078720199177,0.10164978400280233,1.1176869519986212,1.3835274580051191,0.03988967399345711,0.059005326009355485,20.033528108979226,20.092546396001126
req_00002,ieee-activation-8411c4186c2c42b492909f7cff30a66f,13.65568733215332,32.66137370800425,15.206899782846449,0.10839772700273897,0.9540493249951396,2.6691146610100986,0.029710883987718262,0.03751399600878358,18.96816412784392,19.005686375850928
req_00003,ieee-activation-8411c4186c2c42b492909f7cff30a66f,22.05498504638672,34.03850531800708,6.807640015613288,0.10487964600906707,1.5045010049943812,3.553970755005139,0.005471764990943484,0.007057085007545538,11.976457340613706,11.983520271620364
req_00004,ieee-activation-8411c4186c2c42b492909f7cff30a66f,29.5308895111084,32.160636782995425,0.010227950886473991,0.24269389601249713,0.39374197099823505,1.9121611089940416,0.03518998900835868,0.035732355987420306,2.593915702891536,2.6297472718870267
req_00005,ieee-activation-8411c4186c2c42b492909f7cff30a66f,35.73003387451172,42.59388914900774,0.24841477948939428,0.1290857580024749,0.687507224996807,5.7177011750027305,0.03764064799179323,0.04350568901281804,6.820333412484615,6.863855274496018
req_00006,ieee-activation-8411c4186c2c42b492909f7cff30a66f,36.74264144897461,41.91604161800933,0.003527598033542745,0.1933558749879012,0.02812499800347723,4.716468715996598,0.14292587801173795,0.08899710400146432,5.084373296034755,5.173400169034721
req_00007,ieee-activation-8411c4186c2c42b492909f7cff30a66f,36.954328536987305,44.314596134005114,0.0027337510109646246,1.1221245680062566,1.2292496619920712,4.309902211010922,0.6283344819967169,0.06792292300087865,7.292317056009779,7.36026759701781
req_00008,ieee-activation-8411c4186c2c42b492909f7cff30a66f,39.72064781188965,42.414966090000235,0.006165684113511816,0.21939326899882872,0.9134902840014547,1.4389954630023567,0.053433695997227915,0.06283988199720625,2.6314379971154267,2.694318278110586
req_00009,ieee-activation-8411c4186c2c42b492909f7cff30a66f,41.14181709289551,44.3138569080038,0.004042296102852561,0.7311497050104663,0.037332762993173674,2.2038947319961153,0.127917404010077,0.06770291499560699,3.104306283115875,3.172039815108292
req_00010,ieee-activation-8411c4186c2c42b492909f7cff30a66f,41.965728759765625,48.043839845006005,0.146670652233297,0.23726869700476527,0.8354390280001098,4.539064754993888,0.28096442300011404,0.038703530008206144,6.039376479224302,6.07811108524038
req_00011,ieee-activation-8411c4186c2c42b492909f7cff30a66f,42.57611274719238,48.043361087999074,0.015940614815917797,0.15935463999630883,0.031697521000751294,4.817939201995614,0.40325547399697825,0.03906088900112081,5.428154777808231,5.467248340806691
req_00012,ieee-activation-8411c4186c2c42b492909f7cff30a66f,46.957096099853516,53.66995047700766,0.0060952021449338645,0.28861814200354274,1.3744692019972717,4.97164741299639,0.03315609101264272,0.03886832699936349,6.673952913144603,6.7128543771541445
req_00013,ieee-activation-8411c4186c2c42b492909f7cff30a66f,49.466190338134766,52.742030538996914,0.004730473869130947,1.2085283969936427,0.056296002003364265,1.3734362800023519,0.4509972090017982,0.18185183899186086,3.093967678869376,3.2758402008621488
req_00014,ieee-activation-8411c4186c2c42b492909f7cff30a66f,49.614646911621094,57.52748856200196,0.5455645123875001,0.5762548359925859,0.0038443149969680235,5.2772616500005824,1.231330346010509,0.27858599099272396,7.634226275389665,7.912841650380869
req_00015,ieee-activation-8411c4186c2c42b492909f7cff30a66f,51.16436004638672,65.53261210699566,0.002769337617792189,0.3960176819964545,2.9151384949946078,9.277404005013523,0.4247629989986308,1.3521595419879304,13.016069843622972,14.368252060608938
req_00016,ieee-activation-8411c4186c2c42b492909f7cff30a66f,51.9827766418457,61.06064965800033,0.5759380191593664,0.35957000599591993,1.7763920260040322,6.181414904000121,0.13462805599556305,0.049930004999623634,9.027916199163883,9.077873016154626
req_00017,ieee-activation-8411c4186c2c42b492909f7cff30a66f,52.20269775390625,65.53319026700046,0.35611210209026467,0.4345442400081083,2.0003371499915374,9.179798043012852,1.2279649229894858,0.13173605500196572,13.198746768088313,13.330492513094214
req_00018,ieee-activation-8411c4186c2c42b492909f7cff30a66f,55.80733680725098,67.68018138200569,1.4376213297509821,0.5229296939942287,2.6604331830021692,5.985561694003991,0.2275632829987444,1.0387353910045931,10.834092845747364,11.872844574754708
req_00019,ieee-activation-8411c4186c2c42b492909f7cff30a66f,56.21897506713867,67.87532009300776,1.026055599868414,0.37263763199734967,0.11520415799168404,9.109773125004722,0.6181548540043877,0.41451965700252913,11.241817703878041,11.656345025869086
req_00020,ieee-activation-8411c4186c2c42b492909f7cff30a66f,57.74889373779297,70.56027473599534,0.01976814921363257,1.5154048879921902,0.0077182850072858855,9.132235244993353,2.0490414460073225,0.08721298498858232,12.724146493215812,12.811380998202367
req_00021,ieee-activation-8411c4186c2c42b492909f7cff30a66f,58.42191696166992,67.45849865800119,0.38724746032676194,1.3473192410019692,3.4359157910075737,2.692386719994829,0.12939775199629366,1.0443147320038406,7.992242790322052,9.036581696331268
req_00022,ieee-activation-8411c4186c2c42b492909f7cff30a66f,59.430419921875,70.56094909500098,0.003853083122521639,0.8854986640071729,1.526889899992966,7.422813937009778,1.2046304870018503,0.08684310199168976,11.043657553134835,11.130529173125979
req_00023,ieee-activation-8411c4186c2c42b492909f7cff30a66f,59.50416374206543,71.79441261400643,1.5568579759419663,4.468403582999599,0.006514754990348592,5.81095769800595,0.25697876600315794,0.19053609399998095,12.099686135945376,12.290248871941003
req_00024,ieee-activation-8411c4186c2c42b492909f7cff30a66f,64.50789070129395,70.55911735900736,1.0256169767089887,2.0365546510001877,0.302664372997242,1.6507375890068943,0.9501810429937905,0.08547202500631101,5.965716676713782,6.051226657713414
req_00025,ieee-activation-8411c4186c2c42b492909f7cff30a66f,64.72689056396484,73.9770845210005,0.8068048120330786,2.1450647200108506,0.19411006198788527,5.317954943006043,0.7522154360049171,0.03404398399288766,9.216135807044338,9.250193957035663
req_00026,ieee-activation-8411c4186c2c42b492909f7cff30a66f,66.56092262268066,76.1129148809996,0.8986861743178451,3.011565018008696,1.3488178760017036,4.279416548990412,0.006052128999726847,0.007454512000549585,9.544500842312118,9.551992258318933
req_00027,ieee-activation-8411c4186c2c42b492909f7cff30a66f,78.78977012634277,90.78966982800921,1.4498700546537293,1.2695005210116506,0.9908748939924408,7.833260407001944,0.2806337439978961,0.17576008100877516,11.824070750648389,11.999899701666436
req_00028,ieee-activation-8411c4186c2c42b492909f7cff30a66f,80.97244262695312,94.51708535999933,0.5310176720522577,0.990188636991661,2.918191921999096,7.912687482006731,0.7076748260005843,0.4848821939958725,13.059716277057305,13.544642733046203
req_00029,ieee-activation-8411c4186c2c42b492909f7cff30a66f,81.91861152648926,94.36485491700296,0.004253965511452407,2.5012649720010813,0.16105388400319498,8.739343991997885,0.31747865000215825,0.7228479269979289,11.723367218510248,12.4462433905137
req_00030,ieee-activation-8411c4186c2c42b492909f7cff30a66f,82.49741172790527,94.5160585380072,0.03778076409071218,4.790809569007251,2.023503624004661,4.271960453988868,0.4149484130030032,0.4796439860074315,11.538982333091553,12.018646810101927
req_00031,ieee-activation-8411c4186c2c42b492909f7cff30a66f,82.50599670410156,90.78815216600196,0.03680272989731748,2.368798515002709,2.478422528001829,1.8338087930023903,1.3841009329917142,0.18022196300444193,8.101908259894117,8.282155461900402
req_00032,ieee-activation-8411c4186c2c42b492909f7cff30a66f,82.70489311218262,95.81713195600605,0.0029829418199369684,2.303226716001518,2.691848356000264,7.0907085920043755,0.0168378389935242,1.006634399003815,12.105565314821433,13.112238843823434
req_00033,ieee-activation-942891bfbe6347b2a3a855d442302144,86.89625358581543,90.70793355100614,0.049375052185496315,0.6476392559998203,0.18365660500421654,1.3846861740021268,1.4321167059970321,0.11420617200201377,3.6974383291817503,3.811679965190706
req_00034,ieee-activation-942891bfbe6347b2a3a855d442302144,88.42910194396973,99.44392045300629,0.0036392400361364707,5.749258591997204,0.27788776099623647,4.807503482006723,0.07396717599476688,0.10256225800549146,10.91221990903432,11.014818509036559
req_00035,ieee-activation-59da24158a1045ee92d55d692e9c3b84,91.4163589477539,101.06806629200582,0.6077237262506969,2.0132068840030115,2.4864502839918714,4.264784715996939,0.21022082401032094,0.06932090999907814,9.582356538259774,9.651707344251918
req_00036,ieee-activation-8411c4186c2c42b492909f7cff30a66f,91.81278991699219,102.31927398900734,0.2114238030044362,2.0105523470119806,2.229554036995978,5.984078548004618,0.031102658991585486,0.039772678006556816,10.466696039002272,10.506484072015155
req_00037,ieee-activation-6c14ba67edf54cc9b80193ddbf12449f,92.57806968688965,99.12103617300454,0.007617816110723652,1.5329177950043231,0.264674746998935,4.663746459002141,0.006318245999864303,0.06769142299890518,6.475242141110357,6.542966486114892
req_00038,ieee-activation-8411c4186c2c42b492909f7cff30a66f,94.06947708129883,101.36040378399775,0.1032514967082534,1.4166689019912155,2.4696719760104315,2.9294588929915335,0.08195999699819367,0.28991543799929786,7.000956435702392,7.2909267026989255
req_00039,ieee-activation-6c14ba67edf54cc9b80193ddbf12449f,94.15937423706055,96.40940256300382,0.07407887894078158,0.658463251995272,0.8205114060110645,0.5252695300005144,0.05591921499581076,0.11578604399983305,2.134178592939861,2.2500283259432763
req_00040,ieee-activation-942891bfbe6347b2a3a855d442302144,94.49933433532715,96.43936677000602,0.008836906679789536,1.453825546996086,0.06679246999556199,0.23964990599779412,0.039049288010573946,0.13187831699906383,1.808136285690125,1.9400324346788693
req_00041,ieee-activation-8411c4186c2c42b492909f7cff30a66f,96.7655029296875,103.37325052199594,0.0039020923140924424,0.6569840349984588,3.5893280659947777,2.252578095009085,0.022937692992854863,0.08201761099917348,6.52567782830738,6.607747592308442
req_00042,ieee-activation-942891bfbe6347b2a3a855d442302144,97.63211059570312,103.18339230200218,0.004066197303473018,0.5367908439948224,0.007587849002447911,4.333561438994366,0.447618860998773,0.22165651600516867,5.329588300301111,5.551281706299051
req_00043,ieee-activation-942891bfbe6347b2a3a855d442302144,97.64574241638184,106.85906023300777,0.0023264016199391335,0.4616484629950719,0.30878405200201087,5.407588130008662,0.46517832299286965,2.5677924470073776,6.645491698611295,9.213317816625931
req_00044,ieee-activation-942891bfbe6347b2a3a855d442302144,99.35849571228027,106.86779582800227,0.0038585167203564197,1.7809803520067362,0.06936097699508537,4.527897708001547,0.1994485210016137,0.9277540409966605,6.581521086729481,7.509300115721999
req_00045,ieee-activation-6c14ba67edf54cc9b80193ddbf12449f,102.7290153503418,106.7141463989974,0.23241254765889607,0.5667349699942861,0.7693226180126658,1.2631872299971292,0.38129739499709103,0.772176287995535,3.2129289006552426,3.985131048655603
req_00046,ieee-activation-8411c4186c2c42b492909f7cff30a66f,103.23703193664551,108.99013441900024,0.05379654835269321,0.2964206190081313,0.004286493989638984,4.700273021007888,0.4474495489994297,0.2508762509969529,5.502201133349445,5.753102482354734
req_00047,ieee-activation-8411c4186c2c42b492909f7cff30a66f,105.09456062316895,113.88193642800616,0.8447150588326622,1.8713868769991677,0.011625389000982977,5.211173898002016,0.8381052799959434,0.010369302006438375,8.776932342836517,8.787375804837211
req_00048,ieee-activation-59da24158a1045ee92d55d692e9c3b84,105.40222549438477,112.1117304549989,0.5375024996174034,1.1636327159940265,0.9092026430007536,4.076464925004984,0.016519042997970246,0.006183133999002166,6.703309337608516,6.70950496061414
req_00049,ieee-activation-59da24158a1045ee92d55d692e9c3b84,107.69567489624023,112.05776278399571,0.11614995976560749,1.072116149996873,2.711083802001667,0.338595080000232,0.032490548997884616,0.09165234699321445,4.270404818758834,4.362087887755479
req_00050,ieee-activation-6c14ba67edf54cc9b80193ddbf12449f,108.31841087341309,111.90203782400931,0.4211307475925423,1.416236584991566,0.3739622480061371,1.3018322860007174,0.006025907001458108,0.06443917700380553,3.519164456592989,3.5836269505962264
req_00051,ieee-activation-942891bfbe6347b2a3a855d442302144,116.22749900817871,122.90388106300088,0.012414834825904109,3.706241392996162,0.06281019900052343,2.7692230230022687,0.035478275996865705,0.09021432900044601,6.586047277829493,6.67638205482217
req_00052,ieee-activation-942891bfbe6347b2a3a855d442302144,118.04009819030762,126.28112775299815,0.8906342106929515,1.2946713529963745,0.885002467999584,4.023313386001973,0.7919569160003448,0.35545122899929993,7.885500437696464,8.241029562690528
req_00053,ieee-activation-6c14ba67edf54cc9b80193ddbf12449f,119.00777816772461,126.12676360800106,0.0034353022783761844,1.039203769993037,0.9269566200091504,4.200011483990238,0.7477195400133496,0.20165872399229556,6.917265886280802,7.118985440276447
req_00054,ieee-activation-6c14ba67edf54cc9b80193ddbf12449f,119.05722618103027,126.12776010899688,0.6912547659740085,0.38996672299981583,1.996821049004211,1.6118654279998736,2.178279706989997,0.20234625499870162,6.868147914967267,7.070533927966608
req_00055,ieee-activation-8411c4186c2c42b492909f7cff30a66f,124.3764419555664,132.4159244330076,1.5419374704360962,0.7761998750065686,0.0050777479918906465,4.079796147998422,1.2779221800010419,0.35854905600717757,7.68090491143812,8.039482477441197
req_00056,ieee-activation-59da24158a1045ee92d55d692e9c3b84,125.73716163635254,132.26162530100555,0.18223338265670463,0.6465894959983416,0.07295993599109352,3.835803082998609,1.5813801030017203,0.20549766400654335,6.3189536496502114,6.5244636646530125
req_00057,ieee-activation-6c14ba67edf54cc9b80193ddbf12449f,126.96048164367676,137.64643225699547,0.013386515318416059,0.579849149013171,6.082891175989062,3.8807741260097828,0.030663229001220316,0.09838641798705794,10.587488654331537,10.68595061331871
req_00058,ieee-activation-6c14ba67edf54cc9b80193ddbf12449f,131.97052192687988,138.53342337699723,0.08221740211592987,0.7885304770024959,1.038829484998132,4.578184141006204,0.007443330003297888,0.06769661499129143,6.495171737115015,6.5629014501173515
req_00059,ieee-activation-59da24158a1045ee92d55d692e9c3b84,132.19280242919922,133.53525287100638,0.06979834880621638,0.4359078299894463,0.004004385002190247,0.7588667000090936,0.006304151000222191,0.06756902699999046,1.2748423208104214,1.3424504418071592
req_00060,ieee-activation-59da24158a1045ee92d55d692e9c3b84,132.7434253692627,136.76436197099974,0.01217959173663985,1.0054574320092797,0.03629673698742408,0.7205094430100871,2.043652302992996,0.20284109500062186,3.8180611807329115,4.0209366017370485
req_00061,ieee-activation-59da24158a1045ee92d55d692e9c3b84,134.56709671020508,139.56640692600922,1.993361050801468,0.47344242699909955,0.052040533992112614,2.2609654160041828,0.04714563800371252,0.17235515000356827,4.82681582980149,4.999310215804144
req_00062,ieee-activation-8411c4186c2c42b492909f7cff30a66f,135.45913696289062,137.78323302899662,1.10168707210687,0.962679731004755,0.004760076000820845,0.23978387399984058,0.005768057002569549,0.009417255991138518,2.3146266861149343,2.3240960661059944
req_00063,ieee-activation-59da24158a1045ee92d55d692e9c3b84,135.49909782409668,140.73209438999766,1.0629711689107353,0.8206905830011237,1.707294057996478,0.4052979459956987,0.11470523499883711,1.122037574998103,4.1109363669093,5.232996565900976
req_00064,ieee-activation-59da24158a1045ee92d55d692e9c3b84,136.29542541503906,145.39913107700704,0.2675809699576348,0.6457526360027259,1.6178526010044152,4.25692340999376,0.5453027580078924,1.7702932870015502,7.333380517957266,9.103705661967979
req_00065,ieee-activation-59da24158a1045ee92d55d692e9c3b84,136.63176155090332,138.15198348900594,0.003143023102893494,0.4525141699996311,0.07839428099396173,0.8441205999988597,0.032357058007619344,0.10969280599965714,1.4104790601122659,1.5202219381026225
req_00066,ieee-activation-942891bfbe6347b2a3a855d442302144,139.20482444763184,147.458957912997,0.004984343366231769,3.07727434100525,0.06440060399472713,3.3194160160055617,1.600228972005425,0.18782918898796197,8.066250052375835,8.254133465365157
req_00067,ieee-activation-942891bfbe6347b2a3a855d442302144,141.2625846862793,151.0155546570022,1.0227908157248748,2.9854746960045304,0.09199129999615252,5.4298644730006345,0.09359399900131393,0.12925468699540943,9.623672770729172,9.752969970722916
req_00068,ieee-activation-59da24158a1045ee92d55d692e9c3b84,142.13529014587402,155.8828176770039,0.21360740812087897,2.9944149130024016,6.230952426005388,3.872943326001405,0.13355028600199148,0.3020591719978256,13.445432233129395,13.74752753112989
req_00069,ieee-activation-8411c4186c2c42b492909f7cff30a66f,142.20207405090332,149.91423999999824,0.14851385609654244,4.775436244002776,0.03420271200593561,2.326937366000493,0.35937806699075736,0.06769770399841946,7.644444680088782,7.712165949094924
req_00070,ieee-activation-59da24158a1045ee92d55d692e9c3b84,142.63909721374512,148.14616968200426,0.0164609902567463,2.7572988379979506,2.0566451839986257,0.5054478380043292,0.06300187400483992,0.10821774399664719,5.398834594263462,5.507072468259139
req_00071,ieee-activation-942891bfbe6347b2a3a855d442302144,142.85222625732422,148.65460839800653,0.7768537606752943,4.015385064005386,0.007733081991318613,0.8404602580121718,0.042995282987249084,0.11895469301089179,5.683409823672264,5.802382140682312
req_00072,ieee-activation-59da24158a1045ee92d55d692e9c3b84,143.7058811187744,149.91258426300192,1.165765435231151,2.709762509999564,0.08969500799139496,1.9874489700014237,0.18681157600076403,0.0672196450032061,6.139382963228854,6.206703144227504
req_00073,ieee-activation-942891bfbe6347b2a3a855d442302144,143.8284091949463,151.01677431800636,1.5851235200534575,2.167023440997582,0.5257488850038499,1.816468328004703,0.20525289500073995,0.8887480539997341,6.299599747057073,7.188365123060066
req_00074,ieee-activation-942891bfbe6347b2a3a855d442302144,146.9826488494873,157.43826672699652,0.28780728751735296,0.3779152829956729,0.11717569599568378,5.246918999007903,2.5516322019975632,1.8741684099950362,8.581416400513262,10.455617877509212
req_00075,ieee-activation-942891bfbe6347b2a3a855d442302144,148.69214630126953,156.05037138600892,0.004542202732409351,1.3348664179939078,0.06563379900762811,4.255047689002822,1.2111291710025398,0.4870058050000807,6.871173397739767,7.358225084739388
req_00076,ieee-activation-59da24158a1045ee92d55d692e9c3b84,152.54563331604004,161.73168511100812,2.836758421966806,2.2452104830008466,0.13210716599132866,3.8897681450034725,0.007890647000749595,0.07431693200487643,9.111702442969545,9.18605179496808
req_00077,ieee-activation-8411c4186c2c42b492909f7cff30a66f,153.7236671447754,166.66200318399933,1.8408414292207453,4.781554266999592,0.010786652012029663,5.295168423996074,0.6825080980052007,0.3274771689902991,12.610826491232729,12.938336039223941
req_00078,ieee-activation-6c14ba67edf54cc9b80193ddbf12449f,154.5339069366455,166.8285379720037,1.0309635443554725,3.1937914779991843,2.8504024849971756,3.4288593840028625,1.2968633709970163,0.4937507730064681,11.8008602673508,12.29463103535818
req_00079,ieee-activation-8411c4186c2c42b492909f7cff30a66f,156.06327438354492,166.66334409800766,1.3109562204626855,3.8627562939946074,0.05573243300023023,4.384423462004634,0.6566820659936639,0.32951923900691327,10.27052985446062,10.600069714462734
req_00080,ieee-activation-942891bfbe6347b2a3a855d442302144,156.57357788085938,166.5647391280072,0.8011471121426439,3.768802324993885,0.466165516001638,4.035432919001323,0.6891004500066629,0.2305129250016762,9.760609488148475,9.99116124714783
req_00081,ieee-activation-6c14ba67edf54cc9b80193ddbf12449f,156.63916969299316,177.9613761090004,0.7360272650112165,5.1174760940048145,10.48137120899628,2.5426837129925843,0.8475492430006852,1.597098892001668,19.725081789001706,21.322206416007248
req_00082,ieee-activation-8411c4186c2c42b492909f7cff30a66f,159.19996070861816,166.26935154700186,1.1879799123853445,0.9062341419921722,0.027251911000348628,0.7350777530082269,0.6573430300049949,3.55550408999261,3.513860649385606,7.069390838383697
req_00083,ieee-activation-6c14ba67edf54cc9b80193ddbf12449f,161.6897373199463,178.25675104100083,0.04425780405290425,7.346767167997314,4.341059812999447,3.6585798490123125,0.7297633359994506,0.4465857509931084,16.12037253305607,16.567013721054536
req_00084,ieee-activation-59da24158a1045ee92d55d692e9c3b84,162.79844856262207,169.3450896430004,0.01133715438481886,4.323912817999371,0.06014109100215137,0.8706525969901122,0.7558430369972484,0.5247543830046197,6.0217819823737955,6.546641080378322
req_00085,ieee-activation-6c14ba67edf54cc9b80193ddbf12449f,162.99048042297363,177.95813934000034,1.1258668530354043,3.1652779659925727,7.008327364994329,1.089535490013077,0.9862703069957206,1.5923809359956067,13.375231387035456,14.96765891702671
req_00086,ieee-activation-6c14ba67edf54cc9b80193ddbf12449f,163.7103614807129,186.32764519899501,2.5758144922874635,0.8468316329963272,12.948510674003046,4.233273259000271,1.6334861729992554,0.3793674869957613,22.237886613278533,22.617283718282124
req_00087,ieee-activation-8411c4186c2c42b492909f7cff30a66f,165.94327354431152,173.07777040300425,0.3870444756903453,0.8624313330074074,0.005179984989808872,4.1210271540039685,1.450591176006128,0.3082227349950699,6.826245626696618,7.134496858692728
req_00088,ieee-activation-59da24158a1045ee92d55d692e9c3b84,167.7676658630371,176.59371611400275,0.004063151965965517,5.426796002997435,0.06362644900218584,0.4024046639970038,0.6793465980008477,2.2498133850021986,6.576185581958271,8.826050250965636
req_00089,ieee-activation-8411c4186c2c42b492909f7cff30a66f,169.29384231567383,182.85204816100304,3.4740226273279404,5.403310288005741,0.0053308829956222326,4.541455087004579,0.028256424993742257,0.10583053500158712,13.45229843132256,13.558205845329212
req_00090,ieee-activation-6c14ba67edf54cc9b80193ddbf12449f,169.31825065612793,186.3735011700046,3.450136421874049,5.640800242006662,0.13676819099055137,6.075001461998909,1.3281091430108063,0.42443505399569403,16.630784754874185,17.055250513876672
req_00091,ieee-activation-6c14ba67edf54cc9b80193ddbf12449f,169.87502670288086,186.439630820998,2.893643485120265,1.5148251450009411,3.819283146003727,8.063686562993098,0.07006300499779172,0.20310277400130872,16.361477286118316,16.56460411811713
req_00092,ieee-activation-59da24158a1045ee92d55d692e9c3b84,175.88122749328613,185.94605843600584,0.4803776177141117,1.7509855829994194,1.2139175580086885,3.612298435997218,0.10764809900138061,2.899603648998891,7.165197765716584,10.06483094271971
req_00093,ieee-activation-6c14ba67edf54cc9b80193ddbf12449f,176.94004440307617,186.98668888500833,0.07134600392600987,1.5578718519973336,0.009179808999761008,7.792388871996081,0.0696794410032453,0.5461785040097311,9.500430571919424,10.046644481932162
req_00094,ieee-activation-942891bfbe6347b2a3a855d442302144,178.7539882659912,187.30963477100886,0.5677027630154043,1.3912654909945559,1.7372168360016076,4.392014038996422,0.14503495499957353,0.3224124210100854,8.233210945007158,8.555646505017648
req_00095,ieee-activation-6c14ba67edf54cc9b80193ddbf12449f,179.15429306030273,186.37283791600203,0.16751600669522304,1.7535392420104472,0.0673477069940418,4.357663666000008,0.6262900830042781,0.24618815099529456,6.972338567706174,7.218544855699292
req_00096,ieee-activation-6c14ba67edf54cc9b80193ddbf12449f,179.23473167419434,191.5627178260038,0.0871362268080702,1.8261115770001197,6.637595969004906,2.9683090159960557,0.635547386991675,0.1732859760086285,12.154689899805817,12.327986151809455
req_00097,ieee-activation-6c14ba67edf54cc9b80193ddbf12449f,179.5450267791748,194.27402292299666,0.013861045823432505,4.484955366002396,2.893505162006477,5.973433202001615,0.03695882999454625,1.326282537993393,13.402693267824361,14.72899614382186
req_00098,ieee-activation-6c14ba67edf54cc9b80193ddbf12449f,180.3198184967041,191.57669683800486,0.8491539903043304,2.5828266629978316,0.2503307919978397,7.092658604000462,0.294302055001026,0.18760623699927237,11.069244819314918,11.256878341300762
req_00099,ieee-activation-942891bfbe6347b2a3a855d442302144,183.50789833068848,193.2845355830068,0.23181869331165217,3.1320903900050325,1.0464870129944757,5.016566277001402,0.03301035000185948,0.3166645290039014,9.459944675312727,9.776637252318324
req_00100,ieee-activation-942891bfbe6347b2a3a855d442302144,184.3366355895996,193.2836199500016,1.6111841654055752,0.6939170690020546,1.0555254569917452,5.189491641998757,0.06064565600536298,0.33622037099848967,8.610711865403573,8.946984360401984
req_00101,ieee-activation-59da24158a1045ee92d55d692e9c3b84,186.41309928894043,188.24008115299512,0.02710826306429226,0.8700951399951009,0.057940637998399325,0.7934689100075047,0.01080109499162063,0.06756781799776945,1.7593920960644027,1.8269818640546873
req_00102,ieee-activation-59da24158a1045ee92d55d692e9c3b84,189.2959384918213,194.72841580300883,0.003843198181129992,2.2994166529970244,0.41027765499893576,1.544148209010018,0.7217554959934205,0.45303610000701156,4.979406750178896,5.43247731118754
req_00103,ieee-activation-942891bfbe6347b2a3a855d442302144,189.31937980651855,196.24376504900283,0.0022550724825123325,2.3367806949972874,0.125796166001237,4.160125487003825,0.2035475519951433,0.09588027000427246,6.8284562774788355,6.924385242484277
req_00104,ieee-activation-59da24158a1045ee92d55d692e9c3b84,190.56820487976074,201.14022013200156,0.820472181236255,1.5401904550089967,3.4462584869907005,4.269936083001085,0.19233229500241578,0.30282575100136455,10.269147508239257,10.572015252240817
req_00105,ieee-activation-8411c4186c2c42b492909f7cff30a66f,190.65814018249512,201.25976788900152,0.7307123255013721,1.5525328150106361,1.843809143989347,4.817045992007479,1.234898790004081,0.42262863999349065,10.17898630851414,10.601627706506406
req_00106,ieee-activation-59da24158a1045ee92d55d692e9c3b84,191.12571716308594,201.13913900899934,0.2631927179172635,1.329137584005366,0.11695468699326739,5.823118240994518,2.17870355299965,0.3023150630033342,9.71109659090871,10.013421845913399
req_00107,ieee-activation-6c14ba67edf54cc9b80193ddbf12449f,192.511381149292,208.54639906699595,0.43083479470806196,1.902072954995674,10.18233673000941,2.973749337994377,0.1805410240049241,0.36548307599150576,15.66951101970335,16.035017917703954
req_00108,ieee-activation-8411c4186c2c42b492909f7cff30a66f,192.71302795410156,201.2603652060061,0.22928653290728107,1.96141767098743,0.03195572001277469,4.748377649986651,1.153683707001619,0.42261597100878134,8.124713673896622,8.547337251904537
req_00109,ieee-activation-942891bfbe6347b2a3a855d442302144,193.38458061218262,199.77459303900832,0.04301933581882622,1.1246946650062455,0.08335799298947677,1.5456427500030259,0.09968140300770756,3.493616280000424,2.896368450819864,6.390012426825706
req_00110,ieee-activation-8411c4186c2c42b492909f7cff30a66f,196.36709213256836,207.1701075410092,0.011325920437229797,4.953033051002421,1.771675977986888,1.7491649460134795,0.1784546229901025,2.139360890010721,8.663614557430265,10.803015408440842
req_00111,ieee-activation-942891bfbe6347b2a3a855d442302144,198.19569969177246,216.6229956390016,2.6418650682317093,1.8492773600009969,9.778893683993374,1.0194304820033722,2.3573864299978595,0.7804429230018286,17.646833145234268,18.42729594722914
req_00112,ieee-activation-59da24158a1045ee92d55d692e9c3b84,201.3278522491455,216.43750102000195,0.005491812858963385,5.848845688000438,1.5023097669909475,5.2593412960122805,2.1002257539948914,0.39343445299891755,14.7161980108649,15.109648770856438
req_00113,ieee-activation-59da24158a1045ee92d55d692e9c3b84,202.2170124053955,219.2473240649997,0.21656398160848767,5.6343950489972485,7.7041057419992285,1.348518269995111,1.824224800002412,0.3025038170017069,16.727780082597747,17.030311659604195
req_00114,ieee-activation-942891bfbe6347b2a3a855d442302144,204.40390968322754,229.39909244400042,0.6271270137804095,10.752057973993942,8.87563737599703,4.069931532998453,0.28593556499981787,0.3844932990032248,24.610665082771447,24.995182760772877
req_00115,ieee-activation-59da24158a1045ee92d55d692e9c3b84,205.14831733703613,216.43832059000852,0.003032769964192994,3.8998938349977834,0.08338731899857521,5.034067797008902,1.8746688329993049,0.39495269900362473,10.895011468965095,11.290003252972383
req_00116,ieee-activation-8411c4186c2c42b492909f7cff30a66f,205.33774948120117,211.9928142169956,0.0029251468076836318,3.8233639119862346,0.0068211000034352764,1.8122708510054508,0.9803324370004702,0.029351288991165347,6.625690437809681,6.65506473579444
req_00117,ieee-activation-942891bfbe6347b2a3a855d442302144,207.1317024230957,216.06769465199613,1.0480093949008733,1.253753355005756,0.0632313240057556,3.12189891700109,0.06732119999651331,3.3817780379904434,5.554185852903174,8.935992228900432
req_00118,ieee-activation-942891bfbe6347b2a3a855d442302144,213.2865753173828,229.30049274400517,2.556594477617182,3.521407113003079,0.18086527500418015,5.900500130999717,2.489773677996709,1.3647767520014895,14.649090061619063,16.013917426622356
req_00119,ieee-activation-942891bfbe6347b2a3a855d442302144,213.79425621032715,224.7082213780086,2.0491710126807448,3.703819703994668,0.00445844599744305,4.583204552996904,0.138574836004409,0.4347366160072852,10.47919139068108,10.913965167681454
req_00120,ieee-activation-59da24158a1045ee92d55d692e9c3b84,214.77379989624023,220.81078408700705,1.2707261437608395,3.4414744440000504,0.003917434005415998,1.2233642079954734,0.035462107000057586,0.062039854004979134,5.974915640763356,6.036984190766816
req_00121,ieee-activation-8411c4186c2c42b492909f7cff30a66f,214.84875106811523,233.7502753029985,1.1965250608918723,4.254084369997145,9.274185670001316,4.161069317997317,0.007466445997124538,0.008193369998480193,18.89330915689061,18.901524234883254
req_00122,ieee-activation-8411c4186c2c42b492909f7cff30a66f,215.08266258239746,229.54227225700743,0.9629262936068699,3.8290916599944467,0.2734648960031336,8.259264956999687,0.6075239600031637,0.5273379080026643,13.93225122061267,14.459609674609965
req_00123,ieee-activation-8411c4186c2c42b492909f7cff30a66f,215.74286270141602,229.5471154130064,0.30290077658719383,4.105588544000057,2.8419909259973792,3.616796461996273,2.3741522260097554,0.5628237769997213,13.241406198590994,13.80425271159038
req_00124,ieee-activation-942891bfbe6347b2a3a855d442302144,218.46892738342285,223.86685541800398,0.4762250955827767,1.1764810430031503,0.34442102498724125,3.1925967179995496,0.0890593830117723,0.11914476999663748,5.278763104593963,5.397928034581128
req_00125,ieee-activation-942891bfbe6347b2a3a855d442302144,219.64114379882812,229.30130195099628,0.0525940691732103,0.3162631080049323,0.28998014600074384,5.956554790987866,2.7281757480086526,0.31659028999274597,9.343543629176565,9.660158152168151
req_00126,ieee-activation-8411c4186c2c42b492909f7cff30a66f,220.090726852417,229.54254693700932,0.003462497581494972,0.8955722570099169,0.2925647499941988,7.3694992550008465,0.36338828000589274,0.5273330449999776,8.924423720585764,9.451820084592327
req_00127,ieee-activation-8411c4186c2c42b492909f7cff30a66f,220.31387901306152,229.54182892000244,0.03895899593771901,3.2401568589993985,1.2600466830044752,1.5389981219923357,2.5929588690050878,0.556830378001905,8.671092938937363,9.227949906940921
req_00128,ieee-activation-59da24158a1045ee92d55d692e9c3b84,222.2236156463623,224.347266191995,0.29812852763279807,0.7993978700105799,0.0642155859968625,0.47878350400424097,0.40749626999604516,0.07562878799217287,2.0479855636367574,2.1236505456326995
req_00129,ieee-activation-8411c4186c2c42b492909f7cff30a66f,222.2704792022705,233.06666850800684,0.2515820707340026,1.2146766840014607,1.4352946040016832,5.673372385994298,0.6017788559984183,1.619484705006471,9.176690186737687,10.796189305736334
req_00130,ieee-activation-942891bfbe6347b2a3a855d442302144,222.88463020324707,233.12741435400676,0.030875533760990947,0.5377151889988454,7.9272436469909735,0.9518593870016048,0.35237082600360736,0.4427195680036675,9.800035103762639,10.24278415075969
req_00131,ieee-activation-59da24158a1045ee92d55d692e9c3b84,225.68742179870605,232.96367481599736,3.323810511297779,0.7851293819985585,0.06373741799325217,0.36155420300201513,2.273102461011149,0.4689190419885563,6.807295349310152,7.27625301729131
req_00132,ieee-activation-6c14ba67edf54cc9b80193ddbf12449f,226.84194946289062,239.7214736390015,2.169429229106754,2.141932455007918,2.460073847993044,5.498317664008937,0.11869653398753144,0.49107444600667804,12.38844024509308,12.879524176110863
req_00133,ieee-activation-942891bfbe6347b2a3a855d442302144,228.30260467529297,239.64826736200484,0.7127796097047394,2.370492743997602,5.820011037008953,1.724516878995928,0.30097919900435954,0.4168832180002937,10.928763135700137,11.345662686711876
req_00134,ieee-activation-59da24158a1045ee92d55d692e9c3b84,231.2818832397461,235.1154849660088,1.230132849261281,1.0292576289939461,0.06284966999373864,0.9364887190022273,0.2965785150008742,0.27829434401064645,3.5552854512643535,3.833601726262714
req_00135,ieee-activation-942891bfbe6347b2a3a855d442302144,232.57397079467773,239.51726946199778,0.10880911131971516,0.8559216740104603,0.0043199179926887155,4.925281324001844,0.760956077996525,0.28801056199881714,6.655257326317951,6.94329866732005
req_00136,ieee-activation-6c14ba67edf54cc9b80193ddbf12449f,232.58273124694824,239.7242294040043,0.10023048205766827,2.0956915879942244,0.8343560009961948,2.2276899540011073,1.3891748000023654,0.49435533200448845,6.647117701053503,7.1414981570560485
req_00137,ieee-activation-59da24158a1045ee92d55d692e9c3b84,234.82303428649902,239.7148919260071,0.014837904498563148,0.8374040630005766,0.06193314700794872,1.9946502199891256,1.4977383590012323,0.4852939460106427,4.406524060497759,4.891857639508089
req_00138,ieee-activation-6c14ba67edf54cc9b80193ddbf12449f,236.50262641906738,244.60895407100907,0.004830357938772067,2.7307184189994587,3.1989483139914228,2.100398825001321,0.006904802008648403,0.06452693400206044,8.041749148949748,8.106327651941683
req_00139,ieee-activation-59da24158a1045ee92d55d692e9c3b84,236.9665298461914,240.5880609570013,0.15109906681755092,2.25594018198899,0.21696822300145868,0.739858896995429,0.01566899700264912,0.2419957450038055,3.3795107348123565,3.621531110809883
req_00140,ieee-activation-942891bfbe6347b2a3a855d442302144,237.7417697906494,245.52569308700913,1.488288286345778,1.778116895002313,1.0160970670112874,3.1666438929969445,0.0445462109928485,0.2902309440105455,7.4936714573414065,7.783923296359717
req_00141,ieee-activation-942891bfbe6347b2a3a855d442302144,237.93592071533203,250.42281703199842,1.2942623226699652,2.868682425993029,0.010205140002653934,8.170328872001846,0.03478905600786675,0.10862849999102764,12.378255541669205,12.486896316666389
req_00142,ieee-activation-942891bfbe6347b2a3a855d442302144,239.47871208190918,243.54219976300374,0.09315339909517206,2.464239061999251,0.8110317829996347,0.5525036439939868,0.037754242002847604,0.10480555100366473,3.9586632860882673,4.063487681094557
req_00143,ieee-activation-59da24158a1045ee92d55d692e9c3b84,243.48823165893555,249.03854806399613,0.05602834906312637,0.9108792159968289,0.06174506800016388,4.435683963005431,0.04880962800234556,0.037170180992688984,5.5131161150638945,5.550316405060585
req_00144,ieee-activation-942891bfbe6347b2a3a855d442302144,244.86235237121582,248.56675065400486,0.005031103792134672,0.8872081219888059,0.02631863900751341,2.363034563997644,0.17341953399591148,0.24938632000703365,3.4549709567945683,3.704398282789043
req_00145,ieee-activation-942891bfbe6347b2a3a855d442302144,245.9647445678711,254.8673600280017,0.004385566135169938,1.2311051540018525,2.203359589999309,4.384575781994499,0.5699691740010167,0.5092201939987717,8.393358770132181,8.902615460130619
req_00146,ieee-activation-942891bfbe6347b2a3a855d442302144,246.0609531402588,249.4363157350017,0.0039278387412196025,0.729033552997862,0.6125234520004597,1.5791376310080523,0.03455732799193356,0.41618279200338293,2.9591491177416174,3.37536259474291
req_00147,ieee-activation-942891bfbe6347b2a3a855d442302144,246.45587348937988,254.86844614800066,0.013651268629473634,0.8679731619922677,1.676816196006257,2.057121609992464,3.2356423339952016,0.5613680880051106,7.851185636623995,8.412572658620775
req_00148,ieee-activation-59da24158a1045ee92d55d692e9c3b84,246.6717872619629,254.66910640400602,0.0025663290434749797,1.9834428769972874,0.08269735499925446,2.6073036339948885,2.9589711950102355,0.362337751997984,7.63495821604738,7.997319142043125
req_00149,ieee-activation-8411c4186c2c42b492909f7cff30a66f,247.32789993286133,265.39812991200597,0.07007622314267792,1.5894901790015865,6.800072420999641,4.04209356699721,4.838200312005938,0.7302972769975895,17.33989716215001,18.070229979144642
req_00150,ieee-activation-59da24158a1045ee92d55d692e9c3b84,250.51037216186523,257.15032540600805,0.0692197671305621,4.510246923004161,0.004521188995568082,1.5542033900128445,0.40122185899235774,0.10054011600732338,6.539372957122396,6.639953244142816
req_00151,ieee-activation-942891bfbe6347b2a3a855d442302144,252.25437927246094,265.3968924070068,2.0536257235362427,0.9719184819987277,1.5971353930071928,2.9087423290038714,4.881760373988072,0.7293308330117725,12.413164540528669,13.14251313454588
req_00152,ieee-activation-59da24158a1045ee92d55d692e9c3b84,253.42925262451172,258.13339638100297,0.9291698224842548,0.9312471790035488,0.2328989430097863,2.4375011439988157,0.0058727649884531274,0.16745390300638974,4.53667411848437,4.7041437564912485
req_00153,ieee-activation-59da24158a1045ee92d55d692e9c3b84,255.26319694519043,265.33885129100236,0.018073992818244733,2.1118495459959377,0.5529494679940399,1.4576192969980184,5.264369636002812,0.6707924060028745,9.404842311821994,10.075654345811927
req_00154,ieee-activation-6c14ba67edf54cc9b80193ddbf12449f,259.50737380981445,271.8691073469963,5.159851147182053,1.488240949009196,0.05828428499808069,1.9644315829937113,3.2419611549994443,0.4489644179993775,11.912744185174233,12.361733537181863
req_00155,ieee-activation-59da24158a1045ee92d55d692e9c3b84,259.9721736907959,271.75282416000846,4.695155639201403,1.443607895009336,0.003863086996716447,2.018411381999613,3.2871938750031404,0.3324185910023516,11.448223718209192,11.78065046921256
req_00156,ieee-activation-59da24158a1045ee92d55d692e9c3b84,260.1486053466797,271.7510543140088,4.518770184324239,1.3382111559913028,0.1039492900017649,1.410732028001803,3.899470681004459,0.33131562800554093,11.271124238322955,11.60244896732911
req_00157,ieee-activation-8411c4186c2c42b492909f7cff30a66f,260.8475341796875,272.0333282770007,3.8256111443188274,1.1275514099979773,0.004719157004728913,3.9731314679956995,1.6491992369992658,0.6055816809966927,10.58019674231764,11.185794097313192
req_00158,ieee-activation-59da24158a1045ee92d55d692e9c3b84,261.81747817993164,271.75011027700384,2.8560740460670786,0.9365283439983614,1.1048746480082627,1.8520827839965932,2.8539365229953546,0.3291357520065503,9.603486220061313,9.9326320970722
req_00159,ieee-activation-8411c4186c2c42b492909f7cff30a66f,267.67123794555664,280.4313975679979,3.7493439354439033,3.1007386980054434,1.016252078989055,2.8810458810039563,1.9716913220036076,0.041087706995313056,12.719051739448332,12.760159622441279
req_00160,ieee-activation-59da24158a1045ee92d55d692e9c3b84,269.8283100128174,297.2287146620074,1.5984434931888245,2.836658954998711,19.131134526003734,1.4603431039868155,0.22340268800326157,2.1504218830086756,25.24996688318788,27.400404649190023
req_00161,ieee-activation-59da24158a1045ee92d55d692e9c3b84,269.9124298095703,280.790595243001,1.5144717524381122,3.1116599979868624,1.446911862003617,4.374597971996991,0.05285647000710014,0.3776673789980123,10.500489787445986,10.878165433430695
req_00162,ieee-activation-59da24158a1045ee92d55d692e9c3b84,270.5709743499756,288.7774212259974,0.856008015020052,3.269972294001491,6.00797696900554,4.149955414002761,3.661785869000596,0.26074831499136053,17.945691114029614,18.2064468760218
req_00163,ieee-activation-942891bfbe6347b2a3a855d442302144,271.83848571777344,283.27470832200197,0.1952949392289156,2.526036399998702,3.554715883001336,0.27616867699543945,2.013347967003938,2.870658738000202,8.565546738231205,11.436222604228533
req_00164,ieee-activation-6c14ba67edf54cc9b80193ddbf12449f,272.08520698547363,280.5077204840054,1.4011686215235386,1.42027756900643,0.06413035800505895,1.6399368359998334,2.72628375099157,1.17071636300534,7.251765033521224,8.422513498531771
req_00165,ieee-activation-59da24158a1045ee92d55d692e9c3b84,272.10047912597656,288.4182499190065,1.3860795810323907,1.7473562879895326,0.22106374400027562,5.423476516996743,2.3250925750035094,5.214702088007471,11.1030555950274,16.317770793029922
req_00166,ieee-activation-942891bfbe6347b2a3a855d442302144,272.17815017700195,283.2754508060025,1.308467684997595,1.7910397270024987,0.29058138400432654,1.3922790409997106,3.425273226996069,2.889659565000329,8.207632374993409,11.097300629000529
req_00167,ieee-activation-59da24158a1045ee92d55d692e9c3b84,273.03011894226074,280.74411045000306,0.45656249673629645,1.6741575630003354,0.29385855300643016,2.70270592799352,2.2310137110034702,0.35569325600226875,7.3582905007351656,7.713991507742321
req_00168,ieee-activation-59da24158a1045ee92d55d692e9c3b84,281.4365177154541,313.1224504980055,1.765784158546012,8.298686743000872,12.24847807000333,6.2595740190008655,1.7597038829990197,1.3537059090012917,30.33215403855138,31.68593278255139
req_00169,ieee-activation-59da24158a1045ee92d55d692e9c3b84,282.2147579193115,292.3728110820084,0.9893958996835863,7.148326195005211,0.08322425400547218,1.325999206994311,0.03766456400626339,0.5734430430020439,9.584578586684074,10.158053162696888
req_00170,ieee-activation-942891bfbe6347b2a3a855d442302144,284.54078102111816,297.571652861996,3.9210080978809856,4.03792256199813,0.06245106999995187,4.368567255005473,0.2904045239993138,0.3505183319939533,12.680333039883408,13.030871840877808
req_00171,ieee-activation-59da24158a1045ee92d55d692e9c3b84,285.0520935058594,304.2749291969958,3.464813102138578,6.761361744996975,0.43556512201030273,5.919280506001087,2.179261179000605,0.46255403698887676,18.760267138146446,19.222835691136424
req_00172,ieee-activation-6c14ba67edf54cc9b80193ddbf12449f,286.973237991333,304.4736565360072,1.5484711356693879,6.830049006995978,0.2912137730018003,4.888740684997174,3.280181989000994,0.661761955008842,16.8386428586673,17.500418544674176
req_00173,ieee-activation-59da24158a1045ee92d55d692e9c3b84,290.4762763977051,304.27648623300774,1.3205622922978364,5.026983581003151,0.08277387599810027,3.473811517993454,3.4317559610062744,0.46432260700385086,13.335839814302744,13.800209835302667
req_00174,ieee-activation-59da24158a1045ee92d55d692e9c3b84,295.2401714324951,304.27715957100736,0.007671170504181646,2.0340160180057865,0.9189627559971996,2.8809663930005627,2.729602261999389,0.4657695390051231,8.571163658503792,9.036988138512243
req_00175,ieee-activation-59da24158a1045ee92d55d692e9c3b84,295.4059715270996,338.076925854999,0.011051297900849022,1.8659304070024518,32.491180791999795,2.9390787960001035,3.720448801002931,1.64326423399325,41.02765940190875,42.67095432789938
req_00176,ieee-activation-942891bfbe6347b2a3a855d442302144,296.40642738342285,303.92243659100495,0.7244960065727355,0.381401831007679,0.06271540500165429,4.151269178997609,2.086297518995707,0.10982926700671669,7.406108372568269,7.516009207582101
req_00177,ieee-activation-942891bfbe6347b2a3a855d442302144,298.5875873565674,312.1508048639953,0.8810735834413208,4.678543018992059,0.2854229730000952,4.37639134300116,2.8980805260071065,0.4437060629861662,13.119487804448,13.563217507427908
req_00178,ieee-activation-8411c4186c2c42b492909f7cff30a66f,299.52796363830566,312.3719806379959,0.04453660068975296,5.11006210600317,0.0565289920050418,4.199372023998876,2.7688748319924343,0.6646424450009363,12.17935568667599,12.844016999690211
req_00179,ieee-activation-59da24158a1045ee92d55d692e9c3b84,299.8806915283203,356.88087706500664,3.80043882568134,1.1326566000061575,47.38795644399943,1.5438826199970208,2.1276356750022387,1.0076153720001457,55.99254049868614,57.00018553668633
req_00180,ieee-activation-59da24158a1045ee92d55d692e9c3b84,301.6162910461426,313.11902864500007,2.128846194857033,1.160170774004655,0.28990095599147025,2.415154526999686,4.09596096300811,1.4127041839965386,10.090012924862094,11.502737598857493
req_00181,ieee-activation-59da24158a1045ee92d55d692e9c3b84,303.91444206237793,372.0210688119987,0.011963954617385752,1.4669641890068306,59.313231955995434,3.101541100011673,1.4349452369933715,2.7779803129960783,65.3286236236163,68.10662674962077
req_00182,ieee-activation-59da24158a1045ee92d55d692e9c3b84,305.36476135253906,382.16006970799936,0.005046478458098136,6.409547256000224,60.08067208700231,4.643222415004857,3.963755217002472,1.6930649019923294,75.10219729246455,76.79530835546029
req_00183,ieee-activation-942891bfbe6347b2a3a855d442302144,306.64073753356934,324.2622601260082,0.5169892174308188,5.767259622996789,3.092787721005152,4.860711315006483,2.381398832993,1.0023758830066072,16.619124273434863,17.62152259243885
req_00184,ieee-activation-59da24158a1045ee92d55d692e9c3b84,306.9756889343262,325.0627275260049,0.18238913867389783,5.961926342002698,5.064538314996753,4.95399400399765,0.1236281220044475,1.8005626700032735,16.286464348668233,18.08703859167872
req_00185,ieee-activation-942891bfbe6347b2a3a855d442302144,307.77781677246094,323.7348593409988,3.928734125540359,1.447037203994114,4.720154208000167,0.36732620300608687,0.26753982399532106,5.226251004001824,10.73077758353611,15.957042568537872
req_00186,ieee-activation-59da24158a1045ee92d55d692e9c3b84,307.79249572753906,328.2996270260046,3.914138666455983,1.8861755220132181,4.669870958998217,7.60625411500223,0.7148094309959561,1.7158826049999334,18.791236578457756,20.507131298465538
req_00187,ieee-activation-6c14ba67edf54cc9b80193ddbf12449f,310.59717559814453,323.9183474199963,1.171103745859,0.9450856740004383,3.3086219819961116,5.35585326400178,1.883030562006752,0.657476593987667,12.66367893887218,13.321171821851749
req_00188,ieee-activation-8411c4186c2c42b492909f7cff30a66f,310.7170715332031,316.0088173010008,1.051462470801198,1.293313838992617,0.05103804801183287,1.8269828549964586,0.7216603269916959,0.34728822800389025,4.944446998793865,5.291745767797693
req_00189,ieee-activation-6c14ba67edf54cc9b80193ddbf12449f,311.57761573791504,324.56009534400073,0.19098609208595008,3.252990563007188,4.0943220909975935,4.7141712329903385,0.029169011002522893,0.7008406160020968,12.281631575082429,12.98247960608569
req_00190,ieee-activation-8411c4186c2c42b492909f7cff30a66f,312.34241485595703,315.769084946005,0.08753642805095296,0.8101147249981295,0.023062323991325684,1.9893273479974596,0.4117095740075456,0.10491969100257847,3.321723573055351,3.426670090047992
req_00191,ieee-activation-6c14ba67edf54cc9b80193ddbf12449f,312.5064945220947,327.7542785060068,0.01631043991073966,0.5378035570029169,14.301799109991407,0.26739072700729594,0.04239848999714013,0.08208166000258643,15.16568113991525,15.247783983912086
req_00192,ieee-activation-59da24158a1045ee92d55d692e9c3b84,313.02503776550293,338.21657439900446,0.19071797249489464,10.252501694005332,0.795586299005663,8.311251699997229,3.859412648991565,1.7820663190068444,23.409444943492417,25.191536633501528
req_00193,ieee-activation-8411c4186c2c42b492909f7cff30a66f,313.04663848876953,324.80142212999635,0.169346924230922,10.244371934997616,0.27481347499997355,0.2271749049978098,0.36805650099995546,0.47101990100054536,11.28375481722469,11.754783641226823
req_00194,ieee-activation-942891bfbe6347b2a3a855d442302144,313.07362937927246,327.1086172610085,0.1675262037315406,10.614184076999663,2.437965175995487,0.33152953399985563,0.0648051860043779,0.4189777050050907,13.615993671730394,14.034987881736015
req_00195,ieee-activation-59da24158a1045ee92d55d692e9c3b84,314.8524703979492,349.6845667029993,0.8080896680476144,7.618490523003857,18.19009246499627,1.0844685269985348,2.6451698130113073,4.48578530899249,30.346277083051973,34.83209630505007
req_00196,ieee-activation-6c14ba67edf54cc9b80193ddbf12449f,317.8413734436035,337.50545127700025,0.6468825423944509,9.826948619011091,0.06063713498588186,6.128897726011928,1.9372266529971967,1.0634851579961833,18.600564735403168,19.664077833396732
req_00197,ieee-activation-942891bfbe6347b2a3a855d442302144,317.84912490844727,338.20119528399664,0.6392325035558315,13.85680076299468,0.014527307997923344,0.4689590800117003,3.61663042899454,1.7559202919946983,18.59613827255089,20.352070375549374
req_00198,ieee-activation-8411c4186c2c42b492909f7cff30a66f,319.9202690124512,360.09907148800266,3.181085240546963,5.544367009002599,28.3140008259943,1.067166676002671,0.12981323699932545,1.9423694870056352,38.23640893054835,40.17880247555149
req_00199,ieee-activation-6c14ba67edf54cc9b80193ddbf12449f,320.1061496734619,345.5702128760022,2.9954436195403105,5.269649148001918,12.253822504004347,4.243393999000546,0.3279696679965127,0.3737842639966402,25.09026805355097,25.464063202540274
req_00200,ieee-activation-942891bfbe6347b2a3a855d442302144,320.1237106323242,338.2104951479996,2.977934892682242,5.545435057996656,1.6776536169927567,0.3314714779990027,5.545049398002448,2.009240072002285,16.077537013683468,18.08678451567539
req_00201,ieee-activation-942891bfbe6347b2a3a855d442302144,320.8608226776123,349.2081806329952,2.399282677390147,12.816993304993957,4.961957500010612,0.7467693029902875,3.4132997520064237,4.009055417991476,24.338287090387894,28.347357955382904
req_00202,ieee-activation-8411c4186c2c42b492909f7cff30a66f,320.8703022003174,364.89192722699954,2.390085455685039,5.641142655003932,23.40768817899516,6.573971731995698,0.707550913997693,5.301186091004638,38.720429902678006,44.02162502668216
req_00203,ieee-activation-942891bfbe6347b2a3a855d442302144,321.54383850097656,356.3974228760053,1.7166105060314294,4.79554575200018,26.476677099999506,0.4200729719887022,0.9800630770041607,0.4646149680047529,34.38895315003174,34.85358437502873
req_00204,ieee-activation-942891bfbe6347b2a3a855d442302144,321.57432746887207,338.26801526399504,1.6861812891293084,8.960775882005692,0.06633473699912429,0.4723164189927047,3.684831803009729,1.823247664986411,14.870431803137762,16.69368779512297
req_00205,ieee-activation-942891bfbe6347b2a3a855d442302144,322.0913677215576,349.11611289500433,1.1691857154510217,7.366642569992109,9.484158414998092,1.7257109089987352,3.3016308750084136,3.977416688998346,23.047322257451015,27.024745173446718
req_00206,ieee-activation-942891bfbe6347b2a3a855d442302144,322.09215927124023,338.2003809809976,1.1684346217662096,5.118340583998361,0.5108157619979465,1.791530431000865,5.520922854993842,1.9981774560001213,14.11003240676655,16.108221709757345
req_00207,ieee-activation-942891bfbe6347b2a3a855d442302144,322.1319274902344,338.209440207007,1.1287201287632342,9.085912245005602,0.013285658991662785,0.304783594008768,3.7815098879946163,1.7633012020087335,14.314196480758255,16.077512716772617
req_00208,ieee-activation-8411c4186c2c42b492909f7cff30a66f,322.8925018310547,351.6809545809956,0.36819476894743275,5.469382577997749,16.385425394008053,2.3728116790007334,1.6525787979917368,2.5400595319952117,26.24838649794401,28.788452749940916
req_00209,ieee-activation-8411c4186c2c42b492909f7cff30a66f,322.90138053894043,416.69112082000356,0.3593571930687176,5.468532319995575,80.92156646600051,0.4524850079906173,0.18712813399906736,6.400671160008642,87.38905864805565,93.78974028106313
req_00210,ieee-activation-8411c4186c2c42b492909f7cff30a66f,323.18406867980957,409.8657085360028,0.07828197118942626,5.639510146007524,76.03507996400003,2.2619689799903426,1.8392032429983374,0.8275955520075513,85.85403478618537,86.68163985619321
req_00211,ieee-activation-6c14ba67edf54cc9b80193ddbf12449f,323.2489490509033,352.15182102599647,0.013807039096718654,5.109066698001698,21.469856242998503,0.29436486000486184,0.01850215699232649,1.9972749779990409,26.905587674089475,28.90287197509315
req_00212,ieee-activation-8411c4186c2c42b492909f7cff30a66f,323.94222831726074,339.7361307460087,0.3876605637342436,4.570923015009612,0.5046934690035414,5.04117480199784,1.9963450749928597,3.2931055040098727,12.50075098972593,15.79390242874797
req_00213,ieee-activation-59da24158a1045ee92d55d692e9c3b84,323.9427318572998,338.2685487569979,0.38734110370569397,9.176697110990062,0.06482661100744735,0.19867281199549325,2.679545485996641,1.818733776002773,12.50705968469265,14.325816899698111
req_00214,ieee-activation-8411c4186c2c42b492909f7cff30a66f,323.9671401977539,341.2879648460075,0.363001021250966,4.398826542994357,9.551520798006095,0.14256948899128474,1.321996383005171,1.5429104140057461,15.77790021324472,17.32082464825362
req_00215,ieee-activation-8411c4186c2c42b492909f7cff30a66f,324.09678840637207,339.7372473419964,0.23340821563033387,4.399232741998276,0.4704172420024406,1.6641978440020466,5.576989451990812,3.296213440000429,12.34423238162708,15.640458935624338
req_00216,ieee-activation-6c14ba67edf54cc9b80193ddbf12449f,324.09750175476074,372.374919770009,0.4635186342347879,10.278919561009388,34.11926633499388,0.2463756729994202,2.640516016006586,0.5288217960041948,47.74853738423553,48.27741801524826
req_00217,ieee-activation-6c14ba67edf54cc9b80193ddbf12449f,325.1286373138428,337.5151304040046,1.3369162921590032,5.8828444039972965,0.09021616099926177,0.27621869000722654,3.7293354729918065,1.0709620700072264,11.315498102150741,12.38649309016182
req_00218,ieee-activation-6c14ba67edf54cc9b80193ddbf12449f,325.65738105773926,337.5090112170001,0.8084821902593831,5.81765597400954,0.06696385699615348,0.31600941099168267,3.779221247008536,1.0632974799955264,10.78831087925937,11.851630159260822
req_00219,ieee-activation-6c14ba67edf54cc9b80193ddbf12449f,325.7054214477539,382.098642914003,1.4038894852419617,8.8765253060119,44.47529318899615,0.23295107499870937,0.20523271799902432,1.1993296930013457,55.19385746323678,56.39322146624909
req_00220,ieee-activation-8411c4186c2c42b492909f7cff30a66f,326.4833641052246,374.1749994819984,1.2715776147815632,32.07848623600148,6.076797044996056,4.554985491995467,1.3801716180023504,2.329617370996857,45.36197202077892,47.691635376773775
req_00221,ieee-activation-59da24158a1045ee92d55d692e9c3b84,328.50254821777344,393.08727850600553,0.0059950042341370136,31.139849980987492,27.74955700901046,1.2328607910021674,1.5062312789959833,2.9502362240018556,61.634430907230126,64.5847302882321
req_00222,ieee-activation-59da24158a1045ee92d55d692e9c3b84,328.50259590148926,365.70874290900247,9.076313231518725,22.01798479098943,0.05601675900106784,1.9209354420017917,3.15554272600275,0.9793540579994442,36.226743979525054,37.20614700751321
req_00223,ieee-activation-8411c4186c2c42b492909f7cff30a66f,328.54167556762695,365.88295164800365,9.037447448368766,22.282110468004248,0.5893523249978898,1.098681055009365,3.2690503379999427,1.0646344459964894,36.27662629936822,37.3412760803767
req_00224,ieee-activation-942891bfbe6347b2a3a855d442302144,328.7269401550293,371.926157281996,8.852273779979441,21.899904639998567,0.7038003339985153,7.746780004003085,1.3128103469935013,2.6836480219935765,40.51555922697298,43.19921712696669
req_00225,ieee-activation-942891bfbe6347b2a3a855d442302144,331.86913108825684,405.6376564090024,6.208674375739065,21.571622612013016,30.492722727998625,7.12503449099313,1.5110396380041493,6.859431475997553,66.90906445373548,73.76852532074554
req_00226,ieee-activation-59da24158a1045ee92d55d692e9c3b84,332.4691390991211,365.7101746749977,5.896081672879518,22.14295371499611,1.0830444660095964,0.4617996939923614,2.7666930459963623,0.8904629820026457,32.35054753287113,33.241035575876595
req_00227,ieee-activation-942891bfbe6347b2a3a855d442302144,333.2944736480713,416.75690301800205,5.071137400926091,21.28337014200224,49.808150142998784,5.723326271006954,0.5571105690032709,1.0193348439934198,82.44308407593053,83.46242936993076
req_00228,ieee-activation-942891bfbe6347b2a3a855d442302144,333.7194004058838,366.06684070000483,4.646476825117134,21.841900485000224,1.2037117400032002,0.549931375993765,2.858071492999443,1.2473483750072774,31.10008349211421,32.34744029412104
req_00229,ieee-activation-942891bfbe6347b2a3a855d442302144,334.04978370666504,371.9473030980007,4.316190376339364,21.673972345990478,1.0448819880111841,6.869106546000694,1.2883426389889792,2.7050254960049642,35.19248643433093,37.89751939133566
req_00230,ieee-activation-942891bfbe6347b2a3a855d442302144,334.0641441345215,366.0659321270068,4.3019033074815525,21.49690834499779,0.5592855360009708,1.6068202390015358,2.790211408995674,1.2466591560078086,30.755122080474393,32.00178799248533
req_00231,ieee-activation-942891bfbe6347b2a3a855d442302144,335.44432067871094,366.06517563099624,2.9217902292875806,23.66380300700257,0.09522881099837832,2.723539108003024,0.04840929999772925,1.1680844969960162,29.452763193286955,30.6208549522853
req_00232,ieee-activation-59da24158a1045ee92d55d692e9c3b84,335.476375579834,372.00591492300737,2.8898101991653675,26.284872787000495,0.0557301820081193,3.6612264509894885,0.8747343319992069,2.7631653920107055,33.766367113159504,36.52953934317338
req_00233,ieee-activation-6c14ba67edf54cc9b80193ddbf12449f,336.4427433013916,372.3764144910092,3.296255436609499,20.121252305005328,6.498316010998678,4.666869178996421,0.8212635219970252,0.5297147360106464,35.403939989599166,35.9336711896176
req_00234,ieee-activation-59da24158a1045ee92d55d692e9c3b84,339.05673599243164,365.70784484400065,0.6833138655638322,23.113833389012143,0.1289333079912467,0.7913568860094529,1.1110806379874703,0.8225907650048612,25.82850787055213,26.651108851569006
req_00235,ieee-activation-59da24158a1045ee92d55d692e9c3b84,339.77088737487793,372.30141650000587,1.5218624431290664,23.270763203996466,0.07347473299887497,3.251108046999434,1.3537603010045132,3.0595603969995864,29.47094960413233,32.53052912512794
req_00236,ieee-activation-8411c4186c2c42b492909f7cff30a66f,340.0432071685791,366.3318245690025,5.527721352424123,17.584929407996242,1.3964443290024064,0.25971654399472754,0.07724857100402005,1.4425571960018715,24.846025178427226,26.28861740042339
req_00237,ieee-activation-8411c4186c2c42b492909f7cff30a66f,340.42421531677246,396.2657501520007,8.716304502231651,25.754138149000937,15.244924636994256,4.877986367006088,0.15179679599532392,1.0963843839999754,54.745132000229205,55.84153483522823
req_00238,ieee-activation-6c14ba67edf54cc9b80193ddbf12449f,340.4299430847168,383.75527935400896,8.77853123928071,24.862566330004483,0.11616488599975128,5.4874543909973,1.205965216999175,2.874654206010746,40.45066468027653,43.325336269292166
req_00239,ieee-activation-942891bfbe6347b2a3a855d442302144,341.22962379455566,407.31969801599917,8.456437301443657,22.178527113006567,28.007262528000865,0.6037240799923893,4.761015183001291,2.0831080159987323,64.00693078844051,66.0900742214435
req_00240,ieee-activation-6c14ba67edf54cc9b80193ddbf12449f,341.24473571777344,366.00062505700043,10.445370996225392,8.876138384002843,1.1873419269977603,0.2359121360059362,2.8291867090010783,1.1819391869939864,23.57392800222442,24.755889339226997
req_00241,ieee-activation-942891bfbe6347b2a3a855d442302144,341.28949546813965,385.749634702006,10.862804826858337,21.833322321006563,0.08380811499955598,3.0562639639974805,3.737109163994319,4.886830843010102,39.57328158884775,44.46013923386636
req_00242,ieee-activation-6c14ba67edf54cc9b80193ddbf12449f,343.0649833679199,405.7630448950076,13.333122772077331,3.143053438005154,36.95485854599974,1.312353166998946,0.9704332490073284,6.984240354999201,55.71378749307769,62.6980615270877
req_00243,ieee-activation-942891bfbe6347b2a3a855d442302144,344.32427978515625,366.0640660680074,12.567575629844214,2.6474914440041175,0.6437210519943619,1.7479948079999303,2.887870192003902,1.2451331570046023,20.49461339385016,21.739786282851128
req_00244,ieee-activation-8411c4186c2c42b492909f7cff30a66f,344.3319206237793,395.1721115130058,15.840394192229724,6.213956841995241,20.310591286004637,2.2360484989912948,1.2036763930082088,5.0355236769974,45.80463233323826,50.840190889226506
req_00245,ieee-activation-6c14ba67edf54cc9b80193ddbf12449f,344.5087203979492,382.09281686900067,20.38607861904893,9.834665390997543,0.06389603001298383,5.415552685997682,0.6719521909981268,1.2119515539961867,36.37209513505513,37.58409647105145
req_00246,ieee-activation-8411c4186c2c42b492909f7cff30a66f,347.44139289855957,385.68300670299504,18.268047198449494,8.46329101199808,0.005903776997001842,4.5715762640029425,2.1146215649932856,4.818173987994669,33.42339132244524,38.241613804435474
req_00247,ieee-activation-942891bfbe6347b2a3a855d442302144,348.20532035827637,381.6754635999969,17.50436086273112,6.491593079001177,1.412928143996396,1.2626643989933655,0.21788828600256238,6.580708470995887,26.889395815727767,33.47014324172051
req_00248,ieee-activation-8411c4186c2c42b492909f7cff30a66f,348.2477207183838,380.9688442570041,17.634172592617688,8.286625310996897,0.008076124009676278,0.4668250049871858,0.45254526400822215,5.872879242000636,26.848224196612136,32.721123538620304
req_00249,ieee-activation-8411c4186c2c42b492909f7cff30a66f,348.25666427612305,385.62361977499677,17.685196009872016,8.229460794012994,0.0072483179974369705,4.031600882997736,2.654432712995913,4.7590167809976265,32.60791515586607,37.36695549887372
req_00250,ieee-activation-59da24158a1045ee92d55d692e9c3b84,348.7880401611328,380.9603410830023,17.28010867786361,6.698028910002904,0.12366163200931624,0.6236654189997353,1.5785655759973451,5.8682707069965545,26.304010832871427,32.172300921869464
req_00251,ieee-activation-942891bfbe6347b2a3a855d442302144,349.5414237976074,420.95423698300146,16.526869139401242,8.594153517988161,41.99328782000521,2.0255658810056048,0.6456817930011312,1.6272550339926966,69.78554677241482,71.41281318539404
req_00252,ieee-activation-59da24158a1045ee92d55d692e9c3b84,349.5508003234863,386.7350107579987,16.5175814305112,6.698747982998611,8.467443427012768,1.399646590987686,3.2007141320063965,0.9000768709956901,36.28412390651647,37.18421043451235
req_00253,ieee-activation-6c14ba67edf54cc9b80193ddbf12449f,349.6000175476074,382.46102303199586,16.555479214395746,8.63052155499463,0.1465674180071801,2.4073899119975977,3.5236067950027063,1.5974405899905832,31.263518335399567,32.86100548438844
req_00254,ieee-activation-6c14ba67edf54cc9b80193ddbf12449f,349.7836971282959,380.42883652499586,16.37196395470528,6.43069400099921,1.3585839410079643,0.2563921289984137,0.8931549479893874,5.334350422999705,25.310779706705944,30.64513939669996
req_00255,ieee-activation-59da24158a1045ee92d55d692e9c3b84,349.7868003845215,382.1609006450017,16.59917383447464,6.201237198009039,0.30195976499817334,5.296356826002011,2.6777922679902986,1.2975803690060275,31.076497922462295,32.37410026048019
req_00256,ieee-activation-6c14ba67edf54cc9b80193ddbf12449f,349.9275360107422,387.37326518700866,22.019354758260306,10.237381817001733,0.27264519900199957,0.25865678300033323,3.1212460349925095,1.5364445840095868,35.90926308125199,37.44572917626647
req_00257,ieee-activation-942891bfbe6347b2a3a855d442302144,351.99352836608887,477.1784849060059,20.022556853917195,11.739771610999014,82.16539758100407,5.900660100989626,0.9060918030008906,4.450478590006242,120.73444311591447,125.18495653991704
req_00258,ieee-activation-8411c4186c2c42b492909f7cff30a66f,352.0025520324707,386.96212720700714,20.01404401952459,13.605127935006749,0.005303918005665764,0.19898764599929564,0.015384219994302839,1.1207274360058364,33.83882625652768,34.95957517453644
req_00259,ieee-activation-59da24158a1045ee92d55d692e9c3b84,352.86016845703125,386.7359059169976,19.16185763796966,10.140588951995596,0.16382826400513295,0.4051456790039083,3.1038450389896752,0.9004718880023574,32.97523261095921,33.87573745996633
req_00260,ieee-activation-6c14ba67edf54cc9b80193ddbf12449f,353.63225746154785,392.77908430300886,18.68654402944958,13.305599530009204,0.06226893299026415,1.8338405770045938,0.2857769310066942,4.972796841000672,34.17399942546035,39.14682684146101
req_00261,ieee-activation-942891bfbe6347b2a3a855d442302144,353.70433044433594,405.18542787800834,18.67264114166028,13.449119156008237,9.35854132300301,2.0154970529983984,1.579159635992255,6.406139124010224,45.074928602654836,51.4810974336724
req_00262,ieee-activation-6c14ba67edf54cc9b80193ddbf12449f,354.0274429321289,392.78213404800044,18.349715457879938,13.397808096997323,1.7582338429929223,0.24845451500732452,0.027141733997268602,4.97333746899676,33.78132986687706,38.75469111587154
req_00263,ieee-activation-59da24158a1045ee92d55d692e9c3b84,354.02820205688477,386.7440283760079,20.75722444312123,8.818840480002109,0.06540621099702548,0.2264109169918811,1.9455709059984656,0.9023733620124403,31.81343244110758,32.71582631912315
req_00264,ieee-activation-59da24158a1045ee92d55d692e9c3b84,354.5556335449219,387.54565515500144,25.910742018080782,5.097919389998424,0.06065285099612083,0.715641257003881,0.40280298300785944,0.8022631109924987,32.18773907308059,32.990021610079566
req_00265,ieee-activation-59da24158a1045ee92d55d692e9c3b84,354.556848526001,425.4327838110039,26.40443346199754,18.10160621900286,16.646494549000636,7.232778131001396,1.001071345002856,1.4895515789976344,69.38634679600364,70.87593528500292
req_00266,ieee-activation-8411c4186c2c42b492909f7cff30a66f,354.8966655731201,417.58884336499614,26.07513752988598,34.14016760699451,0.010109241004101932,0.5475193159945775,0.07164807300432585,1.8475960249925265,60.844562313883216,62.69217779187602
req_00267,ieee-activation-8411c4186c2c42b492909f7cff30a66f,355.73031425476074,409.06618160099606,25.94845314824488,17.384627505001845,0.868919474989525,1.0884319660108304,4.214673877999303,3.830761373988935,49.50506046124792,53.33586734623532
req_00268,ieee-activation-59da24158a1045ee92d55d692e9c3b84,355.739538192749,428.4512038660032,26.422435730259167,16.666371825995157,20.499079916000483,6.04011426299985,0.17716326599474996,2.9065006720047677,69.80514195625437,72.71166567325417
req_00269,ieee-activation-59da24158a1045ee92d55d692e9c3b84,355.78309059143066,406.3817536669958,26.379101381564396,22.65041482000379,0.0602136649977183,0.23950698001135606,0.1279854729946237,1.1414407559932442,49.45720990556583,50.59866307556513
req_00270,ieee-activation-8411c4186c2c42b492909f7cff30a66f,356.5635223388672,423.89464907499496,25.59880525713379,21.39657339900441,16.587310463990434,0.30967067800520454,0.113294256007066,3.3254726819868665,64.00564229713927,67.33112673612777
req_00271,ieee-activation-59da24158a1045ee92d55d692e9c3b84,356.86749839782715,406.38356958600343,25.29495051217964,17.12995278299786,1.3381012570025632,1.8207193439884577,2.786084852006752,1.14626244000101,48.3697966291802,49.516071188176284
req_00272,ieee-activation-942891bfbe6347b2a3a855d442302144,356.991491317749,417.3355176920013,25.47078186024737,22.406888802011963,0.06714447400008794,7.393482115992811,3.406906564006931,1.5988225579931168,58.74518333825108,60.34402637425228
req_00273,ieee-activation-6c14ba67edf54cc9b80193ddbf12449f,356.9979953765869,409.12990549400274,28.685997550419415,13.936765844002366,1.2969198629871244,0.23821183400286827,4.081184474998736,3.892830551005318,48.23903944641643,52.13191011741583
req_00274,ieee-activation-59da24158a1045ee92d55d692e9c3b84,357.9945487976074,406.87568355600524,27.690156149401446,13.376525826999568,1.3421355879982002,4.211049709992949,0.6224392250005621,1.6388282590050949,47.24227895139484,48.88113475839782
req_00275,ieee-activation-59da24158a1045ee92d55d692e9c3b84,359.46765327453613,406.4103326799959,26.217495952470927,13.813196757997503,1.132266582993907,0.43593427899759263,4.171521937008947,1.172263895990909,45.770393030470586,46.942679405459785
req_00276,ieee-activation-6c14ba67edf54cc9b80193ddbf12449f,360.10414123535156,417.2840275759954,25.723372213644325,13.615129650002928,10.773051098003634,1.5778651379951043,3.9428507320117205,1.54761750898615,55.63223952264525,57.17988634064386
req_00277,ieee-activation-8411c4186c2c42b492909f7cff30a66f,360.1330223083496,409.0690503270016,26.603467492648633,12.670066937003867,0.8016391660057707,0.44493021599191707,4.581985994009301,3.833938212992507,45.102025297659566,48.936028018651996
req_00278,ieee-activation-6c14ba67edf54cc9b80193ddbf12449f,360.15735054016113,421.6969395830092,26.579418130844715,18.016419359992142,14.586555803005467,0.368846183991991,0.7797683170065284,1.208581248007249,60.33097028885095,61.53958904284809
req_00279,ieee-activation-6c14ba67edf54cc9b80193ddbf12449f,360.56151008605957,409.50025888500386,26.398747228944558,17.973882096994203,0.024037784009124152,1.385472147987457,2.5447355230135145,0.611874017995433,48.3268552749505,48.93874879894429
req_00280,ieee-activation-6c14ba67edf54cc9b80193ddbf12449f,360.5688953399658,409.5017219190049,26.39425452503201,18.007586762003484,0.06650284399802331,1.2378486180095933,2.7639828709943686,0.46265095900162123,48.47015710902633,48.9328265790391
req_00281,ieee-activation-6c14ba67edf54cc9b80193ddbf12449f,360.57681465148926,409.5024036959949,26.811704127510893,17.54362592099642,0.024837700999341905,1.4404265630000737,2.490709843012155,0.614284888986731,48.311266864518984,48.925589044505614
req_00282,ieee-activation-59da24158a1045ee92d55d692e9c3b84,361.32572746276855,478.1608433579968,26.220937215228332,17.423598142006085,64.89860626299924,4.393098592001479,2.5899493000033544,1.308926382989739,115.5261506812385,116.83511589522823
req_00283,ieee-activation-6c14ba67edf54cc9b80193ddbf12449f,361.3345603942871,419.53744449300575,31.44528882871964,12.24919483398844,12.145766713001649,1.5343465940095484,0.604418105998775,0.22386902300058864,57.97895461671578,58.20288409871864
req_00284,ieee-activation-8411c4186c2c42b492909f7cff30a66f,361.370662689209,452.2762166370085,31.41227797079773,12.147201565996511,37.843176680005854,5.027229148996412,1.7049064419989008,2.7707621400040807,88.13475554379693,90.90555394779949
req_00285,ieee-activation-8411c4186c2c42b492909f7cff30a66f,362.05167961120605,441.6874097280088,31.036463225798798,5.976759297991521,42.00564982800279,0.5514177489967551,0.053593839998939075,0.011846176013932563,79.62384686079167,79.63573011680273
req_00286,ieee-activation-8411c4186c2c42b492909f7cff30a66f,362.0651912689209,441.0750420670083,33.11362771507993,9.777659640996717,32.93946587400569,1.4380068540049251,1.3279400589963188,0.4131506550038466,78.59668458408851,79.00985079808743
req_00287,ieee-activation-59da24158a1045ee92d55d692e9c3b84,362.07458305358887,449.6277312559978,34.193369658416486,3.351652022989583,39.11817877800786,5.773740182994516,2.016645966010401,3.0995615939900745,84.45355744141852,87.55314820240892
req_00288,ieee-activation-8411c4186c2c42b492909f7cff30a66f,362.15965461730957,417.6568900739949,43.076351983690984,9.933397205008077,0.025874410988762975,0.31577853100316133,0.22910511400550604,1.9167282119888114,53.580489050698816,55.4972354566853
req_00289,ieee-activation-942891bfbe6347b2a3a855d442302144,362.55603790283203,426.1564104749996,43.08367486616771,9.536644698004238,0.08159644600527827,7.690996130986605,0.9946247850020882,2.212835646001622,61.38750424316095,63.600372572167544
req_00290,ieee-activation-6c14ba67edf54cc9b80193ddbf12449f,362.5819034576416,441.3754794520064,43.181831111360225,9.287088430006406,23.892249249998713,0.5153500929882284,1.203758027011645,0.7132990829995833,78.08024028837099,78.7935759943648
req_00291,ieee-activation-6c14ba67edf54cc9b80193ddbf12449f,362.79527854919434,420.33936134100077,43.58778675580106,8.787750359013444,0.0066396189940860495,3.568804968992481,0.5698435290105408,1.0232575599948177,56.52077934279805,57.54408279180643
req_00292,ieee-activation-59da24158a1045ee92d55d692e9c3b84,362.81383895874023,420.322540965004,44.01244188226701,8.822675999996136,0.056342704003327526,2.504129622000619,1.1036943729995983,1.009417424997082,56.499230705274385,57.508702006263775
req_00293,ieee-activation-8411c4186c2c42b492909f7cff30a66f,363.6200866699219,417.58775296500244,43.256537095076055,8.298492902002181,0.020371441001771018,0.29955726499611046,0.24487489800958429,1.8478326939948602,52.11979495307605,53.96766629508056
req_00294,ieee-activation-6c14ba67edf54cc9b80193ddbf12449f,363.6536560058594,424.701433181006,43.224058152147336,8.300289895996684,0.08056072199542541,7.642700347001664,1.0415711410023505,0.7585969170031603,60.28915512414824,61.04777717514662
req_00295,ieee-activation-6c14ba67edf54cc9b80193ddbf12449f,363.6684627532959,420.26402872800827,45.219194664707175,6.289703642993118,0.010684589011361822,3.5211117139988346,0.6104336549906293,0.9444377090112539,55.65110898570856,56.59556597471237
req_00296,ieee-activation-6c14ba67edf54cc9b80193ddbf12449f,363.6694221496582,425.4939626060077,45.39757526834728,6.106810400990071,0.005504407003172673,7.711535301001277,1.0516756849974627,1.551439394010231,60.27307067233778,61.824540456349496
req_00297,ieee-activation-59da24158a1045ee92d55d692e9c3b84,363.71098136901855,425.4335194660089,45.358964348983136,6.665261896006996,5.683174829988275,0.28831444900424685,2.235440620002919,1.4913819530047476,60.23113239498343,61.72253809699032
req_00298,ieee-activation-59da24158a1045ee92d55d692e9c3b84,364.38626861572266,419.46680947400455,44.74472658528248,6.569769823996467,0.004892215001746081,1.9717369179998059,0.05453432799549773,1.734880988005898,53.345625727277366,55.08054085828189
req_00299,ieee-activation-942891bfbe6347b2a3a855d442302144,364.5901412963867,449.7221327129955,44.91113714261155,5.6165760820003925,27.21874874700734,2.6318576959893107,1.5594175000005635,3.1942542489996413,81.93770682861214,85.1319914166088
req_00300,ieee-activation-59da24158a1045ee92d55d692e9c3b84,369.1714286804199,437.8719682210067,40.331883780585486,6.8426630339963594,9.105530433007516,5.513418863993138,4.087677927003824,2.819365502000437,65.88116036159045,68.70053954058676
req_00301,ieee-activation-942891bfbe6347b2a3a855d442302144,370.1916198730469,426.1574429290049,39.311810339961085,5.669061984997825,0.013229258998762816,7.831315078001353,0.9270254119910533,2.2133809820079478,53.75241888695746,55.965823055958026
req_00302,ieee-activation-942891bfbe6347b2a3a855d442302144,371.98398780822754,453.16574605299684,37.965854343769024,36.53465615599998,0.011339412012603134,3.135979087994201,0.4674448680016212,3.066484376991866,78.11524084677512,81.1817582447693
req_00303,ieee-activation-6c14ba67edf54cc9b80193ddbf12449f,372.2280673980713,499.88006449400564,44.465659306937596,26.1396903309942,48.936338106999756,3.3647758250008337,1.0459498330019414,3.6995836930000223,123.95238730694109,127.65199709593435
req_00304,ieee-activation-8411c4186c2c42b492909f7cff30a66f,372.63321113586426,434.9960474260006,44.12791057313734,7.131915207995917,0.018467765010427684,6.0826926909940084,0.32600235199788585,4.675847701000748,57.68695642713283,62.36283629013633
req_00305,ieee-activation-942891bfbe6347b2a3a855d442302144,374.971227645874,437.68374198100355,42.36519323513494,6.217975240986561,0.08183690400619525,5.735340960003668,0.9400692909985082,7.372098703999654,55.340377678134246,62.712514335129526
req_00306,ieee-activation-8411c4186c2c42b492909f7cff30a66f,376.9622344970703,434.8920786649978,40.375524652932654,6.555984745005844,0.017941230995347723,4.7618808440020075,1.6384559360012645,4.580056758990395,53.349760346944095,57.92984416792751
req_00307,ieee-activation-942891bfbe6347b2a3a855d442302144,377.6802101135254,449.7279677070037,39.966347981477156,5.779546535006375,17.23929743199551,3.6547538729937514,2.2085778830078198,3.1992338889976963,68.8485058684746,72.04775759347831
req_00308,ieee-activation-6c14ba67edf54cc9b80193ddbf12449f,380.0905303955078,435.1943067550019,37.55626261149882,3.968497068999568,3.8255806020024465,4.505991769998218,0.37559194400091656,4.871852362994105,50.23191413350287,55.10377635949408
req_00309,ieee-activation-59da24158a1045ee92d55d692e9c3b84,381.30016326904297,431.0183813879994,36.42700541096565,6.412677975997212,0.33517498199944384,5.590478012993117,0.25495289100217633,0.6979288459988311,49.02024240196624,49.71821811895643
req_00310,ieee-activation-8411c4186c2c42b492909f7cff30a66f,387.9874095916748,434.92751940600283,31.490022767320625,4.232177470010356,0.03479114999936428,6.1679132629942615,0.4098475589998998,4.605357605003519,42.33469905331731,46.940109814328025
req_00311,ieee-activation-8411c4186c2c42b492909f7cff30a66f,388.85905838012695,426.41734778099635,31.166677406872623,3.5266431600030046,0.07816963200457394,1.3427766589884413,0.5696124220121419,0.8744101209886139,36.683859200871666,37.5582894008694
req_00312,ieee-activation-8411c4186c2c42b492909f7cff30a66f,389.02358627319336,449.74324389100366,31.315137993806275,22.689361580007244,0.23549615898809861,2.0850401620118646,1.1825959069974488,3.212025815999368,57.50761221280845,60.7196576178103
req_00313,ieee-activation-59da24158a1045ee92d55d692e9c3b84,389.6156826019287,449.99940204700397,30.72333237307612,26.147139747001347,0.04757576399424579,2.5924285009969026,0.4400118480116362,0.43323121199500747,59.95047533408797,60.38371944507526
req_00314,ieee-activation-59da24158a1045ee92d55d692e9c3b84,393.44493865966797,453.5534445509984,27.045157458327594,25.995272619009484,0.048292502004187554,4.541496221994748,1.8289080929971533,0.6493789969972568,59.45911046832043,60.108505891330424
req_00315,ieee-activation-6c14ba67edf54cc9b80193ddbf12449f,393.8999938964844,485.3924139629962,27.05504198151175,21.822633294999832,35.93167668400565,2.343888960996992,2.8566487729985965,1.4825303719990188,90.00985472850152,91.49242006651184
req_00316,ieee-activation-59da24158a1045ee92d55d692e9c3b84,393.9068660736084,449.9951701569953,28.02713587738981,24.549923626007512,0.049638641998171806,0.4656272799911676,2.506764447010937,0.48921421098930296,55.599057691390044,56.0883040833869
req_00317,ieee-activation-59da24158a1045ee92d55d692e9c3b84,395.9928169250488,449.7311944300018,27.94883938295243,22.39807956799632,0.00862837400927674,0.5920686759927776,2.32732795800257,0.4634335459995782,53.27491560394992,53.73837750495295
req_00318,ieee-activation-59da24158a1045ee92d55d692e9c3b84,396.0227756500244,449.99788457600516,28.67926841098233,21.58438084399677,0.057625853005447425,1.1704097149922745,1.9912777779973112,0.49214632500661537,53.482932071972755,53.97510892598075
req_00319,ieee-activation-59da24158a1045ee92d55d692e9c3b84,396.02469635009766,449.9970067450049,29.517579227904207,20.857710947006126,0.13341096400108654,0.5803260219981894,2.391499653997016,0.4917835800006287,53.48049364390317,53.972310394907254
req_00320,ieee-activation-8411c4186c2c42b492909f7cff30a66f,396.84387969970703,496.3301587550086,28.69865273628966,20.462346273008734,42.004831268001,1.8197710719978204,1.9896734039939474,4.511004302010406,94.97526127428864,99.48627905530157
req_00321,ieee-activation-6c14ba67edf54cc9b80193ddbf12449f,397.64612770080566,457.1252546690084,27.89653609220113,17.629351127994596,1.5759452269994654,7.548502746998565,0.8070731059997343,4.021718668009271,55.4573965492018,59.47912696820276
req_00322,ieee-activation-6c14ba67edf54cc9b80193ddbf12449f,397.8004570007324,471.3605780079961,28.35761893626477,20.35406290400715,10.77939795999555,9.004441862998647,2.062907425002777,3.0016919189947657,70.55839303525863,73.56012100726366
req_00323,ieee-activation-6c14ba67edf54cc9b80193ddbf12449f,398.3038959503174,530.3191992689972,27.85447095168638,20.32533283099474,75.61428301299748,2.33497794700088,4.875499911009683,1.0107386649906402,131.0045374136971,132.0153033186798
req_00324,ieee-activation-8411c4186c2c42b492909f7cff30a66f,399.39368629455566,454.11041946100886,27.024508840448107,19.58580788600375,0.020540789992082864,7.023018713007332,0.055698785989079624,1.0071581510128453,53.709553492444684,54.716733166453196
req_00325,ieee-activation-8411c4186c2c42b492909f7cff30a66f,400.0648555755615,458.8272915060079,28.392175672444864,20.93517522099137,0.03303088700340595,7.18853328700061,0.9124774749943754,1.301043388011749,57.46134976243775,58.76243593044637
req_00326,ieee-activation-8411c4186c2c42b492909f7cff30a66f,400.07228660583496,453.8380813880067,32.45505080817384,16.86555422299716,0.027400421997299418,1.3127617120044306,2.171322139998665,0.9337054770003306,52.83204178017331,53.765794782171724
req_00327,ieee-activation-6c14ba67edf54cc9b80193ddbf12449f,401.6974239349365,450.24659665400395,33.353977113059955,11.292059915998834,0.07072344500920735,2.1040845889947377,1.0474620410095667,0.6808656149951275,47.8682882750727,48.54917271906743
req_00328,ieee-activation-8411c4186c2c42b492909f7cff30a66f,401.92620849609375,457.9205180010031,33.12543941990589,14.329038641008083,0.039305011989199556,4.576684749001288,0.6977067039988469,3.2261349790060194,52.768161429907195,55.994309504909324
req_00329,ieee-activation-8411c4186c2c42b492909f7cff30a66f,402.5965118408203,456.887886298995,32.45536146518134,11.28923464800755,0.015936185998725705,7.53809168600128,0.09438260599563364,2.8983678669901565,51.39299278717954,54.29137445817469
req_00330,ieee-activation-942891bfbe6347b2a3a855d442302144,402.9523677825928,454.6963380850066,32.24285538641561,11.02966706699226,0.06577398300578352,5.868361128988909,0.9408037210087059,1.5965090160025284,50.14741958142258,51.7439703024138
req_00331,ieee-activation-6c14ba67edf54cc9b80193ddbf12449f,405.39737701416016,452.2751698040083,32.567708126836806,8.517648349006777,0.03542111499700695,2.095752427005209,0.9526637109956937,2.70859906100668,44.16916222983855,46.87779278984817
req_00332,ieee-activation-6c14ba67edf54cc9b80193ddbf12449f,405.7955436706543,471.6050744410022,32.16973413735104,8.520697011990706,16.22293258200807,2.7012105460016755,2.6454734849976376,3.549483007998788,62.260034209350124,65.80953077034792
req_00333,ieee-activation-942891bfbe6347b2a3a855d442302144,407.4138870239258,452.3269655930053,33.66235924107605,5.32190820100368,0.029417452999041416,1.252530775993364,1.9485064760083333,2.6983564219990512,42.21469768807583,44.91307856907952
req_00334,ieee-activation-942891bfbe6347b2a3a855d442302144,407.54155921936035,450.10084050100704,33.83446853264468,4.9662943269941024,0.02036733800196089,1.1508446619991446,1.9910336729953997,0.5962727490114048,41.96297838263854,42.55928128164669
req_00335,ieee-activation-942891bfbe6347b2a3a855d442302144,407.7812805175781,496.32896350100054,33.906473899420234,4.711742126004538,41.226499013995635,1.1425828260107664,3.0511614979914157,4.50922361999983,84.038436732415,88.54768298342242
req_00336,ieee-activation-942891bfbe6347b2a3a855d442302144,407.8182010650635,461.2860162870056,41.81147659293492,4.698806093001622,0.7141550560045289,1.0023015269980533,1.544149131004815,3.696926821998204,49.77085157393594,53.467815221942146
req_00337,ieee-activation-8411c4186c2c42b492909f7cff30a66f,408.6955051422119,462.6278995479952,41.02794092979457,4.889095744991209,0.03133095600060187,5.944922800001223,0.7161552210018272,1.3229487539938418,52.60939391479769,53.93239440578327
req_00338,ieee-activation-942891bfbe6347b2a3a855d442302144,408.7094669342041,461.29356656399614,41.02072941479855,4.958559423001134,0.35402843699557707,0.6475098079972668,1.8998809280019486,3.703391618997557,48.880678723799065,52.584099629792036
req_00339,ieee-activation-6c14ba67edf54cc9b80193ddbf12449f,409.51684951782227,462.7841951809969,40.21689285317552,7.3372248350060545,0.05808141599118244,3.8080781160097104,0.36715729600109626,1.4799111469910713,51.7874049301754,53.26734566317464
req_00340,ieee-activation-59da24158a1045ee92d55d692e9c3b84,410.2493133544922,459.0288732659974,39.494263171509374,6.832205345999682,0.024619421004899777,0.3533091169956606,0.6387968009948963,1.4363660550006898,47.343178350507515,48.7795599115052
req_00341,ieee-activation-59da24158a1045ee92d55d692e9c3b84,410.297306060791,463.81159756499983,39.699114168208325,4.698208429996157,0.5282146950048627,6.322128564002924,0.698012965003727,1.5686126819928177,51.945645292216795,53.51429150420881
req_00342,ieee-activation-942891bfbe6347b2a3a855d442302144,410.8219470977783,461.29471244900196,39.17920792622317,4.694254579997505,0.34743467399675865,0.7920729280012893,1.7538577439991059,3.705937499005813,46.76679975821753,50.47276535122364
req_00343,ieee-activation-59da24158a1045ee92d55d692e9c3b84,411.6508979797363,458.6270583209989,38.351155445270706,4.387065910996171,0.8335342670034152,1.6069733769982122,0.7607940829911968,1.0366372580028838,45.93950308825879,46.976160341262585
req_00344,ieee-activation-59da24158a1045ee92d55d692e9c3b84,417.5112419128418,471.57865890700486,32.49127333116485,6.462096951989224,7.788140025004395,2.9095975819946034,1.3268670270044822,3.089442077005515,50.97795567016874,54.06741699416307
req_00345,ieee-activation-59da24158a1045ee92d55d692e9c3b84,417.7725944519043,490.0893444090034,32.32864036009414,4.589001319996896,29.57966715701332,3.3442939179949462,0.3699463450029725,2.1052008569968166,70.2115318931028,72.31674995709909
req_00346,ieee-activation-59da24158a1045ee92d55d692e9c3b84,419.5401859283447,492.82910676300526,30.707015203661285,4.442829830994015,33.29686812599539,2.161718668008689,1.8441275359946303,0.8363614700065227,72.45252692665963,73.28892083466053
req_00347,ieee-activation-59da24158a1045ee92d55d692e9c3b84,419.9329776763916,463.01123579300474,32.97055890261254,5.1238475699938135,0.2971808490110561,1.3657402449898655,1.798040421999758,1.522890128006111,41.555347711604554,43.07825811661314
req_00348,ieee-activation-6c14ba67edf54cc9b80193ddbf12449f,420.55541801452637,495.03851131700503,32.348292952476186,4.6968710939981975,27.33642902399879,6.232772243005456,0.8268317309994018,3.0418962580006337,71.44118790948414,74.48309330247866
req_00349,ieee-activation-942891bfbe6347b2a3a855d442302144,420.585994720459,487.6973486299976,32.317825422549504,4.108369096997194,26.75993801000004,2.2604259649961023,1.2192554600042058,0.44553995499154553,66.66580578454887,67.1113539095386
req_00350,ieee-activation-942891bfbe6347b2a3a855d442302144,420.8911781311035,471.59781601600116,32.275274205894675,3.9596180119988276,4.193739392008865,5.678928497989546,1.4909755600092467,3.1081022169964854,47.59848869490088,50.706637884897646
req_00351,ieee-activation-8411c4186c2c42b492909f7cff30a66f,421.34136962890625,462.63744533399586,32.21299630610156,3.572321261992329,0.023388543995679356,3.9025591320096282,0.4364940179948462,1.148316442995565,40.14772526609886,41.296075705089606
req_00352,ieee-activation-8411c4186c2c42b492909f7cff30a66f,423.018762588501,477.7823758559971,30.820678179501556,2.7291460239939624,13.05020459300431,2.1846171310025966,0.9262974549928913,5.052669885000796,49.710925166495144,54.76361326749611
req_00353,ieee-activation-8411c4186c2c42b492909f7cff30a66f,428.3429870605469,497.0091886910086,25.769671458459925,37.64916534999793,0.006106318993261084,2.587047820998123,0.8096544060099404,1.8445562760025496,66.82162718445761,68.66620163046173
req_00354,ieee-activation-59da24158a1045ee92d55d692e9c3b84,429.1947135925293,477.4171671119984,25.502795393476845,13.662620193994371,0.06391478200384881,2.031463334002183,0.8040977869968629,6.157562028995017,42.064877170472755,48.22245351946913
req_00355,ieee-activation-59da24158a1045ee92d55d692e9c3b84,429.2108974456787,496.7714038539998,28.100101632328006,34.4555544390023,0.004508404992520809,1.7585066000028746,1.6360111770045478,1.6058241549908416,65.95466281432891,67.56050640832109
req_00356,ieee-activation-8411c4186c2c42b492909f7cff30a66f,430.0030975341797,477.7811543419957,27.30818290282332,11.04570221999893,0.005700983994756825,1.8401030910026748,2.4580792790075066,5.120288330988842,42.65775518483133,47.77805680781603
req_00357,ieee-activation-59da24158a1045ee92d55d692e9c3b84,430.5834655761719,477.0999056340079,27.337629771835054,10.550387843992212,0.034168134996434674,1.3355851369997254,1.7754516910063103,5.483217479006271,41.03320249883109,46.51644005783601
req_00358,ieee-activation-942891bfbe6347b2a3a855d442302144,430.80777740478516,476.99778438400244,27.8217616702168,10.232217759999912,0.9808663309959229,0.6651281070080586,2.1528360689990222,4.33719704199757,41.852776554223965,46.19000697921729
req_00359,ieee-activation-942891bfbe6347b2a3a855d442302144,431.7540817260742,477.8468326739967,27.075084944925038,10.409481833004975,0.6042081409977982,5.093843014998129,2.0642796059983084,0.8458534079982201,45.246877606914495,46.09275094792247
req_00360,ieee-activation-6c14ba67edf54cc9b80193ddbf12449f,433.35008239746094,594.0073337460053,25.68008932954399,33.71397648900165,96.3572670739959,0.24376964899420273,3.453231001010863,1.2089178059977712,159.44831322555547,160.65725134854438
req_00361,ieee-activation-6c14ba67edf54cc9b80193ddbf12449f,437.0350818634033,566.4757266219967,24.266640852598357,7.323282362995087,87.60788017400773,2.304029872000683,4.626498356999946,3.312313139991602,126.1283017816022,129.4406447585934
req_00362,ieee-activation-6c14ba67edf54cc9b80193ddbf12449f,437.0359535217285,523.5121170439961,24.266080006273114,7.380828230001498,49.209633609003504,2.629431968991412,1.478428743997938,1.511760964000132,84.96438371227123,86.4761635222676
req_00363,ieee-activation-942891bfbe6347b2a3a855d442302144,437.80475997924805,477.55894797699875,23.497456109747873,7.927609692007536,0.6129690329980804,5.0939048459986225,2.064895976000116,0.5573523409984773,39.19680843374226,39.754187997750705
req_00364,ieee-activation-8411c4186c2c42b492909f7cff30a66f,437.85298347473145,484.37809762700635,24.776025083265267,5.824245829004212,10.193095155002084,1.6450296800030628,3.5481427449994953,0.538575660000788,45.98651205227361,46.52511415227491
req_00365,ieee-activation-8411c4186c2c42b492909f7cff30a66f,438.2935600280762,496.33986721900874,24.344451883924194,6.0488021619967185,15.617565352004021,5.252588553994428,2.2624778890021844,4.52042135001102,53.5258685779263,58.046307190932566
req_00366,ieee-activation-8411c4186c2c42b492909f7cff30a66f,439.5976963043213,477.78386783599854,23.19380092868232,5.8925978430052055,0.934559059998719,0.8148122879938455,2.0032881560036913,5.347113255993463,32.83902357668558,38.186171531677246
req_00367,ieee-activation-6c14ba67edf54cc9b80193ddbf12449f,440.3786792755127,549.6829010259971,22.751597829483217,29.615602559002582,50.207333665006445,1.6328035359911155,2.6115703800023766,2.4853137809986947,106.81888037847239,109.30422175048443
req_00368,ieee-activation-59da24158a1045ee92d55d692e9c3b84,440.62205696105957,496.98987613400095,23.191011683942634,27.98774386900186,0.0774134539969964,4.455939307998051,0.015339723002398387,0.640371134999441,55.72742268494039,56.36781917294138
req_00369,ieee-activation-59da24158a1045ee92d55d692e9c3b84,441.0177936553955,495.93776004499523,30.596901902608806,20.09069299699331,0.06079730800411198,0.789177054000902,0.1908521320001455,3.1915449959924445,51.728385104608606,54.91996638959972
req_00370,ieee-activation-942891bfbe6347b2a3a855d442302144,442.1968574523926,497.6200343070086,29.418244563610642,21.14463962899754,1.2178636030002963,1.0860011119948467,1.1162567030114587,1.4401712440012489,53.98298418462218,55.42317685461603
req_00371,ieee-activation-59da24158a1045ee92d55d692e9c3b84,442.36492919921875,519.1444852330023,53.977632771784556,12.69618871799321,5.097682806008379,0.7573325769917574,2.7282787060103146,1.522440454995376,75.25707093779056,76.77955603378359
req_00372,ieee-activation-942891bfbe6347b2a3a855d442302144,443.0962886810303,519.0846650780004,53.258519128969056,12.336890152000706,0.7646056670055259,5.678837722996832,2.4206694699969376,1.5288542560010683,74.45949277596083,75.98837639697012
req_00373,ieee-activation-6c14ba67edf54cc9b80193ddbf12449f,443.1138973236084,517.6198755030055,33.88636028338806,15.485493618005421,15.11771164899983,3.8028836699959356,1.4981804410053883,4.715348518002429,69.79059756838251,74.50597817939706
req_00374,ieee-activation-59da24158a1045ee92d55d692e9c3b84,443.46722412109375,495.93678676399577,33.63342180890322,14.69635186099913,0.08086509600980207,0.8330084129993338,0.048382155000581406,3.1775333089899505,49.29199405190593,52.46956264290202
req_00375,ieee-activation-942891bfbe6347b2a3a855d442302144,445.5493450164795,529.7552029460057,31.629672618524637,34.4309109540045,10.40321804699488,0.6442931769997813,0.23177551399567164,6.8659876190067735,77.33985125552863,84.20585792952625
req_00376,ieee-activation-942891bfbe6347b2a3a855d442302144,445.69929695129395,497.30754647300637,31.71980331170198,15.126057091008988,1.4323975189909106,0.37099917299929075,1.523030007010675,1.4359624200005783,50.17224957970029,51.60824952171242
req_00377,ieee-activation-942891bfbe6347b2a3a855d442302144,446.48027992248535,675.6983004969952,31.079474773519905,17.306203075000667,179.8151044260012,0.15843247999146115,0.28013089000887703,0.5786749299877556,228.6393126645271,229.21802057450986
req_00378,ieee-activation-59da24158a1045ee92d55d692e9c3b84,449.1760482788086,496.3536234320054,28.648733087189612,13.971579211996868,0.081711026999983,0.9116272850078531,2.0426789519988233,1.521245590003673,45.65630258919555,47.17757515319681
req_00379,ieee-activation-942891bfbe6347b2a3a855d442302144,450.95501708984375,622.2701786319958,26.869900804158533,14.233434249006677,120.7230344589916,7.512414008000633,0.10505282299709506,1.8713251989975106,169.4438275721477,171.31516154215205
req_00380,ieee-activation-59da24158a1045ee92d55d692e9c3b84,451.20874404907227,495.1613179230044,26.616305439936696,13.943386156999622,0.003926880992366932,0.8344862749945605,0.13878945400938392,2.4156796669994947,41.53688481093559,43.952573873932124
req_00381,ieee-activation-8411c4186c2c42b492909f7cff30a66f,452.11958503723145,496.95975595500204,25.728482004764373,13.919416390999686,0.004239238012814894,1.2900669399969047,1.8028320699959295,2.095134274000884,42.74501966276148,44.84017091777059
req_00382,ieee-activation-8411c4186c2c42b492909f7cff30a66f,452.47936058044434,512.6465926160017,25.786346448556287,13.498235134000424,15.24395667600038,0.3245861710020108,0.28260389900242444,5.0315037069958635,55.13568698755989,60.16723203555739
req_00383,ieee-activation-942891bfbe6347b2a3a855d442302144,452.6907844543457,530.7128895530041,31.68871169866179,7.6207399209961295,24.49127162399236,7.3090077780070715,5.3852120990050025,1.527161977996002,76.49492479166656,78.02210509865836
req_00384,ieee-activation-8411c4186c2c42b492909f7cff30a66f,452.8348331451416,561.311077810009,32.56651340085955,6.3620640320004895,62.05850822100183,0.37533468699257355,0.7681746170128463,6.3456497070001205,102.13055442186305,108.47624466486741
req_00385,ieee-activation-8411c4186c2c42b492909f7cff30a66f,453.4567928314209,497.0120622260001,34.24148304358823,4.071262593992287,0.06879828400269616,2.584774994000327,1.4489363399916328,1.1400141390040517,42.4152132995805,43.55526939457923
req_00386,ieee-activation-6c14ba67edf54cc9b80193ddbf12449f,456.04991340637207,518.810559435995,34.06703138562443,18.771572726007435,0.8316384719946655,6.666853982998873,1.1681678669992834,1.2553815959981875,61.50523230762337,62.760646029622876
req_00387,ieee-activation-59da24158a1045ee92d55d692e9c3b84,456.0527687072754,519.146002406007,36.777239213726716,14.140390540997032,0.06278498600295279,8.922489635006059,1.598763877991587,1.5915654450072907,61.5016285017191,63.09323369873164
req_00388,ieee-activation-942891bfbe6347b2a3a855d442302144,457.16442489624023,567.4102857929975,37.99811315975967,17.39986656799738,41.72919561401068,4.69722885498777,3.873405703008757,4.54805099699297,105.69776631676359,110.24586089675722
req_00389,ieee-activation-59da24158a1045ee92d55d692e9c3b84,457.6684970855713,519.1451531860075,37.49560737142747,13.331141736998688,0.835702972006402,6.718824386000051,1.5056683229922783,1.5897113110113423,59.88691620642203,61.47665610043623
req_00390,ieee-activation-59da24158a1045ee92d55d692e9c3b84,458.2801456451416,613.0225445450051,37.899109714853694,10.851711697003338,95.48088004000601,0.7016176350007299,2.1326389119931264,7.676440901006572,147.06593671285373,154.74239889986347
req_00391,ieee-activation-59da24158a1045ee92d55d692e9c3b84,462.4939613342285,542.0016213070048,33.68543102676631,10.99996237301093,22.83017514499079,3.6627298680105014,1.0246138980000978,7.3047476619976806,72.20290300376655,79.50765997277631
req_00392,ieee-activation-8411c4186c2c42b492909f7cff30a66f,464.0447368621826,601.1318446789955,32.289096263819374,11.497111912001856,86.18249312900298,4.9608679989905795,0.8449550710065523,1.3125834419915918,135.77449325482303,137.08710781681293
req_00393,ieee-activation-59da24158a1045ee92d55d692e9c3b84,465.95144844055176,514.1725748409954,30.382608017447637,11.224208472005557,1.5404790739994496,2.39279277100286,1.4001062539900886,1.2809318119980162,46.94017566544062,48.22112640044361
req_00394,ieee-activation-6c14ba67edf54cc9b80193ddbf12449f,467.2394962310791,523.3283376190084,29.101662267916254,13.250394987000618,1.9802907560078893,8.912223407998681,1.5126441920001525,1.3316257770056836,54.757186078917584,56.08884138792928
req_00395,ieee-activation-8411c4186c2c42b492909f7cff30a66f,470.1673126220703,496.3385399280087,1.4341336619254434,18.832719370009727,0.004406241001561284,1.2131273139966652,0.34775705900392495,4.339083660001052,21.832093532924773,26.171227305938373
req_00396,ieee-activation-942891bfbe6347b2a3a855d442302144,470.42269706726074,507.3206647790066,1.1789810387417674,20.88309240799572,1.4926469670026563,5.789892746004625,1.1962226449977607,6.35713190700335,30.54081604674866,36.89796771174588
req_00397,ieee-activation-942891bfbe6347b2a3a855d442302144,471.4267692565918,530.7181601570046,25.345787763406406,12.50242653900932,9.665990053996211,6.056402731992421,4.310018790012691,1.4107650219957577,57.88059030241857,59.29139090041281
req_00398,ieee-activation-59da24158a1045ee92d55d692e9c3b84,479.53997802734375,530.3723265470035,17.421692222662386,11.473830745002488,10.76458503298636,5.158008926009643,4.949848231000942,1.0643833619978977,49.76794394967146,50.83234851965972
req_00399,ieee-activation-59da24158a1045ee92d55d692e9c3b84,481.4414806365967,519.1436580590089,15.551017693403992,12.124084359995322,0.4804752160125645,6.45271564599534,1.5051185740012443,1.5887659330037422,36.11338199239981,37.702177422412205
req_00400,ieee-activation-8411c4186c2c42b492909f7cff30a66f,482.1339454650879,517.5566034840012,14.87711052990926,11.36374331600382,1.0316935559967533,1.4213977040053578,2.0634304480045103,4.665282464993652,30.757349016916123,35.42265801891335
req_00401,ieee-activation-8411c4186c2c42b492909f7cff30a66f,482.69349670410156,531.8128347530001,14.322342690895312,10.813780954005779,14.964474630993209,4.10127424300299,2.412845851999009,2.5046196780022,46.61468818988942,49.1193380488985
req_00402,ieee-activation-8411c4186c2c42b492909f7cff30a66f,482.85066413879395,517.6206817339989,14.458449813202606,10.521306571012246,0.643069198995363,3.636597081000218,0.7818204280047212,4.728774502989836,30.041204221211956,34.77001759520499
req_00403,ieee-activation-8411c4186c2c42b492909f7cff30a66f,483.6929454803467,633.7925443880085,13.933039076655405,10.205155917996308,111.7913064470049,6.8750270570017165,3.810555481002666,3.4845149280008627,146.6150594126666,150.09959890766186
req_00404,ieee-activation-8411c4186c2c42b492909f7cff30a66f,486.31245040893555,549.1622784280044,13.571110165066784,8.492387175996555,34.21273857699998,1.948535471005016,2.5249880609917454,2.1000685690087266,60.749705786060076,62.84982801906881
req_00405,ieee-activation-8411c4186c2c42b492909f7cff30a66f,486.5113945007324,542.1681245990039,20.810439070264692,27.36858161901182,0.03093720799370203,0.49236761999782175,2.9387866640026914,4.015617917000782,51.64107457725913,55.65673009827151
req_00406,ieee-activation-59da24158a1045ee92d55d692e9c3b84,487.20425033569336,541.9994902019971,25.52943564830639,19.14274843900057,1.3066119870054536,1.5368765549937962,3.426164639997296,3.8534025970002403,50.9418024152983,54.795239866303746
req_00407,ieee-activation-8411c4186c2c42b492909f7cff30a66f,488.1629943847656,543.5180931659997,26.012133449243265,20.519868032992235,0.026524239001446404,5.785132625998813,1.49747623600706,1.5139641979912994,53.841088270244654,55.35509878123412
req_00408,ieee-activation-8411c4186c2c42b492909f7cff30a66f,488.55098724365234,542.1689690450003,29.071605955352425,16.75688749300025,0.005225419998168945,0.33507084600569215,3.4287468189868378,4.020445268004551,49.59751030134794,53.61798180134792
req_00409,ieee-activation-942891bfbe6347b2a3a855d442302144,488.5658760070801,542.6411633850075,29.242562418919988,14.007037413000944,0.7557771370047703,0.40340445999754593,5.006152688001748,4.660353261002456,49.41491029692406,54.07528737792745
req_00410,ieee-activation-6c14ba67edf54cc9b80193ddbf12449f,489.6164207458496,566.663564870003,42.19677361314825,15.661861458007479,1.2708192419959232,8.755735933998949,5.360423306003213,3.801530570999603,73.24559244215197,77.04714412415342
req_00411,ieee-activation-59da24158a1045ee92d55d692e9c3b84,490.3573970794678,542.0059188960004,28.45445113153255,15.881872376005049,0.027930365991778672,0.41750918100296985,3.012448895999114,3.854309866001131,47.794167713524075,51.64852181653259
req_00412,ieee-activation-59da24158a1045ee92d55d692e9c3b84,492.0558204650879,542.0004165179998,27.030393470908166,15.295671300002141,0.0891036230023019,0.22219974000472575,3.456574304989772,3.850653614004841,46.093908412905876,49.94459605291195
req_00413,ieee-activation-59da24158a1045ee92d55d692e9c3b84,492.2914352416992,543.1138614939991,27.057144243299263,15.343327441005385,0.029587864002678543,5.021342970998376,2.2619708519923734,1.109052881001844,49.71335307629488,50.82242625229992
req_00414,ieee-activation-59da24158a1045ee92d55d692e9c3b84,495.053747177124,566.476483321996,24.29494839288236,27.847633583995048,7.510373386001447,4.443260045998613,4.013817623999785,3.3127031119947787,68.11002316688246,71.42273614487203
req_00415,ieee-activation-942891bfbe6347b2a3a855d442302144,495.53294563293457,567.3586596649984,23.815824628065457,15.282604731008178,14.361631011997815,9.347577827997156,4.523862086003646,4.494213746991591,67.3314909850742,71.82571403206384
req_00416,ieee-activation-942891bfbe6347b2a3a855d442302144,497.1793460845947,549.1546546409954,22.169524714408908,15.116801071999362,8.50038869799755,3.1704553390009096,1.0616168569977162,1.956521875996259,50.018776514407364,51.975308556400705
req_00417,ieee-activation-6c14ba67edf54cc9b80193ddbf12449f,497.28900146484375,542.3735823040042,26.22175057415734,11.121112673994503,0.07058071400388144,1.4177277270064224,2.0319079699984286,4.221501179999905,40.863040743162856,45.08458083916048
req_00418,ieee-activation-6c14ba67edf54cc9b80193ddbf12449f,500.8486022949219,566.6631311520032,23.12782343607978,10.716842095993343,14.0528065910039,8.755536575001315,5.359767736998037,3.801752422004938,62.012748366076266,65.81452885708131
req_00419,ieee-activation-942891bfbe6347b2a3a855d442302144,503.9112663269043,566.4255620760086,25.845440000091912,17.847237808004138,1.0873654269962572,9.605746487999568,4.564767724004923,3.5637383020075504,58.950515251097386,62.51429574910435
req_00420,ieee-activation-59da24158a1045ee92d55d692e9c3b84,506.23401069641113,567.4095406109991,24.16932820159127,16.660111696997774,0.23938182000711095,10.954877407988533,4.60498030501185,4.546850482991431,56.62866025659605,61.17552991458797
req_00421,ieee-activation-59da24158a1045ee92d55d692e9c3b84,506.44542694091797,674.6693514450017,23.95799594008713,13.814978862996213,117.63316788499651,6.285914666004828,5.4914534319977975,1.0404137180012185,167.1835027580819,168.2239245040837
req_00422,ieee-activation-942891bfbe6347b2a3a855d442302144,507.6168098449707,554.2453834570042,23.100855989032425,16.694250365006155,0.4868044159957208,3.9844485459907446,0.8214283690031152,1.540785927005345,45.08772509502887,46.628573612033506
req_00423,ieee-activation-942891bfbe6347b2a3a855d442302144,509.5165786743164,567.4632107530051,21.31483732369088,17.18939523799054,0.972066422997159,9.347706173008191,4.523469933003071,4.599156987998867,53.34745218169701,57.94663207868871
req_00424,ieee-activation-59da24158a1045ee92d55d692e9c3b84,516.0346908569336,547.7403600450052,1.5226023290742887,16.897863906997372,8.171116782992613,1.9917518069996731,2.4438493240013486,0.678485038006329,31.02715841407189,31.705669188071624
req_00425,ieee-activation-8411c4186c2c42b492909f7cff30a66f,516.6769714355469,567.4112559250061,25.325770453448058,5.468135716000688,0.9233986690087477,9.837672654000926,4.629080154001713,4.550226842999109,46.18402526945283,50.73428448945924
req_00426,ieee-activation-59da24158a1045ee92d55d692e9c3b84,517.8054676055908,634.0168790040043,24.197824818416848,5.304638287998387,75.99391274899244,5.49451457199757,1.5852070210094098,3.6353139499988174,112.57607127142546,116.21141139841347
req_00427,ieee-activation-8411c4186c2c42b492909f7cff30a66f,518.2540988922119,566.6642970940011,23.751097696789657,6.137973995006178,0.8523301709938096,9.663231412007008,4.205937378996168,3.7996275479963515,44.610539382789284,48.41019820178917
req_00428,ieee-activation-59da24158a1045ee92d55d692e9c3b84,523.6689548492432,563.2299438470072,18.41159559675725,5.226674921999802,5.408694205994834,1.6703454820089974,0.5905680669966387,8.253110724006547,31.30786136376264,39.56098899776407
req_00429,ieee-activation-59da24158a1045ee92d55d692e9c3b84,523.8640193939209,569.3029462050035,18.30461887907586,5.138063909005723,17.26000786900113,1.663018450999516,1.6556566759973066,1.417561027003103,44.02134350108099,45.43892681108264
req_00430,ieee-activation-8411c4186c2c42b492909f7cff30a66f,525.2878341674805,586.8269904180052,16.882902927522082,5.301907946006395,33.06191671399574,0.5129934080032399,2.20086014799017,3.5785751070070546,57.96056949251215,61.539156250524684
req_00431,ieee-activation-8411c4186c2c42b492909f7cff30a66f,526.2840175628662,673.5599422810046,16.09027586513548,5.612948838999728,116.34413949999725,2.2353553020075196,0.4268971729907207,6.566308039007708,140.70958525213064,147.2759247181384
req_00432,ieee-activation-6c14ba67edf54cc9b80193ddbf12449f,526.9413375854492,585.6806178030092,15.789431529556168,4.4746086499944795,25.61644132299989,6.195602608000627,0.045119778005755506,6.618076329003088,52.12117637555639,58.73928021756001
req_00433,ieee-activation-6c14ba67edf54cc9b80193ddbf12449f,530.3375053405762,566.6638744520023,12.77718477442977,4.727139372000238,0.904308871991816,8.774658674999955,5.341667801010772,3.801409616993624,32.52492481943045,36.326369111426175
req_00434,ieee-activation-6c14ba67edf54cc9b80193ddbf12449f,531.1754741668701,567.4680403340026,12.345271377125755,4.623316240002168,1.2419595870014746,8.151219822000712,5.3243697169964435,4.60642942400591,31.686094989127014,36.29256616713246
req_00435,ieee-activation-942891bfbe6347b2a3a855d442302144,531.6918983459473,569.6781117290084,16.049308540052152,13.433110783007578,0.0715097039937973,5.115930829997524,1.5240653460059548,1.7922881800041068,36.19389230305387,37.98621338306111
req_00436,ieee-activation-8411c4186c2c42b492909f7cff30a66f,533.1535701751709,568.6942926150077,16.004585589835187,12.152017871994758,0.0048357920022681355,4.202857615993707,1.9513430369988782,1.2250825330120279,34.31560628482839,35.54072243983683
req_00437,ieee-activation-942891bfbe6347b2a3a855d442302144,535.5298748016357,649.6013319030026,13.78017840537359,11.995298642999842,78.57981345099688,2.487087226996664,2.4181238830060465,4.810955491993809,109.260481272373,114.07145710136683
req_00438,ieee-activation-59da24158a1045ee92d55d692e9c3b84,535.5300731658936,585.757079174,14.164212014104123,16.435688869998557,7.629053148004459,3.2758453150017885,2.019943986000726,6.702262674996746,43.52472144611238,50.2270060081064
req_00439,ieee-activation-942891bfbe6347b2a3a855d442302144,535.5601062774658,586.9700446400093,31.907358853539336,11.172363221994601,0.08702180499676615,3.2012047460011672,1.3184588310105028,3.7235309050010983,47.68638503954571,51.40993836254347
req_00440,ieee-activation-8411c4186c2c42b492909f7cff30a66f,537.0871868133545,572.2449353510019,25.756369497641572,4.620359139007633,0.006601557004614733,0.3513396929920418,0.0682722530036699,4.354806397997891,30.802910842641722,35.15774853764742
req_00441,ieee-activation-942891bfbe6347b2a3a855d442302144,537.5048675537109,602.4792836370034,25.725972603293485,15.614520585993887,15.277140199003043,1.8797321190068033,3.241659315986908,3.2353912600083277,61.738991871287,64.97441608329245
req_00442,ieee-activation-59da24158a1045ee92d55d692e9c3b84,538.675163269043,594.320262224006,28.79112949395494,14.039222899009474,0.46515298599842936,5.724760612996761,0.47906740100006573,6.145765562003362,49.49930422795296,55.64509895496303
req_00443,ieee-activation-942891bfbe6347b2a3a855d442302144,539.4759063720703,588.5895497919992,27.990585861931322,11.236896602000343,0.023708157998044044,6.223077982009272,0.8174211199948331,2.8219536959950346,46.29167163593229,49.11364341992885
req_00444,ieee-activation-6c14ba67edf54cc9b80193ddbf12449f,539.610050201416,602.0634090230014,27.85660391258716,5.854247891998966,21.41692191400216,0.6944457380013773,4.314288327994291,2.31685103700147,60.13649266558059,62.453358821585425
req_00445,ieee-activation-942891bfbe6347b2a3a855d442302144,543.4700031280518,587.4851096530037,23.996823528956156,6.276495819998672,1.7000855950027471,5.416156256993418,2.2535170990013285,4.372028224999667,39.64306328695966,44.01510652495199
req_00446,ieee-activation-59da24158a1045ee92d55d692e9c3b84,546.5876598358154,644.9735565910087,20.87931399118679,15.473023975006072,50.76886924498831,6.398632739001187,0.2647506720095407,4.601306133001344,93.78457527219143,98.38589675519324
req_00447,ieee-activation-6c14ba67edf54cc9b80193ddbf12449f,550.9862194061279,591.6170520330052,16.4809070948686,11.144135017006192,0.02862480899784714,7.185047221995774,0.9987197580048814,4.793398726003943,35.837420713869506,40.630832626877236
req_00448,ieee-activation-8411c4186c2c42b492909f7cff30a66f,552.5755710601807,588.7950203340006,14.89165274881816,12.15688012400642,0.9100926039973274,5.092624134995276,0.4765242860012222,2.6916753760015126,33.52776098581671,36.21944927381992
req_00449,ieee-activation-6c14ba67edf54cc9b80193ddbf12449f,553.424467086792,573.3198875270027,0.8238931032101391,13.163506972996402,0.055691307003144175,5.284253532998264,0.05998705999809317,0.5080884640046861,19.38729852520919,19.895420440210728
req_00450,ieee-activation-8411c4186c2c42b492909f7cff30a66f,555.4541549682617,586.8257383059972,12.013419822746073,12.16112282499671,0.9059366909932578,1.211195370007772,1.5014500679972116,3.578458560994477,27.79311164675164,31.3715833377355
req_00451,ieee-activation-59da24158a1045ee92d55d692e9c3b84,555.7412281036377,634.0160691119963,11.726449986366788,15.388188511002227,36.75290556199616,8.24609454900201,2.524519906990463,3.63668249300099,74.63814514435944,78.27484100835864
req_00452,ieee-activation-6c14ba67edf54cc9b80193ddbf12449f,556.2082023620605,589.0898097949976,11.259569159941748,11.233801941998536,0.036291409996920265,7.134881379010039,0.9503316699992865,2.266731871990487,30.614855606952915,32.88160743293702
req_00453,ieee-activation-59da24158a1045ee92d55d692e9c3b84,556.3666896820068,599.3255084800039,11.101950618991395,12.097262983006658,7.851446403990849,3.060569300010684,2.22056005000195,6.627029441995546,36.331766022995,42.95881879799708
req_00454,ieee-activation-59da24158a1045ee92d55d692e9c3b84,558.9975204467773,696.2886418480048,14.32431306122453,19.112554669001838,92.99249007899198,6.034547177012428,0.9241840579925338,3.903032357004122,133.38805744121782,137.29112140122743
req_00455,ieee-activation-942891bfbe6347b2a3a855d442302144,559.6094245910645,666.8733116770018,9.086104419940966,10.007393691994366,83.12740825500805,3.641352801991161,0.047536825004499406,1.3540910919982707,105.90977732994361,107.26388708593731
req_00456,ieee-activation-6c14ba67edf54cc9b80193ddbf12449f,560.4709377288818,589.1707177799981,8.835567131114658,9.299572494011954,0.03364633599994704,7.185209858987946,0.9984548000065843,2.34732943099516,26.352414604116348,28.69978005111625
req_00457,ieee-activation-8411c4186c2c42b492909f7cff30a66f,561.7782497406006,619.9451077249978,8.032902764403843,9.815591716993367,32.81152035199921,6.333005766005954,0.8112343679968035,0.36260301699803676,57.80423116539896,58.16685798439721
req_00458,ieee-activation-8411c4186c2c42b492909f7cff30a66f,562.2607135772705,634.9101259120071,10.062628186729853,6.732390603996464,43.313552082006936,4.876561248995131,3.135180682002101,4.529099531006068,68.12029447373061,72.64941233473655
req_00459,ieee-activation-6c14ba67edf54cc9b80193ddbf12449f,564.0503921508789,593.9973363479949,3.4184529331250815,11.000755910994485,7.151272394010448,4.459712354990188,2.6182293739984743,1.2985212299972773,28.648405251122313,29.946944197115954
req_00460,ieee-activation-6c14ba67edf54cc9b80193ddbf12449f,566.5524730682373,644.6835255890037,19.132689124759054,44.51754870500008,5.892970258006244,3.840709962998517,0.4354800580040319,4.311654411998461,73.81936417076213,78.13105252076639
req_00461,ieee-activation-942891bfbe6347b2a3a855d442302144,566.8706645965576,666.2383183450002,18.898903340450488,3.026739168999484,69.75499551199027,5.877022422006121,0.35380445499322377,1.4561888500029454,97.9114350584423,99.36765374844254
req_00462,ieee-activation-8411c4186c2c42b492909f7cff30a66f,568.0986957550049,615.2783467779955,18.804102982991026,13.027746589999879,0.3813503940036753,6.895834939001361,4.783171282004332,3.2874448349903105,43.89217667099729,47.17965102299058
req_00463,ieee-activation-6c14ba67edf54cc9b80193ddbf12449f,568.8277206420898,644.682774891,44.69803893190692,16.610571105004055,0.0178046649962198,8.114741825003875,1.8891906259959796,4.524707096003112,71.33032381990051,75.85505424891016
req_00464,ieee-activation-6c14ba67edf54cc9b80193ddbf12449f,568.8301544189453,613.3738667209982,18.150557763059624,13.16114055099024,0.15424772900587413,5.87956483400194,3.6990536670055008,3.4991477579897037,41.04454402506235,44.54371230205288
req_00465,ieee-activation-942891bfbe6347b2a3a855d442302144,569.0107154846191,622.2725219989952,18.475545477384003,12.653808450995712,17.78427763399668,1.690679553008522,0.6985601219930686,1.9589352769980906,51.30283749138471,53.261806514376076
req_00466,ieee-activation-6c14ba67edf54cc9b80193ddbf12449f,573.2683067321777,613.3768481260049,15.32219892583089,11.622804615995847,0.08395301499695051,5.878402007001569,3.700068321006256,3.50111450899567,36.60739384383487,40.10854139382718
req_00467,ieee-activation-6c14ba67edf54cc9b80193ddbf12449f,574.0983066558838,613.3784599520004,14.69732785911765,11.158155436001834,8.199459422001382,0.2187579229939729,3.70363817299949,1.3028144830022939,37.97731712312088,39.28015329611662
req_00468,ieee-activation-6c14ba67edf54cc9b80193ddbf12449f,575.4556980133057,617.2445756740053,13.635277647699695,11.319844896002905,12.731875879995641,0.2472503559984034,1.9064655050024157,1.9481633760005934,39.840681878704345,41.788877660699654
req_00469,ieee-activation-8411c4186c2c42b492909f7cff30a66f,575.5004177093506,608.2506814110093,16.059772535649245,8.583426936005708,0.1684590289951302,1.5507703939947532,2.8875450720079243,3.5002897350059357,29.249940372654237,32.750263701658696
req_00470,ieee-activation-6c14ba67edf54cc9b80193ddbf12449f,576.1621856689453,634.2200662660034,15.927122174063697,8.123731928993948,22.14961029900587,2.680872491997434,5.337757193992729,3.8387865090044215,54.21906979105552,58.0578805970581
req_00471,ieee-activation-942891bfbe6347b2a3a855d442302144,576.7153377532959,633.7797019980062,17.295192648700322,35.87880103800853,0.08830945099180099,0.32426296500489116,0.08236262100399472,3.3954355210007634,53.668911162705626,57.064364244710305
req_00472,ieee-activation-6c14ba67edf54cc9b80193ddbf12449f,576.7239227294922,644.6812844689994,17.286717378505273,36.12419158300327,0.013409074002993293,8.120636403997196,1.889713420998305,4.522693879000144,63.434657164500095,67.95736173950718
req_00473,ieee-activation-6c14ba67edf54cc9b80193ddbf12449f,576.8202037811279,635.0718876080064,17.5025045798684,35.81523041900073,0.043684529009624384,2.8360053049982525,0.6734751170006348,1.3807838770007947,56.870867254867335,58.251683826878434
req_00474,ieee-activation-8411c4186c2c42b492909f7cff30a66f,577.0155563354492,639.800642422997,22.476181637553964,30.503501365004922,5.772582505000173,0.7382104319985956,0.045012215996393934,3.249597931993776,59.53545175155159,62.785086087547825
req_00475,ieee-activation-6c14ba67edf54cc9b80193ddbf12449f,578.2205810546875,674.2749200749968,22.91188554331893,29.174628230990493,35.14030350500252,3.390005941997515,4.791804004998994,0.6457117940008175,95.40859905231628,96.05433902030927
req_00476,ieee-activation-942891bfbe6347b2a3a855d442302144,579.5376453399658,635.1204468829965,22.573980223038234,28.021768784994492,0.008931396005209535,3.0810195529920748,0.4529291150101926,1.444172470990452,54.138607542045065,55.582801543030655
req_00477,ieee-activation-942891bfbe6347b2a3a855d442302144,579.9159259796143,659.1140770110069,24.833691448380705,44.93166017200565,0.05897383199771866,6.587188468009117,1.519763325995882,1.266873785003554,77.93125785338634,79.19815103139263
req_00478,ieee-activation-6c14ba67edf54cc9b80193ddbf12449f,582.1505260467529,661.3211535690061,27.72379210725194,38.16865659499308,10.982508269007667,0.7582675599987851,0.16780999199545477,1.3695929990062723,77.80101287525031,79.1706275222532
req_00479,ieee-activation-59da24158a1045ee92d55d692e9c3b84,583.1936206817627,644.9754621430038,29.778679744238616,17.102250531999744,0.06403107500227634,7.746856413999922,2.2729300990031334,4.817093596997438,56.96472516724316,61.78184146124113
req_00480,ieee-activation-6c14ba67edf54cc9b80193ddbf12449f,583.3332614898682,636.2959304370015,29.890476245127502,16.792210794010316,0.06308554699353408,4.666928207007004,0.2578175980015658,1.2921505559934303,51.67049792513717,52.96266894713335
req_00481,ieee-activation-59da24158a1045ee92d55d692e9c3b84,584.0372695922852,648.5732591090054,29.33909440471325,16.8949511640094,6.143763262996799,6.111126809992129,2.265769632998854,3.7812842420098605,60.754666510707466,64.53598951672029
req_00482,ieee-activation-942891bfbe6347b2a3a855d442302144,586.4480609893799,612.9715782790008,0.4548968226154102,13.175488895009039,0.25102775599225424,7.653428064004402,4.008963072003098,0.9797126799967373,25.54379414061259,26.52351728962094
req_00483,ieee-activation-6c14ba67edf54cc9b80193ddbf12449f,588.5589408874512,645.4491343569971,24.967240839556325,14.967358729991247,8.748207252996508,4.685752823002986,2.8620460030069808,0.6595878209918737,56.230595712564536,56.89019346954592
req_00484,ieee-activation-942891bfbe6347b2a3a855d442302144,589.6086196899414,659.1272559670033,25.687342161065317,34.30845955199038,0.07776515300793108,3.203468184990925,4.959861774012097,1.2817394519952359,68.236878646072,69.51863627706189
req_00485,ieee-activation-8411c4186c2c42b492909f7cff30a66f,591.5150604248047,635.3851052649989,25.73051386520092,12.769768739002757,0.004823386989301071,2.4144389040011447,1.2413504240103066,1.7091495209897403,42.160860999210854,43.87004484019417
req_00486,ieee-activation-8411c4186c2c42b492909f7cff30a66f,591.7624435424805,659.1453520600044,28.353542358527193,9.772542334991158,21.002475330009474,6.887150766997365,0.07574672700138763,1.2914509999973234,66.0914381955372,67.3829085175239
req_00487,ieee-activation-942891bfbe6347b2a3a855d442302144,594.6725788116455,659.111125046009,27.602589379355777,27.327171287004603,0.005944648000877351,6.694143874992733,1.5444843690056587,1.2642126760038082,63.17430220535607,64.43854623436346
req_00488,ieee-activation-6c14ba67edf54cc9b80193ddbf12449f,595.5624580383301,674.2756267259974,26.713350323669147,27.183971548001864,14.882459672007826,6.645980498986319,2.714944084000308,0.5724625610018848,78.14067092665937,78.71316868766735
req_00489,ieee-activation-6c14ba67edf54cc9b80193ddbf12449f,598.1590576171875,659.7977296540048,35.64779806882143,14.706359119998524,0.008542844996554777,6.346802497995668,2.978944414004218,1.9502250910009025,59.6884108838276,61.6386720368173
req_00490,ieee-activation-6c14ba67edf54cc9b80193ddbf12449f,600.1214828491211,660.5071208959998,33.69022568287619,14.853454151001642,0.10649564200139139,6.261866810003994,2.8130875499919057,2.6605082110036165,57.725105727877235,60.38563804687874
req_00491,ieee-activation-942891bfbe6347b2a3a855d442302144,600.870418548584,659.1391075980064,33.294595179424505,15.52100582398998,0.05558191900490783,3.9843202019983437,4.122065119998297,1.2911208050063578,56.97754617742612,58.26868904942239
req_00492,ieee-activation-8411c4186c2c42b492909f7cff30a66f,601.0789051055908,686.2788512370025,33.0862182664132,15.722508566002944,25.65385066899762,2.4101835820038104,5.229270969997742,3.0979140779963927,82.10202247841517,85.1999461314117
req_00493,ieee-activation-8411c4186c2c42b492909f7cff30a66f,601.4454650878906,659.2918116860092,33.25568105811544,15.185491794996778,1.7212612659932347,6.170255126009579,0.0747772179893218,1.4388801350141875,56.407438554102555,57.846346598118544
req_00494,ieee-activation-8411c4186c2c42b492909f7cff30a66f,606.8229522705078,685.8253413080092,52.74980925649288,16.952759703999618,0.9074255150044337,1.5764693550008815,4.6613687130011385,2.1545564940024633,76.84782073450333,79.00238903750142
req_00495,ieee-activation-8411c4186c2c42b492909f7cff30a66f,608.0433673858643,659.1422332759976,27.078154308139347,15.310209688992472,1.469519438003772,1.6898865480034146,4.254863563997787,1.2962323429965181,49.80258926813258,51.09886589013331
req_00496,ieee-activation-8411c4186c2c42b492909f7cff30a66f,609.3602886199951,659.1414537439996,25.761723767005606,14.995534721005242,1.783582292002393,5.906611540995073,0.04675884899916127,1.2869539539969992,48.49418265699933,49.781165124004474
req_00497,ieee-activation-8411c4186c2c42b492909f7cff30a66f,610.3215923309326,659.1379485930083,25.064898671073024,15.325991475998308,1.1888350399967749,5.906423423002707,0.044554157997481525,1.2856534940074198,47.53066214907449,48.816356262075715
req_00498,ieee-activation-8411c4186c2c42b492909f7cff30a66f,610.4122333526611,659.140281732005,25.884197768347804,14.751781155995559,0.8538798630033853,1.4367505639966112,4.5074718139949255,1.2939672140055336,47.434030703341705,48.72804837934382
req_00499,ieee-activation-6c14ba67edf54cc9b80193ddbf12449f,610.6174659729004,684.846460226996,29.54032808409829,8.506725383005687,27.586270915999194,4.3150724089937285,3.1059803950047353,1.1746170669939602,73.05434599809814,74.2289942540956
req_00500,ieee-activation-59da24158a1045ee92d55d692e9c3b84,615.3281383514404,659.2023651920026,29.460683839555713,3.8129473000008147,0.007109718004358001,3.9625327109970385,5.000229234006838,1.6307240379974246,42.24346267255896,43.87422684056219
req_00501,ieee-activation-59da24158a1045ee92d55d692e9c3b84,615.7562999725342,718.2983055149962,29.032752056475147,4.584282708994579,57.261602186001255,4.51940122799715,1.6794018569926266,5.464565506001236,97.07742618846532,102.542005542462
req_00502,ieee-activation-59da24158a1045ee92d55d692e9c3b84,617.2384128570557,666.4764276200003,27.550718264945317,3.8120985610003117,10.290738762007095,5.955515713998466,0.5464827489922754,1.0824607120011933,48.15554472194344,49.23801476294466
req_00503,ieee-activation-6c14ba67edf54cc9b80193ddbf12449f,621.3402462005615,684.8436291819962,23.634469391443417,31.553717140996014,1.479969431005884,1.0547621129953768,4.607943908995367,1.1725209959986387,62.330823227443034,63.5033829814347
req_00504,ieee-activation-59da24158a1045ee92d55d692e9c3b84,622.5466060638428,745.8451943389955,22.433913146160194,62.48620204300096,27.9202110680053,6.030397627997445,2.41565797200019,2.0122064179886365,121.28635306116485,123.29858827515272
req_00505,ieee-activation-8411c4186c2c42b492909f7cff30a66f,622.9306449890137,727.8871901880048,22.52174728499085,62.77851822099183,11.588509471010184,3.2644892699900083,0.0396724440070102,4.763608508001198,100.19289997698797,104.95654519899108
req_00506,ieee-activation-6c14ba67edf54cc9b80193ddbf12449f,622.9478034973145,689.9076627850009,26.354501409688964,33.65501674199186,0.030283297004643828,2.919307035001111,0.4589153959968826,3.541835408002953,63.417968400681275,66.95985928768641
req_00507,ieee-activation-59da24158a1045ee92d55d692e9c3b84,624.2682914733887,752.7950090359955,25.41277184561477,33.0917504359968,60.964914252996095,2.5932497860048898,3.6523342580039753,2.8116969839902595,125.71499213761126,128.5267175626068
req_00508,ieee-activation-942891bfbe6347b2a3a855d442302144,624.6141872406006,691.3435976239998,34.5123855004058,23.771018947998527,0.5779458949982654,4.8509238039987395,1.4002902880019974,1.6168459479958983,65.11252723340294,66.72941038339923
req_00509,ieee-activation-942891bfbe6347b2a3a855d442302144,630.2047233581543,718.9810018410062,28.922063258854905,23.896779639995657,24.652638108003885,6.964783310992061,3.376643936004257,0.963370229001157,87.81289067886246,88.77627848285192
req_00510,ieee-activation-942891bfbe6347b2a3a855d442302144,630.9587554931641,718.1954279119964,28.61352774783154,23.38723598900833,24.716858086991124,2.5421876950131264,2.609147111987113,5.367715788001078,81.86892671082751,87.23667241883231
req_00511,ieee-activation-942891bfbe6347b2a3a855d442302144,632.2591152191162,744.0213236179989,27.313476410883595,23.38670433999505,52.17095243300719,2.2634529619972454,0.16935010200541,6.458272150994162,105.30392434589157,111.76220839888265
req_00512,ieee-activation-59da24158a1045ee92d55d692e9c3b84,632.3349380493164,705.4884493450081,27.23771471568034,23.507680700000492,13.150107866007602,2.8427872189931804,2.414475351004512,4.000745444005588,69.15275303268572,73.15351129569171
req_00513,ieee-activation-8411c4186c2c42b492909f7cff30a66f,633.5418338775635,701.0677214780007,26.030876322445692,23.475334550996195,7.024488526003552,4.689444304996869,1.5297377679962665,4.7760061279986985,62.7498707024497,67.52588760043727
req_00514,ieee-activation-6c14ba67edf54cc9b80193ddbf12449f,633.9400005340576,684.8449795960041,0.9714104899467202,13.691859386992292,24.972419505007565,7.307884751993697,2.7877790500060655,1.1736258780001663,49.731318126941915,50.904979061946506
req_00515,ieee-activation-6c14ba67edf54cc9b80193ddbf12449f,634.1959133148193,686.184154513001,25.376906498189783,23.261819937994005,0.06939054900431074,1.981448480990366,0.48227799600863364,0.816397735994542,51.171837100191624,51.98824119818164
req_00516,ieee-activation-6c14ba67edf54cc9b80193ddbf12449f,637.2128658294678,691.2743629280012,22.360012515535345,23.451005306997104,0.038461600997834466,5.612682147009764,1.0578189509978984,1.541516576995491,52.51997334853513,54.06149709853344
req_00517,ieee-activation-6c14ba67edf54cc9b80193ddbf12449f,639.556474685669,691.3456113840075,20.016471072332934,23.563306676995126,3.166108517005341,1.9894197929970687,1.4402020279958379,1.6136286110122455,50.17550032433064,51.78913669833855
req_00518,ieee-activation-6c14ba67edf54cc9b80193ddbf12449f,648.4959468841553,702.197481146999,11.077069779843441,16.680213683997863,16.9817230990011,4.078287019001436,3.964037409008597,0.9202032719913404,52.78132328685024,53.70153426284378
req_00519,ieee-activation-8411c4186c2c42b492909f7cff30a66f,650.4327640533447,743.6825685670046,9.41737673865282,16.677471376999165,58.28997456700017,2.5318120980082313,0.2128011989989318,6.12036853400059,87.1294165126601,93.24980451365991
req_00520,ieee-activation-59da24158a1045ee92d55d692e9c3b84,651.526388168335,701.6536947380082,8.981624904670753,22.671537046000594,9.189509770993027,2.9100536920013838,1.3035871159954695,5.07099404001201,45.05626874665904,50.12730656967324
req_00521,ieee-activation-59da24158a1045ee92d55d692e9c3b84,651.7505722045898,810.4817501860089,9.581042461417383,21.657922040991252,114.2362976000004,4.999671301004128,3.2741701420018217,4.982074436004041,153.7490745994146,158.73117798141902
req_00522,ieee-activation-59da24158a1045ee92d55d692e9c3b84,655.0521717071533,701.6528774040053,11.19451039384876,16.74253773399687,6.668107466000947,5.7473249540053075,0.8880449400021462,5.360180208997917,41.24049901885155,46.600705696851946
req_00523,ieee-activation-8411c4186c2c42b492909f7cff30a66f,655.8488922119141,705.3736555600044,10.706145631091204,17.570337529992685,13.250355474010576,4.080967526999302,0.12382978700043168,3.7931273989961483,45.731616548102465,49.524763348090346
req_00524,ieee-activation-8411c4186c2c42b492909f7cff30a66f,657.0525493621826,718.116560511,9.849780895820004,16.057565285998862,26.45482882100623,2.342548923988943,1.0811392220057314,5.2781479999976,55.785842722820234,61.06401114881737
req_00525,ieee-activation-8411c4186c2c42b492909f7cff30a66f,657.1276054382324,701.5897925190075,16.5010526367696,11.697265020993655,7.064370426000096,2.425527819999843,1.7665943120082375,5.007376865003607,39.4547825857735,44.46218708077504
req_00526,ieee-activation-942891bfbe6347b2a3a855d442302144,657.6754856109619,702.786875182006,16.6008803670411,2.497092439996777,19.457849009006168,3.409953491995111,1.8472398309968412,1.2983744320081314,43.81297399503819,45.11138957104413
req_00527,ieee-activation-942891bfbe6347b2a3a855d442302144,658.7624683380127,696.2092457370018,15.514130648982245,8.682469893014058,6.764767398999538,1.541281612997409,1.0079191309923772,3.936208714003442,33.510549326980254,37.44677739898907
req_00528,ieee-activation-942891bfbe6347b2a3a855d442302144,660.4774379730225,718.249140305008,14.197691366978688,2.040768639999442,25.27013608100242,8.658823229998234,2.1905019429977983,5.413781071008998,52.35788928497641,57.77170233198558
req_00529,ieee-activation-942891bfbe6347b2a3a855d442302144,664.9631328582764,728.5298732780066,10.735890602722066,7.259676881003543,40.16437160100031,4.372968946001492,0.009751853998750448,1.0240805350040318,62.542626449721865,63.566740419730195
req_00530,ieee-activation-6c14ba67edf54cc9b80193ddbf12449f,665.247652053833,718.2481321310042,19.668841398175573,22.488367470999947,1.8591170509898802,4.10314457800996,0.0820454609929584,4.798964118002914,48.20148614617938,53.00048007717123
req_00531,ieee-activation-8411c4186c2c42b492909f7cff30a66f,666.9545402526855,722.221128049001,17.962158837312018,22.946542951001902,7.397028157007298,0.848800523992395,2.0082543730095495,4.103802953992272,51.16277233231813,55.266587796315434
req_00532,ieee-activation-6c14ba67edf54cc9b80193ddbf12449f,669.9146118164062,713.6654331570026,15.002193775595515,23.33801680599572,1.0095173099980457,2.3165265720017487,1.253116610008874,0.8314502669963986,42.91936103560147,43.7508213405963
req_00533,ieee-activation-59da24158a1045ee92d55d692e9c3b84,670.3503723144531,719.380638172006,15.547395729547134,22.364713949005818,0.9635824209981365,6.678467734003789,2.207053948994144,1.2690520750038559,47.761188040545676,49.03026585755288
req_00534,ieee-activation-6c14ba67edf54cc9b80193ddbf12449f,671.1294765472412,746.3107451609976,15.076096493765363,23.00541005699779,29.880509529000847,2.3092064980010036,2.616601597997942,2.2934444379934575,72.88780071777,75.1812686137564
req_00535,ieee-activation-942891bfbe6347b2a3a855d442302144,675.0894374847412,718.1780397959956,11.276109763261047,21.498302150997915,0.3972913030011114,1.7151145249954425,2.8244636849995004,5.377320883999346,37.71125638225931,43.08860231125436
req_00536,ieee-activation-6c14ba67edf54cc9b80193ddbf12449f,675.1269340515137,715.2764833580004,14.954163629488903,17.178552283003228,1.850219271989772,2.4861234960117145,1.236770000992692,2.4437206250004238,37.705760143493535,40.14954930648673
req_00537,ieee-activation-59da24158a1045ee92d55d692e9c3b84,676.181999206543,718.2973201400018,15.16265281145752,16.06357651000144,1.3147632750042249,2.7623391870001797,1.351045206989511,5.4609439430059865,36.65434257144807,42.11532093345886
req_00538,ieee-activation-6c14ba67edf54cc9b80193ddbf12449f,678.0487995147705,718.643932595005,13.296243574237451,17.44640805099334,0.472965123000904,5.227872303992626,3.525608470008592,0.6260355580016039,39.96907537523657,40.59513308023452
req_00539,ieee-activation-6c14ba67edf54cc9b80193ddbf12449f,680.7611999511719,718.6447693359951,11.213404614827596,15.786737697009812,1.5028095519955968,5.22813675198995,3.5247962920111604,0.6276844769890886,37.2558626398386,37.883569384823204
req_00540,ieee-activation-6c14ba67edf54cc9b80193ddbf12449f,681.4145526885986,716.0190452270035,14.875276118400507,11.745207105996087,1.2292181680095382,0.5697888339927886,2.989906909002457,3.1950954030035064,31.409363095401204,34.604492538404884
req_00541,ieee-activation-59da24158a1045ee92d55d692e9c3b84,681.7100963592529,746.8265449949977,36.40945426974213,25.439034810013254,0.0780336809984874,2.405108075996395,0.20684381799947005,0.5779739809950115,64.53846256773977,65.11644863574475
req_00542,ieee-activation-6c14ba67edf54cc9b80193ddbf12449f,681.7114963531494,715.2467129380093,19.483762008851045,8.771207156998571,0.08408721900195815,0.38658294500783086,2.3986811799986754,2.4108960750018014,31.124294780849596,33.53521658485988
req_00543,ieee-activation-59da24158a1045ee92d55d692e9c3b84,682.9628162384033,732.9606020860083,18.628784735599766,6.385094800993102,9.609139983003843,7.344611260006786,2.2910005879966775,5.7391544800047996,44.25859221760766,49.99778584760497
req_00544,ieee-activation-942891bfbe6347b2a3a855d442302144,683.4329833984375,717.5611491589952,18.224015607571346,6.703834588988684,0.3931451110111084,1.0367984749900643,0.5120374140096828,7.258334563986864,26.869793632577057,34.12816576055775
req_00545,ieee-activation-942891bfbe6347b2a3a855d442302144,684.8679046630859,718.1910996649967,16.78945253691927,5.811368177994154,0.7907867670000996,3.106016186007764,1.4695832759898622,5.355988057999639,27.96718243791838,33.32319500191079
req_00546,ieee-activation-942891bfbe6347b2a3a855d442302144,684.9014644622803,745.3508577600005,17.296719352714717,40.4875527430122,0.06786787899909541,0.4838490609981818,0.7823576310038334,1.3310466309922049,59.11830464472587,60.449393297720235
req_00547,ieee-activation-8411c4186c2c42b492909f7cff30a66f,685.708345413208,732.6548747229972,17.087020083796233,5.988591718996759,14.342558895004913,1.212405956001021,3.1579117809887975,5.158040875001461,41.78845023478789,46.946529309789184
req_00548,ieee-activation-59da24158a1045ee92d55d692e9c3b84,685.7299537658691,733.1484253070084,19.761879759127623,2.7621880090009654,14.020866646009381,5.094219412989332,0.13317538000410423,5.646142334007891,41.77229157013062,47.4184715411393
req_00549,ieee-activation-8411c4186c2c42b492909f7cff30a66f,688.3831615447998,767.7058740290086,17.10917621020053,3.29484157099796,53.37179933600419,1.9011094979941845,1.7242428540048422,1.921543015007046,77.40113863520673,79.32271248420875
req_00550,ieee-activation-59da24158a1045ee92d55d692e9c3b84,689.2039127349854,753.1677312819957,26.052217255011783,28.426817650004523,2.6536813949933276,1.8221026510000229,1.9069895290012937,3.1020100669993553,60.86177012200642,63.963818547010305
req_00551,ieee-activation-59da24158a1045ee92d55d692e9c3b84,692.1133842468262,753.1674248369964,23.162523242179304,27.322956402989803,0.07282866901368834,6.973927345999982,0.4101821699878201,3.111622759999591,57.942399705178104,61.05404059017019
req_00552,ieee-activation-8411c4186c2c42b492909f7cff30a66f,694.1796321868896,718.118301392009,2.111174346107873,12.495033907005563,0.6286716269969475,2.231943852006225,1.1922053129965207,5.279640160006238,18.65898938110331,23.938669205119368
req_00553,ieee-activation-6c14ba67edf54cc9b80193ddbf12449f,694.2502727508545,805.4136891630042,21.710145308141364,27.538326365000103,50.585311982998974,4.595701825004653,2.1811435380077455,4.552787392996834,106.61059842514805,111.16341641214967
req_00554,ieee-activation-942891bfbe6347b2a3a855d442302144,694.5786819458008,752.8657478609966,23.418276127194986,25.686222805001307,0.07044477600720711,3.6743024030001834,2.6290271479956573,2.8087926559965126,55.478242719196714,58.28706591519585
req_00555,ieee-activation-6c14ba67edf54cc9b80193ddbf12449f,695.1174736022949,753.4073948099976,22.89914219370985,25.662841308003408,0.006909922987688333,6.60532691499975,2.3107577910122927,0.8049430769897299,57.484959603709285,58.28992120770272
req_00556,ieee-activation-6c14ba67edf54cc9b80193ddbf12449f,695.7966728210449,753.4087654519972,22.32089786195138,25.560685626012855,0.007324066988076083,6.606113565998385,2.310482705011964,0.8065888049895875,56.805490280952654,57.61209263095225
req_00557,ieee-activation-942891bfbe6347b2a3a855d442302144,697.7482814788818,755.6428816160042,20.43101696712256,25.497112773999106,2.504220389004331,5.454625277998275,0.9679216200020164,3.0397031089960365,54.854856690129964,57.894600137122325
req_00558,ieee-activation-942891bfbe6347b2a3a855d442302144,703.7291297912598,755.6434948259994,14.465639862741227,25.416286641004262,0.06360323399712797,7.033244050995563,1.8950333950051572,3.040557850996265,48.87379038473591,51.9143650347396
req_00559,ieee-activation-8411c4186c2c42b492909f7cff30a66f,704.0724029541016,753.2118345700001,14.226836152898613,25.427925063995644,3.7538317310099956,1.123783959003049,1.4612614599900553,3.1457932490011444,45.99360177190101,49.1394316158985
req_00560,ieee-activation-8411c4186c2c42b492909f7cff30a66f,706.3351058959961,805.4144231870014,11.964621400999022,34.86469857300108,44.44349935500941,1.4979741699935403,2.053125425998587,4.2553983660036465,94.82388898498903,99.07931729100528
req_00561,ieee-activation-8411c4186c2c42b492909f7cff30a66f,707.4752979278564,753.5101140729967,10.82476550913998,24.476968601011322,3.0142094529874157,2.5745982000080403,1.690696821999154,3.453577559994301,42.581213276134804,46.03481614514021
req_00562,ieee-activation-942891bfbe6347b2a3a855d442302144,709.9958419799805,752.8646467750077,8.304587505015661,25.37974240000767,0.07314308699278627,4.749629559009918,1.5548413130018162,2.8068609309993917,40.061925948015414,42.868804795027245
req_00563,ieee-activation-6c14ba67edf54cc9b80193ddbf12449f,711.9011383056641,761.7390204109979,6.400050146345166,25.4067048089928,11.87576911499491,4.3788784540083725,1.3062798920000205,0.47019968899257947,49.36766139835527,49.83788210533385
req_00564,ieee-activation-942891bfbe6347b2a3a855d442302144,711.9978351593018,755.6420684629993,6.648162675701315,25.0356780620059,0.07183815499593038,7.0033524469909025,1.845845169009408,3.0393567949940916,40.6048547567043,43.64423330369755
req_00565,ieee-activation-942891bfbe6347b2a3a855d442302144,712.7567958831787,752.8628685739968,5.889446031826083,25.02472773900081,0.004573913989588618,3.488524601008976,2.893298433002201,2.805501971990452,37.300557305832626,40.10607269081811
req_00566,ieee-activation-8411c4186c2c42b492909f7cff30a66f,714.5312118530273,746.0891474480013,4.450663278970751,18.923173062998103,1.8285074140003417,3.785128090006765,0.499388860000181,2.0710748889978277,29.486820161968353,31.55793559497397
req_00567,ieee-activation-59da24158a1045ee92d55d692e9c3b84,717.2066822052002,753.1658020580071,2.1743814727960853,24.294113543001004,0.06242476400802843,3.891783086990472,2.4260362010099925,3.1103807850013254,32.84871986579674,35.95911985280691
req_00568,ieee-activation-8411c4186c2c42b492909f7cff30a66f,719.1475620269775,753.1270104430005,3.0950051420222735,21.438295804997324,0.07570608000969514,4.508597184001701,1.7898326059948886,3.072011598997051,30.90741256502224,33.97944841602293
req_00569,ieee-activation-8411c4186c2c42b492909f7cff30a66f,722.452033996582,750.051368187007,5.436205894424347,15.784203816001536,0.008701532991835847,2.4993884970026556,0.14100751199293882,3.7298269380116835,23.869472389415023,27.599334190424997
req_00570,ieee-activation-6c14ba67edf54cc9b80193ddbf12449f,723.711353302002,753.4060674339999,4.819258478994016,15.14331532100914,0.0098167980031576,6.584431514987955,2.32810103900556,0.8097909799980698,28.884888692991808,29.694714131997898
req_00571,ieee-activation-6c14ba67edf54cc9b80193ddbf12449f,724.1510887145996,753.1262015210086,8.519580040403525,11.117148167002597,3.337018487000023,2.267930620990228,0.670923905010568,3.062511586002074,25.91255917941453,28.975112806409015
req_00572,ieee-activation-59da24158a1045ee92d55d692e9c3b84,726.3189754486084,763.3277737370081,6.726224903395632,10.72434194899688,13.148315180995269,5.264622318005422,0.20424967299913988,0.9410442640073597,36.06773060139676,37.0087982883997
req_00573,ieee-activation-6c14ba67edf54cc9b80193ddbf12449f,726.546703338623,753.0444070840022,6.602085163380252,10.530435983993812,2.6696950510086026,1.0893275190028362,2.6179121369932545,2.9882478910003556,23.509434959385544,26.497703745379113
req_00574,ieee-activation-942891bfbe6347b2a3a855d442302144,726.6460475921631,756.328500003001,17.186148381835665,9.334631976002129,0.8367918739968445,0.32505276100710034,1.426880690996768,0.572946726999362,29.109484816828626,29.68245241083787
req_00575,ieee-activation-8411c4186c2c42b492909f7cff30a66f,726.6562232971191,756.8965309100022,17.36590013188834,9.488995105988579,0.6268091810052283,1.0192584470059955,0.5975880689948099,1.1417566780000925,29.098533013893757,30.240307612883043
req_00576,ieee-activation-942891bfbe6347b2a3a855d442302144,727.2441349029541,757.704211985998,18.107410980053828,7.971588537999196,0.6805995269969571,2.7841828989912756,0.18465063501207624,0.7316445039905375,29.728408780065365,30.46007708304387
req_00577,ieee-activation-8411c4186c2c42b492909f7cff30a66f,727.2459506988525,793.815572905005,48.01353981414286,8.909710863008513,0.012938718995428644,4.4730728389986325,4.0914064810058335,1.0689534900011495,65.50062704415177,66.56962220615242
req_00578,ieee-activation-59da24158a1045ee92d55d692e9c3b84,729.6849975585938,756.9705057620013,16.471198703409755,6.713799310004106,0.6366487229970517,1.3269290449970867,0.9206243070075288,1.216308114991989,26.069177837416646,27.285508203407517
req_00579,ieee-activation-59da24158a1045ee92d55d692e9c3b84,729.7649173736572,762.2161215840024,16.548576058339677,6.852773970007547,0.34049891600443516,6.211284009987139,1.5504831750004087,0.9475880810059607,31.503582120334613,32.45120421034517
req_00580,ieee-activation-6c14ba67edf54cc9b80193ddbf12449f,730.4853496551514,756.3892501100054,16.342588371844613,6.157831424003234,0.4156895380001515,0.5146674620045815,1.7560908279992873,0.7170328310021432,25.186834526844905,25.90390045485401
req_00581,ieee-activation-8411c4186c2c42b492909f7cff30a66f,732.414005279541,757.6160006819991,17.640511546458583,5.962593528005527,0.7135983749903971,0.24431535899930168,0.13562513900978956,0.5053514549945248,24.6966011524637,25.201995402458124
req_00582,ieee-activation-8411c4186c2c42b492909f7cff30a66f,732.936372756958,811.7645130210003,62.507830720045604,9.970699615005287,0.04398643699823879,2.019601062987931,2.737822134004091,1.548200295001152,77.27992231704411,78.8281402640423
req_00583,ieee-activation-59da24158a1045ee92d55d692e9c3b84,732.9374198913574,788.2186273499974,19.926797606647597,15.012255822002771,9.337103638987173,0.8089786040072795,5.380735055994592,4.815336731000571,50.46583790963632,55.28120745863998
req_00584,ieee-activation-6c14ba67edf54cc9b80193ddbf12449f,733.1364669799805,768.7121281500004,19.732087224023417,12.91285665599571,0.005268584005534649,2.245150697999634,0.09031441999832168,0.589983587997267,34.98564144602278,35.575661170019885
req_00585,ieee-activation-6c14ba67edf54cc9b80193ddbf12449f,733.206995010376,768.3691381560056,19.66184776062437,12.91036501400231,0.006348865004838444,1.7501289759966312,0.04221730699646287,0.7912352230050601,34.37088766261877,35.16214314562967
req_00586,ieee-activation-6c14ba67edf54cc9b80193ddbf12449f,734.2274417877197,774.9966023699963,18.896861550281756,12.657779674002086,0.00405638299707789,5.003890047999448,0.9175008809979772,3.289072045998182,37.48006524928496,40.76916058227653
req_00587,ieee-activation-59da24158a1045ee92d55d692e9c3b84,734.228816986084,811.8507125600008,18.89852175291162,14.608814713006723,39.63893297300092,2.066860609993455,1.4385333969985368,0.9702321280055912,76.65164786190144,77.62189557391685
req_00588,ieee-activation-8411c4186c2c42b492909f7cff30a66f,735.0324726104736,795.4428317950078,18.095045307534747,13.23170888099412,27.73082880700531,0.2657623809936922,0.5491028810065472,0.5379109269997571,59.87243906354706,60.41035918453417
req_00589,ieee-activation-8411c4186c2c42b492909f7cff30a66f,735.23606300354,776.032318779995,17.93007321745972,13.191663200006587,0.8614880319946678,5.615349369996693,1.9642834780097473,1.2333984789875103,39.5628420234716,40.79625577645493
req_00590,ieee-activation-59da24158a1045ee92d55d692e9c3b84,735.6778564453125,787.6688630730059,17.491180965691456,13.922807793991524,8.512018945009913,1.9520178090024274,5.8191871929884655,4.293793921009637,47.69718893368554,51.99100662769342
req_00591,ieee-activation-942891bfbe6347b2a3a855d442302144,737.4755764007568,806.1272524579981,15.693605480249971,12.614218552989769,31.974472940011765,1.7662075979897054,1.6346630030020606,4.968508482998004,63.683154629252385,68.65167605724127
req_00592,ieee-activation-8411c4186c2c42b492909f7cff30a66f,738.3517837524414,774.945050262002,14.860799998554285,13.509180088003632,0.8854596610035514,1.5390619060053723,2.559552630991675,3.2392122250021202,33.35402397955477,36.593266509560635
req_00593,ieee-activation-942891bfbe6347b2a3a855d442302144,738.9691200256348,840.2611122369999,14.440646473361994,12.314718042005552,69.20177349599544,0.9336289560014848,1.6429832690046169,2.7582419749960536,98.5337206703698,101.29199221136514
req_00594,ieee-activation-8411c4186c2c42b492909f7cff30a66f,739.2312240600586,774.9974289509992,14.178911012946628,13.871403646990075,0.326554440005566,1.5381922460073838,2.559204230987234,3.2919393140036846,32.47424695594236,35.76620489094057
req_00595,ieee-activation-59da24158a1045ee92d55d692e9c3b84,739.2317047119141,775.2561108950031,14.178600160084898,13.750485076001496,0.7748458779969951,2.333027779997792,1.5521910680108704,3.435256220996962,32.589131663087755,36.02440618308901
req_00596,ieee-activation-8411c4186c2c42b492909f7cff30a66f,739.2588729858398,850.1720988570014,66.23958200616471,40.33381695499702,0.951978778000921,0.2808530780021101,1.062179088999983,2.0448159649968147,108.86838381516282,110.91322587116156
req_00597,ieee-activation-942891bfbe6347b2a3a855d442302144,739.2589206695557,776.9378176610044,16.412681536443415,10.05337874100951,2.9760962779982947,5.306431360993884,0.7926151300052879,2.1376939449983183,35.541180334446835,37.67889699144871
req_00598,ieee-activation-942891bfbe6347b2a3a855d442302144,739.691743850708,823.6970887110074,15.980070357298246,8.295114360997104,49.858234706000076,5.160014667999349,1.5600189910037443,3.1518917770008557,80.85344138029905,84.00534486029937
req_00599,ieee-activation-8411c4186c2c42b492909f7cff30a66f,739.9722232818604,774.9433643560042,15.69966219914204,10.404326040006708,1.1428885639907094,2.573951414000476,1.9120780929952161,3.2382347640086664,31.732899163136608,34.971141074143816
req_00600,ieee-activation-942891bfbe6347b2a3a855d442302144,739.9804553985596,775.1495519370073,16.348848729438032,9.45335349800007,0.34924418599985074,3.100000552003621,2.5973942099954,3.3202553630108014,31.84880161442561,35.169096538447775
req_00601,ieee-activation-59da24158a1045ee92d55d692e9c3b84,740.0067901611328,775.2553827820084,16.528943505865755,10.74839448700368,1.0069034960033605,1.8273046410031384,1.7112713679962326,3.4257751230034046,31.822797335873474,35.24859262087557
req_00602,ieee-activation-942891bfbe6347b2a3a855d442302144,740.7669906616211,775.1479759820068,16.134966682380764,8.770029378007166,0.05730790698726196,4.407841371008544,1.6834419709921349,3.327398011009791,31.05356504037627,34.38098532038566
req_00603,ieee-activation-942891bfbe6347b2a3a855d442302144,741.9301662445068,775.1957314040046,14.97201265548938,8.877990458000568,0.35155283300264273,3.1001801730017178,2.5988913559995126,3.364937684003962,29.90060573448136,33.26556515949778
req_00604,ieee-activation-8411c4186c2c42b492909f7cff30a66f,742.2336864471436,772.3689473400009,14.737746155864443,10.128000279000844,0.507908077997854,1.0182102039980236,0.0859356759901857,3.657460500005982,26.47774580985424,30.135260892857332
req_00605,ieee-activation-942891bfbe6347b2a3a855d442302144,742.2344551086426,775.1501422470028,15.383410172362346,8.162897465997958,0.35108144499827176,4.6412062300078105,1.0579544659995008,3.3191373589943396,29.596517239362583,32.91568713836023
req_00606,ieee-activation-6c14ba67edf54cc9b80193ddbf12449f,742.591272354126,771.925085231007,15.113770951880724,9.395911043990054,0.13542362600855995,0.947519030989497,0.41715203200874384,3.3240361920034047,26.00973926388542,29.333812876880984
req_00607,ieee-activation-59da24158a1045ee92d55d692e9c3b84,742.5919208526611,796.3241984650085,19.147926104342332,4.924455533997389,27.445133123008418,0.3089650669862749,0.4870603830058826,1.4187374010070926,52.31349666733877,53.73227761234739
req_00608,ieee-activation-6c14ba67edf54cc9b80193ddbf12449f,742.8568496704102,775.148910732998,19.361264647595817,3.9286122619960224,0.8459629050048534,3.4281161169928964,1.286996976006776,3.4411081549915252,28.85091256960004,32.29206106258789
req_00609,ieee-activation-6c14ba67edf54cc9b80193ddbf12449f,742.8583850860596,771.9549760030059,20.470533357947716,3.068098783987807,0.5960004280059366,1.15807763900375,0.22041499899933115,3.583465709001757,25.513061789955827,29.096590916946298
req_00610,ieee-activation-6c14ba67edf54cc9b80193ddbf12449f,742.8841133117676,784.8424301600026,24.47062839823775,8.62076393100142,0.8647638729889877,0.6316086139995605,5.903836119003245,1.466715913004009,40.49156424222747,41.95831684823497
req_00611,ieee-activation-8411c4186c2c42b492909f7cff30a66f,743.1907997131348,784.7102263910056,24.516004972872906,8.76674332699622,0.2592934319982305,0.5389591749990359,6.060209784001927,1.378215987002477,40.14119182687136,41.5194266778708
req_00612,ieee-activation-8411c4186c2c42b492909f7cff30a66f,743.1973361968994,784.7840181920037,25.173000535098254,8.08994807000272,0.2724372759985272,0.4857370990066556,5.720245331991464,1.8453136830066796,39.74132833009935,41.5866819951043
req_00613,ieee-activation-6c14ba67edf54cc9b80193ddbf12449f,743.633695602417,785.7163057220023,25.083006353583187,7.758208646002458,0.36550749400339555,0.6589618860016344,5.903564348991495,2.313361391003127,39.76922158958041,42.0826101195853
req_00614,ieee-activation-6c14ba67edf54cc9b80193ddbf12449f,743.6939353942871,837.5651288829977,28.253270723711466,4.903219516010722,55.00898362399312,1.3371975189947989,1.3284386700106552,3.0400834359898,90.83105946271098,93.87119348871056
req_00615,ieee-activation-6c14ba67edf54cc9b80193ddbf12449f,743.6939907073975,800.3364533389977,28.54821917260415,4.997748965994106,17.767476027001976,1.2223453860060545,0.5326806859957287,3.5739923939981963,53.06844916360569,56.64246263160021
req_00616,ieee-activation-6c14ba67edf54cc9b80193ddbf12449f,744.1981506347656,834.9797645009967,29.82900273024279,2.4499461639934452,51.38956508600677,5.276972633990226,1.3731520540022757,0.4629751979955472,90.31861322524492,90.78161386623105
req_00617,ieee-activation-8411c4186c2c42b492909f7cff30a66f,744.1983108520508,785.7299996740039,30.80017717795272,8.374068100994918,0.5640943010075716,0.4192954250029288,0.2850502099900041,1.0890036070049973,40.44264546794875,41.53168882195314
req_00618,ieee-activation-59da24158a1045ee92d55d692e9c3b84,744.2376308441162,794.539143078,30.761334038892528,9.174920466990443,0.8996845750079956,1.4421999999904074,6.23132336200797,1.792049790994497,48.50942535889044,50.30151223388384
req_00619,ieee-activation-59da24158a1045ee92d55d692e9c3b84,744.4913597106934,794.3152605930081,30.50826732731366,9.844589264990645,0.23062372001004405,2.1073252099886304,5.564699086011387,1.5683962740004063,48.25546567431593,49.823900882314774
req_00620,ieee-activation-8411c4186c2c42b492909f7cff30a66f,744.7863750457764,785.7288901309948,30.213476866221754,8.373815553000895,0.5632081420044415,0.5052059619920328,0.20051923001301475,1.086289331986336,39.856200446229195,40.942515085218474
req_00621,ieee-activation-59da24158a1045ee92d55d692e9c3b84,744.8749656677246,794.3174926259962,30.276185460272245,9.487672792005469,0.4348960839997744,1.576913954995689,6.096914627007209,1.5699440399912419,47.87254523827869,49.44252695827163
req_00622,ieee-activation-6c14ba67edf54cc9b80193ddbf12449f,744.8835258483887,792.4683916860085,30.268204582607723,8.252909227012424,0.6232475329888985,0.20201765700767282,0.41080403099476825,7.827682807008387,39.75716036860831,47.58486583761987
req_00623,ieee-activation-6c14ba67edf54cc9b80193ddbf12449f,745.3138370513916,845.4071394259954,29.83831120560353,9.083182480011601,56.88745592698979,0.6750386860076105,3.2900954270007787,0.3192186489904998,99.77404465060681,100.09330237460381
req_00624,ieee-activation-8411c4186c2c42b492909f7cff30a66f,745.5752849578857,756.8971530940034,0.27156807111168746,7.362958498997614,0.6852301780018024,0.597365047011408,1.261160137000843,1.1435862039943459,10.17824513312371,11.3218681361177
req_00625,ieee-activation-942891bfbe6347b2a3a855d442302144,745.5950927734375,794.7714896850084,29.557297513558296,8.31133126700297,1.8153297000098974,1.453610722994199,6.013640831006342,2.0251868769992143,47.151175345570664,49.17639691157092
req_00626,ieee-activation-8411c4186c2c42b492909f7cff30a66f,746.1940116882324,816.4927055599983,29.066003358762828,30.198112207013764,7.9740083159995265,0.3189901879959507,2.348312674992485,0.39326712700130884,69.90539843575971,70.29869387176586
req_00627,ieee-activation-942891bfbe6347b2a3a855d442302144,746.2010765075684,794.5692668270058,29.0591331464384,9.383877549000317,0.6356798990018433,1.4781447489949642,5.98992207799165,1.8214328980102437,46.54673517742776,48.36819031943742
req_00628,ieee-activation-6c14ba67edf54cc9b80193ddbf12449f,746.2936592102051,857.2416525029985,28.967201576801017,73.7053645519918,0.6078074240067508,0.928548645999399,5.181684062001295,1.5573870319931302,109.39058080880204,110.9479932927934
req_00629,ieee-activation-942891bfbe6347b2a3a855d442302144,746.3023872375488,794.5378128349985,29.730619366455358,9.001866457998403,0.5718661900027655,1.112404137995327,6.028174122999189,1.7904953219986055,46.444894813452265,48.23542559744965
req_00630,ieee-activation-6c14ba67edf54cc9b80193ddbf12449f,746.5296440124512,812.3478628010052,30.413658063553157,28.41086294100387,0.06265208599506877,5.355388095995295,0.19123628801025916,1.3844213139964268,64.43376276256458,65.81821878855408
req_00631,ieee-activation-6c14ba67edf54cc9b80193ddbf12449f,746.9184284210205,823.7826762010081,37.86494090898486,20.63280847200076,11.406329359990195,1.2554038829985075,2.6266824350022944,3.0780827210110147,73.786137751973,76.86424777998764
req_00632,ieee-activation-8411c4186c2c42b492909f7cff30a66f,746.9450855255127,821.2589272330079,37.89824116049567,18.686831364000682,7.346014523995109,5.9516055779968156,3.771004765003454,0.660144316003425,73.6536547805008,74.31384170749516
req_00633,ieee-activation-942891bfbe6347b2a3a855d442302144,747.738374710083,812.9622143919987,37.1052658179251,21.986529206988052,1.0179740989988204,0.6700346280122176,2.4430307909933617,2.0010051389981527,63.22281390192802,65.2238396819157
req_00634,ieee-activation-59da24158a1045ee92d55d692e9c3b84,747.7557106018066,811.8491038619977,37.97107814218907,21.549157840010594,0.10210723298951052,1.0894846120063448,2.494705253993743,0.8868601790018147,63.2064898491808,64.09339326019108
req_00635,ieee-activation-59da24158a1045ee92d55d692e9c3b84,748.1101188659668,811.867506857001,37.891440401028376,20.126356515000225,1.2470210500032408,1.0926015970035223,2.49433549499372,0.9056329330051085,62.851732245020685,63.75738799103419
req_00636,ieee-activation-8411c4186c2c42b492909f7cff30a66f,748.2432880401611,811.7667550229962,37.75876301284006,17.436740346995066,0.004987605003407225,5.545198567997431,1.7958375260059256,0.9819399239931954,62.541517892837874,63.52346698283509
req_00637,ieee-activation-8411c4186c2c42b492909f7cff30a66f,749.0707359313965,811.7723739540088,39.08860262460075,17.25259431899758,0.04675731700262986,1.8146112590038683,0.3480867939942982,4.1509857090131845,58.55062370358792,62.701638022612315
req_00638,ieee-activation-59da24158a1045ee92d55d692e9c3b84,750.5180397033691,811.8499373000086,41.87352449163154,14.060419034998631,0.9231590560084442,1.1477804819878656,2.4385345990012866,0.8884799330116948,60.44339563862013,61.331897596639465
req_00639,ieee-activation-6c14ba67edf54cc9b80193ddbf12449f,750.7867031097412,812.3468642930093,41.953583602255094,12.676392859008047,0.011397366994060576,1.86822119000135,0.3247996940044686,4.725766471005045,56.83437370225147,61.560161183268065
req_00640,ieee-activation-8411c4186c2c42b492909f7cff30a66f,751.5154399871826,811.2938830130006,42.30216681981983,11.535650770005304,0.008597105988883413,1.8428093450056622,0.21826227399287745,3.8709567110054195,55.90746645780746,59.77844302581798
req_00641,ieee-activation-59da24158a1045ee92d55d692e9c3b84,751.5290241241455,811.8516291310079,42.78772312885849,12.141011585001252,0.9174200749985175,1.229730406004819,2.3581868009932805,0.888533011006075,59.43403386886348,60.32260500686243
req_00642,ieee-activation-6c14ba67edf54cc9b80193ddbf12449f,751.5684242248535,807.4756438799959,43.20242781114939,8.668714037004975,0.0737587929907022,1.2210335450072307,0.8582903770002304,1.8829950919898693,54.02420475614781,55.9072196551424
req_00643,ieee-activation-942891bfbe6347b2a3a855d442302144,751.5688400268555,823.6961660009983,43.2022906721395,12.000023757005692,10.400550585996825,0.6369850339979166,2.896122408012161,2.9913535169907846,69.13596176615101,72.12732597414288
req_00644,ieee-activation-59da24158a1045ee92d55d692e9c3b84,751.8690395355225,811.8702721209993,42.90215683047427,12.209331065998413,0.39470805501332507,0.9468830119876657,2.641613708008663,0.906539913994493,59.09468382348132,60.00123258547683
req_00645,ieee-activation-6c14ba67edf54cc9b80193ddbf12449f,752.3812141418457,767.3538686530082,0.4147306871600449,12.634669669001596,0.06535106699448079,0.1974224099976709,0.10948100600217003,1.5509996720065828,13.421621077155578,14.972654511162546
req_00646,ieee-activation-59da24158a1045ee92d55d692e9c3b84,752.4059982299805,821.5230968359974,42.36527370901604,12.504090058006113,9.570180077003897,1.3792909139883704,2.479439581002225,0.8188242670003092,68.29826362301537,69.11709860601695
req_00647,ieee-activation-942891bfbe6347b2a3a855d442302144,752.4333419799805,835.2792369859962,42.42060435701569,11.366080464009428,21.657659919001162,4.7895180429914035,1.8499574570014374,0.7620747659966582,82.08379217500624,82.84589500601578
req_00648,ieee-activation-942891bfbe6347b2a3a855d442302144,753.1509647369385,812.9637171450013,43.176754542058916,11.032121577998623,0.7825459750019945,0.5402137500059325,2.2782731229963247,2.0028434400010156,57.809865476054256,59.812752408062806
req_00649,ieee-activation-8411c4186c2c42b492909f7cff30a66f,753.279972076416,857.3222485180013,47.16509445258998,47.42527327199059,0.18886617400858086,3.436992957998882,4.187598504999187,1.638451079998049,102.40380765858572,104.04227644158527
req_00650,ieee-activation-59da24158a1045ee92d55d692e9c3b84,753.4651718139648,775.2571639590024,0.04550617503991816,12.56729034500313,1.5585466259944951,2.1513342069956707,2.047969279010431,3.4213455129938666,18.370629514043685,21.79199214503751
req_00651,ieee-activation-6c14ba67edf54cc9b80193ddbf12449f,753.9747562408447,867.856439715004,51.52465438115178,42.31213723101246,10.674975158995949,3.3108580300031463,0.5884938649978722,5.4705648079980165,108.4111071821535,113.88168347415922
req_00652,ieee-activation-59da24158a1045ee92d55d692e9c3b84,753.9820766448975,856.9025450900081,52.20328416410484,41.68615769299504,0.06778397801099345,7.3824539899942465,0.8541001410048921,0.7266884790005861,102.19374828510627,102.9204684451106
req_00653,ieee-activation-59da24158a1045ee92d55d692e9c3b84,754.1477317810059,856.9016869860061,53.463695690996246,40.31058865900559,0.09816681098891422,5.381731960005709,2.774139583998476,0.7256325000053039,102.02829282199673,102.75395520500024
req_00654,ieee-activation-59da24158a1045ee92d55d692e9c3b84,754.1613864898682,935.647748383999,123.65740529613686,8.016386513991165,39.95813917400665,2.544109791997471,0.43801451299805194,6.872306605000631,174.61404328313074,181.48636189413082
req_00655,ieee-activation-942891bfbe6347b2a3a855d442302144,754.6924114227295,857.630272955008,56.6028921402758,36.3634244989953,0.09033784300845582,3.925963347996003,4.498361717996886,1.4568819840060314,101.4809407012799,102.93786153227848
req_00656,ieee-activation-8411c4186c2c42b492909f7cff30a66f,754.7201480865479,852.849697719008,57.045532250456745,35.89091696499963,0.005613689994788729,1.8146752360044047,0.5887966260052053,2.7840148649993353,95.34551521347021,98.12954963246011
req_00657,ieee-activation-6c14ba67edf54cc9b80193ddbf12449f,754.7296752929688,850.6802823990001,57.04465251903457,36.14627467999526,0.10977898200508207,1.9574768140009837,0.08040886399976443,0.6120152469957247,95.33857027103659,95.95060710603138
req_00658,ieee-activation-59da24158a1045ee92d55d692e9c3b84,754.730396270752,857.909718890005,57.04446351825027,37.97360485099489,6.47665471000073,0.49558203300694004,0.46019502299895976,0.7288224840012845,102.45048969025083,103.17932261925307
req_00659,ieee-activation-6c14ba67edf54cc9b80193ddbf12449f,754.7318363189697,850.679500186001,57.13684801902855,35.99938394399942,0.03231054100615438,1.7138003699947149,0.4517852910066722,0.6135357019957155,95.33407262002584,95.94766386703122
req_00660,ieee-activation-59da24158a1045ee92d55d692e9c3b84,755.692892074585,869.5853969970049,56.17606543941656,38.16409779099922,7.88971015100833,5.188506385995424,3.1650896969949827,3.3090354580053827,110.58343102141225,113.8925049224199
req_00661,ieee-activation-942891bfbe6347b2a3a855d442302144,756.3445491790771,869.9368861730036,55.524727047930355,36.69550318199617,19.807559559994843,0.20105258500552736,0.5494104969984619,0.814084122001077,112.77821202193445,113.59233699392644
req_00662,ieee-activation-6c14ba67edf54cc9b80193ddbf12449f,756.3672695159912,857.2403856989986,55.502275236009154,36.871964374004165,0.832410044997232,2.2734709399956046,3.8366722030041274,1.5563233849970857,99.31676214300387,100.87311618300737
req_00663,ieee-activation-6c14ba67edf54cc9b80193ddbf12449f,758.1612129211426,857.2438729139976,53.70847489986045,36.64412734100188,1.0599324990034802,5.129120728990529,1.4727856620011153,1.0682188619975932,98.01442365985713,99.08265999285504
req_00664,ieee-activation-6c14ba67edf54cc9b80193ddbf12449f,760.5907249450684,857.2393902839976,51.61620275193127,37.423402857995825,0.20242535800207406,4.923723117011832,1.4180609849863686,1.0648502690019086,95.58378505591827,96.64866533892928
req_00665,ieee-activation-8411c4186c2c42b492909f7cff30a66f,761.0121154785156,858.0661441560078,51.33537134248763,37.686059586005285,0.026692575993365608,3.4502468459977536,2.6647076700028265,1.8909506570053054,95.16305600249325,97.05402867749217
req_00666,ieee-activation-942891bfbe6347b2a3a855d442302144,761.8438034057617,868.4399909549975,50.712954277245444,36.01086475599732,10.589227841992397,4.981274739999208,2.136851031013066,2.1650149029883323,104.43115069124906,106.59618754923576
req_00667,ieee-activation-59da24158a1045ee92d55d692e9c3b84,761.9547634124756,856.9028231609991,51.00827475952974,35.77914494599099,0.7815525960031664,5.890635706004105,0.7988344539917307,0.6896172870037844,94.25839646652457,94.94805974852352
req_00668,ieee-activation-59da24158a1045ee92d55d692e9c3b84,767.5579147338867,856.9030890249996,45.478099354120786,35.931798117992,0.5560320759977913,5.890527138006291,0.7604062640020857,0.7283113409939688,88.61683879113116,89.34517429111293
req_00669,ieee-activation-8411c4186c2c42b492909f7cff30a66f,767.8448505401611,858.0650499860058,48.64942398684798,31.71627910499228,0.025370093004312366,4.58623494800122,3.3528289399982896,1.8900623730005464,88.33008429885376,90.22019944584463
req_00670,ieee-activation-59da24158a1045ee92d55d692e9c3b84,771.0560512542725,856.9023031170072,50.205378485727124,28.428891122995992,0.14219608700659592,3.123594642005628,3.2181651899882127,0.7280263350112364,85.11820288671879,85.84625186273479
req_00671,ieee-activation-942891bfbe6347b2a3a855d442302144,771.955659866333,857.6288537360088,49.56815985367575,27.478683859997545,1.038919837999856,1.8017504759918666,4.329936278008972,1.4557435640017502,84.21743020167924,85.67319386967574
req_00672,ieee-activation-8411c4186c2c42b492909f7cff30a66f,772.5241413116455,868.8780238600011,51.28675451336312,24.112237007997464,13.684255920001306,0.9884719159890665,0.1497109510091832,6.132452239995473,90.22140642037266,96.35388254835561
req_00673,ieee-activation-942891bfbe6347b2a3a855d442302144,774.3951168060303,889.2988473709993,49.41597030297271,24.644528364005964,32.286866742986604,0.48361231200397015,5.486183765009628,2.5865690779901342,112.31713425597991,114.90373056496901
req_00674,ieee-activation-59da24158a1045ee92d55d692e9c3b84,775.1509418487549,856.2802996329992,48.660240379249444,24.75703484499536,0.9553371700021671,0.4993687590031186,0.046376629994483665,6.211000000999775,74.91834957324318,81.12935778424435
req_00675,ieee-activation-8411c4186c2c42b492909f7cff30a66f,777.4223403930664,868.952653062006,57.55807619493862,13.04819972999394,9.252135175003787,6.135676460005925,2.8580927820003126,2.6781323269970017,88.85214192794228,91.53031266893959
req_00676,ieee-activation-942891bfbe6347b2a3a855d442302144,777.5935230255127,869.1841753659974,57.68637955648592,13.780647862004116,7.165450045999023,9.606538402003935,1.96354717099166,1.3880893030000152,90.2025324364804,91.59065234048467
req_00677,ieee-activation-8411c4186c2c42b492909f7cff30a66f,778.5939235687256,857.3230570510059,58.974702532272204,11.35036460000265,0.740401892006048,1.211888423000346,4.813207603001501,1.6385684319975553,77.09052462027466,78.7291334822803
req_00678,ieee-activation-942891bfbe6347b2a3a855d442302144,779.3605880737305,869.1826518529997,61.01372123527108,8.544268184006796,12.701146209990839,2.1059203909971984,4.21094449001248,1.246063268990838,88.57596557427314,89.82206377926923
req_00679,ieee-activation-6c14ba67edf54cc9b80193ddbf12449f,779.4779319763184,876.647330050997,65.92999163168133,4.662963775001117,20.24321370200778,0.6874709639960201,0.5443663600017317,5.101391641990631,92.06797273068514,97.16939807467861
req_00680,ieee-activation-59da24158a1045ee92d55d692e9c3b84,779.9428672790527,866.0090528080036,70.23001148995536,9.40278877899982,0.8990118819929194,1.4613791339943418,0.48136544300359674,3.5916288010048447,82.47453426895663,86.06618552895088
req_00681,ieee-activation-59da24158a1045ee92d55d692e9c3b84,779.9674186706543,868.726324814008,70.71347130734648,9.140672540001106,0.6535439809958916,3.8252072489995044,1.9762936610059114,2.449717405004776,86.30916237435304,88.75890614335367
req_00682,ieee-activation-59da24158a1045ee92d55d692e9c3b84,780.0731143951416,869.5796965000045,70.60798720485764,8.775930475996574,1.0175304670119658,5.68939783499809,1.7737384799984284,1.6419976420002058,87.86457036585489,89.5065821048629
req_00683,ieee-activation-8411c4186c2c42b492909f7cff30a66f,780.2740421295166,862.5585931819951,75.38814231049037,3.7933555759955198,0.13969543599523604,2.1735729979991447,0.04539523999847006,0.7443894919997547,81.54013648448745,82.28455105247849
req_00684,ieee-activation-6c14ba67edf54cc9b80193ddbf12449f,780.6588268280029,889.381568154,75.62272728700191,3.488287810992915,23.190851325998665,0.2740273320086999,3.5578999869903782,2.588947583004483,106.13374933699379,108.72274132599705
req_00685,ieee-activation-8411c4186c2c42b492909f7cff30a66f,781.679386138916,868.953763951009,75.2239975680859,2.170489213996916,0.5212071179994382,4.832023606009898,1.8490164609975182,2.677643845003331,84.59671383009118,87.27437781209301
req_00686,ieee-activation-8411c4186c2c42b492909f7cff30a66f,781.8974094390869,861.8098641770048,75.00611869691056,2.692539912997745,0.026753258003736846,2.0005708250100724,0.13003481698979158,0.056437228005961515,79.85600725590484,79.91245473791787
req_00687,ieee-activation-8411c4186c2c42b492909f7cff30a66f,782.1170902252197,868.9543275600008,74.78649750878685,1.9764678829960758,0.7147812479961431,3.6164640260103624,3.063461996993283,2.679564671998378,84.15766433079261,86.8372373347811
req_00688,ieee-activation-6c14ba67edf54cc9b80193ddbf12449f,783.673641204834,868.8704603930091,73.22999947317294,2.387542216994916,2.1286300829960965,1.2316360039985739,0.09632899900316261,6.122682412009453,79.07412846616353,85.19681918817514
req_00689,ieee-activation-6c14ba67edf54cc9b80193ddbf12449f,783.6751041412354,868.8717474320001,73.22859257676464,2.447943214996485,0.5665547090029577,2.818490439996822,3.5374850860098377,2.597577263994026,82.59905853876262,85.19664329076477
req_00690,ieee-activation-59da24158a1045ee92d55d692e9c3b84,784.16383934021,868.7252176549955,73.07866424279928,1.5797251249896362,1.2688283000024967,2.8533275759982644,3.330793943008757,2.450039127987111,82.11130796480575,84.56137831478554
req_00691,ieee-activation-59da24158a1045ee92d55d692e9c3b84,784.9509105682373,868.8099819330091,72.2918286787608,2.047213031008141,2.2313386089954292,1.3460842759959633,3.4079996710061096,2.5346070990053704,81.32443588976457,83.85907136477181
req_00692,ieee-activation-59da24158a1045ee92d55d692e9c3b84,785.0841674804688,866.0194849740074,72.15883434153511,3.017614791999222,0.21475998099776916,1.4424385750025976,0.46597684599692,3.6356929580069846,77.29960606854002,80.9353174935386
req_00693,ieee-activation-6c14ba67edf54cc9b80193ddbf12449f,785.7560787200928,889.3695810520003,71.56326056791295,2.324327511989395,20.17884869100817,3.9073351779952645,2.983362444996601,2.6563679380051326,100.9571137909079,103.61350233190751
req_00694,ieee-activation-6c14ba67edf54cc9b80193ddbf12449f,785.7721843719482,935.9850214990001,130.79876260904712,10.955477109004278,0.8074348079971969,1.5548171160044149,0.6903675009962171,5.405977984002675,144.8068343850464,150.2128371270519
req_00695,ieee-activation-6c14ba67edf54cc9b80193ddbf12449f,786.1033763885498,868.8686207970022,71.22085131244967,1.7364090920018498,0.8574397210031748,2.843802732997574,3.514953346006223,2.5917882039939286,80.17344320846314,82.76524440845242
req_00696,ieee-activation-942891bfbe6347b2a3a855d442302144,787.1744728088379,868.4439079080039,70.60487421216385,2.016944875998888,0.6701603200053796,3.0317481480014976,2.7773780309944414,2.1683295120019466,79.10107994216378,81.269435099166
req_00697,ieee-activation-8411c4186c2c42b492909f7cff30a66f,787.1751041412354,869.8107149970019,70.60474197576696,2.7306143419991713,0.04848473799938802,5.537639353002305,1.840806927997619,1.8733235190011328,80.7622751697636,82.63561085576657
req_00698,ieee-activation-8411c4186c2c42b492909f7cff30a66f,787.1838493347168,865.9486102820083,70.5960723302851,2.5330986170010874,0.18786355599877425,1.7904429100017296,0.12709158500365447,3.530191949001164,75.23456111628911,78.7647609472915
req_00699,ieee-activation-942891bfbe6347b2a3a855d442302144,787.3030166625977,937.0004624209978,132.24123008140305,7.399095207001665,0.8067122820066288,5.912585473997751,2.220539451998775,1.1172832619922701,148.58012263540877,149.69744575840014
req_00700,ieee-activation-942891bfbe6347b2a3a855d442302144,788.0710639953613,868.4422366210056,69.9955848876416,1.9968344999942929,0.7085198650020175,3.16720915400947,2.3365633849898586,2.1664608340070117,78.2046938836429,80.37117262564425
req_00701,ieee-activation-942891bfbe6347b2a3a855d442302144,788.4639530181885,888.6310317400057,69.60293668581289,1.457561054994585,20.319004932011012,1.2873282520013163,4.931398016997264,2.568849780000164,97.59821823482343,100.16707872181723
req_00702,ieee-activation-8411c4186c2c42b492909f7cff30a66f,788.6198577880859,871.1875207319972,73.19085379091848,7.142275835998589,0.006397133998689242,0.8227357540017692,0.37141583100310527,1.0339845979906386,81.53363479592372,82.56766294391127
req_00703,ieee-activation-8411c4186c2c42b492909f7cff30a66f,788.6202583312988,889.3719943949982,74.02282224870578,6.311513843000284,11.18195063699386,2.5131176660070196,3.9179679499939084,2.804363718998502,97.9473519627063,100.75173606369935
req_00704,ieee-activation-59da24158a1045ee92d55d692e9c3b84,788.8071689605713,877.3481738050032,77.46645659742353,5.921497245013597,1.5578337849874515,0.4556647010031156,2.223061762008001,0.916490753996186,87.6244926504296,88.54100484443188
req_00705,ieee-activation-6c14ba67edf54cc9b80193ddbf12449f,788.9980564117432,877.6870729200018,77.27574556526088,5.977954014000716,1.1374265939957695,0.5307286199968075,2.512425152002834,1.254736563001643,87.43427115825762,88.68901650825865
req_00706,ieee-activation-942891bfbe6347b2a3a855d442302144,790.544111251831,894.6204147190001,75.72982031117135,20.43771545299387,3.396661912003765,1.6497993810044136,2.7417951480019838,0.1205112619936699,103.95578325117822,104.07630346716905
req_00707,ieee-activation-59da24158a1045ee92d55d692e9c3b84,791.2736072540283,889.6049182599963,76.66337392097921,8.115698945999611,0.0781782639969606,7.033919516004971,3.548093892997713,2.8920464659895515,95.43924771998718,98.33131100596802
req_00708,ieee-activation-6c14ba67edf54cc9b80193ddbf12449f,791.7853183746338,877.7395009129978,76.66031188436318,3.624109196010977,1.319200735000777,0.4948220069927629,2.5467590350017417,1.3089796809945256,84.6451713143615,85.95418253836397
req_00709,ieee-activation-6c14ba67edf54cc9b80193ddbf12449f,791.9204292297363,877.6865315260075,76.52541017626936,4.7572997079987545,0.1861912729946198,0.5110238760098582,2.53110866699717,1.2550685960013652,84.51101591727638,85.76610229627113
req_00710,ieee-activation-8411c4186c2c42b492909f7cff30a66f,792.832820892334,877.7436050370015,75.61315072067373,4.761029976987629,0.5373167970101349,1.3490873429982457,1.4903766509960406,1.1598226560017793,83.75094477666426,84.91078414466756
req_00711,ieee-activation-6c14ba67edf54cc9b80193ddbf12449f,793.0875244140625,877.6859308340063,75.78700230293907,3.6573751520045334,0.8573425829963526,0.5676967759936815,2.475194184007705,1.2537954220024403,83.3445795859443,84.59840641994379
req_00712,ieee-activation-8411c4186c2c42b492909f7cff30a66f,793.0892124176025,877.7429686200048,75.78571875339549,3.3188028349977685,1.5492989670019597,0.9020465869980399,1.7861713000020245,1.3117177600070136,83.34201322638546,84.65375620240229
req_00713,ieee-activation-942891bfbe6347b2a3a855d442302144,793.2297477722168,894.611616426002,75.64563174678187,22.51629363100801,0.4278561359969899,1.0393068529956508,1.645742638997035,0.10703764800564386,101.27480431477306,101.3818686537852
req_00714,ieee-activation-8411c4186c2c42b492909f7cff30a66f,793.8305244445801,877.2109902189986,75.04557920042134,3.9770333930064226,0.8899635859997943,2.159892563999165,0.528938596995431,0.7790584339963971,82.6013860014209,83.38046577441855
req_00715,ieee-activation-8411c4186c2c42b492909f7cff30a66f,794.0965881347656,877.7442556570022,74.77974325024115,7.168270584996208,0.02957722199789714,0.1762261249969015,0.33766161600942723,1.156188723995001,82.49146135624324,83.64766752223659
req_00716,ieee-activation-6c14ba67edf54cc9b80193ddbf12449f,794.166259765625,895.3068689680076,74.71075494638353,17.71580303600058,5.179924002994085,0.2818548140057828,2.449748744998942,0.8025236579996999,100.33806113038736,101.14060920238262
req_00717,ieee-activation-6c14ba67edf54cc9b80193ddbf12449f,794.7462997436523,877.6849555450026,74.13091830635676,3.917360566993011,0.5947117439936846,0.6077796919998946,2.4339452250133036,1.2539402669935953,81.68469807336805,82.93865580135025
req_00718,ieee-activation-8411c4186c2c42b492909f7cff30a66f,794.9857711791992,887.3477483559982,73.9683941477997,2.9889013130014064,1.7995763600047212,6.616779675998259,0.0349968299997272,6.9533288499951595,85.40863339179487,92.36197717679897
req_00719,ieee-activation-942891bfbe6347b2a3a855d442302144,795.0102272033691,877.7382494880003,73.9447017506318,2.3364018830034183,1.1869649720028974,1.6945792420010548,1.9540708209970035,1.6113036159949843,81.11670567863621,82.72802228463115
req_00720,ieee-activation-942891bfbe6347b2a3a855d442302144,796.0890121459961,924.9639501750062,72.8660195380071,22.135723971994594,27.873135443005594,1.99144859900116,3.2663588319992414,0.7422516450023977,128.13267771601386,128.87493802901008
req_00721,ieee-activation-8411c4186c2c42b492909f7cff30a66f,796.2390441894531,895.2482333930093,72.71605577654555,16.87856615500641,4.7437302979960805,0.9776341389951995,2.949864106005407,0.7433387290075189,98.26584258454386,99.00918920355616
req_00722,ieee-activation-942891bfbe6347b2a3a855d442302144,796.7259788513184,877.740060473996,72.45774797468039,2.7012028980097966,0.8844332640001085,0.584211488996516,2.99188746100117,1.394598535989644,79.61945137869043,81.01408162267762
req_00723,ieee-activation-8411c4186c2c42b492909f7cff30a66f,797.4159698486328,924.4487399729987,71.85233791037172,16.81343194899091,31.318494710008963,1.7709370450029382,0.8283466449938715,4.449221864997526,122.5835298653692,127.03277012436592
req_00724,ieee-activation-59da24158a1045ee92d55d692e9c3b84,798.915283203125,880.4558334989997,70.6745788208791,3.618569229001878,0.5453324260015506,6.138915089992224,0.047882176004350185,0.5152725539956009,81.02524466188333,81.54055029587471
req_00725,ieee-activation-59da24158a1045ee92d55d692e9c3b84,799.1766662597656,877.354582179003,70.4134933102323,2.053245515009621,2.109351897990564,0.5250515770021593,2.152986670000246,0.9237869490025332,77.2541016752366,78.17791591923742
req_00726,ieee-activation-6c14ba67edf54cc9b80193ddbf12449f,799.3071632385254,907.4332505920029,70.530827359471,16.058152435012744,13.845563569993828,4.09654807500192,2.3656689479976194,1.2293269660003716,106.89673901347851,108.12608735347749
req_00727,ieee-activation-942891bfbe6347b2a3a855d442302144,799.3082599639893,931.2994933059963,70.62943107201136,16.67170528700808,37.66655513999285,5.6724040459957905,0.628290560998721,0.7228472360002343,131.26835660400684,131.99123334200704
req_00728,ieee-activation-59da24158a1045ee92d55d692e9c3b84,800.4832515716553,889.6064982319949,70.78938545034907,11.589897067999118,0.09187700299662538,0.34793701699527446,3.490490841009887,2.8136592809896683,86.30956437834539,89.12324666033965
req_00729,ieee-activation-6c14ba67edf54cc9b80193ddbf12449f,801.1639938354492,889.3776134320069,75.48417208455794,9.30158194899559,0.10040937599842437,0.3056293919944437,0.43825757000013255,2.5835692250111606,85.63001668454672,88.21361959655769
req_00730,ieee-activation-942891bfbe6347b2a3a855d442302144,801.7070903778076,919.5402411999967,75.50834421318723,11.252531385005568,27.540087483997922,0.22934188600629568,0.29550697399827186,3.0073388799937675,114.82579260619241,117.83315082218905
req_00731,ieee-activation-942891bfbe6347b2a3a855d442302144,801.7942600250244,890.1675288550032,75.57413976798125,9.421769915003097,0.39713084598770365,0.9817743450112175,0.9954121649934677,1.0030417910020333,87.37019171698194,88.37326882997877
req_00732,ieee-activation-8411c4186c2c42b492909f7cff30a66f,802.0357799530029,889.2380154840066,75.33285859999887,5.558272363996366,0.09553668000444304,0.23685653500433546,3.5330446119914996,2.445666740008164,84.75654918699001,87.20223553100368
req_00733,ieee-activation-6c14ba67edf54cc9b80193ddbf12449f,802.0499725341797,889.3767714999994,75.69087543681962,8.286300161009422,0.02486430198769085,0.4472266400116496,0.29630465198715683,2.581227774004219,84.74554012181761,87.32679896581976
req_00734,ieee-activation-8411c4186c2c42b492909f7cff30a66f,802.8406829833984,889.3801009290037,74.90057691260881,8.286577570994268,0.0211524600017583,0.34223528200527653,0.40581064199795946,2.583065077997162,83.95633194861875,86.53941794560524
req_00735,ieee-activation-8411c4186c2c42b492909f7cff30a66f,803.287425994873,889.370962083005,74.45401403012511,8.676560885010986,0.08826458199473564,0.195679968004697,0.09332271099265199,2.5756939120037714,83.50782482912473,86.08353608813195
req_00736,ieee-activation-8411c4186c2c42b492909f7cff30a66f,804.001522064209,899.5061157599994,73.74022979578876,8.319733573007397,8.445067741995445,4.336625249008648,0.10706399199261796,0.5558733439975185,94.94870311979321,95.50459369579039
req_00737,ieee-activation-6c14ba67edf54cc9b80193ddbf12449f,804.1022338867188,901.4183194850048,73.6396433692862,8.763294677002705,9.10742578699137,4.654923381996923,0.0669272500090301,1.083871132999775,96.23219789429277,97.31608559828601
req_00738,ieee-activation-6c14ba67edf54cc9b80193ddbf12449f,805.1093616485596,890.3822941399994,72.6327441844478,8.32030180899892,0.07170976098859683,2.1616022500093095,0.8537854899914237,1.2327889970038086,84.04012814744783,85.27293249143986
req_00739,ieee-activation-59da24158a1045ee92d55d692e9c3b84,805.3818016052246,911.4876436900086,72.36047568677168,8.153356748007354,15.078251894999994,9.071186619999935,0.10787800600519404,1.3346931289997883,104.77113127877237,106.10584208478394
req_00740,ieee-activation-942891bfbe6347b2a3a855d442302144,807.8184566497803,857.6296161960054,2.9667327372153522,37.77809739499935,0.43749404000118375,6.486727855008212,0.6879272469959687,1.4541802720050327,48.35695506421325,49.8111595462251
req_00741,ieee-activation-59da24158a1045ee92d55d692e9c3b84,810.0008487701416,896.0593707310036,67.81768211786402,8.07674915700045,4.877657545992406,2.2996000480052317,1.4311122219951358,1.555720870004734,84.50277250386716,86.05852196086198
req_00742,ieee-activation-59da24158a1045ee92d55d692e9c3b84,810.0431785583496,907.691333381008,67.77553707365587,8.077191406991915,12.93092691199854,4.961989426999935,2.415468539998983,1.4870414630131563,96.16109903564211,97.6481548226584
req_00743,ieee-activation-8411c4186c2c42b492909f7cff30a66f,810.3173961639404,907.9867433190084,70.13939675006259,24.921783597994363,0.4304632590065012,0.7984573159919819,0.09412318500108086,1.2851230470114388,96.38419016305124,97.66934715506795
req_00744,ieee-activation-942891bfbe6347b2a3a855d442302144,812.4296112060547,894.9124042540061,74.9191825199523,3.8750074439885793,0.5950496010045754,1.1494517399987672,1.5358232330036117,0.4082785100035835,82.07449662194995,82.48279304795142
req_00745,ieee-activation-8411c4186c2c42b492909f7cff30a66f,812.8570518493652,895.2491749030014,75.77951885963557,2.0430221349961357,0.046682329004397616,0.9268864680052502,2.8507447239971953,0.7452685379976174,81.64683660163428,82.39212305363617
req_00746,ieee-activation-59da24158a1045ee92d55d692e9c3b84,815.2412433624268,911.4148770930042,74.06963212757546,11.406130103001487,0.9400185620033881,8.388048399996478,0.07329589199798647,1.2965086460026214,94.87710774157313,96.17363373057742
req_00747,ieee-activation-6c14ba67edf54cc9b80193ddbf12449f,816.1471710205078,915.7902862580086,73.16401697249967,18.61224399099592,0.48150958999758586,3.338031690000207,3.753860930999508,0.2934520630078623,99.34965396449843,99.64311523750075
req_00748,ieee-activation-942891bfbe6347b2a3a855d442302144,816.8916110992432,907.4307658199978,72.48255592875648,16.6834232310066,0.018850480002583936,0.23933978298737202,0.3790432910027448,0.7359420069988118,89.80315609475656,90.5391547207546
req_00749,ieee-activation-6c14ba67edf54cc9b80193ddbf12449f,817.4520606994629,907.3291202889959,71.92256035954051,11.406675987003837,0.7018116539984476,3.3570753899984993,1.6493819390016142,0.8395542599901091,89.03747176454635,89.87705958953302
req_00750,ieee-activation-8411c4186c2c42b492909f7cff30a66f,817.5013008117676,951.1941594770033,71.87367939023534,11.571062963004806,46.30988076799258,0.569837600007304,0.4691570399882039,2.8992409040074563,130.7935874442337,133.6928586652357
req_00751,ieee-activation-59da24158a1045ee92d55d692e9c3b84,817.505485534668,907.9215467550093,71.87505848232831,16.67963028801023,0.09821566699247342,0.43359958700602874,0.1101879649941111,1.2193692310102051,89.19667781032331,90.41606122034136
req_00752,ieee-activation-942891bfbe6347b2a3a855d442302144,818.2403964996338,907.4363073630084,71.14030549836752,12.368837126996368,0.41867926401027944,0.3207786399871111,4.000800114008598,0.9465102200047113,88.24938454836956,89.19591086337459
req_00753,ieee-activation-6c14ba67edf54cc9b80193ddbf12449f,818.2416362762451,937.3352450969978,71.13921626175579,28.315248497005086,8.015879803002463,8.519787584998994,1.6517592710006284,1.4517174029897433,117.64188154376461,119.0936088207527
req_00754,ieee-activation-942891bfbe6347b2a3a855d442302144,818.9067802429199,907.4381636589969,70.47599737308337,12.595537215995137,0.19063354800164234,4.362237402005121,0.16270181199070066,0.7442760650010314,87.78709345807147,88.531383416077
req_00755,ieee-activation-59da24158a1045ee92d55d692e9c3b84,819.4366989135742,907.6945594050048,70.17041165842966,11.431487002992071,1.0786627440102166,2.457238275994314,1.9155108419945464,1.2045499680098146,87.05328049442323,88.25786049143062
req_00756,ieee-activation-942891bfbe6347b2a3a855d442302144,819.7367706298828,952.4680756900052,69.8707499251177,28.986153264995664,32.1948875770031,0.2991193750058301,0.3213018259993987,1.059093092000694,131.6721915351227,132.7313050601224
req_00757,ieee-activation-8411c4186c2c42b492909f7cff30a66f,820.5236759185791,930.721183599002,69.08403509242635,28.50080871100363,7.980352916987613,0.6737757710070582,0.17910561700409744,3.7794295719941147,106.4180578434316,110.19750768042286
req_00758,ieee-activation-59da24158a1045ee92d55d692e9c3b84,821.4747791290283,907.6931025390077,68.69389582797885,11.49855515899253,0.45091094200324733,2.5370686700043734,1.8340154789912049,1.2038773320091423,85.01441132897162,86.21832340997935
req_00759,ieee-activation-942891bfbe6347b2a3a855d442302144,823.2744426727295,908.3246807380056,67.1102041292761,15.246344230996328,0.1732558939984301,0.808610142004909,0.08538084299652837,1.6264428260037675,83.42375397127762,85.05023806527606
req_00760,ieee-activation-59da24158a1045ee92d55d692e9c3b84,823.3941783905029,916.5341297349951,71.22558285349805,10.762197917996673,0.45290843200928066,6.60444364399882,3.057297851992189,1.0375206449971301,92.10236945349607,93.13995134449215
req_00761,ieee-activation-8411c4186c2c42b492909f7cff30a66f,823.8186492919922,908.7925014049979,71.09330303600291,7.067369499010965,0.6147531960014021,4.4886769549921155,0.349749116008752,1.3600003109895624,83.61382361600408,84.9738521130057
req_00762,ieee-activation-6c14ba67edf54cc9b80193ddbf12449f,824.1591453552246,916.3571604190074,70.83221244877495,10.997530424006982,0.08219465799629688,8.23100116700516,1.1949695279909065,0.8601068380085053,91.33788409776753,92.1980150637828
req_00763,ieee-activation-942891bfbe6347b2a3a855d442302144,824.1642017364502,916.1393406620045,71.0845493695524,14.638997304995428,0.02457670000148937,3.2765650380024454,2.308598930001608,0.641851583000971,91.33325712654914,91.97513892555435
req_00764,ieee-activation-8411c4186c2c42b492909f7cff30a66f,826.873384475708,971.7141469869966,68.37735410129244,23.64632383499702,44.800577235000674,3.1647710020042723,1.4492159159999574,3.402520421994268,141.43822565529263,144.84076251128863
req_00765,ieee-activation-8411c4186c2c42b492909f7cff30a66f,827.9889526367188,931.7151625929982,67.31860690528993,24.107584340992616,7.348407851997763,3.5664821670070523,0.25160946599498857,1.1335192249971442,102.59265285228321,103.72620995627949
req_00766,ieee-activation-6c14ba67edf54cc9b80193ddbf12449f,828.4730644226074,915.1136177760054,67.58897834239178,5.918693529005395,0.6406040029978612,7.131748145999154,0.3854492550017312,4.975080078002065,81.66544003439776,86.64055335339799
req_00767,ieee-activation-59da24158a1045ee92d55d692e9c3b84,828.5930652618408,916.5307634229976,70.91458179816254,9.829968120000558,0.14414675399893895,5.363807186004124,0.6516963960020803,1.0334979069884866,86.90416943017044,87.93769816115673
req_00768,ieee-activation-8411c4186c2c42b492909f7cff30a66f,829.2441463470459,910.9887952209974,72.30733684095321,6.435897807998117,0.6447653750074096,1.446620360002271,0.039247221997356974,0.8707812679931521,80.87384319395642,81.74464887395152
req_00769,ieee-activation-8411c4186c2c42b492909f7cff30a66f,830.7296905517578,925.2436348619958,76.64214559525135,11.52690653699392,0.09530078299576417,0.28231447700818535,0.7394137389928801,5.227863178995904,89.28603034725529,94.513944310238
req_00770,ieee-activation-942891bfbe6347b2a3a855d442302144,835.7732257843018,916.138353813003,71.85290819569491,1.7704310050030472,0.15575837800861336,2.651466604991583,3.2939494800084503,0.6406143649946898,79.72449009169941,80.36512802870129
req_00771,ieee-activation-59da24158a1045ee92d55d692e9c3b84,836.1815128326416,911.4135381119995,71.44481053936761,1.1910848849947797,0.6416088029945968,0.32280834901030175,0.3367947179940529,1.294917984996573,73.9370894603635,75.23202527935791
req_00772,ieee-activation-59da24158a1045ee92d55d692e9c3b84,836.9495048522949,935.6490862860082,70.67692829971202,9.84280083500198,8.323955964995548,2.5442373139958363,0.43832343400572427,6.873335586002213,91.82623242371483,98.69958143371332
req_00773,ieee-activation-6c14ba67edf54cc9b80193ddbf12449f,837.1618728637695,915.7995605100004,70.46466488622536,1.524329886000487,0.32810424600029364,3.348777308012359,2.668562216000282,0.3032491039921297,78.33443154122506,78.63768764623092
req_00774,ieee-activation-6c14ba67edf54cc9b80193ddbf12449f,838.5159358978271,925.0209401960019,69.17648438116885,2.1959037800115766,5.727170831989497,7.005952467006864,1.6870035489992006,0.7124892889987677,85.79248088617169,86.50500429817475
req_00775,ieee-activation-6c14ba67edf54cc9b80193ddbf12449f,838.6453838348389,938.7932182399963,69.12081087216211,10.94255475900718,17.113036899987492,1.132892637004261,0.5969229500042275,1.2416162869922118,98.90619518316817,100.14783440515748
req_00776,ieee-activation-6c14ba67edf54cc9b80193ddbf12449f,839.3395347595215,924.4422790509998,68.42698866847786,2.274374810003792,0.08812439399480354,6.405133211010252,2.364339489999111,5.543783717992483,79.55895072848944,85.1027442914783
req_00777,ieee-activation-942891bfbe6347b2a3a855d442302144,840.4783592224121,919.5412168729963,67.44383200259472,3.5694188159977784,0.08325632900232449,4.662528975997702,0.23839076499280054,3.0654307619988685,75.99739570559177,79.06285765058419
req_00778,ieee-activation-59da24158a1045ee92d55d692e9c3b84,847.6542625427246,959.5261704440054,60.332832269283244,3.066545336987474,40.555951903006644,1.8678079439996509,3.1809615359961754,2.867808912007604,109.00407188828103,111.87190790128079
req_00779,ieee-activation-8411c4186c2c42b492909f7cff30a66f,851.0350875854492,925.2798619329988,57.29081016055716,2.6612937559984857,6.4132507070025895,6.264961445995141,0.642771950995666,0.9716863270004978,73.27304985755472,74.24477434754954
req_00780,ieee-activation-8411c4186c2c42b492909f7cff30a66f,852.5610466003418,936.9407926150016,56.23255728966615,2.191914329989231,19.75209358500433,4.478728506001062,0.6684612259996356,1.0559910779993515,83.32373076866497,84.37974601465976
req_00781,ieee-activation-942891bfbe6347b2a3a855d442302144,852.7561511993408,924.9624302160082,58.234343602656736,7.907319008998456,0.14990414500061888,1.7606540130072972,3.41254247300094,0.7415157740033465,71.46474337566178,72.2062790166674
req_00782,ieee-activation-6c14ba67edf54cc9b80193ddbf12449f,852.7885837554932,935.9834083300084,58.62598545450601,7.464091627000016,7.394282740002382,3.1321107349940576,1.1729960600059712,5.405357958006789,77.78944612450141,83.19482457451522
req_00783,ieee-activation-59da24158a1045ee92d55d692e9c3b84,852.7956962585449,936.6768832710077,58.62098548845097,7.377838268002961,9.933714964005048,0.6941496310028015,1.277874683990376,5.976623977010604,77.90455011544691,83.88118701246276
req_00784,ieee-activation-942891bfbe6347b2a3a855d442302144,853.1857681274414,924.9662425819988,58.30462961755984,7.160578119001002,0.3137398370017763,1.9400059119943762,3.3167312190053053,0.7447897499951068,71.0356554355676,71.7804744545574
req_00785,ieee-activation-942891bfbe6347b2a3a855d442302144,853.3911190032959,924.9646164770093,61.99262870570237,2.631668043002719,0.9492229680035962,4.896279150998453,0.44797673300490715,0.6557218730013119,70.91774437771528,71.57349747371336
req_00786,ieee-activation-59da24158a1045ee92d55d692e9c3b84,853.865270614624,1002.843366451998,61.933703348375275,1.457538287009811,78.99622529398766,0.6585902799997712,0.14464148999832105,5.7873971380031435,143.19064095236536,148.97809583737398
req_00787,ieee-activation-59da24158a1045ee92d55d692e9c3b84,853.9519577026367,935.7980215800053,62.02745387236064,2.1480018150032265,8.847782868004288,3.4289164999936474,0.1755549850058742,5.218353837000905,76.62768409536511,81.84606387736858
req_00788,ieee-activation-942891bfbe6347b2a3a855d442302144,854.6472053527832,931.3001891230087,61.49183888321568,10.328509838000173,1.2823217380064307,1.8149903680023272,1.010981934989104,0.7243410080118338,75.92862040620821,76.65298377022555
req_00789,ieee-activation-6c14ba67edf54cc9b80193ddbf12449f,854.6475410461426,971.8648646789952,61.65043990885897,9.97682721199817,32.93047554700752,6.451210335988435,2.656250349013135,3.5521202799864113,113.66518278887088,117.21732363285264
req_00790,ieee-activation-8411c4186c2c42b492909f7cff30a66f,855.5656223297119,938.0724651280034,60.84302288228355,19.773805925011402,0.4114269540004898,0.3031098259962164,0.6214420040050754,0.5540352069947403,81.95278217128362,82.50684279829147
req_00791,ieee-activation-942891bfbe6347b2a3a855d442302144,855.8113346099854,931.2973449970013,60.72088644200994,10.386028263004846,0.8317507159954403,0.7724485940125305,1.749677009996958,1.0252193619962782,74.4607573160174,75.486010387016
req_00792,ieee-activation-6c14ba67edf54cc9b80193ddbf12449f,857.2926387786865,868.8693960719975,0.03004864731337875,1.3700760479987366,0.9490258770092623,3.0948957309883554,3.5404312230093637,2.592279766991851,8.98446228231478,11.576757293310948
req_00793,ieee-activation-59da24158a1045ee92d55d692e9c3b84,857.7140789031982,889.6057692830072,0.20545821280393284,2.589346396998735,19.38620310999977,2.43100471800426,4.242245176996221,3.0374327650060877,28.854227613803232,31.891690379809006
req_00794,ieee-activation-942891bfbe6347b2a3a855d442302144,858.473653793335,1001.8278533109988,61.07089844967413,38.80351343798975,34.65312366500439,2.6667065219953656,1.3729006979992846,4.787056745000882,138.56712116466952,143.3541995176638
req_00795,ieee-activation-6c14ba67edf54cc9b80193ddbf12449f,858.6295337677002,951.2743830499967,65.81378789529845,12.17297242100176,2.1161510460078716,8.592421813998953,0.15303143300116062,3.7964846729882993,88.84831959730946,92.64484928229649
req_00796,ieee-activation-6c14ba67edf54cc9b80193ddbf12449f,859.0811347961426,935.9876010059961,65.36882743885508,2.495655277001788,1.0297314869967522,1.4107550080079818,1.1912460820021806,5.410250916989753,71.49618538885261,76.90646620985353
req_00797,ieee-activation-942891bfbe6347b2a3a855d442302144,859.3460216522217,931.2964482030075,65.6173686857801,2.191143978998298,0.5955618180014426,0.6924142280040542,1.8299672509892844,1.023970589012606,70.92642903176602,71.95042655078578
req_00798,ieee-activation-942891bfbe6347b2a3a855d442302144,864.5143432617188,946.704029941,60.7272718592867,10.498834430996794,2.447006952002994,3.8304964559938526,3.7505703680071747,0.9355066129937768,81.25415914629411,82.1896866792813
req_00799,ieee-activation-942891bfbe6347b2a3a855d442302144,866.5726146697998,936.9995022969961,58.66922768119548,2.535495609001373,0.3056693539983826,5.632263844003319,2.1684930650080787,1.1157380739896325,69.31114010520105,70.42688762719627
req_00800,ieee-activation-6c14ba67edf54cc9b80193ddbf12449f,867.2613105773926,937.3346953020082,57.98075660261384,1.9887593099992955,0.746170116995927,4.893637550005224,3.0133395930024562,1.4507215519988677,68.6226548046252,70.07338472461561
req_00801,ieee-activation-59da24158a1045ee92d55d692e9c3b84,868.2368850708008,990.9395008440042,83.16088748519542,7.371032900002319,22.842639403999783,5.734439474006649,2.3830293270002585,1.2105871829990065,121.49202063219855,122.70261577320343
req_00802,ieee-activation-59da24158a1045ee92d55d692e9c3b84,868.6405086517334,947.1474185910047,56.60543557826895,11.002566238996224,3.347696128010284,4.235632682990399,1.962078996002674,1.3535003150027478,77.1533924582618,78.50690993927128
req_00803,ieee-activation-59da24158a1045ee92d55d692e9c3b84,870.6858444213867,948.7634504559974,54.596240410610335,10.907797428008053,0.6495112519914983,9.789754405006533,0.7110439169919118,1.4232586220023222,76.65430997160729,78.07760603461065
req_00804,ieee-activation-6c14ba67edf54cc9b80193ddbf12449f,873.2546920776367,951.3962143929966,57.46941130537016,8.814227405993734,1.3010843460069736,6.861711199991987,0.5761645290040178,3.1189235289930366,75.02255536237499,78.14152231535991
req_00805,ieee-activation-6c14ba67edf54cc9b80193ddbf12449f,873.2745475769043,947.0941548740084,58.023807227102225,9.057008539995877,0.49064222899323795,2.827849032008089,2.091466550002224,1.3288337190024322,72.49072983110091,73.81960729710408
req_00806,ieee-activation-942891bfbe6347b2a3a855d442302144,874.5727310180664,963.3817195040028,56.72598398094124,8.139982758992119,17.221160792003502,4.873394909998751,1.19879163299629,0.6496744110045256,88.15928737394279,88.80898848593642
req_00807,ieee-activation-6c14ba67edf54cc9b80193ddbf12449f,876.624059677124,947.0931991359976,55.08991345587128,9.552025701006642,0.42833690499537624,2.9254934750060784,1.174414209992392,1.2989557120017707,69.17014580385876,70.46913945887354
req_00808,ieee-activation-8411c4186c2c42b492909f7cff30a66f,879.2483234405518,947.0954948870058,52.46590505244967,7.40118646499468,0.4247675600054208,4.0194616499939,2.2064861680119066,1.3293645509984344,66.5177738184575,67.84717144645401
req_00809,ieee-activation-942891bfbe6347b2a3a855d442302144,880.2197151184082,1001.825455601007,51.49937879059871,27.364004467992345,34.660519905999536,2.306079503003275,0.9913818570057629,4.784375957999146,116.82132948561048,121.60574048259878
req_00810,ieee-activation-8411c4186c2c42b492909f7cff30a66f,880.3696441650391,947.0947864549962,55.4307041199645,3.7981362889986485,0.33715368699631654,5.182616805002908,0.649132966005709,1.327398422989063,65.39771226496669,66.72514228995715
req_00811,ieee-activation-942891bfbe6347b2a3a855d442302144,880.6712036132812,946.9261349739973,55.12944848871848,3.5814481249981327,1.0333893860079115,2.0707675320009002,3.281702854001196,1.1581749749893788,65.09673427272355,66.254931360716
req_00812,ieee-activation-6c14ba67edf54cc9b80193ddbf12449f,881.1226673126221,951.4180575360078,54.67882284538064,5.062719580004341,0.17863001499790698,6.714827442992828,0.5375038880010834,3.12288645200897,67.17248089537316,70.29539022338577
req_00813,ieee-activation-6c14ba67edf54cc9b80193ddbf12449f,882.2253322601318,951.3956989169965,53.75884572787618,3.8945538150001084,0.9670996929926332,6.869080675998703,0.5626803580089472,3.1181063869880745,66.0522263388848,69.17036665686464
req_00814,ieee-activation-59da24158a1045ee92d55d692e9c3b84,884.1599159240723,952.9737026259972,51.82723116493435,3.1462207320000743,6.664914148990647,3.900569835997885,1.62637392700708,1.6484768929949496,67.1652752089285,68.81378670192498
req_00815,ieee-activation-8411c4186c2c42b492909f7cff30a66f,884.8137702941895,972.0541111530038,51.174274157805485,3.612357261008583,16.71017122399644,8.863802096995641,3.0587948890024563,3.820941230005701,83.41937437480374,87.2403408588143
req_00816,ieee-activation-942891bfbe6347b2a3a855d442302144,887.8329372406006,971.6198892480024,48.84479281739914,22.08955427199544,4.461679315005313,4.6000968660082435,0.6180147499981103,3.1728139869956067,80.6141066114069,83.78695200740185
req_00817,ieee-activation-942891bfbe6347b2a3a855d442302144,889.7612743377686,947.4802240720019,47.32493253123539,2.5100062359997537,1.238636295995093,5.438163619997795,0.34500441800628323,0.8622066329990048,56.85670920123812,57.71894973423332
req_00818,ieee-activation-59da24158a1045ee92d55d692e9c3b84,889.8336029052734,1003.6956537450023,47.25283921972732,2.1066554029966937,51.27948890400876,9.265133620996494,2.7270849299966358,1.2308487620030064,112.63118781973026,113.86205083972891
req_00819,ieee-activation-8411c4186c2c42b492909f7cff30a66f,890.0748920440674,947.0394804679963,47.011690929939505,3.7004087139939656,0.37692250100371893,3.57592415799445,1.0548049100034405,1.2448372109938646,55.71973724794225,56.964588423928944
req_00820,ieee-activation-942891bfbe6347b2a3a855d442302144,890.6086120605469,946.7027621849993,46.72817945345014,2.542685790001997,1.2561554240091937,1.6567329129902646,3.0025138220080407,0.9078827219927916,55.18624311644817,56.094150124452426
req_00821,ieee-activation-942891bfbe6347b2a3a855d442302144,893.5922355651855,947.4765079399949,43.74491621681955,3.4482810689951293,0.3509872360009467,5.162140497006476,0.31912715898943134,0.85882019699784,53.0254376008088,53.88427237480937
req_00822,ieee-activation-8411c4186c2c42b492909f7cff30a66f,894.991283416748,963.6822852140031,43.08189515824779,20.439211746008368,0.6647769459959818,2.6222732519963756,0.9323358469991945,0.9505088480073027,67.74047491724195,68.69100179725501
req_00823,ieee-activation-6c14ba67edf54cc9b80193ddbf12449f,895.9366359710693,971.7050527380052,42.85784603493812,19.40574015698803,5.5059180759999435,2.2825286550068995,2.245123398999567,3.4712604450032813,72.29711972094083,75.76841676693584
req_00824,ieee-activation-942891bfbe6347b2a3a855d442302144,896.5616683959961,972.3406437820086,50.14185448900389,21.60677915600536,0.06836492799629923,1.4335945890052244,1.9456668289931258,0.5827153950085631,75.19621991300664,75.77897538601246
req_00825,ieee-activation-942891bfbe6347b2a3a855d442302144,896.7828845977783,963.3793759810069,50.142033707219525,10.743185926010483,1.09364543799893,2.9196749559923774,1.050112323006033,0.6478390330012189,65.94863044422527,66.59649138322857
req_00826,ieee-activation-6c14ba67edf54cc9b80193ddbf12449f,899.0664215087891,971.7057696170086,47.940586572207394,11.693521053006407,0.36855352300335653,7.158725767993019,2.004376698008855,3.4735844940005336,69.16573312220862,72.63934810821956
req_00827,ieee-activation-6c14ba67edf54cc9b80193ddbf12449f,900.5012855529785,963.7592641800002,46.5938564860262,12.148848181997892,0.4224942629953148,2.6869451270031277,0.4763180750014726,0.929516493997653,62.32842248502129,63.25797862702166
req_00828,ieee-activation-942891bfbe6347b2a3a855d442302144,900.5952453613281,971.6212154829991,46.50060764467344,12.302227966996725,0.019173476001014933,6.12979997000366,2.7648653689975617,3.309295694998582,67.7166501366737,71.02597012167098
req_00829,ieee-activation-6c14ba67edf54cc9b80193ddbf12449f,900.6163902282715,971.834990768999,46.4797541667358,11.98754121598904,0.1214738090056926,5.9509683520009276,3.214457958994899,3.464405038001132,67.75417887972435,71.2186005407275
req_00830,ieee-activation-942891bfbe6347b2a3a855d442302144,912.500566482544,968.293237550999,34.59574492945103,12.145807998007513,0.013292075003846548,3.883565047988668,0.5416141200112179,4.612646897992818,51.18000777946145,55.79267106845509
req_00831,ieee-activation-942891bfbe6347b2a3a855d442302144,912.9493255615234,971.6206650710083,34.1474326584721,11.891270018008072,0.08595713500108104,6.30495017299836,2.9335763129929546,3.3081532120122574,55.36316966047161,58.671339509484824
req_00832,ieee-activation-8411c4186c2c42b492909f7cff30a66f,914.9602146148682,975.2173685980088,32.13787237612996,12.143333786007133,9.132408272998873,5.0293553749943385,1.166619248004281,0.6475649250060087,59.60956655313203,60.2571539831406
req_00833,ieee-activation-6c14ba67edf54cc9b80193ddbf12449f,916.2336864471436,963.9347999690071,31.10614999885729,12.254365900007542,0.12096119399939198,2.713675765990047,0.40153597900643945,1.104424684002879,46.59666652785381,47.70111352186359
req_00834,ieee-activation-8411c4186c2c42b492909f7cff30a66f,916.5172157287598,982.3584598239977,30.96219256723998,10.81016907299636,13.432344974004081,8.38978875700559,0.5630371939914767,1.683711530000437,64.15750237823522,65.84124409523793
req_00835,ieee-activation-8411c4186c2c42b492909f7cff30a66f,918.7496395111084,982.3658576960006,29.135990333888913,11.707868424011394,13.53550613099651,6.80274081499374,0.5676184970070608,1.8664939839945873,61.7496974428941,63.616218184892205
req_00836,ieee-activation-8411c4186c2c42b492909f7cff30a66f,919.4376792907715,971.878984822004,29.32662735923077,10.478922932001296,0.4321505639964016,6.988734211001429,1.6480498010059819,3.566820663996623,48.87445343923173,52.4413055312325
req_00837,ieee-activation-59da24158a1045ee92d55d692e9c3b84,919.9791831970215,964.0178523560025,31.345611967975856,7.433435118000489,0.023071620002156124,2.6643516670010285,1.2855759310041321,1.286622854997404,42.75202234198514,44.038669158981065
req_00838,ieee-activation-6c14ba67edf54cc9b80193ddbf12449f,921.4315910339355,964.0187962799973,29.893395457067527,8.074052912998013,0.2675734289950924,2.923394287005067,0.24000285800138954,1.1887863019946963,41.398409261062625,42.587205246061785
req_00839,ieee-activation-6c14ba67edf54cc9b80193ddbf12449f,922.3011016845703,971.8641276529961,29.096601903438568,6.89253243598796,0.7787163210014114,6.5083579950005515,2.792949544003932,3.4938677689933684,46.06913931944291,49.56302596842579
req_00840,ieee-activation-8411c4186c2c42b492909f7cff30a66f,924.8237495422363,947.038514127009,0.1419411777606001,10.683819008001592,0.005311041997629218,8.700066131001222,1.4118327320029493,1.2717944940086454,20.94294394175813,22.214764584772638
req_00841,ieee-activation-59da24158a1045ee92d55d692e9c3b84,925.5953979492188,975.0600554410048,25.822938296783832,7.569327233999502,9.382508524999139,4.853998203994706,0.15312414499931037,1.6827610870095668,47.78188133377989,49.464657491786056
req_00842,ieee-activation-59da24158a1045ee92d55d692e9c3b84,926.6133346557617,973.2652464429993,25.8555264492461,6.044458677992225,4.982984055997804,7.508295370003907,0.8233068550034659,1.4373403789941221,45.21453875224688,46.65191178723762
req_00843,ieee-activation-59da24158a1045ee92d55d692e9c3b84,926.6992778778076,981.8566411119973,26.277016169187846,18.448554047005018,0.06550589700054843,8.713900115006254,0.46967695199418813,1.1827100539958337,53.974620890192455,55.15736323418969
req_00844,ieee-activation-59da24158a1045ee92d55d692e9c3b84,927.2718124389648,973.3784146609978,32.32423693304008,8.220533799001714,0.08359018199553248,3.9171104569977615,0.8787948679964757,0.6823359830013942,45.4242323780345,46.10660222203296
req_00845,ieee-activation-942891bfbe6347b2a3a855d442302144,930.7804279327393,1004.0173878829955,32.60007360826421,20.924492539998027,7.088058649998857,9.131169234999106,1.9466182510077488,1.546547665988328,71.69037877027586,73.23695995025628
req_00846,ieee-activation-6c14ba67edf54cc9b80193ddbf12449f,932.6012916564941,972.7652578959969,30.976540957504767,7.195303811007761,0.1380742899928009,1.50310943700606,0.28147352299129125,0.06946422100008931,40.09446570750151,40.16396623950277
req_00847,ieee-activation-942891bfbe6347b2a3a855d442302144,933.7783622741699,980.5529407610011,29.917344608838903,5.064256575991749,0.4082866590033518,6.982525072002318,3.302285824989667,1.099879746005172,45.67467848883825,46.77457848683116
req_00848,ieee-activation-942891bfbe6347b2a3a855d442302144,939.9549942016602,981.9161079900077,23.805232618338778,10.547689642000478,0.6240853269991931,5.333877045006375,0.40839076999691315,1.2418383860058384,40.71924093834241,41.961113788347575
req_00849,ieee-activation-942891bfbe6347b2a3a855d442302144,940.2026977539062,1029.1630199380015,23.751424290094292,9.872620440000901,49.895069874997716,2.11782449700695,3.237090802998864,0.08629227899655234,88.87401182409667,88.96032218409528
req_00850,ieee-activation-942891bfbe6347b2a3a855d442302144,943.9400730133057,980.5545084220066,20.079942733689677,9.803466672005015,0.8427433540055063,3.875605045002885,0.9116812729917001,1.1009963310061721,35.51339735268266,36.614435408700956
req_00851,ieee-activation-8411c4186c2c42b492909f7cff30a66f,944.5501766204834,982.363965416007,19.47003227751702,9.376270684995688,0.4174291960080154,6.286807647004025,0.5738006499886978,1.6894483400101308,36.12432014751539,37.81378879552358
req_00852,ieee-activation-942891bfbe6347b2a3a855d442302144,946.2590236663818,1004.0160525009996,28.80177486562752,8.095262714996352,13.262043706999975,5.575915385998087,0.642157034992124,1.3798751260037534,56.37712969661516,57.75702883461781
req_00853,ieee-activation-942891bfbe6347b2a3a855d442302144,946.2607364654541,980.5539539559977,25.496492197547923,2.3262847430014517,0.8483598500024527,3.0728057969972724,1.453258174995426,1.0960167279990856,33.197177019537776,34.29321749054361
req_00854,ieee-activation-6c14ba67edf54cc9b80193ddbf12449f,947.410816192627,1003.361969517995,24.34651749736804,1.3677401310123969,19.050144133987487,7.098963943004492,3.193865007007844,0.893922612987808,55.05722194237751,55.95115332536807
req_00855,ieee-activation-6c14ba67edf54cc9b80193ddbf12449f,947.9936408996582,998.000152337001,23.76374898533686,1.3652434770046966,20.82732734500314,2.1150866389943985,0.9886951500084251,0.9464098409953294,49.06009326633648,50.00651143734285
req_00856,ieee-activation-6c14ba67edf54cc9b80193ddbf12449f,950.3243217468262,1023.4216883769986,21.433240112179192,1.3637717429955956,43.464873607998015,5.662676238003769,0.35721554700285196,0.8155893819930498,72.2817676611885,73.09736663017247
req_00857,ieee-activation-6c14ba67edf54cc9b80193ddbf12449f,950.5202655792236,1007.8508936760045,21.237374002783326,11.89161270999466,20.903062487006537,1.3891357209940907,1.1050817320065107,0.804361443995731,56.52625768879079,57.330628096780856
req_00858,ieee-activation-59da24158a1045ee92d55d692e9c3b84,951.7051391601562,982.8931690449972,20.052579130846425,2.9921930620039348,0.3037511930015171,5.768511447997298,0.08917531699989922,1.9818197339918697,29.20620202984719,31.188029884840944
req_00859,ieee-activation-8411c4186c2c42b492909f7cff30a66f,953.4812679290771,980.3078732770082,18.379864319926128,2.706982080999296,0.06305776399676688,2.3739017879997846,2.4482047140045324,0.854594681004528,25.971977128923754,26.826605347931036
req_00860,ieee-activation-942891bfbe6347b2a3a855d442302144,953.5303955078125,982.2689847270085,18.334977062186226,1.8651903120044153,0.9355465160042513,6.13554360899434,0.10837338400597218,1.3589583360007964,27.37960370219662,28.738589219196
req_00861,ieee-activation-6c14ba67edf54cc9b80193ddbf12449f,954.1199398040771,991.4473193470039,17.745647886928055,3.495177645003423,0.9718566349911271,8.71566187600547,4.677483170002233,1.7215523299964843,35.60580690493225,37.32737954292679
req_00862,ieee-activation-6c14ba67edf54cc9b80193ddbf12449f,958.913595199585,980.4985751950007,13.13703025241557,2.826892968994798,0.4567280260089319,3.456065705002402,0.6673594349995255,1.0409036079945508,20.544046319424524,21.58497999541578
req_00863,ieee-activation-8411c4186c2c42b492909f7cff30a66f,959.1281471252441,980.3067161770014,12.926625548760057,2.0276848840003368,0.48498118900170084,4.345302212997922,0.5399986940028612,0.8539765229943441,20.324557701766025,21.178569051757222
req_00864,ieee-activation-6c14ba67edf54cc9b80193ddbf12449f,960.8022422790527,991.4560586040025,11.538826742951642,3.3256253709987504,1.6157165949989576,7.778089408006053,4.665788525991957,1.7297696820023702,28.924028503955924,30.65381632494973
req_00865,ieee-activation-8411c4186c2c42b492909f7cff30a66f,964.4159450531006,980.3115853229974,3.8940798398980405,6.058909967003274,0.19991542599746026,2.769682270998601,2.113039101008326,0.8600136649911292,15.035606114906841,15.89564026989683
req_00866,ieee-activation-8411c4186c2c42b492909f7cff30a66f,965.2239437103271,992.7090419580054,7.542063743676408,1.8018156659964006,15.800687673996435,1.0806232140021166,0.24651082200580277,1.0133971280010883,26.47166851667862,27.485098247678252
req_00867,ieee-activation-6c14ba67edf54cc9b80193ddbf12449f,966.2102394104004,991.4481040249957,7.055747911595972,9.628196828009095,0.9440448870009277,1.626493750998634,4.2613387489982415,1.7220424879924394,23.5157804285991,25.23786461459531
req_00868,ieee-activation-6c14ba67edf54cc9b80193ddbf12449f,966.4099922180176,991.6987194940011,6.971532469979138,9.110008878007648,1.346379006994539,2.6121752230101265,3.278166390999104,1.9704653069929918,23.31824494198372,25.288727275983547
req_00869,ieee-activation-942891bfbe6347b2a3a855d442302144,970.6307601928711,991.5220715140022,4.588563228127896,8.000717169008567,0.35336431898758747,4.0249588420119835,2.1296495519927703,1.794058211002266,19.097237661131658,20.89131132113107
req_00870,ieee-activation-59da24158a1045ee92d55d692e9c3b84,972.3675746917725,1016.6243280600029,7.947958367236424,2.518188524991274,25.271395011004643,3.005371582999942,2.160036189001403,3.3538036929967348,40.90293149523495,44.25675336823042
req_00871,ieee-activation-59da24158a1045ee92d55d692e9c3b84,972.7952709197998,1002.768031804997,7.520497416204307,2.8062799829931464,9.716278096006135,3.795306009997148,0.4203344069974264,5.71406497299904,24.25868582719704,29.972760885197204
req_00872,ieee-activation-8411c4186c2c42b492909f7cff30a66f,975.9033603668213,1029.6708624900057,4.412483981184778,14.38400546599587,25.84831077500712,7.04963614299777,1.4728775959956693,0.6001881620031781,53.16730539817945,53.767502123184386
req_00873,ieee-activation-8411c4186c2c42b492909f7cff30a66f,975.9546241760254,1002.843830554004,4.694534195979941,13.418149634002475,0.9117600030003814,1.4475553909869632,0.6268378640088486,5.790369289999944,21.098801136977272,26.889206377978553
req_00874,ieee-activation-6c14ba67edf54cc9b80193ddbf12449f,976.4314002990723,1003.3610125720006,4.218640103936195,15.998324369997135,0.06864503599354066,2.2784024810098344,3.5653532249998534,0.8002470569917932,26.12934894594946,26.929612272928352
req_00875,ieee-activation-8411c4186c2c42b492909f7cff30a66f,977.6242733001709,1008.1893629120023,3.0258808698272333,21.17655104000005,2.9013707990088733,2.2979751609964296,0.03609145199880004,1.1272202899999684,29.437859651821782,30.565089611831354
req_00876,ieee-activation-8411c4186c2c42b492909f7cff30a66f,980.3525218963623,1017.5802659430046,0.5476103856344707,15.908006062003551,11.349246241996298,5.166187630005879,2.76513426299789,1.49155946400424,35.73616208563908,37.22774404664233
req_00877,ieee-activation-942891bfbe6347b2a3a855d442302144,982.827953338623,1016.9175312599982,0.3933196653815685,13.67827825799759,6.768476743003703,7.093911265998031,2.508131370996125,3.6474606179981492,30.44209644237708,34.08957792137517
req_00878,ieee-activation-59da24158a1045ee92d55d692e9c3b84,983.3044891357422,1003.906724622997,0.8748369132663356,10.082599614994251,0.5585752119950484,4.533803965998231,3.1145185540081,1.4379012269928353,19.16429167026945,20.602235487254802
req_00879,ieee-activation-8411c4186c2c42b492909f7cff30a66f,985.9173221588135,1004.2738338229974,3.807702328194864,7.149983096998767,0.015037965000374243,5.34911460398871,0.39818072400521487,1.6364929459959967,16.72000000019034,18.356511664183927
req_00880,ieee-activation-942891bfbe6347b2a3a855d442302144,987.2440586090088,1017.4292735850031,2.4843500679999124,7.311325243994361,9.914993547994527,6.078295737010194,3.0521232259925455,1.3441271530027734,28.841075970995007,30.185214975994313
req_00881,ieee-activation-6c14ba67edf54cc9b80193ddbf12449f,987.5226345062256,1002.7105136000027,2.205864641771768,7.144387024003663,0.009179283006233163,0.9579964209988248,0.05669712499366142,4.813754599003005,10.37411597276514,15.187879093777156
req_00882,ieee-activation-59da24158a1045ee92d55d692e9c3b84,988.6988506317139,1003.697293959005,1.0297684452816611,6.517883232008899,0.12183818100311328,2.341363025989267,3.8513338769989787,1.1362565660092514,13.8621793192724,14.99844332729117
req_00883,ieee-activation-942891bfbe6347b2a3a855d442302144,988.8059310913086,1017.4284461420029,0.9228293666965328,7.255608061997918,11.431379097004537,2.1661585819965694,5.5021547689975705,1.3443851740012178,27.278121796698542,28.622515050694346
req_00884,ieee-activation-8411c4186c2c42b492909f7cff30a66f,991.778450012207,1023.7454070219974,0.00589524679526221,5.226494351998554,16.03650140600803,6.5202824029984185,2.690791430999525,1.4869921709905611,30.479932787799044,31.96695700979035
req_00885,ieee-activation-8411c4186c2c42b492909f7cff30a66f,992.5131454467773,1017.5808295330062,0.1980753902316792,9.804810447996715,6.510954286990454,3.7673762640042696,3.2901161140034674,1.4963515830022516,23.57129301322857,25.067684086228837
req_00886,ieee-activation-59da24158a1045ee92d55d692e9c3b84,992.5146503448486,1003.9070943400002,0.19680771915591322,4.0971836329990765,0.08294174799812026,2.665658155994606,2.9104040620004525,1.4394486770033836,9.95295968215214,11.392443995151552
req_00887,ieee-activation-59da24158a1045ee92d55d692e9c3b84,994.6980972290039,1050.228498700002,2.343362065992551,19.523753419009154,23.084494880997227,4.7757733299949905,4.748725101002492,1.054292674001772,54.476076662991545,55.530401470998186
req_00888,ieee-activation-8411c4186c2c42b492909f7cff30a66f,999.3560733795166,1029.672352306996,3.1091484374919673,15.019234467996284,0.09687702199153136,7.929105147006339,3.5655770159937674,0.5963368369993987,29.719917674490716,30.31627892747929
req_00889,ieee-activation-59da24158a1045ee92d55d692e9c3b84,1000.3772258758545,1024.8475756249973,2.08940388415067,14.963172370000393,0.4768234399962239,5.855515625997214,0.19878591400629375,0.8866485149919754,23.583680024152272,24.47034974914277
req_00890,ieee-activation-6c14ba67edf54cc9b80193ddbf12449f,1000.7393779754639,1029.5850001320068,1.7273800945404219,14.824770847000764,7.727697424998041,0.7375864269997692,3.323055877001025,0.5051314860029379,28.34047869654023,28.84562215654296
req_00891,ieee-activation-59da24158a1045ee92d55d692e9c3b84,1003.0652332305908,1029.7319068930083,0.10147705940471496,13.46081715200853,7.254232794002746,1.7958568229951197,3.3957391300064046,0.6585507039999356,26.00810366141377,26.666673662417452
req_00892,ieee-activation-8411c4186c2c42b492909f7cff30a66f,1003.3995933532715,1029.672576101002,0.09309767873492092,13.878052382991882,0.21048088801035192,7.929214150994085,3.562711959995795,0.5994256870035315,25.673539999726927,26.272982747730566
req_00893,ieee-activation-59da24158a1045ee92d55d692e9c3b84,1004.9164962768555,1024.6005292119953,2.0419461591518484,9.899251852999441,0.3126667059987085,6.52321225599735,0.26557466300437227,0.6413812979881186,19.042618647159543,19.68403293513984
req_00894,ieee-activation-8411c4186c2c42b492909f7cff30a66f,1005.8604793548584,1029.6714473550091,1.0982289241364924,9.89707683600136,0.7234506160020828,7.9312027230043896,3.5668520180042833,0.5941568830021424,23.216792070146766,23.81096800015075
req_00895,ieee-activation-8411c4186c2c42b492909f7cff30a66f,1005.9294395446777,1029.671846502999,1.0293927833263297,10.61855089799792,0.4031256019952707,7.529929626005469,3.5607617670029867,0.6006462819932494,23.141747665329603,23.742406958321226
req_00896,ieee-activation-6c14ba67edf54cc9b80193ddbf12449f,1008.9758625030518,1029.575070646999,0.010991681949235499,8.147956743996474,6.21318711200729,4.842756622994784,0.8802244310063543,0.5040915519930422,20.095096354954876,20.59920814394718
req_00897,ieee-activation-8411c4186c2c42b492909f7cff30a66f,1010.5037651062012,1031.7407007919974,2.767017259800923,9.952221535000717,0.2905201709945686,5.857450270006666,0.21327186899725348,2.156454580996069,19.08045681779913,21.236935685796198
req_00898,ieee-activation-6c14ba67edf54cc9b80193ddbf12449f,1011.2306060791016,1038.7027459429955,2.040612121898448,10.472644882000168,5.846399098998518,4.637641510009416,0.42309399099031,4.051748259997112,23.42038029989635,27.472139863893972
req_00899,ieee-activation-8411c4186c2c42b492909f7cff30a66f,1017.336404800415,1029.6721711230057,0.1495514735870529,6.269984308994026,0.045673639004235156,4.71082089599804,0.560480854997877,0.5992551500094123,11.736486655587214,12.335766322590644
req_00900,ieee-activation-59da24158a1045ee92d55d692e9c3b84,1019.4393329620361,1057.9478648710065,2.819384211965371,12.200890612002695,14.605296036999789,5.026106019999133,2.2794287930009887,1.5774262350023491,36.931083676972776,38.508531908970326
req_00901,ieee-activation-6c14ba67edf54cc9b80193ddbf12449f,1019.7638130187988,1050.3099229890067,2.4951558142056456,12.221772336997674,5.0054906150035094,4.0431445139984135,5.645795370000997,1.1347513200016692,29.41134969520499,30.546109970207908
req_00902,ieee-activation-8411c4186c2c42b492909f7cff30a66f,1023.3355579376221,1040.216919330007,0.00708679438685067,11.02548126799229,0.013933595997514203,4.872865844008629,0.3338335919979727,0.6281602980016032,16.253170638388838,16.88136139238486
req_00903,ieee-activation-8411c4186c2c42b492909f7cff30a66f,1024.4157409667969,1040.3063298549969,0.0022352742089424282,10.00836253700254,0.028961448988411576,4.83967259900237,0.2917195320042083,0.7196374969935277,15.170920796212158,15.8905888882
req_00904,ieee-activation-942891bfbe6347b2a3a855d442302144,1024.9072933197021,1049.7582778810029,0.02380295129842125,9.635360765998485,5.129381350998301,2.928806841999176,6.5498668720101705,0.5837657789961668,24.267199091307702,24.85098456130072
req_00905,ieee-activation-8411c4186c2c42b492909f7cff30a66f,1027.2152843475342,1049.600717912006,1.8537427374685649,5.580247160003637,4.689767942996696,4.017887231006171,5.817812561988831,0.42597593100799713,21.959433007461485,22.385433564471896
req_00906,ieee-activation-59da24158a1045ee92d55d692e9c3b84,1028.0736999511719,1063.5605495920026,0.9966205308301141,5.298655428006896,22.73209244699683,3.0158118160034064,2.7752102539961925,0.6684591649973299,34.8183788798342,35.48684964083077
req_00907,ieee-activation-942891bfbe6347b2a3a855d442302144,1038.6770038604736,1073.7297397350048,0.04402097052661702,10.363260655998602,16.295457497006282,1.82771653799864,4.677017213994986,1.8452629990060814,33.20743803752703,35.05273587453121
req_00908,ieee-activation-8411c4186c2c42b492909f7cff30a66f,1040.81276512146,1078.6042170410074,8.362213549538865,2.649532645009458,12.83626212598756,5.234894378008903,1.9895081159920665,6.719041105010547,31.07239322953683,37.7914519195474
req_00909,ieee-activation-8411c4186c2c42b492909f7cff30a66f,1040.919116973877,1058.1865163430048,8.256205926125403,2.6475354269932723,0.7759386180114234,1.9904894969949964,1.7949852510064375,1.8022446499962825,15.465145053138258,17.267399369127816
req_00910,ieee-activation-942891bfbe6347b2a3a855d442302144,1041.5145244598389,1063.7835549010051,7.660854039160768,2.3692772450012853,6.410389957003645,4.714601921994472,0.2165023609995842,0.8974049170064973,21.371616763150087,22.26903044116625
req_00911,ieee-activation-59da24158a1045ee92d55d692e9c3b84,1044.5172519683838,1088.782090224995,4.658173578616697,22.385048580996227,2.147155519007356,7.411860506996163,4.485636986006284,3.176963084988529,41.08786882161803,44.264838256611256
req_00912,ieee-activation-6c14ba67edf54cc9b80193ddbf12449f,1045.4134273529053,1058.395688011995,3.7620500640914543,2.6834825960104354,0.7117363449942786,3.719404632996884,0.0984578200004762,2.0071292009961326,10.975125673081493,12.982260659089661
req_00913,ieee-activation-6c14ba67edf54cc9b80193ddbf12449f,1045.6316833496094,1057.722051956007,3.543833642397658,2.941522905995953,0.45377406700572465,2.2408864839962916,1.574188544997014,1.3361629620048916,10.754199738395982,12.090368606397533
req_00914,ieee-activation-8411c4186c2c42b492909f7cff30a66f,1047.3155479431152,1088.8342788890004,1.8600085488869809,2.6497911009937525,27.064933223999105,6.641557114009629,0.07809754500340205,3.2243434129923116,38.29438185489562,41.51873094588518
req_00915,ieee-activation-942891bfbe6347b2a3a855d442302144,1049.5409393310547,1112.0381195219961,0.004795050946995616,2.055984887003433,49.76287641900126,5.004588226991473,2.785024536002311,2.883911070995964,59.613235926939524,62.497180190941435
req_00916,ieee-activation-942891bfbe6347b2a3a855d442302144,1050.060115814209,1077.6465082530049,0.3321756517980248,5.877354265001486,6.6263495389866875,4.7890716820111265,4.096156439001788,5.86528486199677,21.72107949180645,27.586392438795883
req_00917,ieee-activation-59da24158a1045ee92d55d692e9c3b84,1050.0837230682373,1245.6221606409963,0.30872949775948655,1.3645553770038532,187.7665285969997,1.554928377008764,3.994828492999659,0.5488672309875255,194.98955884376483,195.538437572759
req_00918,ieee-activation-59da24158a1045ee92d55d692e9c3b84,1053.86474609375,1085.7287239510042,2.5059732872468885,15.351245158002712,0.030329257002449594,8.216277669998817,0.5474467479943996,5.212705737008946,26.651259441234288,31.863977857254213
req_00919,ieee-activation-942891bfbe6347b2a3a855d442302144,1054.7769145965576,1089.0188170559995,1.5957090974407038,11.257731013000011,10.746624956998858,3.2458934809983475,3.98181924301025,3.4141246679937467,30.82776493745041,34.24190245944192
req_00920,ieee-activation-8411c4186c2c42b492909f7cff30a66f,1056.67671585083,1094.8474394710065,0.0061782551783835515,15.038598610990448,8.85768933800864,6.527236763999099,1.763626663989271,5.97739398801059,32.193298019177746,38.17072362017643
req_00921,ieee-activation-59da24158a1045ee92d55d692e9c3b84,1057.3710289001465,1088.7829252219963,0.816056990850484,13.536710124011734,0.028632328991079703,8.566206090996275,5.286282195011154,3.1780085919890553,28.233866199851036,31.41189632184978
req_00922,ieee-activation-6c14ba67edf54cc9b80193ddbf12449f,1057.4728298187256,1101.597719174999,0.7144496502733091,13.558643775002565,23.96427960100118,3.0370933069934836,2.7638303010025993,0.08659272200020496,44.03828675627301,44.12488935627334
req_00923,ieee-activation-8411c4186c2c42b492909f7cff30a66f,1061.192461013794,1079.199910757001,1.6939741622045403,8.83612268899742,0.006031157012330368,5.110497463989304,1.079678859008709,1.2811454119946575,16.726284952208516,18.007449743206962
req_00924,ieee-activation-6c14ba67edf54cc9b80193ddbf12449f,1062.4180927276611,1079.8362447060063,0.4685768993367674,8.733728225008235,0.09005252800125163,5.119469244993525,1.0892533349979203,1.917071746007423,15.50107176133315,17.418151978345122
req_00925,ieee-activation-8411c4186c2c42b492909f7cff30a66f,1062.640037536621,1078.965384752999,0.2466842993744649,8.836609235004289,0.00688468299631495,1.6760775330039905,4.369211265002377,1.189880200996413,15.135460366378538,16.32534721637785
req_00926,ieee-activation-6c14ba67edf54cc9b80193ddbf12449f,1063.2006702423096,1088.9654163160012,0.12661625968758017,8.3958464590105,7.199318617989775,1.7395828169974266,2.8211365490133176,5.482245370993041,20.282481245696545,25.76474607369164
req_00927,ieee-activation-59da24158a1045ee92d55d692e9c3b84,1063.2510776519775,1088.783636934997,0.07630460702057462,8.397621637006523,0.027501830001710914,8.566128708989709,5.284925748012029,3.1800767519889632,22.352473966020625,25.53255928301951
req_00928,ieee-activation-6c14ba67edf54cc9b80193ddbf12449f,1063.2522468566895,1079.8353250350046,0.07525495831214357,8.396938199002761,0.07035538599302527,1.521459745010361,4.531127745998674,1.9879421439982252,14.59512817832001,16.58307817831519
req_00929,ieee-activation-942891bfbe6347b2a3a855d442302144,1064.5812950134277,1089.3947289640055,0.07492609656765126,4.001794479001546,14.829726894007763,0.27677653600403573,1.8498199739988195,3.7803899709979305,21.03302552556852,24.813433950577746
req_00930,ieee-activation-942891bfbe6347b2a3a855d442302144,1065.312063217163,1083.472719479003,0.047367365841637366,12.524700459995074,0.010120139995706268,0.7171103770087939,0.21140205999836326,4.649955859000329,13.510677294849302,18.160656261839904
req_00931,ieee-activation-8411c4186c2c42b492909f7cff30a66f,1065.6356143951416,1088.8337757749978,0.003487438865704462,12.855856793001294,0.3952730189921567,5.688781243006815,1.0311741259938572,3.223588759996346,19.974515721871285,23.198161379856174
req_00932,ieee-activation-6c14ba67edf54cc9b80193ddbf12449f,1066.4203815460205,1085.6741698260012,5.360195267974632,6.909384377009701,0.23229094299313147,1.533616050001001,0.062060801006737165,5.156240840995451,14.097526015975745,19.253788279980654
req_00933,ieee-activation-8411c4186c2c42b492909f7cff30a66f,1066.4329738616943,1088.8340479100007,5.347850176302018,6.824032399003045,0.285467431996949,2.501881370000774,4.212230778997764,3.229611892005778,19.171452678288915,22.401074048306327
req_00934,ieee-activation-8411c4186c2c42b492909f7cff30a66f,1066.5677013397217,1088.8333822419954,5.213189977279399,6.20197112900496,0.9072545109956991,6.608209205995081,0.11321168699942064,3.221844391999184,19.043828095280332,22.265680902273743
req_00935,ieee-activation-6c14ba67edf54cc9b80193ddbf12449f,1066.9174518585205,1095.776009373003,4.863500984487473,6.761820003986941,11.455189820000669,0.27532999200047925,4.6442193550028605,0.8584973590041045,28.000050971488236,28.858557514482527
req_00936,ieee-activation-942891bfbe6347b2a3a855d442302144,1066.9240436553955,1103.1615328960033,4.856957653610152,6.134204675996443,16.87577138400229,2.3556559680000646,4.25189246199443,1.7630070970044471,34.47447598160943,36.23748924060783
req_00937,ieee-activation-59da24158a1045ee92d55d692e9c3b84,1067.6706352233887,1085.7279500690056,4.110421795616276,6.142662565995124,0.6973440309957368,0.9323140460037393,0.5955186540086288,5.5790537529974245,12.478253718625638,18.05731484561693
req_00938,ieee-activation-6c14ba67edf54cc9b80193ddbf12449f,1067.779396057129,1088.1763934159972,4.082068279880332,7.519578002989874,0.267219836008735,0.7565020949987229,0.11154681799234822,7.660082326998236,12.736890407875762,20.396997358868248
req_00939,ieee-activation-942891bfbe6347b2a3a855d442302144,1068.1079330444336,1133.1188119180006,3.7541123295668513,7.692367312003626,46.65234018299088,1.1818968880106695,2.7739343709981767,2.956227789996774,62.05460442956246,65.01087887356698
req_00940,ieee-activation-59da24158a1045ee92d55d692e9c3b84,1068.1083965301514,1088.7842227590008,3.753858845855575,7.279269533988554,0.3067601060029119,1.562415107007837,4.592551503999857,3.1809711319947382,17.49482606985839,20.675826228849473
req_00941,ieee-activation-942891bfbe6347b2a3a855d442302144,1068.1165885925293,1102.8678647089982,3.7458248854673,8.22648883301008,19.9216700669931,0.21371100199758075,1.2885190470115049,1.355062281989376,33.3961896164692,34.751276116468944
req_00942,ieee-activation-6c14ba67edf54cc9b80193ddbf12449f,1068.5163173675537,1088.7243614150066,3.3462264924455667,7.974393348005833,0.2157023399922764,0.41993275700951926,0.04816554699209519,8.203623563007568,12.00440114743833,20.20804404745286
req_00943,ieee-activation-6c14ba67edf54cc9b80193ddbf12449f,1069.2463340759277,1174.209302414005,19.622825515078148,13.03798120499414,64.25170572599745,0.6166748240066227,4.23939814500045,3.1943829230003757,101.7685763790796,104.96296833807719
req_00944,ieee-activation-6c14ba67edf54cc9b80193ddbf12449f,1069.24800491333,1112.1559397990059,19.62120633867744,14.963197613993543,1.2053106210078113,0.5112092199997278,3.614340446991264,2.992670645006001,39.91525621667097,42.907934885675786
req_00945,ieee-activation-8411c4186c2c42b492909f7cff30a66f,1070.172197341919,1089.742784838003,8.434472758090124,7.2953889809869,0.6629203970078379,0.9181769290007651,1.4769005429989193,0.7827278879994992,18.787831868088688,19.570587496084045
req_00946,ieee-activation-8411c4186c2c42b492909f7cff30a66f,1070.187900543213,1111.8061955879966,8.779015872787568,6.708720025999355,15.68874682400201,4.253145408001728,3.5363002619997133,2.6523666519933613,38.9659095107927,41.618295044783736
req_00947,ieee-activation-942891bfbe6347b2a3a855d442302144,1070.2264366149902,1094.8464204830088,8.974818029018934,7.086301651987014,0.6240743670059601,0.19092971499776468,1.8582642630062765,5.885595842002658,18.734356397020747,24.619983868018608
req_00948,ieee-activation-8411c4186c2c42b492909f7cff30a66f,1070.432020187378,1191.4852178150031,9.404647463627043,6.067276141999173,98.26162538699282,0.3866304920084076,1.5261740650021238,5.406844077995629,115.6463326686353,121.0531976276252
req_00949,ieee-activation-59da24158a1045ee92d55d692e9c3b84,1070.4503231048584,1102.7928025750007,9.386464193143183,5.892480302005424,10.35272602099576,0.7638592250004876,4.664757876991644,1.2821918520057807,31.06027910213743,32.34247947014228
req_00950,ieee-activation-8411c4186c2c42b492909f7cff30a66f,1070.4608840942383,1126.1254949430004,13.022623537763138,20.3905595200049,10.97234534600284,3.694950252000126,0.7955054179910803,6.7886267750000115,48.8759574417636,55.664610848762095
req_00951,ieee-activation-8411c4186c2c42b492909f7cff30a66f,1070.5344524383545,1112.0441064140032,15.140565590641927,17.80484818300465,0.424424426004407,1.7132380359980743,3.54530371799774,2.8812740220018895,38.62833355664043,41.50965397564869
req_00952,ieee-activation-59da24158a1045ee92d55d692e9c3b84,1071.2543468475342,1145.9872672369966,14.475569184462074,17.063526697005727,39.06757111600018,1.07238989599864,0.045406359000480734,3.0084571369952755,71.72442583845987,74.73292038946238
req_00953,ieee-activation-59da24158a1045ee92d55d692e9c3b84,1072.5536975860596,1112.1574850570032,13.17640878794191,17.361846415005857,0.383310884993989,1.9460931520006852,3.732193695002934,3.003934535998269,36.599831055951654,39.603787470943644
req_00954,ieee-activation-942891bfbe6347b2a3a855d442302144,1072.5652561187744,1158.1502632960037,57.69884258022648,19.73894984999788,0.09526221100531984,0.5423974209988955,0.21737362000567373,7.29218149499502,78.29280630023277,85.58500717722927
req_00955,ieee-activation-59da24158a1045ee92d55d692e9c3b84,1072.9548873901367,1112.0946045230085,15.771489658858627,14.760958785002003,0.6943407250073506,0.9103549319988815,4.063308565004263,2.939264467000612,36.20040962386702,39.13971713287174
req_00956,ieee-activation-8411c4186c2c42b492909f7cff30a66f,1072.9554233551025,1112.0955025129952,15.91326168589876,14.617944444995373,0.41773107400513254,1.6976158729958115,3.560425725998357,2.93310035399918,36.20694422489032,39.140079157892615
req_00957,ieee-activation-8411c4186c2c42b492909f7cff30a66f,1072.9903831481934,1112.0446578490082,15.8785592658096,15.157691671003704,0.5823622519965284,1.1451081790000899,3.409417315997416,2.8811360170075204,36.17312733481231,39.05427470081486
req_00958,ieee-activation-8411c4186c2c42b492909f7cff30a66f,1072.9909763336182,1111.8058585899998,15.878020168383955,14.221616262002499,0.8131048929935787,2.044883449008921,3.2135994729906088,2.643658011002117,36.17121391938417,38.81488225638168
req_00959,ieee-activation-942891bfbe6347b2a3a855d442302144,1073.0287837982178,1104.8150618610089,15.840262831785367,14.293001807003748,0.034410655993269756,0.2467827680084156,0.04563634000078309,1.326183659999515,30.460087153798668,31.786278062791098
req_00960,ieee-activation-6c14ba67edf54cc9b80193ddbf12449f,1073.3398475646973,1089.869943814003,4.307214379310608,10.449954140989576,0.06671065800765064,0.40328264600248076,0.394820579997031,0.9081138449982973,15.621942522309837,16.530096249305643
req_00961,ieee-activation-6c14ba67edf54cc9b80193ddbf12449f,1073.3606967926025,1089.8732294189977,4.286591537398635,8.257773624995025,1.0491609570017317,0.27730621700175107,1.7280652330082376,0.9136350569897331,15.598872668400872,16.512532626395114
req_00962,ieee-activation-6c14ba67edf54cc9b80193ddbf12449f,1073.8139057159424,1112.1548513519956,15.055351179064019,14.470224780001445,0.8591663239931222,1.3136432780011091,3.649282358994242,2.993277715999284,35.34765860006155,38.34094563605322
req_00963,ieee-activation-942891bfbe6347b2a3a855d442302144,1073.8235702514648,1104.891621889008,15.04573345053359,13.940319201006787,0.08414141899265815,0.4649189280025894,0.12934393899922725,1.403594700008398,29.664448559531593,31.06805163754325
req_00964,ieee-activation-59da24158a1045ee92d55d692e9c3b84,1073.8240985870361,1116.130874331997,15.14216520296759,14.272021301992936,8.631457561001298,1.3013400260097114,0.186869883997133,2.7729217689920915,39.533837449969724,42.30677574496076
req_00965,ieee-activation-59da24158a1045ee92d55d692e9c3b84,1073.8323783874512,1112.093542215007,15.193742535557249,14.458484709000913,0.4227738779882202,1.416796471006819,3.837610599002801,2.9317556349997176,35.32934939255938,38.26116382755572
req_00966,ieee-activation-59da24158a1045ee92d55d692e9c3b84,1074.1575775146484,1112.0965143250069,15.239445624349173,14.08181872300338,0.4278540230006911,1.268278913004906,3.9870214749971638,2.9345180520031136,35.00438540834875,37.93893681035843
req_00967,ieee-activation-942891bfbe6347b2a3a855d442302144,1074.1974983215332,1112.9547111400025,15.546661844462506,13.41854637900542,6.403827019006712,2.402144062987645,0.008403569008805789,0.9776299439981813,37.77955315246072,38.75721281846927
req_00968,ieee-activation-6c14ba67edf54cc9b80193ddbf12449f,1074.761682510376,1112.1554239359975,15.110710033623036,14.002328570000827,1.1631204500008607,1.5660070690064458,2.557459743999061,2.994115558991325,34.399593524620286,37.393741425621556
req_00969,ieee-activation-6c14ba67edf54cc9b80193ddbf12449f,1075.5133457183838,1112.1565758590004,18.570333202616894,9.401731111007393,0.713347843993688,1.4627779010043014,3.5010751130030258,2.9939649689913495,33.64923458262638,36.64323014061665
req_00970,ieee-activation-6c14ba67edf54cc9b80193ddbf12449f,1075.523281097412,1121.2490103730088,19.32543420958973,6.754464227997232,12.701503062009579,0.8505507099907845,4.070063460007077,2.023713606002275,43.70198496458761,45.72572927559668
req_00971,ieee-activation-8411c4186c2c42b492909f7cff30a66f,1075.530418395996,1114.2400038180058,19.31870172500203,8.489838262001285,8.470533440995496,0.8970895930106053,0.2501987639989238,1.283223637001356,37.42633620899869,38.709585422009695
req_00972,ieee-activation-6c14ba67edf54cc9b80193ddbf12449f,1075.657953262329,1128.9324176780065,20.118837125672144,24.34766868999577,0.4929088409990072,1.6615075620065909,4.369511487006093,2.284030709997751,50.990392718682415,53.27446441567736
req_00973,ieee-activation-59da24158a1045ee92d55d692e9c3b84,1075.6589374542236,1130.907238959,25.939631982779247,18.959259698996902,1.24952081500669,1.5561802229931345,3.2803816000086954,4.263327184991795,50.984917645779205,55.248301504776464
req_00974,ieee-activation-942891bfbe6347b2a3a855d442302144,1075.9750804901123,1133.198818003002,26.822048715883284,17.529461413010722,7.138336110991077,0.4818725110089872,2.238790788993356,3.0132279730023583,54.21047954687674,57.223737512889784
req_00975,ieee-activation-942891bfbe6347b2a3a855d442302144,1075.9882888793945,1142.7587772840052,27.103441336614196,17.375705168989953,21.14998959400691,0.27542277199972887,0.10798436299955938,0.7579451700003119,66.012525259619,66.77048840461066
req_00976,ieee-activation-942891bfbe6347b2a3a855d442302144,1076.036657333374,1129.9971197010018,27.25962302662083,22.224957084006746,0.07294112999807112,0.48580910099553876,0.5691319739999017,3.3480000520066824,50.61242860661878,53.96046236762777
req_00977,ieee-activation-59da24158a1045ee92d55d692e9c3b84,1076.0373935699463,1130.2596470419958,28.855104321060935,15.346854552000877,1.5672279469872592,0.5977343370032031,4.239831804996356,3.6155005100008566,50.60671417704725,54.22225347204949
req_00978,ieee-activation-942891bfbe6347b2a3a855d442302144,1076.0409526824951,1129.997711514996,28.852239132509567,15.665454620990204,2.131714645001921,0.3155189600074664,3.638494756,3.353336717991624,50.60337870550575,53.95675883250078
req_00979,ieee-activation-942891bfbe6347b2a3a855d442302144,1076.4459686279297,1129.9962445560086,35.43885101907654,8.581058101000963,1.5270214949996443,2.4082657399994787,2.2531894669955363,3.3418901060067583,50.20835590908246,53.55027592807892
req_00980,ieee-activation-59da24158a1045ee92d55d692e9c3b84,1076.493984222412,1130.257596921001,35.39100959758798,8.581778502004454,1.3399227449990576,0.48222820299270097,4.356133981011226,3.6125396699935663,50.15106341059436,53.763612698588986
req_00981,ieee-activation-8411c4186c2c42b492909f7cff30a66f,1076.733585357666,1129.9328054110083,35.305258871332626,8.42880046000937,0.57534335499804,1.5252640370017616,4.084078617001069,3.280474712999421,49.91871527134208,53.19922005334229
req_00982,ieee-activation-942891bfbe6347b2a3a855d442302144,1076.7399139404297,1140.3523226950056,35.418381847572164,13.968219311995199,0.08119033800903708,5.39150597799744,1.358380114994361,7.3947311640076805,56.21763765257492,63.61240875457588
req_00983,ieee-activation-8411c4186c2c42b492909f7cff30a66f,1076.7641620635986,1150.071044662007,35.394502778406604,8.080202981000184,21.9675103789923,1.2435647600068478,4.093517304994748,2.5275843950075796,70.77927331940737,73.30688259840827
req_00984,ieee-activation-59da24158a1045ee92d55d692e9c3b84,1076.780776977539,1130.258360243999,35.37830235446745,9.103584063996095,0.5447367049928289,0.6643695180100622,4.172833050994086,3.6137575739994645,49.86380304346676,53.47758326645999
req_00985,ieee-activation-59da24158a1045ee92d55d692e9c3b84,1076.8182735443115,1130.2602424560027,35.34096069668885,13.428826135001145,0.09720300299522933,0.8170295380114112,0.15599169999768492,3.6019578389968956,49.83999001469056,53.44196891169122
req_00986,ieee-activation-8411c4186c2c42b492909f7cff30a66f,1077.3504486083984,1126.715208462003,34.80893080760143,8.39772482700937,1.1645928989892127,0.7643870820029406,4.157509961994947,0.07161427600658499,49.293125434589456,49.36475985360448
req_00987,ieee-activation-6c14ba67edf54cc9b80193ddbf12449f,1077.3607120513916,1130.1229518430046,34.798941106608254,8.1395108380093,0.318394054993405,2.652242402997217,3.3750316930090776,3.4781196959957015,49.28409993661626,52.762239791612956
req_00988,ieee-activation-8411c4186c2c42b492909f7cff30a66f,1077.6603507995605,1198.8976458649995,34.49943071544112,8.399410762998741,72.17485034900892,0.3423728669877164,3.9867132869985653,1.8345170840038918,119.4027634744416,121.23729506543896
req_00989,ieee-activation-8411c4186c2c42b492909f7cff30a66f,1077.6697025299072,1129.9334897020017,34.49022757008788,9.029876329004765,0.8556211120012449,0.6480260910029756,3.955207684004563,3.2848283859930234,48.9789422590984,52.26378717209445
req_00990,ieee-activation-8411c4186c2c42b492909f7cff30a66f,1077.6700458526611,1129.933238632002,34.48998265234695,8.617086838989053,1.268193705007434,0.608195380991674,3.999511618007091,3.280222583998693,48.98295329934626,52.2631927793409
req_00991,ieee-activation-942891bfbe6347b2a3a855d442302144,1077.6843566894531,1133.1201165509992,34.475822194552165,14.154089254996506,0.011084261001087725,1.1127944019972347,2.724754214999848,2.9572155339992605,52.478529900545254,55.4357598615461
req_00992,ieee-activation-6c14ba67edf54cc9b80193ddbf12449f,1077.7033958435059,1130.078787231003,34.456900279503316,8.460234659985872,0.37025170400738716,4.983358722995035,0.674757838001824,3.4298881830036407,48.94548973250494,52.375391387497075
req_00993,ieee-activation-6c14ba67edf54cc9b80193ddbf12449f,1077.794771194458,1157.8846852749994,34.36567992853816,8.462404407007853,25.515374334005173,0.9280156769964378,0.585680460993899,10.232759272999829,69.85713210653921,80.08991408054135
req_00994,ieee-activation-6c14ba67edf54cc9b80193ddbf12449f,1077.7954578399658,1186.5312674830056,35.16026172404236,7.666415774991037,55.988839664001716,0.664066201003152,1.090579641997465,8.165646637004102,100.57013264104899,108.73580964303983
req_00995,ieee-activation-6c14ba67edf54cc9b80193ddbf12449f,1077.847032546997,1157.8837310710078,36.394486994002364,6.226767266009119,21.38395010199747,3.831507604001672,1.9340442499960773,10.265942308004014,69.77073120500427,80.03669852401072
req_00996,ieee-activation-59da24158a1045ee92d55d692e9c3b84,1078.422248840332,1140.443360972,37.9795331156638,13.278955282003153,0.06687283600331284,1.8491347060044063,1.3605635309941135,7.486052660999121,54.53503490265575,62.021112131667905
req_00997,ieee-activation-8411c4186c2c42b492909f7cff30a66f,1078.661937713623,1142.315370937009,42.59992163037532,11.346953491010936,0.0637545229983516,0.41189898099401034,7.4583932219975395,1.7725113760097884,61.880880531374714,63.653433223385946
req_00998,ieee-activation-8411c4186c2c42b492909f7cff30a66f,1079.412296295166,1142.3135470270063,46.903109398830566,6.619413193999208,0.011404818011214957,1.1471067069942364,6.449912037001923,1.7703045770031167,61.13091582382913,62.901250731840264
req_00999,ieee-activation-6c14ba67edf54cc9b80193ddbf12449f,1079.4142799377441,1192.1361910010019,47.39293976026238,3.769206728989957,60.94997660700756,0.3241476139955921,0.20590989899937995,0.07973045400285628,112.64215678525215,112.72191106325772
req_01000,ieee-activation-8411c4186c2c42b492909f7cff30a66f,1079.4149284362793,1174.0872673569975,50.26496086471889,18.79728289099876,13.113455159007572,7.330053361001774,1.845691315989825,3.3208953290013596,91.35139093171165,94.67233892071818
req_01001,ieee-activation-942891bfbe6347b2a3a855d442302144,1079.4162006378174,1158.1487160090037,50.74523125617998,19.097943913002382,0.7657240100088529,0.6488819399964996,0.18508253600157332,7.289651715997024,71.44284203418647,78.73251537118631
req_01002,ieee-activation-942891bfbe6347b2a3a855d442302144,1079.4516010284424,1206.1076989360008,50.70996004655899,18.452509877999546,48.326592885001446,4.521129556000233,0.16731788299512118,4.478587659003097,122.17750018055085,126.65609790755843
req_01003,ieee-activation-59da24158a1045ee92d55d692e9c3b84,1079.962978363037,1165.4845828789985,50.19863966797129,18.542676467986894,11.771535003004828,0.8020655860018451,0.43489154400595,3.7717962469905615,81.74980013698223,85.52160451596137
req_01004,ieee-activation-8411c4186c2c42b492909f7cff30a66f,1079.9723949432373,1158.4835833249963,50.18945865276328,18.51089639699785,0.8140399539988721,0.8569244420068571,0.4182411219953792,7.721627813996747,70.78955344876158,78.51118838175898
req_01005,ieee-activation-59da24158a1045ee92d55d692e9c3b84,1080.171148300171,1224.3994278050086,49.99089666483633,18.73426161200041,67.54646846199466,2.2747559239942348,0.14378037401183974,5.538116468000226,138.69015482784016,144.2282795048377
req_01006,ieee-activation-59da24158a1045ee92d55d692e9c3b84,1082.5419330596924,1173.1939865120075,47.62019120530749,19.613990819008905,15.348859904988785,4.592624049008009,1.2048772089910926,2.2715102650108747,88.3805358193058,90.65205345231516
req_01007,ieee-activation-942891bfbe6347b2a3a855d442302144,1083.294204711914,1158.151248580005,46.8680035390862,18.712883877000422,1.1499041810020572,0.6982896370027447,0.13754906099347863,7.290413573005935,67.56662368608522,74.85704386809084
req_01008,ieee-activation-59da24158a1045ee92d55d692e9c3b84,1084.294885635376,1161.5680090759997,45.86749995063292,20.341679705990828,0.7804503810039023,1.9898790220031515,4.797270355993533,3.4963440249994164,73.77677143263281,77.27312344062375
req_01009,ieee-activation-942891bfbe6347b2a3a855d442302144,1084.4148139953613,1174.971697607005,45.84419455564057,20.10507912799949,21.10971172999416,2.848272151008132,0.07712413799890783,0.5725019090023125,89.98434625264781,90.55688361164357
req_01010,ieee-activation-59da24158a1045ee92d55d692e9c3b84,1086.2651348114014,1161.5670247340022,43.994080257602036,19.3510603899922,1.371208774013212,1.3067787079926347,5.78368577400397,3.4950760189967696,71.80679375361069,75.30188992260082
req_01011,ieee-activation-6c14ba67edf54cc9b80193ddbf12449f,1086.5067672729492,1112.1570575360092,2.156426530054887,13.245256654001423,1.8929391900019255,4.8254607589915395,0.5375572180055315,2.9926499120047083,22.65760973605211,25.650290263060015
req_01012,ieee-activation-59da24158a1045ee92d55d692e9c3b84,1086.5303764343262,1174.0860759869975,43.73355552367866,20.127533092992962,19.67672324900923,0.4939391919906484,0.45622374401136767,3.0677247509884182,84.48794753669063,87.55569955267129
req_01013,ieee-activation-6c14ba67edf54cc9b80193ddbf12449f,1088.3795757293701,1262.7757737170032,44.01465553062735,16.807356952005648,101.55443572800141,1.47509062300378,3.273437705996912,7.271221447997959,167.1249569816282,174.39619798763306
req_01014,ieee-activation-942891bfbe6347b2a3a855d442302144,1089.0769672393799,1161.4802510779991,44.0427551256289,17.243743625993375,0.1049078299984103,0.26860093799768947,7.2417218839982525,3.5015544350026175,68.90169704062282,72.40328383861925
req_01015,ieee-activation-942891bfbe6347b2a3a855d442302144,1090.1233673095703,1161.479272741999,43.07456103243749,16.668197674996918,0.16244941900367849,1.6501806899905205,6.300197853997815,3.50031876200228,67.85556604542944,71.3559054324287
req_01016,ieee-activation-8411c4186c2c42b492909f7cff30a66f,1090.4752388000488,1161.7395832860057,42.724060670952895,16.66157113900408,0.06089717800205108,5.008070293988567,3.0484360070113325,3.7613091969978996,67.50302005695994,71.26434448595683
req_01017,ieee-activation-942891bfbe6347b2a3a855d442302144,1090.5045108795166,1161.4807940409955,50.03767743748904,9.064666888996726,0.418291666006553,1.3721851209993474,6.58116201798839,3.502300029998878,67.4739446574822,70.97628316147893
req_01018,ieee-activation-8411c4186c2c42b492909f7cff30a66f,1091.837366104126,1190.7993775840005,48.70518156487378,9.066888512999867,26.373678953008493,4.956136789987795,4.494926821003901,5.3651988380006514,93.59679966086696,98.96201147987449
req_01019,ieee-activation-8411c4186c2c42b492909f7cff30a66f,1093.1218872070312,1171.025155669995,49.19466849297169,7.022771959993406,15.577920133000589,0.3559326780086849,0.13409128099738155,5.617883917992003,72.28536560396606,77.90326846296375
req_01020,ieee-activation-6c14ba67edf54cc9b80193ddbf12449f,1093.1399822235107,1165.0820860620006,49.17799933349306,7.607153049000772,0.11762124999950174,4.6935790849966,3.241626606002683,7.104124514997238,64.83796615649771,71.94210383848986
req_01021,ieee-activation-6c14ba67edf54cc9b80193ddbf12449f,1093.2118701934814,1190.5564507840027,49.54869746451732,7.042436910996912,24.4622142540029,7.231381431003683,3.937321051998879,5.122529478001525,92.22202584751358,97.34458059052122
req_01022,ieee-activation-8411c4186c2c42b492909f7cff30a66f,1093.7996158599854,1214.7906091110053,53.7259490450233,14.214952939990326,38.58567591999599,2.090640265014372,3.621614078991115,8.752161002004868,112.23880604501755,120.99099325101997
req_01023,ieee-activation-59da24158a1045ee92d55d692e9c3b84,1095.8889446258545,1177.2657000339968,54.385889763143496,11.34406848900835,13.87310277800134,1.3216959059936926,0.09988911499385722,0.35210935700160917,81.02461886614037,81.37675540814234
req_01024,ieee-activation-6c14ba67edf54cc9b80193ddbf12449f,1096.7215118408203,1262.9510974410077,61.2557983261795,7.190481621000799,82.74598799999512,6.108009160001529,7.3890747310069855,1.5402337620034814,164.68932511718594,166.22958560018742
req_01025,ieee-activation-6c14ba67edf54cc9b80193ddbf12449f,1096.8242893218994,1239.2958613090013,61.15316657010408,7.217817074997583,65.97071911000239,0.16525020300468896,0.44218832098704297,7.522430708006141,134.94913299009204,142.47157198710192
req_01026,ieee-activation-8411c4186c2c42b492909f7cff30a66f,1096.8455295562744,1192.0547289590031,61.30425389272568,25.603205988998525,0.035407632996793836,1.7755939270136878,0.513661704986589,5.977076256007422,89.23208816071565,95.2091994027287
req_01027,ieee-activation-6c14ba67edf54cc9b80193ddbf12449f,1097.0565700531006,1190.5553108309978,61.09856442990713,20.190309329991578,0.02552334000938572,2.544427011991502,5.063216783004464,4.576699882993125,88.92201482590463,93.49874077789718
req_01028,ieee-activation-942891bfbe6347b2a3a855d442302144,1097.42280960083,1198.330541768999,60.732606544173905,24.442377904997556,6.322275954007637,5.837137440990773,2.268758878999506,1.3045754449995002,99.60313715516531,100.90773216816888
req_01029,ieee-activation-59da24158a1045ee92d55d692e9c3b84,1100.9946002960205,1191.7618250670057,57.49046661397733,18.78128528399975,0.6940223179990426,2.083110993000446,5.390197639004327,6.328141923004296,84.43906155397417,90.7672247709852
req_01030,ieee-activation-942891bfbe6347b2a3a855d442302144,1102.6563758850098,1198.253008699001,58.96459280898853,16.64982668599987,13.855251063010655,4.3639381019893335,0.5356534870079486,1.2273706669948297,94.36924220298533,95.59663281399116
req_01031,ieee-activation-942891bfbe6347b2a3a855d442302144,1103.2724304199219,1214.163091570008,58.34871947708598,16.334478457996738,22.146913930992014,3.4716028080001706,2.1277361090033082,8.46121036700788,102.4294422310777,110.89066115008609
req_01032,ieee-activation-942891bfbe6347b2a3a855d442302144,1106.816198348999,1192.4020150669967,54.80500516500615,22.001994468999328,0.1345572479913244,5.176334678006242,1.6488737650070107,1.8190513929876033,83.76675464100845,85.58581671799766
req_01033,ieee-activation-6c14ba67edf54cc9b80193ddbf12449f,1107.9063987731934,1190.5559805710072,53.71487448380503,16.23561604200222,0.3906045720068505,2.585771341997315,4.600025047999225,5.122690310003236,77.52688223680889,82.64958179781388
req_01034,ieee-activation-942891bfbe6347b2a3a855d442302144,1110.407917022705,1291.7193406020087,51.21342807529436,70.29334175300028,51.46494402100507,4.5280276849953225,1.1089220970025053,2.7027599480061326,178.6086549772881,181.31142357930366
req_01035,ieee-activation-8411c4186c2c42b492909f7cff30a66f,1112.290678024292,1231.1628301849996,49.44938057771651,22.013585424996563,33.72829367298982,4.382317240000702,2.3693704470060766,6.929204797997954,111.9429249047098,118.87215216070763
req_01036,ieee-activation-942891bfbe6347b2a3a855d442302144,1112.313398361206,1214.0369245080074,52.89810714779014,12.5891243530059,20.484174684999743,4.2331564009946305,3.184381263999967,8.334582296010922,93.38891732878983,101.7235261468013
req_01037,ieee-activation-8411c4186c2c42b492909f7cff30a66f,1114.8085746765137,1292.4170354810049,50.67670424048265,18.267151512001874,103.58824079400802,4.010988116991939,0.5846043930068845,0.4807717479998246,177.12765674848924,177.6084608044912
req_01038,ieee-activation-942891bfbe6347b2a3a855d442302144,1114.9020538330078,1190.65153345,56.12387631399906,12.728695963000064,0.0845126549975248,0.9655546549911378,1.2734162940032547,4.573423736001132,71.17600943500292,75.74947961699218
req_01039,ieee-activation-8411c4186c2c42b492909f7cff30a66f,1115.6657085418701,1215.768120188004,58.29851157612575,4.4989239090064075,28.520880719006527,0.7609623280004598,6.911541602996294,1.1115915109985508,98.99079848913243,100.10241164613399
req_01040,ieee-activation-59da24158a1045ee92d55d692e9c3b84,1115.6678676605225,1214.8602390669985,58.62259503247333,3.6158601960050873,22.808151852994342,2.13631015100691,3.186917237995658,8.822536936000688,90.36978782646474,99.19237140647601
req_01041,ieee-activation-59da24158a1045ee92d55d692e9c3b84,1115.969259262085,1283.7506849829952,58.321329769911245,2.807008282004972,97.69085681899742,1.4787809530098457,4.527958411999862,2.955491484986851,164.825924043922,167.7814257209102
req_01042,ieee-activation-59da24158a1045ee92d55d692e9c3b84,1116.4463233947754,1198.9611062180047,57.84438205722836,4.016450287992484,14.336805106999236,1.8257175500039011,2.593747399005224,1.8976804220001213,80.61709146022622,82.51478282322933
req_01043,ieee-activation-59da24158a1045ee92d55d692e9c3b84,1116.4535083770752,1231.0928112679976,58.51895533292554,3.1979670220025582,41.01730484700238,0.9572413729911204,4.0857905950106215,6.862043720990187,107.77720500793657,114.63930289092241
req_01044,ieee-activation-942891bfbe6347b2a3a855d442302144,1117.2434997558594,1215.3537278190051,60.022628923135926,29.062509728013538,1.6479918519908097,0.3078290709963767,6.372351238998817,0.6969172500103014,97.41329048712214,98.11022806314577
req_01045,ieee-activation-6c14ba67edf54cc9b80193ddbf12449f,1118.830955505371,1262.9523776679998,67.7012021086266,47.887168144006864,21.024116910994053,0.4566602609993424,5.52549622800143,1.5267785100004403,142.59460798162036,144.12142216262873
req_01046,ieee-activation-6c14ba67edf54cc9b80193ddbf12449f,1118.8358840942383,1215.352860428,71.74607413075864,23.12907094100956,0.09330241099814884,0.4908217749907635,0.3671570000005886,0.6905500760040013,95.82640749475104,96.5169763337617
req_01047,ieee-activation-59da24158a1045ee92d55d692e9c3b84,1120.0171089172363,1246.9025455100054,70.56497701976332,44.71875276899664,9.461349279008573,0.23981904199172277,0.17817019201174844,1.7223682909971103,125.1630572717695,126.88543659276911
req_01048,ieee-activation-6c14ba67edf54cc9b80193ddbf12449f,1120.018804550171,1215.5959092490084,70.56333398283459,23.34621919799247,0.016131066004163586,0.4720904769928893,0.2466925980115775,0.9326373770018108,94.64444410183933,95.5771046988375
req_01049,ieee-activation-59da24158a1045ee92d55d692e9c3b84,1120.1533069610596,1231.0914080140064,70.49896340994746,23.197001098000328,0.13939141199807636,9.013032778995694,1.2347876309941057,6.854924723011209,104.08314180694288,110.93810105294688
req_01050,ieee-activation-942891bfbe6347b2a3a855d442302144,1120.7897853851318,1246.435725028001,70.01046114087512,44.69612719598808,4.675196562006022,0.1901505179994274,4.483036036006524,1.5909681899938732,124.05493815588125,125.64593964286905
req_01051,ieee-activation-942891bfbe6347b2a3a855d442302144,1121.162754058838,1215.2929268730077,70.32824562316819,16.802881265000906,0.0787252229929436,0.22604068300279323,6.060940914001549,0.6333391060034046,93.49677564816375,94.13017281416978
req_01052,ieee-activation-59da24158a1045ee92d55d692e9c3b84,1121.4920501708984,1310.9308104630036,70.27025145510561,55.37773308499891,56.40670412899635,4.90912617900176,1.9536526900046738,0.5212927539978409,188.91743853611115,189.43876029210514
req_01053,ieee-activation-8411c4186c2c42b492909f7cff30a66f,1123.3447704315186,1215.7847836820001,68.7106096384814,16.34114417800447,0.14597911199962255,2.3878856289957184,3.7306260720069986,1.12376862099336,91.31622280349256,92.44001325048157
req_01054,ieee-activation-8411c4186c2c42b492909f7cff30a66f,1124.42258644104,1262.690391687007,67.71435427496908,53.74748933198862,0.43475696101086214,8.613437673993758,6.4704977969959145,1.2872692070086487,136.9805024149682,138.26780524596688
req_01055,ieee-activation-942891bfbe6347b2a3a855d442302144,1129.619930267334,1253.1708480359957,62.78331751967198,41.88206286900095,12.29420871999173,2.756238622998353,1.6718740470096236,2.163215989989112,121.38766912567371,123.55091776866175
req_01056,ieee-activation-6c14ba67edf54cc9b80193ddbf12449f,1130.2345695495605,1215.5985076729994,68.01931940544455,15.675328625002294,0.015435395995154977,0.41841762099647895,0.29986155799997505,0.9355755180004053,84.42833023444109,85.36393812343886
req_01057,ieee-activation-59da24158a1045ee92d55d692e9c3b84,1130.234754562378,1231.1620829519961,68.31745964862057,20.247619836009108,0.38733766799850855,0.9162586909951642,4.131183891004184,6.927468654990662,93.9998388486274,100.9273283896182
req_01058,ieee-activation-59da24158a1045ee92d55d692e9c3b84,1130.3588581085205,1231.0922295049968,68.54404075148341,14.87247234499955,0.07761373800167348,9.09446954500163,1.2886201179935597,6.856154898996465,93.87719206848124,100.73337139647629
req_01059,ieee-activation-8411c4186c2c42b492909f7cff30a66f,1130.8720264434814,1279.9502308350056,68.09562849951908,14.88064221800596,55.24276985999313,1.1540437590010697,0.7533835799986264,8.951736475006328,140.12643487252353,149.0782043915242
req_01060,ieee-activation-8411c4186c2c42b492909f7cff30a66f,1131.2145957946777,1231.153047935004,74.89393770832976,11.643812573995092,0.9233499370020581,3.6294959990045754,1.930447781996918,6.91740813999786,93.02100097633956,99.93845214032626
req_01061,ieee-activation-942891bfbe6347b2a3a855d442302144,1132.2090282440186,1225.0930924340064,82.03329258298618,4.067247357990709,1.7196942760056118,0.9884044860082213,3.215033129992662,0.8603923570044572,92.0236517359881,92.88406418998784
req_01062,ieee-activation-59da24158a1045ee92d55d692e9c3b84,1132.347188949585,1375.918243749009,170.8159745484154,15.412804952007718,43.641127931987285,6.954856542011839,5.678786031989148,1.0675047930126311,242.50353117041232,243.57105479942402
req_01063,ieee-activation-6c14ba67edf54cc9b80193ddbf12449f,1132.5664367675781,1246.6135835960013,82.29704857242177,20.740411516002496,4.94235297999694,0.2625140430027386,4.264237768002204,1.5405819489969872,112.50653103442164,114.04714682842314
req_01064,ieee-activation-6c14ba67edf54cc9b80193ddbf12449f,1134.1354217529297,1255.4388918250042,80.72847156907665,20.525778395996895,10.830106253997656,3.1516500069992617,1.635799769006553,4.431664076997549,116.87178234408202,121.30347007207456
req_01065,ieee-activation-942891bfbe6347b2a3a855d442302144,1134.1370944976807,1225.093946242996,81.1580195313145,8.447929461006424,0.065653002995532,0.2543204100074945,0.28035308299877215,0.7505762569926446,90.2061765333201,90.95685174531536
req_01066,ieee-activation-942891bfbe6347b2a3a855d442302144,1134.561471939087,1236.2575125940057,81.02128963991709,8.249377005995484,0.0467414720042143,1.0412511430040468,4.5486784469976556,6.788702947000274,94.90731122292345,101.69604065491876
req_01067,ieee-activation-8411c4186c2c42b492909f7cff30a66f,1134.8854084014893,1236.057226813995,80.69771464051155,2.7193596239958424,7.056689991004532,2.957173047005199,3.4441187560005346,4.296762353988015,96.8750322455162,101.17181841250567
req_01068,ieee-activation-6c14ba67edf54cc9b80193ddbf12449f,1136.2315349578857,1269.6593596989987,79.36655509311822,2.964491246995749,50.04210475999571,0.21314655400055926,0.2726860570110148,0.568841029991745,132.85894703112717,133.427824741113
req_01069,ieee-activation-6c14ba67edf54cc9b80193ddbf12449f,1136.6290473937988,1231.152283937001,78.97297485920717,2.901599498989526,0.7264500670135021,3.2957988909911364,1.7114759270043578,6.914937299996382,87.60826630220981,94.52323654320207
req_01070,ieee-activation-8411c4186c2c42b492909f7cff30a66f,1137.353551864624,1235.2106403890066,78.43018402038433,2.5860900330008008,0.306037362999632,7.19236731599085,5.678458918002434,3.663950874004513,94.19310752338788,97.85708852438256
req_01071,ieee-activation-8411c4186c2c42b492909f7cff30a66f,1137.6185359954834,1246.7590513390023,78.23294689551403,2.450786879999214,26.4699801710085,0.20637843599251937,0.20124026900157332,1.5791826920030871,107.56130888851476,109.14051534351893
req_01072,ieee-activation-6c14ba67edf54cc9b80193ddbf12449f,1137.62357711792,1268.2009237129969,86.82796149907517,22.195719531009672,15.848978850990534,0.20854611600225326,0.5350577690114733,4.9610828289878555,125.61621594808821,130.57734659507696
req_01073,ieee-activation-942891bfbe6347b2a3a855d442302144,1137.7585544586182,1268.3723799110012,87.33644593638019,21.367222921006032,15.960878151003271,4.061039881999022,1.2885481629928108,0.5996903990017017,130.0141000233707,130.61382545238303
req_01074,ieee-activation-942891bfbe6347b2a3a855d442302144,1138.2820987701416,1253.168180203007,86.81308436386462,21.520773105992703,0.650819518006756,1.955742462989292,1.7844492520089261,2.1612127300031716,112.72484986086783,114.88608143286547
req_01075,ieee-activation-8411c4186c2c42b492909f7cff30a66f,1138.939842224121,1262.6913923730026,92.60602975387883,15.82767258900276,0.9906477460026508,6.594162933994085,6.452240705999429,1.2807964200037532,122.47073416087369,123.7515501488815
req_01076,ieee-activation-942891bfbe6347b2a3a855d442302144,1139.0748653411865,1253.1699700580066,92.4711264178186,14.916959529989981,0.803057033001096,1.094995628009201,2.2866819850023603,2.522284122998826,111.57280978083145,114.09510471682006
req_01077,ieee-activation-6c14ba67edf54cc9b80193ddbf12449f,1139.414649963379,1255.4330894940067,92.13142385962419,15.101531010004692,0.4834579229936935,2.5534706990001723,1.1899566450010752,4.558599394003977,111.45983251262805,116.0184395306278
req_01078,ieee-activation-8411c4186c2c42b492909f7cff30a66f,1139.4147930145264,1291.9976748729969,92.13134596346936,48.39927727500617,3.955314120001276,2.109234802002902,2.999737499994808,2.987972197995987,149.59490238346916,152.5828818584705
req_01079,ieee-activation-59da24158a1045ee92d55d692e9c3b84,1140.091552734375,1268.708837640006,91.45464890063158,15.953874560000258,20.14545072799956,0.8348758159991121,0.12105733499629423,0.10737756600428838,128.50990061362972,128.6172849056311
req_01080,ieee-activation-942891bfbe6347b2a3a855d442302144,1141.0110492706299,1262.4788403060084,90.5352147253725,15.35667463199934,0.6629212090047076,4.837265752998064,8.698535110001103,1.3771796060027555,120.09060467538075,121.46779103537847
req_01081,ieee-activation-942891bfbe6347b2a3a855d442302144,1141.2439765930176,1251.0952711380087,90.30239475797862,15.182980442012195,0.8363855349889491,0.7404416330100503,2.3296712799929082,0.4594208970083855,109.39186618998065,109.8512945449911
req_01082,ieee-activation-59da24158a1045ee92d55d692e9c3b84,1141.7144966125488,1267.8580454799958,89.83195289045398,14.93868141999701,16.020684112008894,0.3189791049953783,0.41468545999669004,4.618565879995003,121.52497593544831,126.14354886744695
req_01083,ieee-activation-8411c4186c2c42b492909f7cff30a66f,1141.7974319458008,1261.4260052180034,93.80684945220128,11.01029106900387,1.0800486999942223,1.6929857259965502,1.6057871590019204,10.43261116600479,109.19594398219488,119.62857327220263
req_01084,ieee-activation-59da24158a1045ee92d55d692e9c3b84,1141.797607421875,1262.8342462550063,94.26069785113214,10.27061708299152,5.5785349770012544,0.4827070159954019,9.0209404490015,1.4231414570094785,119.61346021613281,121.03663883313129
req_01085,ieee-activation-8411c4186c2c42b492909f7cff30a66f,1142.4841041564941,1261.412299440999,93.77524194850412,10.20458127099846,1.2304941590118688,1.7303534879902145,1.5682650360104162,10.419259381989832,108.50890836751205,118.92819528450491
req_01086,ieee-activation-8411c4186c2c42b492909f7cff30a66f,1142.5238075256348,1262.6926648289955,96.82150638336316,7.998333871000796,8.115455192004447,2.6040111159964,3.3643435970006976,1.2652071439952124,118.90363094036002,120.16885730336071
req_01087,ieee-activation-942891bfbe6347b2a3a855d442302144,1144.3017044067383,1340.592879104006,101.35717602526711,27.381304349997663,62.83683771100186,1.1740848619956523,0.5717064170021331,2.970065332003287,193.32108816626715,196.2911746972677
req_01088,ieee-activation-59da24158a1045ee92d55d692e9c3b84,1144.30326461792,1283.749737045,102.15941317008401,28.24191491099191,0.026764182999613695,1.3296210280095693,4.73247637199529,2.956282762999763,136.49017192608153,139.44647242708015
req_01089,ieee-activation-942891bfbe6347b2a3a855d442302144,1144.6877536773682,1283.4349996480014,101.96054079463647,28.10504684499756,0.038065265005570836,0.7342897819908103,5.268673479004065,2.6406298049987527,136.10660062363604,138.74724597063323
req_01090,ieee-activation-942891bfbe6347b2a3a855d442302144,1144.9459781646729,1283.4359348879952,101.81386930133158,27.893255218994454,0.05486494200886227,0.7752360499871429,5.31004483900324,2.642686371997115,135.8472511233267,138.4899567233224
req_01091,ieee-activation-6c14ba67edf54cc9b80193ddbf12449f,1145.8477935791016,1303.1599053640093,101.11189326189924,27.772182139000506,17.09104795800522,1.744283573993016,0.009118404006585479,9.583586448003189,147.72849352289631,157.31211178490776
req_01092,ieee-activation-59da24158a1045ee92d55d692e9c3b84,1146.5342254638672,1291.9963255600014,104.56166831414157,23.49939663799887,10.08563306099677,1.015204633004032,3.312919673990109,2.987277776002884,142.4747876451438,145.46210009613424
req_01093,ieee-activation-59da24158a1045ee92d55d692e9c3b84,1146.6127452850342,1283.7491015060077,106.55659291097254,21.584514731992385,0.03477237701008562,4.870511443994474,1.1348507039947435,2.9551140530093107,134.1812093329645,137.13635622097354
req_01094,ieee-activation-6c14ba67edf54cc9b80193ddbf12449f,1146.6129932403564,1356.3287060629955,107.35558681865223,20.54320611000003,71.31950070099265,2.497991958996863,6.559766664009658,1.439660569987609,208.27602830265823,209.71571282263903
req_01095,ieee-activation-6c14ba67edf54cc9b80193ddbf12449f,1146.7726497650146,1285.7307876950072,107.19608363698353,26.425472921007895,0.005377483001211658,0.32955376399331726,1.8293985839991365,3.1722515410074266,135.7858771969768,138.95813792999252
req_01096,ieee-activation-942891bfbe6347b2a3a855d442302144,1147.5150890350342,1283.4390375430085,107.98894132196438,19.19913486900623,0.005870727996807545,0.83526979299495,5.248667022999143,2.6460647730127675,133.277860801958,135.92394850797427
req_01097,ieee-activation-8411c4186c2c42b492909f7cff30a66f,1147.864953994751,1283.9407637429977,107.63930744225217,19.613136190993828,0.024550758011173457,4.509117456997046,2.812942352000391,1.4767555479920702,134.5990447572549,136.07580974824668
req_01098,ieee-activation-8411c4186c2c42b492909f7cff30a66f,1148.1872730255127,1283.9403496260056,113.22589084449282,13.598277789991698,0.00562039201031439,0.7110122239973862,6.712799137996626,1.4994762120040832,134.25358547149517,135.75307660049293
req_01099,ieee-activation-942891bfbe6347b2a3a855d442302144,1149.9356880187988,1283.4376030860003,111.49265519020264,13.344654782005819,0.2508139220008161,2.813467050989857,4.603377564999391,0.996946557002957,132.50495392319863,133.50191506720148
req_01100,ieee-activation-8411c4186c2c42b492909f7cff30a66f,1150.9643287658691,1283.9340294360009,111.5153710401355,12.530851909992634,0.006408774002920836,0.4340975359955337,6.989304485003231,1.4936669250018895,131.47599616713705,132.96970067013172
req_01101,ieee-activation-59da24158a1045ee92d55d692e9c3b84,1154.4070568084717,1397.0701695260068,108.28495473653311,31.087345716994605,90.52768549200846,4.733694062000723,6.850800545988022,1.178632164010196,241.48445549153257,242.6631127175351
req_01102,ieee-activation-59da24158a1045ee92d55d692e9c3b84,1154.4315204620361,1291.9985248540033,108.260869686972,18.256096461991547,6.312139984001988,1.0663598270039074,0.688155893003568,2.983382538994192,134.58360990698566,137.5670043919672
req_01103,ieee-activation-6c14ba67edf54cc9b80193ddbf12449f,1155.173671722412,1292.0882335170027,107.777790334585,7.9039052029984305,13.74888865200046,1.08386540900392,3.3244369510066463,3.0756752449960914,133.83885389559146,136.91456179459055
req_01104,ieee-activation-942891bfbe6347b2a3a855d442302144,1155.2049674987793,1289.5079217930033,107.74686483421829,11.800083813999663,9.954538350008079,0.5241025489958702,2.1023694000032265,2.1749953469989123,132.1279454732139,134.30295429422404
req_01105,ieee-activation-59da24158a1045ee92d55d692e9c3b84,1155.7027435302734,1283.7480846020044,107.2493092277291,11.699098152006627,0.006399274992872961,1.5757597009942401,4.560416799999075,2.9543579160090303,125.0909709817206,128.04534107173095
req_01106,ieee-activation-942891bfbe6347b2a3a855d442302144,1155.7036399841309,1283.4651670099993,107.24942012586689,11.799712630003341,0.038807332995929755,2.133298273998662,3.8697072320064763,2.6705814309971174,125.09092450686148,127.76152702586842
req_01107,ieee-activation-8411c4186c2c42b492909f7cff30a66f,1155.9047451019287,1283.9385449969996,107.22361224007909,11.884577611999703,0.07798417699814308,4.535375427993131,2.813684811000712,1.4985656270000618,126.53520441507862,128.03379989507084
req_01108,ieee-activation-59da24158a1045ee92d55d692e9c3b84,1156.6640815734863,1283.937902951002,111.19468113750918,12.536864891008008,0.13834646799659822,0.22364433499751613,1.7981248139985837,1.3821597320056753,125.89160806049767,127.27382137751556
req_01109,ieee-activation-6c14ba67edf54cc9b80193ddbf12449f,1158.3203220367432,1284.2870754600008,109.88309013826074,12.189382804004708,0.005766589994891547,0.28942481000558473,1.8684174729860388,1.7306716080056503,124.23603854925022,125.96675342325761
req_01110,ieee-activation-6c14ba67edf54cc9b80193ddbf12449f,1158.4019775390625,1336.7799065130093,109.97109761994216,12.083341670004302,51.75427189999027,0.23335770099947695,3.590915542008588,0.7449445410020417,177.63294504894293,178.37792897394684
req_01111,ieee-activation-6c14ba67edf54cc9b80193ddbf12449f,1158.8702087402344,1303.5731675810093,109.83943133277353,11.630795126999146,14.774149494987796,0.38574084000720177,6.746389576001093,1.3264524700061884,143.37646598176798,144.70295884077495
req_01112,ieee-activation-6c14ba67edf54cc9b80193ddbf12449f,1159.4668636322021,1313.1308803349966,110.19528409780469,10.793775910002296,30.398213423992274,1.12209181500657,0.15589707299659494,0.9987543829920469,152.66522809580783,153.66401670279447
req_01113,ieee-activation-6c14ba67edf54cc9b80193ddbf12449f,1159.7446327209473,1303.5697060469975,120.5909678380558,20.247611747996416,0.06357385299634188,1.0265462630050024,0.5778088359948015,1.3185647880018223,142.50646756704373,143.8250733260502
req_01114,ieee-activation-942891bfbe6347b2a3a855d442302144,1160.8496170043945,1304.185758631007,122.58719623160141,10.058158148007351,0.0630131159996381,5.703396487006103,2.9827069169987226,1.9416707269992912,141.39443939160265,143.33614162661252
req_01115,ieee-activation-59da24158a1045ee92d55d692e9c3b84,1160.9320888519287,1302.329377838003,122.50499827507883,10.40462736999325,1.1795302149985218,4.946776192009565,2.278183063986944,0.08317387000715826,141.3140956250718,141.39728898607427
req_01116,ieee-activation-8411c4186c2c42b492909f7cff30a66f,1162.3193454742432,1344.6956498430081,121.36943593075557,9.533606915007113,42.55535892499029,7.526456404011697,0.9042032519937493,0.48724294200656004,181.88904091375298,182.37630436876498
req_01117,ieee-activation-59da24158a1045ee92d55d692e9c3b84,1166.2346572875977,1302.328048921001,117.45433358340233,10.569947228999808,0.9352883100073086,3.4909987979917787,3.561704956999165,0.08111875600297935,136.01226344639144,136.09339163340337
req_01118,ieee-activation-59da24158a1045ee92d55d692e9c3b84,1168.6172180175781,1302.3628063689976,115.07195073142066,10.693577375001041,1.080881757006864,4.504393023002194,2.2800990309915505,0.11468643399712164,133.6308945094206,133.74558835141943
req_01119,ieee-activation-59da24158a1045ee92d55d692e9c3b84,1168.9720420837402,1302.3615856660035,114.7801431282569,10.976397381004062,0.7352237010054523,2.2934478639945155,4.49028251200798,0.11404899599438068,133.2754586112569,133.3895435822633
req_01120,ieee-activation-942891bfbe6347b2a3a855d442302144,1171.066946029663,1364.5160778930003,112.68556615733542,10.449649148009485,62.47404319499037,5.906274389009923,1.3009317149990238,0.632667258993024,192.8164384933334,193.44913186333724
req_01121,ieee-activation-8411c4186c2c42b492909f7cff30a66f,1171.7307052612305,1303.077339112002,112.02197794576932,9.736953685001936,1.2029380040039541,5.58328443398932,1.9720679850142915,0.8294117969926447,130.51720012977603,131.34663385077147
req_01122,ieee-activation-8411c4186c2c42b492909f7cff30a66f,1171.9624633789062,1303.1656639279972,111.79088596309884,10.338951258003362,1.3986530529946322,2.058619496994652,4.698159912004485,0.9179308659950038,130.28525055610226,131.20320054909098
req_01123,ieee-activation-6c14ba67edf54cc9b80193ddbf12449f,1176.733528137207,1303.564503667003,107.20272648578975,10.32532802800415,0.8541261360078352,2.765684200989199,4.365935719004483,1.317174960000557,125.51378199478495,126.83097552979598
req_01124,ieee-activation-942891bfbe6347b2a3a855d442302144,1178.0187759399414,1375.901569285008,105.92135448106274,9.694478746998357,67.92068897999707,4.808757845006767,0.22008574999927077,9.317427542002406,188.56535178906051,197.8827933450666
req_01125,ieee-activation-8411c4186c2c42b492909f7cff30a66f,1181.9590072631836,1303.161428528998,101.98119434382534,9.891572321997955,1.372880623996025,5.082832826999947,1.9608482570038177,0.9130928919912549,120.28932068882568,121.20242126581434
req_01126,ieee-activation-8411c4186c2c42b492909f7cff30a66f,1182.6571197509766,1303.1648408699984,101.28407020503073,16.699822581998887,0.03262484500010032,0.7795683570002439,0.7976984330016421,0.9139366969902767,119.5937725360418,120.50772111902188
req_01127,ieee-activation-59da24158a1045ee92d55d692e9c3b84,1184.023199081421,1310.929012838009,99.91808808858332,16.524221251995186,0.05879682699742261,5.96803681300662,3.4837839550018543,0.9528868210036308,125.95291763458226,126.90581375658803
req_01128,ieee-activation-942891bfbe6347b2a3a855d442302144,1187.5187282562256,1304.1869981869968,96.76936093877885,10.03293594600109,1.0070619309990434,2.7856453749991488,4.132725550996838,1.9405401889962377,114.72769685577077,116.6682699307712
req_01129,ieee-activation-6c14ba67edf54cc9b80193ddbf12449f,1187.730520248413,1311.343722991005,99.42009727859113,13.491796000002068,0.016932156999246217,6.462548205003259,3.2793115579988807,0.9425175439973827,122.6706645496015,123.61320274259197
req_01130,ieee-activation-8411c4186c2c42b492909f7cff30a66f,1188.9402160644531,1303.1608908640046,100.5707572325482,4.811516992005636,1.1686434729926987,2.3102031570015242,4.445797666005092,0.9137562789983349,113.30687962555385,114.22067479955149
req_01131,ieee-activation-8411c4186c2c42b492909f7cff30a66f,1189.474697113037,1312.1445059639955,102.33905774795858,8.947033226009808,3.369918044001679,4.658460734994151,1.6236370650003664,1.7317020329937804,120.93806665795273,122.66980885095836
req_01132,ieee-activation-8411c4186c2c42b492909f7cff30a66f,1189.5383529663086,1304.121006101006,102.46540897368686,8.459584653013735,0.0050877039902843535,2.982910942999297,0.10473115100467112,0.564929710002616,114.01768396668194,114.58265313469747
req_01133,ieee-activation-59da24158a1045ee92d55d692e9c3b84,1190.6407451629639,1310.9315246309998,101.36321119403874,8.51467469400086,0.006773975997930393,5.342697875996237,4.107705383008579,0.9557163449935615,119.33504103103769,120.29077946803591
req_01134,ieee-activation-942891bfbe6347b2a3a855d442302144,1194.065809249878,1311.395044118006,97.9382744061295,8.51576771598775,0.06722528600948863,6.875403661004384,2.94633601399255,0.9862277850043029,116.34298795713403,117.32923486812797
req_01135,ieee-activation-942891bfbe6347b2a3a855d442302144,1194.0664882659912,1311.3963348410034,98.022383877018,7.907174446998397,4.1397270479938015,5.283549408995896,0.9924550880095921,0.9845567059965106,116.34525329402823,117.3298465750122
req_01136,ieee-activation-942891bfbe6347b2a3a855d442302144,1194.3922328948975,1325.5463546100073,98.02590345310455,8.225693860003958,10.21149907099607,5.707739410005161,3.367721606991836,5.615564314008225,125.53852129609731,131.1541217151098
req_01137,ieee-activation-59da24158a1045ee92d55d692e9c3b84,1195.054256439209,1345.177737963997,107.27443767979275,11.253994515995146,23.966538456006674,5.668167081996216,0.9912271270004567,0.9691166639968287,149.15432555279403,150.12348152478808
req_01138,ieee-activation-8411c4186c2c42b492909f7cff30a66f,1196.7238235473633,1344.1458042500017,105.60786701363395,33.15052609500708,0.16392581899708603,4.284939717006637,0.5475735719955992,3.667148485998041,143.75480540763238,147.4219807026384
req_01139,ieee-activation-8411c4186c2c42b492909f7cff30a66f,1197.8961181640625,1328.5430853379949,104.46597575194028,17.35900920900167,0.0510325009963708,6.556774573007715,0.9444402249937411,1.269734913992579,129.3772043439385,130.64696717393235
req_01140,ieee-activation-6c14ba67edf54cc9b80193ddbf12449f,1198.4485340118408,1327.3423181910039,103.91637795216229,11.218420575998607,0.7944352369959233,0.7612861670058919,5.089850913005648,7.113413333994686,121.78034564317204,128.89378417916305
req_01141,ieee-activation-6c14ba67edf54cc9b80193ddbf12449f,1200.0493984222412,1328.1372857690003,103.1127421407582,16.486856264004018,0.07568804299808107,2.135624635993736,5.139455643002293,1.1375206200027606,126.95032662074664,128.0878873467591
req_01142,ieee-activation-8411c4186c2c42b492909f7cff30a66f,1205.8552875518799,1328.5442412120028,97.30738732412283,15.747989269002574,0.029885540992836468,6.58893769000133,1.7436236790090334,1.2711301569943316,121.4178020361287,122.68895366012293
req_01143,ieee-activation-942891bfbe6347b2a3a855d442302144,1206.3317127227783,1356.7227217019972,96.8311878942186,9.49226810100663,32.93319866499223,2.424802430003183,6.876222138002049,1.8333297509961994,148.55766036921705,150.3910089792189
req_01144,ieee-activation-8411c4186c2c42b492909f7cff30a66f,1207.0556392669678,1231.033984410009,7.26862429502944,3.977060238001286,0.37449074200412724,3.3451382750063203,2.210478744993452,6.802552848006599,17.17576947202906,23.978345143041224
req_01145,ieee-activation-6c14ba67edf54cc9b80193ddbf12449f,1212.2185192108154,1327.781492042006,91.24690335219202,15.672429073994863,0.10369838899350725,2.703010640005232,5.0555886719957925,0.7813427040091483,114.78160718818253,115.56297283119056
req_01146,ieee-activation-6c14ba67edf54cc9b80193ddbf12449f,1212.2486000061035,1328.1361996790074,91.21705109589675,15.261531213007402,0.27695302199572325,3.7668371030013077,4.230312240004423,1.1349149989982834,114.75267636690114,115.88759967290389
req_01147,ieee-activation-8411c4186c2c42b492909f7cff30a66f,1213.2391052246094,1337.2262551000022,90.32666753738886,16.36468769000203,8.77278446299897,3.939464390001376,3.2378008800005773,1.345744915000978,122.6413868933887,123.98714987539279
req_01148,ieee-activation-8411c4186c2c42b492909f7cff30a66f,1214.9529457092285,1328.5447576080041,88.61905107476923,16.075249480010825,0.02480651299993042,6.617904291997547,0.9842137090017786,1.2705868299963186,112.32120923078037,113.59181189877563
req_01149,ieee-activation-6c14ba67edf54cc9b80193ddbf12449f,1215.1714096069336,1328.228426526999,88.4052809420682,16.142510553007014,0.0092458639992401,3.3649661729868967,4.1758818100061035,0.9591315779980505,112.0978706550668,113.05701692006551
req_01150,ieee-activation-8411c4186c2c42b492909f7cff30a66f,1219.7803630828857,1328.5438365430018,84.40711758511316,15.535176149001927,0.0969854480063077,3.3029487619933207,4.146279866006807,1.2749656499945559,107.48847554512031,108.76347346011607
req_01151,ieee-activation-59da24158a1045ee92d55d692e9c3b84,1221.6628665924072,1337.7381153970055,82.52488122059731,14.743800169002498,10.823311361993547,2.892143037999631,3.232077868000488,1.8590351470047608,114.21619242460292,116.07524880459823
req_01152,ieee-activation-942891bfbe6347b2a3a855d442302144,1222.8469066619873,1328.6897390810045,81.34120489101042,14.744912916008616,0.2738937179965433,5.043390014994657,3.0182637990074,1.4211670799995773,104.42164412001148,105.84283241901721
req_01153,ieee-activation-942891bfbe6347b2a3a855d442302144,1223.6162357330322,1338.191702696,87.31391070596874,2.5584695559955435,17.057586166003603,4.898558337008581,0.5884679469891125,2.1584742510021897,112.41695944096136,114.57546696296777
req_01154,ieee-activation-942891bfbe6347b2a3a855d442302144,1227.8659000396729,1337.6286860600085,83.41180248332967,7.544836568005849,9.82870644099603,5.8734207849920494,1.3539196080091642,1.7501001350028673,108.01266664733703,109.76278602033562
req_01155,ieee-activation-59da24158a1045ee92d55d692e9c3b84,1230.7873802185059,1375.9216109450063,80.49048792850226,2.362937209996744,41.673060314991744,11.227026130000013,8.309530887010624,1.0711882559990045,144.0630337895127,145.1342307265004
req_01156,ieee-activation-59da24158a1045ee92d55d692e9c3b84,1231.3375873565674,1330.761819944004,80.05832120343985,1.7358324410015484,14.921535096000298,1.7294073239900172,0.42699663700477686,0.5521398860000772,98.87205931844073,99.42423258743656
req_01157,ieee-activation-942891bfbe6347b2a3a855d442302144,1232.8061141967773,1356.7300444200082,78.68044606922194,24.418603700003587,4.480145691995858,8.02919053399819,6.474221010008478,1.841323218002799,122.08257282723207,123.92393022323085
req_01158,ieee-activation-59da24158a1045ee92d55d692e9c3b84,1232.9616088867188,1407.3609019809955,142.9344134642888,27.396352422991185,0.07327751400589477,2.4112710149929626,0.06204303000413347,1.5219356479938142,172.8773358322942,174.3992930942768
req_01159,ieee-activation-8411c4186c2c42b492909f7cff30a66f,1233.1684017181396,1384.1655578089994,78.97857735186699,34.33904417199665,28.818667158993776,5.58519291500852,2.310221804000321,0.9654526889935369,150.031646071875,150.9971560908598
req_01160,ieee-activation-6c14ba67edf54cc9b80193ddbf12449f,1236.05592918396,1340.5378657030087,77.12608422504854,22.02893206299632,0.05988487399008591,2.221009735003463,0.13217455500853248,2.913851067001815,101.56805087706016,104.48193651904876
req_01161,ieee-activation-6c14ba67edf54cc9b80193ddbf12449f,1237.2792167663574,1345.176997668008,89.70222811464919,8.840545739993104,0.49402381700929254,5.74127309799951,2.1499124799884157,0.9697976520110387,106.92796230164822,107.89778090165055
req_01162,ieee-activation-8411c4186c2c42b492909f7cff30a66f,1239.3720798492432,1339.9569802530023,87.97334368176234,8.52817147099995,0.006979546989896335,1.6331476270133862,0.11315207599545829,2.3301060009980574,98.25476056076877,100.5849004037591
req_01163,ieee-activation-59da24158a1045ee92d55d692e9c3b84,1242.3567123413086,1345.1232769380003,85.42591795469343,7.487154381000437,0.006172013992909342,7.009408541009179,1.9223590129986405,0.9155526929971529,101.8509766576899,102.76656459669175
req_01164,ieee-activation-6c14ba67edf54cc9b80193ddbf12449f,1243.1554889678955,1345.1791693490086,85.07347081610351,7.64644417600357,0.44085908599663526,5.190813077002531,2.700415327999508,0.9716778980073286,101.05198422609828,102.02368038111308
req_01165,ieee-activation-8411c4186c2c42b492909f7cff30a66f,1245.1166973114014,1344.6945300660009,83.11235643360124,7.6469079600065015,0.05885538799338974,7.407639055993059,0.8656912639999064,0.48638265300542116,99.0914418475877,99.57783275459951
req_01166,ieee-activation-59da24158a1045ee92d55d692e9c3b84,1246.1996574401855,1357.296862022995,82.02953122481995,6.916098828995018,9.00656975300808,5.5004212809872115,5.666206075009541,1.978377419989556,109.1188180498284,111.09720458280935
req_01167,ieee-activation-8411c4186c2c42b492909f7cff30a66f,1246.586618423462,1344.693682269004,82.1128481485357,6.572608000002219,0.005881603006855585,7.516961187997367,1.413018810999347,0.4857460950006498,97.62128229653172,98.10706384554214
req_01168,ieee-activation-6c14ba67edf54cc9b80193ddbf12449f,1253.2764492034912,1340.9059368669987,75.42323369151563,7.060716175998095,0.11370051398989744,2.6205007759999717,1.8877165590092773,0.5236199469945859,87.1058561065147,87.62948766350746
req_01169,ieee-activation-8411c4186c2c42b492909f7cff30a66f,1253.3968887329102,1364.7620444049971,75.30287110809877,25.91608787298901,0.019609388007665984,8.934317035993445,0.40346615100861527,0.7888041159894783,110.57634122710442,111.36515567208698
req_01170,ieee-activation-6c14ba67edf54cc9b80193ddbf12449f,1255.0494480133057,1340.909653404,73.65038249069767,7.175021510993247,0.4413324630004354,4.0733288650080794,0.0920481109933462,0.4280919500015443,85.43210354670009,85.86020539069432
req_01171,ieee-activation-6c14ba67edf54cc9b80193ddbf12449f,1255.9762554168701,1340.9084433890093,72.72375081913196,6.935973943996942,0.13728646900563035,3.6912870700034546,0.9180508379940875,0.525838832007139,84.40633817613707,84.93218797213922
req_01172,ieee-activation-8411c4186c2c42b492909f7cff30a66f,1259.1659049987793,1345.9967600179953,69.5341683372244,7.310391195991542,3.9557917960046325,5.5209953090088675,0.14846340099757072,0.3610449799889466,86.46980009422987,86.83085501921596
req_01173,ieee-activation-8411c4186c2c42b492909f7cff30a66f,1259.8402500152588,1361.4946980240056,70.92246272774355,16.323143482994055,9.900931367999874,3.3672721500042826,0.4142989639949519,0.7263393160101259,100.92807329673087,101.65444800874684
req_01174,ieee-activation-942891bfbe6347b2a3a855d442302144,1260.203281402588,1358.0597363910056,76.92965913341322,17.48435093999433,0.061678716010646895,2.1811819139984436,0.21372270699066576,0.9858615780103719,96.87056814940297,97.85645498841768
req_01175,ieee-activation-6c14ba67edf54cc9b80193ddbf12449f,1262.462963104248,1356.3314958359988,74.77900918675005,9.4656723930093,1.6093444769940106,4.076639755003271,2.9245928339951206,1.0132740859990008,92.8552396287414,93.86853273175075
req_01176,ieee-activation-6c14ba67edf54cc9b80193ddbf12449f,1263.9871311187744,1356.2833687240054,73.64232131822791,10.992805900998064,0.07182133999594953,1.658915510008228,4.967544123996049,0.962829412004794,91.3333537242288,92.296237605231
req_01177,ieee-activation-6c14ba67edf54cc9b80193ddbf12449f,1263.9990901947021,1376.7640318280028,73.7399553113064,8.57961292899563,18.44788337299542,4.323289378997288,5.761795563012129,1.9124050779937534,110.85250185331097,112.76494163330062
req_01178,ieee-activation-942891bfbe6347b2a3a855d442302144,1264.243658065796,1356.9792150650028,73.94864034021157,10.779191933994298,0.1451184689940419,2.24234160000924,3.96242174100189,1.6578429149958538,91.07768711421522,92.73555699920689
req_01179,ieee-activation-6c14ba67edf54cc9b80193ddbf12449f,1267.7227630615234,1361.3834844789963,72.55375807247765,14.401517988997512,0.11960151299717836,3.432352861011168,1.9821695779974107,1.1713214039918967,92.48937640247459,93.66072141747281
req_01180,ieee-activation-59da24158a1045ee92d55d692e9c3b84,1269.4548358917236,1375.9117372720066,71.0837348952773,14.017470931998105,3.62784087700129,8.669686146997265,7.997604960008175,1.0605635690008057,105.39630174127524,106.45690138028294
req_01181,ieee-activation-6c14ba67edf54cc9b80193ddbf12449f,1270.3534049987793,1356.2864257519977,70.24023503922217,5.808908153994707,1.619341269004508,1.143114071994205,6.15184771901113,0.9695744999917224,84.96340855122253,85.93302075321844
req_01182,ieee-activation-942891bfbe6347b2a3a855d442302144,1271.6172523498535,1364.513425393001,69.29003248314257,13.768377148007858,0.0046962810010882095,7.1047900629928336,2.0986373550113058,0.629639712991775,92.26649542414816,92.89617304314743
req_01183,ieee-activation-6c14ba67edf54cc9b80193ddbf12449f,1271.7644596099854,1358.057796278008,69.14913061901461,13.760875797001063,0.00932863200432621,2.4462697290000506,0.044848423000075854,0.8828834680025466,85.41041826501896,86.29333666802268
req_01184,ieee-activation-8411c4186c2c42b492909f7cff30a66f,1274.8444519042969,1375.895068044003,66.06942604669894,13.579340946002048,7.311692970004515,6.3121142640011385,6.734367747994838,1.0436741650046315,100.00691813669982,101.05061613970611
req_01185,ieee-activation-6c14ba67edf54cc9b80193ddbf12449f,1276.4160842895508,1357.6770913579967,67.79081709544698,10.286889957002131,0.06710465099604335,1.722033772006398,0.2852545019995887,1.1089070909947623,80.15207155744429,81.2610070684459
req_01186,ieee-activation-59da24158a1045ee92d55d692e9c3b84,1276.9025402069092,1386.0646127280052,67.792598572094,10.069721473992104,25.196580987001653,4.84588256799907,0.07542417000513524,1.1818647500040242,107.98018708609743,109.16207252109598
req_01187,ieee-activation-942891bfbe6347b2a3a855d442302144,1279.275203704834,1358.0569010629988,65.42027897217486,10.068244227994,0.03830548400583211,1.8484821589954663,0.42019037999853026,0.9861961349961348,77.79548944917042,78.78169735816482
req_01188,ieee-activation-8411c4186c2c42b492909f7cff30a66f,1280.6445083618164,1363.8008897310065,64.05313490318076,9.981207106000511,0.11263257300015539,4.468859090004116,1.4361184669978684,3.1044292300066445,80.05193674318434,83.15638136919006
req_01189,ieee-activation-8411c4186c2c42b492909f7cff30a66f,1281.5748291015625,1375.896276975007,63.603605689437245,1.5281217260053381,11.875527786003659,7.987919786988641,8.281969981006114,1.0443029040034162,93.2770958054316,94.32144787344441
req_01190,ieee-activation-8411c4186c2c42b492909f7cff30a66f,1282.191053390503,1364.7630063319957,62.98759624849481,9.498444830998778,0.03753838100237772,8.913171795997187,0.3457438129989896,0.7894578720006393,81.78247186349472,82.57195294149278
req_01191,ieee-activation-59da24158a1045ee92d55d692e9c3b84,1282.4289741516113,1375.925438218008,62.74982745839225,9.622130153991748,10.8938371460099,3.7550249749911018,5.401159503002418,1.074484830009169,92.42195857038314,93.49646406639658
req_01192,ieee-activation-59da24158a1045ee92d55d692e9c3b84,1282.5826377868652,1490.6834181440063,62.80625445813348,9.37559853401035,129.05422970799555,5.250660568999592,1.0616242489923025,0.5524128390097758,207.54833125512232,208.10078035714105
req_01193,ieee-activation-942891bfbe6347b2a3a855d442302144,1284.0037574768066,1384.6121294839977,61.994034797200584,29.703244402990094,0.7647358750109561,2.9414627439982723,3.790706956991926,1.4141872309992323,99.19416637119139,100.60837200719106
req_01194,ieee-activation-6c14ba67edf54cc9b80193ddbf12449f,1284.581636428833,1384.16617271,71.74420368116989,19.72423334000632,1.168473602985614,5.894623629006674,0.09831248299451545,0.9546895450039301,98.6298201171594,99.58453628116695
req_01195,ieee-activation-8411c4186c2c42b492909f7cff30a66f,1285.6959972381592,1384.0558066920057,70.63045178884931,19.566608598994208,1.8225591859954875,1.5906184930063318,3.8913301209977362,0.8582412660034606,97.50155506684678,98.35980945384654
req_01196,ieee-activation-59da24158a1045ee92d55d692e9c3b84,1286.371597290039,1384.1648810869956,70.09758500596217,19.131692762006423,0.24725855099677574,3.87137738999445,3.4741544120042818,0.9712156759924255,96.82203493696579,97.79328379695653
req_01197,ieee-activation-6c14ba67edf54cc9b80193ddbf12449f,1289.2629013061523,1404.598503012996,67.20780532584467,18.713968223004485,21.143602907002787,1.195601480998448,1.4271052969997982,5.647518472993397,109.68806136584317,115.33560170684359
req_01198,ieee-activation-6c14ba67edf54cc9b80193ddbf12449f,1289.3900928497314,1384.1792873460072,67.3379680022772,18.518247898988193,1.2779148310073651,6.558441770990612,0.12855143600609154,0.9680705570062855,93.82109165127622,94.78919449627574
req_01199,ieee-activation-942891bfbe6347b2a3a855d442302144,1291.401180267334,1396.7961258110008,65.56898374266166,18.729947289000847,7.1485547900083475,4.335846706992015,8.724787942002877,0.8868250730010914,104.50807474565227,105.39494554366684
req_01200,ieee-activation-6c14ba67edf54cc9b80193ddbf12449f,1293.6353092193604,1384.114945673995,63.43355867663922,19.694158408005023,0.45730938800261356,5.892834989994299,0.09853527200175449,0.9032397199916886,89.57637551563676,90.4796364546346
req_01201,ieee-activation-942891bfbe6347b2a3a855d442302144,1294.8356037139893,1408.271480113006,62.462852597018355,18.98757676499372,23.10084728100628,7.942100065993145,0.06197614400298335,0.8805235460022232,112.55530424202152,113.4358763990167
req_01202,ieee-activation-6c14ba67edf54cc9b80193ddbf12449f,1295.1331253051758,1384.167124642001,62.54481005182606,18.222703453997383,1.02845395100303,3.101105085006566,3.1791189889918314,0.9578078060003463,88.07615691483079,89.03399933682522
req_01203,ieee-activation-942891bfbe6347b2a3a855d442302144,1295.1358852386475,1384.6113549590082,62.92283389435033,17.839602243009722,0.8523380609985907,5.6918027229985455,0.7583009119989583,1.410591887004557,88.06484609635663,89.4754697203607
req_01204,ieee-activation-942891bfbe6347b2a3a855d442302144,1301.191909790039,1420.882602348007,56.867022626960534,18.703766090009594,28.76435901998775,3.569368057011161,10.83917605598981,0.9470007080089999,118.74367192595673,119.69069255796785
req_01205,ieee-activation-6c14ba67edf54cc9b80193ddbf12449f,1302.3716621398926,1384.114205913007,55.88464540311543,17.527494800990098,1.1451213090040255,3.593661977996817,2.6767942080041394,0.9148260740039404,80.82769436911622,81.74254377311445
req_01206,ieee-activation-6c14ba67edf54cc9b80193ddbf12449f,1303.8610382080078,1384.1788692380069,57.52367796500039,15.040797397989081,0.7933649900078308,4.145915444998536,1.8356466190016363,0.9784286130015971,79.33932363899658,80.31783102999907
req_01207,ieee-activation-942891bfbe6347b2a3a855d442302144,1304.4550552368164,1405.483408827,57.04683408518031,14.399340660005691,20.025433629998588,6.756125571002485,1.511745936004445,1.2888737079920247,99.73945309518604,101.02835359018354
req_01208,ieee-activation-942891bfbe6347b2a3a855d442302144,1304.6889419555664,1397.0063353010046,59.194106506431126,11.652139495010488,9.37259913199523,4.903226829002961,6.079877885989845,1.1154434970085276,91.20192418142688,92.31739334543818
req_01209,ieee-activation-942891bfbe6347b2a3a855d442302144,1305.143653869629,1420.9761573380092,59.37173195637297,39.604239685999346,2.529783951002173,2.3529581619950477,10.933472969001741,1.0403167440090328,114.79214143336867,115.83250346838031
req_01210,ieee-activation-8411c4186c2c42b492909f7cff30a66f,1305.2185249328613,1384.053549963006,59.45277974514465,11.225975774999824,0.007126748998416588,6.682713208996574,0.6138792559941066,0.8525502960110316,77.98245008214144,78.8350250301446
req_01211,ieee-activation-8411c4186c2c42b492909f7cff30a66f,1307.397315979004,1404.1964606340043,57.37601516599534,11.125815824998426,20.432334750003065,2.4530101389973424,0.16692407200753223,5.245044702998712,91.55408148899733,96.79914465500042
req_01212,ieee-activation-8411c4186c2c42b492909f7cff30a66f,1310.250394821167,1384.054817422002,54.523282045833184,11.00777644700429,0.019664473991724662,5.7213093350001145,1.6873348420049297,0.8450554570008535,72.95935794383695,73.8044226008351
req_01213,ieee-activation-8411c4186c2c42b492909f7cff30a66f,1311.1522121429443,1328.6989586700074,0.3344925030542072,11.43827495900041,0.019070474998443387,2.231293661010568,2.0991046159906546,1.4245103130087955,16.122226765044616,17.54674652706308
req_01214,ieee-activation-8411c4186c2c42b492909f7cff30a66f,1311.7149868011475,1428.0426648510038,64.18699406385713,28.130073926993646,16.077048382008797,5.321113571000751,1.589684545993805,1.022763560002204,115.30490093886328,116.32767804985633
req_01215,ieee-activation-6c14ba67edf54cc9b80193ddbf12449f,1315.4979629516602,1406.7504032190045,60.40456201134657,27.213740163992043,0.05768186500063166,3.3141742760053603,0.06493153900373727,0.19735041199601255,91.05507622334699,91.25244026734435
req_01216,ieee-activation-8411c4186c2c42b492909f7cff30a66f,1316.1959953308105,1420.1190435909957,59.717325846184394,28.178402246005135,0.06354488400393166,7.682064362001256,8.097313835998648,0.1843970859918045,103.73860789419268,103.92304826018517
req_01217,ieee-activation-6c14ba67edf54cc9b80193ddbf12449f,1316.3604183197021,1420.1043895490002,59.56073707330506,28.056846825988032,0.51603772501403,6.468873720994452,8.971242760992027,0.1702331230044365,103.5737088843016,103.74397122929804
req_01218,ieee-activation-8411c4186c2c42b492909f7cff30a66f,1316.5334491729736,1405.8400768650026,59.39054165003472,27.287641454997356,0.015660037999623455,0.22449757299909834,0.7533979349973379,1.6348890410008607,87.67171806003898,89.306627692029
req_01219,ieee-activation-942891bfbe6347b2a3a855d442302144,1316.593786239624,1420.974329292003,59.33196914337168,27.128214541007765,0.07904361799592152,6.277023058006307,10.525327827999718,1.0389648639975348,103.34155830436794,104.38054305237893
req_01220,ieee-activation-942891bfbe6347b2a3a855d442302144,1317.9146900177002,1405.4965974439983,58.86142630930408,23.005952630992397,0.9406024280033307,0.3877270929951919,3.0925209500128403,1.2936780149902916,86.28819977430976,87.58190742629813
req_01221,ieee-activation-942891bfbe6347b2a3a855d442302144,1320.3684978485107,1420.9736556749995,63.688097871490754,20.03367230000731,0.0157798079890199,5.84156671501114,9.987510627994197,1.0385305039962986,99.56661028049712,100.60515782648872
req_01222,ieee-activation-8411c4186c2c42b492909f7cff30a66f,1320.9920902252197,1420.1119249890035,63.0649706767872,19.973928135994356,0.12417128500237595,5.91010487099993,9.870805444996222,0.1758543500036467,98.94397094877786,99.11983476378373
req_01223,ieee-activation-942891bfbe6347b2a3a855d442302144,1321.513105392456,1419.8086934309977,62.544068262548535,19.637355603001197,0.0714466130011715,4.6228808219893835,0.14351418300066143,11.276322555000661,87.01925373954873,98.29558803854161
req_01224,ieee-activation-59da24158a1045ee92d55d692e9c3b84,1322.5780010223389,1441.827058570998,61.60288510766986,20.01246299299237,24.7349635319988,4.303221698006382,1.7139853599946946,6.881538857996929,112.36749665866955,119.24905754865904
req_01225,ieee-activation-6c14ba67edf54cc9b80193ddbf12449f,1322.5797386169434,1419.8691670510016,61.60124260505836,20.359866083003,0.37897442700341344,3.100011482994887,0.14921576499182265,11.700118071006727,85.58930051604693,97.28942843405821
req_01226,ieee-activation-6c14ba67edf54cc9b80193ddbf12449f,1322.6400909423828,1407.963835019007,61.54094514562166,20.022193418000825,0.2947359259997029,2.4240275789925363,0.1348884980106959,0.906953509998857,84.41678158762807,85.32374407662428
req_01227,ieee-activation-59da24158a1045ee92d55d692e9c3b84,1324.1579151153564,1421.8384448380093,60.023173129651695,15.86019311400014,1.1627981339988764,8.374477651988855,10.355286943013198,1.9046007500000997,95.77591974465759,97.68052972265286
req_01228,ieee-activation-6c14ba67edf54cc9b80193ddbf12449f,1324.460641860962,1420.1035484010063,59.72049642803904,19.909779466994223,0.40373427800659556,6.468261631001951,8.971485290996497,0.1691494450060418,95.47374945503543,95.64290654004435
req_01229,ieee-activation-59da24158a1045ee92d55d692e9c3b84,1324.949842453003,1407.3593004959985,59.23149468099291,19.85102214300423,0.06668745100614615,1.4456582169950707,0.29077996900014114,1.5238155819970416,80.88563384099689,82.40945804299554
req_01230,ieee-activation-8411c4186c2c42b492909f7cff30a66f,1325.762306213379,1441.2966694630013,58.41910504162661,20.358535908992053,24.263854792006896,0.5724351149983704,5.569660912005929,6.350771479992545,109.18357996363193,115.5343632496224
req_01231,ieee-activation-6c14ba67edf54cc9b80193ddbf12449f,1326.5702743530273,1406.320637333003,57.61123128197505,20.01605390199984,0.29836508199514356,0.9339506539981812,0.32499585500045214,0.565766205007094,79.18458919596742,79.75036297997576
req_01232,ieee-activation-6c14ba67edf54cc9b80193ddbf12449f,1328.6619853973389,1407.217972079001,55.9509900106641,19.986460319996695,0.32052768200810533,1.7855019259877736,0.044573169012437575,0.4679335739929229,78.08802150767588,78.55598668166203
req_01233,ieee-activation-8411c4186c2c42b492909f7cff30a66f,1329.4758491516113,1420.1213263679965,55.13752241639304,19.556865172999096,1.6159898460027762,6.937339023992536,7.2113179419975495,0.18644281500019133,90.45900966538466,90.64547721638519
req_01234,ieee-activation-59da24158a1045ee92d55d692e9c3b84,1329.4764804840088,1407.3569754820055,56.58924894199299,18.023643570006243,0.009796239988645539,1.2742659790092148,0.3321572319982806,1.651383035001345,76.229078474993,77.88049499799672
req_01235,ieee-activation-8411c4186c2c42b492909f7cff30a66f,1329.6293449401855,1416.0838143180008,67.37638658582,9.057551410995075,0.7459353150043171,0.354853266995633,0.22498926000844222,8.69475353899179,77.7596610608307,86.45446937781526
req_01236,ieee-activation-59da24158a1045ee92d55d692e9c3b84,1329.933193206787,1482.340289892003,67.32916812621988,8.234709386000759,63.249328799996874,4.213626919998205,7.810042087003239,1.5702213659969857,150.8368538832292,152.40709668521595
req_01237,ieee-activation-59da24158a1045ee92d55d692e9c3b84,1330.3834972381592,1427.1073605730053,66.87896458184696,8.298556971989456,14.967685938012437,4.78567371799727,0.17286747800244484,1.6201146469975356,95.1037305368518,96.7238633348461
req_01238,ieee-activation-6c14ba67edf54cc9b80193ddbf12449f,1332.6782569885254,1426.3563427810004,71.52195685447077,16.330565002004732,1.0062630619941046,1.7291494570090435,2.213218845994561,0.8769325710018165,92.80113619247277,93.67808579247503
req_01239,ieee-activation-6c14ba67edf54cc9b80193ddbf12449f,1333.4660091400146,1426.5646562740003,71.1370860899915,16.952907554994454,0.5696968230040511,2.6204531300027156,0.7330435069889063,1.0854600290040253,92.0131608019874,93.09864713398565
req_01240,ieee-activation-942891bfbe6347b2a3a855d442302144,1333.4734649658203,1423.0149431010068,72.08618595417647,15.65301340300357,0.007534377000411041,1.2715466049994575,0.2262375529971905,0.29696024300938006,89.24446685217845,89.54147813518648
req_01241,ieee-activation-6c14ba67edf54cc9b80193ddbf12449f,1333.509313583374,1426.5623282150045,72.05075438962376,15.654774749011267,0.3224459079938242,1.8040442439960316,2.1376401370071108,1.083355203998508,91.96961739563267,93.0530146316305
req_01242,ieee-activation-6c14ba67edf54cc9b80193ddbf12449f,1333.5225925445557,1426.5632552210009,72.31842606845021,15.794017610998708,0.4908486859931145,1.6572895910067018,1.6955584249953972,1.0845222950010793,91.95610947645037,93.04066267644521
req_01243,ieee-activation-942891bfbe6347b2a3a855d442302144,1333.5236644744873,1441.8761304869986,72.79761392851651,15.56880799899227,12.84644829800527,3.99161005600763,2.5310775769903557,0.6169081539992476,107.73552373550774,108.35246601251129
req_01244,ieee-activation-942891bfbe6347b2a3a855d442302144,1333.8937759399414,1426.038170979009,72.86616652406519,14.87900058599189,0.6401135799969779,0.6957873980136355,1.9685620949894655,1.0947648560104426,91.04960955806018,92.1443950390676
req_01245,ieee-activation-6c14ba67edf54cc9b80193ddbf12449f,1334.735206604004,1427.7878460079955,72.4885860880022,14.854245340000489,4.204718276989297,0.20808240400219802,0.6173817610106198,0.6796255339868367,92.37297921000572,93.05263940399163
req_01246,ieee-activation-59da24158a1045ee92d55d692e9c3b84,1335.466941833496,1427.1066046930064,71.8912925455079,14.530123584991088,0.358017288002884,1.8285189690068364,1.4120796539937146,1.6196308180078631,90.01999912550673,91.63966285951028
req_01247,ieee-activation-942891bfbe6347b2a3a855d442302144,1335.472734451294,1426.6229735310044,71.91569434270787,14.501159741994343,0.38959421101026237,1.9337569389899727,1.2651688150072005,1.1448650300008012,90.00535654371197,91.15023907971045
req_01248,ieee-activation-6c14ba67edf54cc9b80193ddbf12449f,1335.532606124878,1426.3551225190022,71.85600823712593,14.824164090998238,0.35229319900099654,0.9106882070045685,2.002742238997598,0.8766204209969146,89.94588572913199,90.82251639412425
req_01249,ieee-activation-8411c4186c2c42b492909f7cff30a66f,1336.862398147583,1428.506986829001,71.10242992841813,13.589429236002616,3.4919825270044385,1.95104637798795,0.11386708600912243,1.3958335259958403,90.24871662142687,91.6445886814181
req_01250,ieee-activation-8411c4186c2c42b492909f7cff30a66f,1336.862829208374,1448.3324296869978,71.40958795363258,12.93987982699764,22.63777876899985,0.3874406239920063,0.129729969004984,3.9651833359966986,107.50437506563321,111.46960047862376
req_01251,ieee-activation-59da24158a1045ee92d55d692e9c3b84,1337.0471572875977,1448.3613684099982,79.87268573640904,4.968120181991253,22.173190164001426,0.8898919189959997,0.9729630070069106,2.4373601139959646,108.87680399040983,111.3142111224006
req_01252,ieee-activation-8411c4186c2c42b492909f7cff30a66f,1337.431661605835,1425.8331288810004,82.50169504617224,1.2764566019905033,0.012839105009334162,0.31504718599899206,0.5049307599983877,3.7904985759960255,84.61094785417663,88.40146727516549
req_01253,ieee-activation-59da24158a1045ee92d55d692e9c3b84,1338.238525390625,1441.8263077849988,81.69505344337085,1.9556685920106247,4.333750468998915,4.070045136002591,4.437861364989658,7.095403389001149,96.49236506136367,103.58778239437379
req_01254,ieee-activation-942891bfbe6347b2a3a855d442302144,1338.2649097442627,1456.0104418779956,81.8390704067424,28.010644202993717,0.5666244349995395,0.5988586900057271,0.12097894799080677,6.609355451000738,111.13615370373009,117.74553213373292
req_01255,ieee-activation-6c14ba67edf54cc9b80193ddbf12449f,1339.6547260284424,1460.7699279329972,80.45134731355938,28.222738676995505,1.0342379400099162,1.219938859998365,5.362731368993991,4.824207744997693,116.29097863855714,121.11520190455485
req_01256,ieee-activation-8411c4186c2c42b492909f7cff30a66f,1340.0939674377441,1460.459990162999,80.02532395525486,27.83024049900996,0.031393455996294506,5.3327380909904605,2.4685471240081824,4.6777795999951195,115.6882295612595,120.36602272525488
req_01257,ieee-activation-942891bfbe6347b2a3a855d442302144,1340.0948314666748,1459.0138406019978,80.02471153532679,28.157449518999783,0.40442578999500256,4.387940148008056,2.7133524189994205,3.231129723993945,115.68786841232213,118.919009135323
req_01258,ieee-activation-8411c4186c2c42b492909f7cff30a66f,1340.300552368164,1460.6688149060064,79.82114412383817,28.20790306699928,0.05074387299828231,2.2644384970044484,5.137145781991421,4.886887195010786,115.48135830882529,120.36826253784238
req_01259,ieee-activation-8411c4186c2c42b492909f7cff30a66f,1341.0595207214355,1460.7726187829976,80.02191884956846,27.24706669000443,7.25412552698981,0.281536030001007,0.08485954900970683,4.823591415988631,114.88946956457221,119.71309806156205
req_01260,ieee-activation-8411c4186c2c42b492909f7cff30a66f,1341.5647926330566,1460.459674740996,79.51703606994124,25.250315901008435,1.5424192369973753,2.4761923189944355,5.432198200011044,4.676720380986808,114.21814666794671,118.89488210793934
req_01261,ieee-activation-942891bfbe6347b2a3a855d442302144,1342.4365844726562,1459.0089476709982,78.64534276834456,27.140783862996614,0.458653484005481,1.49208179199195,5.610929174014018,3.224572116989293,113.34777853234846,116.57236319834192
req_01262,ieee-activation-942891bfbe6347b2a3a855d442302144,1342.5987758636475,1459.0093903210072,78.48330267335405,27.27271850699617,0.3267265220056288,1.2321067769953515,5.87006258200563,3.2256973960029427,113.18490528136317,116.41061445735977
req_01263,ieee-activation-6c14ba67edf54cc9b80193ddbf12449f,1342.5998001098633,1460.7301781830029,79.28486286113912,26.340605771998526,1.137583004005137,1.2849504960031481,5.296343931986485,4.786032008007169,113.3443151491374,118.13037807313958
req_01264,ieee-activation-8411c4186c2c42b492909f7cff30a66f,1342.7392387390137,1460.6705842450028,80.27650851898943,25.31573760199535,0.04903846800152678,2.19605707199662,5.207324815011816,4.886679029994411,113.0446338079928,117.93134550598916
req_01265,ieee-activation-942891bfbe6347b2a3a855d442302144,1343.4148063659668,1458.6844879359996,82.4191864070308,22.496547850998468,0.3509144710114924,0.7213672059879173,6.381319640000584,2.9003459950035904,112.36929531702481,115.26968157003284
req_01266,ieee-activation-6c14ba67edf54cc9b80193ddbf12449f,1346.9462451934814,1460.7263646640058,79.09871145352372,22.286078570992686,1.03206404800585,1.2527298880013404,5.327379212991218,4.783156297009555,108.99694024751079,113.78011947052437
req_01267,ieee-activation-942891bfbe6347b2a3a855d442302144,1347.1713562011719,1456.0035559550015,79.18629958783276,22.003090265992796,0.32080960800522007,0.6439218839950627,0.07617412600666285,6.601904281997122,102.23025802483608,108.83219975382963
req_01268,ieee-activation-6c14ba67edf54cc9b80193ddbf12449f,1347.1819400787354,1460.7387369890057,79.17602963127138,22.868026454991195,0.728223017998971,1.9674974700028542,4.0222198980045505,4.794800438001403,108.76197660526668,113.55679691027035
req_01269,ieee-activation-8411c4186c2c42b492909f7cff30a66f,1347.8296604156494,1455.503459575004,78.73462357335666,21.659624045991222,0.007690766011364758,0.5525097779900534,0.617787117997068,6.1015638780081645,101.57221355935326,107.67379915935453
req_01270,ieee-activation-6c14ba67edf54cc9b80193ddbf12449f,1347.9727153778076,1463.9599553169974,78.75070181718911,22.2137049150042,13.146548681004788,1.503142162997392,0.28483395399234723,0.08830840900191106,115.89890790318896,115.98723993918975
req_01271,ieee-activation-6c14ba67edf54cc9b80193ddbf12449f,1349.830249786377,1460.7307739270036,76.89484192362579,21.608198410001933,1.029849173995899,1.236361080998904,5.343266762007261,4.788006789996871,106.11250052362448,110.90052414062666
req_01272,ieee-activation-6c14ba67edf54cc9b80193ddbf12449f,1350.7176494598389,1460.7293367759994,76.00758176216914,22.37502914200013,0.5468821359972935,2.9191020080033923,3.378537372991559,4.784554894999019,105.22712368016073,110.01168731616053
req_01273,ieee-activation-6c14ba67edf54cc9b80193ddbf12449f,1351.0875129699707,1460.727115985006,76.02176292602962,21.250963080994552,1.0029428110137815,1.2198070309968898,5.360499021000578,4.783628144999966,104.85593844403047,109.63960301503539
req_01274,ieee-activation-59da24158a1045ee92d55d692e9c3b84,1351.300106048584,1461.461511016998,75.80945894941397,21.220488816004945,0.5196121539920568,1.9726354360027472,5.122053329003393,5.517156283996883,104.64421987741662,110.16140496841399
req_01275,ieee-activation-942891bfbe6347b2a3a855d442302144,1351.8078346252441,1459.012108171999,75.98247353175248,20.541613791006966,0.3495705050008837,2.9304440849955427,4.170555600998341,3.2296160330006387,103.97462805475516,107.20427354675485
req_01276,ieee-activation-6c14ba67edf54cc9b80193ddbf12449f,1351.8482990264893,1539.1878670000006,158.04841366350593,13.66518189200724,1.3464097010000842,6.256531922001159,6.993009144003736,1.0300216509931488,186.30952747650736,187.3395679735113
req_01277,ieee-activation-942891bfbe6347b2a3a855d442302144,1352.7459774017334,1468.325842064005,75.76823098826571,20.52848139499838,12.66963104000024,3.290158820003853,2.5137424830027157,0.8096199360006722,114.77022490627132,115.57986466227158
req_01278,ieee-activation-8411c4186c2c42b492909f7cff30a66f,1352.927656173706,1460.670089555002,88.36935472229379,7.03583715899731,0.04777569400903303,2.27718224900309,5.125567567985854,4.886715989006916,102.85568685729231,107.742433381296
req_01279,ieee-activation-59da24158a1045ee92d55d692e9c3b84,1354.2103691101074,1462.4955307519995,87.61732437489263,6.525462706005783,7.153436980996048,2.0808443169953534,2.9641848930041306,1.9439083699980984,106.34122208188637,108.28516164189205
req_01280,ieee-activation-59da24158a1045ee92d55d692e9c3b84,1354.8080654144287,1461.4608358280093,87.01982590756961,6.450472866999917,0.5712549710005987,1.9133366960013518,5.181617341004312,5.516262631004793,101.13648169857333,106.65277041358058
req_01281,ieee-activation-59da24158a1045ee92d55d692e9c3b84,1354.9262351989746,1461.4595441200072,87.20581760902132,6.038828873002785,0.6785756320023211,2.106952044996433,4.9873048330046,5.515829929005122,101.01745534002839,106.53330892103259
req_01282,ieee-activation-59da24158a1045ee92d55d692e9c3b84,1356.286211013794,1463.7316148780083,92.06742229720112,12.106972351000877,0.061441319005098194,1.6487824890064076,0.3282538229977945,1.2325315850030165,106.21285416319733,107.44540386421431
req_01283,ieee-activation-8411c4186c2c42b492909f7cff30a66f,1356.7014999389648,1482.340969472003,91.66044909803895,12.097136292999494,7.463246283004992,8.235918560996652,3.113891204993706,3.068828093004413,122.57062457303982,125.63946953303821
req_01284,ieee-activation-942891bfbe6347b2a3a855d442302144,1356.7142848968506,1468.4081963670033,99.06733492214698,7.030895526011591,1.6326798479858553,0.9337343550141668,2.138642126999912,0.8906246919941623,110.80325972815626,111.69391147015267
req_01285,ieee-activation-942891bfbe6347b2a3a855d442302144,1357.3132858276367,1480.9446058110043,98.69169319536013,6.640791201003594,5.714443681994453,2.124684148002416,0.25765210700046737,10.202055650006514,113.42922536835249,123.63131998336758
req_01286,ieee-activation-942891bfbe6347b2a3a855d442302144,1358.7161903381348,1468.335977513998,97.29768215687363,7.089126134000253,1.3423298919951776,0.540650488997926,2.530030630005058,0.8199678739911178,108.799780735877,109.61978717586317
req_01287,ieee-activation-8411c4186c2c42b492909f7cff30a66f,1358.8525085449219,1467.9287118159991,100.15906869807804,3.516251312001259,0.008526395002263598,2.3915443169971695,2.499559807998594,0.5012527409999166,108.57493055806844,109.07620327107725
req_01288,ieee-activation-942891bfbe6347b2a3a855d442302144,1359.0674362182617,1468.3251486460067,99.94541423174087,3.1917265049996786,1.4852763219969347,1.499989514995832,2.3259357640054077,0.8093700900062686,108.44832499473705,109.25771242774499
req_01289,ieee-activation-8411c4186c2c42b492909f7cff30a66f,1362.0476684570312,1482.1374147400056,96.96586166496854,3.5134049790067365,6.005799272999866,7.904427624001983,2.834501373989042,2.8657513680082047,117.22397350995743,120.08974628297437
req_01290,ieee-activation-8411c4186c2c42b492909f7cff30a66f,1363.3166522979736,1467.9300229079963,97.14378520203172,1.617115978995571,0.1632961970026372,3.4940651369979605,1.7775743539968971,0.41753374099789653,104.19581792803365,104.61337061002268
req_01291,ieee-activation-942891bfbe6347b2a3a855d442302144,1363.5411567687988,1468.3381747370004,96.97690306520963,3.354265833986574,0.5737244020128855,2.6388480809982866,0.43221421999624,0.8210623659979319,103.97592413020902,104.79701796820154
req_01292,ieee-activation-942891bfbe6347b2a3a855d442302144,1364.0948524475098,1481.4885681440064,96.45642727348604,2.0950091350096045,1.0517581570020411,8.500312075993861,7.072887962000095,2.217321093005012,115.17638022848405,117.39371569649666
req_01293,ieee-activation-59da24158a1045ee92d55d692e9c3b84,1364.830364227295,1588.836701866996,196.43969257170102,22.530121529009193,0.034065453990479,1.9113977650122251,0.39311924199864734,2.697941077989526,221.30835621370352,224.0063376397011
req_01294,ieee-activation-6c14ba67edf54cc9b80193ddbf12449f,1364.8352279663086,1522.6351902250026,95.89255807269365,50.50010451200069,0.3472659230028512,1.022460553998826,5.033530115004396,5.004043081993586,152.79588710769895,157.799962258694
req_01295,ieee-activation-59da24158a1045ee92d55d692e9c3b84,1364.9430770874023,1482.1957788900036,95.78511815359525,9.376994507998461,0.4580057530110935,3.1920998269924894,7.0951893650053535,1.3452941959985765,115.90738079759467,117.25270180260122
req_01296,ieee-activation-6c14ba67edf54cc9b80193ddbf12449f,1365.9526615142822,1519.8854419819982,94.7758190377208,50.2867058020056,0.03205884399358183,4.689678645998356,1.8944453620060813,2.254072775991517,151.67868404072942,153.93278046771593
req_01297,ieee-activation-6c14ba67edf54cc9b80193ddbf12449f,1368.023853302002,1481.836426349997,92.70483248599339,9.522116764012026,1.3121813929901691,5.573699526998098,3.71400985600485,0.9857330219965661,112.82681902499462,113.8125730479951
req_01298,ieee-activation-942891bfbe6347b2a3a855d442302144,1368.768804550171,1481.485622927008,91.9600220608263,9.856088562999503,0.05069807999825571,4.578404723011772,4.056662905000849,2.214942045000498,110.5018600448384,112.71681837683718
req_01299,ieee-activation-59da24158a1045ee92d55d692e9c3b84,1369.0825481414795,1490.685813611999,91.65398897451814,9.311911801007227,11.885923975991318,5.8590248040127335,2.203570374986157,0.6888455400039675,120.91438953550823,121.60326547051955
req_01300,ieee-activation-8411c4186c2c42b492909f7cff30a66f,1369.5325565338135,1625.6798097980063,91.20434784819372,8.068144318996929,145.54019701300422,5.198771575989667,5.600578603000031,0.5352139050082769,255.61201131518465,256.14725326419284
req_01301,ieee-activation-59da24158a1045ee92d55d692e9c3b84,1372.277795791626,1482.3421688500093,88.45926916437747,10.003924881995772,0.5740952939959243,3.528000262012938,6.006977482000366,1.4921059740008786,108.57224186937674,110.06437305838335
req_01302,ieee-activation-59da24158a1045ee92d55d692e9c3b84,1373.8976039886475,1482.3416893200047,86.87136682735581,8.410718040991924,1.38331946200924,5.298946271999739,4.987722830992425,1.4920118980080588,106.95201910335163,108.4440853313572
req_01303,ieee-activation-8411c4186c2c42b492909f7cff30a66f,1374.8964748382568,1509.895932925996,85.87573607174272,8.033780662997742,37.16454566500033,0.48412074700172525,1.7079413809988182,1.7333335599978454,133.26610539473768,134.99945808773919
req_01304,ieee-activation-8411c4186c2c42b492909f7cff30a66f,1374.976755142212,1482.1369620100013,85.79675271178712,8.401788805000251,1.1394032520038309,5.181262097001309,3.77505222299078,2.865947779006092,104.29424326078151,107.16020686778938
req_01305,ieee-activation-8411c4186c2c42b492909f7cff30a66f,1375.4259872436523,1498.4808763239998,86.03410793535295,9.174219141990761,13.575565267005004,4.758858738001436,1.1634195049991831,8.34871849299816,114.70614112635667,123.0548890803475
req_01306,ieee-activation-6c14ba67edf54cc9b80193ddbf12449f,1378.9244594573975,1481.8574659639999,82.53605446461006,9.197590807001689,0.9050671769946348,3.8050967829913134,5.480699410007219,1.00849786499748,101.9244823626068,102.9330065066024
req_01307,ieee-activation-6c14ba67edf54cc9b80193ddbf12449f,1379.7211723327637,1481.8406303219963,82.17108803424344,8.559871424993617,1.1109891740052262,2.2152865579992067,7.071844609992695,0.9903781879984308,101.12903285524226,102.11945798923261
req_01308,ieee-activation-6c14ba67edf54cc9b80193ddbf12449f,1380.0585479736328,1481.851164214997,81.83400057937251,8.85084105299029,1.1228876860113814,5.27040617998864,3.71318724800949,1.0012934949918417,100.7912943163683,101.79261624136416
req_01309,ieee-activation-6c14ba67edf54cc9b80193ddbf12449f,1380.0835876464844,1483.1238965880038,82.41486852652451,6.881970429996727,12.481088733999059,0.24732836800103541,0.420722447001026,0.594330435997108,102.4459191125352,103.04030894151947
req_01310,ieee-activation-6c14ba67edf54cc9b80193ddbf12449f,1380.6251239776611,1481.840043809003,83.10772288934095,5.823208290006733,1.613281507990905,1.6453025509981671,8.036265895003453,0.989138698001625,100.22574436933792,101.21491983134183
req_01311,ieee-activation-6c14ba67edf54cc9b80193ddbf12449f,1381.9815006256104,1481.8582610349986,81.97903061039688,12.5012667629926,0.12440092500764877,3.083793287994922,1.1846565650048433,1.0036122579913354,98.87311676140234,99.87676040938823
req_01312,ieee-activation-6c14ba67edf54cc9b80193ddbf12449f,1382.8397579193115,1481.8578080720035,85.09167076769518,3.5116898080013925,5.036881738997181,2.157546007001656,2.2159866339934524,1.0042751970031532,98.01373850870004,99.01805015269201
req_01313,ieee-activation-942891bfbe6347b2a3a855d442302144,1385.7798538208008,1498.4517970300076,82.15182649820053,18.228939622000325,0.08113291399786249,3.07218828900659,0.8172931139997672,8.320562772001722,104.35135826720216,112.6719432092068
req_01314,ieee-activation-59da24158a1045ee92d55d692e9c3b84,1385.7999897003174,1482.4401105849975,82.53685611368564,2.3234131240024,0.6547056440031156,0.9435735869919881,8.590937870001653,1.5906345459952718,95.04945234768093,96.64012088468007
req_01315,ieee-activation-59da24158a1045ee92d55d692e9c3b84,1386.5830936431885,1482.539407203003,81.75393844781502,9.75577313300164,0.06372103600006085,0.21847353500197642,2.4793975060019875,1.685009901993908,94.27128348282713,95.95631355981459
req_01316,ieee-activation-8411c4186c2c42b492909f7cff30a66f,1386.6435089111328,1482.5287503779982,81.6936807158636,2.3875497210101457,0.03270923699892592,3.0115340949996607,7.080278434994398,1.6794892629986862,94.20573553685972,95.88524146686541
req_01317,ieee-activation-942891bfbe6347b2a3a855d442302144,1387.0248527526855,1498.4525236430054,81.38373485631018,1.9564131590013858,13.509429844008991,4.027571779995924,2.2298654570040526,8.320655793999322,103.1069976153085,111.42767089031986
req_01318,ieee-activation-942891bfbe6347b2a3a855d442302144,1387.0426692962646,1481.487425970001,81.36601251873071,2.0185193350043846,0.03882545400119852,4.667462376994081,4.138379377007368,2.21555761199852,92.22919044972514,94.44475667373626
req_01319,ieee-activation-8411c4186c2c42b492909f7cff30a66f,1387.3732376098633,1580.506565497999,81.03559147013584,2.1739629009971395,98.52324314600264,0.44340986300085206,0.8835509700002149,10.073569537998992,183.0597461741272,193.13332788813568
req_01320,ieee-activation-942891bfbe6347b2a3a855d442302144,1388.847900390625,1490.3595625160087,92.09747889837308,3.254164711004705,1.1651522829924943,0.3124208390072454,0.9545921599928988,3.7278532340133097,97.7837764963624,101.51166212538374
req_01321,ieee-activation-6c14ba67edf54cc9b80193ddbf12449f,1388.8479957580566,1490.2810694130021,92.63879533794534,4.672410803003004,0.005701731002773158,0.48858471198764164,0.11658083800284658,3.5110002330038697,97.92203448693908,101.43307365494547
req_01322,ieee-activation-6c14ba67edf54cc9b80193ddbf12449f,1389.3244934082031,1490.2945773289975,92.37847257479734,4.523510530998465,0.017407174003892578,0.5157063539954834,0.012563277006847784,3.522424009992392,97.44763830279408,100.97008392079442
req_01323,ieee-activation-59da24158a1045ee92d55d692e9c3b84,1390.0901260375977,1490.681116206004,91.6133069484058,2.4410045190015808,1.3339395429939032,2.0745742360013537,2.0269695190072525,1.1011954029963817,99.48978449941205,100.59099016840628
req_01324,ieee-activation-6c14ba67edf54cc9b80193ddbf12449f,1390.0981578826904,1519.8828118020028,91.76041565730702,28.03840630200284,1.1497549930063542,0.7544494699977804,5.828786648999085,2.252840847999323,127.53179191630625,129.7846539193124
req_01325,ieee-activation-6c14ba67edf54cc9b80193ddbf12449f,1390.1761112213135,1490.2995494460047,91.68258725268242,4.3952196430036565,0.044182704004924744,0.35538752099091653,0.11930702500103507,3.526754079008242,96.59667434467701,100.1234382246912
req_01326,ieee-activation-6c14ba67edf54cc9b80193ddbf12449f,1391.2757587432861,1498.3624160430045,90.58299551671371,5.707276895001996,0.8457827679958427,0.6639234050089726,1.1356449899903964,8.151033725007437,98.93561499670614,107.08665729971835
req_01327,ieee-activation-8411c4186c2c42b492909f7cff30a66f,1391.282278060913,1508.2100785759976,90.57657255008235,5.5098676580091706,11.11613583000144,6.1692275579989655,0.2742943889898015,3.2817025300028035,113.64608933507407,116.92780051508453
req_01328,ieee-activation-6c14ba67edf54cc9b80193ddbf12449f,1391.6678371429443,1490.298675248996,90.1910668280616,4.3634755719976965,0.02133274699735921,0.4759436070016818,0.05185264200554229,3.527166709987796,95.10366302706825,98.63083810605167
req_01329,ieee-activation-942891bfbe6347b2a3a855d442302144,1391.9765892028809,1501.4114115580014,89.8824158351199,4.415054864002741,3.8746877999947174,1.2106746200006455,7.241873867998947,2.8101153680036077,106.62469919011346,109.43482235512056
req_01330,ieee-activation-59da24158a1045ee92d55d692e9c3b84,1392.7844772338867,1490.6852134759974,89.07461099712236,4.415311652992386,0.009852896997472271,1.4700358400004916,2.243019914996694,0.6879049400013173,97.21282349112153,97.90073624211072
req_01331,ieee-activation-942891bfbe6347b2a3a855d442302144,1392.8033962249756,1501.4121931690024,89.53587162302574,3.886060663004173,0.0165976409916766,5.736073748004856,6.522935846995097,2.911257422005292,105.69751897502283,108.60879694402684
req_01332,ieee-activation-59da24158a1045ee92d55d692e9c3b84,1392.8336200714111,1490.6820287629962,89.50594403759169,3.8805765159922885,0.06376988200645428,1.2871373130037682,2.009477630999754,1.1015033119911095,96.74689493259939,97.84840869158506
req_01333,ieee-activation-6c14ba67edf54cc9b80193ddbf12449f,1392.8414764404297,1505.4287990839948,89.49821118057298,3.913984810002148,16.186271618993487,0.521623067004839,1.8788066569977673,0.5884253099939087,111.99888872356678,112.58732264356513
req_01334,ieee-activation-59da24158a1045ee92d55d692e9c3b84,1393.3747882843018,1490.6840077509987,88.96886480269313,3.7637130560033256,0.06126151100033894,1.3308051220083144,2.0797513399884338,1.104823635003413,96.20437889268214,97.30921946669696
req_01335,ieee-activation-942891bfbe6347b2a3a855d442302144,1394.0939388275146,1498.4531226539984,88.3417437314929,3.8188459889934165,0.016606300996500067,3.0428062950086314,0.8175171490001958,8.321664360992145,96.03747890349769,104.35918382648379
req_01336,ieee-activation-59da24158a1045ee92d55d692e9c3b84,1394.1086196899414,1490.6870969419979,88.3275037160638,3.7879002779955044,0.06004510499769822,2.1092621730058454,1.738326816004701,0.5554391639889218,96.02301704707497,96.57847725205647
req_01337,ieee-activation-59da24158a1045ee92d55d692e9c3b84,1394.9459800720215,1490.684618469997,87.49031425398425,3.7909940059907967,0.0568824299989501,2.5364880150009412,1.3100696570036234,0.5538900359970285,95.18473705198267,95.73863839797559
req_01338,ieee-activation-6c14ba67edf54cc9b80193ddbf12449f,1398.020980834961,1505.430489188002,84.50988231903466,3.517406238010153,13.280485679992125,4.742905475999578,0.7684406170010334,0.5903880230034702,106.8191050690366,107.40950835304102
req_01339,ieee-activation-8411c4186c2c42b492909f7cff30a66f,1399.7107486724854,1499.011582377003,82.82060512852331,4.838035357999615,0.3578129139932571,2.0952375670021866,0.3897335179935908,8.79940921900561,90.50141558352334,99.30083370451757
req_01340,ieee-activation-6c14ba67edf54cc9b80193ddbf12449f,1399.818187713623,1498.3616718630074,82.72279017338587,6.978828254999826,0.06396966399915982,0.42157082799531054,0.2070698729949072,8.149255356009235,90.39421357838728,98.54348414938431
req_01341,ieee-activation-942891bfbe6347b2a3a855d442302144,1400.0278034210205,1522.8439707789948,83.09684280098008,3.098948765997193,21.81972045400471,7.4117218739993405,2.101800172997173,5.287133289995836,117.5290028519812,122.81616735797434
req_01342,ieee-activation-8411c4186c2c42b492909f7cff30a66f,1400.0293083190918,1522.9359236570017,90.26455938590516,19.771694314011256,0.1154749259876553,4.354062843005522,3.095610428004875,5.305213440995431,117.60137134190882,122.9066153379099
req_01343,ieee-activation-59da24158a1045ee92d55d692e9c3b84,1400.4455814361572,1524.112947764006,89.85219580584089,27.255112644008477,0.01555490899772849,4.880215119002969,0.21074195099936333,1.4535458989994368,122.2138065178442,123.66736632784887
req_01344,ieee-activation-6c14ba67edf54cc9b80193ddbf12449f,1401.6654605865479,1519.8848663780082,88.63460741045128,19.7036568600015,1.0431367870041868,5.338000812000246,1.2460716200002935,2.253932302002795,115.96545978746144,118.2194057914603
req_01345,ieee-activation-59da24158a1045ee92d55d692e9c3b84,1402.4718761444092,1522.7817361089983,87.82828635559417,20.987412501999643,1.2104800649976823,1.3842304309946485,3.7472464440070326,5.1522041669959435,115.15764654059603,120.30985996458912
req_01346,ieee-activation-6c14ba67edf54cc9b80193ddbf12449f,1404.0315246582031,1520.8374418650055,86.3308860558027,20.280983058997663,0.4036972369940486,2.332155012001749,4.252357935009059,3.205837907997193,113.60004645881418,116.8059172068024
req_01347,ieee-activation-6c14ba67edf54cc9b80193ddbf12449f,1406.7546367645264,1519.883548790007,83.92819500647602,19.38339971800451,0.9807585749949794,5.337872392003192,1.2456289059919072,2.2530574280099245,110.8758222884644,113.12891202548053
req_01348,ieee-activation-59da24158a1045ee92d55d692e9c3b84,1407.7664852142334,1522.782626676999,82.91654839576222,19.667943752006977,1.7767982450022828,2.2813983149972046,3.220571405996452,5.152881349000381,109.86324114176387,115.01614146276552
req_01349,ieee-activation-6c14ba67edf54cc9b80193ddbf12449f,1408.3392448425293,1519.8841069820046,82.61734867247287,18.514767179993214,1.5751916440058267,5.30855680500099,1.202269895002246,2.326727943000151,109.21811297348177,111.5448621394753
req_01350,ieee-activation-59da24158a1045ee92d55d692e9c3b84,1412.171365737915,1523.2901487420022,78.78544970008079,25.830650167001295,0.06864110199967399,3.4664399760076776,2.253019203999429,0.714582854998298,110.40417822707968,111.11878300408716
req_01351,ieee-activation-6c14ba67edf54cc9b80193ddbf12449f,1412.439926147461,1519.9112255460059,78.51697609754046,19.806688922995818,0.28358427800412755,4.0219087099976605,2.562789898001938,2.2793514920049347,105.19193969553453,107.47129939854494
req_01352,ieee-activation-59da24158a1045ee92d55d692e9c3b84,1412.5090141296387,1523.5627919389954,78.44796190736815,26.52519977799966,0.08610443500219844,4.88037966399861,0.20999515599396545,0.904136868994101,110.14963222836377,111.05377780935669
req_01353,ieee-activation-942891bfbe6347b2a3a855d442302144,1413.4796314239502,1584.1475817290047,77.47751531905669,17.348903388992767,59.613618317001965,4.982808446002309,7.019898547994671,4.2252062860061415,166.44273641605105,170.66795030505455
req_01354,ieee-activation-8411c4186c2c42b492909f7cff30a66f,1414.5087280273438,1522.667455570001,76.44851691265649,18.940402958003688,0.012875209999037907,5.797002043997054,1.8660718169994652,5.093858601001557,103.06486091965053,108.15872754265729
req_01355,ieee-activation-942891bfbe6347b2a3a855d442302144,1415.2845764160156,1539.7596529980074,83.21475956098584,10.684907307993853,11.905487954005366,8.012429755995981,8.60600441400311,2.0514875890075928,122.42356947598455,124.47507658199174
req_01356,ieee-activation-59da24158a1045ee92d55d692e9c3b84,1416.9084720611572,1522.7402160710044,81.59104085284343,12.456420788003015,1.1720187360042473,4.351255153000238,1.149676836997969,5.111331642998266,100.72040008484328,105.83174400984717
req_01357,ieee-activation-942891bfbe6347b2a3a855d442302144,1417.4670314788818,1522.8453092540003,81.0326503541146,11.565219957003137,1.3864557460037759,1.4288917130033951,4.749948576994939,5.215111427998636,100.1631573941122,105.37827777511848
req_01358,ieee-activation-942891bfbe6347b2a3a855d442302144,1417.8062553405762,1561.689854301003,80.69360273043276,9.74839226999029,40.535488264999,5.786209630998201,5.595059155006311,1.524846909000189,142.35873984942737,143.88359896042675
req_01359,ieee-activation-942891bfbe6347b2a3a855d442302144,1418.7482872009277,1539.7481136440038,79.75166759507556,11.09918738399574,15.440457996999612,6.185004947008565,6.934398354002042,1.589110165994498,119.41070859007596,120.99982644307602
req_01360,ieee-activation-59da24158a1045ee92d55d692e9c3b84,1421.0656147003174,1523.7191940860066,77.43481242869166,19.053503767994698,0.014636124993558042,4.880092892009998,0.2102463990013348,1.060287772997981,101.59327858469624,102.65357938568923
req_01361,ieee-activation-59da24158a1045ee92d55d692e9c3b84,1421.6787033081055,1540.3879870460078,77.33496685390128,11.769372853988898,15.450752384000225,7.005957130008028,4.9200246179971145,2.228209898006753,116.4810397468973,118.7092837379023
req_01362,ieee-activation-942891bfbe6347b2a3a855d442302144,1423.1000156402588,1522.8460439970077,78.50877664974541,8.291662319999887,1.2534275880025234,2.3831407919933554,4.0922760350076715,5.216744972000015,94.52926386875333,99.74602835674887
req_01363,ieee-activation-942891bfbe6347b2a3a855d442302144,1423.2330722808838,1584.1483216320048,78.37584946812422,7.375179886992555,62.09010468699853,3.926895131007768,4.926527502990211,4.22069267500774,156.69454764512193,160.91524935112102
req_01364,ieee-activation-8411c4186c2c42b492909f7cff30a66f,1425.9313354492188,1608.5534660620033,79.49835478978639,4.634614544003853,84.96847975699347,2.3678517030057264,9.779285422991961,1.3735443960031262,181.24856761278352,182.62213061278453
req_01365,ieee-activation-8411c4186c2c42b492909f7cff30a66f,1426.1635761260986,1527.3573829820089,79.34830587690521,4.386969790997682,8.716318506994867,6.296223160010413,0.5453559489978943,1.9006335720041534,99.29315229991334,101.19380685591022
req_01366,ieee-activation-8411c4186c2c42b492909f7cff30a66f,1426.6231517791748,1539.7463960150053,81.58769866282819,15.910506717002136,0.30830548699304927,5.440100859006634,8.251725198002532,1.6249073119979585,111.49831899582932,113.1232442358305
req_01367,ieee-activation-59da24158a1045ee92d55d692e9c3b84,1427.807336807251,1461.458753223007,0.23616357074934058,20.17774551700859,0.6283271009888267,5.410296414003824,1.6851344290043926,5.51374938400113,28.137650385746383,33.6514164157561
req_01368,ieee-activation-6c14ba67edf54cc9b80193ddbf12449f,1429.8155117034912,1550.3619479619956,90.09513798050466,4.735055590004777,15.288747494007112,7.173473450995516,1.9198337190027814,1.3341880239895545,119.21223050850676,120.5464362585044
req_01369,ieee-activation-6c14ba67edf54cc9b80193ddbf12449f,1429.945463180542,1568.672972084998,89.96527907646669,3.3805702039971948,42.11406168699614,2.057218753005145,0.708901459001936,0.5014777249889448,138.22602302847372,138.72750890445604
req_01370,ieee-activation-8411c4186c2c42b492909f7cff30a66f,1430.5767345428467,1527.378413227998,89.3340543841623,4.830756268987898,0.24293897701136302,0.32124400699103717,0.16131010500248522,1.91137494299619,94.89029625315743,96.80167868515127
req_01371,ieee-activation-6c14ba67edf54cc9b80193ddbf12449f,1430.5784950256348,1550.3572156870068,89.33237273636041,5.271395339004812,22.414192933996674,0.39130030300293583,1.1817054230050417,1.1877539260021877,118.5909584533656,119.77872066137206
req_01372,ieee-activation-6c14ba67edf54cc9b80193ddbf12449f,1430.6995277404785,1538.8030596919998,89.21139468852198,5.53247376800573,0.4536071990005439,1.5344291429937584,0.5328261270042276,10.838801025995053,97.26472405352979,108.10353195152129
req_01373,ieee-activation-6c14ba67edf54cc9b80193ddbf12449f,1430.8755836486816,1539.1823017889983,89.90239656032645,4.331912294990616,0.46885279200796504,6.3204328610008815,6.260025819996372,1.0230978119943757,107.28360122532467,108.30671814031666
req_01374,ieee-activation-6c14ba67edf54cc9b80193ddbf12449f,1431.3101348876953,1539.1811553590087,91.16631066630362,1.4258457219984848,1.3882056560105411,5.441000899998471,7.426083266997011,1.0235742600052617,106.84742848630412,107.87102047131339
req_01375,ieee-activation-6c14ba67edf54cc9b80193ddbf12449f,1431.4215030670166,1538.8039476520062,91.23634263197891,3.9706208210118348,0.06895682099275291,0.6910838869953295,0.4745271170104388,10.9409133070003,96.44151243197848,107.38244458498957
req_01376,ieee-activation-59da24158a1045ee92d55d692e9c3b84,1432.0570240020752,1549.7795476229949,90.6117079379328,3.7550248369952897,18.119141959003173,2.0674547519884072,2.4177359610039275,0.7514581739960704,116.97104725292593,117.72252362091967
req_01377,ieee-activation-942891bfbe6347b2a3a855d442302144,1432.3886814117432,1539.757593700997,90.3835070932546,3.4008170739980415,1.2317408910021186,1.2546842300071148,9.496565266992548,1.6015977339993697,105.76727964724705,107.36891228925379
req_01378,ieee-activation-8411c4186c2c42b492909f7cff30a66f,1432.4086265563965,1539.2228799270088,90.43928747061,3.5407592989940895,0.6114795559988124,1.8224859940091847,9.33566532698751,1.064575724012684,105.74962944860454,106.81425337061228
req_01379,ieee-activation-942891bfbe6347b2a3a855d442302144,1433.9873542785645,1539.4157386290026,88.86088070343249,4.0003249300061725,0.5567716079967795,1.2364471930050058,9.51677766800276,1.2571822479949333,104.17118011444109,105.42838435043814
req_01380,ieee-activation-8411c4186c2c42b492909f7cff30a66f,1435.0691776275635,1539.2354272289958,87.77943254643469,2.977088530009496,0.8866504479956347,2.6667529309925158,8.327719569002511,1.5286055769975064,102.63762273943576,104.16624960143236
req_01381,ieee-activation-942891bfbe6347b2a3a855d442302144,1435.5564727783203,1539.7271905410016,87.29234918967995,2.977726087003248,1.5780830580042675,1.2734552009933395,9.480678701002034,1.5684255259984639,102.60227397967537,104.1707177626813
req_01382,ieee-activation-59da24158a1045ee92d55d692e9c3b84,1436.3495845794678,1540.3901063800004,86.49937047953426,3.913261446999968,1.6424633620044915,1.6099592829996254,8.14478588399652,2.23068134499772,101.80982292952831,104.04052180053259
req_01383,ieee-activation-59da24158a1045ee92d55d692e9c3b84,1436.4144325256348,1544.878940687995,86.52259424237127,3.1796754410024732,13.729657040996244,0.608893206997891,0.2668862430000445,4.156801987992367,104.30768254437135,108.46450816236029
req_01384,ieee-activation-59da24158a1045ee92d55d692e9c3b84,1436.4359283447266,1561.2653177070024,86.85502210627601,3.248591939001926,22.68842266999127,1.782323835999705,9.15420121200441,1.100827599002514,123.72852207827964,124.82938936227583
req_01385,ieee-activation-59da24158a1045ee92d55d692e9c3b84,1436.5635929107666,1540.389066136995,86.99972844023432,2.9765703919983935,1.5131677080062218,1.893913355001132,8.21110072400188,2.230992606986547,101.59446401023888,103.8254732262285
req_01386,ieee-activation-59da24158a1045ee92d55d692e9c3b84,1436.7683372497559,1544.879661924002,86.95372818724718,13.983155815993086,0.057234993000747636,2.886254042008659,0.07517782200011425,4.155773813996348,103.95553091325564,108.11132467424613
req_01387,ieee-activation-59da24158a1045ee92d55d692e9c3b84,1437.5300159454346,1540.3869363730046,86.89088760556479,13.195062426995719,0.0732970820099581,0.3768284169927938,0.10803877700527664,2.2128061190014705,100.64409386256011,102.85692042757
req_01388,ieee-activation-942891bfbe6347b2a3a855d442302144,1438.0767841339111,1550.425302165997,89.28100170608377,17.860300611006096,1.3111625080055092,0.4401729959936347,2.191031929003657,1.2648482819931814,111.08365348808002,112.34851803208585
req_01389,ieee-activation-6c14ba67edf54cc9b80193ddbf12449f,1438.2199840545654,1548.8444404890033,89.15880938843475,14.085702712996863,1.3600362230063183,0.6381464440055424,1.2732422150002094,4.1085194509942085,106.51591916044708,110.62445643443789
req_01390,ieee-activation-8411c4186c2c42b492909f7cff30a66f,1438.2290325164795,1550.9897931430023,100.57588036052766,5.709794434995274,0.869942641002126,2.3187380629969994,1.457336748004309,1.8290683789964532,110.93164083952433,112.76076062652282
req_01391,ieee-activation-8411c4186c2c42b492909f7cff30a66f,1438.3989849090576,1551.0120824159967,100.40647833494586,6.7045276449935045,1.1979709750012262,2.236570856999606,0.22466094999981578,1.8428887449990725,110.77016800593992,112.61309750693908
req_01392,ieee-activation-8411c4186c2c42b492909f7cff30a66f,1438.9833545684814,1561.9891420049971,100.19845917752536,6.034347298991634,5.752236453001387,0.9028670889965724,8.469919338007458,1.6479580799932592,121.3578108275251,123.00578743651567
req_01393,ieee-activation-8411c4186c2c42b492909f7cff30a66f,1439.8666915893555,1561.6181578990072,99.3190079866472,6.03170151199447,1.2220003190013813,7.24289411000791,6.46180678899691,1.4740555930038681,120.27739312865015,121.75146630965173
req_01394,ieee-activation-942891bfbe6347b2a3a855d442302144,1439.8723487854004,1551.3610960160004,99.31837317260215,6.317761871992843,1.0208725720003713,0.3853371870063711,2.2500228510034503,2.196379575994797,109.29235101060476,111.48874723059998
req_01395,ieee-activation-942891bfbe6347b2a3a855d442302144,1440.5661087036133,1550.7644506329962,98.66570329439128,6.462131239997689,0.835459741007071,2.0212033939897083,0.6095435480092419,1.6043007119878894,108.59399657239555,110.19834192938288
req_01396,ieee-activation-942891bfbe6347b2a3a855d442302144,1442.7739086151123,1560.4773569499957,96.46730938188557,9.476322155009257,0.06531491500209086,1.366016760992352,0.7515100739983609,9.576975047995802,108.12644018688297,117.70344833488343
req_01397,ieee-activation-6c14ba67edf54cc9b80193ddbf12449f,1442.868787765503,1559.9880251970026,96.54911550550605,4.032356940995669,0.15244435299246106,6.83774368900049,0.5481830950011499,8.99939384800382,108.11980764150212,117.11923743149964
req_01398,ieee-activation-6c14ba67edf54cc9b80193ddbf12449f,1443.0349884033203,1550.3548363330046,96.74557500467927,4.659265723996214,0.0824323520064354,1.63052811200032,2.874541400000453,1.3275053370016394,105.99228309467435,107.31984792968433
req_01399,ieee-activation-942891bfbe6347b2a3a855d442302144,1443.7758045196533,1551.2843916720012,96.00534943235107,7.802166071996908,0.14384547200461384,0.2208194929989986,1.2240353969973512,2.112371285998961,105.39619789934659,107.5085871523479
req_01400,ieee-activation-8411c4186c2c42b492909f7cff30a66f,1443.793643951416,1551.0097801789962,95.98832119657891,4.95420200600347,0.6486307529994519,2.63142235900159,1.1447387950029224,1.8488211179937935,105.36729309857765,107.21613622758014
req_01401,ieee-activation-6c14ba67edf54cc9b80193ddbf12449f,1443.8667640686035,1550.3611821390077,95.9153326493979,4.735160134994658,0.03855867600941565,4.3716894289973425,0.23750225399271585,1.19617492701218,105.29823109338759,106.49441807040421
req_01402,ieee-activation-6c14ba67edf54cc9b80193ddbf12449f,1444.292932510376,1559.9891765780048,95.4898452656198,4.807946127009927,5.64127783299773,0.5099143129918957,0.25872322100622114,8.988537308003288,106.7076922176202,115.69624406762887
req_01403,ieee-activation-942891bfbe6347b2a3a855d442302144,1445.730173110962,1584.8587909089983,94.83903418004047,42.196493551004096,0.06414101699192543,0.7595265470008599,0.49373616199591197,0.7756863410031656,138.3529107330396,139.12861779803643
req_01404,ieee-activation-6c14ba67edf54cc9b80193ddbf12449f,1446.542148590088,1585.0102321820013,94.02720139992016,42.10709643899463,0.10170986299635842,0.2972153309965506,1.0070099600125104,0.9278505989932455,137.5402187499276,138.46808359191346
req_01405,ieee-activation-942891bfbe6347b2a3a855d442302144,1446.7433166503906,1585.3912653470034,93.82612328360847,42.94165879700449,0.07529664300091099,0.4625583180022659,0.10760129000118468,1.2347103649954079,137.41322850761935,138.64794869661273
req_01406,ieee-activation-59da24158a1045ee92d55d692e9c3b84,1446.8711242675781,1593.187535243007,93.69837944341998,39.83191993999935,2.1622714289987925,6.972932578006294,0.26657890299975406,3.384328682004707,142.9320693554182,146.31641097542888
req_01407,ieee-activation-942891bfbe6347b2a3a855d442302144,1446.8718299865723,1588.4448604579957,98.00758507242426,38.686727256004815,0.020441069995285943,1.5554215340089286,0.3819233859976521,2.9209321529924637,138.65207783842925,141.5730304714234
req_01408,ieee-activation-942891bfbe6347b2a3a855d442302144,1446.9602127075195,1593.1222130609967,97.92141916547553,35.45979325000371,1.2808307920058724,5.689659732990549,0.6279023140086792,5.182395098992856,140.97958817447943,146.1620003534772
req_01409,ieee-activation-6c14ba67edf54cc9b80193ddbf12449f,1447.3507022857666,1585.0109521620034,101.67596649323241,31.42451485300262,1.8352648459986085,0.8178695490059908,0.9785424290021183,0.9280917059950298,136.73210965123144,137.66024987623678
req_01410,ieee-activation-942891bfbe6347b2a3a855d442302144,1447.631181716919,1593.121337428005,102.14932344808767,30.855849561994546,0.9867671569954837,5.688793763998547,0.6258400360093219,5.1835817440005485,140.30651865008986,145.49015571108612
req_01411,ieee-activation-59da24158a1045ee92d55d692e9c3b84,1448.5872058868408,1594.5990034770075,101.83904623016133,33.43484585400438,9.198063778996584,0.8780402999982471,0.2538591449992964,0.407942282006843,145.60380051015818,146.01179759016668
req_01412,ieee-activation-942891bfbe6347b2a3a855d442302144,1449.2916069030762,1584.8649885170016,101.13490595993062,32.683211582989316,0.08286772800784092,0.7207489269931102,0.17541838400939014,0.7762290319951717,134.7971284619416,135.57338161392545
req_01413,ieee-activation-6c14ba67edf54cc9b80193ddbf12449f,1451.3544235229492,1611.223013447001,99.07229103204736,33.45774540500133,9.194369203003589,3.55404610199912,10.54735877100029,4.042779411000083,155.82579186104704,159.86858992405178
req_01414,ieee-activation-6c14ba67edf54cc9b80193ddbf12449f,1451.4025497436523,1585.2264049670048,99.0243770203524,33.02016462100437,0.07074177599861287,0.5040176689944929,0.12909411599684972,1.0754600210057106,132.74837346935237,133.82385522335244
req_01415,ieee-activation-6c14ba67edf54cc9b80193ddbf12449f,1451.4025974273682,1585.3293312250025,99.0246605676366,33.082154588992125,0.008557207009289414,0.5038810389960418,0.12844173600024078,1.1790386590000708,132.7476777506381,133.92673379763437
req_01416,ieee-activation-8411c4186c2c42b492909f7cff30a66f,1451.711893081665,1586.1398360669991,99.1618209133303,31.950555731003988,0.0053065410029375926,0.6367602969985455,0.6157353870075895,2.0577641159907216,132.37014860533236,134.42794298533408
req_01417,ieee-activation-8411c4186c2c42b492909f7cff30a66f,1452.1509494781494,1586.1453499630006,98.84032617985213,29.643495431999327,0.40490664599929005,1.6617315119947307,1.2807985440012999,2.163142171004438,131.83123844284273,133.9944004848512
req_01418,ieee-activation-59da24158a1045ee92d55d692e9c3b84,1452.9356060028076,1585.7091029889998,98.08375967819302,31.806367640994722,0.19232760000159033,0.26001351900049485,0.8094342190015595,1.6215943290008,131.15187332319329,132.77349698619219
req_01419,ieee-activation-6c14ba67edf54cc9b80193ddbf12449f,1453.678134918213,1586.2783712719975,97.34182469679217,29.61547028699715,1.6511421290051658,2.87671585699718,0.3609278579970123,0.7541555259958841,131.84606697379786,132.60023635378457
req_01420,ieee-activation-59da24158a1045ee92d55d692e9c3b84,1453.6792068481445,1589.8005383359996,97.68124487785099,32.37711786100408,1.8136857430072268,1.9899096680019284,0.3980801789875841,1.861293159003253,134.2600115518435,136.12133148785506
req_01421,ieee-activation-59da24158a1045ee92d55d692e9c3b84,1453.7674541473389,1589.8015731710038,97.68110839265864,32.3501669170073,0.012491963992943056,2.775225949997548,1.3515590760071063,1.86356672400143,134.1705271506653,136.03411902366497
req_01422,ieee-activation-6c14ba67edf54cc9b80193ddbf12449f,1454.529685974121,1586.0504997230018,105.6342694448831,23.40540294100356,0.16746629599947482,1.1802029149985174,0.6058213989890646,0.5276507530070376,130.99314010087983,131.52081374888076
req_01423,ieee-activation-6c14ba67edf54cc9b80193ddbf12449f,1454.6896362304688,1586.2789543429972,105.47441825753776,23.671795194997685,0.024523984000552446,0.8314231819967972,0.735652111005038,0.851505382990581,130.73780222753703,131.58931811252842
req_01424,ieee-activation-59da24158a1045ee92d55d692e9c3b84,1455.674036026001,1589.6323468939954,104.80395007300831,23.383406902998104,0.04727808199822903,3.3106646279920824,0.7181690060097026,1.6948421759880148,132.26344138501736,133.95831086799444
req_01425,ieee-activation-942891bfbe6347b2a3a855d442302144,1456.4077320098877,1468.3375665500062,2.601880419111694,4.385276984001393,1.0504861660010647,1.94597475300543,1.1259885359904729,0.820227682008408,11.10958860910614,11.929834540118463
req_01426,ieee-activation-59da24158a1045ee92d55d692e9c3b84,1458.3004035949707,1593.9420353790047,103.31943434703862,22.2420989349921,0.04684994800481945,8.072375196992652,1.2449024740053574,0.7159708830004092,134.92564124304045,135.64163178403396
req_01427,ieee-activation-8411c4186c2c42b492909f7cff30a66f,1458.7998180389404,1590.253582587,103.0024021690624,21.765501896996284,0.006116935997852124,3.542980216006981,0.8203585279989056,2.3164048019971233,129.13733413205773,131.45376454805955
req_01428,ieee-activation-8411c4186c2c42b492909f7cff30a66f,1463.8290729522705,1607.531353519007,98.16259391073254,20.68189296699711,6.58403357899806,5.742333707006765,0.13629428000422195,12.395132122997893,131.30712942573882,143.7022805667366
req_01429,ieee-activation-8411c4186c2c42b492909f7cff30a66f,1463.8527851104736,1586.2764188970032,104.82094418552879,14.204511596006341,0.02945841998734977,0.24631779800984077,0.9286228580021998,2.193778928995016,120.2298192945309,122.42363378652954
req_01430,ieee-activation-8411c4186c2c42b492909f7cff30a66f,1464.0357685089111,1631.1158085479983,116.5709787500964,5.533633759987424,39.443293465999886,0.5982980330009013,0.39016838700626977,4.543667642996297,162.53634626109852,167.08004003908718
req_01431,ieee-activation-6c14ba67edf54cc9b80193ddbf12449f,1464.1956481933594,1611.1960648200038,119.95396978364442,4.689855192991672,0.6179879600094864,5.567617305001477,12.155536042002495,4.015450342994882,142.9849278406473,147.00041662664444
req_01432,ieee-activation-6c14ba67edf54cc9b80193ddbf12449f,1464.2025833129883,1594.6044377380022,119.94731170301384,5.515609640002367,0.03451604400470387,1.1292919399857055,2.4882373550062766,1.2868877430009888,129.11493636801606,130.40185442501388
req_01433,ieee-activation-942891bfbe6347b2a3a855d442302144,1465.0138149261475,1611.9853235430055,119.85071890385007,4.795669319006265,5.360646254004678,0.9357111819990678,11.266363585993531,4.762399372004438,142.20906621584436,146.97150861685805
req_01434,ieee-activation-6c14ba67edf54cc9b80193ddbf12449f,1465.029727935791,1594.2622294920002,120.12329329521162,4.366566661992692,0.12107521301368251,1.2717669639969245,2.313879031993565,1.0359203900006833,128.19655872321164,129.23250155620917
req_01435,ieee-activation-59da24158a1045ee92d55d692e9c3b84,1465.089599609375,1594.603492374008,120.06389416161983,3.6842856430012034,0.027256949004367925,5.557505293996655,0.10391897600493394,0.07703174100606702,129.43684896362538,129.51389276463306
req_01436,ieee-activation-942891bfbe6347b2a3a855d442302144,1465.3858966827393,1611.8185850790032,119.7676636492688,4.426278632992762,0.35494072499568574,6.387657704006415,10.85839834700164,4.6377493379986845,141.79493106226437,146.43268839626398
req_01437,ieee-activation-6c14ba67edf54cc9b80193ddbf12449f,1466.5001602172852,1594.263030475995,118.92587999971875,3.861924390992499,0.16962724200857338,1.321576140995603,2.4465983970003435,1.0372640879941173,126.72557487571612,127.76287025870988
req_01438,ieee-activation-942891bfbe6347b2a3a855d442302144,1467.2428398132324,1631.1897992830054,118.18383706377062,4.6604206600022735,34.91566540299391,1.6765317219978897,0.11695038300240412,4.3935542380058905,159.55339018176892,163.946959469773
req_01439,ieee-activation-942891bfbe6347b2a3a855d442302144,1467.7454719543457,1611.8090851970046,117.68133130365459,3.800850617000833,4.9677590020000935,4.897769208997488,8.08786639200116,4.62803671900474,139.43556765765243,144.0636132426589
req_01440,ieee-activation-942891bfbe6347b2a3a855d442302144,1468.769905090332,1594.1806249299989,116.94153744066716,4.030695456007379,0.4386460199893918,2.8329885999992257,0.30305474300985225,0.8637975799938431,124.54687262266816,125.41071983966685
req_01441,ieee-activation-59da24158a1045ee92d55d692e9c3b84,1473.5365867614746,1626.4890446799982,112.60186128552596,20.822317850004765,10.030970823994721,1.5981702849967405,6.553692529007094,1.3454451449943008,151.60697073453048,152.95245791852358
req_01442,ieee-activation-8411c4186c2c42b492909f7cff30a66f,1473.537633895874,1612.7762034299958,112.73923866912082,20.75127356000303,0.005206390997045673,2.1139199700119207,0.3097908139898209,3.319140129999141,135.91941233912075,139.23856953412178
req_01443,ieee-activation-59da24158a1045ee92d55d692e9c3b84,1473.5645790100098,1613.644584121008,112.71252039699175,20.74964586600254,0.005796404991997406,2.7953547810029704,2.1568510299985064,1.6598366320104105,138.4201566369884,140.08000511099817
req_01444,ieee-activation-6c14ba67edf54cc9b80193ddbf12449f,1473.5735874176025,1625.9766798530036,112.70377511839615,20.596425834999536,10.117950765008572,1.6169287999946391,6.535532398993382,0.8324795180087676,151.57060093738255,152.40309243540105
req_01445,ieee-activation-8411c4186c2c42b492909f7cff30a66f,1473.7414836883545,1616.9882168510085,114.15410849564068,19.13445828600379,0.005785478002508171,6.194163747000857,0.41543888799787965,3.34277826800826,139.90389352463535,143.24673316265398
req_01446,ieee-activation-8411c4186c2c42b492909f7cff30a66f,1473.7472839355469,1613.5750499440037,114.14879918245424,19.13551708900195,0.07250227899930906,2.3242724299925612,1.794325408001896,2.352349620006862,137.47539127744676,139.82776600845682
req_01447,ieee-activation-942891bfbe6347b2a3a855d442302144,1473.747875213623,1624.935894373004,114.69905842137814,18.404565176999313,8.434557051994489,0.2130489090050105,1.618936348007992,7.8178532519959845,143.3701292843907,151.18801915938093
req_01448,ieee-activation-6c14ba67edf54cc9b80193ddbf12449f,1474.536907196045,1624.9982316270034,114.3003647049627,18.262497377989348,5.829485749010928,3.183209391994751,0.9118527090031421,7.973914497997612,142.48737677096506,150.46132443095848
req_01449,ieee-activation-59da24158a1045ee92d55d692e9c3b84,1475.0268840789795,1633.1605424870068,114.63478030802798,17.50053247199685,23.832611498000915,0.8345980739977676,0.32913410299806856,1.0020019530056743,157.13163469803112,158.13365840802726
req_01450,ieee-activation-8411c4186c2c42b492909f7cff30a66f,1475.0274753570557,1613.5767746909987,114.77490226994269,17.222273798004608,0.00652274300227873,2.248027606998221,0.24934549299359787,4.048227423001663,134.50104083493352,138.54929933394305
req_01451,ieee-activation-59da24158a1045ee92d55d692e9c3b84,1476.655891418457,1617.1968512409949,113.1497775545431,17.275004559007357,6.13001377999899,0.6910546989965951,0.10415787699457724,3.1909513529972173,137.34997984454094,140.54095982253784
req_01452,ieee-activation-6c14ba67edf54cc9b80193ddbf12449f,1476.8597164154053,1631.2464618550002,113.39467597659677,14.995710433999193,19.777527619997272,1.3515807380026672,0.1916545970016159,4.67559607399744,149.71113047159452,154.38674543959496
req_01453,ieee-activation-942891bfbe6347b2a3a855d442302144,1476.8884677886963,1742.427867381004,116.3366111593059,13.997443875006866,119.62624824399245,7.829402350005694,6.084394042991335,1.6652999210054986,263.8740715722961,265.53939959230775
req_01454,ieee-activation-6c14ba67edf54cc9b80193ddbf12449f,1478.2576751708984,1613.9940425240056,114.96757055009948,14.95083967600658,1.3002010689961025,1.2228449270041892,1.4450343959906604,1.8498767350101843,133.88647631809,135.7363673531072
req_01455,ieee-activation-6c14ba67edf54cc9b80193ddbf12449f,1478.7357635498047,1631.2456115460081,114.48960598419944,13.916104053001618,18.768609829989146,0.2760156140138861,0.3854689279978629,4.674043587001506,147.83579351419758,152.50984799620346
req_01456,ieee-activation-6c14ba67edf54cc9b80193ddbf12449f,1478.747667312622,1624.9881568109995,115.29082539537922,14.950468588998774,0.4884957799949916,5.597270270009176,1.9491542299947469,7.9642752340005245,138.27618270437233,146.24048949837743
req_01457,ieee-activation-59da24158a1045ee92d55d692e9c3b84,1479.590187072754,1632.1571602339973,114.60152887224103,12.92765328900714,19.085464062998653,2.310019997006748,2.4935014200018486,1.1488055199879454,151.41813472325157,152.56697316124337
req_01458,ieee-activation-942891bfbe6347b2a3a855d442302144,1480.2586116790771,1626.5686091550015,114.1432787279191,12.354135294008302,6.4158525969978655,6.437035723996814,5.535038860005443,1.424656272996799,144.8853173109237,146.30999747592432
req_01459,ieee-activation-942891bfbe6347b2a3a855d442302144,1482.2946109771729,1649.6032790250028,112.10753918283444,12.82011657799012,26.475364534999244,4.488937575006275,2.2664730959950248,9.150237081004889,158.1584213998285,167.30866804783
req_01460,ieee-activation-59da24158a1045ee92d55d692e9c3b84,1484.6388187408447,1618.1206970589992,109.96089992015914,12.933073246997083,1.7774327259976417,7.202461654000217,0.5909554880054202,1.0170552829949884,132.4647768681607,133.4818783181545
req_01461,ieee-activation-59da24158a1045ee92d55d692e9c3b84,1485.0333938598633,1618.1221284159983,109.57067307413672,13.9324747720093,1.0451357569982065,6.931008824991295,0.5906071060016984,1.018835021997802,132.06986531213624,133.08873455613502
req_01462,ieee-activation-59da24158a1045ee92d55d692e9c3b84,1485.1777954101562,1672.4140522130037,109.42872831685236,13.629231087994413,56.16159400600009,1.5714222679962404,5.274691112004803,1.1705900119995931,186.06563223685953,187.2362568028475
req_01463,ieee-activation-942891bfbe6347b2a3a855d442302144,1486.0833549499512,1653.877666978995,121.44890118505282,26.285974685000838,0.9065413229982369,7.123910012000124,6.0840678609965835,5.944916962995194,161.84935621505429,167.7943120290438
req_01464,ieee-activation-942891bfbe6347b2a3a855d442302144,1486.3819789886475,1649.6043541510007,122.17524575736024,26.76010469799803,0.4207888489909237,1.6722352270007832,3.0423160520003876,9.151684579002904,154.07066187735472,163.22237516235327
req_01465,ieee-activation-942891bfbe6347b2a3a855d442302144,1486.809226989746,1653.8816989159968,124.41305879925494,23.063423337007407,0.4397354609973263,7.123237567997421,6.0879850199999055,5.945031740993727,161.1274203412613,167.07247192625073
req_01466,ieee-activation-8411c4186c2c42b492909f7cff30a66f,1488.796298980713,1648.2495071900048,122.94483935828612,21.759600642006262,1.874484191997908,2.530603072998929,2.5474599640001543,7.796220980002545,151.6569615562912,159.45320820929192
req_01467,ieee-activation-942891bfbe6347b2a3a855d442302144,1489.6737384796143,1653.8766676910018,122.31035508039349,27.743745232990477,0.08025763800833374,3.6242657819966553,4.500932486000238,5.943372991998331,158.25953737339296,164.20292921138753
req_01468,ieee-activation-6c14ba67edf54cc9b80193ddbf12449f,1493.1102981567383,1683.177111551995,118.87394430727,21.52183051299653,39.070287198992446,3.2523912449978525,4.6052033550076885,2.7431567759922473,187.32364633526595,190.06681339525676
req_01469,ieee-activation-8411c4186c2c42b492909f7cff30a66f,1493.7042255401611,1671.8469082579977,118.4367726528435,42.80770901800133,9.55128685598902,3.199201168012223,3.466921729996102,0.6807912929943996,177.4618718818383,178.14268271783658
req_01470,ieee-activation-942891bfbe6347b2a3a855d442302144,1493.7259368896484,1671.1066700500087,119.07813981335494,42.15110872199875,0.07037298599607311,5.698424325004453,2.918751709992648,7.463935604013386,169.916747645344,177.38073316036025
req_01471,ieee-activation-942891bfbe6347b2a3a855d442302144,1494.599687576294,1653.8784309309995,118.97649260370235,24.612212906009518,0.09427713399054483,5.191329701003269,4.459036718995776,5.94539429100405,153.3333285786939,159.2787433547055
req_01472,ieee-activation-8411c4186c2c42b492909f7cff30a66f,1496.768793106079,1649.6646800970047,116.89296023492352,21.106844473004458,0.9175343440001598,4.557564374990761,0.23201637499732897,9.188967189009418,143.70689947491337,152.89588699092565
req_01473,ieee-activation-59da24158a1045ee92d55d692e9c3b84,1498.9629764556885,1654.8556016640068,114.69909697731782,19.842414774000645,1.6487383819912793,6.7807640450046165,5.9983557020023,6.923255328001687,148.96935664731427,155.89262520831835
req_01474,ieee-activation-6c14ba67edf54cc9b80193ddbf12449f,1499.4515190124512,1664.4844133000006,114.54386063355196,19.92613435999374,22.315090390009573,2.591768187994603,4.710545266003464,0.9454954499960877,164.08735283155693,165.03289428754942
req_01475,ieee-activation-942891bfbe6347b2a3a855d442302144,1501.0878868103027,1670.8951673819975,115.93555597370141,21.103916509004193,18.09982946398668,5.472813456013682,1.9423890899925027,7.2527760789962485,162.5544671917014,169.80728057169472
req_01476,ieee-activation-6c14ba67edf54cc9b80193ddbf12449f,1501.9146537780762,1671.1056685479998,115.28304820891935,20.906927410003846,20.518689575997996,1.8061470710090362,3.2151253009942593,7.4610772029991494,161.72989909991156,169.19101476992364
req_01477,ieee-activation-8411c4186c2c42b492909f7cff30a66f,1506.6482543945312,1649.680836088999,111.47356333846983,16.166044626006624,1.0883692509960383,4.856364068997209,0.24280056200223044,9.205439847995876,133.8271076974779,143.0325816944678
req_01478,ieee-activation-8411c4186c2c42b492909f7cff30a66f,1506.726942062378,1649.5421056260093,117.84129369961738,12.34273888800817,0.046962153995991684,2.4289125409995904,1.0767052070004866,9.078551074009738,133.73656057260814,142.81516356363136
req_01479,ieee-activation-6c14ba67edf54cc9b80193ddbf12449f,1507.0339431762695,1670.9500284120004,118.00293067273742,14.911137853996479,17.251949928002432,3.2687185279937694,3.174323177008773,7.307025075991987,156.60904008774378,163.91608523573086
req_01480,ieee-activation-8411c4186c2c42b492909f7cff30a66f,1507.8995990753174,1656.1967432780075,117.1373851516837,10.246582148000016,19.396423337995657,0.21994589100359008,0.1932029860035982,1.1036046880035428,147.19352722069016,148.2971442026901
req_01481,ieee-activation-59da24158a1045ee92d55d692e9c3b84,1508.5853748321533,1671.3033563659992,116.45166977985355,10.279956182988826,19.033422669002903,4.408680198001093,4.779094608005835,7.765158095993684,154.95281178185542,162.7179815338459
req_01482,ieee-activation-8411c4186c2c42b492909f7cff30a66f,1510.478183746338,1654.9558685660013,115.20215558067139,8.512448458990548,13.719844970997656,4.0255113640014315,1.8326439800002845,1.1850804650021018,143.29258294966712,144.4776848196634
req_01483,ieee-activation-6c14ba67edf54cc9b80193ddbf12449f,1516.502950668335,1649.6631865870004,109.47419099866238,11.841051796000102,0.07585577500867657,2.2084029209945584,0.3908202029997483,9.169914224999957,123.99030206666794,133.16023591866542
req_01484,ieee-activation-6c14ba67edf54cc9b80193ddbf12449f,1516.733341217041,1672.227272493008,109.8364390009665,11.649187329996494,26.40871377500298,3.7452351409883704,2.7939620400138665,1.0603939889988396,154.43349040397152,155.49393127596704
req_01485,ieee-activation-6c14ba67edf54cc9b80193ddbf12449f,1517.2678470611572,1653.8281559390016,109.30236352284555,13.245913082995685,0.09031724200758617,3.393164145993069,4.636719842004823,5.891831041997648,130.66845228984312,136.56030887784436
req_01486,ieee-activation-59da24158a1045ee92d55d692e9c3b84,1517.7352695465088,1655.5042625880014,113.38172875948658,3.107994073012378,13.698289765990921,2.3631553330051247,3.485340104001807,1.7324850059958408,136.03645966449403,137.76899304149265
req_01487,ieee-activation-6c14ba67edf54cc9b80193ddbf12449f,1518.7119827270508,1664.4858312959987,112.47883771495253,8.71813053599908,15.054096213003504,4.112148628002615,4.463382900998113,0.9472525759920245,144.8265471739578,145.77384856894787
req_01488,ieee-activation-59da24158a1045ee92d55d692e9c3b84,1520.0989513397217,1671.6592485790025,111.15140631128452,3.599022630995023,21.634329627006082,5.763731518993154,1.4393127509974875,7.972494400004507,143.58775853128463,151.56029723928077
req_01489,ieee-activation-59da24158a1045ee92d55d692e9c3b84,1520.1976623535156,1698.251575155009,111.05310796148842,5.702333035995252,47.2596259599959,4.101804741003434,5.799076795010478,4.137964307999937,173.9159239074943,178.05391280149342
req_01490,ieee-activation-59da24158a1045ee92d55d692e9c3b84,1520.5184154510498,1850.7161450760032,111.63965431395627,3.0170814629964298,211.64232938099303,2.317042170005152,0.4946474979951745,1.0869747990072938,329.1107142429537,330.19772962495335
req_01491,ieee-activation-942891bfbe6347b2a3a855d442302144,1524.0408325195312,1658.469406062999,109.1209437254729,21.302567328995792,0.5576791009953013,1.7026595560018905,0.22345564000715967,1.52126819199475,132.90726110748074,134.4285735434678
req_01492,ieee-activation-8411c4186c2c42b492909f7cff30a66f,1524.9629364013672,1657.8299164820055,123.38333833264187,6.607876476991805,0.005618470007902943,1.277631079996354,0.05993822299933527,1.5325774980010465,131.33437133164261,132.8669800806383
req_01493,ieee-activation-8411c4186c2c42b492909f7cff30a66f,1525.7585754394531,1681.9137419769977,123.92085644254985,23.656770588000654,2.114206958998693,3.7753274040005635,1.5122728720016312,1.1757322719931835,154.97941696355701,156.15516653754457
req_01494,ieee-activation-8411c4186c2c42b492909f7cff30a66f,1528.586935043335,1682.098023672006,121.09270602166362,28.409038117009914,0.017358974990202114,1.8493336770043243,0.9276080319978064,1.2150438060052693,152.29602998566406,153.51108862867113
req_01495,ieee-activation-8411c4186c2c42b492909f7cff30a66f,1528.9236145019531,1685.2837583680084,120.75611460304935,28.392692431996693,0.033744940999895334,5.513490394005203,0.2692246079968754,1.3948768880072748,154.96525568404468,156.3601438660553
req_01496,ieee-activation-942891bfbe6347b2a3a855d442302144,1529.5085430145264,1683.7988265599997,120.17129694946925,26.902945808004006,0.01894054200965911,3.0916503119951813,1.1900393520045327,2.9154105819907272,151.37486204647576,154.29028354547336
req_01497,ieee-activation-6c14ba67edf54cc9b80193ddbf12449f,1529.521245956421,1975.8766297679977,320.55283763058833,2.758575251995353,104.15142671400099,9.975587567998446,7.336562116004643,1.5803945309889968,444.7749683035945,446.35538381157676
req_01498,ieee-activation-6c14ba67edf54cc9b80193ddbf12449f,1530.7069644927979,1791.4514979250089,119.17699601920322,23.038336858007824,99.50327666799421,2.4638813640049193,0.09244520698848646,16.46959731601237,244.27491148420086,260.744533432211
req_01499,ieee-activation-942891bfbe6347b2a3a855d442302144,1530.7587490081787,1683.1146844470059,123.12110290183045,22.706289160996675,0.016498568991664797,1.527671846008161,2.7521621199994115,2.2322108410007786,150.12366830583778,152.35593543882715
req_01500,ieee-activation-59da24158a1045ee92d55d692e9c3b84,1532.4820041656494,1705.1483695829957,121.39815859035298,26.701525769996806,16.8846865480009,4.997246141996584,0.9527428540022811,1.7320055129966931,170.93433446035488,172.66636541734624
req_01501,ieee-activation-6c14ba67edf54cc9b80193ddbf12449f,1534.064796447754,1742.0327398980007,119.81550977025472,19.040993620990776,56.88677970600838,1.3698114289873047,0.37794134400610346,10.476907579999533,197.49101330924896,207.96794345024682
req_01502,ieee-activation-6c14ba67edf54cc9b80193ddbf12449f,1534.9175567626953,1704.2699170349952,118.96299352530332,22.50917079699866,17.724310322009842,2.4570459599926835,1.611257876997115,6.087581790998229,163.2647532842966,169.35236027229985
req_01503,ieee-activation-8411c4186c2c42b492909f7cff30a66f,1537.1709957122803,1685.3577388370031,116.71554929972626,26.09714347499539,0.0851108619972365,3.535596290996182,0.2841669390036259,1.469176258004154,146.71753014271962,148.18674312472285
req_01504,ieee-activation-942891bfbe6347b2a3a855d442302144,1537.8150844573975,1773.1852424280078,117.04171636060346,18.001364156996715,98.12060741100868,1.9084408829949098,0.13714022700150963,0.16088893200503662,235.20922661860823,235.3701579706103
req_01505,ieee-activation-942891bfbe6347b2a3a855d442302144,1539.6518287658691,1730.1210808690084,115.38325977613567,17.765607421999448,46.92356313599157,3.761030940004275,3.381374856995535,3.2544159720127936,187.21481239012792,190.4692521031393
req_01506,ieee-activation-942891bfbe6347b2a3a855d442302144,1539.9588356018066,1684.9420421139948,115.54587775819527,21.076746035003453,0.018880021991208196,4.729613112009247,0.44381316799263004,3.1682764169963775,141.81489991219132,144.9832065121882
req_01507,ieee-activation-942891bfbe6347b2a3a855d442302144,1541.1921882629395,1720.0716218809976,115.00512005705968,16.719963882002048,32.12722199100244,3.1062661320029292,11.002347847999772,0.9185137079912238,177.96090008805913,178.8794336180581
req_01508,ieee-activation-942891bfbe6347b2a3a855d442302144,1543.3874988555908,1698.308293451002,114.44313496240648,18.688144977000775,8.923702190004406,1.3257186139962869,7.373227778007276,4.1668660739960615,150.75389789641486,154.92079459541128
req_01509,ieee-activation-6c14ba67edf54cc9b80193ddbf12449f,1543.4512023925781,1700.5181805979955,115.0192602124298,16.768825330989785,9.136169392004376,5.083997455003555,4.678117602990824,6.380608211999061,150.68629640241852,157.0669782054174
req_01510,ieee-activation-6c14ba67edf54cc9b80193ddbf12449f,1543.9050750732422,1731.1395258690027,120.5813032577571,8.373138629001915,48.56353990500793,2.225721564987907,3.218249141005799,4.272498297999846,182.96189920375764,187.2344507957605
req_01511,ieee-activation-6c14ba67edf54cc9b80193ddbf12449f,1545.9536113739014,1791.7098556740093,118.53314735110325,8.434063872991828,101.30310033400019,1.7254063280124683,3.754353826996521,12.006172587003675,233.75003685610136,245.75624430010794
req_01512,ieee-activation-8411c4186c2c42b492909f7cff30a66f,1546.5553398132324,1921.275521071002,336.80843496676243,20.515841757005546,0.0456554859993048,6.16921763800201,9.653398590002325,1.5276328199979616,373.1925194677606,374.7201812577696
req_01513,ieee-activation-6c14ba67edf54cc9b80193ddbf12449f,1549.4614353179932,1936.2162340259965,334.2787948940095,20.950327819999075,20.699329191003926,6.720985263993498,2.0901275600044755,2.01523397899291,384.73952895500406,386.75479870800336
req_01514,ieee-activation-8411c4186c2c42b492909f7cff30a66f,1550.4885540008545,1694.604007493006,120.67683281314385,8.648663015002967,3.5182801189948805,1.9851977710059145,8.796494270005496,0.48998550399846863,143.62544482015073,144.11545349215157
req_01515,ieee-activation-8411c4186c2c42b492909f7cff30a66f,1550.9707527160645,1681.9142477029964,120.19503577394062,5.418171116994927,0.025838677000137977,0.4709358840045752,3.8019956880016252,1.0315178469900275,129.9119635129464,130.9434949869319
req_01516,ieee-activation-6c14ba67edf54cc9b80193ddbf12449f,1551.1708087921143,1754.549795087005,120.13999567588326,3.9954603210062487,75.178261234003,2.3569289589941036,0.1630711610050639,1.5452689439989626,201.8336787938897,203.37898629489064
req_01517,ieee-activation-59da24158a1045ee92d55d692e9c3b84,1551.1786880493164,1720.5651508919982,120.48154095768405,10.5642933229974,25.076179930008948,0.2698912319901865,11.680285234004259,1.3142721659969538,168.0721572746843,169.3864628426818
req_01518,ieee-activation-59da24158a1045ee92d55d692e9c3b84,1551.261703491211,1730.1889570900094,120.58589272179233,9.523551613994641,39.2705466250045,2.5189262500061886,3.7057000459899427,3.32263634201081,175.60459385078866,178.92725359879842
req_01519,ieee-activation-8411c4186c2c42b492909f7cff30a66f,1552.5251998901367,1681.9150322360074,119.7108426388586,4.349060953012668,0.024787795991869643,1.8497224480088335,2.42358524199517,1.0318332680035383,128.35795548986061,129.38983234587067
req_01520,ieee-activation-59da24158a1045ee92d55d692e9c3b84,1553.1642723083496,1791.4559835149994,119.2503395746462,9.049723490999895,93.05161938100355,4.331327184001566,0.85953984700609,11.749161728992476,226.54252401065605,238.29171120664978
req_01521,ieee-activation-8411c4186c2c42b492909f7cff30a66f,1555.000072479248,1742.7290884440008,127.0083154237509,50.19854064899846,1.0581633000110742,3.9145943299954524,3.9381445860053645,1.61125767599151,186.11772349376406,187.72901596475276
req_01522,ieee-activation-8411c4186c2c42b492909f7cff30a66f,1555.2355861663818,1742.6593409380002,126.77306820561353,49.38430223301111,1.5655173799896147,1.1007272730057593,7.058381901995745,1.5417577780026477,185.88197642361047,187.4237547716184
req_01523,ieee-activation-6c14ba67edf54cc9b80193ddbf12449f,1555.6255779266357,1745.7862221789983,126.38316775536805,50.9396339369996,0.12666370699298568,0.9653037430107361,7.0782938659976935,4.667581243993482,185.49305324436864,190.16064425236254
req_01524,ieee-activation-8411c4186c2c42b492909f7cff30a66f,1555.7330513000488,1742.7264118370076,126.27577879095043,49.06770926200261,1.8818059140030527,1.1565059319982538,7.160462159998133,1.4510984780063154,185.54225519295142,186.9933605369588
req_01525,ieee-activation-942891bfbe6347b2a3a855d442302144,1555.7511005401611,1779.5038852480066,126.36091141683573,50.095625272006146,40.75058596399322,1.988075678003952,0.03592850900895428,4.521657867997419,219.2310965048382,223.75278470784542
req_01526,ieee-activation-942891bfbe6347b2a3a855d442302144,1556.7676219940186,1742.4259291049966,126.3478374399856,47.89498477199231,1.0751991270080907,1.7686765539983753,6.907802660003654,1.6638065579900285,183.99445497599663,185.65830711097806
req_01527,ieee-activation-8411c4186c2c42b492909f7cff30a66f,1557.5569648742676,1771.9556689610035,125.84667693673691,47.991170893001254,40.087241421002545,0.21890729299047962,0.15063075700891204,0.10407678599585779,214.29460606774956,214.39870408673596
req_01528,ieee-activation-6c14ba67edf54cc9b80193ddbf12449f,1557.8814296722412,1746.2182682630082,125.92551709375402,49.08029233900015,0.1876563240075484,0.9654516400041757,7.235400385994581,4.94252080800652,183.39427287275612,188.336838590767
req_01529,ieee-activation-6c14ba67edf54cc9b80193ddbf12449f,1558.6322059631348,1746.2172237220075,126.31729559486848,54.86488676199224,0.08663365300162695,0.817108533999999,0.6255325570091372,4.8735606580012245,182.71142997987045,187.5850177588727
req_01530,ieee-activation-8411c4186c2c42b492909f7cff30a66f,1558.7453174591064,1742.658013527005,134.63772501290077,39.564129674996366,0.6213252900051884,1.2235330029943725,6.324973412993131,1.5410096740088193,182.37164171089535,183.91269606789865
req_01531,ieee-activation-8411c4186c2c42b492909f7cff30a66f,1558.7655982971191,1751.139793416005,134.6177138748899,38.82220703100029,10.455483001991524,0.47101657500024885,6.126480225997511,1.881294410006376,190.4928888798895,192.37419511888584
req_01532,ieee-activation-8411c4186c2c42b492909f7cff30a66f,1559.4931507110596,1742.7214919060061,135.11210090093664,37.396253220998915,1.2634661450138083,4.367313328999444,3.4850444240000797,1.604163174997666,181.6241598349443,183.22834119494655
req_01533,ieee-activation-942891bfbe6347b2a3a855d442302144,1560.4870796203613,1743.3029072060017,137.76521478564246,34.1790481210046,0.02021161199081689,1.5148365759960143,7.1516792780021206,2.184837213004357,180.63094676563924,182.81582758564036
req_01534,ieee-activation-942891bfbe6347b2a3a855d442302144,1561.8365898132324,1751.340971055004,136.47243644777336,33.80388695799047,10.639025346012204,2.1472157619864447,4.467877964008949,1.973938764000195,187.53040478177718,189.50438124177163
req_01535,ieee-activation-59da24158a1045ee92d55d692e9c3b84,1562.3047351837158,1742.8166232020012,139.10100480628898,29.927246831997763,0.6539130129967816,1.8898787220095983,6.886517880993779,2.0533267639984842,178.45853925528354,180.5118880182854
req_01536,ieee-activation-8411c4186c2c42b492909f7cff30a66f,1562.547960281372,1763.7019351970084,141.7234617236245,35.54108085500775,10.641322009993019,5.294319847002043,6.822765083008562,1.131025397000485,200.0229163296317,201.15397491563635
req_01537,ieee-activation-59da24158a1045ee92d55d692e9c3b84,1564.193078994751,1742.8026696690067,140.97166915224807,27.181464369001333,0.018731374002527446,4.6611483879969455,4.092227044995525,1.6843503460113425,176.9251999612461,178.60959067425574
req_01538,ieee-activation-59da24158a1045ee92d55d692e9c3b84,1566.606086730957,1764.3898412270064,153.46631879404595,12.357499085992458,19.359529141001985,3.73674197201035,7.041540095990058,1.8221254070085706,195.9615876180469,197.78375449604937
req_01539,ieee-activation-942891bfbe6347b2a3a855d442302144,1566.6379985809326,1742.4265437550057,153.94241059907654,11.62541452399455,0.03710157600289676,3.0820557989936788,5.437954338005511,1.6636083379999036,174.12490597408032,175.78854517407308
req_01540,ieee-activation-59da24158a1045ee92d55d692e9c3b84,1567.8043899536133,1772.2269193690008,152.77620379038854,11.442234350994113,31.602215479011647,3.2887730069924146,4.08874144400761,1.2243613439932233,203.1981557183899,204.42252941538754
req_01541,ieee-activation-6c14ba67edf54cc9b80193ddbf12449f,1568.2041339874268,1764.1052129809977,161.91798107557406,13.293170150995138,11.430003687011776,4.091481990995817,3.8771463059965754,1.2912957829976222,194.60974286256533,195.901078993571
req_01542,ieee-activation-942891bfbe6347b2a3a855d442302144,1568.4595890045166,1763.3460111349996,161.74685401948227,10.81101775499701,10.583427778008627,3.6708489549928345,7.298941145010758,0.7753324779914692,194.1110340784944,194.88642213048297
req_01543,ieee-activation-59da24158a1045ee92d55d692e9c3b84,1568.8799266815186,1752.3778044649953,161.32668276848563,2.7427384909969987,12.92961136699887,0.27802900300594047,3.6081411600025604,2.6126749939867295,180.8851837284892,183.49787778347672
req_01544,ieee-activation-59da24158a1045ee92d55d692e9c3b84,1570.7447109222412,1818.6352926940017,160.5317443857639,8.914922875992488,61.46942182100611,4.882572556991363,10.081320335011696,2.0105997969949385,245.87989283676143,247.89058177176048
req_01545,ieee-activation-8411c4186c2c42b492909f7cff30a66f,1571.8066864013672,1817.6201069130038,170.22960624663392,10.014827296006843,44.66572805598844,5.961451089009643,13.556441103995894,1.3853667200019117,244.42801478762703,245.81342051163665
req_01546,ieee-activation-6c14ba67edf54cc9b80193ddbf12449f,1574.6622047424316,1763.7854303490021,167.86532961956982,9.778024618994095,0.4725052130088443,3.2397071119921748,6.552651357007562,1.215007685997989,187.90819429256953,189.1232256065705
req_01547,ieee-activation-8411c4186c2c42b492909f7cff30a66f,1574.6742763519287,1816.7477148489997,167.85460577107733,10.472460242992383,46.21419982799853,1.9671384740067879,0.043810097995446995,15.521224083000561,226.55219306607614,242.07343849707104
req_01548,ieee-activation-8411c4186c2c42b492909f7cff30a66f,1574.943109512329,1817.6166251100076,167.58588670167956,10.23407634999603,47.50708559399936,5.637925048999023,10.698914031003369,1.009627872001147,241.66387824669073,242.6735155976785
req_01549,ieee-activation-6c14ba67edf54cc9b80193ddbf12449f,1576.9536533355713,1764.3340134800092,165.71046157943783,9.388626134998049,0.7252111830021022,3.670849920992623,6.119686411999282,1.7655249140079832,185.61481626343448,187.38036014443787
req_01550,ieee-activation-942891bfbe6347b2a3a855d442302144,1576.9953956604004,1818.1291141609981,165.66915147259715,33.32256153100752,24.29327686400211,3.4439822959975572,12.88228054800129,1.5224657889921218,239.61124204960652,241.13371850059775
req_01551,ieee-activation-6c14ba67edf54cc9b80193ddbf12449f,1577.3927001953125,1764.3331567050045,165.33554516469303,9.736714699000004,0.3131547520024469,3.4730787679873174,6.317011407008977,1.764951719000237,185.17548036768858,186.940456509692
req_01552,ieee-activation-942891bfbe6347b2a3a855d442302144,1578.1116847991943,1762.2729633990093,164.61719595881004,9.177059951995034,0.31395573800546117,1.4191748259909218,0.07370277300651651,8.560189352007,175.601076723804,184.16127859981498
req_01553,ieee-activation-8411c4186c2c42b492909f7cff30a66f,1579.568187713623,1763.6967018690048,163.25250751138083,9.483060529993963,0.6403956770082004,2.9736242279905127,6.651417319008033,1.127508890000172,183.0009724253905,184.1285141553817
req_01554,ieee-activation-8411c4186c2c42b492909f7cff30a66f,1580.5263805389404,1763.698956702996,162.29489346906485,9.485833578000893,0.637192595997476,3.098849354995764,6.527982081999653,1.1278250839968678,182.04472850105958,183.1725761640555
req_01555,ieee-activation-942891bfbe6347b2a3a855d442302144,1583.8290519714355,1763.3451024100068,158.9923976755672,9.485118942000554,0.012804846002836712,4.85252823898918,5.396836746003828,0.7763639900076669,178.7396462225588,179.51605043857126
req_01556,ieee-activation-6c14ba67edf54cc9b80193ddbf12449f,1584.1745624542236,1764.106045419001,159.30449193577806,7.869760544999735,0.672137343994109,3.029474608003511,7.518533706010203,1.5370848259917693,178.3943701567914,179.9314829647774
req_01557,ieee-activation-8411c4186c2c42b492909f7cff30a66f,1586.7629699707031,1792.1090906589961,159.45330113229284,29.207620644010603,1.1254806450015167,4.371638406999409,10.638958862997242,0.5491209969914053,204.79697121029312,205.346120688293
req_01558,ieee-activation-942891bfbe6347b2a3a855d442302144,1587.4453620910645,1800.5993355090031,161.81409505094052,42.13017238899192,2.861021486009122,5.922695736997412,0.08472887199604884,0.3412598830036586,212.81267999693227,213.1539734179387
req_01559,ieee-activation-942891bfbe6347b2a3a855d442302144,1589.3650665283203,1842.6187144680007,159.89453400568163,66.43127366699628,24.38315926300129,1.7306050879997201,0.19250128000567202,0.6215746359957848,252.63205959668267,253.25364793968038
req_01560,ieee-activation-942891bfbe6347b2a3a855d442302144,1590.5300121307373,1793.582323145005,160.61377342625929,29.554922551003983,0.5900736970070284,0.7687179649947211,9.631057652004529,1.8937657229980687,201.1585171022598,203.05231101426762
req_01561,ieee-activation-942891bfbe6347b2a3a855d442302144,1590.9130039215088,1797.7249943460047,160.4340903144912,39.92382991799968,0.07060179000836797,3.371525978000136,2.0494719769922085,0.9624704470043071,205.84946262348967,206.8119904244959
req_01562,ieee-activation-942891bfbe6347b2a3a855d442302144,1591.1158599853516,1793.581399681003,161.26311249265564,27.126779516998795,0.005590418993961066,5.499969601005432,6.548048235999886,2.022039429997676,200.44344790065952,202.4655396956514
req_01563,ieee-activation-942891bfbe6347b2a3a855d442302144,1592.6057872772217,1831.414972255996,161.9540134437848,61.33636054699309,5.996340045996476,4.052942176000215,2.169060188010917,3.300468577988795,235.50868650278426,238.80918497877428
req_01564,ieee-activation-942891bfbe6347b2a3a855d442302144,1593.3008422851562,1793.5870543339988,169.26860481484619,17.87098225900263,0.8480704910034547,1.4072466749930754,8.995333341998048,1.8959744669991778,198.39021827884426,200.28621204884257
req_01565,ieee-activation-8411c4186c2c42b492909f7cff30a66f,1593.361307144165,1792.106632495008,169.98537122784182,15.652168339991476,0.08723018800083082,4.33595166199666,8.137005967000732,0.5475979660113808,198.19768613883934,198.7453253508429
req_01566,ieee-activation-942891bfbe6347b2a3a855d442302144,1594.1963062286377,1821.8723168760043,169.15058382836287,53.33397259999765,0.7656971940014046,1.0070108060026541,0.09986339700117242,3.3188828220008872,224.35710711136926,227.67601064736664
req_01567,ieee-activation-59da24158a1045ee92d55d692e9c3b84,1594.3592014312744,1841.8510123500018,169.3394883807341,52.084379477993934,15.777783290002844,1.8968351950024953,7.075592467997922,1.317732106996118,246.1740434037347,247.49181091872742
req_01568,ieee-activation-8411c4186c2c42b492909f7cff30a66f,1596.205904006958,1792.1081793290068,167.499829108041,15.733427981002023,0.018114175007212907,2.194647920987336,9.906831153013627,0.5494249839975964,195.35281772105373,195.9022753220488
req_01569,ieee-activation-6c14ba67edf54cc9b80193ddbf12449f,1599.2432956695557,1851.949283762995,164.46281604144315,37.794468277003034,44.68479953400674,4.363934548993711,0.3844743350055069,1.0154953569872305,251.6904763084458,252.70598809343937
req_01570,ieee-activation-8411c4186c2c42b492909f7cff30a66f,1599.3310642242432,1792.1103399270069,164.47782894175907,15.698350053004106,0.07918101199902594,4.218519581991131,7.754644263011869,0.5507518509984948,192.22848152476945,192.7792757027637
req_01571,ieee-activation-8411c4186c2c42b492909f7cff30a66f,1599.728120803833,1818.804550579007,164.37873546316405,51.76494282500062,0.014433546006330289,2.244530775002204,0.40512926399242133,0.2686579020082718,218.8077443181537,219.0764297751739
req_01572,ieee-activation-6c14ba67edf54cc9b80193ddbf12449f,1601.0171279907227,1841.3166625500016,163.09028548428614,52.18386441899929,12.687740644993028,3.8914604500023415,7.6624058239976875,0.7837777370004915,239.51573775228462,240.29953455927898
req_01573,ieee-activation-6c14ba67edf54cc9b80193ddbf12449f,1601.7733516693115,1792.7177402840025,162.61741825968784,27.066539517996716,0.010046954004792497,1.119884262996493,0.09350307000568137,0.036996549999457784,190.90735893369128,190.94438861469098
req_01574,ieee-activation-6c14ba67edf54cc9b80193ddbf12449f,1603.3157272338867,1792.2861527549976,161.07539067610924,15.611396975000389,2.030095911002718,1.6326095100084785,8.023965830987436,0.5969666180026252,188.37343801210227,188.97042552111088
req_01575,ieee-activation-59da24158a1045ee92d55d692e9c3b84,1603.5974712371826,1816.7456021679973,160.79413280682638,15.493718724988867,18.325562309997622,2.2919135190022644,0.10844728400115855,16.134356285998365,197.013748614816,213.14813093081466
req_01576,ieee-activation-8411c4186c2c42b492909f7cff30a66f,1605.9601421356201,1817.640913573996,165.99668436837965,33.52303108100023,0.018833751004422083,0.3268405359995086,10.854958586991415,0.9604231150005944,210.72031817637617,211.6807714383758
req_01577,ieee-activation-59da24158a1045ee92d55d692e9c3b84,1607.0041732788086,1793.4288426529965,165.22348322618927,7.65623840301123,1.037900246999925,1.449902166990796,9.320639502999256,1.736505827997462,184.6881209541898,186.42466937418794
req_01578,ieee-activation-59da24158a1045ee92d55d692e9c3b84,1607.0875091552734,1792.794572757004,166.09854881172942,6.566547189999255,0.5314409179991344,1.7348617240058957,9.671544838987757,1.104120119009167,184.6029085257178,185.70706360173062
req_01579,ieee-activation-6c14ba67edf54cc9b80193ddbf12449f,1608.6638622283936,1828.6239613049984,170.96797938560485,35.96549555500678,8.127731646993198,1.1532438970025396,0.13924714700260665,3.6064014449948445,216.35366963360866,219.96009907660482
req_01580,ieee-activation-59da24158a1045ee92d55d692e9c3b84,1608.6848392486572,1823.8636507010087,182.87336426434922,24.869948002989986,0.17769413501082454,4.241237310998258,1.1916873540030792,1.8248803850001423,213.35391043135314,215.1788114523515
req_01581,ieee-activation-942891bfbe6347b2a3a855d442302144,1609.2579441070557,1823.5327703710063,182.3004667499481,24.31534331799776,0.03924708400154486,3.687405126998783,2.4378345680015627,1.4945294170029229,212.78028809695388,214.27482626395067
req_01582,ieee-activation-8411c4186c2c42b492909f7cff30a66f,1609.3146076202393,1818.803102275997,182.39582584275922,24.040613742996356,0.006570704004843719,2.1482845910068136,0.6269230939942645,0.27027668099617586,209.21819371875608,209.48849465575768
req_01583,ieee-activation-942891bfbe6347b2a3a855d442302144,1610.4453201293945,1818.5652300340007,181.66424562360044,23.643332782012294,0.01017543498892337,0.24936473900743295,0.7322192290012026,1.8205720959958853,206.29931239559664,208.11990990460617
req_01584,ieee-activation-8411c4186c2c42b492909f7cff30a66f,1610.734504699707,1817.6604342060018,181.37540741229896,23.731671468995046,0.044482885001343675,0.7089209830010077,0.1494271010014927,0.9160196559969336,206.00989498929994,206.92592950629478
req_01585,ieee-activation-942891bfbe6347b2a3a855d442302144,1611.4460639953613,1824.5144349140028,180.66409088563523,23.762158146011643,0.04050719099177513,3.6470300200016936,2.4780830039962893,2.476501672004815,210.59185654463363,213.06837091864145
req_01586,ieee-activation-6c14ba67edf54cc9b80193ddbf12449f,1611.9074573516846,1822.2321984059963,180.20569326131954,23.760111969997524,0.19792034500278533,0.615830676004407,1.8461539709969657,3.699030830990523,206.62568798632128,210.32474105431174
req_01587,ieee-activation-6c14ba67edf54cc9b80193ddbf12449f,1613.9583625793457,1821.9678102030011,178.32853613665793,23.556129871998564,0.22780017800687347,0.4096734039922012,0.26362075899669435,5.223687274003169,202.78572699865617,208.00944762365543
req_01588,ieee-activation-59da24158a1045ee92d55d692e9c3b84,1613.9590034484863,1841.1007003950072,178.76088107151736,23.803955932991812,11.488270253001247,1.5379316970065702,2.0723975979926763,9.478260394011158,217.66340349550592,227.14169694652082
req_01589,ieee-activation-6c14ba67edf54cc9b80193ddbf12449f,1614.0148677825928,1821.9526012760034,178.7856273864163,23.07225790299708,0.1983657319942722,0.45072571199852973,0.22326960100326687,5.207487159001175,202.73021098841855,207.93773349341063
req_01590,ieee-activation-59da24158a1045ee92d55d692e9c3b84,1614.2301235198975,1828.0728533810034,179.35572015411162,23.156116583995754,1.0896781799965538,6.481581625994295,0.6133567040087655,3.1462766129989177,210.69642043311615,213.8427298611059
req_01591,ieee-activation-6c14ba67edf54cc9b80193ddbf12449f,1614.2429161071777,1823.5914175500075,179.34338575082074,22.331336472998373,0.15359488100511953,3.537661157999537,2.4295950420055306,1.552928138000425,207.79555203481868,209.34850144282973
req_01592,ieee-activation-59da24158a1045ee92d55d692e9c3b84,1614.6298122406006,1822.2246763360017,178.95688463540864,22.9011913479917,0.11807221100025345,1.7637863650015788,0.18537394699524157,3.6695555890037213,203.92527895441162,207.59486409540114
req_01593,ieee-activation-8411c4186c2c42b492909f7cff30a66f,1614.6671886444092,1831.7406420810003,179.0013563745888,22.248796600004425,8.244717006993596,3.2819868590013357,0.7551234389975434,3.5414731570053846,213.53194859757787,217.07345343659108
req_01594,ieee-activation-6c14ba67edf54cc9b80193ddbf12449f,1615.4105319976807,1840.072803670002,182.31516019732226,18.145854075002717,6.020101450994844,8.237370378003106,1.493990806004149,8.449794764994294,216.21241873032704,224.66227167232137
req_01595,ieee-activation-8411c4186c2c42b492909f7cff30a66f,1616.3552589416504,1849.641944478004,184.24550017235742,22.931170871990616,18.321976323000854,1.2611830679961713,3.2399768190080067,3.2868782820005435,229.99976615536434,233.28668553635362
req_01596,ieee-activation-942891bfbe6347b2a3a855d442302144,1616.570692062378,1830.7416053790075,200.17610745262937,5.783007142992574,0.8955376140074804,2.3752598790015327,2.31357310799649,2.6274281200021505,211.54346622462617,214.1709133166296
req_01597,ieee-activation-942891bfbe6347b2a3a855d442302144,1616.5739078521729,1830.742417485002,200.17581744682684,6.272932834006497,0.40284132400120143,2.913284112000838,1.775952874988434,2.6276810410054168,211.54081518981548,214.16850963282923
req_01598,ieee-activation-942891bfbe6347b2a3a855d442302144,1619.8307151794434,1831.7247139179963,197.7886732515617,5.662541871992289,2.5136117090005428,0.5684046149981441,1.8392713490029564,3.521495941997273,208.37247896255576,211.8939987385529
req_01599,ieee-activation-8411c4186c2c42b492909f7cff30a66f,1620.3838195800781,1841.6024394999986,197.2379519719252,4.906000775998109,9.068458955996903,1.193525481998222,7.743860233007581,1.068822500994429,220.14978445593442,221.21861991992046
req_01600,ieee-activation-8411c4186c2c42b492909f7cff30a66f,1622.0006523132324,1869.959535203001,195.6432564137649,4.957065152004361,31.112469863001024,5.098602846002905,10.138417485999526,1.0090711289958563,246.9497908827616,247.95888288976857
req_01601,ieee-activation-59da24158a1045ee92d55d692e9c3b84,1622.0373878479004,1898.2047520869965,195.62739096309815,4.561988361005206,61.528717184002744,2.457536331989104,6.740437032000045,5.25129436700081,270.91603789909277,276.16736423909606
req_01602,ieee-activation-8411c4186c2c42b492909f7cff30a66f,1622.8102684020996,1849.634510279997,195.32104670190893,5.827129735989729,16.576988176006125,4.439930025997455,1.3801154999964638,3.2790317379985936,223.54517716990085,226.8242418778973
req_01603,ieee-activation-8411c4186c2c42b492909f7cff30a66f,1622.8105735778809,1831.7412909749983,195.75571483212116,4.4571508829976665,1.4020031899999594,1.9691111050051404,1.7205113679956412,3.6262260189978406,205.30446478011436,208.9307173971174
req_01604,ieee-activation-59da24158a1045ee92d55d692e9c3b84,1623.0706939697266,1828.0742184730043,195.5653573392774,3.892349539004499,0.6636452879902208,1.0677815600065514,0.7508481440017931,3.063542632997269,201.93994684627978,205.00352450327773
req_01605,ieee-activation-8411c4186c2c42b492909f7cff30a66f,1623.9973831176758,1831.7446608419996,194.80763661932724,6.429496505996212,1.0416094960091868,0.5905954929912696,1.335239983003703,3.542699626996182,204.20456156833097,207.7472777243238
req_01606,ieee-activation-8411c4186c2c42b492909f7cff30a66f,1624.0580959320068,1850.0733302480076,194.74721230399155,9.175076291998266,17.985496393012,2.2744920829863986,1.3037305460020434,0.5292266980104614,225.48599618198932,226.01523431600071
req_01607,ieee-activation-942891bfbe6347b2a3a855d442302144,1624.5681838989258,1882.219438636006,197.46861379507754,2.5134271279966924,46.8905167930061,5.838299222989008,3.6750798800057964,1.2653179180051666,256.3858971730806,257.6512547370803
req_01608,ieee-activation-6c14ba67edf54cc9b80193ddbf12449f,1625.379545211792,1840.0600514880061,196.65777482220437,1.5547212020028383,0.13320868399750907,6.647360347007634,1.2507378479931504,8.43670337300864,206.24378846719628,214.68050627621415
req_01609,ieee-activation-6c14ba67edf54cc9b80193ddbf12449f,1625.6036262512207,1828.6249192069954,196.43378983177536,2.3647720300068613,0.07164056399778929,0.38718860399967525,0.1570660020079231,3.6068359239870915,199.4144444957783,203.0212929557747
req_01610,ieee-activation-59da24158a1045ee92d55d692e9c3b84,1625.6039543151855,1869.4677417909988,196.6218941448169,29.53295918299409,2.1068880040111253,1.1096046909951838,2.0735450579959434,12.418896395000047,231.4448569168162,243.8637874758133
req_01611,ieee-activation-6c14ba67edf54cc9b80193ddbf12449f,1625.758321762085,1871.1722374100063,196.47565053091967,29.71613080399402,0.16580154400435276,8.15161746800004,8.779001873001107,2.1257134280022,243.288178114919,245.41391564792139
req_01612,ieee-activation-8411c4186c2c42b492909f7cff30a66f,1626.5178813934326,1857.6623196510045,197.01555133056536,28.84443090100831,1.2577656359935645,1.121106670005247,2.291002808997291,0.6145809110021219,230.52984051556268,231.1444382575719
req_01613,ieee-activation-942891bfbe6347b2a3a855d442302144,1627.048625946045,1920.6841370589973,196.54951022795285,28.485023917004582,52.02559341699816,2.323674158003996,1.071823423000751,13.179885969992029,280.45559516595677,293.6355111129524
req_01614,ieee-activation-942891bfbe6347b2a3a855d442302144,1629.2283058166504,1868.6604106440063,194.63640275535,28.159453108004527,1.0147235769982217,3.230104549002135,0.7784622089966433,11.612958629004424,227.81911238335306,239.43210482735594
req_01615,ieee-activation-59da24158a1045ee92d55d692e9c3b84,1629.405128479004,1870.5178968550026,195.35726475900447,27.92685769298987,1.1767462150019128,4.59438321700145,10.490674551998382,1.5668419400026323,239.54589041799773,241.1127683759987
req_01616,ieee-activation-8411c4186c2c42b492909f7cff30a66f,1630.218952178955,1857.0776170099998,197.89460956305265,25.075539924000623,0.4467908869992243,0.7624398839980131,0.1998596569901565,2.4794249160040636,224.37921184104925,226.85866483104473
req_01617,ieee-activation-59da24158a1045ee92d55d692e9c3b84,1630.3362312316895,1870.5566195669962,197.77758511730644,24.573989553013234,7.1605386569863185,0.21509620200959034,9.012874774998636,1.4803040309925564,238.7400714263058,240.22038833530678
req_01618,ieee-activation-8411c4186c2c42b492909f7cff30a66f,1631.7390308380127,1857.0845193169953,196.8855139909865,24.24233690300025,0.7689387050049845,0.7426232080033515,0.2192352899874095,2.486840382000082,222.85861932697298,225.3454884789826
req_01619,ieee-activation-59da24158a1045ee92d55d692e9c3b84,1631.9147758483887,1870.5404966269998,196.71281118261686,24.562159213994164,0.9382169330056058,5.127795295004034,9.693838713996229,1.5908994399942458,237.0348016586213,238.62572077861114
req_01620,ieee-activation-8411c4186c2c42b492909f7cff30a66f,1631.9906558990479,1857.0852876520075,199.35870851995423,20.899161652996554,1.3868977640086086,0.9753190299961716,1.755336898000678,0.7192078880034387,224.37540138495388,225.09463175295969
req_01621,ieee-activation-942891bfbe6347b2a3a855d442302144,1632.4428787231445,1920.9034998080024,198.90669391585106,20.9392693000118,54.18458682698838,4.9337300160113955,8.342475318990182,1.1538657070050249,287.30674618184275,288.46062108485785
req_01622,ieee-activation-8411c4186c2c42b492909f7cff30a66f,1633.2376384735107,1857.6636654059985,198.37932403849845,22.0292106949928,0.0674624590028543,1.8184491629945114,1.5149094600055832,0.6166711169935297,223.80933279750752,224.42602693248773
req_01623,ieee-activation-59da24158a1045ee92d55d692e9c3b84,1640.1177349090576,1870.5165546500066,191.6073474229488,21.14347763400292,1.2592789419868495,6.0037780170096084,8.915267785996548,1.469669939004234,228.92913185195357,230.39881974094897
req_01624,ieee-activation-942891bfbe6347b2a3a855d442302144,1642.483974456787,1869.0689862340078,189.25697402021615,20.549196533000213,1.0477728239930002,2.149208897011704,1.5595520169881638,12.022307486011414,214.56268557120347,226.58501177722064
req_01625,ieee-activation-59da24158a1045ee92d55d692e9c3b84,1643.9236793518066,1869.4698522580002,187.8197597401886,20.753659742011223,1.3688397719961358,2.766011817002436,0.4256665449938737,12.412235290001263,213.13392084318912,225.54617290619353
req_01626,ieee-activation-8411c4186c2c42b492909f7cff30a66f,1644.1854629516602,1857.6643410190009,187.55959571634594,20.94344690599246,0.9472312249999959,2.7462671590037644,0.6752866000024369,0.6070504609961063,212.8718124373554,213.4788780673407
req_01627,ieee-activation-942891bfbe6347b2a3a855d442302144,1644.7194709777832,1869.0746200340072,195.35109837121854,12.619325223000487,1.2947324080014369,1.0795108339953003,1.994505531998584,12.015976688009687,212.33913565821422,224.35514905622404
req_01628,ieee-activation-59da24158a1045ee92d55d692e9c3b84,1644.720495223999,1869.4829027000087,195.80337922999752,12.972217261005426,0.6319223930040607,1.0318281119980384,1.8990922060038429,12.4239682740008,212.3383963619999,224.76240747600968
req_01629,ieee-activation-8411c4186c2c42b492909f7cff30a66f,1645.510175704956,1857.6630889030057,195.591427373045,12.304218122008024,0.23014121399319265,2.365952762993402,1.0461279170121998,0.6150458089978201,211.53783166504581,212.15291319804965
req_01630,ieee-activation-942891bfbe6347b2a3a855d442302144,1645.5429039001465,1869.0677606429963,195.77442852486274,11.177946355994209,0.8429146019916516,2.7748806460003834,0.9341566220100503,12.02052999199077,211.5042918058607,223.5248567428498
req_01631,ieee-activation-6c14ba67edf54cc9b80193ddbf12449f,1645.5507049560547,1954.7496308010013,196.05218431794492,10.349509598003351,95.63163113700284,5.049403165001422,1.145452757991734,0.9707448690023739,308.228159688937,309.19892584494664
req_01632,ieee-activation-6c14ba67edf54cc9b80193ddbf12449f,1646.3629207611084,1907.4237425949977,195.4888359438919,10.437963322008727,49.51526888499211,3.2042786399979377,1.4156381150096422,0.9988369279890321,260.0619402598968,261.06082183388935
req_01633,ieee-activation-942891bfbe6347b2a3a855d442302144,1646.3879203796387,1963.7404149570066,196.23144334535755,9.672775667000678,102.88297662700643,3.6981368309934624,2.21468361200823,2.65247849500156,314.69998076435877,317.3524945773679
req_01634,ieee-activation-6c14ba67edf54cc9b80193ddbf12449f,1647.079647064209,1883.2947812470084,202.5555451627879,2.802391820005141,23.397306193000986,0.6997092499950668,3.5337997220049147,3.226382035005372,232.98869758778892,236.21513418279937
req_01635,ieee-activation-6c14ba67edf54cc9b80193ddbf12449f,1647.2564544677734,1869.7122856600035,202.3859025912243,3.397680100009893,0.8828321339969989,1.3827695049985778,1.7527302209928166,12.653916641007527,209.80189071621862,222.4558311922301
req_01636,ieee-activation-8411c4186c2c42b492909f7cff30a66f,1649.1766529083252,1681.912689648001,0.4890043526829686,26.513182814989705,0.03308564200415276,0.28694988500501495,4.383260132992291,1.0305539120017784,31.70543459667533,32.73603673967591
req_01637,ieee-activation-6c14ba67edf54cc9b80193ddbf12449f,1649.931308746338,1876.0119482550072,200.8376261286612,3.7647784020082327,18.369833320000907,0.201540390989976,0.42874225800915156,2.4781190089997835,223.602498417662,226.08063950866926
req_01638,ieee-activation-6c14ba67edf54cc9b80193ddbf12449f,1650.4973258972168,1900.720604754999,201.45473623779253,4.98381485498976,41.10497691700584,0.3388576680008555,0.024791746996925212,2.31610143299622,247.90714636379562,250.22327885778213
req_01639,ieee-activation-8411c4186c2c42b492909f7cff30a66f,1650.4988613128662,1875.3017393710034,206.5792907261348,15.619021955004428,0.6820137409958988,1.394467705002171,0.061307493000640534,0.466776437999215,224.3360706891399,224.80287805813714
req_01640,ieee-activation-8411c4186c2c42b492909f7cff30a66f,1650.5327739715576,1922.1901337070012,206.55216195744288,15.184526605997235,29.173411987008876,7.830588798999088,10.47540313299396,2.4412672530015698,269.21606935844466,271.6573597354436
req_01641,ieee-activation-8411c4186c2c42b492909f7cff30a66f,1650.6814861297607,1898.0753558559954,206.4059623422363,14.903663823002717,11.197049827998853,4.431487693000236,5.333220483007608,5.122485556988977,242.27136644623533,247.3938697262347
req_01642,ieee-activation-8411c4186c2c42b492909f7cff30a66f,1653.184326171875,1881.4982132379955,204.7946517291275,12.772359276001225,2.296577197004808,3.3109094190003816,0.25039476998790633,4.888994674998685,223.42486712912796,228.31388706612051
req_01643,ieee-activation-942891bfbe6347b2a3a855d442302144,1653.358901977539,1900.3305490829953,204.62027757546457,14.442873826003051,20.161932741000783,3.266234455993981,2.550412041004165,1.9299164659896633,245.0417209904699,246.9716471054562
req_01644,ieee-activation-8411c4186c2c42b492909f7cff30a66f,1653.3841571807861,1881.0593158389966,204.5951059042127,14.014826252008788,1.0540472219872754,3.3361849460052326,0.22521247300028335,4.449781860996154,223.2253685642063,227.67515865821042
req_01645,ieee-activation-8411c4186c2c42b492909f7cff30a66f,1653.3856048583984,1928.7697784010088,204.59392386159743,14.406130231000134,52.16243997600395,2.4624655570078176,0.7508005169947864,1.0084134000062477,274.3757450225967,275.38417354261037
req_01646,ieee-activation-8411c4186c2c42b492909f7cff30a66f,1653.7795181274414,1880.7044878550078,215.16671385755762,2.1475701500021387,1.9542683430045145,2.4310429809993366,0.18722097999125253,5.0381534160114825,221.88676687855332,226.92496972756635
req_01647,ieee-activation-8411c4186c2c42b492909f7cff30a66f,1653.779878616333,1875.8014832790068,215.29552288267587,5.139231117995223,0.168155081992154,0.47310195700265467,0.11904704100743402,0.8265465820004465,221.1950388646801,222.02160466267378
req_01648,ieee-activation-59da24158a1045ee92d55d692e9c3b84,1654.561710357666,1883.7384212799952,214.5138437833375,3.2903501609980594,2.89091750899388,2.56984581600409,3.126596905000042,2.785156747995643,226.39154062233865,229.17671092232922
req_01649,ieee-activation-6c14ba67edf54cc9b80193ddbf12449f,1654.7101020812988,1898.0742790020013,214.36575209369767,3.815868338002474,10.415821123009664,0.223894130991539,0.1462859059975017,14.396555329003604,228.96761019769474,243.36417692070245
req_01650,ieee-activation-942891bfbe6347b2a3a855d442302144,1654.7124462127686,1880.1299053090042,214.75649084123143,3.2294289450073848,0.9210710729967104,1.0083134320011595,0.20067828199535143,5.301476523003657,220.11594825923385,225.4174590962357
req_01651,ieee-activation-942891bfbe6347b2a3a855d442302144,1654.8677654266357,1882.7390943729988,214.78067626037227,3.3018252029869473,0.6694045520125655,4.047626635001507,3.285681745997863,1.7861145499919076,226.0851761723752,227.87132894636306
req_01652,ieee-activation-59da24158a1045ee92d55d692e9c3b84,1654.8686046600342,1880.7031576360023,214.78042739797093,2.3488277629949152,0.2405410390056204,3.113391065999167,0.2825222209939966,5.068843489003484,220.7656901719747,225.8345529759681
req_01653,ieee-activation-942891bfbe6347b2a3a855d442302144,1655.6241874694824,1883.361487023998,214.19577485951595,4.315030544006731,3.1619464429968502,0.4102285410044715,3.3403843749983935,2.3139347919932334,225.42334270651918,227.73729955451563
req_01654,ieee-activation-59da24158a1045ee92d55d692e9c3b84,1655.9953956604004,1898.1903654810012,214.01910208159825,2.7950239750061883,7.836656168001355,4.440440537990071,7.460302215011325,5.643444842993631,236.55147439159919,242.19496982060082
req_01655,ieee-activation-8411c4186c2c42b492909f7cff30a66f,1656.315595626831,1883.1841181950003,214.2235667211644,9.49583832200733,0.0047832929994910955,0.20848418200330343,0.80190061799658,2.1339494319981895,224.7345492951572,226.86852256816928
req_01656,ieee-activation-59da24158a1045ee92d55d692e9c3b84,1657.894323348999,1891.8032785100077,212.64494019800622,10.322289962990908,0.013823977002175525,2.2478770800080383,0.47651362798933405,8.203510315011954,225.7054344030039,233.90895516100863
req_01657,ieee-activation-6c14ba67edf54cc9b80193ddbf12449f,1657.8944511413574,1892.616007057004,212.64695707464125,10.320758631001809,0.06457805099489633,1.8696780630125431,0.7459119069972076,9.073672188998898,225.64786346764595,234.7215559156466
req_01658,ieee-activation-59da24158a1045ee92d55d692e9c3b84,1657.929843902588,1921.547453563995,212.62761144341493,10.365213155993843,21.04941304800741,9.048721860992373,8.727327680011513,1.7993224729871145,261.81825529041816,263.6176096614072
req_01659,ieee-activation-59da24158a1045ee92d55d692e9c3b84,1659.458459854126,1960.9862564719951,211.71494332587463,9.749851525004487,75.04291311200359,0.2295546459936304,0.24495724600274116,4.545576762990095,296.9821858518844,301.52779661786917
req_01660,ieee-activation-59da24158a1045ee92d55d692e9c3b84,1660.2471408843994,1921.5465865440055,215.12107715860475,5.583659761992749,17.18205637500796,10.311954087999766,11.301446716999635,1.7992515590012772,259.5001546666026,261.29944565960614
req_01661,ieee-activation-59da24158a1045ee92d55d692e9c3b84,1660.6068134307861,1905.7435196480074,215.23906789920875,26.7451653520111,0.8480611229897477,1.3550273250002647,0.21543859600205906,0.7339459220092976,244.40273116920434,245.13670621722122
req_01662,ieee-activation-942891bfbe6347b2a3a855d442302144,1660.8426132202148,1919.8526070869993,215.17055038479157,27.193696335001732,0.9017383079917636,2.3039697570056887,0.16782046000298578,13.27221862199076,245.73774432379287,259.0099938667845
req_01663,ieee-activation-8411c4186c2c42b492909f7cff30a66f,1660.8697319030762,1905.1867677400005,219.76419593792525,22.968641643004958,0.22448022000025958,0.908162337000249,0.27491957700112835,0.17663612199248746,244.14037722292414,244.31703583692433
req_01664,ieee-activation-8411c4186c2c42b492909f7cff30a66f,1662.1473236083984,1906.1016257269948,218.80501506660949,22.1955647040013,0.6790033739962382,1.2098961540032178,0.11282807399402373,0.9519947459921241,243.0022833456169,243.9543021185964
req_01665,ieee-activation-6c14ba67edf54cc9b80193ddbf12449f,1662.1647319793701,1927.4331469190074,218.78782787262753,21.433337245005532,19.425295406996156,2.286086576001253,1.2905820370069705,2.045285801999853,263.223117020636,265.2684149396373
req_01666,ieee-activation-6c14ba67edf54cc9b80193ddbf12449f,1662.944387435913,1920.9006167589978,218.1184059600928,21.52188876699074,1.059575229010079,3.61729317199206,10.98295633100497,2.656109863994061,255.30009781909757,257.9562293230847
req_01667,ieee-activation-8411c4186c2c42b492909f7cff30a66f,1664.4954280853271,1921.187233322009,217.01064790967212,21.07985720600118,1.2407098319963552,6.228232344001299,9.69502017799823,1.4373377670126501,255.25442927166296,256.69180523668183
req_01668,ieee-activation-59da24158a1045ee92d55d692e9c3b84,1664.9426364898682,1720.5778853780066,6.1611291071312735,10.360186511999927,23.416432605998125,2.9306177160033258,11.341778916001203,1.4251040310045937,54.210107746126596,55.63524888813845
req_01669,ieee-activation-59da24158a1045ee92d55d692e9c3b84,1664.9817733764648,1730.1879890069977,6.122138090533554,10.931979329005117,40.514889329992,0.5848161290050484,3.830206291997456,3.222186459999648,61.984016433532815,65.20621563053282
req_01670,ieee-activation-8411c4186c2c42b492909f7cff30a66f,1665.6543502807617,1905.1470048129995,216.5675762292376,20.526121652001166,1.0787695339968195,0.6290222410025308,0.2080018319975352,0.48316304400213994,239.00944071322738,239.4926545322378
req_01671,ieee-activation-8411c4186c2c42b492909f7cff30a66f,1665.9948139190674,1916.6728138199978,217.04201035494043,20.291092936997302,0.4990625789941987,2.617037154006539,0.13725916399562266,10.091537711996352,240.58643689093878,250.67799990093044
req_01672,ieee-activation-942891bfbe6347b2a3a855d442302144,1666.3904132843018,1920.9025440270052,216.97212726270664,20.067587665995234,0.6785292309941724,5.564024977007648,10.07494503199996,1.1549165739997989,253.35717510171526,254.51213074270345
req_01673,ieee-activation-942891bfbe6347b2a3a855d442302144,1667.9717750549316,1920.9041596300085,215.39142365707085,20.41446255899791,0.33104849699884653,3.98631736599782,11.654330660006963,1.1548018360044807,251.7775530150684,252.93238457507687
req_01674,ieee-activation-942891bfbe6347b2a3a855d442302144,1670.8517036437988,2232.4937599050027,546.1354916862037,7.966948365996359,2.0906975679972675,3.467692698002793,1.2818026160093723,0.6994233269942924,560.9426120542048,561.6420562612038
req_01675,ieee-activation-942891bfbe6347b2a3a855d442302144,1670.983160018921,1929.1934410859976,221.96916746108036,11.649925281002652,18.410092482998152,1.389661719003925,1.0047940630029188,3.786640059988713,254.42361511709169,258.2102810670767
req_01676,ieee-activation-6c14ba67edf54cc9b80193ddbf12449f,1672.7025127410889,1921.8461274889996,225.61801900291175,5.497208116998081,0.7311788579972927,3.425664031004999,11.770807731998502,2.1007370070001343,247.04285169791547,249.14361474791076
req_01677,ieee-activation-6c14ba67edf54cc9b80193ddbf12449f,1673.0486087799072,1921.1464215970045,225.2720636781014,4.948366249998799,1.2789601239928743,6.218952184004593,8.980092437996063,1.3993781430035597,246.69842374809377,248.0978128170973
req_01678,ieee-activation-59da24158a1045ee92d55d692e9c3b84,1673.3983516693115,1922.3168933660054,224.92243282869458,4.8279601329995785,0.7362105149950366,7.264834058005363,8.59884350799257,2.5682606540067354,246.3502688176959,248.91854169669386
req_01679,ieee-activation-59da24158a1045ee92d55d692e9c3b84,1674.6808166503906,1921.5390230949997,223.64003599761054,4.445656379000866,0.672756115993252,7.68451298000582,8.625355475000106,1.7898894969985122,245.06830787460785,246.8582064446091
req_01680,ieee-activation-59da24158a1045ee92d55d692e9c3b84,1675.3906955718994,1921.541339375006,224.94099286809796,3.553916680000839,0.07723973000247497,3.777342838002369,10.50465777599311,3.2964939110097475,242.85406823309313,246.1506438031065
req_01681,ieee-activation-59da24158a1045ee92d55d692e9c3b84,1675.4769687652588,1920.6251010349952,225.24464404974424,2.911493341001915,0.2533086729963543,2.9760738110053353,0.1856353759940248,13.576977018994512,231.57111163374793,245.14813226973638
req_01682,ieee-activation-8411c4186c2c42b492909f7cff30a66f,1676.8564414978027,1928.1613298250013,228.29262742020364,15.887331160993199,0.005746584996813908,2.183117692009546,2.1628684409952257,2.7731970280001406,248.53166721519665,251.30488832719857
req_01683,ieee-activation-8411c4186c2c42b492909f7cff30a66f,1677.8337860107422,1928.162416688996,227.3553093692608,15.434064727000077,0.3542089130060049,2.192804026999511,2.2173503809899557,2.7748932609974872,247.55370797326032,250.32863067825383
req_01684,ieee-activation-8411c4186c2c42b492909f7cff30a66f,1678.2917385101318,1928.164326662998,227.48376141686458,15.363651542007574,0.004905818001134321,3.6094324009900447,0.6514502050122246,2.7593867699906696,247.11316235187405,249.87258815286623
req_01685,ieee-activation-59da24158a1045ee92d55d692e9c3b84,1678.4622020721436,1946.6181364299991,227.71515540385735,14.112587306008209,5.089142137992894,10.072707186001935,0.6740277509961743,10.492314572999021,257.66359321484924,268.1559343578556
req_01686,ieee-activation-59da24158a1045ee92d55d692e9c3b84,1680.9690494537354,1929.5763663639955,226.53484381326416,19.279424854001263,0.8663419490039814,0.44296848800149746,0.09081170799618121,1.3929260979930405,247.214355997261,248.60731691026012
req_01687,ieee-activation-8411c4186c2c42b492909f7cff30a66f,1682.2917785644531,1955.7744544019952,235.9519218125497,18.20525687400368,18.689854557989747,0.4874948380020214,0.11429945300915278,0.0338483019877458,273.44879358055186,273.48267583754205
req_01688,ieee-activation-6c14ba67edf54cc9b80193ddbf12449f,1682.3335723876953,2288.8999226190062,570.6186248613085,20.341970227003912,10.470245352989878,1.4684981900063576,2.1154334820021177,1.5515781180001795,605.0147221353109,606.5663502313109
req_01689,ieee-activation-942891bfbe6347b2a3a855d442302144,1682.9128684997559,1934.306603731995,237.7721403252508,5.063925485999789,1.9214302030013641,1.7929101249901578,0.39751575300761033,4.4458133399893995,246.94787295124843,251.39373523223912
req_01690,ieee-activation-59da24158a1045ee92d55d692e9c3b84,1682.9208602905273,1946.6174382900062,237.76476637847372,6.748177500994643,0.21684240800095722,7.940371794000384,0.6605766660068184,10.365843252002378,253.33070458748261,263.6965779994789
req_01691,ieee-activation-6c14ba67edf54cc9b80193ddbf12449f,1683.9497165679932,1935.7133937930048,237.08561713701056,5.486330856991117,0.5242234890029067,2.987557387998095,3.7685423680086387,1.911405986000318,249.85224529000698,251.76367722501163
req_01692,ieee-activation-8411c4186c2c42b492909f7cff30a66f,1684.2433013916016,1928.7632124100055,236.79239319439512,5.2946597970003495,0.5931784090062138,0.4837147579964949,0.6339262749970658,0.7220385850087041,243.79786071539274,244.51991101840395
req_01693,ieee-activation-6c14ba67edf54cc9b80193ddbf12449f,1684.984172821045,1930.0563536679983,236.051664856961,5.191008998997859,0.8184039059997303,0.9159328929963522,0.2218720899982145,1.8732981020002626,243.1988691339502,245.07218084695342
req_01694,ieee-activation-6c14ba67edf54cc9b80193ddbf12449f,1684.9851570129395,1935.7127196350048,236.05074420505844,4.828269983001519,0.7111579979973612,3.4392342360079056,1.96268787200097,3.735468327999115,246.99208390906279,250.7275626220653
req_01695,ieee-activation-6c14ba67edf54cc9b80193ddbf12449f,1687.221836090088,1935.9352453430038,233.8143494829128,5.548659053994925,0.4611502960033249,5.6689029350091005,1.4853466279892018,1.7350008570065256,246.97839441090764,248.71340925291588
req_01696,ieee-activation-8411c4186c2c42b492909f7cff30a66f,1687.3265476226807,1934.3147004019993,233.826639623323,5.072633838994079,0.6976346239971463,4.586904603012954,2.537920661998214,0.2664194279932417,246.72169922433386,246.98815277931863
req_01697,ieee-activation-8411c4186c2c42b492909f7cff30a66f,1688.0967254638672,1928.773623014,233.0941192561295,5.392939427008969,0.339800337998895,0.4836630649951985,0.6343919899954926,0.7319834740046645,239.94487304112408,240.6768975501327
req_01698,ieee-activation-59da24158a1045ee92d55d692e9c3b84,1689.391164779663,1935.2409322230087,231.96613147434255,5.105454677002854,3.2593744579935446,3.205654642006266,1.2740569349989528,1.0390952570014633,244.8106482503499,245.84976744334563
req_01699,ieee-activation-942891bfbe6347b2a3a855d442302144,1690.7772617340088,1937.3844026010047,230.76858943099796,5.587208468001336,6.918034530986915,1.92696832799993,0.3572418220137479,1.0490982869960135,245.55800630500016,246.6071408669959
req_01700,ieee-activation-8411c4186c2c42b492909f7cff30a66f,1691.0563983917236,1928.7722736440046,230.4897839442856,4.200889213985647,1.1762465870124288,0.8396761769981822,0.40813892999722157,0.6011404000018956,237.11472175529343,237.71587525228097
req_01701,ieee-activation-942891bfbe6347b2a3a855d442302144,1691.173526763916,1936.0039966199984,230.67898579809116,4.66765413399844,1.4536592299991753,3.402437180004199,2.6726745439955266,1.9550589699938428,242.87536732309673,244.83046985608235
req_01702,ieee-activation-59da24158a1045ee92d55d692e9c3b84,1691.1745834350586,1935.2418965530087,230.6843337819446,3.9476223649980966,1.1549471739999717,3.9975178750028135,3.088993733996176,1.1938981880084611,242.87338458593877,244.0673131179501
req_01703,ieee-activation-942891bfbe6347b2a3a855d442302144,1691.9753437042236,1936.0030356990028,229.88406519277487,5.840829064007266,0.6025815609900746,3.0475487200019415,2.698197158999392,1.9544702980056172,242.0731952257629,244.02769199477916
req_01704,ieee-activation-942891bfbe6347b2a3a855d442302144,1692.1266231536865,1948.6789488860086,230.19315067531716,5.296453390998067,8.420913893001853,2.462894869997399,8.514438373007579,1.6644745300000068,254.88782600632112,256.55232573232206
req_01705,ieee-activation-59da24158a1045ee92d55d692e9c3b84,1692.4906387329102,1935.232801599006,229.82942062108486,4.2587838460021885,0.383206054000766,3.706551366005442,3.379059404003783,1.1851415749988519,241.55700756408623,242.7421628660959
req_01706,ieee-activation-6c14ba67edf54cc9b80193ddbf12449f,1692.498285293579,2281.449656359997,560.5357965404255,20.11376435800048,0.008786459991824813,4.274851098001818,2.072952301008627,1.9452203089895193,587.0061249224236,588.9513710664178
req_01707,ieee-activation-8411c4186c2c42b492909f7cff30a66f,1692.6636772155762,1948.0065914239967,235.50197613843193,8.088198914992972,0.19217406600364484,1.0805214299907675,9.59935950000363,0.8806841589976102,254.46220424042258,255.34291420842055
req_01708,ieee-activation-8411c4186c2c42b492909f7cff30a66f,1693.072452545166,1948.0786898070073,235.09383389183495,8.170282792998478,0.10953172799781896,1.2299273730022833,9.449270137003623,0.9533913390041562,254.05282405784237,255.0062372618413
req_01709,ieee-activation-8411c4186c2c42b492909f7cff30a66f,1693.1226043701172,1947.569149654999,235.04387171588314,6.512922262001666,1.7662490460061235,1.1207271029998083,9.37710311099363,0.6256720469973516,253.8208492438862,254.44654528488172
req_01710,ieee-activation-8411c4186c2c42b492909f7cff30a66f,1693.78879737854,1947.9063551370054,234.97870665846858,7.679741034997278,0.3618947549985023,0.8806087749981089,9.436403359999531,0.7802031750034075,253.33732617646456,254.1175577584654
req_01711,ieee-activation-8411c4186c2c42b492909f7cff30a66f,1693.7890605926514,1947.5700974549982,234.98180503635376,7.16311470400251,0.5118560139962938,1.2550860839983216,9.314922774996376,0.5542522489995463,253.22676783334464,253.7810368623468
req_01712,ieee-activation-6c14ba67edf54cc9b80193ddbf12449f,1693.798828125,1954.9842272009992,234.97810118399502,7.4721082970063435,13.941069827997126,0.27206118100730237,3.3161299289931776,1.205928657000186,259.9794535619876,261.18539907599916
req_01713,ieee-activation-59da24158a1045ee92d55d692e9c3b84,1694.083324432373,1953.8742975180066,234.69407700862212,7.374195047013927,12.726267170990468,0.22663920500781387,0.009943129000021145,4.759851524999249,255.03110301162815,259.7909730856336
req_01714,ieee-activation-8411c4186c2c42b492909f7cff30a66f,1694.0986042022705,1948.008482182995,235.0955273767322,6.9321593810018385,0.3196550790016772,1.2134261850005714,9.35672845299996,0.9923815059883054,252.9174443767406,253.90987798072456
req_01715,ieee-activation-6c14ba67edf54cc9b80193ddbf12449f,1694.0989246368408,1948.0770159859967,235.47856264516304,6.639359598004376,0.010045333998277783,1.8609268829895882,8.926922854006989,1.0622740349936066,252.91579481915687,253.97809134915587
req_01716,ieee-activation-59da24158a1045ee92d55d692e9c3b84,1694.6250286102295,1948.9372344389994,235.46374870977888,5.6280382739932975,0.05790862999856472,2.0931169429968577,9.146258534005028,1.9231347379973158,252.38904631078185,254.31220582876995
req_01717,ieee-activation-8411c4186c2c42b492909f7cff30a66f,1694.6337070465088,1963.6394346989982,239.67373801849317,26.199830286001088,0.006576621002750471,0.3903244819957763,0.19332610099809244,2.541932143998565,266.4637297074951,269.00572765248944
req_01718,ieee-activation-59da24158a1045ee92d55d692e9c3b84,1695.4462432861328,1975.3621223210066,238.8702146038704,26.22070978699776,3.138915518997237,1.8598922360106371,8.484086294993176,1.3420605940045789,278.5737652808748,279.9158790348738
req_01719,ieee-activation-6c14ba67edf54cc9b80193ddbf12449f,1695.4732513427734,1975.8758753940056,239.7636248202325,25.784501685993746,2.968298104009591,2.4079174189973855,7.902832747000502,1.575449274998391,278.8271289842378,280.4026240512321
req_01720,ieee-activation-942891bfbe6347b2a3a855d442302144,1696.2538585662842,2011.6134620670055,239.39694740872073,24.860171733991592,50.58058011501271,0.36527962099353317,0.07504046900430694,0.08158415299840271,315.2779849357321,315.3596035007213
req_01721,ieee-activation-8411c4186c2c42b492909f7cff30a66f,1696.2540435791016,1963.6390987189952,239.39693020690174,23.20762275600282,0.025723924991325475,0.9544375160039635,1.2580798389972188,2.542260896996595,264.84278276289115,267.38505513989367
req_01722,ieee-activation-6c14ba67edf54cc9b80193ddbf12449f,1696.2684993743896,1975.8752285430091,239.50485546661366,25.248472658000537,0.03657794299942907,8.427819047996309,4.815375873004086,1.5736281800054712,278.0330623736081,279.6067291686195
req_01723,ieee-activation-8411c4186c2c42b492909f7cff30a66f,1696.3545951843262,1975.2167499899952,239.41899636868038,24.801057566990494,3.0773008140095044,0.45910208599525504,1.7297225859947503,9.375975383998593,269.48615208867704,278.862154805669
req_01724,ieee-activation-8411c4186c2c42b492909f7cff30a66f,1697.111650466919,1975.215242132006,238.89292035409017,24.507251627990627,0.0055964549974305555,6.742976419001934,7.037145299997064,0.9177015090099303,277.1858581910783,278.10359166508715
req_01725,ieee-activation-8411c4186c2c42b492909f7cff30a66f,1697.1118354797363,1963.638262102002,239.04067348426906,20.584834570996463,0.8306149239942897,1.5653438230074244,1.961368959993706,2.5435908600047696,263.9828111502575,266.5264266222657
req_01726,ieee-activation-59da24158a1045ee92d55d692e9c3b84,1697.1420593261719,1965.4443244559952,239.01082415082783,24.229851580006653,0.06597368499205913,2.7761297460092464,0.44785502398735844,1.7716309440002078,266.5306249438145,268.30226512982335
req_01727,ieee-activation-59da24158a1045ee92d55d692e9c3b84,1697.1528034210205,1975.3512538130017,239.0991967129812,24.734618597998633,0.010003881994634867,4.022726498005795,0.4241367530048592,9.907767947996035,268.290667609981,278.19845039198117
req_01728,ieee-activation-6c14ba67edf54cc9b80193ddbf12449f,1697.3651142120361,1995.030140805,240.02303080297133,23.47461416099395,22.902716366006644,3.7923890729871346,3.4683813610026846,4.003894829002093,293.6610867029667,297.66502659296384
req_01729,ieee-activation-942891bfbe6347b2a3a855d442302144,1698.4501152038574,1984.125158544004,248.49277102314227,13.568527666997397,19.89787491101015,1.1596507079957519,1.4897438670013798,1.066475163999712,284.6085417461436,285.67504334014666
req_01730,ieee-activation-8411c4186c2c42b492909f7cff30a66f,1699.9445152282715,1964.100285692999,246.99859052273678,13.570296031000908,0.010645908987498842,2.854598324003746,0.2942758330027573,0.42736384499585256,263.7283951447316,264.15577046472754
req_01731,ieee-activation-942891bfbe6347b2a3a855d442302144,1700.3599948883057,1965.0286576750077,247.21154503569414,12.87303139900905,0.06756192600005306,2.534871760988608,0.6254067510017194,1.3562459140084684,263.31239376569283,264.66866278670204
req_01732,ieee-activation-8411c4186c2c42b492909f7cff30a66f,1703.6735000610352,1964.093743992009,243.89831748096913,13.282964048994472,0.017953018003026955,1.6781312740058638,1.1098170009936439,0.43306110800767783,259.98717139496875,260.4202439309738
req_01733,ieee-activation-8411c4186c2c42b492909f7cff30a66f,1704.4798908233643,1975.2181899179996,243.53350038663484,12.524116612999933,0.05656823799654376,6.677763145009521,7.023041013992042,0.9233096980024129,269.8149560356251,270.7382990946353
req_01734,ieee-activation-942891bfbe6347b2a3a855d442302144,1704.4807777404785,1965.744088380001,243.53303253551712,12.495748026005458,0.006346801004838198,3.300453040996217,0.21347179700387642,1.7142584389948752,259.5490310855239,261.2633106395224
req_01735,ieee-activation-59da24158a1045ee92d55d692e9c3b84,1704.5881614685059,1975.937654428999,243.42614128249988,12.973254142998485,0.00916087299992796,5.168459102002089,8.130487515998539,1.6419900439941557,269.7074822154973,271.3494929604931
req_01736,ieee-activation-6c14ba67edf54cc9b80193ddbf12449f,1706.157377243042,2013.857823444996,242.2021790969593,12.662103886003024,51.58771215500019,0.5230281249969266,0.5276426089985762,0.19778032999602146,307.50263471696235,307.70044620195404
req_01737,ieee-activation-6c14ba67edf54cc9b80193ddbf12449f,1706.4267921447754,1982.6808828229987,241.93306493022828,12.689862154002185,12.980617050998262,1.642467019992182,0.2702648500126088,6.737814672989771,269.5162590122345,276.2540906782233
req_01738,ieee-activation-942891bfbe6347b2a3a855d442302144,1707.144136428833,2019.432671151997,241.6052231181675,11.80530187599652,58.10062140300579,0.2892908259964315,0.11371416100882925,0.37438333898899145,311.91412166316877,312.28853472316405
req_01739,ieee-activation-942891bfbe6347b2a3a855d442302144,1707.7158241271973,1980.4491342700057,241.03374066280958,11.759416118991794,3.5270196049968945,2.6465960440109484,7.617072592998738,6.149465119000524,266.58383443280763,272.7333101428085
req_01740,ieee-activation-942891bfbe6347b2a3a855d442302144,1707.727056503296,1963.7391308460064,241.38031035871245,7.7063732799870195,1.0246925230021589,0.925126697999076,2.323163093009498,2.652408390000346,253.35964108571352,256.01207434271055
req_01741,ieee-activation-59da24158a1045ee92d55d692e9c3b84,1708.5529289245605,1976.219512110998,240.6479443154385,11.787448426999617,0.032497545005753636,5.613885037993896,7.666300354001578,1.9185075069981394,265.7480324944336,267.6665831864375
req_01742,ieee-activation-59da24158a1045ee92d55d692e9c3b84,1708.5544815063477,1985.4416663910088,245.32074167765677,6.987318724990473,22.881388440000592,0.8122210780129535,0.3944395269936649,0.491075437006657,276.3960489126621,276.8871848846611
req_01743,ieee-activation-59da24158a1045ee92d55d692e9c3b84,1708.650562286377,2042.2083591170085,246.10151064362435,6.235190277002403,72.15251366099983,1.0376203850028105,4.446842502991785,3.58411936101038,329.9736347376165,333.55779683063156
req_01744,ieee-activation-6c14ba67edf54cc9b80193ddbf12449f,1709.4333610534668,1983.6497624890035,245.5535474125354,6.099108581998735,14.927794314004132,0.21168361000309233,1.9644233579892898,5.459844159006025,268.75653223952395,274.2164014355367
req_01745,ieee-activation-6c14ba67edf54cc9b80193ddbf12449f,1709.4562664031982,1975.878085778997,246.3293700008071,5.203334803998587,0.039452826997148804,4.8928587720001815,8.375536167994142,1.5812668040016433,264.840495087803,266.4218193757988
req_01746,ieee-activation-8411c4186c2c42b492909f7cff30a66f,1709.4582271575928,1975.2213790850074,251.6290704234125,3.731843225992634,0.8659262319997652,0.4978589579986874,8.143960974004585,0.8944921140064253,264.86862960041617,265.7631519274146
req_01747,ieee-activation-942891bfbe6347b2a3a855d442302144,1709.9386768341064,1995.1031597700057,253.70734569190245,10.37435909899068,15.176806677001878,1.9018338729947573,1.7261719640082447,2.2779656310012797,282.88649658289796,285.1644829358993
req_01748,ieee-activation-8411c4186c2c42b492909f7cff30a66f,1710.1509323120117,1975.2205567409983,253.4952881079953,2.0313045569928363,0.018321982002817094,1.3822877789934864,7.247291255000164,0.895130748001975,264.174482478993,265.0696244289866
req_01749,ieee-activation-8411c4186c2c42b492909f7cff30a66f,1710.1524848937988,1975.2240286129963,253.4938144261978,1.7312129580095643,0.3082251869927859,0.38251531700370833,8.256922639004188,0.898853191989474,264.1726796932053,265.0715437191975
req_01750,ieee-activation-942891bfbe6347b2a3a855d442302144,1710.1527156829834,1983.7026772719983,253.58952509402297,10.12821297199116,0.07376528800523374,2.2603513450012542,1.8857414810045157,5.612365408989717,267.93755888902524,273.54996158901486
req_01751,ieee-activation-59da24158a1045ee92d55d692e9c3b84,1710.916187286377,2014.591807239005,252.82640756262117,1.6369092670065584,47.50822841199988,0.25719100500282366,0.516794764000224,0.9300889419973828,302.7455041726207,303.67561995262804
req_01752,ieee-activation-8411c4186c2c42b492909f7cff30a66f,1710.9272441864014,1993.5476536839997,253.1670812286029,21.27547117100039,1.8860634229931748,0.9031006389996037,4.632374943001196,0.7563180930010276,281.86405499160173,282.6204094975983
req_01753,ieee-activation-6c14ba67edf54cc9b80193ddbf12449f,1711.0055809020996,1994.7678810020006,253.09545786889794,21.418589820998022,1.4212783110124292,0.7979397569870343,5.053381136007374,1.975653205998242,281.7866190809,283.76230009990104
req_01754,ieee-activation-942891bfbe6347b2a3a855d442302144,1711.0111656188965,2007.844149876997,254.01911536511034,24.02236266899854,5.330445204992429,2.2575859330099775,8.752212918989244,2.4512621670000954,294.38168614311144,296.8329842581006
req_01755,ieee-activation-942891bfbe6347b2a3a855d442302144,1711.2762851715088,1995.1027825100027,254.40048449848837,23.499824099999387,0.020404859009431675,0.5435221200023079,3.0813334659906104,2.2809282950038323,281.54551927348075,283.82649733849394
req_01756,ieee-activation-8411c4186c2c42b492909f7cff30a66f,1711.285436630249,1995.2532094630005,254.48746870575997,22.76844041199365,0.005699632994947024,5.289841133009759,0.3978966639988357,1.018426284994348,282.9493007867568,283.9677728327515
req_01757,ieee-activation-8411c4186c2c42b492909f7cff30a66f,1711.3550605773926,1993.7367180770088,263.868023298608,10.41433859099925,2.037295935995644,0.7201351550029358,4.397859117001644,0.94400540200877,281.4376231486094,282.38165749961627
req_01758,ieee-activation-942891bfbe6347b2a3a855d442302144,1711.767707824707,1995.1046083630063,263.455898648288,13.894280058011645,0.004815030988538638,0.5178226530115353,3.1829375689994777,2.281146579000051,281.0557396242948,283.33690053829923
req_01759,ieee-activation-59da24158a1045ee92d55d692e9c3b84,1711.7821083068848,1994.8270682220027,263.4415787791222,10.154237864990137,1.93427723601053,0.5638273219956318,4.9147063279961,2.036332385003334,281.00861736111983,283.04495991511794
req_01760,ieee-activation-8411c4186c2c42b492909f7cff30a66f,1712.5216999053955,1993.5492525779991,262.70205676760816,11.256159700991702,1.1949161480006296,0.4439974940032698,4.672966418002034,0.7574561439978424,280.27008224560996,281.02755267260363
req_01761,ieee-activation-8411c4186c2c42b492909f7cff30a66f,1712.5351390838623,1993.653641220997,262.688691496136,13.66428245100542,0.020735024998430163,3.7588664179929765,0.1531787650019396,0.8327479820000008,280.2857462151296,281.1185021371348
req_01762,ieee-activation-6c14ba67edf54cc9b80193ddbf12449f,1712.642147064209,2049.453626001996,262.6290576827887,10.88915480900323,56.074697962001665,3.449215119006112,2.071072558988817,1.6982808059983654,335.113172527781,336.8114789377869
req_01763,ieee-activation-8411c4186c2c42b492909f7cff30a66f,1713.0070838928223,1993.550824008009,262.3508331341727,13.824918478014297,0.06555596399994101,1.2274308859923622,2.34558294400631,0.7294187090010382,279.81428521218186,280.54374011518667
req_01764,ieee-activation-8411c4186c2c42b492909f7cff30a66f,1713.6116924285889,2004.6324820699956,261.8549091074092,13.71287594900059,0.06879061801009811,5.084347613999853,0.6967943669878878,9.603071985999122,281.417696237404,291.02078964140674
req_01765,ieee-activation-6c14ba67edf54cc9b80193ddbf12449f,1714.1492767333984,2010.272308258005,261.7281772606075,12.208485538998502,6.631356074998621,2.5571681820001686,8.118779782991624,4.879064685010235,291.24392116459785,296.12303152460663
req_01766,ieee-activation-59da24158a1045ee92d55d692e9c3b84,1715.6020679473877,2032.593155073002,260.2755884736107,39.42704806700931,0.7156962699955329,2.999705524998717,0.03854374100046698,13.534505048999563,303.45656364761817,316.9910871256143
req_01767,ieee-activation-8411c4186c2c42b492909f7cff30a66f,1715.9356517791748,1994.0853084359987,259.94209807582956,13.241456456991727,0.025028162010130472,2.312836981989676,1.3645599550072802,1.263677024995559,276.88596429083555,278.14965665682394
req_01768,ieee-activation-942891bfbe6347b2a3a855d442302144,1716.9543323516846,1995.1022047559964,259.2662328383158,12.964838005995261,0.011898667013156228,0.5273281799891265,3.0976510440086713,2.2799236689897953,275.86792601432535,278.1478724043118
req_01769,ieee-activation-59da24158a1045ee92d55d692e9c3b84,1719.7311248779297,2012.0202414990054,256.48956915507733,14.478396794991568,14.11313389800489,2.0555867859948194,3.239948269998422,1.9124817170086317,290.376623710079,292.28911662107566
req_01770,ieee-activation-59da24158a1045ee92d55d692e9c3b84,1719.7922763824463,1995.1068286299997,256.42922682955395,12.959832096996251,0.24131184400175698,0.318909285007976,3.0813519739895128,2.2839202180039138,273.03061847854406,275.31455224755337
req_01771,ieee-activation-59da24158a1045ee92d55d692e9c3b84,1719.7950038909912,2048.551041547995,261.33281228701526,5.098183630994754,58.30397584600723,0.21486628099228255,3.2151615309994668,0.5910380809946219,328.16497139701096,328.7560376570036
req_01772,ieee-activation-59da24158a1045ee92d55d692e9c3b84,1719.814661026001,1995.1060631840082,262.91475703600736,6.094904817990027,0.5950617159978719,0.36202456201135647,3.0412763499916764,2.2833776760089677,273.0079975499975,275.29140215800726
req_01773,ieee-activation-6c14ba67edf54cc9b80193ddbf12449f,1720.6720943450928,2137.5207651579985,263.0315891729115,5.41671978199156,142.48746105399914,5.015128471000935,0.3891751880000811,0.5085971450025681,416.3400349099102,416.84867081290577
req_01774,ieee-activation-6c14ba67edf54cc9b80193ddbf12449f,1720.7000713348389,1995.0413493730011,263.0038216781686,4.908197882992681,0.14019434299552813,3.766827669009217,0.3029523470031563,2.219284117993084,272.12196966118063,274.3412780381623
req_01775,ieee-activation-6c14ba67edf54cc9b80193ddbf12449f,1721.1303424835205,1995.0423479309975,262.99865789747855,5.049129721999634,0.019962518999818712,0.2811779320036294,3.341905798006337,2.221171578989015,271.6908045694872,273.912005447477
req_01776,ieee-activation-59da24158a1045ee92d55d692e9c3b84,1721.1380310058594,2018.7101282910007,264.3811113481497,30.37371423500008,0.5373122599994531,1.2040428629989037,0.2212350709887687,0.8546815080044325,296.7173867961392,297.57209728514135
req_01777,ieee-activation-8411c4186c2c42b492909f7cff30a66f,1721.791416168213,2041.057730319997,271.7587742127944,20.24146751499211,19.328560691006714,0.8272380229900591,4.676436632013065,2.433837077987846,316.8324024097965,319.2663141517842
req_01778,ieee-activation-59da24158a1045ee92d55d692e9c3b84,1722.0986881256104,2018.7119027190056,271.45320675338735,21.572888983006123,0.8949532769911457,1.6538689690059982,0.18003051199775655,0.8582660990068689,295.7549153363798,296.61321459339524
req_01779,ieee-activation-8411c4186c2c42b492909f7cff30a66f,1724.0535507202148,2064.6880302630016,269.7466307907889,21.06955933700374,32.88780083198799,4.339462261006702,10.477913466005703,2.113112855993677,338.52129834578955,340.6344795427867
req_01780,ieee-activation-59da24158a1045ee92d55d692e9c3b84,1724.1730709075928,2036.1377554380015,269.6275987014087,21.0959718899976,1.1227773090067785,4.69950439799868,11.993067489995155,3.4257647420017747,308.5388747884135,311.9646845304087
req_01781,ieee-activation-8411c4186c2c42b492909f7cff30a66f,1724.1968307495117,2033.1245348079974,269.60435710549064,20.387077755993232,1.2312135720130755,6.108709595995606,11.184042954992037,0.4123030740011018,308.5153806304879,308.9277040584857
req_01782,ieee-activation-942891bfbe6347b2a3a855d442302144,1724.2069511413574,2106.9072924920038,269.98916536364413,57.557830011995975,46.513336760006496,2.91959066799609,2.362077195008169,3.3583413519954775,379.3419652266457,382.70034135064634
req_01783,ieee-activation-8411c4186c2c42b492909f7cff30a66f,1725.0916233062744,2068.9903213110083,269.737487209728,58.21654829700128,11.638209368000389,3.722723112005042,0.11514143999374937,0.46858857800543774,343.4300748077221,343.8986980047339
req_01784,ieee-activation-59da24158a1045ee92d55d692e9c3b84,1728.6089420318604,2032.1677925749973,266.22056163813977,21.500352407994797,0.16997381701366976,2.1104408919927664,0.43942094600060955,13.118100841995329,290.4407227551419,303.55885054313694
req_01785,ieee-activation-942891bfbe6347b2a3a855d442302144,1730.1392784118652,2038.3081905419967,264.8971754771337,20.23477055299736,1.3240960700059077,3.6925585319986567,12.265096893999726,5.755214603996137,302.41367290912603,308.1689121301315
req_01786,ieee-activation-6c14ba67edf54cc9b80193ddbf12449f,1730.6507663726807,2097.0961246869992,264.4531846853206,19.304623624004307,61.336403152992716,7.950079848000314,8.799596423006733,4.601470580993919,361.84385665632726,366.4453583143186
req_01787,ieee-activation-6c14ba67edf54cc9b80193ddbf12449f,1730.9814548492432,2038.4760574009997,264.12265115576156,20.22502855300263,0.4239158639975358,5.470071237999946,11.489705604995834,5.763230135999038,301.73135882375936,307.49460255175654
req_01788,ieee-activation-942891bfbe6347b2a3a855d442302144,1731.007158279419,2038.3090841910016,264.09705925358867,19.793027642997913,1.697778895002557,3.576995163995889,12.379255086998455,5.757809868999175,301.544102867585,307.30192591158266
req_01789,ieee-activation-942891bfbe6347b2a3a855d442302144,1731.7007007598877,2019.4336740230065,263.40359648411686,21.551159313996322,0.3959154430049239,1.6053562489978503,0.39262650000455324,0.38431927299825475,287.3486327711289,287.73297326311877
req_01790,ieee-activation-942891bfbe6347b2a3a855d442302144,1732.2428359985352,2076.666533256008,262.8615455054678,66.70740963300341,8.925728496993543,0.8244235279998975,3.48384234799596,1.6207477460120572,342.8029351164587,344.42369725747267
req_01791,ieee-activation-942891bfbe6347b2a3a855d442302144,1732.257116317749,2038.6416891560075,262.93565594825486,21.149010166001972,0.7082693629927235,3.9693035160016734,11.69226291400264,5.930070931004593,300.4544691662595,306.38457283825846
req_01792,ieee-activation-59da24158a1045ee92d55d692e9c3b84,1732.5148124694824,2076.377869382006,262.6785714375146,53.35827237700869,21.488367942991317,2.5483666520012775,2.5723662579985103,1.217112245009048,342.6459328375058,343.86305691252346
req_01793,ieee-activation-8411c4186c2c42b492909f7cff30a66f,1732.5487728118896,2036.7179093550076,262.6447093861061,20.078677358003915,1.1238663760013878,5.3683626590063795,10.948059499001829,4.005461264998303,300.1636658831121,304.16913654311793
req_01794,ieee-activation-59da24158a1045ee92d55d692e9c3b84,1732.7995872497559,2069.2965543030004,262.45446309424005,57.97520033600449,12.367821474006632,0.3619769270007964,1.9922812430013437,1.345223978991271,335.15164697724686,336.4969670532446
req_01795,ieee-activation-6c14ba67edf54cc9b80193ddbf12449f,1733.498764038086,2019.6474387220078,271.89383725491643,9.135732105001807,0.7993571699917084,2.2471636530099204,0.2790926279994892,1.7934918730024947,284.3551492989209,286.14867468392185
req_01796,ieee-activation-8411c4186c2c42b492909f7cff30a66f,1733.504005432129,2036.0563716059987,274.8929590408661,7.937942112010205,2.7344126289972337,1.970102865001536,11.695652816997608,3.321296709997114,299.2310329648608,302.5523661738698
req_01797,ieee-activation-8411c4186c2c42b492909f7cff30a66f,1733.8210849761963,2032.293890415007,276.4516772778006,6.06052147000446,0.3795393330074148,2.2944279099901905,0.049241913002333604,13.237397535005584,285.23536700780096,298.4728054388106
req_01798,ieee-activation-6c14ba67edf54cc9b80193ddbf12449f,1733.9356536865234,2038.6335904239968,277.67863491947355,3.776410163001856,3.551427819998935,5.496752984006889,8.274195107995183,5.92051574299694,298.7773721344711,304.69793673747336
req_01799,ieee-activation-6c14ba67edf54cc9b80193ddbf12449f,1733.955150604248,2065.390013215001,278.0777237927541,2.312950046005426,33.411802677001106,4.936745072991471,9.880864524006029,2.814776497994899,328.6200294057635,331.43486261075304
req_01800,ieee-activation-59da24158a1045ee92d55d692e9c3b84,1734.4307250976562,2064.114669720002,279.4277077453444,34.630365295000956,1.2868729570036521,1.8473036819923436,11.230828889005352,1.2608660539990524,328.42302807034866,329.68394462234573
req_01801,ieee-activation-8411c4186c2c42b492909f7cff30a66f,1734.4384460449219,2064.6940812480025,280.1551018900791,34.158189066001796,1.1999702280008933,1.2700752740056487,11.539371129998472,1.9329276149946963,328.322674772091,330.2556352030806
req_01802,ieee-activation-59da24158a1045ee92d55d692e9c3b84,1734.7077503204346,2064.4031028180034,284.0035914155742,43.1659135529917,0.058376222994411364,0.2260043200076325,0.7803631970018614,1.4611037889990257,328.23420053157315,329.6953524975688
req_01803,ieee-activation-59da24158a1045ee92d55d692e9c3b84,1734.7677268981934,2064.475707496007,284.1673713018099,30.358410740998806,1.1796335840044776,0.4426847669965355,11.844728979995125,1.7151512240088778,327.9928058998048,329.70798059781373
req_01804,ieee-activation-8411c4186c2c42b492909f7cff30a66f,1734.769365310669,2126.784046708999,284.66389663732843,29.955925811009365,71.2074186969985,0.2852548789960565,0.35515595000470057,5.547029423993081,386.46760673333483,392.01468139833014
req_01805,ieee-activation-59da24158a1045ee92d55d692e9c3b84,1735.2951259613037,2064.250452031003,284.14463994969265,29.313618938002037,1.0224301370035391,1.175328630997683,11.809778462004033,1.4895299519994296,327.46576447768894,328.95532606969937
req_01806,ieee-activation-942891bfbe6347b2a3a855d442302144,1735.3317012786865,2069.748146794009,284.3165129903209,42.69432262099872,0.16429269599029794,3.138965311998618,2.3048703450040193,1.797481551009696,332.6189251993201,334.41644551532227
req_01807,ieee-activation-6c14ba67edf54cc9b80193ddbf12449f,1736.0744457244873,2069.5607565700047,296.4746477565204,30.728960018997896,1.4127045729983365,1.3755044319987064,1.8574570289929397,1.6370370360091329,331.84922160350834,333.48631084551744
req_01808,ieee-activation-8411c4186c2c42b492909f7cff30a66f,1736.0756225585938,2064.704141113005,296.47510734140815,29.323456618993077,0.02112615600344725,0.3444641600071918,0.7037721939996118,1.7605920839996543,326.86789690841397,328.62851855441113
req_01809,ieee-activation-8411c4186c2c42b492909f7cff30a66f,1737.0621032714844,2096.1789712190075,295.6490604335122,29.073143960005837,16.48259856599907,4.12540499199531,9.849006573000224,3.937653423010488,355.1791718045133,359.11686794752313
req_01810,ieee-activation-942891bfbe6347b2a3a855d442302144,1737.0632705688477,2065.018023976998,296.06259830815543,28.80573581799399,0.029158972000004724,0.3688662940112408,0.612657464997028,2.0757365509925876,325.87896505415847,327.9547534081503
req_01811,ieee-activation-6c14ba67edf54cc9b80193ddbf12449f,1738.7901496887207,2096.2359038840077,297.2853391882818,26.710897383993142,15.071196475008037,3.541924392004148,10.840779840989853,3.9956169150100322,353.4501093142753,357.445754195287
req_01812,ieee-activation-942891bfbe6347b2a3a855d442302144,1739.3342952728271,2065.0168085449986,297.38281866417674,12.035766686996794,3.020849823995377,1.6170135590073187,9.466479605995119,2.1595849320001435,323.5228995851794,325.6825132721715
req_01813,ieee-activation-942891bfbe6347b2a3a855d442302144,1739.9689502716064,2069.7475251169963,298.50779275740206,23.39901888500026,0.006440302997361869,5.060702620990924,0.9803081850113813,1.8243120939878281,327.95418622340367,329.7785748453898
req_01814,ieee-activation-942891bfbe6347b2a3a855d442302144,1740.1453342437744,2065.0293626689963,298.37612436222844,10.030711383005837,3.221199377992889,4.089657921998878,6.9948162700020475,2.171519109993824,322.7124812492257,324.8840284252219
req_01815,ieee-activation-59da24158a1045ee92d55d692e9c3b84,1740.2962627410889,2064.4775519749965,298.2252967899112,12.688119394995738,0.16141785100626294,1.2679565580037888,10.219660399001441,1.6188382409891346,322.56243941091816,324.1812892339076
req_01816,ieee-activation-6c14ba67edf54cc9b80193ddbf12449f,1743.520664215088,2069.1427731639997,295.0010770269146,25.30207164300373,0.8671148509893101,2.3741095430013957,0.8578480400028639,1.2198878449999029,324.40220506090554,325.6221089489118
req_01817,ieee-activation-8411c4186c2c42b492909f7cff30a66f,1745.4158401489258,2070.0635910950077,293.21856726307306,23.298771736008348,0.02985821598849725,6.920155875006458,0.26987856900086626,0.9105192870047176,323.7371890340728,324.64775094608194
req_01818,ieee-activation-8411c4186c2c42b492909f7cff30a66f,1745.7750644683838,2069.6143036730064,292.8675500656245,23.33102602500003,5.954381885996554,0.6979969079984585,0.1061039259948302,0.8821803940081736,322.95702944061486,323.8392392046226
req_01819,ieee-activation-942891bfbe6347b2a3a855d442302144,1747.061128616333,2069.746639719,294.0166675076762,11.991213173998403,11.985321544998442,0.7535657519911183,2.1161218780034687,1.8226212459994713,320.86285950167803,322.6855111026671
req_01820,ieee-activation-6c14ba67edf54cc9b80193ddbf12449f,1747.8482723236084,2076.7270570600085,294.4380371673906,21.476102932996582,5.499537688010605,3.006237408000743,2.77806846400199,1.680801075999625,327.1979525643983,328.8787847364001
req_01821,ieee-activation-6c14ba67edf54cc9b80193ddbf12449f,1747.8491592407227,2080.4707027859986,300.8899451882753,26.124905585005763,0.06741644900466781,4.104140619994723,0.09388018300523981,1.3412555199902272,331.28025513127795,332.6215435452759
req_01822,ieee-activation-59da24158a1045ee92d55d692e9c3b84,1748.075927734375,2093.5321430930053,303.2771888006246,23.722619198000757,2.0226258110051276,4.638183789997129,10.504050578005263,1.2915471809974406,344.1646348256327,345.4562153586303
req_01823,ieee-activation-59da24158a1045ee92d55d692e9c3b84,1749.0002555847168,2076.378886945997,315.2529452102899,6.498939762997907,1.673192364993156,1.6296863600000506,1.1070052440045401,1.216862418994424,326.16174176329514,327.37863136128
req_01824,ieee-activation-8411c4186c2c42b492909f7cff30a66f,1749.0270881652832,2077.1953768390085,315.22872865271347,6.400858970009722,0.6900825499906205,0.8023100110003725,3.005309258005582,2.0409992320055608,326.1272597377101,328.1682886737253
req_01825,ieee-activation-59da24158a1045ee92d55d692e9c3b84,1751.4306163787842,2106.4256474419963,313.103693672223,10.420183424997958,22.109646304990747,4.366484902013326,2.366659807987162,2.628362950999872,352.366637200219,354.9950310632121
req_01826,ieee-activation-59da24158a1045ee92d55d692e9c3b84,1752.124719619751,2093.626923210002,312.4097963112581,10.206567327986704,0.07582919500418939,8.241614102997119,9.42746335999982,1.1409332930052187,340.36125585825357,341.50220359025116
req_01827,ieee-activation-59da24158a1045ee92d55d692e9c3b84,1752.6781272888184,2093.5326872250007,311.85647436718864,10.44480444699002,0.07148629700532183,6.853256550006336,10.33907131999149,1.2894669550005347,339.565082220186,340.85455993618234
req_01828,ieee-activation-942891bfbe6347b2a3a855d442302144,1754.0001983642578,2134.2822550959972,310.69032491274993,15.357569501997204,51.15548684100213,2.2585213509883033,0.23953723900194746,0.5806168859999161,379.701412213748,380.28205673173943
req_01829,ieee-activation-942891bfbe6347b2a3a855d442302144,1754.202112197876,2096.1324202240066,310.499569587133,10.10651332398993,0.05818770799669437,9.092824277002364,8.5342302640056,3.6389828660030616,338.2912862741359,341.93030802613066
req_01830,ieee-activation-8411c4186c2c42b492909f7cff30a66f,1755.4015769958496,2095.9605252850015,309.31631369715615,10.261046744999476,5.905106567995972,2.600685325000086,9.00910655700136,3.466689396998845,337.09221090916253,340.5589482891519
req_01831,ieee-activation-59da24158a1045ee92d55d692e9c3b84,1757.6588401794434,2079.225201574998,307.36024927155813,7.548101894004503,0.0755859749915544,6.112072817006265,0.3331988720019581,0.1371525659924373,321.4291677825677,321.56636139555485
req_01832,ieee-activation-6c14ba67edf54cc9b80193ddbf12449f,1761.7200813293457,2107.7261299390084,303.2995296376612,10.008053265992203,22.983876486003282,3.5738574260030873,3.85291889499058,2.2878128990123514,343.71820513565035,346.0060486096627
req_01833,ieee-activation-8411c4186c2c42b492909f7cff30a66f,1763.7551364898682,2077.1967200299987,301.5667120031285,7.7700951250008075,0.011670954001601785,1.3369299470068654,0.72275912699115,2.0334163840016117,311.40813614512444,313.4415835401305
req_01834,ieee-activation-59da24158a1045ee92d55d692e9c3b84,1764.2182331085205,2077.439940345008,301.1736584894825,9.470816945991828,0.058055941000930034,2.0668295020004734,0.07390752600622363,0.3784388320054859,312.84321975547937,313.2217072364874
req_01835,ieee-activation-8411c4186c2c42b492909f7cff30a66f,1764.8276653289795,2170.141772675008,304.1719400200236,4.093378193996614,88.35342213600234,6.714411320994259,0.12569406400143635,1.8552616110100644,403.4588070550235,405.3141073460283
req_01836,ieee-activation-942891bfbe6347b2a3a855d442302144,1765.9112968444824,2096.1282855699974,303.24112123652594,5.708913556998596,0.006180782991577871,7.8119388920022175,9.807201397998142,3.6416328589984914,326.5753175295249,330.21698872551497
req_01837,ieee-activation-942891bfbe6347b2a3a855d442302144,1766.0231132507324,2096.136919044002,303.3840774212731,6.2435129410005175,0.8637296219967538,5.5217248190019745,10.204705059004482,3.8960559309925884,326.2177196342818,330.1138057932694
req_01838,ieee-activation-6c14ba67edf54cc9b80193ddbf12449f,1771.6271686553955,2096.7078213700006,297.9792698486126,6.403469919998315,0.4792247459990904,5.0848329619911965,10.667686315005994,4.466168922997895,320.6144490036095,325.0806527146051
req_01839,ieee-activation-8411c4186c2c42b492909f7cff30a66f,1771.860008239746,2108.053543529997,297.75537921625073,22.552067196011194,6.034490833990276,3.3230509999993956,3.912903794000158,2.615643249999266,333.5778731112514,336.193535290251
req_01840,ieee-activation-8411c4186c2c42b492909f7cff30a66f,1772.824993133545,2080.5502770589956,296.9239941914566,6.3251290490006795,1.0071053610008676,1.6915203079988714,0.3564304580067983,1.4211045579868369,306.3041309354594,307.72528392545064
req_01841,ieee-activation-942891bfbe6347b2a3a855d442302144,1773.204345703125,2096.1289993780083,296.5448488518741,6.322960396006238,0.44255022099241614,7.72561097900325,8.25401184000657,3.634671387000708,319.2899620648823,322.9246536748833
req_01842,ieee-activation-942891bfbe6347b2a3a855d442302144,1773.2509841918945,2096.135269245002,296.49834210411063,6.20370150799863,2.0731754900043597,4.009954759996617,10.20493630299461,3.8941748880024534,318.9900769271044,322.8842850531073
req_01843,ieee-activation-6c14ba67edf54cc9b80193ddbf12449f,1775.0550079345703,2096.2280738170084,295.0129801404255,10.343331158001092,0.24233392700261902,2.426565235000453,9.414746887996444,3.73310853401199,317.43991542741423,321.1730658824381
req_01844,ieee-activation-59da24158a1045ee92d55d692e9c3b84,1775.3053359985352,2095.3655706270074,301.07429878447147,3.2711669279960915,1.0781510889937636,0.8151376739988336,10.697845127011533,3.1236350260005565,316.9365544864704,320.06023462847224
req_01845,ieee-activation-6c14ba67edf54cc9b80193ddbf12449f,1775.3074645996094,2096.2367144430027,301.07240671038744,4.441228838011739,0.23579062899807468,0.32250401900091674,11.111047032987699,3.7462726140074665,317.18295275938,320.92924984339334
req_01846,ieee-activation-59da24158a1045ee92d55d692e9c3b84,1776.3039932250977,2093.5313402269967,300.3633571109094,3.3813538429967593,0.6809943150001345,0.7697206689917948,10.995908609009348,1.0360124549915781,316.19129542091105,317.22734700189903
req_01847,ieee-activation-59da24158a1045ee92d55d692e9c3b84,1776.5464324951172,2093.279147944995,300.34227528687916,2.9797980220027966,0.8605805249972036,1.7772146130009787,9.984791894006776,0.7880551089911023,315.94463258588803,316.732715449878
req_01848,ieee-activation-942891bfbe6347b2a3a855d442302144,1777.1810722351074,2092.9424204679963,300.01600425189827,2.4565003019961296,0.2972266269935062,0.9804111730045406,0.09406580500944983,11.917140073986957,303.84418858790013,315.76134823288885
req_01849,ieee-activation-6c14ba67edf54cc9b80193ddbf12449f,1777.7436962127686,2126.522487745009,299.45348453223414,21.48989439899742,10.165053960998193,3.2471607479965314,8.77224183200451,5.650956060009776,343.1278240912361,348.7787915322406
req_01850,ieee-activation-8411c4186c2c42b492909f7cff30a66f,1777.8332653045654,2160.4742941139993,299.61385444243206,3.102129666003748,61.80531736199919,1.5553363810031442,9.44502911499876,7.119361842997023,375.52163005643524,382.6410288094339
req_01851,ieee-activation-59da24158a1045ee92d55d692e9c3b84,1778.111951828003,2097.158812073001,301.114036125,13.596215735000442,0.12718732400389854,0.47436829398793634,2.707552100007888,1.027500666998094,318.0192913110077,319.04686024499824
req_01852,ieee-activation-8411c4186c2c42b492909f7cff30a66f,1779.5380954742432,2141.632636677008,301.0062579487567,12.591710433000117,41.321663839000394,0.5643921120063169,1.994245811001747,4.6162710589997005,357.4782302247622,362.09454120276496
req_01853,ieee-activation-6c14ba67edf54cc9b80193ddbf12449f,1779.553846359253,2126.5212516979955,300.9971947477461,15.344442946006893,24.083395654000924,0.367918110001483,0.8849029919947498,5.28955088899238,341.6778342347534,346.96740533874254
req_01854,ieee-activation-59da24158a1045ee92d55d692e9c3b84,1780.0839176177979,2109.3702879030025,313.04139977019804,6.278208205010742,6.955386374989757,0.6778826850058977,0.22419603400339838,2.1092972159967758,327.1770418912056,329.2863702852046
req_01855,ieee-activation-59da24158a1045ee92d55d692e9c3b84,1780.1572456359863,2137.9091819790046,313.46834374302125,8.124532231988269,31.846562524006004,1.043455624996568,0.024396715001785196,3.2446455040044384,354.5072678760189,357.7519363430183
req_01856,ieee-activation-59da24158a1045ee92d55d692e9c3b84,1780.5932540893555,2106.423403438006,313.03260473565024,5.062643447003211,1.607157432998065,1.1900203179975506,4.020162892004009,0.917560522997519,324.91257827566005,325.8301493486506
req_01857,ieee-activation-8411c4186c2c42b492909f7cff30a66f,1781.2430782318115,2126.4532895779994,312.38286758719187,7.342491781004355,6.791578827993362,6.372109539996018,6.7398463300050935,5.581317279997165,339.6288844771916,345.21021134618786
req_01858,ieee-activation-8411c4186c2c42b492909f7cff30a66f,1782.2488079071045,2126.4601598870067,311.377413726892,8.217987972006085,8.116004152005189,2.1170851929928176,9.060979251007666,5.321881684998516,338.88946080289315,344.21135197990225
req_01859,ieee-activation-6c14ba67edf54cc9b80193ddbf12449f,1782.5258712768555,2107.7290222029987,312.8414013091533,3.2673196789983194,0.12812855700030923,6.2151350819913205,0.8145820220088353,1.9365842769911978,323.26651447416225,325.2031509261433
req_01860,ieee-activation-8411c4186c2c42b492909f7cff30a66f,1782.6551990509033,2108.0786245290074,312.73758548409387,3.4861808260029647,1.8792187920043943,1.0688056490034796,3.6779436499928124,2.573691077006515,322.8497196350945,325.42342547810404
req_01861,ieee-activation-8411c4186c2c42b492909f7cff30a66f,1782.8717422485352,2185.052099827997,313.2618213234673,67.38216805100092,0.660210592992371,10.684252028004266,0.24787555100920144,9.94403003298794,392.23628944747907,402.180357579462
req_01862,ieee-activation-59da24158a1045ee92d55d692e9c3b84,1783.4478225708008,2106.4971587089967,312.68624238720804,3.6618467819935177,1.1699349120026454,0.9703096759913024,3.5701144420017954,0.9908879389986396,322.05842768520233,323.04933613819594
req_01863,ieee-activation-942891bfbe6347b2a3a855d442302144,1784.2454147338867,2128.4611758539977,311.88948987711046,2.439678537004511,23.54782230099954,1.1527272870007437,3.4350898029952077,1.7509533150005154,342.4647893841029,344.215761120111
req_01864,ieee-activation-59da24158a1045ee92d55d692e9c3b84,1784.2731170654297,2124.047949366999,311.91731110856927,3.801915304007707,10.827685348995146,1.206672444997821,9.111155956998118,2.910092138001346,336.86472055756894,339.7748323015694
req_01865,ieee-activation-59da24158a1045ee92d55d692e9c3b84,1784.4445095062256,2106.4977303439955,311.76667094977165,4.5839872140059015,0.1801707959966734,1.4141971500066575,3.116056340993964,0.992138386995066,321.06106392077345,322.0532208377699
req_01866,ieee-activation-59da24158a1045ee92d55d692e9c3b84,1785.5301723480225,2106.4243004849995,310.68223833198135,2.1491681369952857,1.9338738060032483,3.5171586439973908,1.9800942489964655,0.6315949690033449,320.2625176519796,320.8941281369771
req_01867,ieee-activation-942891bfbe6347b2a3a855d442302144,1787.0600128173828,2126.776515730002,309.1526283896237,3.692498598989914,8.715600732000894,5.195210835998296,7.056296852999367,5.904267503006849,333.8122217056225,339.71650291261903
req_01868,ieee-activation-59da24158a1045ee92d55d692e9c3b84,1787.0759010314941,2170.377942949999,309.1529759555124,66.3269205379911,1.9451391670008888,4.604833807999967,0.5537133550096769,0.7184590949909762,382.58355340751586,383.302041918505
req_01869,ieee-activation-942891bfbe6347b2a3a855d442302144,1789.8544521331787,2106.913895908001,306.38307012882433,2.4576122220023535,1.4438634669932071,2.2131468919978943,3.153165171999717,1.4085858930047834,315.65083321381826,317.0594437748223
req_01870,ieee-activation-942891bfbe6347b2a3a855d442302144,1790.9236278533936,2131.708458494002,305.31408469560847,3.814257947000442,29.36269920099585,1.7880693140032236,0.2530416320078075,0.25267785099276807,340.53213540260913,340.78483064060856
req_01871,ieee-activation-6c14ba67edf54cc9b80193ddbf12449f,1791.0358047485352,2107.936862810995,305.6727857654623,2.160713196004508,1.0571804479986895,5.1061375480057904,0.7594889689935371,2.144752135995077,314.75626744945475,316.9010580624599
req_01872,ieee-activation-6c14ba67edf54cc9b80193ddbf12449f,1791.8169555664062,2141.918155284002,305.27997991559096,1.5896420930075692,38.1873083160026,1.385469902001205,3.0613053999986732,0.5974940909945872,349.5036867546005,350.1011997175956
req_01873,ieee-activation-6c14ba67edf54cc9b80193ddbf12449f,1793.4737071990967,2129.750681518999,303.68930175590503,1.5244470379984705,28.472496058995603,0.7691294370015385,0.11578448201180436,1.7058155479899142,334.57112297390995,336.27697431990237
req_01874,ieee-activation-59da24158a1045ee92d55d692e9c3b84,1793.888843536377,2170.633721760998,312.53612644862733,57.9978589789971,3.362218946000212,1.254244337003911,0.6199265049945097,0.9745030089979991,375.77030981161806,376.74487822462106
req_01875,ieee-activation-942891bfbe6347b2a3a855d442302144,1794.1761646270752,2196.886134682005,312.24906885392556,57.00315007699828,25.170517414997448,7.621495528001105,0.1447481460054405,0.520990035001887,402.18894896392885,402.7099700549297
req_01876,ieee-activation-942891bfbe6347b2a3a855d442302144,1795.1591396331787,2172.5512390680087,311.54836332582636,55.778700698996545,0.7614142819948029,6.558586347004166,1.4251187600020785,1.3199160210060654,376.07215235882904,377.39209943483
req_01877,ieee-activation-59da24158a1045ee92d55d692e9c3b84,1795.1913166046143,2187.385080470005,311.5169734913943,57.79442561799078,0.6905562470055884,12.329336504990351,8.252989605010953,1.6094823989988072,390.5842669574049,392.1937638653908
req_01878,ieee-activation-8411c4186c2c42b492909f7cff30a66f,1795.3157558441162,2165.5852053779963,311.3926334158896,55.84556002699537,1.6216336020006565,0.8998723240074469,0.06494960699637886,0.44480055799067486,369.82463378789544,370.2694495338801
req_01879,ieee-activation-6c14ba67edf54cc9b80193ddbf12449f,1796.4804363250732,2168.884350117005,310.4395388639241,57.15218207699945,3.479632419999689,0.3349161689984612,0.365231161005795,0.6324131010042038,371.7714370309259,372.4039137919317
req_01880,ieee-activation-59da24158a1045ee92d55d692e9c3b84,1796.7747955322266,2170.634463035007,310.14543499978026,57.04943428299157,0.9140614839998307,4.455708818000858,0.32053684700804297,0.9744910709996475,372.8851476657874,373.8596675027802
req_01881,ieee-activation-8411c4186c2c42b492909f7cff30a66f,1797.4371089935303,2165.5495972350036,310.29306685547635,55.69904334998864,0.7466409590124385,0.654278534988407,0.04640592299983837,0.6730526190076489,367.4393961864698,368.11248824147333
req_01882,ieee-activation-6c14ba67edf54cc9b80193ddbf12449f,1797.5355892181396,2170.3214103780047,310.1978237648582,56.337172166007804,0.5432409079949139,4.361524363004719,0.684369512993726,0.6616904450056609,372.12409349785594,372.785821159865
req_01883,ieee-activation-59da24158a1045ee92d55d692e9c3b84,1799.9189491271973,2170.634944553007,308.01906101580244,54.8090886400023,1.7546394590026466,4.897202360996744,0.39991121299681254,0.8360927370085847,369.8798793627939,370.7159954258095
req_01884,ieee-activation-942891bfbe6347b2a3a855d442302144,1801.3868370056152,2173.619717609996,306.68043131039303,55.030302572995424,5.185890599997947,3.6200716470048064,0.6588892489962745,1.0572952249931404,371.1755652353895,372.2328806043806
req_01885,ieee-activation-6c14ba67edf54cc9b80193ddbf12449f,1802.3813495635986,2170.3202154050086,305.70117588840367,55.430640003003646,1.1004009949974716,4.482504016996245,0.5628189859999111,0.6613259520090651,367.27751702240494,367.93886584141
req_01886,ieee-activation-6c14ba67edf54cc9b80193ddbf12449f,1802.8102054595947,2187.446485602006,306.7284861754015,55.141284876008285,0.3572369329922367,10.665077775003738,10.074318150000181,1.6698762330051977,382.9663632034062,384.6362801424111
req_01887,ieee-activation-59da24158a1045ee92d55d692e9c3b84,1803.0919570922852,2522.656261686003,683.5764287197235,25.255918419992668,0.6682251269958215,7.339563183006248,1.4078355270030443,1.3163336169964168,718.2479214147315,719.5643045937177
req_01888,ieee-activation-59da24158a1045ee92d55d692e9c3b84,1803.4981098175049,2187.681427921998,323.13654766649415,36.88211227300053,0.9850462430040352,13.02079246599169,8.255522933002794,1.9032965229998808,382.2799950884946,384.1833181044931
req_01889,ieee-activation-8411c4186c2c42b492909f7cff30a66f,1803.631549835205,2166.698325370002,323.00328632579476,36.11308930000814,1.427829123000265,1.9887021829927107,0.17940692999400198,0.35446167300688103,362.71230130878394,363.06677553479676
req_01890,ieee-activation-6c14ba67edf54cc9b80193ddbf12449f,1806.1448211669922,2168.222852673003,320.490143026007,36.887817284004996,1.090889593004249,2.943682209996041,0.22288143300102092,0.4426179599977331,361.6353998110135,362.07803150601103
req_01891,ieee-activation-59da24158a1045ee92d55d692e9c3b84,1807.0044612884521,2170.3771116520074,319.63055835354317,36.99222611100413,1.256344027002342,4.497377959007281,0.41748380799253937,0.578660105005838,362.7939796115388,363.3726503635553
req_01892,ieee-activation-6c14ba67edf54cc9b80193ddbf12449f,1808.5216846466064,2168.2218919440056,318.2556186853908,37.008318727006554,0.8281325099960668,3.1703338280058233,0.057977485994342715,0.3798260610055877,359.32034359138925,359.7002072973992
req_01893,ieee-activation-8411c4186c2c42b492909f7cff30a66f,1808.9275169372559,2167.9208839689963,317.85726865474135,36.82417218699993,0.5670581130107166,2.69502003499656,0.2351889800047502,0.8146590619871859,358.17867078474956,358.9933670317405
req_01894,ieee-activation-6c14ba67edf54cc9b80193ddbf12449f,1809.7245082855225,2187.4458834460092,319.0448275694798,34.39705395999772,1.446982798006502,11.036758881993592,10.127780274997349,1.6679716760118026,376.0533664034738,377.7213751604868
req_01895,ieee-activation-8411c4186c2c42b492909f7cff30a66f,1809.7396774291992,2168.0130554909992,320.0116934598045,34.217399632994784,0.20731660000456031,2.8040511809958844,0.1676428689970635,0.8652743190032197,357.4080607818032,358.27337806180003
req_01896,ieee-activation-8411c4186c2c42b492909f7cff30a66f,1809.839750289917,2185.0532794979954,321.8695095170842,32.46760614699451,0.031026201002532616,10.672813575001783,0.22889704900444485,9.9436767189909,365.26979466508783,375.2135292080784
req_01897,ieee-activation-942891bfbe6347b2a3a855d442302144,1811.0500946044922,2186.941311433009,323.2327802025102,29.229758710993337,11.784405316007906,3.482730048999656,6.995594672000152,1.1659478780056816,374.72522367151396,375.8912168285169
req_01898,ieee-activation-59da24158a1045ee92d55d692e9c3b84,1812.353141784668,2170.6327057230083,325.1794773533329,25.923836695001228,3.6563581530062947,2.0377934539865237,0.5096082970121643,0.9724899860011647,357.3070111893321,358.2795639383403
req_01899,ieee-activation-942891bfbe6347b2a3a855d442302144,1812.802101135254,2186.940226599996,325.24953292174905,25.46374697900319,9.940415880992077,2.933880604003207,9.385456011004862,1.165093067989801,372.9729910217575,374.1381254647422
req_01900,ieee-activation-6c14ba67edf54cc9b80193ddbf12449f,1814.8324604034424,2170.3185280489997,326.8006092085561,22.790260481007863,0.6127471069921739,3.7484329020080622,0.8683468840026762,0.665671062990441,354.82036311755655,355.48606764555734
req_01901,ieee-activation-942891bfbe6347b2a3a855d442302144,1815.8343086242676,2186.908891908999,326.0853865017416,21.453896298990003,3.6752443380100885,9.51138916698983,9.21333182300441,1.1353351559955627,369.93919717874087,371.0745832847315
req_01902,ieee-activation-942891bfbe6347b2a3a855d442302144,1816.4813957214355,2186.9408111780067,343.99324121356767,3.043039869997301,7.741718581004534,7.465794025993091,7.052251821005484,1.163369945003069,369.29601247656683,370.45941545657115
req_01903,ieee-activation-8411c4186c2c42b492909f7cff30a66f,1819.0021572113037,2187.2818609910028,346.58245735069795,1.9238930769934086,0.40950866500497796,8.398230528007844,9.459574648994021,1.5060395100008463,366.7736306566949,368.27970377969905
req_01904,ieee-activation-8411c4186c2c42b492909f7cff30a66f,1819.2108688354492,2187.285862648001,346.37789186155715,2.3347190509957727,2.807577843006584,5.6252320069907,9.420764882001095,1.5088081680005416,366.56616242155724,368.07499381255184
req_01905,ieee-activation-6c14ba67edf54cc9b80193ddbf12449f,1819.6363334655762,2187.4447379210033,347.063855601431,5.983412093992229,0.7276702020026278,4.352286897003069,8.012509719002992,1.6686699419951765,366.1397039114381,367.8084044554271
req_01906,ieee-activation-8411c4186c2c42b492909f7cff30a66f,1821.1973419189453,2187.2852259420033,346.7249086250522,4.698262435005745,0.30101921399182174,3.3761856220080517,9.479107096005464,1.508401030994719,364.5794381040614,366.087884023058
req_01907,ieee-activation-8411c4186c2c42b492909f7cff30a66f,1821.8340473175049,2187.283496361997,346.1802694944927,4.145916941008181,0.7611525410029572,4.919530952989589,7.935390844999347,1.5071882699994603,363.9422231504868,365.4494490444922
req_01908,ieee-activation-59da24158a1045ee92d55d692e9c3b84,1822.2814407348633,2187.445315550998,345.9698457291379,3.5673712639982114,0.4604484110022895,6.277813407999929,7.217035959998611,1.6713600439979928,363.4924872871343,365.1638748161349
req_01909,ieee-activation-6c14ba67edf54cc9b80193ddbf12449f,1822.4024238586426,2187.4440081759967,345.84905324435385,4.433615911999368,2.735067143003107,2.0675426850066287,8.369476751002367,1.5868285819888115,363.4547442983603,365.04158431735414
req_01910,ieee-activation-59da24158a1045ee92d55d692e9c3b84,1825.0770301818848,2216.461582250995,343.8078659181192,25.23114369099494,4.674933094996959,5.795607480002218,10.86616067700379,1.0088412079931004,390.37567421712447,391.3845520691102
req_01911,ieee-activation-6c14ba67edf54cc9b80193ddbf12449f,1825.7779655456543,2187.4431464070076,344.36427190635004,1.741139118996216,0.7966685989958933,4.057712424008059,9.037162919994444,1.668225893008639,359.99691022334446,361.6651808613533
req_01912,ieee-activation-8411c4186c2c42b492909f7cff30a66f,1826.6158294677734,2187.282915578995,343.70352620622725,1.6278725919983117,0.9737816980050411,5.715027459998964,7.138645144994371,1.5082330099976389,359.1588217322278,360.6670861112216
req_01913,ieee-activation-6c14ba67edf54cc9b80193ddbf12449f,1826.8073902130127,2187.449101303995,343.8244454319938,1.9308741739951074,0.5347098969941726,6.273702760008746,6.403310759997112,1.6746680679934798,358.9670081069926,360.6417110909824
req_01914,ieee-activation-59da24158a1045ee92d55d692e9c3b84,1826.8172855377197,2187.6820983200014,343.8148168682819,1.7898418950062478,0.07445935999567155,5.938104785003816,7.343171987988171,1.904417886005831,358.96038314727775,360.86481278228166
req_01915,ieee-activation-942891bfbe6347b2a3a855d442302144,1829.5273818969727,2194.064416139998,341.1049297200225,19.38506971701281,1.4538846259965794,1.9035575089947088,0.19203951700183097,0.4975531539967051,364.0394668550143,364.5370342430251
req_01916,ieee-activation-8411c4186c2c42b492909f7cff30a66f,1831.3071098327637,2197.267224108,339.32528381624434,1.1490026919927914,18.141528788997675,4.337631950998912,1.9909372920083115,1.0157297349942382,364.9443734142551,365.96011427523626
req_01917,ieee-activation-59da24158a1045ee92d55d692e9c3b84,1831.3719730377197,2187.3840038360067,339.26317889327765,1.3872406500013312,0.25761981299729086,5.242596071999287,8.251591750013176,1.6098036199982744,354.40220621429035,356.012030798287
req_01918,ieee-activation-59da24158a1045ee92d55d692e9c3b84,1831.7013893127441,2226.5691150460043,338.9345361132582,1.851145737004117,48.94595730099536,1.989486742997542,0.8640536580060143,2.2825461809989065,392.585165455268,394.86772573326016
req_01919,ieee-activation-59da24158a1045ee92d55d692e9c3b84,1834.6744060516357,2198.919086793001,335.962212490369,1.8509280389989726,16.861251212991192,5.791772177006351,1.2209121180057991,2.557604703994002,361.68706281337654,364.2446807413653
req_01920,ieee-activation-59da24158a1045ee92d55d692e9c3b84,1835.225845336914,2187.681858762997,335.4108576680883,1.849062014996889,3.9925914129999,1.824574272002792,7.557408687993302,1.8215193700016243,350.6344811350864,352.4560134260828
req_01921,ieee-activation-8411c4186c2c42b492909f7cff30a66f,1835.996021270752,2197.306902021999,336.5660751882533,17.073029641993344,1.154729349000263,5.020180243009236,0.5505027589970268,0.9463635699939914,360.36448443525296,361.31088075124717
req_01922,ieee-activation-942891bfbe6347b2a3a855d442302144,1836.9883403778076,2196.888875466,336.63263235420163,16.231007515991223,1.6191571740055224,2.701098687000922,1.8299508310010424,0.8866885259922128,359.01380587220774,359.90053508819256
req_01923,ieee-activation-942891bfbe6347b2a3a855d442302144,1838.264699935913,2194.063415402008,335.67611594508344,16.408670846998575,1.121856010009651,1.9840562409954146,0.11083028999564704,0.497186133012292,355.30150394407974,355.798715466095
req_01924,ieee-activation-6c14ba67edf54cc9b80193ddbf12449f,1840.1773147583008,2217.688746590007,344.9547943577054,4.280620691992226,6.847031190001871,7.840405822003959,11.24741946499853,2.3411603050044505,375.1702356307069,377.51143183170643
req_01925,ieee-activation-942891bfbe6347b2a3a855d442302144,1840.4744415283203,2197.9243217699986,344.6583290956769,5.511783294001361,0.8268505730084144,5.826111998001579,0.017088227992644534,0.6097170529974392,356.8401505166694,357.44988024167833
req_01926,ieee-activation-6c14ba67edf54cc9b80193ddbf12449f,1840.9236736297607,2198.7608309640054,346.01577513024677,3.0819886899989797,1.1650723380007548,4.730479170990293,0.4429107239993755,2.400931281008525,355.436189675238,357.8371573342447
req_01927,ieee-activation-59da24158a1045ee92d55d692e9c3b84,1841.9812984466553,2198.0860344429966,345.3028103223478,2.49432789599814,1.2249043210031232,4.195060451995232,1.164342044008663,1.723290960988379,354.38142086935113,356.10473599634133
req_01928,ieee-activation-6c14ba67edf54cc9b80193ddbf12449f,1843.6161861419678,2198.3493620859954,343.66825936002715,2.968783081014408,0.9333973399916431,3.110474961998989,2.055658608995145,1.9966025920002721,352.73656260602,354.7331759440276
req_01929,ieee-activation-59da24158a1045ee92d55d692e9c3b84,1845.31148147583,2258.213380354995,341.9731630051683,2.1251682650035946,53.990020041994285,12.282828194001922,0.8089256820094306,1.721793690987397,411.1800941731781,412.90189887916495
req_01930,ieee-activation-8411c4186c2c42b492909f7cff30a66f,1845.531888961792,2197.2640487320023,341.7529183672159,3.53399812799762,0.5747562530013965,3.333271714989678,1.6362673890107544,0.9009479179949267,350.83120343221526,351.7321597702103
req_01931,ieee-activation-942891bfbe6347b2a3a855d442302144,1849.6428089141846,2196.889733901,337.64208007682464,3.9031574969994836,0.28444502099591773,3.2115128400037065,1.6799183059920324,0.5258112459996482,346.7211061658163,347.24692498681543
req_01932,ieee-activation-8411c4186c2c42b492909f7cff30a66f,1849.6838970184326,2199.0865930849977,337.6011576485762,3.8589410209970083,0.2501894699962577,7.381947771995328,0.22914283000864089,0.0813173249916872,349.3213671025733,349.4026960665651
req_01933,ieee-activation-8411c4186c2c42b492909f7cff30a66f,1850.1213302612305,2197.269319205996,337.19251870477456,3.188269919002778,0.8905802369990852,3.0139584799908334,1.9256802340096328,0.9369813699886436,346.2109844317747,347.14798894476553
req_01934,ieee-activation-8411c4186c2c42b492909f7cff30a66f,1850.8495864868164,2197.299982070006,336.46445354117895,2.6409923669998534,1.1427819930104306,3.567343272996368,1.6967451160016935,0.9380792930023745,345.5123075431766,346.4503955831897
req_01935,ieee-activation-8411c4186c2c42b492909f7cff30a66f,1852.9933948516846,2199.0807022590016,334.4540147153166,2.7747971810022136,0.8757810989918653,7.678145083002164,0.0833787330047926,0.22119059599936008,345.8660813753231,346.087307407317
req_01936,ieee-activation-8411c4186c2c42b492909f7cff30a66f,1854.2089862823486,2199.087743412005,333.2386901656573,3.9771664909931133,0.48835689600673504,6.903396562993294,0.18914023799879942,0.08200677600689232,344.7967208016489,344.87875712965615
req_01937,ieee-activation-942891bfbe6347b2a3a855d442302144,1855.957851409912,2196.8870406030037,331.49012938108353,3.666125825009658,0.35830252499727067,2.8464455070061376,2.0346353949862532,0.5335505600087345,340.39561765207327,340.9291891930916
req_01938,ieee-activation-59da24158a1045ee92d55d692e9c3b84,1856.085355758667,2198.0849112389988,331.3628050283296,2.570299900005921,4.504507082005148,1.23852395999711,0.6040335900033824,1.7193859199906,340.280150434337,341.99955548033176
req_01939,ieee-activation-59da24158a1045ee92d55d692e9c3b84,1856.6774997711182,2197.7216764729965,330.7707781598874,2.5075158089894103,1.0476889780111378,4.426891312003136,0.9318725879857084,1.3594298550015083,339.68473073288624,341.0441767018783
req_01940,ieee-activation-6c14ba67edf54cc9b80193ddbf12449f,1858.9450607299805,2217.6903491010016,328.503332066015,7.066378016999806,5.3581642850040225,4.770355829008622,10.80533587098762,2.2417223030060995,356.503548771012,358.74528837102116
req_01941,ieee-activation-942891bfbe6347b2a3a855d442302144,1860.812412261963,2194.065866208999,326.6361051890417,4.243740425998112,0.22208209699601866,1.5210495530045591,0.13000911500421353,0.5004675669915741,332.75295559504593,333.2534539470362
req_01942,ieee-activation-59da24158a1045ee92d55d692e9c3b84,1860.8345642089844,2217.4380632600078,326.6140796150139,1.8977651000022888,13.064249991002725,3.3333231470023748,9.71536537600332,1.978715821998776,354.62476779201825,356.6034990510234
req_01943,ieee-activation-6c14ba67edf54cc9b80193ddbf12449f,1861.0141735076904,2242.3658129130054,326.6662644013122,2.5741258100024424,35.420849456000724,5.123485477990471,0.9957206180115463,10.571193641997525,370.780408220322,381.3516394053149
req_01944,ieee-activation-6c14ba67edf54cc9b80193ddbf12449f,1861.1035175323486,2198.7572049309965,326.5792005156545,2.8941008859983413,1.218561444999068,3.3053267920040525,1.2604028319910867,2.396094928000821,335.2575749646494,337.6536873986479
req_01945,ieee-activation-6c14ba67edf54cc9b80193ddbf12449f,1861.4625091552734,2226.6274109560036,326.22030229073425,2.572761356990668,29.994778150998172,3.0661983270110795,0.9746995460009202,2.3361621289950563,362.82873049874615,365.16490180073015
req_01946,ieee-activation-6c14ba67edf54cc9b80193ddbf12449f,1862.753532409668,2198.6671309189987,324.9293307533371,3.137884910000139,0.9747829159896355,4.455301923007937,0.39343398000346497,2.0228640269924654,333.8907269153424,335.91359850933077
req_01947,ieee-activation-8411c4186c2c42b492909f7cff30a66f,1864.2224674224854,2217.6937386390055,329.8426983025129,6.606818940010271,2.2728786769876024,1.5118696760036983,11.00288320700929,2.2341224139963742,351.2371023885207,353.4712712165201
req_01948,ieee-activation-8411c4186c2c42b492909f7cff30a66f,1864.900930404663,2220.349458472003,329.1644796653418,6.101801431999775,16.823625716991955,3.1825776740006404,0.05684871099947486,0.11919486800616141,355.329308880333,355.4485280673398
req_01949,ieee-activation-942891bfbe6347b2a3a855d442302144,1865.096881866455,2216.9649751069956,329.2352789265424,6.00272172500263,0.424385671998607,5.215046288998565,9.474676020006882,1.5159846079914132,350.35208358654927,351.8680932405405
req_01950,ieee-activation-8411c4186c2c42b492909f7cff30a66f,1866.176378250122,2216.988280696998,330.71165052788274,3.4833083839912433,2.200745394002297,1.837120705997222,11.047227765011485,1.531849669991061,349.27999599189206,350.81190244687605
req_01951,ieee-activation-59da24158a1045ee92d55d692e9c3b84,1866.2150268554688,2216.4849726590037,330.6733620885352,4.323998905994813,1.198088078002911,2.6742347060062457,10.37199978598801,1.028262239007745,349.2416590965295,350.26994580353494
req_01952,ieee-activation-8411c4186c2c42b492909f7cff30a66f,1869.463722229004,2217.625696727002,327.6828851869941,4.587893921008799,1.555016610000166,1.9973416430002544,10.173426150999148,2.1654109859955497,345.99651282800187,348.161974497998
req_01953,ieee-activation-942891bfbe6347b2a3a855d442302144,1870.81392288208,2216.944481818995,326.333147794925,2.7040727409912506,0.9079169190081302,4.113202142994851,10.576972680006293,1.4952466589893447,344.63528743393545,346.1305589369149
req_01954,ieee-activation-59da24158a1045ee92d55d692e9c3b84,1870.9946823120117,2216.473141035007,326.2737820399925,4.376050118997227,0.7660932400031015,2.6245241459982935,10.417075588004082,1.0209335899999132,344.45749397799955,345.47845872299513
req_01955,ieee-activation-6c14ba67edf54cc9b80193ddbf12449f,1872.2148189544678,2217.689544813009,325.0539052075328,3.4052363939990755,1.0781915560073685,2.1181264859915245,11.475846526998794,2.343419688011636,343.1312961195217,345.4747258585412
req_01956,ieee-activation-59da24158a1045ee92d55d692e9c3b84,1874.0910415649414,2226.5711260499957,323.18215939606307,4.718800686998293,17.52856974399765,2.9251094219944207,1.841594105004333,2.2838511309964815,350.19620619606576,352.48008448505425
req_01957,ieee-activation-942891bfbe6347b2a3a855d442302144,1874.3060493469238,2243.461955870007,322.9991323440772,27.015224647999275,4.253974057006417,4.5932489419938065,9.420815681005479,0.8735108510009013,368.2823640710849,369.1559065230831
req_01958,ieee-activation-942891bfbe6347b2a3a855d442302144,1874.6577129364014,2228.758616035004,322.6535531755944,3.022392884013243,19.798139851991436,8.157913066999754,0.2364851870079292,0.23241893299564254,353.8684630686039,354.10090309860243
req_01959,ieee-activation-942891bfbe6347b2a3a855d442302144,1875.3547458648682,2217.0615116600093,322.3679027251346,3.3089903020008933,1.1085000059974845,2.443803204005235,10.865515922996565,1.6120536350063048,340.0946736291371,341.7067657951411
req_01960,ieee-activation-942891bfbe6347b2a3a855d442302144,1875.3812732696533,2216.962717964998,322.6046493343456,2.5108538439963013,1.1959070340089966,2.3749742450017948,11.280492389996652,1.614567847995204,339.9668433583429,341.58144469534454
req_01961,ieee-activation-59da24158a1045ee92d55d692e9c3b84,1876.8280010223389,2216.4695543499984,321.25880314366077,3.9777520970092155,0.3461412239994388,2.777381162988604,10.264888220001012,1.016587480000453,338.62493125966284,339.6415533276595
req_01962,ieee-activation-8411c4186c2c42b492909f7cff30a66f,1879.5884971618652,2221.526178865999,318.49865419113485,3.245299021000392,17.89618612799677,2.213893015999929,0.057854819009662606,0.02579452899226453,341.9118665651331,341.93768170413387
req_01963,ieee-activation-8411c4186c2c42b492909f7cff30a66f,1880.6466732025146,2216.9537076420092,317.7033938534878,3.705218920003972,1.5791191149910446,1.2064256080047926,10.611672205996001,1.501204737010994,334.8057912014774,336.3070344394946
req_01964,ieee-activation-942891bfbe6347b2a3a855d442302144,1880.8261852264404,2216.9876016189955,317.93058781056607,3.3090769959962927,0.11007060599513352,3.421718890007469,9.852050521993078,1.537911567997071,334.62347706955916,336.1614163925551
req_01965,ieee-activation-942891bfbe6347b2a3a855d442302144,1881.2860412597656,2225.3171328330063,317.4752674032352,3.305354901996907,19.822192484003608,1.6055386230000295,0.7934351090079872,1.0293030519969761,343.00176633724186,344.0310915732407
req_01966,ieee-activation-6c14ba67edf54cc9b80193ddbf12449f,1881.2886486053467,2281.448662158,317.4730017366528,1.4076865170063684,71.97842842299724,5.713380715998937,1.6445657739968738,1.94295038600103,398.2170522566448,400.16001355265325
req_01967,ieee-activation-6c14ba67edf54cc9b80193ddbf12449f,1883.5852241516113,2252.9516409770004,315.33477382139245,1.5732149559917161,44.642201280003064,6.205492501001572,0.7198381430062,0.8908961239940254,368.47547493339516,369.366416825389
req_01968,ieee-activation-942891bfbe6347b2a3a855d442302144,1884.288408279419,1920.9018053519976,8.257167104588007,10.324864743000944,1.2379254150000634,4.147565711988136,11.492453607002972,1.153420490998542,35.45994164758304,36.613397072578664
req_01969,ieee-activation-942891bfbe6347b2a3a855d442302144,1885.4937114715576,2216.9479982890043,313.58769859444874,2.5876053899992257,0.47205562599992845,2.3535703499946976,10.852273148004315,1.601083708999795,329.85316789345234,331.4542868174467
req_01970,ieee-activation-8411c4186c2c42b492909f7cff30a66f,1885.548599243164,2216.9603933479957,313.538622084845,2.979706426995108,1.567611331003718,4.1982628159894375,7.620387371003744,1.507204074994661,329.9045602148399,331.41179410483164
req_01971,ieee-activation-8411c4186c2c42b492909f7cff30a66f,1887.4628868103027,2220.2321151719952,311.6285107947042,15.93517814698862,3.588694720005151,0.6078371510084253,0.5433297099953052,0.46567783899081405,332.30352317070356,332.7692283616925
req_01972,ieee-activation-59da24158a1045ee92d55d692e9c3b84,1887.9487018585205,2228.530364157996,328.53247219047626,8.114193312008865,1.5082492829969851,0.9274651820014697,0.4733354460040573,1.0259468859876506,339.5556711254758,340.5816622994753
req_01973,ieee-activation-8411c4186c2c42b492909f7cff30a66f,1888.1557884216309,2232.3973449510086,328.32773193936737,8.93049770500511,1.883556763001252,3.344389499994577,1.151700640009949,0.6036799819994485,343.63784391837544,344.2415565293777
req_01974,ieee-activation-59da24158a1045ee92d55d692e9c3b84,1888.1833572387695,2228.1319466760033,328.30033135523263,8.621480797999538,1.2959985390043585,1.0107695990009233,0.24638964899349958,0.4736194970028009,339.47495590822655,339.94858943723375
req_01975,ieee-activation-8411c4186c2c42b492909f7cff30a66f,1888.1939811706543,2232.496102751,328.50034871335083,8.410123781999573,2.192991563002579,3.4244847529917024,1.0719488080067094,0.7022239609941607,343.5998682973586,344.30212158034556
req_01976,ieee-activation-8411c4186c2c42b492909f7cff30a66f,1888.7537822723389,2232.494702962009,328.23291941866046,8.77774639299605,1.5338780490128556,4.456041098994319,0.12008441200305242,0.6202513180032838,343.1206369896681,343.74092068967
req_01977,ieee-activation-8411c4186c2c42b492909f7cff30a66f,1889.3598861694336,2259.785522847,327.6269691595662,28.04492900900368,7.633043327994528,4.992306437008665,0.46893035699031316,1.6594583870028146,368.76616199656564,370.4256366775662
req_01978,ieee-activation-8411c4186c2c42b492909f7cff30a66f,1889.6902618408203,2232.4967341220035,327.2967340011819,9.047306463995483,1.2640775199979544,2.833893065006123,1.6611619549948955,0.7032992760068737,342.1031596951798,342.80647228118323
req_01979,ieee-activation-8411c4186c2c42b492909f7cff30a66f,1890.2135181427002,2257.5381650970085,326.77357733830286,28.93025254800159,4.802350639991346,4.213150859010057,1.5577912189910421,1.047524350011372,366.2771104823041,367.32464695430826
req_01980,ieee-activation-59da24158a1045ee92d55d692e9c3b84,1891.701005935669,2229.4412847280037,325.2862762163277,8.888929928012658,0.5259394409949891,2.1452238749916432,0.10187085000507068,0.7920384820026811,336.94822765332356,337.7402787923347
req_01981,ieee-activation-8411c4186c2c42b492909f7cff30a66f,1891.9793510437012,2243.463466230998,325.39072876529826,9.13540107900917,2.8724447569984477,5.056672477992834,8.1578491780092,0.8710189299890772,350.61307008730364,351.484115187297
req_01982,ieee-activation-59da24158a1045ee92d55d692e9c3b84,1893.0189113616943,2258.6233512089966,324.35139814330614,27.336560148003628,8.804204216998187,2.4511558810045244,0.6048591500002658,2.0562623079895275,363.54816777330416,365.6044398473023
req_01983,ieee-activation-8411c4186c2c42b492909f7cff30a66f,1893.0980319976807,2232.393776085999,324.2725005203247,7.285975505990791,2.183097130007809,3.882324827995035,1.072153109998908,0.5996929940010887,338.6960418063245,339.2957440883183
req_01984,ieee-activation-59da24158a1045ee92d55d692e9c3b84,1893.8949928283691,2228.555797358,323.60668221463857,8.00353012898995,0.8967861900018761,1.436756841998431,0.198915429005865,0.5181337249960052,334.14264925364114,334.6608045296307
req_01985,ieee-activation-8411c4186c2c42b492909f7cff30a66f,1895.8128967285156,2232.395218435995,321.87851011849125,9.3274668189988,0.6679576769965934,2.236440662993118,1.8698387910117162,0.6021076389879454,335.9801787824981,336.5823217074794
req_01986,ieee-activation-942891bfbe6347b2a3a855d442302144,1895.8146324157715,2250.7706736429973,321.8771482352313,26.755087819998153,1.7303844489943003,2.637687350012129,0.04614902500179596,1.9095843479881296,353.0464310422394,354.9560412272258
req_01987,ieee-activation-8411c4186c2c42b492909f7cff30a66f,1896.5099029541016,2242.796933015008,321.1820271289034,9.336144350003451,0.6588823519996367,4.930292379998718,0.20047261098807212,9.979211239013239,336.30779928789707,346.28703006090655
req_01988,ieee-activation-6c14ba67edf54cc9b80193ddbf12449f,1896.5890064239502,2242.8070196260087,321.1032504530449,7.723723805000191,3.66472156700911,1.2264508939988445,1.5681892239954323,10.93167725901003,335.2863135950465,346.2180132020585
req_01989,ieee-activation-6c14ba67edf54cc9b80193ddbf12449f,1897.1225032806396,2242.8082145180088,320.6182051973592,7.674582523002755,0.9547373300010804,5.29824572900543,0.20680436499242205,10.933136093008216,334.7525514123554,345.6857112373691
req_01990,ieee-activation-59da24158a1045ee92d55d692e9c3b84,1897.4068717956543,2231.713062986004,322.8266184093518,5.177058266999666,0.9907456880027894,2.3988959929993143,0.05191310300142504,2.860959729994647,331.4452002423641,334.30619119034964
req_01991,ieee-activation-6c14ba67edf54cc9b80193ddbf12449f,1898.4880084991455,2252.0591024919995,321.8663139658602,4.655442753995885,24.499074054998346,0.8827365860051941,0.4755859099968802,1.1919407219975255,352.37911100685596,353.571093992854
req_01992,ieee-activation-6c14ba67edf54cc9b80193ddbf12449f,1901.4056644439697,2243.7342406590033,320.1218688060326,4.288468693004688,5.987763494995306,2.2983137359988177,8.486813109993818,1.145348375008325,341.1832058180298,342.32857621503354
req_01993,ieee-activation-8411c4186c2c42b492909f7cff30a66f,1901.4531993865967,2253.902804484009,323.8643566164101,21.880532620998565,1.4404842520016246,3.928433948996826,0.1067924450035207,1.2290052140015177,351.220575498417,352.44960509741213
req_01994,ieee-activation-6c14ba67edf54cc9b80193ddbf12449f,1901.6275424957275,2252.9507006170024,324.942995165271,19.865815682001994,0.6932968949986389,4.6246258489991305,0.24156081600813195,0.9548637139960192,350.3682541842718,351.3231581212749
req_01995,ieee-activation-6c14ba67edf54cc9b80193ddbf12449f,1902.2317352294922,2257.5370273910085,324.63731091951195,20.33363367000129,0.36355588799051475,7.909090632005245,1.0156647980038542,1.0460362540034112,354.25923155351484,355.30529216151626
req_01996,ieee-activation-942891bfbe6347b2a3a855d442302144,1902.3786544799805,2251.9965266110084,324.49078938702587,20.714238599990495,0.7071914109983481,2.112396983007784,0.46325039499788545,1.1300053550075972,348.4878542250226,349.617872131028
req_01997,ieee-activation-6c14ba67edf54cc9b80193ddbf12449f,1902.5548629760742,2252.952966943005,325.5775197039329,17.944791044996236,1.0522531030001119,4.606815784005448,0.5946219319885131,0.6221023990074173,349.77597521092684,350.39810396693065
req_01998,ieee-activation-8411c4186c2c42b492909f7cff30a66f,1902.5682373046875,2249.5045877609955,325.96304114931263,15.977774448998389,1.0265496250067372,0.6533469669957412,0.5734944499999983,2.7421438159944955,344.1941767383105,346.936350456308
req_01999,ieee-activation-6c14ba67edf54cc9b80193ddbf12449f,1903.1277809143066,2257.534962411999,325.4292723546969,18.642609941991395,0.3664838640106609,7.363015126000391,1.5628862250014208,1.0429139859916177,353.36424198769964,354.40718149769236
req_02000,ieee-activation-942891bfbe6347b2a3a855d442302144,1903.147668838501,2272.3126240940037,325.61561592250655,17.966286240000045,24.256822651994298,0.2636222659930354,0.045446945005096495,1.017161230003694,368.1477495355066,369.1649552555027
req_02001,ieee-activation-942891bfbe6347b2a3a855d442302144,1903.1809730529785,2253.6844927409984,326.26116679202823,15.792087478999747,5.40096018499753,0.9826718120020814,0.44384371700289194,1.6227897029893938,348.8806893410365,350.5035196880199
req_02002,ieee-activation-942891bfbe6347b2a3a855d442302144,1903.1810207366943,2257.854237395004,328.61175805330276,14.965626283999882,7.1736246960063,1.630625827005133,0.9286783889983781,1.3629034089972265,353.3102853363089,354.6732166583097
req_02003,ieee-activation-59da24158a1045ee92d55d692e9c3b84,1903.9233570098877,2271.5835612490046,328.47280563811364,13.097898799998802,3.2228883399948245,12.55011915101204,9.457167123997351,0.8593251860002056,366.8008532661188,367.66020423911687
req_02004,ieee-activation-942891bfbe6347b2a3a855d442302144,1903.9581565856934,2251.994389041007,328.4382444963121,12.732919816000503,1.0487798419926548,4.594052622007439,0.17635631999291945,1.045879359007813,346.9903358783049,348.03623245531344
req_02005,ieee-activation-6c14ba67edf54cc9b80193ddbf12449f,1904.2559871673584,2253.8906641610083,328.14445241264184,14.362290445002145,0.8024646169942571,4.721978624002077,0.3813238730072044,1.2221670220023952,348.41249150763906,349.6346769936499
req_02006,ieee-activation-59da24158a1045ee92d55d692e9c3b84,1904.3290519714355,2260.388105185004,328.16620913257066,13.468347564994474,10.478804944999865,1.5352668929990614,0.7333472830068786,1.6770773949974682,354.3819391745783,356.0590532135684
req_02007,ieee-activation-942891bfbe6347b2a3a855d442302144,1904.8678913116455,2251.987049880001,327.62760166835506,13.062402750001638,0.6280963489989517,4.310127293007099,0.3707937909930479,1.1201367169996956,345.9989948153525,347.1191585683555
req_02008,ieee-activation-942891bfbe6347b2a3a855d442302144,1905.7949237823486,2248.623406068,326.9062038716511,13.964948068998638,0.14420517400139943,0.2952105360018322,0.0985514170024544,1.4193632179958513,341.4090884506586,342.82848228565126
req_02009,ieee-activation-8411c4186c2c42b492909f7cff30a66f,1905.8064212799072,2258.781131480995,326.8952164700895,13.497773806011537,8.287555447997875,0.6020353359926958,1.4786413410038222,2.2134877999924356,350.76120220108714,352.9747102010879
req_02010,ieee-activation-8411c4186c2c42b492909f7cff30a66f,1905.8074131011963,2288.556455990998,336.7805732298002,3.3890117070113774,26.521078066987684,12.525253017010982,2.0043072139960714,1.5288196549954591,381.2201785858051,382.7490428898018
req_02011,ieee-activation-8411c4186c2c42b492909f7cff30a66f,1906.7194366455078,2257.790410200003,336.07810830649396,5.58308533699892,0.2587636959942756,7.343605789006688,0.580774386995472,1.2266360390058253,349.84431037149625,351.07097355449514
req_02012,ieee-activation-8411c4186c2c42b492909f7cff30a66f,1908.6498680114746,2253.892711199005,334.157852506527,5.184933580996585,0.6466051320021506,3.769030826006201,0.2627222029987024,1.2216989389999071,344.02111201953085,345.2428431875305
req_02013,ieee-activation-59da24158a1045ee92d55d692e9c3b84,1908.8281650543213,2280.6871130350046,333.9901032586786,3.533159540995257,24.52342438501364,8.556630602994119,0.16427194699645042,1.0913582460052567,370.7675537306786,371.8589479806833
req_02014,ieee-activation-59da24158a1045ee92d55d692e9c3b84,1909.5295486450195,2258.7798595220083,333.93313488598506,3.172202447996824,4.270821915997658,4.776953086999129,0.884740506997332,2.2124580330128083,347.03781755798263,349.2503108769888
req_02015,ieee-activation-59da24158a1045ee92d55d692e9c3b84,1909.9387645721436,2280.687870153997,333.72929912585823,2.25286640500417,30.606307431997266,2.2583140219940105,0.8048251750005875,1.0974934219993884,369.65158586084726,370.74910558185366
req_02016,ieee-activation-59da24158a1045ee92d55d692e9c3b84,1910.0625,2287.8742520119995,333.67259000299964,2.464719134004554,36.765877803001786,1.4145088200020837,2.6479675709997537,0.8460886809916701,376.96560931400745,377.8117520119995
req_02017,ieee-activation-59da24158a1045ee92d55d692e9c3b84,1910.3195724487305,2283.322715913004,338.30483176726557,25.404332905003685,0.2967467790003866,8.203391076007392,0.02424510198761709,0.7695958350086585,372.2335119332565,373.0031434642733
req_02018,ieee-activation-59da24158a1045ee92d55d692e9c3b84,1914.0089797973633,2283.256082029009,335.4970972936426,23.015692693996243,1.025865691000945,8.970045422000112,0.032866326000657864,0.7055348050052999,368.54153994664375,369.24710223164584
req_02019,ieee-activation-59da24158a1045ee92d55d692e9c3b84,1916.096300125122,2280.686078175,334.744934374874,22.45351397601189,0.6802274529909482,3.838229561006301,1.6914705069939373,1.181402178001008,363.40835111186607,364.5897780498781
req_02020,ieee-activation-8411c4186c2c42b492909f7cff30a66f,1917.1703395843506,2282.5640059599973,334.82363232765056,21.011330155000906,6.5098023989994545,2.266643295995891,0.05996152100851759,0.722296676991391,364.6713348546473,365.3936663756467
req_02021,ieee-activation-942891bfbe6347b2a3a855d442302144,1917.5127086639404,1949.1999469069997,2.3407950110558886,6.42025768601161,11.434945623987005,1.4585172940132907,7.966923318992485,2.065799308998976,29.621396721049678,31.687238243059255
req_02022,ieee-activation-59da24158a1045ee92d55d692e9c3b84,1917.5710678100586,2280.6840405330004,334.75842858394026,21.116320296001504,0.5292972979950719,3.249458197009517,2.279518558003474,1.1799497899919515,361.93299425994337,363.1129727229418
req_02023,ieee-activation-942891bfbe6347b2a3a855d442302144,1918.0364360809326,2280.688517304996,334.2932303190755,20.701594899990596,3.695417720999103,2.682452720007859,0.1859644170035608,1.0934211469866568,361.5586491430877,362.6520812240633
req_02024,ieee-activation-942891bfbe6347b2a3a855d442302144,1918.8074684143066,2281.626998605003,333.52234633969783,21.63698043799377,1.3144307409966132,5.126144408000982,0.4414702740032226,0.7781579900038196,362.0413599416934,362.81953019069624
req_02025,ieee-activation-6c14ba67edf54cc9b80193ddbf12449f,1919.6854038238525,2281.4503816860088,333.2670376401511,19.632696454995312,0.14960923400940374,4.978786357998615,1.791947737990995,1.9449004370108014,359.82002964714775,361.76497786215623
req_02026,ieee-activation-942891bfbe6347b2a3a855d442302144,1926.9913654327393,1948.679818824996,0.5038460572686745,8.632289381988812,0.03063437899982091,2.8995941059984034,7.957423475003452,1.6646659929974703,20.023725467268378,21.688453392256633
req_02027,ieee-activation-8411c4186c2c42b492909f7cff30a66f,1927.8737506866455,2281.103656218009,325.81161334735225,20.684628173999954,1.3812792469980195,3.601700343002449,0.24528473000100348,1.5053996900096536,351.72442753634823,353.22990553136333
req_02028,ieee-activation-8411c4186c2c42b492909f7cff30a66f,1929.5803184509277,2283.5676698290044,324.31132287507353,19.52946568799962,7.481660853998619,1.310517396996147,0.3258006079995539,1.0285839560092427,352.95872274907015,353.9873513780767
req_02029,ieee-activation-942891bfbe6347b2a3a855d442302144,1929.7963829040527,2288.2940741700004,324.1893939699512,20.455333049001638,6.189840833991184,4.893651467005839,1.503833754992229,1.2656381910055643,357.2320223399438,358.49769126594765
req_02030,ieee-activation-8411c4186c2c42b492909f7cff30a66f,1930.1859912872314,2281.1025639330037,323.80001339777664,20.48568613298994,1.2797069170046598,3.4556274820060935,0.38954129299963824,1.5059974229952786,349.4105577477894,350.91657264577225
req_02031,ieee-activation-942891bfbe6347b2a3a855d442302144,1930.2641925811768,2280.6093171490065,327.2717936638219,15.754683530001785,1.2462594780081417,3.6962663999875076,1.2717845990118803,1.104336896998575,349.2407300228224,350.34512456782977
req_02032,ieee-activation-942891bfbe6347b2a3a855d442302144,1930.8570957183838,2283.322208811005,326.93230970262084,16.677312796993647,0.8146495249966392,7.023996137009817,0.24202791399147827,0.7748170170088997,351.6902629436081,352.4651130926213
req_02033,ieee-activation-8411c4186c2c42b492909f7cff30a66f,1930.8698234558105,2281.8519855460036,326.9199433881877,15.656917579006404,1.2246868579968577,6.135777172996313,0.29859236199990846,0.7462447300058557,350.23590227517707,350.982162090193
req_02034,ieee-activation-942891bfbe6347b2a3a855d442302144,1931.7528076171875,2280.625608346003,326.2010944008216,15.491233620996354,1.5399706309981411,3.532720571005484,0.9873749609978404,1.1204065439960686,347.75236366582976,348.8728007288155
req_02035,ieee-activation-942891bfbe6347b2a3a855d442302144,1931.8320636749268,2280.6102419399976,326.12208816508064,16.771229851001408,0.8965038269961951,2.690689151000697,1.274429457000224,1.0232378139917273,347.75492765707895,348.7781782650709
req_02036,ieee-activation-6c14ba67edf54cc9b80193ddbf12449f,1932.3037586212158,2281.4527331779973,326.31886135978857,14.667879133994575,4.146952126000542,1.5271617289981805,0.633099974002107,1.855020233997493,347.2938862967858,349.14897455678147
req_02037,ieee-activation-6c14ba67edf54cc9b80193ddbf12449f,1933.8554058074951,2316.343979441008,324.85540131550806,14.579373549000593,39.62592648799182,2.1324257660016883,0.1740914700058056,1.1213550450047478,381.36719242650724,382.4885736335127
req_02038,ieee-activation-6c14ba67edf54cc9b80193ddbf12449f,1937.183916091919,2315.085885588007,321.59848457008775,14.314781415989273,34.84685794400866,5.432355600991286,0.5646800500107929,1.1448099150002236,376.7571111330908,377.901969496088
req_02039,ieee-activation-6c14ba67edf54cc9b80193ddbf12449f,1938.2991733551025,2353.435759401007,320.48354102289886,14.36656745399523,73.3090421740053,4.775212983004167,0.746176934990217,1.4560454770107754,413.6805050428957,415.13658604590455
req_02040,ieee-activation-8411c4186c2c42b492909f7cff30a66f,1938.5501804351807,2314.4933597619965,321.2396259418165,14.418603074998828,34.094586958002765,3.740577167001902,1.88496328999463,0.5648228950012708,375.37832418580365,375.9431793268159
req_02041,ieee-activation-8411c4186c2c42b492909f7cff30a66f,1940.0796127319336,2314.4924400169984,320.3555220980634,12.921891561010852,34.08172368598753,5.029991281000548,1.4589374330098508,0.5647612259926973,373.84802808506356,374.41282728506485
req_02042,ieee-activation-942891bfbe6347b2a3a855d442302144,1940.5988540649414,2314.7613136169966,331.0724832200649,38.139696122001624,1.119824871988385,1.8507705470110523,1.1577472999924794,0.8219374909967883,373.34047793305945,374.1624595520552
req_02043,ieee-activation-59da24158a1045ee92d55d692e9c3b84,1941.2840614318848,2322.3605822560057,331.0331755871157,37.181329915998504,4.858340270002373,5.169406460001483,0.1387342819944024,2.695534309008508,378.38094924611505,381.07652082412096
req_02044,ieee-activation-942891bfbe6347b2a3a855d442302144,1941.3535423278809,2314.7583489829995,339.33137834812806,28.51465464399371,1.7309729629923822,1.2265595050121192,1.7810462490015198,0.8201949459908064,372.5845672421274,373.4048066551186
req_02045,ieee-activation-59da24158a1045ee92d55d692e9c3b84,1942.23726272583,2314.396196436006,338.44790233517415,29.18825026799459,1.81195376800315,1.3615470730001107,0.893234635994304,0.45604563000961207,371.7028675951733,372.1589337101759
req_02046,ieee-activation-8411c4186c2c42b492909f7cff30a66f,1942.6156635284424,2314.4951390070055,338.0697536665539,29.1895745810034,0.9935759649961255,0.9453220350114862,2.125235714993323,0.5560135160048958,371.32343824354757,371.8794754785631
req_02047,ieee-activation-942891bfbe6347b2a3a855d442302144,1942.6290798187256,2322.9027939890075,338.05754045327194,30.065187683998374,0.17913947701163124,10.05808081298892,1.155948523999541,0.7578172190114856,379.51586171626695,380.2737141702819
req_02048,ieee-activation-8411c4186c2c42b492909f7cff30a66f,1942.6872482299805,2314.495857946007,338.1611932810192,28.7527227600076,1.2672433539992198,0.6990081519907108,2.375036629004171,0.5534055400057696,371.25514144702174,371.8086097160267
req_02049,ieee-activation-6c14ba67edf54cc9b80193ddbf12449f,1943.0160636901855,2315.0874882869975,337.9071685498202,28.953368386995862,1.0992307499982417,1.6628260840079747,1.3019105429993942,1.1469202829903224,370.9244783048198,372.071424596812
req_02050,ieee-activation-59da24158a1045ee92d55d692e9c3b84,1943.6947841644287,2314.4871092240064,337.2287670565711,29.73053627400077,1.0314450320001924,2.1588477500044974,0.09530766399984714,0.547421283001313,370.244889899579,370.7923250595777
req_02051,ieee-activation-942891bfbe6347b2a3a855d442302144,1944.0562000274658,2754.7689504890004,698.9430284685368,30.287406892995932,73.53232645899698,6.549388782004826,0.67942250300257,0.7211773559974972,809.9915327325434,810.7127504615346
req_02052,ieee-activation-942891bfbe6347b2a3a855d442302144,1945.655559539795,2314.760455947995,335.4495387932111,28.494707101999666,1.3309416929987492,1.2263606600026833,1.7814843769883737,0.8218637829995714,368.2830064021982,369.10489640820015
req_02053,ieee-activation-942891bfbe6347b2a3a855d442302144,1946.8119983673096,2314.759648117004,334.29319828569714,29.772934720997,0.46587027999339625,0.771710011002142,1.8246425120014464,0.8192939400032628,367.12834515869326,367.9476497496944
req_02054,ieee-activation-59da24158a1045ee92d55d692e9c3b84,1946.9511108398438,2317.747475850003,334.5001630351617,29.133697130993824,4.696979305008426,1.6993040759989526,0.1769857850013068,0.5892356779950205,370.20708617816854,370.7963650101592
req_02055,ieee-activation-6c14ba67edf54cc9b80193ddbf12449f,1947.1838302612305,2315.0840503390064,334.2679406987736,29.302557065995643,0.2218455459951656,2.2670302750047995,0.6938330240081996,1.1470134679984767,366.75317925878335,367.9002200777759
req_02056,ieee-activation-942891bfbe6347b2a3a855d442302144,1947.3598937988281,2319.7184264990065,334.0920643581776,29.022623479002505,4.223571318987524,4.628783795007621,0.10811666600056924,0.28337308300251607,372.0751245081774,372.35853270017833
req_02057,ieee-activation-59da24158a1045ee92d55d692e9c3b84,1947.8968544006348,2315.6800495610078,333.62832589037134,29.35125225999218,1.0997468200075673,3.3442693959950702,0.25067266999394633,0.1089281240128912,367.67424012036645,367.783195160373
req_02058,ieee-activation-8411c4186c2c42b492909f7cff30a66f,1948.5568218231201,2314.4943408560066,333.0708580698847,28.50798332299746,0.7329649739986053,2.121526436007116,0.9474744100007229,0.5567118199978722,365.3807667558867,365.9375190328865
req_02059,ieee-activation-6c14ba67edf54cc9b80193ddbf12449f,1949.791893005371,2315.0867107250087,332.0609341846284,29.024396676002652,0.09903649799525738,1.7101215150032658,1.2509689379949123,1.149359908013139,364.1454260316241,365.29481771963765
req_02060,ieee-activation-6c14ba67edf54cc9b80193ddbf12449f,1949.8580436706543,2315.0885069880023,332.70826713435235,27.567782958998578,0.8419577839958947,2.0402578850043938,0.9236084559961455,1.1485890990006737,364.0818314873468,365.23046331734804
req_02061,ieee-activation-59da24158a1045ee92d55d692e9c3b84,1950.623146057129,2317.9564857160003,332.63383326187613,29.52464666600281,0.06669392199546564,4.8656472909933655,0.20963554400077555,0.032882974002859555,367.30041900486685,367.3333396588714
req_02062,ieee-activation-6c14ba67edf54cc9b80193ddbf12449f,1950.9078750610352,2315.084996192003,332.4846327719715,29.450271513996995,0.07317060099740047,0.9502335790020879,0.07749026399687864,1.1413224010029808,363.0357670879748,364.17712113096786
req_02063,ieee-activation-59da24158a1045ee92d55d692e9c3b84,1951.3722343444824,2376.7077127250086,332.02043265152315,30.40000332299678,59.729054303999874,0.5203561829985119,0.4666213010059437,2.199010618001921,423.13644985252176,425.3354783805262
req_02064,ieee-activation-8411c4186c2c42b492909f7cff30a66f,1952.9755382537842,2374.5124161959975,330.5926407232182,27.302242582998588,59.63034051499562,1.7126504180050688,1.3265176480053924,0.9724860549904406,420.56436910321645,421.5368779422133
req_02065,ieee-activation-8411c4186c2c42b492909f7cff30a66f,1953.1444664001465,2354.1838757170044,334.73071538686054,22.26188084098976,41.83283164900786,0.7992137569963234,0.1588793779956177,1.2558883050078293,399.7834458008583,401.0394093168579
req_02066,ieee-activation-942891bfbe6347b2a3a855d442302144,1953.148666381836,2322.297610417998,335.14713604416465,22.45775599600165,7.834882348004612,0.8397238170000492,0.06452687199634966,2.8049189589946764,366.3439528651652,369.148944036162
req_02067,ieee-activation-59da24158a1045ee92d55d692e9c3b84,1954.0136184692383,2314.4003855610063,334.5640288877621,21.022831306006992,1.7680426609877031,1.1026183790090727,1.4696727340051439,0.45957312399696093,359.92716100376856,360.386767091768
req_02068,ieee-activation-942891bfbe6347b2a3a855d442302144,1958.201099395752,2323.225169301004,330.69941862125415,24.006283725990215,0.07213590200990438,9.1936495659902,0.12713617501140106,0.9254459149960894,364.09858961626014,365.02406990525196
req_02069,ieee-activation-942891bfbe6347b2a3a855d442302144,1958.9862117767334,2322.9679002220073,355.41268810427573,2.8515831739932764,0.46929681599431206,3.042959876009263,1.3819645009934902,0.823195974007831,363.1583492112695,363.9816884452739
req_02070,ieee-activation-942891bfbe6347b2a3a855d442302144,1959.0807075500488,2322.9626729400043,355.40318971694796,2.321532272006152,0.4411157220019959,3.8607369099918287,1.0379271060082829,0.8174636629992165,363.06445420095406,363.88196538995544
req_02071,ieee-activation-942891bfbe6347b2a3a855d442302144,1959.5010681152344,2322.2858817000088,354.996093214766,2.468080719001591,0.28144894499564543,2.2020727199997054,0.051132877997588366,2.785985108013847,359.99876818375196,362.7848135847744
req_02072,ieee-activation-6c14ba67edf54cc9b80193ddbf12449f,1959.5065803527832,2388.2894926320005,354.9909893602162,2.0448518530029105,66.68455092399381,0.41470458199910354,0.27269998801057227,4.375115571994684,424.40777587422053,428.78291227921727
req_02073,ieee-activation-6c14ba67edf54cc9b80193ddbf12449f,1959.7748680114746,2354.251593686,354.7230896115216,2.046268800011603,35.43862028699368,0.7340407820011023,0.21328377600002568,1.3214224179973826,393.1552705775248,394.47672567452537
req_02074,ieee-activation-8411c4186c2c42b492909f7cff30a66f,1959.8976440429688,2338.3759220229986,354.6005482020264,3.0621017500088783,1.3645679759938503,5.868787010011147,0.33681099298701156,13.245462049002526,365.2327950550243,378.4782779800298
req_02075,ieee-activation-8411c4186c2c42b492909f7cff30a66f,1961.299186706543,2323.8065148680034,353.1992714254593,2.7492844789958326,1.6770073530060472,1.8642650160036283,1.501473463998991,1.5160264239966637,360.991255593457,362.50732816146046
req_02076,ieee-activation-942891bfbe6347b2a3a855d442302144,1961.8423156738281,2339.6980786210042,352.6563464651699,2.0469421930029057,0.7006124960025772,10.024975734995678,11.080116124998312,1.3467699330067262,376.50895486016816,377.8557629471761
req_02077,ieee-activation-6c14ba67edf54cc9b80193ddbf12449f,1963.375955581665,2323.6298586610064,351.1229323633306,2.0455880030058324,0.38629146599851083,4.18419517800794,1.030466775991954,1.4844292930065421,358.7694557773357,360.2539030793414
req_02078,ieee-activation-59da24158a1045ee92d55d692e9c3b84,1963.5485706329346,2319.6640570750023,351.21048220506054,1.4791311750013847,0.6386800420004874,1.9066005880013108,0.4597068000002764,0.42088563200377394,355.69454223306093,356.1154864420678
req_02079,ieee-activation-8411c4186c2c42b492909f7cff30a66f,1963.645299911499,2339.776964863995,351.1849139245023,1.9744150820042705,6.883946611997089,2.520343256997876,12.14263160500559,1.4254144719889155,374.7062237425125,376.13166495249607
req_02080,ieee-activation-59da24158a1045ee92d55d692e9c3b84,1964.4351959228516,2322.961559206,350.3951547271572,1.1946930489939405,0.8517055010015611,2.9943066830019234,2.266699030995369,0.8238042919983855,357.70254234515596,358.5263632831484
req_02081,ieee-activation-8411c4186c2c42b492909f7cff30a66f,1966.9785480499268,2323.807108055,347.85189009507303,3.0940008210018277,1.3631051940028556,1.9738652789965272,1.0310128569981316,1.514685759000713,355.3138580750674,356.8285600050731
req_02082,ieee-activation-59da24158a1045ee92d55d692e9c3b84,1967.4893951416016,2322.9666234199976,347.59975941739685,1.4558987369964598,0.3318570490082493,3.5466017389990157,1.7226187469932484,0.8204925890022423,354.65669335638813,355.47722827839607
req_02083,ieee-activation-8411c4186c2c42b492909f7cff30a66f,1967.6648902893066,2344.5760479320015,347.4244870026887,2.1134965119999833,20.487071976007428,3.2570370250032283,1.6590612329891883,1.9700038940063678,374.9411210776889,376.9111576426949
req_02084,ieee-activation-8411c4186c2c42b492909f7cff30a66f,1969.7261543273926,2352.9451770099986,345.36340370260586,2.832973156007938,29.386413215994253,2.1848221580003155,2.3672297390003223,1.084180710997316,382.1348079626041,383.219022682606
req_02085,ieee-activation-6c14ba67edf54cc9b80193ddbf12449f,1970.8134574890137,2340.1716279340035,344.276493509984,1.7161796830041567,1.2922087640035897,7.830591684993124,12.421954088000348,1.8207427150045987,367.5374064819771,369.3581704449898
req_02086,ieee-activation-6c14ba67edf54cc9b80193ddbf12449f,1971.3689937591553,2340.170666232996,343.7210999718518,1.9580481890006922,6.521857008992811,3.1995492260030005,11.58451285699266,1.816605220999918,366.9850520618493,368.8016724738409
req_02087,ieee-activation-6c14ba67edf54cc9b80193ddbf12449f,1971.3808727264404,2323.8997831570014,343.7093585265684,1.875876314996276,1.1329616680013714,3.7886779260006733,0.40192152599047404,1.6101144690037472,350.9087763495627,352.51891043056094
req_02088,ieee-activation-59da24158a1045ee92d55d692e9c3b84,1971.709711074829,2349.469261887003,343.97171265017823,10.048741072998382,17.357235659990693,5.473968381003942,0.22880237399658654,0.6790906740061473,377.08039702416863,377.759550812174
req_02089,ieee-activation-942891bfbe6347b2a3a855d442302144,1973.1952323913574,2441.501237871009,343.34662151864904,7.170325383995078,100.45098181899812,1.479562808002811,14.135409437993076,1.7231045120133786,466.5828736956464,468.3060054796515
req_02090,ieee-activation-59da24158a1045ee92d55d692e9c3b84,1973.2871932983398,2343.2677393330086,344.4607175016572,6.509937537004589,15.353247164006461,1.7030153379892,1.2915840220084647,0.66204447200289,369.3184757266572,369.9805460346688
req_02091,ieee-activation-59da24158a1045ee92d55d692e9c3b84,1974.3104724884033,2339.3273360489984,343.6465021805925,6.357574510999257,0.41281453501142096,2.784283115994185,10.848870379995788,0.9668188380019274,364.0500098135817,365.0168635605951
req_02092,ieee-activation-942891bfbe6347b2a3a855d442302144,1975.0371208190918,2353.8054079349968,344.6287315149093,4.469304554993869,21.521953796007438,5.962378408992663,0.35874284800956957,1.8271759929921245,376.94103998391074,378.76828711590497
req_02093,ieee-activation-942891bfbe6347b2a3a855d442302144,1980.3083457946777,2353.806306911996,339.93154603832227,4.636263403008343,21.777250426996034,4.037475598990568,1.2868925500079058,1.8285330999933649,371.6693673863192,373.4979611173185
req_02094,ieee-activation-942891bfbe6347b2a3a855d442302144,1980.8887615203857,2355.955682351996,341.40246101461526,2.2927594460052205,27.288123854988953,2.927733292002813,0.24021582800196484,0.9156273959961254,374.1512317506131,375.06692083161033
req_02095,ieee-activation-942891bfbe6347b2a3a855d442302144,1981.1637687683105,2355.7359388260084,341.1352877846948,2.974730963993352,22.927224569997634,5.028507220005849,0.6841757189977216,1.8222438000084367,372.74989541468676,374.5721700576978
req_02096,ieee-activation-6c14ba67edf54cc9b80193ddbf12449f,1982.8348979949951,2340.172132730004,339.526420322014,2.351303811999969,0.5688092129857978,4.053879640006926,9.018484165004338,1.8183375829976285,355.51881600501656,357.3372347350087
req_02097,ieee-activation-59da24158a1045ee92d55d692e9c3b84,1984.0347785949707,2339.326325565009,338.929997682033,2.955755118004163,0.4211273049877491,1.1541838720004307,10.864075056000729,0.9664079370122636,354.32506638002815,355.2915469700383
req_02098,ieee-activation-59da24158a1045ee92d55d692e9c3b84,1984.834316253662,2343.1430371690076,338.1308232713345,15.128421721004997,0.09767081899917684,3.165341398998862,1.249790756002767,0.5366729490051512,357.7720128403307,358.3087209153455
req_02099,ieee-activation-942891bfbe6347b2a3a855d442302144,1985.0813961029053,2353.807521195995,337.884122075091,2.8693478260101983,17.695112936999067,6.389968296003644,2.0573455179983284,1.8302284409874119,366.89584773409297,368.72612509308965
req_02100,ieee-activation-59da24158a1045ee92d55d692e9c3b84,1985.4982280731201,2339.324718689997,337.68485001588124,1.6940051389974542,1.4644628000096418,1.8284164989890996,10.18921102200693,0.9655451409926172,352.8609209228889,353.826490616877
req_02101,ieee-activation-59da24158a1045ee92d55d692e9c3b84,1987.3412437438965,2343.1439193179976,335.84209551510867,14.318910515998141,0.07133758299460169,2.1800985779991606,0.42058928300684784,2.96964409899374,352.8330190911074,355.80267557410116
req_02102,ieee-activation-942891bfbe6347b2a3a855d442302144,1987.3974437713623,2343.596212713004,335.83064244863635,2.4184325770038413,15.214600917999633,1.271784922995721,0.60127452800225,0.8620335470041027,355.3366952186334,356.1987689416419
req_02103,ieee-activation-942891bfbe6347b2a3a855d442302144,1990.7199230194092,2353.8069397530053,332.9109330745996,20.52647037099814,0.0722159040014958,5.911325705994386,1.8382832549978048,1.8277884230046766,361.25915982259903,363.0870167335961
req_02104,ieee-activation-59da24158a1045ee92d55d692e9c3b84,1991.5486183166504,2347.8418337750045,332.31964465435885,20.59392683999613,0.5100052639900241,1.4115532280120533,0.24970342600136064,1.208382045995677,355.08480370436155,356.2932154583541
req_02105,ieee-activation-6c14ba67edf54cc9b80193ddbf12449f,1991.812505722046,2353.434930919,332.05588673695456,21.85064753300685,0.4142966559884371,4.897220971004572,0.949377299999469,1.454996000000392,360.1674065589468,361.6224251969543
req_02106,ieee-activation-8411c4186c2c42b492909f7cff30a66f,1993.970163345337,2353.049184099,329.9302115636674,20.56045987199468,0.6903640929958783,4.7263014020136325,2.0994827129907208,1.0722011100006057,358.0067944686598,359.0790207536629
req_02107,ieee-activation-8411c4186c2c42b492909f7cff30a66f,1994.592794418335,2353.051205541007,343.78351137366553,6.499388765005278,0.2831866880005691,4.245311134989606,2.457152365008369,1.189860796002904,357.2685306046624,358.45841112267226
req_02108,ieee-activation-59da24158a1045ee92d55d692e9c3b84,1995.4338493347168,2353.7495817190065,343.89173443528125,4.628049912003917,2.4635209510015557,3.5347997579956427,2.0269697519979673,1.7706575760093983,356.54499315428257,358.31573238428973
req_02109,ieee-activation-8411c4186c2c42b492909f7cff30a66f,1999.180778503418,2353.0505338259973,340.37874995559105,5.015430567000294,0.5783860689989524,4.7091429049905855,2.116212128996267,1.0718336970021483,352.7978983745852,353.8697553225793
req_02110,ieee-activation-8411c4186c2c42b492909f7cff30a66f,1999.5007953643799,2352.9632654820016,340.05888599662285,5.890582687003189,0.13190010999096557,4.150397117002285,2.24591316000442,0.9847910469979979,352.47766839862743,353.4624701176217
req_02111,ieee-activation-6c14ba67edf54cc9b80193ddbf12449f,1999.874771118164,2353.4621506620024,339.82430631383613,5.952927852005814,1.936679437989369,3.4975600210018456,0.8917571540077915,1.4841487649973715,352.1032053328381,353.5873795438383
req_02112,ieee-activation-59da24158a1045ee92d55d692e9c3b84,2001.5141868591309,2348.269167146005,338.51212211286474,4.129018934007036,0.5125123720063129,1.786102812999161,0.18507730499550235,1.630146750001586,345.12480884186516,346.75498028687434
req_02113,ieee-activation-6c14ba67edf54cc9b80193ddbf12449f,2002.1555709838867,2355.8422038230055,338.0171083221212,4.415051462987321,1.1482840740063693,9.350634930000524,0.024158015992725268,0.731396034010686,352.9552136491111,353.68663283911883
req_02114,ieee-activation-6c14ba67edf54cc9b80193ddbf12449f,2002.4777221679688,2353.194911376995,337.69563463603845,4.70466427700012,1.2545126559998607,5.566021068996633,0.2819720830011647,1.2143844879901735,349.50277412204014,350.7171892090264
req_02115,ieee-activation-6c14ba67edf54cc9b80193ddbf12449f,2002.6157207489014,2353.194012146996,337.55787470810174,5.698696512001334,0.2611210659961216,4.146280789995217,1.6997519910073606,1.214566330992966,349.36370342109876,350.57829139809473
req_02116,ieee-activation-59da24158a1045ee92d55d692e9c3b84,2003.1455764770508,2352.4691383150057,339.9991928359523,4.145681052992586,0.38907955700415187,1.2065661119995639,0.19064753600105178,3.392394744005287,345.93112216594454,349.3235618379549
req_02117,ieee-activation-59da24158a1045ee92d55d692e9c3b84,2004.1751766204834,2374.5025265720033,338.9698457765189,4.945280667001498,22.377865892995032,2.2777848550031194,0.8811957400030224,0.8753770199982682,369.45194888951664,370.32734995151986
req_02118,ieee-activation-59da24158a1045ee92d55d692e9c3b84,2004.1953926086426,2352.4663402559963,339.0739318313572,3.7037614910077536,0.7058753819874255,1.3414557890064316,0.16722201700031292,3.2787011369946413,344.99222132236173,348.27094764735375
req_02119,ieee-activation-8411c4186c2c42b492909f7cff30a66f,2007.386568069458,2352.9509454759973,336.21048858354334,3.692462043996784,0.01927333300409373,2.7509177239990095,1.9178359750076197,0.9733997469884343,344.5909351705486,345.5643774065393
req_02120,ieee-activation-942891bfbe6347b2a3a855d442302144,2008.0659999847412,2388.6693904400017,336.5103251052642,2.082616751999012,35.576454886991996,3.8259729710116517,0.15820708899991587,2.4498136509937467,378.15355583226483,380.6033904552605
req_02121,ieee-activation-59da24158a1045ee92d55d692e9c3b84,2008.0841751098633,2382.1207547090016,339.787248477136,5.611146705996362,27.352363895013696,0.2694283959863242,0.0630226070061326,0.9533695179998176,373.0831721611321,374.03657959913835
req_02122,ieee-activation-59da24158a1045ee92d55d692e9c3b84,2008.3539505004883,2370.653168613004,339.91581700251845,5.603844201992615,14.57338980800705,0.41056491699418984,0.5056140320084523,1.289988150994759,361.0092065225326,362.2992181125155
req_02123,ieee-activation-59da24158a1045ee92d55d692e9c3b84,2008.4157028198242,2370.6541117250017,341.2477714311826,5.396476474998053,0.7743732779927086,2.477933636007947,11.04544877698936,1.296405308006797,360.9419609801698,362.2384089051775
req_02124,ieee-activation-59da24158a1045ee92d55d692e9c3b84,2008.4176788330078,2370.6518258300057,344.05074503699143,2.4431401180045214,0.9222952999989502,1.9899948009988293,11.533605447999435,1.294366293004714,360.93971609999426,362.2341469969979
req_02125,ieee-activation-59da24158a1045ee92d55d692e9c3b84,2009.2159748077393,2388.398310311997,343.4729377052572,2.3719158860039897,29.351096148006036,1.193420233001234,0.6182685069943545,2.174697024995112,377.00761735426204,379.18233550425794
req_02126,ieee-activation-59da24158a1045ee92d55d692e9c3b84,2009.65425491333,2370.652612291,343.29415535667795,3.713865669997176,0.37249901199538726,3.26946484700602,9.053916750999633,1.294455740993726,359.70386386467726,360.9983573776699
req_02127,ieee-activation-8411c4186c2c42b492909f7cff30a66f,2009.7090396881104,2370.2433442720067,343.25356572988676,2.377484149998054,0.00572696200106293,3.2985979590011993,10.712572504009586,0.8863572789996397,359.64791346188576,360.5343045838963
req_02128,ieee-activation-6c14ba67edf54cc9b80193ddbf12449f,2010.5332717895508,2370.5110627579998,342.51552505044674,2.935862284997711,1.3151724030030891,2.3938507749990094,9.662860351003474,1.1545201039989479,358.82324001044617,359.97779096844897
req_02129,ieee-activation-6c14ba67edf54cc9b80193ddbf12449f,2010.9366569519043,2370.2414300679957,342.4973705711018,2.9407991759944707,1.2777690439979779,1.719409088997054,9.98382972201216,0.885595513987937,358.4191211041034,359.3047731160914
req_02130,ieee-activation-6c14ba67edf54cc9b80193ddbf12449f,2010.938217163086,2370.5099049370037,342.4962135299138,2.0673164299951168,0.48226324300048873,2.3886485200055176,10.982652578997659,1.1545934720052173,358.41706898591656,359.5716877739178
req_02131,ieee-activation-8411c4186c2c42b492909f7cff30a66f,2011.2713775634766,2442.3390887580026,342.1652484525257,3.1193749429949094,67.61004433900234,0.7024975219974294,14.9089227450022,2.56162319300347,428.5060511915217,431.06771119452605
req_02132,ieee-activation-6c14ba67edf54cc9b80193ddbf12449f,2012.8476104736328,2370.3970284079987,340.5894537753629,3.2218065100023523,1.2775154010014376,0.5705034540005727,10.851040884997929,1.0390979090007022,356.5102926923573,357.5494179343659
req_02133,ieee-activation-6c14ba67edf54cc9b80193ddbf12449f,2013.5093460083008,2370.3976595050044,339.92790879569657,2.404134195006918,1.1377649979986018,2.0629012230056105,10.314022448990727,1.0415818360052072,355.8467055566871,356.88831349670363
req_02134,ieee-activation-8411c4186c2c42b492909f7cff30a66f,2013.5101070404053,2379.686736763004,339.95239483159094,2.736334330009413,20.370767114989576,0.8296757470088778,1.8193565090041375,0.4681011899956502,365.70851018460235,366.1766297225986
req_02135,ieee-activation-8411c4186c2c42b492909f7cff30a66f,2013.6276187896729,2370.259907272004,339.8350371113338,3.576746146994992,1.2763192999991588,1.9209349019947695,9.120105808004155,0.9031452140043257,355.7291318003263,356.6322884823312
req_02136,ieee-activation-6c14ba67edf54cc9b80193ddbf12449f,2014.1885070800781,2380.5912006520084,339.5553650349175,13.833245801011799,5.90487167298852,3.8060271150025073,1.9301727440033574,1.373011204006616,365.0296494989161,366.4026935719303
req_02137,ieee-activation-8411c4186c2c42b492909f7cff30a66f,2014.5321083068848,2370.2605736280093,339.3589478601207,2.924026993990992,1.5004605240101228,2.6687149279896403,8.37297431800107,0.9033406970120268,354.825096423112,355.72846532112453
req_02138,ieee-activation-942891bfbe6347b2a3a855d442302144,2014.5392208099365,2381.160107666001,339.35209228406893,2.77071270099259,19.44070569401083,2.035547968989704,1.0801298400037922,1.9416983679984696,364.67917258407397,366.6208868560643
req_02139,ieee-activation-8411c4186c2c42b492909f7cff30a66f,2014.5982208251953,2370.2609758659964,339.29317254479975,14.551332299000933,0.079975981003372,0.40638533199671656,0.434355305013014,0.8975335789873498,354.76520755181264,355.66275504080113
req_02140,ieee-activation-942891bfbe6347b2a3a855d442302144,2015.4969482421875,2372.8102966720035,338.3945038388192,2.308165276001091,0.659396029994241,2.502405962004559,9.994885969994357,3.4539913530024933,353.8593464508158,357.31334842981596
req_02141,ieee-activation-942891bfbe6347b2a3a855d442302144,2015.9544925689697,2404.3895770170056,337.93703226803336,2.368252663000021,29.93640637099452,7.756122247010353,8.95496761299728,1.4823032860003877,386.95276884203486,388.4350844480359
req_02142,ieee-activation-942891bfbe6347b2a3a855d442302144,2016.2640838623047,2419.738503711007,337.9212915646931,2.4742247859976487,55.86662320100004,3.851368239003932,1.4754694709990872,1.8854425870085834,401.58893599668227,403.4744198487024
req_02143,ieee-activation-8411c4186c2c42b492909f7cff30a66f,2016.2649726867676,2370.390985143007,337.99133070523385,1.398249798003235,1.5659608040004969,1.4634151579957688,10.674521766995895,1.0325342240103055,353.0934182492347,354.12601245623955
req_02144,ieee-activation-6c14ba67edf54cc9b80193ddbf12449f,2016.6728763580322,2380.529795074006,339.0640259149659,19.57274728899938,1.041378720998182,0.5580074790050276,2.308888757994282,1.3118705540109659,362.5450051769585,363.85691871597373
req_02145,ieee-activation-6c14ba67edf54cc9b80193ddbf12449f,2016.822603225708,2380.528917575997,339.0271181942953,19.53817202799837,0.9635681820072932,0.49411384599807207,2.3732786280015716,1.310063471988542,362.39622349430283,363.7063143502892
req_02146,ieee-activation-6c14ba67edf54cc9b80193ddbf12449f,2016.8313312530518,2383.4694499379984,339.12476442394836,18.27375782300078,6.187187401999836,2.3384246740024537,0.05480830499436706,0.6591760570008773,365.97891415594495,366.6381186849467
req_02147,ieee-activation-8411c4186c2c42b492909f7cff30a66f,2017.2115001678467,2418.054798037003,353.03684779915784,17.804838448995724,23.308016427006805,6.135616906991345,0.35771289900003467,0.2002653880044818,400.6429830391571,400.84329786915623
req_02148,ieee-activation-6c14ba67edf54cc9b80193ddbf12449f,2018.0114116668701,2380.4601424580032,352.2371777941298,4.264864290002151,1.2484780700033298,1.1042430200031959,2.052845226993668,1.5411223900009645,360.90759228712704,362.44873079113313
req_02149,ieee-activation-6c14ba67edf54cc9b80193ddbf12449f,2019.4539394378662,2380.529419411003,350.9375881261367,4.222444636994624,1.4455022120091598,0.8495613489940297,2.2854702780023217,1.3349133709998569,359.74054586213606,361.0754799731367
req_02150,ieee-activation-6c14ba67edf54cc9b80193ddbf12449f,2019.5411949157715,2380.530054433999,350.8504788262362,4.472359835999669,1.486876968992874,0.47472227399703115,2.36850531300297,1.3359162999986438,359.6529216702329,360.9888595182274
req_02151,ieee-activation-8411c4186c2c42b492909f7cff30a66f,2019.8554039001465,2379.2456066870072,350.5364700408536,3.5299169850040926,0.005870060995221138,2.638321453006938,0.07039105799049139,2.6092331890104106,356.78095925285015,359.39020278686075
req_02152,ieee-activation-6c14ba67edf54cc9b80193ddbf12449f,2019.8572521209717,2404.0846901490004,350.5347521020303,16.697679257005802,1.1325808499968844,2.0510021219961345,12.636618571006693,1.1748051259928616,383.05262227903586,384.2274380280287
req_02153,ieee-activation-6c14ba67edf54cc9b80193ddbf12449f,2019.866283416748,2403.221253099997,350.64290505225654,16.31014278800285,1.4028304779931204,1.0736980590008898,0.11509907299478073,13.810294233000604,369.54464834225655,383.3549696832488
req_02154,ieee-activation-8411c4186c2c42b492909f7cff30a66f,2020.2842025756836,2379.2395868239983,350.2253534813208,4.00082695200399,0.08771479300048668,1.9678846379974857,0.07085954998910893,2.602744834002806,356.3526131273102,358.95538424831466
req_02155,ieee-activation-59da24158a1045ee92d55d692e9c3b84,2020.2928256988525,2380.893536589996,350.27944391015626,5.1464259489875985,0.8390266880014678,0.8368657539976994,1.8338590580096934,1.6650895319908159,358.93558298515563,360.60071089114354
req_02156,ieee-activation-6c14ba67edf54cc9b80193ddbf12449f,2020.4333934783936,2404.0873237460037,350.1390552986122,17.01336713299679,0.6365324770013103,1.4816728930018144,13.204305834995466,1.1789966310025193,382.4749001776072,383.6539302676101
req_02157,ieee-activation-8411c4186c2c42b492909f7cff30a66f,2021.2955055236816,2404.206047255997,349.35950007832434,3.9634897490032017,15.162662074988475,2.6948594210116426,10.655911453999579,1.07411895498808,381.8363851053291,382.9105417323153
req_02158,ieee-activation-59da24158a1045ee92d55d692e9c3b84,2021.9631462097168,2422.7842373019957,348.6920639072923,4.4619030129979365,46.460999741000705,0.21316755400039256,0.2048374429869,0.7881194340006914,400.0329484632821,400.82109109227895
req_02159,ieee-activation-59da24158a1045ee92d55d692e9c3b84,2021.9634895324707,2380.8949990840047,348.69185082253534,5.518456521996995,0.389302053998108,0.8458114410022972,1.8190241039992543,1.667064608001965,357.26441584553686,358.93150955153396
req_02160,ieee-activation-59da24158a1045ee92d55d692e9c3b84,2021.9966983795166,2380.8958186890086,348.65885717447964,4.704422080001677,1.1976280780072557,1.9160332589963218,0.7545814140030416,1.6675983040040592,357.2315041424881,358.899120309492
req_02161,ieee-activation-8411c4186c2c42b492909f7cff30a66f,2022.344985961914,2383.106319049999,350.98354058708355,1.42020000400953,6.161010765994433,1.2135167520027608,0.3586152450006921,0.6244497339939699,360.1368276770809,360.76133308808494
req_02162,ieee-activation-6c14ba67edf54cc9b80193ddbf12449f,2022.3523387908936,2403.208503451009,352.1558474071062,11.998704961995827,1.7151013719994808,0.9658227540057851,0.14391337599954568,13.876774789008778,366.9793418941117,380.8561646601156
req_02163,ieee-activation-6c14ba67edf54cc9b80193ddbf12449f,2022.3845615386963,2404.0837102939986,352.217689563302,13.098734465005691,0.5214386320003541,1.08869056700496,0.10117169099976309,14.671423836989561,367.02769221730705,381.6991487553023
req_02164,ieee-activation-8411c4186c2c42b492909f7cff30a66f,2023.151273727417,2457.419852527004,353.5676472485793,10.096191082004225,64.72075222700369,4.0826860969973495,1.6525657750025857,0.1487363699998241,434.1197630455863,434.268578799587
req_02165,ieee-activation-6c14ba67edf54cc9b80193ddbf12449f,2023.1626415252686,2404.088831151006,356.07766641373746,8.813297967994004,0.168902593999519,1.8394305950059788,12.848943035991397,1.1779490190092474,379.74820407872903,380.9261896257376
req_02166,ieee-activation-59da24158a1045ee92d55d692e9c3b84,2025.544017791748,2458.6214423119964,353.7024988062476,8.267356693002512,69.21724649600219,0.4076807370001916,0.23819613999512512,1.244445648000692,431.83290498223505,433.0774245202483
req_02167,ieee-activation-6c14ba67edf54cc9b80193ddbf12449f,2025.9320812225342,2404.085725641009,353.76104958346696,8.5342404779949,0.11478619900299236,1.1821374709979864,13.38463364400377,1.1767970430082642,376.9767877964623,378.15364441847487
req_02168,ieee-activation-942891bfbe6347b2a3a855d442302144,2026.1012725830078,2404.6860879570013,354.4890960689954,6.797192743993946,0.41081364700221457,4.167646606001654,11.16554046300007,1.554525845000171,377.0302639069996,378.5848153739935
req_02169,ieee-activation-59da24158a1045ee92d55d692e9c3b84,2026.1269130706787,2403.748523215996,354.4636632793263,7.463725622990751,0.08548258800874464,2.449823885996011,12.318169535006746,0.840745233988855,376.7808547403256,377.6216101453174
req_02170,ieee-activation-8411c4186c2c42b492909f7cff30a66f,2026.7429218292236,2410.9527347450057,353.8477113617846,6.496936924988404,21.34800341600203,1.3568815290054772,0.4839834150043316,0.6762962689972483,383.5335080507939,384.2098129157821
req_02171,ieee-activation-59da24158a1045ee92d55d692e9c3b84,2028.665641784668,2403.732084635005,351.92505036432703,6.9990323830134,0.3976593829866033,2.4420177130086813,12.479276076992392,0.8234069300087867,374.2430206363206,375.0664428503369
req_02172,ieee-activation-942891bfbe6347b2a3a855d442302144,2028.9653301239014,2410.240519743995,351.6254158341035,6.735050467992551,15.454090366998571,2.5800487369997427,3.158560503012268,1.7220237109868322,379.553158199109,381.27518962009344
req_02173,ieee-activation-59da24158a1045ee92d55d692e9c3b84,2029.5801620483398,2404.027828120001,351.21862873966165,6.01898979699763,1.1695069260022137,2.286224060007953,12.63612565198855,1.1181908970029326,373.32944243666134,374.44766607166093
req_02174,ieee-activation-59da24158a1045ee92d55d692e9c3b84,2029.580961227417,2404.0261058879987,351.32464523658564,6.857035331995576,0.22481906499888282,4.6001723280060105,10.321544271995663,1.116928426999948,373.32819153758464,374.4451446605817
req_02175,ieee-activation-8411c4186c2c42b492909f7cff30a66f,2029.9457454681396,2404.2003471750068,350.9629986358632,7.231272278004326,1.3306441439926857,1.6317976450081915,12.029720421996899,1.0681685820018174,373.18641162286804,374.2546017068671
req_02176,ieee-activation-59da24158a1045ee92d55d692e9c3b84,2030.063865661621,2403.7468742759957,350.84544463538623,5.663206421988434,1.4146080070058815,2.1046164040017175,12.816327933993307,0.8388052119989879,372.8441772633814,373.68300861437456
req_02177,ieee-activation-942891bfbe6347b2a3a855d442302144,2030.9713611602783,2404.388466106,350.18983329072944,5.468125956991571,1.168857124997885,3.8582386990019586,11.475997497997014,1.256052376003936,372.1610081297258,373.4171049457218
req_02178,ieee-activation-8411c4186c2c42b492909f7cff30a66f,2033.043104171753,2410.173600152004,349.07839461625554,5.578054691999569,16.51001410599565,1.9267585530033102,2.298675938989618,1.7385980740073137,375.39182257624634,377.130495980251
req_02179,ieee-activation-942891bfbe6347b2a3a855d442302144,2033.2373600006104,2404.6843645949994,349.8695573233854,4.777697309007635,0.332326029005344,2.167416386990226,12.660791123009403,1.6392164229910122,369.80774805438705,371.447004594389
req_02180,ieee-activation-8411c4186c2c42b492909f7cff30a66f,2034.0155029296875,2404.2010245109996,349.45475506031653,4.933790914990823,1.0667336620099377,4.624404144997243,8.948962031994597,1.15687576700293,369.0285883063043,370.18552158131206
req_02181,ieee-activation-8411c4186c2c42b492909f7cff30a66f,2034.8803272247314,2412.530043759005,353.48592514326447,20.50878683400515,0.9432869349984685,1.9737291280034697,0.2973368209932232,0.4406516730086878,377.2090197512589,377.64971653427347
req_02182,ieee-activation-6c14ba67edf54cc9b80193ddbf12449f,2035.3240146636963,2415.2428515259962,353.07512896630215,21.334620327004814,0.9124913629930234,3.847834991000127,0.13199145600083284,0.6167697589989984,379.3020428703021,379.91883686229994
req_02183,ieee-activation-59da24158a1045ee92d55d692e9c3b84,2038.1467914581299,2418.1192377179977,350.5234693658713,19.763569143004133,0.012337002001004294,8.277976333993138,1.1295640830066986,0.2655303319916129,379.706868170877,379.97244625986787
req_02184,ieee-activation-6c14ba67edf54cc9b80193ddbf12449f,2038.2720165252686,2415.9138545940077,364.93890968573396,7.386083798002801,2.0326599039981375,2.621169270001701,0.2675199259974761,0.39549548500508536,377.2462772397412,377.64183806873916
req_02185,ieee-activation-59da24158a1045ee92d55d692e9c3b84,2040.3462238311768,2411.649973246007,362.8775403678301,5.208876851000241,0.013430623992462642,2.9960910369991325,0.06834035900828894,0.13947017600003164,371.1642448518396,371.30374941483024
req_02186,ieee-activation-6c14ba67edf54cc9b80193ddbf12449f,2040.9873447418213,2415.8234802130028,362.75874280917924,6.530767257994739,0.3696871530119097,4.401309174994822,0.41401251300703734,0.36161656299373135,374.4744499181834,374.8361354711815
req_02187,ieee-activation-942891bfbe6347b2a3a855d442302144,2041.8586654663086,2422.5830993209966,362.16655754968815,10.362464025005465,4.073031103995163,3.379648186004488,0.15617363799537998,0.5865593519993126,380.1378169576783,380.72443385468796
req_02188,ieee-activation-8411c4186c2c42b492909f7cff30a66f,2042.158992767334,2411.934910821001,361.86655163967225,5.167233751999447,0.6256747070001438,1.5808824199921219,0.11930330000177491,0.4162722350010881,369.3596319516655,369.7759180536668
req_02189,ieee-activation-6c14ba67edf54cc9b80193ddbf12449f,2042.6140003204346,2415.5591999239987,361.5198324505618,4.389301905001048,1.717564664009842,4.212487853990751,0.17436167800042313,0.9316510520002339,372.01351741455437,372.9451996035641
req_02190,ieee-activation-8411c4186c2c42b492909f7cff30a66f,2043.564432144165,2412.981941870996,360.5695358438388,5.240910434004036,0.4442614750005305,2.072636947996216,0.1970080000028247,0.8931570259883301,368.5243435938464,369.41750972683076
req_02191,ieee-activation-942891bfbe6347b2a3a855d442302144,2046.595567703247,2419.507234898003,357.5388344407547,4.6743018940032925,0.6987733370042406,7.124431475996971,1.2215149409894366,1.653811106007197,371.25783811174915,372.91166719475586
req_02192,ieee-activation-6c14ba67edf54cc9b80193ddbf12449f,2046.7844467163086,2414.307452599998,357.35003715469793,6.46006182799465,0.058315158006735146,1.9038079479942098,0.048547764992690645,1.7022360300034052,365.8207600226888,367.5230058836896
req_02193,ieee-activation-59da24158a1045ee92d55d692e9c3b84,2047.3269596099854,2413.756725740008,356.80757224601984,4.297176922991639,0.014073669008212164,3.8895660620037233,0.07800065899209585,1.3433765710069565,365.08637985201494,366.4297661300225
req_02194,ieee-activation-59da24158a1045ee92d55d692e9c3b84,2047.3640232086182,2414.1406897240086,356.77056907537917,4.298678250997909,0.012681617008638568,3.820314276003046,0.14743172698945273,1.7269915690121707,365.0496669183776,366.7766665153904
req_02195,ieee-activation-6c14ba67edf54cc9b80193ddbf12449f,2048.941207885742,2418.052823795995,355.19344452726364,4.991962603991851,1.5192386639973847,6.617658908013254,0.5904653990000952,0.19884580798679963,368.9127616122714,369.111615910253
req_02196,ieee-activation-59da24158a1045ee92d55d692e9c3b84,2048.941312789917,2422.7858901760046,355.26532545208465,4.225806385002215,9.573389928002143,3.548303178991773,0.3317507850006223,0.9000016570062144,372.9445558050793,373.8445773860876
req_02197,ieee-activation-6c14ba67edf54cc9b80193ddbf12449f,2049.8111610412598,2413.7575775720034,354.3955941047461,4.4953115609969245,1.9436731729947496,1.6381005340081174,0.1315873970015673,1.342149760996108,362.6042564157542,363.9464165307436
req_02198,ieee-activation-59da24158a1045ee92d55d692e9c3b84,2050.5184001922607,2409.8633925589966,353.68843515573826,3.869965737001621,0.1459728769987123,0.2515294240001822,0.469716535997577,0.9193726369994693,358.4256080757332,359.3449923667358
req_02199,ieee-activation-6c14ba67edf54cc9b80193ddbf12449f,2050.784927368164,2415.822678067998,353.6100401828444,9.216601003994583,0.1005203490058193,1.2930932460003532,0.4562556389864767,0.36124027900223155,364.67647563983337,365.03775069983385
req_02200,ieee-activation-942891bfbe6347b2a3a855d442302144,2052.700448989868,2441.495760399004,351.6948034731322,8.135505749000004,9.89726844499819,2.7818854250072036,14.56849405799585,1.7173542590026045,387.07793581813166,388.79531140913605
req_02201,ieee-activation-59da24158a1045ee92d55d692e9c3b84,2056.671272277832,2421.6413426579966,348.01565382117406,8.233565800997894,0.8833290000038687,6.428873140990618,0.2582586210046429,1.1503899959934643,363.8196169881703,364.97007038016454
req_02202,ieee-activation-59da24158a1045ee92d55d692e9c3b84,2056.7292652130127,2484.7091219389986,347.95816618598474,14.570821772009367,58.9066329109919,3.0071724510053173,2.068703545999597,1.4683598599949619,426.51147013097943,427.9798567259859
req_02203,ieee-activation-6c14ba67edf54cc9b80193ddbf12449f,2057.2097454071045,2449.4974934950005,352.6546559549024,9.026382358992123,25.007482608009013,0.824644273990998,2.0007501560030505,2.7738327359984396,389.51382322590507,392.28774808789603
req_02204,ieee-activation-8411c4186c2c42b492909f7cff30a66f,2057.415584564209,2418.2953005330055,352.8281503827893,3.1628411280107684,0.29996163898613304,2.3941590020112926,1.7548088329931488,0.43979498400585726,360.4398843917879,360.8797159687965
req_02205,ieee-activation-8411c4186c2c42b492909f7cff30a66f,2057.424768447876,2418.294278268004,352.81911072212097,3.7532773530110717,0.01023504399927333,2.1737849119963357,1.67392053999356,0.43918124900665134,360.430308054114,360.86950982012786
req_02206,ieee-activation-942891bfbe6347b2a3a855d442302144,2058.1262340545654,2420.2753405480034,352.82697172043845,3.5145293489913456,0.0905350720131537,1.957514640991576,1.4530913890048396,2.3064643219986465,359.8426095964387,362.149106493438
req_02207,ieee-activation-942891bfbe6347b2a3a855d442302144,2058.254722595215,2419.7402870689984,353.3962709257903,2.283541618002346,0.5184282199916197,2.097981940009049,1.303887254995061,1.8854545149952173,359.60006834378873,361.4855644737836
req_02208,ieee-activation-8411c4186c2c42b492909f7cff30a66f,2059.2760677337646,2421.002620567,352.65986020224227,7.017740416995366,0.3142910809983732,0.4287770310038468,0.7946901230025105,0.5111939789931057,361.21533289125364,361.7265528332355
req_02209,ieee-activation-8411c4186c2c42b492909f7cff30a66f,2059.2849140167236,2421.2880300889956,353.30371318127436,5.703624991001561,0.9755898669973249,1.9401163730071858,0.06122172900359146,0.0188499309879262,361.9842000562785,362.00311607227195
req_02210,ieee-activation-8411c4186c2c42b492909f7cff30a66f,2059.7539615631104,2421.001732927005,353.3322120058874,5.943030508002266,0.23880529000598472,1.179807658001664,0.04617411798972171,0.5077417840075213,360.74000041488034,361.24777136389457
req_02211,ieee-activation-6c14ba67edf54cc9b80193ddbf12449f,2059.931297302246,2424.6355533870083,353.832113725759,6.237444272002904,0.7417689040012192,2.6337189879996004,0.5996236059872899,0.6595865890121786,364.044626551753,364.70425608476216
req_02212,ieee-activation-942891bfbe6347b2a3a855d442302144,2060.3572483062744,2439.0100952130015,353.4063714367221,6.4401636219990905,0.0857471970084589,4.022216015000595,0.11156683300214354,14.586781802994665,364.06603790272493,378.65284690672706
req_02213,ieee-activation-6c14ba67edf54cc9b80193ddbf12449f,2060.3580074310303,2442.339965050007,353.78331578796497,6.345986697007902,2.3691862559935544,5.463276170004974,11.45804509500158,2.562147613003617,379.41977320796286,381.9819576189766
req_02214,ieee-activation-6c14ba67edf54cc9b80193ddbf12449f,2061.960048675537,2444.0580024329975,352.3637622574606,6.323343940006453,19.13390190100472,3.9673221739940345,0.14226546899590176,0.16735801599861588,381.9305641474639,382.09795375746035
req_02215,ieee-activation-59da24158a1045ee92d55d692e9c3b84,2062.5710582733154,2439.7621597609977,352.6724684006913,2.9320889489899855,5.944117703998927,0.3499507619999349,0.2443087140127318,15.048166957989451,362.142901766696,377.1911014876823
req_02216,ieee-activation-6c14ba67edf54cc9b80193ddbf12449f,2062.7161445617676,2424.634680738003,352.8450003052276,4.629242098002578,0.5522962030081544,3.0605544930003816,0.17304553999565542,0.6583975370012922,361.2600901522237,361.91853617623565
req_02217,ieee-activation-6c14ba67edf54cc9b80193ddbf12449f,2062.7974891662598,2424.636191238009,353.11684931574564,3.2196094660030212,1.608430423992104,3.076046639995184,0.1570564400026342,0.6607097860105569,361.177969876735,361.83870207174914
req_02218,ieee-activation-59da24158a1045ee92d55d692e9c3b84,2062.996633529663,2449.6264096550003,352.9207392753451,25.651724602998,0.3696378799941158,2.7873931630019797,2.000115864997497,2.900165339000523,383.7295900303434,386.62977612533723
req_02219,ieee-activation-6c14ba67edf54cc9b80193ddbf12449f,2063.4350662231445,2449.3373664600076,352.48246324986394,4.574743614997715,22.36934616699,2.9148896480037365,0.9490829160058638,2.61177464100183,383.2905095218739,385.9023002368631
req_02220,ieee-activation-59da24158a1045ee92d55d692e9c3b84,2063.4416179656982,2443.4533410870063,354.6120916663058,22.31943226000294,1.1508628239971586,1.1923218390002148,0.22425607799959835,0.5127584540023236,379.49891153830686,380.011723121308
req_02221,ieee-activation-8411c4186c2c42b492909f7cff30a66f,2063.4509048461914,2449.808987319004,354.61102135181136,23.619283822001307,0.43449161999160424,2.923919487002422,1.6853598020097706,3.0840063899959205,383.2740379398165,386.3580824728124
req_02222,ieee-activation-59da24158a1045ee92d55d692e9c3b84,2063.583065032959,2446.8878488820046,354.53835680703924,22.685361285999534,0.7174326710082823,2.020701501998701,0.33170828099537175,3.0112233020045096,380.29348949703854,383.30478384904563
req_02223,ieee-activation-8411c4186c2c42b492909f7cff30a66f,2064.1751613616943,2443.770555923009,354.1206177693093,22.043206535003264,1.3475267949979752,1.0049948429950746,0.2500103540078271,0.8290382650011452,378.76631678330887,379.5953945613146
req_02224,ieee-activation-8411c4186c2c42b492909f7cff30a66f,2064.181161880493,2443.3784159030038,354.1148361185042,22.509582956001395,0.8811442830046872,0.9633469889959088,0.29098029200395104,0.43736338400049135,378.7598675015033,379.1972540225106
req_02225,ieee-activation-8411c4186c2c42b492909f7cff30a66f,2064.324113845825,2443.380795407007,355.41529284918215,21.418361567993998,0.5291508700029226,0.932876965001924,0.2343234439904336,0.5266758650104748,378.5299666851788,379.0566815611819
req_02226,ieee-activation-59da24158a1045ee92d55d692e9c3b84,2064.5226345062256,2456.716310161006,355.217210291783,28.364837563989568,4.4235090650036,0.2506560019974131,0.9428051779977977,2.9946575540088816,389.19899473177793,392.19367565478024
req_02227,ieee-activation-8411c4186c2c42b492909f7cff30a66f,2064.5328426361084,2443.3798599349975,355.4671458538942,20.916249739995692,0.7705966750072548,0.9493767579988344,0.21725402599258814,0.5263942460005637,378.32059656988713,378.8470172988891
req_02228,ieee-activation-8411c4186c2c42b492909f7cff30a66f,2064.5732097625732,2443.383021615009,355.70409300742904,21.151997213004506,0.6862800609960686,0.5206316190015059,0.30506972600414883,0.4417402260005474,378.36803351143317,378.8098118524358
req_02229,ieee-activation-942891bfbe6347b2a3a855d442302144,2068.3985290527344,2446.7178063610045,352.60382114726235,19.841855986000155,0.3123106240091147,1.6411210259975633,0.14590402999601793,3.7742644950049,374.54499070026213,378.3192773082701
req_02230,ieee-activation-59da24158a1045ee92d55d692e9c3b84,2068.4140968322754,2457.8769649000023,352.5910849907232,26.98875622700143,5.501437115002773,2.7477097819937626,1.0293609030049993,0.6045190500008175,388.85833130772517,389.46286806772696
req_02231,ieee-activation-59da24158a1045ee92d55d692e9c3b84,2068.868944168091,2447.7281227080093,352.4201633139164,20.002039653001702,0.6466382619983051,1.8523692909948295,0.09985721499833744,3.8381108050089097,375.02103891391016,378.8591785399185
req_02232,ieee-activation-942891bfbe6347b2a3a855d442302144,2069.0812644958496,2484.1868747980043,352.5608900351508,19.51958683200064,36.54164048199891,4.762541174000944,0.7823520090023521,0.9385997700010194,414.16695304514724,415.1056103021547
req_02233,ieee-activation-8411c4186c2c42b492909f7cff30a66f,2069.639217376709,2457.4258701729996,352.94474444129446,26.548875534004765,4.278322758997092,3.6175993329961784,0.3173412640026072,0.07976946499547921,387.7068257462961,387.7866527962906
req_02234,ieee-activation-942891bfbe6347b2a3a855d442302144,2069.686794281006,2452.4985563250084,353.0982391379948,18.377025559006142,6.657587920999504,0.8431875739915995,0.47476151600130834,3.360960336009157,379.45072607698967,382.81176204400253
req_02235,ieee-activation-8411c4186c2c42b492909f7cff30a66f,2069.9176330566406,2457.266798987999,352.9564052073547,25.76880512101343,4.164605997997569,0.6298582589952275,0.28655276700737886,3.542938578990288,383.8062003583618,387.3491659313586
req_02236,ieee-activation-942891bfbe6347b2a3a855d442302144,2070.712287902832,2448.8365187140007,354.00128327416314,16.718063088002964,1.1063982030027546,2.8225847779976903,1.3662483420048375,2.1096531259972835,376.01455090616946,378.1242308111687
req_02237,ieee-activation-6c14ba67edf54cc9b80193ddbf12449f,2071.0356311798096,2448.739060533,353.67812343718833,17.62675539799966,0.2339924670086475,1.5536755689972779,0.07875957399664912,4.532122908000019,373.1712915321841,377.7034293531906
req_02238,ieee-activation-59da24158a1045ee92d55d692e9c3b84,2071.0716876983643,2449.6288866090035,353.6421326766431,17.56092177100072,0.13537932699546218,2.6090063879964873,1.7083004900050582,2.9014582579984562,375.655729964652,378.5571989106393
req_02239,ieee-activation-6c14ba67edf54cc9b80193ddbf12449f,2071.5214080810547,2454.2188013880077,368.17927051695006,9.073137354993378,3.612877520004986,0.4106363659957424,0.5828138970100554,0.8386576519988012,381.85866773895395,382.697393306953
req_02240,ieee-activation-6c14ba67edf54cc9b80193ddbf12449f,2071.545473098755,2449.424955680006,368.2314488322445,1.7248200010071741,1.072149168991018,1.7537138720072107,2.3967685629904736,2.7005821440106956,375.1788755682355,377.87948258125107
req_02241,ieee-activation-8411c4186c2c42b492909f7cff30a66f,2071.9068183898926,2475.7216452430002,369.5939889991132,5.6314009740017354,10.28463043399097,4.106326794004417,1.0654558329988504,13.133023818998481,390.6817769701156,403.81482685310766
req_02242,ieee-activation-8411c4186c2c42b492909f7cff30a66f,2072.9525394439697,2457.4277982720087,368.54903061503137,5.628607719001593,1.6035496840049746,7.277559807000216,1.2608548949938267,0.1556561080069514,384.3195835170336,384.47525882803893
req_02243,ieee-activation-6c14ba67edf54cc9b80193ddbf12449f,2073.093402862549,2452.569944008006,369.2485025024507,5.653262588006328,0.3939023080019979,2.409123022996937,0.7533171639952343,1.0184335600060876,378.4580770544417,379.4765411454573
req_02244,ieee-activation-6c14ba67edf54cc9b80193ddbf12449f,2074.423044204712,2476.4378898709983,367.9191213752929,5.2668898300034925,9.661915764998412,4.320764006988611,0.997471177004627,13.848683511998388,388.1661314732919,402.0148456662864
req_02245,ieee-activation-942891bfbe6347b2a3a855d442302144,2074.5862197875977,2475.3613641389966,368.79541777441045,4.703525871998863,10.65152800999931,3.3629537980013993,0.49465995699574705,12.767058939993149,388.0080537384056,400.7751443513989
req_02246,ieee-activation-8411c4186c2c42b492909f7cff30a66f,2075.665651321411,2457.2662824650033,367.71641539759,5.22344859399891,0.475234621000709,4.33777772099711,0.3034602050029207,3.5442946050025057,378.0563113815879,381.6006311435922
req_02247,ieee-activation-8411c4186c2c42b492909f7cff30a66f,2076.4178047180176,2457.4273371230083,366.96486543599167,4.555202580988407,1.1427406610018807,6.537936986002023,1.6531133779935772,0.155673363013193,380.85384055698523,381.00953240499075
req_02248,ieee-activation-6c14ba67edf54cc9b80193ddbf12449f,2079.1590118408203,2458.7706654180074,364.2293941721873,4.760532910993788,0.24026460500317626,7.162253959992086,1.723933670000406,1.4952742590103298,378.1163538561814,379.6116535771871
req_02249,ieee-activation-942891bfbe6347b2a3a855d442302144,2079.5921630859375,2458.251355760003,363.86774790305935,4.53585685401049,5.352422940995893,2.645750412993948,1.2774646550096804,0.9799499079963425,377.67920827706985,378.6591926740657
req_02250,ieee-activation-942891bfbe6347b2a3a855d442302144,2080.2172832489014,2453.5232020459953,363.6527020470967,3.262959897008841,1.001745335990563,3.368712310009869,0.13879308399918955,1.8810061229887651,371.42488072809647,373.3059187970939
req_02251,ieee-activation-942891bfbe6347b2a3a855d442302144,2081.825138092041,2458.252851091005,362.35303363896674,7.369478731998242,3.2328728449938353,1.7897557319956832,0.8049282190040685,0.8776438320055604,375.5500139439682,376.4277129989641
req_02252,ieee-activation-942891bfbe6347b2a3a855d442302144,2081.8476276397705,2484.184088278009,364.87421382023604,4.358058541998616,23.340918118992704,7.192133281001588,1.629824418007047,0.9413124580023577,401.39508220224525,402.33646063823835
req_02253,ieee-activation-59da24158a1045ee92d55d692e9c3b84,2082.1780128479004,2456.717207246009,364.71066523410263,4.015764270996442,0.07068037800490856,2.4633357290003914,0.2856502329959767,2.993098553008167,371.5460595590994,374.5391943981085
req_02254,ieee-activation-59da24158a1045ee92d55d692e9c3b84,2082.2196292877197,2457.877892106,365.7141297832859,3.4841941199993016,0.07430671299516689,4.4843359570077155,1.2953116429998772,0.6059846019925317,375.05224987328984,375.6582628182805
req_02255,ieee-activation-6c14ba67edf54cc9b80193ddbf12449f,2084.4934692382812,2494.533039724003,364.34445332772157,10.131966298999032,25.67112117599754,5.882396196000627,2.301762499002507,1.70787098800065,408.3316494057217,410.0395704857219
req_02256,ieee-activation-6c14ba67edf54cc9b80193ddbf12449f,2085.133180618286,2453.369884483007,363.70562682471063,1.6406117950100452,0.09174117200018372,2.0792962970008375,0.07209002999297809,0.6473377460060874,367.58934255471104,368.23670386472077
req_02257,ieee-activation-6c14ba67edf54cc9b80193ddbf12449f,2086.3968448638916,2476.4394493930013,363.02774609711196,9.283048772005714,0.9909257019899087,1.98366333800368,0.9188214559981134,13.838399164000293,376.2041796061094,390.04260452910967
req_02258,ieee-activation-6c14ba67edf54cc9b80193ddbf12449f,2088.0472202301025,2476.4388653549977,361.4511462449009,9.827691004000371,0.6690481789992191,1.8084470009926008,0.796923242000048,13.838389454002026,374.55323057289934,388.39164512489515
req_02259,ieee-activation-942891bfbe6347b2a3a855d442302144,2088.992156982422,2475.3626380780042,360.50714610258,9.503487239999231,0.17720871399797034,2.0122348599979887,1.3954103760042926,12.774993803002872,373.59546844857687,386.37048109558236
req_02260,ieee-activation-942891bfbe6347b2a3a855d442302144,2089.385452270508,2475.4269349030073,360.2424185634882,8.994487244999618,0.5566516250109999,2.4045296239928575,1.0059918699989794,12.83740370500891,373.20403069448366,386.04148263249954
req_02261,ieee-activation-942891bfbe6347b2a3a855d442302144,2089.4314765930176,2475.365069677995,360.3494277939899,9.54304541098827,0.08309075300348923,1.0273385050095385,2.166418300999794,12.764272320986493,373.16929156800325,385.9335930849775
req_02262,ieee-activation-59da24158a1045ee92d55d692e9c3b84,2090.2414054870605,2483.329465585004,359.5693372509413,9.386613049005973,17.83609284099657,3.2409830200049328,0.14656377099163365,2.9084701660030987,390.1795633409347,393.0880600979435
req_02263,ieee-activation-59da24158a1045ee92d55d692e9c3b84,2090.2486610412598,2475.718028350995,362.26639541874465,6.8098610089946305,0.24473114500869997,0.9844871059904108,2.0492541319981683,13.11463849899883,372.3547099997377,385.4693673097354
req_02264,ieee-activation-59da24158a1045ee92d55d692e9c3b84,2090.5658836364746,2908.162913523003,775.0799216765299,28.989772592991358,3.9091769240039866,7.996517342005973,0.5968856859981315,1.0247556649992475,816.5722267755336,817.5970298865286
req_02265,ieee-activation-8411c4186c2c42b492909f7cff30a66f,2093.759548187256,2475.720956767007,359.6197089667403,4.810587161002331,0.32729187300719786,3.2277180480014067,0.844068010992487,13.132034520007437,368.82934077874233,381.96140857975115
req_02266,ieee-activation-59da24158a1045ee92d55d692e9c3b84,2094.49005317688,2475.729788005003,359.03410778312536,5.24715072500112,0.7981131299893605,2.6347399620135548,0.3973471839999547,13.128276043993537,368.1114260701288,381.2397348281229
req_02267,ieee-activation-59da24158a1045ee92d55d692e9c3b84,2095.5193405151367,2494.2051314020064,358.69996327786066,5.51044629199896,28.437684263000847,3.881100944010541,0.8653581379912794,1.291237972007366,397.3945230858517,398.68579088686965
req_02268,ieee-activation-6c14ba67edf54cc9b80193ddbf12449f,2095.993076324463,2476.9551243780006,361.21065770053247,1.653290457004914,0.8421339780034032,3.6542076369951246,12.287351571008912,1.3144067099929089,379.6475743365445,380.9620480535377
req_02269,ieee-activation-6c14ba67edf54cc9b80193ddbf12449f,2097.2989559173584,2476.436876988999,359.9050719086372,2.055755515000783,0.7352086500031874,1.5967431909957668,1.0112391540023964,13.833902653001132,365.3039969946258,379.13792107164045
req_02270,ieee-activation-8411c4186c2c42b492909f7cff30a66f,2097.320659637451,2521.545165586009,359.94999062454735,0.9143427539966069,59.84133446701162,2.459097215993097,0.8549701449956046,0.204770742013352,424.01971503654204,424.22450594855763
req_02271,ieee-activation-6c14ba67edf54cc9b80193ddbf12449f,2097.540147781372,2484.2427018019953,359.7307926036301,2.693641257006675,18.14828317798674,2.7988278980046744,2.331932825007243,0.9990762589877704,385.70346525663626,386.7025540206232
req_02272,ieee-activation-8411c4186c2c42b492909f7cff30a66f,2097.6163005828857,2483.8311112869997,359.8044793541194,5.100318661003257,15.069807149993721,2.7142944219958736,0.5520732120057801,2.9738379049958894,383.24094925512327,386.2148107041139
req_02273,ieee-activation-942891bfbe6347b2a3a855d442302144,2098.524501800537,2476.132118089008,358.9022379714588,5.061615949001862,0.010980929000652395,1.2850954820023617,11.856529915006831,0.49115604200051166,377.1164410384663,377.60761628847104
req_02274,ieee-activation-942891bfbe6347b2a3a855d442302144,2099.0101013183594,2475.652419997001,358.4205505056452,4.739002930000424,0.07226044399430975,0.2507335030095419,0.13850972999352962,13.02126156599843,363.62104066564643,376.64231867864146
req_02275,ieee-activation-8411c4186c2c42b492909f7cff30a66f,2099.2580699920654,2476.4409185200057,358.1727262489294,5.060375506000128,0.008929125004215166,0.9081249349983409,12.233170905004954,0.7995218080031918,376.38331367292267,377.1828485279402
req_02276,ieee-activation-8411c4186c2c42b492909f7cff30a66f,2100.039821624756,2486.2489431730064,357.8393267012434,4.526735028004623,15.683720757995616,6.580829961996642,0.19562967200181447,1.3828794270084472,384.8262055182422,386.20912154825055
req_02277,ieee-activation-6c14ba67edf54cc9b80193ddbf12449f,2100.284204483032,2478.1831248990056,357.59514270396903,17.487872597994283,0.0628504690103,1.07301701499091,0.3845783249998931,1.2954593050089898,376.60343266396376,377.8989204159734
req_02278,ieee-activation-8411c4186c2c42b492909f7cff30a66f,2100.3126277923584,2477.2231727949984,357.94252689764835,4.266252678993624,0.11051142700307537,2.3389281059935456,10.672313923001639,1.5800119699997595,375.33049782764283,376.91054500264
req_02279,ieee-activation-8411c4186c2c42b492909f7cff30a66f,2100.8337802886963,2477.229819280008,357.423968224306,4.232092271995498,0.0040693909977562726,1.0960701560106827,12.050386461996823,1.5894524860050296,374.80656318231195,376.3960389913118
req_02280,ieee-activation-59da24158a1045ee92d55d692e9c3b84,2101.6528759002686,2484.8674426350044,356.971572258728,3.802039569010958,17.57305565699062,2.399380677001318,0.8522027440048987,1.6163158290000865,381.5981984337268,383.21456673473585
req_02281,ieee-activation-59da24158a1045ee92d55d692e9c3b84,2101.6689643859863,2508.4185660549992,357.10400053701596,2.907587944995612,28.013759280001977,6.2853425110079115,11.4181567899941,1.0207546059973538,405.7288138940203,406.7496016690129
req_02282,ieee-activation-8411c4186c2c42b492909f7cff30a66f,2101.748748779297,2899.9329503540066,785.6133045387105,7.582857280998724,3.6971672719955677,0.5410722579981666,0.17758045700611547,0.5722197680006502,797.6119341497106,798.1842015747097
req_02283,ieee-activation-59da24158a1045ee92d55d692e9c3b84,2101.9273567199707,2905.836988374009,785.4358245100302,7.732199820995447,4.299582723004278,4.17882797299535,1.2154137600009562,1.047782867011847,802.8618274750188,803.9096316540381
req_02284,ieee-activation-8411c4186c2c42b492909f7cff30a66f,2101.9427013397217,2486.7954223999986,373.48512507928535,4.244550801988225,0.7508011000027182,4.414265718005481,0.042344467001385055,1.9156338939937996,382.93703526529134,384.85272106027696
req_02285,ieee-activation-942891bfbe6347b2a3a855d442302144,2102.622589111328,2907.0379351890006,784.7413122226717,8.163637517005554,2.287752994001494,5.143617716996232,1.8298245670011966,2.249201059996267,802.1660928906786,804.4153460776724
req_02286,ieee-activation-942891bfbe6347b2a3a855d442302144,2103.9514122009277,2486.5693410759995,371.7014403710782,4.310762259003241,4.162748458998976,0.25501805599196814,0.23848908800573554,1.9494706419936847,380.6684355530888,382.6179288750718
req_02287,ieee-activation-942891bfbe6347b2a3a855d442302144,2103.97709274292,2484.1850475730025,371.74207654807833,3.670930820997455,1.0502301750093466,1.2515113539993763,1.5600760739907855,0.9331298580073053,379.27479105106613,380.2079548300826
req_02288,ieee-activation-6c14ba67edf54cc9b80193ddbf12449f,2104.357620239258,2554.2094916990027,371.3705733417446,3.629378490993986,67.4988610480068,2.3062868069973774,1.7065487920044689,3.340222979997634,446.51162317974376,449.85187145974487
req_02289,ieee-activation-942891bfbe6347b2a3a855d442302144,2105.471788406372,2484.1862596499996,370.25656089062977,3.2945109510037582,1.41713551999419,1.2518458730046405,1.5605861319927499,0.9338318770023761,377.78062337361916,378.7144712436275
req_02290,ieee-activation-59da24158a1045ee92d55d692e9c3b84,2105.6398124694824,2508.4114109140064,370.0913459085132,10.157440074006445,0.45174380599928554,9.059375053999247,11.990921878998051,1.0207717230077833,401.7507961775118,402.771598444524
req_02291,ieee-activation-8411c4186c2c42b492909f7cff30a66f,2107.036283493042,2483.891777886005,369.097236631962,2.8866161439946154,0.9207397160062101,2.5572078120021615,0.7505925759905949,0.6431015130074229,376.21235784895543,376.855494392963
req_02292,ieee-activation-942891bfbe6347b2a3a855d442302144,2107.6320266723633,2484.185692977,368.80958320063655,2.6823646380071295,1.3162411029916257,2.5985495400091168,0.2119469869940076,0.9349808359984308,375.6186532046413,376.55366630463686
req_02293,ieee-activation-942891bfbe6347b2a3a855d442302144,2107.6343879699707,2493.840738872008,368.807495362038,3.954339114992763,8.328303927002707,3.0268033540050965,1.1629206009965856,0.9264885430020513,385.279835864043,386.20635090203723
req_02294,ieee-activation-8411c4186c2c42b492909f7cff30a66f,2107.684061050415,2483.896392270006,368.7581581345876,2.6824535140040098,1.2977020599937532,0.804738727005315,2.0207398209895473,0.6485389630106511,375.5637674155878,376.21233121959085
req_02295,ieee-activation-59da24158a1045ee92d55d692e9c3b84,2107.9556064605713,2484.708035472009,368.4868410424242,3.152447131011286,0.7453631370008225,0.8803725609905086,2.032447421006509,1.4549577190045966,375.2974404124252,376.7524290114379
req_02296,ieee-activation-59da24158a1045ee92d55d692e9c3b84,2108.4237098693848,2486.739232139007,368.0190654266189,3.6912715880025644,4.433976529995562,0.2879915719968267,0.03104367600462865,1.8521734770038165,376.4633198696247,378.3155222696223
req_02297,ieee-activation-6c14ba67edf54cc9b80193ddbf12449f,2109.2234630584717,2521.611997419008,367.7322934595286,2.2350118970061885,33.169717985991156,8.648873692000052,0.40970817500783596,0.19292915100231767,412.1955756985262,412.38853436053614
req_02298,ieee-activation-6c14ba67edf54cc9b80193ddbf12449f,2109.258773803711,2484.2446035019966,367.9649626962928,2.433323923003627,0.8187008659879211,0.3518118339998182,2.4166841550031677,1.0003462239983492,373.98545814928366,374.98582969828567
req_02299,ieee-activation-6c14ba67edf54cc9b80193ddbf12449f,2109.986469268799,2484.243881236005,367.2501849192049,2.127530130004743,1.111420116998488,0.6602681309886975,2.1090452460048255,0.9989634240046144,373.2584302252071,374.2574119672063
req_02300,ieee-activation-8411c4186c2c42b492909f7cff30a66f,2110.0045585632324,2490.0086507020023,368.1800670177763,6.9951006319897715,0.9593398459983291,2.7309759199997643,0.035019292001379654,1.103589431004366,378.90044965177367,380.0040921387699
req_02301,ieee-activation-6c14ba67edf54cc9b80193ddbf12449f,2110.12931060791,2521.6051290479954,373.20100045908475,3.409581728003104,30.943357309006387,3.153239974999451,0.5830871719954303,0.1855517969961511,411.2902160390804,411.4758184400853
req_02302,ieee-activation-942891bfbe6347b2a3a855d442302144,2110.9278869628906,2493.8440633110004,372.9048979591171,1.8683219349913998,0.8042380859988043,4.911090382011025,1.4097923409863142,1.017835645005107,381.89831240911735,382.91617634810973
req_02303,ieee-activation-942891bfbe6347b2a3a855d442302144,2111.1391105651855,2493.8378449540032,372.75668455181585,1.6619416019966593,4.096432133010239,0.8988357419875683,2.2727235040074447,1.0121168559999205,381.6865771218145,382.6987343888177
req_02304,ieee-activation-6c14ba67edf54cc9b80193ddbf12449f,2112.138324737549,2489.2260577709967,371.9725862544583,1.1035070829966571,1.6893748760048766,1.3684605859889416,0.07221794199722353,0.8815862920018844,376.2061228344537,377.0877330334479
req_02305,ieee-activation-6c14ba67edf54cc9b80193ddbf12449f,2112.643829345703,2495.309110014001,371.4673569823062,1.839850962991477,0.9529025679948973,6.986216326011345,0.5470761169999605,0.871877711993875,381.79339150630403,382.6652806682978
req_02306,ieee-activation-8411c4186c2c42b492909f7cff30a66f,2112.7002449035645,2488.892656281998,371.5536292744364,1.7603037850058172,0.12508432898903266,1.8655833500088193,0.14506737400370184,0.7427432659897022,375.44963375544467,376.19241137843346
req_02307,ieee-activation-6c14ba67edf54cc9b80193ddbf12449f,2113.462469100952,2512.4880572300026,370.79155452304985,2.876717113002087,21.280001014994923,1.5591350920003606,0.057863201000145636,2.4603171850030776,396.565246948041,399.02558812905045
req_02308,ieee-activation-6c14ba67edf54cc9b80193ddbf12449f,2113.773780822754,2493.4138528500043,370.4803453662462,1.9930221649992745,0.6568413310014876,2.700708417003625,0.0507636919937795,3.758391056006076,375.881666584246,379.6400720272504
req_02309,ieee-activation-8411c4186c2c42b492909f7cff30a66f,2114.292621612549,2508.566051328002,369.9615919444477,1.7620894020074047,20.85769663899555,1.2446956549974857,0.1245924310060218,0.3227636439987691,393.9506489774503,394.27342971545295
req_02310,ieee-activation-8411c4186c2c42b492909f7cff30a66f,2114.2980365753174,2493.7713522010017,369.95626374268613,1.9887710649927612,0.3781401900050696,4.557411757996306,1.6473695260065142,0.9453593439975521,378.52794342668494,379.47331562568434
req_02311,ieee-activation-942891bfbe6347b2a3a855d442302144,2115.828285217285,2508.8128971639962,368.4261936087132,1.9248097079980653,21.93913634501223,0.22361712998826988,0.20537987700663507,0.2654752779926639,392.7191165907134,392.9846119467111
req_02312,ieee-activation-942891bfbe6347b2a3a855d442302144,2119.07932472229,2492.9739645450027,365.1752938257123,2.3138626809959533,0.9955854400031967,2.019730066996999,0.07655034400522709,3.31361746499897,370.5810061117081,373.89463982271263
req_02313,ieee-activation-942891bfbe6347b2a3a855d442302144,2119.8322677612305,2508.160492447001,364.42255282176484,2.2107296500034863,20.38488748400414,0.20049563600332476,0.351982077001594,0.7575770169933094,387.57062217677594,388.3282246857707
req_02314,ieee-activation-8411c4186c2c42b492909f7cff30a66f,2120.3422355651855,2521.453286901,364.37297147582285,27.722489750987734,1.2491239990049507,5.165156811999623,2.488687368997489,0.1126219290017616,400.99839282881294,401.1110513358144
req_02315,ieee-activation-942891bfbe6347b2a3a855d442302144,2120.44278717041,2524.5807304409973,364.27283177258505,27.721433823011466,0.9431904689990915,8.893261049001012,0.38443749499856494,1.9227886619919445,402.2151354335947,404.13794327058713
req_02316,ieee-activation-942891bfbe6347b2a3a855d442302144,2121.506057739258,2521.5239205700054,363.3656540787488,27.56463228398934,5.419246450008359,0.6176252959994599,0.20815080299507827,2.8425539190066047,397.17527247175167,400.0178628307476
req_02317,ieee-activation-942891bfbe6347b2a3a855d442302144,2121.7589073181152,2522.3309250849998,364.4916338918847,26.034477834997233,3.1403506850037957,4.308938033995219,1.6053858650120674,0.9912314559915103,399.58075013289636,400.5720177668845
req_02318,ieee-activation-59da24158a1045ee92d55d692e9c3b84,2121.779676437378,2523.726239862008,364.4711882946285,26.73689174700121,4.886006467000698,4.776945172998239,0.30922837799880654,0.7663033650023863,401.1802400766319,401.94656342462986
req_02319,ieee-activation-942891bfbe6347b2a3a855d442302144,2121.892852783203,2173.709945227005,3.0738004648010246,38.547770217002835,0.33877513599873055,8.096451612989767,0.6699572010111297,1.0903378119983245,50.72669516780297,51.81709244380181
req_02320,ieee-activation-8411c4186c2c42b492909f7cff30a66f,2123.584156036377,2521.5406913790066,363.2125046976289,26.247708276991034,1.4120438719983213,5.091002617002232,1.7927624730073148,0.2005134060018463,397.7559712326329,397.95653534262965
req_02321,ieee-activation-8411c4186c2c42b492909f7cff30a66f,2123.80428314209,2521.8027673909965,362.9927429369127,25.68934769000043,3.508426772998064,4.641031131002819,0.7057428859989159,0.4611928319936851,397.53726294692024,397.9984842489066
req_02322,ieee-activation-6c14ba67edf54cc9b80193ddbf12449f,2124.2791709899902,2523.503713650003,364.6151862280094,23.101380278007127,0.6837440199888078,9.594186381000327,0.38745745200139936,0.8425883010058897,398.38191182700393,399.22454266001296
req_02323,ieee-activation-59da24158a1045ee92d55d692e9c3b84,2124.3194828033447,2546.620848756007,364.90737494666246,23.118927966992487,9.190309370998875,10.15836770500755,13.73500127599982,1.1913846870011184,421.1099412426702,422.3013659526623
req_02324,ieee-activation-59da24158a1045ee92d55d692e9c3b84,2125.0833625793457,2522.084980026004,364.9264363226539,22.337454717009678,0.24538957698678132,7.527737827011151,1.220953173993621,0.7436458290030714,396.25790608665557,397.0016174466582
req_02325,ieee-activation-8411c4186c2c42b492909f7cff30a66f,2126.213403701782,2521.448993869999,366.7612104832224,20.650456685994868,0.8314771700097481,4.1151326059916755,2.142249519005418,0.7350637039926369,394.5004810932296,395.23559016821673
req_02326,ieee-activation-942891bfbe6347b2a3a855d442302144,2126.391332626343,2522.3327142400085,367.02349491366476,19.809264137991704,1.3487930709961802,5.177581236013793,1.5913894869881915,0.9908587680110941,394.9504691186594,395.9413816136657
req_02327,ieee-activation-8411c4186c2c42b492909f7cff30a66f,2132.223924636841,2521.447557616004,361.68720897016465,19.89939989699633,0.646799986003316,4.114347156995791,2.14257306100626,0.733303907996742,388.4902965571673,389.2236329791631
req_02328,ieee-activation-8411c4186c2c42b492909f7cff30a66f,2132.750597000122,2521.448065243996,361.1636009508802,18.801008904003538,1.7410685990034835,4.135851525992621,2.1223720109992428,0.7335662529949332,387.9638845818845,388.697468243874
req_02329,ieee-activation-942891bfbe6347b2a3a855d442302144,2132.774133682251,2518.984228033005,361.1401516267506,19.469382537005004,1.1901544159918558,3.2457753740018234,0.2670016839983873,0.8976287130062701,385.312455233754,386.21009435075393
req_02330,ieee-activation-8411c4186c2c42b492909f7cff30a66f,2132.807949066162,2517.2623955839954,361.10642396184267,19.310740353990695,1.2313846880133497,2.4628545839950675,0.15174198200111277,0.19130094799038488,384.2631362488464,384.4544465178333
req_02331,ieee-activation-942891bfbe6347b2a3a855d442302144,2133.5597972869873,2522.343584094997,360.64675104801427,18.506372025003657,1.85974713700125,4.9011017750017345,1.8655943499907153,1.0042204729979858,387.77951998100616,388.7837868080096
req_02332,ieee-activation-942891bfbe6347b2a3a855d442302144,2133.9644203186035,2518.7493557359994,360.5693797113927,18.512459003002732,1.5265562270069495,3.2891979470005026,0.06977513700257987,0.8175673919904511,383.9673237313982,384.7849354173959
req_02333,ieee-activation-6c14ba67edf54cc9b80193ddbf12449f,2134.143747329712,2521.612712540009,361.16630133328727,17.340225968000595,2.8908481520047644,3.2187364760029595,2.4144437439972535,0.4384095370041905,387.0305139242846,387.46896521029703
req_02334,ieee-activation-6c14ba67edf54cc9b80193ddbf12449f,2135.6933879852295,2523.4970372740063,372.467860931778,5.064731662991107,0.6353630280063953,8.453776433991152,0.3452469820040278,0.8366702500061365,386.96693210778176,387.8036492887768
req_02335,ieee-activation-59da24158a1045ee92d55d692e9c3b84,2135.735132217407,2522.6553083129984,372.68265242558846,4.963201809005113,0.6242036659969017,7.306472707001376,0.11885602300753817,1.2247894649917725,385.6953430075955,386.92017609559116
req_02336,ieee-activation-6c14ba67edf54cc9b80193ddbf12449f,2136.5520515441895,2521.6058189930045,371.9479517708096,4.6071118880063295,0.7535321890027262,5.6230942260008305,1.8571385529940017,0.26493882200156804,384.78879960181075,385.05376744881505
req_02337,ieee-activation-59da24158a1045ee92d55d692e9c3b84,2136.8352909088135,2522.0073222619976,371.7332713851938,5.160010520994547,2.3963828300038585,5.235983858990949,0.06929946099990048,0.5770832970010815,384.5949091951916,385.17203135318414
req_02338,ieee-activation-59da24158a1045ee92d55d692e9c3b84,2137.415594100952,2580.279383158995,371.40937734204635,4.902973204007139,43.11804940098955,10.923726681008702,11.074891648997436,1.4347707809938584,441.42897022503894,442.86378905804304
req_02339,ieee-activation-6c14ba67edf54cc9b80193ddbf12449f,2138.301155090332,2521.603844701007,374.1886137656693,4.805545456998516,0.3880682680028258,2.135189453998464,1.5225447849952616,0.26272788101050537,383.03993475566676,383.30268961067486
req_02340,ieee-activation-59da24158a1045ee92d55d692e9c3b84,2139.0931549072266,2528.2830642810004,374.634349308777,4.20528372899571,7.551231461999123,0.5836397039965959,1.594149765005568,0.6212554049998289,388.56860516277084,389.18990937377384
req_02341,ieee-activation-942891bfbe6347b2a3a855d442302144,2141.901050567627,2528.0447635500022,375.36186698437086,5.068605191001552,3.166495309007587,1.5207792369910749,0.6388753119972534,0.3870909490069607,385.75658306737023,386.1437129823753
req_02342,ieee-activation-942891bfbe6347b2a3a855d442302144,2142.085641860962,2564.6731483750045,376.67567303203396,3.570769288999145,37.79749015701236,3.8465472489915555,0.3700840980018256,0.3269426890037721,422.2604934540286,422.5875065140426
req_02343,ieee-activation-8411c4186c2c42b492909f7cff30a66f,2142.0857696533203,2523.520866435996,378.58556210367533,1.129693763999967,0.4377705730003072,0.21504394100338686,0.5057787039986579,0.5612476969981799,380.8738052296685,381.4350967826758
req_02344,ieee-activation-8411c4186c2c42b492909f7cff30a66f,2142.1934814453125,2553.139202930004,379.2559509366838,7.454611332010245,18.936917305996758,0.8585467009979766,2.256013742007781,2.18368146699504,408.7620148106944,410.9457214846916
req_02345,ieee-activation-8411c4186c2c42b492909f7cff30a66f,2143.110065460205,2552.206828569004,378.3395429937955,7.676431964006042,17.373621892998926,0.7911389989894815,0.3591903090127744,4.556836949996068,404.5399117358029,409.09676310879877
req_02346,ieee-activation-8411c4186c2c42b492909f7cff30a66f,2143.6826171875,2546.5151136500062,377.7675048145029,7.686052421995555,2.164114676997997,1.58287910099898,12.684437146002892,0.9475083020079182,401.88496618349745,402.83249646250624
req_02347,ieee-activation-8411c4186c2c42b492909f7cff30a66f,2144.339017868042,2546.5214666490065,377.1161235539621,6.586887867000769,0.005649250000715256,5.897020435993909,11.62356211199949,0.9532055620074971,401.229225893956,402.1824487809645
req_02348,ieee-activation-942891bfbe6347b2a3a855d442302144,2146.232841491699,2545.730681023997,375.2955791452987,7.531306168006267,0.506171742992592,0.30430283800524194,0.10216491500614211,15.758314722988871,383.73948698330787,399.4978395322978
req_02349,ieee-activation-6c14ba67edf54cc9b80193ddbf12449f,2146.509832382202,2578.7898337439983,375.0314589608024,7.307432311994489,36.96975236100843,0.24158948099648114,0.14481192899984308,12.58495631799451,419.6950248408102,432.28000136179617
req_02350,ieee-activation-6c14ba67edf54cc9b80193ddbf12449f,2146.9911766052246,2546.1907357050077,374.5542173377762,6.622640251996927,1.7210188370081596,3.4109177319915034,12.12782944200444,0.7629354990058346,398.43660470077884,399.1995590997831
req_02351,ieee-activation-59da24158a1045ee92d55d692e9c3b84,2147.0049362182617,2553.875489650003,374.5996043907362,7.036386209001648,18.194339843001217,2.648820746006095,1.3737029569892911,3.017699286006973,403.852812053723,406.8705534317414
req_02352,ieee-activation-942891bfbe6347b2a3a855d442302144,2147.090145111084,2546.2705210860004,374.52097230592335,6.356558384999516,0.41841971800022293,3.7042167959880317,13.336592750012642,0.8436160199926235,398.33673108392395,399.1803759749164
req_02353,ieee-activation-6c14ba67edf54cc9b80193ddbf12449f,2147.2571296691895,2546.484617820999,374.35428551481164,6.777855755994096,1.4999764950043755,2.2509442470036447,13.289583966005011,1.0548421729909023,398.17261135482113,399.22748815180967
req_02354,ieee-activation-942891bfbe6347b2a3a855d442302144,2148.141513824463,2546.7073183059983,373.4715708985459,7.0285103429923765,0.9236101340065943,2.7909195379907032,13.071403606998501,1.27978996100137,397.2859887585364,398.56580448153545
req_02355,ieee-activation-8411c4186c2c42b492909f7cff30a66f,2148.8420581817627,2546.5096164810093,372.77122497724486,8.279807407001499,1.4079065679979976,0.9413676179974573,13.32660810300149,0.9406436260032933,396.7268950452417,397.6675582992466
req_02356,ieee-activation-8411c4186c2c42b492909f7cff30a66f,2149.365467071533,2546.524054859008,372.43785883246164,7.767109825013904,1.730496960997698,0.9834592749975855,13.284841932996642,0.9548209610074991,396.20373206745717,397.15858778747497
req_02357,ieee-activation-6c14ba67edf54cc9b80193ddbf12449f,2149.410842895508,2546.9787011699955,372.5972590994934,6.778388606006047,1.102811942997505,4.184392854993348,11.494845471010194,1.410160299987183,396.15766334750515,397.56785827448766
req_02358,ieee-activation-8411c4186c2c42b492909f7cff30a66f,2149.6573066711426,2546.5279469590023,372.4282526718598,7.884999162997701,1.3304780199978268,2.0791685440053698,12.276376997004263,0.8713648919947445,395.99925509987224,396.8706402878597
req_02359,ieee-activation-59da24158a1045ee92d55d692e9c3b84,2149.6578426361084,2547.192643634,372.67557438489166,6.574777834000997,1.4537381270056358,1.4927251850022003,13.715078106994042,1.6229073599970434,395.91186092789576,397.5348009978916
req_02360,ieee-activation-8411c4186c2c42b492909f7cff30a66f,2150.31028175354,2546.5188928179996,372.02347074045974,7.917339619001723,1.049981553995167,1.459122586005833,12.809284219998517,0.9494123449985636,395.25916893646354,396.20861106445955
req_02361,ieee-activation-6c14ba67edf54cc9b80193ddbf12449f,2150.368865966797,2546.979370297995,372.22139237720694,7.1150182010023855,1.2270300649979617,2.118227946004481,12.605137194987037,1.323698546999367,395.28678356920136,396.6105043311982
req_02362,ieee-activation-6c14ba67edf54cc9b80193ddbf12449f,2150.467456817627,2546.9759863490035,372.18973501137225,6.846678636007709,1.4283155140001327,1.2080057029961608,13.51588517500204,1.31990949199826,395.18857471237425,396.50852953137655
req_02363,ieee-activation-59da24158a1045ee92d55d692e9c3b84,2150.470832824707,2589.533089755001,372.18657186029304,5.626342914998531,51.630752430006396,6.577442989000701,0.5476543989934726,2.4934923370019533,436.5687426652876,439.0622569302941
req_02364,ieee-activation-59da24158a1045ee92d55d692e9c3b84,2150.710063934326,2546.915388719004,372.7971398386726,5.624121979999472,1.230990281997947,2.6470606600050814,12.646946556997136,1.259065467005712,394.94620257966744,396.20532478467794
req_02365,ieee-activation-6c14ba67edf54cc9b80193ddbf12449f,2151.9536876678467,2546.977704757999,371.5599809901614,5.548754069997813,1.163464721001219,2.993912123987684,12.348158547014464,1.4097466379898833,393.61423818317417,395.0240170901525
req_02366,ieee-activation-59da24158a1045ee92d55d692e9c3b84,2153.657808303833,2557.7007455410057,369.9358023231762,6.0490328509913525,21.203944934008177,5.203437350995955,0.919303268994554,0.7314165090065217,403.3114863231749,404.04293723717274
req_02367,ieee-activation-942891bfbe6347b2a3a855d442302144,2154.0160808563232,2561.3725558919978,369.7393450366799,6.137242650002008,20.94897160399705,7.548602378999931,1.7469981290050782,1.2353152369905729,406.1211050636921,407.3564750356745
req_02368,ieee-activation-942891bfbe6347b2a3a855d442302144,2154.8167457580566,2553.342700893001,369.8622217139491,5.11591987698921,15.880649752012687,3.993146918990533,1.2009419719979633,2.4730749010050204,396.0528348979424,398.5259551349445
req_02369,ieee-activation-942891bfbe6347b2a3a855d442302144,2154.951545715332,2585.5406318730093,373.09381280466914,19.49352314400312,37.4291742839996,0.31693649500084575,0.1723810319963377,0.08325839800818358,430.5057631926611,430.58908615767723
req_02370,ieee-activation-942891bfbe6347b2a3a855d442302144,2155.119146347046,2555.749080456997,372.9267220059555,19.5815318429959,5.527310326011502,0.637997412995901,0.34839846499380656,1.6079740569985006,399.021929468945,400.62993410995114
req_02371,ieee-activation-59da24158a1045ee92d55d692e9c3b84,2156.6082096099854,2591.1848266710003,371.75751208701695,18.6109517050063,37.6118124719942,5.8294366159971105,0.18244030899950303,0.5844638720009243,433.9921184860141,434.576617061015
req_02372,ieee-activation-59da24158a1045ee92d55d692e9c3b84,2157.3018741607666,2561.671293459003,388.4427989882388,6.021912259995588,1.431504213003791,5.754609283001628,1.1852334779978264,1.5333610759989824,402.83599108424096,404.3694192982366
req_02373,ieee-activation-6c14ba67edf54cc9b80193ddbf12449f,2158.192361831665,2566.228989627998,388.00926113533205,15.40654245200858,0.7603279280010611,2.7387003189942334,0.2591797189961653,0.8626162430009572,407.1739781923243,408.03662779633305
req_02374,ieee-activation-59da24158a1045ee92d55d692e9c3b84,2158.562656402588,2557.2904557410075,387.70861047541257,5.94080332199519,0.9861913900094805,2.8039426960021956,0.05230018599831965,1.2359512690018164,397.49180810640974,398.7277993384196
req_02375,ieee-activation-6c14ba67edf54cc9b80193ddbf12449f,2158.649969100952,2560.5323256929987,387.83561383104825,6.681376919004833,0.44338940299348906,3.671602312999312,0.40814316700561903,2.84223095899506,399.04005171004974,401.88235659204656
req_02376,ieee-activation-6c14ba67edf54cc9b80193ddbf12449f,2159.29771232605,2562.9848195939994,387.21589851294993,6.150512580003124,0.6454114170046523,7.189766957992106,0.16890974399575498,2.3166080560040427,401.3704550299444,403.6871072679496
req_02377,ieee-activation-8411c4186c2c42b492909f7cff30a66f,2160.376968383789,2556.074945543005,386.1604684232152,5.0124020950024715,0.66292121099832,3.189443373994436,0.03734076600812841,0.6354012899973895,395.0625211792212,395.69797715921595
req_02378,ieee-activation-6c14ba67edf54cc9b80193ddbf12449f,2160.7020168304443,2557.7848929040047,385.83684601655114,5.45358119001321,1.3165228180005215,3.1731058759905864,0.39711393699690234,0.9057062360079726,396.1771482695476,397.0828760735603
req_02379,ieee-activation-6c14ba67edf54cc9b80193ddbf12449f,2162.0492572784424,2556.5462397350057,384.4902836455585,6.494502838002518,0.27559431600093376,2.5712549699965166,0.17459126199537423,0.49075542500941083,394.0062042465579,394.4969824565633
req_02380,ieee-activation-6c14ba67edf54cc9b80193ddbf12449f,2162.0530967712402,2561.8088156830054,384.4871736347559,6.0615212180127855,2.838988364994293,2.9808627089951187,1.7160321590054082,1.671140826001647,398.0845553147519,399.75571891176514
req_02381,ieee-activation-8411c4186c2c42b492909f7cff30a66f,2162.434217453003,2557.716159142001,384.107029153005,5.714012964992435,2.784514354003477,1.8925964679947356,0.07784205699863378,0.7059466920036357,394.5759733360028,395.2819416889979
req_02382,ieee-activation-942891bfbe6347b2a3a855d442302144,2162.649929046631,2561.673599137008,383.9718594483711,5.085328811997897,4.006649089002167,3.4260768910025945,0.9983268229989335,1.5354290270042839,397.48819869436556,399.023670090377
req_02383,ieee-activation-8411c4186c2c42b492909f7cff30a66f,2163.836416244507,2555.1002904199995,383.071584362493,4.319463612002437,0.9851210420019925,0.6599645969981793,0.8243953130004229,1.4033452489966294,389.8605008934974,391.2638741754927
req_02384,ieee-activation-6c14ba67edf54cc9b80193ddbf12449f,2166.691608428955,2578.8472214170033,380.50185132004844,14.182519444002537,0.9923539500014158,3.336458074001712,0.4977687619975768,12.644661437996547,399.5109077160596,412.15561298804823
req_02385,ieee-activation-8411c4186c2c42b492909f7cff30a66f,2167.4180965423584,2584.5909976100083,379.77564127564256,15.194474111005547,16.349004529998638,5.211697499995353,0.20148624099965673,0.44059741000819486,416.73227741764276,417.17290106764995
req_02386,ieee-activation-8411c4186c2c42b492909f7cff30a66f,2167.6715602874756,2579.2787607799983,379.52241316152504,14.180723590994603,1.6031261270109098,4.333112833002815,11.532362310987082,0.43546246900223196,411.17171009551384,411.6072004925227
req_02387,ieee-activation-942891bfbe6347b2a3a855d442302144,2167.733257293701,2579.8656571159954,379.4610804342956,14.537116398001672,1.9038328419992467,4.292278927998268,10.916283329002908,1.0218078909965698,411.1105735162855,412.13239982229425
req_02388,ieee-activation-8411c4186c2c42b492909f7cff30a66f,2168.7926177978516,2579.2775270669954,378.40187868814974,14.412427846997161,1.3711526170081925,3.2321605869947234,12.517444059005356,0.5498454709886573,409.9350408991595,410.4849092691438
req_02389,ieee-activation-6c14ba67edf54cc9b80193ddbf12449f,2170.52449798584,2971.536134467009,767.087391315159,4.324426710998523,7.1466011150041595,5.807277361003798,12.95902578899404,3.686914190009702,797.3246608071495,801.0116364811693
req_02390,ieee-activation-942891bfbe6347b2a3a855d442302144,2170.996458053589,2579.866386847003,381.2145026134094,9.639744664003956,4.3415877480001654,2.2775870990008116,10.38159788500343,1.0149087839963613,407.8549911134178,408.86992879341415
req_02391,ieee-activation-6c14ba67edf54cc9b80193ddbf12449f,2173.652410507202,2565.980134216996,379.5142280397995,8.64134568600275,0.5605884800024796,2.439139119000174,0.5438964589993702,0.6285259259893792,391.69917046480987,392.32772370979364
req_02392,ieee-activation-8411c4186c2c42b492909f7cff30a66f,2175.5252361297607,2579.2797617150063,378.17020023624355,8.110922748994199,1.462323080006172,4.341975303002982,11.117444149000221,0.5516600679984549,403.2027875202475,403.7545255852456
req_02393,ieee-activation-59da24158a1045ee92d55d692e9c3b84,2175.634738922119,2580.2787301490025,378.2907693168818,7.997761377002462,0.49559004900220316,8.271790806989884,8.153721988011966,1.4343576889950782,403.2095830118924,404.6439912268834
req_02394,ieee-activation-942891bfbe6347b2a3a855d442302144,2176.8698902130127,2579.863121539005,377.34118946199305,7.162157427999773,0.9159591679926962,4.902879525005119,11.652051978002419,1.0189937649993226,401.9741913780017,402.9932313259924
req_02395,ieee-activation-59da24158a1045ee92d55d692e9c3b84,2177.1742420196533,2580.2777278720023,378.00644884635403,6.62644671498856,0.07549061501049437,8.697058114994434,8.262902265007142,1.4351392959943041,401.66831765836105,403.10348585234897
req_02396,ieee-activation-8411c4186c2c42b492909f7cff30a66f,2177.9252166748047,2579.2819598610076,377.8253264482046,6.166449766998994,1.6723542809922947,3.2877828530035913,11.851198303003912,0.5536315339995781,400.8030777392123,401.35674318620295
req_02397,ieee-activation-942891bfbe6347b2a3a855d442302144,2179.9588661193848,2579.864815060995,376.1177468726237,5.845362693988136,0.3677322779985843,6.012242803000845,10.541591918008635,1.0212723759905202,398.8846281496226,399.9059489416104
req_02398,ieee-activation-6c14ba67edf54cc9b80193ddbf12449f,2180.992513656616,2584.773062346998,375.55572463938734,6.05508381499385,16.997252806002507,2.3223516389989527,2.133602094996604,0.7165336960024433,403.0639519683755,403.7805486903817
req_02399,ieee-activation-8411c4186c2c42b492909f7cff30a66f,2183.0104484558105,2585.7638777319953,374.2809056711849,4.144565311013139,22.29430749898893,1.3853970600030152,0.34052341799542774,0.30773031699936837,402.4456299561716,402.75342927618476
req_02400,ieee-activation-8411c4186c2c42b492909f7cff30a66f,2186.0542793273926,2618.9477130949963,371.6477195766056,5.265524390997598,37.54267197599984,5.587375073009753,12.227691136999056,0.6224516139918705,432.2709607216093,432.8934337676037
req_02401,ieee-activation-59da24158a1045ee92d55d692e9c3b84,2186.681032180786,2595.2603767249966,371.03594092521234,3.9555647509987466,26.53423676500097,3.6181755569996312,1.2909578460094053,2.1444686999893747,406.4348576312186,408.57934454421047
req_02402,ieee-activation-59da24158a1045ee92d55d692e9c3b84,2187.5706157684326,2580.2801114479953,370.21514420057065,4.139177763994667,2.625117310002679,3.258567001001211,11.03622654499486,1.4352628589986125,391.27419105757144,392.7094956795627
req_02403,ieee-activation-942891bfbe6347b2a3a855d442302144,2187.669256210327,2604.5212977860065,372.8651083286677,34.54229773300176,4.751944733012351,3.180706826999085,0.49059534299885854,1.0213886109995656,415.83056320567266,416.8520415756793
req_02404,ieee-activation-942891bfbe6347b2a3a855d442302144,2187.8446254730225,2597.440158534999,373.59047114898567,27.60592272398935,0.2270943830080796,5.107881217991235,0.8811834420048399,2.182980145997135,407.41249322498334,409.5955330619763
req_02405,ieee-activation-6c14ba67edf54cc9b80193ddbf12449f,2188.36856842041,2590.270741847009,373.3667315875937,25.795404464995954,0.8291147910058498,0.9474860319896834,0.22670914701302536,0.7367274040007032,401.16541121659975,401.9021734265989
req_02406,ieee-activation-6c14ba67edf54cc9b80193ddbf12449f,2191.850393295288,2595.7405987719976,369.8850812277087,24.821144560002722,0.4378662200033432,4.28107545999228,1.8039687870041234,2.661069221998332,401.22912294170237,403.8902054767095
req_02407,ieee-activation-942891bfbe6347b2a3a855d442302144,2192.9009380340576,2597.4284024070075,368.92454064794583,24.630465419002576,6.572976436000317,2.1285363429924473,0.10594967800716404,2.1649958490015706,402.3624394499493,404.5274643729499
req_02408,ieee-activation-6c14ba67edf54cc9b80193ddbf12449f,2194.9743213653564,2595.7410394089966,368.0132093606517,24.05047446298704,0.30989014501392376,4.107027108999318,1.6653812339936849,2.6207357319945004,398.1459292886575,400.76671804364014
req_02409,ieee-activation-8411c4186c2c42b492909f7cff30a66f,2196.1711292266846,2596.0777117280086,368.5029823663208,21.087033503994462,0.7130397260043537,4.781667083996581,1.8254273320053471,2.9964324890024727,396.91005696632783,399.906582501324
req_02410,ieee-activation-8411c4186c2c42b492909f7cff30a66f,2196.4739933013916,2618.9242815430043,369.50726228060375,28.41485149601067,4.827787656002329,6.807542996000848,12.293568786990363,0.5992750260047615,421.8509701906005,422.4502882416127
req_02411,ieee-activation-59da24158a1045ee92d55d692e9c3b84,2196.6020641326904,2595.0021946199995,369.63062064030964,21.7729702390061,1.3065594799991231,2.9840634830034105,0.8199279719992774,1.885988672991516,396.514107465322,398.40013048730907
req_02412,ieee-activation-6c14ba67edf54cc9b80193ddbf12449f,2196.611463546753,2591.1183173580066,382.2307162952493,6.930993308997131,1.026395777007565,3.2997859819879523,0.4935850790061522,0.5253773690055823,393.98145377424953,394.5068538112537
req_02413,ieee-activation-6c14ba67edf54cc9b80193ddbf12449f,2199.983512878418,2597.8140246480034,378.86439041257836,8.20036228900426,0.8984475470060715,6.72088785500091,0.5898769529885612,2.5565467130072648,395.27394258457934,397.8305117695854
req_02414,ieee-activation-8411c4186c2c42b492909f7cff30a66f,2200.4171924591064,2599.2264472850075,378.8633218828909,15.464442507000058,0.005491739007993601,1.9394022509950446,0.6564797080063727,1.8801167380006518,396.92910629088874,398.809254825901
req_02415,ieee-activation-6c14ba67edf54cc9b80193ddbf12449f,2201.49640083313,2595.7395752390003,377.78434155687864,8.433463472989388,0.6457212770037586,2.8246272260003025,1.8963229009968927,2.6586979720013915,391.5844579008699,394.2431744058704
req_02416,ieee-activation-6c14ba67edf54cc9b80193ddbf12449f,2201.8295516967773,2596.0967229030066,377.45132463822665,8.786580040003173,0.6415871049975976,2.9506207950034877,1.4609319129958749,2.976126715002465,391.29102910622896,394.26717120622925
req_02417,ieee-activation-8411c4186c2c42b492909f7cff30a66f,2202.557815551758,2593.513090089007,376.7300017002417,7.7586620670044795,0.26941294700372964,2.7614654380013235,0.5152011019963538,2.9205312830017647,388.03471255525074,390.95527453724935
req_02418,ieee-activation-8411c4186c2c42b492909f7cff30a66f,2205.5391426086426,2618.940271209998,373.7492064433609,15.962993287001154,8.97721062299388,1.2421836810099194,12.85396629999741,0.6155682669923408,412.7855466723704,413.4011286013556
req_02419,ieee-activation-942891bfbe6347b2a3a855d442302144,2205.6846466064453,2595.2641672860045,374.17933128855657,8.722259771995596,0.6817889100057073,3.5642383029917255,0.28447415700065903,2.1474282490089536,387.4320487305522,389.5795206795592
req_02420,ieee-activation-8411c4186c2c42b492909f7cff30a66f,2206.985942840576,2596.095191596003,373.1053806794225,6.953564088005805,0.2708444820018485,4.132501859989134,1.6687715440057218,2.978186102001928,386.13103565342317,389.10924875542696
req_02421,ieee-activation-6c14ba67edf54cc9b80193ddbf12449f,2208.002950668335,2619.759986896999,372.08858730066277,14.328752811998129,3.7337216900050407,7.889999421997345,12.281500787998084,1.4344742160028545,410.3225531686621,411.7570362286642
req_02422,ieee-activation-59da24158a1045ee92d55d692e9c3b84,2208.3618869781494,2595.0037064930075,371.7297228238458,8.118891103003989,1.10270152000885,2.787956223997753,1.0129663909901865,1.8895814530114876,384.7522251058399,386.64181951485807
req_02423,ieee-activation-942891bfbe6347b2a3a855d442302144,2209.984375,2596.8647570930043,370.30098218000785,7.626150293988758,1.355707763999817,4.77937567900517,0.8972579060064163,1.9209082699962892,384.959396671009,386.8803820930043
req_02424,ieee-activation-942891bfbe6347b2a3a855d442302144,2209.9929904937744,2595.263718193004,370.29290519423375,7.922530042997096,1.058937979003531,2.9643784549989505,0.882008164000581,2.1499678639956983,383.120718504244,385.2707276992296
req_02425,ieee-activation-942891bfbe6347b2a3a855d442302144,2211.1980304718018,2595.262593581996,369.0880174401973,8.059982304999721,0.9213927430100739,3.4074306419934146,0.4416307079955004,2.1461092719982844,381.91843599118874,384.0645631101943
req_02426,ieee-activation-59da24158a1045ee92d55d692e9c3b84,2211.4539737701416,2595.003095032007,368.8321983148635,7.033162124993396,0.8876106310053729,3.4840768559952267,1.4309673250099877,1.8811060099978931,381.66799193086626,383.54912126186537
req_02427,ieee-activation-59da24158a1045ee92d55d692e9c3b84,2211.89986038208,2603.5832651070086,372.69284060492646,3.1224016829946777,8.781564852994052,4.093263934002607,0.10101040100562386,2.8923232490051305,388.7909926579305,391.68340472492855
req_02428,ieee-activation-59da24158a1045ee92d55d692e9c3b84,2212.5678215026855,2591.1863197030034,372.20599775231676,2.9431357180001214,0.49009640800068155,2.255152009005542,0.13790981299825944,0.5862064999964787,378.0322525813244,378.61849820031784
req_02429,ieee-activation-8411c4186c2c42b492909f7cff30a66f,2213.9900302886963,2591.435579933008,371.55125194731227,2.4641060619906057,2.0751898080052342,0.23901838400342967,0.27624255599221215,0.8397408870077925,376.6057553733117,377.44554964431154
req_02430,ieee-activation-942891bfbe6347b2a3a855d442302144,2217.2960147857666,2620.132746991003,368.46902235923335,4.384213420999004,14.714738948998274,0.4253533650044119,13.039685872005066,1.8037182389962254,401.03297033024137,402.83673220523633
req_02431,ieee-activation-59da24158a1045ee92d55d692e9c3b84,2218.1544227600098,2596.2993454840034,371.38165168599517,4.294043435991625,0.07263691601110622,0.23491701499733608,1.1217393199913204,1.0399343510071049,377.1049367069936,378.14492272399366
req_02432,ieee-activation-6c14ba67edf54cc9b80193ddbf12449f,2218.7204627990723,2604.821635239001,371.77952907093277,4.663748910999857,5.627945692991489,2.602267637004843,0.10844904300756752,1.3192320849921089,384.78189816993836,386.10117243992863
req_02433,ieee-activation-59da24158a1045ee92d55d692e9c3b84,2218.7219982147217,2627.175583350996,372.39797997027927,7.461702130996855,22.017956376002985,4.537844368998776,0.12844927499827463,1.9096530149981845,406.54386355826864,408.45358513627434
req_02434,ieee-activation-6c14ba67edf54cc9b80193ddbf12449f,2218.945415496826,2604.903189499004,372.4881711011694,7.134939077004674,0.14674155499960762,4.50188729200454,0.28503550800087396,1.4009994689986343,384.5567479971796,385.95777400217776
req_02435,ieee-activation-8411c4186c2c42b492909f7cff30a66f,2218.985511779785,2635.175121598004,372.44830483921396,35.57132925900805,0.7032200639951043,7.312743218994001,0.03984979500819463,0.11416264199942816,416.07542595222185,416.18960981821874
req_02436,ieee-activation-8411c4186c2c42b492909f7cff30a66f,2218.9890480041504,2604.377019763997,373.98951921085245,6.010888613993302,0.2346423590061022,3.800782097998308,0.4790468860010151,0.8730925919953734,384.51485465085716,385.38797175984655
req_02437,ieee-activation-8411c4186c2c42b492909f7cff30a66f,2219.631175994873,2604.2262277639966,373.88284326612484,4.904205199010903,0.8057862949935952,2.246767552001984,2.0236156469909474,0.7318338100012625,383.86318393211695,384.59505176912353
req_02438,ieee-activation-8411c4186c2c42b492909f7cff30a66f,2221.489679336548,2604.300212358008,373.7667731204565,3.3260335459926864,0.6415739740041317,3.134517026002868,1.1354576979938429,0.8061776570102666,382.00432225845,382.8105330214603
req_02439,ieee-activation-942891bfbe6347b2a3a855d442302144,2221.4974784851074,2618.2875097180076,373.75930786089157,3.076485302008223,0.3785285009944346,2.7001490840048064,2.0810484779940452,14.794512007007143,381.99550620588707,396.7900312329002
req_02440,ieee-activation-59da24158a1045ee92d55d692e9c3b84,2221.498565673828,2604.963920712995,373.7582931961806,3.5949484889861196,0.9775873440084979,3.07477718500013,0.595412957991357,1.4643358670000453,382.00101021416776,383.46535503916675
req_02441,ieee-activation-59da24158a1045ee92d55d692e9c3b84,2221.5306072235107,2603.5855048560043,373.7310292484908,3.8277820899966173,0.7407743610092439,0.73908080199908,0.12430814398976509,2.8919229870080017,379.1629531564831,382.0548976324935
req_02442,ieee-activation-942891bfbe6347b2a3a855d442302144,2222.321207046509,2679.1753585499973,372.94578130448645,2.6521356330049457,75.4370435919991,3.5285170190036297,0.2879117239936022,2.0027622310008155,454.8513706284866,456.85415150348854
req_02443,ieee-activation-59da24158a1045ee92d55d692e9c3b84,2222.3223819732666,2604.9645514680014,372.9447350267292,3.150267941004131,0.6424748340068618,3.0792164750018856,1.354719891998684,1.470755325994105,381.1714036557387,382.64216949473484
req_02444,ieee-activation-942891bfbe6347b2a3a855d442302144,2222.9066772460938,2604.5237945260014,372.3605055319058,3.152082774002338,0.2927112369943643,2.8135518449998926,1.9737825940101175,1.0244832979951752,380.59262498191674,381.6171172799077
req_02445,ieee-activation-59da24158a1045ee92d55d692e9c3b84,2223.81929397583,2603.573968786004,371.9208166021708,2.841769317004946,0.47882317399489693,1.3952872460067738,0.23339318299258593,2.8845852880040184,376.87006041216955,379.75467481017404
req_02446,ieee-activation-59da24158a1045ee92d55d692e9c3b84,2223.9895095825195,2627.184697938006,371.98471541848266,2.607186688997899,23.759639208001317,2.822377962002065,0.10209064499940723,1.9191784330032533,401.2759807434777,403.1951883554866
req_02447,ieee-activation-59da24158a1045ee92d55d692e9c3b84,2224.068790435791,2605.037060622999,371.9056444422167,2.2245466460008174,0.31293580000055954,4.8355769789923215,0.15444447900517844,1.5351218409923604,379.4331387732236,380.96827018720796
req_02448,ieee-activation-59da24158a1045ee92d55d692e9c3b84,2225.5496215820312,2627.1861986400036,370.5365357009723,26.64295458199922,1.1401197759987554,0.7505075480003143,0.6448944800067693,1.9215649709949503,399.71498426797916,401.6365770579723
req_02449,ieee-activation-6c14ba67edf54cc9b80193ddbf12449f,2226.1692695617676,2632.1982682410016,369.9295543962362,2.170993028994417,23.463437149999663,8.17906982000568,1.8487564910028595,0.4371877929952461,405.5917866982345,406.02899867923406
req_02450,ieee-activation-8411c4186c2c42b492909f7cff30a66f,2227.0124130249023,2632.3345601409965,369.0865252231015,30.55867543099157,2.5540871070115827,1.2657829699892318,1.5001681450085016,0.35690823999175336,404.96522782011016,405.32214711609413
req_02451,ieee-activation-6c14ba67edf54cc9b80193ddbf12449f,2228.417995452881,2619.7523464080004,367.8820459051203,2.719915099994978,5.770481855011894,3.900699257996166,9.63744786499592,1.4237609720003093,389.91056573011156,391.3343509551196
req_02452,ieee-activation-6c14ba67edf54cc9b80193ddbf12449f,2228.8376998901367,2619.3629191869986,368.315237043862,5.427014806002262,0.09041512099793181,1.9518625190103194,13.075215258999378,1.6654745479900157,388.85970694187563,390.5252192968619
req_02453,ieee-activation-942891bfbe6347b2a3a855d442302144,2229.162124633789,2604.522849251007,368.26883450521564,2.028946648002602,0.9943448919948423,2.6655963149969466,0.38278333500784356,1.0202189219999127,374.3404594842141,375.3607246172178
req_02454,ieee-activation-942891bfbe6347b2a3a855d442302144,2229.2543563842773,2622.8491473260074,368.18688524572644,1.7118946879927535,21.222615906008286,1.6426681659941096,0.23359024700766895,0.597136689000763,392.9976291517378,393.59479094173
req_02455,ieee-activation-942891bfbe6347b2a3a855d442302144,2230.0842113494873,2627.243876901004,367.73824149651045,2.381641462998232,20.978558728005737,3.169919731997652,0.9060539250058355,1.9852502069988986,395.17433594551403,397.1596655515168
req_02456,ieee-activation-8411c4186c2c42b492909f7cff30a66f,2230.865442276001,2632.3351444309956,368.36212541599525,28.57226360400091,0.637123746011639,3.324613001997932,0.3309977239987347,0.24257866299012676,401.227085378996,401.4697021549946
req_02457,ieee-activation-6c14ba67edf54cc9b80193ddbf12449f,2232.9352588653564,2632.3521345830086,370.6395421656489,23.095188509003492,0.6591068499983521,3.521957802993711,1.1276248719950672,0.37345551801263355,399.0433741916495,399.41687571765215
req_02458,ieee-activation-59da24158a1045ee92d55d692e9c3b84,2236.6688346862793,2632.9272869330016,366.91596091372776,21.53901757899439,3.540502411997295,2.071991650998825,1.244772535006632,0.9462071559973992,395.3121933797229,396.2584522467223
req_02459,ieee-activation-942891bfbe6347b2a3a855d442302144,2236.6720581054688,2713.7997729110066,366.9175632115366,21.43959762499435,82.63698658000794,2.851328149990877,0.8935671619983623,2.388672077009687,474.73902052853373,477.12771480553783
req_02460,ieee-activation-942891bfbe6347b2a3a855d442302144,2238.309232711792,2627.2432275169995,365.9918340452132,18.54921647500305,0.657821407992742,0.7056351750070462,1.051353646995267,1.9781340549961897,386.9558208332164,388.9339948052075
req_02461,ieee-activation-59da24158a1045ee92d55d692e9c3b84,2238.4162979125977,2627.866917738007,365.8849632683996,20.888459375011735,0.005317698989529163,1.2197194589971332,0.6819237320014508,0.7702362920099404,388.6803683834005,389.4506198254094
req_02462,ieee-activation-8411c4186c2c42b492909f7cff30a66f,2238.6703300476074,2634.298722904001,365.70919413540105,21.666008735992364,1.6622257620038,6.52065116999438,0.031139626997173764,0.039173426004708745,395.5891886643949,395.6283928563935
req_02463,ieee-activation-6c14ba67edf54cc9b80193ddbf12449f,2239.646162033081,2632.3588490139955,364.87592866692285,22.43164595500275,0.37547926099796314,4.546603031994891,0.23391547100618482,0.24911459498980548,392.46353669892414,392.71268698091444
req_02464,ieee-activation-8411c4186c2c42b492909f7cff30a66f,2239.7674655914307,2632.3366400030063,364.98613269557245,22.682880608001142,0.9994720690010581,3.227728779995232,0.3158629940007813,0.3570972650049953,392.2120488365763,392.56917441157566
req_02465,ieee-activation-8411c4186c2c42b492909f7cff30a66f,2240.1346340179443,2632.334900724003,364.6190883890522,22.49044467099884,1.1916687160119181,1.815964998997515,1.7300874469947303,0.3530124840035569,391.8472416620498,392.20026670605876
req_02466,ieee-activation-942891bfbe6347b2a3a855d442302144,2240.7283058166504,2659.357003070996,364.1756817873538,20.286815222993027,0.01416113501181826,13.407704897996155,2.2520294839923736,18.492304726998555,400.1363622463541,418.62869725434575
req_02467,ieee-activation-942891bfbe6347b2a3a855d442302144,2241.012777328491,2659.349883585004,363.891575462505,20.125194270003703,7.093351301999064,7.3915937910060165,1.4404163369908929,18.39497509400826,399.9421178324992,418.3371062565129
req_02468,ieee-activation-8411c4186c2c42b492909f7cff30a66f,2242.122392654419,2632.336218112003,375.5747069475765,9.398762465003529,1.021077270997921,2.5730711430078372,1.2882050309999613,0.35800259999814443,389.85577703757735,390.2138254575839
req_02469,ieee-activation-8411c4186c2c42b492909f7cff30a66f,2242.6523838043213,2632.3340188450093,375.04487114468066,8.410239482996985,1.6007389570004307,3.8911239790031686,0.3797756540006958,0.3548858230060432,389.3267381946789,389.681635040688
req_02470,ieee-activation-6c14ba67edf54cc9b80193ddbf12449f,2242.673168182373,2627.9432149729982,375.0245409256313,7.061501877004048,0.15215258199896198,0.1976809059997322,0.15834553199238144,2.6758249679987784,382.5942107456358,385.2700467906252
req_02471,ieee-activation-6c14ba67edf54cc9b80193ddbf12449f,2242.9831047058105,2630.002491270003,375.3082412181975,9.039392805992975,0.41031187800399493,1.1091031969990581,0.05884986299497541,1.0934876020037336,385.9258741171943,387.01938656419225
req_02472,ieee-activation-942891bfbe6347b2a3a855d442302144,2243.6466007232666,2628.351903732997,375.2834064207418,5.7690305129945045,0.06493366799259093,1.9694413510005688,0.36406545600038953,1.2544256010005483,383.4508331017423,384.7053030097304
req_02473,ieee-activation-59da24158a1045ee92d55d692e9c3b84,2243.7125034332275,2627.865447133998,375.2336722737673,6.245726066001225,0.00427645500167273,1.3281198180047795,0.5727348850050475,0.7684142029902432,383.384496266779,384.15294370077027
req_02474,ieee-activation-6c14ba67edf54cc9b80193ddbf12449f,2245.0067501068115,2642.546739682002,373.9461654521874,8.055880291009089,0.320998637995217,8.503951645994675,4.698151617005351,2.014841930998955,395.52512460018625,397.5399895751907
req_02475,ieee-activation-6c14ba67edf54cc9b80193ddbf12449f,2246.5513973236084,2628.8912228940026,372.81267802539514,7.740508850998594,0.225325249004527,1.0131802169926232,0.08683103400107939,0.46130219400220085,381.87848785938695,382.33982557039417
req_02476,ieee-activation-6c14ba67edf54cc9b80193ddbf12449f,2247.133430480957,2632.343525161996,372.62025051304954,6.292684365995228,1.2825225080014206,3.7089019209961407,0.9422239080013242,0.36351146499509923,384.8465500240418,385.21009468103875
req_02477,ieee-activation-59da24158a1045ee92d55d692e9c3b84,2247.1385746002197,2629.387810087006,372.6223437937879,5.49705160499434,2.622931781996158,0.6919747030042345,0.20352176000596955,0.611411842997768,381.63780163579213,382.24923548678635
req_02478,ieee-activation-942891bfbe6347b2a3a855d442302144,2247.4512310028076,2659.356055673008,372.6836661441921,11.836757810000563,0.008126941000227816,6.476737896999111,2.4058627070044167,18.493673171004048,393.4111165841896,411.90482467020047
req_02479,ieee-activation-6c14ba67edf54cc9b80193ddbf12449f,2247.921751022339,2632.3552659910056,374.930693001661,6.675414233002812,0.06641783899976872,2.1974964959954377,0.30112192399974447,0.2623714750079671,384.1710901576589,384.4335149686667
req_02480,ieee-activation-59da24158a1045ee92d55d692e9c3b84,2248.052951812744,2632.9314023299958,379.1240231392585,2.14831125800265,1.3859489119931823,0.8912058740097564,0.5061445069877664,0.8228168269997695,384.0555847642536,384.8784505172516
req_02481,ieee-activation-59da24158a1045ee92d55d692e9c3b84,2251.43611907959,2635.2411733920017,375.7494738324167,4.789619460992981,0.17404779500793666,2.6873205000010785,0.22529942498658784,0.17929329900653102,383.6257322934107,383.8050543124118
req_02482,ieee-activation-59da24158a1045ee92d55d692e9c3b84,2252.257974624634,2636.0178847920033,374.99071007936436,2.688780532000237,4.5001743610046105,0.6301498109969543,0.11023216100875288,0.8398632229946088,382.9200228613772,383.7599101673695
req_02483,ieee-activation-59da24158a1045ee92d55d692e9c3b84,2252.3106079101562,2636.2270041510055,374.9383894808416,4.724877276006737,0.1753338129929034,3.141445710003609,0.09986076300265267,0.8364891980018001,383.07989362884837,383.9163962408493
req_02484,ieee-activation-942891bfbe6347b2a3a855d442302144,2253.6449756622314,2665.6338996190025,373.604107145773,4.659060856996803,28.95804996699735,2.507079948001774,0.9540349099988816,1.306591129003209,410.68231539077533,411.98892395677103
req_02485,ieee-activation-59da24158a1045ee92d55d692e9c3b84,2254.2865104675293,2634.604855190002,373.57988472346915,3.9833170950005297,0.29937249500653706,1.3023624139896128,0.4698747490037931,0.6835332460032078,379.6347654574638,380.31834472247283
req_02486,ieee-activation-6c14ba67edf54cc9b80193ddbf12449f,2254.6846771240234,2659.072204791999,373.34171298397996,8.48451615399972,1.26554098399356,1.7282554830017034,1.454951184001402,18.112550878999173,386.2749492209841,404.3875276679755
req_02487,ieee-activation-942891bfbe6347b2a3a855d442302144,2255.0270462036133,2667.2439414690016,372.99964027738315,3.9444365680101328,33.21777766798914,0.5156501040037256,0.4025489430059679,1.1368417049961863,411.0800407073839,412.2168952653883
req_02488,ieee-activation-942891bfbe6347b2a3a855d442302144,2255.029285430908,2659.3507316690084,373.3232947160868,3.6204039030126296,4.8473232190008275,3.054194460986764,1.098700168004143,18.377529771008994,385.9438730040856,404.3214462381002
req_02489,ieee-activation-59da24158a1045ee92d55d692e9c3b84,2255.6502361297607,2641.924921857004,373.24230725124653,4.752833696999005,0.0733677669923054,5.759812097996473,1.3844137280102586,1.0619511859986233,385.21269337425474,386.2746857272432
req_02490,ieee-activation-6c14ba67edf54cc9b80193ddbf12449f,2256.74391746521,2701.1329198239982,372.7512921197922,2.8631996040057857,68.16208881000057,0.2353154909942532,0.010449769004480913,0.36665656499098986,444.0223158167937,444.3890023587883
req_02491,ieee-activation-6c14ba67edf54cc9b80193ddbf12449f,2256.9546546936035,2660.675255947004,373.186790808395,2.2178865330060944,2.3795307590044104,7.955178134987364,0.35081995000655297,17.630395068001235,386.0901762204012,403.7206012534007
req_02492,ieee-activation-59da24158a1045ee92d55d692e9c3b84,2258.3776874542236,2641.919761794008,373.8216420557728,4.0287431180040585,1.1655457599990768,2.656673036995926,0.9088567730068462,0.9606135960057145,382.5813753717666,383.54207433978445
req_02493,ieee-activation-8411c4186c2c42b492909f7cff30a66f,2258.453462600708,2675.6391303209966,373.88207935229,3.5224827580095734,28.48441836598795,7.453168794003432,1.8297396580019267,2.013778791995719,415.1718609732925,417.1856677202886
req_02494,ieee-activation-8411c4186c2c42b492909f7cff30a66f,2259.000759124756,2695.2021424029954,373.33516507224704,3.867315998999402,41.79939013200055,2.4146546569972998,14.261733710009139,0.5231237079860875,435.67824724425736,436.2013832782395
req_02495,ieee-activation-8411c4186c2c42b492909f7cff30a66f,2259.7271671295166,2642.9444063590054,372.60883174648916,3.8896770059945993,1.306366277000052,1.8369104800076457,1.5895427729992662,1.9859109469980467,381.23131763748825,383.21723922948877
req_02496,ieee-activation-59da24158a1045ee92d55d692e9c3b84,2260.026391983032,2666.1902139890008,372.3096640049771,5.241589802986709,23.13197998701071,4.860738354997011,0.5309012450015871,0.0889486109954305,406.0748657079821,406.16382200596854
req_02497,ieee-activation-59da24158a1045ee92d55d692e9c3b84,2260.9680156707764,2642.268859005999,371.3728764192201,5.199480029012193,0.2795001299964497,2.2650514650013065,0.8768028779886663,1.3071324140037177,379.99369094721624,381.30084333522245
req_02498,ieee-activation-6c14ba67edf54cc9b80193ddbf12449f,2262.294479370117,2642.941464043004,370.04658477888734,4.50209137800266,0.9341797980014235,1.197213229999761,1.9848426169919549,1.9820728710037656,378.66490039888595,380.6469846728869
req_02499,ieee-activation-6c14ba67edf54cc9b80193ddbf12449f,2266.551919937134,2643.0998165530036,365.79262569587445,4.829745191993425,0.6032064619939774,1.843051779011148,1.3383002369955648,2.1409672500012675,374.4068982608733,376.54789661586983
req_02500,ieee-activation-59da24158a1045ee92d55d692e9c3b84,2266.921926498413,2665.2163254909974,365.4306162455905,4.757819413003745,23.030585225991672,4.649642682998092,0.22105356000247411,0.2046818649978377,398.0897025105951,398.2943989925843
req_02501,ieee-activation-8411c4186c2c42b492909f7cff30a66f,2266.9686946868896,2695.2045314459974,365.3867613381153,3.870855319997645,39.47866782400524,6.122531859000446,12.853374400991015,0.5236460169981001,427.7121688391053,428.23583675910777
req_02502,ieee-activation-59da24158a1045ee92d55d692e9c3b84,2267.2612228393555,2642.9937018189958,365.0979388756532,7.196565836988157,0.08234363200608641,2.1153605300060008,0.0828680609993171,1.1574020439875312,374.57506363265566,375.7324789796403
req_02503,ieee-activation-6c14ba67edf54cc9b80193ddbf12449f,2267.263334274292,2668.2201663129963,365.66481458270573,7.539050336999935,24.429656965003232,1.6644387760024983,0.6222959629958495,1.0365754149970599,399.9202174226957,400.9568320387043
req_02504,ieee-activation-6c14ba67edf54cc9b80193ddbf12449f,2270.4039344787598,2665.694212761009,363.0159020452411,7.343284037997364,19.776224399000057,1.8467585059988778,1.9406549950072076,1.3674542990047485,393.9227532052464,395.29027828224935
req_02505,ieee-activation-8411c4186c2c42b492909f7cff30a66f,2271.844493865967,2666.4662939889968,362.4548313800333,2.874094801998581,22.245365673996275,4.307870461008861,0.6982243599923095,2.0414134460006608,392.5803375270334,394.62180012302997
req_02506,ieee-activation-8411c4186c2c42b492909f7cff30a66f,2272.3533973693848,2700.538969469999,362.25223583361367,1.6191045950108673,58.5571377039887,4.020457536011236,1.2324833759921603,0.504153055997449,427.68138363061007,428.1855721006141
req_02507,ieee-activation-8411c4186c2c42b492909f7cff30a66f,2273.1761264801025,2732.2550061110087,362.0016634919011,2.361345736993826,65.41135563800344,12.511318374003167,1.3701234579930315,15.423072932011564,443.65577824189677,459.07887963090616
req_02508,ieee-activation-8411c4186c2c42b492909f7cff30a66f,2273.5109825134277,2675.640330021997,361.73537507456786,5.5712454130116384,27.054316725989338,4.3448326690122485,1.4081170110002859,2.0154606149881147,400.113843108571,402.1293475085695
req_02509,ieee-activation-6c14ba67edf54cc9b80193ddbf12449f,2273.6624698638916,2695.7948096140026,362.3610257941036,36.95006117700541,0.09094365499913692,7.453692727998714,14.163123068006826,1.1134933279972756,421.01879192011256,422.132339750111
req_02510,ieee-activation-6c14ba67edf54cc9b80193ddbf12449f,2274.585367202759,2675.8130030320026,361.64238239124825,33.367449419994955,1.1990190890064696,1.4283366249874234,1.6199560150125762,1.9704922889941372,399.2571159002546,401.2276358292438
req_02511,ieee-activation-59da24158a1045ee92d55d692e9c3b84,2275.8985271453857,2695.7346307929984,366.04869217461965,27.278798931001802,6.472895148996031,4.531231758999638,14.449478369991994,1.0550072640035069,418.7810134556057,419.8361036476126
req_02512,ieee-activation-59da24158a1045ee92d55d692e9c3b84,2278.252239227295,2695.795825969006,363.6958044077037,27.750374483002815,7.17323008600215,4.517419237003196,13.290285572991706,1.116472955007339,416.427074991705,417.5435867417109
req_02513,ieee-activation-6c14ba67edf54cc9b80193ddbf12449f,2278.775743484497,2675.815108697003,363.5701767635037,28.406317143002525,0.32592973799910396,1.0309473499946762,1.7345985230058432,1.9713956949999556,395.06794055050705,397.0393652125058
req_02514,ieee-activation-8411c4186c2c42b492909f7cff30a66f,2279.5778636932373,2675.6929057450034,362.9720797097689,27.62164913000015,0.1701540209905943,2.0554281610093312,1.445912600000156,1.849818429996958,394.26518194077653,396.11504205176607
req_02515,ieee-activation-8411c4186c2c42b492909f7cff30a66f,2279.8967361450195,2675.666654902001,363.10214692498266,25.886679899005685,0.8316458909976063,2.7059960509941448,1.388609763002023,1.8548402279993752,393.9150426679844,395.7699187569815
req_02516,ieee-activation-8411c4186c2c42b492909f7cff30a66f,2280.283281326294,2314.4965157270053,0.3426072477013804,28.63988262100611,1.2905703510041349,3.0892668689921265,0.29227795099723153,0.5586293610103894,33.654566399694886,34.21323440071137
req_02517,ieee-activation-942891bfbe6347b2a3a855d442302144,2281.3127613067627,2701.578674557997,361.68672541424166,29.743001253998955,23.725772855003015,3.0301213369966717,0.602578309000819,1.4777140819933265,418.788143321246,420.26591325123445
req_02518,ieee-activation-942891bfbe6347b2a3a855d442302144,2284.10152053833,2713.8012093959987,359.14931143166905,30.1611562550097,30.826133514987305,6.543431896003312,0.6302227380074328,2.389433021991863,427.3102237726707,429.69968885766866
req_02519,ieee-activation-6c14ba67edf54cc9b80193ddbf12449f,2285.5812397003174,2678.392196269997,373.51861182868015,10.601527648002957,1.3760178000084125,6.535337431996595,0.09632644600060303,0.6831354149908293,392.12778899369005,392.81095656967955
req_02520,ieee-activation-59da24158a1045ee92d55d692e9c3b84,2286.489200592041,2707.9109595290065,372.8692617029592,14.226464444000158,29.114114811003674,3.9779016300017247,0.36139719698985573,0.8726191520108841,420.54910825895786,421.4217589369655
req_02521,ieee-activation-59da24158a1045ee92d55d692e9c3b84,2286.5924243927,2696.0068620899983,372.7664009243017,9.107813217997318,11.120995094999671,2.1627765470038867,13.023575726998388,1.2328761859971564,408.18154738729936,409.4144376972981
req_02522,ieee-activation-942891bfbe6347b2a3a855d442302144,2291.524929046631,2696.3246992650093,367.9057771023654,10.80965303600533,6.93533944900264,6.149977863999084,11.354458800997236,1.6445639660087181,403.1551650643669,404.7997702183784
req_02523,ieee-activation-942891bfbe6347b2a3a855d442302144,2292.939224243164,3070.4829250699986,760.3342177018349,7.089384888007771,0.07596461799403187,5.443847243994242,0.8673260250070598,3.7329603499965742,773.8106740178337,777.5437008268345
req_02524,ieee-activation-6c14ba67edf54cc9b80193ddbf12449f,2293.3368244171143,2695.794166588006,367.34871337289223,8.61923217299045,6.395480965002207,6.06210907100467,12.918039461001172,1.1137671280012,401.34349783290236,402.45734217089193
req_02525,ieee-activation-6c14ba67edf54cc9b80193ddbf12449f,2293.5027351379395,2695.7953032950027,371.71579466706316,7.3378294949943665,4.627759807000984,5.253275531998952,12.243268764999812,1.114639891005936,401.1778205600567,402.2925681570632
req_02526,ieee-activation-59da24158a1045ee92d55d692e9c3b84,2293.503511428833,2696.099229797008,372.1314966711652,7.716747005004436,0.08975652599474415,6.655813515011687,14.582585710988496,1.419318940010271,401.17635486315703,402.59571836817486
req_02527,ieee-activation-942891bfbe6347b2a3a855d442302144,2297.7555980682373,2696.326005648996,368.22013232477184,6.669438111988711,6.690504629004863,2.4475348139967537,12.991099749007844,1.5516979519888991,397.0186699277838,398.5704075807589
req_02528,ieee-activation-942891bfbe6347b2a3a855d442302144,2298.433982849121,2717.394093259005,367.7569879848743,7.3731348420114955,26.468166938997456,13.28986602499208,0.4811415980075253,3.5908130210009404,415.3692610608705,418.9601104098838
req_02529,ieee-activation-59da24158a1045ee92d55d692e9c3b84,2299.4757499694824,2707.909963733997,366.9951421955193,7.113802488005604,26.978271678992314,6.257049487001495,0.21892101800767705,0.8710268969880417,407.56314941952587,408.4342137645144
req_02530,ieee-activation-59da24158a1045ee92d55d692e9c3b84,2301.026247024536,2733.4564228880045,366.2240817164711,2.8477497679996304,47.56863820400031,1.6094284329883521,13.132005314007984,1.048272428000928,431.3818433024717,432.4301758634683
req_02531,ieee-activation-6c14ba67edf54cc9b80193ddbf12449f,2301.595703125,2750.215333294007,366.625989852997,38.31513073600945,37.82451131599373,3.2343463680008426,1.9384102010080824,0.6812416949978797,447.93833266400907,448.619630169007
req_02532,ieee-activation-8411c4186c2c42b492909f7cff30a66f,2305.6224632263184,2708.3837766590004,370.0401724686817,29.225325621999218,2.0933996149979066,0.7147878719988512,0.424187257012818,0.2634405979915755,402.49782355868956,402.7613134326821
req_02533,ieee-activation-6c14ba67edf54cc9b80193ddbf12449f,2305.8828868865967,2716.9913198190043,369.78189864240994,34.416176533995895,3.385926760005532,0.5863941439893097,0.17277381000167225,2.7652630420052446,408.3431555023999,411.1084329324076
req_02534,ieee-activation-6c14ba67edf54cc9b80193ddbf12449f,2306.8015270233154,2709.5691386850085,368.8857646526885,29.289334974993835,1.831698199006496,1.0676180070004193,0.24736499399296008,1.4458308340108488,401.3217433996906,402.7676116616931
req_02535,ieee-activation-6c14ba67edf54cc9b80193ddbf12449f,2307.044895172119,2732.253375461005,368.64966195987654,30.393007081001997,0.7214389680011664,8.154761256009806,1.8685486979957204,15.421062326000538,409.7874034538836,425.20848028888577
req_02536,ieee-activation-59da24158a1045ee92d55d692e9c3b84,2307.1040382385254,2711.9596691049956,368.7103597664827,29.075016400995082,0.8549724930053344,2.7573775989876594,0.2600688080128748,3.197835798986489,401.65774683149357,404.85563086647016
req_02537,ieee-activation-59da24158a1045ee92d55d692e9c3b84,2308.9185829162598,2741.8065712450043,367.2784901427367,60.076997007010505,1.2298022429895354,1.8007244590116898,1.8718354709999403,0.6301390059961705,432.25775038974825,432.88798832874454
req_02538,ieee-activation-6c14ba67edf54cc9b80193ddbf12449f,2309.5156230926514,2709.3701398620033,368.87703279734706,28.00752938700316,0.4089467070007231,0.9973315759998513,0.3175647280004341,1.246111574000679,398.60837223535054,399.8545167693519
req_02539,ieee-activation-6c14ba67edf54cc9b80193ddbf12449f,2309.5159339904785,2713.503531747003,369.6717373225256,27.3289812419971,0.292598187996191,3.1060624590027146,1.0227203810063656,2.5654981639963808,401.42204248653434,403.98759775652434
req_02540,ieee-activation-8411c4186c2c42b492909f7cff30a66f,2310.3098793029785,2734.2857327630045,384.89375015502446,15.962736076005967,22.237457144990913,0.2224822380085243,0.12701656299759634,0.5324112829985097,423.4433583290229,423.975853460026
req_02541,ieee-activation-8411c4186c2c42b492909f7cff30a66f,2310.8135662078857,2737.3790349430055,384.39733086411434,16.571760531005566,23.596163590991637,1.923801936005475,0.038771228995756246,0.03764058400702197,426.5277757321164,426.5654687351198
req_02542,ieee-activation-59da24158a1045ee92d55d692e9c3b84,2310.959197998047,2712.2904907080083,384.77648863295326,10.596671231003711,0.07498641099664383,2.2530553870019503,0.23395140799402725,3.3961396400118247,397.93511682194367,401.3312927099614
req_02543,ieee-activation-6c14ba67edf54cc9b80193ddbf12449f,2311.846197128296,2709.3686698920064,384.1594450607081,11.200908628990874,0.056037670001387596,0.6426595310040284,0.2195475920016179,1.243874281004537,396.2785621367075,397.52247276371054
req_02544,ieee-activation-8411c4186c2c42b492909f7cff30a66f,2312.0100841522217,2733.391813398004,383.9959691547847,14.795547108995379,4.177730680006789,2.911049373986316,14.297994523003581,1.203438405005727,420.1782710507832,421.3817292457825
req_02545,ieee-activation-8411c4186c2c42b492909f7cff30a66f,2312.77219581604,2734.284308649003,383.233977619966,15.267611830000533,20.592560168995988,1.7338446289941203,0.15118679500301369,0.5329317900032038,420.9791709209676,421.5121128329629
req_02546,ieee-activation-6c14ba67edf54cc9b80193ddbf12449f,2314.5013637542725,2742.326073111006,381.50508497672854,14.986771809999482,22.85923968499992,6.129371153001557,1.1953343469940592,1.1489073850098066,426.67579154072155,427.82470935673336
req_02547,ieee-activation-942891bfbe6347b2a3a855d442302144,2315.551435470581,2754.768408447999,380.4562873284158,15.180520449008327,38.36775412199495,3.168995209998684,1.322418223004206,0.7209976449958049,438.49595814041095,439.21697297741775
req_02548,ieee-activation-59da24158a1045ee92d55d692e9c3b84,2316.067211151123,2708.7150057539984,380.03299383788544,9.088930133992108,0.5554810239991639,2.5713047760073096,0.04911862999142613,0.3499662009999156,392.29779307887657,392.64779460287536
req_02549,ieee-activation-59da24158a1045ee92d55d692e9c3b84,2316.1487312316895,2733.4573805289983,380.1766129813186,14.755640372997732,3.590405461989576,4.644513872000971,12.872903652008972,1.2685729569930118,416.04004239731876,417.3086492973089
req_02550,ieee-activation-59da24158a1045ee92d55d692e9c3b84,2317.9090270996094,2711.9611728230084,378.5557882143912,9.489995691998047,0.06346766400383785,2.616800574993249,0.26025920901156496,3.065834369001095,390.98627775438945,394.052145723399
req_02551,ieee-activation-942891bfbe6347b2a3a855d442302144,2317.9112434387207,2732.979563608009,382.6288783132768,5.356402642006287,6.5611892890010495,2.620209998000064,1.7546382430009544,16.147001684003044,398.92129083527834,415.0683201692882
req_02552,ieee-activation-942891bfbe6347b2a3a855d442302144,2318.1798763275146,2744.3511160250055,382.9535077134933,5.199679555997136,28.641390666991356,7.511589749003178,0.17486315499991179,1.6902088570059277,424.48100086349586,426.1712396974908
req_02553,ieee-activation-8411c4186c2c42b492909f7cff30a66f,2319.971570968628,2741.2893810390087,381.6082582063682,9.904297647008207,22.790614672994707,5.894369950998225,1.0091239260073053,0.11114566700416617,421.2066246953764,421.3178100703808
req_02554,ieee-activation-59da24158a1045ee92d55d692e9c3b84,2320.688274383545,2712.904313854,387.2235684844636,2.074223333998816,0.06320574998972006,2.2502620680024847,0.02433244400890544,0.5804473899916047,391.6355355724663,392.21603947045514
req_02555,ieee-activation-942891bfbe6347b2a3a855d442302144,2321.9533863067627,2771.2924020950013,385.958681902237,1.882331921995501,42.24849324200477,6.4877657309989445,11.86479504800809,0.8969479429943021,448.44204054524016,449.3390157882386
req_02556,ieee-activation-8411c4186c2c42b492909f7cff30a66f,2322.512762069702,2771.222231581007,386.05232783929387,33.69056616500893,8.751691957993899,8.635885658004554,10.75267729999905,0.8263205910043325,447.8830883582996,448.70946951130463
req_02557,ieee-activation-8411c4186c2c42b492909f7cff30a66f,2326.2090339660645,2772.247220008998,382.50812523893546,33.02765372900467,13.154376267993939,3.3086866380035644,12.191932645000634,1.847411523995106,444.190729883936,446.0381860429334
req_02558,ieee-activation-8411c4186c2c42b492909f7cff30a66f,2327.2198333740234,2844.215070653998,382.1497091609781,32.94830197800184,81.42044185000123,5.648050845004036,11.6396436879877,3.1890897580015007,513.8061069429677,516.9952372799744
req_02559,ieee-activation-59da24158a1045ee92d55d692e9c3b84,2333.1287384033203,2742.209300233997,376.4388578356884,27.55980912898667,0.3768533790134825,1.8627943489991594,1.809854972991161,1.032392164997873,408.0481372336799,409.08056183067674
req_02560,ieee-activation-6c14ba67edf54cc9b80193ddbf12449f,2334.7547454833984,2742.3186058220017,374.81498359960096,26.330552825005725,0.4903674429951934,2.667198320996249,2.118340753004304,1.142417397000827,406.42142445959325,407.56386033860326
req_02561,ieee-activation-6c14ba67edf54cc9b80193ddbf12449f,2334.9642009735107,2744.4276256690064,376.996319454498,23.554908984995564,0.8738695229985751,7.806056610002997,0.15025487099774182,0.08201525200274773,409.38137415150413,409.46342469549563
req_02562,ieee-activation-59da24158a1045ee92d55d692e9c3b84,2334.9720878601074,2741.8039288410073,377.2176496628963,23.58146440499695,1.3547691669955384,2.7132657840120373,1.3374196819931967,0.6272722800058546,406.2045389328996,406.83184098089987
req_02563,ieee-activation-8411c4186c2c42b492909f7cff30a66f,2335.013921737671,2741.1713909060054,377.2806725923292,23.281028865996632,0.013886202999856323,2.0953154570015613,0.2751668840064667,3.211399166000774,402.9460419773386,406.1574691683345
req_02564,ieee-activation-59da24158a1045ee92d55d692e9c3b84,2335.0205688476562,2742.207519001997,377.88465198135236,23.65589987199928,0.9427970940014347,2.6412287109997123,1.0328705459978664,1.0295019499899354,406.15741236435133,407.1869501543406
req_02565,ieee-activation-59da24158a1045ee92d55d692e9c3b84,2335.7238731384277,2742.174317077006,377.7900869935693,22.468564118011273,1.5212359479919542,1.1801030479982728,2.4950247410015436,0.9954290900059277,405.4549901535647,406.45044393857825
req_02566,ieee-activation-59da24158a1045ee92d55d692e9c3b84,2336.064712524414,2741.8057199449977,377.7372185365821,22.09679289800988,1.2275790339917876,1.403041914003552,2.6491088010079693,0.6272662369883619,405.1137032395927,405.7410074205836
req_02567,ieee-activation-942891bfbe6347b2a3a855d442302144,2336.554183959961,2744.0581701760093,377.24814387403603,22.026434928004164,0.060469486998044886,6.739414538998972,0.03750120500626508,1.3920221830048831,406.1119345060433,407.50398621604836
req_02568,ieee-activation-59da24158a1045ee92d55d692e9c3b84,2336.5556468963623,2741.802964657996,380.43671692463977,19.849260233997484,0.6623355260089738,0.9584905869996874,2.71493441099301,0.6255800789949717,404.6216940206359,405.2473177616339
req_02569,ieee-activation-942891bfbe6347b2a3a855d442302144,2336.628870010376,2742.9528941269964,380.7664359076298,18.504390118003357,0.805183294985909,2.514365833005286,2.050902518007206,1.6827464449888794,404.64123962263693,406.3240241166204
req_02570,ieee-activation-6c14ba67edf54cc9b80193ddbf12449f,2337.442207336426,2742.320400401004,394.81445800357324,3.5730092720041284,0.5599407959962264,4.362248068006011,0.5037347559991758,1.0648021689994493,403.8133293655701,404.8781930645782
req_02571,ieee-activation-6c14ba67edf54cc9b80193ddbf12449f,2337.442750930786,2742.316370643006,394.8821416802093,3.7601224860118236,0.7193074239912676,2.036099541001022,2.335481597998296,1.140466983008082,403.73312617919873,404.8736197122198
req_02572,ieee-activation-6c14ba67edf54cc9b80193ddbf12449f,2337.458959579468,2742.319616174005,395.5214811985352,3.449150076994556,2.3975156670057913,0.4319385589915328,2.0113961510069203,1.0491749420034466,403.8114300635352,404.86065659453743
req_02573,ieee-activation-6c14ba67edf54cc9b80193ddbf12449f,2338.259199142456,2742.3172970419982,395.203888842545,2.9680951350019313,0.3742286289925687,2.3391114520054543,2.033078385007684,1.1396954559895676,402.91835663055826,404.0580978995422
req_02574,ieee-activation-942891bfbe6347b2a3a855d442302144,2338.277093887329,2750.6802335530083,395.18635227867344,2.3659554939949885,6.6242027249973034,5.673362172005,1.4074860170076136,1.1457809790008469,411.2573220426857,412.4031396656792
req_02575,ieee-activation-942891bfbe6347b2a3a855d442302144,2339.617118835449,2750.673626193995,393.8467007375584,2.113332887995057,8.804214315998252,3.3023837320070015,1.8512134259945014,1.1386622589925537,409.917825513563,411.0565073585458
req_02576,ieee-activation-8411c4186c2c42b492909f7cff30a66f,2340.368543624878,2779.631699938007,393.91798116512655,7.46115372699569,28.305408330008504,3.7637955299869645,1.4531183650105959,4.3616991960007,434.9014371631347,439.263156313129
req_02577,ieee-activation-8411c4186c2c42b492909f7cff30a66f,2340.6043605804443,2751.450238632009,393.68248253256024,7.92017093100003,3.71688110899413,3.2746330040099565,0.42689413999323733,1.824816335007199,409.02105128955736,410.8458780515648
req_02578,ieee-activation-8411c4186c2c42b492909f7cff30a66f,2341.0290870666504,2803.8355690620083,396.3505010763474,5.222137233009562,38.128803891988355,8.057993124006316,1.1107137799990596,13.93633289000718,448.8701153933507,462.8064819953579
req_02579,ieee-activation-8411c4186c2c42b492909f7cff30a66f,2341.030071258545,2751.4493252450047,400.1455573684507,1.4244589880108833,0.39524585599428974,5.921413560005021,0.7089885390014388,1.8235896749974927,408.59564529245836,410.4192539864598
req_02580,ieee-activation-59da24158a1045ee92d55d692e9c3b84,2344.532335281372,2774.0234996500076,396.75779088762647,28.234656647007796,0.06514135398901999,3.8660029740130994,0.19622972299112007,0.3713427830080036,429.1197892286291,429.4911643686355
req_02581,ieee-activation-6c14ba67edf54cc9b80193ddbf12449f,2345.1479206085205,2772.9074441679986,396.65716900448024,14.452702412003418,0.13039935399137903,0.3481029860122362,13.663999804994091,2.5071499979967484,425.2523372024734,427.7595235594781
req_02582,ieee-activation-8411c4186c2c42b492909f7cff30a66f,2345.1565437316895,2773.4715776490048,396.648761464312,28.36524605899467,0.012302802002523094,1.0785377669963054,0.3830271730112145,1.8271586519986158,426.4878555503092,428.3150339173153
req_02583,ieee-activation-59da24158a1045ee92d55d692e9c3b84,2345.308952331543,2776.6323248650006,396.86369375145296,28.181216351003968,1.9174729570077034,2.6744562399981078,0.42701236899301875,1.2595208650018321,430.06382541944913,431.3233725334576
req_02584,ieee-activation-942891bfbe6347b2a3a855d442302144,2345.5999507904053,2772.275348258001,396.57322955060226,27.81340218099649,0.06887315399944782,1.400569456993253,0.3831211940123467,0.43620193099195603,426.23915225961537,426.67539746759576
req_02585,ieee-activation-6c14ba67edf54cc9b80193ddbf12449f,2346.539976119995,2772.9149225489964,395.7092982920003,13.535573850007495,0.6028220110019902,0.8561805920035113,13.156663803994888,2.5144078799930867,423.86051134200534,426.3749464290013
req_02586,ieee-activation-942891bfbe6347b2a3a855d442302144,2346.564847946167,2781.6206443980045,395.6846925018326,13.527811955005745,24.698024022000027,0.22123588300019037,0.25717221898958087,0.6668598710093647,434.3889214598312,435.0557964518375
req_02587,ieee-activation-59da24158a1045ee92d55d692e9c3b84,2346.574520111084,2774.5732750769967,395.67509174991574,27.73633145200438,0.004682838000007905,3.063446414991631,0.431238271004986,1.0879642399959266,426.9107809919078,427.99875496591267
req_02588,ieee-activation-59da24158a1045ee92d55d692e9c3b84,2347.0463428497314,2773.711008048005,395.2765701162716,27.84890901199833,0.17437170300399885,1.4810107029916253,0.46009611000772566,1.4237075540004298,425.2409164042765,426.6646651982737
req_02589,ieee-activation-59da24158a1045ee92d55d692e9c3b84,2347.6495361328125,2776.6329922629957,394.6736110741913,27.845408834997215,0.05715898699418176,4.486024064011872,0.4954863939929055,1.4257667759957258,427.55766897318244,428.9834561301832
req_02590,ieee-activation-942891bfbe6347b2a3a855d442302144,2347.9625759124756,2780.0790428979963,394.3608022845292,27.980167022004025,3.1851028759992914,3.0885092319949763,0.6795833380019758,2.8223022329912055,429.29414445653674,432.1164669855207
req_02591,ieee-activation-59da24158a1045ee92d55d692e9c3b84,2348.1101837158203,2780.5361799100065,394.2134614931856,27.725370257991017,0.08206020201032516,7.481781837996095,2.017106828003307,0.9062155749998055,431.5197612671909,432.42599619418615
req_02592,ieee-activation-8411c4186c2c42b492909f7cff30a66f,2348.1115112304688,2803.896571625999,394.21255294453294,26.77973721800663,4.39973179899971,15.084778204996837,1.3089642059931066,13.99929602300108,441.7857439715299,455.7850603955303
req_02593,ieee-activation-59da24158a1045ee92d55d692e9c3b84,2348.1191425323486,2776.631260989001,394.47972043765185,27.567777197007672,0.058910260995617136,4.316179119996377,0.665062943007797,1.4244684979930753,427.08739376165613,428.5121184566524
req_02594,ieee-activation-59da24158a1045ee92d55d692e9c3b84,2348.860189437866,2787.612560346999,393.88256021113193,27.425243660007254,15.192355981998844,0.554736354999477,0.28931235399795696,1.4081623469974147,437.3441663641279,438.7523709091329
req_02595,ieee-activation-8411c4186c2c42b492909f7cff30a66f,2348.935468673706,2772.400596299005,394.02739522430056,27.142576168989763,0.026300786004867405,1.0258636310027214,0.06763210300414357,1.1753597119968617,422.2897291343106,423.4651276252989
req_02596,ieee-activation-6c14ba67edf54cc9b80193ddbf12449f,2348.950916290283,2787.210074236995,395.1206326467218,26.035797043994535,15.506454168003984,0.3458079639967764,0.24573242300539277,1.0047337009891635,437.25439103972167,438.25915794671164
req_02597,ieee-activation-6c14ba67edf54cc9b80193ddbf12449f,2348.9577407836914,2816.2195129650063,395.39387708631693,26.01789585399092,43.87834490100795,0.13525836500048172,0.27443746000062674,1.5619585149979685,465.69979251631594,467.2617721813149
req_02598,ieee-activation-942891bfbe6347b2a3a855d442302144,2349.7187633514404,2771.8980305590085,394.7095926435577,11.288034056997276,0.06845446000806987,2.19934180600103,12.415876282000681,1.4979679590032902,420.68126553656475,422.17926720756805
req_02599,ieee-activation-6c14ba67edf54cc9b80193ddbf12449f,2351.3011722564697,2775.936402890002,398.91495619053603,20.47754603299836,1.1198463210021146,1.380128644988872,0.2974802090029698,2.4452732350036968,422.1899244745291,424.63523063353205
req_02600,ieee-activation-6c14ba67edf54cc9b80193ddbf12449f,2351.3151245117188,2808.1867169930047,399.3643692292826,21.053874582998105,32.983655898002326,0.9499426270049298,0.46382857199932914,2.055921571998624,454.8156370022916,456.8715924812859
req_02601,ieee-activation-6c14ba67edf54cc9b80193ddbf12449f,2351.6553325653076,2781.707150453003,399.0933994946972,19.421311056998093,6.859704394999426,1.576119289995404,1.0703822360082995,2.030901414997061,428.0208922407037,430.0518178876955
req_02602,ieee-activation-942891bfbe6347b2a3a855d442302144,2351.703821182251,2772.277693366006,399.74681808975583,18.653335780996713,0.04206624899234157,1.3357273040019209,0.3577045569982147,0.43822020301013254,420.1356329257542,420.57387218375516
req_02603,ieee-activation-942891bfbe6347b2a3a855d442302144,2352.4845962524414,2772.2649138849956,398.966384216561,18.714262188004795,0.027493950998177752,1.277723077990231,0.2617369729996426,0.5327172260003863,419.24758982854837,419.7803176325542
req_02604,ieee-activation-6c14ba67edf54cc9b80193ddbf12449f,2352.4862937927246,2824.807740079006,402.28631815827976,15.63570698699914,47.98506752299727,0.8701285800052574,2.5788176719943294,2.9654073660058202,469.3560192282748,472.32144628628157
req_02605,ieee-activation-942891bfbe6347b2a3a855d442302144,2352.9083824157715,2780.4633986249974,401.86433100422437,15.562675264009158,6.092394460996729,1.048889933997998,1.8903026330081047,1.0964229129895102,426.4585847842245,427.55501620922587
req_02606,ieee-activation-942891bfbe6347b2a3a855d442302144,2354.088014602661,2803.897299081,417.13681395334424,4.072394956994685,9.064692612999352,2.859810006004409,0.31641194099211134,16.359161008003866,433.45009448734345,449.80928447833867
req_02607,ieee-activation-942891bfbe6347b2a3a855d442302144,2354.0963745117188,2845.2992722820054,417.2080885912874,3.5781247389968485,52.09753791200637,2.5671149199915817,11.49014178699872,4.261889821005752,486.94097145028354,491.20289777028665
req_02608,ieee-activation-6c14ba67edf54cc9b80193ddbf12449f,2354.8420543670654,2781.6875016340055,417.2022321609402,4.766481065991684,0.21909284799767192,1.3312996880122228,1.314776784987771,2.0115647190104937,424.83386052293645,426.84544726694
req_02609,ieee-activation-8411c4186c2c42b492909f7cff30a66f,2355.078685760498,2789.9008401510073,417.17373895550554,2.7120318319939543,7.184142685000552,3.799698064001859,0.25762883700372186,3.6949140170036117,431.1272159455111,434.82215439050924
req_02610,ieee-activation-6c14ba67edf54cc9b80193ddbf12449f,2355.534397125244,2804.6998820570007,416.7328705397522,4.989112190000014,5.972524790005991,6.515589803995681,0.1701961780054262,14.785191429997212,434.380268529756,449.1654849317565
req_02611,ieee-activation-942891bfbe6347b2a3a855d442302144,2355.5348529815674,2803.895049853003,416.7421622344409,3.9651539549959125,5.391179094003746,6.711621278998791,1.5549033069983125,13.995177001997945,434.3649972974381,448.3601968714356
req_02612,ieee-activation-8411c4186c2c42b492909f7cff30a66f,2355.68798828125,2845.6682864460017,416.59530581574654,2.9188330830074847,66.59606979800446,0.6001208899979247,2.8349156819895143,0.4350528960058,489.54522616774193,489.98029816475173
req_02613,ieee-activation-8411c4186c2c42b492909f7cff30a66f,2355.872501373291,2804.641732824006,416.52963778271805,2.582889012992382,11.225421814000583,3.0281066869938513,0.6726915290055331,14.730484625004465,434.0387279447168,448.76923145071487
req_02614,ieee-activation-59da24158a1045ee92d55d692e9c3b84,2356.640422821045,2787.5371516769956,416.3786615569552,10.262266368008568,0.6608057759876829,1.9531863560114289,0.30272523799794726,1.3390835609898204,429.55761145896395,430.89672885595064
req_02615,ieee-activation-8411c4186c2c42b492909f7cff30a66f,2356.6591033935547,2789.895669669,416.36022363945085,10.094272987989825,0.04439432801154908,2.744108122002217,0.2956638969917549,3.6979033009993145,429.53865057045186,433.2365662754455
req_02616,ieee-activation-59da24158a1045ee92d55d692e9c3b84,2357.7862071990967,2814.7182250299957,415.69815393591125,9.978917993998039,26.247276847003377,1.1805311059870292,1.9590808830107562,1.868057064988534,455.0639411209122,456.932017830899
req_02617,ieee-activation-59da24158a1045ee92d55d692e9c3b84,2357.943078994751,2804.7698896219954,415.76870622325805,9.309526634999202,4.773748723993776,0.3359471930016298,1.7816972650034586,14.857184586988296,431.96958822726447,446.8268106272444
req_02618,ieee-activation-8411c4186c2c42b492909f7cff30a66f,2359.4803104400635,2805.9629431950016,414.54543457693944,9.089557778992457,7.383261018010671,0.47485011399840005,13.585725982993608,1.4038032840035157,445.0787945849297,446.4826327549381
req_02619,ieee-activation-8411c4186c2c42b492909f7cff30a66f,2359.8452224731445,2814.3308362710086,414.7288021968561,33.44437901000492,1.3683798049896723,2.982909340003971,0.479856218007626,1.4812872280017473,453.004288584867,454.48561379786406
req_02620,ieee-activation-942891bfbe6347b2a3a855d442302144,2363.2730560302734,2786.801595495999,412.664094169726,6.7598354930087226,0.09221001999685541,2.359813873990788,0.11685297600342892,1.535732932999963,421.99277096171863,423.52853946572577
req_02621,ieee-activation-8411c4186c2c42b492909f7cff30a66f,2364.041416168213,2814.329135214997,412.76788957978715,30.8254919089959,1.4983231240039458,2.2323366350028664,1.4813162869977532,1.4823615119967144,448.8053241527814,450.28771904678433
req_02622,ieee-activation-59da24158a1045ee92d55d692e9c3b84,2364.984910964966,2805.5821144509973,411.8245105530368,6.652251104998868,1.2160423419991275,7.833786830000463,11.8612567520031,1.2093559039931279,439.38783869403414,440.5972034860315
req_02623,ieee-activation-8411c4186c2c42b492909f7cff30a66f,2365.240879058838,2816.151878685996,411.5686152411654,31.385936566992314,1.191468901000917,4.5567502260091715,0.45063681100145914,1.7575918809889117,449.15339972217043,450.91099962715816
req_02624,ieee-activation-59da24158a1045ee92d55d692e9c3b84,2365.765567779541,2803.8252256470005,413.90974156046286,3.980038109002635,1.7041259779944085,4.098732366997865,0.4398183190060081,13.927201533995685,424.1324317844701,438.05965786745946
req_02625,ieee-activation-59da24158a1045ee92d55d692e9c3b84,2367.7628479003906,2804.7706011300033,412.3168435966072,3.9280528369999956,1.352421185001731,4.492313494003611,0.05981834899284877,14.858303768007318,422.14940870059945,437.0077532296127
req_02626,ieee-activation-942891bfbe6347b2a3a855d442302144,2368.6669597625732,2821.6148008570017,411.7971653234272,2.237039202998858,26.820026354005677,8.714839943990228,0.1501849260093877,3.2285853439971106,449.71923393942416,452.94784109442844
req_02627,ieee-activation-59da24158a1045ee92d55d692e9c3b84,2368.7573680877686,2821.931545415995,411.7853974982281,2.5794411870010663,31.54172527900664,3.752413506997982,0.32531538800685667,3.189884468985838,449.9842550082394,453.1741773282265
req_02628,ieee-activation-942891bfbe6347b2a3a855d442302144,2369.409408569336,2821.616627830008,412.29821383566014,26.250952978007263,6.315005280004698,3.9267109149950556,0.18780213699210435,3.228534115012735,448.9786640466482,452.207219260672
req_02629,ieee-activation-6c14ba67edf54cc9b80193ddbf12449f,2374.9007530212402,2814.3833937849995,406.80714619276114,26.071306628000457,0.9768373080005404,2.853339873996447,1.2428031400049804,1.5312076209957013,437.9514211917558,439.48264076375926
req_02630,ieee-activation-8411c4186c2c42b492909f7cff30a66f,2376.462808609009,2814.3314939410047,405.2484393869963,25.749068912002258,1.6725696380017325,2.0127604009903735,1.7033188850036822,1.4825281090015778,436.38613933700253,437.86868533199595
req_02631,ieee-activation-8411c4186c2c42b492909f7cff30a66f,2376.7767372131348,2824.081011611008,410.0271570768673,21.73859404399991,1.145210891001625,8.627671376001672,3.5272378569934517,2.2384031530091306,445.0658309168648,447.3042743978731
req_02632,ieee-activation-942891bfbe6347b2a3a855d442302144,2376.78959274292,3198.640194378997,811.5425460150873,4.298503862999496,1.5734234499977902,4.131577631997061,0.23145715599821415,0.07309351999720093,821.7774758920859,821.850601636077
req_02633,ieee-activation-6c14ba67edf54cc9b80193ddbf12449f,2377.3411693573,2814.3912357590016,410.2709792967071,19.64024582398997,1.503465868998319,3.5425472460046876,0.5532465930009494,1.5395815730007598,435.5104565327056,437.05006640170177
req_02634,ieee-activation-59da24158a1045ee92d55d692e9c3b84,2380.1169929504395,2823.0822382530023,407.65215885656653,20.772997501000646,8.545392664993415,3.3229433090018574,1.4315502279932844,1.240202743007103,441.72501773256226,442.96524530256283
req_02635,ieee-activation-6c14ba67edf54cc9b80193ddbf12449f,2380.99045753479,2814.3916359569994,408.9143988022115,17.728629107994493,1.1225042040023254,2.10791791700467,1.984432008001022,1.5432963829953223,431.8578496102127,433.40117842220934
req_02636,ieee-activation-942891bfbe6347b2a3a855d442302144,2382.9579696655273,3229.1466935770004,807.9290542994713,10.950227709006867,0.6239119520032546,7.686353577999398,18.358154834000743,0.6410215389914811,845.5476765814819,846.1887239114731
req_02637,ieee-activation-6c14ba67edf54cc9b80193ddbf12449f,2383.5598735809326,2814.3947272310033,420.8122167800757,3.8152966829948127,0.5686950910021551,2.887489546003053,1.2073560919961892,1.54379945799883,429.29101682307373,430.8348536500707
req_02638,ieee-activation-59da24158a1045ee92d55d692e9c3b84,2383.767433166504,2823.0829125650052,420.60482811949623,3.756471355998656,7.658344270996167,5.006457346011302,1.1234724899986759,1.1659058160003042,438.14956080249976,439.31547939850134
req_02639,ieee-activation-6c14ba67edf54cc9b80193ddbf12449f,2383.797185897827,2814.3919998100027,420.5751357281697,4.061796348003554,0.637477152995416,3.7198850400018273,0.06367469399992842,1.5368449490051717,429.05794075716403,430.5948139121756
req_02640,ieee-activation-8411c4186c2c42b492909f7cff30a66f,2384.3157691955566,3257.243408720009,814.7590476754413,2.6543931500054896,44.87676679699507,6.816341447003651,0.39021437299379613,3.4308760820131283,869.4967132034362,872.9276395244524
req_02641,ieee-activation-8411c4186c2c42b492909f7cff30a66f,2384.3165283203125,3332.8812805060006,814.7585812456964,2.021400489989901,127.1736769410054,2.6963638619927224,1.3640708800085122,0.5506587669951841,948.0140539627027,948.5647521856881
req_02642,ieee-activation-59da24158a1045ee92d55d692e9c3b84,2384.9277687072754,3228.112755839,816.8979654867289,5.600947158003692,1.0899280279991217,1.2623357919947011,0.3440950780059211,17.989715588992112,825.1951741017401,843.1849871317245
req_02643,ieee-activation-942891bfbe6347b2a3a855d442302144,2385.143720626831,2814.3299581269966,419.5626610011677,3.8369256099977065,0.9777613290061709,2.0766193409945117,1.2437369350082008,1.4885332839912735,427.6976750921749,429.1862375001656
req_02644,ieee-activation-6c14ba67edf54cc9b80193ddbf12449f,2385.654888153076,2844.967333759996,419.1161334389326,17.57964127798914,1.762713503005216,4.532917851000093,12.378865448001307,3.9421740879915887,455.3702445719391,459.31244560691994
req_02645,ieee-activation-942891bfbe6347b2a3a855d442302144,2385.6558723449707,2814.3280514170037,419.1153002480278,3.246615958007169,0.8268102180009009,1.1534514209924964,2.8410784760053502,1.4889227509993361,427.18323775303725,428.67217907203303
req_02646,ieee-activation-942891bfbe6347b2a3a855d442302144,2386.6659049987793,2821.6159157960064,418.9179766092275,2.610719047996099,0.997363635993679,9.027343875000952,0.16745221700693946,3.229155412002001,431.7207876052271,434.95001079722715
req_02647,ieee-activation-942891bfbe6347b2a3a855d442302144,2386.7437839508057,2823.216627556001,419.383100850202,6.6523897369916085,5.266946515999734,0.415039772997261,0.047655558999395,4.707711170005496,431.765112349196,436.4728436051955
req_02648,ieee-activation-8411c4186c2c42b492909f7cff30a66f,2388.418207168579,2844.7304824019957,419.77143013042223,14.834098003004328,0.7146288029907737,5.378879410010995,11.909447728990926,3.7037911579973297,452.6084529374202,456.3122752334166
req_02649,ieee-activation-8411c4186c2c42b492909f7cff30a66f,2389.0689182281494,2826.1266131390003,425.32360286185576,7.9553311280033085,1.3902571090002311,0.9608159219933441,0.33910065300005954,1.088587236998137,435.9690850438492,437.05769491085084
req_02650,ieee-activation-8411c4186c2c42b492909f7cff30a66f,2389.069341659546,2844.2156741310027,425.32345739845186,8.95872403800604,0.3868747579981573,6.380032506000134,10.90559576600208,3.1916480049985694,451.9546715354518,455.14633247145684
req_02651,ieee-activation-8411c4186c2c42b492909f7cff30a66f,2389.135374069214,2826.125427084,425.2575016107876,8.234302897006273,1.111054729000898,0.8835516779945465,0.12615563400322571,1.3774864659935702,435.61255562379665,436.9900530147861
req_02652,ieee-activation-6c14ba67edf54cc9b80193ddbf12449f,2389.4733505249023,2840.7144128670043,424.919667488095,8.235703626007307,1.4848329149972415,1.2981525329960277,0.8379798990063136,14.46472588100005,436.77632252809417,451.24106234210194
req_02653,ieee-activation-942891bfbe6347b2a3a855d442302144,2389.4931030273438,2850.0624799930083,424.90010921466455,26.568536145990947,6.410946525007603,0.20163460499315988,0.0822449450060958,2.405905530002201,458.16346021567006,460.56937696566456
req_02654,ieee-activation-6c14ba67edf54cc9b80193ddbf12449f,2389.900360107422,2844.966627910995,424.4929512615781,8.957807833008701,2.85963513799652,3.313376349993632,11.500490007005283,3.942007213991019,451.1242498485808,455.0662678035733
req_02655,ieee-activation-942891bfbe6347b2a3a855d442302144,2389.915351867676,2844.905925629995,424.47824720632343,8.015356269999756,0.9783512099966174,5.733992403009324,11.901290085996152,3.883336586994119,451.1072203643271,454.9905737623194
req_02656,ieee-activation-6c14ba67edf54cc9b80193ddbf12449f,2389.9157428741455,2826.963199329999,424.47797271586023,9.133891128003597,0.9059579839959042,0.9961798959993757,0.8120286189951003,0.7214261129993247,436.3260200258519,437.04745645585353
req_02657,ieee-activation-59da24158a1045ee92d55d692e9c3b84,2390.7283039093018,2827.225001054001,423.66550392570207,7.358317631995305,2.9341492960083997,1.3904507190018194,0.16339009799412452,0.984885473997565,435.51179457470425,436.4966971446993
req_02658,ieee-activation-6c14ba67edf54cc9b80193ddbf12449f,2391.0171432495117,2844.965605796009,423.53360246049124,8.351710735005327,1.2111525099899154,4.876531897010864,12.038232609993429,3.937232334006694,450.01120870349405,453.94846254649747
req_02659,ieee-activation-942891bfbe6347b2a3a855d442302144,2391.771894454956,2854.3488493199984,422.94714168705104,8.535140751992003,28.51852954599599,0.27852060200530104,0.04990452999481931,2.247717748003197,460.3292162830476,462.57695486504235
req_02660,ieee-activation-6c14ba67edf54cc9b80193ddbf12449f,2391.841239929199,2826.913486990001,424.31666907180625,7.554592892003711,1.0045872929913457,1.3828454680042341,0.1511360139993485,0.6624163219967159,434.4098139448033,435.0722470608016
req_02661,ieee-activation-8411c4186c2c42b492909f7cff30a66f,2392.281951904297,2826.034059099009,423.9391446416994,6.680622514002607,0.8366081440035487,0.8412187719950452,0.16812494900659658,1.2863881740049692,432.46568653969734,433.75210719471215
req_02662,ieee-activation-6c14ba67edf54cc9b80193ddbf12449f,2392.2825927734375,2854.431191420008,425.2541262145678,5.931843578990083,28.22746056401229,1.9621737650013529,0.25261079698975664,0.5203837270091753,461.62819579656934,462.14859864657046
req_02663,ieee-activation-942891bfbe6347b2a3a855d442302144,2393.7088260650635,2845.851176694996,424.40207566693425,4.790369465001277,18.062146415002644,0.8035534179944079,3.38571016601054,0.6984954989893595,451.4438336149324,452.1423506299325
req_02664,ieee-activation-942891bfbe6347b2a3a855d442302144,2394.163417816162,2844.7287002079975,424.6534100768331,5.806864722006139,1.393576212998596,1.6826789330079919,13.323188467998989,3.70556397899054,446.8596817288344,450.56528239183535
req_02665,ieee-activation-942891bfbe6347b2a3a855d442302144,2395.2700901031494,2844.7295421860035,426.5713301668584,2.883061298998655,0.20164419499633368,6.582938844992896,9.51212434899935,3.708353228008491,445.7510699378472,449.4594520828541
req_02666,ieee-activation-59da24158a1045ee92d55d692e9c3b84,2402.0682983398438,2845.364495076996,419.7732747801638,1.8047966469894163,2.6266563770041103,2.7431129979959223,12.011095487003331,4.337260447995504,438.958925798157,443.29619673715206
req_02667,ieee-activation-942891bfbe6347b2a3a855d442302144,2402.179738998413,2844.9031235690054,419.66189681859396,2.4041730079916306,0.68018536400632,3.1319824639940634,12.97132141700422,3.8738254990021233,438.8495463235886,442.7233845705923
req_02668,ieee-activation-59da24158a1045ee92d55d692e9c3b84,2403.7804679870605,2854.278622728001,418.1516238059412,18.810655344001134,5.893935561005492,5.372484501989675,0.09026584500679746,2.179189682996366,448.3189472119411,450.49815474094066
req_02669,ieee-activation-8411c4186c2c42b492909f7cff30a66f,2404.565835952759,2849.2482389700017,418.5203911772405,17.839677986004972,0.0077073900029063225,5.493077052989975,0.09809255901200231,2.7234568519925233,441.95892559725326,444.6824030172429
req_02670,ieee-activation-6c14ba67edf54cc9b80193ddbf12449f,2404.566635131836,2846.3165494150016,418.5197097791679,17.84017099099583,0.00852039000892546,1.1698205659922678,3.0515164170064963,1.1601761399942916,440.589726566177,441.7499142831657
req_02671,ieee-activation-8411c4186c2c42b492909f7cff30a66f,2404.959690093994,2845.665028388001,418.12671703100204,17.84080761601217,0.007658520000404678,3.4457498859992484,0.855478655998013,0.42892658499476966,440.2763979670126,440.70533829400665
req_02672,ieee-activation-8411c4186c2c42b492909f7cff30a66f,2405.295352935791,2845.6693111799977,417.92298508221575,17.703586078001535,0.01139750199217815,1.2799289819959085,2.939724913012469,0.5163356869888958,439.85758658921986,440.37395824420673
req_02673,ieee-activation-8411c4186c2c42b492909f7cff30a66f,2406.367609024048,2845.667213933004,417.71424387294974,16.84582307501114,0.012946219998411834,2.950345165998442,1.3419687080022413,0.43427786699612625,438.8653055279574,439.2996049089561
req_02674,ieee-activation-59da24158a1045ee92d55d692e9c3b84,2406.4725456237793,2862.3491657380073,418.33591417522985,15.786290462987381,13.255961319999187,7.226048964002985,0.15703146300802473,1.1153737290005665,454.76121005322784,455.876620114228
req_02675,ieee-activation-59da24158a1045ee92d55d692e9c3b84,2406.9584579467773,2854.3519904150016,419.07678520122136,1.1911624619970098,18.45402441600163,6.349238404000062,0.06954018800752237,2.2527817969967145,445.1407320462313,447.3935324682243
req_02676,ieee-activation-8411c4186c2c42b492909f7cff30a66f,2406.958507537842,2855.0649343770056,419.2051364781655,22.876973177990294,0.030744016999960877,3.3224646460002987,1.5136096570058726,1.1574988630018197,446.9489057801693,448.10642683916376
req_02677,ieee-activation-8411c4186c2c42b492909f7cff30a66f,2409.982810974121,2855.227678007999,416.18106676687603,23.082214633002877,0.22099969000555575,4.4609765259956475,0.7041154100006679,0.5954940079973312,444.649358684881,445.2448670338781
req_02678,ieee-activation-8411c4186c2c42b492909f7cff30a66f,2412.425506591797,2855.064056606003,414.4886404311983,21.998569881005096,0.09683664100884926,3.3195903269952396,1.5861862790043233,1.1487264549941756,441.4897900802025,442.638550014206
req_02679,ieee-activation-8411c4186c2c42b492909f7cff30a66f,2413.165138244629,2851.383371193995,413.87418647237064,20.61551695500384,1.3543443259986816,1.7764229699969292,0.14993112199590541,0.4478311040002154,437.77036526236043,438.2182329493662
req_02680,ieee-activation-8411c4186c2c42b492909f7cff30a66f,2413.4076595306396,2854.9716025679954,413.81806934435735,20.77530031200149,1.0083145990065532,4.003503790998366,0.8996090769942384,1.0591459139977815,440.50476221235294,441.5639430373558
req_02681,ieee-activation-6c14ba67edf54cc9b80193ddbf12449f,2413.8396759033203,2854.429394589999,426.9961000926851,6.398916956997709,1.9167513419961324,3.83807503299613,0.9264197890006471,0.5134554730029777,440.0762401176762,440.5897186866787
req_02682,ieee-activation-59da24158a1045ee92d55d692e9c3b84,2414.876947402954,2854.787030086998,430.025080076055,2.46402075199876,1.1684573539969278,4.638747688994044,0.7358044930006145,0.877972319998662,439.03206979505194,439.910082684044
req_02683,ieee-activation-8411c4186c2c42b492909f7cff30a66f,2416.3314685821533,2854.6336021379975,428.570810647856,3.695920276994002,0.4112497229943983,4.241729152010521,0.6569227649888489,0.7255009910004446,437.57661129985354,438.3021335558442
req_02684,ieee-activation-6c14ba67edf54cc9b80193ddbf12449f,2416.4043731689453,2854.5355898120033,428.5002437440562,2.7406216469971696,1.5064034130045911,4.306107725991751,0.4525193900044542,0.6253207230038242,437.5058781630505,438.131216643058
req_02685,ieee-activation-6c14ba67edf54cc9b80193ddbf12449f,2416.9462928771973,2854.540164455,427.95861843880266,3.0384249659982743,1.6132914909976535,2.5174195889994735,1.8396155780064873,0.626501514998381,436.96735517380876,437.59387157780293
req_02686,ieee-activation-942891bfbe6347b2a3a855d442302144,2419.8727741241455,2892.9010839179973,425.0322300998523,3.879032796001411,40.26575710400357,3.2886654549947707,0.4417882690031547,0.12083606999658514,472.90746062784456,473.0283097938518
req_02687,ieee-activation-8411c4186c2c42b492909f7cff30a66f,2420.20867729187,2854.970973307005,424.93689088412793,2.353201699006604,1.5014139389968477,3.248758738001925,1.6675564519973705,1.054474303004099,433.70779897812463,434.7622960151348
req_02688,ieee-activation-942891bfbe6347b2a3a855d442302144,2421.5469818115234,2868.3990568320005,423.60505198947794,4.628582915000152,6.520116272993619,10.57479453801352,0.2107028479949804,1.312826456996845,445.5392297834769,446.85207502047706
req_02689,ieee-activation-6c14ba67edf54cc9b80193ddbf12449f,2421.665174484253,2854.43025433,423.48704806175374,3.79758235499321,0.6069998210004997,3.742137833003653,0.6107670249912189,0.520544750004774,432.24452232575277,432.7650798457471
req_02690,ieee-activation-59da24158a1045ee92d55d692e9c3b84,2422.360662460327,2854.7902252170024,422.7916241786734,3.4719554229959613,2.302616533008404,1.1991089999937685,1.7853717999969376,0.8788858220068505,431.550668324664,432.4295627566753
req_02691,ieee-activation-6c14ba67edf54cc9b80193ddbf12449f,2422.7757263183594,2854.4334604059986,422.3766606596473,2.938469366999925,1.465894370994647,3.6795083210017765,0.6768610519939102,0.5203403170016827,431.13738118464244,431.65773408763926
req_02692,ieee-activation-59da24158a1045ee92d55d692e9c3b84,2423.082494735718,2865.9937897759955,422.2177672232792,2.3443272180011263,1.2034758680092636,13.667871305995504,0.1585489909921307,3.3193044340005144,439.59195488227124,442.91129504027776
req_02693,ieee-activation-59da24158a1045ee92d55d692e9c3b84,2423.0898933410645,2865.6446826280007,422.2918061109376,8.968602056003874,0.3161226340016583,7.901293210990843,0.13126116000057664,2.9457041150017176,439.6090530559304,442.5547892869363
req_02694,ieee-activation-6c14ba67edf54cc9b80193ddbf12449f,2424.0203247070312,2853.906020164999,421.3617440799717,3.8751983660040423,0.30054267699597403,2.160718970000744,0.14913337399775628,2.0383579909976106,427.84731520297646,429.8856954579678
req_02695,ieee-activation-6c14ba67edf54cc9b80193ddbf12449f,2426.4949645996094,2854.5346760999964,419.17163678338693,3.477335789008066,0.4129065140004968,4.154295368993189,0.20737457400537096,0.6161624709930038,427.4235182683915,428.03971150038706
req_02696,ieee-activation-942891bfbe6347b2a3a855d442302144,2427.2892112731934,2860.278809452997,418.38466218681424,3.3679024539887905,0.46697447801125236,9.995905381991179,0.3827363690070342,0.39141730999108404,432.5981604038243,432.9895981798036
req_02697,ieee-activation-942891bfbe6347b2a3a855d442302144,2427.6988830566406,2854.7894838089996,417.97518525036867,2.358953278991976,1.4750299629959045,3.2750894280034117,1.1287856709968764,0.8775571610021871,426.21303094836185,427.090600752359
req_02698,ieee-activation-942891bfbe6347b2a3a855d442302144,2427.730556488037,2853.7923432929965,417.9439942859608,3.574699408010929,0.25956982099160086,2.248543306995998,0.10764118601218797,1.9273387969878968,424.13443401496625,426.0617868049594
req_02699,ieee-activation-59da24158a1045ee92d55d692e9c3b84,2427.738052368164,2867.0808086909965,418.11392025783425,3.3374452990101418,7.186273208993953,6.675873504005722,2.2377125459897798,1.7915315069985809,437.5511845828296,439.34275632283243
req_02700,ieee-activation-942891bfbe6347b2a3a855d442302144,2428.4899311065674,2854.3496412620007,417.8706910454348,3.9148201430070912,0.405483087990433,1.2854387020051945,0.13259411299077328,2.2506830640049884,423.60900391043106,425.8597101554333
req_02701,ieee-activation-8411c4186c2c42b492909f7cff30a66f,2428.5152912139893,2856.739545456003,420.73585644301784,5.029440020996844,0.3474455359973945,0.47322672000154853,0.0838442429958377,1.5544412790040951,426.6697762730182,428.22425424201356
req_02702,ieee-activation-942891bfbe6347b2a3a855d442302144,2429.868627548218,2857.4687108340004,420.19550685278955,4.226136905999738,0.4189694859960582,0.502271846999065,0.43049786999472417,1.8267003240034683,425.77335323578154,427.6000832857826
req_02703,ieee-activation-8411c4186c2c42b492909f7cff30a66f,2430.126434326172,2861.677677818996,421.2583079998294,2.897607692008023,5.883220604999224,0.8844394039915642,0.18348704099480528,0.4441807510011131,431.1070444508223,431.55124349282414
req_02704,ieee-activation-8411c4186c2c42b492909f7cff30a66f,2431.204906463623,2867.8014276199974,422.6387368863798,2.1090804370032856,1.4571920219896128,6.525246543009416,1.6056594769906951,2.2606057910015807,434.3358906063804,436.59652115637437
req_02705,ieee-activation-8411c4186c2c42b492909f7cff30a66f,2431.4072341918945,2861.6768364440068,422.50730200910766,2.408735863995389,1.087230568009545,3.7396433349931613,0.08888567599933594,0.43780480000714306,429.83176831110904,430.26960225211224
req_02706,ieee-activation-6c14ba67edf54cc9b80193ddbf12449f,2432.096794128418,2893.5907506399963,422.1835020175786,1.4685708520119078,34.40440825399128,2.0627169070066884,0.5970959830010543,0.7776624979887856,460.71625790558755,461.4939565115783
req_02707,ieee-activation-6c14ba67edf54cc9b80193ddbf12449f,2432.222681045532,2885.8266781279963,422.13034227947355,1.5988762909983052,1.0434580500004813,12.144808295997791,0.19003426999552175,16.496477895998396,437.1074678214645,453.60399708246405
req_02708,ieee-activation-942891bfbe6347b2a3a855d442302144,2432.23899269104,2860.195252624995,422.1143025069614,1.9813586460077204,0.8977817359991604,2.6039724579895847,0.07181229699926917,0.28703228999802377,427.6691985629586,427.95625993395515
req_02709,ieee-activation-942891bfbe6347b2a3a855d442302144,2434.368495941162,2862.288649959999,419.98516206683416,2.879853431004449,0.4486429880053038,3.5407488889904926,0.12455012400459964,0.9411965199979022,426.97892669383145,427.9201540188369
req_02710,ieee-activation-6c14ba67edf54cc9b80193ddbf12449f,2435.433494567871,2866.5956439260044,418.9986090911261,3.5209993720054626,0.8593248800025322,5.891065460993559,0.8375470250030048,1.0546035290026339,430.10750714813184,431.1621493581333
req_02711,ieee-activation-6c14ba67edf54cc9b80193ddbf12449f,2435.749406814575,2867.492938748008,418.68293515843106,2.4321525409905007,4.822724066005321,3.3893713489960646,0.4684883540030569,1.94786046500667,429.7956508254283,431.7435319334327
req_02712,ieee-activation-942891bfbe6347b2a3a855d442302144,2436.12015914917,2865.653398926006,418.31250369483314,2.384708772005979,0.4159109209867893,5.575608156999806,0.092233715011389,2.752274516999023,426.7809448038315,429.5332397768361
req_02713,ieee-activation-942891bfbe6347b2a3a855d442302144,2437.6675758361816,2861.671554968998,416.8476333308208,2.8801569509960245,0.286899637998431,3.4815634630067507,0.0702712159982184,0.4374545339960605,423.5664992178208,424.0039791328163
req_02714,ieee-activation-8411c4186c2c42b492909f7cff30a66f,2438.446168899536,2865.371008178001,416.08908098746906,2.286724913996295,0.5887185280007543,4.899498286002199,0.3648224999924423,2.6959940630040364,424.2288196844602,426.9248392784648
req_02715,ieee-activation-8411c4186c2c42b492909f7cff30a66f,2441.0605125427246,2865.5035543429985,413.47928610627423,2.1961548999970546,0.6746839580009691,5.046450924011879,0.21771806399920024,2.8287478479905985,421.6142688922846,424.44304180027393
req_02716,ieee-activation-59da24158a1045ee92d55d692e9c3b84,2441.2061462402344,2886.2481489420024,413.3343978697667,2.138409122999292,3.194219316006638,9.239595626990194,0.2172014899988426,16.918179276006413,428.12380287876294,445.04200270176807
req_02717,ieee-activation-6c14ba67edf54cc9b80193ddbf12449f,2442.0651779174805,2885.798087578005,412.56981034851924,1.956525141999009,3.794192536006449,8.780547731003026,0.17149389599217102,16.46034000700456,427.2725374785223,443.73290966052446
req_02718,ieee-activation-8411c4186c2c42b492909f7cff30a66f,2442.129201889038,2862.350521711007,412.6587398529664,2.503719293003087,0.42745759699027985,3.825338651004131,0.12097456799529027,0.6850898600096116,419.5361961199669,420.2213198219688
req_02719,ieee-activation-6c14ba67edf54cc9b80193ddbf12449f,2442.635938644409,2866.577140149995,412.331891688591,2.583961381998961,1.2598280460078968,5.663536245992873,1.0301695679954719,1.0718145749997348,422.8693664315797,423.9412015055859
req_02720,ieee-activation-6c14ba67edf54cc9b80193ddbf12449f,2442.9463863372803,2885.829581913,412.0219717277214,2.36977433199354,1.4732679530134192,9.682173292996595,0.6819822859979467,16.65402598399669,426.2291593577247,442.8831955757196
req_02721,ieee-activation-59da24158a1045ee92d55d692e9c3b84,2444.4035053253174,2867.4944008739985,410.6599205226812,2.779378478997387,2.5187409600039246,3.8147133650054457,1.3642191429971717,1.953923078996013,421.1369436296809,423.09089554868115
req_02722,ieee-activation-8411c4186c2c42b492909f7cff30a66f,2445.0876083374023,2926.6845395080018,409.97595566160453,3.3993424950022018,50.0833031989896,3.4164523060026113,13.407580664003035,1.3142968449974433,480.2826238106063,481.5969311705994
req_02723,ieee-activation-6c14ba67edf54cc9b80193ddbf12449f,2446.3441123962402,2866.901981752002,408.7631374037592,4.363552408001851,3.460547670998494,0.7459666159993503,1.874668370001018,1.3499968870019075,419.20785399775195,420.5578693557618
req_02724,ieee-activation-59da24158a1045ee92d55d692e9c3b84,2446.656904220581,2905.9119699590083,408.4504233124171,2.3628755480021937,34.794663797001704,10.152418590994785,2.370874003012432,1.123810486998991,458.13124614043045,459.2550657384272
req_02725,ieee-activation-59da24158a1045ee92d55d692e9c3b84,2447.359935760498,2885.317845056008,407.86900413451076,2.9752471429965226,0.6970603049994679,10.143827139996574,0.2846133309940342,15.988157242012676,421.9697290195036,437.95790929551004
req_02726,ieee-activation-8411c4186c2c42b492909f7cff30a66f,2447.8645362854004,2862.3513842999964,408.8757757386047,4.282180718000745,0.023045978989102878,0.36552295500587206,0.22536935399693903,0.7149532699986594,413.7718579055945,414.48684801459603
req_02727,ieee-activation-59da24158a1045ee92d55d692e9c3b84,2448.1445350646973,2886.797062558995,409.32478798829834,8.667656901001465,2.7202624850033317,4.1242154710053,11.719281701996806,2.0963229469925864,436.5561836363049,438.65252749429783
req_02728,ieee-activation-942891bfbe6347b2a3a855d442302144,2448.259168624878,2896.5623097759963,412.01903868712543,2.542337110004155,30.004522245988483,2.196766414010199,0.9038389359920984,0.6366377579979599,447.66647351112624,448.3031411511183
req_02729,ieee-activation-942891bfbe6347b2a3a855d442302144,2448.5197525024414,2883.8323665110074,411.7597823325632,2.3101263209973695,0.03280543700384442,6.1678071950009326,0.5337555189908016,14.508337204009877,420.80425523956364,435.312614008566
req_02730,ieee-activation-8411c4186c2c42b492909f7cff30a66f,2448.5204639434814,2868.9309371929994,413.1556279615179,3.7594183210021583,0.0042506110039539635,1.494858870995813,0.8392405000049621,1.1570769849931821,419.2533735785255,420.41047324951796
req_02731,ieee-activation-942891bfbe6347b2a3a855d442302144,2449.316551208496,2868.6267612490046,412.3614912565099,3.8237735209986567,0.009473434998653829,1.4813990169932367,0.5977577260055114,1.0363150850025704,418.27386665951053,419.31021004050854
req_02732,ieee-activation-8411c4186c2c42b492909f7cff30a66f,2450.3368644714355,2887.3601110330055,411.3413066645735,3.821357317996444,0.012352514997473918,4.632320336997509,14.480465478001861,2.7354442490031943,434.2877925785724,437.02324656157
req_02733,ieee-activation-942891bfbe6347b2a3a855d442302144,2450.8346252441406,2883.892822697002,411.45474391085736,3.146890206000535,0.07486499899823684,3.1401289339992218,0.5247896280052373,14.71677977500076,418.34137306385674,433.05819745286135
req_02734,ieee-activation-942891bfbe6347b2a3a855d442302144,2450.892192840576,2886.8577751450066,411.694280731419,2.9536378820048412,19.20173045100819,0.40194641999551095,0.16826264999690466,1.5457241700059967,434.4198336064146,435.9655823044304
req_02735,ieee-activation-8411c4186c2c42b492909f7cff30a66f,2450.892433166504,2907.1392830999976,411.694637732493,2.913836829000502,39.071397603009245,0.24485874999663793,0.35586290899664164,1.9662561099976301,454.28058257649536,456.24684993349365
req_02736,ieee-activation-8411c4186c2c42b492909f7cff30a66f,2451.2298011779785,2887.3554523860075,411.3573773650278,2.914202229992952,3.1916153140045935,2.7413875159982126,13.190735426993342,2.7303333560121246,433.39530912201735,436.125651208029
req_02737,ieee-activation-942891bfbe6347b2a3a855d442302144,2451.940305709839,2886.8595406280074,413.5639707251685,19.121118586001103,0.11627413099631667,0.4392217949935002,0.13159801700385287,1.5470516640052665,433.3721519081737,434.9192349181685
req_02738,ieee-activation-6c14ba67edf54cc9b80193ddbf12449f,2452.2956981658936,2897.8718214740074,413.2090991001023,19.642909011003212,7.520020266005304,3.9304327269928763,0.3190704090084182,0.9545917950017611,444.6215126791067,445.5761233081139
req_02739,ieee-activation-59da24158a1045ee92d55d692e9c3b84,2452.4019775390625,2513.716035413003,0.16869883994513657,9.04503575299168,47.99449423099577,1.4463047170138452,0.5870481379970443,2.0724761949968524,59.241536391942645,61.31405787394033
req_02740,ieee-activation-8411c4186c2c42b492909f7cff30a66f,2453.960081100464,2887.3582678219973,411.69414423454145,18.178767093995702,0.0064068329957081005,0.2121460019989172,1.2537976110033924,2.052924946998246,431.345232431544,433.3981867215334
req_02741,ieee-activation-6c14ba67edf54cc9b80193ddbf12449f,2454.834394454956,2897.8776646780025,411.16063866904005,19.13135412801057,10.688482097990345,0.5860753000015393,0.5166613190085627,0.9600587089953478,442.0831902680511,443.0432702230464
req_02742,ieee-activation-942891bfbe6347b2a3a855d442302144,2454.861978530884,2887.459547253995,411.7332136751211,18.098552950992598,0.04824176699912641,1.8207718699995894,0.058334412999101914,0.8384540469996864,431.7590914541215,432.5975687231112
req_02743,ieee-activation-59da24158a1045ee92d55d692e9c3b84,2455.231098175049,2901.894697558004,411.66962269795476,18.05372083799739,3.5195097270043334,12.565246245998424,0.16141159100516234,0.694088282994926,445.96948833795614,446.663599382955
req_02744,ieee-activation-6c14ba67edf54cc9b80193ddbf12449f,2457.553216934204,2889.5835288030066,409.4464583617955,16.836300527007552,0.0727833790006116,3.9028733049926814,0.07345269300276414,1.6984436030033976,430.3318448467908,432.0303118688025
req_02745,ieee-activation-8411c4186c2c42b492909f7cff30a66f,2458.3465518951416,2888.4566502460075,408.7373202988674,19.48357162499451,0.3465064589981921,0.32784494099905714,0.13342759500665125,1.081427432000055,429.02863824687665,430.1100983508659
req_02746,ieee-activation-6c14ba67edf54cc9b80193ddbf12449f,2458.3624172210693,2897.8707914770057,409.2230941339367,17.461106076996657,2.757352433996857,8.956094624998514,0.16643497000040952,0.944292016007239,438.56405876993085,439.50837425593636
req_02747,ieee-activation-942891bfbe6347b2a3a855d442302144,2458.4378967285156,2892.8946631,409.14785342248797,17.106373258997337,0.04979905000072904,7.544055184000172,0.4939581159997033,0.11472733999835327,434.34202693548286,434.45676637148426
req_02748,ieee-activation-6c14ba67edf54cc9b80193ddbf12449f,2459.116912841797,2901.281569986997,408.6855193402007,26.11132756700681,0.2413210989907384,5.216578185005346,0.8096694120031316,1.100241541993455,441.0643838711985,442.1646571452002
req_02749,ieee-activation-8411c4186c2c42b492909f7cff30a66f,2459.4344806671143,2899.9337923550047,408.9652353638812,16.914202286003274,7.35031079199689,6.443174275002093,0.25392088999797124,0.5724680810089922,439.92681599987554,440.49931168789044
req_02750,ieee-activation-59da24158a1045ee92d55d692e9c3b84,2460.421911239624,2908.163826878008,408.39052807238477,24.660773357987637,6.683906942998874,6.724911953002447,0.2611772119998932,1.0206181000103243,446.7212356903765,447.74191563838394
req_02751,ieee-activation-942891bfbe6347b2a3a855d442302144,2460.912223815918,2899.486550230009,408.26219510908413,24.740962712006876,1.0996428279904649,3.7876273459987715,0.2555531710095238,0.4283452480012784,438.14594021008816,438.57432641409105
req_02752,ieee-activation-59da24158a1045ee92d55d692e9c3b84,2462.720407485962,2905.6100099600008,421.9036904730456,9.638393381988863,3.438666007001302,6.106847791001201,0.981685500999447,0.8203193200024543,442.06924371504283,442.88960247403884
req_02753,ieee-activation-8411c4186c2c42b492909f7cff30a66f,2462.8663444519043,3321.4392534869985,795.1802314880915,20.29246087600768,15.311789680999937,9.665172130000428,17.640114648995223,0.48314021099940874,858.0897480140848,858.5729090350942
req_02754,ieee-activation-942891bfbe6347b2a3a855d442302144,2462.883520126343,2901.722665374007,422.4351577426569,8.6645787590096,1.0318198339955416,5.354029836991685,0.6894537090120139,0.6641053659986937,438.1750034466677,438.8391452476644
req_02755,ieee-activation-8411c4186c2c42b492909f7cff30a66f,2463.539680480957,2483.898010635996,11.823853399051586,4.741273259991431,0.31860417300777044,2.716315792989917,0.11179239999910351,0.646491129999049,19.71176306104462,20.358330155038857
req_02756,ieee-activation-942891bfbe6347b2a3a855d442302144,2466.268600463867,2528.0397753040015,9.095237809131504,3.591782194998814,43.39190929100732,4.37605946099211,0.9332018190034432,0.38298426500114147,61.388157791123376,61.771174840134336
req_02757,ieee-activation-942891bfbe6347b2a3a855d442302144,2466.5299034118652,2903.9109215380013,419.29863208613824,8.907378492993303,0.27920480399916414,5.6894368909997866,0.48809890801203437,2.7182669439935125,434.6627199611394,437.38101812613604
req_02758,ieee-activation-8411c4186c2c42b492909f7cff30a66f,2468.0864791870117,2486.249806534004,7.2790563679882325,3.07251331799489,1.0488565590057988,5.167816745000891,0.2108737230009865,1.3842106340016471,16.779086013993947,18.163327346992446
req_02759,ieee-activation-8411c4186c2c42b492909f7cff30a66f,2468.9241676330566,2906.3086795660056,416.90479926994885,10.097098550002556,0.9945327710011043,6.810714254999766,1.0588454699900467,1.518521617006627,435.8659707989427,437.38451193294895
req_02760,ieee-activation-8411c4186c2c42b492909f7cff30a66f,2469.0307121276855,2906.8744061580073,417.0520130883233,8.863792813994223,1.2739282459951937,6.733773186002509,1.8347464020043844,2.085440294002183,435.7582198313321,437.8436940303218
req_02761,ieee-activation-59da24158a1045ee92d55d692e9c3b84,2469.4628562927246,2905.607734270001,416.85243796228315,8.321704317000695,0.831434415988042,7.673057313004392,1.6484328450023895,0.8178111239976715,435.32703995128395,436.14487797727634
req_02762,ieee-activation-8411c4186c2c42b492909f7cff30a66f,2470.2946815490723,2906.502243821,416.5639249649248,8.580012712001917,1.1472880990040721,6.037842977995751,2.1647389880090486,1.713754529992002,434.49376910393767,436.2075622719276
req_02763,ieee-activation-942891bfbe6347b2a3a855d442302144,2473.4958896636963,2899.057628306997,413.3629944763088,6.513033661001828,1.642986546998145,3.1607365959935123,0.5020268210064387,0.3799605419917498,425.1817492613045,425.5617386433005
req_02764,ieee-activation-8411c4186c2c42b492909f7cff30a66f,2474.1988258361816,2907.753310023996,413.10009173881554,8.557438645002549,0.7296661300060805,9.37448442800087,0.31711346899101045,1.475689776998479,432.0787584398058,433.5544841878145
req_02765,ieee-activation-6c14ba67edf54cc9b80193ddbf12449f,2475.716833114624,2926.7722487680003,411.7434122263803,14.265054160001455,1.609997592997388,6.795712777995504,15.231405487007578,1.409833408994018,449.64554420037894,451.05541565337626
req_02766,ieee-activation-6c14ba67edf54cc9b80193ddbf12449f,2475.784408569336,2909.695908502006,412.6730242666672,5.669043893998605,6.06634445200325,8.23611715399602,0.0973619510041317,1.1696082150010625,432.7418697936664,433.91149993267027
req_02767,ieee-activation-6c14ba67edf54cc9b80193ddbf12449f,2476.0585613250732,2909.697827683005,413.52673863492964,4.396377311000833,0.1964927569933934,14.125160381008754,0.22255614800087642,1.1719411259982735,432.4672915899282,433.6392663579318
req_02768,ieee-activation-6c14ba67edf54cc9b80193ddbf12449f,2476.6272315979004,2925.4456391819986,416.2680552581005,9.162177003003308,1.856538431995432,4.5905656600079965,0.41461195799638517,16.526459272994543,432.2919180001045,448.81840758409817
req_02769,ieee-activation-942891bfbe6347b2a3a855d442302144,2479.1232719421387,2907.038417307005,413.7790256008593,8.760545313998591,1.1725217640050687,1.3876048689999152,0.6841543119953712,2.131293505008216,425.7838259608543,427.9151453648665
req_02770,ieee-activation-8411c4186c2c42b492909f7cff30a66f,2481.264528274536,2926.871195729007,412.4784382434591,11.798887664001086,0.48109193801064976,2.9016162420011824,16.437595846000477,1.5090375209983904,444.0976073004713,445.6066674544709
req_02771,ieee-activation-8411c4186c2c42b492909f7cff30a66f,2481.5467052459717,2935.3024367390026,415.0164770690317,7.988545027998043,25.14082134900673,1.3808521939936327,0.538179654002306,3.6908561989985174,450.0648264610354,453.7557314930309
req_02772,ieee-activation-942891bfbe6347b2a3a855d442302144,2483.503616333008,2909.4252782440017,414.3734001789999,6.822790498990798,0.006086749010137282,2.8547456879896345,0.8425515380076831,1.0220872579957359,424.8995299290109,425.92166191099386
req_02773,ieee-activation-6c14ba67edf54cc9b80193ddbf12449f,2483.5056076049805,2926.244772015998,414.3716436440154,3.773912251010188,6.674615469994023,2.485971037996933,14.549673697998514,0.883348310002475,441.8557948180096,442.73916441101755
req_02774,ieee-activation-942891bfbe6347b2a3a855d442302144,2484.0515117645264,2927.231792548002,413.9783050934784,6.668233845994109,2.930527055010316,4.623210796999047,13.110044150991598,1.869959841002128,441.31028384347155,443.1802807834756
req_02775,ieee-activation-942891bfbe6347b2a3a855d442302144,2484.8528804779053,2923.6150070809963,414.20580558408983,5.639837090013316,0.00606351500027813,3.874170407987549,0.340109395008767,14.696140610991279,424.065962523091,438.762126603091
req_02776,ieee-activation-942891bfbe6347b2a3a855d442302144,2485.8126487731934,2926.243785079001,413.67767969780834,5.145665353993536,3.805635857002926,1.1616468279971741,14.201946258006501,2.4385623109992594,437.99255150080717,440.43113630580774
req_02777,ieee-activation-6c14ba67edf54cc9b80193ddbf12449f,2486.3792095184326,2972.475584015003,413.55500765357283,1.717793937001261,51.567756845994154,1.8207388459995855,13.087935283998377,4.347141930004,481.7492158255627,486.0963744965702
req_02778,ieee-activation-6c14ba67edf54cc9b80193ddbf12449f,2486.4181060791016,2925.8020414229977,413.516278551906,4.551048431996605,0.0871301970037166,4.360667076995014,0.7638806269969791,16.104930458997842,423.278992384905,439.38393534389616
req_02779,ieee-activation-8411c4186c2c42b492909f7cff30a66f,2486.649257659912,2936.2050945070077,414.6333281690895,25.704668985999888,1.1295919370022602,7.55766121900524,0.11714703899633605,0.41343949700240046,449.14236016409995,449.55583684709563
req_02780,ieee-activation-942891bfbe6347b2a3a855d442302144,2490.319272994995,2929.3023938120023,411.4048876820016,24.385187354011578,1.0823103769944282,1.9363249510060996,0.06454007299907971,0.10987037999439053,438.8732132070145,438.98312081700715
req_02781,ieee-activation-942891bfbe6347b2a3a855d442302144,2491.164442062378,2930.697685357998,410.7306731656281,24.64620058199216,0.6505429829994682,3.0920220970001537,0.04281173599883914,0.37099273200146854,439.16222660362837,439.5332432956202
req_02782,ieee-activation-59da24158a1045ee92d55d692e9c3b84,2492.560178756714,2943.500064082007,411.4461007792852,22.470523095005774,11.741734590003034,2.5579804750013864,1.259260157996323,1.4642862280015834,449.47557810628496,450.9398853252933
req_02783,ieee-activation-942891bfbe6347b2a3a855d442302144,2493.2109394073486,2930.6969506800087,412.3975481336529,21.622503467006027,0.34399893299269024,2.6382314859947655,0.10112022601242643,0.3826090270013083,437.10337017066195,437.4860112726601
req_02784,ieee-activation-59da24158a1045ee92d55d692e9c3b84,2494.898250579834,2943.4993423340056,410.85469181816734,21.807584160007536,7.414591059990926,5.685477416001959,1.3733926879940554,1.4653546120098326,447.13571479816164,448.60109175417165
req_02785,ieee-activation-942891bfbe6347b2a3a855d442302144,2495.0050735473633,2929.656438238002,410.748209313635,21.056695845007198,0.38331861699407455,2.0125534480030183,0.2230540909949923,0.22753337600443047,434.4238199706306,434.65136469063873
req_02786,ieee-activation-942891bfbe6347b2a3a855d442302144,2495.2279529571533,2930.6963888169994,410.68271486484446,21.07491677100188,0.5884390120045282,2.568126644997392,0.050486506006564014,0.5037520609912463,434.96465768084454,435.46843585984607
req_02787,ieee-activation-59da24158a1045ee92d55d692e9c3b84,2496.3418560028076,2936.3753459489963,409.78477913019015,22.8824420489982,1.113931047002552,3.451105088010081,1.662349001999246,1.1388836299884133,438.8945832531899,440.03348994618864
req_02788,ieee-activation-8411c4186c2c42b492909f7cff30a66f,2496.75958442688,2934.9724571069964,409.7414756061189,21.372462084997096,1.8193013580021216,1.3170840570091968,0.6013647359941388,3.361184837995097,434.85164287312364,438.21287268011656
req_02789,ieee-activation-8411c4186c2c42b492909f7cff30a66f,2497.567768096924,2935.916266394008,409.3008081120788,19.239079694001703,1.614739433003706,5.3075833749899175,2.2062458180007525,0.680041865009116,437.66841442407167,438.348498297084
req_02790,ieee-activation-8411c4186c2c42b492909f7cff30a66f,2497.761968612671,2935.916976875,409.27668886132597,19.830552498999168,0.8534664239996346,4.979396439011907,2.533605181000894,0.6812988579913508,437.473690487328,438.1550082623289
req_02791,ieee-activation-59da24158a1045ee92d55d692e9c3b84,2497.8300018310547,2942.771764987003,409.20922334895295,21.78293103299802,1.30079770500015,9.36834738199832,0.1747837199945934,3.1056799670041073,441.8360683279461,444.94176315594814
req_02792,ieee-activation-59da24158a1045ee92d55d692e9c3b84,2501.717056274414,2936.376112254002,405.32259582859115,20.599049014999764,1.7724707899906207,4.742522906002705,1.083278058009455,1.1391393819940276,433.5198957886023,434.6590559795877
req_02793,ieee-activation-8411c4186c2c42b492909f7cff30a66f,2502.0940017700195,2935.3009344780003,405.04895477197715,20.133724048006115,0.8402951119933277,3.376938115005032,0.17721168599382509,3.6298089750052895,429.5771061179694,433.20693270798074
req_02794,ieee-activation-6c14ba67edf54cc9b80193ddbf12449f,2503.9604892730713,2984.2916244579974,403.79372143992805,19.01864326199575,49.21974337300344,6.416621701006079,0.690717074990971,1.1916883340018103,479.139426117923,480.3311351849261
req_02795,ieee-activation-6c14ba67edf54cc9b80193ddbf12449f,2504.5833377838135,2937.1634503469977,403.58575522818137,18.02218058500148,0.31390803601243533,8.421142207997036,0.3188873059989419,1.9182391999929678,430.66183908018866,432.58011256318423
req_02796,ieee-activation-59da24158a1045ee92d55d692e9c3b84,2505.4711933135986,2936.3647404840012,402.69809677940793,20.326483520999318,1.6270544979925035,3.7171558950067265,1.3959992259915452,1.128757251004572,429.7647690333979,430.8935471704026
req_02797,ieee-activation-6c14ba67edf54cc9b80193ddbf12449f,2507.18794631958,2943.593193941997,402.2382107294252,16.89197424799204,5.561517984999227,8.744970356012345,1.4085034659947269,1.5600708379934076,434.8451300204324,436.40524762241694
req_02798,ieee-activation-59da24158a1045ee92d55d692e9c3b84,2507.477939605713,2944.1696757470054,402.21874607229256,18.733173058993998,7.952055670000846,6.910154337994754,0.1470013780053705,0.7306056240049656,435.9610932492942,436.6917361412925
req_02799,ieee-activation-6c14ba67edf54cc9b80193ddbf12449f,2508.268995285034,2937.1654382420093,415.19494002396823,4.550968765004654,0.6797005299886223,6.345018529013032,0.20936288399389014,1.9164522250066511,426.97992452897597,428.8964429569751
req_02800,ieee-activation-942891bfbe6347b2a3a855d442302144,2508.67165184021,2930.8098070770066,415.1271479227871,4.075823596998816,0.18127225800708402,2.330518314993242,0.0963568740116898,0.32703626999864355,421.81107445679663,422.1381552367966
req_02801,ieee-activation-942891bfbe6347b2a3a855d442302144,2509.5769805908203,2930.8175769859954,415.86948248518456,2.7450733720033895,0.16452156398736406,2.2562847310036886,0.18896000800305046,0.016274234993034042,421.22426663018996,421.2405963951751
req_02802,ieee-activation-59da24158a1045ee92d55d692e9c3b84,2509.722692489624,2943.507668405,416.0820538263797,3.625159100993187,2.367128665006021,8.80701647400565,1.4296830359962769,1.4739348129951395,432.31100307338056,433.784975915376
req_02803,ieee-activation-6c14ba67edf54cc9b80193ddbf12449f,2512.000011444092,2944.4897435640014,414.2452693209052,1.8279231480119051,11.613579202996334,1.6308655070024543,0.8283660929882899,2.343728848005412,430.14597289889934,432.4897321199096
req_02804,ieee-activation-6c14ba67edf54cc9b80193ddbf12449f,2512.2602577209473,2943.594016589006,414.0546379190491,1.9906667309987824,0.6811920700129122,11.2772180789907,1.7714393140049651,1.5586047550023068,429.7751318800438,431.3337588680588
req_02805,ieee-activation-942891bfbe6347b2a3a855d442302144,2514.072290420532,2943.217007890009,412.61719273046765,7.536676347008324,0.06447382298938464,7.258429833003902,0.5601198329968611,1.1078249030106235,428.0368730554619,429.14471746947675
req_02806,ieee-activation-942891bfbe6347b2a3a855d442302144,2514.088571548462,2944.2563029940065,412.72120183653897,8.264533359004417,2.4857982550020097,4.966886420996161,0.7007680819951929,1.0285434920078842,429.13915520653245,430.16773144554463
req_02807,ieee-activation-6c14ba67edf54cc9b80193ddbf12449f,2514.9614906311035,2951.4414426349977,411.9160338599031,8.197104153994587,0.09464400800061412,13.00293843599502,0.9136626969993813,2.355568849001429,434.12432812390034,436.47995200389414
req_02808,ieee-activation-942891bfbe6347b2a3a855d442302144,2515.6733055114746,2937.610623034998,411.55897849252506,5.068277256999863,1.465680452005472,0.9016981509921607,0.5785142210079357,2.364168949992745,419.57312409352744,421.93731752352323
req_02809,ieee-activation-942891bfbe6347b2a3a855d442302144,2516.1206493377686,2944.2550981649983,413.1825975582324,5.66999673700775,0.08986667099816259,7.463881115996628,0.7003822179976851,1.02772452699719,427.10668206722767,428.1344488272298
req_02810,ieee-activation-942891bfbe6347b2a3a855d442302144,2516.2271614074707,2943.2162523330044,413.4342264345323,5.521978599004797,0.05011998099507764,5.86819408100564,0.9325666609947802,1.1820051690010587,425.8070678975346,426.9890909255337
req_02811,ieee-activation-8411c4186c2c42b492909f7cff30a66f,2520.3040657043457,2937.276762581998,410.39327863465587,4.275382623003679,0.007902249999460764,2.194691087002866,0.06575843099562917,0.035683851994690485,416.9369905816566,416.9726968776522
req_02812,ieee-activation-8411c4186c2c42b492909f7cff30a66f,2521.453832626343,2944.1051846769988,409.243647739655,4.265232352001476,0.0178171570005361,8.146126128005562,0.25776535099430475,0.7207633229991188,421.93057394365314,422.651352050656
req_02813,ieee-activation-942891bfbe6347b2a3a855d442302144,2522.9385204315186,2949.778376645001,407.86168278948753,4.434376061995863,8.000816358005977,4.143818851996912,1.7063798329909332,0.6927823190053459,426.14705356447666,426.83985621348256
req_02814,ieee-activation-942891bfbe6347b2a3a855d442302144,2523.711263656616,2949.776702795003,407.09891221938597,4.328645198998856,11.048232397006359,2.3824409270018805,0.6069650599965826,0.6002433359972201,425.46517466538353,426.06543913838686
req_02815,ieee-activation-942891bfbe6347b2a3a855d442302144,2524.5252952575684,2949.7822579700005,406.2925316434266,4.388422850010102,3.5519330719980644,7.82435122699826,2.5013792069948977,0.6983447130041895,424.5585974964197,425.25696271243214
req_02816,ieee-activation-59da24158a1045ee92d55d692e9c3b84,2524.729040145874,2944.1803066270077,410.50626371112594,6.3562536429963075,0.08937029501248617,1.3009409549995326,0.24615316798735876,0.9522847090120194,418.4989633631194,419.45126648113364
req_02817,ieee-activation-8411c4186c2c42b492909f7cff30a66f,2526.279510498047,2950.065594386004,409.0223868379544,6.2704026919964235,0.14720700100588147,5.381025273003615,1.984164861991303,0.9808972220052965,422.8051534919505,423.7860838879569
req_02818,ieee-activation-8411c4186c2c42b492909f7cff30a66f,2529.77827835083,2950.066721825002,405.5297038441786,6.837310224000248,2.6436583229951793,2.1660430299962172,2.1293492990080267,0.9823787539935438,419.30603559318115,420.2884434741718
req_02819,ieee-activation-8411c4186c2c42b492909f7cff30a66f,2529.904239654541,2946.011381803997,406.0124805874657,6.117714931999217,0.1983340269944165,3.486688282006071,0.14054013199347537,0.15138418899732642,415.95573315046204,416.1071421494562
req_02820,ieee-activation-942891bfbe6347b2a3a855d442302144,2531.307685852051,2949.777646204995,404.7605284979509,5.749001539996243,0.12558610700943973,5.2657448389945785,1.876438566003344,0.6926608029898489,417.7772765619593,418.4699603529443
req_02821,ieee-activation-8411c4186c2c42b492909f7cff30a66f,2532.0647983551025,2949.210597382,404.1450878829055,5.79354875998979,0.008323570000356995,4.414538313008961,0.08489040499262046,2.699410096000065,414.44636855690624,417.1457990268973
req_02822,ieee-activation-8411c4186c2c42b492909f7cff30a66f,2534.7711658477783,2944.786333630007,401.6038075612305,5.660992805991555,0.19700159700005315,1.8384474009944825,0.11410837600124069,0.6008100410108455,409.4143362702307,410.0151677822287
req_02823,ieee-activation-8411c4186c2c42b492909f7cff30a66f,2535.309118270874,2950.0005450949975,401.1694753701304,5.336780254991027,0.04042382800253108,5.235552277998067,1.9955413790012244,0.9136537140002474,413.77774985412543,414.6914268241235
req_02824,ieee-activation-59da24158a1045ee92d55d692e9c3b84,2536.1571502685547,2950.0635550180014,400.3217022404424,5.523282376001589,0.029152841001632623,5.694775916999788,1.3602173980034422,0.9772739769978216,412.92911992744484,413.90640474944666
req_02825,ieee-activation-59da24158a1045ee92d55d692e9c3b84,2537.588014602661,2950.062745272997,399.5762905743468,4.867498776991852,2.17059768299805,3.0316231610049726,1.8512532019958599,0.977467272998183,411.4972305633419,412.4747306703357
req_02826,ieee-activation-8411c4186c2c42b492909f7cff30a66f,2544.714958190918,2945.9931347890088,392.52505084309087,4.765021569997771,0.014808726991759613,3.791172473007464,0.0494729899946833,0.1326499950082507,401.1455037410924,401.2781765980908
req_02827,ieee-activation-6c14ba67edf54cc9b80193ddbf12449f,2546.336006164551,2951.4425146010035,390.94110856045154,4.723672178006382,0.01940444199135527,6.152019743996789,0.9143877530004829,2.355915759006166,402.7505672354455,405.1065084364527
req_02828,ieee-activation-8411c4186c2c42b492909f7cff30a66f,2546.8905181884766,2579.283373041995,0.30262481851968914,14.120991582007264,4.074432781999349,4.983627359004458,8.47070370799338,0.44047460399451666,31.95232869751635,32.39285485351866
req_02829,ieee-activation-8411c4186c2c42b492909f7cff30a66f,2547.7725410461426,2984.8415322910005,394.999954768864,8.805286518996581,21.146455109003,8.881866212002933,1.4930949689878616,1.7423336670035496,435.3266220438527,437.0689912448579
req_02830,ieee-activation-8411c4186c2c42b492909f7cff30a66f,2550.0260620117188,2972.9713181080006,393.20096746528,7.42832639500557,0.9612092659954214,3.462768440003856,13.049691074993461,4.842293455003528,418.1029411082709,422.9452560962818
req_02831,ieee-activation-8411c4186c2c42b492909f7cff30a66f,2551.499189376831,2972.968534517,391.72797320617246,8.392146244004834,0.8110288309981115,3.469871281995438,12.229066611005692,4.839258965992485,416.63007456518244,421.469345140169
req_02832,ieee-activation-8411c4186c2c42b492909f7cff30a66f,2552.1809978485107,2972.9689899219957,391.3204447064927,7.422249148003175,0.6930129879910965,3.579970503007644,12.931551536996267,4.840763190994039,415.94717834849143,420.78799207348493
req_02833,ieee-activation-59da24158a1045ee92d55d692e9c3b84,2553.0641326904297,2972.7760685469984,390.43767697457224,7.704846744003589,0.0823139429994626,5.791766609996557,10.766392121004174,4.9289394639927195,414.7829767455696,419.71193585656874
req_02834,ieee-activation-942891bfbe6347b2a3a855d442302144,2553.2106609344482,2973.0435640790092,390.29771000455366,8.071528376996866,0.4418789810006274,2.442018305999227,13.665004016002058,4.914763460008544,414.91812051554734,419.832903144561
req_02835,ieee-activation-942891bfbe6347b2a3a855d442302144,2553.545213699341,2973.0458950449975,390.0492888456647,7.851277968991781,0.06062457800726406,5.848102882999228,10.773489382991102,4.917897687002551,414.58275213165325,419.50068134565663
req_02836,ieee-activation-942891bfbe6347b2a3a855d442302144,2554.457437515259,2976.8058869960078,389.1372663547372,7.724648500006879,21.37684287299635,2.2855623250070494,0.47741180699085817,1.3467176210106118,421.00170287673245,422.34844948074897
req_02837,ieee-activation-942891bfbe6347b2a3a855d442302144,2558.2525730133057,2973.044514934998,385.8534861606895,6.482691337005235,0.9169508180057164,5.838009173996397,10.783898830006365,4.916905601989129,409.87500549269316,414.79194192169234
req_02838,ieee-activation-6c14ba67edf54cc9b80193ddbf12449f,2558.81974029541,3010.7323389000085,385.3508518075978,7.408825544000138,30.99829386798956,9.319140374005656,1.2081986669945763,17.627288344010594,434.28526943059114,451.9125986045983
req_02839,ieee-activation-59da24158a1045ee92d55d692e9c3b84,2560.507276535034,3019.211256003997,383.6776443809649,7.347502935008379,62.86304271599511,3.1393719899933785,0.018365969008300453,1.658051477992558,457.04590976396867,458.70397946896264
req_02840,ieee-activation-59da24158a1045ee92d55d692e9c3b84,2561.2782039642334,2975.209509651002,382.9775572747749,6.8898201909905765,20.330867142998613,0.3175841699994635,1.1597885689989198,2.2556883390061557,411.6755829777685,413.9313056867686
req_02841,ieee-activation-6c14ba67edf54cc9b80193ddbf12449f,2561.303491592407,2972.7128459520027,383.03238614559814,7.41047880599217,1.4732829550048336,1.655328652006574,13.252241663998575,4.585636136995163,406.82369552559976,411.40935435959545
req_02842,ieee-activation-6c14ba67edf54cc9b80193ddbf12449f,2562.541835784912,2972.692090512006,381.94933781308646,7.087562988002901,0.5928248809941579,3.3872453610092634,12.468754984991392,4.664528699009679,405.4856845650793,410.15025472709385
req_02843,ieee-activation-59da24158a1045ee92d55d692e9c3b84,2563.8830909729004,2972.775185963008,380.9036185191071,6.74619156299741,0.687121290990035,1.4343222440074896,14.372924280993175,4.747917092012358,404.14415633010503,408.8920949901076
req_02844,ieee-activation-59da24158a1045ee92d55d692e9c3b84,2564.352451324463,2985.1758194730064,381.6412727475399,5.215962575995945,26.275772171997232,3.4329522740008542,2.1851252380001824,2.072283141009393,418.7510385275382,420.8233681485435
req_02845,ieee-activation-59da24158a1045ee92d55d692e9c3b84,2567.3212909698486,3055.0391567199986,378.6905875501543,5.196962535992498,96.47507811000105,3.301941023004474,2.1196140840038424,1.933682446993771,485.78414601215627,487.71786575014994
req_02846,ieee-activation-8411c4186c2c42b492909f7cff30a66f,2568.107177734375,2975.980949920995,381.1040798046306,18.63215082199895,0.005721932000597008,6.266001165000489,0.24117671299609356,1.624641749993316,406.2491045746283,407.87377218662004
req_02847,ieee-activation-942891bfbe6347b2a3a855d442302144,2568.420570373535,2974.376676671003,381.3589732574619,17.24384501601162,0.007744381990050897,5.145872319000773,0.7716561970009934,1.4280151260027196,404.5280589614558,405.95610629746807
req_02848,ieee-activation-8411c4186c2c42b492909f7cff30a66f,2568.449586868286,2973.683617902003,381.3309030417149,18.057915230994695,0.006155846000183374,1.926353040005779,3.07949883400579,0.8332050409953808,404.40078514772176,405.23403103371675
req_02849,ieee-activation-8411c4186c2c42b492909f7cff30a66f,2568.4500980377197,2973.672828472001,381.33083155028,18.05939349500113,0.005210550007177517,1.8886608759930823,3.115983732001041,0.8226502309989883,404.4000581022847,405.2227304342814
req_02850,ieee-activation-942891bfbe6347b2a3a855d442302144,2570.2671298980713,2974.0609118300054,379.73242774892424,17.842232375012827,0.028954808993148617,1.7116294610023033,3.26729857600003,1.2112389620015165,402.5825217779202,403.79378193193406
req_02851,ieee-activation-8411c4186c2c42b492909f7cff30a66f,2571.3808975219727,2976.1063885990006,378.7834220210352,17.85670244799985,5.673955915990518,0.4629052620002767,0.6309314190002624,1.3175740110018523,403.40789650303486,404.725491077028
req_02852,ieee-activation-942891bfbe6347b2a3a855d442302144,2571.3982105255127,3009.3710086240026,378.76639580048504,16.790186735001043,22.660883311997168,1.5867281009996077,1.968942102001165,16.199662048005848,421.77312653047557,437.9727980984899
req_02853,ieee-activation-59da24158a1045ee92d55d692e9c3b84,2571.991674423218,2972.969614051006,378.17301479377784,16.860041261999868,0.06865195700083859,0.2713692230026936,0.7759946940059308,4.828867698000977,396.14906242077996,400.97793962778815
req_02854,ieee-activation-942891bfbe6347b2a3a855d442302144,2572.2425384521484,3017.638720887,377.92231467085367,17.61040338499879,45.63936248900427,2.272682936003548,1.728702174994396,0.2227167789969826,445.1734548488603,445.39618243485165
req_02855,ieee-activation-59da24158a1045ee92d55d692e9c3b84,2572.243642807007,2993.1701888370008,377.9212932609953,16.923903592993156,21.405718194000656,1.204033096000785,0.14389596700493712,3.3277019189990824,417.598835080993,420.9265460299939
req_02856,ieee-activation-6c14ba67edf54cc9b80193ddbf12449f,2572.2947387695312,2984.310619433003,379.14857659547124,27.329105815995717,1.2697581420070492,0.708844398992369,2.3513381970115006,1.2082575139938854,410.80758467248234,412.01588066347176
req_02857,ieee-activation-6c14ba67edf54cc9b80193ddbf12449f,2573.028154373169,2984.3120702390006,378.4157866418391,26.89046275099099,1.4542797089961823,1.0402793250104878,2.2729203549970407,1.21018708399788,410.07370747384266,411.28391586583166
req_02858,ieee-activation-8411c4186c2c42b492909f7cff30a66f,2573.0294342041016,3010.3238499069994,399.45348439090594,5.087375923001673,2.0235347889974946,12.115548431000207,1.3952311089960858,17.21924105999642,420.0751275749062,437.2944157028978
req_02859,ieee-activation-59da24158a1045ee92d55d692e9c3b84,2573.379041671753,2985.176565463,399.1048537062452,6.347628821007675,0.8564693910011556,1.0299723569914931,2.383377090009162,2.0752224259922514,409.7222709192574,411.79752379124693
req_02860,ieee-activation-942891bfbe6347b2a3a855d442302144,2573.3885765075684,2984.937437127999,399.4603594224318,6.1711417799961055,0.11470868100877851,1.3609551260014996,2.435853076996864,2.0058425339957466,409.5429923684278,411.5488606204308
req_02861,ieee-activation-8411c4186c2c42b492909f7cff30a66f,2573.389976501465,3009.3737969979993,399.4591243955365,4.667399754995131,1.7351273050007876,12.457749781009625,1.394986102997791,16.269433156994637,419.71437368654006,435.98382049653446
req_02862,ieee-activation-6c14ba67edf54cc9b80193ddbf12449f,2573.3987522125244,2984.311262725998,399.4505204234738,6.919853145998786,0.5483558900014032,0.6595127290056553,2.126070935992175,1.2081973890017252,409.7042991784692,410.91251051347353
req_02863,ieee-activation-8411c4186c2c42b492909f7cff30a66f,2573.4305362701416,2984.8425290239975,399.41882674285443,5.483783975010738,1.6489349999901606,1.242663151002489,1.8773798629990779,1.7404040219989838,409.6715800918464,411.4119927538559
req_02864,ieee-activation-59da24158a1045ee92d55d692e9c3b84,2573.4460735321045,2985.1750067100074,399.5242992598942,6.152147514003445,0.5661239299952285,1.0676908290042775,2.3453016860003117,2.073369959005504,409.65553588888724,411.72893317790295
req_02865,ieee-activation-942891bfbe6347b2a3a855d442302144,2574.1578330993652,2984.936803625009,398.81277161464095,5.364737016992876,0.7992197510029655,1.8621540470048785,1.9337288459937554,2.006359250008245,408.7725918366341,410.7789705256437
req_02866,ieee-activation-59da24158a1045ee92d55d692e9c3b84,2574.1730098724365,2985.177675826999,398.7979153805645,5.360561401001178,1.0611437629995635,1.1725463829934597,2.5376604740013136,2.074838553002337,408.929801493563,411.00466595456237
req_02867,ieee-activation-942891bfbe6347b2a3a855d442302144,2574.730104446411,2984.9360698740056,398.2471347305982,5.735000040993327,0.42244938999647275,1.6323783569969237,2.1653648620122112,2.0036380469973665,408.20229441860283,410.2059654275945
req_02868,ieee-activation-59da24158a1045ee92d55d692e9c3b84,2574.9551696777344,2990.2100153130013,398.08997773827286,5.08224848799,6.9915507580008125,3.3486130439996487,0.25496533401019406,1.4874902729934547,413.7673218142736,415.254845635267
req_02869,ieee-activation-6c14ba67edf54cc9b80193ddbf12449f,2574.971185684204,2986.837381432997,398.0743480507954,5.225037053998676,6.2433339999988675,0.3652343850117177,0.38892220599518623,1.5693200529931346,410.29684708580317,411.86619574879296
req_02870,ieee-activation-6c14ba67edf54cc9b80193ddbf12449f,2575.7549057006836,2984.3099333889986,397.29766506732267,5.966824784001801,1.0229125919868238,0.6736923120042775,2.3872868030011887,1.206646129998262,407.34835470831604,408.555027688315
req_02871,ieee-activation-8411c4186c2c42b492909f7cff30a66f,2575.879056930542,2986.696703110996,397.7968000404653,6.0920933939924,4.524713350008824,0.4495087039977079,0.5262229130021296,1.4283077789878007,409.3893043714779,410.8176461804542
req_02872,ieee-activation-8411c4186c2c42b492909f7cff30a66f,2575.892473220825,3010.3192786930013,397.797393009183,4.318663118989207,1.9734352550003678,11.727413134009112,1.3954505949950544,17.21445035999932,417.21232670418976,434.42680547217606
req_02873,ieee-activation-6c14ba67edf54cc9b80193ddbf12449f,2577.0922088623047,2987.122138567007,396.9693996526912,5.07284402300138,0.907907109009102,5.201902775996132,0.045699459995375946,1.8321766840090277,408.19771767368366,410.0299297047022
req_02874,ieee-activation-8411c4186c2c42b492909f7cff30a66f,2577.092576980591,3026.7392881859996,397.3760572524043,3.1030012460105354,40.851655801991,4.436585697010742,0.3849376250000205,3.494473582992214,446.1522080604045,449.6467112054088
req_02875,ieee-activation-942891bfbe6347b2a3a855d442302144,2577.7408084869385,2984.9337997330003,397.65462443405704,2.7927899730129866,0.9455370659998152,3.5233872339886148,0.4796628090116428,1.7969897299917648,405.39597922305984,407.19299124606187
req_02876,ieee-activation-942891bfbe6347b2a3a855d442302144,2577.9089679718018,2984.9380537030083,398.0790806701989,3.1484158300008858,0.7514462649996858,1.0744291010050802,2.1414219939906616,1.8342918710113736,405.1947544341965,407.0290857312066
req_02877,ieee-activation-8411c4186c2c42b492909f7cff30a66f,2578.4579429626465,2984.8432603190013,397.6499753483513,2.556479994003894,1.3177348720055306,2.184522775991354,0.9359448089962825,1.7406595570064383,404.6446318333474,406.3853173563548
req_02878,ieee-activation-942891bfbe6347b2a3a855d442302144,2578.571159362793,3008.654802641002,398.2355503912113,11.383950892995927,0.8817516440030886,1.4246225139941089,2.608701271004975,15.54906656499952,414.53453727520537,430.0836432782089
req_02879,ieee-activation-59da24158a1045ee92d55d692e9c3b84,2579.1629905700684,3110.939806802009,405.14626908893115,25.20232429400494,97.93183933399268,0.7621812680008588,2.107966732000932,0.6262355150101939,531.1505276009266,531.7768162319408
req_02880,ieee-activation-6c14ba67edf54cc9b80193ddbf12449f,2580.959478378296,3023.003272568996,403.70185735569976,3.5253242170001613,24.53352872200776,7.141421061998699,0.5232729370036395,2.6183898969902657,439.425377772699,442.0437941907003
req_02881,ieee-activation-59da24158a1045ee92d55d692e9c3b84,2581.4259910583496,2993.1835632489965,403.2356676156487,3.8729692220076686,0.10272805999557022,1.1723229750059545,0.03588193700124975,3.3380023809877457,408.41955719665566,411.7575721906469
req_02882,ieee-activation-8411c4186c2c42b492909f7cff30a66f,2581.4451274871826,3012.2389045460004,403.2166143418144,3.8055623120017117,6.223909107997315,1.6640227739990223,14.309817575005582,1.5738509479997447,429.2199172448163,430.7937770588178
req_02883,ieee-activation-942891bfbe6347b2a3a855d442302144,2584.9346313476562,3008.676268855008,399.7275118553516,3.967354811000405,0.44317639799555764,1.4835906929947669,2.54716859900509,15.572835151004256,408.16879380134924,423.7416375073517
req_02884,ieee-activation-942891bfbe6347b2a3a855d442302144,2585.142879486084,3008.657169195998,399.7229198489222,2.976728784997249,1.2295457589934813,1.6122295770037454,2.4216612110030837,15.551204528994276,407.9630649379251,423.514289709914
req_02885,ieee-activation-59da24158a1045ee92d55d692e9c3b84,2585.9531593322754,3011.9493487739965,398.91278735273227,3.3255818049947266,0.05785055000160355,6.711621348003973,15.357223314000294,1.6311250719882082,424.3650544557313,425.99618944172107
req_02886,ieee-activation-59da24158a1045ee92d55d692e9c3b84,2585.9759426116943,3009.433622441007,398.89009030230227,3.047246749003534,0.33587715300382115,2.8365805969951907,2.021410034998553,16.32647499300947,407.13119406229816,423.45767982931284
req_02887,ieee-activation-942891bfbe6347b2a3a855d442302144,2586.9514865875244,3011.1722648480063,397.9924720374838,3.2498720069997944,0.8787339289992815,6.269350384987774,14.975838085010764,0.8545118170004571,423.3662354634871,424.2207782604819
req_02888,ieee-activation-8411c4186c2c42b492909f7cff30a66f,2588.4227180480957,3009.511017641009,396.52147823991254,2.5544414129981305,0.9941867989982711,4.251015406000079,0.42929812100192066,16.337879614002304,404.7504059239145,421.08829959291324
req_02889,ieee-activation-942891bfbe6347b2a3a855d442302144,2589.1784954071045,3011.1736809239956,395.76584541390184,3.9024517299985746,0.6937554979958804,5.812728475997574,14.971371730003739,0.8490326689934591,421.1461414739024,421.99518551689107
req_02890,ieee-activation-8411c4186c2c42b492909f7cff30a66f,2589.2052631378174,3009.434519786999,395.7391733801778,3.026796406003996,0.5217152240074938,2.255548617002205,2.3552733959950274,16.33074962599494,403.89849384817353,420.2292566491815
req_02891,ieee-activation-942891bfbe6347b2a3a855d442302144,2589.5870151519775,3008.6580682420026,395.3575463420275,4.573147445989889,0.09778361400822178,3.182847178002703,0.37539014499634504,15.48433836500044,403.5867037990247,419.0710530900251
req_02892,ieee-activation-6c14ba67edf54cc9b80193ddbf12449f,2589.6034965515137,3030.6314969420055,395.63926033949247,2.883911860000808,35.54363623299287,4.415511037004762,0.44899947399972007,2.096681447001174,438.93129537549976,441.0280003904918
req_02893,ieee-activation-6c14ba67edf54cc9b80193ddbf12449f,2590.348560333252,3012.411245719006,394.89439018075063,2.8192256390029797,7.181129864999093,0.7452069799910532,14.676929065011791,1.7458036559983157,420.3168720137619,422.06268538575387
req_02894,ieee-activation-6c14ba67edf54cc9b80193ddbf12449f,2592.944999694824,3054.1696438969957,392.3194777511817,2.8615165499941213,62.886875115000294,0.5872474530042382,1.6585462170041865,0.9109811159869423,460.3136364281818,461.2246442021715
req_02895,ieee-activation-6c14ba67edf54cc9b80193ddbf12449f,2594.518720626831,3012.334642861999,390.7490400381648,2.856686721002916,0.06899023099686019,7.320693745001336,14.804393678001361,2.016117822000524,415.7997858891613,417.8159222351678
req_02896,ieee-activation-8411c4186c2c42b492909f7cff30a66f,2594.8590965270996,3140.8240229619987,391.83947564690607,3.144331212999532,126.58709934700164,1.4822916249977425,16.751167035996332,6.160561566997785,539.8043344289035,545.9649264348991
req_02897,ieee-activation-6c14ba67edf54cc9b80193ddbf12449f,2594.86856842041,3027.6201879790024,391.970193198591,5.239756060997024,25.063308819997474,6.381935634010006,0.1269143169920426,3.9695115280046593,428.78205927758245,432.7516195585922
req_02898,ieee-activation-6c14ba67edf54cc9b80193ddbf12449f,2595.9700889587402,3053.424455889006,391.27145947025565,4.902763140009483,38.94665010199242,5.675593157007825,11.289776220990461,5.368124840009841,452.08621939024306,457.4543669302657
req_02899,ieee-activation-59da24158a1045ee92d55d692e9c3b84,2596.091089248657,3028.737198185001,394.12520689034136,20.273043872002745,8.436901214998215,7.021964943996863,0.772356479006703,2.0166355359979207,430.6294250023493,432.6461089363438
req_02900,ieee-activation-942891bfbe6347b2a3a855d442302144,2596.7868251800537,3062.688785756007,396.3858200749528,25.803879524988588,37.961276097004884,2.2728565919969697,1.481780918998993,1.9963473680109018,463.90557364095,465.9019605759531
req_02901,ieee-activation-942891bfbe6347b2a3a855d442302144,2597.216194152832,3053.2543561089988,395.9686358601757,24.46158693099278,13.346500034007477,5.271923587992205,11.791923323995434,5.197592219003127,450.84053635117016,456.03816195616673
req_02902,ieee-activation-59da24158a1045ee92d55d692e9c3b84,2598.514347076416,3023.7515982479963,410.79508445659303,10.5936523549899,0.7194676579965744,1.648260141009814,0.06266736699035391,1.4181191940006102,423.81905977959104,425.2372511715803
req_02903,ieee-activation-8411c4186c2c42b492909f7cff30a66f,2598.804651260376,3029.137070170007,410.50504042262037,9.834828714010655,0.5861019430012675,5.856994905989268,1.0622279079980217,2.4872250160115073,427.84516549461114,430.3324189096311
req_02904,ieee-activation-8411c4186c2c42b492909f7cff30a66f,2599.966411590576,3031.634565696004,409.3434193124267,9.907550625997828,0.5133450489956886,10.539002530000289,0.30147687401040457,1.0633597139967605,430.60477291843563,431.6681541054277
req_02905,ieee-activation-59da24158a1045ee92d55d692e9c3b84,2600.423843383789,3026.7117562130006,408.88626560421835,10.931199672995717,1.2109475519973785,1.636817107006209,0.27064516399696004,3.3520377289969474,422.93584804821876,426.28791282921156
req_02906,ieee-activation-59da24158a1045ee92d55d692e9c3b84,2601.2305793762207,3028.5336613300024,408.2808475087804,11.329813835996902,0.6117288020031992,2.3335107099992456,2.0637455149990274,2.6834355820028577,424.61962219477573,427.30308195378166
req_02907,ieee-activation-942891bfbe6347b2a3a855d442302144,2601.231325149536,3027.2258689860028,409.08581503447203,8.545888380991528,3.4206617529998766,2.766120789005072,1.5994649729982484,0.5765929059998598,425.41792097646976,425.9945438364666
req_02908,ieee-activation-942891bfbe6347b2a3a855d442302144,2601.2737560272217,3028.328315560997,409.0435698587826,9.48598437399778,0.8828215260000434,5.552585390993045,0.482504064013483,1.6070943199883914,425.4474532507884,427.0545595337753
req_02909,ieee-activation-59da24158a1045ee92d55d692e9c3b84,2602.7173233032227,3030.2383839889953,407.60006272078317,10.463834087000578,7.415318628991372,0.36104562001128215,0.17897627298953012,1.5018233559967484,426.01922367977386,427.5210606857727
req_02910,ieee-activation-942891bfbe6347b2a3a855d442302144,2603.2072200775146,3028.095294751998,407.11031248548534,8.757657864000066,1.2362882320012432,4.404394429002423,1.9342336709960364,1.4451879929983988,423.44287438447645,424.8880746744835
req_02911,ieee-activation-6c14ba67edf54cc9b80193ddbf12449f,2603.8110370635986,3023.350844683009,406.5133959464001,9.237884305999614,0.2788140890042996,0.5410604460048489,0.9479396370006725,2.020713195001008,417.51907245440816,419.53980761941057
req_02912,ieee-activation-6c14ba67edf54cc9b80193ddbf12449f,2604.106164932251,3519.6667569300043,783.4480626007571,9.957752383998013,113.83862989000045,2.7664178109989734,4.931520372003433,0.6182089399953838,914.9423391627643,915.5605919977534
req_02913,ieee-activation-6c14ba67edf54cc9b80193ddbf12449f,2604.226987838745,3066.3644363460044,406.5060155022511,9.394936138007324,36.8594647669961,7.182133391004754,0.11837362199730705,2.076525087002665,460.0608948992449,462.13744850725925
req_02914,ieee-activation-942891bfbe6347b2a3a855d442302144,2605.2779083251953,3072.3097544519987,405.8951874728082,9.566227057002834,39.0602130759944,9.520941221999237,1.452290326997172,1.536986972001614,465.4948236877972,467.03184612680343
req_02915,ieee-activation-6c14ba67edf54cc9b80193ddbf12449f,2606.6369800567627,3028.682441719997,404.8408388602402,8.76182582200272,0.029583405994344503,4.784892618001322,1.5948970559984446,2.0334239009971498,420.0120076792373,422.04546166323416
req_02916,ieee-activation-8411c4186c2c42b492909f7cff30a66f,2606.938316345215,3053.2722532440093,405.0119379987882,7.192504342994653,10.514629470999353,5.049728060999769,13.349931457007187,5.215205568005331,441.1186952027929,446.3339368987945
req_02917,ieee-activation-8411c4186c2c42b492909f7cff30a66f,2607.4021797180176,3029.137709786999,404.83925350298523,7.477508875002968,3.92372720700223,0.9949476199981291,2.0851738920027856,2.4149189719901187,419.32058685498487,421.73553006898146
req_02918,ieee-activation-8411c4186c2c42b492909f7cff30a66f,2607.4496116638184,3032.509307262997,404.96222554918495,7.8272974529973,6.3946548079984495,4.267146701007732,0.5558269769971957,1.0525441109930398,424.00713026718586,425.05969559917867
req_02919,ieee-activation-8411c4186c2c42b492909f7cff30a66f,2607.4512519836426,3029.1363904430036,404.96071561235294,7.305667575012194,0.3275355549994856,5.164817621989641,1.4395359750051284,2.4868661200016504,419.19826210234896,421.68513845936104
req_02920,ieee-activation-942891bfbe6347b2a3a855d442302144,2611.1578845977783,3102.7582228880055,406.48157119021926,29.982733830998768,45.71656447699934,6.5033838100061985,1.809982956998283,1.1061020250053843,490.49416694021784,491.6003382902272
req_02921,ieee-activation-6c14ba67edf54cc9b80193ddbf12449f,2611.751844406128,3062.174300982995,407.4650758228672,29.729998734008404,2.066084623991628,9.123417172013433,0.5852243489935063,1.45265587499307,448.9697686708678,450.42245657686726
req_02922,ieee-activation-942891bfbe6347b2a3a855d442302144,2613.3474349975586,3070.8718477850052,409.6620218684402,25.246677312999964,6.3702355610003,12.55335773099796,0.41602011100621894,3.276100203001988,454.2482417924475,457.52441278744664
req_02923,ieee-activation-59da24158a1045ee92d55d692e9c3b84,2613.393379211426,3062.3909827540047,409.96288049657596,29.726330132994917,0.005850329005625099,5.944353853003122,1.6594269709894434,1.698761760009802,447.2988176675717,448.9976035425789
req_02924,ieee-activation-6c14ba67edf54cc9b80193ddbf12449f,2613.8302268981934,3061.6061811539985,409.92204923280224,29.329294800001662,0.02147292900190223,6.043999932007864,1.5461959879903588,0.9129413740010932,446.8629889078002,447.7759542558051
req_02925,ieee-activation-8411c4186c2c42b492909f7cff30a66f,2614.683698654175,3072.611328063009,412.03612743582926,21.504943482999806,8.457607018994167,13.578821265997249,0.5886897180025699,1.7614404870109865,456.1661433598201,457.92762940883404
req_02926,ieee-activation-942891bfbe6347b2a3a855d442302144,2618.370258331299,3054.611422283997,408.36927656170155,20.95454895500734,0.29657318399404176,1.9706061530014267,3.1560057970054913,1.4941533019882627,434.7469923077151,436.2411639526981
req_02927,ieee-activation-59da24158a1045ee92d55d692e9c3b84,2619.8024578094482,3062.388526775001,407.424282138556,25.854441755000153,4.358247689000564,1.6640866119996645,1.5891712640004698,1.6958395069959806,440.89019278256455,442.58606896555284
req_02928,ieee-activation-8411c4186c2c42b492909f7cff30a66f,2620.089433670044,3054.614278166002,407.5348566439643,20.067128650989616,0.005636924004647881,5.488360671995906,0.5242497730068862,0.9046118319965899,433.62019041697204,434.52484449595795
req_02929,ieee-activation-942891bfbe6347b2a3a855d442302144,2620.6691703796387,3054.613132507002,407.52232279937016,19.50132608698914,0.08932536499924026,3.0295583560073283,2.293330889995559,1.5080986300017685,432.43583300737373,433.9439621273632
req_02930,ieee-activation-942891bfbe6347b2a3a855d442302144,2621.461154937744,3054.612425950996,406.73044998725527,19.500511417005328,0.08974267799931113,3.4480624339921633,1.8753383600123925,1.5071661369875073,431.6440959312604,433.15127101325197
req_02931,ieee-activation-8411c4186c2c42b492909f7cff30a66f,2622.8929710388184,3053.7060000380006,405.43650548117876,19.361116123007378,0.0050896469911094755,2.6727679260075092,2.7490948060003575,0.5884550159971695,430.22455456017633,430.8130289991823
req_02932,ieee-activation-6c14ba67edf54cc9b80193ddbf12449f,2626.5644187927246,3061.6145895329973,401.9740419662703,24.451701228012098,3.997080853994703,3.551211483994848,0.18703718000324443,0.8890980279975338,434.1610319432657,435.05017074027273
req_02933,ieee-activation-8411c4186c2c42b492909f7cff30a66f,2626.818651199341,3053.7112858320033,401.8654796566552,19.373129160012468,0.163010285992641,2.564086476006196,2.3204057209950406,0.6065233330009505,426.2860765716614,426.8926346326625
req_02934,ieee-activation-6c14ba67edf54cc9b80193ddbf12449f,2627.6665954589844,3065.795659406009,401.07179509001435,24.344736769009614,0.020155279999016784,9.954918162999093,0.17902350099757314,2.5584351440047612,435.5705952850112,438.1290639470244
req_02935,ieee-activation-59da24158a1045ee92d55d692e9c3b84,2629.5959644317627,3062.013620332,399.54087069623347,23.94530413800385,0.005992819002131,5.646999978998792,1.9578705430030823,1.3206177249958273,431.0970189862419,432.41765590023715
req_02936,ieee-activation-59da24158a1045ee92d55d692e9c3b84,2630.1733074188232,3066.681283639002,398.9678404221777,23.734528130007675,2.443673387999297,8.036099549994105,0.8848739329987438,2.4409607970010256,434.0669962941756,436.50797622017853
req_02937,ieee-activation-59da24158a1045ee92d55d692e9c3b84,2633.0827312469482,3094.5243026819953,396.0585331100592,19.292274437990272,41.273473177003325,2.2867580430029193,1.4058937009976944,1.124638965993654,460.31692190206377,461.4415714350471
req_02938,ieee-activation-942891bfbe6347b2a3a855d442302144,2633.2120666503906,3451.968252478997,788.6577113356179,15.252319698993233,7.561834328997065,1.3693957400100771,1.9460850679897703,3.9688396569981705,814.7873149706138,818.7561858286062
req_02939,ieee-activation-6c14ba67edf54cc9b80193ddbf12449f,2633.40225982666,3062.9876482030086,397.23958366934676,21.08953399398888,0.15037345699965954,9.914694239007076,0.15237151300243568,1.0388315040036105,428.5465164193447,429.5853883763484
req_02940,ieee-activation-8411c4186c2c42b492909f7cff30a66f,2634.8453311920166,3093.7438490589993,396.9496924029809,28.812861835001968,5.019688029002282,11.228079367996543,13.443244801004766,3.444951430996298,455.4535403499758,458.89851786698273
req_02941,ieee-activation-59da24158a1045ee92d55d692e9c3b84,2638.12611579895,3067.219827602996,394.38573632405314,27.916639784001745,0.0771534779923968,3.2278687030047877,0.5512655009952141,2.935048013998312,426.15864208004496,429.0937118040456
req_02942,ieee-activation-8411c4186c2c42b492909f7cff30a66f,2639.0811882019043,3066.087787002005,414.1758551621024,6.532084926991956,0.022630061008385383,4.310821576989838,0.1659571290074382,1.7992499440006213,425.2072983511025,427.0065988001006
req_02943,ieee-activation-59da24158a1045ee92d55d692e9c3b84,2643.206684112549,2742.741882180999,16.150919148451067,14.226314661995275,60.68552356500004,7.542168418003712,0.5135336390085286,0.41673863599135075,99.118425082459,99.53519806844997
req_02944,ieee-activation-6c14ba67edf54cc9b80193ddbf12449f,2645.177635192871,3063.7649230120005,408.2473110791325,6.365374082000926,0.0703676249977434,2.525002770998981,0.19473275300697424,1.1844995089923032,417.4027678501443,418.5872878191294
req_02945,ieee-activation-942891bfbe6347b2a3a855d442302144,2645.951675415039,3070.8725229150004,407.7564700889634,6.944345141993836,1.9631001070083585,4.5036389070010046,0.4695625299937092,3.283730725001078,421.63707715895725,424.9208474999614
req_02946,ieee-activation-8411c4186c2c42b492909f7cff30a66f,2646.3123626708984,3072.8709124860034,407.4063297890971,6.998467889003223,7.007690159007325,1.4242282999912277,1.7046099600120215,2.0172237179940566,424.5412927001016,426.5585498151049
req_02947,ieee-activation-942891bfbe6347b2a3a855d442302144,2649.464475631714,3073.7796433199983,404.70625849228236,6.501854023008491,4.625817398991785,6.328747783001745,0.7140672550012823,1.4384227359987563,422.8767034202756,424.3151676882844
req_02948,ieee-activation-6c14ba67edf54cc9b80193ddbf12449f,2649.7840366363525,3072.8661782510026,404.84257995065127,11.046536270994693,0.499643354996806,3.807922629013774,0.8696046469995053,2.015854761993978,421.06626331266307,423.08214161465
req_02949,ieee-activation-8411c4186c2c42b492909f7cff30a66f,2651.6085090637207,3093.5056111400045,403.0183634452842,5.86486761100241,3.805187952995766,12.535050985999987,13.466358385994681,3.2072736950067338,438.68981486528355,441.8971020762838
req_02950,ieee-activation-8411c4186c2c42b492909f7cff30a66f,2654.832836151123,3094.171390452,399.79413573187776,5.9812055910006166,29.706193899997743,2.0920704120071605,0.9938177220028592,0.771130943991011,438.56741117588535,439.33855430087715
req_02951,ieee-activation-942891bfbe6347b2a3a855d442302144,2655.914779663086,3066.7487894980004,398.7122801609221,5.981354020987055,0.013609870002255775,3.6355856459995266,1.3093641070008744,1.1818160300026648,409.6521782099153,410.83400983491447
req_02952,ieee-activation-8411c4186c2c42b492909f7cff30a66f,2656.320770263672,3093.7501352450054,398.71933824532607,5.5689075630070874,0.029403348991763778,15.262193237009342,14.397981258996879,3.4515413280023495,433.97778819932137,437.4293649813335
req_02953,ieee-activation-6c14ba67edf54cc9b80193ddbf12449f,2656.3311309814453,3093.598158895009,405.28202367156337,5.005719173990656,6.550914553998155,2.787248813008773,14.340897706002579,3.300223995000124,433.96675772157323,437.26702791356365
req_02954,ieee-activation-59da24158a1045ee92d55d692e9c3b84,2657.0923957824707,3093.397886831008,404.66724022853305,3.695615368997096,0.7648317669954849,8.057466619007755,0.9301646050007548,18.19017246000294,418.1152958695311,436.3054910485371
req_02955,ieee-activation-6c14ba67edf54cc9b80193ddbf12449f,2657.189371109009,3075.0032479240035,404.8992698259972,3.4256224659911823,0.6584695900091901,7.757352872999036,0.2527902739966521,0.8203717860014876,416.9934619889973,417.8138768149947
req_02956,ieee-activation-59da24158a1045ee92d55d692e9c3b84,2660.8479232788086,3072.403838860002,401.5413992611866,3.285149879011442,0.545747363998089,3.052693341000122,1.4986507010034984,1.6322750349936541,409.92361651119427,411.5559155811934
req_02957,ieee-activation-59da24158a1045ee92d55d692e9c3b84,2662.341012954712,3090.9393955470005,400.0486945442972,2.211861792995478,1.2961574229993857,8.37982305100013,0.9304809070017654,15.731364873994607,412.86700637130707,428.59838259228854
req_02958,ieee-activation-59da24158a1045ee92d55d692e9c3b84,2663.1927165985107,3093.4011610620073,399.37161726749036,3.465044090000447,4.688559340007487,3.429083967988845,16.001907222002046,3.2522325760073727,426.9561914234946,430.20844446349656
req_02959,ieee-activation-6c14ba67edf54cc9b80193ddbf12449f,2663.655237197876,3578.6396381170052,856.0135357001272,52.80348473100457,0.6525279669876909,2.0641975840117084,1.9254726759972982,1.5251822610007366,913.45913836213,914.9844009191293
req_02960,ieee-activation-6c14ba67edf54cc9b80193ddbf12449f,2666.678548812866,3071.3360520090064,396.0108033451397,3.095144020000589,0.3890400340023916,1.4261614529968938,0.09218833199702203,3.644166012003552,401.0133102511463,404.65750319614017
req_02961,ieee-activation-6c14ba67edf54cc9b80193ddbf12449f,2666.723491668701,3072.8670952230023,396.3562849762966,1.5804271680099191,1.5124074929917697,1.5349706670094747,3.064702416988439,2.0948108330048854,404.0487645792891,406.1436035543011
req_02962,ieee-activation-6c14ba67edf54cc9b80193ddbf12449f,2667.534091949463,3072.8679285700055,396.4343046865397,3.2526258540019626,0.3820865669986233,1.0410017410031287,2.209106387992506,2.0147113840066595,403.31909594753233,405.33383662054257
req_02963,ieee-activation-8411c4186c2c42b492909f7cff30a66f,2667.778844833374,3103.175781740996,398.0171045926254,30.253671847007354,0.034599412989337,4.658997065009316,0.9916751459968509,1.4408888439938892,433.9560309426306,435.39693690762215
req_02964,ieee-activation-59da24158a1045ee92d55d692e9c3b84,2669.0329971313477,3101.2926626459957,397.1916527326539,28.75271184000303,1.059970467002131,0.6947193459927803,0.11832359700929374,4.442287531986949,427.8173534746602,432.2596655146481
req_02965,ieee-activation-6c14ba67edf54cc9b80193ddbf12449f,2669.5387573242188,3102.695030589006,396.82664827677945,28.383115115007968,1.7131797969923355,4.054203817999223,1.2182123950042296,0.9609138630039524,432.1953311987745,433.15627326478716
req_02966,ieee-activation-942891bfbe6347b2a3a855d442302144,2671.136957168579,3112.5912084699958,395.61254425742663,29.14339415599534,8.259647832004703,7.360267441996257,0.1694058980065165,0.908991715987213,440.54522299843666,441.45425130141666
req_02967,ieee-activation-942891bfbe6347b2a3a855d442302144,2671.419334411621,3102.7652158779965,395.3365878453769,28.71314646200335,3.0478387250041123,2.593482907002908,0.6297757489955984,1.0250497779925354,430.32079700837494,431.34588146637543
req_02968,ieee-activation-6c14ba67edf54cc9b80193ddbf12449f,2671.983751296997,3102.685255464996,395.23686643601104,29.599471701993025,0.12778731700382195,3.761298971992801,1.0259689140075352,0.9501108269905671,429.75135893400875,430.7015041679988
req_02969,ieee-activation-6c14ba67edf54cc9b80193ddbf12449f,2672.1062870025635,3101.8273338910076,398.6431907014339,25.302308213009383,0.4108342069957871,2.0129946560045937,0.05567113398865331,3.296047977011767,426.4249656634347,429.7210468884441
req_02970,ieee-activation-59da24158a1045ee92d55d692e9c3b84,2676.2743759155273,3101.291299632998,394.5983796884684,24.821569726002053,0.6639802150020842,0.4250611640018178,0.06929895799839869,4.438633965997724,420.5782654404611,425.0169237174705
req_02971,ieee-activation-59da24158a1045ee92d55d692e9c3b84,2677.1372470855713,3102.3286972700007,393.73568515443185,25.182313213997986,0.3037127790012164,3.193448197998805,2.0985367920075078,0.6777540469920496,424.51367842844047,425.1914501844294
req_02972,ieee-activation-942891bfbe6347b2a3a855d442302144,2677.8781185150146,3144.349116755009,393.4589159249881,24.862094714000705,39.603827206999995,6.590255000992329,0.7263895700016292,1.2295158230117522,465.2414474559773,466.4709982399945
req_02973,ieee-activation-6c14ba67edf54cc9b80193ddbf12449f,2677.8787899017334,3111.605871395004,394.4385174922645,23.664137074010796,8.962772907994804,3.5022840530000394,1.789104661991587,1.3702653040090809,432.3567854202556,433.7270814932708
req_02974,ieee-activation-942891bfbe6347b2a3a855d442302144,2678.0467414855957,3101.347071516997,394.5631367714086,23.433158245999948,0.46179959099390544,1.745358322004904,0.2511930320033571,2.845684068990522,420.454623173413,423.30033003140124
req_02975,ieee-activation-59da24158a1045ee92d55d692e9c3b84,2678.0473651885986,3113.4046813629975,394.6418245444074,23.750214382991544,7.792022432011436,8.224492344990722,0.4156223400059389,0.533140129991807,434.82415558841603,435.3573161743989
req_02976,ieee-activation-6c14ba67edf54cc9b80193ddbf12449f,2678.137508392334,3101.8319097019994,394.73225230966636,23.285635245003505,0.3072768699930748,1.8081135180109413,0.25076727599662263,3.310356090994901,420.3840026566759,423.6944013096654
req_02977,ieee-activation-942891bfbe6347b2a3a855d442302144,2679.534652709961,3102.75743184,393.3353775200376,22.433798280006158,2.433555387004162,2.2057067699934123,1.708654446003493,1.1056867269944632,422.1170644550439,423.22277913003927
req_02978,ieee-activation-942891bfbe6347b2a3a855d442302144,2679.5431327819824,3102.764450222996,393.3271248070232,23.330997023993405,0.9908880200091517,2.3726919059990905,2.0863721709902165,1.1132435129984515,422.10804886101687,423.2213174410135
req_02979,ieee-activation-6c14ba67edf54cc9b80193ddbf12449f,2680.147029876709,3101.8886510250013,392.73014216229785,22.496575038996525,1.088653194005019,1.753759341998375,0.30575574000249617,3.366735670992057,418.3748581513064,421.7416211482923
req_02980,ieee-activation-6c14ba67edf54cc9b80193ddbf12449f,2680.7282848358154,3102.6862722360092,393.05215389619116,22.762081786990166,1.9625724890065612,1.4686127659952035,1.767397860006895,0.9451686020038323,421.01276410819264,421.9579874001938
req_02981,ieee-activation-8411c4186c2c42b492909f7cff30a66f,2683.8025398254395,3098.496120819007,391.2014476375625,20.36800592399959,0.06821586299338378,0.5979857110069133,0.12006799700611737,2.3378578609990655,412.3556846385618,414.6935809935676
req_02982,ieee-activation-8411c4186c2c42b492909f7cff30a66f,2683.9437084198,3098.4978366300056,406.9967941651994,3.8057626119989436,0.6937584960105596,0.3447035059944028,0.41611206899688113,2.2969973620056408,412.2570960462035,414.5541282102058
req_02983,ieee-activation-59da24158a1045ee92d55d692e9c3b84,2683.943916320801,3101.887833793997,409.45525462219666,2.0701992670074105,0.8887474669900257,1.4951988240063656,0.6440359370026272,3.3904813559929607,414.553398527205,417.94391747319605
req_02984,ieee-activation-6c14ba67edf54cc9b80193ddbf12449f,2683.953468322754,3111.3130756370083,409.5510892932507,4.650419586003409,4.71062807799899,3.817495451992727,3.55209686300077,1.0778780420077965,426.2816923702485,427.3596073142544
req_02985,ieee-activation-59da24158a1045ee92d55d692e9c3b84,2684.189556121826,3103.1767614889977,409.3459919081797,4.019469628998195,0.2622772369941231,1.988027808998595,1.8461659700114978,1.5252728139894316,417.4619125861791,418.98720536717155
req_02986,ieee-activation-8411c4186c2c42b492909f7cff30a66f,2684.339059829712,3104.3161651650007,409.26054124729126,3.6144004939997103,4.39642314100638,1.2280362309975317,0.5822596679936396,0.895444554000278,419.08162056829315,419.9771053352888
req_02987,ieee-activation-59da24158a1045ee92d55d692e9c3b84,2684.9654598236084,3103.1745894460037,408.78387012239546,4.466951283000526,0.13780543999746442,0.8375552859943127,2.4589591810072307,1.5239883100002771,416.68509868839465,418.20912962239527
req_02988,ieee-activation-8411c4186c2c42b492909f7cff30a66f,2684.9989948272705,3103.392038680002,408.7574967627297,3.4578352980024647,0.7101076349936193,2.2686195030109957,1.5475872019887902,1.6513974520057673,416.74160256072355,418.39304385273135
req_02989,ieee-activation-8411c4186c2c42b492909f7cff30a66f,2685.0082111358643,3103.3795023490093,409.166112056133,2.6475664760073414,0.7707792629953474,2.6178757620073156,1.4418751949997386,1.7270824610022828,416.64418721513357,418.371291213145
req_02990,ieee-activation-8411c4186c2c42b492909f7cff30a66f,2685.6095962524414,3112.074022957997,408.9160373815539,2.454553603005479,11.071551298999111,0.5817400369996903,1.6795772650075378,1.7609671199898003,424.70342159255233,426.4644267055555
req_02991,ieee-activation-6c14ba67edf54cc9b80193ddbf12449f,2686.589195251465,3111.6087056319957,411.9112119705387,6.840827874999377,0.9060539719939698,3.570845979003934,0.4952158439991763,1.2953547399956733,423.72412763754255,425.01951038053085
req_02992,ieee-activation-6c14ba67edf54cc9b80193ddbf12449f,2686.636812210083,3156.823280901008,411.8640148579143,16.392521194007713,35.20086634099425,3.9519276280043414,0.12558872200315818,2.6515499480010476,467.53489916991384,470.1864686909248
req_02993,ieee-activation-59da24158a1045ee92d55d692e9c3b84,2686.6448040008545,3110.942589832004,415.0050161451509,4.645497735997196,0.6700523850013269,0.9851873180014081,2.3620819770003436,0.6299502699985169,423.6677905501565,424.29778583114967
req_02994,ieee-activation-59da24158a1045ee92d55d692e9c3b84,2687.196746826172,3111.6803595200035,414.45326462182857,5.415498347007087,0.37804697499086615,2.063666207002825,0.806814363997546,1.3663221790047828,423.1172787628311,424.4836126938317
req_02995,ieee-activation-6c14ba67edf54cc9b80193ddbf12449f,2687.4676036834717,3136.746466680008,414.1825166645285,4.707948326002224,0.07610558399755973,11.629905672001769,16.594877323004766,2.0875094270013506,447.1913386465312,449.2788629965362
req_02996,ieee-activation-59da24158a1045ee92d55d692e9c3b84,2687.4766750335693,3110.9408777070057,414.35575126943877,3.8270324490003986,1.3057389899913687,1.1076355240074918,2.2409679209958995,0.6270765200024471,422.83708981543896,423.4642026734364
req_02997,ieee-activation-8411c4186c2c42b492909f7cff30a66f,2688.1330757141113,3112.073397676999,413.6998756668909,3.887885082993307,1.2572536340012448,1.7932873579993611,1.5404744740080787,1.7615457469946705,422.17875534789346,423.94032196288754
req_02998,ieee-activation-942891bfbe6347b2a3a855d442302144,2688.471851348877,3113.3523166560044,413.4248664091283,4.601582110000891,0.4429101159912534,5.63462167000398,0.2961149680049857,0.48037003399804235,424.4000505301374,424.88046530712745
req_02999,ieee-activation-6c14ba67edf54cc9b80193ddbf12449f,2688.916458129883,3111.531147546004,412.98045843612636,4.738592373993015,0.027441564001492225,1.7475614050053991,1.903727638986311,1.216907998008537,421.3977601961233,422.6146894161211
req_03000,ieee-activation-59da24158a1045ee92d55d692e9c3b84,2688.951753616333,3140.7444205409993,413.37800378167594,12.189959779992932,21.615282422993914,0.3934347180038458,0.21496828000817914,4.001017941991449,447.7916278336779,451.79266692466626
req_03001,ieee-activation-59da24158a1045ee92d55d692e9c3b84,2689.818368911743,3152.7541600730037,412.9405996052519,11.840938817011192,31.318021981001948,2.648873468991951,0.5683685850090114,3.618988703994546,459.31676732425694,462.93579116126057
req_03002,ieee-activation-942891bfbe6347b2a3a855d442302144,2689.8254013061523,3180.0966851440025,412.9382559038495,14.502846600997145,44.5215653040068,5.103658473002724,12.87781212599657,0.3271454299974721,489.9441154538508,490.2712838378502
req_03003,ieee-activation-942891bfbe6347b2a3a855d442302144,2690.591016769409,3143.3233099899953,412.17279545159545,11.470722886995645,26.089292282995302,0.304702139008441,0.3242323549930006,2.3705481049983064,450.3617231435928,452.73229322058614
req_03004,ieee-activation-59da24158a1045ee92d55d692e9c3b84,2690.6092796325684,3136.1056214400014,412.1547195024323,12.689336420997279,0.5736311600048793,0.8359841960045742,17.33141555399925,1.9112549739948008,443.585068357439,445.49634180743305
req_03005,ieee-activation-8411c4186c2c42b492909f7cff30a66f,2690.6969108581543,3236.281639990004,412.06718893184734,3.8742182169953594,124.87686408600712,2.8681291969987797,0.6508712590002688,1.2474574410007335,544.3372556408431,545.5847291318496
req_03006,ieee-activation-59da24158a1045ee92d55d692e9c3b84,2690.7072315216064,3110.9388410179963,412.4699136704003,3.4950645889912266,0.2933686800097348,1.0598017439915566,2.287466554000275,0.6259942589967977,419.6055859393964,420.23160949638986
req_03007,ieee-activation-8411c4186c2c42b492909f7cff30a66f,2690.7162075042725,3152.682559367997,412.4611551127309,14.364620647000265,24.976550570994732,5.043279962002998,1.5727677670074627,3.547977803988033,458.4183535777411,461.9663518637244
req_03008,ieee-activation-59da24158a1045ee92d55d692e9c3b84,2691.13480758667,3110.941671838009,412.04312188933545,3.4568740999966394,0.33068895900214557,1.0598876699950779,2.2870339280052576,0.6292577050044201,419.17757256733603,419.806864251339
req_03009,ieee-activation-942891bfbe6347b2a3a855d442302144,2691.4705600738525,3110.793062318,411.70753629315004,2.2258121189952362,1.5371206200070446,0.7218056400015485,2.6493429449910764,0.4808846270025242,418.8415984511521,419.3225022441475
req_03010,ieee-activation-59da24158a1045ee92d55d692e9c3b84,2692.230457305908,3113.613515924997,410.94783421308966,3.5171537050046027,0.2702131520054536,5.957757304000552,0.24171212899091188,0.44838811599765904,420.93464436309296,421.38305861908884
req_03011,ieee-activation-8411c4186c2c42b492909f7cff30a66f,2692.2436180114746,3154.8035647850047,411.1759758605331,3.707972415999393,45.99661435899907,0.2636127269943245,0.08800772200629581,1.3277636889979476,461.23215694153623,462.5599467735301
req_03012,ieee-activation-6c14ba67edf54cc9b80193ddbf12449f,2693.002696990967,3136.3424410590087,410.4173374330421,3.2171023009868804,9.200596085007419,3.3801887500012526,15.613146673000301,1.5113728260039352,441.82835627003806,443.3397440680419
req_03013,ieee-activation-6c14ba67edf54cc9b80193ddbf12449f,2693.032272338867,3190.110214601009,411.284474140135,2.320680803997675,80.2487859170069,2.554122549991007,0.11939782901026774,0.5504810220008949,496.5274409081467,497.07794226214173
req_03014,ieee-activation-59da24158a1045ee92d55d692e9c3b84,2693.0392093658447,3136.1044881749986,417.7546197661577,2.877096997006447,1.5662138999905437,1.4215397210064111,1.6052625969896326,17.840545828003087,425.2246865681518,443.0652788091538
req_03015,ieee-activation-942891bfbe6347b2a3a855d442302144,2693.0457038879395,3135.7820276639977,417.8947461140633,3.499859349001781,1.2433752920042025,1.1039856059942394,17.37773220600502,1.616625208989717,441.11964716707007,442.73632377605827
req_03016,ieee-activation-942891bfbe6347b2a3a855d442302144,2693.8309745788574,3181.163603769004,417.11024717614055,40.158769490997656,28.135394071010523,0.20232051899074577,0.3858615130011458,1.3400364200060721,485.99256206412974,487.3326291901467
req_03017,ieee-activation-59da24158a1045ee92d55d692e9c3b84,2694.322048187256,3143.9706310659967,416.8313652607467,3.932323753993842,22.724312648002524,4.380547193009988,0.6926373199967202,1.0873967029911,448.5611595437513,449.64858287874085
req_03018,ieee-activation-6c14ba67edf54cc9b80193ddbf12449f,2694.570903778076,3144.634984610995,416.58273949591967,4.98185943000135,24.676421242009383,1.8297047109954292,0.6223269110050751,1.3710290429880843,448.6930394359224,450.064080832919
req_03019,ieee-activation-942891bfbe6347b2a3a855d442302144,2694.571294784546,3135.797671430002,416.58248111145804,4.227010203001555,0.9759526389971143,0.4418666400015354,17.861100615002215,1.137965436995728,440.08840068445716,441.2263766454562
req_03020,ieee-activation-59da24158a1045ee92d55d692e9c3b84,2694.605941772461,3136.0093398000026,416.70847291854443,3.6430792000028305,0.2798232859931886,1.4587657179945381,1.5661892970092595,17.74706760799745,423.65624661055335,441.4033980275417
req_03021,ieee-activation-942891bfbe6347b2a3a855d442302144,2694.6072692871094,3146.0224825350015,417.0001057088957,1.7979569750023074,30.76160659598827,0.3850030520115979,0.3923827260005055,1.078158189993701,450.33703554890235,451.4152132478921
req_03022,ieee-activation-942891bfbe6347b2a3a855d442302144,2695.2093505859375,3163.381829566002,416.39849981806765,1.68154887399578,38.82269798399648,10.094944493001094,0.09402679400227498,1.0807610170013504,467.0917085280671,468.1724789800646
req_03023,ieee-activation-6c14ba67edf54cc9b80193ddbf12449f,2695.2516708374023,3144.9502789789985,416.36322079859383,3.9331032120098826,27.349087278998923,0.2631332239980111,0.1744303699961165,1.6156332579994341,448.0829582285951,449.6986081415962
req_03024,ieee-activation-8411c4186c2c42b492909f7cff30a66f,2695.259078979492,3144.9462505170086,416.42226553450746,5.4488317649957025,23.70972552400781,1.6154767599946354,0.6639148350077448,1.8269571190030547,447.8601770235109,449.6871715375164
req_03025,ieee-activation-6c14ba67edf54cc9b80193ddbf12449f,2696.8491439819336,3142.9568472840037,415.06044908707554,4.647311995999189,20.09144363499945,1.5742054509901209,2.6420973619970027,2.0921957710088464,444.0154640740657,446.10770330207015
req_03026,ieee-activation-8411c4186c2c42b492909f7cff30a66f,2697.659631729126,3147.0452131000056,414.41478089288285,5.3481614209886175,27.289470269999583,0.31948321701202076,0.06159093099995516,1.9520946389966412,447.43346474588907,449.38558137087966
req_03027,ieee-activation-8411c4186c2c42b492909f7cff30a66f,2697.6922245025635,3151.693867365,414.38236193943885,22.03118183799961,12.517707095001242,0.30750371199974325,0.1158333049970679,4.647054973000195,449.35457076944294,454.0016428624367
req_03028,ieee-activation-8411c4186c2c42b492909f7cff30a66f,2697.6928482055664,3162.1981122709985,414.918679947441,3.4458565099921543,39.738522611005465,2.8015593409945723,1.9385692540090531,1.662076401989907,462.8431142674526,464.50526406543213
req_03029,ieee-activation-59da24158a1045ee92d55d692e9c3b84,2701.4157752990723,3155.253718528009,412.065201811929,37.6844198040053,0.3481499229965266,2.6775144139974145,0.10459767600696068,0.9580596000014339,452.8798560749274,453.83794322893664
req_03030,ieee-activation-942891bfbe6347b2a3a855d442302144,2702.431896209717,3161.8370969009993,411.04927747527836,41.128635988003225,2.518218468001578,2.6053376250056317,0.7858630169939715,1.3178681179997511,458.0873152972781,459.4052006912825
req_03031,ieee-activation-59da24158a1045ee92d55d692e9c3b84,2706.22483253479,3160.391684347007,407.38941831521515,37.343614359997446,0.5554869680054253,5.456573738993029,0.5262294849962927,2.8955289450095734,451.271302148205,454.1668518122169
req_03032,ieee-activation-6c14ba67edf54cc9b80193ddbf12449f,2707.4682083129883,3161.505294599003,428.32890539601794,14.170671196989133,0.8249174710072111,8.726076741004363,0.9998898100020597,0.986625670993817,453.050422143031,454.0370862860145
req_03033,ieee-activation-59da24158a1045ee92d55d692e9c3b84,2707.8649768829346,3160.392876569007,428.0827817540703,15.768447230992024,0.2787658290035324,5.028802104003262,0.47319764900021255,2.895905119003146,449.6319626510667,452.5278996860725
req_03034,ieee-activation-59da24158a1045ee92d55d692e9c3b84,2709.8273124694824,3156.864451893998,426.27671802352415,15.680462215997977,0.21060417899570893,3.5612034509977093,0.40368789799686056,0.9044636570033617,446.13264690252254,447.0371394245158
req_03035,ieee-activation-59da24158a1045ee92d55d692e9c3b84,2710.0790634155273,3155.944453199001,426.34883694747987,14.584606439995696,0.500932943992666,2.914774706005119,0.3324842110014288,1.183754534999025,444.6816087084735,445.8653897834738
req_03036,ieee-activation-59da24158a1045ee92d55d692e9c3b84,2711.742519378662,3156.7635981860076,424.6861180613341,13.599903876005556,1.4844934230059152,4.043265599990264,0.4029336469975533,0.8043642000120599,444.21669501432916,445.0210788073455
req_03037,ieee-activation-6c14ba67edf54cc9b80193ddbf12449f,2712.590311050415,3161.5096285610052,423.83863604259386,14.260781188990222,0.10766948299715295,9.2694220150006,0.4521851540048374,0.9906236270035151,447.92868198060023,448.9193175105902
req_03038,ieee-activation-942891bfbe6347b2a3a855d442302144,2715.9149684906006,3162.1750661190017,420.83294044440845,13.49160203700012,1.0765114529931452,9.05804331600666,0.16222992099937983,1.6387704569933703,444.62128559041594,446.2600976284011
req_03039,ieee-activation-942891bfbe6347b2a3a855d442302144,2715.9741191864014,3157.172060073004,424.8899031336041,10.299666377002723,0.15244474798964802,3.397558830998605,1.0237168470048346,1.4346509500028333,439.7632606686093,441.19794088660274
req_03040,ieee-activation-6c14ba67edf54cc9b80193ddbf12449f,2716.378849029541,3180.6232549859997,424.4854605074652,10.092251321999356,0.6446776200027671,12.10359138000058,16.065861570998095,0.8525635559926741,463.39183041047363,464.24440595645865
req_03041,ieee-activation-8411c4186c2c42b492909f7cff30a66f,2718.9236335754395,3189.0308869800065,424.17309898156964,11.99509141499584,26.569506104002357,4.223969574988587,1.2246098950126907,1.9209774339979049,468.1862519805727,470.107253404567
req_03042,ieee-activation-942891bfbe6347b2a3a855d442302144,2720.007848739624,3204.6528944599995,423.32352947637264,11.960783234011615,43.28219496199745,1.7795632060006028,0.2014138689992251,4.097560972993961,480.5474563953758,484.6450457203755
req_03043,ieee-activation-59da24158a1045ee92d55d692e9c3b84,2722.188144683838,3180.365171092999,421.78379416315875,18.31897112300794,0.10070653099683113,2.853557209993596,14.570238817002974,0.5497585650009569,457.6272153261525,458.17702640916104
req_03044,ieee-activation-6c14ba67edf54cc9b80193ddbf12449f,2722.862871170044,3180.226351928999,421.4923218849581,11.299087267994764,7.764759315003175,1.6478160830010893,14.702071641993825,0.45742456600419246,456.9060190729506,457.3634807589551
req_03045,ieee-activation-8411c4186c2c42b492909f7cff30a66f,2723.202127456665,3181.4078865949996,421.5322983343358,9.209283919000882,7.359388614000636,6.407246432005195,12.061347458991804,1.6361943800002337,456.56948663832736,458.20575913833454
req_03046,ieee-activation-8411c4186c2c42b492909f7cff30a66f,2729.602632522583,3192.2962315750046,415.3470267424127,9.847925717011094,28.503849079992506,7.164066858997103,0.49583046200859826,1.3349001919996226,461.35867328541644,462.69359905242163
req_03047,ieee-activation-59da24158a1045ee92d55d692e9c3b84,2729.627119064331,3160.546253898996,415.4379081966763,5.574616375000915,0.8735911769908853,5.456691104001948,0.528126246004831,3.0482017359900055,427.87088589568157,430.9191348346649
req_03048,ieee-activation-6c14ba67edf54cc9b80193ddbf12449f,2730.917263031006,3180.2254921919957,415.10789012500027,5.990407652992872,8.963932352999109,6.150086460998864,12.641323521005688,0.45458904799306765,448.85358748,449.30822916098987
req_03049,ieee-activation-59da24158a1045ee92d55d692e9c3b84,2731.3795680999756,3156.8636634970026,417.5837393510301,4.908394193989807,0.09120002800773364,1.4575707920012064,0.46506185000180267,0.9781291819963371,424.50591782403353,425.484095397027
req_03050,ieee-activation-8411c4186c2c42b492909f7cff30a66f,2731.4515266418457,3198.5562188180047,420.26348327915184,2.8608552290097577,34.4721881459991,7.724115627992433,0.3726095379970502,1.411440356008825,465.69319811614696,467.104692176159
req_03051,ieee-activation-942891bfbe6347b2a3a855d442302144,2733.037422180176,3180.1538611340075,419.64724305382697,1.989706706997822,0.16757071399479173,9.328791965002893,15.598496707010781,0.38462980699841864,446.73178304283647,447.1164389538317
req_03052,ieee-activation-6c14ba67edf54cc9b80193ddbf12449f,2737.2772369384766,3180.722618198997,415.53742028953275,2.088101334986277,1.3187247890018625,7.812439084009384,15.736539916993934,0.9521558459964581,442.4931921075331,443.44538126052066
req_03053,ieee-activation-942891bfbe6347b2a3a855d442302144,2738.4037342071533,3180.9687889110064,416.4003238448495,7.369744851006544,0.027547597986995243,2.683592581000994,14.884858000004897,1.1989878290041815,441.36604229685327,442.5650547038531
req_03054,ieee-activation-59da24158a1045ee92d55d692e9c3b84,2740.086805343628,3179.929029085004,415.16798617538007,6.7492622079880675,0.3872456360113574,2.3690257229900453,15.009888826010865,0.1588151729956735,439.6833694213856,439.8422237413761
req_03055,ieee-activation-6c14ba67edf54cc9b80193ddbf12449f,2740.6518211364746,3180.2216772530082,415.30694314652646,5.822824021000997,0.013957187999039888,5.555510499994853,12.417435894007212,0.4531853670050623,439.1166469985328,439.56985611653363
req_03056,ieee-activation-8411c4186c2c42b492909f7cff30a66f,2741.2885818481445,3181.723924941005,415.5771372318559,5.3326701519981725,0.26860147700062953,2.3563803249999182,14.991778784009512,1.9087751229963033,438.5265142178687,440.4353430928604
req_03057,ieee-activation-59da24158a1045ee92d55d692e9c3b84,2741.4448776245117,3231.1860471600085,415.42105549348344,5.078090427006828,65.33782055899792,2.889482421000139,0.030816704995231703,0.9839039300131844,488.75724522747623,489.74116953549674
req_03058,ieee-activation-59da24158a1045ee92d55d692e9c3b84,2742.3691082000732,3180.1543419070076,414.49697963893414,6.070283458000631,0.430022309999913,3.384953846994904,13.064357523006038,0.3386369299987564,437.44657709593594,437.7852337069344
req_03059,ieee-activation-8411c4186c2c42b492909f7cff30a66f,2748.9831008911133,3180.990431576007,407.88313096588536,5.602216387997032,0.7786042530060513,4.717047651996836,11.859140879008919,1.1671905469993362,430.84012136189267,432.00733068489353
req_03060,ieee-activation-59da24158a1045ee92d55d692e9c3b84,2749.3550930023193,3180.3637644160044,407.81794220268785,5.024102793991915,0.19436776200018357,1.7580532520078123,15.67598397799884,0.5382214249984827,430.47041430769605,431.0086714136851
req_03061,ieee-activation-59da24158a1045ee92d55d692e9c3b84,2750.599317550659,3180.034212661005,409.8408292103413,2.219426145995385,0.706638086005114,4.478197336997255,11.970412230002694,0.21939210100390483,429.2154754973453,429.4348951103457
req_03062,ieee-activation-59da24158a1045ee92d55d692e9c3b84,2752.212356567383,3180.1585245780007,408.2281727756199,1.9521043690037914,0.9720813899912173,1.9503916550020222,14.500825126000564,0.3425926950003486,427.6035620976181,427.94616801061784
req_03063,ieee-activation-8411c4186c2c42b492909f7cff30a66f,2752.782699584961,3198.013457314999,407.76419470104156,20.862147146006464,0.25339577900012955,12.482203345993184,0.0497481750062434,3.8190685829904396,441.4116519470408,445.230757730038
req_03064,ieee-activation-942891bfbe6347b2a3a855d442302144,2753.718475341797,3187.2399135150044,407.79597575920343,19.453421558995615,0.6967270970053505,3.5683028399944305,1.8312219510116847,0.17578896699706092,433.3453940592153,433.52143817320757
req_03065,ieee-activation-59da24158a1045ee92d55d692e9c3b84,2753.73521232605,3188.1201581560017,407.7797477419517,18.852428954007337,0.3554455249977764,5.520601848998922,0.8668652240012307,1.0098565359949134,433.375066723951,434.3849458299519
req_03066,ieee-activation-942891bfbe6347b2a3a855d442302144,2753.770492553711,3187.2467540610087,408.15329827829555,19.483475197994267,2.489095067998278,1.1913071320013842,2.0250505059957504,0.13403532501251902,433.34219296129595,433.47626150729775
req_03067,ieee-activation-942891bfbe6347b2a3a855d442302144,2754.0587882995605,3187.237843424009,408.1402872094477,18.365307138999924,2.460846085989033,2.2615565770101966,1.7769336759956786,0.1741244370059576,433.0049084514467,433.1790551244485
req_03068,ieee-activation-6c14ba67edf54cc9b80193ddbf12449f,2754.0899715423584,3193.576352969001,408.1093720086501,18.52480900599039,1.764711901996634,9.476532381013385,0.35916663499665447,1.2517894939956022,438.234570276647,439.48638142664277
req_03069,ieee-activation-6c14ba67edf54cc9b80193ddbf12449f,2757.159843444824,3245.110103384999,406.22759250317176,17.578523702002713,52.24917335801001,8.343421973986551,1.392558588006068,2.158989814997767,485.7912194781675,487.9502599401749
req_03070,ieee-activation-59da24158a1045ee92d55d692e9c3b84,2757.3322830200195,3189.5490799020045,422.59842054598266,6.9394315340032335,0.03365390498947818,1.1580279150075512,0.33514848399499897,1.1521144980069948,431.064605232983,432.2167968819849
req_03071,ieee-activation-6c14ba67edf54cc9b80193ddbf12449f,2757.9805965423584,3189.413019818996,422.05417866764765,5.869201157998759,0.08916831699025352,0.24320851400261745,0.8767678849981166,2.29989873500017,429.13250307664566,431.43242327663756
req_03072,ieee-activation-59da24158a1045ee92d55d692e9c3b84,2758.6488037109375,3188.1074618410057,421.51009345905914,6.41859478301194,0.08779523099656217,0.2767201849928824,0.17333077000512276,0.9921237020025728,428.4665126040636,429.4586581300682
req_03073,ieee-activation-6c14ba67edf54cc9b80193ddbf12449f,2758.6602745056152,3199.0741838579997,421.49877339138766,6.877281148001202,6.4143567620049,2.671333379999851,0.9392142819997389,2.0129503889911575,438.40094059039257,440.4139093523845
req_03074,ieee-activation-6c14ba67edf54cc9b80193ddbf12449f,2760.5081157684326,3199.672274247001,419.6509970305633,6.92671125200286,3.938319255001261,7.490215754005476,0.49992293000104837,0.6579922569944756,438.50615583256877,439.1641584785684
req_03075,ieee-activation-59da24158a1045ee92d55d692e9c3b84,2760.548770904541,3190.611154031998,419.610534372463,6.71394911200332,0.030722144001629204,2.3299869279871928,0.19110385100066196,1.1860867200011853,428.8762786764564,430.062383127457
req_03076,ieee-activation-942891bfbe6347b2a3a855d442302144,2765.624132156372,3192.7198095080093,414.6004284426308,5.61226482699567,0.07127093500457704,4.9028201430046465,0.20825672498904169,1.7006362790125422,425.3950022986246,427.0956773516373
req_03077,ieee-activation-942891bfbe6347b2a3a855d442302144,2767.806131362915,3258.0448401210015,412.5054965350864,6.683400080000865,60.13181864400394,8.469276364994585,1.473273801006144,0.9754433329944732,489.2631631480908,490.23870875808643
req_03078,ieee-activation-8411c4186c2c42b492909f7cff30a66f,2768.5132751464844,3194.105310002007,411.79924304952146,6.558346549994894,0.01297140600217972,5.703978003002703,0.19820639099634718,1.3192894560052082,424.2727213375183,425.5920348555228
req_03079,ieee-activation-8411c4186c2c42b492909f7cff30a66f,2769.8010025024414,3193.740693810003,410.5651334885624,6.505762375003542,0.012077816994860768,5.341222749004373,0.239405871994677,1.2760890060017118,422.6635260215553,423.9396913075616
req_03080,ieee-activation-6c14ba67edf54cc9b80193ddbf12449f,2772.3662338256836,3199.0728997800034,408.0003081963223,6.531372326993733,2.5364585900097154,7.034667980988161,0.6751493199990364,1.928709540006821,424.77790916331287,426.70666595431976
req_03081,ieee-activation-8411c4186c2c42b492909f7cff30a66f,2772.8083629608154,3198.0105922410003,408.01259178618784,6.04796198400436,4.0175633859907975,3.2581604400038486,0.045593146001920104,3.8203585379960714,421.3818418851879,425.20222928018484
req_03082,ieee-activation-942891bfbe6347b2a3a855d442302144,2775.6211318969727,3189.490767402007,405.2001142110239,5.819482095001149,0.07842832800815813,1.995754320989363,0.0410199640027713,0.7348365860088961,413.13477422001597,413.86963550503424
req_03083,ieee-activation-6c14ba67edf54cc9b80193ddbf12449f,2776.6891651153564,3201.9632120489987,404.2808770176489,6.135475276998477,9.869233172998065,4.862416219999432,0.04922118100512307,0.0768240649922518,425.1971949276485,425.27404693364224
req_03084,ieee-activation-942891bfbe6347b2a3a855d442302144,2779.050884246826,3197.9224438579986,401.9408742071828,5.879619456987712,0.007806560999597423,8.111406021009316,2.0711676689970773,0.8606856959959259,418.0108521801885,418.8715596111724
req_03085,ieee-activation-59da24158a1045ee92d55d692e9c3b84,2781.0514430999756,3205.094400659,400.1129615810205,5.705399067999679,13.25937856901146,3.3109701169887558,1.0620777670119423,0.5921704569918802,423.45074641902465,424.0429575590242
req_03086,ieee-activation-59da24158a1045ee92d55d692e9c3b84,2781.2732105255127,3191.7900846010016,400.1356017564831,2.3382674060121644,1.163855209000758,5.6672846139990725,0.43171134499425534,0.7801537449995521,409.73669797448383,410.5168740754889
req_03087,ieee-activation-6c14ba67edf54cc9b80193ddbf12449f,2782.0431632995605,3712.6523990080022,919.6227967604354,3.897375006999937,3.7532134630018845,1.16306224600703,1.6353518639953109,0.5374363680020906,930.0717408654309,930.6092357084417
req_03088,ieee-activation-8411c4186c2c42b492909f7cff30a66f,2783.109516143799,3194.1018856029987,404.1292591882084,5.081235297999228,0.034226203002617694,0.330348002986284,0.10580054600723088,1.3115002209960949,409.6807844352152,410.99236945919984
req_03089,ieee-activation-59da24158a1045ee92d55d692e9c3b84,2783.5233631134033,3201.7209332460043,403.72281653060054,5.879633767995983,0.4213087259995518,6.690776012008428,0.04528773699712474,1.4377473589993315,416.7597642105975,418.19757013260096
req_03090,ieee-activation-942891bfbe6347b2a3a855d442302144,2783.5610580444336,3236.375561604,403.6860526695673,4.88219368600403,42.83207907099859,1.1789068560028682,0.11973465699702501,0.11553661999641918,452.6989304545714,452.8145035595662
req_03091,ieee-activation-6c14ba67edf54cc9b80193ddbf12449f,2785.679651260376,3193.577599110009,402.4339724856254,3.5449203780008247,0.0806058519956423,0.24419517900969367,0.34207278399844654,1.2521811710030306,406.64570039263344,407.89794784963306
req_03092,ieee-activation-8411c4186c2c42b492909f7cff30a66f,2786.88685798645,2817.5327473049983,0.32405843955348246,21.53398192099121,0.9429423560068244,6.527795015994343,0.1251054520107573,1.1920061339915264,29.453846623553545,30.645889318548143
req_03093,ieee-activation-59da24158a1045ee92d55d692e9c3b84,2787.5213775634766,3197.8126115839987,401.51038087352936,2.6890915539988782,0.30707757000345737,2.8074308479990577,2.2249183989915764,0.7523347759997705,409.5388725295197,410.2912340205221
req_03094,ieee-activation-59da24158a1045ee92d55d692e9c3b84,2787.8513145446777,2823.0833912579983,2.0537112793244887,19.337697221999406,9.52414116699947,1.973942729004193,1.1876262919977307,1.1549580239952775,34.07709847332444,35.232076713320566
req_03095,ieee-activation-59da24158a1045ee92d55d692e9c3b84,2787.8955783843994,3198.0116835640074,401.52879216260044,3.424017964003724,0.6985208359983517,1.6104694429959636,1.9047654530004365,0.9495393210090697,409.16653117460373,410.116105179608
req_03096,ieee-activation-942891bfbe6347b2a3a855d442302144,2788.3971614837646,3197.6411134189984,401.1530257132399,3.162413001002278,0.02433304399892222,1.3868719839956611,0.06571555499976967,3.451592637997237,405.79232225823216,409.2439519352338
req_03097,ieee-activation-942891bfbe6347b2a3a855d442302144,2789.1576499938965,3197.917776450995,400.3928929261019,3.233014130004449,0.46220419999735896,0.9288657889992464,2.8882414319959935,0.8549079799995525,407.90518681409594,408.7601264570985
req_03098,ieee-activation-59da24158a1045ee92d55d692e9c3b84,2789.433506011963,3197.8136679269955,400.6811479610333,2.6146454330009874,0.39518086099997163,1.6120481310063042,2.3259906680032145,0.7511488609889057,407.6289769890427,408.38016191503266
req_03099,ieee-activation-8411c4186c2c42b492909f7cff30a66f,2790.3392810821533,3231.191093777001,401.6469748908421,5.7407142110023415,0.5820576380065177,14.197260842003743,16.001645138996537,2.6831599739962257,438.16861733685073,440.85181269484747
req_03100,ieee-activation-942891bfbe6347b2a3a855d442302144,2792.2988891601562,2818.1104562030087,12.073507824839908,4.979145409000921,6.752767395009869,0.9926925929903518,0.5153037609998137,0.4981500600115396,25.31339994983864,25.811567042852403
req_03101,ieee-activation-59da24158a1045ee92d55d692e9c3b84,2792.4549045562744,2818.796234815003,11.917549880730803,8.25520915199013,5.007877822004957,0.6487307869974757,0.10428984199825209,0.4076727750070859,25.933650558727095,26.341330258728703
req_03102,ieee-activation-8411c4186c2c42b492909f7cff30a66f,2792.961456298828,3205.688935131009,399.3618503171747,6.132987748002051,1.5776664349978091,3.752566327006207,0.7159703559882473,1.1864376490120776,411.5410090631631,412.7274788321811
req_03103,ieee-activation-59da24158a1045ee92d55d692e9c3b84,2792.96475982666,3205.0931004360027,399.7585599433369,4.530338031006977,0.4397714590013493,4.3245655950013315,2.3672422090021428,0.7078633719938807,411.4204411163373,412.12834060934256
req_03104,ieee-activation-6c14ba67edf54cc9b80193ddbf12449f,2793.5858249664307,3206.359380273003,399.9930459665775,3.9137744509935146,0.9848656139947707,6.806221940001706,0.4039181390107842,0.6717291959939757,412.10176585658337,412.77355530657223
req_03105,ieee-activation-6c14ba67edf54cc9b80193ddbf12449f,2793.8660163879395,3201.8244544110057,399.71333087405947,4.7832636020029895,2.2284546479932033,0.8319512270099949,0.30696236199582927,0.09447531000478193,407.86394109606044,407.95843802306626
req_03106,ieee-activation-6c14ba67edf54cc9b80193ddbf12449f,2794.019775390625,3205.4111431720085,399.72400868438126,4.735004521993687,0.029652508004801348,4.663509228994371,1.3292142389982473,0.9099785990110831,410.4813426343753,411.39136778138345
req_03107,ieee-activation-8411c4186c2c42b492909f7cff30a66f,2795.1769676208496,3206.250137948009,398.9293931421562,7.183600805990864,1.312772492005024,1.760331949000829,0.22340738099592272,1.6636645570106339,409.40948434115853,411.07317032715946
req_03108,ieee-activation-6c14ba67edf54cc9b80193ddbf12449f,2795.7332649230957,3208.7057349219976,398.3746140039002,6.777575562999118,0.07686973200179636,5.200257223012159,0.12941828099428676,2.413735195994377,410.55872185989574,412.97246999890194
req_03109,ieee-activation-59da24158a1045ee92d55d692e9c3b84,2795.938009262085,3205.353277621005,401.7039142689173,3.4767992480046814,0.4196982180001214,1.8842013669927837,1.0788577750063268,0.8517974819988012,408.5634086539212,409.41526835892
req_03110,ieee-activation-942891bfbe6347b2a3a855d442302144,2796.5442485809326,3229.3876377520064,401.27022989606485,2.4711305370001355,27.773835733009037,0.46451693499693647,0.1591636439989088,0.7045124260039302,432.13882808307244,432.8433891710738
req_03111,ieee-activation-942891bfbe6347b2a3a855d442302144,2797.492769241333,3210.127200333998,400.3221431916754,9.612661169987405,0.09760749099950772,0.3990162650006823,0.6999673800019082,1.5030355950002559,411.1313675396668,412.6344310926652
req_03112,ieee-activation-59da24158a1045ee92d55d692e9c3b84,2797.6356163024902,3240.5103499020042,400.2875072305178,10.338283616991248,28.00662866800849,3.656424866989255,0.2904890320060076,0.29540018500119913,442.5792595705134,442.874733599514
req_03113,ieee-activation-942891bfbe6347b2a3a855d442302144,2797.6365928649902,3229.3778034340066,400.2868324940064,9.857666658004746,0.12372878499445505,5.412987172006979,15.189196280000033,0.8707991800038144,430.87039096500666,431.7412105690164
req_03114,ieee-activation-59da24158a1045ee92d55d692e9c3b84,2799.6478481292725,3205.3537468569994,398.36481317772996,2.554010662002838,0.5506244939897442,2.947833555008401,0.5181181100051617,0.7704987289907876,404.93536723773286,405.7058987277269
req_03115,ieee-activation-59da24158a1045ee92d55d692e9c3b84,2802.1279430389404,3205.0979888900038,395.88525185905746,2.835448569006985,0.26885613999911584,2.3760965219989885,1.0081446489930386,0.5962481120077427,402.37378513305157,402.97004585106333
req_03116,ieee-activation-942891bfbe6347b2a3a855d442302144,2802.6650066375732,3229.386039692996,395.3524497414328,5.935379421993275,0.07513727199693676,7.708332374008023,16.771158978997846,0.878575266993721,425.84243185243395,426.7210330554226
req_03117,ieee-activation-942891bfbe6347b2a3a855d442302144,2802.9484062194824,3206.148358218008,395.6182159825257,2.9637911079917103,0.9306269880034961,0.5176182989962399,1.6073555540060624,1.5623440670024138,401.6375757335336,403.19995199852565
req_03118,ieee-activation-8411c4186c2c42b492909f7cff30a66f,2803.170654296875,3230.7328017850086,395.4702603591286,2.4546747409913223,1.2015581330051646,10.78431796800578,15.4252658149926,2.2260704720101785,425.33603459212463,427.56214748813363
req_03119,ieee-activation-8411c4186c2c42b492909f7cff30a66f,2804.065134048462,3206.251064898999,395.6083880865335,2.0538956280070124,0.8754287460033083,1.8311961269937456,0.15170475200284272,1.6653175109968288,400.52055731252767,402.18593085053726
req_03120,ieee-activation-8411c4186c2c42b492909f7cff30a66f,2804.156789779663,3228.0205770180037,397.5701428933389,5.330193222005619,0.9381370579940267,0.3748583809938282,0.44621590500173625,19.204239779006457,404.65950136033644,423.8637872383406
req_03121,ieee-activation-59da24158a1045ee92d55d692e9c3b84,2804.5432052612305,2845.3806377510045,0.09991443976468872,5.185665503013297,13.605975011989358,3.8805771350016585,13.706640752003295,4.358659648001776,36.478751396760345,40.83743248977407
req_03122,ieee-activation-6c14ba67edf54cc9b80193ddbf12449f,2806.0153980255127,3229.810346705999,395.9486390934908,4.984818180004368,1.3291746030008653,2.5767036829929566,17.65176523399714,1.3038478870003019,422.49107161248685,423.7949486804864
req_03123,ieee-activation-59da24158a1045ee92d55d692e9c3b84,2806.6090869903564,3229.4559925409994,398.04462057763885,2.3539904520002892,1.5087781730107963,3.882101369992597,16.107642424001824,0.9497725539986277,421.8970843676361,422.846905550643
req_03124,ieee-activation-6c14ba67edf54cc9b80193ddbf12449f,2806.7800941467285,3242.9487313360005,398.31633448327193,1.6766000649950001,30.196114757010946,3.1399873019981897,0.10630930299521424,2.733291279000696,433.43531968626485,436.168637189272
req_03125,ieee-activation-59da24158a1045ee92d55d692e9c3b84,2806.933334350586,3230.078963451,398.16369254940946,3.0456874600058654,0.37394714800757356,2.394691524998052,17.59633569700236,1.571274720990914,421.5743179934216,423.1456291004142
req_03126,ieee-activation-6c14ba67edf54cc9b80193ddbf12449f,2807.7328701019287,3231.596114030006,397.6199418230681,2.3694133430108195,22.17104269299307,0.20931817199743818,0.0968438270065235,1.3966840700013563,422.4665176210692,423.8632439280773
req_03127,ieee-activation-6c14ba67edf54cc9b80193ddbf12449f,2809.249038696289,3230.171242904995,396.24409328571346,2.6491427669971017,19.913548640004592,0.254309686992201,0.36948798700177576,1.4916218419966754,419.4305463457131,420.9222042087058
req_03128,ieee-activation-6c14ba67edf54cc9b80193ddbf12449f,2809.786144256592,3229.808164312999,395.7074007064075,2.7684635810001055,0.4353392790071666,3.544008610988385,16.265874412012636,1.3009334669914097,418.7210612094059,420.0220200564072
req_03129,ieee-activation-59da24158a1045ee92d55d692e9c3b84,2810.000425338745,3253.260207127998,395.4932718522614,3.155487853990053,41.13748004101217,0.23927035699307453,1.044343759000185,2.1899279259960167,441.06983929825947,443.2597817892529
req_03130,ieee-activation-59da24158a1045ee92d55d692e9c3b84,2811.1296730041504,3240.412779129998,394.57201962385443,2.9221353030006867,24.591150911990553,6.874677587009501,0.12623865899513476,0.1968840409972472,429.08619365884806,429.28310612584755
req_03131,ieee-activation-942891bfbe6347b2a3a855d442302144,2811.544874191284,3232.7705148140085,394.6049975597125,3.640836799007957,20.86296527700324,1.930973743001232,0.10501459699298721,0.08085264700639527,421.14474946371047,421.2256406227243
req_03132,ieee-activation-6c14ba67edf54cc9b80193ddbf12449f,2812.9627056121826,3229.8118929610064,393.3224215768132,3.292146969004534,0.7672301900020102,1.6178048760048114,16.710906025997247,1.1386777110019466,415.71047195981373,416.84918734882376
req_03133,ieee-activation-8411c4186c2c42b492909f7cff30a66f,2813.0701217651367,3236.8840007149993,393.21522869486944,3.8354229209944606,23.19722358099534,2.8318083960039075,0.11082461700425483,0.6233707399951527,423.1904890998703,423.81387894986256
req_03134,ieee-activation-8411c4186c2c42b492909f7cff30a66f,2815.3479614257812,3230.230416311999,391.01234567022766,3.761573497991776,0.807319722007378,1.476051423989702,16.268261528006406,1.55690304399468,413.32550371623074,414.8824548862176
req_03135,ieee-activation-8411c4186c2c42b492909f7cff30a66f,2816.629913330078,3246.221294019997,392.10228033491876,30.058529369009193,0.8406795889895875,4.655762468013563,0.06702354199660476,1.8671053869911702,427.7242466449243,429.5913806899189
req_03136,ieee-activation-942891bfbe6347b2a3a855d442302144,2816.631721496582,3243.510531079999,393.4961983234243,27.631065433990443,1.417222447009408,2.734063621988753,1.067601568007376,0.5326581889967201,426.3461259554315,426.878809583417
req_03137,ieee-activation-8411c4186c2c42b492909f7cff30a66f,2817.3027381896973,3245.8239011200058,411.20221976529865,10.65889383701142,1.1212798259948613,3.8364848799974425,0.2284267430077307,1.4738578789983876,427.0472611403093,428.5211629303085
req_03138,ieee-activation-59da24158a1045ee92d55d692e9c3b84,2817.833490371704,3245.3876022080076,410.6718787652935,9.625236881998717,0.2961247490020469,5.058518479010672,0.8124692399869673,1.0898837210115744,426.4642115782917,427.5541118363035
req_03139,ieee-activation-59da24158a1045ee92d55d692e9c3b84,2818.1243934631348,3244.4222635640035,411.0236118888715,8.69416645099409,0.5844138620013837,2.334040037007071,2.216998080999474,1.4446397809952032,424.8531941378751,426.29787010086875
req_03140,ieee-activation-59da24158a1045ee92d55d692e9c3b84,2826.968650817871,3244.4236182629975,402.41057225712575,8.777582355003688,0.26999917600187473,2.500608928006841,2.050874643988209,1.4453300850000232,416.0096035111201,417.4549674451264
req_03141,ieee-activation-6c14ba67edf54cc9b80193ddbf12449f,2828.2192668914795,3299.6602183840005,401.16763917551725,21.347421692000353,31.87368369101023,14.6156548979925,1.0539658659981797,1.3825861700024689,470.05833855351375,471.440951492521
req_03142,ieee-activation-8411c4186c2c42b492909f7cff30a66f,2829.5898666381836,3256.664461100998,399.80301906682143,9.016986663991702,1.221468083007494,9.908696928003337,1.3574766089877812,5.766947112002526,421.307632003809,427.0745944628143
req_03143,ieee-activation-59da24158a1045ee92d55d692e9c3b84,2834.3776512145996,3244.500665943997,395.0792948624003,9.165092292998452,0.0777921490080189,2.831150689991773,1.4211257450078847,1.5485589899908518,408.57442186240223,410.12301472939725
req_03144,ieee-activation-942891bfbe6347b2a3a855d442302144,2834.3806114196777,3252.8469716550026,395.42905981032527,9.185113475992694,6.645044106000569,1.9569392500125105,0.04447264299960807,5.205730949994177,413.26059381132654,418.4663602353248
req_03145,ieee-activation-942891bfbe6347b2a3a855d442302144,2835.24338722229,3246.9065204869985,394.6495997847087,9.047447384000407,0.6836681690037949,6.153632496003411,0.2401397069916129,0.8886457240005257,410.77446625770244,411.66313326470845
req_03146,ieee-activation-942891bfbe6347b2a3a855d442302144,2835.6791229248047,3285.5335390210093,394.2139888961974,21.836054614002933,29.091099776996998,3.2175695409969194,0.23088751299655996,1.2648157550138421,448.58959059118934,449.85441609620466
req_03147,ieee-activation-942891bfbe6347b2a3a855d442302144,2835.883611679077,3258.045689902996,394.2054548329179,20.577387922006892,0.02097672500531189,4.3297565349930665,2.051079284006846,0.9774229249887867,421.1846292749251,422.1620782239188
req_03148,ieee-activation-6c14ba67edf54cc9b80193ddbf12449f,2837.2780361175537,3328.742012464005,392.8938576124492,8.239980412996374,82.92036019000807,5.939555863995338,0.5491439809993608,0.9210782860027393,490.54287937344634,491.4639763464511
req_03149,ieee-activation-8411c4186c2c42b492909f7cff30a66f,2840.0792274475098,3256.664983198003,390.1516898874979,7.9225063219928415,1.4772799000056693,7.56150231299398,3.70487485700869,5.767902470994159,410.81782645850035,416.58575575049326
req_03150,ieee-activation-8411c4186c2c42b492909f7cff30a66f,2840.914619445801,3244.5289377040026,389.81956175020605,8.204585915998905,1.0514504309976473,2.5129514139989624,0.48022901799413376,1.5455397290061228,402.06874326719844,403.6143182582018
req_03151,ieee-activation-942891bfbe6347b2a3a855d442302144,2841.0672912597656,3246.9073994920036,390.1219571052352,7.98880422199727,0.7189191930083325,5.8972050009906525,0.22451740301039536,0.8887053079961333,404.95136602823914,405.840108232238
req_03152,ieee-activation-942891bfbe6347b2a3a855d442302144,2841.837226867676,3277.3049457390007,389.4423894563224,19.725100487004966,6.940248806000454,1.8397130800003652,16.418139197005075,1.102127844991628,434.3655682263343,435.4677188713249
req_03153,ieee-activation-6c14ba67edf54cc9b80193ddbf12449f,2842.3482513427734,3300.3723456080043,389.2485769392224,52.62513379800657,0.054416434999438934,13.696640912006842,0.37644040399754886,2.0228857769980095,456.001173078228,458.0240942652308
req_03154,ieee-activation-59da24158a1045ee92d55d692e9c3b84,2842.540781021118,3333.2729342530074,390.2420881278813,18.043200311003602,74.28388707699196,5.549066828010837,1.6713317039975664,0.9425791840039892,489.78952797688544,490.73215323188924
req_03155,ieee-activation-6c14ba67edf54cc9b80193ddbf12449f,2844.155725479126,3253.881380228995,392.1280984938785,1.1689065459941048,5.44273257900204,6.86103552300483,1.2834942749905167,2.8413873329991475,406.8842082328774,409.72565474986914
req_03156,ieee-activation-6c14ba67edf54cc9b80193ddbf12449f,2847.5054149627686,3257.3178402019985,388.87089427222963,2.095919514002162,12.16758491100336,3.0972288539924193,0.0807094090123428,3.500088278990006,406.3122881872405,409.8124252392299
req_03157,ieee-activation-8411c4186c2c42b492909f7cff30a66f,2848.47811126709,3322.1122160609957,388.45749914190674,5.888670100001036,55.957323334005196,5.073201942999731,17.113238824997097,1.1441714499960653,472.4899101189076,473.63410479390586
req_03158,ieee-activation-59da24158a1045ee92d55d692e9c3b84,2849.117597579956,3299.0532774900057,391.29565527904197,36.49500159799936,17.99988327801111,1.8291261979902629,1.5407017710094806,0.7753117859974736,449.1603421800537,449.93567991004966
req_03159,ieee-activation-942891bfbe6347b2a3a855d442302144,2851.6707973480225,3290.5997717260034,388.92371713697503,9.980144794011721,34.67368757798977,4.720973040006356,0.08063843099807855,0.5498133979999693,438.3791207399772,438.9289743779809
req_03160,ieee-activation-59da24158a1045ee92d55d692e9c3b84,2851.766181945801,3257.2275336339953,391.18361229520815,7.876959693996469,0.024467023991746828,2.0658545260084793,0.7338447609945433,3.5766133879951667,401.884703250209,405.46135168819455
req_03161,ieee-activation-6c14ba67edf54cc9b80193ddbf12449f,2852.854902267456,3275.916385595003,390.65650290154736,7.155897324992111,0.07481699601339642,5.100789820993668,1.226805255995714,18.846671028004494,404.21477668253647,423.06148332754674
req_03162,ieee-activation-8411c4186c2c42b492909f7cff30a66f,2854.7648944854736,3275.8530394300033,389.65815237352217,8.523851032005041,0.019518301007337868,3.0641719959967304,1.1019820270012133,18.720469214997138,402.3676300515217,421.08814494452963
req_03163,ieee-activation-59da24158a1045ee92d55d692e9c3b84,2859.792127609253,3258.127920747007,384.70801173975633,6.567361304987571,4.962946972998907,1.15510773700953,0.0452891280001495,0.8970762550015934,397.43869434275257,398.3357931377541
req_03164,ieee-activation-59da24158a1045ee92d55d692e9c3b84,2860.576030731201,3257.827346142003,383.95221126680553,6.206446903001051,0.08143013999506366,5.213443988992367,1.1035577680013375,0.6942253440065542,396.5570556518069,397.2513154108019
req_03165,ieee-activation-942891bfbe6347b2a3a855d442302144,2860.821653366089,3276.462377193995,383.71144854191516,6.317208719992777,5.143553020010586,1.8703634889971,0.11165360700397287,18.48649644998659,397.1542091389274,415.6407238279062
req_03166,ieee-activation-942891bfbe6347b2a3a855d442302144,2862.0466537475586,3284.0008148640045,383.0640238104388,7.6449877039995044,25.14115543301159,4.9674916499934625,0.1691056270065019,0.9673968919960316,420.98673588145175,421.9541611164459
req_03167,ieee-activation-6c14ba67edf54cc9b80193ddbf12449f,2862.4067096710205,3277.6836007300008,382.9817947779811,6.209925439005019,1.6282962349941954,7.195657068004948,15.779594823994557,1.4816227150004124,413.7952193979727,415.27689105898025
req_03168,ieee-activation-8411c4186c2c42b492909f7cff30a66f,2865.738780975342,3275.917023033995,380.13098664766585,6.787050351995276,0.15216815199528355,3.486591530003352,0.8378425910050282,18.783602785988478,391.39459047367563,410.17824205865327
req_03169,ieee-activation-6c14ba67edf54cc9b80193ddbf12449f,2867.221580505371,3278.118264921999,379.01742638462747,4.656121278996579,6.0923474750015885,3.617237708007451,15.597856502005015,1.9156950679898728,408.980955154635,410.896684416628
req_03170,ieee-activation-6c14ba67edf54cc9b80193ddbf12449f,2867.852668762207,3278.4021290640085,379.1721459177934,3.847857468004804,7.7692700030020205,4.209716719997232,13.526317306997953,2.02415288600605,408.5252751027874,410.54946030180145
req_03171,ieee-activation-8411c4186c2c42b492909f7cff30a66f,2868.7935009002686,3278.403270367009,378.23148608073825,5.893214821990114,5.778983342010179,0.2315427649882622,17.448845170001732,2.025697287012008,407.58406043372815,409.60976946674054
req_03172,ieee-activation-59da24158a1045ee92d55d692e9c3b84,2869.0771884918213,3288.4390445089957,383.8678648391797,25.796853687003022,1.2182002109911991,5.365672748012003,0.20988442699308507,2.903380104995449,416.45843438018346,419.36185601717443
req_03173,ieee-activation-59da24158a1045ee92d55d692e9c3b84,2869.2084922790527,3335.445643694009,384.13701094995486,23.627144881000277,58.156627538992325,0.23974781700235326,0.009908751002512872,0.0667114770039916,466.17040215595625,466.2371514149563
req_03174,ieee-activation-59da24158a1045ee92d55d692e9c3b84,2873.5139560699463,2905.609223535008,11.177836309056147,10.939729588004411,5.605114238001988,1.9254655519907828,1.6273398199991789,0.8197819580091164,31.27544312104874,32.095267465061625
req_03175,ieee-activation-59da24158a1045ee92d55d692e9c3b84,2875.226764678955,3292.324099659003,378.65564163004456,25.625220613001147,2.8685101050068624,7.12993752399052,0.5217806630098494,2.2962444449949544,414.8009850460512,417.0973349800479
req_03176,ieee-activation-942891bfbe6347b2a3a855d442302144,2876.3128757476807,3285.2164037850016,380.7544436233147,20.621676513008424,0.20900268499099184,5.640339464007411,0.47859850600070786,1.199467245998676,407.70400946932205,408.90352803732094
req_03177,ieee-activation-6c14ba67edf54cc9b80193ddbf12449f,2876.791172027588,3290.3404906009964,380.27633755542047,21.345608067000285,0.02900090099137742,8.696894759006682,1.0840835029957816,2.117393787993933,411.4319021254196,413.5493185734085
req_03178,ieee-activation-59da24158a1045ee92d55d692e9c3b84,2877.0750999450684,3289.545026767999,379.9927761479339,21.49598520899599,5.383861601003446,2.5658865489967866,1.7101256919995649,1.321291624000878,411.1486248069268,412.4699268229306
req_03179,ieee-activation-8411c4186c2c42b492909f7cff30a66f,2878.4539470672607,3299.4176364790037,378.7759139937407,21.85320661700098,5.940361859000404,12.073210592003306,1.180644730993663,1.1403516190039227,419.82328931073425,420.96368941174296
req_03180,ieee-activation-59da24158a1045ee92d55d692e9c3b84,2881.0190200805664,3288.1462770189974,376.22571121543297,22.328207440004917,0.7027897730004042,3.8508373939985177,0.14708742299990263,3.872623692994239,403.25459430243063,407.12725693843095
req_03181,ieee-activation-59da24158a1045ee92d55d692e9c3b84,2882.104124069214,3289.5456957429997,375.21442833478795,22.43974029700621,0.5179764579952462,5.635320339992177,2.311875815008534,1.322230428995681,406.11930030278745,407.4415716737858
req_03182,ieee-activation-942891bfbe6347b2a3a855d442302144,2882.9160346984863,3288.4370814430004,374.91657694352034,20.177408124000067,4.600941562996013,2.7377336990030017,0.18740601299214177,2.9009804020024603,402.6200179385196,405.521046744514
req_03183,ieee-activation-942891bfbe6347b2a3a855d442302144,2883.093963623047,3284.0019351469964,374.9524099809496,20.365413196006557,0.016969374002655968,4.1387232419947395,0.11880423099501058,1.3156515000009676,399.59228838494164,400.9079715239495
req_03184,ieee-activation-8411c4186c2c42b492909f7cff30a66f,2883.2200202941895,3290.802290862004,374.90902350681426,21.05877387599321,3.9680885190027766,4.699547637996147,0.4896788140031276,2.457158214005176,405.1250902648171,407.5822705678147
req_03185,ieee-activation-6c14ba67edf54cc9b80193ddbf12449f,2885.889259338379,3294.962354193005,390.31185515662946,3.9836491530004423,8.02390371299407,4.155713378000655,0.12111780399573036,2.4768556500057457,406.59619936262607,409.0730948546261
req_03186,ieee-activation-942891bfbe6347b2a3a855d442302144,2887.457290649414,3291.3925145780086,388.7441231325938,3.733950019988697,9.39831045900064,1.4039514220057754,0.10875706300430465,0.5461318320012651,403.3890729236009,403.9352239285945
req_03187,ieee-activation-942891bfbe6347b2a3a855d442302144,2888.2961387634277,3288.805619225008,387.90550055856875,4.339852854012861,3.4840216119919205,3.0613315840018913,1.1372979559964733,0.5814758970082039,399.9279911185731,400.5094804615801
req_03188,ieee-activation-8411c4186c2c42b492909f7cff30a66f,2888.2969150543213,3299.6613145120064,388.16623714567686,4.592726171002141,0.3058869499946013,15.484895639005117,1.4323085250071017,1.3823450269992463,409.9820196736837,411.36439945768507
req_03189,ieee-activation-6c14ba67edf54cc9b80193ddbf12449f,2888.5922832489014,3340.579833527998,388.7991187910957,6.831378746006521,51.189369073996204,1.3196187730063684,2.205071021002368,1.642993873989326,450.3445156851085,451.98755027909647
req_03190,ieee-activation-6c14ba67edf54cc9b80193ddbf12449f,2889.3390350341797,3300.3738717109954,388.3489497368282,6.329258072000812,0.06554214499192312,13.806970541001647,0.4600553430063883,2.0240608389867702,409.0107376268279,411.03483667681576
req_03191,ieee-activation-6c14ba67edf54cc9b80193ddbf12449f,2891.3014755249023,3300.371168790007,387.1085357780976,5.813211286003934,9.337799337998149,4.637465949999751,0.15286838400061242,2.0198125290044118,407.049816892104,409.06969326510443
req_03192,ieee-activation-8411c4186c2c42b492909f7cff30a66f,2891.720251083374,3293.642964483006,386.6903513156285,5.8699696690018754,1.7457372069911798,3.5208818680112017,1.2985864389920607,2.7971869010070805,399.1255015796196,401.9227133996319
req_03193,ieee-activation-8411c4186c2c42b492909f7cff30a66f,2892.6075706481934,3321.3288378569996,385.80361247180554,5.7170253670046804,6.571642599999905,11.093720146003761,0.05628110699763056,19.478985516994726,409.24225869981456,428.72126720880624
req_03194,ieee-activation-942891bfbe6347b2a3a855d442302144,2892.7571716308594,3321.4315938880027,391.2592180771462,15.341697372001363,1.9480351940001128,4.385774502996355,15.263493766004103,0.47620334499515593,428.19819602614734,428.6744222571433
req_03195,ieee-activation-942891bfbe6347b2a3a855d442302144,2895.1132831573486,3321.4285813769966,388.9033698226558,14.768214163996163,1.4118878970039077,4.843130501001724,15.916564981002011,0.47213085398834664,425.8431474626559,426.31529821964796
req_03196,ieee-activation-942891bfbe6347b2a3a855d442302144,2895.345148086548,3341.203602691996,389.87202632045955,13.626803741994081,33.92760834400542,7.284809853998013,0.8731801410031039,0.27402620398788713,445.58439649247157,445.85845460544806
req_03197,ieee-activation-8411c4186c2c42b492909f7cff30a66f,2896.1229724884033,3322.272395317006,389.4122600346018,13.879268976001185,0.3758179430005839,4.075982144000591,17.101090947995544,1.3050027830031468,424.8443937146076,426.14942282860284
req_03198,ieee-activation-59da24158a1045ee92d55d692e9c3b84,2900.2886600494385,3329.1458786930016,387.93318444956094,12.604319746998954,21.93067728599999,3.508784245001152,1.187850154004991,1.692402761997073,427.16475849856215,428.8572186435631
req_03199,ieee-activation-942891bfbe6347b2a3a855d442302144,2902.0092277526855,3329.8143452850054,386.42889130831463,10.404817217000527,26.48871693899855,3.369556920006289,0.2954623499972513,0.8176727980026044,426.9874078493158,427.80511753231985
req_03200,ieee-activation-942891bfbe6347b2a3a855d442302144,2902.8304290771484,3322.2681591,385.6152511808468,10.609696504005115,1.925217531999806,4.194931338002789,15.792752784996992,1.299880683000083,418.13781590283907,419.4377300228516
req_03201,ieee-activation-942891bfbe6347b2a3a855d442302144,2903.2554206848145,3322.6675830080057,385.55234040119103,11.76688057598949,0.7325871720095165,5.235357109995675,14.425144256005296,1.699852808000287,417.7122692421981,419.4121623231913
req_03202,ieee-activation-59da24158a1045ee92d55d692e9c3b84,2910.685220718384,3323.0486397850036,378.8609052796237,11.339214119987446,0.4826656590012135,3.3214290010073455,16.511614335991908,1.84759067100822,410.51580054161604,412.3634190666198
req_03203,ieee-activation-942891bfbe6347b2a3a855d442302144,2911.812852859497,3327.400387903006,377.73340793651005,10.963950088000274,20.570338349993108,3.821428722003475,0.014136778001557104,2.4842731690005166,413.10325036050926,415.587535043509
req_03204,ieee-activation-6c14ba67edf54cc9b80193ddbf12449f,2913.6979579925537,3321.843049111005,376.75460621244565,10.030828468006803,0.007996896994882263,2.6008777230017586,17.86476084300375,0.886020974998246,407.25904292245104,408.1450911184511
req_03205,ieee-activation-942891bfbe6347b2a3a855d442302144,2919.7620067596436,3321.430668322995,370.9071834553615,10.051635426993016,0.5864873969985638,3.558856455012574,16.09058253299736,0.47391629598860163,401.1947087633598,401.66866156335163
req_03206,ieee-activation-6c14ba67edf54cc9b80193ddbf12449f,2920.020534515381,3321.8454290090012,370.82437179061526,9.799036987009458,0.12083348399028182,3.362787358011701,17.072711479995633,0.6451533939980436,401.1797080596152,401.8248944936204
req_03207,ieee-activation-59da24158a1045ee92d55d692e9c3b84,2922.54958152771,3323.145559286,368.8434554212872,9.62783009200939,0.9778142819995992,3.11620409200259,16.087197362998268,1.9434765079931822,398.6524779062893,400.59597775829025
req_03208,ieee-activation-59da24158a1045ee92d55d692e9c3b84,2923.1400051116943,3323.057635795005,369.19205794531445,8.09212334199401,0.9433015200047521,3.468068970993045,16.36522155700368,1.8568573480006307,398.0607270373148,399.91763068331056
req_03209,ieee-activation-59da24158a1045ee92d55d692e9c3b84,2924.496852874756,3333.274918764,369.14707730124064,7.24065996700665,28.121426590005285,2.435825262000435,0.8881468699983088,0.9449298989929957,407.8331113712484,408.7780658892443
req_03210,ieee-activation-8411c4186c2c42b492909f7cff30a66f,2925.0002059936523,3330.2727919010067,369.9800374853512,4.436049398005707,21.554056703986134,7.947036305005895,0.23132600900135003,1.1240800060040783,404.14846571134694,405.27258590735437
req_03211,ieee-activation-59da24158a1045ee92d55d692e9c3b84,2927.765012741089,3371.7627818760084,371.2897027369181,24.798732343988377,21.85326875600731,4.952796495999792,18.306568225001683,2.7967005770042306,441.20101385592716,443.9977691349195
req_03212,ieee-activation-8411c4186c2c42b492909f7cff30a66f,2932.0545330047607,3328.3931539159967,367.9282620452432,22.683119198991335,0.3066616210126085,3.785980186992674,0.6953665229957551,0.9392313360003754,395.3993208752363,396.3386209112359
req_03213,ieee-activation-6c14ba67edf54cc9b80193ddbf12449f,2933.321620941162,3328.7324003889953,366.66178603784647,22.685635859990725,0.7224287650024053,4.033850991996587,0.39503743800742086,0.9120403549895855,394.4987014978542,395.4107794478332
req_03214,ieee-activation-8411c4186c2c42b492909f7cff30a66f,2934.7147006988525,3334.778497442996,365.26893729314907,23.548876928005484,5.553393265989143,4.908963128007599,0.2699647499975981,0.5136613789945841,399.55009505215276,400.0637967441435
req_03215,ieee-activation-6c14ba67edf54cc9b80193ddbf12449f,2938.0340690612793,3337.0856993380003,362.53963856572227,23.239378978003515,8.327743528992869,3.473178606000147,0.35976976800884586,1.1119208299933234,397.939675244721,399.05163027672097
req_03216,ieee-activation-6c14ba67edf54cc9b80193ddbf12449f,2938.0558757781982,3371.9166685399978,362.51809084280103,22.96741841599578,18.07299076500931,10.557765684992773,16.794418254998163,2.950108798002475,430.91066391879576,433.86079276179953
req_03217,ieee-activation-6c14ba67edf54cc9b80193ddbf12449f,2939.5843544006348,3334.1422736359964,360.9897781523614,22.157477106011356,5.836515204995521,2.62760930499644,1.0486800899961963,1.8978593770007137,392.6600423243508,394.5579192353616
req_03218,ieee-activation-8411c4186c2c42b492909f7cff30a66f,2939.6575622558594,3349.0157559439976,381.67197235213825,16.182899438004824,7.433852361005847,3.4745532979868585,0.31057259600493126,0.28434364299755543,409.0738278301433,409.3581936881383
req_03219,ieee-activation-942891bfbe6347b2a3a855d442302144,2939.9704418182373,3346.0700299800083,381.45890869975847,14.8918596880103,1.686274275998585,6.446560140000656,0.12924539999221452,1.4867399580107303,404.61280288375565,406.09958816177095
req_03220,ieee-activation-59da24158a1045ee92d55d692e9c3b84,2945.084089279175,3371.7642282390007,376.3542206598213,16.099390722010867,3.1020390229969053,10.794601105997572,17.53073555600713,2.7991518929920858,423.8809524128301,426.68013895982585
req_03221,ieee-activation-8411c4186c2c42b492909f7cff30a66f,2945.468521118164,3371.8503472120065,375.97007345083694,16.182968011999037,8.34078282599512,5.535813921000226,17.4674600270082,2.884727857002872,423.49707292484527,426.3818260938424
req_03222,ieee-activation-8411c4186c2c42b492909f7cff30a66f,2946.650064468384,3348.918217423008,374.79920848162146,15.485119673001464,6.654474700000719,4.664512026996817,0.11474447599903215,0.5500935970048886,401.7180310326221,402.2681529546244
req_03223,ieee-activation-942891bfbe6347b2a3a855d442302144,2947.447784423828,3345.7796381840017,374.3966037771752,15.446408927004086,0.7168367159902118,6.446410778007703,0.12132757999643218,1.2042659819999244,397.1275553311716,398.33185376017354
req_03224,ieee-activation-59da24158a1045ee92d55d692e9c3b84,2947.827928543091,3349.1590845949977,374.25499514391413,14.34372029399674,1.5572492649953347,10.15958142200543,0.22534543099754956,0.7902644959976897,400.54086249791726,401.3311560519069
req_03225,ieee-activation-6c14ba67edf54cc9b80193ddbf12449f,2949.7260093688965,3345.3443665570085,372.401666265112,16.679561125987675,0.10199749800085556,5.046775121008977,0.595201582997106,0.7931555950053735,394.82517428311985,395.618357188112
req_03226,ieee-activation-8411c4186c2c42b492909f7cff30a66f,2949.8372745513916,3371.851297412999,372.43302764260443,15.409714614012046,1.419085258996347,10.695009592003771,19.173343898990424,2.8838418550003553,419.1301368236018,422.0140228616074
req_03227,ieee-activation-942891bfbe6347b2a3a855d442302144,2955.0057468414307,3447.600038382996,367.41878532257397,15.197842711000703,95.70568286000344,5.655082001991104,4.001424162008334,4.615474483987782,487.97878766157373,492.5942915415653
req_03228,ieee-activation-59da24158a1045ee92d55d692e9c3b84,2955.946123123169,3371.4699123050086,366.7849667068367,15.160134798003128,9.333038895987556,3.2281538210081635,18.51553177299502,2.501963187009096,413.0217867928295,415.5237891818397
req_03229,ieee-activation-59da24158a1045ee92d55d692e9c3b84,2956.4838676452637,3371.7622010740015,366.66122644273855,13.485781758994563,1.353212298010476,13.153918249998242,17.828971260998514,2.7952234179974766,412.483083003739,415.2783334287378
req_03230,ieee-activation-942891bfbe6347b2a3a855d442302144,2956.8183727264404,3339.702435957006,366.32688949456497,14.621977271002834,0.24046795899630524,1.2926003610045882,0.10649063299933914,0.29563751199748367,382.58840742657776,382.8840632305655
req_03231,ieee-activation-59da24158a1045ee92d55d692e9c3b84,2957.6091499328613,3345.5447695729963,365.7367339531338,14.545690625003772,0.4518141450098483,5.740184184993268,0.46800588100450113,0.9931908509897767,386.9424030361406,387.935619640135
req_03232,ieee-activation-8411c4186c2c42b492909f7cff30a66f,2957.965103149414,3369.7217572450027,369.48799728458107,10.441032875009114,2.2471561889979057,9.697586590002174,19.126976054991246,0.755905102007091,411.00071034557186,411.7566540955886
req_03233,ieee-activation-8411c4186c2c42b492909f7cff30a66f,2958.9670639038086,3344.919122780004,369.4275928901916,10.519991870998638,1.2269066700100666,3.752084196996293,0.658210744993994,0.3672725030046422,385.5847562121926,385.9520588761952
req_03234,ieee-activation-6c14ba67edf54cc9b80193ddbf12449f,2958.9683589935303,3344.421909124998,369.77309181647433,8.881156192001072,0.680583334993571,2.9458049300010316,0.25767076600459404,2.915243091993034,382.53827232748154,385.45355013146764
req_03235,ieee-activation-942891bfbe6347b2a3a855d442302144,2961.1770629882812,3340.629290109995,367.6987456917268,9.016408942989074,0.7880415440013167,0.7152368910028599,0.12046387500595301,1.1133301769878017,378.3388717557391,379.4522271217138
req_03236,ieee-activation-6c14ba67edf54cc9b80193ddbf12449f,2963.1522159576416,3345.346883171005,365.99468628535396,8.746706560006714,0.8221501840016572,5.7780922329984605,0.08118904900038615,0.7718429020023905,381.42276925336046,382.1946672133636
req_03237,ieee-activation-6c14ba67edf54cc9b80193ddbf12449f,2963.4036865234375,3371.9152369270014,366.4115397185669,7.698533057002351,0.785740879990044,12.702708661003271,17.962471574006486,2.950556512994808,405.5609642945783,408.5115504035639
req_03238,ieee-activation-6c14ba67edf54cc9b80193ddbf12449f,2963.4099349975586,3371.9161314770026,366.86518270745,8.263632194997626,7.417901003995212,5.063207387007424,17.9478475299984,2.948425655995379,405.5577482014487,408.50619647944404
req_03239,ieee-activation-8411c4186c2c42b492909f7cff30a66f,2963.929126739502,3344.914589224005,368.954139942507,6.047238117986126,1.2111389680067077,2.128179999999702,2.1624802220030688,0.482285234000301,380.50314627551415,380.98546248450293
req_03240,ieee-activation-8411c4186c2c42b492909f7cff30a66f,2964.078622817993,3371.8509858430043,369.19533447200956,5.638465757001541,8.208297502002097,2.5225876399927074,19.32300337900233,2.884674275002908,404.8876519420155,407.77236302501115
req_03241,ieee-activation-59da24158a1045ee92d55d692e9c3b84,2964.8568382263184,3371.468986099004,368.6187323266786,4.952491440999438,3.7393347610050114,9.32100569800241,17.478815369002405,2.501768276997609,404.11034451267915,406.61214787268545
req_03242,ieee-activation-942891bfbe6347b2a3a855d442302144,2965.3277015686035,3388.0097819939983,368.81585697339324,4.308648938007536,42.94302918999165,3.8521673909999663,1.5528340930031845,1.2095438399992418,421.47249368639314,422.6820804253948
req_03243,ieee-activation-59da24158a1045ee92d55d692e9c3b84,2965.489381790161,3387.4577833560033,369.2906437028432,3.4987737240007846,40.04082735200063,8.307814745989162,0.17172905801271554,0.6586129829956917,421.3097392638447,421.9684015658422
req_03244,ieee-activation-942891bfbe6347b2a3a855d442302144,2965.4911575317383,3349.511141170995,369.95489136826654,1.701477876995341,7.306823085003998,4.062898930991651,0.2538304340123432,0.7400619439868024,383.27989294526924,384.0199836392567
req_03245,ieee-activation-942891bfbe6347b2a3a855d442302144,2966.3765811920166,3349.4311553750013,370.70997882197844,8.98426974301401,0.05635883699869737,2.426138187991455,0.31008241399831604,0.5677461790037341,382.4867885959684,383.05457418298465
req_03246,ieee-activation-942891bfbe6347b2a3a855d442302144,2967.006525039673,3349.5123785100004,372.69665695032745,6.227092328001163,0.19674577300611418,2.3327438849955797,0.30188738300057594,0.7507271509966813,381.7550849923282,382.50585347032757
req_03247,ieee-activation-6c14ba67edf54cc9b80193ddbf12449f,2967.1293659210205,3375.6323515530094,373.5217660309863,5.802686253999127,25.733312965996447,2.664658445995883,0.08316997899964917,0.6973919560114155,407.8055671459879,408.50298563198885
req_03248,ieee-activation-942891bfbe6347b2a3a855d442302144,2967.1301345825195,3369.537084812997,373.52130265548476,5.625634805997834,0.3579944200027967,3.86715217299934,18.463135104000685,0.5717310719919624,401.83520635048626,402.4069502304774
req_03249,ieee-activation-6c14ba67edf54cc9b80193ddbf12449f,2969.848773956299,3388.831385147001,371.35577478171035,5.015555583988316,29.6914507120091,8.258210973988753,2.6142117920098826,2.0474073469958967,416.9351628847071,418.9826111907023
req_03250,ieee-activation-6c14ba67edf54cc9b80193ddbf12449f,2971.7170372009277,3443.0764898070047,372.7148950860719,1.9953372059972025,85.51950017400668,1.4844866249914048,3.970662389008794,5.674571126000956,465.6848538980703,471.35945260607696
req_03251,ieee-activation-6c14ba67edf54cc9b80193ddbf12449f,2972.193557739258,3372.831685231009,372.72517097974196,3.1701413660048274,20.836973355995724,2.3571608009951888,0.6685374310036423,0.8801435580098769,399.7579487947369,400.6381274917512
req_03252,ieee-activation-942891bfbe6347b2a3a855d442302144,2972.1939735412598,3349.434407159002,372.7300465877488,2.5739713719958672,0.04625823900278192,0.9155142359959427,0.30585968599189073,0.668783497007098,376.57161449073465,377.2404336177424
req_03253,ieee-activation-942891bfbe6347b2a3a855d442302144,2972.980613708496,3349.4333833270066,372.36537381650123,1.8917795480083441,0.23082544199132826,1.0847342670022044,0.3105617420078488,0.569494802999543,375.8832341695088,376.4527696185105
req_03254,ieee-activation-942891bfbe6347b2a3a855d442302144,2973.0281658172607,3379.8048984880006,372.3250381947437,26.725696784997126,5.8580598599946825,0.14062818100501318,0.18619861999468412,1.5411110300046857,405.23557311874174,406.7767326707399
req_03255,ieee-activation-6c14ba67edf54cc9b80193ddbf12449f,2973.035093307495,3372.1892623110034,372.5164916735084,2.8095679620018927,0.3221555089985486,5.358437053000671,15.041588719992433,3.1059280860063154,396.04819205049716,399.1541690035083
req_03256,ieee-activation-8411c4186c2c42b492909f7cff30a66f,2973.8534774780273,3369.7227902519953,371.9341032959783,1.5121639179997146,0.01376596899353899,3.4770726340066176,18.177597029003664,0.7546099279861664,395.11466492498585,395.869312773968
req_03257,ieee-activation-942891bfbe6347b2a3a855d442302144,2973.8596229553223,3402.3817967990035,372.22961732068507,26.058904935998726,24.71803573500074,0.37256150199391413,0.27113040299445856,4.871923947008327,423.6502296836843,428.52217384368123
req_03258,ieee-activation-942891bfbe6347b2a3a855d442302144,2974.598958969116,3379.805723380996,374.3200812658906,23.797796651997487,1.0410482669976773,2.3353739640006097,2.15144099999452,1.5610232629987877,403.64569664488954,405.2067644118797
req_03259,ieee-activation-8411c4186c2c42b492909f7cff30a66f,2974.8090229034424,3373.299451472005,374.207519048563,22.832889174998854,0.3616462189966114,0.6937802780012134,0.13631707399326842,0.2582767740095733,398.23212885555404,398.4904285685625
req_03260,ieee-activation-59da24158a1045ee92d55d692e9c3b84,2974.8093662261963,3379.6487025980023,374.35527417280537,22.600240636995295,0.441061126999557,4.685568865999812,1.365807724010665,1.391383844995289,403.44791710381105,404.839336371806
req_03261,ieee-activation-942891bfbe6347b2a3a855d442302144,2975.303606033325,3379.194638136003,374.12915306667855,22.993227956991177,1.3317669850075617,2.2370899109955644,2.2243130740098422,0.9754811089951545,402.91551094267925,403.89103210267785
req_03262,ieee-activation-942891bfbe6347b2a3a855d442302144,2975.435718536377,3379.1934785729973,374.07510190462926,22.644495273998473,1.3569671110017225,2.4560765149944928,2.2504768979997607,0.9746423339965986,402.78309304162394,403.7577600366203
req_03263,ieee-activation-59da24158a1045ee92d55d692e9c3b84,2976.758071899414,3387.4554948440054,372.754052718592,22.25169384900073,2.145841177989496,9.454320483011543,3.331609396991553,0.7599053190060658,409.9375013575918,410.6974229445914
req_03264,ieee-activation-8411c4186c2c42b492909f7cff30a66f,2980.2569427490234,3378.8313475790055,369.25572526897304,22.339202180010034,0.35932907099777367,5.97831083300116,0.07180048499139957,0.5700369920086814,398.0043544719665,398.5744048299821
req_03265,ieee-activation-8411c4186c2c42b492909f7cff30a66f,2980.9774627685547,3388.150339230997,368.5356713704532,22.338496867989306,3.2962455240049167,8.619606719003059,3.0161079739918932,1.366748006999842,405.80611492844764,407.1728764624422
req_03266,ieee-activation-6c14ba67edf54cc9b80193ddbf12449f,2981.031238555908,3388.834822233999,388.50670496308885,10.207009976002155,1.3622360709996428,3.1650515610090224,2.5255492519936524,2.037031854997622,405.7665071080846,407.80358367809094
req_03267,ieee-activation-59da24158a1045ee92d55d692e9c3b84,2982.7310543060303,3391.9548590600025,387.00156706197595,9.57107260399789,7.3772575519979,4.082034963998012,0.09923854000226129,1.0926340320002055,408.13109755096957,409.2238047539722
req_03268,ieee-activation-942891bfbe6347b2a3a855d442302144,2983.7199668884277,3387.764754265998,386.01297721258015,9.402266863995465,0.4880254409945337,4.242770897006267,2.917248853991623,0.981498109002132,403.0632679605769,404.0447873775702
req_03269,ieee-activation-8411c4186c2c42b492909f7cff30a66f,2984.128126144409,3388.6623445809964,387.36966408659646,8.247983462992124,0.2172058980067959,4.038146756996866,2.798755063005956,1.862463168989052,402.67173324160103,404.53421843658725
req_03270,ieee-activation-6c14ba67edf54cc9b80193ddbf12449f,2984.1451091766357,3388.8325776290003,387.3527992483723,8.479964449987165,1.1300056530017173,2.8075049410108477,2.88353128900053,2.033662870991975,402.6537957603723,404.68746845236456
req_03271,ieee-activation-8411c4186c2c42b492909f7cff30a66f,2988.823101043701,3390.083769575009,382.94030144529825,7.624633708008332,4.639292754989583,3.3763060750061413,0.16181652700470295,2.5183180210005958,398.7423218913027,401.2606685313076
req_03272,ieee-activation-8411c4186c2c42b492909f7cff30a66f,2989.1848526000977,3390.0826700960024,382.57868733190116,8.075526546002948,0.1342759529943578,7.375274963007541,0.21614322399545927,2.5179094780032756,398.37989536889654,400.89781749590475
req_03273,ieee-activation-8411c4186c2c42b492909f7cff30a66f,2989.4610919952393,3420.9183751870005,382.48884314075985,7.770023507997394,11.441920930999913,3.065910868011997,3.186591879988555,23.50399286400352,407.9532694747613,431.45728319176123
req_03274,ieee-activation-6c14ba67edf54cc9b80193ddbf12449f,2991.6542205810547,3388.835380489996,380.2960347199405,8.014549763000105,1.142950211011339,2.8649183270026697,2.8244016229873523,2.038305264999508,395.1428431709355,397.1811599089415
req_03275,ieee-activation-6c14ba67edf54cc9b80193ddbf12449f,2993.761501312256,3388.826645003006,378.1888292697404,8.84661305800546,0.31097901999601163,5.423952195997117,0.2676457220077282,2.0271244250034215,393.0380059257441,395.0651436907501
req_03276,ieee-activation-942891bfbe6347b2a3a855d442302144,2994.8710289001465,3027.955306332995,15.452027153849485,10.137613476006663,3.3426911830028985,0.85601194499759,1.9888483520044247,1.3070853229874047,31.777170679852134,33.08427743284847
req_03277,ieee-activation-6c14ba67edf54cc9b80193ddbf12449f,2995.2515983581543,3402.3803968590073,376.6987929888419,8.903621615012526,10.433309644999099,3.985676408992731,2.2358383480022894,4.871559495004476,402.2572269048396,407.128798500853
req_03278,ieee-activation-6c14ba67edf54cc9b80193ddbf12449f,2997.0419750213623,3388.825298173004,374.9085061756341,7.566745827003615,1.5898431300010998,3.557599466003012,2.1326674729934894,2.0279610800062073,389.7553532736347,391.7833231516415
req_03279,ieee-activation-59da24158a1045ee92d55d692e9c3b84,3000.8878784179688,3402.309404494008,371.0626513150346,7.792235090993927,7.4844320450065425,6.004672472001403,4.180615908000618,4.896919245002209,396.5245986450318,401.4215260760393
req_03280,ieee-activation-59da24158a1045ee92d55d692e9c3b84,3001.552822113037,3387.4566458110057,370.3977545319649,8.271922789004748,1.1247998399921926,2.932788143007201,2.517482868002844,0.6590755259967409,385.2447401119716,385.9038236979686
req_03281,ieee-activation-8411c4186c2c42b492909f7cff30a66f,3002.666582107544,3451.8835876630037,369.5236091114639,7.553958154996508,65.11803336899902,1.8554804599989438,1.2755100799986394,3.890414380002767,445.3265628204681,449.21700555545976
req_03282,ieee-activation-59da24158a1045ee92d55d692e9c3b84,3003.126438140869,3387.277668145005,369.7059851001395,7.071939192988793,1.074064703003387,2.087107781000668,3.6303334690019256,0.5817997580015799,383.56939449913625,384.15123000413587
req_03283,ieee-activation-59da24158a1045ee92d55d692e9c3b84,3003.1622524261475,3387.280378897005,370.1379451118555,6.4441848499991465,0.8964378480013693,2.462628034001682,3.591654349002056,0.5852762779977638,383.53281025185424,384.11812647085753
req_03284,ieee-activation-8411c4186c2c42b492909f7cff30a66f,3003.376163482666,3520.596102056006,372.2567147823429,3.94192373099213,132.35124758600432,2.1206294989970047,5.002287843002705,1.5471351320011308,515.6727777713531,517.2199385733402
req_03285,ieee-activation-8411c4186c2c42b492909f7cff30a66f,3005.487148284912,3443.8250740430085,373.345378533093,9.921854376996635,43.18243472999893,2.1288425859966082,3.335312707000412,6.4241028250107775,431.91378595109563,438.3379257580964
req_03286,ieee-activation-942891bfbe6347b2a3a855d442302144,3006.3336353302,3422.3731848480093,372.8630532757961,9.195585883004242,8.473535384997376,3.1142203440103913,2.258034818994929,20.135119811006007,395.90439703379525,416.03954951780906
req_03287,ieee-activation-942891bfbe6347b2a3a855d442302144,3006.333730697632,3483.8117689649953,372.8631747003674,9.930576408005436,73.31881322000118,4.066563678992679,15.436645205001696,1.8622650549950777,475.61574833636405,477.47803826736344
req_03288,ieee-activation-942891bfbe6347b2a3a855d442302144,3006.920099258423,3402.7235341610067,372.8237035395723,8.264873254011036,0.6579276559932623,6.573925653996412,2.174891091999598,5.308113707011216,390.49530045557185,395.80343490258383
req_03289,ieee-activation-942891bfbe6347b2a3a855d442302144,3007.3767623901367,3402.722950555006,372.4616529548657,9.351278478992754,0.06640274901292287,4.180019477993483,3.977059573997394,5.309774930006824,390.03638874586613,395.3461881648691
req_03290,ieee-activation-59da24158a1045ee92d55d692e9c3b84,3007.54807472229,3391.0570980129996,372.29054597971844,7.864502729993546,2.5672207000025082,0.3559529969934374,0.044784566009184346,0.38601631799247116,383.1229946557287,383.5090232907096
req_03291,ieee-activation-8411c4186c2c42b492909f7cff30a66f,3008.4906826019287,3432.1004925150046,378.78912849907647,11.102729017002275,25.21326503698947,1.1740211910073413,5.358459070994286,1.972207098006038,421.6375443120778,423.6098099130759
req_03292,ieee-activation-6c14ba67edf54cc9b80193ddbf12449f,3008.5100269317627,3427.9615488690033,378.9436527952348,11.360362072009593,0.8059563379938481,5.7976239700074075,16.453203744997154,6.090723016997799,413.36077257023135,419.4515219372406
req_03293,ieee-activation-942891bfbe6347b2a3a855d442302144,3009.9365787506104,3428.0300399670086,377.61781693439116,14.481428163999226,0.06660096600535326,3.003681788002723,16.765569662995404,6.1583637010044185,411.93508332039346,418.0934612163983
req_03294,ieee-activation-942891bfbe6347b2a3a855d442302144,3012.3875160217285,3422.2768977829983,375.16696957427484,10.921439483994618,0.6330564460076857,0.5027064129972132,2.632601577992318,20.03260826600308,389.8567586112622,409.88938176126976
req_03295,ieee-activation-59da24158a1045ee92d55d692e9c3b84,3012.3900928497314,3422.2166229440045,375.37555701026577,10.617533323005773,0.6722828780038981,0.4949529469886329,2.6934323990135454,19.972771536995424,389.85371100927296,409.82653009427304
req_03296,ieee-activation-8411c4186c2c42b492909f7cff30a66f,3013.0655250549316,3480.9182777320093,374.94546267407713,14.165676939999685,51.13742759698653,5.432502636002027,1.996239694999531,20.175443135012756,447.67728115706996,467.85275267707766
req_03297,ieee-activation-59da24158a1045ee92d55d692e9c3b84,3013.1050357818604,3422.2158595060027,375.0460789411445,10.074682338992716,0.8288716380047845,0.831276117998641,2.357416828002897,19.97249785999884,389.1383005121461,409.1108237241424
req_03298,ieee-activation-59da24158a1045ee92d55d692e9c3b84,3013.1210041046143,3420.9193410309963,375.5425433283817,10.158437518010032,0.2970454109890852,0.5019545840041246,2.6226405260094907,18.675715558987577,389.1225961993914,407.79833692638204
req_03299,ieee-activation-59da24158a1045ee92d55d692e9c3b84,3013.121685028076,3430.2195036269986,375.71189152893203,8.787556708994089,23.17820583000139,0.34722718999546487,1.0038810590049252,8.069056281994563,409.02873390793684,417.09781859892246
req_03300,ieee-activation-6c14ba67edf54cc9b80193ddbf12449f,3013.7717723846436,3482.5156811790075,375.062004829364,9.641563855999266,55.10071978298947,1.390769622012158,5.775583600989194,21.773267103009857,446.9706232643657,468.74390879436396
req_03301,ieee-activation-59da24158a1045ee92d55d692e9c3b84,3013.894645690918,3420.8654147930065,374.93939990708895,8.513822922992404,0.9563474239985226,2.490377273003105,1.4449193000036757,18.625902275001863,388.3448505730921,406.9707691020885
req_03302,ieee-activation-59da24158a1045ee92d55d692e9c3b84,3014.0799083709717,3422.5453097660065,374.7543001920276,8.787244792998536,1.1143279969983269,1.5299058480013628,1.9788406980078435,20.300781867001206,388.1646052140277,408.46540139503486
req_03303,ieee-activation-6c14ba67edf54cc9b80193ddbf12449f,3015.6898612976074,3453.854570120995,373.51786831839127,9.176101254008245,49.45679333699809,3.7158216739917407,0.315661414002534,1.9824628259957535,436.18221117438225,438.1647088233876
req_03304,ieee-activation-8411c4186c2c42b492909f7cff30a66f,3022.1635570526123,3501.952213602999,367.0443469703896,12.612346720998175,91.77765053400071,2.7163078209996456,4.264854110006127,1.373150393992546,478.41548922839866,479.7886565503868
req_03305,ieee-activation-8411c4186c2c42b492909f7cff30a66f,3023.077100753784,3480.2506879349967,367.0061715732154,8.711419209997985,52.884065438003745,4.162722733002738,4.805952479000553,19.60325574799208,437.5703051752207,457.1735871812125
req_03306,ieee-activation-6c14ba67edf54cc9b80193ddbf12449f,3023.514883041382,3501.628026614999,366.57433369562204,7.541588539999793,101.3951670529932,0.21930250601144508,1.4508945029956521,0.9318572759948438,477.1812587366294,478.113143573617
req_03307,ieee-activation-6c14ba67edf54cc9b80193ddbf12449f,3023.517810821533,3420.9170637450006,367.5453984034684,6.566774663006072,1.7160361479909625,0.9780463200004306,1.920004700004938,18.6729926889966,378.7262179744721,397.39925292346743
req_03308,ieee-activation-59da24158a1045ee92d55d692e9c3b84,3023.536762237549,3444.1484133740014,368.4211311184481,45.290046827998594,0.03396258600696456,1.5026288770022802,4.2005304920021445,1.1633512349944795,419.44825122645125,420.61165113645256
req_03309,ieee-activation-59da24158a1045ee92d55d692e9c3b84,3025.9360427856445,3443.508528507009,376.3750282993569,34.94143897900358,0.029490104992873967,3.4484182270098245,2.2697925319953356,0.5083175790059613,417.0641092163569,417.5724857213645
req_03310,ieee-activation-59da24158a1045ee92d55d692e9c3b84,3026.667730331421,3444.228811185996,375.7135770625755,34.8994748640107,0.07946458099468146,3.9575092809973285,1.6886115509987576,1.2224435149983037,416.3385957615683,417.56108085457527
req_03311,ieee-activation-942891bfbe6347b2a3a855d442302144,3028.4491539001465,3521.1361146650015,373.9409223518596,34.64590723399306,76.12778909300687,3.7903269689995795,2.095229730999563,2.086785385996336,490.60014669086377,492.68696076485503
req_03312,ieee-activation-59da24158a1045ee92d55d692e9c3b84,3028.770601272583,3451.5843849250086,373.9533039424132,34.41670370200882,7.055570340991835,1.2012869309983216,2.469709071010584,3.7172096650028834,419.096544052416,422.8137836524256
req_03313,ieee-activation-59da24158a1045ee92d55d692e9c3b84,3029.9658489227295,3062.393594301,0.27304493727569934,22.844801072002156,0.005257305994746275,5.79312918400683,1.8098455519939307,1.701667326997267,30.726040698282304,32.42774537827063
req_03314,ieee-activation-942891bfbe6347b2a3a855d442302144,3030.110321044922,3521.1371527410083,372.6137394250836,34.526348179992056,73.68301320201135,2.6595910779869882,0.2725691460072994,7.271570665005129,483.7552453000826,491.02683169608645
req_03315,ieee-activation-6c14ba67edf54cc9b80193ddbf12449f,3030.5365047454834,3447.8239306250034,391.3336497685232,15.32784561799781,0.08668616600334644,3.966474542990909,1.7499490210029762,4.8228207630018005,412.4645892715198,417.28742587952
req_03316,ieee-activation-942891bfbe6347b2a3a855d442302144,3031.331121444702,3447.598210475,390.5391453222983,15.329342951998115,0.052274114001193084,2.57929555400915,3.152188809996005,4.614842277995194,411.65223523930763,416.26708903029794
req_03317,ieee-activation-8411c4186c2c42b492909f7cff30a66f,3031.5533695220947,3443.7976202110003,390.31717085291166,13.961312765997718,0.01038452799548395,0.44517356700089294,1.207924564005225,6.302284410994616,405.9419392569107,412.2442506889056
req_03318,ieee-activation-59da24158a1045ee92d55d692e9c3b84,3032.4958095550537,3453.090618871007,389.7217905339494,15.179617746995063,14.258785545011051,0.2033276939910138,0.020795749995158985,1.2104920460114954,419.3842825209431,420.59480931595317
req_03319,ieee-activation-59da24158a1045ee92d55d692e9c3b84,3032.6062335968018,3452.4525398179976,389.6115620992059,15.119380504998844,10.402397202997236,1.8248004829947604,2.1509266479988582,0.7372392830002354,419.1090456052043,419.84630622119585
req_03320,ieee-activation-942891bfbe6347b2a3a855d442302144,3032.6181468963623,3502.1753509109985,389.75400680163875,14.907707297999877,55.767494544998044,4.344642216005013,3.1874874490022194,1.5958657049923204,467.961312647647,469.5572040146362
req_03321,ieee-activation-59da24158a1045ee92d55d692e9c3b84,3033.3368740081787,3444.147360090996,389.036961789825,15.023955109005328,0.015845233996515162,3.970843482995406,1.6227431830047863,1.1401372839900432,409.6703274008323,410.8104860828171
req_03322,ieee-activation-59da24158a1045ee92d55d692e9c3b84,3033.3780269622803,3444.231233982995,389.1680326877249,14.8526335380011,0.015062006001244299,1.4734887529921252,4.11080328800017,1.2331867479952052,409.6199857887259,410.85320702071476
req_03323,ieee-activation-942891bfbe6347b2a3a855d442302144,3033.3867626190186,3447.5991743199993,396.30162590798864,7.562592934991699,0.005765246009104885,1.3474934909900185,4.379712506008218,4.615221614993061,409.5971560419857,414.21241170098074
req_03324,ieee-activation-6c14ba67edf54cc9b80193ddbf12449f,3033.746603012085,3453.930961058999,395.9528099449235,7.277553272986552,14.673226393002551,0.1464130710082827,0.08388285100227222,2.050472513990826,418.13386394992995,420.184358046914
req_03325,ieee-activation-6c14ba67edf54cc9b80193ddbf12449f,3034.0026664733887,3501.6362588710035,396.2175064906187,7.029600462992676,59.146721394005,1.6858316339930752,2.59808972600149,0.9558426900039194,466.67770878161537,467.63359239761485
req_03326,ieee-activation-8411c4186c2c42b492909f7cff30a66f,3034.9879055023193,3451.8730677540007,397.1178411506844,12.194195988995489,0.021371363996877335,0.6693580380087951,2.8770116880041314,4.005384021991631,412.87974560368457,416.8851622516813
req_03327,ieee-activation-942891bfbe6347b2a3a855d442302144,3035.112274169922,3483.809808934995,407.96494038907986,17.439351602006354,0.007378797992714681,2.174805966002168,19.250077343996963,1.8609806659951573,446.83650670107454,448.6975347650732
req_03328,ieee-activation-942891bfbe6347b2a3a855d442302144,3035.8199367523193,3483.605648236,407.6896191916894,16.94954680799856,0.06010942500142846,4.457996501994785,16.647604361001868,1.9808351959945867,445.8048204416991,447.78571148368064
req_03329,ieee-activation-942891bfbe6347b2a3a855d442302144,3036.0244579315186,3482.1851404089975,407.8072414654889,13.292871256999206,0.066934318994754,1.4493176380055957,2.1093960979924304,21.434921699998085,424.7257221354812,446.160682477479
req_03330,ieee-activation-59da24158a1045ee92d55d692e9c3b84,3036.072235107422,3482.872517833006,407.7601349895849,16.564654636997147,0.06674532699980773,2.11944678099826,19.041863446997013,1.2474375440069707,445.5528253225784,446.8002827255841
req_03331,ieee-activation-59da24158a1045ee92d55d692e9c3b84,3036.073402404785,3482.1182578709995,408.08150342722365,13.031637384992791,0.059059535997221246,0.9124811450019479,2.591843775997404,21.36833019700134,424.67648805721547,446.04485546621436
req_03332,ieee-activation-6c14ba67edf54cc9b80193ddbf12449f,3036.258451461792,3489.2938153480063,407.896705345207,36.101285259996075,0.10217600100440904,0.4331617330026347,1.264129511997453,7.237906035006745,445.79743270120525,453.0353638862143
req_03333,ieee-activation-59da24158a1045ee92d55d692e9c3b84,3036.78586769104,3482.8643845229963,407.5175482589548,16.214691509012482,0.022152791992994025,2.0021441349963425,19.083435027001542,1.2385451099980855,444.83994938095566,446.0785168319562
req_03334,ieee-activation-59da24158a1045ee92d55d692e9c3b84,3038.1713790893555,3497.918670298008,406.13314735665335,16.298416796998936,30.609950357989874,0.25049448900972493,3.7554443369881483,2.699837871012278,457.04744042364473,459.7472912086523
req_03335,ieee-activation-8411c4186c2c42b492909f7cff30a66f,3039.3842277526855,3483.523048942996,408.4812056913215,12.654325170995435,0.07257182500325143,4.83072846099094,16.202303430007305,1.8976866119919578,442.2410555283277,444.1388211903104
req_03336,ieee-activation-59da24158a1045ee92d55d692e9c3b84,3039.39768409729,3482.868409383009,408.4681026337057,12.710918885000865,0.017471276005380787,1.898560941001051,19.132870248999097,1.2428013010066934,442.22789941570954,443.4707252857188
req_03337,ieee-activation-6c14ba67edf54cc9b80193ddbf12449f,3039.582395553589,3483.7335941030033,408.2835042374063,13.64878731200588,1.2497716520010727,1.7579098610003712,17.426802989997668,1.7844224970031064,442.36675155340345,444.1511985494144
req_03338,ieee-activation-8411c4186c2c42b492909f7cff30a66f,3039.7299480438232,3483.493508890999,408.1364473751746,12.647813504008809,0.006599959990126081,1.5537143260007724,19.549912647999008,1.8690730340022128,441.8944535521732,443.76356084717554
req_03339,ieee-activation-942891bfbe6347b2a3a855d442302144,3040.457395553589,3502.1820698439988,411.2573282574158,8.861394573992584,38.42674789400189,0.19570320600178093,1.4949550070014084,1.4885453519964358,460.2360910354182,461.7246742904099
req_03340,ieee-activation-59da24158a1045ee92d55d692e9c3b84,3040.4679622650146,3483.7970202610013,411.4060725449817,8.677063499009819,20.370615245003137,0.45654041798843537,0.6811675570061198,1.7375987319974229,441.5914373739797,443.32905799598666
req_03341,ieee-activation-59da24158a1045ee92d55d692e9c3b84,3040.5245456695557,3503.028670251995,411.359693927443,8.692207033003797,40.89285975499661,0.270209138005157,0.6232740260020364,0.6658807029889431,461.83822641544975,462.50412458243954
req_03342,ieee-activation-942891bfbe6347b2a3a855d442302144,3041.2766647338867,3527.843423036,410.6927393651131,69.16518194900709,0.0831854059942998,1.6166733800055226,3.8483788579906104,1.1605993440025486,485.4061192111112,486.56675830211316
req_03343,ieee-activation-942891bfbe6347b2a3a855d442302144,3041.288345336914,3527.837870919,411.16481356308213,68.50838387900149,0.2492586680018576,3.2139701950072777,2.2571011889958754,1.1559980879974319,485.39349740507896,486.54952558208606
req_03344,ieee-activation-59da24158a1045ee92d55d692e9c3b84,3041.293825149536,3562.780681303004,411.7980316924659,67.44634054299968,40.559331922006095,0.28402445699612144,1.1458068979991367,0.25332064100075513,521.2334778614604,521.4868561534677
req_03345,ieee-activation-59da24158a1045ee92d55d692e9c3b84,3042.045248031616,3572.3543734240084,411.81031521937985,67.10539769400202,46.69582107500173,1.717433947007521,1.8137222899968037,1.1664351670042379,529.1426285383786,530.3091253923922
req_03346,ieee-activation-8411c4186c2c42b492909f7cff30a66f,3042.0726795196533,3567.4452056080045,411.9727071553498,65.07136738199915,43.77812184600043,0.23067632400488947,0.23220259499794338,4.0874507859989535,521.2850384323538,525.3725260883512
req_03347,ieee-activation-942891bfbe6347b2a3a855d442302144,3042.0738563537598,3522.7108161740034,438.7440160742408,38.571043124000425,1.3393985269940458,1.4110097250086255,0.16729258799750824,0.4041997820022516,480.2327123282448,480.63695982024365
req_03348,ieee-activation-8411c4186c2c42b492909f7cff30a66f,3042.075553894043,3925.469837673998,843.8261648959597,6.352996774003259,28.314768582000397,0.7069037839974044,0.4320771299971966,3.7613726139970822,879.6328569199541,883.394283779955
req_03349,ieee-activation-6c14ba67edf54cc9b80193ddbf12449f,3042.8929538726807,3552.553071823,439.22649068832106,37.33050306100631,0.2105622209928697,3.2328378109959885,3.789160600004834,25.870563568998477,483.7895055083209,509.66011795031955
req_03350,ieee-activation-942891bfbe6347b2a3a855d442302144,3043.6307125091553,3522.531084920003,438.5556852438458,38.159684022000874,0.8635883590031881,0.9774601039971458,0.11656427399429958,0.22739040800661314,478.67293963584234,478.9003724108479
req_03351,ieee-activation-942891bfbe6347b2a3a855d442302144,3043.6466331481934,3527.844370753999,438.8701689218142,38.08002233199659,0.61299016099656,1.2984844790044008,3.9694739050028147,1.3665978069911944,482.83110240382666,484.19773760580574
req_03352,ieee-activation-59da24158a1045ee92d55d692e9c3b84,3044.0208568573,3528.252733757996,438.86842683270515,39.143370466990746,1.2276322790130507,2.883672214986291,0.556422615001793,1.552352491999045,482.6794795096939,484.2318769006961
req_03353,ieee-activation-59da24158a1045ee92d55d692e9c3b84,3044.056200027466,3528.2519121810037,438.83341935453063,38.22328246700636,1.4621345949999522,1.4476895989937475,2.677393388003111,1.5517927500040969,482.64388503953523,484.1957121535379
req_03354,ieee-activation-942891bfbe6347b2a3a855d442302144,3044.249256134033,3527.8995756509976,438.64260990096955,36.754053462005686,1.0826340059866197,1.830639878011425,3.917841770002269,1.422540499988827,482.22773987197434,483.6503195169644
req_03355,ieee-activation-6c14ba67edf54cc9b80193ddbf12449f,3044.255640029907,3562.145071305,439.2670269500959,36.145596464994014,33.83206015700125,0.2537932720006211,2.156699027007562,6.234255403993302,511.65514849309693,517.8894312750926
req_03356,ieee-activation-8411c4186c2c42b492909f7cff30a66f,3044.265542984009,3588.0194947599957,439.35596592999354,36.05911203099822,59.62297822099936,2.5686462169978768,2.9497181010083295,3.197531275989604,540.5563799609954,543.7539517759869
req_03357,ieee-activation-8411c4186c2c42b492909f7cff30a66f,3045.015951156616,3588.030895281001,438.6061681043793,35.495857285000966,62.661320430008345,1.393126276001567,1.6606537609914085,3.197818268003175,539.8171018073772,543.0149441243848
req_03358,ieee-activation-59da24158a1045ee92d55d692e9c3b84,3045.0330562591553,3551.8249966099975,438.777439825848,37.84342197199294,1.6061810110113584,2.535536985989893,0.9082269100035774,25.12113364599645,481.67077306284045,506.7919403508422
req_03359,ieee-activation-59da24158a1045ee92d55d692e9c3b84,3046.8169841766357,3561.142167555008,436.99386274136486,37.75781713800097,31.604143231001217,0.16506810700229835,2.57208244499634,5.232209716006764,509.0929246993619,514.3251833783725
req_03360,ieee-activation-8411c4186c2c42b492909f7cff30a66f,3047.5668087005615,3552.568895350996,436.2443714014371,35.70285532801063,0.8966992549976567,6.0624337189947255,0.22664340899791569,25.86908353799663,479.13298251642846,505.00208665043465
req_03361,ieee-activation-59da24158a1045ee92d55d692e9c3b84,3048.6701526641846,3527.8986094099964,435.6804498668207,37.65776229200128,1.251870248990599,1.8219275400042534,1.618726077998872,1.1977207199961413,478.0307099318161,479.22845674581185
req_03362,ieee-activation-6c14ba67edf54cc9b80193ddbf12449f,3054.66530418396,3619.2232546960004,434.83450007204374,30.01371325699438,68.97793311800342,5.69935599299788,20.152697495999746,4.879750576001243,559.6781293370441,564.5579505120404
req_03363,ieee-activation-6c14ba67edf54cc9b80193ddbf12449f,3054.777521133423,3552.201174604008,444.16429531057656,20.72181149199605,0.41991777600196656,3.850393904998782,2.7482766960019944,25.518958291009767,471.9046564085729,497.4236534705851
req_03364,ieee-activation-8411c4186c2c42b492909f7cff30a66f,3056.0810165405273,3637.2600618720026,445.55461765547807,18.042557295993902,107.07272072399792,4.706260753999231,2.6758978800062323,3.1269910219998565,578.0519585424772,581.1790453314752
req_03365,ieee-activation-8411c4186c2c42b492909f7cff30a66f,3056.0871620178223,3552.1140908289963,445.8634972481814,17.72898892899684,0.7312090240011457,4.191687919999822,2.0831203230045503,25.42842536699027,470.59847986318346,496.026928811174
req_03366,ieee-activation-8411c4186c2c42b492909f7cff30a66f,3058.502872467041,3561.039368797996,443.6128005789651,17.563675616998808,7.232499753998127,3.3031554829940433,21.891692190009053,8.932672707989695,493.60378979696543,502.53649633095483
req_03367,ieee-activation-6c14ba67edf54cc9b80193ddbf12449f,3058.8078479766846,3647.002774043998,443.37483687231725,17.48515199200483,121.0949505999888,1.7011342760088155,3.2977397780050524,1.2411125489888946,586.9537746203277,588.1949260673136
req_03368,ieee-activation-6c14ba67edf54cc9b80193ddbf12449f,3059.634391784668,3558.383984177999,442.54901830533345,17.482576370995957,6.931306641999981,4.850940083997557,20.518371357000433,6.417379634003737,492.3321903203323,498.7495923933311
req_03369,ieee-activation-6c14ba67edf54cc9b80193ddbf12449f,3059.9942169189453,3576.8824555449974,443.0356108870619,16.635596533000353,47.78402485400147,2.7725586849992396,0.963253898997209,5.697193767991848,511.19099268606806,516.888238626052
req_03370,ieee-activation-942891bfbe6347b2a3a855d442302144,3061.88604927063,3111.908697367995,0.5059240743721602,2.8590554209949914,37.455295613006456,7.631688030000078,0.5324819590023253,1.0382029999891529,48.98441008538066,50.02264809736516
req_03371,ieee-activation-942891bfbe6347b2a3a855d442302144,3062.6729221343994,3637.544633006997,458.22650799660187,47.23241844199947,61.572386644998915,1.8948949400073616,2.5674584309890633,3.378044418001082,571.4935628285893,574.8717108725978
req_03372,ieee-activation-942891bfbe6347b2a3a855d442302144,3065.010217666626,3648.570219595,456.4440852993721,46.61553316100617,71.08852253599616,3.953013948004809,2.6385807119950186,2.8202662719995715,580.7387428893708,583.5600019283738
req_03373,ieee-activation-59da24158a1045ee92d55d692e9c3b84,3065.163953781128,3573.3248284599977,456.29153485687857,46.67722945299465,1.5248844890011242,2.794253136002226,0.45269115999690257,0.4202815839962568,507.7405666398845,508.16087467886973
req_03374,ieee-activation-6c14ba67edf54cc9b80193ddbf12449f,3066.098585128784,3583.8207398170052,456.43343955821183,49.68426895100856,0.9078567649994511,7.164500290004071,0.6073255079973023,2.9247636159998365,514.7973243952147,517.722154688221
req_03375,ieee-activation-6c14ba67edf54cc9b80193ddbf12449f,3071.5055198669434,3583.851394047,451.3087854110636,49.10839674399176,1.2013635920011438,7.153470557008404,0.6177509519911837,2.9561069240007782,509.38969192006334,512.3458741800569
req_03376,ieee-activation-6c14ba67edf54cc9b80193ddbf12449f,3071.8514156341553,3583.82243344,455.9937067368446,43.940227665007114,1.3386007989902282,7.1535853360110195,0.6181477499922039,2.9267495189997135,509.04420783284877,511.9710178058449
req_03377,ieee-activation-8411c4186c2c42b492909f7cff30a66f,3072.3650798797607,3621.4628976240056,455.4803345652472,44.871963528989,45.47044505699887,1.0193257450009696,0.048622104004607536,2.2071267440041993,546.8906523202459,549.0978177442448
req_03378,ieee-activation-6c14ba67edf54cc9b80193ddbf12449f,3072.4067363739014,3580.348718798996,455.43887276609894,44.31560091600113,0.9629050749936141,5.522290386012173,0.5132000409939792,1.1891132409946295,506.7528461391048,507.94198242509447
req_03379,ieee-activation-59da24158a1045ee92d55d692e9c3b84,3073.8797512054443,3637.2580481019977,454.245203206563,86.04438507299346,12.98881660400366,5.934260052992613,1.0755303510086378,3.090101608991972,560.288170017564,563.3782968965534
req_03380,ieee-activation-59da24158a1045ee92d55d692e9c3b84,3076.3655910491943,3578.068587144997,451.75973370380234,42.81363446000614,0.06869994399312418,3.9551376210001763,2.051832920013112,1.0539574469876243,500.64900110180315,501.7029960958025
req_03381,ieee-activation-8411c4186c2c42b492909f7cff30a66f,3076.800640106201,3579.2754480389995,472.60913417779375,23.855622680013767,0.6924130669940496,2.869335958006559,0.287686401992687,2.1606156479974743,500.3141507377877,502.4748079327983
req_03382,ieee-activation-59da24158a1045ee92d55d692e9c3b84,3077.723487854004,3577.1893061640003,471.68648277000466,20.787012432992924,0.01828516299428884,3.160326019002241,0.12125708600797225,3.6924548389943084,495.7733435360133,499.4658183099964
req_03383,ieee-activation-8411c4186c2c42b492909f7cff30a66f,3077.9199199676514,3588.0335464600066,474.0459989553492,20.27551227499498,1.4082093770120991,8.752041111991275,2.4209489110071445,3.2109158620005473,506.9026656073547,510.11362649235525
req_03384,ieee-activation-8411c4186c2c42b492909f7cff30a66f,3078.9663677215576,3588.0185581480036,473.14924860144674,20.790444785990985,1.0516164020082215,8.44400417599536,2.4206248780101305,3.1962515829945914,505.85589510745194,509.05219042644603
req_03385,ieee-activation-942891bfbe6347b2a3a855d442302144,3079.440176010132,3578.9622236239957,472.7617631758767,18.87673466799606,2.1703399719990557,3.4699270249984693,0.3961165609944146,1.8471662119991379,497.67484468387556,499.52204761386383
req_03386,ieee-activation-942891bfbe6347b2a3a855d442302144,3080.2133750915527,3699.4460756140033,472.34160844744474,18.4966542970069,119.6224841420044,5.402884920986253,1.5907272280019242,1.7783414870064007,617.4542984114378,619.2327005224506
req_03387,ieee-activation-942891bfbe6347b2a3a855d442302144,3084.1194553375244,3588.1090566009952,468.45092339947587,18.427198737001163,0.37819817299896386,10.840248649008572,2.607712223994895,3.2853200809913687,500.7042497524817,503.98960126347083
req_03388,ieee-activation-942891bfbe6347b2a3a855d442302144,3085.8180618286133,3588.482554697999,473.04397303739097,12.188066881994018,0.32582048400945496,11.86096043199359,1.5863701149937697,3.659301919004065,499.0051560143911,502.66449286938587
req_03389,ieee-activation-942891bfbe6347b2a3a855d442302144,3086.4617500305176,3578.1331740640017,474.71198951748374,6.961186635002377,1.7513420169998426,6.551126068996382,0.6757858119963203,1.0199939830054063,490.65140645747306,491.6714240334841
req_03390,ieee-activation-59da24158a1045ee92d55d692e9c3b84,3089.388511657715,3578.1344951560022,471.7857179142884,9.874424248992,0.06022063900309149,5.794603767004446,0.21072618299513124,1.0202907460043207,487.72568282128486,488.7459834982874
req_03391,ieee-activation-59da24158a1045ee92d55d692e9c3b84,3089.6843757629395,3587.6781857489987,472.46178508506273,7.990468008007156,10.882448081989423,0.7855954289989313,2.7927666320028948,3.0807467499980703,494.9130256100616,497.9938099860592
req_03392,ieee-activation-8411c4186c2c42b492909f7cff30a66f,3090.22891998291,3588.0328031060053,472.55252993009344,9.936539048998384,0.9338186620007036,8.220437758995104,2.950656977001927,3.2099007460055873,494.5939159390982,497.80388312309515
req_03393,ieee-activation-942891bfbe6347b2a3a855d442302144,3091.881694793701,3588.1083841640066,475.56504705130646,3.605495402996894,0.3237385200045537,11.86090689599223,1.58463379299792,3.2868677070073318,492.9397945123055,496.2266893703054
req_03394,ieee-activation-59da24158a1045ee92d55d692e9c3b84,3092.872127532959,3638.576064175999,474.8824612440367,21.204857464006636,43.698043640994,4.07455668100738,1.0221966719982447,0.8218209409969859,544.8820504940377,545.7039366430399
req_03395,ieee-activation-59da24158a1045ee92d55d692e9c3b84,3093.534912109375,3618.832684123001,478.8203062076209,16.96859260900237,0.2266493720089784,2.34251386699907,22.449970401998144,4.489739555996493,520.8079970696272,525.297772013626
req_03396,ieee-activation-59da24158a1045ee92d55d692e9c3b84,3093.594455718994,3637.239692646006,479.7445466410136,16.06237950499053,35.370965559006436,5.011315622003167,4.157992665001075,3.2980369349970715,540.3471039320139,543.6452369270119
req_03397,ieee-activation-6c14ba67edf54cc9b80193ddbf12449f,3093.7962074279785,3637.494861786996,483.2176944900275,11.481317290992592,37.82053338500555,4.8076354899967555,2.8193873330019414,3.5520863699930487,540.1465366310294,543.6986543590174
req_03398,ieee-activation-59da24158a1045ee92d55d692e9c3b84,3096.2589206695557,3619.9583238650084,480.93121482845163,35.89101691098767,0.08459188201231882,2.6518910609884188,2.4305391340021743,1.710149379010545,521.989191279441,523.6994031954528
req_03399,ieee-activation-6c14ba67edf54cc9b80193ddbf12449f,3097.474136352539,3619.2153171460086,480.66140209446894,11.136283196989098,0.9331278230092721,2.2589573220029706,21.879344557994045,4.872065799005213,516.8690796104638,521.7411807934695
req_03400,ieee-activation-59da24158a1045ee92d55d692e9c3b84,3099.3578567504883,3619.979901426006,478.77814995851077,35.96485400700476,0.2061916120001115,2.5426881439925637,1.500948523011175,1.6292124309984501,518.9927786575136,520.6220446755178
req_03401,ieee-activation-59da24158a1045ee92d55d692e9c3b84,3101.700080871582,3681.881125219006,476.43630698941706,36.03692877900903,31.60832574799133,9.801785132003715,24.811112587005482,1.486585111997556,578.6944295584253,580.1810443474242
req_03402,ieee-activation-6c14ba67edf54cc9b80193ddbf12449f,3101.70516204834,3626.3751079549984,476.9533947736636,35.50921006000135,0.00909247099480126,6.9407850690040505,0.9305783949967008,4.326885137998033,520.343016720668,524.6699459066585
req_03403,ieee-activation-6c14ba67edf54cc9b80193ddbf12449f,3103.7399864196777,3625.7166525409993,475.2230095063278,34.75492125899473,0.06083318899618462,7.057044892004342,0.9194203469960485,3.961436928002513,518.0151931443252,521.9766661213216
req_03404,ieee-activation-6c14ba67edf54cc9b80193ddbf12449f,3106.2008419036865,3619.5558710220066,473.0796937583218,34.89108430199849,0.14693287199770566,3.344375301996479,0.6892031030001817,1.2037397810054244,512.1512564003206,513.3550291183201
req_03405,ieee-activation-59da24158a1045ee92d55d692e9c3b84,3107.443952560425,3619.935640939002,473.0009145985823,33.7212465939956,0.14104007599235047,2.096942634001607,1.9462084920087364,1.5853359839966288,510.90629995458585,512.4916883785772
req_03406,ieee-activation-8411c4186c2c42b492909f7cff30a66f,3107.5838718414307,3618.3541062250006,476.2665202385688,5.573259377008071,0.07244153998908587,2.573888002007152,22.27258573900326,4.01153948699357,506.75864154657756,510.7702343835699
req_03407,ieee-activation-6c14ba67edf54cc9b80193ddbf12449f,3108.084800720215,3637.4954303440027,475.7658223917824,30.32067275600275,14.062028596003074,1.9328600299922982,3.7759962840063963,3.5532495660008863,525.8573652557825,529.4106296237878
req_03408,ieee-activation-942891bfbe6347b2a3a855d442302144,3108.744520187378,3681.5160992940073,475.8503548726294,29.19274232799944,37.77289262399427,6.110329678005655,20.17856474198925,3.6666948620113544,569.1048054286221,572.7715791066294
req_03409,ieee-activation-942891bfbe6347b2a3a855d442302144,3111.395055770874,3620.9730536889983,476.46720615713275,26.307670549998875,0.005191574993659742,2.6993501170072705,1.3745035009924322,2.724076017999323,506.8538810761238,509.5779979181243
req_03410,ieee-activation-942891bfbe6347b2a3a855d442302144,3113.372079849243,3652.726888681005,474.64793330975226,60.73759114500717,0.03779098299855832,1.6277258850022918,1.3938908429990988,0.909876666002674,538.444877742746,539.354808831762
req_03411,ieee-activation-8411c4186c2c42b492909f7cff30a66f,3114.416528701782,3682.138325774009,473.60391000621894,61.284930877998704,4.602626370004145,7.035049775004154,16.90402296699176,4.29125707600906,563.4305136932235,567.7217970722268
req_03412,ieee-activation-6c14ba67edf54cc9b80193ddbf12449f,3114.602544784546,3653.215882774006,473.4292513604596,58.284589679999044,1.6028153170045698,3.0329083709948463,0.7965624100033892,1.4672108509985264,537.1460760294576,538.61333798946
req_03413,ieee-activation-8411c4186c2c42b492909f7cff30a66f,3117.590831756592,3691.5646120849997,470.44934567040764,58.41265263000969,41.7332412609976,2.7028274149924982,0.23085357100353576,0.4448597809969215,573.5288963024068,573.9737803284079
req_03414,ieee-activation-6c14ba67edf54cc9b80193ddbf12449f,3118.5889930725098,3653.0933545590087,469.45152366149705,58.81927943100163,1.4085995729983551,2.80823956799577,0.7426120409945725,1.274107212011586,533.2302277114941,534.504361486499
req_03415,ieee-activation-59da24158a1045ee92d55d692e9c3b84,3120.702474594116,3689.2421780389996,467.4070863938832,58.3439505599963,37.60190587300167,1.86701765700127,2.4346318080060882,0.8851111529947957,567.6545565208799,568.5397034448833
req_03416,ieee-activation-8411c4186c2c42b492909f7cff30a66f,3120.7911796569824,3682.136916881005,467.3185643840261,58.88760201299738,3.1873786989890505,6.47169403800217,21.19425550500455,4.286242585003492,557.0594731070305,561.3457372240227
req_03417,ieee-activation-8411c4186c2c42b492909f7cff30a66f,3121.4911155700684,3682.137411582007,466.99328382193926,58.44513390598877,2.5985396440082695,10.572197515997686,17.749643663002644,4.287497461002204,556.358759961935,560.6462960119388
req_03418,ieee-activation-6c14ba67edf54cc9b80193ddbf12449f,3122.073003768921,3682.4399546720088,496.28211673608166,30.58566759400128,28.910223429003963,4.092932924992056,0.19639153900789097,0.29961868000100367,560.0672786300856,560.3669509030879
req_03419,ieee-activation-6c14ba67edf54cc9b80193ddbf12449f,3122.24578666687,3653.093851558995,496.5938180321391,28.16100479698798,1.2679569059982896,1.2345075990015175,2.315818795002997,1.2749587629950838,529.573037648137,530.848064892125
req_03420,ieee-activation-6c14ba67edf54cc9b80193ddbf12449f,3122.3174018859863,3653.2146484060067,496.91086890101724,27.766626080992864,1.2736204890097724,2.0173731749964645,1.5302838810021058,1.3984739930019714,529.4987040800188,530.8972465200204
req_03421,ieee-activation-6c14ba67edf54cc9b80193ddbf12449f,3122.3293533325195,3653.0946046699974,496.8994460484828,28.431643917996553,0.8814190789998975,0.7025696350028738,2.5729645929968683,1.2772080639988417,529.4880196904851,530.7652513374778
req_03422,ieee-activation-8411c4186c2c42b492909f7cff30a66f,3124.3107299804688,3682.136249293995,495.32201329653617,28.01499682899157,2.853170084010344,8.091567470997688,19.25646003500151,4.287311597989174,553.5381620235421,557.8255193135265
req_03423,ieee-activation-6c14ba67edf54cc9b80193ddbf12449f,3125.429193496704,3653.092571991001,494.5324167013023,27.85524002999591,0.7251185469940538,1.5842892250075238,1.6895074249914614,1.276806566005689,526.3865273272968,527.6633784942969
req_03424,ieee-activation-59da24158a1045ee92d55d692e9c3b84,3126.1041946411133,3681.1417380560015,493.85877844489005,30.94810988099198,0.13344188701012172,5.035133283992764,21.768519563003792,3.2935603549994994,551.7439703638956,555.0375434148882
req_03425,ieee-activation-942891bfbe6347b2a3a855d442302144,3129.1298027038574,3681.5144447310013,490.8591215831402,28.520102875001612,0.20900409900059458,6.56322077200457,25.112004251001053,1.1211884469958022,551.2634217221494,552.3846420271439
req_03426,ieee-activation-59da24158a1045ee92d55d692e9c3b84,3129.41353225708,3681.8951674370037,491.5687405049248,27.776389332997496,0.16861537500517443,7.822644955987926,21.098634905007202,4.046610106001026,548.4349894679326,552.4816351799236
req_03427,ieee-activation-59da24158a1045ee92d55d692e9c3b84,3129.5272521972656,3681.8970928089984,492.2259336417337,27.25024576400756,6.235224386997288,2.0142297179991147,23.229369715001667,1.4148373859934509,550.9549487757322,552.3698406117328
req_03428,ieee-activation-6c14ba67edf54cc9b80193ddbf12449f,3130.768636703491,3701.6769509590085,495.04804211751616,71.84772767699906,2.2186080440005753,0.8981348800007254,0.25520253299328033,0.6405990040075267,570.2676726155187,570.9083142555173
req_03429,ieee-activation-942891bfbe6347b2a3a855d442302144,3131.2167644500732,3653.0942430029972,495.16728847993363,22.80296299800102,0.09213289599574637,0.37376143399160355,2.164823792001698,1.2765089530003024,520.600936698931,521.877478552924
req_03430,ieee-activation-8411c4186c2c42b492909f7cff30a66f,3131.915084838867,3682.1356095579977,505.3461847471335,10.45729953800037,2.782459865004057,7.2244835540041095,20.122233481990406,4.287863532998017,545.9325806931301,550.2205247191305
req_03431,ieee-activation-59da24158a1045ee92d55d692e9c3b84,3131.9803886413574,3654.080718244004,505.2813038836466,11.740093746004277,0.18647961899114307,0.2629181719967164,2.365474156002165,2.264060026005609,519.83622885964,522.1003296026465
req_03432,ieee-activation-59da24158a1045ee92d55d692e9c3b84,3132.1735801696777,3677.8365874220035,505.45951712931856,10.2931385920092,0.9854576359939529,4.197192954001366,0.7589447060017847,23.96875623500091,521.6942184723157,545.6630072523258
req_03433,ieee-activation-59da24158a1045ee92d55d692e9c3b84,3132.6374912261963,3692.8593844510033,505.0305788028054,13.368623154994566,40.889782600002945,0.30359760600549635,0.118565579992719,0.5107454810058698,559.7111259528028,560.221893224807
req_03434,ieee-activation-942891bfbe6347b2a3a855d442302144,3134.217554092407,3681.5153529579984,503.4510778015974,10.091898875994957,0.9572902020008769,6.529457455006195,22.603026355995098,3.6650481749966275,543.6327188885916,547.2977988655912
req_03435,ieee-activation-8411c4186c2c42b492909f7cff30a66f,3135.069169998169,3682.3670284020045,502.5996280008403,9.18974347198673,30.897081207003794,1.4263740180031164,1.3090583799930755,1.875973326008534,545.4218667928362,547.2978584038356
req_03436,ieee-activation-8411c4186c2c42b492909f7cff30a66f,3135.146385192871,3707.146535146996,503.4303279911255,12.96817449000082,39.033357656007865,12.553108406995307,2.3933316320035374,1.6218497779918835,570.3782456401241,572.0001499541249
req_03437,ieee-activation-6c14ba67edf54cc9b80193ddbf12449f,3135.7964401245117,3680.5947472810076,511.2073249204841,6.218430606008042,0.08288399399316404,0.6041523750027409,0.17366575100459158,26.51184951000323,518.2864106344932,544.7983071564959
req_03438,ieee-activation-942891bfbe6347b2a3a855d442302144,3135.8193283081055,3688.8330410509952,512.9362462918943,4.850452861006488,29.716196497989586,0.8530781250010477,4.085446666009375,0.57229230098892,552.4413588179013,553.0137127428898
req_03439,ieee-activation-6c14ba67edf54cc9b80193ddbf12449f,3136.147144317627,3701.6630828150082,516.6079598483775,44.806234695992316,0.06447946700791363,3.3270428020041436,0.08899760998610873,0.6212240740132984,564.894645926368,565.5159384973813
req_03440,ieee-activation-59da24158a1045ee92d55d692e9c3b84,3136.6065673828125,3698.627747179009,516.6147541661921,40.35699532399303,1.0684902570064878,0.4026213990000542,2.7259244329907233,0.8523942170140799,561.1687584681786,562.0211797961965
req_03441,ieee-activation-942891bfbe6347b2a3a855d442302144,3136.61993598938,3702.7064557999984,516.6016538246186,40.03407102001074,6.245569234990398,1.6210500640008831,0.3667267989949323,1.2174488680029754,564.8690590126062,566.0865198106185
req_03442,ieee-activation-59da24158a1045ee92d55d692e9c3b84,3138.7001514434814,3698.4509061380086,514.5216101355181,40.08782042200619,0.1837247849907726,3.3211561890057055,0.9602352479996625,0.6762079150066711,559.0745225265127,559.7507546945271
req_03443,ieee-activation-6c14ba67edf54cc9b80193ddbf12449f,3138.7567024230957,3701.3088261340017,514.465149033902,44.35894565100898,0.04545038798823953,2.372620623005787,0.7933712100057164,0.5165868049953133,562.0355221499049,562.552123710906
req_03444,ieee-activation-59da24158a1045ee92d55d692e9c3b84,3139.5828704833984,3698.4533864569967,513.6390436396032,39.57516904300428,0.6960426079895115,1.6751944050047314,2.6067637109954376,0.6783025670010829,558.1921999955957,558.8705159735982
req_03445,ieee-activation-8411c4186c2c42b492909f7cff30a66f,3139.9974060058594,3712.880493838995,513.224571764149,39.184699851000914,17.27710898699297,0.35104704499826767,1.8325751570082502,1.0130850289860973,571.8699947031564,572.8830878331355
req_03446,ieee-activation-942891bfbe6347b2a3a855d442302144,3139.9985885620117,4083.0945019820065,873.9159965269937,55.37790112399671,7.875023474000045,2.4318686399928993,1.641422730011982,1.8537009249994298,941.2421736160031,943.0959134199948
req_03447,ieee-activation-59da24158a1045ee92d55d692e9c3b84,3140.2942295074463,3698.9833814510057,513.7876794885524,43.19362493000517,0.06380651399376802,0.2614059080078732,0.18284059599682223,1.1997945070033893,557.4893133805454,558.6891519435594
req_03448,ieee-activation-6c14ba67edf54cc9b80193ddbf12449f,3140.6539726257324,3701.838194277996,537.1925858922768,19.818191647995263,0.02263307799876202,3.1491059779946227,0.20303188600519206,0.7986731699929805,560.3854731812753,561.1842216522637
req_03449,ieee-activation-6c14ba67edf54cc9b80193ddbf12449f,3140.787733078003,3705.8635053290054,539.8082416090037,16.983893475000514,0.046270802995422855,7.729070803994546,0.17862460001197178,0.32967095999629237,564.746058573015,565.0757722510025
req_03450,ieee-activation-6c14ba67edf54cc9b80193ddbf12449f,3141.413236618042,3705.856320166,539.7296266639605,16.419894948994624,0.0632692630024394,5.882857671997044,2.0170077830116497,0.3304272169916658,564.1126152969664,564.4430835479579
req_03451,ieee-activation-59da24158a1045ee92d55d692e9c3b84,3142.4050521850586,3702.6523657320067,539.1121532079414,15.929070598998806,0.017257523009902798,3.7262562249961775,0.2986871799948858,1.1638888120069169,559.0833553369448,560.2473135469481
req_03452,ieee-activation-6c14ba67edf54cc9b80193ddbf12449f,3142.572235107422,3705.8569703569956,538.9452486545779,14.27841519699723,0.3276142270042328,7.696756492994609,1.7050613920000615,0.3316392859996995,562.9530699035677,563.2847352495737
req_03453,ieee-activation-59da24158a1045ee92d55d692e9c3b84,3146.449571609497,3698.6291945849953,535.068075878502,11.942116014004569,0.033674438993330114,2.9854819270112785,1.2967213639931288,0.853553352993913,551.3260377874976,552.1796229754982
req_03454,ieee-activation-942891bfbe6347b2a3a855d442302144,3148.430685043335,3803.6325023149984,533.4655881356739,10.965058626999962,100.80708856099227,7.020124303002376,1.1467384999996284,1.7972191449953243,653.4045577226789,655.2018172716635
req_03455,ieee-activation-59da24158a1045ee92d55d692e9c3b84,3148.973077774048,3700.8700607100036,532.9235595529608,15.66323796499637,0.010963289998471737,2.5480445659923134,0.21223796700360253,0.5389395950041944,551.3580016189517,551.8969829359557
req_03456,ieee-activation-8411c4186c2c42b492909f7cff30a66f,3153.3360633850098,3707.8601533600013,528.7180482879921,11.30971025400504,1.0571171740011778,11.091674233990489,1.440741059006541,0.9067989659961313,553.6172671129898,554.5240899749915
req_03457,ieee-activation-8411c4186c2c42b492909f7cff30a66f,3154.1087436676025,3707.012604839998,528.0308271604008,11.168083134994959,6.697781750001013,4.514113961005933,1.006051075994037,1.4870040899986634,551.4168273633986,552.9038611723954
req_03458,ieee-activation-942891bfbe6347b2a3a855d442302144,3155.232583999634,3699.5344639090035,526.9072914723656,14.123936957999831,0.06783248099964112,2.9656890890037175,0.19147577100375202,0.04565413799718954,544.2562045973755,544.3018799093697
req_03459,ieee-activation-942891bfbe6347b2a3a855d442302144,3156.634775161743,3742.554332294996,525.5052167832619,11.429646318996674,16.76100157700421,5.164992425998207,24.600116813002387,2.4585832149896305,583.4609498912614,585.919557133253
req_03460,ieee-activation-942891bfbe6347b2a3a855d442302144,3159.4423599243164,3710.1463298989984,522.6977240386914,15.366789482999593,0.07474212998931762,9.70335855599842,0.46936458301206585,2.3919911839911947,548.3119585936947,550.703969974682
req_03461,ieee-activation-942891bfbe6347b2a3a855d442302144,3159.7913036346436,3699.4466398950026,522.3488626683538,11.321455751007306,2.1063723919942277,1.8691678769973805,0.3452560860023368,1.664221486003953,537.9911001043511,539.655336260359
req_03462,ieee-activation-942891bfbe6347b2a3a855d442302144,3159.8581199645996,3707.5589600039966,522.5100194994011,15.233690766006475,2.6966568319912767,3.188073320998228,2.03850058199896,2.0338990390009712,545.6669026513991,547.700840039397
req_03463,ieee-activation-8411c4186c2c42b492909f7cff30a66f,3160.1505851745605,3707.0073259970086,522.2901040414436,13.822560325002996,6.862624026995036,1.8432714249938726,0.5636001810053131,1.4745808230072726,545.3821078874462,546.856740822448
req_03464,ieee-activation-8411c4186c2c42b492909f7cff30a66f,3161.202449798584,3707.758371420001,527.6319679014123,4.735608816001331,1.1590422190056415,10.783544599995366,1.4400031240074895,0.8057549609948182,545.7500953104172,546.5559216214169
req_03465,ieee-activation-8411c4186c2c42b492909f7cff30a66f,3163.1132583618164,3756.302269562002,526.1442537831899,8.077578981989063,54.59477130000596,0.6745153200026834,1.1284060059988406,2.5694858089991612,590.6194740821957,593.1890112001856
req_03466,ieee-activation-8411c4186c2c42b492909f7cff30a66f,3167.4810180664062,3713.9491088979994,524.0851856515947,5.8675051250029355,4.165639658996952,8.700102657996467,1.814584977008053,1.8350727609940805,544.6329821145919,546.4680908315931
req_03467,ieee-activation-6c14ba67edf54cc9b80193ddbf12449f,3167.49884223938,3706.463592472006,525.3619845886278,10.246795325001585,0.048054494996904396,1.860118725002394,0.5167330339900218,0.9310640650073765,538.0335857256287,538.9647502326261
req_03468,ieee-activation-59da24158a1045ee92d55d692e9c3b84,3168.2307777404785,3741.7126090149977,530.2220159065182,6.974938265004312,2.5575217970035737,9.18672822699591,22.924876189004863,1.6157508899923414,571.8660170905205,573.4818312745192
req_03469,ieee-activation-6c14ba67edf54cc9b80193ddbf12449f,3169.070281982422,3706.4610124610044,529.5565663605812,4.261120522001875,0.14609545600251295,1.8332513789937366,0.6649492550059222,0.9287475059973076,536.461925510579,537.3907304785826
req_03470,ieee-activation-59da24158a1045ee92d55d692e9c3b84,3172.238929748535,3740.9225017499994,526.3910590424639,6.892255301005207,4.543768039002316,5.349878793000244,24.68016650399659,0.8264443219959503,567.8570897874597,568.6835720014642
req_03471,ieee-activation-59da24158a1045ee92d55d692e9c3b84,3172.3168659210205,3741.714761013005,526.368868636986,4.341454451991012,0.8190663150016917,11.569635599007597,24.68069000900141,1.6181800799968187,567.7796840609954,569.3978950919845
req_03472,ieee-activation-59da24158a1045ee92d55d692e9c3b84,3173.764865875244,3756.485630777999,525.22057574676,6.503186410991475,43.99106340200524,3.5557336719939485,0.4191053820104571,3.031100288993912,579.6895876337658,582.720764902755
req_03473,ieee-activation-59da24158a1045ee92d55d692e9c3b84,3174.1619052886963,3741.713571062006,525.2900787463004,6.071198612000444,0.028038042000844143,10.196215229007066,24.3489081949956,1.6172269490052713,565.9344157913001,567.5516657733097
req_03474,ieee-activation-59da24158a1045ee92d55d692e9c3b84,3174.8568572998047,3802.6033146959962,524.5953304422001,6.071779031000915,92.60864713499905,2.297217343992088,1.40419885700976,0.7692845869896701,626.977159709204,627.7464573961915
req_03475,ieee-activation-59da24158a1045ee92d55d692e9c3b84,3175.155035018921,3738.603269775005,524.3802628030826,5.9872749490023125,0.006796998000936583,8.2769394099887,0.13387055600469466,24.663090040005045,538.7850934940798,563.4482347560843
req_03476,ieee-activation-942891bfbe6347b2a3a855d442302144,3175.9742279052734,3742.5550587519974,523.9434135497286,3.190953059005551,11.549648988991976,3.0430519860092318,22.405638349999208,2.4481249129894422,564.1326672887371,566.580830846724
req_03477,ieee-activation-942891bfbe6347b2a3a855d442302144,3179.7152042388916,3741.3117067300045,521.156481546117,2.237288788994192,6.034254155005328,4.8137883259914815,0.7978605950047495,26.55682908000017,535.0396198701201,561.5965024911129
req_03478,ieee-activation-942891bfbe6347b2a3a855d442302144,3181.0265159606934,3742.5557920639985,520.2890133003093,3.511707754994859,0.08380821099854074,11.213264170000912,23.97108162600489,2.4604010409966577,559.0688391653093,561.5292761033052
req_03479,ieee-activation-59da24158a1045ee92d55d692e9c3b84,3181.64093208313,3256.9745706630056,0.08359617587120738,5.2923130779963685,59.10277609201148,6.4326156489987625,0.644254082988482,3.7780835020093946,71.55552522986545,75.3336385798757
req_03480,ieee-activation-6c14ba67edf54cc9b80193ddbf12449f,3182.6947231292725,3709.7349846750003,518.9843020907283,4.1830872150021605,0.30504479000228457,3.120429085989599,0.2148114040028304,0.23258696000266355,526.8076413177187,527.0402615457278
req_03481,ieee-activation-59da24158a1045ee92d55d692e9c3b84,3182.887466430664,3752.0735854130035,518.9515880173421,6.353317229993991,35.51478899799986,3.8764220230077626,2.0476861229981296,2.442316590997507,566.7437574723444,569.1861189823394
req_03482,ieee-activation-6c14ba67edf54cc9b80193ddbf12449f,3187.253858566284,3712.650737381002,515.4531070617231,3.754843050992349,0.5407247200055281,4.787969031996909,0.325209493006696,0.5350254569930257,524.8618041067239,525.3968788147176
req_03483,ieee-activation-942891bfbe6347b2a3a855d442302144,3188.8753623962402,3756.112279435998,513.836881742769,4.771864258989808,42.31596569500107,2.914291752007557,1.0174389070016332,2.380474683988723,564.856415202783,567.2369170397578
req_03484,ieee-activation-6c14ba67edf54cc9b80193ddbf12449f,3189.226354598999,3744.8143846199964,516.6308698759967,32.58796432300005,0.07642555200436618,5.315305138006806,0.1787493669980904,0.798715764991357,554.7892855130049,555.5880300209974
req_03485,ieee-activation-6c14ba67edf54cc9b80193ddbf12449f,3193.246250152588,3742.172739943009,512.6111898934178,8.89865483099129,1.492969320010161,1.3277870239980984,22.528808538001613,2.067080184002407,546.8593961474253,548.9264897904213
req_03486,ieee-activation-8411c4186c2c42b492909f7cff30a66f,3194.064817428589,3742.684860820009,511.79902980240877,8.953088363006827,1.423112771997694,1.4769825969997328,22.389168545996654,2.5786613110103644,546.0413558974105,548.62004339142
req_03487,ieee-activation-6c14ba67edf54cc9b80193ddbf12449f,3194.320322036743,3749.839350248003,512.1440038842557,33.41821440499916,0.014759049998247065,7.860200940005598,1.8743591959937476,0.2074907360074576,555.3114733122493,555.5190282112599
req_03488,ieee-activation-6c14ba67edf54cc9b80193ddbf12449f,3195.798330307007,3743.3435394030093,510.672055048999,33.4098413479951,0.016956355000729673,1.8642053429939551,0.3429044229997089,1.23924657801399,546.3059279119916,547.5452090960025
req_03489,ieee-activation-8411c4186c2c42b492909f7cff30a66f,3195.8127460479736,3756.307247176999,511.208055960029,8.05817152200325,28.12547403499775,9.484437081002397,0.7633809449907858,2.8549815860023955,557.6394328550232,560.4945011290256
req_03490,ieee-activation-6c14ba67edf54cc9b80193ddbf12449f,3196.4088745117188,3744.5612308109994,510.61287178628845,32.777862919989275,0.09734972000296693,3.3774101080052787,0.41591572199831717,0.8709460429963656,547.2813575292967,548.1523562992807
req_03491,ieee-activation-942891bfbe6347b2a3a855d442302144,3200.4746437072754,3758.041975180997,506.7711817527306,31.12017275499238,6.831188360010856,10.432653252995806,0.6787328909995267,1.7334024619922275,555.8338730847317,557.5673314737214
req_03492,ieee-activation-6c14ba67edf54cc9b80193ddbf12449f,3201.745162963867,3744.8125921620085,505.826901443128,32.31402352001169,0.040576207989943214,3.677264990998083,0.1992823960026726,1.0093806400109315,542.0579910821252,543.0674291981413
req_03493,ieee-activation-8411c4186c2c42b492909f7cff30a66f,3201.8032035827637,3762.8894221579976,505.9930061592313,43.94006313300633,7.5130320510070305,2.1603390999953263,0.25318872099160217,1.226589411002351,559.8595934552286,561.0862185752339
req_03494,ieee-activation-942891bfbe6347b2a3a855d442302144,3204.3396911621094,4194.936944269008,882.9235420578916,33.35996834200341,44.06873984300182,5.682906866000849,22.136574282994843,2.4255217150057433,988.1717090748862,990.5972531068983
req_03495,ieee-activation-6c14ba67edf54cc9b80193ddbf12449f,3205.6431789398193,3749.8405043620005,504.0925811291818,30.146109440000146,6.648185440004454,2.764065779003431,0.46805072599090636,0.07833290800044779,544.1189489191747,544.1973254221812
req_03496,ieee-activation-942891bfbe6347b2a3a855d442302144,3206.0054035186768,3745.2900526500016,504.1499946303229,29.584824072997435,0.06311702400853392,3.387534715991933,0.4989180429984117,1.6002606450056192,537.6842984683171,539.2846491313248
req_03497,ieee-activation-8411c4186c2c42b492909f7cff30a66f,3206.992588043213,3756.3031396040024,505.65905173678766,27.415107877008268,6.0675053159939125,7.233543305992498,0.48324400300043635,2.4520993220066885,546.8583148977777,549.3105515607895
req_03498,ieee-activation-8411c4186c2c42b492909f7cff30a66f,3209.3489723205566,3756.302708971998,503.528808572446,27.04463210600079,5.129152237001108,8.261064227001043,0.4197046859917464,2.5703748230007477,544.3833388054481,546.9537366514414
req_03499,ieee-activation-6c14ba67edf54cc9b80193ddbf12449f,3209.6806354522705,3755.5567916349974,503.3528017117351,37.05407635399024,0.4124615130131133,4.697030031995382,0.08786877799138892,0.27191779400163796,545.6041588097287,545.8761561827268
req_03500,ieee-activation-6c14ba67edf54cc9b80193ddbf12449f,3212.7455139160156,3762.654112995995,501.2059817299887,38.392465576995164,0.19207224700949155,8.545426257987856,0.5771607380011119,0.9954925299971364,548.9130632339802,549.9085990799795
req_03501,ieee-activation-942891bfbe6347b2a3a855d442302144,3214.5659618377686,3762.653102023003,525.168440883237,11.460939832002623,1.0184863889880944,9.276115501008462,0.17317967300186865,0.9899779069965007,547.0970469852473,548.0871401852346
req_03502,ieee-activation-6c14ba67edf54cc9b80193ddbf12449f,3217.421962738037,3765.2752564480033,523.5886485129595,10.877074478004943,5.853861308001797,6.549531244003447,0.05633748399850447,0.9278406829980668,546.9253663009586,547.8532937099662
req_03503,ieee-activation-8411c4186c2c42b492909f7cff30a66f,3218.6146278381348,3770.0264809500077,522.7057706528722,11.525645812987932,9.768595984001877,4.934105979002197,1.830264301999705,0.6474703810090432,550.7643433308695,551.4118531118729
req_03504,ieee-activation-59da24158a1045ee92d55d692e9c3b84,3219.2297649383545,3763.403071837005,522.518940898648,10.228858561997185,3.997474421004881,4.745135132994619,0.8584312430029968,1.8244666410028003,542.3488044846454,544.1733068986505
req_03505,ieee-activation-6c14ba67edf54cc9b80193ddbf12449f,3222.7864685058594,3795.1736855400086,518.9624332121457,8.83792634299607,42.302788261004025,1.532137097994564,0.24939722199633252,0.5025348980125273,571.8846608511376,572.3872170341492
req_03506,ieee-activation-942891bfbe6347b2a3a855d442302144,3223.740451812744,3765.3586474490003,518.0144035882549,10.023669225003687,4.304111092002131,7.9450273319962434,0.3147603139950661,1.016224085004069,540.6019463722478,541.6181956362561
req_03507,ieee-activation-942891bfbe6347b2a3a855d442302144,3225.6093158721924,3769.508744596009,516.5644026328082,11.410940450005,4.479190407000715,7.561246450000908,0.6091444729972864,3.2745043110044207,540.6248890968127,543.8994287238165
req_03508,ieee-activation-6c14ba67edf54cc9b80193ddbf12449f,3225.9258346557617,3762.2580153809977,516.6307606252376,8.58222763199592,0.6529919690074166,7.797509226002148,1.988579122000374,0.6801121509924997,535.6520198912476,536.332180725236
req_03509,ieee-activation-6c14ba67edf54cc9b80193ddbf12449f,3226.4769954681396,3763.9118127740076,516.0798464058607,8.68839877100254,4.118796209993889,7.394378463999601,0.30971057900751475,0.8436868760036305,536.5910984038637,537.4348173058679
req_03510,ieee-activation-942891bfbe6347b2a3a855d442302144,3231.5894832611084,3769.347117860001,510.9675243258971,10.365442091002478,8.594056965986965,3.731410363005125,0.9565480210003443,3.142652832000749,534.6149526038935,537.7576345988928
req_03511,ieee-activation-6c14ba67edf54cc9b80193ddbf12449f,3232.762804031372,3858.1811945780064,509.92274981562514,54.21364682501007,32.28812538899365,5.362163227997371,19.503820662008366,4.12788462699973,621.2904789806344,625.4183905466343
req_03512,ieee-activation-8411c4186c2c42b492909f7cff30a66f,3235.3209323883057,3764.907578405997,508.0261140546936,9.687674871005584,4.963212176997331,5.761258779995842,0.15325046400539577,0.9951356709934771,528.591427945692,529.5866460176912
req_03513,ieee-activation-59da24158a1045ee92d55d692e9c3b84,3236.1955394744873,3794.4846057200048,507.819115636521,6.328646251989994,19.608394428010797,1.870695348989102,21.016022848998546,1.6461917310080025,556.6428370755166,558.2890662455175
req_03514,ieee-activation-59da24158a1045ee92d55d692e9c3b84,3236.99969291687,3794.4863870670088,507.56259903313185,7.510785104997922,9.452654781009187,8.989454805996502,22.322936172990012,1.6482642520131776,555.83839287312,557.4866941501386
req_03515,ieee-activation-8411c4186c2c42b492909f7cff30a66f,3237.152988433838,3762.578290297999,507.66065496717056,7.248867023998173,4.248695736998343,2.1272964559902903,3.139822222001385,0.9999654580024071,524.425301610172,525.4253018641612
req_03516,ieee-activation-59da24158a1045ee92d55d692e9c3b84,3239.2907886505127,3794.4856744630088,505.528187877484,6.257686657001614,18.210511823999695,3.2241788070095936,20.326305835988023,1.6480148110131267,553.5468544514733,555.1948858124961
req_03517,ieee-activation-942891bfbe6347b2a3a855d442302144,3239.6405086517334,3816.980805476007,505.6502501572686,7.723999826004729,50.302977739993366,10.839698907002457,1.8951113850052934,0.9282588089990895,576.4120030662743,577.3402968242735
req_03518,ieee-activation-59da24158a1045ee92d55d692e9c3b84,3242.8860912323,3829.7813220850076,506.9539522217092,47.65569758199854,27.196248943990213,3.352826663001906,0.3677787560009165,1.368726686006994,585.5264455547149,586.8952308527078
req_03519,ieee-activation-8411c4186c2c42b492909f7cff30a66f,3242.897148132324,3810.1535051690007,506.9496739616734,47.61104542200337,8.551066682994133,2.815433915005997,0.8801491049962351,0.4489879500033567,566.8073501126637,567.2563570366765
req_03520,ieee-activation-8411c4186c2c42b492909f7cff30a66f,3243.816909790039,3813.2828123619984,508.8512903949595,45.58281681900553,7.172998310998082,6.265935196002829,0.19906395899306517,1.3937978920002934,568.0720582609501,569.4659025719593
req_03521,ieee-activation-8411c4186c2c42b492909f7cff30a66f,3249.7852535247803,3810.151004052008,505.77745826022874,41.20162080098817,1.7320136839989573,9.895464578003157,1.3073021879972657,0.45189101601135917,559.9138033772178,560.3657505272276
req_03522,ieee-activation-6c14ba67edf54cc9b80193ddbf12449f,3250.1480617523193,3877.0087198260007,506.0089262816764,43.1853015430097,68.88649427999917,7.45084613499057,0.3492329140135553,0.9798569199920166,625.8807479786774,626.8606580736814
req_03523,ieee-activation-8411c4186c2c42b492909f7cff30a66f,3256.08553314209,3810.1464580070024,500.2224261449155,42.239888636991964,0.7546579890040448,9.166474672005279,1.2308269170025596,0.4466505049931584,553.6142439929245,554.0609248649125
req_03524,ieee-activation-942891bfbe6347b2a3a855d442302144,3258.074733734131,3811.191503283,498.23338761087507,39.62097184600134,9.8901651519991,3.5630163609894225,0.3255613280052785,1.483667250999133,551.633088792878,553.1167695488693
req_03525,ieee-activation-942891bfbe6347b2a3a855d442302144,3259.3163986206055,3858.4032994330046,496.9918471773999,40.11561671800155,30.113275347990566,6.9533881550014485,23.0336047210003,1.8791686930053402,597.2077199963969,599.0869008123991
req_03526,ieee-activation-59da24158a1045ee92d55d692e9c3b84,3261.651252746582,3803.225254391,494.6570836284227,40.174850879004225,0.8935751819954021,2.9191374340007314,1.539699428001768,1.3896550929930527,540.1843351184216,541.5740016444179
req_03527,ieee-activation-59da24158a1045ee92d55d692e9c3b84,3262.2844371795654,4201.701376637007,887.4503881044366,1.38314551700023,42.54737259399553,6.41475669000647,1.0221658009977546,0.5991107510053553,938.8178018154431,939.4169394574419
req_03528,ieee-activation-8411c4186c2c42b492909f7cff30a66f,3267.6692848205566,3805.965501148996,490.38470153445087,38.22156876399822,2.2205920220003463,6.875116983996122,0.05360399800701998,0.5406330259866081,537.7555453034583,538.2962163284392
req_03529,ieee-activation-8411c4186c2c42b492909f7cff30a66f,3269.3609886169434,3810.148727644002,492.89846652805863,39.530196671999875,2.6510547539946856,4.73802783600695,0.5268364539952017,0.44315678300336003,540.3444640460511,540.7877390270587
req_03530,ieee-activation-8411c4186c2c42b492909f7cff30a66f,3269.5350437164307,3811.9985243410047,493.0542161155754,35.95826184398902,5.0308935730136,7.501459920997149,0.1974258260015631,0.72122334499727,541.7422372205765,542.463480624574
req_03531,ieee-activation-6c14ba67edf54cc9b80193ddbf12449f,3272.237476348877,3812.507868364002,490.4174366201187,35.63673598901369,5.712305785986246,6.962264469009824,0.916772589989705,0.6248765610071132,539.6454526571179,540.2703920151253
req_03532,ieee-activation-59da24158a1045ee92d55d692e9c3b84,3274.4531478881836,3802.350982873002,488.2020407308155,34.7078031830024,0.4514024139934918,3.1175687050126726,0.9030244179884903,0.5159955340059241,527.3818173118052,527.8978349848185
req_03533,ieee-activation-942891bfbe6347b2a3a855d442302144,3274.5575008392334,3803.630132325008,488.4064572977659,33.234274853995885,1.1253563600039342,2.2685044620011467,2.243984400003683,1.7940541120042326,527.2785480247694,529.0726314857748
req_03534,ieee-activation-8411c4186c2c42b492909f7cff30a66f,3277.1927967071533,3805.4160134679987,486.2115427898534,37.668235256991466,0.021208612000918947,2.7919655840087216,0.545045217993902,0.9852192999969702,527.2379271798563,528.2232167608454
req_03535,ieee-activation-6c14ba67edf54cc9b80193ddbf12449f,3277.9000205993652,3804.0711084220093,486.01296836463735,32.28743056500389,1.8032528689946048,2.528028025000822,1.3027205340040382,2.2366874650033424,523.9343720286415,526.171087822644
req_03536,ieee-activation-59da24158a1045ee92d55d692e9c3b84,3281.441276550293,3988.3347397229954,483.46748813470185,32.129440864009666,187.6098219669948,2.722611083998345,0.15026621900324244,0.8138349039945751,706.0795955556969,706.8934631727025
req_03537,ieee-activation-59da24158a1045ee92d55d692e9c3b84,3282.8510131835938,3803.2234393310064,482.4480299304123,32.62526113700005,0.20870433199161198,1.5351839930081042,2.1665214499953436,1.3887253050052095,518.9836722184118,520.3724261474126
req_03538,ieee-activation-942891bfbe6347b2a3a855d442302144,3283.302309036255,3803.629248546,482.66781869075203,30.45231381499616,1.1813760179938981,1.825726372000645,2.4062894610106014,1.7934151529916562,518.5334206567641,520.326939509745
req_03539,ieee-activation-942891bfbe6347b2a3a855d442302144,3284.39670753479,3811.190212941001,484.9817356882122,28.234961366004427,0.7519501599890646,8.831603937011096,2.1128461649932433,1.8804080900008557,524.9129893942154,526.7935054062109
req_03540,ieee-activation-6c14ba67edf54cc9b80193ddbf12449f,3288.1072120666504,3869.3865013830073,481.40183067334874,28.03223172700382,66.84145728099975,3.7611110110010486,0.19235832900449168,1.0503002949990332,580.2289549513516,581.2792893163569
req_03541,ieee-activation-59da24158a1045ee92d55d692e9c3b84,3291.309341430664,3820.1741557170026,478.7181964133342,29.207426451001083,5.726280247996328,13.068219774999307,0.6869939970056294,1.4576974020019406,527.407089889326,528.8648142863385
req_03542,ieee-activation-59da24158a1045ee92d55d692e9c3b84,3292.185989379883,3889.1069509340014,502.3010560761177,3.4998152869957266,78.52040577300068,11.2727677100047,0.8528916020004544,0.474025105999317,596.4468668851187,596.9209615541185
req_03543,ieee-activation-6c14ba67edf54cc9b80193ddbf12449f,3292.423053741455,3813.3397176900035,502.06423581254785,4.948285189995659,6.058266394000384,7.573760971004958,0.04878241599362809,0.22333316500589717,520.6932923035492,520.9166639485484
req_03544,ieee-activation-942891bfbe6347b2a3a855d442302144,3293.993221282959,3811.2709461030026,500.49422022704675,3.8690066049894085,0.21062535700912122,8.687030654997216,2.0546915479935706,1.9621504280075897,515.315555297042,517.2777248200437
req_03545,ieee-activation-6c14ba67edf54cc9b80193ddbf12449f,3294.7842121124268,3821.390481434006,500.39444505557185,3.369826711001224,18.865912684996147,2.2699402750004083,0.3402162429993041,1.365928352010087,525.2403013595613,526.606269321579
req_03546,ieee-activation-8411c4186c2c42b492909f7cff30a66f,3297.0055713653564,3817.8430796030007,505.34633990864677,5.955565497992211,0.036023359003593214,6.939842829000554,1.557827755008475,1.001908887992613,519.8355286376463,520.8375082376442
req_03547,ieee-activation-6c14ba67edf54cc9b80193ddbf12449f,3298.260009765625,3817.8412823639956,504.43457752237737,6.511776301995269,0.0641885020013433,7.003647976001957,0.6645117400039453,0.9025705559906783,518.6786666763801,519.5812725983706
req_03548,ieee-activation-942891bfbe6347b2a3a855d442302144,3303.666353225708,3818.2545097149996,499.55814935029775,5.923241472002701,1.9855042299896013,4.10007581699756,1.6075214380107354,1.4136641819932265,513.1744237843086,514.5881564892916
req_03549,ieee-activation-59da24158a1045ee92d55d692e9c3b84,3312.680528640747,3812.2646462440025,490.7773611212615,2.9679669909965014,1.4837251040007686,1.7739371130010113,1.2874596379988361,1.293667635996826,498.2903955852671,499.58411760325544
req_03550,ieee-activation-8411c4186c2c42b492909f7cff30a66f,3314.624656677246,3820.3234022219985,489.0064319017547,8.735873615994933,1.4959315000014612,5.589980255012051,0.02136905799852684,0.849159213990788,504.8495388087613,505.69874554475246
req_03551,ieee-activation-942891bfbe6347b2a3a855d442302144,3315.4861278533936,3824.194158073995,488.1453115246113,9.24630090300343,1.0294477919960627,8.842072510000435,0.9538672359922202,0.4910302549978951,508.2169818516122,508.70803022060136
req_03552,ieee-activation-59da24158a1045ee92d55d692e9c3b84,3315.9144554138184,3818.5642803350056,487.94646072218893,5.19790577099775,3.455740085992147,4.007700260001002,0.4155229629977839,1.6264951190096326,501.02330068318406,502.64982492118725
req_03553,ieee-activation-59da24158a1045ee92d55d692e9c3b84,3322.7186794281006,3829.3633215599984,481.35336370789446,5.188413391006179,0.037770338996779174,17.47141122299945,1.6263936169998487,0.9672898540011374,505.6772964018892,506.64464213189785
req_03554,ieee-activation-59da24158a1045ee92d55d692e9c3b84,3324.9326000213623,3829.416415701009,480.48555982463586,3.8896715590090025,4.6819268580002245,13.555071430993848,0.7151673740008846,1.1564186330069788,503.3273617356317,504.4838156796468
req_03555,ieee-activation-942891bfbe6347b2a3a855d442302144,3324.9925365448,3821.7937054520007,480.9746827212075,6.400602422989323,1.539202985004522,5.868795057001989,0.3108782950002933,1.7070074259972898,495.0941322402068,496.8011689072009
req_03556,ieee-activation-942891bfbe6347b2a3a855d442302144,3325.342752456665,3819.7725612220092,484.80753921133874,2.4591224239993608,1.2977199250017293,3.8090415309998207,0.6995533689914737,1.3568323050130857,493.07291584833,494.4298087653442
req_03557,ieee-activation-942891bfbe6347b2a3a855d442302144,3326.1129360198975,3824.2013345379964,484.0376010431064,3.4886207380041014,0.5316817169950809,8.589895441997214,0.9458432530082064,0.49475632498797495,497.5936005931144,498.088398518099
req_03558,ieee-activation-59da24158a1045ee92d55d692e9c3b84,3326.9924869537354,3857.7252442390018,483.1667378672719,11.171179033000953,0.7562449789984385,10.385947681992548,21.58026528499613,3.672382439006469,527.0603449692717,530.7327572852664
req_03559,ieee-activation-8411c4186c2c42b492909f7cff30a66f,3328.7741107940674,3818.1879855949956,481.3853089099284,2.95830704200489,0.7453569850040367,0.7885646700015059,2.1888011370028835,1.3475360569864279,488.06632372194144,489.41387480092817
req_03560,ieee-activation-8411c4186c2c42b492909f7cff30a66f,3329.0855503082275,3818.187162918999,482.10673927576863,2.7896491560095455,0.19105661800131202,0.662976642997819,2.108343284999137,1.2428476329951081,487.8587035117671,489.10161261077155
req_03561,ieee-activation-8411c4186c2c42b492909f7cff30a66f,3329.0969734191895,3818.1883799350035,482.09569025180826,3.0082205280050403,0.08025342499604449,0.7700263500009896,1.8908756660093786,1.2463402949942974,487.8450082128111,489.091406515814
req_03562,ieee-activation-8411c4186c2c42b492909f7cff30a66f,3331.7811737060547,3821.9700405309995,479.49468393494317,2.0647072580031818,0.5232686609961092,5.589040390012087,0.02688385399233084,2.4902827269979753,487.69855776293844,490.18886682494485
req_03563,ieee-activation-8411c4186c2c42b492909f7cff30a66f,3332.26314163208,3828.546545680001,479.74358464691613,9.605806776002282,1.4328300630004378,3.5704140400048345,1.6445016740035499,0.2862668479938293,495.99710475091706,496.28340404792107
req_03564,ieee-activation-8411c4186c2c42b492909f7cff30a66f,3333.5701332092285,3830.2412496150064,478.7678882957698,9.627648624009453,1.0803054439893458,6.473462277004728,0.19860353900003247,0.523208226004499,496.14785713277524,496.67111640577787
req_03565,ieee-activation-8411c4186c2c42b492909f7cff30a66f,3334.273838043213,3830.240121505005,478.23473985078454,10.172805749010877,0.36497198398865294,6.473082223004894,0.19901664499775507,0.5216670100053307,495.4445765847777,495.96628346179205
req_03566,ieee-activation-8411c4186c2c42b492909f7cff30a66f,3334.788782119751,3828.585095322007,478.49478782525694,8.197017834987491,1.105952909012558,5.557916172998375,0.25227408099453896,0.1883643790060887,493.6079009312525,493.796313202256
req_03567,ieee-activation-8411c4186c2c42b492909f7cff30a66f,3337.308229446411,3828.583137488007,476.0396002415946,9.030583393992856,0.6676469490048476,3.187405864999164,2.0193841729924316,0.33028741901216563,490.9445555105922,491.27490804159606
req_03568,ieee-activation-6c14ba67edf54cc9b80193ddbf12449f,3337.639373779297,3829.079614525006,479.3425806497107,4.084963461995358,0.3588844759942731,3.2839032120100455,3.4560966019926127,0.9138123440061463,490.5263376257062,491.44024074570916
req_03569,ieee-activation-942891bfbe6347b2a3a855d442302144,3338.5541973114014,3858.4000782710064,479.6314238546038,3.3305402800033335,2.1828586449992144,8.66007026899024,21.695097677002195,4.3458902340062195,515.4999313395965,519.845880959605
req_03570,ieee-activation-942891bfbe6347b2a3a855d442302144,3341.4334297180176,3828.6425625840056,476.7525717129902,3.3317277249880135,0.6525500030111289,4.991943718996481,1.0967688969976734,0.3835708090045955,486.8255507469876,487.20913286598807
req_03571,ieee-activation-942891bfbe6347b2a3a855d442302144,3341.531421661377,3858.402508029001,476.72522966262477,2.8679295100009767,1.045538848004071,10.107774293996044,21.775200916992617,4.349413136005751,512.5216067256115,516.8710863676242
req_03572,ieee-activation-6c14ba67edf54cc9b80193ddbf12449f,3343.1733016967773,3829.082871371007,475.083732688232,3.1313880659872666,0.037559139003860764,6.19947246000811,0.63392617298814,0.8234911480103619,485.08603331023187,485.9095696742297
req_03573,ieee-activation-942891bfbe6347b2a3a855d442302144,3343.1815032958984,3858.401700703005,475.0760051091056,3.4821950659970753,1.1199181830015732,9.439630627995939,21.754490453007747,4.347957967998809,510.87218999210745,515.2201974071068
req_03574,ieee-activation-59da24158a1045ee92d55d692e9c3b84,3343.7313842773438,3857.7236306200066,474.6840600966534,3.1010743160004495,0.570307808011421,10.385770016990136,21.579638183000498,3.6713959220069228,510.32081262164866,513.9922463426628
req_03575,ieee-activation-8411c4186c2c42b492909f7cff30a66f,3345.9377460479736,3828.581903667,472.77813133802556,2.472868192999158,1.3975510750024114,4.248829639996984,1.5613048870000057,0.1854724860022543,482.45864914501726,482.6441576190264
req_03576,ieee-activation-6c14ba67edf54cc9b80193ddbf12449f,3347.4458179473877,3829.080712417999,471.3647675046086,2.7077077560097678,0.02213885699165985,5.230165845001466,1.4899827210028889,0.8201317869970808,480.8146673036099,481.63489447061147
req_03577,ieee-activation-8411c4186c2c42b492909f7cff30a66f,3351.2192344665527,3828.5842420650006,468.6436378824437,3.841031946009025,0.4161844799964456,3.238265132997185,0.9013005860033445,0.3245875709981192,477.04037514244555,477.36500759844785
req_03578,ieee-activation-59da24158a1045ee92d55d692e9c3b84,3353.4438819885254,3857.910025393998,466.73347725147323,3.0018876120011555,5.086783710998134,3.705749619010021,22.08715699399181,3.85108821799804,500.61499718746927,504.4661434054724
req_03579,ieee-activation-6c14ba67edf54cc9b80193ddbf12449f,3355.427089691162,3825.1893487199995,464.89710118483345,2.0553035190096125,0.08481224600109272,2.105678836989682,0.08578367900918238,0.5335795629944187,469.2286370278307,469.76225902883743
req_03580,ieee-activation-8411c4186c2c42b492909f7cff30a66f,3356.561138153076,3853.674659393,464.9049238779262,7.776550195994787,0.0827450180076994,0.7990928899962455,0.0966020759951789,23.453607182003907,473.65986338292714,497.113521239924
req_03581,ieee-activation-6c14ba67edf54cc9b80193ddbf12449f,3359.058473587036,3857.966975108997,462.73643526896194,7.92444345500553,0.20232975399994757,4.698295847003465,19.433556137999403,3.913441058990429,494.9949867029645,498.9085015219607
req_03582,ieee-activation-6c14ba67edf54cc9b80193ddbf12449f,3359.728504180908,3857.9679969370045,462.3301344530919,7.9327467100083595,0.031169280991889536,4.638125917001162,19.393722220003838,3.9135941749991616,494.3258511580934,498.2394927560963
req_03583,ieee-activation-942891bfbe6347b2a3a855d442302144,3359.9484329223633,3857.9310134260013,464.2523300386383,5.163502423994942,0.6021737609989941,4.496688668004936,19.58948460299871,3.8784010090021184,494.10414086363744,497.982580503638
req_03584,ieee-activation-59da24158a1045ee92d55d692e9c3b84,3365.3445053100586,3880.5845093950047,458.9959062819398,36.51428099600889,4.047686721998616,15.036477052999544,0.1540219820017228,0.4916310499975225,514.7482871719403,515.2400040849461
req_03585,ieee-activation-59da24158a1045ee92d55d692e9c3b84,3365.736234664917,3877.411941928003,459.4539649890794,31.734646316006547,0.41155359899858013,18.37177388400596,0.32157581199135166,1.382192663004389,510.29343310007243,511.6757072630862
req_03586,ieee-activation-6c14ba67edf54cc9b80193ddbf12449f,3368.115930557251,3868.8272478660074,460.4314753747458,28.457688274007523,0.5070004330045776,8.86733365598775,1.8712268900126219,0.5765926809981465,500.13467780574865,500.7113173087564
req_03587,ieee-activation-6c14ba67edf54cc9b80193ddbf12449f,3370.270938873291,3858.779162770006,458.311617430707,28.94380432300386,0.07828555299784057,0.3548107350070495,0.6118104259949178,0.2078954290045658,488.30028374670655,488.5082238967152
req_03588,ieee-activation-8411c4186c2c42b492909f7cff30a66f,3371.175458908081,3869.2851370790013,457.47295076692535,28.353577495989157,1.0612969720095862,9.073067744000582,1.1155926249921322,1.0331925670034252,497.07639768092486,498.10967817092023
req_03589,ieee-activation-6c14ba67edf54cc9b80193ddbf12449f,3371.3393001556396,3864.1239339830063,457.30942137236707,29.20896037199418,0.008561980997910723,4.406194979004795,0.8604808480013162,0.991014275001362,491.79356554936385,492.78463382736663
req_03590,ieee-activation-8411c4186c2c42b492909f7cff30a66f,3381.0937156677246,3869.284688380998,447.55521371227223,29.53522217500722,0.2831222480017459,8.709843892997014,1.0740859569923487,1.0334847280028043,487.1574471232598,488.19097271327337
req_03591,ieee-activation-942891bfbe6347b2a3a855d442302144,3381.246084213257,3876.0276660550007,447.403054887749,31.54188114000135,4.441419457987649,8.063772773006349,0.04693512500671204,3.2845184579928173,491.49702754075406,494.7815818417439
req_03592,ieee-activation-8411c4186c2c42b492909f7cff30a66f,3384.697883605957,3869.286875691003,444.3839199290378,28.828782961005345,0.15292807800869923,9.072837312996853,1.113534994001384,1.0369888099958189,483.5519647550391,484.5889920850459
req_03593,ieee-activation-942891bfbe6347b2a3a855d442302144,3385.5928592681885,3870.8126958939974,443.48916472481505,28.509662905998994,0.06388520200562198,11.631959312988329,0.820400017008069,0.7047644629928982,484.51505235281365,485.21983662580897
req_03594,ieee-activation-8411c4186c2c42b492909f7cff30a66f,3386.0548191070557,3869.2837874170073,443.1871218949527,28.283349818986608,0.5381164480058942,9.07294461800484,1.1145833939954173,1.0328521360061131,482.19609331694664,483.2289683099516
req_03595,ieee-activation-8411c4186c2c42b492909f7cff30a66f,3388.5462741851807,3869.2857208579953,440.87111967182136,28.445116717994097,0.20094924099976197,8.116882109010476,2.0713457059900975,1.0340332269988721,479.7053548488184,480.73944667281467
req_03596,ieee-activation-59da24158a1045ee92d55d692e9c3b84,3389.271795272827,3887.7777535869973,440.1458857371763,27.58271444500133,23.109000889991876,5.492714099003933,0.8571874299959745,1.3184557130007306,497.18747227516724,498.50595831417013
req_03597,ieee-activation-59da24158a1045ee92d55d692e9c3b84,3391.062698364258,3877.410258083997,438.9083148487407,27.030385044010472,3.00780976099486,14.329617123992648,1.5250010330055375,1.546431908995146,484.801089257744,486.34755971973937
req_03598,ieee-activation-8411c4186c2c42b492909f7cff30a66f,3391.4008502960205,3869.2863105180004,438.8399224549794,28.446736081998097,0.7373846859991318,7.763007002999075,1.0635481680074008,1.0348618279967923,476.8505555979791,477.8854602219799
req_03599,ieee-activation-8411c4186c2c42b492909f7cff30a66f,3393.6519145965576,3882.1177067499957,436.59461720044783,42.16734991100384,5.037819179997314,3.0314552749914583,0.23550996399717405,1.3990406230004737,487.06672551843803,488.4657921534381
req_03600,ieee-activation-8411c4186c2c42b492909f7cff30a66f,3398.519618988037,3864.7453012740007,455.53214382696024,5.065693273005309,0.3075732809957117,4.612491987005342,0.3676951859961264,0.34008473200083245,465.885563528951,466.22568228596356
req_03601,ieee-activation-942891bfbe6347b2a3a855d442302144,3399.935474395752,3870.0963369310048,457.84098947024904,2.956498555999133,1.3398240249953233,4.147377241009963,2.030196135994629,1.8459771070047282,468.31484223024745,470.1608625352528
req_03602,ieee-activation-942891bfbe6347b2a3a855d442302144,3400.832281112671,4364.479145025005,867.3534444843244,50.633476014001644,34.77455224900041,5.035919025001931,0.7852761550020659,5.064195985003607,958.5826526093297,963.6468639123341
req_03603,ieee-activation-8411c4186c2c42b492909f7cff30a66f,3403.2843284606934,4290.464414499002,868.2605377743021,7.5825228260073345,0.0687440399924526,5.297837492005783,2.4154317009961233,3.5550122050044592,883.6250467132922,887.1800860383082
req_03604,ieee-activation-942891bfbe6347b2a3a855d442302144,3403.3187046051025,3876.0426961210032,454.61282002189546,2.356249952004873,1.7843131919944426,10.663561421009945,0.4996915439987788,2.8073553849972086,469.9166054928937,472.7239915159007
req_03605,ieee-activation-942891bfbe6347b2a3a855d442302144,3403.838399887085,3876.038297405001,454.1291688509227,2.9433577559975674,1.1619216249964666,10.66280107300554,0.4992672219959786,2.803380990997539,469.3964770459279,472.1998975179158
req_03606,ieee-activation-942891bfbe6347b2a3a855d442302144,3407.3475914001465,3876.4613340259966,450.62616663385415,4.546851195002091,3.6811553050065413,8.215308431987069,1.447246214011102,0.5970148459891789,468.51669510785723,469.11374262585014
req_03607,ieee-activation-6c14ba67edf54cc9b80193ddbf12449f,3407.5968952178955,3864.420161465998,450.5858288111049,2.490924180994625,0.5751029670063872,1.8701486850040965,0.07168739500048105,1.229574208991835,455.59360479911265,456.8232662481023
req_03608,ieee-activation-6c14ba67edf54cc9b80193ddbf12449f,3408.237543106079,3864.122898464004,450.1636347109161,1.8816241510066902,0.8233297029946698,0.7159760490030749,1.3598003509978298,0.9409903930063592,454.9443103019148,455.8853553579247
req_03609,ieee-activation-6c14ba67edf54cc9b80193ddbf12449f,3409.294647216797,3870.407263900008,449.27467344921024,3.349610863995622,0.06821186399611179,6.672614340001019,0.6300709240022115,1.1174352420057403,459.9951554332074,461.11261668321094
req_03610,ieee-activation-942891bfbe6347b2a3a855d442302144,3412.436191558838,3876.4631126790046,446.1333424221666,4.498721929994645,0.07356773500214331,10.795147311000619,1.9265141329960898,0.599627589006559,463.42728180215636,464.02692112016666
req_03611,ieee-activation-59da24158a1045ee92d55d692e9c3b84,3414.2515201568604,3877.498674372997,444.31817381114524,2.667183361991192,10.5726146500092,3.778794897996704,0.378459165993263,1.531928329000948,461.7152091381431,463.24715421613655
req_03612,ieee-activation-59da24158a1045ee92d55d692e9c3b84,3414.803047180176,3880.5827662340016,443.97686695482116,3.833063908998156,4.294003370014252,13.103611586993793,0.08270899999479298,0.48946423300367314,465.2902118628117,465.77971905382583
req_03613,ieee-activation-8411c4186c2c42b492909f7cff30a66f,3421.8051433563232,3883.5487290510064,442.319803567676,8.400150732995826,1.550645418014028,9.301152818996343,0.10276018199510872,0.06907297500583809,461.6744393796689,461.74358569468313
req_03614,ieee-activation-6c14ba67edf54cc9b80193ddbf12449f,3423.5267906188965,3888.287915148001,440.59880125110794,7.532455980996019,9.048362715999247,6.790473008004483,0.2099254100030521,0.5811061629938195,464.179972622107,464.76112452910456
req_03615,ieee-activation-8411c4186c2c42b492909f7cff30a66f,3424.1686401367188,3878.8308636599977,440.1700578402815,8.408270781001193,1.9826875720027601,2.952990117002628,0.2836272799904691,0.8645899330003886,453.79760361528315,454.66222352327895
req_03616,ieee-activation-942891bfbe6347b2a3a855d442302144,3424.5190391540527,3876.464176788999,439.90205659494677,7.353238903000602,0.2800850729981903,2.598226980000618,1.2114383059961256,0.6000917780038435,451.34502766393416,451.94513763494615
req_03617,ieee-activation-8411c4186c2c42b492909f7cff30a66f,3425.497911453247,3886.926985903003,439.2477958207601,7.929894905988476,1.7337331630114932,9.75891303899698,2.1767360029916745,0.5820015180070186,460.8470495597576,461.4290744497557
req_03618,ieee-activation-942891bfbe6347b2a3a855d442302144,3431.5851669311523,3876.4603574140056,437.24432440285455,3.5856168679893017,0.12776357200345956,2.1925619870016817,1.1291201069980161,0.5958035460062092,444.2793203338515,444.8751904828532
req_03619,ieee-activation-6c14ba67edf54cc9b80193ddbf12449f,3433.426031112671,3885.5827915929985,435.8619348073262,2.660823596001137,1.6738699920097133,9.94245011098974,0.1268169340037275,1.890865039997152,450.2658411613229,452.15676048032765
req_03620,ieee-activation-6c14ba67edf54cc9b80193ddbf12449f,3436.365791320801,3885.5816299330036,432.922550863208,4.031454619995202,0.6833031849964755,9.583081236007274,0.1053883290005615,1.8900603789952584,447.32575597021787,449.2158386122028
req_03621,ieee-activation-6c14ba67edf54cc9b80193ddbf12449f,3436.5194702148438,3886.296442908002,432.7691853051656,3.1867673419910716,1.5274455890030367,9.583312774004298,0.1255585219914792,2.5847031610028353,447.19225022116734,449.7769726931583
req_03622,ieee-activation-8411c4186c2c42b492909f7cff30a66f,3438.814350128174,3883.3835419249954,430.47439736282104,4.118109191011172,6.493369336996693,3.2193178229936166,0.05333915801020339,0.21065892498882022,444.3585128858249,444.56919179682154
req_03623,ieee-activation-6c14ba67edf54cc9b80193ddbf12449f,3439.470823287964,3878.8988467000017,429.81807999004377,6.466111841989914,0.09761184699891601,0.984567417006474,0.4414094189996831,1.620242896999116,437.8077709010395,439.4280234120379
req_03624,ieee-activation-6c14ba67edf54cc9b80193ddbf12449f,3439.672431945801,3886.2813049280085,429.6165565682022,3.43960522999987,1.274462544999551,9.583124936005333,0.1049411069980124,2.5901825960027054,444.0186685212102,446.6088729822077
req_03625,ieee-activation-6c14ba67edf54cc9b80193ddbf12449f,3440.2437915802,3878.9001406860043,429.1434125657979,3.1394958830060204,1.4762996780045796,3.4248031259921845,0.5387931790028233,0.9335446740005864,437.7227558148006,438.6563491058041
req_03626,ieee-activation-8411c4186c2c42b492909f7cff30a66f,3447.223648071289,3886.925317900008,422.88343629371957,5.646866318988032,0.44208404900564346,8.94782021199353,1.2020278800046071,0.5794350750074955,439.1221843907115,439.7016698287189
req_03627,ieee-activation-8411c4186c2c42b492909f7cff30a66f,3448.240993499756,3887.3020971539954,422.1670798752457,5.4802506849955535,2.967326101002982,7.084482063000905,0.5185596299997997,0.8434052999946289,438.2176534902392,439.06110365423956
req_03628,ieee-activation-8411c4186c2c42b492909f7cff30a66f,3448.9298191070557,3886.9295978090086,421.88622565194964,4.38454923799145,0.10112014900369104,9.457085807007388,1.586531909997575,0.5842659460031427,437.41545433994906,437.9997787019529
req_03629,ieee-activation-942891bfbe6347b2a3a855d442302144,3450.2760524749756,3919.6394013310055,421.6679126340314,9.981143021999742,1.3204215909936465,9.9601763249957,24.717166052010725,1.7165292319987202,467.646771343032,469.3633488560299
req_03630,ieee-activation-6c14ba67edf54cc9b80193ddbf12449f,3452.7167739868164,4353.404120456995,834.1728861781885,27.45373117100098,8.888863735992345,1.9595809960010229,25.07351932799793,3.1387650609976845,897.5485698621778,900.6873464701785
req_03631,ieee-activation-8411c4186c2c42b492909f7cff30a66f,3452.9736938476562,3887.4089350830036,423.0651853513409,5.679407208008342,0.021540086003369652,5.467959593996056,0.17114466799830552,0.030004328000359237,434.4052164393361,434.43524123534735
req_03632,ieee-activation-942891bfbe6347b2a3a855d442302144,3455.5240211486816,3889.2362368690083,420.51936541331816,5.4146029819967225,1.7872745970089454,4.304442642998765,0.16248448999249376,1.5240455950115575,432.1881504623161,433.71221572032664
req_03633,ieee-activation-942891bfbe6347b2a3a855d442302144,3457.2640438079834,3891.755374404005,419.19823559801443,6.118710851005744,1.73231519300316,5.666950991988415,1.2788570060074562,0.49626095600251574,433.9950202390173,434.4913305960217
req_03634,ieee-activation-6c14ba67edf54cc9b80193ddbf12449f,3457.6453704833984,3888.5249905490055,418.8171789035987,5.195368718006648,0.6946749769995222,5.237757461000001,0.12209301600523759,0.8125469899969175,430.06704653261113,430.879620065607
req_03635,ieee-activation-6c14ba67edf54cc9b80193ddbf12449f,3460.8548908233643,3888.5231364710053,415.6158168766415,5.642097810996347,0.2399630599975353,5.237581972003682,0.12062053299450781,0.8121653950074688,426.85603455764067,427.668245647641
req_03636,ieee-activation-59da24158a1045ee92d55d692e9c3b84,3461.1796913146973,3919.207654091995,415.2914565363026,5.482034368003951,4.360252400001627,5.814338769996539,0.18148694500268903,26.89839375799056,431.12954224929854,458.02796277729794
req_03637,ieee-activation-59da24158a1045ee92d55d692e9c3b84,3461.9488277435303,3567.752892746008,19.674907447464648,39.431256238007336,41.47647120899637,4.613796022997121,0.4072746530000586,0.20035943201219197,105.60368152146111,105.80406500247773
req_03638,ieee-activation-942891bfbe6347b2a3a855d442302144,3464.8486194610596,3919.6311640740023,412.1610740049364,6.288236971013248,1.656525223996141,8.9095201829914,24.05920806400536,1.7079801660001976,453.0745230499306,454.78254461294273
req_03639,ieee-activation-942891bfbe6347b2a3a855d442302144,3465.727731704712,3919.6352232089994,411.693425778285,5.746788851000019,4.496437715002685,7.219127552001737,23.038832624995848,1.712878983002156,452.19458848127397,453.90749150428746
req_03640,ieee-activation-6c14ba67edf54cc9b80193ddbf12449f,3467.283218383789,4350.124584432007,819.6066192402068,27.458614336006576,0.05572546699841041,7.149456238999846,1.7223984589945758,26.84855230701214,855.9927867171937,882.8413660482183
req_03641,ieee-activation-942891bfbe6347b2a3a855d442302144,3467.751947402954,3950.4390967090003,410.14397672405175,4.923146878994885,59.17889636399923,4.506702042999677,1.2494326090090908,2.6849946869915584,480.0020960470574,482.6871493060462
req_03642,ieee-activation-942891bfbe6347b2a3a855d442302144,3471.574474334717,3950.4375736479997,407.2576716542826,4.46227939700475,55.2892128550011,6.758128075991408,2.4129166990023805,2.6828906320006354,476.18017558628344,478.8630993132829
req_03643,ieee-activation-59da24158a1045ee92d55d692e9c3b84,3471.9714012145996,3917.6296376579994,406.9280888584035,3.6257748950010864,5.216843489994062,3.2199438990064664,0.36915810299979057,26.298427197994897,419.3597729414032,445.6582364433998
req_03644,ieee-activation-59da24158a1045ee92d55d692e9c3b84,3472.2821369171143,3950.577873108996,406.7623891078838,3.0672330070083262,58.44631715399737,6.190153885996551,1.1044956170080695,2.7251474199874792,475.57056073889544,478.2957361918816
req_03645,ieee-activation-6c14ba67edf54cc9b80193ddbf12449f,3472.432201385498,3919.2664366590034,408.1516395314975,11.416284715000074,0.3102221510052914,5.1504002529982245,20.847413333001896,0.9582752900023479,445.87591190249077,446.8342352735053
req_03646,ieee-activation-6c14ba67edf54cc9b80193ddbf12449f,3475.1771202087402,3925.4576210689993,405.4952077932685,11.872701979998965,27.717669495992595,1.589065178995952,0.046357026003533974,3.5594993859995157,446.72097663226305,450.28050086025905
req_03647,ieee-activation-59da24158a1045ee92d55d692e9c3b84,3476.7494735717773,3926.819058036999,405.3993879702175,34.36979207400873,0.006279330991674215,8.864359464001609,0.08246899500954896,1.347296630992787,448.72223954122455,450.06958446522185
req_03648,ieee-activation-8411c4186c2c42b492909f7cff30a66f,3479.2544746398926,3933.496804359005,404.1302610121056,33.010904003996984,3.6099244760116562,9.932286448995,0.060960210001212545,3.49799356800213,450.7442899141024,454.2423297191126
req_03649,ieee-activation-8411c4186c2c42b492909f7cff30a66f,3479.278890609741,3929.9891520910023,404.27034933125833,34.22240681599942,0.07958515100472141,11.804705198999727,0.07276374500361271,0.26045123899530154,450.4497522002639,450.7102614812611
req_03650,ieee-activation-6c14ba67edf54cc9b80193ddbf12449f,3480.4369621276855,3919.2577618969954,405.78770836231706,6.37801919899357,0.6616828100086423,3.67844301200239,21.36594849800167,0.9489978879864793,437.8717706713214,438.8207997693098
req_03651,ieee-activation-8411c4186c2c42b492909f7cff30a66f,3481.184450149536,3919.9801947310043,405.1599736214703,5.857606050994946,1.7888165330077754,4.428614717995515,19.889550068997778,1.6711835890018847,437.1245332534745,438.79574458146817
req_03652,ieee-activation-8411c4186c2c42b492909f7cff30a66f,3483.2668266296387,3926.2465346289973,403.0778260023653,31.42803060899314,0.07872523499827366,5.611320167008671,1.8952116049913457,0.8885943810018944,442.0910904903576,442.97970799935865
req_03653,ieee-activation-8411c4186c2c42b492909f7cff30a66f,3488.1945304870605,3934.4380561480066,398.7317575699417,31.2189875710028,3.984331050000037,8.396641354993335,2.3755716099985875,1.5362365050095832,444.7072448179388,446.24352566094603
req_03654,ieee-activation-6c14ba67edf54cc9b80193ddbf12449f,3489.4762420654297,3926.0750329529983,397.46081444357696,31.373063421997358,0.24654457399446983,3.98786611900141,2.814143518000492,0.7163588109979173,435.8824070125702,436.5987908875686
req_03655,ieee-activation-6c14ba67edf54cc9b80193ddbf12449f,3491.371042251587,3926.0706742470065,395.566439393413,29.6010332559963,0.07252601301297545,5.718931913987035,3.029316979998839,0.7113844390114537,433.9882321904006,434.6996319954196
req_03656,ieee-activation-6c14ba67edf54cc9b80193ddbf12449f,3491.7655067443848,3926.074091510003,395.239716191616,31.374194500996964,0.17819793400121853,6.214085198997054,0.621774537008605,0.6806164029985666,433.6279271706153,434.30858476561843
req_03657,ieee-activation-6c14ba67edf54cc9b80193ddbf12449f,3491.8785305023193,3926.075771969001,395.4248838376807,31.255316444003256,0.40572522999718785,5.5554442910070065,0.8446164560009493,0.7112552079925081,433.48596135868866,434.1972414666816
req_03658,ieee-activation-8411c4186c2c42b492909f7cff30a66f,3494.0854892730713,3935.002418064003,393.3307236979308,30.75662715600629,8.933389500991325,7.2631245859956834,0.08346258901292458,0.5496012609946774,440.367282328938,440.9169287909317
req_03659,ieee-activation-8411c4186c2c42b492909f7cff30a66f,3497.4035453796387,3928.7265369130037,390.37562516736216,29.994684467004845,0.17436244500277098,10.2878120069945,0.29935377299261745,0.1911536740080919,431.1317797273514,431.322991533365
req_03660,ieee-activation-6c14ba67edf54cc9b80193ddbf12449f,3498.8206729888916,3926.072806701006,389.4679371761158,29.222783710996737,0.08246959499956574,4.753091973005212,3.0120610679878155,0.7137901890091598,426.53830391011434,427.2521337121143
req_03661,ieee-activation-942891bfbe6347b2a3a855d442302144,3499.2773933410645,3932.7283554930036,389.2490386929421,3.997042652001255,26.823477352998452,9.495429046990466,0.826826301010442,3.059148105996428,430.3917446249543,433.45096215193917
req_03662,ieee-activation-59da24158a1045ee92d55d692e9c3b84,3503.215721130371,3996.183636861999,385.31142133862886,27.895088752004085,70.60985635500401,2.872772361995885,0.735527593002189,5.543249330992694,487.4246206146345,492.9679157316277
req_03663,ieee-activation-59da24158a1045ee92d55d692e9c3b84,3507.615432739258,3927.325184725996,381.4975046877371,28.517568423005287,3.868808077007998,3.9590006079961313,0.9478669020027155,0.9190032889891881,418.79070578074607,419.7097519867384
req_03664,ieee-activation-59da24158a1045ee92d55d692e9c3b84,3507.7099685668945,3926.8195735400077,381.5271382101055,28.53622994599573,0.15706480501103215,7.45889088299009,0.08185726701049134,1.3484238620003453,417.7611358411086,419.10960497311316
req_03665,ieee-activation-8411c4186c2c42b492909f7cff30a66f,3509.6051597595215,3934.424096200004,382.271593564481,29.54419590999896,4.846154767001281,4.562213887998951,2.071835769005702,1.5229425419965992,423.29594407748664,424.8189364404825
req_03666,ieee-activation-942891bfbe6347b2a3a855d442302144,3510.588535308838,3938.715866989005,381.721278505167,28.317746961998637,7.099498629992013,7.623930044006556,2.092317335002008,1.2725602040009107,426.8547471251659,428.1273316801671
req_03667,ieee-activation-6c14ba67edf54cc9b80193ddbf12449f,3510.7699279785156,3926.0764830609987,407.15196094349085,2.914794885000447,0.17710727600206155,4.116766531995381,0.32787889399332926,0.618046552001033,414.6884584804793,415.3065550824831
req_03668,ieee-activation-6c14ba67edf54cc9b80193ddbf12449f,3511.7587509155273,3926.2749400839966,407.50694155447127,1.7494731560000218,0.0399698600085685,4.760432937997393,0.42750099999830127,0.03187065999372862,414.48428849446645,414.5161891684693
req_03669,ieee-activation-942891bfbe6347b2a3a855d442302144,3511.9034061431885,3935.000119163,407.36246447381563,2.1557281209970824,1.2201983450067928,8.587821451001219,1.672501144988928,2.0979994840017753,420.99869589781156,423.09671301981143
req_03670,ieee-activation-59da24158a1045ee92d55d692e9c3b84,3517.289150238037,3935.485356500998,402.185919668962,2.6034475799970096,6.741528610000387,3.495739161007805,1.1770486239984166,1.992522618995281,416.20365705896984,418.1962062629609
req_03671,ieee-activation-942891bfbe6347b2a3a855d442302144,3518.933614730835,3934.797048663997,400.70267176516063,1.4140573200129438,1.297380986987264,8.863149391007028,1.6919798369926866,1.8941946330014616,413.96921591516,415.863433933162
req_03672,ieee-activation-942891bfbe6347b2a3a855d442302144,3519.4728298187256,3932.7295971389976,400.16387923728325,1.2642933549941517,1.1871594020049088,6.319501980993664,1.2620467399974586,3.05988660499861,410.19686841127987,413.25676732027205
req_03673,ieee-activation-59da24158a1045ee92d55d692e9c3b84,3520.0957736968994,3939.155519086009,399.7033176161058,5.3569006210018415,0.0803094599978067,10.295975895001902,1.9860548169963295,1.6371869800059358,417.4225281711115,419.0597453891096
req_03674,ieee-activation-942891bfbe6347b2a3a855d442302144,3523.892702102661,3935.001401607995,396.08848711334576,0.9211676749982871,9.11277336400235,3.378817392993369,0.1260264470038237,1.4814275129901944,409.6272469203541,411.1086995053338
req_03675,ieee-activation-6c14ba67edf54cc9b80193ddbf12449f,3525.6631813049316,3997.3260403650056,399.79651774506783,2.720288274009363,60.25541088699538,6.244812767996336,1.5243509200081462,1.1214784659969155,470.5413376090728,471.66285906007397
req_03676,ieee-activation-6c14ba67edf54cc9b80193ddbf12449f,3526.017910003662,3953.5892744750017,399.4529128103459,3.3587112899986096,19.511989934995654,2.265641559002688,0.0794531029969221,2.902655773999868,424.6686822693446,427.5713644713396
req_03677,ieee-activation-6c14ba67edf54cc9b80193ddbf12449f,3526.2726135253906,3939.386801860004,399.79928742861375,2.4638148739904864,1.3836901120084804,6.593672364993836,1.054918751004152,1.8188048040028661,411.2953295986081,413.1141883346136
req_03678,ieee-activation-8411c4186c2c42b492909f7cff30a66f,3526.3629112243652,3935.330085787995,399.8789883806312,1.6833535820042016,0.2848819570062915,6.229300409991993,0.0268800710036885,0.8637701629922958,408.10336207662476,408.96717456362967
req_03679,ieee-activation-8411c4186c2c42b492909f7cff30a66f,3527.6156787872314,3934.430787870995,398.62647274977644,2.2350000779988477,0.07092364400159568,2.8016904549876926,1.567188733999501,1.5138334229995962,405.3012630447629,406.8151090837637
req_03680,ieee-activation-6c14ba67edf54cc9b80193ddbf12449f,3530.7112789154053,3939.387641763009,395.53098178959044,2.6961707310110796,6.4913599569990765,1.4809532729996135,0.6568934020033339,1.8200036950001959,406.85634252859745,408.67636284760374
req_03681,ieee-activation-6c14ba67edf54cc9b80193ddbf12449f,3531.894567489624,3935.544813351007,394.34777289937483,3.1030904200015357,1.9436329510062933,1.5881297209998593,0.641964411988738,2.0256554580118973,401.62458174036874,403.65024586138315
req_03682,ieee-activation-6c14ba67edf54cc9b80193ddbf12449f,3532.537919998169,3941.187781269997,393.70449746082886,2.8067100070038578,1.8834405340021476,8.22549908500514,0.5498559949919581,1.4798581899958663,407.1699930748291,408.64986127182783
req_03683,ieee-activation-6c14ba67edf54cc9b80193ddbf12449f,3536.223087310791,3985.6926393629983,390.02407534721715,2.6427597009897,51.76299304299755,2.675537629009341,0.8650887629919453,1.4990975690016057,447.97041423821065,449.4695520522073
req_03684,ieee-activation-6c14ba67edf54cc9b80193ddbf12449f,3537.8165760040283,3948.8690504120023,388.4612079599756,3.448262429999886,9.529509191997931,6.726707437002915,1.770572113993694,1.116215275003924,409.93623239897715,411.05247440797393
req_03685,ieee-activation-59da24158a1045ee92d55d692e9c3b84,3538.6639442443848,3938.8818763960007,388.25093185162405,2.5804916419874644,1.0758808990067337,6.337518735992489,0.6133405120053794,1.3597685109998565,398.8581067806226,400.21793215161597
req_03686,ieee-activation-59da24158a1045ee92d55d692e9c3b84,3539.1612968444824,3950.577440527006,387.7541279715224,3.072473178996006,5.547817679005675,10.779727005996392,1.4381616430036956,2.8238362039992353,408.5922809585318,411.4161436825234
req_03687,ieee-activation-59da24158a1045ee92d55d692e9c3b84,3541.202465057373,3950.5769052270043,386.1279646296316,5.272975818996201,6.325678655994125,7.297213601006661,1.527016113002901,2.823591350999777,406.5507272856339,409.37444016963127
req_03688,ieee-activation-8411c4186c2c42b492909f7cff30a66f,3546.322313308716,3949.222814448003,382.404555518282,13.339742896001553,0.37021230200480204,3.9129379660007544,1.4046764279919444,1.468376029006322,401.4320892352698,402.90050113928737
req_03689,ieee-activation-6c14ba67edf54cc9b80193ddbf12449f,3546.325584411621,3953.5934577599983,383.66568086137704,11.801497456006473,0.12144006599555723,8.273559150999063,0.4861266549996799,2.9195691589993658,404.3482805493695,407.2678733483772
req_03690,ieee-activation-6c14ba67edf54cc9b80193ddbf12449f,3550.449192047119,3953.5928568999952,382.45118259088486,9.168705114003387,0.2850078439951176,7.217839503005962,1.0260597479937132,2.9948700529930647,400.14875089489215,403.1436648528761
req_03691,ieee-activation-59da24158a1045ee92d55d692e9c3b84,3553.621608734131,3950.678592003009,379.2791861908772,9.10734640499868,2.7210477309999987,3.083437438996043,0.05952362599782646,2.806441877008183,394.25052428887284,397.05698326887796
req_03692,ieee-activation-8411c4186c2c42b492909f7cff30a66f,3553.829584121704,3951.5743242540048,379.6805925002991,8.677435620993492,1.0242846800101688,6.946300055991742,0.5151502360095037,0.9009770389966434,396.84371367630956,397.74474013230065
req_03693,ieee-activation-6c14ba67edf54cc9b80193ddbf12449f,3555.0526485443115,3953.5920279120037,379.3769548506971,7.76116195198847,0.8342405860021245,7.2311851600097725,0.4253346459881868,2.9105021730065346,395.6288402246864,398.53937936769216
req_03694,ieee-activation-59da24158a1045ee92d55d692e9c3b84,3556.608798980713,3950.5879167640087,377.8400385212881,7.740619036994758,0.44484824599931017,4.3449010440090206,0.8731757259956794,2.735535209008958,391.24354437929287,393.9791177832958
req_03695,ieee-activation-942891bfbe6347b2a3a855d442302144,3557.2669200897217,3976.9242866849963,377.18221972127503,9.064127603007364,0.7338207690045238,5.09845071399468,1.253568505999283,26.32517928199377,393.3321591082786,419.65736659527465
req_03696,ieee-activation-942891bfbe6347b2a3a855d442302144,3557.822271347046,3992.318587860005,377.05325052596163,8.421155842996086,43.62596259199199,3.443066745006945,0.2738667509984225,1.6790140560042346,432.8172760259622,434.4963165129593
req_03697,ieee-activation-942891bfbe6347b2a3a855d442302144,3560.4623832702637,3992.3201612400007,374.7526318457385,6.852793576006661,42.523312377990806,5.620583377007279,0.4275611810007831,1.6808956119930372,430.1768463827466,431.85777796973707
req_03698,ieee-activation-942891bfbe6347b2a3a855d442302144,3562.0653591156006,3978.8021572330035,373.1505119164067,8.378432441997575,5.809767416998511,5.282511818993953,22.702361261006445,1.413213261999772,415.3235687664128,416.73679811740294
req_03699,ieee-activation-59da24158a1045ee92d55d692e9c3b84,3562.1127758026123,3978.8829290919966,373.10317187939654,6.974444166989997,9.572724880010355,1.74559966698871,23.87925787900167,1.4949548169970512,415.27518448339833,416.7701532893843
req_03700,ieee-activation-942891bfbe6347b2a3a855d442302144,3562.9743041992188,3978.8064790970093,372.5717850297806,6.380510702001629,34.908922065005754,0.253158823994454,0.3144443829951342,1.4033538940129802,414.42876654077554,415.83217489779054
req_03701,ieee-activation-942891bfbe6347b2a3a855d442302144,3566.9923915863037,3950.4384297340002,368.56138320069294,6.514358415006427,0.09142097199219279,3.349874676001491,2.3607110410084715,2.568289842995,380.877716464689,383.4460381476965
req_03702,ieee-activation-8411c4186c2c42b492909f7cff30a66f,3567.7408390045166,4383.105130604003,785.5954641744902,21.31480274099158,0.07383056399703491,0.6777758880052716,6.30881650900119,1.3936017230007565,813.9706660384836,815.364291599486
req_03703,ieee-activation-8411c4186c2c42b492909f7cff30a66f,3569.270669937134,3992.4794487239997,369.61175675387494,2.7722669319919078,46.788587603005,2.0118163979932433,0.18473870800517034,1.8396123919956153,421.36909786387696,423.2087787868659
req_03704,ieee-activation-8411c4186c2c42b492909f7cff30a66f,3569.2801513671875,3951.567721272004,369.60275070481293,2.0224052779958583,0.9072446970094461,8.320341999991797,0.54075312599889,0.8940740990074119,381.3934772618086,382.28756990481634
req_03705,ieee-activation-8411c4186c2c42b492909f7cff30a66f,3570.2462635040283,3948.783004779005,368.9105840369739,3.6064721470029326,0.8218604159919778,2.808860288001597,1.3598174750077305,1.0291469119983958,377.5075678799767,378.5367412749765
req_03706,ieee-activation-8411c4186c2c42b492909f7cff30a66f,3570.462984085083,3985.694063146002,368.92522219491366,2.803801794012543,36.559313844991266,4.424384204001399,0.9207545100071002,1.597602512993035,413.6334273299144,415.231079060919
req_03707,ieee-activation-8411c4186c2c42b492909f7cff30a66f,3570.4666080474854,3948.241645040005,368.921831584521,2.8037680269917473,1.019829255004879,1.1914235750009539,0.059349118993850425,3.7788354320073267,373.9961539075157,377.77503699251974
req_03708,ieee-activation-8411c4186c2c42b492909f7cff30a66f,3570.9071350097656,3996.872801923004,370.28140783023264,49.864849628997035,1.3372652940015541,1.0129075230070157,2.552711324999109,0.9165253120008856,425.0490819742263,425.96566691323824
req_03709,ieee-activation-8411c4186c2c42b492909f7cff30a66f,3570.9578552246094,3996.792233625005,377.28477869939525,43.6368736000004,0.5124293769913493,1.120796021001297,2.5766771720082033,0.7028235309990123,425.13145943339623,425.8343784003955
req_03710,ieee-activation-59da24158a1045ee92d55d692e9c3b84,3570.97239112854,4002.761852662996,377.7421706194582,42.78787258399825,7.4176953740097815,0.5482258650008589,1.5759975359978853,1.7174995559907984,430.07192874746397,431.78946153445577
req_03711,ieee-activation-6c14ba67edf54cc9b80193ddbf12449f,3571.762815475464,4010.4085176030057,377.0259200825385,42.45328157499898,16.833944903002703,0.28792906799935736,0.4776136690052226,1.5670128299971111,437.07865634854534,438.6457021275419
req_03712,ieee-activation-6c14ba67edf54cc9b80193ddbf12449f,3571.764295578003,3997.324250000005,377.10605641700386,42.37015318199701,0.849676793004619,2.8885416529956274,1.226694953002152,1.1188314239989268,424.44108162600605,425.5599544220022
req_03713,ieee-activation-6c14ba67edf54cc9b80193ddbf12449f,3573.34499168396,3997.9008736889955,375.88117503504327,41.76896498599672,1.0948185239976738,2.8339345270069316,1.2803093969996553,1.6966795359912794,422.8591387700435,424.5558820050355
req_03714,ieee-activation-59da24158a1045ee92d55d692e9c3b84,3576.7677516937256,4054.067229213004,373.8168850372749,41.92926124899532,56.19681691500591,3.6757459210057277,0.9256359819992213,0.7551324149972061,476.54430000328284,477.2994775192783
req_03715,ieee-activation-59da24158a1045ee92d55d692e9c3b84,3576.898910522461,4002.6607921760005,373.68593272454746,42.07677573399269,1.9561225850047776,5.236379719994147,1.1641990579955745,1.6424718320049578,424.11938850954175,425.7618816535396
req_03716,ieee-activation-942891bfbe6347b2a3a855d442302144,3576.9001026153564,3996.8720087719994,373.68488156863896,41.731858869010466,0.15632717499102,1.5598993390012765,2.2702903050085297,0.5686488999926951,419.4032387156476,419.97190615664294
req_03717,ieee-activation-942891bfbe6347b2a3a855d442302144,3577.6588859558105,3997.7376761650085,372.9264277011971,40.343309821997536,1.150243287003832,5.05313932900026,0.10074903699569404,0.5049210330034839,419.5738488132047,420.0787902091979
req_03718,ieee-activation-8411c4186c2c42b492909f7cff30a66f,3577.7075176239014,4049.8634177950007,372.8779478790966,52.23574636199919,18.333453257000656,1.151233297001454,25.31254972300667,2.2449696529947687,469.9109057281021,472.15590017109935
req_03719,ieee-activation-8411c4186c2c42b492909f7cff30a66f,3577.7255420684814,3996.807767204009,372.86105023152777,40.851224292986444,0.9536243700131308,1.0528439479967346,2.512395393991028,0.8510868990124436,418.2311221885175,419.08222513552755
req_03720,ieee-activation-8411c4186c2c42b492909f7cff30a66f,3577.7470779418945,3996.8143385059957,372.9257663471071,41.708310900998185,0.010885252995649353,1.4191093050030759,2.278603020007722,0.7245857379894005,418.34264460111444,419.06726056410116
req_03721,ieee-activation-59da24158a1045ee92d55d692e9c3b84,3578.469533920288,4003.519769991006,372.211383626709,43.05075973299972,0.8861762620072113,7.221375950000947,0.37485824899340514,1.3056822500075214,423.7445340807026,425.0502360707178
req_03722,ieee-activation-8411c4186c2c42b492909f7cff30a66f,3579.4600372314453,3998.960942910009,372.1117523075518,40.1050901980052,0.7147242829960305,5.140353042006609,0.3095761729928199,1.1194096750114113,418.38145319354953,419.50090567856387
req_03723,ieee-activation-8411c4186c2c42b492909f7cff30a66f,3581.0140686035156,3996.809042560999,370.5683285994892,40.895729444004246,0.3563718599907588,2.6442514060036046,0.726403394000954,0.6038892539945664,415.1910537504882,415.7949739574833
req_03724,ieee-activation-59da24158a1045ee92d55d692e9c3b84,3581.2405490875244,4003.5183387730067,372.3502559254848,38.67144819798705,5.363945484001306,4.337485481009935,0.4306292749970453,1.124025322002126,421.1536336664867,422.2777896854823
req_03725,ieee-activation-942891bfbe6347b2a3a855d442302144,3587.4476280212402,3997.2310590760026,366.87714614276774,36.85326843099028,0.9016939069988439,3.0869403590040747,1.0382286609965377,1.0261535540048499,408.75724922875816,409.78343105476233
req_03726,ieee-activation-6c14ba67edf54cc9b80193ddbf12449f,3587.9617080688477,3998.539524248001,366.36318809216027,37.301278739992995,0.8604554659978021,3.6218797050096327,1.1220785019977484,1.3089356739947107,409.26887036216795,410.57781617915316
req_03727,ieee-activation-59da24158a1045ee92d55d692e9c3b84,3588.0771713256836,4012.859287661995,366.24778533431527,37.55181560300116,12.341292669007089,5.085409995997907,1.032826832990395,2.522985900999629,422.25911717730924,424.78211633631145
req_03728,ieee-activation-6c14ba67edf54cc9b80193ddbf12449f,3590.6379470825195,4001.971520583,386.3152015334781,15.36802275601076,0.5051888809975935,5.555841155000962,0.37716619299317244,3.2121529819996795,408.12139161147934,411.33357350048027
req_03729,ieee-activation-942891bfbe6347b2a3a855d442302144,3595.644723892212,4067.0976506190054,383.1702271667891,12.810571983995032,70.44153335900046,3.9583585310028866,0.4517535589984618,0.6204821270075627,470.8323756717873,471.4529267267935
req_03730,ieee-activation-942891bfbe6347b2a3a855d442302144,3596.51167678833,4059.193756433,382.30470752766996,13.36001808900619,59.064014285002486,3.6340278089919593,0.8325480430066818,3.4867638909927336,459.19529229767795,462.68207964467
req_03731,ieee-activation-59da24158a1045ee92d55d692e9c3b84,3601.67338180542,4009.7884286369954,377.40675854458823,14.802082488997257,13.23776380099298,0.6012686930043856,0.6540435159986373,1.4131297879939666,406.701891158591,408.11504683157546
req_03732,ieee-activation-942891bfbe6347b2a3a855d442302144,3603.676332473755,4003.453382206004,382.40224794624373,5.489199199000723,0.512051641009748,7.021960187994409,1.917307769996114,2.43428298800427,397.3427296192385,399.777049732249
req_03733,ieee-activation-6c14ba67edf54cc9b80193ddbf12449f,3604.349796295166,4067.8738639549993,381.7290027978306,5.7992552390060155,64.63169616399682,6.421756847004872,3.4098846970009618,1.5324719149939483,461.9915750808286,463.52406765983324
req_03734,ieee-activation-6c14ba67edf54cc9b80193ddbf12449f,3604.865156173706,4003.207163754996,383.47032780229347,3.5418302409962052,0.6098583120037802,7.841793248997419,0.688988578011049,2.1892093989881687,396.15272880130215,398.3420075812901
req_03735,ieee-activation-59da24158a1045ee92d55d692e9c3b84,3608.646203994751,4008.2350652589957,383.6732166522561,9.65360191000218,0.06211061899375636,5.22771231700608,0.056489706999855116,0.91573005898681,398.6730700342596,399.58886126424477
req_03736,ieee-activation-942891bfbe6347b2a3a855d442302144,3608.8137073516846,4059.338390377001,383.56612908632087,9.95101028199133,52.1337116620125,1.3420357829891145,0.23079687300196383,3.3009993390005548,447.2236027253239,450.52468302531634
req_03737,ieee-activation-8411c4186c2c42b492909f7cff30a66f,3610.628828048706,4013.9107329560065,381.85109844928957,9.912462083011633,0.9030648219923023,8.085812593999435,0.8919571930018719,1.637509766005678,401.64437559829094,403.2819049073005
req_03738,ieee-activation-8411c4186c2c42b492909f7cff30a66f,3611.6145401000977,4013.9189007770037,384.5892365779,5.7060531949973665,1.3854279130027862,8.086008211001172,0.9081693430052837,1.6294654369994532,400.6748635919066,402.3043606769061
req_03739,ieee-activation-8411c4186c2c42b492909f7cff30a66f,3611.858491897583,4013.9201607190043,384.95522863342194,5.582127429996035,0.8996761220041662,8.085741913993843,0.8916836389980745,1.647211083007278,400.41441831841075,402.06166882142134
req_03740,ieee-activation-8411c4186c2c42b492909f7cff30a66f,3612.4736194610596,4012.8606378730037,384.34030154693755,6.2846389610058395,0.8873850209929515,4.871214925005916,1.4795614610047778,2.523916496997117,397.86308196594473,400.38701841194415
req_03741,ieee-activation-8411c4186c2c42b492909f7cff30a66f,3615.7486743927,4013.911314551995,381.065362725305,6.6380969820020255,5.410395422994043,2.7424736829998437,0.6847083650063723,1.621602980987518,396.5410182313062,398.1626401592948
req_03742,ieee-activation-942891bfbe6347b2a3a855d442302144,3617.195779800415,4075.5379735419992,379.68192624358926,5.939160597001319,63.47346677699534,4.302962354995543,3.6978732670104364,1.246804501992301,457.0953404085885,458.3421937415842
req_03743,ieee-activation-8411c4186c2c42b492909f7cff30a66f,3618.3858184814453,4013.731608504997,378.49218003154965,5.9420774720056215,0.47552633499435615,6.6775194560032105,0.4378645250108093,3.320622203988023,392.02514731856354,395.3457900235517
req_03744,ieee-activation-942891bfbe6347b2a3a855d442302144,3618.475908279419,4008.692634638006,378.40223148658697,6.166077536996454,0.5850996049994137,3.0356164569966495,0.6497062080015894,1.3779950650059618,388.83871361658385,390.21672635858704
req_03745,ieee-activation-942891bfbe6347b2a3a855d442302144,3625.602876663208,4013.3093418299977,371.6296100837935,5.589091628004098,0.4917033520032419,5.546027176998905,1.6385957409947878,2.8114371849951567,384.89500202878844,387.7064651667897
req_03746,ieee-activation-6c14ba67edf54cc9b80193ddbf12449f,3628.9298934936523,4010.409526169009,368.3953273323568,5.157843198991031,0.5347581950045424,5.174895971998922,0.5302146159956465,1.6865933610097272,379.7930092813476,381.4796326753567
req_03747,ieee-activation-942891bfbe6347b2a3a855d442302144,3628.9404296875,4013.1353302729985,368.5897446555027,4.85951926499547,0.9227228189993184,6.794034595004632,0.3911151560023427,2.637764094994054,381.5571132595069,384.19490058549854
req_03748,ieee-activation-6c14ba67edf54cc9b80193ddbf12449f,3629.3684692382812,4013.8958556050056,368.3705531307205,4.475721986003919,0.47419530600018334,8.247122817992931,1.3365179800020996,1.6232751460047439,382.904045274714,384.5273863667244
req_03749,ieee-activation-6c14ba67edf54cc9b80193ddbf12449f,3630.714588165283,4049.2518623500073,367.18716359272366,4.6992772959929425,11.241750237008091,9.490787450995413,24.15166724799201,1.766628360011964,416.7706124367105,418.5372741847241
req_03750,ieee-activation-6c14ba67edf54cc9b80193ddbf12449f,3631.5671405792236,4013.8986581089994,366.9736668437836,4.443508470998495,7.08405406899692,0.9199394390016096,1.3007304140046472,1.6096182929904899,380.72184154979186,382.33151752977574
req_03751,ieee-activation-8411c4186c2c42b492909f7cff30a66f,3635.082773208618,4013.73020387,363.9589561103785,5.157941092009423,0.37962789500306826,5.35388690099353,0.4770264370017685,3.31999222599552,375.32738232437987,378.6474306613818
req_03752,ieee-activation-6c14ba67edf54cc9b80193ddbf12449f,3636.904565811157,4060.540302530004,365.1263224838476,18.933313938992796,32.32879648300877,4.8555799780006055,1.0766242829995463,1.315099551997264,422.3205101838539,423.6357367188466
req_03753,ieee-activation-59da24158a1045ee92d55d692e9c3b84,3637.2217025756836,4020.1263405579957,365.5332484363171,12.548881579001318,0.389197955999407,1.1421527479978977,2.2980515109957196,0.9931057520007016,381.9115029043169,382.9046379823121
req_03754,ieee-activation-942891bfbe6347b2a3a855d442302144,3637.7836875915527,4048.6925069770077,365.03532289745635,12.511148815989145,0.25797668599989265,5.8075826360000065,26.090439363004407,1.2063489870051853,409.7024206314527,410.908819385455
req_03755,ieee-activation-59da24158a1045ee92d55d692e9c3b84,3638.533422470093,4049.2505503510038,364.6743559489114,11.724842729992815,0.7601583580108127,5.295606435989612,2.386455821004347,25.87570858700201,384.84138130390784,410.717127880911
req_03756,ieee-activation-8411c4186c2c42b492909f7cff30a66f,3639.7069187164307,4054.3000119070057,363.7494404985773,43.546654029996716,2.853493905000505,0.8686966209934326,2.6830529200087767,0.8917552159982733,413.7013012605894,414.593093190575
req_03757,ieee-activation-59da24158a1045ee92d55d692e9c3b84,3645.3273754119873,4049.251547809996,358.19858909801405,13.979508150994661,0.06858169600309338,6.1851532440050505,23.837206736992812,1.6551334719988517,402.26900354800455,403.9241723980085
req_03758,ieee-activation-942891bfbe6347b2a3a855d442302144,3645.3756465911865,4021.324732070003,358.1507765598217,15.340730005991645,0.07684734300710261,0.5368419349979376,0.7031942110043019,1.1406954239937477,374.8082834388333,375.9490854788164
req_03759,ieee-activation-942891bfbe6347b2a3a855d442302144,3646.1005115509033,4019.659310604009,362.274406892102,6.8664818620018195,0.3465520689933328,1.132570638001198,2.413449871004559,0.5253377210028702,373.03339822510316,373.55879905310576
req_03760,ieee-activation-59da24158a1045ee92d55d692e9c3b84,3646.1093196868896,4049.250932673007,362.61313029611483,6.87649728100223,0.5458206189941848,6.706264819003991,24.632981435002876,1.7669185359991388,401.37465141012217,403.14161298611725
req_03761,ieee-activation-6c14ba67edf54cc9b80193ddbf12449f,3646.513847351074,4049.251251196998,363.6394876669219,8.837245054004597,0.028866484994068742,3.330503897013841,25.133403303989326,1.7678974390000803,400.96945660391066,402.73740384592384
req_03762,ieee-activation-59da24158a1045ee92d55d692e9c3b84,3647.255102157593,4054.778771666999,363.2394704294129,4.640554821991827,38.76567384500231,0.5346047350030858,0.03812799000297673,0.3052376879932126,407.218384821419,407.5236695094063
req_03763,ieee-activation-59da24158a1045ee92d55d692e9c3b84,3647.4993591308594,4020.1247754649958,362.9954081911419,4.959466571002849,0.6903887380030937,0.7211732110008597,2.26712384998973,0.9918557729979511,371.63354040113336,372.6254163341364
req_03764,ieee-activation-6c14ba67edf54cc9b80193ddbf12449f,3647.9455909729004,4049.2523323009955,364.91434734310315,2.2150274790037656,0.2997412809927482,7.59611509500246,24.513815601996612,1.7676945279963547,399.5390044430969,401.3067413280951
req_03765,ieee-activation-942891bfbe6347b2a3a855d442302144,3647.945816040039,4019.6579981359973,365.12866030595615,2.437626369006466,0.5425343959941529,1.7178280340012861,1.3609834509989014,0.5245495400013169,371.1875873469544,371.71218209595827
req_03766,ieee-activation-8411c4186c2c42b492909f7cff30a66f,3648.0148391723633,4067.098833580996,365.1231619836326,7.114584097012994,41.61919246899197,1.9542940569954226,2.6008676900091814,0.6718941119906958,418.4120631156402,419.08399440863286
req_03767,ieee-activation-8411c4186c2c42b492909f7cff30a66f,3648.9586791992188,4049.8639927460026,364.36047364678234,7.194988528994145,1.2936295649997192,0.6750936660100706,25.135878542001592,2.2452495979960077,398.66003464079404,400.9053135467839
req_03768,ieee-activation-6c14ba67edf54cc9b80193ddbf12449f,3650.576862335205,4053.512213434995,363.155421275791,6.78138623200357,28.687517646001652,0.22784262200002559,0.43659406900405884,3.6465892549895216,399.2887396747974,402.93535109978984
req_03769,ieee-activation-8411c4186c2c42b492909f7cff30a66f,3651.3550300598145,4049.8614248759986,362.4637899061927,6.434406350992504,0.9016756280034315,1.2193238180043409,25.243879992995062,2.2433191199961584,396.2630276011914,398.5063948161842
req_03770,ieee-activation-8411c4186c2c42b492909f7cff30a66f,3651.51863861084,4049.862636175996,362.3789877081581,6.291479452003841,0.9657424509932753,1.1510501970042242,25.3134478580032,2.2432898989936803,396.10063168515626,398.3439975651563
req_03771,ieee-activation-59da24158a1045ee92d55d692e9c3b84,3651.536470413208,4049.1514495840092,362.37307792779757,6.280757752989302,0.3960630190122174,2.313018002998433,24.583020171994576,1.6690422960091382,395.945901503801,397.61497917080123
req_03772,ieee-activation-6c14ba67edf54cc9b80193ddbf12449f,3651.992021560669,4049.2500633220043,361.92244061033125,6.276500431995373,0.42426097800489515,1.6752317649952602,25.328537927009165,1.6310700489993906,395.6269440143369,397.25804176133533
req_03773,ieee-activation-6c14ba67edf54cc9b80193ddbf12449f,3652.7942695617676,3699.9169588420045,0.4211519962409511,44.231539716987754,0.06982549700478557,1.3639298640046036,0.4285745849920204,0.6076676210068399,46.51497766323155,47.122689280236955
req_03774,ieee-activation-6c14ba67edf54cc9b80193ddbf12449f,3652.8427963256836,4125.904962907007,361.07769397732045,6.465398604996153,73.77215303499543,5.504458880008315,20.847910130003584,5.394551953999326,467.6675894433283,473.06216658132325
req_03775,ieee-activation-8411c4186c2c42b492909f7cff30a66f,3655.6894912719727,4059.7648333899997,358.2313505450293,33.13725429899932,8.052959314998589,3.0265731330000563,1.087191985003301,0.5400128409964964,403.5353141550295,404.07534211802704
req_03776,ieee-activation-59da24158a1045ee92d55d692e9c3b84,3656.505683898926,4193.7140134530055,363.1530469150748,49.55281070599449,95.45950257401273,5.10812828798953,22.732508548011538,1.2023325229965849,536.0059177210787,537.2083295540797
req_03777,ieee-activation-59da24158a1045ee92d55d692e9c3b84,3659.330051422119,4126.453749745007,360.61870784788334,48.44918797799619,25.796087095004623,6.335671616994659,20.153579183999682,5.770464601009735,461.3531878908834,467.12369832288823
req_03778,ieee-activation-8411c4186c2c42b492909f7cff30a66f,3660.762851715088,4079.343743438003,359.3938192379137,49.30704324699764,0.43250499400892295,0.41106111599947326,4.3730953539925395,4.663367774002836,413.9174986009166,418.5808917229151
req_03779,ieee-activation-8411c4186c2c42b492909f7cff30a66f,3661.279764175415,4094.6532202579983,358.87723856259254,53.146802812989336,15.918485782007338,1.8516139230050612,2.8791352459957125,0.7001797559933038,432.67326117958874,433.3734560825833
req_03780,ieee-activation-6c14ba67edf54cc9b80193ddbf12449f,3662.0832843780518,4076.4291071769985,359.2431471839518,47.42134838599304,0.8564686220051954,1.279092879005475,3.799429834994953,1.746335892996285,412.59942928394594,414.34582279894676
req_03781,ieee-activation-942891bfbe6347b2a3a855d442302144,3662.260908126831,4083.2209368470067,386.43252912617754,25.480431864998536,0.03454854799201712,6.045261717998073,0.9867363509983988,1.980521112011047,418.9794294121675,420.9600287201756
req_03782,ieee-activation-942891bfbe6347b2a3a855d442302144,3662.6424045562744,4075.512360009001,386.61610160273267,20.5229298369959,0.5798241409938782,0.23203563599963672,4.089186822006013,0.8298774139984744,412.04005052972934,412.8699554527266
req_03783,ieee-activation-8411c4186c2c42b492909f7cff30a66f,3664.5328369140625,4079.344305976003,384.7259310859372,24.046108889000607,0.005643131997203454,0.2723312070011161,1.1109851930086734,4.650469554995652,410.1609788759379,414.81146906194044
req_03784,ieee-activation-6c14ba67edf54cc9b80193ddbf12449f,3665.758108139038,4083.095317704996,383.5007501519576,24.520286938000936,0.09128703200258315,6.474978193000425,0.8937264490086818,1.856180801987648,415.48101546795806,417.3372095659579
req_03785,ieee-activation-8411c4186c2c42b492909f7cff30a66f,3665.845708847046,4120.031664401002,383.4132215039572,26.46579863599618,11.542601463996107,5.30742009000096,1.5551901090075262,25.901723750997917,428.28421024695854,454.18595555395586
req_03786,ieee-activation-6c14ba67edf54cc9b80193ddbf12449f,3666.66690826416,4083.093884034999,382.5921062078414,23.94462948400178,0.06511876599688549,5.198128823001753,2.4942085450020386,2.132783944995026,414.29417940184067,416.4269757708389
req_03787,ieee-activation-8411c4186c2c42b492909f7cff30a66f,3666.666965484619,4087.933817847006,382.5921425893757,24.86889236001298,7.8796727859880775,0.2845313639991218,4.143321634008316,1.4982916290027788,419.76854566537077,421.266852362387
req_03788,ieee-activation-59da24158a1045ee92d55d692e9c3b84,3667.0583820343018,4084.887236611001,382.20079377270304,24.597877145002712,0.06467089799116366,6.8448078200017335,0.4730700619984418,3.6476348790019983,414.1812023967068,417.8288545766991
req_03789,ieee-activation-8411c4186c2c42b492909f7cff30a66f,3667.8155975341797,4082.762675721009,381.4437032708229,25.433249687004718,1.6813819569943007,1.2883535779983504,3.5299127549951663,1.5704769390140427,413.3765875198151,414.94707818682946
req_03790,ieee-activation-8411c4186c2c42b492909f7cff30a66f,3670.5168380737305,4087.262398870007,379.348092478278,25.10415971999464,1.4056560750032077,5.748116918999585,2.77162025400321,2.3679153499979293,414.3776167612814,416.74556079627655
req_03791,ieee-activation-8411c4186c2c42b492909f7cff30a66f,3670.8465824127197,4087.246943209,379.0184473382833,24.8158924330055,1.4167320589913288,5.950534862000495,2.8450969440018525,2.353657159997965,414.04669322128757,416.40036079628044
req_03792,ieee-activation-942891bfbe6347b2a3a855d442302144,3672.2500705718994,4083.0930999150005,377.615025292107,23.440552537998883,0.4054116420011269,3.65663502899406,3.593804881995311,2.131599960004678,408.71140773310617,410.8430293431011
req_03793,ieee-activation-942891bfbe6347b2a3a855d442302144,3673.3699913024902,4079.011891522008,376.4952342595061,24.061453686008463,0.18648968999332283,1.3601096560014412,0.2530908930057194,3.2855220350029413,402.35636282550695,405.641900219518
req_03794,ieee-activation-6c14ba67edf54cc9b80193ddbf12449f,3673.370632171631,4087.5512955519953,380.1423529023741,20.641334788000677,8.167901762994006,0.21339254200574942,3.90025783899182,1.1154235459980555,413.0651693963737,414.1806633803644
req_03795,ieee-activation-59da24158a1045ee92d55d692e9c3b84,3673.4042072296143,4088.0951533920015,380.6639136853919,20.10544606699841,8.868583717994625,1.4259354560053907,1.9907107719918713,1.6363564640050754,413.0545365743892,414.69094616238726
req_03796,ieee-activation-6c14ba67edf54cc9b80193ddbf12449f,3673.4109592437744,4083.0301774980035,380.89169248222606,19.871804862006684,0.02926376998948399,6.363339380011894,0.6729609909962164,1.7901567689987132,407.8289954042266,409.61921825422905
req_03797,ieee-activation-942891bfbe6347b2a3a855d442302144,3674.1158409118652,4076.9166058730043,380.6641900761315,19.348469084012322,0.0797227189905243,1.0402792030072305,0.2018668870005058,1.4662369919969933,401.3344869401335,402.80076496113907
req_03798,ieee-activation-6c14ba67edf54cc9b80193ddbf12449f,3674.1247692108154,4082.0860689580004,385.0696819051809,15.002450534011587,2.5739926109963562,0.20737180300056934,2.3630066229961812,2.744796270999359,405.2164442711801,407.96129974718497
req_03799,ieee-activation-59da24158a1045ee92d55d692e9c3b84,3674.1731853485107,4083.278497213003,385.16589638849837,14.836624533985741,0.0307195580098778,2.8793443859904073,1.8649262150138384,4.327800782994018,404.777465033505,409.10531186449225
req_03800,ieee-activation-942891bfbe6347b2a3a855d442302144,3674.5403213500977,4094.6480078669993,385.2259552139003,14.408739784004865,14.307891531992937,1.8850601880112663,3.5859265649924055,0.6941132339998148,419.4135474099021,420.1076865169016
req_03801,ieee-activation-59da24158a1045ee92d55d692e9c3b84,3674.5471935272217,4084.8862043359986,385.99396712078305,13.634056645998498,0.023752798995701596,3.4303638910059817,3.3334758400014834,3.923394511992228,406.4155664127902,410.33901080877695
req_03802,ieee-activation-59da24158a1045ee92d55d692e9c3b84,3675.366346359253,4084.8888336039963,391.7332197117503,7.0766896400018595,0.030284520995337516,4.57745846400212,2.177756478995434,3.9270784289983567,405.5953740797413,409.5224872447434
req_03803,ieee-activation-59da24158a1045ee92d55d692e9c3b84,3676.953664779663,4084.8880530960014,390.1462717313407,7.1162897309986874,2.9000948530010646,0.4958627960004378,3.5981055540032685,3.677763650994166,404.2565910593403,407.9343883163383
req_03804,ieee-activation-942891bfbe6347b2a3a855d442302144,3677.7102241516113,4155.358589398995,390.16477979838965,52.30830110500392,30.445691004992113,0.5594928159989649,0.5345383870007936,3.6355621359980432,474.01274365939025,477.6483652473835
req_03805,ieee-activation-59da24158a1045ee92d55d692e9c3b84,3678.058832168579,4130.162348858008,397.47783651342615,21.182284462993266,22.395905167009914,3.377796558997943,2.688561156988726,4.981132830012939,447.12235102542036,452.10351668942894
req_03806,ieee-activation-6c14ba67edf54cc9b80193ddbf12449f,3680.644407272339,4129.788646675996,395.0317330916587,21.039847104009823,22.396101053993334,5.0493452079972485,1.261980064009549,4.3652328819880495,444.7789814796706,449.1442394036567
req_03807,ieee-activation-59da24158a1045ee92d55d692e9c3b84,3682.1234397888184,4126.553829222001,394.3142028871807,20.12328403099673,0.07419446601124946,4.288446551989182,19.983265788003337,5.646995709001203,438.78336218718323,444.4303894331824
req_03808,ieee-activation-59da24158a1045ee92d55d692e9c3b84,3684.8912239074707,4148.203334017002,392.0588496575365,56.386762775000534,0.060307323990855366,7.612928950009518,2.8599136189877754,4.333347784006037,458.97871226252755,463.3121101095312
req_03809,ieee-activation-8411c4186c2c42b492909f7cff30a66f,3684.9417514801025,4128.846376083995,394.3988794469042,41.34931524199783,0.03156235300411936,2.5249435789883137,2.1759905540093314,3.4239334289886756,440.48066346990527,443.90462460389244
req_03810,ieee-activation-942891bfbe6347b2a3a855d442302144,3687.4844646453857,4130.160953473998,393.4758215496113,39.065498556010425,0.0065867319935932755,5.1825864410056965,0.21848545799730346,4.727510091994191,437.94891044961696,442.6764888286125
req_03811,ieee-activation-942891bfbe6347b2a3a855d442302144,3687.9199047088623,4133.612418842997,393.04078394614044,39.07160070899408,0.09263430100691039,6.092132659003255,0.49633746600011364,6.8990250529896,438.79347167914966,445.6925141341344
req_03812,ieee-activation-8411c4186c2c42b492909f7cff30a66f,3688.9042644500732,4132.6481153979985,393.19162859792414,37.932185149998986,0.02444012599880807,6.443704331002664,3.183031207998283,2.968861535002361,440.7749462219217,443.74385094792524
req_03813,ieee-activation-6c14ba67edf54cc9b80193ddbf12449f,3690.5682334899902,4219.090277354,392.19606152201595,60.88182050999603,71.97992948300089,1.594770277995849,0.9471199230029015,0.922342147998279,527.5996524290094,528.5220438640099
req_03814,ieee-activation-8411c4186c2c42b492909f7cff30a66f,3690.845504760742,4132.646349130009,394.04433249226713,35.13932633199147,0.02350544699584134,6.443553623001208,2.046690451010363,4.103436024000985,437.69734623326804,441.800844369267
req_03815,ieee-activation-8411c4186c2c42b492909f7cff30a66f,3693.159896850586,4129.711679600005,391.7302577364171,35.136711383005604,0.024185471993405372,3.7817355830047745,1.5901497000013478,4.288742874996387,432.2630039554206,436.55178274941863
req_03816,ieee-activation-6c14ba67edf54cc9b80193ddbf12449f,3693.8808002471924,4125.909642279003,391.0095269258163,9.561072016993421,0.5157678149989806,2.1542833120038267,23.388620212994283,5.399571749003371,426.6292337488121,432.0288420318102
req_03817,ieee-activation-942891bfbe6347b2a3a855d442302144,3696.714702606201,4144.512219368,388.1757988317986,35.07321757099999,14.649688033008715,4.310404751988244,0.1007095870008925,5.487697987002321,442.3097865817981,447.79751676179876
req_03818,ieee-activation-59da24158a1045ee92d55d692e9c3b84,3697.996644973755,4126.455892921003,386.89416271324444,9.619576042998233,1.5244803620007588,4.525737488002051,19.95009756500076,5.94519377600227,422.51401080524374,428.4592479472485
req_03819,ieee-activation-6c14ba67edf54cc9b80193ddbf12449f,3700.0035495758057,4125.907754390995,384.8879900861939,11.606016371995793,0.08469755901023746,3.05376126000192,21.055508833000204,5.216230704987538,420.68794016620086,425.9042048151896
req_03820,ieee-activation-59da24158a1045ee92d55d692e9c3b84,3700.1172218322754,4130.165704565996,384.77460775773216,11.82513042599021,22.395644750999054,5.021999849006534,1.288575746002607,4.742524203989888,425.305928101734,430.04848273372045
req_03821,ieee-activation-942891bfbe6347b2a3a855d442302144,3702.44136428833,4151.093511473999,382.4508249516657,35.26820061200124,18.857219818004523,6.982017953007016,3.735676460986724,1.358207390003372,447.29390835565573,448.6521471856686
req_03822,ieee-activation-59da24158a1045ee92d55d692e9c3b84,3703.9602584838867,4130.164373845997,380.93222749611596,11.827695814994513,22.394831286001136,2.8445358690078137,3.2070292650023475,4.9977956309885485,421.2062880041194,426.2041153621103
req_03823,ieee-activation-8411c4186c2c42b492909f7cff30a66f,3704.4662170410156,4130.791927514001,380.4264096949919,35.13761536999664,0.023577839994686656,6.442402708998998,3.18234108100296,1.1133637780003482,425.2123217999906,426.3257104729855
req_03824,ieee-activation-59da24158a1045ee92d55d692e9c3b84,3704.7040004730225,4130.089501640003,380.18875222497445,34.306860511002014,0.5499275269976351,3.1539946630073246,2.4898657360026846,4.696100504996139,420.6893658819754,425.38550116698025
req_03825,ieee-activation-6c14ba67edf54cc9b80193ddbf12449f,3707.679609298706,3744.013201876005,0.3410282722907141,31.86393006501021,0.012826253994717263,2.2742279789963504,0.14000664300692733,1.701573364000069,34.63197861229128,36.33359257729899
req_03826,ieee-activation-8411c4186c2c42b492909f7cff30a66f,3708.484977722168,4150.197300954009,378.7783992998302,33.42851760100166,16.090866194004775,6.282604972991976,0.9026417640125146,6.229293399999733,435.4830151578353,441.71232323184086
req_03827,ieee-activation-6c14ba67edf54cc9b80193ddbf12449f,3709.752658843994,4150.792131586,377.7999209710106,31.726353006000863,18.073766683999565,5.350588728993898,1.2653103440097766,6.8235330079915,434.21584745701693,441.0394727420062
req_03828,ieee-activation-6c14ba67edf54cc9b80193ddbf12449f,3712.9844036102295,4208.046960431006,374.9500812147744,8.78223914699629,106.18516345499665,3.6036609100119676,0.420950253988849,1.1204618400079198,493.94205654476536,495.0625568207761
req_03829,ieee-activation-6c14ba67edf54cc9b80193ddbf12449f,3715.0313720703125,4139.477796444,373.0646296636842,31.025443067002925,12.817483398001059,3.2932168609986547,1.5052935330022592,2.7403578509984072,421.7060095976776,424.4464243736875
req_03830,ieee-activation-8411c4186c2c42b492909f7cff30a66f,3715.5652046203613,4159.550033734995,379.08438097764156,49.18498770199949,8.654941311993753,0.9411203330091666,4.003258212003857,2.1161405779857887,441.8686308196484,443.9848291146336
req_03831,ieee-activation-8411c4186c2c42b492909f7cff30a66f,3717.7669410705566,4193.932589297008,377.0537512764422,48.915633195996634,22.439240347011946,0.22189395999885164,26.206863375002285,1.3282660719996784,474.83735737844836,476.1656482264516
req_03832,ieee-activation-942891bfbe6347b2a3a855d442302144,3717.771286010742,4223.472298187,402.7380498692655,5.837017971993191,89.86114527900645,0.2721189849980874,1.6899186450027628,5.3027614259917755,500.3982218292658,505.7010121762578
req_03833,ieee-activation-6c14ba67edf54cc9b80193ddbf12449f,3717.9358863830566,4166.266967738004,407.9704719719448,16.385589836994768,20.113852498005144,0.2698084639996523,2.3678245240007527,1.223534060001839,447.10749629494967,448.33108135494695
req_03834,ieee-activation-59da24158a1045ee92d55d692e9c3b84,3718.5213985443115,4150.706257112004,407.64244071769645,4.628720321998117,8.264429374001338,7.656448073990759,3.139432868003496,0.8533872120024171,431.3314251197007,432.1848585676926
req_03835,ieee-activation-59da24158a1045ee92d55d692e9c3b84,3722.2258472442627,4148.2008956329955,403.9383837147325,7.385543979005888,0.009040902004926465,7.559853118000319,2.7516891169943847,4.33053755799483,421.6444970287266,425.97504838873283
req_03836,ieee-activation-59da24158a1045ee92d55d692e9c3b84,3723.6481914520264,4151.096723926006,402.80997511897294,17.322533501006546,0.044265092990826815,5.509280801008572,0.5592545679974137,1.203223392003565,426.2452640719712,427.44853247397987
req_03837,ieee-activation-59da24158a1045ee92d55d692e9c3b84,3724.529062271118,4151.4376506120025,401.9293286898901,17.066710446000798,0.07249630799924489,4.212116941998829,2.044242479998502,1.583693474996835,425.3248727748869,426.9085883408843
req_03838,ieee-activation-6c14ba67edf54cc9b80193ddbf12449f,3724.948230743408,4166.259326553001,401.60856780859467,7.056267901003594,24.541449319993262,5.579493283003103,1.2917703879938927,1.2335471090045758,440.0775136535958,441.3110958095931
req_03839,ieee-activation-8411c4186c2c42b492909f7cff30a66f,3725.0101985931396,4194.093335537997,404.290020400862,10.512901348003652,24.767713398992782,4.817161416009185,23.113115693995496,1.582224686993868,467.50084833285655,469.08313694485696
req_03840,ieee-activation-942891bfbe6347b2a3a855d442302144,3729.08203125,4151.094980059002,400.8689690159954,9.897750806005206,0.3111071839957731,6.220306322007673,3.3554862059972947,1.3593292750010733,420.65359545599495,422.0129488090024
req_03841,ieee-activation-8411c4186c2c42b492909f7cff30a66f,3729.3586235046387,4166.172397304996,400.5929915593588,21.576146920007886,7.738398107991088,3.4124878060101764,2.189642293000361,1.3041071139887208,435.50964236535947,436.813773800357
req_03842,ieee-activation-8411c4186c2c42b492909f7cff30a66f,3732.264623641968,4236.930093482006,397.9703203220415,12.170181284993305,81.68388335300551,3.7136957100010477,1.2297357669885969,7.8976534030080074,496.7677859310352,504.665469840038
req_03843,ieee-activation-942891bfbe6347b2a3a855d442302144,3733.9987831115723,4151.095903973997,396.23629363843065,13.228113719000248,0.09472906999872066,3.4249033170053735,2.8703660289902473,1.2427150889998302,415.85439345941995,417.0971208624251
req_03844,ieee-activation-8411c4186c2c42b492909f7cff30a66f,3734.352527618408,4159.635169057001,395.88270355160057,12.034025444998406,7.929525639992789,3.4111920069990447,3.757140582005377,2.2680542129965033,423.0145749095973,425.2826414385927
req_03845,ieee-activation-8411c4186c2c42b492909f7cff30a66f,3735.558526992798,4202.811405404005,394.67703215520305,13.618406360998051,49.925055732004694,5.238253137998981,1.9523159639938967,1.841815061008674,465.41105065119336,467.25287841120735
req_03846,ieee-activation-942891bfbe6347b2a3a855d442302144,3737.134494781494,4151.092734100006,393.1159959475044,11.923984947003191,0.07612937400699593,3.1096434079954633,4.376073079998605,1.3564125620032428,412.6017928945075,413.9582393185119
req_03847,ieee-activation-6c14ba67edf54cc9b80193ddbf12449f,3737.758062362671,4208.099096296006,394.88903015633696,6.8335364569938974,59.85788387300272,6.212275718993624,1.3760214770009043,1.1722862510068808,469.168701658331,470.341033933335
req_03848,ieee-activation-59da24158a1045ee92d55d692e9c3b84,3743.5124473571777,4148.202627595005,389.1350890318281,7.2620267949969275,0.6056871549953939,2.819137459009653,0.6365871390007669,4.231652657996165,400.4585126828315,404.690180237827
req_03849,ieee-activation-6c14ba67edf54cc9b80193ddbf12449f,3744.3314304351807,4159.0948088440055,389.00450513881515,10.44445635699958,7.551664425001945,3.3943894440017175,2.682105378000415,1.6862576660059858,413.0770932758169,414.7633784088248
req_03850,ieee-activation-59da24158a1045ee92d55d692e9c3b84,3749.6817836761475,4151.438530940999,384.0736702568538,8.596490386000369,0.062492918004863895,5.960130006991676,1.5192795940092765,1.5446841029915959,400.21203195986163,401.7567472648516
req_03851,ieee-activation-942891bfbe6347b2a3a855d442302144,3750.169008255005,4159.549140004005,389.31056585100305,12.584677806997206,0.7365787939925212,2.6683033690060256,1.9655267299967818,2.114479198004119,407.2655784420058,409.3801317489997
req_03852,ieee-activation-59da24158a1045ee92d55d692e9c3b84,3752.0533027648926,4160.136319268,392.4604641981132,6.925873129002866,0.006767093000235036,4.687978797999676,1.2998185259930324,2.702114758998505,405.3808140251058,408.0830165031075
req_03853,ieee-activation-6c14ba67edf54cc9b80193ddbf12449f,3753.2387104034424,4238.313750774003,396.49521319956693,2.1388574999873526,79.54024785901129,2.5775981079932535,3.0991529419989092,1.223970762002864,483.8510095005622,485.0750403705606
req_03854,ieee-activation-6c14ba67edf54cc9b80193ddbf12449f,3755.8876628875732,3818.809680147009,0.6571028174221283,40.22038046301168,13.409991647989955,6.489449485001387,0.27874938600871246,1.8663434600020992,61.05563867442834,62.92201725943596
req_03855,ieee-activation-59da24158a1045ee92d55d692e9c3b84,3761.024549484253,4207.426721327996,388.7103840867494,1.704147083000862,50.17379853899183,2.206537512000068,1.4119839190097991,2.195320703991456,444.20682958274847,446.4021718437434
req_03856,ieee-activation-59da24158a1045ee92d55d692e9c3b84,3764.4211978912354,4191.910386643009,385.77682107475994,8.427213748000213,0.7508763140067458,4.242541386003722,1.3941999939997913,26.897536235002917,400.59161049376416,427.4891887517733
req_03857,ieee-activation-59da24158a1045ee92d55d692e9c3b84,3764.5240783691406,4192.275776916998,386.2116907318559,7.808157715000561,0.4270184640045045,2.094357324996963,3.7025186870014295,27.50795562499843,400.24369807884796,427.7516985478578
req_03858,ieee-activation-942891bfbe6347b2a3a855d442302144,3765.0842456817627,4192.419508758001,385.88580589524645,4.498745068995049,0.015080199998919852,7.304064915995696,2.0811515219975263,27.550415474004694,399.78481623524567,427.33526307623833
req_03859,ieee-activation-6c14ba67edf54cc9b80193ddbf12449f,3765.364324569702,4192.362897130006,385.7849352993071,6.588705764996121,0.41625488399586175,6.60738133599807,0.28213342500384897,27.31916185100272,399.67938008530473,426.9985725603037
req_03860,ieee-activation-8411c4186c2c42b492909f7cff30a66f,3765.3755493164062,4202.812253954995,385.7738345195976,5.906806858998607,38.4875734429952,2.101618785003666,3.4584846920042764,1.7083863399893744,435.72829616759554,437.4367046385887
req_03861,ieee-activation-59da24158a1045ee92d55d692e9c3b84,3768.916524887085,4201.700395836,382.23302027791215,7.103567584999837,34.02723409399914,6.812504011002602,1.877420124001219,0.7301248570001917,432.0537159939122,432.78387094891514
req_03862,ieee-activation-59da24158a1045ee92d55d692e9c3b84,3769.7390365600586,4192.276431569,381.4106313449447,7.956650366992108,0.27143290200910997,4.976519239004119,0.6597304639872164,27.262430692004273,395.27494887594366,422.53739500894153
req_03863,ieee-activation-942891bfbe6347b2a3a855d442302144,3771.110429763794,4238.957414303004,380.03933272420545,6.39908212699811,72.86586609001097,5.555363547988236,1.1190496470080689,1.8682904029992642,465.9786724902078,467.8469845392101
req_03864,ieee-activation-942891bfbe6347b2a3a855d442302144,3771.6982383728027,4301.251998815002,379.74348709320475,6.1061256249959115,137.11914359900402,2.539167147988337,0.8332009139994625,3.2126360630063573,526.3410563451907,529.5537604421988
req_03865,ieee-activation-942891bfbe6347b2a3a855d442302144,3775.2584533691406,4223.409610939008,376.183620204858,6.049595261007198,51.68575327699364,6.218487890000688,2.3109430159965996,5.702757921011653,442.44836867885897,448.1511575698678
req_03866,ieee-activation-8411c4186c2c42b492909f7cff30a66f,3775.6975898742676,4216.116234775007,381.6676516497391,43.266543446996366,0.007174358994234353,7.6974682029976975,2.579187579001882,5.200619663010002,435.21793970273575,440.4186449007393
req_03867,ieee-activation-942891bfbe6347b2a3a855d442302144,3777.583974838257,4283.089868124007,381.512296881745,41.53785576799419,71.50610065300134,6.164898127011838,0.9175279309856705,3.867213925012038,501.6385949157411,505.50589328575006
req_03868,ieee-activation-59da24158a1045ee92d55d692e9c3b84,3778.6489429473877,4208.098238164996,380.9022661726194,41.417286537995096,0.10639454200281762,4.906462557992199,0.9464807740005199,1.1704046329978155,428.27885225861974,429.44929521760787
req_03869,ieee-activation-59da24158a1045ee92d55d692e9c3b84,3781.069869995117,4207.4251757510065,378.48163192188076,41.26656866799749,0.0057653070107335225,5.100580711994553,1.0016846280050231,0.49907451900071464,425.85621684488433,426.3553057558893
req_03870,ieee-activation-59da24158a1045ee92d55d692e9c3b84,3781.1609420776367,4267.717783458007,378.7562083783705,71.47694363299524,6.610859927997808,2.852286784007447,23.507903512989287,3.352639144010027,483.20412819235935,486.5568413803703
req_03871,ieee-activation-6c14ba67edf54cc9b80193ddbf12449f,3783.594566345215,4265.563198392003,376.54312324778584,69.91283645600197,9.456522014996153,4.066306894004811,21.24867442800314,0.7411690059961984,481.22738875978393,481.9686320467881
req_03872,ieee-activation-59da24158a1045ee92d55d692e9c3b84,3783.850311279297,4268.952640749005,382.32527085070615,64.6600491309946,31.941235666003195,4.412518434008234,1.1622369539982174,0.601018433997524,484.5012276327179,485.1023294697079
req_03873,ieee-activation-59da24158a1045ee92d55d692e9c3b84,3784.3214073181152,4207.427546728999,381.9424665458937,34.55564601399237,0.005289459993946366,3.826535321000847,2.2384909329994116,0.5377111370034982,422.5683656558831,423.10613941088377
req_03874,ieee-activation-59da24158a1045ee92d55d692e9c3b84,3785.892198562622,4207.424292019001,380.60955200537865,34.25639655999839,0.06503310600237455,3.94215106300544,2.124881354990066,0.5340793670038693,420.99798723436834,421.5320934563788
req_03875,ieee-activation-6c14ba67edf54cc9b80193ddbf12449f,3787.1050548553467,4215.681170272001,405.1595193796529,8.556276051007444,0.08764615799009334,7.438421347003896,2.569081890003872,4.7651705909956945,423.81088308065955,428.5761154166539
req_03876,ieee-activation-942891bfbe6347b2a3a855d442302144,3792.841999053955,4323.168770189004,399.66839146905113,8.198629175996757,110.52642259199638,1.920738700995571,1.1879756040143548,8.824613592994865,521.5021335940546,530.3267711350491
req_03877,ieee-activation-8411c4186c2c42b492909f7cff30a66f,3797.1094722747803,4215.682682275001,395.40103296222514,9.856498494991683,0.39833997600362636,5.949871268996503,3.732503199003986,3.234964098999626,415.33823466121976,418.57321000022057
req_03878,ieee-activation-6c14ba67edf54cc9b80193ddbf12449f,3798.764247894287,4283.438652830009,393.7465125537128,38.19865307799773,40.791043289005756,7.330410527996719,0.5066324910003459,4.10115299600875,480.5732342547126,484.6744049357221
req_03879,ieee-activation-8411c4186c2c42b492909f7cff30a66f,3799.372232437134,4210.669113897995,393.1386411708663,9.06646540100337,1.1878562579950085,2.745147531008115,1.4172207829979016,3.7415503169904696,407.5553185368626,411.2968814608612
req_03880,ieee-activation-8411c4186c2c42b492909f7cff30a66f,3804.4312419891357,4210.668493056,389.3616712788644,8.583433983003488,0.38906030599900987,3.057676028998685,1.1041031130007468,3.7413063569983933,402.4958798598673,406.2372510668647
req_03881,ieee-activation-6c14ba67edf54cc9b80193ddbf12449f,3805.4100494384766,4265.562619710996,388.52400366852817,37.687600208999356,6.429230512992945,4.217873839006643,22.54112402300234,0.7527380199899198,459.39980833252775,460.15257027251937
req_03882,ieee-activation-8411c4186c2c42b492909f7cff30a66f,3805.4106826782227,4238.724616327003,388.6888129537838,36.39609323399782,0.12139617299544625,5.152935721009271,1.3195027229958214,1.6351928439980838,431.6787203817803,433.3139336487802
req_03883,ieee-activation-8411c4186c2c42b492909f7cff30a66f,3805.694667816162,4237.626061866002,389.24806081684073,35.16964486299548,0.4330207640014123,0.4512270620034542,1.6500071619957453,4.979433382002753,426.9519275888306,431.9313940498396
req_03884,ieee-activation-59da24158a1045ee92d55d692e9c3b84,3805.7031078338623,4237.988640167008,395.9978402341367,27.64232865801023,2.6457683019980323,1.725067899998976,3.3736539230012568,0.9008733160007978,431.3846046321414,432.28553233314597
req_03885,ieee-activation-6c14ba67edf54cc9b80193ddbf12449f,3806.4731483459473,4238.722074259,395.3835845970607,28.947463329997845,0.8880193849909119,0.7772967280034209,4.656418979997397,1.596142893002252,430.65275197105075,432.2489259130525
req_03886,ieee-activation-6c14ba67edf54cc9b80193ddbf12449f,3808.078420639038,4238.311826814999,394.73351120795996,27.74760279300972,0.8536509459954686,2.6755207120004343,2.9994760929985205,1.2236444239970297,429.00971386095625,430.23340617596114
req_03887,ieee-activation-942891bfbe6347b2a3a855d442302144,3808.1141567230225,4238.958637518008,394.7028181369824,26.805877927996335,2.08717757499835,4.2872109090094455,1.091594201992848,1.8698020440060645,428.9746569799754,430.84448079498543
req_03888,ieee-activation-59da24158a1045ee92d55d692e9c3b84,3808.138132095337,4237.986286058003,399.28770752866694,22.688393378004548,1.8751057369954651,4.812219177998486,0.3265088129992364,0.8582193280017236,428.98984620466945,429.8481539626664
req_03889,ieee-activation-59da24158a1045ee92d55d692e9c3b84,3809.0243167877197,4237.989446599997,398.40180031927594,24.554870898005902,0.5300028990022838,0.7872424789966317,3.8295831590075977,0.8616300579888048,428.10343676028424,428.96512981227715
req_03890,ieee-activation-59da24158a1045ee92d55d692e9c3b84,3809.5886993408203,4237.9854101429955,397.93085138518654,24.396485896999366,0.07680092699592933,1.2874275359936291,3.848278888006462,0.8568661689932924,427.53976480018173,428.3967108021752
req_03891,ieee-activation-59da24158a1045ee92d55d692e9c3b84,3810.351707458496,4237.990116750996,397.1681564475002,24.831315167000866,0.7751320670067798,0.26431943599891383,3.7376707999937935,0.8618153749994235,426.77657345049374,427.6384092925
req_03892,ieee-activation-6c14ba67edf54cc9b80193ddbf12449f,3811.9042835235596,4271.417124986008,396.1440187214466,24.086833565990673,33.35776995601191,0.39668864199484233,2.570908451991272,2.956622125013382,456.5561893804406,459.5128414624487
req_03893,ieee-activation-59da24158a1045ee92d55d692e9c3b84,3811.9438667297363,4237.986991040001,396.6752245742682,22.982185842003673,0.3881257899920456,1.4201520710048499,3.717923559990595,0.8595124730054522,425.18357722926885,426.04312431026483
req_03894,ieee-activation-8411c4186c2c42b492909f7cff30a66f,3811.956314086914,4279.378708290009,396.6629962110892,21.877102005004417,38.977904685991234,4.02176841700566,2.2198547570005758,3.662768127003801,463.75961647508666,467.4223942030949
req_03895,ieee-activation-942891bfbe6347b2a3a855d442302144,3814.2342414855957,4307.5648707250075,396.65776395139983,19.33559583000897,67.79345005899086,5.293842373008374,1.1776941909920424,3.0722828350117197,490.2582860433904,493.3306292394118
req_03896,ieee-activation-6c14ba67edf54cc9b80193ddbf12449f,3815.3631286621094,4238.312703721007,395.5291289468878,20.78826728599961,0.4983617120014969,2.1448861160024535,2.8018143350054743,1.1871166630007792,421.762431529889,422.9495750588976
req_03897,ieee-activation-942891bfbe6347b2a3a855d442302144,3815.6867275238037,4267.771520570008,400.4289658242051,15.391102675988805,8.077956081004231,4.253158774998155,20.971515255005215,2.962094435002655,449.12264785821026,452.08479304620414
req_03898,ieee-activation-942891bfbe6347b2a3a855d442302144,3817.932783126831,4290.4630730189965,398.183123520168,14.627501818002202,52.27402007300407,2.506785346995457,1.385544115997618,3.553315017998102,468.9769617491693,472.53028989216546
req_03899,ieee-activation-8411c4186c2c42b492909f7cff30a66f,3817.9598484039307,4298.016560855001,398.2540145270759,15.272844532999443,60.84501016199647,1.9532873959979042,0.5841492920008022,3.1474065410002368,476.90928095208074,480.0567124510708
req_03900,ieee-activation-8411c4186c2c42b492909f7cff30a66f,3818.346591949463,4238.628571070003,400.75338855953305,12.027342601009877,0.09931827399122994,2.898901503009256,2.964561150991358,1.5384670320054283,418.7434343355271,420.2819791205402
req_03901,ieee-activation-8411c4186c2c42b492909f7cff30a66f,3821.2280883789062,4238.723094924004,402.18295961109106,5.930390106004779,1.203786508005578,5.183077160996618,1.3602268079994246,1.6345663510001032,415.8604045080865,417.49500654509757
req_03902,ieee-activation-8411c4186c2c42b492909f7cff30a66f,3822.767152786255,4319.290761957003,400.70649149574456,7.023010514996713,79.8477978430019,3.3471876950061414,0.652943453998887,4.946178168000188,491.57737597274536,496.5236091707484
req_03903,ieee-activation-59da24158a1045ee92d55d692e9c3b84,3823.816879272461,4286.843417597003,413.27032938753837,38.57706366600178,0.04059800099639688,6.8522943850111915,0.7909596399986185,3.4952932449959917,459.5311742905469,463.02653832454234
req_03904,ieee-activation-942891bfbe6347b2a3a855d442302144,3833.1935596466064,4286.781555181005,404.4391348463978,38.06810737900378,0.03040073199372273,6.978247085993644,0.6389107100112597,3.433194780998747,450.1547523823974,453.58799553439894
req_03905,ieee-activation-59da24158a1045ee92d55d692e9c3b84,3833.7981033325195,4311.223512762008,404.18971602448437,35.4665113939991,27.749709070005338,4.747954098987975,1.7586917360022198,3.512827106009354,473.91253882648016,477.42540942948835
req_03906,ieee-activation-59da24158a1045ee92d55d692e9c3b84,3834.310926437378,4286.842776742997,403.67709497561736,37.54099506700004,0.07028260700462852,6.333605621999595,1.4143922950024717,3.495479738994618,449.0363459426153,452.5318503056187
req_03907,ieee-activation-59da24158a1045ee92d55d692e9c3b84,3835.800199508667,4283.439349708002,402.18797017334145,37.71414825299871,0.03532921899750363,3.582796224000049,0.45723427399934735,3.6616720559977693,443.97744048634195,447.63915019933484
req_03908,ieee-activation-6c14ba67edf54cc9b80193ddbf12449f,3838.68585395813,4350.183249397,399.50609930887003,76.09474039300403,0.010924818998319097,7.244015176998801,1.7340818679949734,26.90753387300356,484.58983528387034,511.4973954388697
req_03909,ieee-activation-942891bfbe6347b2a3a855d442302144,3838.6859016418457,4286.782448305996,399.50644578115316,37.014744886007975,0.0926422479969915,7.144121855002595,0.9040013030025875,3.4345905909867724,444.661944328167,448.0965466641501
req_03910,ieee-activation-59da24158a1045ee92d55d692e9c3b84,3841.537853240967,4286.844080228999,396.6545811660326,37.50633901800029,0.013722611998673528,6.262993975004065,1.3711540829972364,3.4974361339991447,441.8087767590332,445.306226988032
req_03911,ieee-activation-6c14ba67edf54cc9b80193ddbf12449f,3842.45627784729,4283.408859260002,395.8583196147083,34.335194238999975,0.8128185120003764,5.549704233009834,0.3238536849967204,4.0726911289966665,436.8798556857073,440.9525814127119
req_03912,ieee-activation-59da24158a1045ee92d55d692e9c3b84,3842.64821434021,4283.146419252007,395.6669989767979,37.38805676199263,0.034573134005768225,3.1711684670008253,0.44558142698951997,3.7918261450104183,436.7063252647931,440.4982049117971
req_03913,ieee-activation-59da24158a1045ee92d55d692e9c3b84,3844.9825344085693,4286.841986943997,393.3330455284304,37.38624508700741,0.03594207498827018,5.721636635003961,1.7832086790003814,3.599374530997011,438.26005624943355,441.8594525354274
req_03914,ieee-activation-8411c4186c2c42b492909f7cff30a66f,3845.5217514038086,4286.680464878009,393.2019637751946,36.965876439004205,0.045647459992324,6.091739809009596,1.5200317179987906,3.333454273000825,437.8252411311987,441.15871347420034
req_03915,ieee-activation-59da24158a1045ee92d55d692e9c3b84,3847.0157833099365,4304.464436537004,391.70838227406784,36.97741245299403,18.293828107998706,5.27971072201035,2.130207212991081,3.05911245700554,454.389526048064,457.44865322706755
req_03916,ieee-activation-6c14ba67edf54cc9b80193ddbf12449f,3847.8794708251953,4291.6808211960015,390.8448122818081,33.723643317993265,17.956422029004898,0.4699421419936698,0.3036249990109354,0.502905600995291,443.29842387781537,443.8013503708062
req_03917,ieee-activation-8411c4186c2c42b492909f7cff30a66f,3848.6642475128174,4286.679995490005,390.06609722918074,36.863799006998306,0.0064599910110700876,6.190653147001285,1.556331218991545,3.3324073840049095,434.6833226221788,438.01574797718786
req_03918,ieee-activation-6c14ba67edf54cc9b80193ddbf12449f,3851.055809020996,4283.438288429999,387.9035882180033,36.63972243500757,0.4419971689931117,0.8542699590034317,2.457437752003898,4.085463875991991,428.29691912401177,432.3824794090033
req_03919,ieee-activation-6c14ba67edf54cc9b80193ddbf12449f,3852.3818492889404,4283.437731953003,386.65869449905585,36.28425805699953,0.14999481401173398,3.058588592990418,0.8023328139970545,4.10201388700807,426.95383530904655,431.05588266406266
req_03920,ieee-activation-6c14ba67edf54cc9b80193ddbf12449f,3852.6753063201904,4283.439865153996,412.8925120798085,10.09704915600014,0.37638304200663697,1.6913234789972194,1.6223853779956698,4.084905698997318,426.6796129888098,430.7645588338055
req_03921,ieee-activation-6c14ba67edf54cc9b80193ddbf12449f,3853.2232818603516,4283.440572307009,412.3447081476479,10.131747698003892,0.3415698040043935,0.6698331569932634,2.642075058000046,4.087356582007487,426.129920385647,430.217290446657
req_03922,ieee-activation-6c14ba67edf54cc9b80193ddbf12449f,3857.238265991211,3864.2079159630084,0.5383620667853393,2.077631921012653,0.21275891199184116,1.5012757549993694,1.5641583550022915,1.075462962005986,5.8941760617890395,6.96964997179748
req_03923,ieee-activation-6c14ba67edf54cc9b80193ddbf12449f,3857.250650405884,4320.315712438009,410.9348941271164,45.81212083299761,0.07033332700666506,4.072783821000485,1.0715791900001932,1.1033507340034703,461.96167302911635,463.06506203212484
req_03924,ieee-activation-942891bfbe6347b2a3a855d442302144,3857.6934757232666,3871.833111394997,0.2177404177346034,1.737787699996261,11.102279152997653,0.4278330770030152,0.24572789399826434,0.40826743000070564,13.731350652727997,14.139635671730503
req_03925,ieee-activation-8411c4186c2c42b492909f7cff30a66f,3857.7497005462646,4283.442332445004,411.2036478337395,6.710258933002478,0.013771514990366995,1.4592542099999264,2.2173994400072843,4.08829996699933,421.60429793373623,425.6926318987389
req_03926,ieee-activation-59da24158a1045ee92d55d692e9c3b84,3858.8278999328613,4320.307758919007,420.5524767481402,34.67878198300605,0.15534147099242546,1.0379425779974554,3.9614338430110365,1.0938823629985563,460.3858993691538,461.4798589861457
req_03927,ieee-activation-8411c4186c2c42b492909f7cff30a66f,3859.5964279174805,4320.385498642005,423.6448107385222,31.844290321998415,1.203503629003535,0.35220599500462413,2.627851536992239,1.1164085030031856,459.67261496752326,460.7890707245242
req_03928,ieee-activation-8411c4186c2c42b492909f7cff30a66f,3859.866283416748,4352.800251121007,423.3759759172535,35.57825468099327,0.023232104009366594,6.864282595997793,24.557583155998145,2.534639250006876,490.39931158225227,492.933967704259
req_03929,ieee-activation-8411c4186c2c42b492909f7cff30a66f,3859.8880920410156,4320.376591387001,423.521899645988,31.67674091400113,1.2024003169935895,0.859266113009653,2.1194211069960147,1.1087712489970727,459.37969529398833,460.4884993459855
req_03930,ieee-activation-942891bfbe6347b2a3a855d442302144,3861.1853313446045,4323.396306784998,422.2556761103915,31.588001088006422,0.40756622499611694,2.3651578209974105,1.4685798120044637,4.1259943839977495,458.0849500563927,462.21097544039367
req_03931,ieee-activation-59da24158a1045ee92d55d692e9c3b84,3861.8792610168457,4320.320731052998,421.56187967215374,30.844927790007205,0.01739276899024844,3.2105421330052195,1.754290074997698,1.052437596998061,457.3890088201442,458.44147003615217
req_03932,ieee-activation-59da24158a1045ee92d55d692e9c3b84,3862.1480922698975,4319.954533248005,421.29313121410087,30.84606672200607,0.016387800002121367,2.233688505992177,2.7313358210085426,0.6858309149974957,457.1205988651054,457.8064409781073
req_03933,ieee-activation-942891bfbe6347b2a3a855d442302144,3862.2612686157227,4452.460585063003,421.18002725228143,35.37886101199547,127.61644356700708,0.5021588239906123,5.43289528900641,0.08893050299957395,590.1103769612819,590.1993164472806
req_03934,ieee-activation-6c14ba67edf54cc9b80193ddbf12449f,3862.7298851013184,4320.313571588995,420.71148507368343,30.846408661993337,0.010015846011810936,1.3415897469967604,3.627907136993599,1.046280021997518,456.53738522567437,457.58368648767646
req_03935,ieee-activation-8411c4186c2c42b492909f7cff30a66f,3863.9130687713623,4352.801086150008,419.52845621164306,35.416038602998015,0.06100164099188987,6.842586542014033,24.505159751992323,2.5347746290062787,486.35322591064323,488.8880173786456
req_03936,ieee-activation-8411c4186c2c42b492909f7cff30a66f,3865.253692626953,4352.799839565996,418.19236119404377,35.41030265401059,0.061897159001091495,6.842898135000723,24.504691037989687,2.533996758997091,485.01212700303586,487.54614693904296
req_03937,ieee-activation-8411c4186c2c42b492909f7cff30a66f,3871.179573059082,4353.897660251998,415.7095403029234,32.320924660991295,0.04883500300638843,6.546307298995089,24.459666264010593,3.632813662989065,479.08522409392754,482.71808719291585
req_03938,ieee-activation-8411c4186c2c42b492909f7cff30a66f,3871.41863822937,4352.8016378460015,415.47076106563327,31.967584144003922,0.06145268499676604,6.842715645005228,24.503366596996784,2.5371194799954537,478.84585837564373,481.3829996166314
req_03939,ieee-activation-59da24158a1045ee92d55d692e9c3b84,3874.028917312622,4320.493238720999,412.86063207637926,25.055142155004432,1.5291438790009124,5.782514626000193,0.07456054899375886,1.1623281229985878,445.3019724273763,446.46432140837715
req_03940,ieee-activation-6c14ba67edf54cc9b80193ddbf12449f,3875.633581161499,3887.001849909997,0.3947527005075244,5.897859443997731,0.42652082900167443,2.631874319995404,1.3610153360059485,0.6562461189896567,10.711989020506735,11.36826874849794
req_03941,ieee-activation-59da24158a1045ee92d55d692e9c3b84,3876.0549182891846,4320.3093716,410.8348368108127,27.40024465600436,0.05529776000184938,3.0905213730002288,1.8341168229962932,1.0394358880002983,443.2149990208127,444.25445331081573
req_03942,ieee-activation-942891bfbe6347b2a3a855d442302144,3877.198013305664,3892.308587232008,0.22326654933567625,4.8328717130061705,6.92288366399589,1.481799563000095,0.7096576400072081,0.940094796998892,14.170460489345714,15.110573926343932
req_03943,ieee-activation-59da24158a1045ee92d55d692e9c3b84,3880.37872505188,4367.3266395440005,406.5112065911235,27.39901970299252,44.98317986899929,3.987433704009163,0.7918885429971851,3.2751860819989815,483.67271375212295,486.9479144921206
req_03944,ieee-activation-59da24158a1045ee92d55d692e9c3b84,3882.4836196899414,4319.902827757003,404.40639122105495,27.45907561200147,0.06404472900612745,2.723227455993765,2.1331734910054365,0.6332955580000998,436.78589264805487,437.41920806706185
req_03945,ieee-activation-6c14ba67edf54cc9b80193ddbf12449f,3882.5996837615967,4319.952126328004,408.1346113874024,21.266415703008533,1.470989085995825,3.3541498289996525,2.388742669005296,0.7375338919955539,436.61487506241247,437.35244256640726
req_03946,ieee-activation-942891bfbe6347b2a3a855d442302144,3883.2327632904053,4353.842551018999,407.5016895095905,28.121143918004236,0.04226014300365932,7.48134238300554,23.8868795009912,3.576472273998661,467.0333026635926,470.6097877285938
req_03947,ieee-activation-59da24158a1045ee92d55d692e9c3b84,3888.0922451019287,4350.182450353008,403.5893098190718,22.60680791499908,0.015459739996003918,6.318626006002887,2.4840729240095243,27.075928846999886,435.0142351290706,462.09020525107917
req_03948,ieee-activation-6c14ba67edf54cc9b80193ddbf12449f,3888.2823963165283,4350.184154307004,409.7565571694722,16.250391844994738,0.11465848100488074,7.149629854000523,1.7226637080020737,26.907856933001312,434.9938667104725,461.90175799047574
req_03949,ieee-activation-6c14ba67edf54cc9b80193ddbf12449f,3889.718667984009,4371.1618662600085,411.6863266549917,12.884161488997051,49.582815770001616,3.2619538830040256,3.4087279490049696,0.6192125300003681,480.82395788400027,481.44319827599975
req_03950,ieee-activation-942891bfbe6347b2a3a855d442302144,3890.7124195098877,4382.872354170002,413.7796045411087,14.328307371004485,50.0956522970082,8.136562509986106,4.475541260006139,1.3442666810005903,490.8156436411082,492.15993466011423
req_03951,ieee-activation-942891bfbe6347b2a3a855d442302144,3893.3396339416504,4383.505378942005,414.3522943173448,10.776535207012785,57.05565429099079,3.0232301829964854,3.2196215740113985,1.738409427998704,488.42727376535186,490.16574500035495
req_03952,ieee-activation-942891bfbe6347b2a3a855d442302144,3893.5522899627686,4353.843291284007,417.7678774782398,7.499394444996142,0.004869231997872703,7.515624235995347,23.92505201800668,3.5781839120027144,456.7127825362404,460.2910013212386
req_03953,ieee-activation-8411c4186c2c42b492909f7cff30a66f,3896.0497150421143,4382.620428106995,423.2427354528918,54.334919022992835,0.9215724130044691,0.6634640830015996,6.497543103992939,0.9104789889970561,485.660175001889,486.5707130648807
req_03954,ieee-activation-8411c4186c2c42b492909f7cff30a66f,3897.8197860717773,4383.103727855996,422.13333321822574,53.00985970799229,1.585718756003189,4.166681575006805,3.050521024997579,1.3378275019931607,483.94606308222865,485.28394178421877
req_03955,ieee-activation-8411c4186c2c42b492909f7cff30a66f,3899.04998588562,4383.104745703997,420.903536683385,53.15137673499703,1.4439543149928795,1.2300213590060594,5.986123484995915,1.3397472409997135,482.71497758638,484.0547598183766
req_03956,ieee-activation-59da24158a1045ee92d55d692e9c3b84,3901.7524433135986,4408.310990651997,418.4559512634005,53.26264112100762,24.54807694000192,2.1622608759935247,4.015437334004673,4.114179803989828,502.44433271640446,506.55854733839806
req_03957,ieee-activation-942891bfbe6347b2a3a855d442302144,3904.4481315612793,4395.741540385003,415.86430306272814,52.73468829999911,10.13382605399238,5.012074869009666,2.218831528996816,5.32968500899733,485.96365896673524,491.29340882372344
req_03958,ieee-activation-6c14ba67edf54cc9b80193ddbf12449f,3905.3284664154053,4398.151108132006,414.9907784685929,53.4247135839978,15.024371311999857,4.298587082012091,0.35536465598852374,4.728826614009449,488.093785449586,492.82264171660063
req_03959,ieee-activation-59da24158a1045ee92d55d692e9c3b84,3911.736722946167,4383.1934549,408.5948505638371,52.479244414003915,1.8036050999944564,2.9401542069972493,4.211595144006424,1.4272825249936432,470.0294039018481,471.4567319538328
req_03960,ieee-activation-6c14ba67edf54cc9b80193ddbf12449f,3913.5953216552734,4382.268947564007,406.73704121973424,52.99153287000081,1.9921314929961227,3.018487330991775,3.3760520320065552,0.5583809630043106,468.1152070847311,468.6736259087338
req_03961,ieee-activation-59da24158a1045ee92d55d692e9c3b84,3919.225233078003,4382.8064730339975,401.107935085005,52.12959035699896,1.8500767879886553,3.0628731320030056,4.334524553996744,1.096240040002158,462.4849469299952,463.58123995599453
req_03962,ieee-activation-6c14ba67edf54cc9b80193ddbf12449f,3919.226016998291,4382.1792071439995,401.16621340671554,52.603601095994236,2.3199980680074077,3.871939785996801,2.577551954993396,0.4138858340011211,462.53926121571567,462.9531901457085
req_03963,ieee-activation-6c14ba67edf54cc9b80193ddbf12449f,3919.5754890441895,4384.465969256009,400.81908828380983,57.50435983200441,0.08406825800193474,5.377880259999074,0.22828331199707463,0.8768002660071943,464.013642219812,464.8904802118195
req_03964,ieee-activation-8411c4186c2c42b492909f7cff30a66f,3932.654529571533,4383.103132646007,387.8395599874639,51.90828578401124,2.146129361994099,0.6846398399939062,6.533563486998901,1.3364246140117757,449.1121147594531,450.4486030744738
req_03965,ieee-activation-6c14ba67edf54cc9b80193ddbf12449f,3933.4573612213135,4393.248556944003,389.8178342376923,49.479258606996154,10.374745584005723,4.602521321998211,2.6799131949956063,2.836922777001746,456.9542451976886,459.79119572268974
req_03966,ieee-activation-59da24158a1045ee92d55d692e9c3b84,3933.470687866211,4471.156393072,389.9284049837879,50.22689243700006,93.55640915200638,0.6331879520002985,3.2608926910033915,0.07991798999137245,537.6057032147946,537.6857052057894
req_03967,ieee-activation-59da24158a1045ee92d55d692e9c3b84,3933.4711742401123,4393.304590829997,416.79262751789065,27.734424782000133,6.5379802209936315,0.620762830003514,5.2543870490044355,2.893234189992654,456.9401429888967,459.833416589885
req_03968,ieee-activation-59da24158a1045ee92d55d692e9c3b84,3933.524950027466,4383.190216393996,416.73910490454,23.891124554997077,1.1024863450002158,0.6841389640030684,5.823800426995149,1.424611170994467,448.2406422665372,449.66526636653
req_03969,ieee-activation-942891bfbe6347b2a3a855d442302144,3933.7600860595703,4405.457775283008,416.50403885543346,29.41385319099936,13.699271702993428,0.845621985004982,3.9641500279976754,7.270753461009008,464.4269169244362,471.6976892234379
req_03970,ieee-activation-8411c4186c2c42b492909f7cff30a66f,3933.7614612579346,4384.105635839005,416.50275796106143,24.097811622006702,8.491202706005424,0.30416512899682857,0.35251599199546035,0.5957211710046977,449.7484448480536,450.34417458107055
req_03971,ieee-activation-6c14ba67edf54cc9b80193ddbf12449f,3934.569757461548,4382.547119238006,418.2310400114511,20.944800668003154,1.5705022549955174,1.271303954999894,5.124359902009019,0.8353549849998672,447.14198841445614,447.97736177645857
req_03972,ieee-activation-942891bfbe6347b2a3a855d442302144,3934.5783252716064,4383.506233667009,418.2225753583916,20.917167111008894,1.389936260995455,0.8071869190025609,5.79610121800215,1.7949415280018002,447.13294844239135,448.9279083954025
req_03973,ieee-activation-8411c4186c2c42b492909f7cff30a66f,3934.977310180664,3948.7135202659993,0.43353628733893856,6.242526764996001,0.7824001760018291,2.112392880007974,0.1704747839976335,3.994879192992812,9.741286300341017,13.736210085335188
req_03974,ieee-activation-942891bfbe6347b2a3a855d442302144,3952.6212368011475,4408.070298845996,400.71532774686057,20.916710058998433,26.707712397997966,0.24450502000399865,3.4011544179957127,3.463652402992011,451.98539664286363,455.4490620448487
req_03975,ieee-activation-59da24158a1045ee92d55d692e9c3b84,3953.3393421173096,4382.383588231009,400.2761968316918,20.129270204997738,1.2587172409985214,0.8218050130089978,5.885710062997532,0.6725467600044794,428.3716787687008,429.04424611369905
req_03976,ieee-activation-8411c4186c2c42b492909f7cff30a66f,3953.35693359375,4383.1021071,400.50225395725283,19.88505629899737,0.8047768630058272,0.8727810109994607,6.34461112099234,1.3356942550017266,428.4094256802491,429.74517350624956
req_03977,ieee-activation-59da24158a1045ee92d55d692e9c3b84,3953.3941345214844,4383.191784381997,400.46523210151645,19.769727121005417,0.9854955629998585,1.3081567189947236,5.788058578007622,1.4809797779889777,428.31665584152506,429.79764986051305
req_03978,ieee-activation-942891bfbe6347b2a3a855d442302144,3953.395742416382,4393.559277128006,400.5027464416198,19.670759401007672,11.355332515988266,0.2604980180040002,5.225907843007008,3.1482904919976136,437.01522351462336,440.1635347116244
req_03979,ieee-activation-6c14ba67edf54cc9b80193ddbf12449f,3954.161365509033,4382.271197063004,410.3192049109639,12.100586391010438,0.08576068699767347,0.3044326669914881,4.738253360003,0.5615935380046722,427.54817491395806,428.10983155397116
req_03980,ieee-activation-6c14ba67edf54cc9b80193ddbf12449f,3954.40535736084,4384.467852631002,416.00758384916116,4.1715478639962384,7.543827752000652,1.2173103300010553,0.24323195300530642,0.8789935219974723,429.1834532231587,430.0624952701619
req_03981,ieee-activation-8411c4186c2c42b492909f7cff30a66f,3954.406198501587,4383.104257701998,416.75648688842193,6.05383453599643,0.4239289889956126,2.2843258759967284,1.8428195559972664,1.336663355003111,427.36135450140864,428.6980592004111
req_03982,ieee-activation-8411c4186c2c42b492909f7cff30a66f,3954.9285430908203,4407.685944419005,427.25177017517854,16.5336929190089,1.858947613989585,0.3835952119989088,3.647718072999851,3.0816773350088624,449.67568019917235,452.75740132818464
req_03983,ieee-activation-8411c4186c2c42b492909f7cff30a66f,3954.9339427948,4407.686589662,427.34006734420836,18.355792629998177,0.034540298001957126,0.3523993540002266,3.590364054995007,3.0794831859966507,449.6731449552026,452.7526468672004
req_03984,ieee-activation-59da24158a1045ee92d55d692e9c3b84,3954.963966369629,4444.460552317003,427.31031556437665,22.88338848100102,34.99259566699038,0.24935647200618405,1.5698428000032436,2.491086962996633,487.00548296437773,489.4965859473741
req_03985,ieee-activation-8411c4186c2c42b492909f7cff30a66f,3954.9656867980957,4408.071072963008,427.4187762198999,21.715247101004934,0.012371605000225827,0.9683609479980078,0.13677491999987978,2.8538553710095584,450.2514768418914,453.1053861649125
req_03986,ieee-activation-942891bfbe6347b2a3a855d442302144,3955.726879119873,4439.838715061007,426.82698431113386,22.260042768990388,33.793156904008356,0.37344315799418837,0.36860773600346874,0.48960106300364714,483.62220820214134,484.1118359411339
req_03987,ieee-activation-8411c4186c2c42b492909f7cff30a66f,3956.7158069610596,4408.082568290003,425.9060258989484,21.476887865996105,0.011416057997848839,1.1535149720002664,0.3779704729968216,2.4409460610040696,448.9257945869467,451.36676132894354
req_03988,ieee-activation-59da24158a1045ee92d55d692e9c3b84,3956.7163524627686,4441.909258772008,426.1728273172339,24.460452091996558,0.07890828400559258,1.531534631998511,30.33081832800235,2.6183656560024247,482.57449140324024,485.19290630923933
req_03989,ieee-activation-8411c4186c2c42b492909f7cff30a66f,3956.7408962249756,4408.0721780120075,426.1486078960297,21.210755003994564,0.01103311000042595,0.955450830006157,0.15188658899569418,2.853548358005355,448.4777193720365,451.3312817870319
req_03990,ieee-activation-942891bfbe6347b2a3a855d442302144,3956.7422485351562,4439.264545783008,426.36844445484166,22.28755809100403,0.4560518670041347,0.38368213499779813,1.697423402001732,31.329137298002024,451.1931382068433,482.5222972478514
req_03991,ieee-activation-8411c4186c2c42b492909f7cff30a66f,3957.4995441436768,4408.082189762004,425.6112889233191,21.081530631010537,0.053554899990558624,0.8487601470114896,0.38898126399726607,2.5985297529987292,447.9840912233194,450.58264561832766
req_03992,ieee-activation-6c14ba67edf54cc9b80193ddbf12449f,3957.500280380249,4407.997363910996,425.61069548175146,17.756541513008415,0.10115317099553067,0.3081258680031169,3.329383935997612,3.391183560990612,447.10588861275755,450.49708353074675
req_03993,ieee-activation-59da24158a1045ee92d55d692e9c3b84,3957.508056640625,4441.8969048230065,425.60299475537613,24.716901359002804,0.4229908859997522,0.8868054689955898,30.196656311003608,2.5624994020035956,481.8263384443708,484.3888481823815
req_03994,ieee-activation-59da24158a1045ee92d55d692e9c3b84,3957.535087585449,4441.910005237005,425.57603668754746,24.73032029400929,0.40963504899991676,1.8226083379995544,29.261018905992387,2.5752983770071296,481.7996097175492,484.37491765155573
req_03995,ieee-activation-8411c4186c2c42b492909f7cff30a66f,3959.128952026367,4408.071554473005,423.98222582563176,21.079219362000003,0.055356198005029,0.7729485769959865,0.19764893500541802,2.8552035489992704,446.0873882626329,448.94260244663747
req_03996,ieee-activation-6c14ba67edf54cc9b80193ddbf12449f,3959.8867511749268,4408.619589330003,423.3112281320791,20.934428216001834,3.7818597959994804,0.4524030379980104,0.08536070000263862,0.1675582729949383,448.5652337550855,448.732838155076
req_03997,ieee-activation-942891bfbe6347b2a3a855d442302144,3959.8939037323,4438.694624169002,423.3043005776999,21.67676734100678,0.9789803739986382,0.5355887589976192,1.546249267004896,30.75883411799441,448.0418662637094,478.80072043670225
req_03998,ieee-activation-8411c4186c2c42b492909f7cff30a66f,3962.3066062927246,4408.081693133005,420.89178941927094,20.996750142003293,0.11123462000978179,0.8018396669940557,0.3804085629963083,2.593064429005608,443.1820040902676,445.77508684028
req_03999,ieee-activation-59da24158a1045ee92d55d692e9c3b84,3963.9089031219482,4454.6161402470025,419.5989158630546,22.157129674000316,41.241455196999596,0.55288109400135,4.912845986997127,2.2440093100012746,488.4631933770579,490.70723712505423
