offset_s,held_gpus,held_gpu_utilization_mean_percent,arrival_to_gate,gate_to_source_admission,source_to_native_dispatch,native_dispatch_to_last_token,last_token_to_controller_completion,controller_completion_to_terminal,gate_to_terminal
0.8354638940072618,1,37.0,1,0,0,0,0,0,0
1.8491583290160634,1,0.0,1,0,0,0,0,0,0
2.862370314018335,1,0.0,1,0,0,0,0,0,0
3.8760611560428515,1,0.0,1,0,0,0,0,0,0
4.88993245101301,1,0.0,1,0,0,0,0,0,0
5.902560501010157,1,0.0,1,0,0,0,0,0,0
6.916266203043051,1,0.0,1,0,0,0,0,0,0
7.929400102002546,1,0.0,1,0,0,0,0,0,0
8.943345126055647,1,0.0,1,0,0,0,0,0,0
9.95646153803682,1,0.0,1,0,0,0,0,0,0
10.969600609038025,1,0.0,1,0,0,0,0,0,0
11.981156539055519,1,0.0,2,0,0,0,0,0,0
12.995334822044242,1,0.0,2,0,0,0,0,0,0
14.008865443000104,1,0.0,3,0,0,0,0,0,0
15.022058954054955,1,0.0,3,0,0,0,0,0,0
16.035817621042952,1,0.0,3,0,0,0,0,0,0
17.048561635019723,1,0.0,3,0,0,0,0,0,0
18.061710605048575,1,0.0,3,0,0,0,0,0,0
19.07473564799875,1,0.0,3,0,0,0,0,0,0
20.087861910054926,1,0.0,3,0,0,0,0,0,0
21.101003549003508,1,0.0,3,0,0,0,0,0,0
22.11512984201545,1,0.0,4,0,0,0,0,0,0
23.12874263600679,1,0.0,4,0,0,0,0,0,0
24.142052271054126,1,0.0,2,2,0,0,0,0,2
25.156367176037747,1,0.0,2,0,2,0,0,0,2
26.167279296030756,1,91.0,2,0,0,2,0,0,2
27.180242480011657,1,93.0,2,0,0,2,0,0,2
28.193414355046116,1,84.0,1,0,0,2,0,0,2
29.207165598054416,1,94.0,1,0,0,2,0,0,2
30.220501457049977,1,94.0,1,1,0,1,0,0,2
31.233357798017096,1,94.0,1,0,0,2,0,0,2
32.246511962031946,1,88.0,0,0,0,2,0,0,2
33.25956248602597,1,93.0,0,0,0,2,0,0,2
34.27317144605331,1,93.0,0,0,0,1,0,0,1
35.28593399905367,1,92.0,0,0,0,1,0,0,1
36.299537370039616,1,93.0,0,0,1,0,0,0,1
37.31164555600844,1,69.0,1,0,0,2,0,0,2
38.31899822602281,1,95.0,1,0,0,2,0,0,2
39.33158767601708,1,57.0,1,0,0,2,0,0,2
40.34289960801834,1,52.0,2,0,0,2,0,0,2
41.356685678008944,1,77.0,3,0,0,2,0,0,2
42.37021800799994,1,96.0,4,0,0,2,0,0,2
43.384050470020156,1,97.0,5,0,0,2,0,0,2
44.39785904000746,1,95.0,5,0,0,2,0,0,2
45.41178779100301,1,94.0,4,0,0,1,1,0,2
46.42528707504971,1,94.0,3,0,0,2,0,0,2
47.438812708016485,1,96.0,4,0,0,2,0,0,2
48.451444247039035,1,94.0,3,1,0,1,0,0,2
49.46504580799956,2,42.0,3,0,0,2,0,0,2
50.48146213404834,2,47.5,5,0,0,2,0,0,2
51.49597718199948,2,49.5,5,1,0,1,0,0,2
52.509612513007596,2,54.0,6,0,1,1,0,0,2
53.52380155300489,3,25.0,6,0,0,2,0,0,2
54.53781380900182,4,35.0,6,0,0,2,0,0,2
55.552497636002954,4,33.75,6,0,0,2,0,0,2
56.566794991027564,4,27.75,8,0,0,2,0,0,2
57.58031314704567,4,47.0,8,0,0,2,0,0,2
58.59460543200839,4,43.5,10,0,0,2,0,0,2
59.60855296900263,4,19.25,12,0,0,2,0,0,2
60.62248873600038,4,21.5,12,0,0,2,0,0,2
61.636938795039896,4,10.5,12,0,0,2,0,0,2
62.65020817704499,4,5.5,12,0,0,2,0,0,2
63.66404403705383,4,26.0,12,0,0,2,0,0,2
64.67791587300599,4,24.0,11,0,2,0,0,0,2
65.69178197800647,4,4.0,12,0,0,2,0,0,2
66.70526787103154,4,44.5,13,0,0,2,0,0,2
67.7188280550181,4,31.0,12,0,1,1,0,0,2
68.7328571130056,4,28.5,12,0,0,2,0,0,2
69.74616263405187,4,36.75,10,0,0,4,0,0,4
70.75972370803356,4,41.75,10,0,0,4,0,0,4
71.77241970901377,4,56.75,10,0,0,4,0,0,4
72.78624997305451,4,14.75,8,2,0,4,0,0,6
73.80033978802385,4,25.5,6,2,1,5,0,0,8
74.81399567401968,4,72.0,6,0,0,7,1,0,8
75.82829813304124,4,71.25,3,1,2,5,0,0,8
76.84213196003111,4,70.25,3,1,2,5,0,0,8
77.85446355800377,4,94.25,3,0,0,8,0,0,8
78.86843336903257,4,93.75,3,0,1,7,0,0,8
79.88213227601955,4,79.75,2,0,1,7,0,0,8
80.8915241730283,4,70.5,1,1,0,7,0,0,8
81.90485644800356,4,89.0,0,1,1,6,0,0,8
82.91873916704208,4,72.0,2,0,3,5,0,0,8
83.93258398404578,4,71.5,2,0,2,6,0,0,8
84.94620409200434,4,76.0,2,0,1,7,0,0,8
85.96052239800338,4,63.0,2,0,0,7,0,1,8
86.97428789403057,4,68.0,2,0,1,7,0,0,8
87.98826860502595,4,54.75,1,0,2,6,0,0,8
89.0019276800449,4,96.5,1,0,1,7,0,0,8
90.0156783630373,4,86.5,0,1,0,7,0,0,8
91.02864518103888,4,93.5,0,0,0,5,1,0,6
92.04017868504161,4,72.25,0,2,0,3,0,1,6
93.05413829500321,4,47.0,0,0,1,5,0,0,6
94.06553864903981,4,79.5,0,0,1,4,0,0,5
95.07860307703959,4,70.75,0,3,0,5,0,0,8
96.08537844300736,4,60.0,0,1,2,5,0,0,8
97.09948020504089,4,40.25,1,0,1,7,0,0,8
98.11379487003433,4,39.75,0,2,1,5,0,0,8
99.1275659360108,4,45.0,0,1,2,4,1,0,8
100.14115926402155,4,62.25,0,0,3,5,0,0,8
101.15377062105108,4,84.5,0,0,1,6,0,0,7
102.17913597205188,4,64.75,0,0,1,6,0,0,7
103.19220532104373,4,64.25,0,1,0,5,1,0,7
104.20601303305011,4,33.75,0,0,0,6,0,1,7
105.22017151600448,4,58.0,1,0,0,6,0,0,6
106.23378867504653,4,75.0,0,0,2,5,1,0,8
107.24641289701685,4,61.25,0,0,0,6,0,1,7
108.26024014601717,4,51.0,0,1,0,6,0,0,7
109.27412891504355,4,76.25,0,0,2,5,0,0,7
110.28828869602876,4,94.5,0,0,1,4,1,1,7
111.30016451701522,4,67.0,0,0,1,4,0,0,5
112.31448634405388,4,49.5,0,0,0,5,0,0,5
113.32692231301917,4,46.75,0,0,0,2,0,1,3
114.33825437503401,4,2.25,0,0,0,1,0,0,1
115.35263600101462,4,23.5,0,0,0,1,0,0,1
116.36691138800234,4,23.0,0,1,0,1,0,0,2
117.37975312804338,4,0.0,0,0,0,1,0,0,1
118.3920235550031,4,17.0,0,1,0,1,0,0,2
119.40616046404466,4,2.25,0,2,0,2,0,0,4
120.41986076202011,4,23.0,0,1,1,2,0,0,4
121.4342635240173,4,24.5,0,0,1,3,0,0,4
122.44616526801838,4,46.25,0,0,1,2,0,0,3
123.46031914302148,4,24.5,0,0,0,3,0,0,3
124.46718846604927,4,23.75,0,1,0,3,0,0,4
125.4797731260187,4,42.0,0,0,1,3,0,0,4
126.49367723002797,4,69.5,0,1,0,3,0,0,4
127.5078576040105,4,51.25,0,1,1,3,0,0,5
128.5225527130533,4,47.25,0,0,1,3,0,0,4
129.53666403604439,4,46.5,0,0,1,3,0,0,4
130.55016029800754,4,70.5,0,0,1,3,0,0,4
131.56413775804685,4,70.0,0,0,0,3,0,0,3
132.57833000301616,4,6.5,0,1,1,3,0,0,5
133.59206671302672,4,39.0,0,1,0,5,0,0,6
134.60578094504308,4,69.75,1,1,0,4,0,0,5
135.61929768900154,4,68.75,0,2,0,5,0,0,7
136.63265486300224,4,47.75,1,2,1,5,0,0,8
137.6469524000422,4,46.5,0,2,2,3,0,1,8
138.6609576480114,4,35.5,0,1,1,4,0,1,7
139.67503030202352,4,0.0,0,1,2,2,0,0,5
140.68755610001972,4,25.25,0,0,3,1,0,1,5
141.7017488690326,4,40.25,1,0,2,2,0,0,4
142.71586706500966,4,23.5,0,4,2,2,0,0,8
143.7294900980196,4,39.0,2,0,3,5,0,0,8
144.7434268920333,4,39.75,3,0,1,6,1,0,8
145.75739165302366,4,35.25,2,1,1,5,0,1,8
146.76936215802561,4,46.75,2,0,1,4,1,2,8
147.78135261300486,4,35.25,0,3,1,4,0,0,8
148.7912110670004,4,58.0,0,1,1,5,0,0,7
149.8025579850073,4,46.5,0,1,1,5,0,0,7
150.81650092900964,4,68.25,0,0,0,7,0,0,7
151.83027546404628,4,55.0,0,0,0,7,0,0,7
152.84295930201188,4,70.25,0,1,0,6,0,0,7
153.85524133202853,4,47.0,0,1,1,5,0,0,7
154.868030681042,4,41.75,0,1,0,5,0,1,7
155.87955011200393,4,41.25,0,0,1,5,0,0,6
156.8936529980274,4,22.25,1,2,0,6,0,0,8
157.9074386980501,4,68.0,1,0,1,7,0,0,8
158.92117851303192,4,47.25,0,1,1,6,0,0,8
159.93504647404188,4,94.5,1,1,0,7,0,0,8
160.94753931905143,4,67.5,1,0,1,7,0,0,8
161.9596554710297,4,49.5,2,0,1,5,2,0,8
162.973601884034,4,64.25,1,2,1,5,0,0,8
163.98761808901327,4,71.25,3,0,2,5,0,1,8
165.00132790603675,4,25.25,2,1,1,6,0,0,8
166.01564929902088,4,36.0,1,2,0,6,0,0,8
167.02931895002257,4,69.5,1,2,0,5,1,0,8
168.04326679900987,4,27.25,0,0,4,3,0,0,7
169.05519195401575,4,52.75,0,0,2,4,0,1,7
170.06828922400018,4,45.25,0,3,1,4,0,0,8
171.08249562501442,4,22.25,0,1,2,3,0,0,6
172.09629131900147,4,67.75,0,0,1,4,0,0,5
173.1086907860008,4,47.0,0,0,1,4,0,0,5
174.12071997101884,4,47.75,0,0,0,5,0,0,5
175.13500638102414,4,46.5,0,0,0,4,0,1,5
176.1488457400119,4,67.75,0,1,0,4,0,0,5
177.16156154405326,4,46.5,0,1,1,3,0,0,5
178.1753286900348,4,43.75,0,0,0,4,0,0,4
179.18961925600888,4,47.25,0,2,0,3,0,0,5
180.2015119990101,4,26.5,0,3,1,3,0,0,7
181.21507621504134,4,70.75,1,3,0,4,0,0,7
182.22920831805095,4,42.0,0,2,2,3,0,1,8
183.2434259740403,4,23.25,0,0,2,5,0,0,7
184.257751880039,4,50.75,0,1,1,6,0,0,8
185.27203864301555,4,60.5,1,0,1,7,0,0,8
186.2855985010392,4,55.75,1,0,0,8,0,0,8
187.30006688204594,4,92.5,2,0,0,7,1,0,8
188.31244936201256,4,94.5,2,0,0,6,1,1,8
189.32545607502107,4,46.5,2,2,0,5,0,0,7
190.33760382700711,4,48.0,1,0,2,5,0,1,8
191.35135856299894,4,45.0,3,1,1,5,1,0,8
192.36266474804142,4,48.5,1,2,0,6,0,0,8
193.37645914702443,4,47.0,2,2,1,5,0,0,8
194.38841517601395,4,53.5,3,2,1,4,1,0,8
195.3994586240151,4,68.25,1,3,2,3,0,0,8
196.41265514004044,4,61.0,1,1,4,3,0,0,8
197.42699697404169,4,47.5,1,0,2,6,0,0,8
198.44095182605088,4,71.5,2,0,1,7,0,0,8
199.45515120204072,4,94.5,2,0,1,7,0,0,8
200.46943485899828,4,50.25,1,1,1,6,0,0,8
201.48350796400337,4,53.75,2,0,1,6,1,0,8
202.4974229130312,4,95.5,3,0,1,5,2,0,8
203.511285340006,4,93.75,3,0,1,5,0,2,8
204.5249677710235,4,54.5,2,2,0,6,0,0,8
205.539236859011,4,58.5,3,1,2,4,1,0,8
206.55339551204816,4,34.25,2,1,2,5,0,0,8
207.5673941480345,4,71.5,3,0,3,4,1,0,8
208.58093895000638,4,67.25,2,1,3,1,3,0,8
209.59233888500603,4,23.25,1,2,2,2,0,2,8
210.60353800200392,4,0.0,0,1,3,3,0,0,7
211.6176578120212,4,46.75,0,1,2,3,0,0,6
212.631867529999,4,59.75,0,0,2,4,0,0,6
213.64349936903454,4,63.0,0,1,1,5,0,0,7
214.65798152104253,4,31.25,0,0,1,7,0,0,8
215.6706621790072,4,70.5,2,1,1,6,0,0,8
216.6852070800378,4,24.0,3,1,0,6,1,0,8
217.69899369502673,4,94.75,3,1,0,5,2,0,8
218.71297359804157,4,22.75,2,2,1,5,0,0,8
219.7261928320513,4,79.25,3,0,2,5,0,1,8
220.7402004750329,4,23.25,4,1,2,4,1,0,8
221.75419737404445,4,71.5,3,1,2,4,1,0,8
222.76726811099797,4,46.75,3,2,3,3,0,0,8
223.7865878130542,4,41.75,4,1,2,4,0,1,8
224.79595878603868,4,24.0,3,1,3,4,0,0,8
225.80977917200653,4,37.0,4,1,2,5,0,0,8
226.82428732904373,4,46.5,3,1,2,5,0,0,8
227.83762208704138,4,93.5,4,1,2,5,0,0,8
228.85173383605434,4,70.25,5,1,0,5,2,0,8
229.8659353320254,4,70.0,3,2,1,5,0,0,8
230.87894613004755,4,46.25,2,2,2,4,0,0,8
231.89236034400528,4,47.5,3,0,3,4,1,0,8
232.90636893705232,4,46.5,4,1,2,4,0,1,8
233.92049938405398,4,47.5,3,2,2,4,0,0,8
234.93502431700472,4,46.75,3,2,3,3,0,0,8
235.94886047701584,4,23.25,3,1,3,4,0,0,8
236.96301949303597,4,28.75,3,1,1,6,0,0,8
237.97611160803353,4,71.5,5,1,1,6,0,0,8
238.98990780604072,4,82.75,5,0,2,4,2,0,8
240.0051144370227,4,34.0,4,1,3,4,0,0,8
241.0191250090138,4,47.0,4,1,2,4,1,0,8
242.03311485704035,4,70.75,3,1,2,4,0,1,8
243.0475433030515,4,23.0,2,1,3,4,0,0,8
244.06132935005007,4,34.0,2,0,3,5,0,0,8
245.0733960090438,4,72.0,3,0,2,6,0,0,8
246.08495810901513,4,35.75,4,1,0,7,0,0,8
247.09932189399842,4,45.75,5,2,0,6,0,0,8
248.1126459580264,4,12.5,4,2,2,4,0,0,8
249.12645017600153,4,33.75,4,2,1,2,3,0,8
250.14085172105115,4,32.0,1,4,1,3,0,0,8
251.15473818901228,4,23.25,2,0,1,7,0,0,8
252.16902748600114,4,71.5,2,0,0,7,0,1,8
253.1825913830544,4,66.75,2,1,0,6,1,0,8
254.19674360804493,4,46.75,2,1,1,6,0,0,8
255.21112703502877,4,60.75,1,2,1,5,0,0,8
256.2248907460016,4,42.25,1,0,4,4,0,0,8
257.23895445803646,4,77.75,1,0,4,4,0,0,8
258.25280214304803,4,47.0,0,1,1,4,0,1,7
259.2678160240175,4,82.0,0,1,1,4,0,0,6
260.28210089803906,4,55.75,1,2,2,4,0,0,8
261.2962558630388,4,35.0,1,3,1,4,0,0,8
262.30823925405275,4,47.25,2,0,2,5,0,1,8
263.3220493789995,4,47.5,1,1,1,6,0,0,8
264.33598859701306,4,91.75,1,1,1,3,3,0,8
265.34904136304976,4,34.75,0,1,1,3,0,1,6
266.3629429700086,4,19.75,0,0,2,2,0,0,4
267.3769273450016,4,16.5,0,0,0,4,0,0,4
268.39046926802257,4,46.75,0,1,0,4,0,0,5
269.40361785003915,4,47.25,0,0,1,4,0,0,5
270.41738369804807,4,16.0,0,2,1,4,0,0,7
271.4323520580074,4,22.25,0,1,2,3,0,0,6
272.44637700601015,4,23.75,4,1,2,3,0,0,6
273.4598066090257,4,47.0,5,0,3,2,0,1,6
274.47467908705585,4,24.75,2,2,1,5,0,0,8
275.4886132910033,4,95.25,2,0,2,6,0,0,8
276.50247269601095,4,91.25,1,1,1,6,0,0,8
277.5162172880373,4,36.75,0,1,1,6,0,0,8
278.52995512704365,4,57.0,0,0,2,4,2,0,8
279.5440495010116,4,78.25,0,0,0,6,0,0,6
280.5580276110559,4,90.75,0,0,0,5,0,0,5
281.57203155203024,4,93.75,1,0,0,4,1,0,5
282.5861479190062,4,71.0,0,2,0,4,0,1,7
283.5994850550196,4,72.0,0,2,0,0,0,0,2
284.61347301804926,4,0.0,0,1,2,0,0,0,3
285.62732422404224,4,0.0,0,2,1,1,0,0,4
286.6434546240489,4,46.25,0,0,1,3,0,0,4
287.6558728720411,4,70.0,1,0,1,3,0,0,4
288.67115285102045,4,71.25,1,0,1,2,1,0,4
289.6848588139983,4,1.5,0,1,1,2,0,1,5
290.69945320900297,4,45.25,0,1,0,4,0,0,5
291.7135079080472,4,24.0,0,1,0,4,0,0,5
292.7268456990132,4,70.5,0,0,1,4,0,0,5
293.74324971204624,4,62.25,0,0,0,5,0,0,5
294.75699015904684,4,70.0,0,0,0,4,0,1,5
295.77101585501805,4,53.5,1,1,0,4,0,0,5
296.78286330000265,4,70.5,2,1,0,2,2,0,5
297.79658761405153,4,46.5,2,1,0,2,2,0,5
298.8102825670503,4,0.0,0,2,2,2,0,0,6
299.8246762040071,4,48.0,0,2,1,3,0,0,6
300.83919595903717,4,24.25,0,3,1,3,0,0,7
301.85331805003807,4,35.75,1,0,1,5,0,0,6
302.8670643840451,4,68.75,0,1,0,6,0,0,7
303.8788077260251,4,90.5,0,1,0,6,0,0,7
304.8926130250329,4,70.0,1,1,0,4,2,0,7
305.906972280005,4,46.75,0,2,1,3,0,2,8
306.9208150880295,4,71.25,0,2,1,4,0,0,7
307.93451745802304,4,14.25,2,2,2,3,1,0,8
308.9488576480071,4,77.25,1,3,1,3,0,1,8
309.96297742205206,4,23.5,1,2,2,2,1,1,8
310.9766930390033,4,47.0,3,1,3,0,3,1,8
311.9905507690273,4,0.0,4,1,3,0,0,4,8
313.00448690203484,4,0.0,2,5,2,1,0,0,8
314.01853072002996,4,0.0,5,5,1,2,0,0,8
315.032662577054,4,29.75,6,2,4,2,0,0,8
316.046453595045,4,46.0,6,2,4,2,0,0,8
317.06116125703556,4,48.0,6,2,4,2,0,0,8
318.0751795020187,4,33.5,8,2,1,5,0,0,8
319.0890131210326,4,48.75,7,3,1,4,0,0,8
320.10688869905425,4,24.5,9,1,2,5,0,0,8
321.11888339405414,4,47.75,11,1,1,6,0,0,8
322.1334862380172,4,47.25,16,1,1,6,0,0,8
323.14775140205165,4,94.75,18,1,1,4,2,0,8
324.16122001904296,4,70.0,25,1,0,3,0,4,8
325.1751581450226,4,23.25,22,4,1,3,0,0,8
326.18941955204355,4,23.25,24,0,4,4,0,0,8
327.2012315739994,4,27.5,25,0,2,6,0,0,8
328.2134592610528,4,46.75,25,0,2,4,2,0,8
329.2272948680329,4,70.5,29,0,1,4,2,1,8
330.2412799440208,4,23.5,29,0,1,3,1,3,8
331.25656140601495,4,1.25,24,5,1,2,0,0,8
332.2708507500356,4,46.75,25,3,3,2,0,0,8
333.28548232105095,4,46.5,26,3,3,2,0,0,8
334.2993058110005,4,23.25,30,3,3,0,2,0,8
335.31301683402853,4,0.0,29,2,2,3,0,1,8
336.3271217250149,4,0.0,30,2,3,1,0,2,8
337.33589200204005,4,0.0,29,3,4,1,0,0,8
338.3502673570183,4,24.5,28,3,2,3,0,0,8
339.36402995401295,4,65.25,28,1,2,5,0,0,8
340.3781511160196,4,60.75,30,0,0,6,1,1,8
341.39224675600417,4,30.5,31,3,1,3,1,0,8
342.40472115104785,4,47.75,30,3,1,4,0,0,8
343.4185137510067,4,70.25,31,3,1,3,1,0,8
344.4315618870314,4,69.75,33,2,2,3,1,0,8
345.46039041603217,4,21.75,33,3,2,3,0,0,8
346.5175566720427,4,31.5,33,3,1,4,0,0,8
347.52957412204705,4,70.25,34,1,2,4,0,1,8
348.5418459420325,4,23.0,36,1,1,6,0,0,8
349.55505939602153,4,48.75,38,1,0,6,1,0,8
350.56885580101516,4,36.5,40,2,1,4,0,1,8
351.5831981850206,4,1.75,38,2,3,3,0,0,8
352.59788396704243,4,40.5,38,3,2,2,1,0,8
353.61171068105614,4,23.25,39,2,2,1,2,1,8
354.6259216470062,4,23.5,45,2,2,1,2,1,8
355.64016146201175,4,23.5,45,3,2,1,0,2,8
356.6514415590209,4,12.75,47,3,2,1,1,1,8
357.6650971210329,4,23.25,48,2,5,1,0,0,8
358.67900296405423,4,1.0,49,1,1,5,1,0,8
359.6931468460243,4,45.75,48,2,2,3,1,0,8
360.70741603302304,4,47.0,54,0,3,4,0,1,8
361.72179968102137,4,25.0,56,1,2,4,0,1,8
362.7349619400338,4,69.25,61,1,1,5,0,1,8
363.7487914680387,4,28.75,67,0,3,5,0,0,8
364.7631978310528,4,71.25,69,0,1,5,2,0,8
365.776828578033,4,94.25,69,0,1,5,2,0,8
366.79057683603605,4,93.75,69,0,1,5,0,2,8
367.80429968301905,4,70.75,67,2,1,4,0,1,8
368.81948092300445,4,37.25,66,1,2,4,1,0,8
369.8338863470126,4,48.75,65,2,2,4,0,0,8
370.84664234303636,4,47.5,66,0,2,5,0,1,8
371.8597773400252,4,17.75,64,2,2,4,0,0,8
372.8734759010258,4,45.25,66,0,3,5,0,0,8
373.88787195202895,4,67.25,66,0,2,5,1,0,8
374.9018629080383,4,93.5,66,0,2,3,3,0,8
375.9146563630202,4,46.75,67,0,2,2,4,0,8
376.92886134202126,4,70.0,63,3,1,4,0,0,8
377.94276763300877,4,36.75,65,0,3,5,0,0,8
378.95710763602983,4,32.0,64,1,1,6,0,0,8
379.9700198430219,4,37.0,62,2,1,5,0,0,8
380.98384068201995,4,28.25,63,1,2,4,0,1,8
381.9985791790532,4,27.25,63,1,2,5,0,0,8
383.01256507402286,4,46.75,63,1,1,6,0,0,8
384.0266703470261,4,48.25,62,1,0,7,0,0,8
385.04070801800117,4,46.5,61,1,1,5,0,1,8
386.0538650760427,4,23.75,61,1,1,3,2,1,8
387.066803156049,4,70.0,61,1,1,3,2,1,8
388.07962671201676,4,70.25,62,1,1,2,3,0,7
389.09393554902636,4,47.0,60,3,2,3,0,0,8
390.1079779280117,4,46.5,61,0,2,6,0,0,8
391.12081073602894,4,46.0,59,1,3,4,0,0,8
392.13469992403407,4,47.25,59,0,3,2,0,3,8
393.1487557760556,4,33.25,56,3,3,2,0,0,8
394.1622078770306,4,15.5,58,1,4,3,0,0,8
395.17782019102015,4,27.25,58,1,3,2,2,0,8
396.19160039303824,4,47.25,61,1,3,2,2,0,8
397.2054590000189,4,23.25,62,1,3,0,4,0,8
398.2172869790229,4,0.0,60,4,2,2,0,0,8
399.2269700820325,4,43.75,61,4,2,2,0,0,8
400.2412549300352,4,28.75,64,2,3,2,1,0,8
401.2552248639986,4,23.25,63,1,3,3,0,1,8
402.2689414060442,4,28.0,64,1,0,6,1,0,8
403.282243877009,4,42.25,64,1,1,5,0,1,8
404.2961606910103,4,8.75,60,5,1,2,0,0,8
405.30902591801714,4,37.0,60,2,1,5,0,0,8
406.3230122210225,4,47.75,62,1,2,3,2,0,8
407.3373221270158,4,48.5,62,1,2,3,2,0,8
408.35102756903507,4,47.5,66,0,3,2,2,1,8
409.363137397042,4,26.25,66,2,2,3,0,1,8
410.3753823580337,4,58.5,68,1,1,6,0,0,8
411.3896084680455,4,48.0,68,1,1,5,0,1,8
412.4039489950519,4,38.25,67,2,0,6,0,0,8
413.41775193001376,4,23.25,66,2,1,5,0,0,8
414.4319311460131,4,60.5,65,1,1,4,2,0,8
415.4457362750545,4,21.0,63,2,1,4,0,1,8
416.4593616090133,4,36.25,62,0,2,4,1,0,7
417.4731253540376,4,21.5,61,1,1,5,0,1,8
418.4871294320328,4,46.5,62,2,0,4,0,2,8
419.50177621102193,4,63.25,60,2,1,4,0,1,8
420.5158447890426,4,70.5,62,2,1,3,1,1,8
421.52889784501167,4,64.5,66,2,1,0,4,1,8
422.5425923000439,4,0.0,66,1,1,1,3,2,8
423.55660498002544,4,3.25,64,3,2,1,0,2,8
424.5690927990363,4,6.75,62,5,1,2,0,0,8
425.58020977303386,4,24.0,61,6,1,1,0,0,8
426.5946618820308,4,22.5,61,3,4,1,0,0,8
427.607042765012,4,0.0,61,0,6,2,0,0,8
428.62136943405494,4,46.5,62,0,2,6,0,0,8
429.63523394300137,4,59.75,63,1,2,3,1,1,8
430.6490023260121,4,62.5,65,1,2,2,2,1,8
431.6630728590535,4,46.5,66,1,1,3,0,2,7
432.67685733700637,4,10.75,64,2,3,3,0,0,8
433.69110171403736,4,23.5,65,2,2,4,0,0,8
434.7051828370313,4,1.5,65,0,3,4,1,0,8
435.7189576680539,4,70.5,64,1,3,4,0,0,8
436.73328812402906,4,0.0,64,1,1,6,0,0,8
437.74733736302005,4,70.25,65,1,2,4,0,1,8
438.7613703640527,4,22.75,67,2,1,5,0,0,8
439.77471068903105,4,70.75,68,2,1,3,2,0,8
440.7878140300163,4,47.5,70,2,1,3,2,0,8
441.8013409760315,4,24.0,69,4,1,3,0,0,8
442.81529035500716,4,41.75,71,2,2,4,0,0,8
443.8278073540423,4,41.5,74,0,3,4,0,1,8
444.8406813990441,4,65.0,74,0,3,2,0,3,8
445.8543718770379,4,13.25,72,2,2,3,1,0,8
446.86937970703,4,27.0,72,1,3,4,0,0,8
447.8823230980197,4,58.0,72,1,3,4,0,0,8
448.89471546403365,4,72.0,72,1,1,5,1,0,8
449.9070648230263,4,93.5,73,1,1,4,2,0,8
450.91947626601905,4,70.75,73,1,1,3,3,0,8
451.93341705104103,4,46.5,75,1,0,3,1,3,8
452.9482035600231,4,39.0,75,0,5,3,0,0,8
453.96045297704404,4,38.25,76,0,4,4,0,0,8
454.97531437303405,4,25.75,76,0,2,6,0,0,8
455.9894994930364,4,51.5,75,1,1,5,0,1,8
457.00258826703066,4,86.0,76,1,0,6,1,0,8
458.01679981604684,4,76.0,76,0,3,5,0,0,8
459.0306589950342,4,71.0,77,0,2,6,0,0,8
460.04459600005066,4,94.5,77,0,2,6,0,0,8
461.059350978001,4,92.5,77,0,2,5,1,0,8
462.0731568550109,4,94.25,77,0,2,4,2,0,8
463.0868414720171,4,94.25,78,0,2,3,3,0,8
464.0990398370195,4,24.25,75,4,0,4,0,0,8
465.11139249801636,4,71.25,74,2,2,4,0,0,8
466.125315650017,4,5.75,75,0,2,6,0,0,8
467.1442573600216,4,70.25,75,0,1,5,0,2,8
468.17082852800377,4,15.5,75,1,1,5,0,1,8
469.18461995903635,4,4.0,74,2,1,4,1,0,8
470.1988806850277,4,46.5,72,4,2,2,0,0,8
471.20896590902703,4,45.5,72,0,3,4,1,0,8
472.22072951705195,4,73.0,73,0,2,4,0,2,8
473.2275261620525,4,46.5,73,0,2,3,1,0,6
474.2414650610299,4,70.75,73,0,2,3,1,0,6
475.2550702470471,4,70.25,73,0,2,3,1,0,6
476.26809728500666,4,46.75,73,0,2,2,2,0,6
477.28273132501636,4,47.75,71,2,1,3,0,2,8
478.2968396510114,4,35.5,69,0,2,6,0,0,8
479.3107936400338,4,48.5,68,1,2,5,0,0,8
480.32471026905114,4,66.5,69,1,0,3,3,1,8
481.336684405047,4,29.75,65,5,0,3,0,0,8
482.3506581970141,4,48.25,67,0,3,5,0,0,8
483.3623207050259,4,46.25,68,1,3,4,0,0,8
484.3762660060311,4,96.0,69,1,1,6,0,0,8
485.38953210704494,4,96.75,69,0,1,6,0,1,8
486.40354609303176,4,82.5,70,0,0,4,3,0,7
487.4180352000403,4,70.25,72,0,0,3,4,0,7
488.4318007969996,4,22.75,73,0,0,2,5,0,7
489.4453364240471,4,23.25,74,1,0,2,0,5,8
490.45975090702996,4,0.0,71,6,0,2,0,0,8
491.4737064780202,4,24.25,71,4,2,2,0,0,8
492.4881605140399,4,22.75,73,3,3,2,0,0,8
493.502322312037,4,22.75,72,3,2,2,0,1,8
494.5161759700277,4,48.75,70,3,1,4,0,0,8
495.53068221203284,4,41.5,71,1,3,3,0,1,8
496.5450765360147,4,79.75,72,1,0,5,1,0,7
497.5589960940415,4,32.5,70,3,1,4,0,0,8
498.57355961803114,4,46.5,70,3,1,4,0,0,8
499.5873701860546,4,70.0,70,3,1,2,2,0,8
500.6015266390168,4,47.0,70,3,1,2,2,0,8
501.6156440420309,4,46.75,70,3,1,3,0,1,8
502.62877819204004,4,40.25,69,1,4,3,0,0,8
503.6425517820171,4,13.25,68,2,1,5,0,0,8
504.65660897805355,4,47.0,69,1,1,5,1,0,8
505.6681532720104,4,65.75,69,1,1,4,0,2,8
506.6811127020046,4,34.25,69,2,2,3,0,1,8
507.6925656120293,4,47.75,69,1,2,5,0,0,8
508.705489066022,4,47.25,69,0,0,8,0,0,8
509.7199634910212,4,64.0,69,1,0,7,0,0,8
510.73394810204627,4,46.5,69,1,0,6,1,0,8
511.7478668890544,4,78.75,69,1,0,5,2,0,8
512.7621141910204,4,47.0,69,1,0,3,4,0,8
513.7759057280491,4,47.5,69,1,0,1,6,0,8
514.7898929140065,4,23.75,63,6,0,2,0,0,8
515.8039900160511,4,16.0,63,3,1,4,0,0,8
516.8178314620163,4,27.25,64,1,3,4,0,0,8
517.8319669800112,4,47.5,64,2,2,2,2,0,8
518.846054209047,4,36.75,62,3,2,3,0,0,8
519.8605861480464,4,36.75,60,3,3,2,0,0,8
520.8719107870129,4,23.25,60,0,3,5,0,0,8
521.8864779210417,4,48.25,59,1,1,6,0,0,8
522.9004311320023,4,94.0,59,0,0,7,1,0,8
523.9142365720472,4,47.75,58,3,0,5,0,0,8
524.9289372890489,4,56.25,58,0,3,5,0,0,8
525.9429710100521,4,71.5,59,0,3,3,1,1,8
526.9531414509984,4,68.0,61,0,3,3,1,1,8
527.9671320120106,4,70.0,61,0,3,1,3,1,8
528.9815852400498,4,23.5,60,1,3,1,0,3,8
529.9958181240363,4,18.75,57,1,4,3,0,0,8
531.009376069007,4,24.5,58,0,3,1,2,2,8
532.0252938430058,4,2.5,58,2,3,1,0,2,8
533.0374117130414,4,0.0,56,1,5,2,0,0,8
534.0464326530346,4,0.0,57,0,3,5,0,0,8
535.0605101000401,4,46.25,54,3,2,3,0,0,8
536.0776565060369,4,47.5,57,0,2,5,0,1,8
537.0912161860033,4,59.75,55,3,2,3,0,0,8
538.1045665920246,4,23.75,56,2,2,4,0,0,8
539.118752577051,4,49.0,56,1,3,3,0,1,8
540.132974769047,4,44.0,57,1,1,6,0,0,8
541.1469115100335,4,69.75,57,0,1,5,2,0,8
542.1604118810501,4,71.25,57,0,1,4,3,0,8
543.174346519052,4,70.75,57,0,1,3,4,0,8
544.187730958045,4,47.0,58,0,1,2,4,1,8
545.2019309120369,4,23.0,53,5,1,2,0,0,8
546.2156667390373,4,33.5,53,4,1,3,0,0,8
547.2297994570108,4,46.75,54,0,5,2,0,1,8
548.2436357030529,4,48.5,53,1,3,4,0,0,8
549.2580179490033,4,63.0,52,1,3,3,0,1,8
550.2722812540014,4,47.5,51,0,3,5,0,0,8
551.2861938590067,4,47.25,52,0,1,7,0,0,8
552.3004290050012,4,70.5,51,1,1,6,0,0,8
553.3145675180131,4,70.75,52,1,1,6,0,0,8
554.3283564040321,4,70.25,52,2,0,5,1,0,8
555.3426985850092,4,43.5,51,2,1,5,0,0,8
556.3565535120433,4,81.5,54,0,2,6,0,0,8
557.3708027090179,4,94.0,55,0,2,5,1,0,8
558.3848299570382,4,69.75,55,0,2,4,2,0,8
559.3930920270504,4,70.0,56,0,2,2,4,0,8
560.4050186170498,4,24.5,52,5,1,2,0,0,8
561.4159691310488,4,19.0,53,0,4,4,0,0,8
562.4290633909986,4,68.5,55,0,0,8,0,0,8
563.4416347950464,4,94.75,54,1,0,7,0,0,8
564.4493080230313,4,75.5,55,0,1,7,0,0,8
565.4636686280137,4,57.0,54,0,1,7,0,0,8
566.4780515180319,4,68.75,54,0,0,7,0,1,8
567.4898959220154,4,39.5,54,1,1,5,0,1,8
568.5029336960288,4,0.0,54,1,2,5,0,0,8
569.5170948700397,4,27.25,57,0,1,7,0,0,8
570.5313791650115,4,54.25,56,1,1,6,0,0,8
571.5457575480104,4,76.0,56,0,1,7,0,0,8
572.5594681340153,4,84.75,56,0,0,6,2,0,8
573.5719783170498,4,23.5,54,3,0,5,0,0,8
574.5838479510276,4,46.25,54,0,3,4,0,1,8
575.5964112500078,4,23.25,55,1,3,2,2,0,8
576.6103367510368,4,46.0,56,1,3,2,2,0,8
577.6248052270385,4,46.5,60,1,3,2,2,0,8
578.638394966023,4,23.5,61,1,2,2,0,3,8
579.6522552520037,4,31.5,59,3,2,2,1,0,8
580.6664038110175,4,23.5,59,4,2,2,0,0,8
581.6804210400442,4,46.5,59,1,4,2,0,1,8
582.6943449630053,4,38.75,60,0,4,3,0,0,7
583.7068565210211,4,0.0,61,1,4,2,1,0,8
584.7223205839982,4,19.5,61,1,3,4,0,0,8
585.7366445220541,4,49.25,60,1,2,5,0,0,8
586.7503040380543,4,23.5,61,1,0,7,0,0,8
587.765172192012,4,56.75,60,1,1,6,0,0,8
588.7832893910236,4,94.5,61,1,1,6,0,0,8
589.7987759440439,4,11.25,62,1,1,6,0,0,8
590.8129215130466,4,34.25,62,0,1,6,0,1,8
591.8267855930026,4,49.25,63,0,0,8,0,0,8
592.837110232038,4,84.0,63,0,0,8,0,0,8
593.8475382020115,4,70.25,63,0,0,8,0,0,8
594.8611969180056,4,94.25,64,0,0,7,1,0,8
595.874379047018,4,95.25,65,0,0,6,2,0,8
596.8883020260255,4,71.25,65,0,0,5,3,0,8
597.899597887008,4,70.75,64,1,0,2,0,4,7
598.9134781330358,4,0.0,60,4,2,2,0,0,8
599.9259730330086,4,22.25,59,1,5,2,0,0,8
600.9372300620307,4,23.5,60,2,3,3,0,0,8
601.9514608720201,4,50.5,62,0,2,6,0,0,8
602.965241088008,4,70.5,61,1,0,6,0,1,8
603.9777228020248,4,0.0,60,2,0,6,0,0,8
604.9907449800521,4,48.75,60,1,1,6,0,0,8
606.0046892840182,4,68.0,59,1,1,6,0,0,8
607.0188160690013,4,93.75,60,1,1,5,0,1,8
608.0327082160511,4,32.0,59,1,1,6,0,0,8
609.0469605360413,4,62.75,59,1,0,7,0,0,8
610.0609276360483,4,46.75,60,1,0,7,0,0,8
611.0751886690268,4,93.75,63,1,0,6,1,0,8
612.0892576920451,4,93.0,63,1,0,4,3,0,8
613.102727982041,4,70.75,63,1,0,3,4,0,8
614.1173015300301,4,46.0,63,0,1,2,1,4,8
615.1311220390489,4,23.25,58,5,0,3,0,0,8
616.1448255370487,4,48.0,60,0,4,4,0,0,8
617.1573479040526,4,28.75,59,1,4,3,0,0,8
618.1716669740272,4,50.25,59,1,2,5,0,0,8
619.1840088820318,4,0.0,58,1,2,5,0,0,8
620.1978681680048,4,48.25,57,2,0,5,0,1,8
621.2103103670524,4,71.0,56,2,1,5,0,0,8
622.2222679140395,4,95.0,57,0,1,6,1,0,8
623.2346315090545,4,64.5,59,1,0,6,0,1,8
624.2448570860433,4,46.5,58,0,2,6,0,0,8
625.2592908700462,4,70.75,60,0,1,6,0,1,8
626.2728960680543,4,47.25,59,0,1,7,0,0,8
627.28840881004,4,24.0,58,1,1,6,0,0,8
628.3028178120148,4,25.5,58,0,0,8,0,0,8
629.3167715590098,4,94.75,58,0,0,8,0,0,8
630.3309094430297,4,92.75,59,0,0,5,3,0,8
631.3445388730033,4,93.0,60,0,0,4,4,0,8
632.3581663250225,4,77.25,62,0,0,3,5,0,8
633.3704035320552,4,45.25,56,5,1,2,0,0,8
634.3841508570476,4,23.5,59,1,5,2,0,0,8
635.396247939032,4,22.75,58,1,6,1,0,0,8
636.4102767620352,4,29.25,58,1,3,4,0,0,8
637.4231761030387,4,48.5,59,0,2,5,1,0,8
638.4357675030478,4,16.5,58,1,1,6,0,0,8
639.4499642380397,4,28.5,58,0,2,6,0,0,8
640.4638141140458,4,69.5,59,0,0,8,0,0,8
641.4781299220049,4,47.5,58,1,0,7,0,0,8
642.4923296650522,4,78.0,58,1,0,7,0,0,8
643.5056603410048,4,69.0,58,0,1,6,0,1,8
644.5197529750294,4,46.5,57,0,1,7,0,0,8
645.5337786690216,4,28.75,57,0,0,8,0,0,8
646.5476998620434,4,70.0,57,0,0,7,0,1,8
647.5614171500201,4,3.0,55,1,1,6,0,0,8
648.5749128230382,4,70.5,56,1,1,5,1,0,8
649.5889108180418,4,70.25,56,1,1,3,3,0,8
650.6021442339988,4,23.25,57,1,1,0,6,0,8
651.6156096490449,4,0.0,58,0,2,0,6,0,8
652.6293024360202,4,0.0,53,6,2,0,0,0,8
653.6404667030438,4,0.0,53,1,6,1,0,0,8
654.6523911950062,4,43.0,53,0,5,3,0,0,8
655.6664905110374,4,71.25,54,0,0,8,0,0,8
656.6799619100057,4,51.25,53,2,0,6,0,0,8
657.6918568620458,4,46.25,56,0,2,6,0,0,8
658.705725271022,4,37.0,55,1,2,5,0,0,8
659.7200345310266,4,46.5,56,0,2,6,0,0,8
660.738268806017,4,66.0,56,1,2,5,0,0,8
661.7521612970158,4,6.75,56,0,1,7,0,0,8
662.7660459510516,4,48.75,55,1,0,7,0,0,8
663.7792196450173,4,28.5,55,1,0,6,1,0,8
664.79169954604,4,69.75,54,1,1,5,0,1,8
665.8061205630074,4,71.25,56,1,1,3,2,1,8
666.8201132680406,4,46.5,56,1,1,1,4,1,8
667.833238930034,4,23.25,57,1,1,1,4,1,8
668.8454900730285,4,0.0,54,4,1,1,0,2,8
669.859436273051,4,21.0,52,2,4,1,1,0,8
670.8738085670047,4,19.75,54,0,6,1,0,1,8
671.8876717440435,4,44.5,54,1,2,5,0,0,8
672.9015573640354,4,49.75,53,1,3,4,0,0,8
673.9159841880319,4,46.0,51,2,3,3,0,0,8
674.9298423310393,4,11.25,51,2,2,4,0,0,8
675.9414780760417,4,24.25,53,0,2,6,0,0,8
676.9552155740093,4,71.75,53,1,2,5,0,0,8
677.9691107070539,4,37.0,53,0,1,7,0,0,8
678.9930692820344,4,83.5,53,1,1,6,0,0,8
680.0068801470334,4,28.75,52,2,0,6,0,0,8
681.0211321750539,4,23.0,53,1,0,7,0,0,8
682.0349638030166,4,93.5,55,1,1,6,0,0,8
683.0489876470529,4,48.0,56,1,0,7,0,0,8
684.0633115850505,4,94.0,57,1,0,6,1,0,8
685.077165285009,4,94.25,59,1,0,4,3,0,8
686.0914403159986,4,47.25,61,1,0,3,4,0,8
687.1050218770397,4,23.5,61,1,0,1,6,0,8
688.1187522149994,4,23.5,61,1,0,1,6,0,8
689.1330307100434,4,23.5,62,0,1,1,0,6,8
690.1517564340029,4,24.0,57,5,2,0,0,1,8
691.165578448039,4,1.25,56,1,6,1,0,0,8
692.1792329670279,4,13.0,57,0,7,1,0,0,8
693.190704948036,4,40.25,57,0,2,6,0,0,8
694.204576667049,4,56.25,58,0,0,8,0,0,8
695.2185244320426,4,94.0,61,0,0,8,0,0,8
696.232585446036,4,46.75,61,0,1,7,0,0,8
697.2466326920548,4,92.25,61,0,1,5,0,2,8
698.2603778450284,4,57.0,60,1,2,5,0,0,8
699.2744129630155,4,64.75,60,0,1,7,0,0,8
700.2885458510136,4,79.5,60,0,0,8,0,0,8
701.3024337310344,4,28.25,59,1,0,6,0,1,8
702.3166039870121,4,70.5,58,1,1,6,0,0,8
703.330769724038,4,71.25,57,1,1,3,0,2,7
704.3423939970089,4,44.0,57,3,1,3,0,1,8
705.35566315701,4,47.25,56,2,3,3,0,0,8
706.3698075210559,4,74.0,57,0,2,6,0,0,8
707.3884986280464,4,94.5,57,0,2,6,0,0,8
708.4028511910001,4,94.5,58,0,2,5,1,0,8
709.4166826310102,4,47.0,58,0,2,2,4,0,8
710.4331405000412,4,23.25,59,0,2,1,5,0,8
711.4566223750007,4,20.25,59,0,2,1,5,0,8
712.4705036730156,4,23.5,61,0,2,1,5,0,8
713.4835197030334,4,23.25,62,0,1,1,5,1,8
714.4963446900365,4,0.0,58,4,1,1,0,2,8
715.5103172700037,4,20.75,57,0,6,1,1,0,8
716.5249707080075,4,23.5,56,1,5,2,0,0,8
717.5390307580237,4,23.75,57,1,4,2,0,1,8
718.5530157220201,4,0.75,56,2,3,3,0,0,8
719.5669767330401,4,46.75,57,1,1,5,0,1,8
720.5811462510028,4,2.5,56,1,0,7,0,0,8
721.5954726430355,4,86.5,56,0,1,6,1,0,8
722.608632825024,4,25.75,56,1,1,6,0,0,8
723.6230229160283,4,94.25,55,1,1,6,0,0,8
724.6361228580354,4,29.25,57,1,1,5,1,0,8
725.6487363660126,4,45.75,56,1,1,6,0,0,8
726.6625324680354,4,23.25,60,0,0,7,1,0,8
727.6767981060548,4,95.25,62,0,0,6,2,0,8
728.6913940189988,4,71.0,62,0,0,2,6,0,8
729.7049365340499,4,47.0,63,0,0,1,7,0,8
730.7187673440203,4,23.5,65,0,0,1,7,0,8
731.7328658970073,4,23.5,65,0,0,1,7,0,8
732.7448504870408,4,22.75,63,3,0,1,0,4,8
733.7591749760322,4,0.0,62,8,0,0,0,0,8
734.7732506550383,4,0.0,64,0,7,1,0,0,8
735.786912406038,4,0.0,67,0,7,1,0,0,8
736.801105686056,4,23.25,67,0,3,5,0,0,8
737.814805548056,4,92.75,68,0,3,5,0,0,8
738.8291589100263,4,93.25,69,0,1,7,0,0,8
739.8433840300422,4,72.25,75,0,0,7,1,0,8
740.8573192570475,4,93.25,79,0,0,6,0,2,8
741.8716274060425,4,47.5,77,2,0,6,0,0,8
742.884898119024,4,55.25,85,1,0,6,1,0,8
743.8990029400447,4,50.5,90,0,1,6,0,1,8
744.9130575770396,4,50.0,96,1,0,7,0,0,8
745.9267848820309,4,71.0,99,0,1,3,0,4,8
746.9415226980345,4,23.5,102,3,1,3,0,1,8
747.954518500017,4,23.25,105,3,1,1,2,1,8
748.9681164820213,4,24.25,107,3,1,0,3,1,8
749.9817750430084,4,0.0,108,3,1,0,3,1,8
750.9947822400136,4,0.0,110,3,1,0,3,1,8
752.0082783850376,4,0.0,114,4,1,0,0,3,8
753.0219169860356,4,24.25,117,3,0,2,0,0,5
754.0342953240033,4,67.0,119,2,1,5,0,0,8
755.0462507870398,4,69.5,126,0,3,5,0,0,8
756.0587716070004,4,47.5,127,0,1,7,0,0,8
757.070465773053,4,47.75,127,2,1,5,0,0,8
758.0841502070543,4,47.5,127,0,2,6,0,0,8
759.091537593049,4,47.25,128,0,2,6,0,0,8
760.1052450850257,4,95.0,128,0,2,3,3,0,8
761.1191583360196,4,26.0,128,2,0,5,0,1,8
762.1332861860283,4,71.5,128,3,0,5,0,0,8
763.1470538389985,4,73.5,128,1,2,3,0,2,8
764.1611496020341,4,46.75,127,2,2,3,0,1,8
765.1750715730013,4,78.75,125,1,1,6,0,0,8
766.1882663530414,4,46.5,125,1,1,4,2,0,8
767.2022190490388,4,70.5,125,1,1,3,3,0,8
768.2153101710137,4,47.0,127,1,1,2,4,0,8
769.2284488750156,4,46.25,127,1,1,2,4,0,8
770.241798201052,4,47.75,127,1,1,2,4,0,8
771.2531218390213,4,23.25,124,4,1,3,0,0,8
772.26727402705,4,46.25,124,2,1,5,0,0,8
773.2792269940255,4,34.75,125,0,2,4,2,0,8
774.291429804056,4,46.75,125,0,2,1,3,2,8
775.3054376650252,4,0.0,122,5,1,2,0,0,8
776.31497140805,4,42.75,121,2,4,2,0,0,8
777.3287690069992,4,23.75,121,2,3,2,1,0,8
778.3428841710556,4,71.25,122,1,3,3,0,1,8
779.3557344209985,4,0.0,122,1,3,4,0,0,8
780.3702433590079,4,47.25,128,0,3,4,0,1,8
781.3842792350333,4,18.0,128,1,2,5,0,0,8
782.3980516360025,4,47.0,131,1,2,4,0,1,8
783.412493032054,4,39.0,130,2,1,5,0,0,8
784.424047071021,4,94.25,133,2,1,4,0,1,8
785.4383304600487,4,93.75,135,2,1,4,0,1,8
786.4522512050462,4,94.25,138,2,1,3,1,1,8
787.4653610370005,4,46.75,142,2,1,2,2,1,8
788.4784855820471,4,47.25,144,2,1,2,2,1,8
789.4921646510484,4,46.75,148,1,0,3,3,1,8
790.5060513370554,4,24.5,148,0,1,2,0,5,8
791.519662174047,4,35.5,147,3,1,2,0,2,8
792.532172582054,4,48.25,147,5,0,3,0,0,8
793.5450494030374,4,46.75,151,4,0,4,0,0,8
794.5587559410487,4,48.5,154,4,0,4,0,0,8
795.5728937940439,4,70.25,157,1,3,4,0,0,8
796.58684313501,4,48.25,158,1,4,3,0,0,8
797.6003094110056,4,47.0,160,1,2,5,0,0,8
798.6141887350241,4,70.5,160,1,1,5,1,0,8
799.6281873340486,4,55.75,163,1,2,4,0,1,8
800.6421681159991,4,46.0,163,0,3,4,1,0,8
801.6561148680048,4,69.25,163,1,1,5,0,1,8
802.6703745720442,4,23.25,166,0,3,5,0,0,8
803.6842381210299,4,32.25,168,0,2,5,1,0,8
804.6958371800138,4,94.25,170,0,2,4,1,1,8
805.7095718360506,4,38.0,170,2,1,5,0,0,8
806.7235460660304,4,62.25,170,2,1,5,0,0,8
807.7362129730172,4,71.0,170,2,1,3,2,0,8
808.74991756503,4,46.75,171,2,1,2,3,0,8
809.7580689060269,4,23.0,171,2,1,2,3,0,8
810.772350786021,4,23.25,170,5,2,1,0,0,8
811.7855654430459,4,33.0,169,5,0,3,0,0,8
812.8000067830435,4,23.5,170,1,3,4,0,0,8
813.8141803760082,4,72.75,170,1,1,6,0,0,8
814.8277075670194,4,68.0,169,1,1,5,0,1,8
815.8420070590219,4,23.25,169,0,3,3,2,0,8
816.8567596290377,4,46.5,168,2,3,3,0,0,8
817.8703568050405,4,61.25,172,0,1,6,1,0,8
818.8847471210174,4,22.5,173,1,1,6,0,0,8
819.8991374500329,4,94.25,176,1,1,5,1,0,8
820.912849529006,4,14.5,175,2,1,5,0,0,8
821.9270683570066,4,24.25,176,2,1,5,0,0,8
822.940706252004,4,34.75,176,2,0,6,0,0,8
823.9553242060356,4,47.25,178,1,2,5,0,0,8
824.9695330870454,4,38.5,180,1,1,6,0,0,8
825.9822691950249,4,68.0,180,0,2,3,1,2,8
826.9947605250054,4,23.5,178,3,2,2,0,1,8
828.007169973047,4,23.25,178,2,2,4,0,0,8
829.0211065559997,4,72.0,180,2,2,3,1,0,8
830.034339972015,4,23.5,181,2,2,1,3,0,8
831.0478317180532,4,0.0,182,2,2,0,4,0,8
832.0609699320048,4,0.0,182,2,2,0,4,0,8
833.090872085013,4,0.0,182,2,2,0,4,0,8
834.0982727210503,4,0.0,179,4,1,2,0,1,8
835.1107248930493,4,0.0,179,3,1,2,0,2,8
836.1248111040331,4,24.5,177,4,3,1,0,0,8
837.1362866270356,4,23.0,179,1,2,4,1,0,8
838.1498677970376,4,46.5,178,2,3,3,0,0,8
839.1635470840265,4,83.25,180,2,1,5,0,0,8
840.1769893100136,4,64.0,181,0,2,6,0,0,8
841.1898492320324,4,19.25,181,1,2,3,2,0,8
842.2040004400187,4,61.25,179,3,0,5,0,0,8
843.2175139930332,4,47.25,178,4,0,4,0,0,8
844.2315052470076,4,21.5,176,2,3,2,1,0,8
845.2435752600431,4,3.0,176,2,3,2,0,1,8
846.2585745880497,4,23.5,175,3,1,4,0,0,8
847.2730104750372,4,0.0,175,0,3,3,0,2,8
848.2871157390182,4,45.75,174,2,1,5,0,0,8
849.3013522770489,4,68.25,174,0,3,2,1,2,8
850.3155158250011,4,23.75,171,3,2,3,0,0,8
851.3290887410403,4,67.0,172,3,2,2,1,0,8
852.3430767440004,4,46.25,172,3,2,2,1,0,8
853.3569750660099,4,31.75,177,3,2,1,2,0,8
854.3709386280389,4,23.25,180,3,2,1,2,0,8
855.3847743490478,4,23.0,182,3,1,2,0,2,8
856.3982022610144,4,0.0,183,3,2,1,1,0,7
857.4124360810383,4,1.25,182,4,2,2,0,0,8
858.4243511280511,4,43.0,183,0,4,4,0,0,8
859.4384663210367,4,23.25,184,3,3,1,0,1,8
860.4524367790436,4,48.25,183,4,2,2,0,0,8
861.4630630750326,4,49.25,183,1,3,1,1,2,8
862.4770468490315,4,0.0,181,3,2,1,0,2,8
863.487410984002,4,0.0,178,4,4,0,0,0,8
864.4994087510277,4,1.25,178,1,4,3,0,0,8
865.5118497760268,4,23.75,178,2,4,2,0,0,8
866.5235900570406,4,69.75,178,2,3,2,0,1,8
867.537011982,4,46.75,179,1,3,3,0,1,8
868.5504219060531,4,5.75,178,3,2,3,0,0,8
869.5629165840219,4,32.25,179,1,3,4,0,0,8
870.575152039004,4,69.75,179,1,1,5,0,1,8
871.5895344830351,4,30.75,179,1,2,2,2,1,8
872.6024968150305,4,23.5,179,1,2,0,4,1,8
873.6156428920222,4,0.0,181,1,2,0,4,1,8
874.6291811400442,4,0.0,182,1,2,0,4,1,8
875.6433648370439,4,0.0,182,1,2,0,4,1,8
876.6572497760062,4,0.0,182,1,2,0,0,5,8
877.6690158230485,4,0.0,177,6,2,0,0,0,8
878.6830191110494,4,0.0,177,3,3,2,0,0,8
879.6958300380502,4,23.25,176,2,5,1,0,0,8
880.7084394679987,4,50.0,179,0,4,3,1,0,8
881.7239978220314,4,22.5,179,1,4,2,0,1,8
882.7381662800326,4,29.75,179,2,2,3,0,1,8
883.7526532590273,4,0.0,177,4,2,2,0,0,8
884.7663163010147,4,0.0,178,1,2,5,0,0,8
885.7805726850056,4,51.0,177,2,2,4,0,0,8
886.7938428230118,4,42.25,175,2,3,3,0,0,8
887.8061640640371,4,59.25,174,1,4,3,0,0,8
888.8206877710181,4,25.25,175,1,1,4,0,2,8
889.8347822610522,4,30.5,174,3,1,3,1,0,8
890.8503213850199,4,45.5,175,0,1,6,0,1,8
891.8645529960049,4,40.0,171,4,1,3,0,0,8
892.8784193270258,4,48.0,171,1,2,4,0,1,8
893.892359073041,4,51.5,171,2,1,5,0,0,8
894.9062750520534,4,63.75,171,2,1,3,2,0,8
895.920238376013,4,70.25,172,2,1,2,3,0,8
896.9343992670183,4,46.75,175,2,1,2,3,0,8
897.9478270500549,4,47.0,175,2,1,2,3,0,8
898.9616784390528,4,23.75,175,2,1,1,4,0,8
899.9743513730355,4,23.5,176,2,1,1,4,0,8
900.9879781970521,4,23.75,179,1,2,0,4,1,8
902.0024444610463,4,0.0,179,1,2,0,0,5,8
903.0144783800351,4,0.0,174,6,1,1,0,0,8
904.0286985990242,4,0.0,174,3,3,2,0,0,8
905.040907659044,4,25.75,173,3,2,2,0,1,8
906.0548152539995,4,0.0,171,4,3,1,0,0,8
907.0677906280034,4,0.0,171,3,0,5,0,0,8
908.0816519910004,4,45.75,171,1,2,4,0,1,8
909.0962898560101,4,18.0,169,2,3,3,0,0,8
910.1103161400533,4,0.0,167,2,3,3,0,0,8
911.1241864990443,4,47.75,167,1,2,4,0,1,8
912.1360413580551,4,25.0,165,2,2,4,0,0,8
913.1487351340475,4,70.25,166,1,2,4,1,0,8
914.1627620770014,4,25.75,165,2,1,4,0,1,8
915.1764802760445,4,43.5,165,1,2,3,0,2,8
916.1897591200541,4,34.75,163,3,2,3,0,0,8
917.2039270370151,4,47.0,165,1,3,4,0,0,8
918.2182163800462,4,53.25,165,0,1,7,0,0,8
919.2324582330184,4,72.5,166,0,1,7,0,0,8
920.2461228910252,4,72.5,168,0,0,8,0,0,8
921.2590304590412,4,95.0,168,0,0,6,2,0,8
922.2727218670188,4,95.25,169,0,0,5,3,0,8
923.2873917110264,4,94.75,170,0,0,4,4,0,8
924.3003553690505,4,70.75,170,0,0,3,5,0,8
925.314382843033,4,46.0,171,0,0,2,6,0,8
926.3283808150445,4,23.0,164,8,0,0,0,0,8
927.342455605045,4,0.0,167,6,2,0,0,0,8
928.3552916700137,4,0.0,167,0,2,6,0,0,8
929.3689228620497,4,47.75,164,3,2,3,0,0,8
930.383058987034,4,47.25,163,2,3,3,0,0,8
931.393099930021,4,45.75,164,0,4,4,0,0,8
932.4076441090438,4,0.0,163,0,3,5,0,0,8
933.4216380130383,4,9.25,162,2,2,4,0,0,8
934.4358476550551,4,24.25,161,3,2,3,0,0,8
935.4497596740257,4,46.0,161,0,5,3,0,0,8
936.4636029410176,4,46.75,161,0,4,4,0,0,8
937.4778687170474,4,44.5,160,1,2,4,1,0,8
938.4916051080218,4,29.75,158,2,2,4,0,0,8
939.5061412650393,4,23.75,157,1,2,5,0,0,8
940.5195025010034,4,60.5,158,1,1,6,0,0,8
941.5332592030172,4,67.0,157,1,1,5,0,1,8
942.5480064500007,4,42.5,155,2,1,4,0,1,8
943.5618295170134,4,0.0,153,2,3,3,0,0,8
944.5763423970202,4,74.5,155,0,1,6,1,0,8
945.5883913270081,4,28.5,151,2,2,3,0,1,8
946.6023220900097,4,32.5,151,3,1,4,0,0,8
947.6165526750265,4,48.0,151,3,0,5,0,0,8
948.6301565430476,4,60.0,151,1,1,5,0,1,8
949.6441532880417,4,21.25,148,2,0,5,0,1,8
950.6577971350052,4,37.5,148,2,2,2,2,0,8
951.6709526410559,4,24.0,146,2,4,2,0,0,8
952.6842296240502,4,23.75,147,1,3,3,1,0,8
953.6980053480365,4,71.0,149,1,3,2,2,0,8
954.7209277540096,4,38.75,150,1,3,2,2,0,8
955.7338247220032,4,38.0,150,1,3,0,4,0,8
956.7475367950392,4,0.0,150,1,3,0,4,0,8
957.7606102810241,4,0.0,150,1,3,0,4,0,8
958.7745484280167,4,0.0,150,1,3,0,4,0,8
959.7884725840413,4,0.0,150,2,4,0,0,2,8
960.8021935850265,4,0.0,148,3,5,0,0,0,8
961.8164200620377,4,25.0,149,1,2,5,0,0,8
962.8290589840035,4,69.75,148,1,2,3,0,2,8
963.843321033055,4,50.5,146,0,3,5,0,0,8
964.8572837690008,4,35.5,145,2,3,3,0,0,8
965.8696204620064,4,23.5,146,1,3,4,0,0,8
966.8837120320532,4,52.75,146,2,3,3,0,0,8
967.897774726036,4,50.0,145,1,3,4,0,0,8
968.9115877820295,4,9.5,144,2,1,5,0,0,8
969.9255162560148,4,47.0,142,2,3,2,1,0,8
970.9417347080307,4,36.0,142,0,4,3,1,0,8
971.9560077410424,4,25.25,141,1,4,3,0,0,8
972.9704536040081,4,70.5,143,0,4,4,0,0,8
973.982936985034,4,59.0,142,1,3,4,0,0,8
974.9957336280495,4,36.0,141,2,1,4,0,1,8
976.0094678520109,4,47.5,140,3,2,3,0,0,8
977.0235558600398,4,25.0,140,1,2,5,0,0,8
978.0356252150377,4,42.75,137,4,3,1,0,0,8
979.0494477380416,4,23.25,137,1,5,2,0,0,8
980.0644212070038,4,89.25,137,0,1,7,0,0,8
981.0782504390227,4,70.5,137,1,0,5,1,1,8
982.0912260210025,4,13.25,134,3,1,3,1,0,8
983.1050112400553,4,41.75,134,2,3,3,0,0,8
984.1192118330509,4,63.75,135,2,3,3,0,0,8
985.1332530950313,4,70.25,135,2,3,3,0,0,8
986.1472416570177,4,70.0,136,2,3,2,1,0,8
987.160996323044,4,48.0,136,2,3,1,2,0,8
988.1745813630405,4,23.25,138,2,3,0,3,0,8
989.1887257909984,4,0.0,140,2,3,0,3,0,8
990.2032468160032,4,0.0,140,2,3,0,3,0,8
991.2172782590496,4,0.0,137,3,4,1,0,0,8
992.2315477490192,4,24.25,138,1,1,6,0,0,8
993.2454426820041,4,49.0,139,1,0,7,0,0,8
994.2592949210084,4,94.25,139,0,1,6,0,1,8
995.2734983300325,4,46.25,139,1,1,6,0,0,8
996.2824521490256,4,46.25,137,2,1,5,0,0,8
997.2953676460311,4,23.5,137,2,0,3,1,2,8
998.3090468230075,4,38.25,134,3,1,4,0,0,8
999.3217055420391,4,45.25,134,0,3,5,0,0,8
1000.3381888110307,4,95.0,135,0,1,6,0,1,8
1001.3511745300493,4,43.75,135,1,1,6,0,0,8
1002.3642247230164,4,95.5,134,2,1,5,0,0,8
1003.3769751220243,4,47.25,135,1,1,5,0,1,8
1004.3880352010019,4,47.0,133,3,2,3,0,0,8
1005.4027171360212,4,29.5,134,0,5,3,0,0,8
1006.4163235220476,4,67.5,136,0,1,6,1,0,8
1007.4304868790205,4,23.0,134,1,2,5,0,0,8
1008.4449678100063,4,45.0,133,1,1,5,0,1,8
1009.4589135820279,4,70.5,132,2,2,4,0,0,8
1010.4716360090533,4,23.25,132,1,1,6,0,0,8
1011.4853685780545,4,70.5,134,0,1,7,0,0,8
1012.4997891660314,4,41.75,132,2,1,5,0,0,8
1013.5136687740451,4,47.5,131,0,3,5,0,0,8
1014.5273832770181,4,52.75,130,1,1,6,0,0,8
1015.541735743056,4,70.75,130,0,2,6,0,0,8
1016.5546449469985,4,81.5,129,1,1,6,0,0,8
1017.5691391610308,4,79.75,130,0,1,7,0,0,8
1018.5828219630057,4,25.25,128,1,1,5,1,0,8
1019.5967563030426,4,6.5,128,2,1,5,0,0,8
1020.6121654600138,4,72.0,128,2,0,6,0,0,8
1021.6258207909996,4,58.25,128,0,2,6,0,0,8
1022.6396401450038,4,52.25,128,0,0,5,2,1,8
1023.6543447080185,4,32.25,124,2,3,3,0,0,8
1024.6674910529982,4,47.5,125,0,4,3,1,0,8
1025.6768298950046,4,45.75,126,0,4,1,3,0,8
1026.6900268400204,4,0.0,126,0,4,0,4,0,8
1027.70291232405,4,0.0,127,0,4,0,4,0,8
1028.7161344990018,4,0.0,128,0,4,0,4,0,8
1029.7291730860015,4,0.0,128,0,4,0,4,0,8
1030.7433223480475,4,0.0,126,2,4,0,0,2,8
1031.757503751025,4,0.0,124,4,3,1,0,0,8
1032.7714885500027,4,24.75,124,1,4,3,0,0,8
1033.7854100360419,4,55.5,124,1,3,3,0,1,8
1034.7969726850279,4,23.5,123,1,3,4,0,0,8
1035.8112888070173,4,24.25,123,0,2,6,0,0,8
1036.8236951540457,4,49.25,122,1,1,5,0,1,8
1037.8381166730542,4,27.25,121,2,0,6,0,0,8
1038.8522058800445,4,47.5,122,0,1,6,0,1,8
1039.8661908860086,4,28.0,121,1,0,7,0,0,8
1040.879968187015,4,94.5,122,0,1,6,0,1,8
1041.8910922680516,4,46.0,123,1,0,7,0,0,8
1042.9047389020561,4,70.25,122,1,1,5,1,0,8
1043.9184974360396,4,0.0,121,1,1,5,0,1,8
1044.9304690069985,4,59.5,121,1,1,5,1,0,8
1045.9445429590414,4,23.0,122,1,1,6,0,0,8
1046.9588494150084,4,48.5,121,0,3,5,0,0,8
1047.970607455005,4,70.0,121,1,1,6,0,0,8
1048.9849046630552,4,23.25,120,2,0,5,0,1,8
1049.998832879006,4,23.25,119,2,2,3,0,1,8
1051.0124378300388,4,31.5,119,3,2,3,0,0,8
1052.0264729090268,4,66.5,118,1,2,5,0,0,8
1053.0401720040245,4,47.75,116,2,1,5,0,0,8
1054.0543300350546,4,43.25,116,3,1,4,0,0,8
1055.067702373024,4,23.0,117,1,2,5,0,0,8
1056.0816859840415,4,46.25,116,1,2,4,0,1,8
1057.095834726002,4,24.0,116,2,2,4,0,0,8
1058.109864995,4,47.5,118,2,2,4,0,0,8
1059.1215070780017,4,47.25,118,2,2,4,0,0,8
1060.135294789041,4,46.75,118,2,2,4,0,0,8
1061.1494863810367,4,46.75,118,2,2,2,2,0,8
1062.163244233001,4,23.5,119,2,2,1,3,0,8
1063.1771168510313,4,22.5,121,2,2,0,4,0,8
1064.1909401900484,4,0.0,124,2,1,1,0,4,8
1065.204640502052,4,0.0,121,4,3,1,0,0,8
1066.21886622702,4,44.5,123,0,4,4,0,0,8
1067.2327249920345,4,24.75,127,1,3,4,0,0,8
1068.2464218270034,4,46.0,132,1,1,5,0,1,8
1069.2612927970476,4,47.25,135,0,2,5,0,1,8
1070.274929242034,4,69.75,137,1,1,6,0,0,8
1071.2889291960164,4,69.25,142,1,1,5,1,0,8
1072.302976144012,4,23.25,140,2,2,4,0,0,8
1073.3159311290365,4,46.0,145,3,3,2,0,0,8
1074.3302019520197,4,6.75,153,0,4,4,0,0,8
1075.3440705070389,4,65.25,154,0,2,6,0,0,8
1076.368988021044,4,75.75,164,0,1,7,0,0,8
1077.3963291340042,4,21.75,172,1,1,6,0,0,8
1078.4147214870318,4,28.0,180,1,1,5,1,0,8
1079.428445802012,4,65.25,185,2,0,5,1,0,8
1080.4420990150538,4,47.5,189,1,1,4,0,2,8
1081.4572596549988,4,22.75,187,2,2,4,0,0,8
1082.471056164999,4,36.75,187,2,1,5,0,0,8
1083.4861583550228,4,93.25,188,1,1,6,0,0,8
1084.497941668029,4,23.75,190,1,1,5,1,0,8
1085.5116872030194,4,93.5,189,1,2,5,0,0,8
1086.524879625009,4,70.0,191,1,1,5,1,0,8
1087.539758888015,4,46.0,191,1,2,4,0,1,8
1088.5527399990242,4,71.5,192,1,1,5,0,1,8
1089.5670200490276,4,47.0,192,2,0,6,0,0,8
1090.5780987630133,4,47.25,194,1,2,5,0,0,8
1091.5931811560295,4,70.0,194,1,1,6,0,0,8
1092.6068468430312,4,93.5,195,1,1,4,2,0,8
1093.6208704330493,4,70.0,198,1,1,2,4,0,8
1094.634384515055,4,46.75,199,1,1,1,5,0,8
1095.6476805670536,4,23.5,199,1,1,1,5,0,8
1096.661170263018,4,23.5,200,1,1,1,5,0,8
1097.6742910980247,4,23.5,205,1,1,0,0,6,8
1098.6850046490435,4,19.5,199,7,0,1,0,0,8
1099.6986690980266,4,23.5,199,3,4,1,0,0,8
1100.7126725640264,4,36.0,199,0,3,5,0,0,8
1101.7262569640297,4,70.25,200,0,3,4,0,1,8
1102.7403280170402,4,43.0,200,1,1,6,0,0,8
1103.7523768320098,4,74.0,200,1,1,6,0,0,8
1104.7655293090502,4,39.5,200,1,0,6,0,1,8
1105.7793179210275,4,93.0,200,0,1,5,0,0,6
1106.7935722590191,4,37.25,198,0,2,6,0,0,8
1107.8092825190397,4,70.75,199,0,0,7,0,1,8
1108.822221332055,4,24.0,199,1,0,7,0,0,8
1109.834823109035,4,69.75,199,1,0,6,1,0,8
1110.8477855090168,4,69.5,197,4,0,4,0,0,8
1111.8617037280346,4,23.0,197,3,1,4,0,0,8
1112.8747389000491,4,41.5,197,5,1,2,0,0,8
1113.8870222490514,4,18.25,197,3,2,3,0,0,8
1114.9008817450376,4,46.25,198,0,4,4,0,0,8
1115.9147062500124,4,33.75,201,0,1,7,0,0,8
1116.9292533980333,4,47.75,204,0,0,7,0,1,8
1117.943308063026,4,88.0,203,2,0,5,1,0,8
1118.956008262001,4,46.75,204,2,1,5,0,0,8
1119.9677829290158,4,39.0,204,0,1,6,1,0,8
1120.9814215540537,4,67.5,207,1,0,7,0,0,8
1121.9953613950056,4,93.75,209,1,0,7,0,0,8
1123.0091801140225,4,94.25,209,1,0,6,1,0,8
1124.025988434034,4,92.25,210,1,0,4,3,0,8
1125.0398645710084,4,70.0,211,1,0,3,4,0,8
1126.0531534730108,4,47.0,211,1,0,2,5,0,8
1127.0669085730333,4,23.25,211,1,0,1,6,0,8
1128.0785812600516,4,23.25,211,1,0,0,7,0,8
1129.0917876610183,4,0.0,211,0,0,1,0,7,8
1130.1054340040428,4,23.0,205,7,0,1,0,0,8
1131.1195885790512,4,22.5,209,2,3,3,0,0,8
1132.1341463240096,4,37.5,210,0,4,4,0,0,8
1133.146689029003,4,46.75,213,0,2,6,0,0,8
1134.1596557110315,4,83.75,215,0,1,6,0,1,8
1135.1734601890203,4,46.25,216,1,0,6,0,1,8
1136.1877754530287,4,70.25,215,1,1,6,0,0,8
1137.2012778560165,4,70.25,217,1,1,6,0,0,8
1138.215381956019,4,71.75,221,0,2,5,1,0,8
1139.2294031050405,4,57.25,222,2,0,5,1,0,8
1140.2426007450558,4,46.75,224,2,1,5,0,0,8
1141.2576253440348,4,36.5,225,2,2,3,0,1,8
1142.270785293018,4,2.0,227,2,1,5,0,0,8
1143.2831336420495,4,36.5,229,0,2,6,0,0,8
1144.2968290760182,4,65.25,229,0,2,5,0,1,8
1145.310656745045,4,91.0,232,1,1,6,0,0,8
1146.3273884660448,4,90.5,233,1,0,5,0,2,8
1147.3413713460322,4,47.0,235,0,3,4,1,0,8
1148.3551831880468,4,42.5,237,1,3,3,0,1,8
1149.3697549170465,4,67.0,236,2,0,5,0,1,8
1150.3834962480469,4,48.0,236,3,0,5,0,0,8
1151.3975663570454,4,24.5,237,1,2,5,0,0,8
1152.4124126290553,4,26.75,237,1,1,6,0,0,8
1153.4263490200392,4,71.25,237,0,1,6,0,1,8
1154.441042253049,4,24.0,238,0,2,6,0,0,8
1155.4553313370561,4,96.0,240,0,1,5,1,1,8
1156.469154408027,4,71.0,243,0,1,4,2,1,8
1157.48287664901,4,71.75,244,0,1,4,2,1,8
1158.496207905002,4,65.5,246,0,1,3,3,1,8
1159.5099750540103,4,23.75,248,0,1,1,5,1,8
1160.5236163000227,4,0.0,249,0,1,0,6,1,8
1161.5366756910225,4,0.0,251,0,1,0,6,1,8
1162.5494874370052,4,0.0,252,0,1,0,6,1,8
1163.5645728260279,4,0.0,247,5,1,0,0,2,8
1164.5789960580296,4,0.0,245,6,1,1,0,0,8
1165.5932546530385,4,23.25,245,1,5,2,0,0,8
1166.6071315260488,4,47.0,246,0,3,4,0,1,8
1167.6214640640537,4,70.25,244,2,2,4,0,0,8
1168.6304385450203,4,27.25,245,2,0,6,0,0,8
1169.6447387540247,4,70.0,246,0,1,7,0,0,8
1170.6555921590189,4,69.75,246,0,0,6,0,2,8
1171.6673830470536,4,37.5,245,1,1,6,0,0,8
1172.6802184250555,4,71.75,246,1,1,6,0,0,8
1173.6922681530123,4,46.25,245,2,1,5,0,0,8
1174.7077923720353,4,40.75,245,2,0,5,0,1,8
1175.7215039860457,4,42.25,244,1,2,5,0,0,8
1176.7341257390217,4,47.75,243,2,1,5,0,0,8
1177.748539143009,4,46.5,243,0,2,6,0,0,8
1178.762253064022,4,64.0,244,0,1,7,0,0,8
1179.7763271389995,4,94.25,243,1,1,6,0,0,8
1180.7905928430264,4,23.75,243,1,0,6,1,0,8
1181.8028865070082,4,86.75,242,1,1,5,0,1,8
1182.8172535530175,4,95.75,243,2,0,5,1,0,8
1183.8306687480072,4,55.5,242,1,2,5,0,0,8
1184.8447268790333,4,64.5,243,0,1,7,0,0,8
1185.8577732790145,4,48.25,243,0,0,7,1,0,8
1186.8719539290178,4,5.5,243,0,0,5,2,0,7
1187.8863677210175,4,69.5,244,1,0,3,0,4,8
1188.9004485520418,4,23.75,240,1,4,3,0,0,8
1189.9146386100329,4,70.75,243,1,2,4,1,0,8
1190.928851581004,4,70.25,244,1,2,3,2,0,8
1191.9426007170114,4,72.0,244,1,2,2,3,0,8
1192.9568462840398,4,47.0,244,1,2,1,4,0,8
1193.9705350280274,4,23.0,244,1,2,1,4,0,8
1194.9839731520042,4,23.25,247,1,2,1,4,0,8
1195.9982509289985,4,0.0,248,1,2,0,5,0,8
1197.0115892870235,4,0.0,249,1,2,0,5,0,8
1198.0296141680446,4,0.0,250,1,2,0,5,0,8
1199.0509137610206,4,0.0,251,1,2,0,5,0,8
1200.0639859500225,4,0.0,252,0,3,0,5,0,8
1201.076534577005,4,0.0,250,2,3,0,0,3,8
1202.090491437004,4,0.0,248,3,4,0,0,1,8
1203.1045703240088,4,0.0,247,2,4,2,0,0,8
1204.1185767970164,4,25.25,247,2,3,3,0,0,8
1205.1323038740084,4,23.25,247,1,2,5,0,0,8
1206.1455679250066,4,70.0,248,1,2,4,1,0,8
1207.1595569600468,4,47.0,249,1,1,6,0,0,8
1208.174492514052,4,60.5,249,0,1,7,0,0,8
1209.1879661980201,4,49.75,248,1,1,6,0,0,8
1210.1983783120522,4,70.75,248,1,0,7,0,0,8
1211.2185829210212,4,71.75,248,0,1,7,0,0,8
1212.2308224500157,4,24.75,249,0,1,7,0,0,8
1213.2445496230503,4,59.0,250,1,0,7,0,0,8
1214.2585678960313,4,38.25,249,1,0,7,0,0,8
1215.2710098340176,4,23.5,250,1,1,6,0,0,8
1216.2822977830074,4,71.25,250,0,2,6,0,0,8
1217.296159630001,4,46.0,249,1,1,6,0,0,8
1218.3099567810423,4,73.25,249,0,1,7,0,0,8
1219.323794209049,4,34.25,248,1,0,6,0,1,8
1220.3361444010516,4,45.75,248,2,0,5,1,0,8
1221.350288578018,4,33.75,247,1,2,5,0,0,8
1222.3644013900193,4,70.0,248,0,0,8,0,0,8
1223.376463209046,4,49.25,248,0,1,7,0,0,8
1224.389212782029,4,84.5,249,0,1,7,0,0,8
1225.4028891140479,4,43.75,248,1,0,7,0,0,8
1226.419144592015,4,49.0,248,0,0,7,0,1,8
1227.4315677630366,4,41.75,247,0,1,7,0,0,8
1228.4452529270202,4,70.25,247,1,1,6,0,0,8
1229.4571567450184,4,45.0,247,1,0,7,0,0,8
1230.471346374019,4,51.25,247,0,1,6,0,1,8
1231.484964481031,4,54.75,248,0,1,7,0,0,8
1232.498681912024,4,50.75,247,1,1,6,0,0,8
1233.5123012890108,4,70.0,250,1,1,3,3,0,8
1234.5254283150425,4,32.0,250,1,1,1,5,0,8
1235.5393187180161,4,23.0,250,1,1,1,5,0,8
1236.552396279003,4,23.5,251,1,1,0,6,0,8
1237.5665518640308,4,0.0,252,1,1,0,6,0,8
1238.5799753010506,4,0.0,252,1,1,0,6,0,8
1239.5937730270089,4,0.0,253,1,1,0,0,6,8
1240.6059725770028,4,8.25,247,6,1,1,0,0,8
1241.6194647340453,4,16.25,247,6,1,1,0,0,8
1242.6331765610375,4,19.25,248,4,0,4,0,0,8
1243.645730362041,4,46.0,249,1,3,4,0,0,8
1244.65996129805,4,51.0,248,1,2,5,0,0,8
1245.6727948080515,4,37.5,249,1,0,7,0,0,8
1246.6871106190374,4,95.75,251,0,1,6,1,0,8
1247.701451518049,4,47.5,251,0,1,6,0,1,8
1248.7148435800336,4,56.0,250,1,0,7,0,0,8
1249.7293014410534,4,70.75,249,2,0,6,0,0,8
1250.7432972970419,4,47.0,249,1,1,5,0,1,8
1251.7574766400503,4,71.5,248,1,1,6,0,0,8
1252.7719826480024,4,32.25,248,1,1,5,0,1,8
1253.784672421054,4,33.5,249,1,1,6,0,0,8
1254.7967804650543,4,47.5,248,1,2,5,0,0,8
1255.8100970560336,4,61.5,248,1,0,7,0,0,8
1256.8243794110022,4,52.5,249,0,1,7,0,0,8
1257.8352055520518,4,37.75,248,1,0,6,0,1,8
1258.8469425470103,4,22.25,246,1,1,5,0,1,8
1259.8609538640012,4,46.75,247,0,2,6,0,0,8
1260.8783616540022,4,48.0,248,0,1,7,0,0,8
1261.8935638880357,4,50.25,247,0,1,6,1,0,8
1262.9044485940249,4,46.5,247,1,1,6,0,0,8
1263.916455994011,4,70.75,247,0,1,7,0,0,8
1264.9304187240195,4,59.75,250,0,0,8,0,0,8
1265.944531080022,4,71.25,248,2,0,6,0,0,8
1266.957665910013,4,65.5,247,2,1,5,0,0,8
1267.9718262520037,4,9.5,248,1,2,3,2,0,8
1268.9858825289994,4,69.75,248,1,2,3,0,2,8
1270.000231048034,4,47.75,245,3,2,2,0,1,8
1271.0140635830467,4,36.75,245,2,2,4,0,0,8
1272.0271903150133,4,47.75,246,1,4,2,0,1,8
1273.0417891770485,4,11.5,244,2,5,1,0,0,8
1274.0557150290115,4,24.0,244,2,4,1,1,0,8
1275.0689739230438,4,23.25,245,2,4,1,1,0,8
1276.0826970180497,4,23.5,245,2,4,1,1,0,8
1277.0966688260087,4,23.5,247,2,4,1,1,0,8
1278.1105181320454,4,23.25,247,2,4,1,1,0,8
1279.1244920960162,4,23.25,247,2,4,1,1,0,8
1280.1383735220297,4,23.25,248,2,4,1,1,0,8
1281.1522695180029,4,7.75,249,2,4,0,2,0,8
1282.1660002630088,4,0.0,250,2,4,0,2,0,8
1283.179227102024,4,0.0,253,2,4,0,2,0,8
1284.1931733960519,4,0.0,254,2,2,2,0,2,8
1285.205501096032,4,0.0,253,4,2,0,0,2,8
1286.2205568940262,4,0.0,252,2,3,2,1,0,8
1287.2340695540188,4,28.0,253,1,3,1,0,3,8
1288.246176234039,4,22.5,251,2,3,1,1,1,8
1289.2600916340016,4,23.25,249,4,3,1,0,0,8
1290.2741807890125,4,0.0,251,0,5,3,0,0,8
1291.288920710038,4,23.0,250,1,1,6,0,0,8
1292.3011633720016,4,51.5,249,3,0,3,0,2,8
1293.3153666660073,4,0.0,246,5,1,1,1,0,8
1294.3263611240545,4,23.0,246,2,3,2,0,1,8
1295.3406934680534,4,0.0,247,2,2,3,0,1,8
1296.354471913015,4,69.25,244,4,2,1,0,1,8
1297.368517764029,4,2.5,243,1,4,2,0,1,8
1298.3809513630113,4,22.75,241,1,2,5,0,0,8
1299.394554804021,4,23.0,241,1,2,4,0,1,8
1300.408519379038,4,47.5,241,1,0,1,3,3,8
1301.422711398045,4,12.75,236,6,1,1,0,0,8
1302.4369472340331,4,24.75,237,1,3,4,0,0,8
1303.4501900390023,4,50.0,237,0,2,4,1,1,8
1304.4636459780158,4,47.75,239,0,2,1,1,4,8
1305.4759479260538,4,0.0,237,3,1,4,0,0,8
1306.4898250250262,4,54.5,236,3,1,4,0,0,8
1307.504213394015,4,21.75,235,2,2,4,0,0,8
1308.5154533200548,4,46.5,235,2,2,4,0,0,8
1309.5297590710106,4,46.75,235,0,3,3,0,2,8
1310.5434122750303,4,68.5,235,1,1,4,1,1,8
1311.556832907023,4,23.5,236,1,1,0,5,1,8
1312.5698647940299,4,0.0,237,1,1,0,5,1,8
1313.583801677043,4,0.0,237,1,1,0,5,1,8
1314.5969804970082,4,0.0,237,1,1,0,5,1,8
1315.6099111160147,4,0.0,238,1,1,0,5,1,8
1316.6241093170247,4,0.0,242,1,1,0,5,1,8
1317.6380290290108,4,0.0,242,1,1,0,5,1,8
1318.652106398018,4,0.0,240,4,1,0,0,3,8
1319.664241986,4,0.0,237,3,5,0,0,0,8
1320.6782179520233,4,0.0,238,0,6,2,0,0,8
1321.6921724310378,4,49.0,240,0,5,1,2,0,8
1322.7057569370372,4,6.0,241,2,2,4,0,0,8
1323.7195824090159,4,49.0,239,2,2,4,0,0,8
1324.733305628004,4,49.0,239,4,2,2,0,0,8
1325.7473897300079,4,28.0,240,0,3,4,0,1,8
1326.7583800920402,4,26.25,242,0,3,1,3,0,7
1327.7714626360103,4,7.5,238,3,2,3,0,0,8
1328.788009668002,4,27.0,239,0,2,5,0,1,8
1329.8001216990524,4,70.0,241,1,2,4,0,1,8
1330.8140707340208,4,47.5,241,3,1,3,0,1,8
1331.828101187013,4,23.75,241,2,1,4,0,0,7
1332.8429548290442,4,41.0,241,2,2,2,0,2,8
1333.8569710210431,4,23.5,245,3,2,1,0,2,8
1334.8713243500097,4,53.75,245,2,3,2,1,0,8
1335.8852185970172,4,71.5,247,1,2,3,1,1,8
1336.8996218000539,4,13.75,247,2,2,4,0,0,8
1337.9134549390292,4,46.5,249,1,2,5,0,0,8
1338.927005088015,4,12.5,250,2,1,5,0,0,8
1339.940987558046,4,46.75,251,2,1,2,3,0,8
1340.9545486710267,4,23.25,253,2,2,2,0,1,7
1341.9676655900548,4,25.5,254,3,1,2,1,1,8
1342.982690251025,4,30.5,257,2,3,2,0,1,8
1343.995829463005,4,23.0,258,2,3,1,1,1,8
1345.0098012400558,4,23.5,258,2,3,1,1,1,8
1346.022975384025,4,0.0,258,2,3,0,2,1,8
1347.0363672980457,4,0.0,259,2,3,0,2,1,8
1348.050241382036,4,0.0,263,2,3,0,2,1,8
1349.0634185610106,4,0.0,263,2,3,0,2,1,8
1350.0746693330002,4,0.0,263,3,3,0,0,2,8
1351.088074461033,4,0.0,263,3,3,2,0,0,8
1352.1017537010484,4,9.0,266,0,5,2,0,1,8
1353.1147110550082,4,23.75,268,0,5,1,0,2,8
1354.129103920015,4,0.0,266,2,4,2,0,0,8
1355.1429757000296,4,62.0,268,0,4,4,0,0,8
1356.157174587017,4,48.75,267,1,3,4,0,0,8
1357.1715135850245,4,47.5,270,1,2,4,0,1,8
1358.1855029620347,4,51.25,270,1,2,5,0,0,8
1359.1998866550275,4,70.0,273,1,2,4,1,0,8
1360.2142512940336,4,92.5,272,2,2,4,0,0,8
1361.2264995080186,4,16.25,270,2,3,3,0,0,8
1362.2408565090154,4,31.75,270,3,2,3,0,0,8
1363.254720669007,4,30.75,269,1,3,4,0,0,8
1364.2681938390015,4,31.0,271,2,3,3,0,0,8
1365.2819013240514,4,26.0,274,2,1,4,1,0,8
1366.295755574014,4,0.0,274,3,0,3,0,2,8
1367.310489368043,4,45.75,273,1,3,2,0,2,8
1368.3242301240098,4,24.0,273,2,3,2,0,0,7
1369.3381929880125,4,48.0,274,3,1,4,0,0,8
1370.3515927800327,4,69.25,275,1,2,5,0,0,8
1371.3636387720471,4,45.75,274,1,3,4,0,0,8
1372.3770635310211,4,47.75,275,0,2,6,0,0,8
1373.3912672590232,4,63.75,272,3,2,3,0,0,8
1374.4055856590276,4,36.5,273,2,3,3,0,0,8
1375.4192604820128,4,46.5,275,2,3,3,0,0,8
1376.4324764140183,4,36.75,275,3,2,3,0,0,8
1377.4464303000132,4,24.25,275,0,5,3,0,0,8
1378.4606058050413,4,24.75,275,0,2,6,0,0,8
1379.475199291017,4,94.25,276,0,2,5,1,0,8
1380.4880503380555,4,94.75,279,0,2,3,3,0,8
1381.5024796000216,4,70.75,280,0,2,3,3,0,8
1382.5161847430281,4,71.25,281,0,2,3,3,0,8
1383.529812029039,4,70.5,282,0,2,3,3,0,8
1384.54431218002,4,70.0,282,0,2,2,4,0,8
1385.5580352850375,4,39.5,282,0,1,1,0,6,8
1386.5720539310132,4,22.75,277,7,1,0,0,0,8
1387.5843817030545,4,0.0,282,2,5,1,0,0,8
1388.5986910220236,4,0.0,282,0,6,1,0,1,8
1389.613374004024,4,25.5,284,1,4,3,0,0,8
1390.6266270420165,4,61.5,287,0,2,6,0,0,8
1391.64087117702,4,63.75,289,0,1,7,0,0,8
1392.6546865890268,4,51.75,290,1,1,6,0,0,8
1393.6659260360175,4,69.0,293,2,2,4,0,0,8
1394.67979512905,4,86.25,295,2,2,4,0,0,8
1395.6936495070113,4,0.0,295,1,2,5,0,0,8
1396.7082696370198,4,69.5,294,1,2,5,0,0,8
1397.721795369056,4,29.0,294,1,1,4,0,2,8
1398.7355583540048,4,22.5,292,3,1,4,0,0,8
1399.748700790049,4,70.0,293,0,3,5,0,0,8
1400.76235588704,4,69.75,296,1,1,6,0,0,8
1401.7766508200439,4,53.0,294,4,0,4,0,0,8
1402.7906213550013,4,11.25,294,4,1,1,1,1,8
1403.8045469490462,4,23.75,292,1,5,2,0,0,8
1404.8190019400208,4,23.25,292,1,4,3,0,0,8
1405.8324354230426,4,8.25,292,0,2,6,0,0,8
1406.8466655030497,4,12.0,290,0,3,5,0,0,8
1407.8607892150176,4,47.0,291,0,3,4,0,1,8
1408.874417834042,4,27.75,290,1,3,4,0,0,8
1409.8886725840275,4,92.5,290,0,1,7,0,0,8
1410.9027166330488,4,52.5,289,1,1,5,1,0,8
1411.914679279027,4,48.5,287,1,2,4,1,0,8
1412.9287306230399,4,22.5,289,1,1,6,0,0,8
1413.9427612470463,4,47.0,289,1,2,5,0,0,8
1414.9568715560017,4,47.5,290,0,2,5,0,1,8
1415.9704953890177,4,38.5,290,0,2,6,0,0,8
1416.9846055690432,4,70.5,288,3,2,3,0,0,8
1417.9985055130091,4,23.0,290,1,3,3,0,1,8
1419.0118594800006,4,23.5,289,3,2,3,0,0,8
1420.0255975790205,4,23.5,289,0,4,4,0,0,8
1421.0394449690357,4,0.0,288,1,4,2,1,0,8
1422.0530761540285,4,23.25,290,1,4,0,3,0,8
1423.0685309950495,4,0.0,290,1,4,0,3,0,8
1424.0813872020226,4,0.0,292,1,4,0,3,0,8
1425.094455500017,4,0.0,292,1,4,0,3,0,8
1426.1075875980314,4,0.0,293,1,4,0,3,0,8
1427.1217585320119,4,0.0,295,0,4,1,0,3,8
1428.1349263200536,4,0.0,293,1,5,2,0,0,8
1429.1486287160078,4,48.5,293,0,3,4,1,0,8
1430.1628291140078,4,27.5,293,1,2,5,0,0,8
1431.176815487037,4,23.5,296,1,1,6,0,0,8
1432.1938153250376,4,40.0,299,0,1,7,0,0,8
1433.208147115016,4,47.75,300,1,0,7,0,0,8
1434.226946046052,4,65.0,301,0,1,7,0,0,8
1435.240750972007,4,59.5,301,1,0,7,0,0,8
1436.2552029360086,4,70.75,302,0,1,6,0,1,8
1437.269194544002,4,71.5,306,1,0,7,0,0,8
1438.283121090033,4,58.25,307,3,0,5,0,0,8
1439.2972631320008,4,46.25,308,2,1,5,0,0,8
1440.311571912025,4,23.25,308,2,2,3,0,1,8
1441.324924199027,4,48.25,308,0,3,2,0,3,8
1442.3649772030185,4,23.5,305,3,2,3,0,0,8
1443.383337589039,4,22.0,308,3,1,3,1,0,8
1444.3974337430554,4,10.0,311,1,4,2,0,1,8
1445.4112920880434,4,23.25,309,3,2,3,0,0,8
1446.4265043900232,4,47.0,309,1,3,4,0,0,8
1447.4387307440047,4,16.5,313,3,1,4,0,0,8
1448.449073380034,4,74.0,313,0,3,5,0,0,8
1449.462222930044,4,36.25,312,3,2,1,0,2,8
1450.476335039013,4,46.5,310,1,4,3,0,0,8
1451.4902658850187,4,39.5,312,1,2,5,0,0,8
1452.5042866080184,4,54.25,313,1,3,4,0,0,8
1453.5184700290556,4,47.0,313,1,3,4,0,0,8
1454.5306780800456,4,1.0,317,0,2,6,0,0,8
1455.545023288054,4,60.75,318,0,1,6,0,1,8
1456.5586708080373,4,38.25,317,3,0,5,0,0,8
1457.5726789590553,4,40.0,315,3,2,3,0,0,8
1458.58720321703,4,48.5,315,1,4,2,0,1,8
1459.6011663250392,4,53.5,315,1,4,3,0,0,8
1460.615479886008,4,71.0,315,0,2,6,0,0,8
1461.6299623670056,4,49.25,313,2,1,5,0,0,8
1462.6439386090497,4,69.5,312,2,1,4,1,0,8
1463.6579127570149,4,33.0,311,1,0,6,1,0,8
1464.6720454020542,4,52.5,315,1,1,5,0,1,8
1465.684262061026,4,48.25,316,3,0,5,0,0,8
1466.6954789970187,4,48.75,317,0,2,6,0,0,8
1467.7093495290028,4,57.5,318,0,1,7,0,0,8
1468.7232636600384,4,94.5,319,0,0,8,0,0,8
1469.7389963690075,4,51.25,320,0,0,7,1,0,8
1470.7529921240057,4,64.25,319,1,0,6,0,1,8
1471.7677639790345,4,56.75,318,0,1,6,0,1,8
1472.7815617200104,4,23.0,316,1,1,6,0,0,8
1473.795387269056,4,22.75,323,1,1,6,0,0,8
1474.8091402360005,4,72.0,324,0,0,8,0,0,8
1475.8216088120244,4,54.25,325,1,0,6,0,0,7
1476.8352538610343,4,69.75,324,1,2,5,0,0,8
1477.8496915020514,4,55.5,326,1,2,5,0,0,8
1478.8631462390185,4,66.25,329,1,2,4,1,0,8
1479.876288270054,4,46.75,330,1,2,3,2,0,8
1480.8902955290396,4,47.0,331,1,2,2,3,0,8
1481.9041016350384,4,23.5,331,1,2,1,4,0,8
1482.9171996920486,4,0.0,332,1,2,0,5,0,8
1483.9315101000248,4,0.0,332,1,2,0,5,0,8
1484.9453115610522,4,0.0,333,1,2,0,5,0,8
1485.95921404002,4,0.0,335,1,2,0,5,0,8
1486.9728182130493,4,0.0,338,1,2,0,5,0,8
1487.9862660170184,4,0.0,338,1,2,0,5,0,8
1488.9994227850111,4,0.0,339,1,2,0,5,0,8
1490.013368718035,4,0.0,337,4,1,1,0,2,8
1491.027441518032,4,11.75,335,6,1,1,0,0,8
1492.041328366031,4,14.5,335,0,6,2,0,0,8
1493.0551295610494,4,24.0,335,0,6,2,0,0,8
1494.072251502017,4,23.5,337,1,4,3,0,0,8
1495.086383190006,4,19.0,338,1,3,4,0,0,8
1496.0997715300182,4,46.75,338,1,0,7,0,0,8
1497.1137235400383,4,87.25,339,0,1,7,0,0,8
1498.1274511200027,4,93.0,339,0,0,8,0,0,8
1499.1415190970292,4,93.0,340,0,0,6,1,1,8
1500.1547991250409,4,89.75,338,3,0,5,0,0,8
1501.1686114760232,4,73.75,339,0,1,7,0,0,8
1502.183149242017,4,42.5,339,1,0,7,0,0,8
1503.1967620280338,4,87.75,339,1,0,7,0,0,8
1504.20826726401,4,52.25,339,0,1,6,0,1,8
1505.2221905780025,4,69.25,338,1,1,4,0,2,8
1506.2341586280381,4,22.75,336,1,1,6,0,0,8
1507.246268176008,4,77.0,338,1,2,5,0,0,8
1508.2609138160478,4,48.0,339,0,1,7,0,0,8
1509.2746411110274,4,91.5,340,0,0,8,0,0,8
1510.2886630819994,4,69.5,338,1,1,6,0,0,8
1511.3029836190399,4,65.0,339,0,1,6,1,0,8
1512.3165265360149,4,39.25,337,2,1,5,0,0,8
1513.3307506230194,4,56.0,336,1,2,4,0,1,8
1514.344605609018,4,47.0,334,3,2,3,0,0,8
1515.3578836920206,4,71.5,334,0,2,6,0,0,8
1516.3721849410213,4,95.5,334,0,0,8,0,0,8
1517.3847091350472,4,70.75,336,1,0,7,0,0,8
1518.397996743035,4,55.0,336,0,1,7,0,0,8
1519.411771520041,4,49.0,335,2,1,5,0,0,8
1520.4253796210396,4,55.75,337,0,2,5,0,1,8
1521.4375489230151,4,46.5,337,1,1,5,0,1,8
1522.45181387302,4,44.25,336,1,1,5,0,1,8
1523.462507408054,4,36.0,335,1,1,6,0,0,8
1524.4747542610276,4,46.5,335,1,1,6,0,0,8
1525.4882132890052,4,53.75,336,1,0,7,0,0,8
1526.5026184730232,4,44.25,336,1,1,5,1,0,8
1527.5166034440044,4,23.0,335,2,1,5,0,0,8
1528.5301407140214,4,94.0,335,2,1,5,0,0,8
1529.5439653520007,4,94.25,339,2,1,4,1,0,8
1530.5576221350348,4,71.25,339,2,1,4,1,0,8
1531.571417031053,4,47.25,341,2,1,3,2,0,8
1532.5843601860106,4,23.5,342,2,1,0,5,0,8
1533.597657381033,4,0.0,342,2,1,0,5,0,8
1534.6108884100104,4,0.0,343,1,2,0,0,5,8
1535.6234385640128,4,0.0,340,3,3,1,0,1,8
1536.6371951390174,4,23.25,339,0,4,4,0,0,8
1537.6507826760062,4,47.25,340,0,1,7,0,0,8
1538.663836154039,4,57.25,340,1,1,5,0,1,8
1539.6779375820188,4,80.75,340,0,1,7,0,0,8
1540.6918613520102,4,54.25,340,1,0,7,0,0,8
1541.704782581015,4,53.5,341,0,1,6,1,0,8
1542.7189922770485,4,48.25,340,1,1,6,0,0,8
1543.731681379024,4,85.25,341,1,1,6,0,0,8
1544.745842756005,4,47.5,342,1,1,6,0,0,8
1545.7595378390397,4,41.25,342,0,0,8,0,0,8
1546.7737134320196,4,94.75,344,0,0,7,0,1,8
1547.788008167001,4,41.25,341,3,0,5,0,0,8
1548.8066302110092,4,45.25,340,1,3,4,0,0,8
1549.8194590620114,4,30.25,341,0,2,6,0,0,8
1550.8298006720142,4,16.25,341,1,1,5,1,0,8
1551.843429154018,4,46.5,343,2,1,5,0,0,8
1552.8574695740244,4,48.25,344,0,0,8,0,0,8
1553.8711454030126,4,58.0,345,0,0,8,0,0,8
1554.885192093032,4,90.5,344,1,0,7,0,0,8
1555.8987376380246,4,70.75,349,0,1,6,0,1,8
1556.9111155450228,4,13.0,349,0,2,6,0,0,8
1557.923358250002,4,47.0,348,3,1,4,0,0,8
1558.9373201000271,4,69.5,351,2,2,4,0,0,8
1559.9514395330334,4,69.75,352,1,3,4,0,0,8
1560.9652635840466,4,41.0,353,1,1,5,1,0,8
1561.9794080030406,4,15.25,352,3,0,5,0,0,8
1562.993550256011,4,13.25,353,0,4,4,0,0,8
1564.0086526620435,4,28.25,353,0,3,4,1,0,8
1565.0219648340135,4,86.0,354,0,3,4,1,0,8
1566.0354457450449,4,92.0,354,0,3,4,0,1,8
1567.0492212900426,4,70.5,354,2,1,5,0,0,8
1568.0630242740153,4,46.5,355,2,1,5,0,0,8
1569.0766035860288,4,71.5,358,0,2,6,0,0,8
1570.0903696030146,4,50.75,358,0,1,7,0,0,8
1571.1039393520332,4,71.25,359,0,1,3,1,3,8
1572.1179267140105,4,60.75,355,5,1,2,0,0,8
1573.1315591150196,4,37.0,355,1,1,6,0,0,8
1574.145406252006,4,86.0,355,0,1,6,0,1,8
1575.159028499038,4,91.75,358,0,1,4,1,1,7
1576.172632418049,4,34.25,355,3,1,4,0,0,8
1577.185182279034,4,47.0,357,2,1,4,0,0,7
1578.1994173600106,4,94.0,358,3,1,3,1,0,8
1579.213478561025,4,47.75,358,0,1,6,0,1,8
1580.227072735026,4,69.5,359,0,1,5,1,1,8
1581.2408877240377,4,71.0,360,0,1,5,1,1,8
1582.2546787650208,4,46.5,360,0,1,3,3,1,8
1583.2677167000365,4,46.75,360,0,1,2,4,1,8
1584.2817354190047,4,0.0,362,0,1,0,6,1,8
1585.294856130029,4,0.0,362,0,1,0,6,1,8
1586.3099383080262,4,0.0,362,0,1,0,6,1,8
1587.3235680910293,4,0.0,363,0,1,0,6,1,8
1588.3368230750202,4,0.0,364,0,1,0,6,1,8
1589.3490048800013,4,0.0,364,0,1,0,6,1,8
1590.3624062380404,4,0.0,365,0,1,0,6,1,8
1591.376227395027,4,0.0,368,0,1,0,6,1,8
1592.3911159540294,4,0.0,368,0,1,0,6,1,8
1593.4053811620106,4,0.0,369,2,1,0,0,5,8
1594.4182763760327,4,0.0,371,2,1,0,0,4,7
1595.431834387011,4,17.5,366,7,0,1,0,0,8
1596.445857327024,4,23.5,367,7,0,1,0,0,8
1597.4574348210008,4,12.25,367,2,3,3,0,0,8
1598.470888131007,4,70.75,367,0,5,3,0,0,8
1599.4849082000437,4,46.5,369,0,4,4,0,0,8
1600.4988862920436,4,95.25,370,0,1,7,0,0,8
1601.5123845660128,4,70.25,371,0,1,7,0,0,8
1602.5266106210183,4,76.25,370,2,0,6,0,0,8
1603.5402513430454,4,46.25,371,2,0,5,1,0,8
1604.5544707060326,4,20.25,371,1,1,5,1,0,8
1605.567858259019,4,23.5,370,2,1,5,0,0,8
1606.5815519680036,4,70.75,371,0,2,5,1,0,8
1607.5955205830396,4,24.0,372,1,2,4,1,0,8
1608.609108253033,4,29.75,371,2,1,4,0,0,7
1609.6237697410397,4,47.5,374,2,1,5,0,0,8
1610.637406258029,4,70.5,375,0,2,6,0,0,8
1611.6511169300065,4,23.5,377,0,2,6,0,0,8
1612.66245885205,4,71.75,376,2,1,5,0,0,8
1613.6758338400396,4,71.25,376,0,3,5,0,0,8
1614.689713328029,4,95.0,382,1,2,5,0,0,8
1615.703209394007,4,70.75,383,0,1,7,0,0,8
1616.717512791045,4,94.25,386,0,0,6,0,2,8
1617.730831855035,4,39.25,384,2,0,5,1,0,8
1618.744820751017,4,23.75,383,1,1,5,1,0,8
1619.7577636330388,4,27.25,382,1,1,6,0,0,8
1620.7722744269995,4,47.0,384,0,2,6,0,0,8
1621.787444362999,4,59.75,384,0,0,8,0,0,8
1622.8013872880256,4,47.0,385,1,0,7,0,0,8
1623.8153855990386,4,30.25,387,1,1,6,0,0,8
1624.8273548390134,4,47.75,389,1,1,5,1,0,8
1625.8406244040234,4,70.25,391,3,1,4,0,0,8
1626.85431104101,4,47.25,392,1,3,3,0,1,8
1627.8684795570443,4,46.75,392,2,3,1,1,1,8
1628.8845542580239,4,23.25,392,2,3,1,1,1,8
1629.8961741650128,4,23.75,394,2,3,1,1,1,8
1630.9098547860049,4,23.75,396,2,3,1,1,1,8
1631.9233243550407,4,0.0,398,2,3,0,2,1,8
1632.9364818170434,4,0.0,400,2,3,0,2,1,8
1633.9485276900232,4,0.0,401,2,3,0,2,1,8
1634.9625018420047,4,0.0,401,2,3,0,2,1,8
1635.9762050420395,4,0.0,401,2,3,0,2,1,8
1636.9896051860414,4,0.0,401,2,3,0,2,1,8
1638.0037708660238,4,0.0,401,2,3,0,2,1,8
1639.0173312000115,4,0.0,398,4,1,3,0,0,8
1640.0314578190446,4,10.0,396,5,1,2,0,0,8
1641.0443104160368,4,23.5,397,2,2,4,0,0,8
1642.0578192670364,4,46.75,397,2,2,4,0,0,8
1643.071924021002,4,97.5,398,1,1,6,0,0,8
1644.0832543370198,4,47.25,399,1,1,6,0,0,8
1645.097175559029,4,63.75,402,0,1,7,0,0,8
1646.1107141640387,4,81.75,405,0,1,4,3,0,8
1647.1245124350535,4,69.5,408,0,1,2,2,2,7
1648.1381869320176,4,23.75,406,3,1,2,0,2,8
1649.1519755700137,4,20.25,404,4,2,2,0,0,8
1650.165816489025,4,23.25,406,0,4,3,0,1,8
1651.1794354530284,4,71.5,409,1,4,3,0,0,8
1652.1946601259988,4,70.5,409,1,3,4,0,0,8
1653.2092515670229,4,23.25,409,2,2,2,1,1,8
1654.2229190860526,4,23.5,412,2,4,2,0,0,8
1655.2355835440103,4,0.0,417,0,2,6,0,0,8
1656.2469983810442,4,95.0,419,0,2,5,0,1,8
1657.2599128370057,4,41.0,419,1,1,6,0,0,8
1658.271420006,4,68.25,422,1,1,4,0,2,8
1659.284325160028,4,47.0,420,2,1,2,3,0,8
1660.2985027520335,4,47.0,421,3,1,1,1,2,8
1661.3124803450191,4,0.0,421,6,1,1,0,0,8
1662.3263219270157,4,24.75,423,6,1,1,0,0,8
1663.3401602470549,4,23.5,424,0,5,3,0,0,8
1664.3536688260501,4,45.75,424,0,4,2,1,1,8
1665.3675277780276,4,49.75,427,0,2,3,1,2,8
1666.381527635036,4,0.0,426,3,2,2,0,1,8
1667.3955843860167,4,23.0,426,3,3,1,1,0,8
1668.4076522260439,4,0.0,427,2,2,3,0,1,8
1669.4220339740277,4,6.75,426,3,2,1,2,0,8
1670.4358907290152,4,0.0,424,3,3,2,0,0,8
1671.4497845100123,4,66.5,426,0,3,5,0,0,8
1672.4623522820184,4,28.0,425,1,3,3,0,1,8
1673.474430715025,4,70.25,428,1,1,4,1,1,8
1674.4879127950408,4,24.25,427,2,0,3,0,3,8
1675.5023928310256,4,0.0,426,5,1,2,0,0,8
1676.516596852045,4,23.5,426,5,1,1,1,0,8
1677.5300237950287,4,23.5,427,5,1,1,1,0,8
1678.5440293720458,4,23.5,430,5,1,1,1,0,8
1679.5577021870413,4,0.0,430,5,1,0,2,0,8
1680.5716341840453,4,0.0,430,5,1,0,2,0,8
1681.5846113310545,4,0.0,431,5,1,0,2,0,8
1682.5978340440197,4,0.0,433,5,1,0,2,0,8
1683.6110372560215,4,0.0,435,5,1,0,2,0,8
1684.623962274054,4,0.0,437,5,1,0,2,0,8
1685.643928463047,4,0.0,439,5,1,0,2,0,8
1686.658397428051,4,0.0,439,5,1,0,2,0,8
1687.6713697760133,4,0.0,441,5,1,0,2,0,8
1688.6853722280357,4,23.5,440,5,2,1,0,0,8
1689.6995511690038,4,0.0,441,0,7,0,0,1,8
1690.7121487540426,4,25.25,440,1,4,3,0,0,8
1691.7242529549985,4,31.25,444,1,4,2,1,0,8
1692.737764657999,4,34.75,449,1,3,2,0,2,8
1693.752042706008,4,0.0,448,4,3,1,0,0,8
1694.7636415510206,4,23.25,456,0,4,4,0,0,8
1695.7768626949983,4,48.75,458,0,2,5,0,1,8
1696.7866537160007,4,84.0,462,0,1,3,0,4,8
1697.800459148013,4,0.0,465,2,1,2,1,2,8
1698.8140433230437,4,23.75,464,4,1,2,0,1,8
1699.8281495750416,4,23.25,463,5,0,3,0,0,8
1700.8398776740069,4,41.5,465,3,1,4,0,0,8
1701.8518255560193,4,41.75,465,0,3,2,0,3,8
1702.8639933330123,4,0.0,462,3,3,0,0,2,8
1703.8766069750418,4,23.0,461,5,2,0,0,1,8
1704.888865403016,4,25.0,463,6,1,1,0,0,8
1705.9018517380464,4,4.75,463,6,0,2,0,0,8
1706.9158350070356,4,23.5,463,6,2,0,0,0,8
1707.9304301990196,4,0.0,466,2,4,2,0,0,8
1708.9440380260348,4,0.0,469,2,3,2,1,0,8
1709.9577993600396,4,34.25,471,4,1,3,0,0,8
1710.9718575390289,4,23.25,476,4,1,2,1,0,8
1711.9860510290018,4,23.5,482,2,2,4,0,0,8
1713.0002113750088,4,31.75,485,0,4,1,3,0,8
1714.0139783570194,4,23.75,487,0,3,1,2,2,8
1715.0282287460286,4,23.5,488,0,1,3,0,4,8
1716.042198310024,4,23.25,487,3,0,4,0,1,8
1717.0562535340432,4,48.25,487,0,3,4,0,1,8
1718.0689203870133,4,47.0,487,0,1,5,1,1,8
1719.0823940230184,4,70.25,487,0,1,4,2,1,8
1720.0892160690273,4,48.25,491,0,1,2,4,1,8
1721.1032644410152,4,23.25,493,0,1,1,5,1,8
1722.1163421540405,4,23.5,497,0,1,0,6,1,8
1723.1287905840436,4,0.0,497,0,1,0,6,1,8
1724.1427652810235,4,0.0,498,0,1,0,6,1,8
1725.1558629090432,4,0.0,502,0,1,0,6,1,8
1726.1703120310558,4,0.0,502,0,1,0,6,1,8
1727.1835433410015,4,0.0,502,0,1,0,6,1,8
1728.1963855940267,4,0.0,502,0,1,0,6,1,8
1729.2093744440353,4,0.0,503,0,1,0,0,6,7
1730.2230594370048,4,0.0,498,5,2,0,0,1,8
1731.2339778420283,4,0.0,500,4,2,2,0,0,8
1732.2470389270457,4,37.5,502,1,4,3,0,0,8
1733.260835039022,4,48.25,505,1,3,3,0,1,8
1734.2768857680494,4,45.0,508,3,2,2,0,1,8
1735.2910622990457,4,23.25,512,3,2,3,0,0,8
1736.3059667930356,4,52.75,516,1,2,3,0,2,8
1737.3192270930158,4,1.75,516,2,2,4,0,0,8
1738.3312941130134,4,46.75,516,0,2,6,0,0,8
1739.3426387810032,4,25.0,518,0,0,7,0,1,8
1740.3561804339988,4,93.0,521,0,0,4,3,0,7
1741.365923305042,4,70.25,520,1,0,4,0,3,8
1742.3794350640383,4,63.5,519,2,0,2,2,0,6
1743.3935551520553,4,24.0,515,2,2,4,0,0,8
1744.4072309330222,4,55.5,515,2,3,3,0,0,8
1745.418690149032,4,79.75,516,1,2,5,0,0,8
1746.4322485370212,4,54.5,517,0,1,7,0,0,8
1747.4464540470508,4,29.75,517,1,0,7,0,0,8
1748.4576922570122,4,72.5,520,0,0,8,0,0,8
1749.4701753970003,4,95.0,522,0,0,8,0,0,8
1750.4835788150085,4,94.25,522,0,0,6,1,1,8
1751.4974452700117,4,69.75,522,1,0,6,0,1,8
1752.511136464018,4,23.25,520,3,1,3,1,0,8
1753.5252442409983,4,70.0,521,0,4,3,0,1,8
1754.5390923450468,4,26.0,522,0,4,3,1,0,8
1755.5523539280402,4,58.75,523,0,2,3,0,3,8
1756.5666214650264,4,47.0,520,3,2,3,0,0,8
1757.5803480660543,4,23.25,520,1,3,4,0,0,8
1758.5945397070027,4,46.5,520,2,3,3,0,0,8
1759.6079883940401,4,67.25,520,0,3,5,0,0,8
1760.6197339690407,4,64.0,519,1,1,6,0,0,8
1761.632010958041,4,34.25,518,2,0,6,0,0,8
1762.6445981709985,4,26.0,517,2,2,4,0,0,8
1763.6581281340332,4,46.75,516,3,0,5,0,0,8
1764.6723023960367,4,55.75,517,1,3,4,0,0,8
1765.686709223024,4,41.25,518,0,4,4,0,0,8
1766.6978833470494,4,69.25,518,2,0,6,0,0,8
1767.7098658140167,4,48.0,518,0,1,7,0,0,8
1768.7234633390326,4,89.5,517,1,1,4,0,2,8
1769.7371569140232,4,20.75,514,3,1,2,0,2,8
1770.7506165650557,4,0.0,512,4,2,2,0,0,8
1771.7632168750279,4,23.5,512,2,2,4,0,0,8
1772.7756414890173,4,34.25,511,3,1,4,0,0,8
1773.7894225500058,4,38.0,514,0,2,3,3,0,8
1774.8032546970062,4,47.0,514,0,2,1,5,0,8
1775.8179171500378,4,23.5,517,0,2,1,5,0,8
1776.8321242410457,4,23.75,519,0,2,0,6,0,8
1777.8452623740304,4,0.0,522,0,2,0,6,0,8
1778.8583427080302,4,0.0,523,0,2,0,6,0,8
1779.872542246012,4,0.0,525,0,2,0,6,0,8
1780.8862739070319,4,0.0,528,0,2,0,6,0,8
1781.8994699230534,4,0.0,529,0,2,0,6,0,8
1782.9131984590204,4,0.0,533,0,2,0,6,0,8
1783.9274357170216,4,0.0,534,0,2,0,6,0,8
1784.940592525003,4,0.0,537,0,2,0,6,0,8
1785.956147689023,4,0.0,538,0,2,0,5,1,8
1786.9670168230077,4,0.0,532,6,2,0,0,0,8
1787.9812657670118,4,16.25,534,0,5,3,0,0,8
1788.9949761360185,4,33.25,532,2,5,1,0,0,8
1790.0084610260092,4,24.25,533,2,3,3,0,0,8
1791.0222467780113,4,23.75,533,3,2,3,0,0,8
1792.035809973022,4,23.75,533,2,2,4,0,0,8
1793.049507312011,4,42.75,533,2,1,5,0,0,8
1794.0636382470257,4,46.75,534,1,2,5,0,0,8
1795.0762890790356,4,46.5,535,0,2,6,0,0,8
1796.0899669630453,4,47.75,538,0,1,6,0,1,8
1797.1039777400438,4,85.25,538,2,0,6,0,0,8
1798.1161583730136,4,0.0,538,4,0,3,1,0,8
1799.1277703780215,4,0.75,536,0,5,3,0,0,8
1800.1418526270427,4,37.0,536,1,1,6,0,0,8
1801.1561958930106,4,45.0,536,0,1,7,0,0,8
1802.1703361560358,4,37.0,536,1,0,7,0,0,8
1803.1841660830542,4,29.75,539,0,1,6,1,0,8
1804.1983953210292,4,58.75,540,1,1,6,0,0,8
1805.2120364080183,4,93.25,540,1,0,7,0,0,8
1806.226999395003,4,47.0,540,1,0,7,0,0,8
1807.2493385890266,4,80.5,540,1,1,6,0,0,8
1808.2752606150461,4,52.0,540,1,1,6,0,0,8
1809.2911924340297,4,72.0,542,0,1,7,0,0,8
1810.3055926640518,4,39.25,543,2,0,6,0,0,8
1811.31820530002,4,56.25,543,3,0,5,0,0,8
1812.3322301950539,4,58.5,542,1,1,6,0,0,8
1813.3461366220145,4,46.0,544,1,0,6,1,0,8
1814.359779512044,4,47.0,543,1,1,6,0,0,8
1815.3718354900484,4,48.25,543,1,2,5,0,0,8
1816.3857193360454,4,55.5,543,0,2,6,0,0,8
1817.4005559800426,4,70.0,544,0,0,8,0,0,8
1818.4138043910498,4,23.25,543,0,1,7,0,0,8
1819.4218249180121,4,83.0,545,0,0,8,0,0,8
1820.4363659369992,4,71.25,545,1,0,7,0,0,8
1821.450457132014,4,66.5,546,0,1,7,0,0,8
1822.4638645590167,4,50.25,548,1,0,7,0,0,8
1823.4784326400259,4,76.0,548,0,1,6,0,1,8
1824.4921741630533,4,50.75,546,2,1,5,0,0,8
1825.5059645080473,4,47.5,546,3,0,4,1,0,8
1826.5195992190274,4,23.0,545,2,3,3,0,0,8
1827.532675405033,4,70.0,548,2,2,4,0,0,8
1828.546795814007,4,49.25,548,0,0,6,1,1,8
1829.5595245730365,4,24.75,547,0,0,8,0,0,8
1830.573707951,4,71.5,547,0,0,8,0,0,8
1831.5875239220331,4,93.0,549,0,0,8,0,0,8
1832.6016251840047,4,52.5,549,0,1,7,0,0,8
1833.6154901870177,4,36.75,548,0,1,7,0,0,8
1834.629428721033,4,48.75,548,0,0,7,1,0,8
1835.64364010602,4,71.75,548,2,0,6,0,0,8
1836.6566278210375,4,0.0,549,0,2,6,0,0,8
1837.6705039570224,4,70.25,549,1,1,6,0,0,8
1838.6831525760354,4,48.0,548,3,0,5,0,0,8
1839.6943856880534,4,29.5,545,3,2,2,0,1,8
1840.7080591160338,4,0.0,547,3,2,1,1,1,8
1841.7220253540436,4,24.25,548,3,2,1,1,1,8
1842.7360352300457,4,23.5,549,3,2,1,1,1,8
1843.7497561140335,4,23.75,550,3,2,1,1,1,8
1844.7640594390105,4,23.75,550,3,2,1,1,1,8
1845.7774323980557,4,23.5,552,3,2,1,1,1,8
1846.79127448902,4,23.0,552,3,2,0,2,1,8
1847.8037483119988,4,0.0,552,3,2,0,2,1,8
1848.8169997260557,4,0.0,552,3,2,0,2,1,8
1849.830963754037,4,0.0,554,3,2,0,2,1,8
1850.842483370041,4,0.0,555,3,2,0,2,1,8
1851.8559641710017,4,0.0,555,3,3,0,2,0,8
1852.8690518450458,4,0.0,554,3,4,0,0,1,8
1853.8827768730116,4,21.0,554,4,2,2,0,0,8
1854.8968939460465,4,4.5,555,1,1,3,0,3,8
1855.9081666429993,4,0.0,552,1,2,5,0,0,8
1856.9194034580141,4,46.0,553,2,3,2,0,1,8
1857.9335780540132,4,22.75,551,1,4,3,0,0,8
1858.9475550400093,4,47.0,552,0,2,4,2,0,8
1859.9606849050033,4,35.75,550,2,1,5,0,0,8
1860.974593571038,4,61.75,551,1,1,5,1,0,8
1861.9877691830043,4,51.5,550,4,2,2,0,0,8
1863.0019518540357,4,1.0,549,1,2,5,0,0,8
1864.0157720910502,4,68.0,548,1,1,5,1,0,8
1865.0278016480152,4,62.5,548,2,1,4,1,0,8
1866.041134144005,4,52.5,548,1,2,5,0,0,8
1867.0554319430375,4,67.25,549,1,2,5,0,0,8
1868.069546563027,4,49.0,548,1,2,4,1,0,8
1869.083259126055,4,23.25,546,2,2,4,0,0,8
1870.091691870999,4,74.0,547,1,0,7,0,0,8
1871.1058416099986,4,20.5,545,4,1,3,0,0,8
1872.119944899052,4,0.0,544,2,2,4,0,0,8
1873.1334454200114,4,48.0,545,0,1,7,0,0,8
1874.1475207170006,4,76.75,545,1,0,7,0,0,8
1875.1611406240263,4,82.5,546,1,0,6,0,1,8
1876.1729269640055,4,63.75,547,1,1,5,0,1,8
1877.1839258880354,4,47.5,546,0,3,5,0,0,8
1878.1977968350402,4,41.5,544,2,2,4,0,0,8
1879.2087257780368,4,45.25,544,1,2,4,0,1,8
1880.2225894590374,4,58.0,544,0,3,5,0,0,8
1881.2361347330152,4,73.75,544,2,1,3,0,2,8
1882.2504875980085,4,37.25,544,1,2,5,0,0,8
1883.2609477700316,4,71.0,543,0,1,7,0,0,8
1884.2682917010388,4,91.75,544,0,0,5,0,3,8
1885.2824095610413,4,35.25,539,5,1,2,0,0,8
1886.2923566170502,4,57.0,541,1,2,3,1,1,8
1887.3070626190165,4,23.5,539,2,3,3,0,0,8
1888.3204989660298,4,53.25,544,0,1,7,0,0,8
1889.334532671026,4,28.75,544,1,0,6,0,1,8
1890.3476588570047,4,53.0,545,1,1,6,0,0,8
1891.357222718012,4,46.0,545,0,1,5,0,2,8
1892.3707914160332,4,68.75,544,2,2,2,0,2,8
1893.3843456090544,4,23.25,545,2,3,2,0,1,8
1894.39812192705,4,43.5,545,1,2,5,0,0,8
1895.4122228310443,4,55.75,545,1,1,6,0,0,8
1896.4259114190354,4,69.5,546,0,1,7,0,0,8
1897.4400425210479,4,25.0,548,1,2,5,0,0,8
1898.45420804905,4,36.25,547,1,1,6,0,0,8
1899.4661864740192,4,95.0,548,0,1,7,0,0,8
1900.480430287018,4,63.25,546,2,0,6,0,0,8
1901.494134876004,4,68.75,548,0,1,6,0,1,8
1902.508027462056,4,39.25,549,2,1,4,0,0,7
1903.5244477870292,4,47.0,554,1,3,4,0,0,8
1904.538131508045,4,57.25,558,0,2,5,1,0,8
1905.5520576640265,4,71.75,559,0,2,1,5,0,8
1906.5653259060346,4,23.0,562,0,2,1,5,0,8
1907.5781368790194,4,23.5,563,0,2,0,6,0,8
1908.5913069330272,4,0.0,563,0,2,0,6,0,8
1909.6044680940104,4,0.0,566,0,2,0,6,0,8
1910.6176469880156,4,0.0,569,0,2,0,6,0,8
1911.6314424150041,4,0.0,569,0,2,0,6,0,8
1912.645753770019,4,0.0,569,0,2,0,6,0,8
1913.658722535998,4,0.0,569,0,2,0,6,0,8
1914.6718180550379,4,0.0,570,0,2,0,6,0,8
1915.685349080013,4,0.0,570,0,2,0,0,6,8
1916.698251607013,4,0.0,565,6,1,1,0,0,8
1917.7089791750186,4,23.25,568,1,6,1,0,0,8
1918.7201713120448,4,1.0,569,0,6,2,0,0,8
1919.735014452017,4,26.25,571,0,3,5,0,0,8
1920.7425801840145,4,49.75,570,1,1,6,0,0,8
1921.757325544022,4,65.0,568,1,2,5,0,0,8
1922.7710281740292,4,46.75,568,1,2,3,0,2,8
1923.7848521410488,4,23.25,565,4,0,4,0,0,8
1924.798527261999,4,70.5,565,2,2,2,0,2,8
1925.81184859504,4,24.0,563,2,4,2,0,0,8
1926.8231429200387,4,10.0,563,2,2,4,0,0,8
1927.8344270650414,4,47.25,564,0,3,5,0,0,8
1928.8457492240123,4,46.25,565,0,1,7,0,0,8
1929.8604725290206,4,94.75,567,0,0,6,0,2,8
1930.8768463990418,4,46.5,571,0,0,6,0,2,8
1931.89125758101,4,0.0,571,2,0,6,0,0,8
1932.9055127010215,4,21.75,571,1,2,4,1,0,8
1933.9194032960222,4,67.5,571,2,2,3,0,1,8
1934.9332281150273,4,49.25,570,0,3,5,0,0,8
1935.9469268410467,4,26.25,570,0,0,8,0,0,8
1936.9605336290551,4,94.0,569,1,0,7,0,0,8
1937.9741923170513,4,70.25,570,0,1,7,0,0,8
1938.9881559640053,4,94.0,571,1,0,6,1,0,8
1940.002051589021,4,28.0,570,1,1,5,0,1,8
1941.0164122240385,4,73.75,571,2,0,5,1,0,8
1942.0281344850082,4,61.75,572,2,1,5,0,0,8
1943.042270831007,4,55.5,577,0,2,6,0,0,8
1944.0561206670245,4,70.0,578,0,2,4,2,0,8
1945.0697869770229,4,30.5,578,1,1,5,0,1,8
1946.0839386440348,4,23.25,578,2,0,6,0,0,8
1947.095056197024,4,94.75,579,1,2,5,0,0,8
1948.1095404150547,4,56.5,582,1,1,5,0,1,8
1949.121435003006,4,70.0,582,1,1,6,0,0,8
1950.1344022670528,4,47.0,583,2,1,5,0,0,8
1951.1487106240238,4,63.75,585,0,1,7,0,0,8
1952.1606775170076,4,70.75,586,0,0,8,0,0,8
1953.174382688012,4,92.5,589,0,0,5,2,1,8
1954.1886992680375,4,71.25,587,3,0,4,1,0,8
1955.2025175200542,4,51.25,586,2,2,4,0,0,8
1956.2148709960165,4,47.0,586,1,1,6,0,0,8
1957.228530787048,4,65.75,584,3,0,5,0,0,8
1958.2423004960292,4,24.0,585,2,1,5,0,0,8
1959.2569822260411,4,27.0,586,1,3,4,0,0,8
1960.2708520340384,4,48.5,589,1,2,5,0,0,8
1961.284868338029,4,70.5,589,1,0,7,0,0,8
1962.2952636580449,4,46.5,590,1,0,5,0,2,8
1963.3093863850227,4,23.25,587,3,1,4,0,0,8
1964.3211682480178,4,46.75,590,1,2,5,0,0,8
1965.3355921740294,4,71.25,591,0,2,6,0,0,8
1966.3465810140478,4,94.75,591,0,2,4,2,0,8
1967.3598503160174,4,70.25,592,0,2,2,4,0,8
1968.3733041790547,4,46.5,594,0,2,2,4,0,8
1969.3859820479993,4,23.5,594,0,2,1,5,0,8
1970.4019444970181,4,0.0,595,0,2,0,6,0,8
1971.415917527047,4,0.0,598,0,2,0,6,0,8
1972.4299635020434,4,0.0,599,0,2,0,6,0,8
1973.443636405049,4,0.0,601,0,2,0,6,0,8
1974.457521569042,4,0.0,602,0,2,0,6,0,8
1975.4709947570227,4,0.0,603,0,2,0,6,0,8
1976.4842804900254,4,0.0,603,0,2,0,6,0,8
1977.499019548006,4,0.0,603,0,2,0,6,0,8
1978.5126686710282,4,0.0,603,0,2,0,6,0,8
1979.5261385350022,4,0.0,603,0,2,0,6,0,8
1980.5400561850402,4,0.0,604,0,2,0,6,0,8
1981.5542448990163,4,0.0,606,0,2,0,0,6,8
1982.568186531018,4,7.75,600,4,2,2,0,0,8
1983.5789908640436,4,46.5,601,0,3,5,0,0,8
1984.5941324840533,4,70.0,602,0,2,6,0,0,8
1985.6077956900117,4,96.0,605,0,1,7,0,0,8
1986.621651916008,4,73.0,605,0,0,6,0,2,8
1987.6355151560274,4,34.5,605,2,0,6,0,0,8
1988.646219998016,4,49.5,605,0,2,5,0,1,8
1989.660002654011,4,43.0,604,1,0,7,0,0,8
1990.6737972760457,4,89.5,603,1,1,6,0,0,8
1991.6859637800371,4,56.0,604,1,2,5,0,0,8
1992.6977675290545,4,24.0,604,2,1,5,0,0,8
1993.7110765970428,4,48.25,603,2,1,4,1,0,8
1994.7247777950251,4,24.0,604,1,2,5,0,0,8
1995.7378746489994,4,70.25,604,0,3,5,0,0,8
1996.7518149000243,4,55.0,603,1,2,4,0,1,8
1997.7628878260148,4,56.5,602,1,1,5,1,0,8
1998.774483573041,4,48.25,601,2,1,3,0,2,8
1999.7859918840113,4,28.5,601,3,2,3,0,0,8
2000.8000036650337,4,57.25,602,0,2,5,0,1,8
2001.813497175055,4,46.75,602,1,0,7,0,0,8
2002.8273221550044,4,70.0,605,0,1,6,0,1,8
2003.8412556730327,4,44.75,604,2,1,5,0,0,8
2004.8531365329982,4,72.25,605,1,0,7,0,0,8
2005.867251735006,4,47.25,603,2,1,5,0,0,8
2006.8809175770148,4,63.25,603,2,1,5,0,0,8
2007.8932792630512,4,48.0,603,1,2,4,1,0,8
2008.904921584006,4,0.0,607,0,0,8,0,0,8
2009.9182007990312,4,70.25,608,2,0,5,1,0,8
2010.9334883400006,4,48.5,608,0,2,5,1,0,8
2011.9472963510198,4,49.25,611,0,2,5,0,1,8
2012.9600636180257,4,37.0,611,1,1,4,2,0,8
2013.974179538025,4,47.5,611,3,1,4,0,0,8
2014.987992606999,4,28.25,615,0,3,2,1,2,8
2016.0014601380099,4,32.75,615,2,1,4,0,1,8
2017.0153476190171,4,71.5,619,0,2,5,0,1,8
2018.0293148150085,4,46.5,618,3,0,5,0,0,8
2019.0436972349999,4,94.75,617,2,1,5,0,0,8
2020.0574190240004,4,35.0,622,1,2,4,0,1,8
2021.0710131680244,4,58.25,624,2,0,5,0,1,8
2022.0838858890347,4,47.5,627,1,1,6,0,0,8
2023.0974541270407,4,88.5,629,2,1,4,1,0,8
2024.1114272210398,4,45.0,631,1,1,3,1,2,8
2025.1249567720224,4,23.5,627,3,3,2,0,0,8
2026.1382181380177,4,0.0,631,0,2,5,0,1,8
2027.152252058033,4,72.0,631,1,1,5,1,0,8
2028.1735011770506,4,47.25,630,1,1,6,0,0,8
2029.1849512199988,4,52.25,631,1,1,6,0,0,8
2030.1990015150513,4,26.75,634,2,1,5,0,0,8
2031.212460899027,4,51.5,635,0,2,4,0,2,8
2032.2260471160407,4,47.5,634,0,1,6,0,1,8
2033.2403637440293,4,25.75,634,2,0,6,0,0,8
2034.25432808802,4,0.0,634,2,1,5,0,0,8
2035.2671374070342,4,64.75,634,2,2,4,0,0,8
2036.2808612320223,4,1.0,635,1,1,6,0,0,8
2037.294726076012,4,94.25,635,1,1,4,2,0,8
2038.3077351040556,4,93.75,637,1,1,2,4,0,8
2039.3213147570495,4,47.0,637,1,1,2,4,0,8
2040.3300247470033,4,46.75,637,1,1,2,4,0,8
2041.3437110430095,4,24.25,639,1,1,1,5,0,8
2042.3576875470462,4,23.75,641,1,1,1,5,0,8
2043.370861976,4,0.0,642,1,1,0,6,0,8
2044.3845577310422,4,0.0,643,1,1,0,6,0,8
2045.398605622002,4,0.0,643,1,1,0,6,0,8
2046.4117976760026,4,0.0,643,1,1,0,6,0,8
2047.42480875802,4,0.0,647,1,1,0,6,0,8
2048.437889068038,4,0.0,647,1,1,0,6,0,8
2049.451144542021,4,0.0,649,1,1,0,6,0,8
2050.4633315410465,4,0.0,644,6,2,0,0,0,8
2051.477631927002,4,0.0,646,4,4,0,0,0,8
2052.496888338006,4,4.5,646,4,4,0,0,0,8
2053.5105595670175,4,0.0,647,3,3,2,0,0,8
2054.524008004053,4,70.5,647,3,2,2,1,0,8
2055.537114155013,4,40.5,646,1,5,2,0,0,8
2056.5506421620375,4,1.0,645,0,5,3,0,0,8
2057.562562320032,4,46.75,650,0,3,5,0,0,8
2058.5774158530403,4,94.5,652,0,2,4,0,2,8
2059.5905993220513,4,47.25,652,1,2,5,0,0,8
2060.6043898350326,4,30.25,656,1,2,4,1,0,8
2061.61787445104,4,21.75,654,2,3,3,0,0,8
2062.6317187640234,4,72.25,656,1,2,4,0,1,8
2063.6450643160497,4,70.75,663,1,2,3,1,1,8
2064.659216305008,4,23.5,666,3,2,2,0,1,8
2065.671398611041,4,23.0,665,2,3,3,0,0,8
2066.6852780100307,4,83.5,665,1,2,5,0,0,8
2067.7009682790376,4,70.0,665,0,2,5,0,1,8
2068.7123081130558,4,55.75,666,1,2,5,0,0,8
2069.724342186004,4,63.25,670,0,0,8,0,0,8
2070.737164241029,4,74.5,672,0,0,8,0,0,8
2071.7513277100516,4,93.25,674,2,0,6,0,0,8
2072.7652736130403,4,70.0,674,1,2,5,0,0,8
2073.7776517910534,4,65.0,675,0,2,6,0,0,8
2074.7910513770184,4,71.25,676,1,0,7,0,0,8
2075.803109165048,4,12.25,675,3,0,4,1,0,8
2076.8176271450357,4,46.25,676,3,0,3,1,1,8
2077.831689311017,4,39.75,674,2,3,3,0,0,8
2078.8457138920203,4,23.5,674,2,3,2,0,1,8
2079.859555064002,4,3.5,675,2,1,5,0,0,8
2080.8732804800384,4,22.75,675,1,1,6,0,0,8
2081.8868198220152,4,52.25,677,0,1,7,0,0,8
2082.901632136025,4,93.5,679,0,0,7,0,1,8
2083.9163108510547,4,23.25,678,1,0,5,2,0,8
2084.9299985010293,4,63.0,676,3,1,3,0,1,8
2085.944034459011,4,47.25,676,4,1,3,0,0,8
2086.9574599970365,4,41.5,677,2,3,3,0,0,8
2087.9715638070484,4,49.75,677,0,3,4,1,0,8
2088.9853628960554,4,25.75,676,2,1,4,0,1,8
2089.998532167054,4,23.75,678,2,1,4,1,0,8
2091.0123578970088,4,46.5,680,1,1,4,0,2,8
2092.0239327040035,4,47.0,678,3,1,4,0,0,8
2093.037710192031,4,69.0,678,0,2,4,0,2,8
2094.0488387270016,4,0.75,676,3,1,4,0,0,8
2095.0604881180334,4,25.25,677,1,1,6,0,0,8
2096.076512062049,4,95.5,677,2,1,2,2,1,8
2097.0911892230506,4,47.5,674,3,0,4,1,0,8
2098.1000029150164,4,34.75,675,3,2,3,0,0,8
2099.1114037620137,4,23.25,677,3,1,4,0,0,8
2100.12548648502,4,71.5,679,2,1,3,0,2,8
2101.1386633360526,4,46.75,682,2,1,2,1,2,8
2102.1524362240452,4,46.5,687,2,1,2,1,2,8
2103.1656119610416,4,47.0,688,2,1,2,1,2,8
2104.1796359440195,4,47.25,690,2,1,2,1,2,8
2105.1911533100065,4,46.5,691,2,1,2,1,2,8
2106.1995784080354,4,23.25,693,2,1,0,3,2,8
2107.2130722580478,4,0.0,694,2,1,0,3,2,8
2108.226420446008,4,0.0,698,2,1,0,3,2,8
2109.2393792000366,4,0.0,700,2,1,0,3,2,8
2110.2532035710174,4,0.0,704,2,1,0,3,2,8
2111.2660398230073,4,0.0,706,2,1,0,3,2,8
2112.2796923690476,4,0.0,707,2,1,0,3,2,8
2113.2927290620282,4,0.0,709,2,1,0,3,2,8
2114.306007667037,4,0.0,713,1,2,0,3,2,8
2115.319740276027,4,23.5,710,3,2,1,0,2,8
2116.333752141043,4,23.5,709,4,2,2,0,0,8
2117.3444675590144,4,4.5,709,0,5,2,0,1,8
2118.3560197130428,4,25.75,707,2,2,4,0,0,8
2119.366674067045,4,35.75,707,1,3,4,0,0,8
2120.3802596250316,4,48.25,709,0,3,4,0,1,8
2121.393256255018,4,43.25,709,1,2,4,0,0,7
2122.4070461270167,4,57.0,712,0,3,5,0,0,8
2123.421021022019,4,46.75,712,0,1,5,1,1,8
2124.434899177053,4,23.25,715,1,1,2,0,4,8
2125.448621176998,4,23.25,715,2,1,2,0,3,8
2126.462735990004,4,23.5,714,4,2,2,0,0,8
2127.473802089051,4,23.25,713,1,6,1,0,0,8
2128.4873795620515,4,69.25,712,2,2,4,0,0,8
2129.5014604240423,4,17.0,711,1,4,3,0,0,8
2130.5148733770475,4,71.75,711,1,3,2,2,0,8
2131.528926986037,4,14.25,709,3,2,3,0,0,8
2132.542706790031,4,7.25,710,2,2,3,0,1,8
2133.5565105200512,4,70.25,712,0,3,5,0,0,8
2134.570621173014,4,62.0,714,1,1,5,0,1,8
2135.5842929010396,4,32.0,713,0,3,4,0,1,8
2136.5981835900457,4,19.75,715,1,2,5,0,0,8
2137.6122892610147,4,64.5,717,1,1,5,1,0,8
2138.625797507004,4,23.25,716,1,2,5,0,0,8
2139.639879016031,4,57.75,715,2,3,1,0,2,8
2140.653734403022,4,7.75,714,2,2,3,0,0,7
2141.665630153031,4,46.5,713,2,3,3,0,0,8
2142.6794201300363,4,70.0,717,1,3,4,0,0,8
2143.693527733034,4,57.75,719,0,1,5,1,1,8
2144.707267659018,4,61.75,717,2,1,5,0,0,8
2145.7208328470006,4,44.75,717,0,2,6,0,0,8
2146.7334244830417,4,90.25,718,1,1,6,0,0,8
2147.7455201760167,4,60.0,721,1,1,6,0,0,8
2148.759148856043,4,23.25,721,1,2,5,0,0,8
2149.770744330017,4,65.25,725,2,0,5,0,1,8
2150.7846011310467,4,48.0,730,1,1,3,0,3,8
2151.79826455703,4,13.5,727,4,1,3,0,0,8
2152.812846988032,4,0.0,727,3,2,3,0,0,8
2153.8263899020385,4,45.75,728,1,2,3,0,2,8
2154.840113340004,4,46.75,728,2,2,3,0,1,8
2155.853816921008,4,48.5,729,2,3,3,0,0,8
2156.8676655350137,4,23.5,729,1,3,4,0,0,8
2157.881900175009,4,44.25,727,3,1,4,0,0,8
2158.8954944310244,4,27.75,729,3,1,4,0,0,8
2159.909050608054,4,24.5,730,0,3,4,1,0,8
2160.922848822025,4,44.5,731,1,3,4,0,0,8
2161.9362666700035,4,96.25,731,0,2,5,1,0,8
2162.9476016340195,4,33.75,733,2,2,4,0,0,8
2163.9613771139993,4,93.5,734,1,1,5,1,0,8
2164.975607207045,4,47.0,732,3,1,4,0,0,8
2165.9874797490193,4,50.5,730,2,2,3,0,1,8
2166.9993597770226,4,0.0,730,3,2,2,1,0,8
2168.0122831940535,4,47.25,733,3,2,1,2,0,8
2169.025701507053,4,23.5,734,3,2,0,3,0,8
2170.0376462850254,4,0.0,734,3,2,0,3,0,8
2171.051945134008,4,0.0,736,3,2,0,3,0,8
2172.065261112002,4,0.0,736,3,2,0,3,0,8
2173.0758267940255,4,0.0,736,3,2,0,3,0,8
2174.0965362080024,4,0.0,737,3,2,0,3,0,8
2175.1125097110053,4,0.0,737,3,2,0,3,0,8
2176.1254456940223,4,0.0,739,3,2,0,3,0,8
2177.1387394160265,4,0.0,740,3,2,0,3,0,8
2178.152028163022,4,0.0,742,3,2,0,3,0,8
2179.1660202540224,4,0.0,742,3,2,0,3,0,8
2180.1790177310468,4,0.0,743,3,2,0,3,0,8
2181.1920474910294,4,0.0,744,3,2,0,3,0,8
2182.205626537034,4,22.5,743,2,3,1,0,1,7
2183.2190247900435,4,21.5,742,3,3,2,0,0,8
2184.231711977045,4,77.75,742,0,3,5,0,0,8
2185.2444384130067,4,20.0,740,1,1,6,0,0,8
2186.258523354016,4,47.5,739,2,2,3,1,0,8
2187.27148514305,4,23.25,739,2,3,2,1,0,8
2188.2862210860476,4,23.5,741,1,4,3,0,0,8
2189.2998551340424,4,30.5,740,3,3,2,0,0,8
2190.3132094020257,4,47.25,740,0,3,3,0,2,8
2191.3269480590243,4,47.25,737,1,4,2,1,0,8
2192.3411622390267,4,46.75,738,0,2,5,0,1,8
2193.351515274029,4,23.5,738,1,1,6,0,0,8
2194.3657170960214,4,84.0,736,2,0,6,0,0,8
2195.376837447053,4,69.75,736,1,1,5,0,1,8
2196.3904433090356,4,70.0,735,2,1,5,0,0,8
2197.404421381012,4,95.5,737,2,1,5,0,0,8
2198.4181578580174,4,95.25,737,1,1,6,0,0,8
2199.429936158005,4,47.5,737,0,1,7,0,0,8
2200.4440673250356,4,29.5,737,2,0,6,0,0,8
2201.4578527380363,4,94.0,737,1,0,6,0,1,8
2202.4673070700374,4,55.25,737,0,3,5,0,0,8
2203.4812336230534,4,73.75,738,0,2,5,1,0,8
2204.4933973580482,4,70.5,736,2,1,4,0,1,8
2205.505412374041,4,23.25,734,1,3,3,1,0,8
2206.519072219031,4,47.25,735,2,3,3,0,0,8
2207.533459579048,4,46.5,736,0,2,6,0,0,8
2208.547613390023,4,44.5,737,1,1,6,0,0,8
2209.5613266680157,4,81.0,737,1,0,7,0,0,8
2210.5752666180488,4,69.75,739,0,1,6,0,1,8
2211.588036451023,4,2.75,738,2,1,5,0,0,8
2212.601930188015,4,47.75,740,1,1,6,0,0,8
2213.615532593045,4,23.0,739,1,2,5,0,0,8
2214.629759275005,4,87.0,740,1,1,3,0,3,8
2215.6418452470098,4,26.75,737,3,0,4,0,1,8
2216.653396536014,4,23.0,733,7,0,1,0,0,8
2217.6671809710097,4,0.0,734,1,2,5,0,0,8
2218.6808996240143,4,97.25,735,0,1,6,1,0,8
2219.6966468840255,4,41.5,740,1,1,6,0,0,8
2220.710124673031,4,72.0,740,0,0,6,1,1,8
2221.7238541190163,4,44.75,743,1,0,3,3,1,8
2222.7360069630085,4,23.5,741,4,1,3,0,0,8
2223.7503083900083,4,46.25,742,3,2,3,0,0,8
2224.764131896023,4,44.5,744,1,1,6,0,0,8
2225.778036636999,4,94.0,744,1,1,5,0,1,8
2226.7918623450096,4,71.0,744,0,2,5,0,1,8
2227.8106192700216,4,46.5,743,2,0,5,0,1,8
2228.8241864070296,4,13.75,743,1,0,7,0,0,8
2229.838517744036,4,94.75,742,4,1,2,0,1,8
2230.8516288730316,4,23.25,741,4,2,2,0,0,8
2231.866213849047,4,0.0,741,2,2,3,1,0,8
2232.8782830800046,4,24.25,739,2,3,2,0,1,8
2233.8926920430386,4,24.0,738,2,2,3,0,0,7
2234.906940227025,4,26.0,736,1,4,3,0,0,8
2235.920508717012,4,46.5,736,1,3,2,2,0,8
2236.934774715046,4,23.0,735,3,4,1,0,0,8
2237.948138972046,4,23.25,734,4,2,2,0,0,8
2238.962041124003,4,23.5,737,4,2,0,2,0,8
2239.9750505360425,4,0.0,739,4,2,0,2,0,8
2240.98871591402,4,0.0,741,4,2,0,2,0,8
2242.0025371770025,4,0.0,742,4,2,0,2,0,8
2243.0154978560167,4,0.0,746,4,2,0,2,0,8
2244.0286148040323,4,0.0,748,4,2,0,2,0,8
2245.041530557035,4,0.0,749,4,2,0,2,0,8
2246.0552613310283,4,0.0,749,4,2,0,2,0,8
2247.069061295013,4,0.0,750,4,2,0,2,0,8
2248.0823631579988,4,0.0,755,4,2,0,2,0,8
2249.0953170670546,4,0.0,755,4,2,0,2,0,8
2250.1091602090164,4,0.0,755,4,2,0,2,0,8
2251.1200672970153,4,0.0,755,4,2,0,2,0,8
2252.134241781023,4,0.0,756,2,4,0,0,2,8
2253.146141180012,4,0.0,757,1,4,2,0,0,7
2254.1604217460263,4,47.25,757,2,4,2,0,0,8
2255.174396691029,4,24.0,761,2,3,2,0,1,8
2256.1878079250455,4,26.75,761,0,3,5,0,0,8
2257.1994794050115,4,47.75,763,0,2,5,0,1,8
2258.213105720002,4,53.75,760,1,3,3,0,1,8
2259.227281436033,4,18.25,762,2,2,4,0,0,8
2260.240783059038,4,9.0,764,2,1,5,0,0,8
2261.2550979900407,4,56.75,765,1,1,6,0,0,8
2262.265743230004,4,48.0,765,0,1,6,1,0,8
2263.280100513017,4,58.5,764,2,0,6,0,0,8
2264.293588422006,4,9.5,762,1,3,4,0,0,8
2265.307637226011,4,26.25,760,3,3,1,0,1,8
2266.3222846750286,4,0.0,759,3,2,3,0,0,8
2267.3358412760426,4,32.0,764,1,4,3,0,0,8
2268.34938980703,4,72.5,764,0,3,2,2,1,8
2269.363061516022,4,23.5,761,3,1,4,0,0,8
2270.3765028320486,4,24.75,761,0,4,3,0,1,8
2271.3908342110226,4,26.75,760,1,3,4,0,0,8
2272.404562290001,4,59.25,761,1,1,6,0,0,8
2273.4182056610007,4,22.5,761,1,1,6,0,0,8
2274.4320737380185,4,47.25,762,1,0,6,0,1,8
2275.445730330015,4,18.5,761,1,1,4,1,1,8
2276.4596556220204,4,46.0,761,2,1,3,0,2,8
2277.473303778039,4,25.0,760,3,1,3,0,1,8
2278.487475340022,4,48.25,758,2,2,4,0,0,8
2279.501236410055,4,14.0,758,2,2,4,0,0,8
2280.5150007900083,4,23.25,759,3,2,3,0,0,8
2281.527825487021,4,24.0,759,1,3,4,0,0,8
2282.5394286860246,4,40.25,758,2,2,3,0,1,8
2283.5530331230257,4,1.0,755,2,3,3,0,0,8
2284.563904554001,4,35.75,756,1,3,3,0,0,7
2285.577598406002,4,23.25,755,1,2,5,0,0,8
2286.588550469023,4,14.5,757,1,1,5,1,0,8
2287.6020592010464,4,42.75,754,3,1,4,0,0,8
2288.615986610006,4,48.0,754,0,2,6,0,0,8
2289.6298524330487,4,54.25,754,0,0,8,0,0,8
2290.6435652590008,4,85.25,752,2,0,6,0,0,8
2291.657533136022,4,71.25,752,1,2,5,0,0,8
2292.6696867210558,4,71.0,752,1,1,5,0,1,8
2293.6835122270277,4,30.0,755,1,0,4,1,2,8
2294.6964041600004,4,23.0,752,2,1,3,1,1,8
2295.711211745045,4,24.0,751,1,1,4,0,2,8
2296.731983368052,4,16.25,749,2,1,2,3,0,8
2297.743981201027,4,15.25,748,3,1,2,0,2,8
2298.7576899330015,4,23.75,748,2,3,2,0,1,8
2299.768390914018,4,19.25,748,1,4,3,0,0,8
2300.782018352009,4,50.0,748,0,2,5,0,1,8
2301.7922295550234,4,23.25,749,1,0,6,0,1,8
2302.806167677045,4,46.5,748,1,1,5,0,1,8
2303.818133693014,4,23.75,748,1,1,3,2,1,8
2304.832327116048,4,17.0,744,2,3,3,0,0,8
2305.846800424042,4,1.25,745,1,3,4,0,0,8
2306.8597603410017,4,41.0,746,2,1,5,0,0,8
2307.872651619022,4,33.5,748,2,1,5,0,0,8
2308.886235304002,4,28.25,748,1,1,6,0,0,8
2309.9004236379988,4,70.5,749,2,2,4,0,0,8
2310.914906906022,4,41.0,751,0,2,6,0,0,8
2311.9281744330074,4,74.25,753,0,2,5,0,1,8
2312.938902975002,4,93.75,755,0,2,2,3,1,8
2313.952464152011,4,23.5,755,0,2,1,4,1,8
2314.9660769600305,4,23.5,756,0,2,1,4,1,8
2315.9791115250555,4,23.75,757,0,2,0,5,1,8
2316.992237635015,4,0.0,759,0,2,0,5,1,8
2318.0053179030074,4,0.0,761,0,2,0,5,1,8
2319.0180293000303,4,0.0,762,0,2,0,5,1,8
2320.0309022660367,4,0.0,763,0,2,0,5,1,8
2321.043806790025,4,0.0,764,0,2,0,5,1,8
2322.055666939006,4,0.0,765,0,2,0,5,1,8
2323.06903444801,4,0.0,766,0,2,0,5,1,8
2324.0824577950407,4,0.0,766,0,2,0,5,1,8
2325.095379756007,4,0.0,766,0,2,0,5,1,8
2326.108725457045,4,0.0,766,0,2,0,5,1,8
2327.1225930500077,4,22.5,767,0,0,2,0,6,8
2328.1361655090004,4,23.25,762,6,0,0,1,1,8
2329.1503776130266,4,0.0,760,3,5,0,0,0,8
2330.1641957010143,4,18.0,760,1,5,2,0,0,8
2331.17829419201,4,62.5,759,2,4,1,0,1,8
2332.1924253700417,4,26.0,757,4,2,2,0,0,8
2333.2060699200374,4,46.0,757,2,4,1,1,0,8
2334.217307593033,4,18.75,757,0,5,2,0,1,8
2335.231597279024,4,0.0,761,1,3,4,0,0,8
2336.243050294055,4,47.0,763,1,1,6,0,0,8
2337.255236870027,4,46.25,765,1,1,5,1,0,8
2338.269391018024,4,27.5,768,1,0,7,0,0,8
2339.2814069140004,4,52.25,767,2,1,4,1,0,8
2340.294983141008,4,46.75,767,2,1,4,0,1,8
2341.306234241056,4,37.5,770,2,2,2,0,2,8
2342.326839996036,4,0.0,768,1,3,4,0,0,8
2343.3407853290555,4,46.0,768,0,4,3,0,1,8
2344.3518253430375,4,69.0,768,0,2,5,0,1,8
2345.3658335010405,4,92.5,771,1,1,4,0,2,8
2346.3795048810425,4,46.5,769,2,1,3,2,0,8
2347.3933999460423,4,23.25,770,3,1,4,0,0,8
2348.4067000340438,4,46.75,775,3,1,3,1,0,8
2349.420121932053,4,46.5,779,1,3,2,0,2,8
2350.435648153012,4,23.5,779,1,3,2,1,0,7
2351.4469700820046,4,52.75,779,1,3,4,0,0,8
2352.4611460360466,4,43.25,781,0,2,5,0,1,8
2353.4747117090155,4,47.0,783,0,1,6,1,0,8
2354.4885641779983,4,23.25,784,0,2,6,0,0,8
2355.5021922430024,4,71.0,786,0,1,5,0,2,8
2356.513191919017,4,46.5,788,2,0,4,0,2,8
2357.526887205022,4,47.25,788,3,1,4,0,0,8
2358.5408597270143,4,9.25,790,2,1,5,0,0,8
2359.5542592499987,4,93.25,791,1,0,6,1,0,8
2360.568018840044,4,70.25,792,0,1,3,2,2,8
2361.581738359004,4,46.5,792,0,1,1,1,4,7
2362.595662250009,4,0.0,787,5,1,1,0,1,8
2363.6099336670013,4,0.0,787,2,4,2,0,0,8
2364.623612606025,4,33.25,788,0,1,7,0,0,8
2365.6371416690527,4,69.0,790,0,1,7,0,0,8
2366.651547939051,4,79.0,790,1,0,7,0,0,8
2367.6651239440544,4,57.75,790,1,0,7,0,0,8
2368.6791984690353,4,93.75,791,1,1,5,0,1,8
2369.6927396650426,4,24.25,792,2,1,5,0,0,8
2370.7063986800495,4,71.25,791,2,1,4,1,0,8
2371.7186316139996,4,23.5,791,0,2,5,1,0,8
2372.732169503055,4,93.75,790,1,2,5,0,0,8
2373.7462042080006,4,67.25,790,0,1,6,1,0,8
2374.759740658046,4,45.75,787,2,2,4,0,0,8
2375.773872760008,4,36.0,788,2,1,4,0,1,8
2376.785182059044,4,70.25,790,2,1,4,0,1,8
2377.798184111016,4,94.25,791,3,0,4,1,0,8
2378.810331232031,4,71.25,789,2,2,4,0,0,8
2379.8238212420256,4,45.5,788,2,1,5,0,0,8
2380.835201675014,4,47.5,789,2,1,2,3,0,8
2381.848878668039,4,47.25,790,2,1,2,3,0,8
2382.862576239044,4,23.25,790,2,1,1,4,0,8
2383.875650497037,4,23.25,794,2,1,1,4,0,8
2384.8893607140053,4,23.5,796,2,1,1,4,0,8
2385.9023670440074,4,23.5,800,2,1,0,5,0,8
2386.9166488990304,4,0.0,802,2,1,0,5,0,8
2387.9301287030103,4,0.0,802,2,1,0,5,0,8
2388.9437176630017,4,0.0,803,2,1,0,5,0,8
2389.9571443290333,4,0.0,811,2,1,0,5,0,8
2390.9701908330317,4,0.0,812,2,1,0,5,0,8
2391.9837738750502,4,0.0,815,2,1,0,5,0,8
2392.9965795330354,4,0.0,817,2,1,0,5,0,8
2394.0095737930387,4,0.0,818,2,1,0,5,0,8
2395.0232471210184,4,0.0,819,2,1,0,5,0,8
2396.0351267950027,4,0.0,816,5,2,0,0,1,8
2397.0474054950173,4,0.0,815,3,5,0,0,0,8
2398.061024821014,4,25.0,815,1,4,3,0,0,8
2399.074775166053,4,29.25,814,1,4,3,0,0,8
2400.0888248730334,4,77.25,814,1,2,4,0,1,8
2401.102855994017,4,30.25,813,2,2,1,0,3,8
2402.1169314400177,4,48.0,811,3,3,2,0,0,8
2403.128465679998,4,23.25,811,1,3,4,0,0,8
2404.142542366055,4,13.5,811,2,1,4,1,0,8
2405.1562761170208,4,54.75,812,2,2,4,0,0,8
2406.170200343011,4,5.5,811,3,2,3,0,0,8
2407.182279022003,4,47.25,814,4,2,1,0,1,8
2408.196310693049,4,0.0,812,2,4,2,0,0,8
2409.210281628999,4,0.0,811,1,6,1,0,0,8
2410.2236067690537,4,23.25,812,1,4,3,0,0,8
2411.236140807043,4,50.0,812,0,1,7,0,0,8
2412.2493370470474,4,64.0,812,0,1,7,0,0,8
2413.2614859070163,4,66.25,812,2,0,6,0,0,8
2414.275571892038,4,68.25,814,2,0,4,0,2,8
2415.288006941031,4,64.5,812,4,0,4,0,0,8
2416.299651966023,4,93.75,812,0,3,4,0,1,8
2417.311935962003,4,35.75,814,1,2,5,0,0,8
2418.326513459033,4,69.25,814,1,1,6,0,0,8
2419.341343049018,4,47.0,814,0,1,6,0,1,8
2420.353657344007,4,2.0,814,2,1,5,0,0,8
2421.367982738011,4,45.75,813,1,1,6,0,0,8
2422.381518803013,4,44.25,816,1,1,4,2,0,8
2423.3951320199994,4,70.0,819,1,1,3,0,3,8
2424.4094760050066,4,29.0,817,3,1,3,1,0,8
2425.423300590017,4,8.75,815,4,1,3,0,0,8
2426.437340439006,4,41.75,815,0,4,4,0,0,8
2427.450825634005,4,68.0,817,0,3,3,2,0,8
2428.463241168007,4,24.0,818,2,2,3,0,1,8
2429.4769540650304,4,47.0,819,3,2,2,1,0,8
2430.48914549005,4,11.75,820,3,3,1,0,1,8
2431.503332585038,4,23.25,821,1,5,2,0,0,8
2432.5156694660545,4,48.75,824,0,2,5,0,1,8
2433.5286391880363,4,38.75,823,1,1,6,0,0,8
2434.5422579510487,4,71.0,823,2,1,4,0,1,8
2435.55590544804,4,47.0,823,2,2,4,0,0,8
2436.569465228007,4,50.75,825,2,2,2,1,0,7
2437.583325176034,4,23.75,823,3,2,3,0,0,8
2438.5971793900244,4,41.5,825,1,1,6,0,0,8
2439.610670615046,4,56.5,825,0,1,6,0,1,8
2440.6219188870164,4,71.75,825,0,1,4,0,3,8
2441.6362331000273,4,47.75,824,3,0,3,0,2,8
2442.6502476330497,4,46.25,824,4,2,2,0,0,8
2443.663127488049,4,35.0,825,2,2,4,0,0,8
2444.6767090640496,4,71.75,826,2,2,4,0,0,8
2445.690375943028,4,51.25,826,1,3,4,0,0,8
2446.7036911690375,4,48.25,828,0,2,6,0,0,8
2447.715911080013,4,70.75,829,0,1,5,0,2,8
2448.729722052056,4,60.25,830,4,0,4,0,0,8
2449.741795859998,4,60.0,831,0,3,4,0,1,8
2450.7541747130454,4,0.0,831,1,3,4,0,0,8
2451.7677454370423,4,47.25,835,1,2,4,1,0,8
2452.779387906019,4,70.5,838,1,2,3,2,0,8
2453.791206376045,4,69.25,838,1,2,3,2,0,8
2454.801641984028,4,70.0,839,1,2,3,2,0,8
2455.8183157120366,4,69.75,842,1,2,2,3,0,8
2456.8315806570463,4,23.5,842,1,2,0,5,0,8
2457.8456327280146,4,0.0,843,1,2,0,5,0,8
2458.8594935810543,4,0.0,846,1,2,0,5,0,8
2459.872336956032,4,0.0,848,1,2,0,5,0,8
2460.885845163022,4,0.0,849,1,2,0,5,0,8
2461.8963911000174,4,0.0,850,1,2,0,5,0,8
2462.909737220034,4,0.0,853,1,2,0,5,0,8
2463.9231257670326,4,0.0,854,1,2,0,5,0,8
2464.9367904500104,4,0.0,854,1,2,0,5,0,8
2465.95006237505,4,0.0,854,1,2,0,5,0,8
2466.963477967016,4,0.0,856,1,2,0,5,0,8
2467.977313699026,4,0.0,856,1,2,0,5,0,8
2468.99077430903,4,9.25,855,3,2,1,0,2,8
2470.0048336090404,4,23.25,855,5,2,1,0,0,8
2471.0180392020266,4,0.0,855,0,5,3,0,0,8
2472.0315051020007,4,46.75,855,0,4,4,0,0,8
2473.045020413003,4,47.25,855,0,2,6,0,0,8
2474.0589501910144,4,94.75,856,0,2,6,0,0,8
2475.0724024120136,4,71.0,857,0,1,7,0,0,8
2476.080406370049,4,93.5,857,3,1,4,0,0,8
2477.0920501490473,4,9.75,858,1,2,5,0,0,8
2478.1054570290144,4,95.25,858,0,3,5,0,0,8
2479.1198033690453,4,72.25,858,0,2,5,0,1,8
2480.134311358037,4,46.25,858,1,1,3,1,2,8
2481.1480207260465,4,47.0,855,2,2,4,0,0,8
2482.1622412280412,4,65.0,857,1,1,6,0,0,8
2483.1734135360457,4,70.5,857,0,0,6,2,0,8
2484.1842311330256,4,93.25,860,0,0,4,4,0,8
2485.1980753140524,4,65.5,856,5,0,3,0,0,8
2486.209817986004,4,25.0,857,0,4,4,0,0,8
2487.223168878001,4,40.75,859,1,3,4,0,0,8
2488.2372684060247,4,27.25,859,1,0,7,0,0,8
2489.2508189870277,4,72.0,859,0,1,4,1,2,8
2490.264250727021,4,53.0,858,1,0,4,2,1,8
2491.2783138200175,4,69.25,855,6,0,2,0,0,8
2492.289760364045,4,23.5,855,4,2,1,1,0,8
2493.3032141220174,4,25.0,856,2,4,1,0,1,8
2494.3168523550266,4,24.0,856,1,4,2,0,1,8
2495.3307717860444,4,65.75,858,2,2,4,0,0,8
2496.3443881630083,4,44.5,859,1,1,5,1,0,8
2497.358485605044,4,33.0,859,1,1,5,0,1,8
2498.3732690650504,4,76.0,861,1,1,6,0,0,8
2499.385688926035,4,46.75,859,3,1,3,0,1,8
2500.3986386870383,4,35.75,859,2,2,1,2,1,8
2501.4118668770534,4,10.5,858,2,2,2,0,2,8
2502.423047707998,4,23.5,860,2,2,2,0,1,7
2503.436852100014,4,2.25,859,1,2,4,0,0,7
2504.450615183043,4,46.75,858,3,2,3,0,0,8
2505.464159665047,4,70.25,859,3,0,5,0,0,8
2506.4776783310226,4,94.5,860,3,0,5,0,0,8
2507.489442816004,4,57.75,862,0,2,5,1,0,8
2508.5038210690254,4,23.25,862,0,1,7,0,0,8
2509.517667503038,4,71.0,863,0,0,6,0,2,8
2510.5317008410348,4,55.25,861,4,0,4,0,0,8
2511.5455214310205,4,68.0,861,1,3,3,0,1,8
2512.559559959045,4,23.75,863,1,2,4,0,1,8
2513.573537103017,4,93.25,861,1,3,4,0,0,8
2514.5872940970003,4,23.5,863,1,3,4,0,0,8
2515.5997663950548,4,29.25,864,1,2,4,0,1,8
2516.6119595160126,4,48.5,866,0,2,6,0,0,8
2517.6258360680076,4,92.25,865,1,1,6,0,0,8
2518.6406633330043,4,47.5,865,1,0,5,2,0,8
2519.6547461050213,4,46.5,863,2,1,2,0,3,8
2520.6685199150234,4,46.25,860,6,1,1,0,0,8
2521.6826546050142,4,23.5,860,2,4,2,0,0,8
2522.7043167290394,4,6.75,860,1,2,5,0,0,8
2523.7167798849987,4,71.0,861,1,3,4,0,0,8
2524.7287633150117,4,47.0,862,1,3,4,0,0,8
2525.749681252055,4,71.25,863,1,3,2,2,0,8
2526.7613192610443,4,23.0,864,1,3,1,3,0,8
2527.774336163013,4,23.25,864,1,3,0,4,0,8
2528.7878398410394,4,0.0,864,1,3,0,4,0,8
2529.801501588023,4,0.0,865,1,3,0,4,0,8
2530.8142283160123,4,0.0,866,1,3,0,4,0,8
2531.827317649033,4,0.0,867,1,3,0,4,0,8
2532.8404170720023,4,0.0,868,1,3,0,4,0,8
2533.853306031029,4,0.0,868,1,3,0,4,0,8
2534.8664972000406,4,0.0,869,1,3,0,4,0,8
2535.879153653048,4,0.0,870,1,3,0,4,0,8
2536.8931508480455,4,0.0,871,1,3,0,4,0,8
2537.9062111660023,4,0.0,872,1,3,0,4,0,8
2538.9199638620485,4,0.0,872,1,3,0,4,0,8
2539.929036520014,4,0.0,872,1,3,0,4,0,8
2540.947075601027,4,0.0,871,2,3,0,0,3,8
2541.959694174002,4,0.0,868,4,3,1,0,0,8
2542.9732572330395,4,1.0,868,4,3,1,0,0,8
2543.9873438090435,4,23.0,868,1,3,4,0,0,8
2544.9994345880114,4,71.5,869,1,2,5,0,0,8
2546.0137502670405,4,1.0,869,1,1,5,0,1,8
2547.0255050630076,4,86.25,870,1,1,4,0,2,8
2548.0397247570218,4,33.0,869,2,2,3,0,1,8
2549.053339408012,4,23.5,867,4,2,2,0,0,8
2550.0664237560122,4,23.25,867,5,0,3,0,0,8
2551.077621405013,4,70.0,867,0,2,6,0,0,8
2552.091506925004,4,46.25,867,1,1,6,0,0,8
2553.1051716020447,4,23.25,869,0,0,7,0,1,8
2554.119384487043,4,71.25,870,1,0,6,1,0,8
2555.1331260630395,4,70.5,871,1,0,4,2,1,8
2556.146923583001,4,57.5,870,2,0,3,1,2,8
2557.1609005290084,4,47.5,868,3,1,2,1,1,8
2558.174537043029,4,22.25,866,2,2,4,0,0,8
2559.1882657910464,4,24.5,868,2,2,4,0,0,8
2560.2016838320415,4,47.0,867,2,1,5,0,0,8
2561.215842541016,4,42.25,866,2,2,4,0,0,8
2562.229746732046,4,37.0,868,1,1,6,0,0,8
2563.2439619840006,4,71.25,868,1,2,5,0,0,8
2564.258037956024,4,87.5,866,4,1,2,0,1,8
2565.271684351028,4,25.0,866,0,5,2,1,0,8
2566.2855673190206,4,24.0,864,2,4,2,0,0,8
2567.2992169170175,4,69.0,863,1,3,4,0,0,8
2568.313437012024,4,48.5,865,1,1,6,0,0,8
2569.327397965011,4,58.25,867,1,1,6,0,0,8
2570.3410225789994,4,27.5,867,1,1,6,0,0,8
2571.3547376050265,4,56.5,866,1,1,6,0,0,8
2572.3675246750354,4,58.25,871,1,0,6,0,1,8
2573.3813138360274,4,71.25,873,2,0,4,0,2,8
2574.394801434013,4,47.25,878,4,0,3,0,1,8
2575.4087685330305,4,0.0,879,2,4,2,0,0,8
2576.4223809340037,4,23.25,881,1,3,4,0,0,8
2577.4362603310146,4,61.5,883,0,2,4,2,0,8
2578.45080024004,4,46.25,883,2,1,4,1,0,8
2579.4644373520277,4,46.75,885,1,3,4,0,0,8
2580.476363158028,4,5.75,884,1,0,6,1,0,8
2581.4883598150336,4,30.75,886,1,1,5,1,0,8
2582.501771586016,4,23.25,885,1,2,5,0,0,8
2583.5139383300557,4,48.25,884,0,1,7,0,0,8
2584.5264006760553,4,40.75,880,4,0,3,0,1,8
2585.5400724930223,4,45.25,881,1,3,4,0,0,8
2586.5536712480243,4,29.0,883,0,2,5,0,1,8
2587.5673102069995,4,15.0,882,2,0,5,1,0,8
2588.5791754470556,4,23.25,881,1,3,4,0,0,8
2589.5924803160015,4,24.5,884,0,2,6,0,0,8
2590.6043681310257,4,70.5,885,1,0,7,0,0,8
2591.6182846010197,4,96.0,884,1,1,6,0,0,8
2592.6323857800453,4,79.5,884,0,1,7,0,0,8
2593.643365847005,4,28.0,884,1,0,5,0,2,8
2594.656873874017,4,73.75,883,2,1,4,1,0,8
2595.6703577330336,4,11.5,881,4,2,2,0,0,8
2596.6846522820415,4,37.0,883,0,3,5,0,0,8
2597.6983766950434,4,68.25,885,0,1,7,0,0,8
2598.7097176130046,4,71.5,886,0,0,8,0,0,8
2599.723324223014,4,70.0,887,0,0,6,0,2,8
2600.7373685350176,4,56.5,887,1,1,5,0,1,8
2601.7518393370556,4,4.75,888,2,1,5,0,0,8
2602.7657966060215,4,39.25,889,0,2,5,0,1,8
2603.782004266046,4,46.25,890,0,2,4,1,1,8
2604.7931726350216,4,70.25,893,0,2,2,3,1,8
2605.8079589550034,4,47.0,894,0,2,2,3,1,8
2606.8305115340045,4,46.75,895,0,2,2,3,1,8
2607.844353299006,4,47.5,899,0,2,2,3,1,8
2608.858266159019,4,47.0,899,0,2,2,3,1,8
2609.871870425006,4,23.5,899,0,2,0,5,1,8
2610.8856817280175,4,0.0,899,0,2,0,5,1,8
2611.898845696007,4,0.0,901,0,2,0,5,1,8
2612.9131458930206,4,0.0,901,0,2,0,5,1,8
2613.926637830038,4,0.0,904,0,2,0,5,1,8
2614.9430433940142,4,0.0,905,0,2,0,5,1,8
2615.9568339630496,4,0.0,905,0,2,0,5,1,8
2616.9713395650033,4,0.0,905,0,2,0,5,1,8
2617.9852405850543,4,0.0,905,0,2,0,5,1,8
2618.9993171740207,4,0.0,906,0,2,0,5,1,8
2620.0126241180114,4,0.0,907,0,2,0,5,1,8
2621.026066593011,4,0.0,909,0,2,0,5,1,8
2622.039192226017,4,0.0,910,0,2,0,5,1,8
2623.052437178034,4,0.0,911,0,2,0,5,1,8
2624.0653792410158,4,0.0,911,0,2,0,5,1,8
2625.0785112620215,4,0.0,911,0,2,0,5,1,8
2626.0925875260145,4,0.0,911,0,1,1,0,5,7
2627.106629916001,4,23.5,909,4,1,1,0,2,8
2628.121253292018,4,52.75,908,6,0,2,0,0,8
2629.136365784041,4,23.5,908,3,2,2,1,0,8
2630.151733891049,4,0.0,909,1,4,1,0,2,8
2631.1654310710146,4,20.0,909,1,3,3,0,1,8
2632.1776236300357,4,70.75,908,0,2,6,0,0,8
2633.191428620019,4,71.0,909,0,1,4,2,1,8
2634.2055858060485,4,30.25,908,3,0,4,1,0,8
2635.2194838910364,4,70.25,909,0,3,4,0,1,8
2636.2333324920037,4,46.5,907,2,2,4,0,0,8
2637.247384813032,4,25.75,907,0,2,6,0,0,8
2638.2612017130014,4,48.75,907,1,1,6,0,0,8
2639.27252564003,4,27.5,907,1,1,6,0,0,8
2640.28624447505,4,87.25,907,0,1,6,1,0,8
2641.298170580005,4,60.75,906,1,0,6,0,1,8
2642.3110679390375,4,78.5,905,0,0,7,0,1,8
2643.3228569600033,4,85.0,905,1,0,7,0,0,8
2644.336056348053,4,60.0,903,2,0,6,0,0,8
2645.3480053320527,4,47.75,903,1,1,6,0,0,8
2646.3607790510287,4,0.0,904,1,2,5,0,0,8
2647.3719061260344,4,62.75,903,1,2,5,0,0,8
2648.384358426032,4,44.75,902,1,2,4,1,0,8
2649.3980279140524,4,22.5,901,1,2,5,0,0,8
2650.4105180280167,4,19.0,902,1,3,3,1,0,8
2651.4229891680297,4,23.25,898,4,3,1,0,0,8
2652.4354366300395,4,68.5,899,0,3,5,0,0,8
2653.4485223520314,4,63.0,899,0,0,6,2,0,8
2654.459728579037,4,60.25,896,3,0,4,1,0,8
2655.4723427820136,4,36.25,895,4,1,3,0,0,8
2656.4844633780303,4,23.0,897,3,3,1,0,1,8
2657.4997812770307,4,2.5,898,1,4,2,1,0,8
2658.512988243019,4,47.25,896,2,3,3,0,0,8
2659.526844732056,4,38.0,896,0,3,5,0,0,8
2660.540763704048,4,94.75,896,0,3,4,1,0,8
2661.5544160710415,4,24.0,895,2,2,4,0,0,8
2662.5762235310394,4,17.75,895,2,3,3,0,0,8
2663.59591268003,4,46.25,896,1,4,1,1,1,8
2664.6102984150057,4,43.75,896,2,2,3,1,0,8
2665.6237088970374,4,45.5,895,1,2,4,0,1,8
2666.6378593950067,4,48.75,895,0,2,4,1,1,8
2667.6515589800547,4,33.0,895,3,2,3,0,0,8
2668.665167236002,4,30.25,896,0,5,2,1,0,8
2669.679378855042,4,29.0,897,1,2,4,1,0,8
2670.690209597,4,36.0,896,2,2,3,1,0,8
2671.7043238280457,4,22.25,896,2,4,1,1,0,8
2672.717567657004,4,0.0,897,2,4,2,0,0,8
2673.73157530505,4,23.5,897,0,4,4,0,0,8
2674.74754917901,4,42.5,897,0,2,6,0,0,8
2675.761300233018,4,62.0,893,4,2,2,0,0,8
2676.7724835210247,4,62.75,894,3,1,4,0,0,8
2677.786559951026,4,67.0,894,1,3,3,0,1,8
2678.8004600170534,4,12.25,898,2,2,4,0,0,8
2679.8140452770167,4,73.0,900,1,1,5,1,0,8
2680.8282607970177,4,62.5,901,1,1,5,1,0,8
2681.8419180590427,4,0.0,898,2,2,4,0,0,8
2682.853717802034,4,46.5,898,0,4,4,0,0,8
2683.867169591016,4,44.0,898,1,3,2,2,0,8
2684.878636131005,4,79.5,901,1,4,3,0,0,8
2685.8924800690147,4,46.5,905,0,2,6,0,0,8
2686.9037223440246,4,93.75,908,0,2,5,0,1,8
2687.913745245023,4,47.5,909,2,0,6,0,0,8
2688.9281477940385,4,70.25,911,1,2,5,0,0,8
2689.9418030320085,4,41.75,914,1,0,5,1,1,8
2690.9559779960546,4,49.0,918,2,0,5,0,1,8
2691.9697696390213,4,47.25,920,1,1,2,2,1,7
2692.9841832680395,4,23.5,917,5,2,0,1,0,8
2693.998268606025,4,0.0,922,1,4,2,1,0,8
2695.008934431011,4,46.75,927,1,4,2,1,0,8
2696.020419887034,4,47.0,930,1,4,0,3,0,8
2697.033621501003,4,19.25,931,1,4,0,3,0,8
2698.0466119050398,4,0.0,934,1,4,0,3,0,8
2699.0593508450547,4,0.0,934,1,4,0,3,0,8
2700.072339280043,4,0.0,934,1,4,0,3,0,8
2701.085761532013,4,0.0,934,1,4,0,3,0,8
2702.0999151880387,4,0.0,935,1,4,0,3,0,8
2703.113656424044,4,0.0,936,1,4,0,3,0,8
2704.1276707020006,4,0.0,936,1,4,0,3,0,8
2705.140987628023,4,0.0,936,1,4,0,3,0,8
2706.1540671230177,4,0.0,936,1,4,0,3,0,8
2707.167349645053,4,0.0,937,1,4,0,3,0,8
2708.180604825029,4,0.0,939,1,4,0,3,0,8
2709.1941799750202,4,0.0,939,1,4,0,3,0,8
2710.2073439130327,4,0.0,941,1,4,0,3,0,8
2711.219351280015,4,0.0,941,1,4,0,3,0,8
2712.2336852490553,4,0.0,942,1,4,0,3,0,8
2713.2472257970367,4,0.0,943,0,5,0,0,3,8
2714.261075275019,4,0.0,940,3,3,2,0,0,8
2715.273924070003,4,58.5,940,0,3,5,0,0,8
2716.2850488890545,4,69.25,942,0,2,6,0,0,8
2717.2973910390283,4,70.5,943,0,1,6,1,0,8
2718.310209827032,4,42.0,942,1,1,6,0,0,8
2719.321745000023,4,53.0,941,2,1,4,0,1,8
2720.3331799940206,4,47.0,941,3,1,3,1,0,8
2721.346426208038,4,48.0,941,2,1,3,0,2,8
2722.3596803670516,4,47.75,942,2,0,4,0,2,8
2723.3736510720337,4,47.0,942,2,2,3,0,1,8
2724.3877178539988,4,17.5,941,3,2,0,0,3,8
2725.4012840130017,4,19.75,938,2,6,0,0,0,8
2726.4135332500446,4,72.25,938,2,2,4,0,0,8
2727.420591765025,4,47.25,938,0,4,3,0,1,8
2728.4341666990076,4,49.0,937,1,1,6,0,0,8
2729.448181674001,4,47.0,937,1,1,5,1,0,8
2730.4635407210444,4,70.25,939,1,1,2,4,0,8
2731.477421219053,4,0.0,937,5,1,1,0,1,8
2732.491622975038,4,0.0,936,6,1,1,0,0,8
2733.505477034021,4,24.0,937,6,0,2,0,0,8
2734.518606266007,4,23.25,937,5,1,2,0,0,8
2735.532851709053,4,0.0,936,1,6,1,0,0,8
2736.5441621950013,4,0.0,936,0,5,3,0,0,8
2737.5578780600335,4,47.75,937,0,3,4,0,1,8
2738.571653654042,4,2.25,937,1,2,5,0,0,8
2739.585879153048,4,51.0,937,0,1,7,0,0,8
2740.5995317150373,4,7.5,937,1,0,7,0,0,8
2741.613546390028,4,88.75,940,1,0,4,3,0,8
2742.6272811510134,4,22.75,937,4,1,3,0,0,8
2743.641321404022,4,23.25,937,1,4,2,0,1,8
2744.6552305030054,4,22.5,935,2,2,4,0,0,8
2745.6688140440383,4,72.25,935,0,0,8,0,0,8
2746.683148257027,4,94.25,935,0,0,5,1,2,8
2747.696462971042,4,62.75,934,1,0,2,3,1,7
2748.710741609044,4,0.0,929,5,1,2,0,0,8
2749.7243940629996,4,23.5,931,1,2,4,0,1,8
2750.7385427210247,4,22.5,930,2,3,2,1,0,8
2751.749525409017,4,23.0,930,2,2,2,0,2,8
2752.76367492805,4,46.75,929,4,1,3,0,0,8
2753.777356849052,4,15.75,932,0,3,5,0,0,8
2754.790960354032,4,60.5,933,0,2,6,0,0,8
2755.805235044041,4,47.0,931,2,2,3,0,1,8
2756.817397074017,4,0.0,929,1,3,3,0,1,8
2757.8315654580365,4,25.0,931,0,3,3,1,0,7
2758.8454452080186,4,70.25,933,1,3,3,0,1,8
2759.8583855490433,4,67.25,932,2,3,2,0,1,8
2760.8723578240024,4,62.0,933,3,0,3,2,0,8
2761.8863623810466,4,1.25,931,2,3,3,0,0,8
2762.900214423018,4,23.5,930,1,3,2,1,1,8
2763.9138401600067,4,7.5,928,3,2,3,0,0,8
2764.9280452600215,4,45.5,928,3,2,2,0,1,8
2765.9419221860007,4,3.25,928,1,4,3,0,0,8
2766.9532948110136,4,69.25,928,1,2,2,1,2,8
2767.9672442550072,4,25.0,926,3,2,3,0,0,8
2768.981623443018,4,5.5,927,3,2,3,0,0,8
2769.9958085120306,4,0.0,928,1,2,4,1,0,8
2771.007820455008,4,23.5,927,1,3,3,0,1,8
2772.0220422230195,4,22.25,925,2,3,3,0,0,8
2773.035377911001,4,45.0,927,2,2,3,1,0,8
2774.047427091049,4,47.0,927,2,2,3,1,0,8
2775.060804051056,4,46.5,927,2,2,1,3,0,8
2776.074374784017,4,23.5,928,2,2,1,3,0,8
2777.0871664500446,4,0.0,929,2,2,0,4,0,8
2778.1003320169984,4,0.0,929,2,2,0,4,0,8
2779.1134275370277,4,0.0,930,2,2,0,4,0,8
2780.1264530110057,4,0.0,930,2,2,0,4,0,8
2781.139524330036,4,0.0,931,2,2,0,4,0,8
2782.150402338011,4,0.0,933,2,2,0,4,0,8
2783.1635184310144,4,0.0,934,2,2,0,4,0,8
2784.1801642340142,4,0.0,936,2,2,0,4,0,8
2785.198596930015,4,0.0,936,2,2,0,4,0,8
2786.211995210033,4,0.0,937,2,2,0,4,0,8
2787.2254993070383,4,0.0,938,2,2,0,4,0,8
2788.2392566110357,4,0.0,941,2,2,0,4,0,8
2789.2525706310407,4,0.0,943,2,2,0,4,0,8
2790.2651261450374,4,0.0,944,2,2,0,4,0,8
2791.279322098999,4,0.0,945,1,2,1,0,4,8
2792.292841858056,4,0.0,945,1,2,0,1,4,8
2793.3046707760077,4,0.0,945,4,2,1,0,1,8
2794.316744927026,4,0.0,948,4,2,1,0,1,8
2795.3265024570283,4,0.0,948,5,2,0,1,0,8
2796.3404140050407,4,0.0,950,5,1,0,1,1,8
2797.354214217048,4,8.75,949,4,2,2,0,0,8
2798.367862830055,4,23.25,952,0,4,2,0,2,8
2799.38197685004,4,23.75,952,0,4,1,0,3,8
2800.3946540790494,4,23.5,950,3,2,3,0,0,8
2801.4087790050544,4,44.0,950,0,1,5,0,2,8
2802.422630820016,4,60.25,948,3,1,4,0,0,8
2803.4375754270004,4,10.25,950,4,1,2,1,0,8
2804.451857230044,4,44.5,951,3,2,2,0,1,8
2805.4653462270508,4,14.5,951,3,2,3,0,0,8
2806.4792293110513,4,29.0,951,2,3,3,0,0,8
2807.4949439950287,4,23.0,954,0,4,3,0,1,8
2808.508798112045,4,23.5,954,1,4,2,0,1,8
2809.5225921170204,4,21.5,954,1,2,5,0,0,8
2810.5365975230234,4,54.25,955,1,1,6,0,0,8
2811.55036759004,4,35.5,957,0,0,5,3,0,8
2812.5643176580197,4,70.25,957,0,0,4,1,3,8
2813.5781215490424,4,46.25,952,7,0,1,0,0,8
2814.5922921930323,4,23.5,952,5,2,1,0,0,8
2815.606035982026,4,73.25,953,1,1,6,0,0,8
2816.619547406037,4,26.0,952,0,2,6,0,0,8
2817.632401296054,4,71.5,955,0,0,7,1,0,8
2818.6460662690224,4,36.5,956,1,0,6,1,0,8
2819.659547272022,4,70.25,956,1,0,3,3,1,8
2820.6730753550073,4,47.25,951,5,1,2,0,0,8
2821.68450385303,4,23.75,950,2,2,4,0,0,8
2822.698275082046,4,72.75,950,0,2,6,0,0,8
2823.712218915054,4,70.0,950,0,2,6,0,0,8
2824.7233526070486,4,44.25,949,1,0,6,0,1,8
2825.733550609031,4,54.25,948,2,0,4,2,0,8
2826.7461360860034,4,46.75,945,3,2,2,0,1,8
2827.759747696051,4,23.25,945,4,1,2,1,0,8
2828.773532592051,4,24.25,945,1,4,3,0,0,8
2829.787512996001,4,13.75,946,1,0,7,0,0,8
2830.801214686013,4,94.75,944,3,0,4,1,0,8
2831.812515811005,4,9.0,944,2,1,4,1,0,8
2832.826349856041,4,71.5,943,2,1,4,0,1,8
2833.8398779500276,4,12.5,943,1,1,4,1,1,8
2834.8538283900125,4,47.5,944,1,2,2,0,3,8
2835.8679567270447,4,33.5,943,2,3,3,0,0,8
2836.881987638015,4,36.0,944,1,2,4,0,1,8
2837.895893646055,4,67.75,944,1,0,6,0,1,8
2838.9064150680206,4,42.75,943,2,0,4,0,2,8
2839.9204612940084,4,47.0,941,3,1,3,0,1,8
2840.9339227279997,4,5.75,943,2,2,1,0,3,8
2841.9478975870297,4,23.75,944,3,2,1,0,2,8
2842.96196445002,4,0.0,944,4,1,3,0,0,8
2843.9759171480546,4,37.25,943,1,2,5,0,0,8
2844.988379266055,4,34.0,944,1,1,5,1,0,8
2846.00254385703,4,94.0,944,1,0,5,1,1,8
2847.0164641190204,4,23.5,939,5,1,0,2,0,8
2848.0303909840295,4,25.0,939,1,4,2,0,0,7
2849.0439569000155,4,24.5,939,1,4,2,0,1,8
2850.0580767400097,4,12.0,939,2,3,2,0,1,8
2851.0724532690365,4,19.0,937,2,3,3,0,0,8
2852.079630014021,4,34.75,939,0,4,2,1,1,8
2853.091466885002,4,23.5,940,0,3,3,0,2,8
2854.105270708038,4,23.25,938,2,2,4,0,0,8
2855.119291615032,4,34.0,938,3,1,4,0,0,8
2856.1332156280405,4,28.0,937,4,0,3,0,1,8
2857.1472960570245,4,55.75,936,2,1,4,1,0,8
2858.158876891015,4,71.5,936,0,2,3,1,2,8
2859.1725415110122,4,19.75,932,4,1,2,0,1,8
2860.1862123750034,4,15.75,933,4,1,1,1,1,8
2861.1994290650473,4,24.0,935,4,1,1,1,1,8
2862.213596465008,4,23.5,936,4,1,0,2,1,8
2863.226350951998,4,0.0,937,4,1,0,2,1,8
2864.23286162602,4,0.0,937,4,1,0,2,1,8
2865.246332772018,4,0.0,937,4,1,0,2,1,8
2866.2594440490357,4,0.0,938,4,1,0,2,1,8
2867.2732832430047,4,0.0,939,4,1,0,2,1,8
2868.286374781048,4,0.0,940,4,1,0,2,1,8
2869.2996835270314,4,0.0,943,4,1,0,2,1,8
2870.312992627034,4,0.0,943,4,1,0,2,1,8
2871.32643325103,4,0.0,943,4,1,0,2,1,8
2872.3393952440238,4,0.0,943,4,1,0,2,1,8
2873.352555045043,4,0.0,943,4,1,0,2,1,8
2874.3652037620195,4,0.0,944,4,1,0,2,1,8
2875.378633696004,4,0.0,945,4,1,0,2,1,8
2876.391912359046,4,0.0,946,4,1,0,2,1,8
2877.4050392740173,4,0.0,948,4,1,0,2,1,8
2878.417965360044,4,0.0,948,4,1,0,2,1,8
2879.4317513450515,4,22.25,948,3,2,0,0,3,8
2880.445864207053,4,0.0,946,2,2,2,0,2,8
2881.4596047860105,4,39.75,945,2,3,1,1,1,8
2882.473296174023,4,31.25,946,2,2,2,0,2,8
2883.4869576200144,4,47.25,949,2,2,2,0,2,8
2884.5007204100257,4,47.75,947,2,2,3,1,0,8
2885.5170726120123,4,1.5,947,2,2,1,0,3,8
2886.5295561930398,4,18.25,945,3,2,3,0,0,8
2887.5436416800367,4,0.75,945,1,3,4,0,0,8
2888.5578069340554,4,62.0,946,0,4,4,0,0,8
2889.571158740029,4,47.5,948,0,4,2,2,0,8
2890.5836266530096,4,47.75,946,2,2,3,0,1,8
2891.5976470860187,4,44.0,945,0,5,3,0,0,8
2892.6118667900446,4,28.0,947,0,2,5,0,0,7
2893.626766394009,4,71.75,947,1,2,5,0,0,8
2894.638860781037,4,48.25,946,2,2,3,0,1,8
2895.6519566070056,4,24.5,948,2,2,2,1,1,8
2896.663993538008,4,23.25,947,2,3,2,0,1,8
2897.67767259205,4,24.0,947,2,1,3,1,1,8
2898.689783678041,4,47.25,946,1,2,4,0,1,8
2899.7013459000154,4,84.25,946,1,1,4,1,0,7
2900.7136930910056,4,37.5,945,3,0,5,0,0,8
2901.7268597390503,4,69.0,945,2,1,2,3,0,8
2902.7393136559986,4,46.25,945,1,3,2,0,2,8
2903.7527589840465,4,0.0,945,3,3,2,0,0,8
2904.765336292039,4,47.25,944,2,2,4,0,0,8
2905.778552815027,4,0.0,944,1,3,4,0,0,8
2906.8157617280376,4,95.25,944,0,2,6,0,0,8
2907.831199029053,4,32.75,944,0,2,6,0,0,8
2908.842622468015,4,85.25,944,0,2,3,3,0,8
2909.8565227120416,4,23.5,940,4,0,4,0,0,8
2910.8705177790252,4,23.25,941,0,0,8,0,0,8
2911.881267538003,4,96.0,940,2,0,5,1,0,8
2912.8955294090556,4,24.5,940,2,0,4,2,0,8
2913.908380428038,4,93.5,941,2,0,1,0,5,8
2914.9227789040306,4,0.0,935,6,2,0,0,0,8
2915.9365581260063,4,0.0,935,1,5,2,0,0,8
2916.950162594032,4,38.75,935,0,3,5,0,0,8
2917.9631182050216,4,79.0,933,2,1,5,0,0,8
2918.9767179890187,4,42.0,933,1,1,6,0,0,8
2919.9921810420346,4,94.75,934,0,2,5,1,0,8
2921.004563061055,4,70.5,933,2,2,4,0,0,8
2922.021212098014,4,34.75,932,0,3,4,1,0,8
2923.0338582730037,4,71.5,931,2,3,3,0,0,8
2924.046653645055,4,24.5,932,2,2,2,2,0,8
2925.059281204012,4,23.5,932,3,1,3,0,1,8
2926.0745224940474,4,4.0,931,3,2,1,0,2,8
2927.087102533027,4,0.0,929,3,2,3,0,0,8
2928.100407196034,4,45.25,930,2,2,2,2,0,8
2929.1137190320296,4,23.5,930,2,2,1,2,1,8
2930.131214862049,4,23.25,928,2,4,1,0,1,8
2931.1430002390407,4,29.75,927,1,3,3,1,0,8
2932.1568464310258,4,36.0,928,1,3,2,2,0,8
2933.1704869079986,4,47.0,928,1,3,2,0,2,8
2934.1817734350334,4,68.0,927,1,2,4,1,0,8
2935.1951988690416,4,70.0,927,1,2,5,0,0,8
2936.2054193030344,4,64.5,927,0,2,6,0,0,8
2937.218950645998,4,70.0,927,0,2,4,1,1,8
2938.2312783230445,4,23.75,925,4,1,3,0,0,8
2939.245402089029,4,5.5,925,0,2,5,0,1,8
2940.2588639250025,4,59.75,927,1,1,6,0,0,8
2941.272563964012,4,70.75,926,1,0,7,0,0,8
2942.2863407290424,4,43.75,925,1,1,6,0,0,8
2943.30003851105,4,71.0,925,0,2,4,1,0,7
2944.31363519805,4,71.75,925,0,2,2,3,0,7
2945.326646375004,4,23.25,926,0,2,1,4,0,7
2946.338698687032,4,23.5,927,0,2,1,4,0,7
2947.351730747032,4,23.5,928,0,2,0,5,0,7
2948.3595902509987,4,0.0,930,0,2,0,5,0,7
2949.3731146260398,4,0.0,930,0,2,0,5,0,7
2950.3864294860396,4,0.0,932,0,2,0,5,0,7
2951.400373346056,4,0.0,932,0,2,0,5,0,7
2952.4137898040353,4,0.0,932,0,2,0,5,0,7
2953.427186528046,4,0.0,932,0,2,0,5,0,7
2954.4403481650515,4,0.0,932,0,2,0,5,0,7
2955.453487964056,4,0.0,933,0,2,0,5,0,7
2956.466552495025,4,0.0,934,0,2,0,5,0,7
2957.4795282170526,4,0.0,936,0,2,0,5,0,7
2958.4922780810157,4,0.0,938,0,2,0,5,0,7
2959.5052100570174,4,0.0,940,0,2,0,5,0,7
2960.5182637880207,4,0.0,940,0,2,0,5,0,7
2961.531068111013,4,0.0,941,0,2,0,5,0,7
2962.545028487046,4,0.0,940,1,2,0,0,5,8
2963.558163531008,4,0.0,943,1,2,0,0,5,8
2964.571324110031,4,15.5,945,1,1,1,0,5,8
2965.585167243029,4,6.5,944,6,1,1,0,0,8
2966.5993558430346,4,47.25,945,5,1,2,0,0,8
2967.612875323044,4,23.25,948,5,1,1,1,0,8
2968.627137863019,4,1.25,946,5,3,0,0,0,8
2969.6408343940275,4,0.0,946,2,4,1,0,1,8
2970.654939224012,4,0.0,946,3,4,1,0,0,8
2971.667905757029,4,0.0,945,1,4,2,1,0,8
2972.682469410007,4,14.75,948,1,3,2,1,1,8
2973.6966430200264,4,8.5,949,2,0,6,0,0,8
2974.7103139969986,4,14.25,951,0,1,6,1,0,8
2975.7238952970365,4,45.5,953,2,1,4,1,0,8
2976.737119571015,4,38.25,953,1,1,5,0,1,8
2977.750858958054,4,70.5,953,1,2,4,0,1,8
2978.765075754025,4,46.75,952,2,1,3,0,2,8
2979.7790427580476,4,70.25,950,1,2,5,0,0,8
2980.787451875047,4,28.25,950,1,3,3,0,1,8
2981.8010576130473,4,23.5,951,2,1,4,1,0,8
2982.815392182034,4,13.25,949,2,3,3,0,0,8
2983.8293900980498,4,70.5,950,0,5,3,0,0,8
2984.8434122850304,4,60.0,952,0,1,7,0,0,8
2985.857151127013,4,24.0,950,2,0,6,0,0,8
2986.870972380042,4,7.5,950,0,2,5,1,0,8
2987.8849464440136,4,31.75,950,0,2,4,1,1,8
2988.899022980011,4,72.0,948,3,1,3,0,1,8
2989.913382673054,4,48.25,948,1,3,4,0,0,8
2990.9270495560486,4,40.75,948,1,2,5,0,0,8
2991.9407589780167,4,46.5,949,0,0,7,0,1,8
2992.9521237190347,4,51.0,948,0,1,7,0,0,8
2993.966047809052,4,30.5,949,0,0,7,1,0,8
2994.9779641510104,4,71.25,948,2,0,4,0,2,8
2995.990392830048,4,30.0,947,2,2,4,0,0,8
2997.004051692027,4,95.25,947,0,1,7,0,0,8
2998.016425652022,4,50.5,948,0,0,8,0,0,8
2999.029831984022,4,46.0,946,2,0,5,1,0,8
3000.0411802490125,4,31.75,944,2,2,4,0,0,8
3001.05259960104,4,47.75,943,1,2,4,0,1,8
3002.0670415430213,4,43.25,942,2,2,4,0,0,8
3003.0798280740273,4,69.75,942,1,2,5,0,0,8
3004.0915926500456,4,24.25,945,0,1,6,0,1,8
3005.1063311820035,4,29.5,943,1,0,7,0,0,8
3006.1202261170256,4,43.75,943,2,0,6,0,0,8
3007.1320129270316,4,93.75,946,1,1,5,1,0,8
3008.1459288879996,4,44.5,946,2,2,3,0,1,8
3009.1600099750212,4,22.0,947,1,2,4,0,1,8
3010.173476875003,4,57.75,946,0,3,4,0,1,8
3011.1877075760276,4,43.25,945,0,3,5,0,0,8
3012.201128487999,4,94.5,945,0,2,5,0,1,8
3013.214869880001,4,63.0,950,1,2,2,0,3,8
3014.2285810220055,4,23.0,950,3,3,2,0,0,8
3015.2398728050175,4,0.0,949,1,5,2,0,0,8
3016.252121582045,4,21.75,949,2,4,2,0,0,8
3017.265930447029,4,0.0,948,1,2,5,0,0,8
3018.2788624020177,4,45.0,948,1,0,6,1,0,8
3019.292328394018,4,68.25,944,5,0,2,0,1,8
3020.3058257310186,4,23.25,943,0,4,1,1,2,8
3021.3196653560153,4,0.0,939,4,3,1,0,0,8
3022.334070161043,4,44.5,940,0,4,4,0,0,8
3023.347917660023,4,23.25,941,0,2,5,0,1,8
3024.3634493230493,4,24.0,942,2,1,5,0,0,8
3025.3775891990517,4,23.5,940,2,3,2,0,1,8
3026.3915577030275,4,49.0,940,0,3,5,0,0,8
3027.403628257045,4,71.75,941,0,1,5,2,0,8
3028.4149664450088,4,54.75,939,2,0,6,0,0,8
3029.4359483650187,4,90.75,940,1,1,6,0,0,8
3030.466291138029,4,31.25,941,2,1,4,0,1,8
3031.480268005049,4,23.5,942,1,3,4,0,0,8
3032.494277700025,4,45.5,942,0,3,5,0,0,8
3033.508586483018,4,94.0,948,0,2,6,0,0,8
3034.5226023500436,4,70.75,950,0,1,2,5,0,8
3035.536225587013,4,23.25,947,1,3,4,0,0,8
3036.549819158041,4,95.0,952,0,2,5,1,0,8
3037.5626837360323,4,70.5,953,0,2,3,3,0,8
3038.5762113310047,4,71.25,954,0,2,2,4,0,8
3039.5903147920035,4,47.0,957,0,2,1,5,0,8
3040.60318937205,4,23.5,961,0,2,1,5,0,8
3041.616566875018,4,23.5,964,0,2,1,5,0,8
3042.6295854800264,4,23.25,968,0,2,0,6,0,8
3043.6426016130135,4,0.0,970,0,2,0,6,0,8
3044.6551418680465,4,0.0,976,0,2,0,6,0,8
3045.668008404027,4,0.0,978,0,2,0,6,0,8
3046.6817395710386,4,0.0,978,0,2,0,6,0,8
3047.6950697220163,4,0.0,980,0,2,0,6,0,8
3048.7080358170206,4,0.0,981,0,2,0,6,0,8
3049.721407846024,4,0.0,981,0,2,0,6,0,8
3050.734363467025,4,0.0,981,0,2,0,6,0,8
3051.7476364840404,4,0.0,981,0,2,0,6,0,8
3052.7612598520354,4,0.0,981,0,2,0,6,0,8
3053.7741801400553,4,0.0,981,0,2,0,6,0,8
3054.7878224500455,4,0.0,983,0,2,0,5,1,8
3055.798003006028,4,2.0,979,4,1,1,0,2,8
3056.811776268005,4,0.25,979,5,2,1,0,0,8
3057.8254305710434,4,23.5,979,2,4,1,0,1,8
3058.8376658710185,4,0.0,980,3,1,4,0,0,8
3059.8506426050444,4,18.0,981,0,2,6,0,0,8
3060.864915853017,4,57.25,981,1,1,6,0,0,8
3061.877666982007,4,53.0,980,1,1,6,0,0,8
3062.891818608041,4,49.5,981,1,1,5,0,1,8
3063.905397802999,4,30.5,979,3,1,4,0,0,8
3064.919483324047,4,44.0,977,2,2,4,0,0,8
3065.9306975040236,4,47.5,979,0,1,7,0,0,8
3066.9455262120464,4,78.25,979,1,0,6,1,0,8
3067.956724215008,4,45.0,978,1,1,6,0,0,8
3068.970400042017,4,82.0,978,0,0,8,0,0,8
3069.98369342403,4,73.0,977,1,0,6,1,0,8
3070.9980681690504,4,47.5,975,3,0,4,1,0,8
3072.009276472032,4,63.5,975,2,3,2,0,1,8
3073.0207846490084,4,31.75,976,1,2,5,0,0,8
3074.032484092051,4,72.5,977,0,2,6,0,0,8
3075.046779785014,4,62.0,976,1,1,5,0,1,8
3076.061178249016,4,22.5,974,2,2,4,0,0,8
3077.0735579610337,4,47.5,976,1,3,4,0,0,8
3078.0872574720415,4,48.25,977,2,1,5,0,0,8
3079.1015612830524,4,28.25,977,2,1,4,1,0,8
3080.113750709046,4,23.5,976,3,0,5,0,0,8
3081.1255165840266,4,0.0,977,1,1,6,0,0,8
3082.1389660700224,4,68.0,976,1,1,6,0,0,8
3083.150114304037,4,72.5,976,0,1,7,0,0,8
3084.1618880510214,4,24.25,976,1,0,6,0,1,8
3085.17658714304,4,56.75,974,1,2,5,0,0,8
3086.190902662056,4,46.75,975,0,3,4,0,1,8
3087.204520829022,4,63.0,974,2,2,3,0,1,8
3088.2185748610063,4,24.5,973,0,2,6,0,0,8
3089.2322260890505,4,48.0,972,1,1,6,0,0,8
3090.245738714002,4,49.0,974,2,1,4,0,1,8
3091.2596085150144,4,42.0,973,0,4,4,0,0,8
3092.2730201160302,4,11.25,973,1,3,4,0,0,8
3093.2870507340413,4,39.5,973,1,2,5,0,0,8
3094.3006668980233,4,86.0,976,0,1,7,0,0,8
3095.315038513043,4,97.0,975,1,0,5,2,0,8
3096.327175486018,4,21.75,975,1,1,4,1,1,8
3097.3387350140256,4,23.0,972,2,3,3,0,0,8
3098.3462947900407,4,69.25,973,0,1,7,0,0,8
3099.3602802150417,4,72.25,973,1,0,6,0,1,8
3100.3740235040314,4,47.0,972,0,1,7,0,0,8
3101.3849897130276,4,80.0,970,2,1,5,0,0,8
3102.3985531990184,4,71.25,969,4,1,3,0,0,8
3103.412100890011,4,46.25,969,3,2,2,0,1,8
3104.426616690005,4,24.75,969,3,1,3,0,1,8
3105.4403803470195,4,23.0,967,2,4,1,0,1,8
3106.454453081009,4,34.25,967,1,3,3,1,0,8
3107.468190577056,4,27.5,967,1,2,4,0,1,8
3108.4823485120432,4,71.5,968,0,1,7,0,0,8
3109.496289690025,4,67.0,969,0,0,7,0,1,8
3110.50996043504,4,43.5,968,0,1,6,1,0,8
3111.523887341027,4,26.5,967,1,1,6,0,0,8
3112.5379303520313,4,53.75,966,1,0,7,0,0,8
3113.552036301,4,50.25,966,1,1,2,0,4,8
3114.5661918850383,4,34.25,963,2,3,3,0,0,8
3115.5802724290406,4,24.75,964,0,3,5,0,0,8
3116.5941123770317,4,25.0,963,0,2,6,0,0,8
3117.606700754026,4,24.25,962,2,1,5,0,0,8
3118.620335338055,4,71.0,962,1,2,5,0,0,8
3119.633773924026,4,27.75,962,1,2,2,0,3,8
3120.6478203590377,4,13.0,959,1,4,3,0,0,8
3121.6604326220113,4,70.5,962,0,2,6,0,0,8
3122.6745321550407,4,23.25,965,1,1,6,0,0,8
3123.688626253046,4,93.75,963,3,0,5,0,0,8
3124.7002342890482,4,58.5,963,1,3,4,0,0,8
3125.711270446016,4,48.25,964,0,1,7,0,0,8
3126.725133002037,4,68.25,964,1,1,6,0,0,8
3127.73853331001,4,24.25,964,1,0,5,0,2,8
3128.750416935014,4,58.0,961,3,1,3,0,1,8
3129.7598737990484,4,46.75,963,2,3,1,2,0,8
3130.7740957250353,4,2.75,962,2,3,3,0,0,8
3131.7861646600068,4,45.75,962,1,1,6,0,0,8
3132.7998604520108,4,29.0,966,0,1,7,0,0,8
3133.8136282430496,4,37.75,965,1,0,6,1,0,8
3134.824492997024,4,70.5,964,2,1,5,0,0,8
3135.83869035705,4,94.25,967,3,0,5,0,0,8
3136.8515013290453,4,39.25,970,0,1,6,0,1,8
3137.865789718053,4,24.75,968,2,0,6,0,0,8
3138.8798581680167,4,46.5,968,0,4,3,0,1,8
3139.8932553910417,4,23.5,968,1,3,3,1,0,8
3140.9067717020516,4,47.25,973,1,3,1,3,0,8
3141.920601534017,4,46.5,974,1,3,0,4,0,8
3142.9333804270136,4,0.0,976,1,3,0,4,0,8
3143.947240041045,4,0.0,976,1,3,0,4,0,8
3144.961194246018,4,0.0,976,1,3,0,4,0,8
3145.974893792998,4,0.0,976,1,3,0,4,0,8
3146.988740559027,4,0.0,977,1,3,0,4,0,8
3148.0025557640474,4,0.0,977,1,3,0,4,0,8
3149.0154249420157,4,0.0,979,1,3,0,4,0,8
3150.029636787018,4,0.0,979,1,3,0,4,0,8
3151.0447951500537,4,0.0,979,1,3,0,4,0,8
3152.063293844054,4,0.0,979,1,3,0,4,0,8
3153.087402903009,4,0.0,979,1,3,0,4,0,8
3154.101506538049,4,0.0,980,1,3,0,4,0,8
3155.114883421047,4,0.0,981,1,3,0,4,0,8
3156.128011764027,4,0.0,982,1,3,0,4,0,8
3157.142011518008,4,0.0,983,1,3,0,4,0,8
3158.1549138730043,4,0.0,983,1,3,0,0,4,8
3159.1690338129993,4,0.0,979,5,2,1,0,0,8
3160.182985283027,4,28.25,983,0,3,4,0,1,8
3161.206536549027,4,23.5,983,0,4,4,0,0,8
3162.2202162030153,4,71.25,983,0,2,5,0,1,8
3163.2339507520082,4,63.0,983,1,1,4,0,2,8
3164.2475028340123,4,26.25,980,3,1,4,0,0,8
3165.260842622025,4,12.75,980,1,2,5,0,0,8
3166.2729730010033,4,69.25,979,1,0,5,1,1,8
3167.286457947048,4,72.0,977,2,0,5,1,0,8
3168.3006875580177,4,72.25,979,1,2,3,0,2,8
3169.3149289030116,4,38.75,977,4,1,3,0,0,8
3170.327559647034,4,0.0,977,0,3,3,2,0,8
3171.33825704403,4,48.25,976,1,2,3,0,1,7
3172.3519403490354,4,47.75,976,3,2,3,0,0,8
3173.3653143990086,4,47.25,976,0,4,3,1,0,8
3174.3767806980177,4,24.75,977,1,2,5,0,0,8
3175.388562880049,4,70.0,979,0,1,5,1,1,8
3176.402730069007,4,71.5,978,1,2,4,1,0,8
3177.4155461390037,4,46.5,978,0,2,5,0,1,8
3178.4278873110306,4,25.25,975,3,2,3,0,0,8
3179.439741524053,4,23.0,974,1,4,3,0,0,8
3180.45354715304,4,29.0,975,1,3,4,0,0,8
3181.46480519505,4,21.0,976,0,3,5,0,0,8
3182.474807129998,4,74.0,977,0,0,7,1,0,8
3183.4871867340407,4,39.25,978,1,0,6,1,0,8
3184.5012051120284,4,38.0,977,1,1,6,0,0,8
3185.5150092820404,4,54.5,976,1,2,4,0,1,8
3186.5270155390026,4,53.75,974,2,1,5,0,0,8
3187.5396126150154,4,31.75,975,1,2,5,0,0,8
3188.5531856350135,4,47.75,974,0,2,6,0,0,8
3189.5674643510138,4,48.75,974,2,2,4,0,0,8
3190.581265308021,4,71.0,974,1,2,5,0,0,8
3191.5949017090024,4,48.5,974,0,3,3,2,0,8
3192.608969427005,4,23.25,972,2,1,4,0,1,8
3193.622559237003,4,48.5,972,1,2,5,0,0,8
3194.6365654320107,4,23.25,973,1,3,4,0,0,8
3195.6505992230377,4,11.5,972,1,3,4,0,0,8
3196.6626098840497,4,27.0,974,1,3,4,0,0,8
3197.6763072470203,4,47.25,973,2,2,4,0,0,8
3198.688409705006,4,71.0,973,1,0,6,1,0,8
3199.699393354007,4,47.5,972,1,0,7,0,0,8
3200.7111620390206,4,90.5,973,0,1,7,0,0,8
3201.724706979003,4,41.5,972,0,1,7,0,0,8
3202.73916400905,4,49.75,973,1,0,7,0,0,8
3203.7508465810097,4,47.0,971,2,1,4,1,0,8
3204.764870406012,4,48.5,972,2,0,5,0,1,8
3205.7782106640516,4,46.5,972,1,2,4,0,1,8
3206.7875550090102,4,45.0,971,3,0,5,0,0,8
3207.8011161680333,4,47.0,972,0,3,5,0,0,8
3208.813151121023,4,69.75,971,1,0,7,0,0,8
3209.8271062340355,4,35.75,972,1,1,6,0,0,8
3210.841775118024,4,87.75,972,0,1,7,0,0,8
3211.8552153710043,4,88.25,971,1,0,6,0,1,8
3212.8688914850354,4,41.0,971,0,1,7,0,0,8
3213.880793908029,4,59.25,971,0,0,6,2,0,8
3214.894265222014,4,46.75,971,1,0,6,0,1,8
3215.907938233053,4,37.75,970,0,2,6,0,0,8
3216.9217401880305,4,46.75,968,2,1,5,0,0,8
3217.935379316041,4,71.25,969,0,1,7,0,0,8
3218.9492075540475,4,71.0,968,2,1,4,0,1,8
3219.9630969340215,4,23.25,968,2,2,4,0,0,8
3220.976804981008,4,0.0,968,2,1,4,0,1,8
3221.990791958,4,47.0,967,0,4,3,1,0,8
3223.004593978054,4,30.5,967,1,4,1,1,1,8
3224.0183152719983,4,0.0,966,1,2,5,0,0,8
3225.0317012930172,4,45.5,964,3,2,3,0,0,8
3226.0450909160427,4,85.5,966,0,3,5,0,0,8
3227.058871994028,4,48.0,967,0,2,5,1,0,8
3228.0698343030526,4,71.75,965,1,1,6,0,0,8
3229.083770587051,4,90.5,965,0,1,5,1,1,8
3230.097247705038,4,0.0,961,4,1,3,0,0,8
3231.1113381610485,4,35.75,961,0,3,4,0,1,8
3232.1248094910407,4,35.75,962,0,3,3,0,2,8
3233.138814246049,4,24.75,961,2,1,5,0,0,8
3234.1530421240022,4,26.75,960,1,3,3,1,0,8
3235.1665665240143,4,23.25,958,2,4,2,0,0,8
3236.1807057560072,4,24.5,959,1,4,3,0,0,8
3237.1942989090458,4,23.25,962,0,2,6,0,0,8
3238.2082897650544,4,47.25,961,1,1,6,0,0,8
3239.2194231850444,4,95.0,961,0,1,7,0,0,8
3240.2324430459994,4,29.25,962,1,1,6,0,0,8
3241.246172120038,4,23.25,962,0,1,6,0,1,8
3242.2600535140373,4,94.0,959,1,2,5,0,0,8
3243.2742993800202,4,33.75,961,0,2,6,0,0,8
3244.2879183910554,4,46.5,961,1,0,7,0,0,8
3245.301699429052,4,95.25,961,1,0,7,0,0,8
3246.3154668870266,4,95.25,961,1,0,6,1,0,8
3247.3291010480025,4,70.0,961,1,0,4,3,0,8
3248.342557015014,4,70.25,961,1,0,3,4,0,8
3249.3519291160046,4,46.75,961,1,0,2,5,0,8
3250.364425902022,4,23.25,963,1,0,0,7,0,8
3251.3781422220054,4,0.0,963,1,0,0,7,0,8
3252.3910692210193,4,0.0,963,1,0,0,7,0,8
3253.404305406031,4,0.0,963,1,0,0,7,0,8
3254.4172001570114,4,0.0,963,1,0,0,7,0,8
3255.4307455070084,4,0.0,963,1,0,0,7,0,8
3256.444452495023,4,0.0,964,1,0,0,7,0,8
3257.4575926570105,4,0.0,964,1,0,0,7,0,8
3258.4706282050465,4,0.0,965,1,0,0,7,0,8
3259.483934648044,4,0.0,966,1,0,0,7,0,8
3260.497856522037,4,0.0,966,1,0,0,7,0,8
3261.5113896490075,4,0.0,966,1,0,0,7,0,8
3262.525404179003,4,0.0,968,1,0,0,7,0,8
3263.5385011980543,4,0.0,968,1,0,0,7,0,8
3264.5520302320365,4,0.0,968,0,1,0,6,1,8
3265.56619596004,4,0.0,962,6,1,0,0,1,8
3266.5799039850244,4,0.0,961,1,4,3,0,0,8
3267.5899603160215,4,72.0,960,1,3,3,0,1,8
3268.6034782760544,4,44.5,960,2,1,5,0,0,8
3269.616959496052,4,71.25,962,1,2,3,0,2,8
3270.629597985011,4,47.75,960,2,1,4,0,1,8
3271.643703555048,4,47.25,957,3,2,3,0,0,8
3272.657214261999,4,48.25,958,0,3,5,0,0,8
3273.6717924690456,4,70.0,957,1,2,5,0,0,8
3274.7011501040542,4,46.75,957,2,2,4,0,0,8
3275.725034481031,4,17.5,957,1,2,5,0,0,8
3276.738797648053,4,43.5,956,1,1,6,0,0,8
3277.7529833270237,4,94.0,955,2,2,4,0,0,8
3278.766399355023,4,33.5,955,2,1,3,0,2,8
3279.780311941053,4,8.25,953,1,4,3,0,0,8
3280.7925753280288,4,48.75,953,0,1,7,0,0,8
3281.809419926023,4,23.0,952,2,1,3,0,2,8
3282.823539212055,4,45.0,950,2,3,3,0,0,8
3283.8376421760186,4,7.5,950,1,4,3,0,0,8
3284.8512201660196,4,61.5,950,1,2,5,0,0,8
3285.8655915930285,4,45.75,949,1,2,5,0,0,8
3286.8793916980503,4,46.5,948,2,1,5,0,0,8
3287.891903688025,4,47.25,946,3,1,4,0,0,8
3288.902994853037,4,12.25,946,2,2,4,0,0,8
3289.9175840610405,4,26.5,944,2,2,4,0,0,8
3290.931353684049,4,34.5,943,2,1,5,0,0,8
3291.94534192601,4,47.25,943,1,2,4,0,1,8
3292.9594246410416,4,76.5,943,1,2,4,0,1,8
3293.9719209810137,4,0.0,941,3,2,2,0,1,8
3294.984417642001,4,0.0,942,1,3,4,0,0,8
3295.9985325520393,4,45.0,942,0,3,4,1,0,8
3297.012059649045,4,54.5,942,1,2,3,0,2,8
3298.025987622037,4,41.75,940,1,2,5,0,0,8
3299.040012518002,4,46.25,939,2,3,3,0,0,8
3300.054265380022,4,32.75,938,1,4,3,0,0,8
3301.0707612740225,4,1.0,937,2,2,4,0,0,8
3302.084029068006,4,15.5,936,1,3,4,0,0,8
3303.0962794270017,4,48.0,936,0,2,6,0,0,8
3304.1084063960006,4,70.5,936,1,1,5,1,0,8
3305.122865298006,4,46.5,935,1,2,3,1,1,8
3306.1347243140335,4,68.5,933,2,2,4,0,0,8
3307.1489351510536,4,53.5,933,0,2,4,1,1,8
3308.162715146027,4,23.25,931,2,0,5,0,1,8
3309.1749720360385,4,65.75,929,2,2,4,0,0,8
3310.188609436038,4,48.0,929,0,3,4,0,1,8
3311.2025171050336,4,50.25,928,1,2,4,1,0,8
3312.2166272860486,4,23.25,926,2,2,3,0,1,8
3313.230570741056,4,12.0,925,3,2,2,0,1,8
3314.2440071750316,4,0.0,925,3,1,3,0,1,8
3315.2560768770054,4,47.75,925,1,3,4,0,0,8
3316.2632003340404,4,48.75,925,3,2,3,0,0,8
3317.2777358880267,4,41.75,925,0,3,5,0,0,8
3318.291504020046,4,27.25,925,0,3,4,1,0,8
3319.3045803770074,4,32.5,923,2,1,5,0,0,8
3320.3185372570297,4,63.75,923,0,2,6,0,0,8
3321.3322274480015,4,34.0,922,1,0,7,0,0,8
3322.343783545017,4,70.75,922,0,0,7,0,1,8
3323.3550168939983,4,87.0,922,1,0,6,1,0,8
3324.368888544035,4,59.5,921,1,0,6,1,0,8
3325.3821387880016,4,24.25,923,1,1,3,1,0,6
3326.394905578054,4,47.0,921,2,2,4,0,0,8
3327.408280919015,4,70.5,922,0,2,6,0,0,8
3328.4222196290502,4,82.0,922,0,1,7,0,0,8
3329.4330590490135,4,95.5,925,0,1,5,2,0,8
3330.447729546053,4,47.25,923,2,0,6,0,0,8
3331.459104494017,4,55.25,922,1,1,5,0,1,8
3332.473196605046,4,49.0,923,2,1,4,1,0,8
3333.4854425540543,4,64.5,921,2,2,4,0,0,8
3334.498175696004,4,71.5,923,2,0,6,0,0,8
3335.511176262051,4,70.25,924,0,1,6,0,1,8
3336.528058345022,4,8.75,923,1,1,5,0,1,8
3337.542438412027,4,70.5,924,1,1,5,0,1,8
3338.5562034739996,4,33.75,925,2,1,4,0,0,7
3339.570617010002,4,24.0,924,0,4,3,0,1,8
3340.584275065048,4,36.0,923,1,3,3,0,1,8
3341.5983792250045,4,24.75,924,2,3,1,0,2,8
3342.6121582520427,4,21.0,923,2,2,3,0,1,8
3343.6269525250536,4,23.0,923,1,2,5,0,0,8
3344.641429551004,4,32.75,924,0,3,5,0,0,8
3345.6633757800446,4,46.75,924,0,3,4,1,0,8
3346.674776710046,4,70.0,924,1,1,5,0,1,8
3347.68785023503,4,23.5,923,2,1,5,0,0,8
3348.6991946010385,4,23.0,923,1,2,2,2,1,8
3349.7128055340145,4,47.25,923,1,2,2,2,1,8
3350.726948324009,4,48.0,923,1,2,2,2,1,8
3351.7406676570536,4,47.0,924,1,2,2,2,1,8
3352.7540361040155,4,47.25,924,1,2,0,4,1,8
3353.767437702045,4,0.0,925,1,2,0,4,1,8
3354.780380220036,4,0.0,925,1,2,0,4,1,8
3355.794320880028,4,0.0,926,1,2,0,4,1,8
3356.8070633410243,4,0.0,927,1,2,0,4,1,8
3357.8200651060324,4,0.0,927,1,2,0,4,1,8
3358.8335388850537,4,0.0,927,1,2,0,4,1,8
3359.8467150810175,4,0.0,929,1,2,0,4,1,8
3360.8596371280146,4,0.0,930,1,2,0,4,1,8
3361.872943749011,4,0.0,930,1,2,0,4,1,8
3362.8865796970204,4,0.0,930,1,2,0,4,1,8
3363.899863210041,4,0.0,930,1,2,0,4,1,8
3364.9137837650487,4,0.0,930,1,2,0,4,1,8
3365.9269062070525,4,0.0,932,1,2,0,4,1,8
3366.940617520013,4,0.0,932,1,2,0,4,1,8
3367.953695143049,4,0.0,932,1,2,0,4,1,8
3368.9678183590295,4,0.0,933,0,3,0,3,2,8
3369.9815993540105,4,0.0,930,3,3,0,0,2,8
3370.9954006960033,4,24.75,929,3,4,1,0,0,8
3372.0094510820345,4,12.0,929,2,6,0,0,0,8
3373.023018683016,4,1.0,929,2,5,1,0,0,8
3374.0362624630216,4,9.0,928,1,4,2,1,0,8
3375.0496990880347,4,14.5,927,1,2,5,0,0,8
3376.062802230008,4,30.0,927,1,2,2,3,0,8
3377.0765092390357,4,46.75,924,3,2,3,0,0,8
3378.0901244770503,4,17.25,923,1,4,3,0,0,8
3379.1036244230345,4,48.25,922,1,3,4,0,0,8
3380.1175216380507,4,87.25,922,0,2,5,0,1,8
3381.1317853650544,4,24.5,921,2,1,5,0,0,8
3382.142614507,4,50.75,922,1,2,5,0,0,8
3383.163204878045,4,35.25,921,2,2,3,0,1,8
3384.1773888360476,4,23.25,920,1,3,4,0,0,8
3385.1907019490027,4,93.0,920,2,1,4,0,1,8
3386.203860959038,4,23.5,921,2,0,5,0,1,8
3387.2164285870385,4,47.25,919,1,2,5,0,0,8
3388.231879800034,4,29.25,918,2,2,4,0,0,8
3389.246138141025,4,54.5,919,0,3,5,0,0,8
3390.259733487037,4,39.25,918,2,0,5,0,1,8
3391.273561525042,4,25.0,918,1,0,7,0,0,8
3392.2872371800477,4,66.0,918,2,0,5,1,0,8
3393.301054209005,4,76.5,917,1,2,5,0,0,8
3394.313539199007,4,71.0,918,0,1,7,0,0,8
3395.3271423500264,4,47.0,916,0,2,6,0,0,8
3396.3412626000354,4,4.5,915,1,2,4,1,0,8
3397.353482830047,4,24.5,914,0,1,7,0,0,8
3398.3716129040113,4,24.25,913,1,1,6,0,0,8
3399.3863121420145,4,94.25,913,1,1,6,0,0,8
3400.4000888380106,4,62.75,913,2,1,4,1,0,8
3401.4125733130495,4,70.75,913,2,2,3,0,1,8
3402.4267912310315,4,23.25,911,2,3,2,0,1,8
3403.440415689023,4,23.5,912,2,1,4,0,1,8
3404.4524295520387,4,26.75,912,0,4,3,1,0,8
3405.466305331036,4,0.0,911,1,2,5,0,0,8
3406.480508904031,4,65.25,911,0,1,6,1,0,8
3407.4940326790093,4,31.0,911,0,1,6,0,1,8
3408.507602247002,4,32.25,912,0,0,8,0,0,8
3409.521775287052,4,92.0,912,1,0,6,1,0,8
3410.535542178026,4,68.75,912,1,0,6,0,1,8
3411.549914959003,4,28.75,911,1,1,5,0,1,8
3412.5639942270354,4,47.5,909,2,3,3,0,0,8
3413.57765425503,4,47.25,909,1,3,4,0,0,8
3414.5917524810066,4,34.75,910,0,3,3,1,1,8
3415.603799183038,4,13.75,908,2,2,4,0,0,8
3416.616072978999,4,49.0,907,3,2,3,0,0,8
3417.6301963690203,4,69.75,907,3,0,4,0,1,8
3418.644228475052,4,0.0,905,2,2,4,0,0,8
3419.657771389,4,4.25,905,1,3,2,1,1,8
3420.6717076660134,4,23.75,902,2,3,3,0,0,8
3421.6853066910408,4,47.75,901,1,3,4,0,0,8
3422.6991326580173,4,1.75,901,1,2,5,0,0,8
3423.713265115046,4,61.0,902,0,1,7,0,0,8
3424.721133978048,4,69.5,903,1,0,7,0,0,8
3425.734577189025,4,60.75,904,1,0,6,0,1,8
3426.7469322170364,4,93.25,902,2,1,3,0,2,8
3427.760494968039,4,23.25,899,3,2,3,0,0,8
3428.772704631032,4,24.25,899,0,4,4,0,0,8
3429.786345836008,4,45.5,899,0,1,7,0,0,8
3430.8004227470374,4,71.5,899,0,0,7,0,1,8
3431.8140089510125,4,47.5,899,0,0,8,0,0,8
3432.827790944022,4,93.5,898,1,0,5,1,1,8
3433.84015000402,4,59.25,898,2,0,5,0,1,8
3434.8538711180445,4,8.0,895,3,1,4,0,0,8
3435.8678539670072,4,23.5,895,1,2,4,1,0,8
3436.881579327048,4,71.5,896,1,3,4,0,0,8
3437.895603504032,4,33.25,895,1,1,6,0,0,8
3438.9095999800484,4,1.0,896,1,1,6,0,0,8
3439.923554847017,4,65.25,898,0,0,8,0,0,8
3440.9356172890402,4,77.5,898,1,0,6,0,1,8
3441.947548513999,4,41.75,895,3,1,4,0,0,8
3442.95688762801,4,13.5,894,1,3,3,0,1,8
3443.9694411650416,4,57.25,892,2,3,3,0,0,8
3444.9834860750125,4,24.25,892,0,2,4,0,2,8
3445.99135046202,4,44.5,890,1,2,5,0,0,8
3447.00557748304,4,77.5,890,0,2,5,1,0,8
3448.0197438600007,4,39.5,890,0,1,6,0,1,8
3449.033171304036,4,31.25,891,1,1,3,3,0,8
3450.045221358014,4,58.5,888,4,1,3,0,0,8
3451.059005161049,4,77.25,888,1,1,6,0,0,8
3452.071049301012,4,0.0,886,2,0,6,0,0,8
3453.084175216034,4,28.0,888,1,1,4,2,0,8
3454.096772468998,4,80.0,887,1,2,2,0,2,7
3455.1088317030226,4,23.25,883,4,1,3,0,0,8
3456.1206542080035,4,0.0,883,1,5,1,0,1,8
3457.133946191054,4,2.25,882,2,5,1,0,0,8
3458.151049142005,4,23.5,884,2,5,1,0,0,8
3459.1649446930387,4,23.0,884,2,5,1,0,0,8
3460.1778488020063,4,23.75,884,2,5,1,0,0,8
3461.1911595800193,4,23.75,886,2,5,1,0,0,8
3462.2046398880193,4,23.75,887,2,5,1,0,0,8
3463.2175277610077,4,23.5,887,2,5,0,1,0,8
3464.230651980033,4,0.0,887,2,5,0,1,0,8
3465.244140512019,4,0.0,888,2,5,0,1,0,8
3466.2568395530106,4,0.0,889,2,5,0,1,0,8
3467.270051256055,4,0.0,889,2,5,0,1,0,8
3468.2831709120073,4,0.0,891,2,5,0,1,0,8
3469.2912590440246,4,0.0,891,2,5,0,1,0,8
3470.308221703046,4,0.0,891,2,5,0,1,0,8
3471.3212797830347,4,0.0,891,2,5,0,1,0,8
3472.334440162056,4,0.0,894,2,5,0,1,0,8
3473.348534617049,4,0.0,895,2,5,0,1,0,8
3474.3635722030303,4,0.0,895,2,5,0,1,0,8
3475.3771348880255,4,0.0,896,2,5,0,1,0,8
3476.3907890650444,4,0.0,896,2,5,0,1,0,8
3477.404563147051,4,0.0,897,2,4,1,0,1,8
3478.418462864007,4,0.0,897,2,3,2,0,1,8
3479.432241237024,4,0.0,898,3,3,2,0,0,8
3480.4461820990546,4,48.25,899,3,2,2,1,0,8
3481.4579876220087,4,23.5,899,1,2,5,0,0,8
3482.4717746580136,4,69.25,899,1,2,4,1,0,8
3483.4859941890463,4,72.0,900,0,2,5,0,1,8
3484.499658396002,4,69.75,899,1,0,7,0,0,8
3485.515687089006,4,95.25,899,1,0,5,0,2,8
3486.52800561802,4,47.5,897,2,1,4,0,1,8
3487.541610318003,4,44.75,896,0,2,6,0,0,8
3488.5557797360234,4,47.25,896,1,1,6,0,0,8
3489.569402497029,4,87.25,897,1,0,6,0,1,8
3490.583210723009,4,32.25,896,0,2,6,0,0,8
3491.596936627,4,78.5,897,0,0,7,1,0,8
3492.6105743490043,4,26.0,898,1,0,6,0,1,8
3493.624615125009,4,30.5,897,1,1,6,0,0,8
3494.6384949390194,4,87.25,897,1,0,7,0,0,8
3495.6523053140263,4,46.0,896,2,0,5,1,0,8
3496.6663015340455,4,70.5,895,2,1,5,0,0,8
3497.6795681920485,4,42.0,896,0,2,6,0,0,8
3498.6935487000155,4,49.75,896,0,1,7,0,0,8
3499.7069673420046,4,24.5,896,2,0,5,1,0,8
3500.7211985610193,4,33.75,893,3,2,3,0,0,8
3501.7351745589986,4,23.5,893,0,5,2,1,0,8
3502.748635584023,4,24.0,893,0,3,3,0,2,8
3503.7627471120213,4,22.25,891,3,3,2,0,0,8
3504.776399294031,4,25.0,891,2,1,5,0,0,8
3505.787812014052,4,44.75,891,0,2,6,0,0,8
3506.8004577160464,4,72.5,891,0,1,7,0,0,8
3507.8133675170247,4,78.5,893,0,1,7,0,0,8
3508.8271378310164,4,23.5,891,1,1,6,0,0,8
3509.8412268980173,4,69.25,891,1,1,6,0,0,8
3510.8549967459985,4,56.0,891,2,1,5,0,0,8
3511.8692060080357,4,52.25,891,1,1,6,0,0,8
3512.8831342870253,4,27.5,891,1,0,7,0,0,8
3513.8967075700057,4,69.75,891,0,1,6,0,1,8
3514.9092910200125,4,35.0,889,1,2,5,0,0,8
3515.9229005009984,4,43.5,888,1,0,6,1,0,8
3516.9371241080225,4,48.25,885,3,1,4,0,0,8
3517.9518871730543,4,47.0,885,1,2,5,0,0,8
3518.9674699740135,4,47.75,886,0,2,6,0,0,8
3519.981279339001,4,93.0,887,0,1,6,0,1,8
3520.996547666029,4,23.5,887,1,0,6,0,1,8
3522.0103060800466,4,47.5,885,2,0,6,0,0,8
3523.0222718020086,4,34.75,884,0,3,4,0,1,8
3524.0361826640437,4,46.75,884,0,1,7,0,0,8
3525.048693837016,4,70.0,883,1,1,6,0,0,8
3526.059637834027,4,66.75,884,1,1,3,3,0,8
3527.0753744940157,4,46.75,883,3,2,3,0,0,8
3528.088788222056,4,27.25,884,1,2,4,1,0,8
3529.103191162052,4,24.25,883,0,3,4,1,0,8
3530.1170693710446,4,36.5,882,0,3,5,0,0,8
3531.1307602419984,4,57.5,883,0,1,6,0,1,8
3532.144901857013,4,45.5,882,2,0,6,0,0,8
3533.1577108790516,4,8.75,883,1,1,6,0,0,8
3534.172375779017,4,31.25,883,0,1,3,1,3,8
3535.1860744720325,4,23.5,879,4,1,3,0,0,8
3536.1982016970287,4,70.75,879,1,2,5,0,0,8
3537.2120678570354,4,71.25,879,1,2,5,0,0,8
3538.222369610041,4,0.0,879,0,3,5,0,0,8
3539.242798164021,4,23.25,880,1,1,5,0,1,8
3540.2565383410547,4,71.0,879,1,2,5,0,0,8
3541.270435909042,4,47.25,880,0,2,5,0,1,8
3542.283606756013,4,71.0,879,1,1,5,1,0,8
3543.2960983100347,4,49.75,878,1,0,7,0,0,8
3544.309046242037,4,74.25,878,0,0,8,0,0,8
3545.3221355770365,4,93.0,878,0,0,6,2,0,8
3546.3360535250395,4,61.5,877,2,1,4,1,0,8
3547.3497257660492,4,34.5,876,2,2,4,0,0,8
3548.3625065510278,4,23.5,876,0,1,7,0,0,8
3549.373639464029,4,94.75,876,0,1,6,0,1,8
3550.384855477023,4,55.5,874,1,1,5,1,0,8
3551.398511381005,4,70.25,874,1,1,5,1,0,8
3552.4116520700045,4,71.5,873,1,1,5,0,1,8
3553.423916756001,4,28.0,872,1,2,5,0,0,8
3554.437611958012,4,62.75,873,1,1,5,0,1,8
3555.451356631005,4,48.5,873,1,1,6,0,0,8
3556.46319439105,4,79.0,873,1,1,5,1,0,8
3557.476954922022,4,16.0,873,2,2,4,0,0,8
3558.490829975053,4,46.25,874,0,2,5,0,0,7
3559.504032572033,4,33.25,873,1,2,4,0,1,8
3560.516598219052,4,72.0,873,0,1,7,0,0,8
3561.5289906969992,4,26.75,872,1,1,6,0,0,8
3562.541137638036,4,45.75,872,2,1,5,0,0,8
3563.5550988070318,4,78.0,873,0,2,6,0,0,8
3564.5692942870082,4,56.0,872,1,0,6,0,1,8
3565.581952309003,4,70.75,871,2,0,6,0,0,8
3566.595099530008,4,70.75,871,0,2,6,0,0,8
3567.608596957056,4,47.5,870,2,0,6,0,0,8
3568.6224194500246,4,53.5,871,0,0,7,1,0,8
3569.63452165504,4,93.25,871,2,0,6,0,0,8
3570.648494272027,4,58.75,874,1,0,7,0,0,8
3571.662543408049,4,37.75,877,0,1,6,1,0,8
3572.674693771056,4,25.25,877,1,2,5,0,0,8
3573.6868294610176,4,95.75,878,0,1,5,2,0,8
3574.700504989014,4,23.25,876,2,0,6,0,0,8
3575.714613944001,4,43.75,875,1,1,6,0,0,8
3576.728305449011,4,48.5,875,0,1,6,1,0,8
3577.742671559041,4,33.25,880,1,0,7,0,0,8
3578.7569197300472,4,80.5,882,1,0,5,2,0,8
3579.7682827700046,4,70.25,883,1,0,4,3,0,8
3580.7821465080488,4,71.25,883,1,0,4,3,0,8
3581.7957178410143,4,71.0,885,1,0,4,3,0,8
3582.8095479879994,4,46.75,885,1,0,2,5,0,8
3583.8228417640203,4,47.0,885,1,0,2,5,0,8
3584.8371782520553,4,23.5,885,1,0,1,6,0,8
3585.85123799101,4,0.0,885,1,0,0,7,0,8
3586.864736651012,4,0.0,885,1,0,0,7,0,8
3587.8781434450066,4,0.0,886,1,0,0,7,0,8
3588.891291653039,4,0.0,888,1,0,0,7,0,8
3589.90217740403,4,0.0,888,1,0,0,7,0,8
3590.915465241007,4,0.0,889,1,0,0,7,0,8
3591.929622754047,4,0.0,889,1,0,0,7,0,8
3592.9426826300332,4,0.0,889,1,0,0,7,0,8
3593.9561127140187,4,0.0,889,1,0,0,7,0,8
3594.967925804027,4,0.0,889,1,0,0,7,0,8
3595.981668699009,4,0.0,890,1,0,0,7,0,8
3596.994641982019,4,0.0,891,1,0,0,7,0,8
3598.0081954180496,4,0.0,891,1,0,0,7,0,8
3599.021452126035,4,0.0,891,1,0,0,7,0,8
3600.035734364006,4,0.0,885,6,1,0,0,1,8
3601.048668854055,4,0.0,884,5,2,1,0,0,8
3602.0616128719994,4,23.0,885,1,5,2,0,0,8
3603.075945224031,4,23.75,885,1,2,5,0,0,8
3604.0887056229985,4,51.5,885,1,2,4,0,1,8
3605.1027039920446,4,23.0,886,0,3,4,0,1,8
3606.116472514055,4,47.5,885,1,2,5,0,0,8
3607.130451575038,4,27.25,884,1,2,5,0,0,8
3608.1428289190517,4,50.5,884,1,2,2,0,3,8
3609.1571567330393,4,6.5,883,4,2,2,0,0,8
3610.170742885035,4,62.5,883,1,2,5,0,0,8
3611.184117017023,4,23.5,882,2,2,4,0,0,8
3612.198233874049,4,48.25,884,1,1,6,0,0,8
3613.2122297180467,4,26.0,882,3,1,4,0,0,8
3614.226602999028,4,33.5,880,1,1,6,0,0,8
3615.240229972056,4,4.75,879,1,2,5,0,0,8
3616.254009349039,4,54.75,879,0,3,4,1,0,8
3617.265639137011,4,15.5,879,1,1,6,0,0,8
3618.279425389017,4,34.25,877,0,3,5,0,0,8
3619.2908207150176,4,53.5,879,0,3,3,2,0,8
3620.303975271003,4,6.25,877,2,2,3,0,1,8
3621.315213845053,4,41.25,876,1,4,3,0,0,8
3622.327931114007,4,23.25,875,1,2,5,0,0,8
3623.340823555016,4,59.0,875,0,2,4,1,1,8
3624.3530186660355,4,62.0,871,4,1,3,0,0,8
3625.3659621039988,4,23.5,871,3,2,1,2,0,8
3626.379779585055,4,14.25,870,2,4,2,0,0,8
3627.3934403520543,4,23.5,870,2,2,3,0,1,8
3628.407097984047,4,22.75,867,3,2,2,0,1,8
3629.421061680012,4,64.0,869,0,2,6,0,0,8
3630.434605945018,4,39.5,868,1,1,5,0,1,8
3631.448730703036,4,67.75,868,0,2,5,0,1,8
3632.4624322870513,4,24.25,868,1,2,4,0,1,8
3633.4756314910483,4,51.75,866,2,1,5,0,0,8
3634.488706386008,4,88.75,865,2,1,4,1,0,8
3635.501823958999,4,48.25,865,1,3,4,0,0,8
3636.5157837340375,4,71.0,864,1,1,6,0,0,8
3637.527649051044,4,29.0,865,1,1,6,0,0,8
3638.541390078026,4,48.0,866,1,1,6,0,0,8
3639.5550599380513,4,76.5,866,0,1,6,0,1,8
3640.56897532905,4,70.5,866,1,0,6,0,1,8
3641.577606556006,4,33.25,863,2,2,4,0,0,8
3642.595937873004,4,25.25,863,0,1,7,0,0,8
3643.6097444100305,4,63.5,862,1,1,6,0,0,8
3644.623225314019,4,71.5,862,0,1,6,1,0,8
3645.6373037570156,4,12.0,863,1,0,7,0,0,8
3646.6509261770407,4,56.25,865,2,0,6,0,0,8
3647.6650101540145,4,61.0,867,1,1,6,0,0,8
3648.678733067005,4,93.25,869,0,2,6,0,0,8
3649.692582171003,4,51.5,868,2,2,4,0,0,8
3650.706612426031,4,85.5,868,2,0,6,0,0,8
3651.717655722052,4,37.25,869,2,2,4,0,0,8
3652.7317265640013,4,35.0,869,1,3,4,0,0,8
3653.7454060860327,4,47.0,870,1,2,4,0,1,8
3654.756061162043,4,68.75,869,2,0,6,0,0,8
3655.7687007990316,4,47.5,869,0,1,7,0,0,8
3656.7838974470505,4,71.75,869,1,1,6,0,0,8
3657.7989084610017,4,91.25,869,0,1,7,0,0,8
3658.8120411600103,4,80.0,869,0,0,8,0,0,8
3659.826244116004,4,28.0,867,3,0,5,0,0,8
3660.839588566043,4,26.75,868,0,2,6,0,0,8
3661.853339275054,4,14.75,868,1,2,5,0,0,8
3662.866434488038,4,53.5,871,1,1,4,2,0,8
3663.8786065330496,4,73.5,868,3,2,3,0,0,8
3664.8925084570074,4,47.5,869,3,1,3,0,1,8
3665.906595261011,4,0.75,870,2,2,3,0,1,8
3666.9203656010213,4,46.0,872,1,3,2,1,0,7
3667.9341876010294,4,47.0,873,2,2,3,0,1,8
3668.948522589053,4,70.0,871,4,1,3,0,0,8
3669.9620939170127,4,47.0,871,0,3,4,0,1,8
3670.976267047052,4,33.0,872,1,3,4,0,0,8
3671.988806487003,4,46.5,872,1,0,6,0,1,8
3673.0016606630525,4,71.0,873,1,0,4,2,1,8
3674.0156453820528,4,46.75,874,3,1,4,0,0,8
3675.0294927470386,4,43.0,879,1,2,5,0,0,8
3676.043378264003,4,23.75,880,0,3,3,2,0,8
3677.0572059380356,4,70.25,879,2,1,4,1,0,8
3678.071036422043,4,23.5,881,2,1,4,0,1,8
3679.084432639007,4,55.25,880,1,2,5,0,0,8
3680.0979745520162,4,59.5,879,1,3,3,1,0,8
3681.1103328780155,4,46.5,880,1,1,4,0,2,8
3682.1241414400283,4,70.25,880,2,1,4,0,1,8
3683.13837071904,4,31.75,879,3,1,4,0,0,8
3684.1523348540068,4,33.0,878,2,2,4,0,0,8
3685.175117546052,4,29.5,880,1,2,4,1,0,8
3686.186238157039,4,62.75,879,2,1,4,0,1,8
3687.2003429970355,4,50.25,878,0,0,8,0,0,8
3688.214117007039,4,79.25,879,1,0,7,0,0,8
3689.227844089037,4,23.75,880,1,0,5,2,0,8
3690.23947223305,4,46.75,879,2,0,4,0,2,8
3691.253052936052,4,53.75,879,3,1,4,0,0,8
3692.265754020016,4,70.5,879,0,3,4,0,1,8
3693.2775022550486,4,47.5,879,1,1,6,0,0,8
3694.2915286080097,4,73.0,880,1,0,7,0,0,8
3695.3055856650462,4,63.25,880,0,1,4,3,0,8
3696.3189826740418,4,46.75,880,0,1,3,4,0,8
3697.3326740400516,4,37.25,881,0,1,1,6,0,8
3698.346035810013,4,23.5,882,0,1,1,6,0,8
3699.3597733920324,4,23.5,882,0,1,1,6,0,8
3700.3734801920364,4,11.5,884,0,1,0,7,0,8
3701.386940069031,4,0.0,884,0,1,0,7,0,8
3702.40056649904,4,0.0,884,0,1,0,7,0,8
3703.4137481170474,4,0.0,885,0,1,0,7,0,8
3704.4268207240384,4,0.0,886,0,1,0,7,0,8
3705.44103755604,4,0.0,888,0,1,0,7,0,8
3706.455117895035,4,0.0,888,0,1,0,7,0,8
3707.4685439760215,4,0.0,888,0,1,0,7,0,8
3708.481830805016,4,0.0,889,0,1,0,7,0,8
3709.495097209001,4,0.0,890,0,1,0,7,0,8
3710.5084773590206,4,0.0,891,0,1,0,7,0,8
3711.5192141010193,4,0.0,891,0,1,0,7,0,8
3712.5322476290166,4,0.0,891,0,1,0,7,0,8
3713.545653769048,4,0.0,892,0,1,0,7,0,8
3714.5585179110058,4,0.0,892,0,1,0,7,0,8
3715.571910252038,4,0.0,894,0,1,0,7,0,8
3716.5846743010334,4,0.0,894,0,1,0,7,0,8
3717.5973369750427,4,0.0,894,0,1,0,7,0,8
3718.611193990044,4,0.0,898,0,1,0,0,6,7
3719.624749917013,4,0.0,891,6,1,1,0,0,8
3720.638684289006,4,25.0,891,1,3,4,0,0,8
3721.6522965400363,4,94.75,891,0,4,4,0,0,8
3722.6664951770217,4,93.75,892,0,2,6,0,0,8
3723.6799802590394,4,93.25,892,1,2,4,0,1,8
3724.6937750990037,4,94.0,892,1,3,4,0,0,8
3725.707842889009,4,80.25,894,1,2,5,0,0,8
3726.7214785780525,4,79.25,893,1,3,4,0,0,8
3727.735263464041,4,23.5,893,0,4,4,0,0,8
3728.74873079604,4,46.75,891,2,3,3,0,0,8
3729.7627918190556,4,47.0,892,1,4,2,0,1,8
3730.7765500210226,4,8.25,890,1,4,3,0,0,8
3731.789861723024,4,23.75,890,0,4,4,0,0,8
3732.8038196060224,4,24.25,890,0,3,5,0,0,8
3733.817739440012,4,17.0,889,1,1,6,0,0,8
3734.832412747026,4,95.0,888,2,1,5,0,0,8
3735.845967241039,4,71.0,888,2,1,5,0,0,8
3736.859907966049,4,49.25,888,0,1,7,0,0,8
3737.8716866080067,4,69.75,890,0,1,6,1,0,8
3738.8853973750374,4,69.75,889,1,0,7,0,0,8
3739.8975129590253,4,71.25,889,0,1,7,0,0,8
3740.9112955630408,4,69.75,888,1,1,6,0,0,8
3741.9251740380423,4,48.25,888,0,0,7,0,1,8
3742.938817231043,4,34.0,887,0,1,7,0,0,8
3743.9527975300443,4,24.0,887,1,1,3,3,0,8
3744.966528224002,4,10.25,885,3,2,3,0,0,8
3745.9803648110246,4,37.25,885,3,1,3,0,1,8
3746.994340714009,4,48.75,884,1,1,6,0,0,8
3748.00797738001,4,65.5,883,1,2,5,0,0,8
3749.022267287015,4,35.5,881,2,0,6,0,0,8
3750.0328494569985,4,55.75,881,1,1,5,1,0,8
3751.045645670034,4,47.75,881,2,1,5,0,0,8
3752.059187370003,4,0.0,879,4,1,3,0,0,8
3753.072963863029,4,43.75,879,0,1,7,0,0,8
3754.086333330022,4,86.0,880,0,1,4,1,2,8
3755.100222648005,4,71.25,878,2,1,3,0,2,8
3756.1137677869992,4,61.5,877,1,2,4,1,0,8
3757.1271678710473,4,65.5,877,0,3,2,0,2,7
3758.1391956100124,4,23.5,874,2,2,4,0,0,8
3759.1529222240206,4,50.5,874,1,3,3,1,0,8
3760.1640984850237,4,23.5,874,0,2,4,1,1,8
3761.178114956012,4,70.5,872,2,1,5,0,0,8
3762.1917852340266,4,68.75,871,1,2,5,0,0,8
3763.2059975510347,4,70.75,870,2,0,6,0,0,8
3764.2203871020465,4,49.0,867,3,1,4,0,0,8
3765.2467847650405,4,42.75,869,4,1,3,0,0,8
3766.2582611190155,4,0.0,871,1,1,5,1,0,8
3767.2721113170264,4,23.5,869,3,1,3,0,1,8
3768.286660052021,4,23.75,868,0,3,4,0,1,8
3769.2987448910135,4,83.25,868,0,3,5,0,0,8
3770.3109788389993,4,25.0,868,1,2,4,0,1,8
3771.3192556709982,4,23.5,867,3,1,3,0,1,8
3772.3327485769987,4,45.5,867,1,2,2,1,2,8
3773.3469298109994,4,0.0,862,4,3,1,0,0,8
3774.360936516023,4,6.75,862,1,3,4,0,0,8
3775.374727797054,4,70.75,863,1,3,3,0,1,8
3776.3887765120016,4,47.0,863,1,2,5,0,0,8
3777.4027640740387,4,47.25,862,1,2,5,0,0,8
3778.4170232360484,4,23.25,860,3,2,3,0,0,8
3779.4304916289984,4,34.0,860,1,3,4,0,0,8
3780.4437983620446,4,23.25,859,1,1,6,0,0,8
3781.4582896950305,4,50.75,860,2,1,5,0,0,8
3782.4721239430364,4,46.5,859,1,3,4,0,0,8
3783.4860664660227,4,24.75,859,0,3,5,0,0,8
3784.5004749550135,4,0.5,860,2,2,4,0,0,8
3785.514055208012,4,23.5,859,3,1,4,0,0,8
3786.5282874100376,4,23.5,860,3,1,3,1,0,8
3787.542187975021,4,21.5,858,6,1,1,0,0,8
3788.5557978710276,4,24.0,858,2,5,1,0,0,8
3789.569692218036,4,7.25,857,1,5,2,0,0,8
3790.581291223003,4,23.5,857,1,2,4,1,0,8
3791.5952867050073,4,23.5,856,2,1,5,0,0,8
3792.6087383940467,4,12.5,855,1,2,5,0,0,8
3793.6234744400135,4,20.25,853,4,0,3,0,1,8
3794.6373191500315,4,22.25,851,3,3,2,0,0,8
3795.6505149800214,4,46.75,851,1,5,2,0,0,8
3796.664501308056,4,69.25,851,0,1,6,1,0,8
3797.6767502350267,4,16.0,850,1,1,5,1,0,8
3798.6903919290053,4,73.75,848,2,1,5,0,0,8
3799.703642686014,4,46.5,849,1,3,4,0,0,8
3800.7176604290144,4,47.75,849,1,3,4,0,0,8
3801.7313446530025,4,32.5,848,2,0,5,0,1,8
3802.74551839201,4,23.5,846,2,2,3,0,1,8
3803.7597163520404,4,69.5,845,2,2,4,0,0,8
3804.773445823055,4,23.5,846,0,2,5,0,1,8
3805.7874753460055,4,42.0,848,2,1,5,0,0,8
3806.801256660023,4,37.0,849,0,1,7,0,0,8
3807.8151031529997,4,56.25,849,0,1,5,0,2,8
3808.8295871349983,4,34.75,849,3,0,5,0,0,8
3809.8434301450034,4,36.0,850,1,2,4,0,1,8
3810.8568193980027,4,47.25,850,0,2,6,0,0,8
3811.870470783033,4,50.75,850,0,0,8,0,0,8
3812.8844350440195,4,79.75,853,0,0,8,0,0,8
3813.8984656210523,4,59.0,853,0,0,7,1,0,8
3814.9121952090063,4,35.75,852,2,0,6,0,0,8
3815.9263779500034,4,56.0,853,2,1,5,0,0,8
3816.9403384330217,4,70.25,851,3,2,3,0,0,8
3817.9546156630386,4,24.5,851,2,3,2,0,1,8
3818.968942423002,4,28.75,852,2,1,5,0,0,8
3819.9905324090505,4,68.75,852,0,2,6,0,0,8
3821.004459173011,4,94.0,852,0,2,5,1,0,8
3822.018027245009,4,71.25,853,0,2,2,4,0,8
3823.0308440700173,4,23.5,854,0,2,1,5,0,8
3824.0412574030343,4,23.5,855,0,2,1,5,0,8
3825.0541536040255,4,23.5,855,0,2,1,5,0,8
3826.066854239034,4,23.5,855,0,2,0,6,0,8
3827.0803664440173,4,0.0,855,0,2,0,6,0,8
3828.0943841090193,4,0.0,855,0,2,0,6,0,8
3829.1074535130174,4,0.0,855,0,2,0,6,0,8
3830.1202492900193,4,0.0,855,0,2,0,6,0,8
3831.134104833007,4,0.0,855,0,2,0,6,0,8
3832.1470732120215,4,0.0,855,0,2,0,6,0,8
3833.162976077001,4,0.0,855,0,2,0,6,0,8
3834.175251754001,4,0.0,857,0,2,0,6,0,8
3835.188260785013,4,0.0,858,0,2,0,6,0,8
3836.201212482003,4,0.0,859,0,2,0,6,0,8
3837.214492764033,4,0.0,859,0,2,0,6,0,8
3838.2274477870087,4,0.0,859,0,2,0,6,0,8
3839.240458788001,4,0.0,861,0,2,0,6,0,8
3840.253382901021,4,0.0,861,0,2,0,6,0,8
3841.266302374017,4,0.0,861,0,2,0,6,0,8
3842.280576771009,4,0.0,862,0,2,0,6,0,8
3843.2938453960232,4,0.0,864,0,2,0,6,0,8
3844.3071986440336,4,0.0,864,0,2,0,0,6,8
3845.3210341890226,4,0.0,859,6,0,2,0,0,8
3846.3350686030462,4,25.5,860,0,3,5,0,0,8
3847.3475869130343,4,34.25,861,0,0,8,0,0,8
3848.361719763023,4,70.75,862,0,0,8,0,0,8
3849.375376273005,4,46.5,862,1,0,7,0,0,8
3850.38668851502,4,71.0,862,0,1,5,2,0,8
3851.3991961840075,4,53.25,861,2,1,5,0,0,8
3852.4115595470066,4,57.25,862,1,1,6,0,0,8
3853.425457802019,4,93.25,864,0,0,7,0,1,8
3854.4386365110404,4,93.0,863,0,1,7,0,0,8
3855.4525078020524,4,23.25,862,1,1,6,0,0,8
3856.463423313049,4,46.75,861,1,1,5,1,0,8
3857.4767881560256,4,46.75,862,2,1,4,1,0,8
3858.4905816829996,4,73.0,863,1,1,5,0,1,8
3859.5046346290037,4,55.0,862,1,3,4,0,0,8
3860.5185347040533,4,72.0,865,0,1,5,2,0,8
3861.5326329840464,4,56.75,865,1,1,5,0,1,8
3862.5448883200297,4,32.0,867,1,2,5,0,0,8
3863.558782320004,4,23.0,867,1,2,5,0,0,8
3864.570468541002,4,73.5,867,1,1,6,0,0,8
3865.584124841029,4,71.0,868,0,1,7,0,0,8
3866.5980506310007,4,94.5,868,0,0,8,0,0,8
3867.612101070001,4,33.25,866,0,2,6,0,0,8
3868.6229827380157,4,25.5,865,0,3,5,0,0,8
3869.6369442630094,4,71.25,864,1,2,5,0,0,8
3870.650510874053,4,12.75,863,2,0,6,0,0,8
3871.664449883043,4,28.5,864,1,1,6,0,0,8
3872.676012534008,4,24.75,862,2,2,4,0,0,8
3873.6902935110265,4,53.75,861,2,3,3,0,0,8
3874.7041103770025,4,56.5,861,2,1,4,0,1,8
3875.7162053670036,4,0.0,859,3,2,3,0,0,8
3876.727688839019,4,24.25,860,1,4,3,0,0,8
3877.7416528690374,4,97.25,861,0,1,7,0,0,8
3878.7578648100025,4,94.75,861,0,1,7,0,0,8
3879.771923583001,4,59.5,858,3,1,4,0,0,8
3880.787214275042,4,47.75,858,1,3,4,0,0,8
3881.801389072032,4,49.0,858,0,2,6,0,0,8
3882.8154602750437,4,48.0,860,0,1,7,0,0,8
3883.8293722640374,4,95.75,860,1,0,7,0,0,8
3884.842727482028,4,46.0,860,1,0,6,1,0,8
3885.8569266550476,4,94.0,859,1,1,6,0,0,8
3886.8866460180143,4,19.25,859,0,2,5,0,1,8
3887.914011875051,4,70.0,858,1,1,3,0,3,8
3888.9269698890275,4,6.0,857,4,0,4,0,0,8
3889.9415000250447,4,72.75,858,0,3,5,0,0,8
3890.9540602030465,4,61.0,859,0,1,7,0,0,8
3891.966789276048,4,74.25,858,1,0,7,0,0,8
3892.9806442800327,4,18.75,857,1,1,5,1,0,8
3893.9941838520463,4,47.0,859,1,1,2,3,1,8
3895.0084594920045,4,44.75,855,3,2,3,0,0,8
3896.022578559001,4,23.75,855,0,4,4,0,0,8
3897.036133634043,4,50.5,856,0,1,7,0,0,8
3898.049925389001,4,93.75,856,1,1,6,0,0,8
3899.0599992930074,4,0.0,856,1,1,6,0,0,8
3900.073988813034,4,38.5,856,0,2,4,0,2,8
3901.0881285310024,4,24.25,853,3,2,3,0,0,8
3902.102177209046,4,48.25,854,3,1,2,0,2,8
3903.1124587590457,4,24.0,852,5,0,3,0,0,8
3904.124292688037,4,48.0,852,0,4,4,0,0,8
3905.1368138340185,4,58.75,852,1,2,5,0,0,8
3906.150534724002,4,29.5,852,2,1,4,0,1,8
3907.1646136630443,4,23.5,850,2,3,3,0,0,8
3908.178016501013,4,43.75,850,2,2,3,1,0,8
3909.19226094801,4,48.25,847,3,2,3,0,0,8
3910.2061188850203,4,26.25,847,1,3,3,1,0,8
3911.2199938590056,4,23.0,846,1,3,4,0,0,8
3912.2347710070317,4,29.0,847,1,1,5,1,0,8
3913.2486214759992,4,24.0,846,1,2,5,0,0,8
3914.2622413950157,4,69.5,847,1,2,3,2,0,8
3915.2750670910464,4,67.75,846,2,1,4,0,1,8
3916.2885848540463,4,47.0,845,2,2,4,0,0,8
3917.3030069590313,4,23.5,844,2,3,3,0,0,8
3918.3166233330267,4,43.25,844,1,1,6,0,0,8
3919.326321822009,4,92.25,846,1,1,3,0,3,8
3920.340397330001,4,25.25,844,3,1,4,0,0,8
3921.3509218520485,4,48.25,843,1,2,4,0,1,8
3922.364498539013,4,22.75,842,2,1,5,0,0,8
3923.3786979760043,4,94.75,842,0,2,5,0,1,8
3924.3934226270067,4,23.25,841,1,1,6,0,0,8
3925.406733795011,4,40.75,839,2,1,5,0,0,8
3926.420688035025,4,47.25,839,2,0,5,1,0,8
3927.434194924019,4,71.5,839,2,0,4,1,1,8
3928.4479898310383,4,70.75,837,2,2,3,0,1,8
3929.4617021350423,4,68.0,836,0,3,4,1,0,8
3930.4757210900425,4,24.75,835,1,1,6,0,0,8
3931.4893174230237,4,93.25,835,1,1,4,1,1,8
3932.5032312830444,4,26.5,832,3,1,4,0,0,8
3933.5172484270297,4,69.25,836,2,2,3,1,0,8
3934.5302799090277,4,1.0,838,1,4,3,0,0,8
3935.5442681450513,4,43.75,841,1,3,1,2,1,8
3936.5573407930206,4,0.0,841,1,3,0,0,4,8
3937.57133318705,4,0.0,837,4,3,1,0,0,8
3938.585462637013,4,23.0,837,3,3,1,0,1,8
3939.5993032010156,4,47.0,837,1,4,2,0,1,8
3940.610011589015,4,44.0,836,2,2,4,0,0,8
3941.621388837055,4,52.0,835,1,3,4,0,0,8
3942.6330694390344,4,70.75,835,1,2,5,0,0,8
3943.647067207028,4,80.0,835,0,1,7,0,0,8
3944.6607950530015,4,71.0,833,2,1,4,1,0,8
3945.6748533920036,4,70.5,831,2,2,4,0,0,8
3946.6885781750316,4,48.25,831,1,2,4,1,0,8
3947.7010140670463,4,47.5,831,1,2,3,0,2,8
3948.712811178004,4,0.0,827,4,3,1,0,0,8
3949.7269679010496,4,25.25,827,1,2,4,1,0,8
3950.740921402001,4,40.25,827,1,2,4,0,1,8
3951.7543882420287,4,47.0,827,1,2,4,0,1,8
3952.7688273840467,4,95.0,827,1,1,5,0,1,8
3953.782604105014,4,40.75,830,1,1,6,0,0,8
3954.7968275140156,4,47.25,833,0,2,4,2,0,8
3955.81076515303,4,90.75,838,0,2,4,0,2,8
3956.824342190055,4,35.0,840,2,0,6,0,0,8
3957.8382033140515,4,77.75,844,2,0,6,0,0,8
3958.8522712590056,4,81.25,844,2,0,3,3,0,8
3959.8660687800148,4,71.25,845,2,0,3,3,0,8
3960.87986391905,4,47.25,846,2,0,1,5,0,8
3961.8934365570312,4,23.0,846,2,0,1,5,0,8
3962.910246715008,4,23.75,847,2,0,1,5,0,8
3963.9244939400232,4,0.0,848,2,0,0,6,0,8
3964.9372042610194,4,0.0,848,2,0,0,6,0,8
3965.950453212019,4,0.0,848,2,0,0,6,0,8
3966.963541982055,4,0.0,848,2,0,0,6,0,8
3967.9768265480525,4,0.0,848,2,0,0,6,0,8
3968.989791738044,4,0.0,848,2,0,0,6,0,8
3970.003059420036,4,0.0,848,2,0,0,6,0,8
3971.016152381024,4,0.0,848,2,0,0,6,0,8
3972.029980504012,4,0.0,848,2,0,0,6,0,8
3973.043182664027,4,0.0,848,2,0,0,6,0,8
3974.056666258024,4,0.0,848,2,0,0,6,0,8
3975.069801972015,4,0.0,848,2,0,0,6,0,8
3976.083309226029,4,0.0,848,2,0,0,6,0,8
3977.096226829046,4,0.0,848,2,0,0,6,0,8
3978.109493209049,4,0.0,848,2,0,0,6,0,8
3979.122512249043,4,0.0,848,2,0,0,6,0,8
3980.1356127870386,4,0.0,848,2,0,0,6,0,8
3981.149120281043,4,0.0,848,2,0,0,6,0,8
3982.162620500021,4,0.0,848,0,2,0,0,6,8
3983.1757395360037,4,0.0,846,2,2,0,0,4,8
3984.188546493009,4,12.25,842,1,5,2,0,0,8
3985.2001775490353,4,46.5,842,0,5,3,0,0,8
3986.2105301520205,4,48.5,842,0,5,2,1,0,8
3987.2237778740237,4,46.5,842,0,5,2,0,1,8
3988.2383533910033,4,71.75,840,2,2,4,0,0,8
3989.249455366051,4,70.5,840,0,3,5,0,0,8
3990.263518656022,4,72.25,840,0,2,6,0,0,8
3991.2767198100337,4,89.25,840,0,1,7,0,0,8
3992.2914701510454,4,70.5,840,0,1,5,2,0,8
3993.305424273014,4,71.75,837,3,1,4,0,0,8
3994.318706015998,4,46.25,836,2,2,4,0,0,8
3995.3323722589994,4,24.75,835,1,3,4,0,0,8
3996.343255975051,4,47.0,835,1,2,3,2,0,8
3997.357258164033,4,61.25,833,2,2,4,0,0,8
3998.3712561330176,4,55.25,833,0,2,5,0,1,8
3999.385410960007,4,36.25,832,1,1,6,0,0,8
4000.3988019770477,4,70.25,832,1,0,6,1,0,8
4001.412559244025,4,38.0,831,1,1,5,1,0,8
4002.4238801250467,4,94.0,829,3,1,4,0,0,8
4003.4380975830136,4,66.0,828,1,3,4,0,0,8
4004.451843486051,4,75.0,828,0,3,4,1,0,8
4005.463681427005,4,94.25,828,0,3,2,1,2,8
4006.47754649102,4,46.25,825,3,1,4,0,0,8
4007.491390812036,4,23.75,824,1,2,5,0,0,8
4008.5026748210075,4,66.25,824,1,1,6,0,0,8
4009.515494181018,4,95.0,824,1,1,5,1,0,8
4010.5245322910487,4,0.0,822,2,2,4,0,0,8
4011.5408055560547,4,47.5,822,0,3,5,0,0,8
4012.5549734740052,4,68.25,822,0,2,6,0,0,8
4013.568898435042,4,47.25,822,0,2,3,0,3,8
4014.58035232604,4,37.0,820,1,2,4,0,1,8
4015.593940233055,4,72.0,819,1,3,3,0,1,8
4016.6054469970404,4,23.75,818,2,2,4,0,0,8
4017.6187831850257,4,53.0,818,1,1,3,0,3,8
4018.6329445100273,4,46.5,815,1,4,3,0,0,8
4019.645802550018,4,30.5,815,1,4,1,2,0,8
4020.6583523050067,4,14.25,813,2,4,2,0,0,8
4021.6720531720202,4,48.75,813,2,3,3,0,0,8
4022.684283184004,4,23.5,813,2,2,4,0,0,8
4023.6972668400267,4,95.75,813,2,1,5,0,0,8
4024.711049338046,4,24.25,813,0,1,6,1,0,8
4025.723745975003,4,70.25,812,1,1,5,0,1,8
4026.737990532012,4,19.75,811,2,0,6,0,0,8
4027.75225003605,4,93.75,809,3,0,4,0,1,8
4028.76548580901,4,18.0,808,3,1,4,0,0,8
4029.7796348840347,4,47.25,808,3,1,2,0,2,8
4030.7928008240415,4,23.5,805,6,0,1,1,0,8
4031.8059311530087,4,23.5,805,6,0,1,0,1,8
4032.8201236330206,4,9.25,804,1,4,3,0,0,8
4033.8337213839986,4,46.5,804,1,3,3,1,0,8
4034.849400235049,4,23.25,803,2,2,4,0,0,8
4035.8624443310546,4,48.25,803,2,1,4,1,0,8
4036.8750722770346,4,46.25,802,2,1,5,0,0,8
4037.888471187034,4,96.0,802,2,0,5,0,1,8
4038.902232000022,4,27.25,800,2,2,4,0,0,8
4039.915706724045,4,23.25,800,0,3,5,0,0,8
4040.9246072370443,4,75.25,799,1,2,5,0,0,8
4041.9381067200447,4,46.25,799,1,1,5,0,1,8
4042.9523323070025,4,47.0,798,1,1,6,0,0,8
4043.9657137190225,4,47.0,798,1,1,4,2,0,8
4044.9798691850156,4,46.5,796,2,1,5,0,0,8
4045.992718614056,4,32.0,796,2,1,2,2,1,8
4047.006635243015,4,23.75,796,2,1,2,0,3,8
4048.01855848002,4,23.25,794,2,3,2,0,1,8
4049.0319339960115,4,23.25,793,2,3,3,0,0,8
4050.0456035649986,4,44.0,793,0,2,6,0,0,8
4051.05930524203,4,68.5,792,1,1,6,0,0,8
4052.073222972045,4,46.25,792,1,0,7,0,0,8
4053.080162739032,4,94.75,792,1,0,7,0,0,8
4054.0938459400204,4,72.0,791,1,1,5,0,1,8
4055.108126101026,4,23.5,789,1,3,4,0,0,8
4056.1200360160437,4,23.25,788,2,3,3,0,0,8
4057.1338981060544,4,71.0,788,2,3,1,2,0,8
4058.14890867105,4,0.0,786,2,2,3,0,1,8
4059.161131317029,4,71.25,785,0,3,5,0,0,8
4060.1752074710093,4,69.0,785,0,1,7,0,0,8
4061.1886966640013,4,94.0,785,0,1,5,2,0,8
4062.2030212560203,4,41.5,783,1,1,6,0,0,8
4063.216765098041,4,36.0,780,4,1,3,0,0,8
4064.2306310410495,4,0.0,780,1,3,2,2,0,8
4065.244189340039,4,23.25,780,1,3,2,1,1,8
4066.2579351550085,4,23.5,779,1,4,2,0,1,8
4067.271885975031,4,0.0,778,1,3,4,0,0,8
4068.2825177560444,4,49.75,777,1,4,3,0,0,8
4069.2963446700014,4,47.0,777,1,2,5,0,0,8
4070.307596205035,4,94.25,777,1,1,6,0,0,8
4071.3184277490363,4,94.0,777,0,2,4,0,2,8
4072.3326897930237,4,46.75,775,2,2,3,0,1,8
4073.3466274010134,4,0.0,773,3,1,4,0,0,8
4074.3581727490528,4,70.75,773,3,1,4,0,0,8
4075.370979258034,4,50.25,773,2,1,4,0,1,8
4076.384882694052,4,70.5,773,0,3,3,1,1,8
4077.3996942400117,4,41.5,771,2,2,4,0,0,8
4078.4133113190182,4,50.5,771,2,1,4,1,0,8
4079.425727688009,4,24.0,770,2,2,4,0,0,8
4080.439559364051,4,47.5,770,1,2,4,1,0,8
4081.453604893002,4,40.25,769,1,2,5,0,0,8
4082.4664201740525,4,94.0,769,1,1,6,0,0,8
4083.4799218920525,4,94.75,769,1,1,6,0,0,8
4084.4914129680255,4,95.25,769,0,1,6,1,0,8
4085.505039512005,4,48.0,768,0,1,6,0,1,8
4086.518764966051,4,19.25,767,1,1,5,1,0,8
4087.531822610006,4,94.25,767,1,1,5,0,1,8
4088.545517794031,4,36.25,764,3,1,4,0,0,8
4089.5596460590023,4,24.75,764,0,3,5,0,0,8
4090.574711361027,4,49.5,764,0,0,7,1,0,8
4091.590288152045,4,70.5,764,0,0,5,3,0,8
4092.6068659310113,4,47.75,764,0,0,4,4,0,8
4093.6205949960276,4,46.75,764,0,0,3,5,0,8
4094.6342491450487,4,47.5,764,0,0,2,6,0,8
4095.6481538740336,4,47.0,764,0,0,2,6,0,8
4096.661829712044,4,40.25,764,0,0,1,7,0,8
4097.674956706003,4,23.5,764,0,0,0,8,0,8
4098.688138108002,4,0.0,764,0,0,0,8,0,8
4099.701300790999,4,0.0,764,0,0,0,8,0,8
4100.714783021016,4,0.0,764,0,0,0,8,0,8
4101.727740918053,4,0.0,764,0,0,0,8,0,8
4102.742148690042,4,0.0,764,0,0,0,8,0,8
4103.755026204046,4,0.0,764,0,0,0,8,0,8
4104.76849063905,4,0.0,764,0,0,0,8,0,8
4105.78217017604,4,0.0,764,0,0,0,8,0,8
4106.79546218802,4,0.0,764,0,0,0,8,0,8
4107.808471965021,4,0.0,764,0,0,0,8,0,8
4108.822304405039,4,0.0,764,0,0,0,8,0,8
4109.8357763150125,4,0.0,764,0,0,0,8,0,8
4110.849944521033,4,0.0,764,0,0,0,8,0,8
4111.862773879024,4,0.0,764,0,0,0,8,0,8
4112.876546911022,4,0.0,764,0,0,0,8,0,8
4113.889783594001,4,0.0,764,0,0,0,8,0,8
4114.901712989027,4,0.0,764,0,0,0,7,1,8
4115.914825036016,4,0.0,764,0,0,0,0,8,8
4116.9285658180015,4,0.0,756,8,0,0,0,0,8
4117.942486989021,4,0.0,756,1,5,2,0,0,8
4118.95602115005,4,18.25,756,0,5,2,0,1,8
4119.969833527051,4,47.0,756,0,5,2,0,1,8
4120.981607769034,4,45.0,756,0,2,5,0,1,8
4121.9955902160145,4,48.5,754,2,2,4,0,0,8
4123.009309910005,4,46.75,754,0,1,5,2,0,8
4124.023052827048,4,71.0,754,0,1,4,3,0,8
4125.036775165005,4,71.0,754,0,1,4,1,2,8
4126.051187046047,4,52.75,749,4,1,3,0,0,8
4127.069379330031,4,52.75,749,0,5,3,0,0,8
4128.080895817024,4,1.5,749,0,4,4,0,0,8
4129.097302531009,4,69.25,749,0,3,4,0,1,8
4130.110470915039,4,70.5,749,0,1,6,0,1,8
4131.123346235021,4,64.5,747,2,1,3,0,2,8
4132.139213105023,4,46.5,745,4,1,3,0,0,8
4133.152984678047,4,46.0,745,2,3,3,0,0,8
4134.166535218013,4,70.75,745,1,4,3,0,0,8
4135.1793993600295,4,27.75,745,1,3,4,0,0,8
4136.190818939009,4,64.75,744,1,1,6,0,0,8
4137.204750734032,4,46.75,744,1,1,4,2,0,8
4138.217903366021,4,46.75,744,0,2,3,3,0,8
4139.225430324033,4,46.75,742,2,1,3,1,1,8
4140.238899563032,4,46.5,738,4,2,2,0,0,8
4141.251782814041,4,0.0,738,2,4,2,0,0,8
4142.265925019048,4,46.75,738,1,5,2,0,0,8
4143.279323399998,4,62.0,738,1,3,2,2,0,8
4144.293602623045,4,59.0,737,1,3,2,1,0,7
4145.307759894,4,0.0,734,4,2,2,0,0,8
4146.322585059039,4,2.0,734,4,0,3,0,1,8
4147.33658704604,4,64.75,733,2,2,3,1,0,8
4148.350430738006,4,37.25,733,1,3,2,1,1,8
4149.364162614045,4,23.75,730,3,1,3,0,1,8
4150.377777960035,4,49.5,730,3,0,3,0,1,7
4151.391308515042,4,71.75,730,3,0,2,1,1,7
4152.4053021360305,4,8.25,726,3,4,1,0,0,8
4153.418421042035,4,23.25,726,3,2,3,0,0,8
4154.432395161013,4,71.5,726,3,1,4,0,0,8
4155.4487354400335,4,94.25,726,3,1,3,1,0,8
4156.459659695043,4,23.5,725,1,1,6,0,0,8
4157.47579584003,4,93.75,725,0,0,8,0,0,8
4158.48650138505,4,55.5,725,0,0,7,1,0,8
4159.50058163004,4,93.75,725,0,0,5,2,1,8
4160.512484693027,4,71.5,723,2,0,4,0,2,8
4161.526616526011,4,32.0,721,1,2,5,0,0,8
4162.5401752000325,4,30.25,719,2,2,4,0,0,8
4163.5539853900555,4,70.75,719,2,1,3,2,0,8
4164.567491021007,4,48.0,719,2,1,2,2,1,8
4165.58135158103,4,23.0,716,3,2,3,0,0,8
4166.594853012008,4,48.0,716,0,2,6,0,0,8
4167.6087100370205,4,44.25,716,0,1,6,1,0,8
4168.622274885012,4,95.0,716,0,1,6,1,0,8
4169.635901039001,4,94.75,716,0,0,6,0,2,8
4170.650067143026,4,46.5,714,1,1,6,0,0,8
4171.663791229017,4,39.0,713,1,1,6,0,0,8
4172.677292159002,4,71.25,713,0,0,6,2,0,8
4173.691023017047,4,93.25,711,2,0,5,0,1,8
4174.705185950035,4,70.5,710,3,0,4,1,0,8
4175.7188772340305,4,52.0,709,1,2,3,0,2,8
4176.7323688460165,4,15.75,709,1,2,2,1,2,8
4177.744513284008,4,47.0,709,1,2,1,1,2,7
4178.758223373035,4,46.25,707,3,0,2,0,3,8
4179.770516703022,4,0.0,704,3,2,3,0,0,8
4180.782909585047,4,24.75,704,1,3,4,0,0,8
4181.796412141004,4,69.5,704,0,1,6,1,0,8
4182.810155293031,4,94.5,704,0,1,5,2,0,8
4183.824149901047,4,9.75,700,4,0,4,0,0,8
4184.836170773022,4,61.0,699,1,3,4,0,0,8
4185.849599489011,4,17.0,699,1,1,3,3,0,8
4186.861589980021,4,49.5,699,1,1,3,0,3,8
4187.875671843009,4,48.5,696,3,1,4,0,0,8
4188.889160670049,4,47.0,696,3,1,4,0,0,8
4189.903207504016,4,0.0,695,1,1,6,0,0,8
4190.917221811018,4,71.25,695,1,1,3,1,1,7
4191.934216685011,4,23.25,692,2,3,3,0,0,8
4192.946224490006,4,66.0,691,2,2,4,0,0,8
4193.960258265026,4,23.25,691,1,0,7,0,0,8
4194.974772209011,4,95.5,691,1,0,5,2,0,8
4195.987204432022,4,93.25,687,4,1,3,0,0,8
4197.001297966053,4,43.5,687,1,4,2,0,1,8
4198.015178530011,4,23.25,686,1,4,3,0,0,8
4199.02925440605,4,24.75,686,1,3,2,2,0,8
4200.040759012045,4,46.5,686,1,2,1,0,4,8
4201.053959755052,4,22.75,684,3,1,1,1,1,7
4202.067860107054,4,0.0,681,3,4,1,0,0,8
4203.081678985036,4,0.0,681,2,4,2,0,0,8
4204.095411571034,4,31.0,681,1,5,1,1,0,8
4205.109586530016,4,47.0,681,0,3,4,0,1,8
4206.123437254049,4,47.5,680,1,3,3,0,1,8
4207.1373241660185,4,47.5,680,1,2,3,1,1,8
4208.150947112008,4,47.25,680,1,0,5,1,1,8
4209.164694684034,4,48.25,677,2,2,4,0,0,8
4210.177908673009,4,24.25,677,1,1,4,2,0,8
4211.191536245053,4,47.75,674,3,1,4,0,0,8
4212.205506151018,4,58.25,674,2,2,3,0,1,8
4213.216914114018,4,46.5,673,2,2,4,0,0,8
4214.230165938032,4,37.75,673,1,3,4,0,0,8
4215.2438611710095,4,18.0,673,1,2,3,1,1,8
4216.257860164042,4,46.5,673,1,1,3,1,1,7
4217.267425449041,4,48.25,672,2,1,2,1,2,8
4218.280761559028,4,23.75,670,2,2,3,0,1,8
4219.294757919037,4,23.25,667,5,2,1,0,0,8
4220.306708473014,4,41.5,667,2,2,2,2,0,8
4221.320172826003,4,23.5,667,2,2,2,1,1,8
4222.333798898035,4,23.25,667,1,1,4,0,2,8
4223.347724148014,4,51.25,664,3,0,5,0,0,8
4224.35991918802,4,23.0,663,1,2,3,0,2,8
4225.374287596031,4,25.5,661,3,2,3,0,0,8
4226.386795138009,4,60.0,660,2,1,4,0,1,8
4227.40019620402,4,25.25,659,3,1,3,0,1,8
4228.41419029003,4,45.75,658,2,3,3,0,0,8
4229.427650505037,4,0.0,658,1,4,2,1,0,8
4230.440708968032,4,24.0,658,1,3,0,3,1,8
4231.453795580019,4,0.0,654,5,1,2,0,0,8
4232.469575943018,4,0.0,654,3,3,1,0,1,8
4233.4822384520085,4,0.0,653,2,4,1,1,0,8
4234.4955113680335,4,23.25,653,2,4,1,1,0,8
4235.506963017047,4,23.5,653,2,4,1,1,0,8
4236.520664194017,4,23.75,653,2,4,1,1,0,8
4237.534444776014,4,0.0,653,2,4,0,2,0,8
4238.54727570503,4,0.0,653,2,4,0,2,0,8
4239.561527679034,4,0.0,653,2,4,0,2,0,8
4240.575208359049,4,0.0,653,2,4,0,2,0,8
4241.588615450019,4,0.0,653,2,4,0,2,0,8
4242.601515877002,4,0.0,653,2,4,0,2,0,8
4243.615579163015,4,0.0,653,2,4,0,2,0,8
4244.628521587001,4,0.0,653,2,4,0,2,0,8
4245.641530878027,4,0.0,653,2,4,0,2,0,8
4246.654632876045,4,0.0,653,2,4,0,2,0,8
4247.667948284012,4,0.0,653,2,4,0,2,0,8
4248.681321720011,4,0.0,653,2,4,0,2,0,8
4249.69518203201,4,0.0,653,2,4,0,2,0,8
4250.708221997018,4,0.0,653,2,4,0,2,0,8
4251.721251255018,4,0.0,653,2,4,0,2,0,8
4252.732689772034,4,0.0,653,2,4,0,2,0,8
4253.747899155016,4,0.0,653,2,4,0,2,0,8
4254.764425009023,4,0.0,653,2,4,0,2,0,8
4255.777350429038,4,0.0,653,2,4,0,2,0,8
4256.790869147051,4,0.0,653,2,4,0,2,0,8
4257.804651785002,4,0.0,653,2,4,0,2,0,8
4258.818143903045,4,0.0,653,2,4,0,2,0,8
4259.831860136008,4,0.0,653,2,4,0,0,2,8
4260.8455005,4,2.75,651,4,2,2,0,0,8
4261.859468118055,4,32.25,651,4,0,1,3,0,8
4262.873395148024,4,23.5,651,3,1,1,0,3,8
4263.8857830110355,4,0.0,649,2,3,2,0,1,8
4264.898540159047,4,28.0,648,3,3,2,0,0,8
4265.912377994042,4,0.0,648,3,2,2,1,0,8
4266.926485288015,4,75.25,648,0,2,2,1,3,8
4267.9406815500115,4,47.75,646,2,2,2,0,2,8
4268.953970587056,4,23.5,645,3,2,2,0,1,8
4269.966160832031,4,72.5,644,4,0,4,0,0,8
4270.9795644210535,4,23.25,644,3,0,1,4,0,8
4271.9906566650025,4,23.5,642,3,2,0,0,3,8
4273.003334758047,4,0.0,639,2,4,1,1,0,8
4274.015551127028,4,2.5,637,2,4,2,0,0,8
4275.028748800047,4,22.75,637,1,1,5,1,0,8
4276.041932102002,4,68.25,637,1,1,1,5,0,8
4277.055893308017,4,22.75,636,1,1,2,0,4,8
4278.068658843054,4,24.5,631,3,3,2,0,0,8
4279.082901327056,4,47.0,631,0,4,4,0,0,8
4280.096534883021,4,71.25,631,0,3,5,0,0,8
4281.110576256004,4,49.0,630,1,1,6,0,0,8
4282.124451810028,4,73.5,630,1,0,5,2,0,8
4283.1382890520035,4,47.75,629,1,1,4,1,1,8
4284.152216312999,4,46.25,628,2,1,4,1,0,8
4285.16420656204,4,70.5,627,1,1,5,0,1,8
4286.174237702042,4,53.25,626,2,1,5,0,0,8
4287.188391253003,4,71.0,626,0,2,6,0,0,8
4288.201986470027,4,83.5,626,0,1,6,1,0,8
4289.214596308011,4,71.5,623,3,0,5,0,0,8
4290.228367977019,4,62.0,623,3,0,4,1,0,8
4291.242117052025,4,46.75,623,3,0,2,0,3,8
4292.254624788999,4,23.0,620,3,3,2,0,0,8
4293.265972220048,4,66.25,620,0,3,5,0,0,8
4294.279855119006,4,38.25,620,0,1,7,0,0,8
4295.292755789007,4,71.25,620,0,0,7,1,0,8
4296.306479439023,4,48.5,618,1,1,6,0,0,8
4297.320222828013,4,49.0,618,1,0,6,1,0,8
4298.3345745510305,4,72.0,617,1,1,6,0,0,8
4299.345789767045,4,46.25,617,1,1,5,1,0,8
4300.353167182009,4,94.25,617,1,0,6,0,1,8
4301.366674080025,4,68.75,616,1,0,6,1,0,8
4302.380467304029,4,55.0,615,1,1,6,0,0,8
4303.399562380044,4,47.75,615,1,1,4,2,0,8
4304.413071711024,4,68.75,615,1,1,3,1,2,8
4305.421517540002,4,0.0,611,4,1,3,0,0,8
4306.435216611018,4,70.75,610,1,2,5,0,0,8
4307.4492345670005,4,49.25,610,1,0,7,0,0,8
4308.462951663998,4,95.25,610,1,0,6,1,0,8
4309.476237497001,4,46.25,609,2,0,6,0,0,8
4310.487914219033,4,40.25,608,1,2,5,0,0,8
4311.501021125005,4,25.5,608,0,2,6,0,0,8
4312.514248957043,4,71.0,608,0,0,6,2,0,8
4313.5283294370165,4,70.75,606,2,0,6,0,0,8
4314.540379562008,4,70.25,606,1,1,5,1,0,8
4315.552628499048,4,34.75,604,1,2,5,0,0,8
4316.564478059008,4,52.75,604,1,1,3,3,0,8
4317.576351786032,4,47.5,604,1,1,3,2,1,8
4318.590384358016,4,47.25,602,2,2,2,0,2,8
4319.604263910034,4,23.75,600,2,4,2,0,0,8
4320.61675104202,4,0.0,600,1,5,2,0,0,8
4321.630556907039,4,47.25,600,0,5,2,1,0,8
4322.644632790005,4,17.25,599,1,3,4,0,0,8
4323.658692713012,4,85.5,599,1,2,5,0,0,8
4324.669554208056,4,70.0,599,0,2,5,0,1,8
4325.683467693045,4,71.5,598,1,1,5,1,0,8
4326.697305321053,4,94.0,598,1,0,6,0,1,8
4327.711514215043,4,24.0,597,2,0,6,0,0,8
4328.725220235006,4,70.75,597,1,1,5,0,1,8
4329.7390492310515,4,21.75,596,1,2,5,0,0,8
4330.752872092999,4,70.25,596,0,1,7,0,0,8
4331.767118724005,4,69.75,596,0,0,5,3,0,8
4332.781363940041,4,94.25,593,3,0,5,0,0,8
4333.794873780047,4,24.0,593,2,1,3,1,1,8
4334.808866941021,4,47.0,593,2,1,2,1,2,8
4335.822567091032,4,23.25,590,3,1,3,0,1,8
4336.835824917012,4,43.5,589,0,2,6,0,0,8
4337.850832630007,4,47.0,589,0,2,5,1,0,8
4338.861652406049,4,71.0,589,0,1,6,0,1,8
4339.87537901802,4,79.5,587,1,1,6,0,0,8
4340.8887735130265,4,47.5,587,0,1,6,0,1,8
4341.898436863034,4,41.75,586,1,1,6,0,0,8
4342.910829695,4,95.25,586,1,1,5,1,0,8
4343.92411932,4,96.25,586,1,0,5,1,1,8
4344.938155372045,4,23.75,584,2,1,5,0,0,8
4345.954412429011,4,48.75,583,1,2,5,0,0,8
4346.967911773012,4,23.5,583,1,2,2,2,1,8
4347.982024448051,4,47.25,582,2,1,3,0,2,8
4348.996330610011,4,25.0,580,3,2,2,0,1,8
4350.010271375999,4,23.25,579,4,1,3,0,0,8
4351.023880339053,4,25.25,579,4,0,4,0,0,8
4352.037090379046,4,71.25,579,4,0,3,1,0,8
4353.051212167018,4,47.0,578,2,3,2,0,1,8
4354.065249250038,4,18.0,577,1,3,4,0,0,8
4355.07921294705,4,48.0,577,1,1,5,1,0,8
4356.092929451028,4,94.0,577,1,1,4,1,1,8
4357.104268968047,4,71.5,575,2,1,5,0,0,8
4358.116461604019,4,70.5,575,0,0,8,0,0,8
4359.130679208029,4,54.5,573,2,0,5,1,0,8
4360.144261164998,4,71.0,573,2,0,3,3,0,8
4361.157916367054,4,70.75,573,2,0,2,1,3,8
4362.169788560015,4,35.0,569,4,2,2,0,0,8
4363.184147383028,4,47.25,569,2,3,3,0,0,8
4364.196477701014,4,49.5,569,0,4,4,0,0,8
4365.207498019037,4,23.5,569,0,3,2,3,0,8
4366.215842614998,4,14.5,567,2,1,4,0,1,8
4367.229426670005,4,47.5,565,2,2,4,0,0,8
4368.241968927032,4,0.0,565,0,4,4,0,0,8
4369.255816973047,4,47.25,565,0,4,3,1,0,8
4370.264303952048,4,71.75,564,1,3,3,0,1,8
4371.276684112032,4,23.5,563,2,1,4,0,1,8
4372.290270314028,4,28.75,562,2,1,5,0,0,8
4373.305481726013,4,71.25,562,2,1,5,0,0,8
4374.318875655008,4,75.5,562,0,2,5,1,0,8
4375.331176553038,4,47.75,561,1,2,5,0,0,8
4376.353867641999,4,24.0,559,2,1,5,0,0,8
4377.372213443043,4,44.0,559,2,0,4,1,1,8
4378.385730221053,4,46.75,559,1,1,2,2,2,8
4379.399145391013,4,23.5,554,5,2,1,0,0,8
4380.410491389048,4,23.75,554,1,4,3,0,0,8
4381.424251618038,4,65.0,554,0,3,4,1,0,8
4382.435231221025,4,29.0,553,1,2,5,0,0,8
4383.448505656037,4,25.5,553,1,2,4,1,0,8
4384.460620240017,4,57.0,553,0,2,3,0,3,8
4385.474449332047,4,70.25,550,3,2,2,1,0,8
4386.487566128024,4,48.5,548,3,3,2,0,0,8
4387.50109947304,4,0.0,548,2,4,2,0,0,8
4388.514780535013,4,23.5,548,2,2,2,2,0,8
4389.528844752,4,0.0,547,3,1,2,0,2,8
4390.542658358056,4,0.0,545,4,1,2,0,1,8
4391.556416165025,4,8.0,543,4,2,2,0,0,8
4392.570696296054,4,46.75,543,4,2,2,0,0,8
4393.584304002055,4,48.0,543,4,2,1,1,0,8
4394.597457308031,4,0.0,543,4,2,0,2,0,8
4395.610614037025,4,0.0,543,4,2,0,2,0,8
4396.624741950014,4,0.0,543,4,2,0,2,0,8
4397.637990735006,4,0.0,543,4,2,0,2,0,8
4398.651013362047,4,0.0,543,4,2,0,2,0,8
4399.663073189033,4,0.0,543,4,2,0,2,0,8
4400.676208164019,4,0.0,543,4,2,0,2,0,8
4401.690886809025,4,0.0,543,4,2,0,2,0,8
4402.7040363160195,4,0.0,543,4,2,0,2,0,8
4403.717060522002,4,0.0,543,4,2,0,2,0,8
4404.729922875005,4,0.0,543,4,2,0,2,0,8
4405.7429918420385,4,0.0,543,4,2,0,2,0,8
4406.754720262019,4,0.0,543,4,2,0,2,0,8
4407.767493083025,4,0.0,543,4,2,0,2,0,8
4408.780734646018,4,0.0,543,4,2,0,2,0,8
4409.794269075035,4,0.0,543,4,2,0,2,0,8
4410.80828060105,4,0.0,543,4,2,0,2,0,8
4411.821735125035,4,0.0,543,4,2,0,2,0,8
4412.834753818053,4,0.0,543,4,2,0,2,0,8
4413.8480504260515,4,0.0,543,4,2,0,2,0,8
4414.861153269012,4,0.0,543,4,2,0,2,0,8
4415.874713375,4,0.0,543,4,2,0,2,0,8
4416.887302542047,4,0.0,543,3,3,0,2,0,8
4417.900774938054,4,0.0,543,3,3,0,1,1,8
4418.9148846700555,4,0.0,543,1,5,0,0,2,8
4419.927170665003,4,0.0,541,2,5,1,0,0,8
4420.939327047032,4,1.0,541,2,3,3,0,0,8
4421.951670341019,4,26.75,541,1,1,6,0,0,8
4422.964005485002,4,20.25,541,0,1,6,1,0,8
4423.970888470998,4,94.0,541,0,1,6,0,1,8
4424.984909154999,4,37.0,540,1,1,6,0,0,8
4425.998411749024,4,66.25,538,1,1,5,0,1,8
4427.012395737052,4,72.0,537,1,1,5,0,1,8
4428.023538342037,4,46.5,537,1,1,5,0,1,8
4429.039406319032,4,70.25,537,1,1,5,0,1,8
4430.052381213056,4,28.0,536,1,1,6,0,0,8
4431.067162057036,4,47.5,535,2,1,5,0,0,8
4432.0785787460045,4,71.25,535,1,1,5,1,0,8
4433.09243577905,4,95.0,535,1,1,3,2,1,8
4434.1065590040525,4,47.5,532,3,2,3,0,0,8
4435.12026912102,4,22.75,531,2,2,3,1,0,8
4436.132800527033,4,38.5,530,2,3,2,1,0,8
4437.146226865007,4,23.25,529,3,2,3,0,0,8
4438.160315206042,4,70.5,529,2,2,4,0,0,8
4439.17396249203,4,72.0,529,0,3,3,2,0,8
4440.187565124012,4,49.75,528,1,2,4,0,0,7
4441.201336912054,4,36.0,527,2,2,4,0,0,8
4442.214762670046,4,47.0,527,2,2,2,2,0,8
4443.229172551015,4,23.25,525,4,1,3,0,0,8
4444.242447333003,4,24.0,524,3,2,2,0,1,8
4445.256722296006,4,10.0,523,1,4,3,0,0,8
4446.270800197031,4,70.0,523,0,4,4,0,0,8
4447.284474658023,4,23.25,523,0,1,7,0,0,8
4448.2986650160165,4,76.0,523,0,0,8,0,0,8
4449.3133838770445,4,48.5,522,1,0,7,0,0,8
4450.326717666001,4,46.5,521,1,1,6,0,0,8
4451.340299556032,4,80.25,521,0,2,4,2,0,8
4452.3537082410185,4,46.75,519,2,2,3,0,1,8
4453.367679629009,4,23.25,518,3,0,5,0,0,8
4454.381021714013,4,48.5,518,3,0,3,2,0,8
4455.3955105610075,4,23.5,516,2,1,5,0,0,8
4456.406000064046,4,47.0,516,1,2,5,0,0,8
4457.420278701,4,71.5,516,0,3,3,0,2,8
4458.431237087003,4,53.75,514,2,3,3,0,0,8
4459.445349405054,4,69.5,514,0,2,4,1,1,8
4460.458625346015,4,47.5,514,0,2,4,0,2,8
4461.472721402999,4,47.25,514,0,2,3,1,2,8
4462.486142164038,4,23.25,512,2,2,3,0,0,7
4463.50022630801,4,12.0,510,4,2,2,0,0,8
4464.5138807950425,4,46.75,510,1,3,4,0,0,8
4465.527637643041,4,95.75,510,0,2,6,0,0,8
4466.541663599026,4,94.25,510,0,2,5,1,0,8
4467.555593205034,4,47.5,508,2,0,5,0,1,8
4468.5696710770135,4,29.0,507,2,0,4,2,0,8
4469.583021171042,4,70.5,507,2,0,4,0,2,8
4470.596695231041,4,29.0,507,0,2,3,0,3,8
4471.609729550022,4,12.5,504,3,2,2,0,1,8
4472.623270647018,4,0.0,502,5,2,1,0,0,8
4473.636552401003,4,23.5,502,5,2,1,0,0,8
4474.649124888005,4,24.75,501,1,5,2,0,0,8
4475.658548436011,4,12.25,501,1,3,4,0,0,8
4476.672896151023,4,71.5,500,2,2,4,0,0,8
4477.683833355026,4,68.25,500,1,1,6,0,0,8
4478.697847219999,4,43.25,500,0,1,7,0,0,8
4479.709606441029,4,94.25,500,0,1,6,1,0,8
4480.722478783049,4,57.0,499,1,0,7,0,0,8
4481.736411428021,4,82.75,499,1,0,6,1,0,8
4482.750391878013,4,46.0,498,1,1,6,0,0,8
4483.763927311054,4,94.0,497,2,0,6,0,0,8
4484.775290096004,4,23.75,496,2,1,4,0,1,8
4485.78944908001,4,0.0,495,2,2,4,0,0,8
4486.803523245035,4,47.25,494,3,1,3,0,1,8
4487.817021775001,4,24.75,493,2,2,3,1,0,8
4488.8311235050205,4,46.75,493,2,2,3,0,1,8
4489.844921486045,4,23.0,492,1,3,3,0,1,8
4490.859161611006,4,39.5,491,2,3,3,0,0,8
4491.873165064026,4,23.0,491,2,0,6,0,0,8
4492.886701022042,4,94.0,491,1,1,6,0,0,8
4493.900173272006,4,95.0,491,0,2,5,1,0,8
4494.91384246602,4,23.25,490,0,3,5,0,0,8
4495.927169801027,4,72.0,490,0,0,8,0,0,8
4496.941089800035,4,70.75,490,0,0,6,2,0,8
4497.956397199014,4,94.25,488,2,0,6,0,0,8
4498.979473603016,4,11.75,487,3,0,5,0,0,8
4499.990020821046,4,16.25,487,2,1,4,0,1,8
4501.0032522280235,4,45.25,487,2,1,2,2,1,8
4502.017142986006,4,23.5,487,1,2,1,0,4,8
4503.031161814055,4,22.5,483,4,2,2,0,0,8
4504.04408935504,4,23.25,483,4,2,2,0,0,8
4505.05825029104,4,24.5,483,3,2,3,0,0,8
4506.070156337053,4,47.0,482,1,4,3,0,0,8
4507.084221188037,4,21.5,482,1,4,3,0,0,8
4508.097564952041,4,70.5,482,1,2,5,0,0,8
4509.111047151033,4,93.75,482,0,2,6,0,0,8
4510.121995151043,4,93.75,482,0,2,6,0,0,8
4511.135517263028,4,66.0,482,0,1,5,1,1,8
4512.147627681028,4,82.5,482,0,1,5,0,1,7
4513.159550614015,4,77.75,480,1,1,6,0,0,8
4514.173157217039,4,80.5,480,1,0,5,2,0,8
4515.186152839044,4,25.0,477,3,1,3,0,1,8
4516.199676958029,4,43.75,477,3,0,4,0,0,7
4517.213704470021,4,47.25,476,3,1,4,0,0,8
4518.227410991036,4,52.75,476,0,4,3,0,1,8
4519.238639094052,4,47.0,476,0,4,2,0,2,8
4520.251130750054,4,47.5,474,2,2,4,0,0,8
4521.258975330042,4,94.0,474,0,3,4,1,0,8
4522.270439454005,4,67.25,474,0,3,4,0,1,8
4523.284294189012,4,45.25,474,0,3,2,2,1,8
4524.297659602016,4,24.5,473,1,3,2,0,2,8
4525.31153737905,4,23.25,471,1,4,2,1,0,8
4526.325002265046,4,25.5,470,1,4,3,0,0,8
4527.336608671001,4,48.5,470,1,2,5,0,0,8
4528.35042375105,4,94.5,470,1,2,5,0,0,8
4529.364097743004,4,50.5,470,0,2,6,0,0,8
4530.381788425031,4,48.25,469,1,1,5,1,0,8
4531.393879578041,4,66.5,468,2,0,6,0,0,8
4532.4078107210225,4,96.0,468,1,1,6,0,0,8
4533.421753869043,4,70.75,468,0,2,5,0,1,8
4534.435195051017,4,71.5,467,1,1,6,0,0,8
4535.4492822900065,4,67.0,467,1,0,7,0,0,8
4536.462845102011,4,93.5,467,1,0,4,3,0,8
4537.477135256049,4,94.0,467,1,0,3,1,3,8
4538.490954120003,4,48.25,463,4,0,3,1,0,8
4539.504978997051,4,20.25,462,2,3,3,0,0,8
4540.519306053,4,28.5,462,2,3,3,0,0,8
4541.53271310305,4,91.75,461,1,1,6,0,0,8
4542.546815342037,4,82.0,461,1,1,6,0,0,8
4543.559638572042,4,95.0,461,1,1,6,0,0,8
4544.572426645027,4,92.75,461,1,1,4,2,0,8
4545.5858251020545,4,70.25,461,1,1,2,4,0,8
4546.600121022027,4,47.0,461,1,1,2,4,0,8
4547.613540383056,4,47.25,461,1,1,1,5,0,8
4548.627642261039,4,0.0,461,1,1,0,6,0,8
4549.640708733001,4,0.0,461,1,1,0,6,0,8
4550.653553646,4,0.0,461,1,1,0,6,0,8
4551.666651078034,4,0.0,461,1,1,0,6,0,8
4552.679784398002,4,0.0,461,1,1,0,6,0,8
4553.693781067035,4,0.0,461,1,1,0,6,0,8
4554.7069853510475,4,0.0,461,1,1,0,6,0,8
4555.719766528055,4,0.0,461,1,1,0,6,0,8
4556.7338020790485,4,0.0,461,1,1,0,6,0,8
4557.748300062027,4,0.0,461,1,1,0,6,0,8
4558.760567145015,4,0.0,461,1,1,0,6,0,8
4559.773758138006,4,0.0,461,1,1,0,6,0,8
4560.787094323023,4,0.0,461,1,1,0,6,0,8
4561.800442079024,4,0.0,461,1,1,0,6,0,8
4562.813363595051,4,0.0,461,1,1,0,6,0,8
4563.826878839056,4,0.0,461,1,1,0,6,0,8
4564.840267564054,4,0.0,461,1,1,0,6,0,8
4565.85351291002,4,0.0,461,1,1,0,6,0,8
4566.866937465034,4,0.0,461,1,1,0,6,0,8
4567.880744859052,4,0.0,461,1,1,0,6,0,8
4568.893863873032,4,0.25,461,1,1,0,0,6,8
4569.907797350024,4,0.0,456,6,1,0,0,1,8
4570.9213706570445,4,0.0,455,3,5,0,0,0,8
4571.935383290052,4,0.0,455,1,5,2,0,0,8
4572.949162859004,4,46.75,455,1,5,2,0,0,8
4573.962849766016,4,44.5,455,1,3,3,0,1,8
4574.977203418035,4,42.75,454,2,2,3,1,0,8
4575.99137587205,4,44.0,453,2,2,4,0,0,8
4577.002336654055,4,26.5,453,2,2,3,1,0,8
4578.016088284028,4,47.75,453,2,1,3,1,1,8
4579.029960958054,4,70.5,451,4,1,3,0,0,8
4580.043859897007,4,46.75,449,6,1,1,0,0,8
4581.057697867043,4,12.0,449,1,6,1,0,0,8
4582.071738277038,4,69.5,449,1,4,3,0,0,8
4583.086433165008,4,71.0,449,1,3,4,0,0,8
4584.100062942016,4,59.0,448,1,2,5,0,0,8
4585.114347354043,4,20.0,448,0,2,6,0,0,8
4586.13004295202,4,71.75,448,0,2,6,0,0,8
4587.142748031998,4,94.0,448,0,1,7,0,0,8
4588.15668563603,4,70.0,448,0,0,8,0,0,8
4589.170328553009,4,71.0,448,0,0,7,0,1,8
4590.1842106690165,4,45.5,447,1,0,6,1,0,8
4591.198755349033,4,93.0,445,3,0,3,1,1,8
4592.211879267008,4,26.25,444,2,1,4,0,1,8
4593.225644671998,4,47.5,443,1,2,5,0,0,8
4594.239143098006,4,47.0,443,1,1,4,2,0,8
4595.252666909015,4,94.5,443,0,1,4,1,2,8
4596.266293656023,4,46.25,440,3,1,4,0,0,8
4597.279925448005,4,35.75,440,2,1,4,1,0,8
4598.293517593003,4,71.25,438,2,2,4,0,0,8
4599.307448375039,4,26.0,438,2,1,5,0,0,8
4600.320862089051,4,50.75,438,1,1,6,0,0,8
4601.335149490042,4,70.25,437,1,2,5,0,0,8
4602.348767115036,4,6.25,437,1,1,5,1,0,8
4603.359903397039,4,87.25,437,0,2,5,0,1,8
4604.373693196045,4,23.5,436,1,2,5,0,0,8
4605.387695056037,4,71.0,436,0,3,3,2,0,8
4606.403714126034,4,33.75,434,2,1,4,0,1,8
4607.417435875046,4,47.0,433,3,1,4,0,0,8
4608.431624817022,4,47.25,433,1,0,7,0,0,8
4609.445513476036,4,71.75,433,1,0,3,4,0,8
4610.459006349032,4,48.5,429,4,1,3,0,0,8
4611.472338225052,4,23.25,429,4,0,3,0,1,8
4612.483832029044,4,70.25,428,5,0,3,0,0,8
4613.4962588250055,4,64.75,428,1,2,5,0,0,8
4614.510012994055,4,47.5,428,1,1,6,0,0,8
4615.522076635039,4,94.75,428,1,0,6,1,0,8
4616.535687388037,4,29.0,426,2,1,5,0,0,8
4617.547693526023,4,61.25,426,2,1,5,0,0,8
4618.56098075601,4,71.0,426,2,1,5,0,0,8
4619.575395159016,4,23.25,425,1,3,4,0,0,8
4620.58787605603,4,71.0,424,2,1,5,0,0,8
4621.60120640503,4,0.0,424,2,0,5,1,0,8
4622.615400142036,4,70.25,424,1,0,6,0,1,8
4623.629365360015,4,20.0,422,2,1,5,0,0,8
4624.64083431405,4,41.75,422,2,1,4,0,1,8
4625.654509884014,4,24.25,421,0,3,4,1,0,8
4626.667670255003,4,70.5,421,0,2,3,2,1,8
4627.680972454022,4,67.0,421,0,2,3,0,3,8
4628.693620050035,4,24.0,418,3,0,5,0,0,8
4629.7071680650115,4,84.0,418,0,0,8,0,0,8
4630.721307309053,4,48.75,418,0,0,8,0,0,8
4631.7347242370015,4,94.5,418,0,0,7,1,0,8
4632.748875653022,4,61.75,417,1,0,7,0,0,8
4633.762627436023,4,93.5,417,0,1,7,0,0,8
4634.779606309021,4,28.5,416,1,1,6,0,0,8
4635.793785384041,4,70.25,416,1,0,4,3,0,8
4636.807448064035,4,71.0,416,1,0,3,1,3,8
4637.821593687055,4,47.0,411,5,1,1,0,1,8
4638.838126500021,4,0.0,409,3,2,3,0,0,8
4639.8515205370495,4,16.5,409,2,2,4,0,0,8
4640.865288854053,4,71.5,409,2,2,4,0,0,8
4641.879389892041,4,51.75,409,0,1,6,0,0,7
4642.891585214005,4,55.5,407,2,1,5,0,0,8
4643.905773627048,4,81.25,407,2,1,5,0,0,8
4644.916106472025,4,94.25,407,2,1,5,0,0,8
4645.929882766039,4,87.5,407,0,1,7,0,0,8
4646.943460096023,4,93.5,407,0,0,8,0,0,8
4647.957795479044,4,92.25,406,1,0,6,1,0,8
4648.970356938022,4,52.0,406,1,0,4,3,0,8
4649.98456189601,4,70.75,406,1,0,3,3,1,8
4650.998193392006,4,46.75,401,5,0,3,0,0,8
4652.01206311502,4,37.75,401,0,4,4,0,0,8
4653.025332333054,4,0.0,401,0,4,4,0,0,8
4654.038936812023,4,71.0,401,0,3,4,1,0,8
4655.052056180022,4,70.5,401,0,1,5,2,0,8
4656.064966826001,4,55.75,398,2,2,4,0,0,8
4657.079105509038,4,35.0,398,0,2,6,0,0,8
4658.0859238850535,4,81.0,398,0,0,8,0,0,8
4659.09951589501,4,94.5,398,0,0,8,0,0,8
4660.113483589026,4,70.0,398,0,0,7,1,0,8
4661.127254678053,4,77.5,397,1,0,7,0,0,8
4662.141240153054,4,47.25,397,1,0,5,2,0,8
4663.154798534,4,71.25,394,3,1,4,0,0,8
4664.167513812019,4,66.0,393,4,1,2,1,0,8
4665.179495883,4,47.0,392,2,3,1,1,1,8
4666.193620605045,4,0.0,391,2,2,3,0,1,8
4667.20720556,4,47.0,391,2,2,3,0,1,8
4668.22096664703,4,23.5,391,0,3,4,0,0,7
4669.233945608023,4,23.75,390,1,2,4,0,1,8
4670.248127670027,4,23.0,389,1,3,4,0,0,8
4671.26000526303,4,47.0,389,1,2,4,1,0,8
4672.273907072027,4,70.25,389,1,1,4,0,2,8
4673.288009907003,4,35.0,387,2,2,4,0,0,8
4674.301666842017,4,36.75,386,3,2,3,0,0,8
4675.308797935024,4,23.5,386,3,1,4,0,0,8
4676.32217111002,4,48.5,385,1,2,5,0,0,8
4677.335490294034,4,45.75,385,1,2,5,0,0,8
4678.349197231,4,96.0,385,0,1,7,0,0,8
4679.362843678042,4,75.25,384,1,1,6,0,0,8
4680.376894921006,4,70.25,384,1,0,6,1,0,8
4681.390135246038,4,45.5,383,2,0,6,0,0,8
4682.401622953999,4,24.25,381,3,1,4,0,0,8
4683.4151638820185,4,0.0,381,0,4,4,0,0,8
4684.427546406048,4,71.5,381,0,4,4,0,0,8
4685.441163628013,4,72.25,381,0,2,5,1,0,8
4686.455507065053,4,47.75,380,1,0,7,0,0,8
4687.4690930280485,4,83.25,379,1,0,6,1,0,8
4688.482773471042,4,49.75,379,1,0,5,1,1,8
4689.496535315004,4,70.25,379,1,0,4,2,1,8
4690.506112266041,4,70.25,378,1,1,3,0,3,8
4691.520111842023,4,25.0,375,1,3,4,0,0,8
4692.534437399008,4,71.5,375,0,2,6,0,0,8
4693.548304051044,4,70.75,375,0,1,7,0,0,8
4694.56145454105,4,94.75,375,0,1,5,2,0,8
4695.573212282034,4,23.25,373,2,1,4,0,1,8
4696.587351782015,4,76.0,372,0,1,6,1,0,8
4697.600856007019,4,22.75,371,1,1,4,2,0,8
4698.613569464011,4,94.25,371,1,1,4,0,2,8
4699.627209985047,4,26.0,369,3,0,5,0,0,8
4700.639396573999,4,70.5,369,0,3,5,0,0,8
4701.651409642014,4,24.25,368,1,2,4,0,1,8
4702.665704045037,4,95.0,368,1,1,4,1,0,7
4703.679848792031,4,47.25,366,3,0,5,0,0,8
4704.692622225033,4,70.25,366,2,1,5,0,0,8
4705.709107547009,4,70.75,366,1,2,4,1,0,8
4706.720198070048,4,70.5,366,0,2,4,0,2,8
4707.7320179290255,4,25.5,364,2,1,4,0,1,8
4708.745321494003,4,70.5,364,2,0,5,0,1,8
4709.759009848,4,70.25,364,1,1,5,0,1,8
4710.770017402014,4,70.5,364,1,1,3,2,1,8
4711.782170619001,4,47.0,364,1,1,3,2,1,8
4712.7959429960465,4,47.0,364,1,1,3,2,1,8
4713.810757915024,4,47.5,364,1,1,3,2,1,8
4714.824117728043,4,25.75,364,1,1,1,4,1,8
4715.837449826999,4,0.0,364,1,1,0,5,1,8
4716.850852401054,4,0.0,364,1,1,0,5,1,8
4717.864777189039,4,0.0,364,1,1,0,5,1,8
4718.877759824041,4,0.0,364,1,1,0,5,1,8
4719.890414880007,4,0.0,364,1,1,0,5,1,8
4720.9039933930035,4,0.0,364,1,1,0,5,1,8
4721.917093912023,4,0.0,364,1,1,0,5,1,8
4722.930796819041,4,0.0,364,1,1,0,5,1,8
4723.942174534022,4,0.0,364,1,1,0,5,1,8
4724.956175551051,4,0.0,364,1,1,0,5,1,8
4725.969655918016,4,0.0,364,1,1,0,5,1,8
4726.9823896040325,4,0.0,364,1,1,0,5,1,8
4727.995999228035,4,0.0,364,1,1,0,5,1,8
4729.0096972890315,4,0.0,364,1,1,0,5,1,8
4730.022988781042,4,0.0,364,1,1,0,5,1,8
4731.036915519042,4,0.0,364,1,1,0,5,1,8
4732.050699545012,4,0.0,364,1,1,0,5,1,8
4733.063668492017,4,0.0,364,1,1,0,5,1,8
4734.077124958043,4,0.0,364,1,1,0,5,1,8
4735.090548570035,4,0.0,364,1,1,0,5,1,8
4736.104456879024,4,0.0,364,1,1,0,5,1,8
4737.118270010047,4,0.0,359,5,2,0,0,1,8
4738.132827446039,4,6.75,358,6,0,2,0,0,8
4739.146640499006,4,0.0,358,2,2,4,0,0,8
4740.160175187048,4,32.75,358,1,3,3,1,0,8
4741.174544172012,4,47.25,358,1,3,3,0,1,8
4742.188196862,4,47.75,357,1,2,5,0,0,8
4743.202482651046,4,50.25,357,0,2,6,0,0,8
4744.214492902043,4,90.25,357,0,1,6,1,0,8
4745.229573960998,4,93.25,357,0,1,6,0,1,8
4746.240519856045,4,52.75,356,1,1,6,0,0,8
4747.253326893027,4,70.25,355,1,1,6,0,0,8
4748.264062263013,4,70.75,355,1,1,6,0,0,8
4749.277850498038,4,71.0,355,1,1,4,2,0,8
4750.2913685230305,4,48.5,353,2,1,4,1,0,8
4751.305620542029,4,46.75,352,1,2,5,0,0,8
4752.3191725140205,4,67.5,352,1,2,4,0,1,8
4753.332644526032,4,70.25,352,1,2,4,0,1,8
4754.346654424036,4,94.75,352,0,2,4,0,2,8
4755.360828483012,4,93.5,350,2,2,4,0,0,8
4756.372259193042,4,43.25,350,1,2,5,0,0,8
4757.385673421028,4,47.75,350,0,3,3,2,0,8
4758.399853839015,4,47.25,350,0,3,3,0,2,8
4759.411693367001,4,46.5,348,2,0,5,0,1,8
4760.425523506012,4,86.5,347,0,3,3,0,2,8
4761.439592465002,4,63.25,347,0,3,3,0,2,8
4762.452837494027,4,48.0,347,0,1,4,1,2,8
4763.466612972028,4,48.0,344,3,0,5,0,0,8
4764.480506414024,4,54.75,343,1,3,4,0,0,8
4765.4945558570325,4,36.25,343,1,3,3,0,1,8
4766.507843239,4,47.25,343,1,3,3,0,1,8
4767.523529216007,4,48.0,343,1,1,5,0,1,8
4768.535590770014,4,20.25,341,2,1,5,0,0,8
4769.549309348047,4,70.0,341,0,2,6,0,0,8
4770.563115124998,4,48.0,341,0,1,7,0,0,8
4771.576523050026,4,94.5,341,0,1,6,1,0,8
4772.58999028604,4,70.75,340,1,0,5,0,2,8
4773.600914151,4,61.0,338,0,2,6,0,0,8
4774.61464628001,4,70.0,338,0,0,8,0,0,8
4775.628421805042,4,97.0,338,0,0,7,1,0,8
4776.6423848020495,4,49.25,337,1,0,7,0,0,8
4777.656059756002,4,94.5,337,1,0,5,2,0,8
4778.670616427029,4,49.75,336,1,1,4,0,2,8
4779.684173594054,4,46.5,334,3,1,3,1,0,8
4780.696765067056,4,47.25,332,2,3,3,0,0,8
4781.708482456044,4,24.25,332,2,2,4,0,0,8
4782.720754702052,4,71.0,331,2,1,5,0,0,8
4783.73244363605,4,46.75,331,1,2,5,0,0,8
4784.7464153700275,4,71.25,331,1,2,4,1,0,8
4785.757821889012,4,26.0,331,1,1,5,0,1,8
4786.769230323029,4,95.0,329,2,1,5,0,0,8
4787.7846868990455,4,0.0,329,1,2,5,0,0,8
4788.80158901203,4,94.75,329,1,2,5,0,0,8
4789.815197089047,4,94.5,329,1,2,4,1,0,8
4790.829220329004,4,23.75,327,2,1,4,0,1,8
4791.843028797011,4,44.0,326,1,0,7,0,0,8
4792.855539360025,4,95.25,326,1,0,5,2,0,8
4793.86826206703,4,72.25,324,2,1,5,0,0,8
4794.882488373027,4,93.0,324,1,0,7,0,0,8
4795.893522808037,4,23.0,323,1,1,6,0,0,8
4796.907144905999,4,75.25,323,1,1,5,1,0,8
4797.920812705008,4,95.25,323,1,1,5,1,0,8
4798.932844900002,4,94.5,322,1,0,7,0,0,8
4799.946629876038,4,95.25,322,0,1,7,0,0,8
4800.960425349011,4,47.5,321,1,1,3,3,0,8
4801.973061199009,4,47.5,321,1,1,3,3,0,8
4802.98564976803,4,35.75,319,3,0,4,0,1,8
4803.999148888048,4,31.25,318,4,0,3,0,1,8
4805.011184643023,4,23.25,316,2,3,3,0,0,8
4806.024924461031,4,47.0,316,2,3,2,1,0,8
4807.037159874046,4,24.75,316,2,1,4,0,1,8
4808.0482480880455,4,35.5,315,3,1,4,0,0,8
4809.06224406301,4,56.25,315,0,2,6,0,0,8
4810.075587982021,4,69.75,315,0,2,6,0,0,8
4811.0893720349995,4,71.25,314,1,1,6,0,0,8
4812.103586068028,4,47.25,313,1,1,6,0,0,8
4813.117235660029,4,47.25,312,2,1,5,0,0,8
4814.131361352047,4,55.25,312,2,1,3,2,0,8
4815.144544485025,4,46.75,312,1,0,4,1,2,8
4816.1585801040055,4,94.75,308,4,1,3,0,0,8
4817.170708104037,4,24.25,308,0,3,5,0,0,8
4818.184171175002,4,47.25,308,0,3,4,1,0,8
4819.194841370045,4,46.25,308,0,1,6,0,1,8
4820.208340256009,4,48.5,307,1,1,4,0,1,7
4821.220333566016,4,71.0,305,0,0,8,0,0,8
4822.234198685037,4,71.25,305,0,0,8,0,0,8
4823.247719407023,4,94.0,305,0,0,6,1,1,8
4824.260773206013,4,70.5,304,1,0,6,0,1,8
4825.27450739505,4,95.0,304,1,0,4,2,1,8
4826.286873235018,4,46.75,301,2,2,4,0,0,8
4827.2993384260335,4,48.25,301,1,2,5,0,0,8
4828.31311335403,4,71.25,301,0,1,6,1,0,8
4829.3270524680265,4,38.75,299,2,1,5,0,0,8
4830.340920886025,4,56.25,299,0,2,4,1,1,8
4831.351486014028,4,70.75,299,0,2,4,0,2,8
4832.365441154048,4,66.75,299,0,2,4,0,1,7
4833.378694241052,4,90.75,297,2,0,5,0,1,8
4834.393113669008,4,32.75,296,1,2,5,0,0,8
4835.4068569980445,4,23.75,296,1,2,4,1,0,8
4836.422145409044,4,93.75,296,1,1,5,0,1,8
4837.431059470051,4,23.5,294,2,1,5,0,0,8
4838.444976811006,4,89.5,293,1,2,5,0,0,8
4839.458524970047,4,34.0,293,1,0,7,0,0,8
4840.4722588580335,4,96.5,293,1,0,4,3,0,8
4841.486769086041,4,47.75,293,1,0,2,3,2,8
4842.5006590640405,4,0.0,288,5,1,2,0,0,8
4843.5144110450055,4,47.75,288,1,4,3,0,0,8
4844.52811905503,4,45.5,288,0,4,4,0,0,8
4845.541680955037,4,69.75,288,0,3,4,1,0,8
4846.555763109005,4,49.0,287,1,0,5,2,0,8
4847.569389036042,4,59.0,284,1,1,6,0,0,8
4848.583101383003,4,45.75,284,0,2,4,2,0,8
4849.594587601023,4,71.25,284,0,2,4,2,0,8
4850.602562803018,4,70.5,284,0,1,4,0,3,8
4851.616762258054,4,14.25,280,1,3,4,0,0,8
4852.628751497017,4,12.5,279,1,2,4,0,1,8
4853.642692607013,4,23.25,278,2,2,2,2,0,8
4854.655441313051,4,46.0,277,2,3,1,0,2,8
4855.664358203008,4,23.25,277,2,3,1,0,2,8
4856.676676481031,4,32.75,275,3,2,3,0,0,8
4857.68837320304,4,46.75,275,2,2,4,0,0,8
4858.702264677035,4,46.5,275,2,2,3,1,0,8
4859.714637328056,4,23.5,275,0,2,3,0,3,8
4860.728359313041,4,24.75,272,1,3,3,0,1,8
4861.742092353001,4,0.0,271,1,2,4,1,0,8
4862.755431990023,4,40.5,271,1,2,3,1,1,8
4863.76900489605,4,47.25,268,4,1,3,0,0,8
4864.780035353033,4,72.0,268,3,1,4,0,0,8
4865.793975950044,4,24.25,268,1,3,4,0,0,8
4866.808896692004,4,24.5,268,0,2,5,1,0,8
4867.828813721018,4,67.75,268,0,2,4,2,0,8
4868.839898917009,4,44.0,268,0,2,4,0,2,8
4869.8524539460195,4,22.5,265,1,2,5,0,0,8
4870.866596228036,4,46.25,265,0,2,6,0,0,8
4871.880119804002,4,63.5,265,0,2,6,0,0,8
4872.89394528704,4,94.75,265,0,1,5,1,1,8
4873.907259251049,4,30.25,264,1,1,4,0,2,8
4874.921740173013,4,46.25,262,1,3,3,0,1,8
4875.934715780022,4,24.0,262,1,2,4,0,1,8
4876.947650826012,4,71.0,262,1,2,4,0,0,7
4877.961199075042,4,69.75,261,2,2,2,2,0,8
4878.975049341039,4,0.0,259,3,2,3,0,0,8
4879.989263032039,4,19.5,259,1,1,5,1,0,8
4881.002786114055,4,73.25,259,1,1,4,1,1,8
4882.015273847035,4,95.5,257,3,0,5,0,0,8
4883.029433443036,4,54.5,257,3,0,5,0,0,8
4884.043523876055,4,95.5,257,3,0,4,1,0,8
4885.057270522055,4,71.0,257,3,0,4,1,0,8
4886.070358028053,4,47.5,257,3,0,3,2,0,8
4887.084179953032,4,47.5,257,3,0,2,3,0,8
4888.097143060004,4,23.5,257,3,0,1,4,0,8
4889.111373160034,4,23.75,257,3,0,0,5,0,8
4890.124789068999,4,0.0,257,3,0,0,5,0,8
4891.138489190023,4,0.0,257,3,0,0,5,0,8
4892.1522713020095,4,0.0,257,3,0,0,5,0,8
4893.165444587008,4,0.0,257,3,0,0,5,0,8
4894.187653832021,4,0.0,257,3,0,0,5,0,8
4895.201032126031,4,0.0,257,3,0,0,5,0,8
4896.214244939038,4,0.0,257,3,0,0,5,0,8
4897.2278197840205,4,0.0,257,3,0,0,5,0,8
4898.24109456205,4,0.0,257,3,0,0,5,0,8
4899.254358214035,4,0.0,257,3,0,0,5,0,8
4900.267401369056,4,0.0,257,3,0,0,5,0,8
4901.280662096047,4,0.0,257,3,0,0,5,0,8
4902.294156651013,4,0.0,257,3,0,0,5,0,8
4903.307726599043,4,0.0,257,3,0,0,5,0,8
4904.320959236007,4,0.0,257,3,0,0,5,0,8
4905.332191214024,4,0.0,257,3,0,0,5,0,8
4906.345315519022,4,0.0,257,3,0,0,5,0,8
4907.358785912045,4,0.0,257,3,0,0,5,0,8
4908.372138413019,4,0.0,257,3,0,0,5,0,8
4909.385284025047,4,0.0,257,3,0,0,5,0,8
4910.399065395002,4,0.0,257,3,0,0,0,5,8
4911.412868612038,4,0.0,252,8,0,0,0,0,8
4912.424151518033,4,44.75,252,4,0,4,0,0,8
4913.4362369950395,4,69.75,252,2,2,4,0,0,8
4914.44851002004,4,70.5,252,1,3,4,0,0,8
4915.46209485404,4,69.5,252,0,1,7,0,0,8
4916.476343330054,4,70.25,251,1,1,6,0,0,8
4917.489966906025,4,19.75,251,0,1,7,0,0,8
4918.501801264007,4,94.25,251,0,1,7,0,0,8
4919.515509391029,4,94.25,251,0,1,4,3,0,8
4920.527553668013,4,24.0,246,5,1,1,0,1,8
4921.541867143009,4,21.25,245,1,6,0,1,0,8
4922.556026294013,4,23.25,245,1,5,1,0,1,8
4923.567282730015,4,23.75,245,1,5,1,0,1,8
4924.579273576033,4,73.25,245,1,3,3,0,0,7
4925.593065310037,4,23.25,244,1,3,4,0,0,8
4926.604875908,4,46.5,244,1,2,4,1,0,8
4927.616165963002,4,37.25,244,1,1,4,0,2,8
4928.627907834016,4,64.25,242,1,2,5,0,0,8
4929.64076492202,4,93.75,242,1,2,5,0,0,8
4930.653670418018,4,67.75,242,1,0,7,0,0,8
4931.667188581021,4,93.5,242,1,0,6,1,0,8
4932.681401448033,4,59.75,241,1,1,6,0,0,8
4933.694996400038,4,69.5,240,1,0,6,1,0,8
4934.7068666630075,4,20.75,239,2,0,5,0,1,8
4935.720827476005,4,94.75,239,2,0,3,2,1,8
4936.732724326022,4,71.0,239,1,1,2,3,1,8
4937.7470396280405,4,11.25,236,4,1,2,0,1,8
4938.760797773022,4,9.5,235,1,3,4,0,0,8
4939.776440180023,4,0.0,235,1,2,5,0,0,8
4940.790980565012,4,46.75,235,1,2,2,3,0,8
4941.805183514021,4,0.0,233,2,1,3,1,1,8
4942.818345492007,4,23.25,231,4,1,3,0,0,8
4943.832599357003,4,6.75,231,4,0,3,1,0,8
4944.845880789042,4,70.5,231,4,0,2,2,0,8
4945.859928232036,4,46.75,231,4,0,2,1,1,8
4946.873408780026,4,11.0,229,2,3,3,0,0,8
4947.885945376998,4,24.0,228,2,3,3,0,0,8
4948.897863787017,4,46.5,228,1,2,4,0,1,8
4949.910410545999,4,70.5,228,1,2,3,0,2,8
4950.92435673601,4,0.0,227,2,1,3,0,2,8
4951.938257580041,4,23.25,225,2,3,3,0,0,8
4952.952259677055,4,46.5,225,1,3,1,2,1,8
4953.963060850045,4,46.5,225,0,1,3,1,3,8
4954.974518852017,4,0.0,222,3,1,1,0,3,8
4955.987871234014,4,23.25,222,2,1,2,0,0,5
4957.000311296026,4,0.0,219,3,2,3,0,0,8
4958.013646180043,4,47.25,219,3,1,3,0,1,8
4959.027107096044,4,23.5,218,4,1,3,0,0,8
4960.041566823027,4,47.25,217,5,0,2,0,1,8
4961.055810241029,4,4.75,216,2,4,1,1,0,8
4962.066826642025,4,0.0,215,3,4,0,0,1,8
4963.079334189009,4,0.0,215,2,5,0,0,0,7
4964.093025799026,4,24.75,214,2,3,3,0,0,8
4965.107175726036,4,47.0,213,3,3,2,0,0,8
4966.118320981041,4,23.5,213,3,1,4,0,0,8
4967.13210555003,4,93.75,213,3,1,4,0,0,8
4968.143805893022,4,95.0,213,1,3,4,0,0,8
4969.157938706048,4,71.5,213,0,3,4,0,1,8
4970.171515173046,4,48.25,212,1,3,4,0,0,8
4971.185124223004,4,50.5,212,1,1,4,2,0,8
4972.197803780029,4,71.5,212,1,1,4,0,2,8
4973.211928178032,4,69.0,211,2,1,3,1,1,8
4974.224990279006,4,47.5,209,1,3,4,0,0,8
4975.241144647007,4,23.5,209,1,3,2,2,0,8
4976.253017031006,4,47.0,209,1,1,4,0,2,8
4977.265190528007,4,96.75,208,1,0,5,0,1,7
4978.2787486870075,4,64.25,206,1,1,6,0,0,8
4979.288008066011,4,24.0,205,2,1,5,0,0,8
4980.299755919026,4,70.5,205,2,0,4,2,0,8
4981.312378084054,4,65.0,203,4,0,4,0,0,8
4982.326520410017,4,51.75,203,1,1,6,0,0,8
4983.339981640049,4,66.75,203,0,1,6,1,0,8
4984.353802939004,4,93.75,203,0,1,5,2,0,8
4985.365652410022,4,55.5,201,1,0,7,0,0,8
4986.377215167042,4,46.75,200,1,1,6,0,0,8
4987.390730296029,4,66.25,200,1,1,5,1,0,8
4988.404823854042,4,69.75,200,1,1,3,3,0,8
4989.4218007849995,4,47.5,200,1,0,3,2,2,8
4990.444091778016,4,36.0,195,5,1,2,0,0,8
4991.461613618012,4,0.0,195,5,1,1,1,0,8
4992.475507669034,4,0.0,195,5,0,2,1,0,8
4993.48928733205,4,23.25,194,4,2,1,0,1,8
4994.5018526600325,4,45.75,194,1,2,4,0,0,7
4995.515111623041,4,46.75,193,2,2,2,1,1,8
4996.529096461018,4,2.0,190,4,2,2,0,0,8
4997.541012714035,4,48.25,190,1,3,3,1,0,8
4998.554940635047,4,33.25,190,0,3,4,0,1,8
4999.5685516050435,4,70.75,189,1,3,3,1,0,8
5000.576934151002,4,23.25,188,2,2,4,0,0,8
5001.588575133006,4,71.5,188,1,1,3,0,3,8
5002.599730946007,4,18.5,185,3,0,5,0,0,8
5003.613454409002,4,46.5,185,3,0,3,2,0,8
5004.625100620033,4,46.5,184,1,3,3,0,1,8
5005.637341029011,4,46.75,183,1,4,2,1,0,8
5006.64922679204,4,59.5,182,2,3,3,0,0,8
5007.663049632043,4,45.75,182,1,4,3,0,0,8
5008.676521316054,4,94.75,182,0,3,5,0,0,8
5009.6905611580005,4,89.5,182,0,1,7,0,0,8
5010.704483289039,4,93.5,181,1,1,6,0,0,8
5011.718234986009,4,18.5,181,1,1,4,2,0,8
5012.729777445027,4,71.25,181,1,1,4,1,1,8
5013.743790289038,4,69.75,179,2,2,4,0,0,8
5014.7564363970305,4,70.75,179,2,2,4,0,0,8
5015.7679147190065,4,71.0,179,0,2,6,0,0,8
5016.784233751008,4,93.25,179,0,0,6,2,0,8
5017.797993901011,4,74.25,175,4,0,4,0,0,8
5018.811829455022,4,19.25,175,3,0,5,0,0,8
5019.8255487100105,4,70.25,173,4,1,3,0,0,8
5020.839206877048,4,23.5,173,2,2,4,0,0,8
5021.853670944052,4,70.75,173,2,2,3,1,0,8
5022.867306854052,4,47.0,172,2,1,5,0,0,8
5023.881514844019,4,71.5,172,0,2,6,0,0,8
5024.895276327035,4,71.0,172,0,2,5,1,0,8
5025.908952216036,4,63.25,171,1,0,7,0,0,8
5026.922662158031,4,88.25,171,1,0,7,0,0,8
5027.93625887105,4,94.5,171,1,0,6,1,0,8
5028.950279012031,4,71.25,170,1,1,5,0,1,8
5029.963981999026,4,69.75,169,0,3,3,1,1,8
5030.976853853033,4,54.75,168,1,2,4,0,1,8
5031.990227580012,4,49.0,168,1,2,3,1,0,7
5033.003897052025,4,35.75,165,2,1,5,0,0,8
5034.01802281104,4,25.0,165,2,1,5,0,0,8
5035.032107309031,4,93.75,165,1,1,6,0,0,8
5036.044697340054,4,94.25,163,3,1,4,0,0,8
5037.057487645012,4,32.0,163,0,3,5,0,0,8
5038.069975593011,4,23.5,163,0,3,5,0,0,8
5039.083480348054,4,92.5,163,0,2,6,0,0,8
5040.097619202046,4,96.5,161,2,0,6,0,0,8
5041.109650814033,4,23.5,157,6,0,2,0,0,8
5042.123017398,4,14.5,157,3,2,1,2,0,8
5043.136093783018,4,24.75,157,2,3,1,1,1,8
5044.150264205004,4,23.5,157,2,3,1,0,2,8
5045.164049825049,4,0.0,155,2,3,3,0,0,8
5046.179038276023,4,42.0,154,0,3,5,0,0,8
5047.192713060998,4,52.25,154,0,3,5,0,0,8
5048.205520427029,4,95.0,154,0,3,5,0,0,8
5049.219248964044,4,94.5,154,0,1,7,0,0,8
5050.231533895014,4,95.5,154,0,0,8,0,0,8
5051.245420539053,4,47.0,154,0,0,7,0,0,7
5052.258935090038,4,71.0,154,0,0,6,1,0,7
5053.27092333202,4,94.75,154,0,0,6,0,0,6
5054.28362636402,4,45.75,154,0,0,3,0,3,6
5055.297487016011,4,21.75,152,2,0,3,0,0,5
5056.310661783034,4,43.0,152,2,0,2,1,0,5
5057.324704091006,4,23.5,152,2,0,1,2,0,5
5058.335716987029,4,5.0,152,2,0,0,3,0,5
5059.349513289053,4,0.0,152,2,0,0,3,0,5
5060.3633944580215,4,0.0,152,2,0,0,3,0,5
5061.377208779042,4,0.0,152,2,0,0,3,0,5
5062.391145320027,4,0.0,152,2,0,0,3,0,5
5063.404454553034,4,0.0,152,2,0,0,3,0,5
5064.418592258007,4,0.0,152,2,0,0,3,0,5
5065.432510589017,4,0.0,152,2,0,0,3,0,5
5066.442232840054,4,0.0,152,2,0,0,3,0,5
5067.455877724045,4,0.0,152,2,0,0,3,0,5
5068.469380033028,4,0.0,152,2,0,0,3,0,5
5069.48223107605,4,0.0,152,2,0,0,3,0,5
5070.4951717570075,4,0.0,152,2,0,0,3,0,5
5071.508535501023,4,0.0,152,2,0,0,3,0,5
5072.5213269390515,4,0.0,152,2,0,0,3,0,5
5073.534470380051,4,0.0,152,2,0,0,3,0,5
5074.547359956021,4,0.0,152,2,0,0,3,0,5
5075.560465163027,4,0.0,152,2,0,0,3,0,5
5076.5733702540165,4,0.0,152,2,0,0,3,0,5
5077.586535711016,4,0.0,152,2,0,0,3,0,5
5078.599327551026,4,0.0,152,2,0,0,3,0,5
5079.612613810052,4,0.0,152,2,0,0,3,0,5
5080.625279125001,4,0.0,152,2,0,0,3,0,5
5081.638232396042,4,0.0,152,2,0,0,3,0,5
5082.650970339018,4,0.0,152,2,0,0,3,0,5
5083.6642791440245,4,0.0,152,2,0,0,3,0,5
5084.677981096029,4,0.0,152,2,0,0,3,0,5
5085.6923869860475,4,0.0,152,2,0,0,3,0,5
5086.7056818600395,4,0.0,152,2,0,0,3,0,5
5087.718857106054,4,0.0,152,2,0,0,3,0,5
5088.734019989031,4,0.0,152,1,1,0,3,0,5
5089.747200890037,4,0.0,152,0,2,0,3,0,5
5090.762125763053,4,0.0,152,0,2,0,0,3,5
5091.77566095104,4,0.0,152,0,2,0,0,2,4
5092.78926179203,4,38.5,150,1,1,2,0,0,4
5093.801378448028,4,24.75,150,0,1,3,0,0,4
5094.814237956016,4,47.5,150,0,0,4,0,0,4
5095.829245342,4,24.25,150,0,0,4,0,0,4
5096.839447578008,3,50.0,149,1,0,3,0,0,4
5097.851340774039,3,31.333333333333332,149,0,1,3,0,0,4
5098.865181212022,3,32.333333333333336,149,0,0,3,0,1,4
5099.878487316018,3,0.0,148,1,0,3,0,0,4
5100.889467824018,3,63.666666666666664,148,0,1,3,0,0,4
5101.903117834008,3,32.333333333333336,148,0,1,2,0,1,4
5102.91717489803,3,31.333333333333332,148,0,1,2,0,1,4
5103.931355169043,3,0.0,146,2,1,0,0,0,3
5104.945292584016,2,0.0,145,1,2,1,0,0,4
5105.959326912998,2,0.0,145,0,1,3,0,0,4
5106.972229357052,2,95.0,145,0,0,4,0,0,4
5107.9845072500175,2,83.5,145,0,0,4,0,0,4
5108.995498120028,2,95.0,145,0,0,4,0,0,4
5110.009483319998,2,95.5,145,0,0,4,0,0,4
5111.023121139035,2,46.0,145,0,0,2,2,0,4
5112.037087003002,2,47.0,143,2,0,2,0,0,4
5113.053327076021,2,45.5,143,0,1,3,0,0,4
5114.066706921032,2,49.0,143,0,0,4,0,0,4
5115.079319422017,2,70.5,143,0,0,2,2,0,4
5116.092968389043,2,41.5,141,2,0,2,0,0,4
5117.107274633017,2,46.5,141,0,1,3,0,0,4
5118.12153168401,2,76.5,141,0,0,3,0,1,4
5119.134905430023,2,61.0,141,0,0,2,1,0,3
5120.146503544005,2,71.5,139,1,1,2,0,0,4
5121.16020721104,2,45.5,139,1,1,2,0,0,4
5122.174539557018,2,96.0,139,0,1,3,0,0,4
5123.188562925032,2,7.5,139,0,1,3,0,0,4
5124.20223109005,2,93.0,137,2,0,2,0,0,4
5125.212424876052,2,47.5,137,2,0,2,0,0,4
5126.226637162035,2,47.0,137,0,2,2,0,0,4
5127.238810975046,2,0.0,137,0,2,2,0,0,4
5128.2532009160495,3,41.0,137,0,0,4,0,0,4
5129.264630868041,3,42.0,137,0,0,4,0,0,4
5130.280883978005,3,77.66666666666667,137,0,0,4,0,0,4
5131.290432036039,3,55.333333333333336,136,1,0,2,0,1,4
5132.301890342031,3,26.333333333333332,135,1,1,2,0,0,4
5133.316384644015,3,46.666666666666664,135,1,1,2,0,0,4
5134.32862900605,3,33.0,135,0,0,4,0,0,4
5135.34260600002,4,45.0,134,1,0,3,0,0,4
5136.356671444024,4,0.0,133,1,0,3,0,0,4
5137.369726440054,4,37.75,133,1,0,3,0,0,4
5138.383709964051,4,81.25,133,0,0,4,0,0,4
5139.396311341028,4,63.5,133,0,0,4,0,0,4
5140.4104909550515,4,46.25,132,1,0,3,0,0,4
5141.423095600039,4,46.0,132,1,0,3,0,0,4
5142.434290755016,4,58.0,132,1,0,3,0,0,4
5143.448203121021,4,23.5,131,1,1,2,0,0,4
5144.4609932490275,4,0.0,131,0,1,3,0,0,4
5145.469619852025,4,25.5,131,0,1,2,1,0,4
5146.483681609039,4,44.5,131,0,0,2,1,1,4
5147.496565532056,4,28.0,127,4,0,2,0,0,6
5148.510694978002,4,41.0,127,0,1,5,0,0,6
5149.5241320070345,4,59.25,127,0,1,5,0,0,6
5150.537840713048,4,74.75,127,0,0,6,0,0,6
5151.550402261026,4,70.75,127,0,0,6,0,0,6
5152.564322957012,4,71.0,124,3,0,5,0,0,8
5153.577922150027,4,60.0,124,3,0,5,0,0,8
5154.591667977045,4,71.0,124,3,0,3,2,0,8
5155.605806990003,4,70.5,122,2,3,2,1,0,8
5156.619520966022,4,63.25,121,1,2,5,0,0,8
5157.631510440027,4,81.0,121,0,0,8,0,0,8
5158.643103727023,4,94.0,121,0,0,7,1,0,8
5159.656828589039,4,91.25,120,1,0,7,0,0,8
5160.670271774055,4,71.25,119,2,0,6,0,0,8
5161.684391933028,4,70.25,117,2,2,4,0,0,8
5162.700323704048,4,69.75,117,2,1,5,0,0,8
5163.714099905046,4,48.5,117,2,0,4,1,1,8
5164.728070098034,4,72.0,115,2,1,5,0,0,8
5165.741850188002,4,68.75,114,0,2,6,0,0,8
5166.756002670038,4,47.25,114,0,1,6,1,0,8
5167.769545973046,4,94.0,114,0,0,5,0,3,8
5168.784480391012,4,70.5,111,3,0,3,1,1,8
5169.79837754101,4,38.0,109,2,2,4,0,0,8
5170.809232608008,4,46.5,109,2,0,6,0,0,8
5171.823107030999,4,89.75,109,2,0,4,2,0,8
5172.8365961200325,4,57.0,107,4,0,3,0,1,8
5173.850672230008,4,5.0,104,4,0,4,0,0,8
5174.864831329032,4,27.75,102,2,1,5,0,0,8
5175.876995536033,4,47.75,102,2,1,2,2,1,8
5176.886060708028,4,47.0,99,3,2,3,0,0,8
5177.89783573203,4,23.5,99,3,1,4,0,0,8
5178.911431279033,4,46.75,99,3,1,4,0,0,8
5179.925033667008,4,70.25,99,3,1,4,0,0,8
5180.938397522026,4,70.0,99,3,1,3,1,0,8
5181.952266979031,4,20.5,98,1,1,6,0,0,8
5182.966063462023,4,70.75,97,1,0,7,0,0,8
5183.977678144001,4,62.0,97,1,0,6,1,0,8
5184.991590203019,4,94.5,95,2,1,4,0,1,8
5186.005465925031,4,35.5,94,0,2,6,0,0,8
5187.019094681018,4,93.0,94,0,0,7,1,0,8
5188.033141029999,4,74.25,94,0,0,6,1,1,8
5189.043873834016,4,93.75,94,0,0,5,2,1,8
5190.058019878052,4,29.0,91,3,0,4,0,1,8
5191.068434931047,4,25.75,90,1,1,5,1,0,8
5192.082023742027,4,13.0,90,1,1,5,1,0,8
5193.094884031045,4,71.0,90,1,0,6,0,1,8
5194.108759689028,4,48.25,89,1,1,6,0,0,8
5195.122817347001,4,72.5,89,0,1,7,0,0,8
5196.136585169006,4,96.75,89,0,0,7,1,0,8
5197.149712743005,4,71.5,89,0,0,5,3,0,8
5198.162987613003,4,46.5,84,5,0,3,0,0,8
5199.17648906901,4,43.75,83,1,2,5,0,0,8
5200.190457916004,4,66.0,83,1,2,5,0,0,8
5201.203327164054,4,71.5,83,1,2,5,0,0,8
5202.215991060017,4,50.75,83,0,1,7,0,0,8
5203.229998804047,4,70.5,81,2,1,5,0,0,8
5204.2440465150285,4,70.75,81,0,2,6,0,0,8
5205.2571233750205,4,51.5,81,0,2,4,2,0,8
5206.269613197015,4,46.5,78,3,1,4,0,0,8
5207.282965428021,4,22.5,78,0,3,4,0,1,8
5208.293938816001,4,41.25,76,2,3,3,0,0,8
5209.307688969013,4,70.0,76,2,2,4,0,0,8
5210.316734197026,4,60.25,75,1,1,6,0,0,8
5211.328310868004,4,23.25,75,1,1,4,0,2,8
5212.346570637019,4,50.5,72,4,0,3,1,0,8
5213.360250512022,4,65.25,72,4,0,2,0,2,8
5214.374108728021,4,23.0,70,3,2,3,0,0,8
5215.388090967026,4,23.25,70,3,0,1,3,1,8
5216.401707622048,4,12.25,66,2,2,4,0,0,8
5217.416358998045,4,71.0,66,1,2,3,1,1,8
5218.430061490042,4,46.75,64,2,3,3,0,0,8
5219.443958068034,4,47.0,64,2,3,2,1,0,8
5220.4577230280265,4,63.25,63,0,1,7,0,0,8
5221.471479844011,4,75.5,63,0,0,5,2,1,8
5222.485360713035,4,46.5,60,3,0,4,0,0,7
5223.498014059034,4,71.25,59,1,2,4,1,0,8
5224.511987482023,4,53.0,59,1,2,3,1,1,8
5225.525707522,4,49.0,57,2,1,5,0,0,8
5226.5396591840545,4,46.5,56,0,2,6,0,0,8
5227.553701688012,4,27.5,56,0,1,7,0,0,8
5228.567572039028,4,94.0,56,0,1,7,0,0,8
5229.581548093003,4,93.0,56,0,0,8,0,0,8
5230.5946173720295,4,34.5,53,3,0,4,0,1,8
5231.608821391012,4,23.25,52,0,3,4,1,0,8
5232.622309724044,4,72.0,52,0,3,4,1,0,8
5233.6355057320325,4,48.5,50,2,3,1,0,2,8
5234.652064253052,4,20.25,48,1,2,5,0,0,8
5235.6732965950505,4,86.5,48,0,0,8,0,0,8
5236.687272500014,4,93.5,48,0,0,7,1,0,8
5237.700550226029,4,94.25,48,0,0,6,2,0,8
5238.714183920005,4,32.5,46,2,0,6,0,0,8
5239.727861525025,4,94.0,46,0,0,8,0,0,8
5240.740211191005,4,66.25,46,0,0,7,1,0,8
5241.753740120039,4,94.5,46,0,0,7,1,0,8
5242.767417444033,4,36.75,43,3,0,5,0,0,8
5243.7778798250365,4,70.5,42,1,1,3,2,1,8
5244.7921483060345,4,23.25,40,3,1,3,0,1,8
5245.806233107054,4,72.75,40,3,0,3,1,0,7
5246.819554816,4,70.0,39,2,2,2,0,2,8
5247.83356100705,4,14.75,37,3,2,3,0,0,8
5248.847108490008,4,43.0,37,1,4,2,1,0,8
5249.86128963402,4,46.5,37,0,3,4,1,0,8
5250.872535193048,4,71.25,37,0,3,3,0,2,8
5251.886427711055,4,21.5,35,0,4,4,0,0,8
5252.900101474021,4,91.25,35,0,0,8,0,0,8
5253.914011087036,4,88.5,35,0,0,7,1,0,8
5254.925684287038,4,93.75,35,0,0,6,2,0,8
5255.939691924024,4,95.25,30,5,0,3,0,0,8
5256.9533936130465,4,39.75,30,0,5,3,0,0,8
5257.967247939028,4,62.0,30,0,2,4,2,0,8
5258.981624402048,4,94.5,28,2,1,3,1,1,8
5259.995318372035,4,45.5,28,2,0,3,1,1,7
5261.0090469590505,4,70.0,25,2,3,2,1,0,8
5262.023138935037,4,5.25,24,3,2,3,0,0,8
5263.036507627054,4,72.25,24,3,1,2,1,1,8
5264.0508794930065,4,48.25,22,2,2,4,0,0,8
5265.063534318004,4,95.0,22,2,2,1,1,2,8
5266.078035403043,4,0.75,19,5,1,2,0,0,8
5267.092610225023,4,23.25,19,5,1,1,0,1,8
5268.103272009001,4,4.5,17,2,5,1,0,0,8
5269.114586748008,4,0.0,17,2,5,0,1,0,8
5270.128690706042,4,1.5,17,0,4,2,0,2,8
5271.1417802290525,4,0.0,15,2,3,1,1,1,8
5272.155750179023,4,24.25,12,4,2,2,0,0,8
5273.169702218031,4,33.5,12,4,1,1,0,2,8
5274.181839789031,4,23.5,10,3,2,3,0,0,8
5275.1954988950165,4,39.75,10,2,2,1,0,3,8
5276.207605672011,4,23.75,7,3,3,2,0,0,8
5277.225725882046,4,23.25,7,3,2,1,2,0,8
5278.23926037905,4,0.0,7,3,1,1,0,3,8
5279.252613322053,4,23.5,5,5,1,1,0,1,8
5280.266573851055,4,0.0,3,5,3,0,0,0,8
5281.275824010023,4,0.0,3,2,4,2,0,0,8
5282.289788401045,4,25.0,3,1,2,2,0,3,8
5283.30326273205,4,41.5,1,2,1,3,1,0,7
5284.317282955046,4,29.75,0,3,0,1,0,0,4
5285.331942632038,4,0.0,0,1,1,2,0,0,4
5286.34566508705,4,23.25,0,1,1,1,1,0,4
5287.359968838049,4,23.5,0,1,1,0,2,0,4
5288.370980638021,4,0.0,0,1,1,0,2,0,4
5289.385174182011,4,0.0,0,1,1,0,2,0,4
5290.398861695023,4,0.0,0,1,1,0,2,0,4
5291.412970016012,4,0.0,0,1,1,0,2,0,4
5292.426770720049,4,0.0,0,1,1,0,2,0,4
5293.440629369055,4,0.0,0,1,1,0,2,0,4
5294.45353112102,4,0.0,0,1,1,0,2,0,4
5295.467159899999,4,0.0,0,1,1,0,2,0,4
5296.481607278052,4,0.0,0,1,1,0,2,0,4
5297.49528409302,4,0.0,0,1,1,0,2,0,4
5298.508958163031,4,0.0,0,1,1,0,2,0,4
5299.522936511028,4,0.0,0,1,1,0,2,0,4
5300.536627485009,4,0.0,0,1,1,0,2,0,4
5301.546793699032,4,0.0,0,1,1,0,2,0,4
5302.5603088120115,4,0.0,0,1,1,0,2,0,4
5303.574206013,4,0.0,0,1,1,0,2,0,4
5304.588327976002,4,0.0,0,1,1,0,2,0,4
5305.601970374002,4,0.0,0,1,1,0,2,0,4
5306.616055639053,4,0.0,0,1,1,0,2,0,4
5307.629643071035,4,0.0,0,1,1,0,2,0,4
5308.643331232015,4,0.0,0,1,1,0,2,0,4
5309.656940861023,4,0.0,0,1,1,0,2,0,4
5310.670529306051,4,0.0,0,1,1,0,2,0,4
5311.6840669380035,4,0.0,0,1,1,0,2,0,4
5312.698036228016,4,0.0,0,1,1,0,2,0,4
5313.70753722603,4,0.0,0,1,1,0,2,0,4
5314.720904611051,4,0.0,0,1,1,0,2,0,4
5315.734304392012,4,0.0,0,1,1,0,2,0,4
5316.748287885042,4,0.0,0,1,1,0,2,0,4
5317.761754834035,4,0.0,0,1,1,0,2,0,4
5318.7753802820225,4,0.0,0,1,1,0,2,0,4
5319.78792918002,4,0.0,0,1,1,0,2,0,4
5320.801687814004,4,0.0,0,1,1,0,2,0,4
5321.815331969003,4,0.0,0,1,1,0,2,0,4
5322.828976347053,4,0.0,0,1,1,0,2,0,4
5323.84288050601,4,0.0,0,1,1,0,2,0,4
5324.856563706009,4,0.0,0,1,1,0,0,2,4
5325.871665494051,4,23.5,0,0,1,1,0,0,2
5326.88476147101,4,0.0,0,0,1,0,1,0,2
