offset_s,held_gpus,held_gpu_utilization_mean_percent,arrival_to_gate,gate_to_source_admission,source_to_native_dispatch,native_dispatch_to_last_token,last_token_to_controller_completion,controller_completion_to_terminal,gate_to_terminal
0.8186478349962272,1,18.0,1,0,0,0,0,0,0
1.8317576679983176,1,0.0,1,0,0,0,0,0,0
2.845758798008319,1,0.0,1,0,0,0,0,0,0
3.859149696014356,1,0.0,1,0,0,0,0,0,0
4.872530906985048,1,0.0,1,0,0,0,0,0,0
5.883834286010824,1,0.0,1,0,0,0,0,0,0
6.89791190600954,1,0.0,1,0,0,0,0,0,0
7.911155187990516,1,0.0,1,0,0,0,0,0,0
8.9242462660186,1,0.0,1,0,0,0,0,0,0
9.937285705003887,1,0.0,1,0,0,0,0,0,0
10.950872862013057,1,0.0,1,0,0,0,0,0,0
11.964428731997032,1,0.0,2,0,0,0,0,0,0
12.977586438006256,1,0.0,2,0,0,0,0,0,0
13.99098999297712,1,0.0,3,0,0,0,0,0,0
15.005213771015406,1,0.0,3,0,0,0,0,0,0
16.01852423301898,1,0.0,3,0,0,0,0,0,0
17.031970804964658,1,0.0,3,0,0,0,0,0,0
18.045415423985105,1,0.0,3,0,0,0,0,0,0
19.05858910101233,1,0.0,3,0,0,0,0,0,0
20.072752683016006,1,0.0,3,0,0,0,0,0,0
21.08628798800055,1,0.0,3,0,0,0,0,0,0
22.09930861799512,1,0.0,4,0,0,0,0,0,0
23.112999189994298,1,0.0,4,0,0,0,0,0,0
24.126506067987066,1,0.0,0,0,4,0,0,0,4
25.139875821012538,1,0.0,0,0,0,4,0,0,4
26.153378607006744,1,97.0,0,0,0,4,0,0,4
27.166495142970234,1,93.0,0,0,0,3,0,0,3
28.180045554996468,1,63.0,0,0,0,3,0,0,3
29.193849153001793,1,93.0,0,0,0,2,0,0,2
30.207680739986245,1,92.0,0,0,0,2,0,0,2
31.230191626003943,1,94.0,0,0,0,1,0,0,1
32.294078329985496,1,23.0,0,0,0,1,0,0,1
33.30661631998373,1,0.0,0,0,0,0,0,0,0
34.3198647829704,1,0.0,0,0,0,0,0,0,0
35.333971015003044,1,0.0,0,0,0,0,0,0,0
36.34773130796384,1,5.0,0,0,0,1,0,0,1
37.36177569301799,1,95.0,0,0,1,2,0,0,3
38.37553887401009,1,92.0,0,0,0,3,0,0,3
39.38949543097988,1,97.0,0,0,0,3,0,0,3
40.401842866966035,1,97.0,0,0,1,3,0,0,4
41.41587285499554,1,98.0,1,0,0,4,0,0,4
42.430203030991834,1,95.0,2,0,0,4,0,0,4
43.44427396199899,1,81.0,2,0,0,4,0,0,4
44.45852858998114,1,97.0,2,0,0,3,0,1,4
45.47254092100775,1,95.0,0,0,1,3,0,0,4
46.48552973300684,1,92.0,0,0,0,3,0,0,3
47.4987557749846,1,96.0,0,0,1,2,0,0,3
48.51356805698015,1,95.0,0,0,0,3,0,0,3
49.52787534199888,1,97.0,0,1,0,3,0,0,4
50.54178658098681,1,95.0,1,0,0,4,0,0,4
51.55560870701447,2,41.0,2,0,0,4,0,0,4
52.56906505301595,2,0.0,4,0,0,4,0,0,4
53.58315077901352,3,45.666666666666664,3,1,0,3,0,0,4
54.59744423098164,3,45.0,3,0,0,4,0,0,4
55.61248168401653,3,45.0,3,0,0,4,0,0,4
56.626616648980416,4,15.5,5,0,0,4,0,0,4
57.641093919984996,4,23.0,3,2,0,2,0,0,4
58.65658974298276,4,46.25,5,2,0,2,0,0,4
59.67115070397267,4,42.0,7,1,0,2,0,1,4
60.685543879983015,4,34.0,6,2,0,2,0,0,4
61.699177141999826,4,12.5,6,0,1,3,0,0,4
62.71275435696589,4,33.25,5,1,0,3,0,0,4
63.72774899099022,4,0.0,5,0,1,3,0,0,4
64.74210127198603,4,47.5,7,0,0,4,0,0,4
65.75613369100029,4,5.0,7,0,0,4,0,0,4
66.76729106000857,4,24.5,8,0,0,4,0,0,4
67.78109582996694,4,30.75,8,0,0,4,0,0,4
68.79545660701115,4,28.75,8,0,0,4,0,0,4
69.80673716496676,4,8.75,8,0,0,3,0,1,4
70.82117058901349,4,10.75,7,0,0,4,0,0,4
71.83482755796285,4,32.0,6,1,0,3,0,0,4
72.84730157698505,4,31.75,0,1,5,3,0,0,9
73.8615966240177,4,46.75,0,0,4,4,1,0,9
74.87534712598426,4,47.25,0,0,1,7,0,0,8
75.88885518198367,4,48.25,0,0,0,7,0,1,8
76.90284542000154,4,70.5,0,0,0,7,0,0,7
77.91711429896532,4,71.75,0,0,0,6,1,0,7
78.9303616899997,4,70.75,0,1,0,6,0,0,7
79.94454702897929,4,60.0,0,0,0,6,0,0,6
80.95953708497109,4,71.0,0,0,0,5,0,0,5
81.97357809799723,4,35.5,1,0,1,4,0,0,5
82.98779903899413,4,61.25,0,0,3,3,0,1,7
84.00145807000808,4,71.25,0,0,3,3,0,0,6
85.01590073498664,4,70.5,0,0,2,4,0,0,6
86.02973140298855,4,49.25,0,0,0,6,0,0,6
87.04455199098447,4,67.5,0,1,0,6,0,0,7
88.05798333499115,4,89.5,0,0,0,5,0,0,5
89.0705639529624,4,89.0,0,0,0,5,0,0,5
90.08451681496808,4,69.75,0,0,0,4,0,0,4
91.09895938198315,4,21.5,0,0,0,3,0,0,3
92.11175449797884,4,0.0,0,1,1,2,0,0,4
93.1259107979713,4,24.0,0,1,1,3,0,0,5
94.13941258896375,4,62.0,1,0,0,5,0,0,5
95.15405085199745,4,93.25,0,0,1,6,1,0,8
96.16839195200009,4,75.25,0,0,1,4,0,0,5
97.18233008298557,4,20.0,0,1,0,5,0,0,6
98.19558941799914,4,71.0,0,0,2,6,0,0,8
99.21023391798371,4,68.25,0,0,1,6,0,0,7
100.22416314901784,4,25.0,0,0,0,8,0,0,8
101.23872207000386,4,91.5,0,0,0,8,0,0,8
102.25273333198857,4,69.5,0,0,0,6,0,1,7
103.26506532699568,4,41.25,0,1,0,5,0,0,6
104.27929033600958,4,1.5,0,0,0,5,0,0,5
105.2925996700069,4,69.75,0,1,0,5,0,0,6
106.30711247300496,4,70.5,0,0,0,5,1,0,6
107.32129013101803,4,71.5,0,0,0,5,0,0,5
108.33532510499936,4,46.25,1,1,0,4,0,0,5
109.34811999596423,4,67.75,0,0,1,4,0,0,5
110.36223947501276,4,64.5,0,0,1,4,0,0,5
111.37676687596831,4,83.25,0,0,0,4,0,0,4
112.38994391000597,4,60.25,0,0,0,3,0,0,3
113.40529155900003,4,71.0,0,0,0,3,0,0,3
114.41963864298305,4,39.75,0,0,0,1,0,0,1
115.43360835599015,4,23.5,0,0,0,0,0,0,0
116.447826454998,4,0.0,0,0,1,0,0,0,1
117.45997062197421,4,23.25,0,0,0,1,0,0,1
118.47420835500816,4,23.0,0,0,0,2,0,0,2
119.48533047997626,4,47.75,2,0,0,2,0,0,2
120.49813862401061,4,46.5,0,0,1,3,0,0,4
121.51200401998358,4,23.75,0,0,1,2,0,0,3
122.52598901698366,4,41.25,0,0,0,3,0,0,3
123.538051282987,4,42.75,0,0,0,3,0,0,3
124.54957298201043,4,46.25,0,1,0,3,0,0,4
125.56361753796227,4,47.25,0,0,0,3,0,0,3
126.57672226696741,4,47.5,0,0,0,4,0,0,4
127.59042248601327,4,47.0,0,1,0,3,0,0,4
128.6052497769706,4,70.75,0,0,1,3,0,0,4
129.61951642500935,4,55.5,0,0,1,3,0,0,4
130.63225549197523,4,8.75,0,0,0,3,0,0,3
131.6463848350104,4,38.25,0,0,0,3,0,0,3
132.6605507679633,4,47.5,0,0,0,5,0,0,5
133.67229010397568,4,23.75,0,0,0,6,0,0,6
134.68658867897466,4,46.5,0,1,0,3,0,3,7
135.69986444700044,4,46.75,0,2,0,3,0,0,5
136.71434087801026,4,46.5,0,1,2,4,0,0,7
137.72832556301728,4,48.0,0,0,2,3,0,0,5
138.74022502399748,4,13.25,0,0,0,3,1,0,4
139.75466731900815,4,46.5,0,0,1,2,0,0,3
140.76886848697904,4,46.75,0,0,1,2,0,0,3
141.78110927296802,4,69.0,0,0,1,2,0,0,3
142.79497363301925,4,70.25,0,1,1,4,0,0,6
143.80689681501826,4,37.75,0,1,2,5,0,0,8
144.82077523798216,4,70.0,0,1,2,5,0,0,8
145.83224438200705,4,72.5,0,0,0,7,0,0,7
146.84551469399594,4,70.75,0,0,0,7,0,0,7
147.8606851529912,4,68.0,0,0,1,6,0,0,7
148.87473967298865,4,46.0,0,0,1,3,0,0,4
149.8885206709965,4,47.75,0,0,0,4,0,0,4
150.90033475199016,4,47.5,0,0,0,4,0,0,4
151.9146012919955,4,47.25,0,0,0,4,0,0,4
152.93446615699213,4,46.25,0,1,0,3,0,0,4
154.01908780098893,4,18.75,1,1,0,3,0,0,4
155.0332695079851,4,11.75,0,3,0,3,0,0,6
156.04563481896184,4,23.25,0,0,1,4,0,1,6
157.0565730590024,4,38.25,0,3,0,5,0,0,8
158.07031514996197,4,35.0,0,0,1,7,0,0,8
159.08143403596478,4,48.0,0,0,1,6,1,0,8
160.09526215097867,4,70.5,0,0,1,6,0,0,7
161.10575876798248,4,48.25,0,0,0,7,0,0,7
162.1199195579975,4,46.25,0,0,0,7,0,0,7
163.13349138497142,4,57.75,0,2,0,7,0,0,9
164.14725926396204,4,45.75,0,3,0,6,0,0,9
165.15753115696134,4,70.5,0,0,2,6,0,0,8
166.16869550797855,4,70.5,1,0,1,7,0,0,8
167.18250426097075,4,42.25,0,0,1,2,1,0,4
168.19627924496308,4,47.0,0,0,1,2,0,0,3
169.20379745401442,4,15.0,0,0,0,3,0,0,3
170.21523904497735,4,20.5,0,1,2,2,0,0,5
171.22389755101176,4,45.5,0,0,0,5,0,0,5
172.23702995700296,4,56.0,0,0,0,5,0,0,5
173.25091104098829,4,53.5,0,0,0,5,0,0,5
174.2649195920094,4,46.75,0,0,0,4,0,0,4
175.27572586998576,4,47.5,0,0,0,4,0,0,4
176.28615737700602,4,70.5,1,0,0,4,0,0,4
177.30007959797513,4,54.75,0,1,1,4,0,0,6
178.31390010099858,4,29.75,0,0,0,4,0,1,5
179.32746605796274,4,44.0,0,3,0,3,1,0,7
180.33929942396935,4,10.0,1,1,2,3,0,1,7
181.3520217979676,4,33.75,0,0,1,6,0,0,7
182.3648893639911,4,46.75,0,0,0,7,0,0,7
183.3792956880061,4,71.0,0,0,0,7,0,0,7
184.3920152739738,4,67.5,0,1,1,7,0,0,9
185.4058904889971,4,47.25,0,0,0,8,0,0,8
186.41995531099383,4,71.25,1,0,0,7,0,0,7
187.43174301297404,4,67.75,0,0,0,7,0,0,7
188.44560940598603,4,47.5,0,0,0,7,0,0,7
189.45837461098563,4,71.5,0,2,0,5,0,0,7
190.47203553898726,4,81.25,0,0,0,6,0,0,6
191.48621883796295,4,46.5,0,0,2,7,0,0,9
192.49982751096832,4,70.5,0,0,1,5,0,0,6
193.51206119998824,4,47.75,0,1,2,6,0,0,9
194.5249050859711,4,70.25,0,1,2,5,0,1,9
195.5378427579999,4,24.75,0,0,1,6,0,0,7
196.55164303601487,4,47.0,0,0,2,6,0,0,8
197.56598734500585,4,69.75,0,0,1,7,0,0,8
198.57986006897409,4,71.25,0,0,1,7,1,0,9
199.59222830599174,4,48.25,0,0,1,7,0,0,8
200.60349098197185,4,70.5,0,0,1,6,0,0,7
201.61747257597744,4,68.5,0,1,0,5,0,0,6
202.630936164991,4,33.5,0,1,0,6,0,0,7
203.6433090539649,4,47.75,0,1,0,6,0,0,7
204.65696912596468,4,46.0,0,1,1,2,1,0,5
205.67020506301196,4,2.0,0,3,1,2,0,0,6
206.68359445600072,4,24.25,0,0,1,5,0,0,6
207.69416384596843,4,66.5,0,1,1,4,0,0,6
208.707748677989,4,70.25,0,0,1,5,0,0,6
209.72154942998895,4,68.75,0,0,0,6,0,0,6
210.73512182600098,4,49.25,0,0,0,6,0,0,6
211.74876535200747,4,34.25,0,0,0,4,0,0,4
212.76044731098227,4,46.75,0,0,0,2,0,0,2
213.77247893996537,4,0.0,0,0,1,2,0,0,3
214.78939860797254,4,46.25,1,0,0,4,0,0,4
215.80380140797934,4,40.25,0,4,0,3,0,0,7
216.8171955110156,4,35.5,0,0,2,5,0,0,7
217.82982369797537,4,70.0,0,0,2,5,0,0,7
218.8409113069647,4,69.75,0,1,1,4,0,0,6
219.853570354986,4,42.0,0,1,1,5,0,0,7
220.8673100330052,4,32.25,0,3,0,5,0,0,8
221.87768950301688,4,30.0,0,3,0,3,0,2,8
222.89178008801537,4,47.25,0,3,2,4,0,0,9
223.90322079800535,4,33.25,0,3,2,4,0,0,9
224.9174641839927,4,47.0,0,0,3,5,0,0,8
225.92942932300502,4,88.0,0,1,1,4,0,0,6
226.94196908699814,4,24.25,1,0,1,5,0,0,6
227.9555405760184,4,90.0,0,1,0,5,1,0,7
228.97201316000428,4,46.5,0,0,1,5,0,0,6
229.98430472199107,4,45.5,0,0,1,4,0,0,5
230.99651194701437,4,71.0,0,0,1,4,0,0,5
232.0166940629715,4,70.25,0,1,1,3,1,0,6
233.03047228400828,4,19.25,0,2,0,5,0,0,7
234.0430836720043,4,70.0,0,0,0,7,0,0,7
235.0571013590088,4,73.0,0,1,0,6,0,0,7
236.0705518469913,4,52.5,0,0,0,7,0,0,7
237.08358307398157,4,58.0,1,0,1,6,1,0,8
238.097360373009,4,69.25,3,0,1,5,1,1,8
239.10981838201405,4,48.75,0,1,2,2,1,1,7
240.12220166396582,4,47.0,0,0,1,5,0,0,6
241.13495672598947,4,61.0,0,0,1,4,0,0,5
242.14305522997165,4,23.25,0,0,0,3,0,0,3
243.15712406497914,4,47.25,0,0,0,2,0,0,2
244.1710016289726,4,23.25,0,1,0,1,0,0,2
245.18238461198052,4,35.25,0,1,0,2,0,0,3
246.19449144398095,4,2.75,0,3,0,2,0,0,5
247.20847641001455,4,67.5,0,2,1,4,0,0,7
248.2221119820024,4,64.25,0,0,1,7,0,0,8
249.23585365200415,4,56.5,0,0,1,5,2,0,8
250.2468585500028,4,71.5,0,0,1,4,2,1,8
251.26073715701932,4,36.5,0,1,0,4,0,0,5
252.27185682801064,4,95.0,0,1,0,5,0,0,6
253.28335755999433,4,69.75,0,1,0,4,0,1,6
254.2947481389856,4,44.0,0,1,0,4,0,0,5
255.30814648699015,4,70.0,1,0,0,3,1,0,4
256.32240975799505,4,69.5,0,0,1,3,0,0,4
257.33541774301557,4,88.75,0,0,0,3,1,0,4
258.34965664701303,4,69.5,0,0,0,3,0,0,3
259.36312104796525,4,19.0,0,0,0,1,1,0,2
260.37685981497634,4,19.0,0,1,0,2,0,0,3
261.39082876901375,4,48.0,0,1,0,3,0,0,4
262.40422960498836,4,46.5,0,2,0,2,0,1,5
263.4164336149697,4,23.0,0,1,0,2,0,0,3
264.42817127500894,4,41.75,0,0,0,3,0,0,3
265.4417388889706,4,34.5,0,0,0,3,0,0,3
266.455463457969,4,46.5,0,0,0,3,0,0,3
267.46946071099956,4,23.25,0,0,0,1,0,0,1
268.48298269999214,4,23.25,0,0,1,1,0,0,2
269.49674874398625,4,0.25,0,0,0,2,0,0,2
270.5100317859906,4,23.5,2,0,0,2,0,0,2
271.5237302989699,4,23.5,0,3,0,1,0,0,4
272.5364011609927,4,19.0,0,3,3,2,0,0,8
273.5501013349858,4,15.5,0,2,1,6,0,0,9
274.5612637359882,4,69.5,0,1,1,6,0,1,9
275.64442921301816,4,35.75,0,0,1,6,0,0,7
276.6578717319644,4,43.5,0,0,0,6,0,0,6
277.6725367049803,4,70.25,0,0,0,6,0,0,6
278.68635877699126,4,48.5,0,0,0,6,0,0,6
279.69814121798845,4,42.25,0,0,0,5,0,0,5
280.709919276007,4,53.5,0,0,0,3,0,0,3
281.72232925199205,4,23.0,0,1,0,2,0,0,3
282.73595535900677,4,23.25,1,1,0,2,0,0,3
283.7484160439926,4,24.0,0,0,1,2,0,0,3
284.7572748759994,4,46.25,1,0,0,2,1,0,3
285.77145525300875,4,30.5,0,0,2,2,0,0,4
286.78041818301426,4,62.5,0,0,0,4,0,0,4
287.79418905300554,4,48.0,0,0,0,4,0,0,4
288.8060216899612,4,47.5,0,0,0,4,0,0,4
289.8172292080126,4,70.5,0,0,0,4,0,0,4
290.82916313101305,4,31.25,0,1,0,4,0,0,5
291.84292809996987,4,12.5,0,0,0,5,0,0,5
292.86451421899255,4,23.5,0,0,0,4,1,0,5
293.87529521697434,4,47.75,0,0,0,4,0,0,4
294.8870173859759,4,46.75,0,0,0,3,0,0,3
295.9009997699759,4,46.75,0,0,2,0,0,0,2
296.91493371798424,4,25.0,1,0,1,1,0,0,2
297.926841271983,4,44.0,0,0,0,3,0,0,3
298.94084631698206,4,43.0,0,1,0,3,0,0,4
299.95472681196406,4,19.75,0,2,1,2,0,0,5
300.96830717200646,4,0.0,0,1,0,4,0,0,5
301.9828868469922,4,24.0,1,1,0,4,0,0,5
302.9966984469793,4,48.5,0,1,0,5,0,0,6
304.00542223697994,4,47.5,0,1,0,5,0,0,6
305.01907510799356,4,52.0,0,1,0,4,1,0,6
306.0329401050112,4,47.0,0,1,0,4,0,0,5
307.04093233298045,4,25.5,1,1,0,5,0,0,6
308.0545600350015,4,46.75,0,0,2,5,0,0,7
309.06860963400686,4,77.5,0,0,0,6,0,0,6
310.0813941739616,4,70.5,0,0,0,6,0,0,6
311.095463480975,4,46.75,0,2,0,4,0,0,6
312.1087822620175,4,44.0,0,0,1,5,0,0,6
313.1224095830112,4,69.5,5,0,1,4,1,0,6
314.13633581699105,4,23.25,0,5,1,4,0,0,10
315.1474743770086,4,35.75,0,0,2,9,0,0,11
316.15851712296717,4,76.0,0,0,0,8,1,1,10
317.17297556297854,4,70.75,0,0,0,7,0,0,7
318.18677451001713,4,70.75,0,2,0,6,0,1,9
319.19701831799466,4,70.5,0,0,0,6,0,0,6
320.2095252049621,4,70.75,3,0,0,4,0,0,4
321.2233835979714,4,67.5,0,5,0,3,0,1,9
322.2394756730064,4,43.5,0,3,2,7,1,0,13
323.2530685539823,4,42.0,0,3,1,9,0,0,13
324.2669942979701,4,20.75,2,4,0,12,0,0,16
325.28034203196876,4,94.0,3,4,0,4,8,0,16
326.2941577329766,4,72.0,0,4,3,6,0,0,13
327.3077307450003,4,53.75,0,0,4,9,0,0,13
328.3216473920038,4,68.25,0,0,2,7,0,0,9
329.3353605939774,4,80.75,0,0,6,4,0,1,11
330.34908500598976,4,73.5,0,0,1,8,0,0,9
331.3628424619674,4,47.5,0,0,0,7,0,2,9
332.37667626998154,4,1.25,0,1,0,3,3,0,7
333.3860853560036,4,45.75,2,1,0,3,0,3,7
334.3997189659858,4,47.0,0,5,1,3,0,0,9
335.4156942869886,4,28.75,0,3,1,4,0,0,8
336.4250387909706,4,71.75,0,2,3,4,0,1,10
337.43690438300837,4,46.5,0,2,2,5,0,0,9
338.45073510997463,4,67.75,0,0,1,8,0,0,9
339.46058515197365,4,80.5,0,0,0,10,0,0,10
340.47250028298004,4,49.0,0,2,1,9,0,1,13
341.4858228340163,4,72.0,3,2,0,8,2,0,12
342.49968557897955,4,94.25,3,2,0,6,4,0,12
343.5132552119903,4,52.25,0,0,1,10,0,1,12
344.5244506659801,4,70.75,0,3,0,7,0,1,11
345.5378106299904,4,66.5,0,2,1,7,0,0,10
346.5518372639781,4,78.75,0,0,0,10,0,0,10
347.5627783929813,4,93.5,0,1,0,8,0,0,9
348.57662332296604,4,69.5,0,1,3,6,0,1,11
349.58848012797534,4,33.25,2,1,1,7,2,0,11
350.6024391159881,4,43.0,0,1,4,8,0,1,14
351.61569987999974,4,28.75,0,0,1,11,1,0,13
352.6292249530088,4,93.5,2,0,1,9,3,0,13
353.6422341860016,4,68.5,1,2,1,6,2,1,12
354.6536811320111,4,22.75,0,4,2,8,1,0,15
355.66750411200337,4,36.0,0,3,1,7,1,0,12
356.6817076000152,4,41.5,0,5,1,7,0,0,13
357.6948252620059,4,94.75,0,0,1,15,0,0,16
358.7065455589909,4,93.75,0,0,0,9,3,0,12
359.7179236370139,4,76.5,0,1,0,9,0,0,10
360.73100900801364,4,83.0,0,6,0,9,0,0,15
361.74631854199106,4,73.0,1,2,2,11,0,1,16
362.7560607549967,4,93.25,5,4,1,7,1,3,16
363.76882132998435,4,23.5,7,3,4,8,0,1,16
364.7820700890152,4,94.5,9,3,3,7,2,0,15
365.79643005901016,4,86.75,5,2,5,9,0,0,16
366.8059570869664,4,85.5,4,1,2,12,1,0,16
367.8178713459638,4,67.25,0,0,5,9,0,0,14
368.83044114598306,4,71.25,0,0,1,10,1,1,13
369.8429366199998,4,50.0,0,1,0,7,2,0,10
370.853551600012,4,94.0,1,1,0,7,2,0,10
371.86856289801653,4,94.75,0,1,1,5,0,4,11
372.8800556099741,4,55.75,0,4,0,6,0,0,10
373.89384541101754,4,46.5,0,2,0,8,0,0,10
374.905930472014,4,47.25,0,1,1,8,0,0,10
375.9154826030135,4,95.25,0,0,1,9,0,0,10
376.92932356201345,4,70.0,0,0,0,8,0,0,8
377.94360985199455,4,69.75,0,1,0,8,0,0,9
378.9543554809643,4,62.5,0,0,1,6,1,0,8
379.96914609498344,4,93.5,0,0,1,5,0,2,8
380.98366698698374,4,92.0,0,0,0,7,0,0,7
381.9972487469786,4,74.0,0,0,0,7,0,0,7
383.01115127198864,4,31.5,0,0,0,6,1,0,7
384.0242177529726,4,60.0,0,0,0,4,0,0,4
385.03621704899706,4,45.75,0,0,0,4,0,0,4
386.0481077180011,4,33.25,0,0,0,4,0,0,4
387.06088431499666,4,46.75,0,0,0,4,0,0,4
388.0736808269867,4,25.25,0,1,0,4,0,0,5
389.0877105150139,4,19.5,2,1,0,0,4,0,5
390.0991820630152,4,0.0,1,2,1,0,0,4,7
391.113062925986,4,13.0,0,0,0,4,0,0,4
392.1263452729909,4,31.5,0,0,0,3,0,0,3
393.1398559460067,4,23.25,0,0,0,3,0,0,3
394.15337404201273,4,46.5,0,2,0,4,0,0,6
395.161669255991,4,47.0,0,0,1,4,1,0,6
396.17391677596606,4,34.75,0,3,0,2,1,0,6
397.221203943016,4,11.0,0,1,1,4,0,0,6
398.2709001589683,4,63.5,2,1,0,3,2,0,6
399.28493583999807,4,47.75,0,3,1,2,0,0,6
400.2968141239835,4,85.25,0,3,1,5,0,0,9
401.3109410639736,4,24.75,0,0,0,7,0,0,7
402.322856460989,4,70.25,0,1,1,6,0,0,8
403.33679855801165,4,61.5,0,2,1,6,0,1,10
404.34833146701567,4,69.5,0,0,0,8,0,0,8
405.35961907799356,4,80.5,0,0,0,7,0,1,8
406.3737071939977,4,71.75,1,1,0,7,0,0,8
407.3873022159678,4,47.0,0,1,0,8,0,0,9
408.3991263959906,4,43.0,0,4,1,7,0,0,12
409.41142628499074,4,53.25,0,3,0,10,0,0,13
410.4228758700192,4,29.75,2,1,3,10,0,0,14
411.4358125299914,4,67.25,0,2,1,13,0,0,16
412.44776762399124,4,57.75,1,0,1,10,4,1,16
413.46117773099104,4,93.25,1,0,1,4,10,0,15
414.47257606999483,4,72.0,0,0,1,3,0,0,4
415.4863337709685,4,24.75,0,0,0,3,0,0,3
416.4997772339848,4,46.5,0,0,0,2,1,0,3
417.51296145498054,4,46.75,1,0,0,2,0,0,2
418.5268126199953,4,25.0,0,0,2,1,0,1,4
419.54054153198376,4,44.0,1,0,0,3,0,0,3
420.5555981490179,4,31.75,1,1,0,4,0,0,5
421.56665334600257,4,70.25,4,1,0,2,2,0,5
422.58081572299125,4,47.25,0,3,1,3,0,1,8
423.5941827709903,4,25.0,0,0,3,2,0,0,5
424.60816140298266,4,52.75,0,0,0,5,0,0,5
425.62032123596873,4,70.0,0,0,0,5,0,0,5
426.6342231479939,4,70.0,0,0,0,5,0,0,5
427.64840857696254,4,25.75,0,0,0,4,0,0,4
428.6619326589862,4,23.0,0,1,0,3,0,1,5
429.6780424590106,4,47.0,0,3,0,3,0,1,7
430.6915038119769,4,23.25,1,4,0,2,0,0,6
431.704861303966,4,23.0,0,3,3,2,0,0,8
432.7187351839966,4,37.75,0,1,1,7,0,0,9
433.73194947000593,4,25.5,0,2,0,4,3,0,9
434.7459550059866,4,47.5,0,0,1,3,0,0,4
435.75958730099956,4,43.25,0,0,0,2,0,0,2
436.7733230459853,4,23.25,0,0,0,1,0,0,1
437.7869771589758,4,1.5,0,2,0,1,0,0,3
438.800726387999,4,23.25,0,4,1,1,0,0,6
439.81594118097564,4,23.75,1,4,1,1,0,0,6
440.8278484760085,4,42.25,0,4,1,4,0,0,9
441.84067256201524,4,25.0,0,3,0,6,0,0,9
442.8526656709728,4,63.25,0,4,0,4,0,0,8
443.8665057469625,4,51.0,0,1,1,9,0,0,11
444.8797008289839,4,73.0,0,0,0,8,0,0,8
445.89344749297015,4,95.0,0,2,0,6,0,0,8
446.90745167498244,4,68.0,0,1,2,5,0,0,8
447.91925690701464,4,92.5,0,0,0,6,2,0,8
448.93098600098165,4,68.75,0,0,0,4,0,0,4
449.9434468889958,4,67.0,0,1,0,3,0,0,4
450.95101131196134,4,67.5,0,0,0,4,0,0,4
451.9650670149713,4,67.75,0,1,0,3,0,0,4
452.9788071580115,4,42.75,0,3,1,3,0,0,7
453.9932502359734,4,23.25,0,1,3,1,0,1,6
455.00861978600733,4,27.0,0,1,1,3,0,0,5
456.02242862497224,4,36.25,0,0,0,4,0,0,4
457.03570011397824,4,47.75,0,1,1,3,0,0,5
458.0488456530147,4,30.75,0,1,1,5,0,0,7
459.06256285100244,4,45.25,0,0,1,6,1,0,8
460.07626506098313,4,66.0,0,0,1,6,0,0,7
461.08990309998626,4,55.75,0,0,0,6,0,0,6
462.10131593898404,4,46.5,0,0,0,5,0,0,5
463.1147790469695,4,50.25,1,0,0,5,0,0,5
464.12862222100375,4,48.0,0,1,0,6,0,0,7
465.1438221280114,4,24.0,0,0,0,5,1,0,6
466.15579702396644,4,70.75,0,1,0,5,0,0,6
467.1694330769824,4,46.5,0,1,0,3,2,0,6
468.18221274897223,4,70.25,0,0,1,3,0,0,4
469.19599451700924,4,90.25,0,0,0,3,0,0,3
470.20972678397084,4,24.0,0,1,0,2,0,1,4
471.22389948298223,4,23.25,1,1,0,2,0,0,3
472.23570180498064,4,47.0,0,2,0,3,0,0,5
473.2484659780166,4,46.25,0,0,2,3,0,0,5
474.25837204698473,4,47.25,0,0,2,2,0,0,4
475.2723361279932,4,24.0,0,0,0,3,0,1,4
476.2865838679718,4,0.25,0,0,0,3,0,0,3
477.2935496150167,4,45.5,0,0,0,2,0,0,2
478.3071754659759,4,23.25,0,0,0,2,0,0,2
479.32090193300974,4,23.5,0,0,0,2,0,0,2
480.33459743496496,4,27.75,0,0,0,3,0,0,3
481.3469186319853,4,47.25,0,0,0,3,0,0,3
482.35896763799246,4,44.75,0,1,1,3,0,0,5
483.37296628399054,4,46.5,0,3,0,4,0,0,7
484.3868393409648,4,47.75,0,0,3,5,0,0,8
485.40086977998726,4,19.0,0,0,0,8,0,0,8
486.4147710619727,4,48.25,0,1,0,8,0,0,9
487.42842155497056,4,68.5,1,2,0,5,1,2,10
488.4398166759638,4,47.75,0,2,1,6,0,0,9
489.4535795559641,4,24.75,0,3,0,7,0,0,10
490.46479533601087,4,69.0,0,4,0,5,1,0,10
491.4759073369787,4,52.75,0,4,0,4,1,1,10
492.4875749559724,4,66.5,0,2,2,4,0,2,10
493.5021157399751,4,49.0,0,0,0,6,0,0,6
494.5200082560186,4,70.25,0,0,0,4,0,0,4
495.53366949700285,4,23.0,2,0,0,3,0,0,3
496.5471043669968,4,24.25,2,0,0,3,0,0,3
497.55985322699416,4,23.5,0,2,1,4,0,0,7
498.57537250599125,4,73.0,0,0,1,6,0,0,7
499.5891065080068,4,6.25,0,0,0,7,0,0,7
500.6032867640024,4,70.0,0,0,0,7,0,0,7
501.61478519800585,4,80.0,0,1,0,6,1,0,8
502.628811409988,4,72.5,0,0,0,6,0,0,6
503.6425233790069,4,47.5,0,0,0,3,3,0,6
504.65608670801157,4,47.25,0,1,0,3,0,0,4
505.66975277097663,4,8.5,0,0,1,2,1,0,4
506.68406840297394,4,25.0,2,0,0,2,1,0,3
507.6975543149747,4,22.75,1,2,0,2,0,0,4
508.71148200001335,4,46.75,0,0,1,4,0,0,5
509.7250243370072,4,28.5,0,1,0,5,0,0,6
510.73898786801146,4,24.0,0,0,0,6,0,0,6
511.7523684729822,4,87.25,0,0,0,4,0,2,6
512.7659961279714,4,93.5,0,0,0,4,0,0,4
513.7786630179617,4,84.75,0,0,0,4,0,0,4
514.7939084849786,4,70.0,0,0,0,4,0,0,4
515.8077207860188,4,70.0,0,0,0,3,0,0,3
516.817490972986,4,53.0,0,1,1,2,0,1,5
517.831350182998,4,48.5,1,1,0,2,1,1,5
518.882167563017,4,23.25,0,3,0,1,1,1,6
519.9183892150177,4,17.25,0,3,0,1,1,1,6
520.9308326150058,4,15.25,0,1,1,1,0,0,3
521.9399477390107,4,35.25,0,0,0,3,0,0,3
522.9538961999933,4,46.75,0,0,0,3,0,0,3
523.9651458360022,4,0.0,2,0,0,3,0,0,3
524.9795079829637,4,46.5,0,0,0,5,0,0,5
525.9930645599961,4,72.0,0,0,0,6,0,0,6
527.0018080279697,4,69.75,0,1,0,5,0,0,6
528.0170589709887,4,32.75,0,1,0,4,1,0,6
529.0309765519924,4,70.75,0,1,0,2,0,3,6
530.0446140610147,4,46.25,0,0,0,2,0,0,2
531.0585463839816,4,23.5,0,0,0,2,0,0,2
532.0727863049833,4,46.5,1,1,0,2,0,0,3
533.0863466020091,4,48.75,0,0,0,4,0,0,4
534.1014204410021,4,68.75,0,1,0,4,0,0,5
535.1091554239974,4,70.25,0,1,0,4,0,0,5
536.1199873019941,4,63.5,0,4,0,4,0,0,8
537.1313983169966,4,41.0,0,1,3,5,0,0,9
538.1450887459796,4,39.75,0,1,1,8,0,0,10
539.1589139639982,4,86.0,0,1,1,8,0,0,10
540.1704186369898,4,68.5,0,2,1,5,2,0,10
541.1809266139753,4,96.0,0,0,0,7,0,0,7
542.1931108559947,4,60.25,0,0,0,6,1,0,7
543.2068702710094,4,47.0,0,0,0,4,0,0,4
544.2166816809913,4,0.0,0,1,0,2,0,0,3
545.2299691690132,4,24.25,0,0,0,3,0,0,3
546.2436251710169,4,47.25,0,0,0,3,0,0,3
547.2567162649939,4,46.5,1,0,0,3,0,0,3
548.2690911599784,4,46.0,0,1,0,3,0,0,4
549.2825280550169,4,47.25,0,0,1,3,0,0,4
550.295643224963,4,33.0,0,0,0,4,0,0,4
551.3091815899825,4,71.25,0,1,0,2,0,0,3
552.3227877119789,4,0.0,0,1,0,1,0,0,2
553.3363602799946,4,23.25,0,1,1,1,0,0,3
554.3499648600118,4,38.0,0,1,0,3,0,0,4
555.3612864770112,4,71.5,0,1,0,3,0,0,4
556.3735210049781,4,43.0,0,4,0,4,0,0,8
557.3877098949743,4,44.25,0,0,4,4,0,0,8
558.401358692965,4,49.75,0,0,1,7,0,0,8
559.4128224719898,4,47.25,0,1,0,8,0,0,9
560.4237641919754,4,47.0,0,2,0,7,0,0,9
561.4336728570051,4,47.25,0,1,1,6,0,0,8
562.4480789249646,4,54.75,0,1,1,8,0,0,10
563.4598197079613,4,70.25,0,1,0,9,0,0,10
564.4723529070034,4,59.0,0,1,0,10,0,0,11
565.4891439439962,4,35.75,0,0,1,10,0,0,11
566.4966172049753,4,77.0,0,0,0,9,0,0,9
567.5104397470132,4,48.25,0,2,0,9,0,0,11
568.5245061349706,4,70.25,0,2,1,9,0,0,12
569.5384211940109,4,71.75,1,3,1,7,3,0,14
570.5519496579655,4,52.25,0,1,1,10,0,0,12
571.5659673099872,4,81.5,0,0,1,10,1,0,12
572.5781453389791,4,70.5,0,0,0,8,0,0,8
573.5857976669795,4,70.0,0,1,0,6,0,2,9
574.598151809012,4,69.0,0,0,1,7,0,0,8
575.609829197987,4,35.25,2,0,1,5,1,1,8
576.6235300549888,4,69.5,3,0,1,5,0,1,7
577.6462810760131,4,44.25,0,1,5,6,0,0,12
578.6569770959904,4,16.0,0,1,2,10,0,0,13
579.6703270059661,4,23.0,1,1,0,7,3,0,11
580.6869069630047,4,78.0,0,0,0,9,1,0,10
581.7003227419918,4,95.25,0,0,0,6,3,0,9
582.7129611300188,4,51.0,0,1,0,5,0,0,6
583.7261778870015,4,48.0,0,1,1,4,0,0,6
584.7403853069991,4,42.5,0,0,1,5,0,0,6
585.753897388,4,68.25,0,0,0,5,1,0,6
586.767720157979,4,71.0,0,0,1,5,0,0,6
587.7816121510114,4,70.75,0,0,0,5,0,0,5
588.7933513110038,4,70.0,1,0,0,5,0,0,5
589.8074385219952,4,46.5,0,2,0,4,0,0,6
590.8211736899684,4,47.25,0,1,1,4,0,0,6
591.832785303006,4,68.25,0,2,1,4,0,0,7
592.8465409899945,4,70.0,0,1,1,5,0,0,7
593.8603120759944,4,54.75,0,0,0,5,1,0,6
594.8739763419726,4,47.25,1,0,0,5,0,1,6
595.8880648649647,4,42.75,0,2,0,4,0,0,6
596.9018600540003,4,58.25,0,0,2,4,0,0,6
597.9153127159807,4,33.5,0,0,0,4,0,0,4
598.9295725940028,4,70.0,0,0,1,4,0,0,5
599.9430705650011,4,72.0,0,0,0,5,0,0,5
600.9562626439729,4,69.75,2,0,0,5,0,0,5
601.9669609529665,4,47.25,0,1,3,3,0,0,7
602.9802988279844,4,46.25,0,0,0,7,0,0,7
603.994268917013,4,44.5,0,0,0,7,0,0,7
605.0079788709991,4,57.5,0,0,0,7,0,0,7
606.0217448169715,4,47.75,0,0,0,5,0,1,6
607.0334436669946,4,65.0,0,1,0,5,0,0,6
608.0472665550187,4,70.5,1,0,0,4,0,1,5
609.0609307039995,4,25.25,0,1,0,4,0,1,6
610.0737117949757,4,71.75,0,0,0,5,0,0,5
611.0875953279901,4,51.0,0,3,0,4,1,0,8
612.0998999939766,4,40.5,0,0,1,4,0,0,5
613.1124971369863,4,0.0,0,0,1,3,1,0,5
614.1254434270086,4,37.75,0,0,1,2,2,0,5
615.1393363740062,4,46.75,0,0,0,3,0,0,3
616.151034887007,4,47.0,0,2,0,3,0,0,5
617.1597757560085,4,46.25,0,2,0,3,0,0,5
618.1708701750031,4,47.25,0,0,1,4,0,0,5
619.1838606179808,4,47.5,0,0,1,3,1,0,5
620.1978076159721,4,46.75,0,0,1,3,0,0,4
621.2112825000077,4,35.0,0,0,0,3,1,0,4
622.2242339029908,4,48.0,1,0,0,2,2,0,4
623.2380764969857,4,47.5,0,0,4,1,0,0,5
624.2520377049805,4,1.75,0,0,1,4,0,0,5
625.2656372310012,4,50.5,0,2,0,5,0,0,7
626.2791578089818,4,47.75,0,0,1,5,0,0,6
627.2929144219961,4,71.0,0,0,0,6,0,0,6
628.3060663439683,4,46.5,0,0,0,3,3,0,6
629.3199656860088,4,24.25,0,0,0,3,0,0,3
630.3334951829747,4,23.25,1,0,0,1,0,2,3
631.3479588020127,4,1.25,0,1,0,2,0,0,3
632.3616943439702,4,44.5,0,2,0,3,0,0,5
633.375554971979,4,27.0,0,0,0,5,0,0,5
634.3874722889741,4,70.0,0,3,0,3,0,0,6
635.4013258200139,4,49.25,0,0,1,5,0,0,6
636.4129538089619,4,70.75,0,0,0,6,0,0,6
637.42470670701,4,47.25,0,1,0,5,0,0,6
638.4383397150086,4,29.75,0,0,1,4,0,0,5
639.4523271729704,4,39.5,0,0,0,3,1,0,4
640.4705795049667,4,70.75,0,1,0,3,0,1,5
641.5341302849702,4,43.0,0,0,1,3,0,0,4
642.5464546869625,4,26.5,0,0,0,3,0,0,3
643.560106734978,4,40.0,0,0,0,3,0,0,3
644.5727602859843,4,47.0,0,0,0,3,0,0,3
645.5873660329962,4,39.0,0,0,0,1,0,1,2
646.601503523998,4,23.25,0,0,0,1,0,0,1
647.6138970719767,4,23.25,0,0,0,0,0,0,0
648.626088637975,4,0.0,0,1,0,0,0,0,1
649.637902951974,4,23.25,0,0,0,1,0,0,1
650.6501519879675,4,2.25,1,0,0,1,0,0,1
651.6611666780082,4,24.25,0,1,1,1,0,0,3
652.6730586749618,4,5.0,0,0,0,4,0,0,4
653.6853650129633,4,47.0,0,0,0,4,0,0,4
654.698844812985,4,23.5,0,0,0,4,0,0,4
655.7124124299735,4,43.5,0,1,0,3,0,0,4
656.7263636220014,4,23.0,0,2,0,3,0,0,5
657.7402653229656,4,23.5,3,2,0,2,1,0,5
658.7543997099856,4,13.25,0,0,2,5,0,0,7
659.7678379309946,4,51.25,0,0,0,7,0,0,7
660.7816056319862,4,69.75,0,1,0,7,0,0,8
661.7945488300174,4,75.25,0,0,0,5,0,0,5
662.8083357959986,4,67.25,0,0,0,4,0,0,4
663.8222100179992,4,47.5,0,0,0,3,0,0,3
664.8355436889688,4,69.5,0,0,0,3,0,0,3
665.8468357860111,4,62.75,0,2,0,3,0,0,5
666.8607204940054,4,46.75,0,0,0,5,0,0,5
667.8749134609825,4,20.25,0,0,0,5,0,1,6
668.887041704962,4,24.25,0,0,0,5,0,0,5
669.9008922019857,4,47.5,0,0,0,3,1,0,4
670.9145083780168,4,23.25,0,2,0,3,0,0,5
671.9283448120113,4,24.0,1,2,0,2,1,0,5
672.9420403880067,4,23.75,0,0,1,4,0,0,5
673.9558509209892,4,46.5,0,0,1,3,0,1,5
674.9695850379649,4,46.75,0,0,1,3,0,0,4
675.983616182988,4,46.5,0,2,0,4,0,0,6
676.9962071090122,4,50.75,0,1,1,3,0,0,5
678.0094122459996,4,70.25,0,1,1,2,1,0,5
679.0216107799788,4,47.0,1,1,1,2,1,0,5
680.0360265839845,4,48.25,0,0,0,4,0,0,4
681.0498558679828,4,47.0,0,1,0,3,0,0,4
682.0629430380068,4,69.75,2,1,0,3,1,0,5
683.0768389449804,4,69.25,0,1,2,3,0,0,6
684.090767894988,4,48.25,0,1,1,4,0,0,6
685.105818484968,4,24.0,0,3,0,3,0,0,6
686.1196930370061,4,23.25,0,5,0,3,0,0,8
687.1332266330137,4,8.75,0,3,0,5,0,0,8
688.1471928220126,4,48.0,0,2,1,4,0,0,7
689.1591911310097,4,13.5,0,0,2,6,0,0,8
690.1683805590146,4,47.75,0,0,2,5,0,0,7
691.181995054998,4,46.0,0,0,0,7,0,0,7
692.1933733249898,4,46.25,0,1,0,5,0,1,7
693.206944370002,4,56.5,0,0,0,5,0,0,5
694.2204938129871,4,40.5,0,1,0,4,0,0,5
695.2315398560022,4,18.75,0,1,3,3,0,1,8
696.2449935059994,4,20.0,0,2,2,3,0,0,7
697.2568280349951,4,47.25,0,0,1,6,0,0,7
698.2676079039811,4,70.25,0,1,1,6,0,0,8
699.2786087529967,4,47.25,0,1,1,4,1,0,7
700.2951851990074,4,47.0,0,0,2,3,0,2,7
701.3092149780132,4,46.75,0,0,0,5,0,0,5
702.3228417260107,4,70.0,0,0,0,4,1,0,5
703.3365367740043,4,49.0,0,0,0,4,0,0,4
704.3426765240147,4,24.25,0,2,0,2,0,0,4
705.3601701689768,4,5.25,0,0,0,4,0,0,4
706.3738958920003,4,47.0,1,0,0,3,0,0,3
707.3888106349623,4,45.5,0,0,1,3,0,0,4
708.4016651649727,4,46.25,0,0,2,2,0,0,4
709.4151967689977,4,34.75,0,0,1,3,0,0,4
710.4285243269987,4,46.75,0,0,2,2,0,0,4
711.4422420680057,4,47.25,0,0,1,2,0,0,3
712.4562176719774,4,6.5,0,0,2,3,0,0,5
713.4695847849944,4,27.0,0,0,0,6,0,0,6
714.4835459410097,4,42.5,0,0,0,6,0,0,6
715.4953340810025,4,46.5,0,0,0,6,0,0,6
716.5081793169957,4,47.25,0,0,0,5,0,0,5
717.5168870839989,4,70.25,0,1,0,3,0,0,4
718.5289623970166,4,25.0,0,0,1,3,0,0,4
719.5391029900056,4,45.25,0,1,0,4,0,0,5
720.5529462579871,4,28.5,0,0,0,5,0,0,5
721.5656094700098,4,46.5,0,0,0,3,2,0,5
722.579424222,4,23.25,0,1,0,3,0,0,4
723.5930774789886,4,41.75,0,0,0,2,0,0,2
724.6055959119694,4,23.25,0,1,0,2,0,0,3
725.6196689020144,4,23.5,0,0,0,2,0,0,2
726.6314492349629,4,24.75,1,1,0,2,0,0,3
727.6459808289655,4,24.75,0,2,1,5,0,0,8
728.6580407419824,4,70.0,0,0,0,7,0,0,7
729.67230836401,4,58.25,0,0,0,6,0,0,6
730.6860092100105,4,41.0,0,1,2,6,0,0,9
731.6974959200015,4,70.0,0,0,0,7,0,0,7
732.7095384249697,4,69.5,0,1,0,5,2,0,8
733.7237719380064,4,40.0,0,2,2,6,0,0,10
734.7361720990157,4,65.5,0,2,0,8,1,0,11
735.7500834169914,4,53.75,0,2,2,6,0,0,10
736.763831445016,4,44.25,0,0,1,6,2,0,9
737.7719221219886,4,67.25,1,0,1,5,1,1,8
738.7834061270114,4,46.75,0,0,1,7,0,0,8
739.7971184310154,4,44.5,0,3,3,8,0,0,14
740.8095750209759,4,17.5,0,5,2,8,1,0,16
741.823175958998,4,93.0,0,5,0,6,5,0,16
742.8371837820159,4,92.5,0,4,2,9,0,0,15
743.8465246930136,4,26.0,5,2,1,13,0,0,16
744.8596954419627,4,46.25,7,2,1,11,2,0,16
745.871741793002,4,71.25,6,3,4,9,0,0,16
746.8850343480008,4,76.25,10,1,2,12,1,0,16
747.898715029005,4,94.5,14,1,1,7,6,1,16
748.9126082999865,4,88.25,7,8,2,5,1,0,16
749.9232621709816,4,48.25,7,0,5,11,0,0,16
750.937513064011,4,35.75,6,2,1,11,1,1,16
751.9489546070108,4,91.0,2,9,1,6,0,0,16
752.9612127330038,4,24.0,4,2,3,11,0,0,16
753.9722424310166,4,68.75,7,1,3,6,6,0,16
754.983573962003,4,60.75,10,3,3,7,2,1,16
755.995554846013,4,84.25,8,3,6,5,0,2,16
757.0081942480174,4,26.25,8,0,3,12,0,1,16
758.0200089549762,4,84.5,3,3,3,10,0,0,16
759.0324186370126,4,52.25,3,0,3,11,2,0,16
760.0445803229813,4,47.75,3,0,3,6,0,7,16
761.0554979540175,4,65.75,0,2,2,9,0,0,13
762.0692885220051,4,69.25,0,2,1,9,0,0,12
763.113772969984,4,51.0,0,1,0,9,0,0,10
764.1224818539922,4,0.0,0,0,1,7,0,0,8
765.1399941379786,4,46.75,0,0,0,8,0,0,8
766.152048709977,4,69.5,0,0,0,6,0,0,6
767.1642442209995,4,71.25,0,0,0,6,0,0,6
768.1796601859969,4,45.5,0,2,0,6,0,0,8
769.1935679750168,4,47.25,0,1,0,6,0,1,8
770.2056565890089,4,69.5,0,0,0,7,0,0,7
771.2168350910069,4,47.0,0,1,0,5,0,0,6
772.230435030011,4,34.0,0,1,0,5,0,0,6
773.2444332540035,4,72.25,1,1,0,5,0,0,6
774.2578056739876,4,47.75,1,0,1,2,3,0,6
775.2714441369753,4,24.75,1,0,1,3,0,0,4
776.2852361699915,4,46.0,0,0,1,2,0,1,4
777.2986239530146,4,1.75,0,0,0,2,1,0,3
778.3122475320124,4,0.0,2,0,0,0,3,0,3
779.3257174009923,4,0.0,0,0,3,0,0,0,3
780.3397807920119,4,25.0,0,4,1,4,0,0,9
781.3537377209868,4,23.0,0,3,1,4,1,0,9
782.3673895070096,4,38.25,0,4,1,3,0,0,8
783.3813804289675,4,47.5,0,0,2,5,0,0,7
784.3950300039724,4,71.25,0,3,1,6,0,0,10
785.4078387640184,4,61.5,0,2,1,8,0,0,11
786.4212464499869,4,70.0,3,2,0,6,3,0,11
787.4336021110066,4,70.5,0,7,0,5,1,0,13
788.447504804004,4,46.75,0,2,4,6,0,0,12
789.4601222209749,4,48.5,1,3,0,12,1,0,16
790.4695971069741,4,70.0,0,1,2,6,1,0,10
791.483510577993,4,71.0,0,1,0,7,0,2,10
792.4970355280093,4,55.25,1,2,0,2,5,0,9
793.5108102529775,4,22.25,0,4,3,2,0,3,12
794.5225850960123,4,36.75,0,3,3,4,0,0,10
795.5364342799876,4,57.0,0,2,0,11,0,0,13
796.5477045659791,4,70.25,0,2,1,7,0,5,15
797.5616698249942,4,52.25,0,2,1,7,0,0,10
798.575117424014,4,66.25,0,1,1,6,1,0,9
799.5891248940025,4,24.25,2,3,0,5,0,0,8
800.6020523000043,4,47.0,0,5,1,3,0,2,11
801.6142545189941,4,49.0,0,1,1,7,0,1,10
802.6282599499682,4,63.5,0,1,1,7,2,0,11
803.6395339739975,4,87.75,1,1,2,5,3,1,12
804.6512972409837,4,89.5,0,1,2,8,0,0,11
805.6655918289907,4,63.0,1,2,1,4,0,0,7
806.6789368090103,4,93.75,0,3,0,4,1,0,8
807.6927726260037,4,54.75,0,1,1,5,0,0,7
808.7066631310154,4,47.25,0,1,0,6,0,0,7
809.7189628569758,4,49.0,0,0,0,5,2,0,7
810.7324459810043,4,50.0,0,1,2,5,0,0,8
811.7463327039732,4,70.25,0,0,1,7,0,0,8
812.7603457240039,4,54.25,0,1,0,7,0,0,8
813.7727421050076,4,19.75,0,0,1,5,0,0,6
814.7841124049737,4,47.25,0,0,0,4,1,0,5
815.7976778129814,4,46.5,0,0,0,5,0,0,5
816.8120380690088,4,24.0,0,0,1,4,0,0,5
817.8257088299724,4,23.25,0,2,2,5,0,0,9
818.8395041169715,4,23.25,0,0,4,6,1,0,11
819.8507840569946,4,47.5,1,1,1,6,1,0,9
820.8601560220122,4,70.0,0,3,1,6,0,1,11
821.8711863500066,4,44.75,0,2,1,7,0,1,11
822.8845278269728,4,23.75,0,0,0,7,1,0,8
823.8984873850131,4,32.25,2,1,0,6,1,0,8
824.9122250250075,4,70.5,0,2,2,6,0,0,10
825.9262678839732,4,48.25,0,0,2,8,0,0,10
826.9401319299941,4,68.0,0,1,0,9,0,0,10
827.9539817670011,4,45.75,0,0,1,6,0,0,7
828.9684544299962,4,47.75,0,2,2,5,0,1,10
829.982919660979,4,24.75,0,1,3,5,0,0,9
830.9968275519786,4,70.75,0,1,1,8,0,0,10
832.0105725749745,4,64.25,0,0,1,8,0,0,9
833.0219117429806,4,48.0,0,0,0,6,0,0,6
834.0391539199627,4,70.25,0,0,0,5,0,0,5
835.0527961350163,4,48.0,0,0,0,5,0,0,5
836.0628202439984,4,46.5,0,1,0,4,0,0,5
837.0762689010007,4,24.0,0,1,0,6,0,0,7
838.0883659259998,4,24.75,0,1,1,5,0,0,7
839.102079882985,4,47.75,0,1,3,5,0,0,9
840.115392733016,4,39.75,0,0,0,5,0,2,7
841.1303306350019,4,24.5,0,1,0,5,0,0,6
842.1438010709826,4,47.75,0,0,1,3,1,0,5
843.1569981579669,4,70.75,0,0,1,2,2,0,5
844.1694928389625,4,47.75,0,0,0,3,0,0,3
845.1831974629895,4,47.25,0,0,0,3,0,0,3
846.1974886449752,4,47.75,0,0,0,3,0,0,3
847.211792106973,4,47.25,0,0,0,3,0,0,3
848.2253672700026,4,47.75,0,1,0,3,0,0,4
849.2376943550189,4,47.25,0,0,0,2,0,0,2
850.2516825759667,4,23.0,0,0,0,2,0,0,2
851.2654693530058,4,46.25,0,0,1,1,0,0,2
852.2798932699952,4,34.0,0,0,0,2,0,0,2
853.2934709679685,4,23.25,5,0,0,1,1,0,2
854.3074387129745,4,9.5,0,4,1,4,0,0,9
855.3210266059614,4,47.5,2,4,1,3,1,0,9
856.3350695180125,4,16.0,0,4,3,5,0,0,12
857.348410334962,4,71.0,0,3,2,6,0,1,12
858.359863316,4,56.5,0,2,1,8,0,0,11
859.3735162519733,4,68.5,0,5,1,7,0,0,13
860.3864640489919,4,26.75,0,3,2,6,1,0,12
861.3975132780033,4,72.0,0,0,2,8,0,0,10
862.4094574999763,4,93.5,0,0,1,6,3,0,10
863.4235665159649,4,50.75,0,0,1,5,0,1,7
864.4346984269796,4,65.5,0,0,1,4,0,0,5
865.4474989330047,4,63.5,0,1,0,4,0,0,5
866.4603432519943,4,23.25,0,1,0,2,0,0,3
867.4744992270134,4,22.75,0,1,0,4,0,0,5
868.4881885609939,4,7.75,0,0,1,5,0,0,6
869.502942378982,4,43.25,0,0,0,6,0,0,6
870.5143659349997,4,54.75,0,0,0,4,1,1,6
871.5280327380169,4,48.0,0,0,0,4,1,0,5
872.5417445870116,4,47.5,0,0,0,4,0,0,4
873.5551972420071,4,47.75,0,2,0,4,0,0,6
874.5673679569736,4,48.0,0,0,0,6,0,0,6
875.580893937964,4,66.5,0,0,0,6,0,0,6
876.594400973001,4,24.25,0,0,0,6,0,0,6
877.6082055469742,4,64.5,0,0,1,4,0,0,5
878.6215634249966,4,23.75,0,0,1,3,1,0,5
879.6321311040083,4,23.25,0,1,0,3,0,0,4
880.646245128999,4,40.75,0,2,0,4,0,0,6
881.6621745589655,4,43.25,0,1,1,6,0,0,8
882.6760747319786,4,57.25,0,0,2,6,0,0,8
883.6899166029762,4,28.0,0,0,1,5,1,0,7
884.769421769015,4,62.75,0,1,0,6,1,0,8
885.8628972219885,4,37.75,1,1,0,4,2,1,8
886.8763349750079,4,50.5,0,1,1,3,1,0,6
887.8873922819621,4,67.5,1,1,0,4,0,0,5
888.9016651129932,4,52.5,0,1,1,4,0,0,6
889.9154725549743,4,48.0,0,2,1,5,0,0,8
890.9295221790089,4,26.25,0,2,1,6,0,0,9
891.9430813840008,4,70.0,0,0,0,8,1,0,9
892.9570491109625,4,77.5,0,0,0,6,2,1,9
893.9708260630141,4,46.5,1,0,0,6,0,1,7
894.9819988610107,4,78.5,0,0,0,6,0,0,6
895.9954181420035,4,92.0,1,0,1,6,0,0,7
897.0090318379807,4,58.5,0,2,1,6,0,0,9
898.0224965490052,4,72.25,0,2,0,6,0,0,8
899.0351187649649,4,83.25,0,0,0,6,1,0,7
900.0510861499934,4,21.5,0,1,0,6,0,1,8
901.0648986540036,4,68.0,0,2,1,5,0,0,8
902.0785909389961,4,22.75,0,0,0,6,2,0,8
903.0922434700187,4,70.5,0,0,0,5,0,0,5
904.1058435299783,4,70.75,0,0,0,5,0,0,5
905.119858149963,4,48.25,0,0,0,3,0,0,3
906.1334802460042,4,30.0,0,0,0,3,0,0,3
907.1468233959749,4,59.25,0,0,0,2,0,0,2
908.1604842449888,4,47.0,0,0,0,2,0,0,2
909.174244889,4,16.0,0,0,0,1,0,0,1
910.1882552519673,4,23.0,0,0,0,0,0,0,0
911.2019924499909,4,0.0,0,0,0,0,0,0,0
912.2163337050006,4,0.0,0,0,0,0,0,0,0
913.2285969440127,4,0.0,0,1,1,0,0,0,2
914.2409711229848,4,0.0,0,0,0,2,0,0,2
915.2549801149871,4,29.75,1,0,0,2,0,0,2
916.2675593859749,4,46.75,1,1,0,2,0,0,3
917.2798425279907,4,45.0,0,1,2,2,0,0,5
918.2891005729907,4,65.25,0,0,0,4,0,0,4
919.3016657439875,4,70.25,0,1,0,4,0,0,5
920.3140062110033,4,62.25,0,1,1,5,0,0,7
921.3274092960055,4,49.0,0,0,1,6,0,0,7
922.340757618018,4,93.5,2,0,0,5,1,1,7
923.3549084779806,4,70.75,0,1,1,5,0,0,7
924.3685737649794,4,69.5,0,0,0,6,0,0,6
925.3823427889729,4,23.25,0,1,0,4,1,0,6
926.3953938069753,4,46.25,0,2,0,4,0,0,6
927.4121620670194,4,47.25,1,2,1,5,0,0,8
928.4259125890094,4,34.75,0,0,1,8,0,0,9
929.4388836739818,4,38.75,0,0,0,8,1,0,9
930.452772877994,4,70.5,0,0,0,6,3,0,9
931.4663011250086,4,63.75,0,1,0,6,0,0,7
932.4798574589659,4,69.75,0,0,1,5,0,1,7
933.4937904800172,4,7.5,0,1,0,5,0,0,6
934.5073676899774,4,47.25,0,1,0,5,0,0,6
935.5224770120112,4,43.0,0,0,0,6,0,0,6
936.536235912994,4,47.0,0,0,0,6,0,0,6
937.5469530610135,4,47.75,0,0,0,3,0,2,5
938.557973382005,4,47.75,0,0,0,2,0,0,2
939.5714468950173,4,47.5,0,0,0,2,0,0,2
940.582939127984,4,46.75,0,2,0,2,0,0,4
941.5968641089858,4,71.0,0,0,0,4,0,0,4
942.608866257011,4,70.5,0,0,0,3,1,0,4
943.6231036990066,4,46.25,0,0,0,3,0,0,3
944.6366122490144,4,0.0,0,1,0,3,0,0,4
945.6501171399723,4,47.0,0,0,0,3,0,0,3
946.6643545299885,4,57.25,2,0,0,3,0,0,3
947.6746618729667,4,58.5,0,1,0,5,0,0,6
948.6884351809858,4,70.25,0,0,2,5,0,0,7
949.701679213962,4,35.75,0,0,1,5,0,0,6
950.7140017990023,4,46.75,2,0,1,4,1,0,6
951.7277557179914,4,47.25,3,0,1,3,2,0,6
952.7400390239782,4,45.5,0,0,0,5,0,0,5
953.7515547450166,4,71.0,0,1,1,5,0,0,7
954.764309496968,4,7.5,0,1,1,6,0,0,8
955.7784229890094,4,93.0,0,0,1,6,0,0,7
956.7920464859926,4,66.75,0,0,0,7,0,0,7
957.8057660649647,4,92.0,0,0,0,6,0,0,6
958.8197674659896,4,52.0,0,0,0,5,0,0,5
959.8337647099979,4,86.5,0,0,2,5,0,0,7
960.8456038939767,4,90.5,1,0,0,7,0,0,7
961.8591655240161,4,93.25,1,0,0,5,2,0,7
962.8730895649642,4,42.25,0,1,0,3,1,0,5
963.8866637710016,4,70.75,0,0,0,3,0,0,3
964.9007744140108,4,58.75,0,1,0,2,0,0,3
965.9142913650139,4,23.5,0,1,0,2,0,0,3
966.928416877985,4,23.5,0,1,1,3,0,0,5
967.9411457160022,4,44.75,0,0,0,5,0,0,5
968.954767312971,4,65.0,0,0,0,3,1,0,4
969.9686820259667,4,47.0,0,0,0,2,0,1,3
970.9818942759885,4,27.5,0,1,0,2,0,0,3
971.9958716949914,4,47.0,0,0,0,2,0,0,2
973.0094811340095,4,35.75,0,2,0,1,0,0,3
974.0236603500089,4,23.25,0,0,0,3,0,0,3
975.0390517279739,4,23.25,0,0,0,3,0,0,3
976.0527005909826,4,46.5,1,1,0,3,0,0,4
977.0664289079723,4,23.25,0,3,0,3,0,0,6
978.0779365189956,4,17.0,0,3,0,3,0,0,6
979.0903886249871,4,35.75,0,2,0,4,0,0,6
980.1033168130089,4,43.0,0,0,0,6,0,0,6
981.1161123950151,4,48.5,0,0,0,5,0,1,6
982.1276234120014,4,71.5,0,0,0,5,0,0,5
983.1384630110115,4,54.25,0,1,0,3,0,0,4
984.1524021640071,4,25.75,0,1,1,3,0,0,5
985.1656215639669,4,26.25,0,0,1,3,0,0,4
986.1765826769988,4,23.0,1,0,0,4,0,0,4
987.1899335170165,4,46.5,1,0,0,4,0,0,4
988.2040602999623,4,46.75,0,3,0,3,1,0,7
989.215664858988,4,44.0,0,2,3,3,0,0,8
990.2294327549753,4,25.0,0,0,1,7,0,0,8
991.2432978390134,4,48.5,0,0,0,6,1,0,7
992.2571467789821,4,69.0,0,1,0,6,0,0,7
993.2708613550058,4,48.75,0,2,1,4,0,0,7
994.2836552039953,4,18.5,0,0,0,6,0,0,6
995.2974350129953,4,47.25,0,1,0,5,0,1,7
996.3083898199839,4,24.25,0,0,1,5,0,0,6
997.321962617978,4,40.75,0,0,0,6,0,0,6
998.3355281279655,4,45.5,0,0,0,5,0,0,5
999.3490093490109,4,47.5,0,0,0,5,0,0,5
1000.362739594013,4,44.25,0,0,1,4,1,0,6
1001.3765423030127,4,47.0,0,2,0,4,0,0,6
1002.3879568820121,4,43.75,0,0,0,5,0,0,5
1003.4022372509935,4,92.5,1,0,1,4,0,0,5
1004.4159764579963,4,48.25,0,0,1,4,0,0,5
1005.4272872820147,4,71.25,0,1,0,5,0,0,6
1006.4758481379831,4,55.25,0,0,1,7,0,0,8
1007.5305220629671,4,13.75,0,0,1,6,1,0,8
1008.5441902119783,4,47.75,0,0,0,7,0,0,7
1009.5580158010125,4,54.25,0,1,0,6,0,0,7
1010.5716905549634,4,57.0,0,1,0,6,0,1,8
1011.5836052249651,4,68.75,0,0,1,7,0,0,8
1012.5961486480082,4,92.0,0,0,0,7,0,0,7
1013.6070114920149,4,70.5,0,0,0,7,0,0,7
1014.6208095949842,4,69.0,0,0,0,7,0,0,7
1015.6324463579804,4,46.75,0,0,0,6,0,1,7
1016.6450587100117,4,62.25,0,0,0,6,0,0,6
1017.6585936439806,4,61.25,0,0,1,5,0,0,6
1018.6785697219893,4,42.75,0,0,1,2,3,0,6
1019.69089854497,4,23.5,0,0,1,2,0,0,3
1020.7044613320031,4,46.5,0,0,1,3,0,0,4
1021.718002553971,4,46.25,0,0,0,3,0,0,3
1022.7323291819775,4,46.5,0,0,0,3,0,0,3
1023.7492591170012,4,46.5,1,0,0,3,0,0,3
1024.7610321519896,4,23.0,0,2,0,3,0,0,5
1025.7749648109893,4,40.25,0,1,0,4,0,0,5
1026.7885345069808,4,46.75,0,0,1,4,0,0,5
1027.8005374050117,4,45.75,0,0,1,4,0,1,6
1028.8137376990053,4,29.25,0,1,0,5,0,0,6
1029.8275067899958,4,23.25,0,0,0,5,0,0,5
1030.8417155669886,4,45.75,0,0,0,5,0,0,5
1031.8557274040068,4,46.75,0,0,0,5,0,0,5
1032.8692739899852,4,46.5,0,0,0,5,0,0,5
1033.8805594699807,4,25.5,0,0,0,5,0,0,5
1034.8942493689829,4,26.0,0,0,0,4,0,0,4
1035.9082890040008,4,47.5,0,0,0,4,0,0,4
1036.9195369840018,4,47.75,0,0,0,2,0,0,2
1037.9333563779946,4,23.5,0,0,0,0,0,0,0
1038.9471915999893,4,0.0,0,1,0,0,0,0,1
1039.9592523630126,4,0.0,0,0,1,0,0,0,1
1040.972951342992,4,0.0,2,0,0,1,0,0,1
1041.9870512449997,4,23.25,0,3,0,1,0,0,4
1043.000203744974,4,0.0,0,3,0,0,0,0,3
1044.0141751979827,4,0.0,0,0,1,2,0,0,3
1045.0277658739942,4,46.0,0,0,1,3,0,0,4
1046.0406869190047,4,36.75,0,1,0,5,0,0,6
1047.0540784089826,4,70.5,0,0,0,6,0,0,6
1048.0676841689856,4,68.5,0,0,1,5,1,0,7
1049.079506598995,4,50.0,0,0,0,6,0,0,6
1050.0926721789874,4,67.25,2,1,0,5,0,1,7
1051.1065227839863,4,51.0,0,0,0,8,0,0,8
1052.1166160209686,4,46.5,0,0,0,7,1,0,8
1053.129018616979,4,46.5,0,0,0,6,0,0,6
1054.1420505749993,4,48.25,0,1,0,6,0,0,7
1055.1539372379775,4,23.25,0,1,0,5,0,1,7
1056.167694149015,4,58.0,0,0,1,4,1,0,6
1057.1810704839882,4,48.25,0,0,1,3,1,0,5
1058.196400624991,4,27.25,0,0,2,4,0,0,6
1059.2104015229852,4,70.75,0,0,0,6,0,0,6
1060.224078122992,4,47.0,0,0,0,4,2,0,6
1061.2380918479757,4,69.75,1,0,0,4,0,0,4
1062.251532958995,4,47.0,0,1,0,4,0,0,5
1063.2654711430077,4,69.5,0,5,1,3,0,0,9
1064.2787917269743,4,28.75,0,3,0,6,0,0,9
1065.292236270965,4,46.5,0,0,2,7,0,0,9
1066.304801635968,4,95.0,0,2,0,5,0,1,8
1067.3182783739758,4,64.25,0,3,3,4,0,0,10
1068.3322487589903,4,47.25,5,1,3,5,1,0,10
1069.3457553209737,4,24.75,2,6,1,7,1,0,15
1070.3594768290059,4,70.75,3,8,0,6,0,1,15
1071.3733984570135,4,48.25,6,5,1,9,0,1,16
1072.386744457006,4,39.75,5,5,1,5,5,0,16
1073.4001406299649,4,70.0,14,5,1,4,6,0,16
1074.4137807550142,4,46.25,15,6,4,4,0,2,16
1075.4275540019735,4,33.75,14,2,4,10,0,0,16
1076.4411866500159,4,68.25,17,6,1,8,1,0,16
1077.4550566459657,4,48.25,22,0,8,6,1,1,16
1078.4689135669614,4,45.0,25,2,5,8,0,1,16
1079.482503117004,4,50.0,31,1,2,11,0,1,15
1080.4965106290183,4,44.0,27,3,3,9,1,0,16
1081.5104336459772,4,50.0,23,5,2,8,0,1,16
1082.5239287199802,4,58.0,17,4,3,9,0,0,16
1083.5352337539662,4,80.0,16,5,2,7,1,1,16
1084.5483604039764,4,54.0,16,1,3,12,0,0,16
1085.5621974929818,4,72.75,15,1,0,12,3,0,16
1086.5755423469818,4,95.0,18,1,0,7,8,0,16
1087.5869966439786,4,94.25,8,8,3,4,0,1,16
1088.6009268859634,4,17.75,7,3,2,11,0,0,16
1089.6078515849658,4,70.75,6,3,2,9,2,0,16
1090.6219295089832,4,66.75,4,2,3,11,0,0,16
1091.631563643983,4,95.75,3,1,3,11,0,1,16
1092.6451402630191,4,81.5,1,1,3,12,0,0,16
1093.6592412620084,4,88.75,2,1,3,12,0,0,16
1094.6711909099831,4,84.0,0,0,4,11,1,0,16
1095.6852559120161,4,50.75,0,0,1,11,0,0,12
1096.69349899597,4,95.0,1,0,1,9,2,0,12
1097.7072874180158,4,94.5,0,3,3,8,0,0,14
1098.721339826996,4,55.75,0,0,2,11,0,0,13
1099.7341263919952,4,70.5,0,0,2,9,1,0,12
1100.7482742589782,4,94.0,0,0,2,8,0,0,10
1101.7600727349636,4,93.75,0,1,2,5,1,0,9
1102.7695135499816,4,93.75,0,1,2,6,0,0,9
1103.7829510259908,4,46.75,0,1,3,2,1,1,8
1104.7951486809761,4,0.0,0,0,1,3,0,1,5
1105.808267328015,4,70.75,0,0,0,4,0,0,4
1106.8214706850122,4,47.0,1,0,0,4,0,0,4
1107.836155166966,4,70.25,1,0,0,3,1,0,4
1108.8499401239678,4,46.75,2,0,0,3,1,0,4
1109.8636439910042,4,48.5,0,0,0,5,0,0,5
1110.8753841479775,4,23.75,0,1,0,5,0,0,6
1111.8888603699743,4,23.5,0,0,1,5,0,0,6
1112.9024782489869,4,46.5,0,0,3,4,0,0,7
1113.9160813600174,4,43.0,0,0,1,5,0,0,6
1114.9297386009712,4,23.5,1,1,0,6,0,0,7
1115.943550942,4,33.25,0,2,0,8,0,0,10
1116.9571181979845,4,65.0,0,0,3,9,0,0,12
1117.9710242269794,4,70.25,0,1,1,6,4,1,13
1118.9818888599984,4,71.0,2,1,1,4,6,1,13
1119.9948585060192,4,70.75,0,0,2,5,0,0,7
1121.0091082580038,4,64.0,0,1,2,6,0,0,9
1122.023390921997,4,49.25,0,2,0,8,0,0,10
1123.0359403630137,4,67.0,0,0,1,5,1,1,8
1124.0497335559921,4,24.0,0,1,1,2,0,0,4
1125.0632310899673,4,47.0,0,0,3,2,0,0,5
1126.0770567269647,4,24.25,0,0,1,3,0,0,4
1127.0907530330005,4,0.0,0,0,0,4,0,0,4
1128.1007339259959,4,14.25,0,0,0,4,0,0,4
1129.1359123250004,4,23.0,0,0,0,4,0,0,4
1130.1495229639695,4,16.25,0,1,0,4,0,0,5
1131.1631875539897,4,23.75,0,3,1,5,0,0,9
1132.1769973429618,4,9.25,0,3,1,5,1,0,10
1133.1909528470132,4,46.5,0,5,1,6,0,0,12
1134.2042679209844,4,23.0,0,4,3,6,0,1,14
1135.217330193962,4,24.75,0,2,4,7,0,0,13
1136.2314647739986,4,60.0,0,1,2,7,0,2,12
1137.2415085569955,4,86.0,0,1,1,6,3,0,11
1138.254918073013,4,52.25,0,4,2,3,0,0,9
1139.2688080910011,4,40.5,0,3,1,8,0,0,12
1140.2804612959735,4,66.5,0,4,1,7,0,1,13
1141.2894958690158,4,71.5,2,3,0,9,0,1,13
1142.3051066359621,4,47.75,0,5,2,9,0,0,16
1143.318543574016,4,49.5,2,3,0,13,0,0,16
1144.3310772709665,4,35.0,1,2,2,11,0,1,16
1145.3417913229787,4,92.0,2,3,0,11,0,2,16
1146.3540632840013,4,66.75,0,0,1,12,0,1,14
1147.366986677982,4,43.75,1,1,2,11,0,2,16
1148.3826192989945,4,90.5,2,2,2,9,2,1,16
1149.396059763967,4,85.5,0,2,2,9,0,0,13
1150.4084190519643,4,69.75,0,1,2,7,1,0,11
1151.4211162789725,4,42.0,0,1,2,7,0,0,10
1152.4328272540006,4,47.25,0,1,1,5,0,0,7
1153.4458674229681,4,47.0,0,0,0,5,1,0,6
1154.4597246939666,4,67.25,0,2,0,3,0,0,5
1155.4732079859823,4,23.0,0,2,1,4,0,0,7
1156.4863341759774,4,46.5,3,2,1,2,2,0,7
1157.49736647401,4,47.0,4,2,1,1,0,3,7
1158.5053870420088,4,72.5,0,2,1,6,1,0,10
1159.517976053001,4,66.5,0,2,1,5,0,0,8
1160.5317049669684,4,66.25,0,0,2,4,0,0,6
1161.5457751739887,4,49.0,0,0,2,5,0,0,7
1162.5594534230186,4,49.0,1,0,1,5,1,0,7
1163.5696633619955,4,25.0,0,0,0,5,0,0,5
1164.5803508009994,4,47.0,0,0,0,5,0,0,5
1165.59437238198,4,47.75,0,0,0,5,0,0,5
1166.6073128819698,4,45.25,0,1,0,5,0,0,6
1167.6215877389768,4,24.25,0,0,0,6,0,0,6
1168.6359009119915,4,63.75,0,1,0,5,0,0,6
1169.6479448750033,4,46.0,0,0,1,6,0,0,7
1170.660113395017,4,64.25,0,0,0,6,0,0,6
1171.674057318014,4,70.0,0,0,1,3,0,0,4
1172.6879686850007,4,51.75,0,1,1,3,1,0,6
1173.7023161679972,4,46.25,0,1,0,3,2,0,6
1174.714916469995,4,47.5,0,0,0,4,0,0,4
1175.728976087994,4,22.75,0,0,0,4,0,0,4
1176.7423571170075,4,23.5,1,0,0,4,0,0,4
1177.7563414039905,4,23.25,0,0,1,2,0,0,3
1178.7698891799664,4,24.25,0,1,0,3,0,0,4
1179.783580044983,4,1.0,0,0,0,4,0,0,4
1180.7945301170112,4,24.0,0,0,0,4,0,0,4
1181.8085512309917,4,24.0,0,0,0,4,0,0,4
1182.8219796149642,4,23.25,1,1,0,2,0,0,3
1183.8359730499797,4,23.5,1,1,0,2,0,0,3
1184.8500970819732,4,23.5,0,2,1,1,0,1,5
1185.8617587079643,4,46.75,0,1,1,2,0,0,4
1186.8751681019785,4,23.0,0,0,0,4,0,0,4
1187.8888719690149,4,69.75,0,1,1,4,0,0,6
1188.901090985979,4,25.75,0,0,0,4,0,0,4
1189.9146064859815,4,70.5,3,0,0,4,0,0,4
1190.9284440599731,4,46.75,0,1,1,6,0,0,8
1191.9343195849797,4,57.25,0,1,1,6,0,0,8
1192.947476789006,4,70.25,0,0,1,7,0,0,8
1193.9611932639964,4,25.75,0,0,0,6,1,0,7
1194.9730319869705,4,26.75,0,0,0,8,0,0,8
1195.9855417690123,4,44.75,0,1,0,6,2,0,9
1196.9989537780057,4,70.75,0,1,1,5,0,1,8
1198.015182914969,4,61.25,0,1,0,7,0,0,8
1199.0289876589668,4,70.5,0,2,0,7,0,0,9
1200.0426773880026,4,55.0,0,1,0,8,0,0,9
1201.0557764539844,4,24.0,0,0,0,10,0,0,10
1202.0693283170112,4,83.25,0,0,0,10,0,0,10
1203.0880558959907,4,70.25,0,0,0,7,0,0,7
1204.0982239139848,4,71.25,0,0,0,6,0,0,6
1205.1139240600169,4,70.75,0,0,0,4,2,0,6
1206.125840888999,4,65.0,0,1,0,2,0,0,3
1207.1391684529954,4,23.25,0,2,0,2,0,0,4
1208.1485925489687,4,1.5,0,1,1,2,0,0,4
1209.1601593309897,4,11.25,0,1,1,2,0,0,4
1210.1729341669707,4,23.75,0,0,0,3,0,0,3
1211.185736681975,4,23.25,0,0,0,2,0,0,2
1212.2002069780137,4,23.25,0,0,0,1,0,0,1
1213.211435439007,4,2.0,0,0,0,3,0,0,3
1214.2241418439662,4,24.25,0,1,0,3,0,0,4
1215.238244439999,4,45.75,2,1,0,3,0,0,4
1216.2476645489805,4,23.5,0,1,0,5,0,0,6
1217.2614569360157,4,46.25,0,0,0,4,0,0,4
1218.2750780429924,4,48.0,0,0,0,4,0,0,4
1219.2863657000125,4,43.75,0,0,0,2,0,0,2
1220.298378581996,4,46.5,0,0,1,2,0,0,3
1221.3104355399846,4,47.25,0,0,0,2,0,0,2
1222.3220722050173,4,23.5,0,1,0,2,0,0,3
1223.3363341459772,4,7.25,0,1,0,2,0,0,3
1224.3500542719848,4,9.0,0,1,0,3,0,0,4
1225.3630325970007,4,24.0,0,1,0,3,0,0,4
1226.3776944300043,4,25.0,0,0,0,4,0,0,4
1227.3910582499811,4,23.75,0,0,0,3,0,0,3
1228.4031049690093,4,23.75,0,1,0,3,0,0,4
1229.4163973790128,4,23.25,0,1,0,3,0,0,4
1230.4294893550104,4,23.75,0,1,0,2,1,0,4
1231.4430687249987,4,20.5,1,1,0,3,0,0,4
1232.456950775988,4,0.0,0,1,0,4,0,0,5
1233.4709016669658,4,0.0,1,2,1,4,0,0,7
1234.4843445779989,4,23.0,1,2,1,3,0,1,7
1235.4936896119616,4,31.25,0,0,0,7,0,0,7
1236.5072358850157,4,71.75,0,1,0,5,0,0,6
1237.5207302909694,4,36.5,1,0,1,5,0,0,6
1238.5341050199931,4,46.75,1,0,1,4,1,0,6
1239.547482703987,4,46.5,2,0,1,4,1,0,6
1240.5605180889834,4,42.5,0,1,1,4,0,0,6
1241.5728231840185,4,46.75,0,0,1,4,0,0,5
1242.5855738709797,4,51.5,1,0,0,4,0,1,5
1243.6003714890103,4,0.0,0,1,0,4,0,0,5
1244.6138208669727,4,30.25,0,0,0,3,0,0,3
1245.6282653979724,4,0.0,0,1,0,3,0,0,4
1246.6418475249666,4,24.75,1,1,0,4,0,0,5
1247.6552615750115,4,49.0,0,0,0,6,0,0,6
1248.666335824004,4,0.0,0,0,0,6,0,0,6
1249.6783143699868,4,71.25,0,0,0,6,0,0,6
1250.717261857004,4,43.25,0,0,0,6,0,0,6
1251.7307260099915,4,49.0,0,0,0,6,0,0,6
1252.7444534309907,4,71.0,0,0,0,5,0,0,5
1253.7570830659824,4,47.25,0,1,1,5,0,0,7
1254.7705640419736,4,25.25,0,0,0,5,0,1,6
1255.7850477489992,4,61.25,0,1,0,4,0,0,5
1256.798876115994,4,30.5,0,1,0,4,0,0,5
1257.8129729799693,4,47.5,0,0,0,4,0,0,4
1258.8266623779782,4,51.5,0,0,0,3,0,0,3
1259.8404143549851,4,69.75,1,1,0,3,0,0,4
1260.8537620920106,4,68.75,0,2,0,4,0,0,6
1261.867909085995,4,71.0,0,1,1,2,0,1,5
1262.882010861009,4,51.75,0,1,1,3,0,0,5
1263.8957808439736,4,44.5,0,0,0,5,0,0,5
1264.9095044179703,4,56.0,1,2,0,4,1,0,7
1265.9231222819653,4,47.5,0,1,1,4,0,0,6
1266.9366015089909,4,64.5,0,1,1,3,0,0,5
1267.9490055390052,4,86.25,0,1,0,5,0,0,6
1268.960624608968,4,47.0,0,1,0,4,1,0,6
1269.9703520149924,4,71.25,1,1,0,3,2,0,6
1270.984317874012,4,69.75,0,3,0,3,0,2,8
1271.9962828209973,4,44.25,0,3,1,3,0,0,7
1273.01028630801,4,17.5,0,0,0,7,0,0,7
1274.0231236679829,4,61.25,0,0,0,7,0,0,7
1275.030788898992,4,71.75,0,1,0,6,1,0,8
1276.0444697969942,4,63.0,0,1,0,5,1,0,7
1277.054826130974,4,47.75,0,2,1,3,0,0,6
1278.067942921014,4,27.5,0,0,1,5,0,0,6
1279.078890467994,4,48.25,0,0,0,5,0,0,5
1280.09061715001,4,9.75,0,1,0,5,0,0,6
1281.104339034995,4,32.75,0,1,0,6,0,0,7
1282.117951043998,4,46.5,0,2,0,4,0,1,7
1283.1316060610116,4,20.5,0,1,1,7,0,0,9
1284.1458167110104,4,34.0,0,1,1,7,0,0,9
1285.155469388992,4,47.0,0,0,1,8,0,0,9
1286.1694864429883,4,49.25,0,0,1,8,1,0,10
1287.1829609560082,4,46.0,0,1,0,8,0,1,10
1288.1968209950137,4,46.5,0,0,0,8,0,0,8
1289.2101601790055,4,24.0,0,0,0,6,0,0,6
1290.2212668840075,4,47.25,0,2,0,6,0,0,8
1291.2334000599803,4,70.75,0,0,0,7,0,0,7
1292.24506423797,4,71.25,0,0,1,7,0,0,8
1293.255750745011,4,71.0,0,0,1,6,1,0,8
1294.269172861008,4,58.5,1,0,0,4,1,3,8
1295.282618601981,4,41.5,0,4,0,3,0,0,7
1296.2961411279975,4,60.75,0,1,1,5,0,0,7
1297.3075135449762,4,72.75,0,0,0,6,1,0,7
1298.3213798679644,4,46.75,0,0,0,6,0,0,6
1299.335210129968,4,69.5,0,0,0,6,0,0,6
1300.348765430972,4,47.5,0,0,0,4,0,0,4
1301.3626213910175,4,23.5,0,1,0,3,0,0,4
1302.3743949469645,4,0.0,1,0,0,4,0,0,4
1303.3882496019942,4,70.5,0,1,0,4,0,0,5
1304.4016091889935,4,71.25,1,1,0,4,0,0,5
1305.4151655110181,4,49.25,0,5,0,3,0,1,9
1306.4292141089682,4,18.25,0,0,1,7,0,0,8
1307.439357633004,4,85.25,0,1,0,6,0,1,8
1308.45301367098,4,94.5,0,1,0,6,0,1,8
1309.4653339009965,4,94.0,0,1,0,5,0,1,7
1310.478883617965,4,65.75,1,1,0,4,1,1,7
1311.4902081330074,4,47.0,0,2,0,5,0,0,7
1312.5024890729692,4,41.25,0,2,1,5,0,0,8
1313.516441705986,4,69.5,0,0,1,7,0,0,8
1314.530214398983,4,24.0,0,0,1,6,1,0,8
1315.541283825005,4,53.0,1,0,0,6,1,0,7
1316.5524616019684,4,25.0,2,2,0,4,1,1,8
1317.5662670980091,4,23.75,0,0,1,6,0,0,7
1318.5797313199728,4,69.0,0,1,0,6,1,0,8
1319.5933516990044,4,95.0,0,1,0,6,1,0,8
1320.605643443996,4,92.75,0,1,0,5,0,0,6
1321.6190143440035,4,90.25,0,2,0,4,0,1,7
1322.6327037540032,4,46.5,0,2,1,5,0,0,8
1323.6470801269752,4,89.0,0,3,0,6,0,0,9
1324.6587439049617,4,91.75,0,1,2,5,0,0,8
1325.6725168699631,4,71.75,0,0,1,8,0,0,9
1326.6842926549725,4,69.5,0,1,1,8,1,0,11
1327.696198399004,4,70.75,0,1,1,5,4,0,11
1328.7088848869898,4,94.5,1,1,1,3,6,0,11
1329.7224129759707,4,61.75,0,3,1,4,0,0,8
1330.7358923199936,4,47.5,0,5,1,4,0,0,10
1331.7458273280063,4,46.0,0,2,1,7,0,0,10
1332.7616152659757,4,72.5,1,2,1,4,3,0,10
1333.7735139479628,4,46.75,6,2,1,2,5,0,10
1334.78649252397,4,91.5,1,4,3,4,1,1,13
1335.8000898589962,4,65.75,0,3,2,8,0,1,14
1336.8166658660048,4,67.5,0,0,2,9,2,0,13
1337.8308880960103,4,71.25,4,0,2,5,2,4,13
1338.8438836290152,4,52.75,0,1,3,9,0,0,13
1339.857545161969,4,83.75,1,1,3,2,7,0,13
1340.8685296360054,4,36.75,0,1,4,4,0,0,9
1341.8824593399768,4,56.0,0,2,2,5,0,1,10
1342.896172084962,4,26.0,0,5,1,6,0,0,12
1343.9101416819612,4,67.25,0,5,1,5,0,1,12
1344.9242394189932,4,50.0,0,0,2,7,0,0,9
1345.9394662359846,4,72.25,0,0,0,6,0,0,6
1346.9522669650032,4,46.5,1,0,0,2,2,0,4
1347.964281987981,4,47.0,0,3,1,2,0,0,6
1348.9804378229892,4,23.5,0,0,0,6,0,0,6
1349.9914831019705,4,72.25,1,0,0,4,2,0,6
1351.0008212740067,4,69.0,2,0,0,3,3,0,6
1352.014254854992,4,21.75,2,4,0,1,1,1,7
1353.0255776949925,4,23.25,0,4,0,3,0,0,7
1354.038767185004,4,29.75,0,4,0,1,0,2,7
1355.0527123049833,4,23.75,0,2,1,5,0,0,8
1356.0667422849801,4,41.75,0,2,1,5,0,0,8
1357.0806011550012,4,47.25,1,3,2,5,0,0,10
1358.0941834049881,4,47.0,0,4,0,7,0,0,11
1359.1084052529768,4,11.75,0,6,1,3,0,1,11
1360.1225411299965,4,16.0,0,0,1,9,0,0,10
1361.136168818979,4,72.5,0,0,0,7,0,0,7
1362.1504800429684,4,12.5,0,1,0,3,0,0,4
1363.1645267659915,4,23.5,0,1,0,2,0,0,3
1364.1782888279995,4,0.0,0,2,2,2,0,0,6
1365.1918193839956,4,24.25,0,4,0,4,0,1,9
1366.207472820999,4,42.25,0,1,2,6,0,0,9
1367.2214401889942,4,39.25,0,0,0,8,0,0,8
1368.2350883149775,4,27.25,0,1,0,8,0,0,9
1369.2489026319818,4,92.75,2,0,1,6,1,1,9
1370.2628439120017,4,46.25,0,2,2,6,0,0,10
1371.2743611779879,4,24.5,0,0,0,9,0,1,10
1372.3319647659664,4,69.5,0,1,0,7,0,0,8
1373.387622531969,4,21.5,0,1,0,7,0,0,8
1374.3986947349622,4,94.5,1,1,0,7,0,0,8
1375.4123386229621,4,94.5,0,4,0,6,0,0,10
1376.425785496016,4,47.25,0,0,0,9,0,0,9
1377.4383862129762,4,72.25,0,0,0,8,0,0,8
1378.4512077440158,4,71.5,0,0,0,7,1,0,8
1379.4654553500004,4,69.0,0,0,1,6,0,0,7
1380.4770978710148,4,90.75,0,3,0,6,0,1,10
1381.4910769530106,4,73.0,0,4,0,4,0,0,8
1382.5048267139937,4,23.0,0,3,1,5,0,0,9
1383.519001570996,4,59.75,0,1,3,4,0,0,8
1384.5322893609991,4,46.75,0,1,1,6,0,0,8
1385.5465822229744,4,47.5,0,1,1,4,2,0,8
1386.559775939968,4,46.75,2,1,1,3,0,3,8
1387.5721586169675,4,57.0,0,2,6,4,0,2,14
1388.5858911339892,4,46.75,0,1,3,8,0,0,12
1389.5982182529988,4,70.25,1,3,2,7,2,0,14
1390.6102794039762,4,92.0,0,1,5,8,1,0,15
1391.6243279820192,4,83.5,0,3,1,9,1,0,14
1392.6379795719986,4,65.5,0,1,2,8,1,1,13
1393.6508277819958,4,49.0,1,5,0,6,4,1,16
1394.6645983819617,4,69.0,3,5,0,3,7,1,16
1395.6772452919977,4,48.25,0,6,3,2,0,2,13
1396.6895585939637,4,25.0,0,0,2,9,0,0,11
1397.7035111989826,4,72.5,0,0,0,9,1,0,10
1398.7157818379928,4,59.5,1,0,0,6,0,4,10
1399.7294497149996,4,88.0,0,1,1,3,0,0,5
1400.741236781003,4,23.0,0,2,1,6,0,0,9
1401.7539094669628,4,47.75,0,1,0,8,1,0,10
1402.766208646004,4,68.25,0,2,0,7,0,0,9
1403.777937242994,4,66.0,0,0,0,9,0,0,9
1404.7900838470086,4,71.0,1,0,0,7,2,0,9
1405.800666111987,4,93.75,1,0,0,5,4,0,9
1406.814602722996,4,47.25,0,1,0,5,0,0,6
1407.8279694259982,4,70.5,0,1,0,6,0,0,7
1408.8420582800172,4,23.5,0,2,0,6,0,0,8
1409.8539723780123,4,95.25,0,0,1,5,0,0,6
1410.867612098984,4,70.5,0,0,0,5,1,0,6
1411.8797839779872,4,94.0,0,0,0,4,0,0,4
1412.8933741149958,4,56.0,0,3,0,4,0,0,7
1413.9055683859624,4,70.0,1,3,0,2,2,0,7
1414.9227423970005,4,43.5,0,4,1,1,0,0,6
1415.9371814039769,4,48.25,0,3,1,3,0,0,7
1416.9511774730054,4,47.25,0,1,2,5,0,0,8
1417.9631287130178,4,47.25,2,1,2,5,0,0,8
1418.9767477989662,4,72.5,0,3,0,7,0,1,11
1419.9905639269855,4,72.5,0,0,1,9,0,0,10
1421.0043865189655,4,72.75,0,0,0,9,0,0,9
1422.0164188839844,4,24.0,1,1,0,9,0,0,10
1423.0279484660132,4,70.25,1,1,0,7,2,0,10
1424.0419316740008,4,69.5,0,2,2,7,0,0,11
1425.055997449963,4,71.25,0,0,0,11,0,0,11
1426.0692791239708,4,84.5,0,1,0,11,0,0,12
1427.0836502579623,4,75.0,0,2,0,7,0,0,9
1428.097250455001,4,56.0,0,1,0,8,0,1,10
1429.1085429019877,4,71.0,0,0,0,7,1,0,8
1430.11957036698,4,40.75,0,2,0,6,0,0,8
1431.1335663319915,4,71.25,4,2,0,6,0,0,8
1432.1473229199764,4,48.75,0,3,2,10,0,0,15
1433.1588959119981,4,23.5,0,3,1,11,0,0,15
1434.1724803089746,4,69.5,0,2,1,10,1,0,14
1435.1858771629632,4,71.0,1,1,1,9,3,0,14
1436.1999074649648,4,93.25,2,1,1,6,6,0,14
1437.2134289309615,4,65.0,0,4,1,9,1,0,15
1438.220540402981,4,89.75,1,1,0,13,0,0,14
1439.2351195829688,4,48.75,2,3,0,11,1,1,16
1440.2489819729817,4,93.5,0,3,1,7,3,0,14
1441.2624368129764,4,63.75,0,1,2,7,2,1,13
1442.274492888013,4,70.25,0,0,1,5,1,0,7
1443.2880906310165,4,24.5,0,3,0,3,0,0,6
1444.3020204569912,4,67.5,0,4,0,6,0,0,10
1445.3139404259855,4,72.25,0,0,1,7,1,0,9
1446.3274534139782,4,69.75,0,0,1,6,0,0,7
1447.3410571819986,4,47.5,0,5,0,5,1,1,12
1448.3550055230153,4,47.25,2,5,0,3,3,1,12
1449.3685860679834,4,47.75,4,3,0,5,0,4,12
1450.384194438986,4,38.75,0,0,2,8,0,0,10
1451.397440642002,4,72.0,0,1,0,7,1,0,9
1452.4099338729866,4,44.25,1,4,0,5,3,0,12
1453.4236034819623,4,39.75,0,2,3,5,0,0,10
1454.4353834929643,4,37.5,0,3,2,7,0,1,13
1455.4479122679913,4,47.25,0,0,1,11,0,2,14
1456.4590801459854,4,70.5,1,1,0,9,2,1,13
1457.473077134986,4,89.25,0,0,2,6,0,1,9
1458.4857502770028,4,46.5,1,0,1,6,1,0,8
1459.4995069750003,4,93.0,2,0,0,4,4,0,8
1460.5134484900045,4,54.75,0,1,1,1,0,0,3
1461.527016485983,4,72.25,0,0,0,3,0,0,3
1462.5407412959612,4,39.5,0,0,0,2,0,0,2
1463.554558969976,4,47.25,0,0,0,2,0,0,2
1464.568436409987,4,26.5,0,5,0,2,0,0,7
1465.5815436149715,4,28.0,4,5,0,1,1,0,7
1466.5953535569715,4,23.0,0,7,2,2,0,0,11
1467.6091779830167,4,24.25,0,6,0,4,1,0,11
1468.6226926709642,4,28.25,0,1,5,4,0,0,10
1469.636534612975,4,70.75,0,2,4,2,0,3,11
1470.6503904649871,4,57.5,0,1,2,5,0,0,8
1471.6645044310135,4,43.5,0,0,1,7,0,0,8
1472.6819390539895,4,68.75,0,0,0,6,0,0,6
1473.6954315269832,4,46.5,4,0,0,6,0,0,6
1474.7093472809647,4,70.0,8,0,0,5,1,0,6
1475.723712195002,4,51.75,0,10,0,5,0,1,16
1476.7374863110017,4,25.75,0,3,3,9,1,0,16
1477.7509079829906,4,47.5,2,1,4,9,1,1,16
1478.7618097029626,4,70.5,1,4,3,8,0,1,16
1479.7715385149932,4,40.5,0,1,2,12,0,0,15
1480.785043728014,4,93.0,0,1,0,13,0,2,16
1481.7954288459732,4,77.5,0,0,0,10,1,2,13
1482.806920050003,4,71.5,0,0,0,7,0,0,7
1483.8178386299987,4,92.75,0,0,0,7,0,0,7
1484.8281102399924,4,70.5,1,0,0,6,1,0,7
1485.8413918580045,4,46.75,3,0,0,3,3,1,7
1486.855359447014,4,28.0,0,2,2,5,0,0,9
1487.866685430985,4,48.5,0,0,1,8,0,0,9
1488.8789375029737,4,39.5,1,0,0,7,1,0,8
1489.8901561810053,4,24.0,0,1,0,8,0,0,9
1490.9041558419704,4,47.5,0,0,0,7,0,2,9
1491.916190740012,4,92.5,0,0,0,6,0,0,6
1492.9303686170024,4,48.0,0,0,0,6,0,0,6
1493.9867710999679,4,52.25,0,3,0,5,0,0,8
1495.0368083809735,4,36.0,0,3,1,5,0,0,9
1496.0510183320148,4,38.5,0,0,3,6,0,0,9
1497.062525176967,4,23.0,1,0,3,4,2,0,9
1498.0763327479945,4,47.5,0,1,0,7,0,0,8
1499.0900558669819,4,70.0,0,1,1,7,0,0,9
1500.1034420549986,4,61.0,0,1,1,6,2,0,10
1501.11633747397,4,70.5,0,1,1,5,0,0,7
1502.1303224979783,4,38.25,0,1,1,6,0,0,8
1503.1441135630012,4,65.75,0,0,0,8,0,0,8
1504.1577395669883,4,68.75,0,0,0,7,0,1,8
1505.1713699419633,4,70.5,0,0,0,6,0,0,6
1506.185254965967,4,47.25,0,0,0,5,0,0,5
1507.1992603730178,4,47.5,0,3,0,5,0,0,8
1508.2129665099783,4,23.25,1,3,0,4,1,0,8
1509.227121858974,4,41.0,0,5,0,4,0,1,10
1510.2413377210032,4,40.5,0,1,3,3,1,1,9
1511.2550961630186,4,24.25,0,0,0,7,0,0,7
1512.2670938139781,4,47.5,0,0,0,5,0,0,5
1513.2809015340172,4,46.25,0,0,0,4,0,0,4
1514.2907255119644,4,23.0,0,0,0,4,0,0,4
1515.3047775459709,4,46.75,0,0,0,2,0,0,2
1516.3183655249886,4,51.5,0,0,0,2,0,0,2
1517.3287100649904,4,46.0,0,2,1,2,0,0,5
1518.3413327590097,4,45.0,0,0,1,5,0,0,6
1519.3549428879633,4,24.5,0,0,1,5,0,0,6
1520.3689861369785,4,47.0,0,2,0,6,0,0,8
1521.3831443570089,4,71.25,0,0,1,7,0,0,8
1522.3967854320072,4,62.25,0,0,0,7,0,1,8
1523.4086249329848,4,69.75,0,0,0,4,0,0,4
1524.4222211769666,4,47.25,0,1,0,4,0,0,5
1525.4363662020187,4,46.5,1,1,0,4,0,0,5
1526.4497834889917,4,47.5,0,1,1,5,0,0,7
1527.4638593900017,4,24.75,0,0,1,6,0,0,7
1528.477229800017,4,58.75,0,0,0,6,0,0,6
1529.4914322969853,4,47.5,0,2,0,2,0,2,6
1530.5050884829834,4,40.0,0,2,1,3,0,0,6
1531.513361926016,4,46.25,2,2,0,4,0,0,6
1532.5269707249827,4,47.25,0,2,0,6,0,0,8
1533.5409383070073,4,50.5,0,0,0,6,2,0,8
1534.5524214289617,4,38.5,0,1,0,5,0,0,6
1535.5663258559653,4,46.0,1,1,0,5,0,0,6
1536.5789377340116,4,46.25,1,1,0,4,1,0,6
1537.5914377049776,4,71.25,0,1,1,5,0,0,7
1538.602155029017,4,25.25,0,0,0,8,0,0,8
1539.6144845850067,4,31.75,0,0,0,6,1,1,8
1540.6297523729736,4,23.75,0,0,1,4,0,0,5
1541.6437625149847,4,46.25,0,0,0,6,0,0,6
1542.6577869110042,4,47.25,0,0,0,6,0,0,6
1543.6709484949824,4,23.5,2,0,0,5,1,0,6
1544.6833372109686,4,46.75,0,2,1,2,0,0,5
1545.6970958249876,4,47.5,0,0,1,3,0,0,4
1546.7108579509659,4,23.5,1,1,0,3,0,1,5
1547.7239806809812,4,46.75,1,1,0,3,0,1,5
1548.7365556469886,4,4.0,0,2,0,3,0,1,6
1549.7528384199832,4,47.0,0,1,0,4,1,0,6
1550.7662173470017,4,25.25,1,1,0,3,1,0,5
1551.7802599889692,4,23.25,0,5,1,3,0,0,9
1552.7908785269829,4,2.0,1,1,2,5,1,0,9
1553.802332643012,4,41.0,0,2,0,6,0,0,8
1554.811226780992,4,47.5,0,0,2,4,1,0,7
1555.8238136559958,4,45.75,0,4,1,6,0,0,11
1556.8364485389902,4,46.75,1,2,1,7,1,0,11
1557.8506905229879,4,68.75,0,2,1,8,0,0,11
1558.8645883289864,4,82.0,3,1,1,6,4,0,12
1559.8775372779928,4,94.5,4,1,1,3,7,0,12
1560.8909424449666,4,70.75,1,4,1,4,0,7,16
1561.902983130014,4,28.0,0,1,3,5,0,2,11
1562.917042000976,4,93.25,0,2,0,9,0,0,11
1563.930456541013,4,37.0,0,0,1,7,3,0,11
1564.9443176069763,4,94.5,0,0,1,4,0,0,5
1565.9598128109938,4,45.25,0,0,0,4,0,0,4
1566.9733465019963,4,49.0,2,0,0,3,1,0,4
1567.9950983159943,4,47.5,0,3,0,2,0,0,5
1569.0089210839942,4,0.0,3,3,0,2,0,0,5
1570.0234035319882,4,28.75,0,0,6,2,0,0,8
1571.037262392987,4,32.75,0,1,2,5,0,0,8
1572.0511359309894,4,27.5,0,2,1,6,0,0,9
1573.0651755959843,4,46.75,0,0,2,6,0,0,8
1574.0788363629836,4,61.75,0,0,1,6,1,0,8
1575.089991528017,4,70.25,0,0,3,5,1,0,9
1576.1018549969885,4,46.5,0,0,3,5,0,0,8
1577.1158558189636,4,47.5,2,0,3,3,0,0,6
1578.129148166976,4,46.5,1,3,3,2,0,0,8
1579.1432518279762,4,15.5,0,0,4,4,0,0,8
1580.157043373969,4,56.75,0,1,1,7,0,0,9
1581.1682241219678,4,73.5,0,0,1,8,0,0,9
1582.1805281119887,4,69.75,0,0,0,6,0,0,6
1583.192769702,4,71.5,0,0,0,4,0,1,5
1584.2037919349968,4,37.0,0,2,0,4,0,0,6
1585.21573816397,4,48.25,0,1,0,4,1,0,6
1586.229352032009,4,49.0,0,0,0,3,0,0,3
1587.2425513839698,4,47.5,0,1,0,2,1,0,4
1588.2562355329865,4,25.0,0,0,1,2,0,0,3
1589.2699732590117,4,24.0,0,0,0,3,0,0,3
1590.2834895839915,4,23.0,1,0,0,3,0,0,3
1591.2970892479643,4,5.0,0,2,1,4,0,0,7
1592.3108694889816,4,48.5,0,0,0,7,0,0,7
1593.3245937710162,4,23.5,0,1,0,6,0,0,7
1594.3414713969687,4,65.5,0,1,0,8,0,0,9
1595.3564990449813,4,87.25,0,0,1,8,0,0,9
1596.3709084769944,4,48.5,0,1,0,8,0,0,9
1597.384565343964,4,71.0,0,0,0,7,0,0,7
1598.3938912790036,4,51.0,0,0,0,3,0,1,4
1599.407986361999,4,68.5,0,2,0,3,0,0,5
1600.4215892080101,4,42.75,0,3,0,2,0,0,5
1601.4349679389852,4,45.25,0,1,0,5,0,0,6
1602.448905732017,4,11.75,0,0,1,5,0,0,6
1603.4589194959844,4,33.25,0,1,0,6,0,0,7
1604.4724818039685,4,45.0,0,0,1,6,0,0,7
1605.486352205975,4,67.75,0,0,0,5,0,0,5
1606.5001052640146,4,48.5,0,1,0,4,0,0,5
1607.5122458789847,4,43.25,0,2,0,4,1,0,7
1608.5255009849789,4,60.0,0,2,0,4,1,0,7
1609.539163811016,4,2.25,0,2,0,5,0,0,7
1610.5556155010127,4,70.5,1,2,0,4,1,0,7
1611.5687406919897,4,46.5,3,2,0,1,4,0,7
1612.5822416479932,4,49.75,0,0,1,5,0,0,6
1613.5963845800143,4,55.75,0,0,0,3,0,0,3
1614.6090236169985,4,35.25,3,2,0,3,0,0,5
1615.626663086994,4,23.5,6,2,0,1,2,0,5
1616.6600396860158,4,0.0,6,5,0,0,0,3,8
1617.6737198890187,4,0.0,0,5,4,2,0,0,11
1618.687538882019,4,50.0,0,0,2,8,0,0,10
1619.7016825219616,4,70.5,0,0,2,5,3,0,10
1620.7154467679793,4,70.75,2,0,2,4,4,0,10
1621.7296480929945,4,48.0,0,2,0,3,0,0,5
1622.7433728089673,4,41.0,0,0,2,5,0,0,7
1623.757737833017,4,68.5,0,1,1,8,0,0,10
1624.770724597969,4,69.5,0,3,0,6,0,0,9
1625.7829000200145,4,70.0,1,2,3,7,0,0,12
1626.794533465989,4,56.5,1,0,3,10,0,0,13
1627.8084008279839,4,76.25,2,0,3,4,6,0,13
1628.8218716600095,4,58.5,0,2,1,5,1,3,12
1629.8359050260042,4,69.5,0,1,2,7,0,0,10
1630.8494603650179,4,71.5,2,0,1,9,0,0,10
1631.8605799850193,4,91.25,0,1,1,9,0,1,12
1632.8744136659661,4,70.25,1,3,0,5,4,0,12
1633.8883334909915,4,69.25,0,4,1,3,0,2,10
1634.9019483549637,4,1.0,0,0,3,3,0,2,8
1635.9157737049973,4,47.5,0,0,0,6,0,0,6
1636.9281380110187,4,37.0,0,0,0,4,1,1,6
1637.940599329013,4,70.0,0,0,0,2,3,1,6
1638.9544277240057,4,47.0,0,0,0,2,0,0,2
1639.9681278970093,4,23.5,0,0,0,2,0,0,2
1640.982006842969,4,23.25,0,1,0,2,0,0,3
1641.9961817790172,4,12.0,0,0,0,3,0,0,3
1643.0105875029694,4,50.25,0,0,1,1,0,0,2
1644.0242393059889,4,16.75,0,1,0,2,0,0,3
1645.0378839569748,4,19.5,0,1,1,3,0,0,5
1646.0515222820104,4,47.0,0,3,0,4,1,0,8
1647.065088053001,4,70.25,2,3,0,3,2,0,8
1648.079043191974,4,46.75,4,3,0,3,0,2,8
1649.090005964972,4,37.75,0,0,4,4,0,1,9
1650.104205176991,4,64.5,0,1,1,6,0,0,8
1651.1172122809803,4,25.0,0,4,0,6,1,1,12
1652.1312542849919,4,36.75,0,0,0,9,0,0,9
1653.1394109029789,4,71.75,0,0,0,5,0,0,5
1654.1514614879852,4,52.75,0,2,3,5,0,0,10
1655.165664649976,4,23.5,4,2,2,6,0,1,11
1656.1793740270077,4,70.5,1,6,1,7,1,0,15
1657.191692575987,4,34.75,0,6,3,5,0,1,15
1658.2020029900013,4,44.5,1,3,3,10,0,0,16
1659.2136902639759,4,95.25,1,3,3,6,4,0,16
1660.2269637609716,4,78.5,0,0,1,10,0,0,11
1661.2396558760083,4,78.0,0,3,0,8,0,0,11
1662.2517851609737,4,70.5,2,2,0,7,2,0,11
1663.2627800729824,4,67.5,0,1,0,8,1,0,10
1664.276758218999,4,79.5,0,0,0,4,1,1,6
1665.290613065008,4,47.5,0,2,1,3,0,0,6
1666.3040883630165,4,46.5,0,2,0,5,0,0,7
1667.3175357049913,4,46.75,0,0,0,7,0,0,7
1668.3315666340059,4,70.25,0,1,0,6,0,0,7
1669.3457720759907,4,47.25,0,0,0,7,0,0,7
1670.361202767992,4,47.25,0,0,0,6,0,0,6
1671.3740327819833,4,71.75,0,2,0,3,1,1,7
1672.3865012649912,4,45.75,0,0,2,1,1,0,4
1673.3978016899782,4,23.5,0,1,1,3,0,0,5
1674.4105058080168,4,47.5,0,1,0,5,0,0,6
1675.423342252965,4,90.5,1,1,0,5,1,0,7
1676.4370654319646,4,71.0,0,0,0,7,0,0,7
1677.4537974529667,4,47.25,0,1,0,6,0,0,7
1678.4680365420063,4,47.0,0,2,0,6,0,0,8
1679.4815375579637,4,64.0,0,2,0,5,1,0,8
1680.4929229649715,4,70.25,0,0,1,5,1,0,7
1681.5056538569625,4,46.25,0,1,0,6,0,0,7
1682.5195945290034,4,52.25,0,2,0,4,0,1,7
1683.5331889449735,4,46.5,2,2,0,4,0,1,7
1684.545385311998,4,47.75,4,2,0,3,1,1,7
1685.5589720499702,4,46.5,6,2,0,2,1,2,7
1686.5723771610064,4,1.0,0,2,2,5,0,0,9
1687.58586194698,4,66.0,0,3,1,4,0,0,8
1688.5975250909687,4,46.25,1,3,0,4,1,0,8
1689.60910517897,4,72.25,1,1,0,5,1,2,9
1690.621170185972,4,71.75,0,2,0,3,0,4,9
1691.634676710004,4,65.0,0,4,1,4,0,0,9
1692.6490996700013,4,76.5,0,2,4,7,0,0,13
1693.6616055729683,4,71.75,1,4,2,7,1,1,15
1694.6762569950079,4,93.5,5,5,2,9,0,0,16
1695.6898449250148,4,58.5,4,3,2,8,2,1,16
1696.7038172130124,4,66.25,3,3,1,12,0,0,16
1697.716729754,4,41.0,7,3,2,3,7,1,16
1698.7308500159997,4,47.0,8,3,1,2,8,2,16
1699.7448907169746,4,46.25,3,6,3,1,0,6,16
1700.758182723017,4,25.0,0,4,6,5,0,0,15
1701.77062126901,4,55.25,0,0,1,13,0,0,14
1702.7845138409757,4,94.5,0,0,0,9,5,0,14
1703.7989092940115,4,79.25,0,1,0,6,0,0,7
1704.812619061966,4,68.75,0,4,0,3,0,3,10
1705.826708699984,4,23.75,0,0,0,6,0,0,6
1706.837400927965,4,28.5,2,0,0,6,0,0,6
1707.8514719809755,4,47.5,5,0,0,5,1,0,6
1708.8627747009741,4,46.75,0,3,2,8,0,0,13
1709.873772179999,4,58.0,0,0,5,9,1,0,15
1710.887441172963,4,65.5,1,1,3,8,3,1,16
1711.901314496994,4,94.5,10,1,2,5,7,1,16
1712.9142952910042,4,70.75,13,1,2,3,9,1,16
1713.9282821209636,4,46.5,10,6,1,2,0,7,16
1714.9421367979958,4,28.0,4,0,5,11,0,0,16
1715.9558427529992,4,71.5,4,2,0,7,1,6,16
1716.9687746950076,4,59.5,0,4,3,4,0,1,12
1717.9807388199843,4,48.25,0,0,2,9,0,0,11
1718.9943401069613,4,70.75,0,0,2,8,0,1,11
1720.0129443070036,4,69.75,0,3,2,5,0,1,11
1721.0266524039907,4,15.75,0,2,0,10,0,0,12
1722.0403757409658,4,71.5,3,2,0,6,4,0,12
1723.0526018309756,4,48.0,4,2,0,4,6,0,12
1724.0638785450137,4,47.5,0,5,1,4,0,0,10
1725.076486016973,4,61.25,0,2,4,6,0,1,13
1726.0875899819657,4,77.5,0,1,2,9,0,0,12
1727.1012099229847,4,95.0,0,1,2,5,4,0,12
1728.1147850690177,4,69.5,0,0,2,3,0,5,10
1729.128589025,4,46.5,1,0,1,4,0,1,6
1730.1389796839794,4,40.5,0,0,0,6,0,0,6
1731.145398252993,4,70.5,0,4,0,4,0,1,9
1732.1590270699817,4,53.0,0,1,2,6,0,0,9
1733.1705623049638,4,49.25,0,3,1,8,0,1,13
1734.1805909089744,4,54.5,3,4,1,8,1,0,14
1735.1957287929836,4,51.0,4,1,5,9,0,1,16
1736.2091799369664,4,59.5,7,2,2,7,5,0,16
1737.2231368569774,4,82.75,2,4,4,7,0,1,16
1738.3697481330018,4,40.0,1,2,5,7,2,0,16
1739.3814850589843,4,46.25,3,2,5,6,3,0,16
1740.3920029299916,4,32.75,3,4,2,8,0,2,16
1741.4056206259993,4,93.25,2,5,1,4,4,2,16
1742.4184462029953,4,29.25,0,0,5,6,0,0,11
1743.4323584680096,4,70.75,0,0,2,8,0,1,11
1744.4448108409997,4,56.75,0,1,0,9,0,0,10
1745.4565721449908,4,91.75,1,1,0,7,1,0,9
1746.4702484309673,4,31.25,0,1,1,5,0,0,7
1747.481901304971,4,70.0,1,1,0,4,2,0,7
1748.4931187669863,4,70.0,4,1,0,4,2,0,7
1749.5067149929819,4,68.75,0,6,1,3,1,0,11
1750.5190795550006,4,70.0,0,6,0,2,0,0,8
1751.5326886500116,4,34.0,0,1,4,4,0,0,9
1752.5466548599652,4,47.0,0,1,2,6,0,1,10
1753.5607100210036,4,25.75,0,0,0,9,0,1,10
1754.574434745009,4,96.25,2,0,0,8,1,0,9
1755.5863989529898,4,47.25,1,2,0,4,4,1,11
1756.6000991460169,4,47.75,0,1,1,3,0,3,8
1757.6138873879681,4,79.25,0,0,1,4,0,0,5
1758.6271397399832,4,68.75,0,0,0,6,0,0,6
1759.640646349988,4,94.0,0,0,0,5,1,0,6
1760.6493305339827,4,48.0,0,0,0,5,0,0,5
1761.6626984779723,4,46.25,0,0,0,4,0,0,4
1762.6765883229673,4,57.0,0,0,1,3,0,0,4
1763.690547805978,4,47.0,0,0,1,2,1,0,4
1764.7039610570064,4,46.75,2,0,0,3,1,0,4
1765.717919052986,4,24.25,3,0,0,2,2,0,4
1766.7316208059783,4,0.0,0,3,2,1,0,0,6
1767.7451747040031,4,40.25,0,0,1,5,0,0,6
1768.7576588329975,4,0.0,0,0,0,6,0,0,6
1769.7648834210122,4,71.5,0,0,0,5,0,1,6
1770.776927185012,4,24.25,0,0,0,4,0,1,5
1771.7918113640044,4,24.0,0,1,0,3,0,0,4
1772.8057501990115,4,0.0,0,2,0,2,1,0,5
1773.8195578400046,4,23.0,0,3,2,2,0,0,7
1774.8331273799995,4,48.5,0,0,2,4,0,0,6
1775.8472252949723,4,47.5,3,0,2,3,1,0,6
1776.860119046003,4,36.5,0,5,0,4,0,0,9
1777.874044946977,4,46.75,0,3,3,6,0,0,12
1778.8848471099627,4,39.25,0,2,1,8,0,0,11
1779.8964191050036,4,76.5,0,0,2,9,0,0,11
1780.911661161983,4,62.5,0,1,1,7,0,1,10
1781.9279555769754,4,66.5,0,0,2,4,0,0,6
1782.9415120509802,4,46.5,0,2,2,4,0,0,8
1783.9532966800034,4,43.0,0,0,3,4,0,0,7
1784.9655824149959,4,40.5,0,3,0,7,0,0,10
1785.976858649985,4,46.75,1,3,0,4,3,0,10
1786.9934056109632,4,40.25,0,0,2,5,1,0,8
1788.006389335962,4,42.75,0,0,4,5,0,0,9
1789.0196760830004,4,70.0,0,0,1,7,0,0,8
1790.0311581559945,4,94.75,0,0,1,8,0,0,9
1791.0431434679776,4,71.25,0,1,1,8,0,0,10
1792.0566719449707,4,50.25,0,1,0,8,1,0,10
1793.0706855430035,4,70.25,0,0,0,6,1,0,7
1794.083608662011,4,93.25,0,1,1,6,0,0,8
1795.0972644679714,4,61.25,0,0,1,5,0,0,6
1796.1110413509887,4,63.75,0,0,2,5,0,0,7
1797.1210555699654,4,47.5,0,1,2,5,0,0,8
1798.137028674013,4,69.0,0,2,1,4,1,0,8
1799.1508107790141,4,45.25,0,0,3,2,0,0,5
1800.1650787519757,4,13.75,0,0,2,4,0,0,6
1801.1763663009624,4,7.0,0,0,0,4,0,0,4
1802.1884982369957,4,72.25,0,0,0,5,0,0,5
1803.2036160069983,4,71.75,0,2,1,4,0,0,7
1804.215868402971,4,43.0,0,0,3,5,1,0,9
1805.229147355014,4,49.0,0,0,0,7,0,0,7
1806.243016355962,4,71.75,0,1,0,7,0,0,8
1807.2546643709647,4,24.25,0,1,0,6,0,0,7
1808.268389808014,4,47.5,0,0,0,5,0,0,5
1809.2791126309894,4,24.0,0,1,1,4,0,0,6
1810.2930568659795,4,25.5,0,1,2,5,0,0,8
1811.3041862570099,4,72.75,0,1,0,7,1,0,9
1812.3204477459658,4,33.75,0,0,1,7,0,0,8
1813.3319038379705,4,63.5,0,1,1,7,0,0,9
1814.345714673982,4,62.25,0,1,0,8,0,0,9
1815.3601137580117,4,69.5,0,2,0,5,1,2,10
1816.3755576189724,4,24.25,1,1,0,4,1,1,7
1817.3878540139995,4,46.5,2,1,0,4,0,2,7
1818.4013970770175,4,4.0,0,2,0,5,0,0,7
1819.4154505229671,4,25.0,0,1,1,7,0,0,9
1820.428941769991,4,46.75,0,0,1,8,0,0,9
1821.4426041439874,4,70.25,0,0,1,8,0,0,9
1822.4563856250024,4,69.0,0,3,0,7,0,1,11
1823.469908908999,4,61.25,0,0,1,8,0,0,9
1824.483730517968,4,46.25,0,0,0,9,0,0,9
1825.497177775018,4,24.0,0,1,0,7,0,0,8
1826.5106062419945,4,24.25,0,1,1,5,2,0,9
1827.5241887369775,4,40.25,0,0,4,6,0,0,10
1828.5380406560143,4,46.75,0,0,1,6,1,0,8
1829.5519464869867,4,70.75,0,1,1,6,0,0,8
1830.5656757969991,4,47.0,0,1,1,4,0,0,6
1831.577659616014,4,22.5,2,0,2,2,1,0,5
1832.5911744419718,4,24.25,0,3,1,3,0,0,7
1833.6055579480017,4,47.25,0,0,2,5,0,0,7
1834.6182644739747,4,62.0,0,0,0,7,0,0,7
1835.6306954940083,4,46.75,0,2,0,6,0,0,8
1836.64466189401,4,27.5,0,1,1,5,1,0,8
1837.6583573520184,4,49.25,0,2,0,3,1,2,8
1838.6723500009975,4,48.75,0,0,1,3,1,0,5
1839.6853264759993,4,47.25,0,0,0,4,0,0,4
1840.6995586630073,4,23.5,0,2,0,2,0,1,5
1841.7131205119658,4,29.25,0,3,0,1,0,1,5
1842.7274172909674,4,22.75,1,3,0,1,0,1,5
1843.7390692729969,4,25.5,0,1,0,5,0,0,6
1844.7487590619712,4,67.5,0,0,0,4,0,0,4
1845.7622098060092,4,6.5,1,1,0,3,1,0,5
1846.776499258005,4,46.75,0,2,0,2,0,0,4
1847.7895926099736,4,36.5,0,0,0,3,0,0,3
1848.8031673950027,4,47.25,0,0,0,3,0,0,3
1849.8166890760185,4,23.0,2,0,0,2,1,0,3
1850.8305350969895,4,23.25,3,0,0,2,1,0,3
1851.8443164809723,4,23.25,0,4,0,2,0,0,6
1852.8581233139848,4,23.75,0,1,1,3,0,0,5
1853.8715912550106,4,48.75,0,1,0,5,0,0,6
1854.8827135419706,4,71.0,1,1,0,4,1,0,6
1855.8970937299891,4,70.0,0,1,0,3,0,1,5
1856.9107039039955,4,43.0,0,2,1,3,0,0,6
1857.922868834983,4,65.0,0,0,1,5,0,0,6
1858.931220635015,4,55.75,0,0,1,5,0,0,6
1859.9482103839982,4,68.75,1,0,1,5,0,0,6
1860.9555163179757,4,68.5,3,0,1,3,2,0,6
1861.969469822012,4,47.5,6,0,1,2,3,0,6
1862.980764625012,4,46.25,0,6,1,3,0,0,10
1863.9950467559975,4,30.5,0,4,0,6,0,0,10
1865.0057079179678,4,47.5,1,2,3,5,1,0,11
1866.0174362889957,4,24.5,2,2,3,2,4,0,11
1867.0296199480072,4,24.25,4,2,3,2,4,0,11
1868.044243870012,4,4.25,0,5,3,1,0,0,9
1869.0547173770028,4,26.0,0,1,1,7,0,0,9
1870.0680605759844,4,30.0,0,2,0,7,0,0,9
1871.0802636619774,4,11.0,2,2,0,6,1,0,9
1872.0923790470115,4,47.25,0,0,2,6,0,2,10
1873.103611478,4,36.5,0,1,1,6,0,0,8
1874.1151152609964,4,47.5,0,1,2,5,0,0,8
1875.1276168439654,4,35.75,2,1,2,2,3,0,8
1876.1406901939772,4,46.25,4,1,2,0,5,0,8
1877.1544529189705,4,0.0,0,6,0,2,0,0,8
1878.168700876995,4,5.0,0,5,0,3,0,0,8
1879.1825181309832,4,22.0,0,0,0,8,0,0,8
1880.195618999016,4,41.25,1,0,0,6,2,0,8
1881.2101113760145,4,69.75,0,3,0,4,1,0,8
1882.223762477981,4,76.25,0,0,2,7,0,0,9
1883.237509677012,4,60.0,0,0,0,9,0,0,9
1884.2516101649962,4,79.5,1,0,0,8,1,0,9
1885.2650399169652,4,92.0,2,0,0,5,4,0,9
1886.2788694250048,4,40.25,4,0,0,1,0,8,9
1887.292448646971,4,71.75,0,0,0,5,0,0,5
1888.3060512859956,4,65.5,0,3,1,5,0,0,9
1889.3199129080167,4,22.25,1,3,1,2,3,0,9
1890.333736361994,4,71.75,0,4,0,6,0,1,11
1891.3475706360186,4,49.5,0,2,0,5,3,0,10
1892.3613422489725,4,46.25,2,2,0,3,5,0,10
1893.375482575968,4,47.75,0,5,1,3,0,2,11
1894.3893687289674,4,35.5,0,4,1,3,0,2,10
1895.4030487909913,4,48.5,0,0,0,8,0,0,8
1896.4158783059684,4,71.0,2,0,0,6,2,0,8
1897.4299572429736,4,42.0,1,5,0,2,2,0,9
1898.4439482419984,4,0.0,0,6,0,1,0,0,7
1899.4576877370127,4,23.5,1,6,0,1,0,0,7
1900.4718161550118,4,20.5,0,5,1,2,0,0,8
1901.485819426016,4,21.25,0,2,4,4,0,0,10
1902.4995270390064,4,33.5,0,3,1,8,0,1,13
1903.5112135919626,4,36.0,0,3,2,11,0,0,16
1904.5245291269966,4,25.25,4,0,1,15,0,0,16
1905.5361162899644,4,70.5,1,2,1,12,1,0,16
1906.549425872974,4,80.0,1,3,0,11,0,2,16
1907.5636088299798,4,94.75,0,1,3,9,0,0,13
1908.5773689600173,4,46.75,0,0,1,12,0,0,13
1909.5858058839804,4,70.75,0,2,1,13,0,0,16
1910.5955158419674,4,40.0,1,2,0,13,1,0,16
1911.609342345968,4,97.25,1,2,0,9,5,0,16
1912.6212617710116,4,93.5,1,2,0,7,7,0,16
1913.6350826639682,4,23.25,0,1,0,8,0,2,11
1914.6488150199875,4,88.5,0,0,0,10,0,0,10
1915.657516354986,4,31.0,0,0,0,9,1,0,10
1916.6710384059697,4,95.75,1,0,0,5,5,0,10
1917.683029214968,4,25.0,1,3,0,4,0,0,7
1918.6973955279682,4,42.75,0,2,2,3,0,1,8
1919.7099512320128,4,27.0,0,2,2,5,0,0,9
1920.7236224939697,4,72.75,0,2,1,5,1,0,9
1921.7374372190097,4,71.0,0,2,1,3,3,0,9
1922.750878183986,4,53.75,0,1,1,3,4,0,9
1923.764945428993,4,47.75,0,0,0,3,0,0,3
1924.778687946964,4,70.0,0,0,0,2,0,0,2
1925.7921291129896,4,11.25,0,0,0,2,0,0,2
1926.8056583699654,4,46.75,0,0,0,1,1,0,2
1927.8193953909795,4,0.0,1,0,0,0,2,0,2
1928.8333887130138,4,0.0,0,2,0,0,0,0,2
1929.8448767929804,4,43.0,0,1,1,2,0,0,4
1930.8569227019907,4,69.25,0,2,0,4,0,0,6
1931.8705932449666,4,71.5,4,2,0,3,1,0,6
1932.8811515250127,4,40.25,0,5,0,3,1,0,9
1933.8950114930049,4,62.5,1,1,0,7,0,0,8
1934.9086590399966,4,47.0,0,0,0,9,0,0,9
1935.9289861149737,4,72.0,0,0,0,9,0,0,9
1936.9408659709734,4,71.5,0,0,0,7,2,0,9
1937.9474494180176,4,69.75,0,1,0,3,0,0,4
1938.9611956040026,4,46.75,0,3,0,2,0,0,5
1939.9752601920045,4,30.75,0,0,1,3,0,0,4
1940.987441906007,4,52.25,2,0,1,3,0,0,4
1942.0012617289904,4,70.75,4,0,1,2,1,0,4
1943.0143162169843,4,47.75,7,1,1,1,0,2,5
1944.0257810279727,4,22.5,0,3,5,3,0,0,11
1945.0393143249676,4,56.25,0,1,4,6,0,0,11
1946.0532977890107,4,73.25,0,1,2,6,0,0,9
1947.066779857967,4,41.75,0,2,1,6,0,0,9
1948.0803325250163,4,44.75,1,4,1,4,2,0,11
1949.0944387600175,4,46.75,2,4,1,4,2,0,11
1950.108038728009,4,48.25,4,3,1,3,2,2,11
1951.1218358390033,4,46.75,1,5,1,4,0,0,10
1952.1341201919713,4,68.5,0,0,2,9,0,1,12
1953.1460516810184,4,96.0,2,0,1,9,0,0,10
1954.1588244579616,4,71.25,4,0,1,8,1,0,10
1955.1726851859712,4,62.0,0,1,4,4,0,0,9
1956.1884673229652,4,32.25,0,0,2,5,0,0,7
1957.2023998189834,4,47.5,0,0,1,4,0,0,5
1958.2171862539835,4,56.5,0,1,1,1,0,0,3
1959.2276417069952,4,23.75,0,2,0,3,0,0,5
1960.2414949520025,4,49.5,4,2,0,2,1,0,5
1961.2557602630113,4,46.5,0,1,4,3,0,0,8
1962.2694811759866,4,18.5,0,2,1,6,0,0,9
1963.2831895559793,4,71.75,0,0,0,6,0,0,6
1964.296800503973,4,49.0,0,2,1,6,0,0,9
1965.310737955966,4,65.0,0,1,1,7,0,0,9
1966.324073686963,4,47.5,0,1,1,6,0,0,8
1967.3369746009703,4,70.25,0,1,0,5,0,1,7
1968.3502607539995,4,70.75,0,3,0,5,0,0,8
1969.3627076650155,4,93.25,0,3,0,3,2,0,8
1970.376385494019,4,47.25,0,2,2,0,0,1,5
1971.3907086499967,4,48.0,1,3,0,3,0,0,6
1972.4019812179613,4,33.25,0,0,1,7,0,0,8
1973.415923241002,4,91.25,0,1,1,8,0,0,10
1974.4293080389616,4,29.25,0,1,1,7,0,0,9
1975.4430245480035,4,94.25,0,2,0,4,0,1,7
1976.4568233849714,4,49.0,0,0,0,5,0,1,6
1977.4697466209764,4,39.5,0,0,0,4,0,0,4
1978.4818963729776,4,23.5,0,0,0,2,0,0,2
1979.4930545559619,4,23.5,0,0,0,1,0,0,1
1980.5042773790192,4,21.25,0,0,1,1,0,0,2
1981.5539840220008,4,41.25,1,1,0,1,1,0,3
1982.5718323250185,4,20.75,1,1,0,1,1,0,3
1983.5862614929792,4,19.25,2,1,0,0,2,0,3
1984.5981439549942,4,0.0,0,3,1,0,0,0,4
1985.6123898309888,4,2.5,0,2,3,2,0,0,7
1986.624793763971,4,70.0,0,0,1,6,0,0,7
1987.6385682569817,4,70.75,0,2,0,7,0,0,9
1988.652254709974,4,46.25,0,0,0,9,0,0,9
1989.6660866329912,4,47.75,0,0,0,6,1,0,7
1990.6801192809944,4,46.0,0,0,0,4,0,0,4
1991.6932647849899,4,46.5,0,2,0,2,0,0,4
1992.7072762040189,4,47.5,0,0,1,3,1,0,5
1993.7206905749626,4,46.75,0,0,1,3,0,1,5
1994.7311123149702,4,71.0,2,0,1,2,1,1,5
1995.74508018099,4,15.0,3,0,1,0,3,1,5
1996.7589869439835,4,23.5,0,0,0,4,0,0,4
1997.773305722978,4,34.25,0,0,0,3,0,0,3
1998.7859868489904,4,46.25,0,0,0,2,1,0,3
1999.8000302279834,4,23.25,0,1,0,2,0,0,3
2000.8134883180028,4,34.5,0,0,1,2,1,0,4
2001.8281264000107,4,47.5,0,1,0,3,0,0,4
2002.841380316997,4,7.25,2,1,0,3,1,0,5
2003.8644208940095,4,46.5,0,0,1,3,0,0,4
2004.876395793981,4,23.75,0,0,0,6,0,0,6
2005.8899628099753,4,93.25,0,0,0,4,0,2,6
2006.9061174690141,4,24.5,0,0,0,3,0,0,3
2007.9198665439617,4,46.75,1,0,0,3,0,0,3
2008.933239571983,4,23.5,6,0,0,1,2,0,3
2009.9451907940092,4,23.5,0,7,2,1,0,0,10
2010.9576399959624,4,36.75,0,3,1,8,1,0,13
2011.972912502999,4,29.75,0,3,2,6,2,0,13
2012.9867199090077,4,70.0,0,1,3,6,0,0,10
2013.9982612779713,4,68.5,0,3,2,6,0,0,11
2015.0080651259632,4,71.25,3,4,1,5,0,0,10
2016.0208326230058,4,46.5,1,4,2,7,0,1,14
2017.0345035929931,4,37.5,2,6,2,8,0,0,16
2018.046583428979,4,32.0,3,1,4,10,1,0,16
2019.0593978069955,4,68.25,3,1,3,4,6,2,16
2020.0710410110187,4,69.75,8,1,3,3,7,2,16
2021.0837716229726,4,70.5,11,1,2,3,0,10,16
2022.096057749004,4,44.25,5,8,2,6,0,0,16
2023.1088704990107,4,46.5,5,3,3,8,1,1,16
2024.1209639529698,4,24.0,6,4,2,7,2,1,16
2025.1347054119688,4,72.25,2,5,0,9,0,2,16
2026.1470413469942,4,56.75,3,1,4,9,1,1,16
2027.1597577189677,4,46.5,3,2,4,3,5,2,16
2028.1719410659862,4,68.75,0,5,3,4,0,0,12
2029.1871264390065,4,82.0,0,3,6,3,0,0,12
2030.1994428099715,4,80.5,1,3,2,10,0,0,15
2031.211475538963,4,75.75,0,2,3,9,0,0,14
2032.2222405339708,4,45.5,0,0,0,14,0,0,14
2033.2364265219658,4,94.25,1,0,0,8,6,0,14
2034.247197145014,4,69.5,3,0,0,5,9,0,14
2035.260337307991,4,47.0,4,0,0,1,8,5,14
2036.2739892940153,4,23.5,0,5,0,1,0,3,9
2037.2876211240073,4,49.25,0,0,0,6,0,0,6
2038.301063549996,4,75.0,2,0,0,5,1,0,6
2039.3148029149743,4,93.75,2,0,0,3,3,0,6
2040.3266151639982,4,23.5,2,0,0,1,5,0,6
2041.340598209994,4,0.0,0,0,1,4,0,0,5
2042.351746810018,4,91.75,0,1,1,5,0,0,7
2043.365563867963,4,44.25,0,0,0,8,0,0,8
2044.3791399369948,4,93.75,1,0,0,6,2,0,8
2045.3930877149687,4,47.0,1,0,0,3,5,0,8
2046.4071849159664,4,42.75,0,1,0,1,1,3,6
2047.4204902569763,4,15.75,0,5,0,1,0,0,6
2048.434456620016,4,0.0,0,5,0,1,0,0,6
2049.4462049169815,4,0.0,0,3,2,3,0,0,8
2050.457401603984,4,0.0,0,4,1,4,0,0,9
2051.4708803009707,4,46.5,2,4,1,3,1,0,9
2052.4853847539634,4,47.5,0,6,0,2,0,0,8
2053.4995303159812,4,60.75,0,1,1,7,0,0,9
2054.5118050720193,4,47.5,0,0,1,5,0,1,7
2055.5285130689736,4,72.5,0,0,0,5,1,0,6
2056.542761801975,4,33.5,0,0,0,3,0,0,3
2057.5531955329934,4,32.75,0,3,2,2,0,0,7
2058.566456241999,4,26.0,0,3,0,6,0,0,9
2059.5777231099783,4,72.0,2,1,0,6,0,2,9
2060.590861631965,4,47.0,0,5,2,3,0,0,10
2061.604643499013,4,41.5,0,0,1,9,0,0,10
2062.615878340963,4,68.25,0,2,0,7,1,0,10
2063.629894418991,4,52.0,4,4,1,7,0,0,12
2064.6437183130183,4,89.25,10,4,1,4,3,0,12
2065.657292451011,4,47.25,10,4,1,2,5,0,12
2066.6694975710125,4,23.5,1,9,3,4,0,0,16
2067.683434884995,4,54.25,0,1,3,12,0,0,16
2068.6976183470106,4,23.25,0,2,1,8,4,0,15
2069.709301121009,4,71.0,4,2,0,4,2,7,15
2070.724230205,4,49.5,1,1,4,5,0,1,11
2071.737660487008,4,47.25,5,1,3,4,2,1,11
2072.751498404017,4,46.5,6,1,2,3,4,1,11
2073.765622542007,4,47.75,0,0,6,7,0,0,13
2074.779431799019,4,47.0,0,1,1,12,0,0,14
2075.7934284479707,4,79.5,0,1,0,10,2,0,13
2076.8028992559994,4,70.75,0,1,1,7,0,2,11
2077.8131110150134,4,84.0,0,0,0,8,0,0,8
2078.8268576450064,4,95.5,0,0,0,5,3,0,8
2079.844157012005,4,46.5,2,0,0,1,7,0,8
2080.8576693779905,4,0.0,0,3,0,0,0,6,9
2081.8667042559828,4,23.0,0,2,0,3,0,0,5
2082.8804179499857,4,8.25,0,0,2,5,0,0,7
2083.8936686739908,4,13.0,0,0,1,6,0,0,7
2084.9072995570023,4,47.5,0,1,0,6,0,0,7
2085.9210673809866,4,48.0,0,1,0,7,0,0,8
2086.93443139398,4,47.0,1,1,0,4,3,0,8
2087.948333081964,4,47.5,1,1,0,4,0,3,8
2088.96089763497,4,23.25,0,3,0,3,0,3,9
2089.9719645949663,4,44.75,0,3,2,3,1,0,9
2090.9842238979763,4,6.0,0,3,0,8,1,0,12
2091.995467151981,4,71.75,0,0,0,8,0,0,8
2093.0090682849986,4,67.5,0,0,0,4,1,1,6
2094.0224891289836,4,71.0,0,1,0,1,0,0,2
2095.034384105995,4,23.25,0,1,0,2,0,0,3
2096.048523259,4,22.0,0,2,0,3,0,0,5
2097.0624973619706,4,24.5,0,1,0,4,0,0,5
2098.075257293007,4,44.5,0,0,4,5,0,0,9
2099.0892115309834,4,48.0,0,1,1,7,0,0,9
2100.102187965007,4,49.0,2,1,1,5,2,0,9
2101.118749679008,4,45.0,0,1,5,3,0,0,9
2102.1329362319666,4,67.25,0,2,4,7,0,0,13
2103.1614200120093,4,47.25,0,0,1,10,1,0,12
2104.1996382579673,4,53.5,2,0,0,9,1,1,11
2105.21115392301,4,81.75,0,0,1,10,0,0,11
2106.2225458659814,4,71.0,0,1,1,9,1,0,12
2107.235137309006,4,71.0,0,1,1,8,0,0,10
2108.2516497100005,4,70.5,0,4,2,5,2,0,13
2109.265430558007,4,48.25,2,1,2,8,0,0,11
2110.277041265974,4,38.5,0,3,3,9,0,0,15
2111.290661062987,4,30.75,1,1,1,12,2,0,16
2112.30280037201,4,72.75,0,2,1,10,0,2,15
2113.3146812919877,4,81.0,0,4,0,8,2,0,14
2114.32850586297,4,93.0,4,4,0,6,4,0,14
2115.3405482009985,4,23.0,0,4,3,6,0,0,13
2116.354787204007,4,39.5,0,5,0,6,1,1,13
2117.369004654989,4,47.75,0,0,4,5,0,0,9
2118.3812809159863,4,46.25,0,0,2,4,2,1,9
2119.3951388029964,4,44.25,0,1,0,5,0,0,6
2120.408732449985,4,47.0,0,1,0,5,0,0,6
2121.422470926016,4,0.0,0,0,0,5,0,0,5
2122.4344617499737,4,70.25,3,1,0,4,1,0,6
2123.4486111699953,4,70.5,3,1,0,4,1,0,6
2124.4601661249762,4,47.0,7,1,0,2,0,3,6
2125.4726439180085,4,48.75,0,5,1,5,0,0,11
2126.4859894330148,4,65.75,0,5,2,5,0,0,12
2127.5005135539686,4,47.75,0,3,4,5,0,0,12
2128.514422888984,4,70.25,0,2,5,4,0,1,12
2129.5281044970034,4,51.0,0,0,2,7,0,0,9
2130.5434005979914,4,72.5,0,0,0,8,0,0,8
2131.5553561910056,4,43.25,0,0,0,6,2,0,8
2132.569428875984,4,69.5,1,0,0,5,3,0,8
2133.5832741289632,4,51.5,0,5,0,3,0,0,8
2134.597301442991,4,4.25,0,2,2,6,0,0,10
2135.611389181984,4,46.75,0,0,0,9,0,0,9
2136.621818577987,4,95.5,1,2,0,7,2,0,11
2137.6340578409727,4,29.5,0,1,2,6,2,0,11
2138.6479738400085,4,64.25,0,1,0,7,0,0,8
2139.659013180004,4,69.5,0,1,0,8,0,0,9
2140.671036924992,4,69.25,0,1,0,7,1,0,9
2141.6821090609883,4,92.0,0,0,0,4,0,0,4
2142.6959068150027,4,46.0,0,3,1,2,0,0,6
2143.70871874399,4,48.25,0,1,2,4,1,0,8
2144.7222306639887,4,71.0,1,1,2,3,2,0,8
2145.735585439019,4,71.0,1,1,2,2,3,0,8
2146.749493545969,4,38.0,3,1,2,0,5,0,8
2147.762988573988,4,1.25,0,4,3,3,0,0,10
2148.776910219982,4,74.25,0,0,3,7,0,1,11
2149.7906441590167,4,54.75,0,2,4,6,1,0,13
2150.8056584179867,4,48.0,0,5,2,9,0,0,16
2151.819908651989,4,31.25,0,3,2,9,2,0,16
2152.8328413399868,4,47.75,1,3,2,4,7,0,16
2153.8448146759765,4,47.0,2,3,2,2,9,0,16
2154.8584086279734,4,48.75,1,3,0,5,1,0,9
2155.8710583929787,4,63.0,0,3,1,6,0,0,10
2156.8847334479797,4,63.5,0,1,2,7,0,1,11
2157.8956038209726,4,69.25,0,1,1,7,0,0,9
2158.909031810006,4,93.5,2,1,2,5,2,0,10
2159.922593009018,4,70.75,3,1,2,3,4,0,10
2160.9362043800065,4,88.5,0,4,2,4,0,1,11
2161.949974815012,4,47.25,0,0,3,7,0,0,10
2162.9637920379755,4,90.5,0,2,1,9,0,1,13
2163.977810545999,4,50.5,1,2,1,7,2,0,12
2164.991457513999,4,71.25,1,2,0,5,0,5,12
2166.005328521016,4,49.25,0,0,1,6,1,0,8
2167.0158717379672,4,93.25,0,0,1,4,0,0,5
2168.029693445016,4,52.0,3,0,0,4,1,0,5
2169.0432943539927,4,68.25,0,2,0,5,0,0,7
2170.0571540499805,4,47.5,0,0,0,5,0,1,6
2171.071433842997,4,47.0,0,1,0,5,0,1,7
2172.0849330740166,4,46.75,0,1,0,4,1,1,7
2173.0945393759757,4,70.0,0,1,0,2,3,1,7
2174.1086727639777,4,46.5,1,1,0,1,4,1,7
2175.120894990978,4,23.25,0,0,1,2,0,0,3
2176.1346802699845,4,21.0,0,2,0,3,0,0,5
2177.1482588169747,4,16.0,0,1,0,5,0,0,6
2178.1618701879634,4,52.75,0,3,0,3,0,2,8
2179.175328323967,4,47.5,0,0,0,6,0,0,6
2180.1873756609857,4,66.0,1,0,0,3,3,0,6
2181.2010781349964,4,47.5,0,2,0,3,0,2,7
2182.212760732975,4,23.5,0,1,1,2,0,0,4
2183.2237310250057,4,48.25,0,1,1,3,0,0,5
2184.2378165929695,4,47.75,0,1,1,3,0,0,5
2185.2516709240153,4,63.75,0,0,0,4,0,0,4
2186.2637737459736,4,24.0,0,1,0,4,0,0,5
2187.2790109670023,4,13.25,0,1,1,4,0,0,6
2188.2927941369708,4,48.75,0,3,1,4,0,0,8
2189.3052321539726,4,70.75,0,4,1,2,1,0,8
2190.314909583016,4,0.0,0,4,1,0,3,0,8
2191.3269292570185,4,0.0,0,0,4,1,0,1,6
2192.3406155760167,4,25.0,0,1,4,0,0,1,6
2193.3495167889632,4,37.25,0,2,1,3,0,0,6
2194.3630607720115,4,29.25,0,2,0,4,0,0,6
2195.374754933,4,70.0,1,2,0,4,0,0,6
2196.3872820349643,4,67.25,0,2,1,4,0,0,7
2197.400351517019,4,61.25,0,3,1,6,0,0,10
2198.412418752967,4,70.25,0,0,2,7,1,0,10
2199.4256181269884,4,93.0,0,0,2,6,2,0,10
2200.4397045230144,4,32.25,0,2,0,4,0,4,10
2201.4535217289813,4,47.25,0,0,0,6,0,0,6
2202.4672190929996,4,41.25,0,1,0,6,0,0,7
2203.4785733160097,4,45.75,0,2,0,3,3,0,8
2204.489841929986,4,43.5,0,0,1,4,0,0,5
2205.5009088389925,4,23.5,0,0,0,4,0,0,4
2206.5149454490165,4,23.25,0,1,1,4,0,0,6
2207.5262920059613,4,22.25,0,2,0,5,0,0,7
2208.540331177006,4,24.5,0,2,1,5,0,0,8
2209.553250980971,4,48.5,0,1,1,5,0,0,7
2210.5635395909776,4,47.0,2,1,1,4,1,0,7
2211.577838664991,4,24.5,0,2,2,6,0,0,10
2212.5894721520017,4,43.75,0,2,0,8,1,0,11
2213.6035480829887,4,21.5,0,0,0,9,0,0,9
2214.616805643018,4,60.5,0,0,0,8,0,0,8
2215.630560507998,4,70.5,0,0,0,3,0,0,3
2216.644674637995,4,47.25,0,0,0,1,0,0,1
2217.658274231013,4,23.25,0,0,1,1,0,0,2
2218.672342090984,4,23.75,0,0,1,1,0,0,2
2219.6878887059866,4,21.5,0,3,0,4,1,0,8
2220.7006750520086,4,47.0,0,2,1,4,0,1,8
2221.7145885459613,4,66.75,0,4,0,7,0,0,11
2222.727304514963,4,58.25,0,1,1,11,0,0,13
2223.7409238289692,4,51.0,0,0,0,11,2,0,13
2224.754981441016,4,75.5,0,3,0,7,2,1,13
2225.7783945479896,4,58.5,1,3,0,3,6,1,13
2226.7917544199736,4,62.75,2,3,0,2,7,1,13
2227.805488509999,4,23.25,0,4,2,1,0,1,8
2228.8201346219867,4,22.0,0,3,1,3,0,0,7
2229.8338474439806,4,39.0,0,1,2,7,0,0,10
2230.847835063003,4,68.25,0,0,2,8,1,0,11
2231.8620346129755,4,49.75,0,0,1,8,0,0,9
2232.8732193689793,4,46.75,0,0,0,7,2,0,9
2233.886676107999,4,24.75,0,0,0,6,2,0,8
2234.900287682016,4,49.75,0,0,0,4,2,2,8
2235.9145945970085,4,46.25,0,0,0,4,0,0,4
2236.9261300999788,4,41.75,0,2,0,3,0,0,5
2237.9404212869704,4,46.5,0,0,1,2,0,0,3
2238.952098876005,4,25.0,2,1,0,2,1,0,4
2239.9655862899963,4,24.75,4,1,0,0,3,0,4
2240.979304093984,4,0.0,0,6,1,0,0,0,7
2241.993320192967,4,21.25,0,0,3,5,0,0,8
2243.006867260963,4,70.75,0,3,2,5,1,0,11
2244.0193375259987,4,60.75,2,2,0,6,2,1,11
2245.0315359620145,4,46.25,1,2,0,8,0,0,10
2246.0453291820013,4,61.0,0,0,0,9,0,0,9
2247.059051712975,4,34.25,0,0,0,7,0,0,7
2248.0728428409784,4,70.25,3,2,0,4,3,0,9
2249.085595239012,4,23.75,0,3,0,5,0,1,9
2250.0993568910053,4,23.0,0,2,0,5,1,0,8
2251.113403107971,4,46.75,0,2,0,4,2,0,8
2252.1260551040177,4,48.25,0,1,0,5,0,1,7
2253.140161009971,4,38.25,0,1,0,6,0,0,7
2254.153495531995,4,47.75,0,1,0,4,2,0,7
2255.1673452699906,4,70.5,4,1,0,3,3,0,7
2256.17550750199,4,31.25,0,2,1,4,0,0,7
2257.1872792529757,4,71.5,2,2,0,2,3,0,7
2258.2040688329726,4,44.5,2,2,0,1,4,0,7
2259.2156620359747,4,0.0,0,7,0,0,0,0,7
2260.2269109640038,4,1.5,0,1,4,4,0,0,9
2261.237002822978,4,25.0,0,1,2,6,0,1,10
2262.246893561969,4,70.75,0,1,1,6,1,0,9
2263.2585211870028,4,64.0,0,0,1,8,0,0,9
2264.271644491004,4,52.75,0,0,0,9,0,0,9
2265.288237495988,4,69.5,0,0,0,7,0,0,7
2266.301878161961,4,47.5,0,0,0,5,1,0,6
2267.315358021995,4,28.75,2,2,0,6,0,0,8
2268.3288378709694,4,60.0,0,2,1,7,0,0,10
2269.3407524519716,4,46.25,0,0,2,6,0,0,8
2270.350885893975,4,71.25,0,0,2,3,3,0,8
2271.3634334370145,4,56.25,0,1,1,4,0,2,8
2272.3756806149613,4,33.0,0,2,0,5,0,0,7
2273.386456460983,4,75.5,0,1,1,5,0,0,7
2274.3979732670123,4,47.5,0,3,0,6,0,0,9
2275.4115652000182,4,48.0,0,0,2,7,0,0,9
2276.4233414480113,4,69.25,1,0,1,5,2,0,8
2277.436690423987,4,47.25,1,0,1,4,3,0,8
2278.448857698997,4,46.25,0,1,2,3,0,0,6
2279.4625110189663,4,72.0,0,0,1,5,0,0,6
2280.4764075839776,4,65.25,0,2,0,6,0,0,8
2281.490030390967,4,93.25,1,2,0,4,2,0,8
2282.5040357799735,4,59.75,0,0,0,7,0,0,7
2283.5168102529715,4,93.5,0,0,0,5,1,0,6
2284.5291088419617,4,44.5,0,1,0,5,0,0,6
2285.5426882070024,4,70.0,0,1,0,2,3,0,6
2286.5564954939764,4,23.5,2,1,0,1,4,0,6
2287.5703363170032,4,0.0,3,1,0,0,5,0,6
2288.58358216699,4,0.0,0,0,3,1,0,0,4
2289.5955449899775,4,69.75,0,0,0,4,0,0,4
2290.6090820030076,4,47.0,0,0,0,4,0,0,4
2291.6232109089615,4,59.25,1,0,0,2,2,0,4
2292.636984326993,4,23.25,1,0,0,1,3,0,4
2293.6509246139904,4,0.0,2,3,0,1,0,1,5
2294.6622616730165,4,36.5,0,1,1,4,0,0,6
2295.675888172991,4,47.75,0,1,0,5,0,0,6
2296.6868188299704,4,70.75,0,0,0,6,0,0,6
2297.6995771359652,4,18.0,0,0,0,5,1,0,6
2298.711468487978,4,70.5,2,0,0,4,2,0,6
2299.724762776983,4,71.0,3,0,0,3,3,0,6
2300.738443795999,4,23.25,3,0,0,2,0,4,6
2301.7509516919963,4,21.0,0,1,2,4,0,0,7
2302.764962530986,4,70.0,0,1,1,3,0,0,5
2303.774762568006,4,46.75,0,0,2,3,0,0,5
2304.787700782006,4,69.75,0,0,2,2,1,0,5
2305.800961241999,4,47.0,1,0,2,2,0,1,5
2306.8150812459644,4,48.5,1,2,1,3,0,1,7
2307.8293552859686,4,22.25,0,0,5,2,0,0,7
2308.841175422014,4,49.25,0,0,0,5,0,0,5
2309.854906120978,4,69.5,0,2,1,4,0,0,7
2310.868594046973,4,49.75,2,2,0,5,0,0,7
2311.8805591579876,4,69.75,4,2,0,2,3,0,7
2312.894120272016,4,23.5,6,2,0,1,4,0,7
2313.9060429609963,4,26.0,0,0,2,7,0,0,9
2314.917327916017,4,46.25,0,1,0,6,1,0,8
2315.928765988967,4,45.5,1,1,0,5,1,0,7
2316.9451884159935,4,71.5,3,1,0,2,4,0,7
2317.9545369030093,4,23.75,5,1,0,1,5,0,7
2318.968117624987,4,23.5,0,5,2,1,0,0,8
2319.982572934008,4,43.0,0,1,3,4,0,0,8
2320.9966623769724,4,72.0,0,1,0,8,0,0,9
2322.010495638009,4,96.25,1,1,0,7,1,0,9
2323.0219311550027,4,70.0,0,3,0,6,0,2,11
2324.03501734999,4,71.25,0,3,0,4,2,2,11
2325.046582410985,4,25.0,0,0,1,4,0,1,6
2326.0605578349787,4,50.75,0,0,0,5,0,0,5
2327.074206087971,4,70.75,0,0,0,6,0,0,6
2328.088053610001,4,63.5,1,0,0,5,1,0,6
2329.103212142014,4,47.5,0,1,0,5,0,0,6
2330.11326447397,4,23.25,0,1,0,2,3,0,6
2331.1264181470033,4,23.25,0,0,1,2,2,1,6
2332.1399171570083,4,23.5,0,0,0,3,0,0,3
2333.1536606529844,4,25.25,1,0,0,1,0,0,1
2334.1687298089964,4,23.5,0,1,0,1,0,0,2
2335.182312941004,4,23.5,0,6,0,1,0,0,7
2336.197955309006,4,7.5,0,3,0,6,0,0,9
2337.209381936991,4,90.0,3,3,0,4,2,0,9
2338.221113542968,4,47.0,0,8,0,5,0,1,14
2339.2351600399707,4,70.5,0,6,3,4,0,1,14
2340.2486112809856,4,25.0,0,2,1,7,1,0,11
2341.2607993769925,4,84.25,0,3,3,4,0,0,10
2342.275689931994,4,64.5,0,0,0,9,1,0,10
2343.2863005889812,4,95.0,0,0,0,8,2,0,10
2344.2999635299784,4,71.5,0,0,0,2,8,0,10
2345.3134920750163,4,47.25,3,1,0,2,0,2,5
2346.32697896997,4,16.75,0,0,2,4,0,1,7
2347.385957974009,4,13.25,0,4,0,4,1,1,10
2348.429493570002,4,35.5,5,4,0,2,3,1,10
2349.4432718179887,4,47.75,9,4,0,1,1,4,10
2350.4566761199967,4,0.0,1,10,2,2,0,2,16
2351.4709791679634,4,24.0,1,12,1,1,0,2,16
2352.4828543569893,4,16.75,1,5,3,8,0,0,16
2353.4951663729735,4,71.0,2,4,4,5,0,3,16
2354.508852653962,4,70.5,2,6,4,4,0,1,15
2355.522738763015,4,28.25,2,3,7,5,0,1,16
2356.536664852989,4,71.5,5,3,4,5,4,0,16
2357.55045660201,4,71.0,7,3,3,5,0,5,16
2358.5641007499653,4,85.0,2,8,2,5,1,0,16
2359.577931610984,4,72.0,2,2,6,8,0,0,16
2360.5908426739625,4,29.75,1,2,2,12,0,0,16
2361.604592934018,4,68.25,0,1,3,8,2,0,14
2362.6152635029866,4,88.5,0,0,3,4,4,1,12
2363.6288679639692,4,92.0,0,1,1,3,0,0,5
2364.6396139299613,4,38.5,0,0,1,5,0,0,6
2365.6538503330084,4,47.75,0,2,0,6,0,0,8
2366.667427370965,4,94.5,1,2,0,4,2,0,8
2367.681473298988,4,67.25,0,1,1,4,0,0,6
2368.6924430379877,4,47.0,1,0,0,5,1,0,6
2369.706394089968,4,40.0,0,2,1,5,0,0,8
2370.719858416007,4,27.75,0,2,1,5,0,0,8
2371.733031984011,4,69.25,0,2,1,3,2,0,8
2372.746867181966,4,47.25,0,0,1,4,0,0,5
2373.758742534963,4,32.5,0,0,0,5,0,0,5
2374.771371964016,4,23.25,0,0,0,4,0,0,4
2375.7880074389977,4,47.75,0,1,0,4,0,0,5
2376.800441770989,4,20.5,0,3,0,3,0,0,6
2377.813884024974,4,23.0,1,3,0,2,1,0,6
2378.827465859009,4,23.5,1,3,0,2,1,0,6
2379.840802129009,4,23.5,1,2,1,1,2,0,6
2380.854234030994,4,23.25,0,0,1,5,0,0,6
2381.8681370749837,4,24.5,0,0,0,5,0,0,5
2382.8812811169773,4,35.25,0,0,0,5,0,0,5
2383.8924876569654,4,72.25,1,2,0,5,0,0,7
2384.906144357985,4,70.75,3,2,0,3,2,0,7
2385.920198938984,4,46.25,0,8,1,3,0,0,12
2386.933662293013,4,60.0,0,9,0,4,0,0,13
2387.947657846962,4,42.75,0,0,6,7,0,0,13
2388.9614125990192,4,43.25,1,0,1,11,1,0,13
2389.9750825790106,4,67.25,3,2,3,11,0,0,16
2390.985900764994,4,90.0,4,2,1,10,3,0,16
2391.9998042599764,4,65.0,3,4,0,10,1,1,16
2393.0091308249976,4,94.5,5,4,0,6,5,1,16
2394.0230870739906,4,70.75,0,6,4,4,0,1,15
2395.0346045310143,4,48.25,0,3,3,8,0,0,14
2396.042406120978,4,34.0,0,0,3,12,0,0,15
2397.0548069489887,4,68.25,0,0,2,8,5,0,15
2398.068622100982,4,90.75,0,0,1,6,0,0,7
2399.079242892971,4,47.5,0,0,1,3,3,0,7
2400.0950345859746,4,70.5,0,0,1,2,0,0,3
2401.1082384299953,4,23.25,0,0,0,1,1,0,2
2402.120409187977,4,33.5,0,1,0,1,0,0,2
2403.1347840409726,4,23.25,1,1,0,1,0,0,2
2404.148792752996,4,23.25,0,1,2,1,0,0,4
2405.1629288109834,4,1.25,0,2,1,4,0,0,7
2406.1768051849795,4,21.25,0,2,0,5,0,0,7
2407.1891799629666,4,41.75,0,4,0,4,1,1,10
2408.202461785986,4,22.75,0,0,0,8,0,0,8
2409.214438222989,4,70.0,0,0,0,7,0,0,7
2410.225054567971,4,49.75,0,1,0,6,0,0,7
2411.238469064003,4,28.25,0,1,0,3,3,0,7
2412.2526239739964,4,23.25,0,1,0,1,5,0,7
2413.2661392879672,4,23.75,1,1,0,2,0,0,3
2414.280045452004,4,47.25,0,2,1,3,0,0,6
2415.291938256996,4,35.25,0,1,1,5,0,0,7
2416.3056164790178,4,55.75,0,0,0,6,0,0,6
2417.319269036001,4,42.25,0,1,0,7,1,0,9
2418.33291688998,4,73.0,0,1,0,6,2,0,9
2419.3468544289935,4,70.75,0,1,0,3,5,0,9
2420.360499650007,4,21.75,0,1,1,3,0,0,5
2421.374419824977,4,20.25,0,0,1,4,0,0,5
2422.3883226519683,4,23.5,0,2,2,2,1,0,7
2423.40198544797,4,46.5,3,2,1,3,0,1,7
2424.4130243879627,4,46.5,0,6,1,1,0,0,8
2425.4269073469914,4,0.0,0,1,3,4,0,0,8
2426.440553716966,4,39.0,0,1,1,5,1,0,8
2427.451896859973,4,58.25,0,0,1,7,0,0,8
2428.465583565994,4,60.75,0,1,2,8,0,0,11
2429.4755567680113,4,61.25,0,0,0,12,0,1,13
2430.4872702930006,4,76.0,0,1,1,9,1,0,12
2431.493418327009,4,95.0,0,2,0,7,0,0,9
2432.5044352569967,4,23.75,0,3,2,4,0,1,10
2433.514076455962,4,70.25,0,0,3,4,0,0,7
2434.52840958297,4,59.0,0,1,0,6,0,0,7
2435.540330509015,4,48.5,0,1,0,7,0,0,8
2436.5546871040133,4,67.75,0,0,1,9,0,0,10
2437.56817709998,4,94.25,0,0,1,7,2,0,10
2438.5821399230044,4,70.25,2,0,1,5,4,0,10
2439.596026639978,4,45.0,0,1,1,3,0,0,5
2440.607532593014,4,47.75,0,0,1,3,0,0,4
2441.6209982929868,4,69.75,0,0,2,4,0,0,6
2442.6351374890073,4,46.75,2,0,2,3,1,0,6
2443.649236024008,4,47.75,0,0,0,9,0,0,9
2444.663046074973,4,68.75,0,0,1,8,0,0,9
2445.676035262004,4,68.25,0,0,1,8,0,0,9
2446.689598002995,4,70.5,0,2,1,6,0,0,9
2447.7037535230047,4,95.75,0,1,2,5,1,0,9
2448.7146174969967,4,52.5,0,3,2,7,0,0,12
2449.728647551965,4,69.5,0,1,1,8,1,1,12
2450.7431053600158,4,71.25,1,1,1,6,2,1,11
2451.7575476709753,4,63.75,0,2,1,9,1,0,13
2452.771482237964,4,40.25,0,1,2,12,0,0,15
2453.784996475966,4,74.75,0,0,0,10,1,1,12
2454.799267661001,4,95.25,0,1,0,8,0,0,9
2455.8128019010182,4,68.0,0,0,3,8,0,0,11
2456.826656117977,4,28.0,0,0,0,6,0,1,7
2457.84008845099,4,24.5,0,1,0,4,0,0,5
2458.8538798149675,4,34.5,3,0,0,3,1,0,4
2459.8675967999734,4,23.25,2,3,0,2,1,1,7
2460.877373505966,4,24.0,0,6,0,2,0,0,8
2461.8902690209798,4,1.0,0,1,5,3,0,0,9
2462.9036239449633,4,38.0,0,3,0,8,1,0,12
2463.9147118179826,4,52.25,0,1,2,8,0,0,11
2464.926718503004,4,68.5,0,0,1,10,0,0,11
2465.940517595969,4,73.25,0,0,0,10,0,0,10
2466.950040579017,4,71.0,0,1,1,9,0,0,11
2467.963253647962,4,45.0,0,0,0,11,0,0,11
2469.0176498820074,4,55.0,0,2,0,10,1,0,13
2470.070583302004,4,48.25,0,3,0,10,1,0,14
2471.082731824019,4,59.5,0,4,0,8,0,2,14
2472.0934488559724,4,83.25,0,0,0,12,0,0,12
2473.1049891859875,4,94.75,0,0,0,10,0,0,10
2474.115034625982,4,71.0,0,1,0,8,0,0,9
2475.131893835962,4,51.0,0,1,0,6,2,0,9
2476.139935498999,4,50.25,0,3,0,5,0,2,10
2477.1471603129758,4,58.25,0,1,2,5,0,1,9
2478.1600800249726,4,47.0,0,1,2,3,1,0,7
2479.173553486995,4,23.0,1,1,2,2,2,0,7
2480.1868612819817,4,23.5,1,1,1,3,0,2,7
2481.1989430119866,4,24.0,0,1,0,5,0,0,6
2482.212212651968,4,46.25,0,3,0,5,0,0,8
2483.2257541950094,4,24.0,0,2,0,4,2,0,8
2484.2395213369746,4,70.25,0,2,1,6,0,0,9
2485.2537153959856,4,62.25,1,1,0,8,0,0,9
2486.2663165829726,4,50.5,0,1,0,8,0,0,9
2487.2800122050103,4,69.25,1,3,0,6,2,0,11
2488.290854236984,4,94.0,1,3,0,5,3,0,11
2489.30188073701,4,94.75,1,3,0,3,0,5,11
2490.313063025009,4,46.75,0,1,2,2,0,0,5
2491.3290103239706,4,47.0,0,1,1,5,0,0,7
2492.3415426610154,4,70.0,0,1,0,6,0,0,7
2493.3549743439653,4,24.75,0,2,0,5,0,0,7
2494.3687326199724,4,47.25,0,0,1,5,0,1,7
2495.3822076320066,4,48.25,0,2,1,5,0,0,8
2496.3950720860157,4,54.0,1,2,0,4,2,0,8
2497.4063659179956,4,71.5,2,2,0,2,4,0,8
2498.4197658929625,4,23.5,5,2,0,2,3,1,8
2499.433283819002,4,27.5,0,0,2,6,0,0,8
2500.444499139965,4,56.0,0,0,0,8,0,0,8
2501.4578549709986,4,38.75,0,0,0,5,3,0,8
2502.471587818989,4,46.5,2,0,0,3,4,1,8
2503.4843080029823,4,23.0,2,0,0,2,5,1,8
2504.498473297979,4,23.5,0,2,1,1,0,0,4
2505.512247155013,4,46.25,1,1,1,3,0,0,5
2506.524218674982,4,49.0,0,1,1,4,0,0,6
2507.537978102977,4,72.5,2,1,1,4,0,0,6
2508.554107190983,4,46.25,0,2,1,4,0,1,8
2509.5638627659646,4,23.25,0,1,2,4,0,0,7
2510.577500887972,4,57.0,0,3,0,5,0,0,8
2511.5914314819966,4,69.25,0,3,0,3,2,0,8
2512.6035064629978,4,70.75,2,3,0,3,2,0,8
2513.617234928999,4,45.0,0,4,1,1,0,1,7
2514.631483874982,4,17.5,0,3,0,5,0,0,8
2515.645203662978,4,16.75,0,1,2,6,0,0,9
2516.6576762520126,4,70.0,0,1,3,8,0,0,12
2517.6696716750157,4,46.0,0,0,1,10,1,0,12
2518.683141912974,4,75.0,0,0,0,8,0,1,9
2519.697240112,4,0.0,0,0,0,7,0,0,7
2520.7108545880183,4,71.0,1,0,0,7,0,0,7
2521.721905899991,4,69.75,0,2,0,5,1,1,9
2522.735155896982,4,46.75,0,2,0,2,1,2,7
2523.749213674979,4,35.0,1,1,2,2,0,0,5
2524.7626871129614,4,23.5,2,1,1,4,0,0,6
2525.7746539089712,4,23.25,0,3,0,5,0,0,8
2526.7882851510076,4,15.0,0,1,0,8,0,0,9
2527.80169357697,4,73.0,0,0,0,7,0,0,7
2528.8133732199785,4,44.5,0,0,0,7,0,0,7
2529.825404911011,4,71.75,0,1,0,5,0,0,6
2530.83917497698,4,23.25,0,2,0,4,1,0,7
2531.853017913003,4,40.0,0,2,1,3,0,1,7
2532.86719021498,4,47.25,0,2,1,3,0,1,7
2533.876207489986,4,24.25,0,0,0,5,0,1,6
2534.8904922439833,4,25.0,0,1,0,4,0,0,5
2535.9043182719615,4,24.0,0,0,0,6,0,0,6
2536.9183865369996,4,47.5,0,1,0,5,0,0,6
2537.9320910639944,4,47.0,0,1,0,4,0,0,5
2538.945238234999,4,46.75,0,0,1,2,0,0,3
2539.958647802996,4,46.5,0,0,0,3,0,0,3
2540.9722530809813,4,24.25,0,0,0,2,1,0,3
2541.983870201977,4,24.5,0,0,0,2,1,0,3
2542.996455867018,4,24.25,0,0,0,2,1,0,3
2544.006621701992,4,19.25,0,0,0,1,0,0,1
2545.0200480719795,4,25.5,0,1,0,1,0,0,2
2546.0335712470114,4,3.5,0,1,0,0,0,0,1
2547.0491314849933,4,0.0,0,2,0,1,0,0,3
2548.062613087008,4,25.0,1,0,1,2,0,0,3
2549.0767731170054,4,46.5,1,0,1,2,0,0,3
2550.0904076499864,4,46.5,0,2,0,3,0,0,5
2551.1041112329694,4,0.0,0,1,0,4,0,0,5
2552.117989184975,4,25.0,0,1,0,4,0,0,5
2553.131596202962,4,10.25,1,2,0,3,1,0,6
2554.14270551299,4,63.5,0,3,0,5,0,0,8
2555.154990979994,4,70.75,0,0,1,8,0,0,9
2556.166741697991,4,78.75,0,0,0,8,0,0,8
2557.177903631993,4,70.25,0,0,0,8,0,0,8
2558.191866861016,4,47.0,0,0,0,5,0,0,5
2559.2058977779816,4,24.25,0,1,1,5,0,0,7
2560.2189440960065,4,45.75,0,0,1,3,3,0,7
2561.2310076549766,4,62.25,1,0,1,3,3,0,7
2562.237337614002,4,40.0,0,3,0,4,0,0,7
2563.250911596988,4,29.5,0,0,0,8,0,0,8
2564.265739109018,4,71.75,0,1,0,7,0,0,8
2565.278956310998,4,33.5,0,0,1,7,1,0,9
2566.2927436999744,4,52.75,0,0,0,6,0,1,7
2567.3061855540145,4,50.75,0,0,0,4,1,0,5
2568.3198791209725,4,23.5,0,0,2,3,0,0,5
2569.333803349,4,10.5,0,1,0,7,0,0,8
2570.347344234993,4,45.25,0,1,0,6,0,0,7
2571.3609724519774,4,47.5,0,0,1,4,1,0,6
2572.3747038419824,4,0.0,0,4,0,6,0,1,11
2573.387200717989,4,31.25,0,4,1,4,1,0,10
2574.3981339579914,4,31.25,2,7,1,5,1,1,15
2575.4122128759627,4,93.0,0,4,6,5,0,0,15
2576.4257162630092,4,87.0,2,1,3,12,0,0,16
2577.4396461179713,4,85.75,0,2,2,9,0,0,13
2578.4532633089693,4,63.25,0,3,1,7,0,0,11
2579.4672915489646,4,72.25,0,4,3,3,0,2,12
2580.481017600978,4,56.0,0,0,2,8,0,0,10
2581.4926944400067,4,63.0,0,2,1,8,0,1,12
2582.503784823988,4,82.75,0,0,0,8,1,0,9
2583.517752698972,4,94.0,0,0,0,7,2,0,9
2584.5308979210095,4,94.0,0,0,0,6,3,0,9
2585.545075916976,4,37.25,0,1,0,7,0,0,8
2586.5563452229835,4,44.25,0,2,0,4,1,1,8
2587.5700028900173,4,46.0,0,1,2,3,0,0,6
2588.583513028978,4,46.25,0,1,1,3,0,0,5
2589.597532596963,4,5.75,1,2,0,4,0,0,6
2590.606149312982,4,70.75,3,2,0,4,0,0,6
2591.651105416997,4,58.25,0,5,0,3,0,1,9
2592.665383690968,4,5.75,0,2,2,4,0,0,8
2593.6791004019906,4,53.75,0,1,1,7,0,0,9
2594.6925662200083,4,94.25,1,1,1,6,1,0,9
2595.703931344964,4,70.0,0,3,1,6,0,1,11
2596.7160046629724,4,36.5,0,3,2,5,0,0,10
2597.730113172962,4,25.0,0,0,3,9,0,0,12
2598.742071888002,4,58.0,1,0,2,8,2,0,12
2599.7554331650026,4,69.0,0,1,2,7,0,0,10
2600.769246384967,4,64.0,0,0,1,8,0,2,11
2601.783673243015,4,79.25,0,0,3,9,0,0,12
2602.797296795994,4,66.75,1,0,1,9,1,1,12
2603.8093572739745,4,93.75,2,0,1,9,1,1,12
2604.8228726370144,4,84.25,5,0,0,7,1,3,11
2605.8340389509685,4,26.0,0,4,2,5,0,0,11
2606.845748416963,4,53.5,0,1,0,10,1,0,12
2607.8573080310016,4,48.25,3,1,1,7,3,0,12
2608.8687966169673,4,88.25,0,0,3,9,0,0,12
2609.8819319629692,4,81.25,0,0,2,9,1,0,12
2610.896311020013,4,95.0,0,0,0,8,1,0,9
2611.909982929006,4,47.5,2,0,0,4,4,0,8
2612.9300052049803,4,46.5,1,1,0,4,4,0,9
2613.9434315040126,4,46.75,4,1,0,3,4,1,9
2614.9574115909636,4,38.25,0,3,3,2,0,0,8
2615.969570879999,4,26.0,0,1,0,6,0,1,8
2616.9832269430044,4,22.75,0,0,0,7,0,0,7
2617.992649996013,4,70.25,0,0,0,6,1,0,7
2619.0064792310004,4,57.5,1,0,0,4,3,0,7
2620.020115964988,4,47.0,0,2,0,3,0,0,5
2621.0344786139904,4,21.5,0,1,1,5,0,0,7
2622.048038016015,4,24.75,0,1,0,7,0,0,8
2623.0631626899703,4,48.25,1,1,0,5,2,0,8
2624.074348309019,4,47.5,0,1,0,6,0,0,7
2625.0862318869913,4,46.0,0,0,0,6,0,1,7
2626.0998934999807,4,47.25,0,0,0,3,0,2,5
2627.1120239080046,4,24.0,2,0,0,2,1,2,5
2628.125969921006,4,46.5,3,0,0,2,1,2,5
2629.1398284219904,4,47.5,0,3,0,2,0,0,5
2630.1532117059687,4,11.0,0,4,0,0,0,0,4
2631.167262981995,4,0.0,0,1,3,1,0,0,5
2632.180860943976,4,39.5,0,0,3,2,0,0,5
2633.1946873709676,4,63.25,0,1,0,5,0,0,6
2634.2066105189733,4,49.0,0,2,1,5,0,0,8
2635.2186268889927,4,71.25,0,1,0,6,0,0,7
2636.232517211989,4,68.75,0,0,1,5,0,0,6
2637.2463923519826,4,47.0,0,0,1,5,0,0,6
2638.2605426220107,4,71.25,1,0,1,4,1,0,6
2639.274066234997,4,32.5,0,2,1,3,0,0,6
2640.288134553004,4,48.0,0,0,1,5,0,0,6
2641.3010581859853,4,46.0,0,0,1,5,0,0,6
2642.3150795759866,4,48.25,0,0,0,5,0,0,5
2643.3279813400004,4,23.0,0,1,0,4,0,0,5
2644.3416268049623,4,23.5,0,1,0,2,1,1,5
2645.3552105069975,4,0.0,0,1,1,1,0,0,3
2646.3682722040103,4,19.25,0,2,0,3,0,0,5
2647.382002897968,4,3.25,0,0,2,3,0,0,5
2648.3956477309694,4,25.0,0,0,0,4,1,0,5
2649.4070394269656,4,48.5,0,0,0,3,1,1,5
2650.421710123017,4,46.75,0,2,0,3,0,0,5
2651.435256958008,4,23.5,0,0,0,4,0,0,4
2652.4450690689846,4,44.75,0,1,0,3,1,0,5
2653.4576545439777,4,46.5,0,0,1,3,0,0,4
2654.470376109006,4,48.25,0,0,0,3,0,0,3
2655.4817499250057,4,47.25,0,0,1,2,0,0,3
2656.49425915099,4,47.0,2,1,1,2,0,0,4
2657.50795793999,4,46.75,4,1,1,2,0,0,4
2658.5215493369615,4,47.5,4,1,1,2,0,0,4
2659.535139431013,4,45.0,0,3,1,3,0,1,8
2660.54844630399,4,47.5,0,0,1,6,0,0,7
2661.562287214969,4,70.5,0,1,0,7,0,0,8
2662.5700387929683,4,68.5,0,1,0,5,0,0,6
2663.584140162973,4,70.5,0,1,0,6,0,0,7
2664.5977552579716,4,73.25,0,0,0,6,0,1,7
2665.609753487981,4,71.0,0,0,0,6,0,0,6
2666.6233509159647,4,46.5,0,0,0,5,0,0,5
2667.6367490050034,4,46.0,1,1,0,4,1,1,7
2668.6505823159823,4,47.25,2,1,0,2,3,1,7
2669.6639564270154,4,46.75,4,1,0,1,4,1,7
2670.678267087962,4,23.5,0,3,1,2,0,0,6
2671.6918426949997,4,63.5,0,1,1,4,2,0,8
2672.704682044976,4,31.25,0,2,2,2,0,0,6
2673.716510238999,4,46.25,0,1,1,3,1,0,6
2674.729214535968,4,46.5,0,0,0,5,0,0,5
2675.7425831069704,4,46.75,0,0,0,3,0,0,3
2676.7557860849774,4,44.5,0,1,0,3,0,0,4
2677.769373029005,4,46.25,1,1,0,1,2,0,4
2678.7808617139817,4,23.25,6,1,0,1,2,0,4
2679.794783654972,4,23.25,0,8,1,1,0,1,11
2680.8077590739704,4,47.25,0,9,1,1,0,0,11
2681.8193953820155,4,13.0,0,0,2,7,0,1,10
2682.833016451972,4,71.75,0,0,1,6,1,1,9
2683.8463382489863,4,66.5,1,0,1,2,1,0,4
2684.857291769993,4,47.0,6,0,1,1,2,0,4
2685.8708845640067,4,20.25,0,10,1,1,0,1,13
2686.884510439995,4,37.0,0,4,8,3,0,0,15
2687.898197527975,4,24.5,2,1,5,10,0,0,16
2688.9120910229976,4,69.75,4,1,2,6,6,1,16
2689.924391323002,4,94.5,5,3,2,6,0,5,16
2690.9405755819753,4,24.0,3,5,3,8,0,0,16
2691.9536886009737,4,92.75,5,5,3,4,4,0,16
2692.9672763649723,4,73.75,2,7,5,3,0,1,16
2693.9816971489927,4,17.5,6,1,5,10,0,0,16
2694.9950324959937,4,57.5,11,1,1,11,3,0,16
2696.0092846850166,4,73.0,7,1,4,11,0,0,16
2697.0232641939656,4,76.75,8,0,0,14,1,1,16
2698.0368868589867,4,95.0,11,0,0,9,6,1,16
2699.0509607259883,4,94.5,11,0,0,8,5,3,16
2700.0644607419963,4,87.0,4,7,0,6,0,3,16
2701.0785791510134,4,62.25,0,3,7,5,0,0,15
2702.0912667179946,4,6.25,0,2,4,10,0,0,16
2703.103346507007,4,92.75,0,0,1,10,0,2,13
2704.1198224239633,4,76.0,0,0,0,6,4,0,10
2705.133282119001,4,71.25,0,0,0,5,5,0,10
2706.146814755979,4,46.5,0,0,0,1,1,8,10
2707.160539531964,4,0.0,0,1,0,1,0,4,6
2708.174144138,4,38.5,0,1,1,2,0,0,4
2709.1873870859854,4,23.5,0,1,1,2,0,0,4
2710.1983305049944,4,47.0,2,1,1,2,0,0,4
2711.212071015965,4,47.25,2,0,0,3,0,1,4
2712.2259065579856,4,35.0,0,2,0,4,0,0,6
2713.2428584209993,4,40.25,0,0,2,5,0,0,7
2714.257801049971,4,21.75,0,0,1,6,0,0,7
2715.268698989006,4,45.25,0,0,0,7,0,0,7
2716.2825257600052,4,46.5,0,2,0,5,0,1,8
2717.2961124099675,4,39.25,0,1,2,4,0,1,8
2718.3102241199813,4,46.0,0,1,1,4,1,0,7
2719.321774008975,4,71.0,1,1,1,3,2,0,7
2720.3357864179998,4,23.25,2,1,1,1,4,0,7
2721.3494674029644,4,24.75,0,0,1,4,0,0,5
2722.3630157359876,4,47.25,0,1,1,4,0,0,6
2723.3766604199773,4,23.5,1,1,1,4,1,0,7
2724.390189406986,4,29.75,0,0,2,5,0,0,7
2725.4013956710114,4,46.25,0,0,0,6,0,0,6
2726.415594991995,4,47.75,0,0,0,6,0,0,6
2727.429206296976,4,46.5,0,0,0,3,0,0,3
2728.4429853899637,4,47.0,0,0,0,2,0,0,2
2729.45282448997,4,47.0,0,0,0,2,0,0,2
2730.4665407499997,4,46.75,2,0,0,1,1,0,2
2731.4808804899803,4,0.0,0,2,0,4,0,0,6
2732.4943962550024,4,38.5,0,0,0,6,0,0,6
2733.508771893976,4,47.0,0,1,0,5,1,0,7
2734.5205156389857,4,46.75,0,0,0,6,0,0,6
2735.532116607006,4,69.75,0,0,0,5,0,0,5
2736.54538893298,4,58.75,0,0,0,5,0,0,5
2737.5583978499635,4,66.75,0,1,0,4,0,0,5
2738.570912516967,4,57.0,1,1,0,4,0,0,5
2739.5812102020136,4,70.0,1,1,0,2,2,0,5
2740.594382708019,4,23.25,0,2,0,2,1,0,5
2741.605598794995,4,31.75,0,2,1,4,0,0,7
2742.6195862930035,4,47.0,1,1,1,4,1,0,7
2743.6331325579667,4,64.75,0,1,1,5,0,0,7
2744.650885912997,4,48.75,0,0,1,5,0,0,6
2745.664666283992,4,23.5,0,0,1,3,2,0,6
2746.678137529001,4,47.0,0,0,1,3,0,0,4
2747.692157476966,4,23.25,0,0,1,3,0,0,4
2748.7058901769924,4,23.25,0,0,0,4,0,0,4
2749.7201473049936,4,23.25,0,1,1,3,0,0,5
2750.7323470289703,4,48.25,0,1,0,5,0,0,6
2751.7455074129975,4,0.0,0,0,0,4,0,1,5
2752.7597647309885,4,23.25,0,1,0,4,0,0,5
2753.7740380009636,4,12.75,4,1,0,3,1,0,5
2754.7876213620184,4,48.0,0,6,0,4,0,1,11
2755.8002672609873,4,46.75,0,1,3,6,0,0,10
2756.8130721249618,4,73.5,0,0,0,9,0,0,9
2757.827185483009,4,26.0,1,1,0,8,0,1,10
2758.8409670299734,4,64.0,0,3,1,6,0,0,10
2759.85430395999,4,50.5,0,1,2,5,2,0,10
2760.8676490699872,4,69.5,2,0,2,4,2,1,9
2761.881874801009,4,47.25,0,0,3,4,0,0,7
2762.8957446640125,4,72.0,0,0,1,6,0,0,7
2763.910181380983,4,72.0,0,0,1,5,0,0,6
2764.924275058962,4,22.5,0,0,0,4,0,0,4
2765.9381938799634,4,24.0,0,1,0,3,1,0,5
2766.9517673240043,4,23.5,0,1,0,2,2,0,5
2767.966145524988,4,23.25,1,1,0,2,2,0,5
2768.9798414359684,4,23.25,0,1,2,2,0,1,6
2769.9939709039754,4,48.25,0,1,2,3,0,0,6
2771.0070047060144,4,70.0,0,0,1,4,1,0,6
2772.020689043973,4,76.5,0,0,1,4,0,0,5
2773.034391010995,4,64.0,0,1,2,2,0,0,5
2774.0480697299936,4,46.0,0,1,2,1,1,0,5
2775.0620889010024,4,43.75,0,0,2,2,0,0,4
2776.0755495649646,4,46.75,0,1,0,4,0,0,5
2777.089513148996,4,47.75,0,1,0,5,0,0,6
2778.103559473995,4,47.5,0,0,0,4,2,0,6
2779.1137482380145,4,71.25,0,1,0,4,0,0,5
2780.1277624819777,4,64.25,0,0,0,4,0,0,4
2781.147890769993,4,24.75,1,0,0,3,0,0,3
2782.1612201950047,4,33.75,0,2,0,4,0,0,6
2783.1748073460185,4,46.75,0,1,1,5,0,0,7
2784.188405524008,4,34.75,0,0,1,8,0,0,9
2785.2005467279814,4,71.25,0,0,1,6,0,0,7
2786.2139890000108,4,21.5,0,0,2,6,0,0,8
2787.227999244991,4,51.25,0,1,0,6,0,1,8
2788.2414630079875,4,57.0,0,3,0,5,1,0,9
2789.255240393977,4,94.25,2,3,0,4,2,0,9
2790.271374312986,4,70.5,3,3,0,3,3,0,9
2791.2846909429645,4,12.75,0,1,2,7,0,0,10
2792.2944077069988,4,43.25,0,0,0,7,0,1,8
2793.308252484014,4,71.25,2,2,0,5,2,0,9
2794.3223862859886,4,45.5,5,2,0,2,5,0,9
2795.3344158389955,4,47.75,1,2,2,5,0,0,9
2796.346532695985,4,44.25,0,3,0,6,1,1,11
2797.3593653109856,4,70.25,1,3,0,4,3,1,11
2798.373310740979,4,24.25,0,6,0,5,0,1,12
2799.3853732419666,4,46.5,0,2,3,5,0,0,10
2800.397578374017,4,21.25,0,2,2,7,0,0,11
2801.4115300219855,4,66.75,0,2,2,6,1,0,11
2802.4247179939994,4,45.5,0,2,0,6,1,0,9
2803.4419622909627,4,45.25,0,3,1,7,0,1,12
2804.455998583988,4,56.5,0,2,1,9,0,0,12
2805.465454471996,4,91.5,1,2,1,7,2,0,12
2806.4789513669675,4,46.25,2,2,1,4,5,0,12
2807.4928439299692,4,22.25,5,2,1,3,6,0,12
2808.5045731629943,4,31.75,0,3,5,4,0,0,12
2809.5181320210104,4,46.5,0,1,2,8,0,0,11
2810.529246422986,4,23.25,0,2,1,8,0,1,12
2811.5425995059777,4,69.75,1,2,1,6,2,1,12
2812.5565287859645,4,42.5,0,2,2,4,1,0,9
2813.569737008016,4,43.5,0,4,2,3,0,0,9
2814.5835063609993,4,46.5,0,4,2,1,2,0,9
2815.5976056350046,4,22.75,1,4,2,1,2,0,9
2816.611242145009,4,5.25,0,1,3,4,0,0,8
2817.623787359975,4,47.75,0,1,1,8,1,0,11
2818.637215936964,4,66.75,0,2,2,8,0,1,13
2819.6511640789686,4,94.5,0,2,1,8,1,0,12
2820.662418729975,4,95.5,0,2,1,7,2,0,12
2821.6766422289656,4,70.75,0,1,1,5,0,1,8
2822.6895945839933,4,70.0,0,1,0,4,0,1,6
2823.7035048999824,4,25.0,0,0,1,4,0,0,5
2824.7172052940005,4,47.5,0,0,0,3,2,0,5
2825.7310694939806,4,0.0,0,0,0,1,0,2,3
2826.7448185940157,4,23.5,0,0,0,1,0,0,1
2827.757104571967,4,2.5,0,1,0,1,0,0,2
2828.768694481987,4,23.5,1,1,0,1,0,0,2
2829.7804088249686,4,23.25,2,1,0,1,0,0,2
2830.7931977219996,4,23.75,2,1,0,1,0,0,2
2831.8062285709893,4,0.0,0,2,0,2,0,0,4
2832.8173040319816,4,48.25,0,0,0,4,0,0,4
2833.8312942329794,4,46.75,0,0,0,4,0,0,4
2834.8463888620026,4,93.75,2,0,0,2,2,0,4
2835.9051554399775,4,30.75,0,5,0,2,0,1,8
2836.91979351599,4,0.0,0,3,1,3,0,0,7
2837.9331083860015,4,48.25,0,4,0,4,0,0,8
2838.9469485839945,4,46.75,0,2,2,4,0,0,8
2839.9605059889727,4,0.0,0,1,3,4,0,0,8
2840.973024228995,4,28.0,0,2,2,5,0,0,9
2841.9870445689885,4,44.75,0,2,1,7,1,0,11
2843.000473412976,4,70.25,0,0,2,9,0,0,11
2844.0143194259726,4,71.25,0,0,2,8,1,0,11
2845.0278892989736,4,93.5,0,0,2,8,0,0,10
2846.044122687017,4,68.25,0,0,1,6,0,0,7
2847.0564161069924,4,70.75,0,0,1,5,1,0,7
2848.069893697975,4,47.0,0,1,1,4,1,0,7
2849.083744516014,4,55.0,0,1,1,5,0,0,7
2850.0975711349747,4,25.5,0,0,2,6,0,0,8
2851.112213854969,4,94.0,0,0,1,5,2,0,8
2852.1261634830153,4,47.25,0,2,0,4,0,0,6
2853.139813256974,4,47.25,1,2,0,3,1,0,6
2854.153876065975,4,46.75,1,2,0,2,2,0,6
2855.167982899002,4,23.5,0,2,1,3,0,0,6
2856.1817857400165,4,23.25,0,1,1,3,0,0,5
2857.1962111470057,4,46.5,0,1,1,3,0,0,5
2858.2097341059707,4,48.0,0,0,1,3,0,1,5
2859.223729596997,4,0.0,0,0,1,3,0,0,4
2860.2372841479955,4,23.0,0,1,0,4,0,0,5
2861.250772603962,4,23.75,1,2,0,4,0,0,6
2862.2643415440107,4,24.25,2,2,0,3,1,0,6
2863.274842921004,4,24.0,0,4,1,1,0,0,6
2864.287791042996,4,0.0,0,3,1,2,0,0,6
2865.301989505999,4,48.5,0,0,3,3,0,0,6
2866.313693218981,4,70.75,0,1,0,6,0,0,7
2867.3276229089824,4,46.75,0,1,0,7,0,0,8
2868.338848643005,4,63.75,1,1,0,6,0,0,7
2869.3531323859934,4,39.0,0,5,0,6,0,0,11
2870.36672465998,4,2.25,0,2,2,6,0,1,11
2871.380973614985,4,29.75,0,1,0,8,0,0,9
2872.3945787500124,4,23.25,0,1,0,5,3,0,9
2873.4084725119756,4,71.0,0,1,0,4,4,0,9
2874.4222539879847,4,35.0,0,0,1,3,0,1,5
2875.435894399998,4,64.25,0,1,0,3,0,1,5
2876.4493805550155,4,47.0,1,1,0,3,0,0,4
2877.46244321001,4,24.75,0,3,1,2,0,0,6
2878.474644581962,4,32.5,0,1,0,5,0,0,6
2879.4883008659817,4,47.5,0,0,1,5,0,0,6
2880.4997800749843,4,70.0,0,0,0,5,1,0,6
2881.5132220090018,4,44.25,0,1,0,5,0,0,6
2882.524020701996,4,19.25,0,2,0,5,0,0,7
2883.5355509439833,4,23.0,0,2,1,6,0,0,9
2884.5492027999717,4,24.75,0,0,1,7,0,1,9
2885.561506106984,4,94.0,0,0,0,8,0,1,9
2886.5747412819765,4,83.0,0,1,0,7,1,0,9
2887.5872177039855,4,70.75,1,1,0,4,3,1,9
2888.6009952769964,4,25.75,4,1,0,1,6,1,9
2889.6146794810193,4,17.75,0,5,1,0,1,1,8
2890.62823570997,4,25.0,0,2,1,3,0,1,7
2891.641889079998,4,23.25,0,2,2,3,0,0,7
2892.6549189459765,4,24.0,2,2,1,3,1,0,7
2893.669129078975,4,46.75,0,0,2,7,0,0,9
2894.68022497301,4,69.75,0,0,1,8,0,0,9
2895.6918022360187,4,68.75,2,0,1,7,1,0,9
2896.701058609993,4,69.0,0,3,1,6,0,1,11
2897.7146103520063,4,47.25,0,0,4,2,0,0,6
2898.7263230099925,4,47.0,0,0,1,4,0,0,5
2899.738649131963,4,70.25,0,0,0,5,0,0,5
2900.7525827069767,4,47.5,0,1,0,5,0,0,6
2901.7661069969763,4,69.75,0,1,0,4,1,0,6
2902.778210659977,4,70.25,1,1,0,3,2,0,6
2903.79038657801,4,28.5,0,4,0,2,0,1,7
2904.803944734973,4,23.25,0,0,2,4,0,0,6
2905.8177347689634,4,38.5,0,0,0,6,0,0,6
2906.831488469965,4,46.5,0,0,0,6,0,0,6
2907.844960442977,4,35.0,0,0,0,5,1,0,6
2908.8589761420153,4,46.25,0,0,0,3,3,0,6
2909.868148487003,4,47.0,0,0,0,3,3,0,6
2910.879553158011,4,23.5,1,0,0,1,1,0,2
2911.895714690967,4,23.25,0,0,1,1,0,0,2
2912.909414562979,4,0.0,0,0,0,2,0,0,2
2913.9233254829887,4,47.0,1,0,0,2,0,0,2
2914.932640476967,4,46.25,1,0,0,1,1,0,2
2915.943891082017,4,0.0,0,1,0,0,0,0,1
2916.9575631070184,4,0.0,0,0,0,1,0,0,1
2917.9716197479866,4,23.75,0,0,0,1,0,0,1
2918.985047708964,4,23.5,0,0,0,0,1,0,1
2919.9989443449886,4,0.0,0,1,0,0,0,0,1
2921.012471976981,4,0.0,0,0,1,1,0,0,2
2922.0253362469957,4,0.0,0,0,0,2,0,0,2
2923.039139650995,4,23.25,1,0,0,2,0,0,2
2924.0528480249923,4,23.25,2,0,0,1,1,0,2
2925.066851584008,4,23.5,1,3,0,0,0,0,3
2926.081022694998,4,0.0,0,2,2,0,0,0,4
2927.0942279279698,4,14.25,0,1,0,3,0,0,4
2928.1080199480057,4,48.25,0,0,2,3,0,0,5
2929.1220165970153,4,24.0,0,0,1,4,0,0,5
2930.1348175439634,4,47.0,0,0,1,3,1,0,5
2931.1485205579665,4,23.25,0,0,1,2,2,0,5
2932.1552106000017,4,23.25,0,1,1,1,0,0,3
2933.1711667170166,4,23.5,0,1,1,1,0,0,3
2934.1842741699656,4,48.75,0,1,1,2,0,0,4
2935.198056465015,4,36.5,1,0,1,3,0,0,4
2936.2114823120064,4,46.75,1,0,1,2,1,0,4
2937.2254623320187,4,48.5,0,1,0,3,0,1,5
2938.236209465016,4,47.0,0,2,1,1,0,1,5
2939.2499860369717,4,27.75,0,0,0,4,0,0,4
2940.263574273966,4,48.0,0,2,1,4,0,0,7
2941.2774030650035,4,67.25,0,0,0,5,1,1,7
2942.2901902360027,4,70.5,0,0,0,5,1,1,7
2943.3006121810176,4,70.25,0,0,0,4,2,1,7
2944.312613784976,4,71.0,0,0,0,3,2,2,7
2945.326224985998,4,56.25,0,0,1,3,0,0,4
2946.3399826759705,4,28.5,0,1,0,3,0,0,4
2947.3543763309717,4,46.75,0,1,0,3,0,0,4
2948.3650779820164,4,70.25,2,1,0,3,0,0,4
2949.3759492649697,4,70.5,2,1,0,3,0,0,4
2950.3895944479736,4,47.0,4,1,0,2,0,1,4
2951.403427290963,4,53.0,0,0,0,7,0,0,7
2952.412096226006,4,47.75,0,0,0,7,0,0,7
2953.426160046016,4,49.5,0,0,0,7,0,0,7
2954.43987689598,4,48.5,0,0,0,7,0,0,7
2955.4538415229763,4,71.5,0,1,0,5,0,1,7
2956.4675171459676,4,23.25,0,1,1,4,0,0,6
2957.5095957400044,4,27.0,0,3,0,5,0,0,8
2958.535203762003,4,34.0,2,3,0,3,2,0,8
2959.5489539459813,4,24.0,0,4,2,4,0,0,10
2960.560622429999,4,70.25,0,0,3,6,0,0,9
2961.5730479359627,4,71.0,0,1,0,9,0,0,10
2962.5842150999815,4,94.25,0,1,0,7,2,0,10
2963.5980640960042,4,94.0,3,1,0,4,5,0,10
2964.6119086290128,4,47.25,0,3,3,3,0,0,9
2965.623152342974,4,48.75,0,3,2,7,0,0,12
2966.636614115967,4,48.0,0,1,2,10,0,0,13
2967.6491718529724,4,94.5,3,1,1,10,1,0,13
2968.661121191981,4,86.25,0,1,2,9,0,0,12
2969.6768537060125,4,91.5,0,1,1,8,2,0,12
2970.690861899988,4,59.0,0,0,2,6,0,1,9
2971.7057672920055,4,69.75,0,0,2,4,0,0,6
2972.7202086420148,4,56.5,0,1,1,6,0,0,8
2973.7335792270023,4,94.75,3,1,0,5,2,0,8
2974.7454676689813,4,62.0,0,1,2,8,0,0,11
2975.7564274420147,4,45.75,0,2,1,11,1,0,15
2976.7699711039895,4,90.25,1,2,1,6,6,0,15
2977.780957956973,4,80.0,1,1,0,7,4,3,15
2978.7951036790037,4,69.75,0,1,0,4,4,4,13
2979.8059030639706,4,46.0,0,0,0,4,0,0,4
2980.819516778982,4,47.0,1,0,0,3,1,0,4
2981.8332618050044,4,16.25,0,2,0,3,0,0,5
2982.846621103992,4,31.75,1,0,0,5,0,0,5
2983.859779360995,4,47.5,2,0,0,5,0,0,5
2984.87387771497,4,40.0,0,4,0,4,1,0,9
2985.887521956989,4,46.5,0,2,1,4,0,0,7
2986.9014726550085,4,55.0,0,0,0,7,0,0,7
2987.9151701789815,4,70.5,0,0,0,6,1,0,7
2988.92775244097,4,71.0,0,1,0,5,0,1,7
2989.942049419973,4,46.5,0,2,1,3,0,0,6
2990.9558478950057,4,24.75,0,0,1,5,0,0,6
2991.9684857099783,4,24.5,1,0,0,5,1,0,6
2992.982052796986,4,65.5,0,0,0,4,0,0,4
2993.995562808006,4,51.25,1,0,0,4,0,0,4
2995.007467479969,4,70.5,0,2,0,4,0,0,6
2996.019348427013,4,94.0,0,1,0,4,0,0,5
2997.031975510996,4,70.25,0,1,0,2,2,0,5
2998.0459231369896,4,47.0,0,1,1,2,0,1,5
2999.05933251197,4,27.75,0,1,0,2,0,0,3
3000.073329571984,4,47.25,0,0,0,3,0,0,3
3001.0856917749625,4,46.75,0,1,0,3,0,0,4
3002.097062943969,4,60.5,0,2,0,3,0,0,5
3003.1105153890094,4,48.75,1,2,0,2,1,0,5
3004.123901272018,4,54.0,4,2,0,2,1,0,5
3005.1353129500058,4,23.25,4,1,0,1,3,0,5
3006.149389964994,4,25.0,0,0,3,4,0,0,7
3007.158690314973,4,26.5,0,1,2,7,0,0,10
3008.1724261940108,4,53.25,0,2,0,8,0,0,10
3009.1863983749645,4,57.5,0,0,2,9,0,1,12
3010.1987805259996,4,84.75,0,1,1,8,0,2,12
3011.2146218799753,4,67.75,0,0,0,7,1,1,9
3012.2282889999915,4,47.0,0,0,0,5,0,3,8
3013.239952428965,4,46.0,0,4,0,7,0,0,11
3014.2533833159832,4,47.75,3,3,1,5,2,0,11
3015.267138938012,4,71.0,3,3,1,5,2,0,11
3016.2786729210056,4,70.25,4,3,1,4,3,0,11
3017.287777351972,4,40.0,0,7,0,2,0,1,10
3018.301241234003,4,49.0,0,0,1,8,0,0,9
3019.3119569760165,4,46.75,0,0,1,5,1,0,7
3020.3232483629836,4,71.5,0,0,1,3,3,0,7
3021.336966014991,4,46.5,0,0,1,2,4,0,7
3022.350813294004,4,46.75,0,1,0,2,0,0,3
3023.3648053159704,4,0.0,0,1,1,2,0,0,4
3024.373410418979,4,14.5,0,4,0,2,0,0,6
3025.384547578986,4,0.0,0,4,0,2,0,0,6
3026.398480960983,4,47.25,0,1,3,2,0,1,7
3027.412255931995,4,28.75,0,0,1,5,0,1,7
3028.426228014985,4,69.5,0,0,1,2,3,1,7
3029.4376078859787,4,23.5,0,2,1,2,0,2,7
3030.4510425429908,4,23.5,2,2,0,2,1,2,7
3031.4625623379834,4,23.25,0,4,0,3,0,0,7
3032.474845847988,4,52.25,0,4,1,3,0,0,8
3033.487115680997,4,29.75,0,10,0,4,0,0,14
3034.500734988018,4,47.25,2,10,0,2,2,0,14
3035.512115671998,4,47.0,2,11,0,2,1,2,16
3036.525728459994,4,23.25,7,11,0,1,2,2,16
3037.5398154669674,4,48.75,4,5,3,8,0,0,16
3038.55380216497,4,85.75,2,3,3,10,0,0,16
3039.5674195539905,4,49.5,2,0,3,12,1,0,16
3040.575082466996,4,44.25,6,0,1,11,1,3,16
3041.586188907968,4,37.25,4,4,1,10,1,0,16
3042.599828934006,4,95.75,7,3,2,8,0,3,16
3043.6130447059986,4,70.0,5,2,1,12,0,1,16
3044.626664654992,4,23.75,9,3,1,11,0,1,16
3045.6373054480064,4,95.0,11,3,1,6,5,1,16
3046.6498717399663,4,72.0,9,5,1,4,0,6,16
3047.6607650609803,4,39.75,5,5,3,8,0,0,16
3048.6725011229864,4,72.25,1,5,2,9,0,0,16
3049.685432425991,4,47.0,0,5,1,7,2,1,16
3050.6995078379987,4,98.75,0,0,2,9,1,0,12
3051.712958809978,4,49.5,0,0,0,5,0,6,11
3052.726584929973,4,67.5,0,0,0,4,1,0,5
3053.7368456589757,4,47.25,0,0,0,3,1,1,5
3054.7507167909644,4,22.5,1,0,0,1,3,1,5
3055.7637049810146,4,23.25,0,2,0,1,0,0,3
3056.776620174991,4,17.0,0,0,1,4,0,0,5
3057.7891466660076,4,66.0,0,0,0,5,0,0,5
3058.8019819909823,4,46.75,1,0,0,5,0,0,5
3059.8158772820025,4,70.75,0,3,0,5,0,0,8
3060.8297673669877,4,30.75,0,4,0,3,1,0,8
3061.8409352920135,4,6.25,0,0,1,6,0,0,7
3062.8546845790115,4,32.75,1,1,1,5,1,0,8
3063.8688839169918,4,47.0,1,1,1,5,1,0,8
3064.883103672997,4,46.5,1,1,1,5,1,0,8
3065.895190678013,4,28.75,0,1,3,3,0,0,7
3066.909028074995,4,55.0,0,2,0,4,0,0,6
3067.922972180997,4,40.0,0,1,1,4,0,0,6
3068.936597126012,4,72.5,0,1,1,4,0,0,6
3069.9501942679635,4,46.5,0,1,1,3,1,0,6
3070.963274833979,4,47.5,0,1,1,3,1,0,6
3071.977214040002,4,44.5,0,2,0,5,0,0,7
3072.9909574839985,4,46.75,0,3,1,5,0,0,9
3074.0051939819823,4,23.0,1,3,0,5,1,0,9
3075.0191791129764,4,46.75,0,1,1,7,0,0,9
3076.033138694009,4,68.75,0,0,0,7,0,0,7
3077.045237267972,4,16.75,0,1,0,6,0,2,9
3078.058717199019,4,33.5,2,0,0,7,0,0,7
3079.079239331011,4,68.5,3,0,0,7,0,0,7
3080.0988734649727,4,68.5,4,0,0,6,1,0,7
3081.110790947976,4,63.0,5,0,0,5,2,0,7
3082.1222861069837,4,46.25,5,0,0,4,3,0,7
3083.1360042499728,4,47.5,0,4,1,4,0,0,9
3084.151052869973,4,56.5,0,1,3,3,1,0,8
3085.1644355760072,4,24.25,0,1,1,4,0,0,6
3086.175464915985,4,47.75,0,0,1,6,0,0,7
3087.1894822840113,4,23.5,0,1,0,7,0,0,8
3088.203213280998,4,72.0,0,0,0,7,0,0,7
3089.2171853390173,4,70.25,0,0,0,6,0,0,6
3090.2314728780184,4,70.25,1,1,1,5,0,0,7
3091.245547379018,4,50.75,0,2,1,5,0,0,8
3092.259711414983,4,69.75,1,2,1,2,3,0,8
3093.2734693989623,4,23.25,0,2,0,4,0,2,8
3094.287523383973,4,69.75,0,0,4,3,0,0,7
3095.2995108969626,4,48.0,0,0,0,7,0,0,7
3096.313377723971,4,70.0,0,1,0,7,0,0,8
3097.3225407960126,4,72.25,0,1,0,7,0,0,8
3098.3359342960175,4,89.0,0,0,0,8,0,0,8
3099.3498710099957,4,93.5,0,0,0,7,0,1,8
3100.3635585280135,4,46.25,0,0,0,7,0,0,7
3101.3774172639824,4,46.0,0,0,0,4,2,0,6
3102.389559659001,4,47.75,0,0,2,4,0,0,6
3103.403379750962,4,56.25,0,0,0,6,0,0,6
3104.4152503869846,4,69.75,0,1,0,5,0,0,6
3105.425049469981,4,70.5,0,0,0,6,0,0,6
3106.437013379007,4,70.5,1,0,0,6,0,0,6
3107.454650025,4,70.75,2,0,0,5,1,0,6
3108.465308297018,4,10.5,0,3,0,4,0,0,7
3109.4787138699903,4,23.25,0,0,4,4,0,0,8
3110.4896877660067,4,93.75,0,0,1,7,0,0,8
3111.5025524859666,4,94.75,1,0,1,6,1,0,8
3112.514091737976,4,70.5,0,0,0,5,0,0,5
3113.5302258079755,4,68.0,0,1,0,4,0,0,5
3114.5437799509964,4,46.5,1,1,0,4,0,0,5
3115.5559552899795,4,47.5,2,1,0,2,2,0,5
3116.5692309879814,4,46.75,2,1,0,2,2,0,5
3117.582366621995,4,23.5,2,1,0,0,4,0,5
3118.5953018820146,4,0.0,0,1,3,1,0,0,5
3119.609131135978,4,28.25,0,0,0,5,0,0,5
3120.620732381998,4,71.0,0,0,0,5,0,0,5
3121.633624851005,4,71.0,3,0,0,4,1,0,5
3122.6470621969784,4,47.25,7,0,0,2,2,1,5
3123.660977476975,4,23.5,0,7,0,1,0,0,8
3124.672929109016,4,36.5,0,1,3,5,0,0,9
3125.6867271100054,4,47.5,0,0,1,8,0,0,9
3126.7010934720165,4,72.25,0,1,0,8,1,0,10
3127.7151171200094,4,93.0,0,1,0,6,2,1,10
3128.7289881189936,4,69.5,0,1,0,4,4,1,10
3129.7428598569822,4,70.25,3,1,0,3,5,1,10
3130.7551831820165,4,65.25,0,1,1,4,0,1,7
3131.7690693659824,4,56.25,0,1,0,6,0,0,7
3132.7817278130096,4,24.0,0,3,0,6,1,1,11
3133.792756019975,4,47.5,0,3,0,6,1,0,10
3134.803851803008,4,71.25,1,3,0,6,1,0,10
3135.8178089709836,4,48.0,0,1,2,7,0,0,10
3136.831979501003,4,47.0,0,2,3,6,0,1,12
3137.845379511011,4,27.5,0,0,2,9,0,0,11
3138.8595326819923,4,93.75,2,0,2,7,2,0,11
3139.8716058309656,4,71.25,3,0,2,4,5,0,11
3140.884028288012,4,63.0,1,7,1,3,0,4,15
3141.894873577985,4,47.25,1,8,1,2,0,1,12
3142.908556052018,4,36.0,0,5,4,5,0,0,14
3143.919916120998,4,95.5,0,5,3,4,0,2,14
3144.932107697008,4,24.5,0,0,1,10,0,0,11
3145.9444761149934,4,93.5,0,0,0,8,3,0,11
3146.957909489982,4,94.25,1,0,0,5,6,0,11
3147.9691241279943,4,46.5,0,1,0,5,0,2,8
3148.983252090984,4,70.25,0,2,1,5,0,0,8
3149.9968883330002,4,43.25,0,0,0,6,0,0,6
3151.0103830500157,4,47.5,0,0,0,5,1,0,6
3152.0240967840073,4,46.25,0,0,0,5,1,0,6
3153.0375457630144,4,47.0,0,0,0,2,4,0,6
3154.0492540289997,4,16.75,0,1,0,1,0,2,4
3155.061338386964,4,23.0,0,2,0,1,0,0,3
3156.0752671500086,4,23.75,0,1,1,2,0,0,4
3157.0885241620126,4,72.75,0,1,0,4,0,0,5
3158.10085767298,4,46.0,0,0,1,3,0,0,4
3159.114057031984,4,70.25,0,0,1,2,1,0,4
3160.1268356959918,4,0.0,0,3,0,2,0,0,5
3161.140319454018,4,8.25,1,3,0,2,0,0,5
3162.1542342000175,4,23.5,2,3,0,2,0,0,5
3163.166539575963,4,23.25,0,4,1,3,0,0,8
3164.1804491300136,4,15.75,0,0,2,6,0,0,8
3165.191384299018,4,25.0,0,0,0,7,0,0,7
3166.202191738994,4,61.25,0,0,0,6,1,0,7
3167.2161118009826,4,46.0,0,0,0,2,5,0,7
3168.227952072979,4,71.75,0,0,0,4,0,0,4
3169.2379113379866,4,68.5,0,1,1,4,0,0,6
3170.2500298289815,4,48.0,0,1,0,5,0,0,6
3171.2641672019963,4,35.25,0,1,0,4,1,0,6
3172.276889964007,4,46.5,1,1,0,2,3,0,6
3173.290059905965,4,46.5,2,1,0,2,0,3,6
3174.3031327360077,4,45.75,1,3,0,3,0,1,7
3175.316093072004,4,49.0,0,2,2,5,0,0,9
3176.3290399119724,4,47.0,1,2,1,6,0,0,9
3177.341362926003,4,70.75,1,2,1,5,1,0,9
3178.3551329430193,4,70.5,1,2,1,3,3,0,9
3179.3685485059978,4,44.75,0,1,1,3,0,2,7
3180.380649600993,4,48.5,0,2,0,3,0,0,5
3181.392546891002,4,42.5,0,2,0,4,0,0,6
3182.4033788499655,4,37.75,0,2,1,4,0,0,7
3183.416926104983,4,1.0,0,1,2,5,1,0,9
3184.430670842994,4,23.25,0,1,2,4,2,0,9
3185.444237593969,4,47.75,0,1,2,4,2,0,9
3186.457721790008,4,46.25,0,1,1,4,2,1,9
3187.4716950330185,4,24.75,0,1,0,5,0,0,6
3188.4851894379826,4,70.75,0,0,0,5,0,1,6
3189.4990892569767,4,32.0,1,1,0,5,0,0,6
3190.512681017979,4,47.5,1,1,0,4,1,0,6
3191.526814003999,4,23.25,0,1,1,2,0,1,5
3192.5401499039726,4,36.0,0,0,0,3,1,0,4
3193.554018269002,4,46.75,1,0,0,3,1,0,4
3194.5680973529816,4,46.5,0,3,0,2,0,1,6
3195.580685467983,4,46.75,0,3,0,2,0,0,5
3196.593314461992,4,71.75,0,1,1,5,0,0,7
3197.6054944579955,4,70.25,0,0,2,5,0,0,7
3198.619673973997,4,56.25,0,0,0,6,0,0,6
3199.6334011079744,4,47.75,0,0,0,5,0,0,5
3200.6428593639866,4,46.25,0,1,0,4,0,0,5
3201.6673555360176,4,37.5,0,1,0,2,2,0,5
3202.678473587963,4,40.5,2,1,0,2,2,0,5
3203.692190000962,4,47.25,2,1,0,1,3,0,5
3204.7029086009716,4,23.25,3,1,0,1,3,0,5
3205.715154363017,4,23.25,0,1,2,3,0,0,6
3206.728820100019,4,96.0,0,0,0,7,0,0,7
3207.7421967699775,4,37.75,0,1,0,7,0,0,8
3208.7558044219622,4,94.5,0,1,0,6,1,0,8
3209.7696744399727,4,94.0,2,1,0,5,2,0,8
3210.783109345997,4,70.75,2,1,0,3,4,0,8
3211.797431416984,4,63.5,0,1,0,4,0,0,5
3212.811255239998,4,49.25,0,1,0,5,0,0,6
3213.8248591439915,4,23.5,0,1,0,5,0,0,6
3214.837681344012,4,46.75,1,1,0,4,0,1,6
3215.8488320379984,4,9.75,0,0,0,4,0,0,4
3216.862126309017,4,24.25,0,0,0,4,0,0,4
3217.8758144379826,4,47.25,0,1,0,4,0,0,5
3218.8888439569855,4,46.75,1,1,0,4,0,0,5
3219.903386168997,4,46.5,2,1,0,4,0,0,5
3220.917590430996,4,24.25,0,2,1,3,0,0,6
3221.9313932050136,4,70.5,0,1,1,3,0,0,5
3222.9451431490015,4,51.0,1,0,1,4,0,0,5
3223.9585079649696,4,69.5,0,1,0,5,0,0,6
3224.9720426959684,4,24.25,0,0,1,5,0,0,6
3225.9857259980054,4,47.75,2,0,0,5,1,0,6
3226.9985869639786,4,72.0,3,0,0,5,1,0,6
3228.012609114987,4,71.0,3,0,0,2,4,0,6
3229.0248379969853,4,23.5,0,2,0,3,0,0,5
3230.0388571599615,4,47.5,0,0,0,5,0,0,5
3231.0522810039693,4,46.5,0,0,0,5,0,0,5
3232.0747768389992,4,70.0,0,1,0,4,0,0,5
3233.0893443920068,4,23.25,0,0,1,4,0,0,5
3234.098852164985,4,23.25,0,0,1,4,0,0,5
3235.112569844001,4,26.5,0,0,1,4,0,0,5
3236.1244433340034,4,46.5,1,0,1,2,2,0,5
3237.1355775310076,4,46.75,3,0,1,1,3,0,5
3238.1492322809645,4,23.25,4,0,1,0,1,3,5
3239.1632006319705,4,0.0,0,2,2,1,0,0,5
3240.1770477789687,4,21.75,0,2,1,4,0,0,7
3241.190396424965,4,9.5,0,0,1,6,0,0,7
3242.2041578550125,4,70.5,0,0,1,6,0,0,7
3243.218000335968,4,23.25,0,2,1,6,0,0,9
3244.232537088974,4,54.5,0,0,3,5,0,1,9
3245.2465978320106,4,23.5,0,0,2,6,0,0,8
3246.257957521011,4,47.75,0,0,2,6,0,0,8
3247.268964424962,4,63.0,0,0,1,6,1,0,8
3248.283123289002,4,70.75,0,0,1,5,0,0,6
3249.2968757729977,4,44.25,0,0,0,5,0,0,5
3250.310902562982,4,12.75,0,2,0,4,0,0,6
3251.324059852981,4,28.5,0,2,0,3,1,0,6
3252.337654586998,4,46.75,0,2,0,2,2,0,6
3253.3512786930078,4,47.0,0,0,1,3,0,0,4
3254.3656656029634,4,25.0,0,0,1,2,0,0,3
3255.378817248973,4,23.25,0,0,1,2,0,0,3
3256.390998739982,4,24.0,0,1,0,2,0,0,3
3257.404797440977,4,60.5,0,0,0,3,0,0,3
3258.4180589609896,4,69.75,1,0,0,3,0,0,3
3259.431782257976,4,70.5,2,0,0,3,0,0,3
3260.4452374550165,4,70.25,2,0,0,3,0,0,3
3261.459412091004,4,48.0,0,2,0,2,0,0,4
3262.473524061963,4,48.0,0,1,1,4,0,0,6
3263.4873484270065,4,23.5,0,0,0,6,0,0,6
3264.501403283968,4,69.75,0,0,0,6,0,0,6
3265.514972602017,4,46.25,0,0,0,3,0,1,4
3266.5291340539698,4,43.75,0,0,0,3,0,0,3
3267.5428069859627,4,23.5,0,0,0,2,0,0,2
3268.5565522619872,4,23.25,1,0,0,2,0,0,2
3269.5697864739923,4,23.25,3,0,0,2,0,0,2
3270.58333436097,4,24.0,3,0,0,2,0,0,2
3271.597019819019,4,17.0,0,3,0,0,0,0,3
3272.608913498989,4,0.0,0,1,1,2,0,0,4
3273.6208051469875,4,44.0,0,1,0,3,0,0,4
3274.631659433013,4,46.75,2,1,0,3,0,0,4
3275.6446642010123,4,46.75,2,1,0,3,0,0,4
3276.6582869159756,4,23.75,0,1,1,4,0,0,6
3277.670174796018,4,48.25,0,1,0,6,0,0,7
3278.684108784015,4,24.25,0,1,0,5,2,0,8
3279.6982109799865,4,46.5,0,1,0,4,0,3,8
3280.709471587965,4,24.0,0,0,1,3,1,0,5
3281.7233328169677,4,47.0,0,1,0,4,0,0,5
3282.7327502520056,4,0.0,0,0,0,4,0,0,4
3283.7457081169705,4,47.5,2,0,0,3,1,0,4
3284.759010169015,4,46.75,3,0,0,2,2,0,4
3285.772302558995,4,0.0,0,3,0,0,0,4,7
3286.7859734729864,4,23.5,0,0,0,3,0,0,3
3287.7980132310186,4,49.25,0,0,0,3,0,0,3
3288.8114631400094,4,46.75,0,1,0,2,0,0,3
3289.8255635569803,4,23.25,0,0,1,1,0,0,2
3290.838450398005,4,13.5,0,0,1,1,0,0,2
3291.852519920969,4,23.5,1,0,1,1,0,0,2
3292.8661030809744,4,23.5,3,0,1,1,0,0,2
3293.8795017169905,4,0.0,0,1,1,3,0,0,5
3294.892906132969,4,36.0,0,1,2,3,0,0,6
3295.905982455006,4,25.0,0,0,0,6,0,0,6
3296.9155031410046,4,47.5,0,0,0,6,0,0,6
3297.9278880769853,4,63.75,0,1,0,6,0,0,7
3298.9407773870043,4,71.25,1,1,0,5,1,0,7
3299.952551496972,4,47.25,1,1,0,5,1,0,7
3300.9614811369684,4,46.75,0,1,0,6,0,0,7
3301.974938892992,4,49.25,0,0,0,7,0,0,7
3302.9866063829977,4,23.5,0,0,0,6,0,0,6
3304.00021667697,4,46.75,1,0,0,5,1,0,6
3305.0143843729747,4,46.75,0,1,0,4,0,0,5
3306.025938212988,4,70.0,0,1,0,3,0,0,4
3307.0399366329657,4,6.5,0,0,0,3,0,0,3
3308.049221893016,4,39.5,0,0,0,3,0,0,3
3309.0605490679736,4,23.75,0,0,0,1,2,0,3
3310.0709773239796,4,23.25,0,0,0,0,0,0,0
3311.0845848509925,4,0.0,0,0,0,0,0,0,0
3312.0936080759857,4,0.0,0,0,0,0,0,0,0
3313.106737304013,4,0.0,1,0,0,0,0,0,0
3314.1202976870118,4,0.0,0,0,1,0,0,0,1
3315.1340914409957,4,0.0,1,0,1,0,0,0,1
3316.1475920209778,4,24.75,0,2,0,2,0,0,4
3317.161124493985,4,24.0,0,2,0,2,0,0,4
3318.1680511030136,4,23.0,0,2,0,2,0,0,4
3319.1814669069718,4,23.5,0,1,0,2,0,1,4
3320.1950246209744,4,47.25,0,0,1,2,0,0,3
3321.2063227570034,4,48.0,0,0,0,3,0,0,3
3322.220107685018,4,45.5,0,0,0,3,0,0,3
3323.239382383006,4,70.5,1,0,0,2,1,0,3
3324.365149538964,4,11.5,0,0,1,1,0,0,2
3325.3789923589793,4,24.25,0,1,1,3,0,0,5
3326.392572053999,4,22.5,1,0,0,5,0,0,5
3327.4061305089854,4,47.25,2,0,0,5,0,0,5
3328.4180533559993,4,46.75,2,0,0,5,0,0,5
3329.429686190968,4,42.75,0,2,2,5,0,0,9
3330.4410369649995,4,46.5,0,0,0,7,0,0,7
3331.454911433975,4,70.5,0,0,0,5,2,0,7
3332.466839811008,4,70.5,0,2,0,5,0,2,9
3333.480758361984,4,56.0,0,2,0,3,2,0,7
3334.4940407769755,4,32.5,2,2,0,2,3,0,7
3335.507703970012,4,24.0,3,2,0,2,1,2,7
3336.5211340539972,4,23.75,0,3,0,4,0,0,7
3337.5348470680183,4,71.75,0,1,0,7,0,0,8
3338.548432465992,4,63.25,0,1,0,8,0,0,9
3339.561945521971,4,70.75,1,1,0,6,2,0,9
3340.5759272339637,4,46.25,0,0,1,6,0,0,7
3341.589695000963,4,70.25,0,2,0,6,0,0,8
3342.603355254978,4,34.0,0,0,0,8,0,0,8
3343.6197295180173,4,70.75,2,0,0,8,0,0,8
3344.631000161986,4,71.0,3,0,0,5,3,0,8
3345.6478656749823,4,40.25,3,0,0,2,6,0,8
3346.6602383549907,4,23.25,0,1,1,4,0,0,6
3347.674166025012,4,47.5,0,1,0,6,0,0,7
3348.687728360994,4,47.75,0,0,0,7,0,0,7
3349.704588913999,4,70.0,0,0,0,6,1,0,7
3350.718598401989,4,70.5,0,0,0,5,2,0,7
3351.732027976017,4,71.75,1,0,0,5,2,0,7
3352.7457758790115,4,70.25,0,1,0,4,0,2,7
3353.7577368880156,4,70.75,0,1,1,3,0,1,6
3354.7696252220194,4,34.75,0,0,1,3,0,0,4
3355.7833755079773,4,43.0,0,0,1,4,0,0,5
3356.796218405012,4,23.25,1,0,0,5,0,0,5
3357.8105720540043,4,47.25,1,0,0,2,3,0,5
3358.8247982030152,4,24.25,1,0,0,2,3,0,5
3359.838759873004,4,23.5,0,3,0,0,0,0,3
3360.853005044977,4,23.0,0,0,2,2,0,0,4
3361.8655663210084,4,23.5,0,0,0,4,0,0,4
3362.879817059962,4,47.5,0,0,0,4,0,0,4
3363.8932476849877,4,70.25,0,0,0,3,0,0,3
3364.9068383969716,4,46.5,0,0,0,3,0,0,3
3365.9208869059803,4,43.25,0,2,0,3,0,0,5
3366.9321840509656,4,47.5,0,1,1,3,0,0,5
3367.946214805008,4,18.75,0,0,0,5,0,0,5
3368.957726060995,4,46.25,0,1,0,3,2,0,6
3369.969880744,4,47.0,0,1,0,2,3,0,6
3370.9807750170003,4,23.25,1,1,0,2,0,3,6
3371.9929127439973,4,23.25,0,3,0,3,0,0,6
3373.0038829590194,4,43.25,0,0,0,5,0,1,6
3374.017891364987,4,46.75,0,0,0,5,0,0,5
3375.0303201579954,4,70.25,0,0,0,5,0,0,5
3376.0440521899727,4,23.75,0,0,0,4,0,0,4
3377.0578295089654,4,27.25,0,0,0,2,0,0,2
3378.0702248049784,4,0.0,0,0,0,2,0,0,2
3379.0838334970176,4,23.25,0,0,0,2,0,0,2
3380.098022671009,4,23.5,0,0,0,1,1,0,2
3381.113597007992,4,23.0,1,0,0,1,1,0,2
3382.1258129609632,4,23.25,0,2,0,0,0,2,4
3383.1371159799746,4,5.5,0,0,0,2,0,0,2
3384.150691924966,4,47.25,0,0,0,2,0,0,2
3385.164819728001,4,11.0,1,0,0,2,0,0,2
3386.1783579799812,4,47.0,3,0,0,2,0,0,2
3387.192095935985,4,46.0,0,1,2,2,0,0,5
3388.203258304973,4,23.5,0,1,1,2,1,0,5
3389.217135325016,4,23.0,1,1,1,2,1,0,5
3390.229976083967,4,22.75,0,2,0,4,0,0,6
3391.243866693985,4,46.75,0,1,1,4,0,0,6
3392.2578129040194,4,67.75,0,2,0,5,0,0,7
3393.271260303969,4,47.25,0,0,0,7,0,0,7
3394.2857103539864,4,50.5,0,0,1,7,0,0,8
3395.2992419530055,4,35.25,0,0,1,7,0,0,8
3396.3132449699915,4,47.25,0,0,0,8,0,0,8
3397.327006403997,4,59.25,0,0,0,6,0,0,6
3398.340089723002,4,71.25,0,0,0,6,0,0,6
3399.3508807379985,4,69.0,1,0,0,4,2,0,6
3400.3645220010076,4,23.25,2,0,0,2,4,0,6
3401.3771631289856,4,12.75,0,1,2,0,0,0,3
3402.3907124429825,4,0.0,0,0,0,3,0,0,3
3403.404479423014,4,48.25,2,0,0,3,0,0,3
3404.41838271101,4,24.0,0,2,0,4,0,0,6
3405.4323399859713,4,66.25,0,0,0,5,0,0,5
3406.4457128709764,4,94.75,0,0,0,4,0,0,4
3407.4568764889846,4,94.25,0,1,0,4,0,0,5
3408.4704404280055,4,68.0,1,1,1,4,0,0,6
3409.4842069330043,4,93.75,1,2,1,4,0,0,7
3410.4977601710125,4,70.25,1,2,1,3,1,0,7
3411.5121206960175,4,38.25,1,2,1,2,0,2,7
3412.5256043779664,4,24.5,0,1,1,5,0,0,7
3413.53781431698,4,48.75,0,0,0,4,0,0,4
3414.552213946008,4,47.75,1,0,0,4,0,0,4
3415.565904957999,4,47.5,2,0,0,4,0,0,4
3416.579842983978,4,23.0,0,0,1,5,0,0,6
3417.590639611997,4,46.5,0,0,0,5,0,0,5
3418.604465112963,4,49.25,0,0,0,5,0,0,5
3419.616447053966,4,70.75,0,0,0,5,0,0,5
3420.6278759050183,4,70.5,0,0,0,4,0,0,4
3421.6420308160014,4,46.5,0,0,0,4,0,0,4
3422.6551461599884,4,10.75,0,1,0,1,0,1,3
3423.668719825975,4,23.25,1,1,0,1,0,1,3
3424.6825071269996,4,23.25,0,2,1,2,0,0,5
3425.6934329959913,4,23.5,1,2,0,2,1,0,5
3426.7054082339746,4,23.25,0,1,1,3,0,0,5
3427.718922283966,4,47.0,0,1,1,3,0,0,5
3428.733092711016,4,47.5,0,1,1,2,1,0,5
3429.746800844965,4,24.0,0,0,1,3,0,0,4
3430.7603992539807,4,17.75,0,0,0,4,0,0,4
3431.7738221519976,4,45.25,0,1,0,4,0,0,5
3432.787522186991,4,46.25,0,1,0,3,1,0,5
3433.8012295310036,4,47.0,0,1,0,4,0,0,5
3434.8150958659826,4,15.75,0,1,0,2,2,0,5
3435.828662574,4,23.0,0,1,0,2,2,0,5
3436.840123642003,4,22.25,2,1,0,1,1,2,5
3437.8536203519907,4,26.5,0,2,0,2,0,0,4
3438.867617062002,4,23.75,0,1,0,4,0,0,5
3439.88034317398,4,23.25,2,0,1,4,0,0,5
3440.894772604981,4,23.5,3,0,1,3,1,0,5
3441.9087452910026,4,19.25,0,2,1,4,0,0,7
3442.9209009130136,4,70.5,0,1,0,5,0,0,6
3443.9346610049834,4,70.75,0,1,0,5,0,0,6
3444.9961963910027,4,23.5,0,0,1,4,0,0,5
3446.0570581229986,4,18.25,0,0,1,4,0,0,5
3447.073501417006,4,37.75,0,0,1,4,0,0,5
3448.0869287989917,4,46.75,0,1,0,2,3,0,6
3449.1008324249997,4,42.5,0,2,0,3,0,0,5
3450.115480331995,4,24.75,0,2,0,3,0,0,5
3451.1291792559787,4,44.0,0,0,2,3,0,0,5
3452.1428659110097,4,11.75,0,0,2,3,0,0,5
3453.1590455879923,4,46.5,2,0,2,3,0,0,5
3454.1727141810115,4,41.75,0,2,0,4,0,0,6
3455.1843789889826,4,46.0,0,2,0,4,0,0,6
3456.1975802099914,4,21.5,0,0,2,5,0,0,7
3457.2117315389914,4,37.25,0,0,0,6,0,0,6
3458.2252802610165,4,62.25,0,1,0,7,0,0,8
3459.2378492290154,4,67.5,0,0,0,7,0,0,7
3460.2513991160085,4,49.0,0,0,0,6,0,1,7
3461.2652205560007,4,72.0,0,2,0,4,0,0,6
3462.2789631789783,4,49.5,0,1,1,4,0,0,6
3463.291392159008,4,23.5,0,0,0,6,0,0,6
3464.304823148006,4,43.75,0,0,0,6,0,0,6
3465.3187592980103,4,52.25,0,1,0,6,0,0,7
3466.332133635995,4,70.75,1,1,0,5,1,0,7
3467.345673677977,4,70.75,0,3,0,4,0,1,8
3468.359396934975,4,22.5,1,2,0,4,1,0,7
3469.3710379889817,4,48.5,0,1,1,5,0,0,7
3470.382525240013,4,46.5,0,1,1,5,0,0,7
3471.3945733119617,4,70.0,0,0,0,6,0,0,6
3472.4100533240126,4,56.25,2,1,0,5,1,0,7
3473.4235094150063,4,94.0,3,1,0,4,2,0,7
3474.4375282289693,4,47.5,3,1,0,3,3,0,7
3475.4515173700056,4,47.0,0,5,0,3,0,0,8
3476.461692033976,4,37.0,0,1,2,5,0,0,8
3477.4737064520014,4,70.0,0,0,3,6,0,0,9
3478.4875551019795,4,74.25,0,0,3,4,2,0,9
3479.5014311039704,4,70.25,0,2,3,3,0,3,11
3480.5155168980127,4,24.5,0,1,1,6,0,1,9
3481.5304259689874,4,67.25,0,0,1,8,0,0,9
3482.544094495999,4,94.0,0,0,0,8,1,0,9
3483.558119672991,4,64.5,0,1,0,7,0,0,8
3484.5717498479644,4,60.0,0,0,0,7,0,0,7
3485.5863928229664,4,37.0,0,0,0,6,0,0,6
3486.6002068399685,4,46.5,0,0,0,6,0,0,6
3487.60912588099,4,48.75,0,0,0,6,0,0,6
3488.620356952015,4,46.25,1,0,0,4,2,0,6
3489.6339436540147,4,47.75,0,2,0,2,0,0,4
3490.6476034849766,4,46.0,0,0,1,1,0,0,2
3491.6611882909783,4,2.5,1,0,1,1,0,0,2
3492.6755488499766,4,48.25,0,1,0,4,0,0,5
3493.689443651994,4,72.75,0,0,0,5,0,0,5
3494.703069110983,4,23.5,0,1,0,4,0,0,5
3495.7165221499745,4,3.75,0,1,0,4,0,0,5
3496.7275149800116,4,46.75,0,1,0,4,0,0,5
3497.7415929159615,4,47.0,1,1,0,3,1,0,5
3498.7518869619817,4,46.25,1,1,0,3,1,0,5
3499.7656694150064,4,46.25,0,2,2,2,0,0,6
3500.7887802429614,4,27.75,0,0,1,5,0,0,6
3501.8024027160136,4,53.25,0,0,0,4,2,0,6
3502.816087613988,4,46.5,0,0,0,4,0,0,4
3503.825565624982,4,23.75,0,1,0,4,0,0,5
3504.837919245998,4,42.25,0,0,0,4,0,0,4
3505.8514494120027,4,46.75,0,0,0,4,0,0,4
3506.865800624015,4,46.75,0,0,0,4,0,0,4
3507.87989767798,4,22.0,2,0,0,3,1,0,4
3508.893147825962,4,46.5,0,0,2,2,0,0,4
3509.9026822060114,4,0.0,1,0,2,2,0,0,4
3510.916447128984,4,0.0,3,0,2,0,2,0,4
3511.930130518973,4,20.5,4,1,0,2,0,2,5
3512.943485001975,4,46.75,4,1,0,2,0,2,5
3513.959653104015,4,38.5,0,0,2,5,0,0,7
3514.9735319929896,4,47.25,0,0,0,7,0,0,7
3515.9871768869925,4,70.5,0,0,0,6,0,0,6
3517.0009357089875,4,69.25,0,0,0,5,1,0,6
3518.0146439609816,4,66.25,0,1,0,5,0,0,6
3519.028445623,4,70.25,1,1,0,4,1,0,6
3520.039337928989,4,70.5,2,1,0,4,1,0,6
3521.0534558469662,4,69.5,0,3,1,3,0,1,8
3522.064709113969,4,0.25,0,3,0,3,0,1,7
3523.0769740680116,4,41.5,0,0,0,4,0,0,4
3524.0905223250156,4,23.25,1,0,0,4,0,0,4
3525.1043311689864,4,46.25,1,0,0,4,0,0,4
3526.117665919999,4,35.0,0,1,2,3,0,0,6
3527.1318941889913,4,24.5,2,1,1,4,0,0,6
3528.1455821429845,4,70.25,0,4,0,5,0,0,9
3529.159046300978,4,66.5,0,4,0,4,1,0,9
3530.170202401001,4,47.75,0,0,3,5,0,0,8
3531.185357016977,4,69.5,1,0,2,6,0,0,8
3532.198940819013,4,70.0,0,2,0,6,0,0,8
3533.211916869972,4,47.25,0,3,0,6,0,0,9
3534.2258152290015,4,71.0,0,3,0,5,1,0,9
3535.239614776976,4,46.5,0,3,0,3,3,0,9
3536.253263719962,4,46.0,0,1,2,2,0,0,5
3537.2662824629806,4,49.25,0,0,0,5,0,0,5
3538.279932126985,4,61.5,0,1,0,5,0,0,6
3539.287580994016,4,49.0,2,1,0,5,0,0,6
3540.3015679310192,4,70.25,0,0,0,7,0,0,7
3541.312081864977,4,66.75,1,0,0,5,1,1,7
3542.326493437984,4,23.0,0,0,1,5,0,0,6
3543.3359026730177,4,47.75,0,0,0,6,0,0,6
3544.34699368797,4,47.5,0,0,0,5,1,0,6
3545.3612616409664,4,47.75,0,0,0,3,3,0,6
3546.3728791889735,4,46.5,0,2,0,2,1,0,5
3547.387362067995,4,40.5,0,0,0,4,0,0,4
3548.400778345007,4,23.0,0,0,0,3,0,0,3
3549.412548038992,4,46.25,0,0,0,2,1,0,3
3550.4261275079916,4,23.5,0,0,0,1,0,0,1
3551.438472387963,4,23.25,1,0,0,1,0,0,1
3552.4505087360158,4,23.25,0,1,0,1,0,0,2
3553.4641038139816,4,0.0,0,0,0,2,0,0,2
3554.4777703079744,4,15.25,0,0,1,3,0,0,4
3555.4918954189634,4,24.0,1,0,1,2,1,0,4
3556.5054680510075,4,24.25,1,0,1,2,1,0,4
3557.519278123975,4,24.5,2,1,0,3,0,1,5
3558.5323737330036,4,24.0,3,1,0,3,0,1,5
3559.546238892013,4,14.0,0,1,0,6,0,0,7
3560.5572871629847,4,47.25,0,2,0,5,0,0,7
3561.5728901940165,4,28.25,0,0,1,6,0,0,7
3562.5872207169887,4,70.5,2,0,1,5,0,1,7
3563.6001679070177,4,39.25,0,3,0,6,0,0,9
3564.614176305011,4,26.5,0,0,2,5,1,0,8
3565.6282015449833,4,29.75,0,0,0,7,0,1,8
3566.6393161030137,4,47.0,0,0,0,6,0,0,6
3567.669887675962,4,8.25,0,1,0,5,0,0,6
3568.682359308994,4,40.75,0,1,1,5,0,0,7
3569.6962291829986,4,71.0,2,1,1,4,1,0,7
3570.706912281981,4,47.5,5,1,1,2,3,0,7
3571.7194214990013,4,11.75,0,5,2,4,0,0,11
3572.73362351401,4,48.5,0,1,2,9,0,1,13
3573.747041766008,4,94.0,0,2,1,7,0,3,13
3574.760985012981,4,89.75,0,2,1,3,4,2,12
3575.770319994015,4,46.25,0,1,0,4,0,0,5
3576.783831584966,4,46.5,0,1,0,5,0,0,6
3577.797546718968,4,69.5,4,2,1,4,1,0,8
3578.8112825799617,4,48.25,0,5,2,3,2,1,13
3579.8233863959904,4,46.0,1,5,1,3,1,3,13
3580.8354167969665,4,64.5,0,1,4,5,0,0,10
3581.8511312439805,4,61.75,0,0,2,9,0,0,11
3582.86511641799,4,97.75,0,0,0,9,1,0,10
3583.8787345570163,4,96.0,0,0,0,7,3,0,10
3584.8927387219737,4,95.25,0,0,0,7,3,0,10
3585.906542620971,4,93.5,0,0,0,6,3,1,10
3586.9209175549913,4,45.5,0,0,0,3,0,0,3
3587.9349158540135,4,23.25,0,1,0,3,0,0,4
3588.945754143002,4,24.0,0,2,0,2,2,0,6
3589.9553117569885,4,23.25,0,2,0,2,1,1,6
3590.969541441009,4,23.0,1,0,0,4,0,1,5
3591.983010569995,4,58.25,1,0,0,2,2,1,5
3592.997119352978,4,46.75,1,0,0,2,1,1,4
3594.0112174769747,4,45.75,0,1,0,2,0,0,3
3595.0250926929875,4,1.0,0,0,0,2,0,0,2
3596.038903872017,4,12.5,1,0,0,2,0,0,2
3597.050727400987,4,24.25,0,2,0,2,0,0,4
3598.0644810039666,4,23.5,0,2,0,2,0,0,4
3599.074978863995,4,23.0,0,2,0,1,1,0,4
3600.085440235969,4,23.5,0,2,0,0,0,2,4
3601.0963886099635,4,5.5,0,0,1,1,0,2,4
3602.1099659829633,4,23.5,0,1,1,1,0,0,3
3603.1236427419935,4,23.25,0,0,1,1,1,0,3
3604.1372449379996,4,11.75,0,0,0,3,0,0,3
3605.1509569669724,4,41.0,1,1,0,3,0,0,4
3606.1647308680112,4,47.0,1,1,0,3,0,0,4
3607.178526707983,4,46.75,1,1,0,3,0,0,4
3608.1921584489755,4,47.5,1,1,0,3,0,0,4
3609.206019900972,4,46.75,0,3,0,3,0,0,6
3610.219263267005,4,25.0,0,0,3,2,0,0,5
3611.2346580899903,4,37.5,0,1,0,5,0,0,6
3612.2485491759726,4,21.75,2,1,0,5,0,0,6
3613.2624642960145,4,47.5,3,1,0,4,1,0,6
3614.275492521003,4,47.5,3,1,0,4,1,0,6
3615.286300515989,4,47.0,0,3,0,4,0,0,7
3616.300332322018,4,41.75,0,0,2,6,0,0,8
3617.3158989209915,4,70.25,1,0,0,8,0,0,8
3618.3281026610057,4,70.5,0,0,1,8,0,0,9
3619.340387801989,4,66.25,0,0,2,7,0,0,9
3620.352071755973,4,70.25,0,0,2,6,1,0,9
3621.3660517070093,4,47.5,0,0,1,5,0,1,7
3622.379801914969,4,23.75,0,0,1,4,0,1,6
3623.394110424968,4,46.5,0,0,0,5,0,0,5
3624.4059621630004,4,70.0,0,0,0,4,1,0,5
3625.4178828310105,4,36.5,0,0,0,4,0,0,4
3626.4300236710114,4,23.75,1,0,0,0,4,0,4
3627.4431748840143,4,0.0,1,0,0,0,4,0,4
3628.4567855339847,4,23.5,0,0,0,1,0,0,1
3629.470611040015,4,0.0,0,1,2,1,0,0,4
3630.484600963013,4,24.0,0,1,2,1,0,0,4
3631.4983874299796,4,24.0,1,1,2,1,0,0,4
3632.5085724840173,4,24.5,0,0,1,5,0,0,6
3633.520162826986,4,71.0,0,0,0,6,0,0,6
3634.531851711974,4,46.25,0,0,0,5,1,0,6
3635.545601474005,4,47.0,0,1,0,5,0,1,7
3636.5591629359988,4,46.5,0,0,1,4,0,0,5
3637.57109990099,4,65.0,0,2,0,4,0,1,7
3638.582754837,4,70.5,0,3,1,4,0,0,8
3639.5961497880053,4,25.25,0,2,0,5,1,0,8
3640.607532495982,4,44.75,0,2,0,5,0,0,7
3641.6212895599892,4,47.5,0,2,0,5,0,0,7
3642.635298779991,4,69.5,0,2,0,3,2,0,7
3643.6492081489996,4,46.5,0,2,0,1,4,0,7
3644.662784056971,4,23.5,0,2,0,1,0,4,7
3645.674496183987,4,46.5,0,2,0,2,0,0,4
3646.688959583,4,23.25,0,4,1,2,0,0,7
3647.7051229469944,4,41.25,2,3,2,2,0,0,7
3648.7189145549783,4,24.5,0,6,1,5,0,0,12
3649.7315722939675,4,70.0,1,6,1,3,2,0,12
3650.745244185964,4,26.75,0,2,1,7,0,1,11
3651.7589469290106,4,48.25,0,3,1,6,0,0,10
3652.77089848998,4,47.5,0,1,2,8,0,0,11
3653.784571793978,4,71.75,0,2,0,7,1,1,11
3654.7981545630028,4,63.25,0,0,0,5,0,1,6
3655.810584473016,4,71.0,1,0,0,5,0,0,5
3656.824273027014,4,71.75,0,0,2,4,0,0,6
3657.838310131978,4,34.25,0,0,1,5,0,0,6
3658.8523526329664,4,70.5,0,0,1,4,1,0,6
3659.86609967798,4,69.5,0,1,1,3,0,0,5
3660.8799059930025,4,46.75,0,1,2,2,0,0,5
3661.893432726967,4,71.25,0,1,1,4,0,0,6
3662.9061590319616,4,44.75,0,2,0,4,0,0,6
3663.9199643149623,4,47.25,0,0,1,4,0,0,5
3664.9321414409787,4,49.0,1,0,0,4,1,0,5
3665.944102772977,4,46.75,0,2,0,4,0,0,6
3666.957959332969,4,71.5,0,0,2,5,0,0,7
3667.9693656960153,4,49.75,0,1,0,7,0,0,8
3668.9831876030075,4,47.0,0,1,0,7,0,0,8
3669.996501919988,4,70.5,0,1,0,6,1,0,8
3671.009744912968,4,46.75,2,1,0,5,2,0,8
3672.0206616430078,4,24.25,0,2,0,6,0,0,8
3673.034573209996,4,66.25,0,0,1,8,0,0,9
3674.0485115689808,4,0.0,0,4,0,8,0,1,13
3675.0621702600038,4,50.25,1,5,2,8,1,0,16
3676.075541810016,4,57.5,1,4,1,11,0,0,16
3677.0869285980007,4,24.75,1,1,3,11,0,1,16
3678.099266951962,4,86.5,1,2,0,14,0,0,16
3679.110936811019,4,84.75,1,2,0,7,7,0,16
3680.121843701985,4,70.5,1,2,0,4,10,0,16
3681.132781889988,4,46.75,0,3,0,4,0,3,10
3682.14746396197,4,24.25,1,0,1,6,0,0,7
3683.161107125983,4,46.75,0,1,0,5,2,0,8
3684.1770872249617,4,60.25,0,0,0,5,0,0,5
3685.1909242050024,4,70.5,2,0,0,3,1,0,4
3686.204619868018,4,47.0,2,0,0,3,1,0,4
3687.2107323830132,4,46.5,2,0,0,2,2,0,4
3688.2224053419777,4,42.5,0,4,0,2,0,1,7
3689.272016803967,4,46.0,1,4,0,2,0,1,7
3690.3267085140105,4,18.0,0,5,0,1,0,1,7
3691.3403041170095,4,50.5,1,4,0,3,0,0,7
3692.354084724968,4,68.5,0,0,2,5,0,0,7
3693.3667967189685,4,74.0,1,0,2,5,0,0,7
3694.378132671991,4,70.0,0,2,2,5,0,0,9
3695.3917055689963,4,21.75,0,0,2,7,0,0,9
3696.405543500965,4,49.25,0,0,0,9,0,0,9
3697.416748735006,4,24.0,0,1,0,8,1,0,10
3698.4297876969795,4,71.5,1,1,0,8,1,0,10
3699.4434703540173,4,69.0,1,1,0,6,3,0,10
3700.4546534440015,4,71.5,3,1,0,3,5,1,10
3701.468450559012,4,23.5,0,2,2,2,0,0,6
3702.482229329995,4,23.0,0,1,1,4,0,0,6
3703.4962745509692,4,23.25,0,1,0,5,0,0,6
3704.5103424090194,4,27.5,0,2,0,6,0,0,8
3705.5239769229665,4,56.5,0,1,1,6,1,0,9
3706.5361279880162,4,59.25,0,0,1,7,0,0,8
3707.549574513978,4,50.25,0,0,0,8,0,0,8
3708.5637342829723,4,70.25,2,0,0,7,1,0,8
3709.5755779799656,4,48.25,2,0,0,7,1,0,8
3710.5892870299867,4,46.0,0,3,0,6,0,0,9
3711.60064124997,4,48.5,0,0,1,8,0,0,9
3712.6105493910145,4,32.75,0,0,0,9,0,0,9
3713.6243229840184,4,46.0,1,0,0,5,4,0,9
3714.637753399962,4,22.75,0,1,0,4,0,0,5
3715.6517853660043,4,20.0,0,2,0,3,0,0,5
3716.662967204,4,39.75,0,0,1,4,0,0,5
3717.676517211017,4,46.5,0,0,1,4,0,0,5
3718.6865394859924,4,47.5,4,0,1,4,0,0,5
3719.700855223986,4,46.75,0,4,0,5,0,0,9
3720.714751050982,4,46.25,0,4,0,2,3,0,9
3721.7289401380112,4,25.0,0,2,0,3,1,1,7
3722.7431751440163,4,23.5,1,2,0,0,1,0,3
3723.75720117701,4,25.0,0,2,1,1,0,0,4
3724.7710972090135,4,0.0,1,2,0,2,0,0,4
3725.7849744409905,4,23.5,3,2,0,1,1,0,4
3726.79860578198,4,23.75,3,2,0,1,1,0,4
3727.8120992889744,4,25.0,0,3,0,3,0,0,6
3728.8245810489752,4,69.25,0,3,0,3,0,0,6
3729.8381790679996,4,1.0,0,2,1,5,0,0,8
3730.85172398499,4,70.25,0,2,1,5,0,0,8
3731.865832217969,4,46.5,0,0,2,5,1,0,8
3732.8767897239886,4,70.5,1,0,2,5,1,0,8
3733.890777116001,4,70.5,0,1,0,7,0,0,8
3734.9041896800045,4,58.25,0,0,2,7,0,0,9
3735.9180429389817,4,67.5,0,1,1,7,0,0,9
3736.9316051040078,4,46.75,0,1,0,7,1,0,9
3737.943461315008,4,69.5,0,2,1,6,0,0,9
3738.9575492379954,4,64.5,0,2,0,6,0,1,9
3739.971596393967,4,41.5,0,0,0,6,1,1,8
3740.9840272499714,4,69.0,0,0,0,6,0,2,8
3741.9977845689864,4,70.0,0,0,0,4,2,2,8
3743.0114912440185,4,71.0,0,0,0,3,0,2,5
3744.0193098629825,4,47.25,0,1,0,3,0,0,4
3745.031257952971,4,56.5,0,2,0,2,0,1,5
3746.0454751030193,4,47.25,0,2,0,2,0,1,5
3747.0592758840066,4,1.25,0,0,0,3,0,0,3
3748.072958895995,4,20.25,0,0,0,3,0,0,3
3749.0871837759623,4,46.25,0,0,0,2,0,0,2
3750.1009806859656,4,51.5,1,0,0,2,0,0,2
3751.108120211982,4,23.0,2,0,0,1,1,0,2
3752.1215527110035,4,0.0,3,0,0,0,2,0,2
3753.1379579509958,4,0.0,0,0,0,3,0,0,3
3754.1516441779677,4,45.5,0,0,0,4,0,0,4
3755.165552899998,4,23.5,0,0,0,4,0,0,4
3756.179359791975,4,46.5,1,0,0,4,0,0,4
3757.190774724004,4,47.0,0,0,0,5,0,0,5
3758.2032962010126,4,22.75,0,0,0,4,0,0,4
3759.2162362819654,4,47.0,0,0,0,3,1,0,4
3760.2300577989663,4,46.5,0,0,0,3,1,0,4
3761.240955555986,4,47.0,1,0,0,3,1,0,4
3762.2545085899765,4,39.25,0,1,0,1,0,2,4
3763.2692631440004,4,23.0,0,1,0,1,0,0,2
3764.2831952719716,4,23.25,0,1,0,0,1,0,2
3765.296694207005,4,5.5,3,0,1,0,0,1,2
3766.3107200840022,4,0.0,0,2,0,4,0,0,6
3767.3229012250085,4,41.5,0,1,0,4,1,0,6
3768.333669464977,4,46.75,0,1,0,4,1,0,6
3769.347067712981,4,47.0,0,1,0,5,0,1,7
3770.361118661007,4,25.0,0,0,1,5,0,0,6
3771.3748998279916,4,21.25,0,1,0,6,0,0,7
3772.3883093729964,4,48.25,0,1,0,7,0,0,8
3773.400262876996,4,24.25,0,0,0,8,0,0,8
3774.413901897962,4,47.0,0,0,0,6,0,0,6
3775.427482764004,4,48.25,1,0,0,6,0,0,6
3776.441016468976,4,47.75,2,0,0,5,1,0,6
3777.4550898720045,4,47.0,2,0,0,3,3,0,6
3778.468537008972,4,47.25,3,0,0,2,4,0,6
3779.4828480689903,4,46.25,0,1,3,1,0,0,5
3780.4965028439765,4,3.75,0,0,1,3,0,0,4
3781.510393520992,4,15.5,1,1,0,4,0,0,5
3782.524149590987,4,23.25,1,1,0,4,0,0,5
3783.5351113569923,4,48.5,0,1,0,5,0,0,6
3784.548963969981,4,47.5,3,1,0,5,0,0,6
3785.562682259013,4,44.75,0,4,0,5,0,0,9
3786.5764510399895,4,44.25,0,2,3,5,0,0,10
3787.589885325986,4,28.0,0,1,1,9,0,0,11
3788.6037647309713,4,93.0,0,1,1,8,1,0,11
3789.617912385962,4,93.0,0,0,1,7,0,0,8
3790.632011239999,4,62.5,0,0,0,7,0,0,7
3791.6458271029987,4,48.25,0,0,0,7,0,0,7
3792.658388904005,4,48.25,0,0,0,5,2,0,7
3793.674847760005,4,69.25,1,0,0,3,4,0,7
3794.688779975986,4,70.75,1,0,0,3,4,0,7
3795.7022577319876,4,56.25,0,0,0,4,0,0,4
3796.7148663729895,4,70.75,0,0,0,4,0,0,4
3797.7280296899844,4,46.25,0,1,0,2,1,0,4
3798.742128439015,4,23.25,0,1,0,1,2,0,4
3799.7560003109975,4,0.0,0,1,0,2,0,0,3
3800.7698283700156,4,37.25,0,0,0,3,0,0,3
3801.783828729007,4,44.75,0,0,0,3,0,0,3
3802.7970591890044,4,47.0,0,0,0,3,0,0,3
3803.8110747439787,4,46.5,0,0,0,2,1,0,3
3804.823345150973,4,47.25,1,0,0,2,1,0,3
3805.8354876209632,4,47.0,0,5,0,2,0,0,7
3806.849231300992,4,35.25,0,1,3,3,0,1,8
3807.8620518469834,4,24.75,0,0,0,6,0,1,7
3808.8757768789656,4,46.5,3,0,0,3,3,1,7
3809.888054528972,4,46.75,5,0,0,3,3,1,7
3810.936592602986,4,23.5,0,6,0,3,0,3,12
3811.971607706975,4,13.75,2,7,0,3,0,3,13
3812.986507818976,4,23.0,0,9,0,2,0,1,12
3814.0006842779694,4,32.25,0,4,2,5,0,0,11
3815.0142812569975,4,0.0,0,1,4,4,1,1,11
3816.0322513459832,4,48.75,1,1,2,7,1,0,11
3817.0457903869683,4,29.25,0,1,2,5,0,0,8
3818.0591413879883,4,46.75,2,1,2,5,0,0,8
3819.078077443992,4,41.0,0,3,2,6,0,0,11
3820.092024963,4,23.25,0,3,2,4,0,2,11
3821.1060735299834,4,24.25,0,0,3,5,0,0,8
3822.117380930984,4,67.25,1,0,2,5,1,0,8
3823.1299743530108,4,55.75,0,2,1,4,1,0,8
3824.143366058008,4,27.0,1,2,1,4,1,0,8
3825.155903249979,4,41.75,0,1,1,5,0,0,7
3826.169531479012,4,46.5,0,1,0,5,0,0,6
3827.182802219002,4,72.25,0,0,0,5,0,1,6
3828.194389781973,4,38.0,0,0,0,5,0,1,6
3829.2077481310116,4,70.25,0,0,0,5,0,0,5
3830.2214611360105,4,70.5,0,0,0,4,1,0,5
3831.2342822700157,4,70.5,0,0,0,3,2,0,5
3832.244945549988,4,47.25,0,0,0,3,0,0,3
3833.2586168209673,4,47.0,0,1,0,1,0,0,2
3834.273014632985,4,24.75,0,1,0,2,0,0,3
3835.283959147986,4,23.25,1,1,0,1,1,0,3
3836.298269537976,4,23.25,2,1,0,1,0,1,3
3837.3120869930135,4,25.0,0,1,0,3,0,0,4
3838.326290671015,4,46.5,0,0,1,3,0,0,4
3839.3397365499986,4,47.75,2,0,1,3,0,0,4
3840.3535643159994,4,46.75,2,0,1,3,0,0,4
3841.363962570962,4,47.25,2,0,0,3,1,0,4
3842.3758122649742,4,35.5,0,3,0,2,0,0,5
3843.3878216809826,4,28.25,0,1,1,5,0,0,7
3844.40027923201,4,23.25,0,0,1,6,0,0,7
3845.413667267014,4,70.5,1,0,1,6,0,0,7
3846.427329514001,4,70.75,2,0,1,5,1,0,7
3847.4398866289994,4,70.25,3,0,1,5,1,0,7
3848.4537499810103,4,29.25,0,2,1,5,0,0,8
3849.4671681419713,4,48.5,0,2,1,6,0,0,9
3850.4796048359713,4,28.75,0,2,0,7,0,0,9
3851.4931295670103,4,47.0,1,2,0,5,2,0,9
3852.507097016962,4,40.5,0,3,1,3,0,1,8
3853.5219717989676,4,47.75,2,3,1,3,0,0,7
3854.5345999349956,4,46.5,2,3,1,2,1,0,7
3855.552195373981,4,45.5,0,2,3,2,1,0,8
3856.5656448719674,4,34.5,0,1,0,6,0,0,7
3857.5792220180156,4,56.25,2,1,0,4,2,0,7
3858.5932826150092,4,55.5,4,1,0,3,2,1,7
3859.607398604974,4,35.25,0,6,0,3,1,0,10
3860.6181132670026,4,21.0,0,1,4,5,0,0,10
3861.6305137199815,4,42.0,0,1,1,8,1,0,11
3862.644548251992,4,95.5,3,1,0,4,6,0,11
3863.6582549369778,4,46.5,4,1,0,4,6,0,11
3864.672197745007,4,46.5,5,1,0,2,8,0,11
3865.683798021986,4,37.25,0,4,2,3,0,0,9
3866.6976477680146,4,16.0,0,0,0,9,0,0,9
3867.7148680199753,4,28.0,0,0,0,6,0,3,9
3868.7281624890165,4,47.0,0,0,0,6,0,0,6
3869.741252445965,4,47.25,0,0,0,5,0,1,6
3870.7549791929778,4,70.0,0,0,0,3,2,1,6
3871.7687634910108,4,70.0,2,0,0,2,3,1,6
3872.7805655139964,4,47.0,0,1,1,2,0,0,4
3873.7946140290005,4,29.0,0,0,0,4,0,0,4
3874.8061287929886,4,23.5,0,1,0,2,1,0,4
3875.8195929729845,4,46.5,1,0,0,3,0,1,4
3876.831525528978,4,47.25,2,0,0,3,0,1,4
3877.8456510580145,4,34.25,0,0,0,6,0,0,6
3878.859367196972,4,11.0,0,0,0,6,0,0,6
3879.872472084011,4,47.0,0,0,0,5,1,0,6
3880.8866062780144,4,46.75,1,0,0,5,1,0,6
3881.8999534629984,4,23.5,1,0,0,1,5,0,6
3882.91339223698,4,8.75,3,0,0,0,0,6,6
3883.9255263810046,4,23.5,0,0,2,2,0,0,4
3884.9353328290163,4,7.25,0,0,0,4,0,0,4
3885.949112547969,4,40.5,0,0,0,4,0,0,4
3886.962827890995,4,46.5,0,0,0,2,2,0,4
3887.976474627969,4,46.25,0,0,0,2,2,0,4
3888.990399045986,4,47.0,0,2,0,2,0,0,4
3890.003906228987,4,34.75,0,0,1,4,0,0,5
3891.015026297013,4,36.5,0,1,0,5,0,0,6
3892.026421307004,4,18.0,0,1,0,4,1,0,6
3893.0397180669825,4,24.25,0,1,0,4,0,1,6
3894.050560781965,4,48.5,0,2,0,4,0,1,7
3895.0628056839923,4,26.75,0,0,1,5,0,0,6
3896.0728421490057,4,48.25,1,0,0,6,0,0,6
3897.0857416910003,4,47.25,1,0,0,6,0,0,6
3898.0993096849998,4,47.5,2,0,0,5,1,0,6
3899.1127802989795,4,48.0,3,0,0,5,1,0,6
3900.1248609189643,4,47.75,0,0,2,4,0,0,6
3901.13852214301,4,47.75,0,0,0,4,0,1,5
3902.149444543,4,23.5,1,0,0,3,1,0,4
3903.1632918620016,4,23.5,0,0,0,3,0,0,3
3904.1774404849857,4,46.0,0,0,0,2,1,0,3
3905.191089936008,4,46.0,1,0,0,2,1,0,3
3906.2051562439883,4,23.0,2,0,0,1,0,2,3
3907.218679921003,4,0.0,0,2,0,0,0,1,3
3908.2324118620018,4,7.25,0,0,0,2,0,0,2
3909.2448315660004,4,24.0,0,0,0,2,0,0,2
3910.2565634860075,4,23.25,0,0,0,2,0,0,2
3911.2697376019787,4,23.5,0,0,0,2,0,0,2
3912.2836968610063,4,23.5,1,0,0,2,0,0,2
3913.297378365998,4,23.25,1,0,0,2,0,0,2
3914.3103638659813,4,23.0,0,2,0,2,0,0,4
3915.324335351994,4,1.0,0,0,0,4,0,0,4
3916.3380749779753,4,24.0,0,0,0,4,0,0,4
3917.3527379059815,4,24.0,0,0,0,3,0,1,4
3918.366074037971,4,16.25,0,0,0,2,0,0,2
3919.37984133797,4,23.25,0,2,0,2,0,0,4
3920.3932550019817,4,4.25,0,1,1,2,0,0,4
3921.4069387270138,4,47.75,0,1,1,1,1,0,4
3922.420372919005,4,23.5,0,1,1,1,1,0,4
3923.4341613979777,4,23.5,0,1,1,1,0,0,3
3924.4465394130093,4,24.5,0,0,0,3,0,0,3
3925.4596200259984,4,46.0,0,0,0,3,0,0,3
3926.4719917419716,4,23.5,0,0,0,3,0,0,3
3927.4831117839785,4,46.75,0,0,0,1,2,0,3
3928.4961472969735,4,23.5,0,0,0,1,2,0,3
3929.5095938179875,4,23.5,0,0,0,1,0,2,3
3930.521900694992,4,23.5,0,0,0,1,0,0,1
3931.53552032297,4,23.25,0,0,0,0,0,0,0
3932.548467859975,4,0.0,0,0,0,0,0,0,0
3933.567205499974,4,0.0,5,0,0,0,0,0,0
3934.5816049390123,4,0.0,9,0,0,0,0,0,0
3935.5942299870076,4,34.75,0,2,2,6,0,0,10
3936.605880295974,4,31.25,0,0,0,7,0,0,7
3937.6199097830104,4,27.5,0,0,0,1,6,0,7
3938.633456767013,4,23.5,0,0,0,1,6,0,7
3939.6472269819933,4,23.5,0,0,0,1,4,2,7
3940.663874826976,4,23.5,0,0,0,1,0,0,1
3941.6761197010055,4,0.0,0,0,0,1,0,0,1
3942.689926379011,4,2.5,0,0,0,1,0,0,1
3943.703454950999,4,17.75,0,0,0,1,0,0,1
3944.717481394997,4,23.5,0,0,0,0,1,0,1
3945.7311168329907,4,0.0,0,0,0,0,1,0,1
3946.74443771597,4,0.0,0,0,0,0,0,0,0
3947.7587035850156,4,0.0,0,0,0,0,0,0,0
3948.771682763996,4,0.0,0,0,0,0,0,0,0
3949.785834800976,4,0.0,0,0,0,0,0,0,0
3950.799690793967,4,0.0,0,0,0,0,0,0,0
3951.813511550019,4,0.0,0,0,0,0,0,0,0
3952.8272065609926,4,0.0,0,1,0,0,0,0,1
3953.8396000189823,4,0.0,4,1,0,0,0,0,1
3954.8532937819837,4,0.0,0,7,1,0,0,0,8
3955.866334452003,4,0.0,3,9,1,0,0,0,10
3956.8799560929765,4,0.0,7,9,0,1,0,0,10
3957.892536347965,4,0.0,4,12,4,0,0,0,16
3958.9050179609912,4,0.0,4,7,5,4,0,0,16
3959.920965058962,4,1.25,7,5,4,6,1,0,16
3960.9342591669993,4,26.5,2,2,4,10,0,0,16
3961.9477888639667,4,43.5,1,2,0,8,6,0,16
3962.9612918130006,4,36.25,0,1,1,3,0,0,5
3963.9713691289653,4,41.5,1,0,0,4,1,0,5
3964.9852551560034,4,23.5,1,0,0,1,4,0,5
3965.995833079971,4,14.5,1,0,0,0,5,0,5
3967.009656351991,4,0.0,0,0,1,0,0,0,1
