offset_s,phase,queue_depth,active_requests,ready_capacity,ready_instances,pending_instances,action,outcome,successful_native_occupancy
22.267367905005813,before_first_failure,2,2,2,1,0,scale_up,activation_scheduled,0
24.35623822902562,before_first_failure,2,2,2,1,1,scale_up,activation_scheduled,2
26.389346304989886,before_first_failure,1,2,2,1,2,scale_up,activation_scheduled,2
28.44893288501771,before_first_failure,0,2,2,1,3,no_action,no_action,2
30.54963114700513,before_first_failure,0,2,2,1,3,no_action,no_action,2
32.64224885398289,before_first_failure,0,1,2,1,3,no_action,no_action,1
34.66549504798604,before_first_failure,0,0,2,1,3,no_action,no_action,0
36.677776850992814,before_first_failure,0,1,2,1,3,no_action,no_action,1
38.737814047024585,before_first_failure,1,2,2,1,3,no_action,no_action,2
40.81760479300283,before_first_failure,2,2,2,1,3,no_action,no_action,2
42.829247808025684,before_first_failure,5,2,2,1,3,no_action,no_action,2
44.92976169002941,before_first_failure,5,1,2,1,3,no_action,no_action,1
47.019852114026435,before_first_failure,4,2,2,1,3,no_action,no_action,2
49.06609022698831,before_first_failure,3,2,2,1,3,no_action,no_action,2
51.096867999993265,before_first_failure,5,2,2,1,3,no_action,no_action,2
53.177312100015115,before_first_failure,6,2,2,1,3,no_action,no_action,2
55.25180114299292,before_first_failure,6,2,2,1,3,no_action,no_action,2
57.28761772898724,before_first_failure,8,2,2,1,3,no_action,no_action,2
59.31147458398482,before_first_failure,10,2,2,1,3,no_action,no_action,2
61.36440851801308,before_first_failure,12,2,2,1,3,no_action,no_action,2
63.38067701499676,before_first_failure,12,2,2,1,3,no_action,no_action,2
65.429107716016,before_first_failure,12,2,2,1,3,no_action,no_action,0
67.50133076502243,before_first_failure,13,2,2,1,3,no_action,no_action,2
69.52414376102388,before_first_failure,12,2,2,1,3,no_action,no_action,2
71.61718880798435,before_first_failure,8,6,6,3,1,no_action,no_action,4
73.64045577001525,before_first_failure,6,8,8,4,0,no_action,no_action,6
75.66662345500663,before_first_failure,6,7,8,4,0,no_action,no_action,7
77.70071313600056,before_first_failure,3,8,8,4,0,no_action,no_action,8
79.7451307590236,before_first_failure,3,6,8,4,0,no_action,no_action,5
81.82540144602535,before_first_failure,1,7,8,4,0,no_action,no_action,6
83.83981013897574,before_first_failure,2,8,8,4,0,no_action,no_action,7
85.88710225798422,before_first_failure,2,8,8,4,0,no_action,no_action,8
88.0032247750205,before_first_failure,1,8,8,4,0,no_action,no_action,6
90.43600370298373,before_first_failure,1,8,8,4,0,no_action,no_action,6
92.50733649602626,before_first_failure,0,4,8,4,0,no_action,no_action,3
94.61442508798791,before_first_failure,1,7,8,4,0,no_action,no_action,5
96.69703530299012,before_first_failure,0,6,8,4,0,no_action,no_action,5
98.7041181519744,before_first_failure,1,8,8,4,0,no_action,no_action,7
100.7684833239764,before_first_failure,0,7,8,4,0,no_action,no_action,5
102.85539684200194,before_first_failure,1,6,8,4,0,no_action,no_action,3
104.89480184100103,before_first_failure,0,5,8,4,0,no_action,no_action,5
107.28867025801446,before_first_failure,0,7,8,4,0,no_action,no_action,4
109.38302719802596,before_first_failure,0,7,8,4,0,no_action,no_action,5
111.42309408000438,before_first_failure,0,6,8,4,0,no_action,no_action,5
113.47935475700069,before_first_failure,0,2,8,4,0,no_action,no_action,2
115.50917330599623,before_first_failure,0,1,8,4,0,no_action,no_action,1
117.57328847597819,before_first_failure,0,1,8,4,0,no_action,no_action,1
119.59288708597887,before_first_failure,0,4,8,4,0,no_action,no_action,1
121.61376229999587,before_first_failure,0,4,8,4,0,no_action,no_action,3
123.74503444501897,before_first_failure,0,3,8,4,0,no_action,no_action,3
125.81092401198111,before_first_failure,1,4,8,4,0,no_action,no_action,4
127.81237778102513,before_first_failure,0,4,8,4,0,no_action,no_action,1
129.95264963799855,before_first_failure,0,3,8,4,0,no_action,no_action,2
132.0298855159781,before_first_failure,1,3,8,4,0,no_action,no_action,3
134.0579758840031,before_first_failure,1,5,8,4,0,no_action,no_action,4
136.1228465519962,before_first_failure,0,8,8,4,0,no_action,no_action,6
138.28856771002756,before_first_failure,0,7,8,4,0,no_action,no_action,4
140.37660361698363,before_first_failure,0,4,8,4,0,no_action,no_action,2
142.4258856520173,before_first_failure,2,4,8,4,0,no_action,no_action,3
144.47533129202202,before_first_failure,2,7,8,4,0,no_action,no_action,4
146.53992041602032,before_first_failure,1,6,8,4,0,no_action,no_action,5
148.61656501202378,before_first_failure,0,7,8,4,0,no_action,no_action,6
150.68389208900044,before_first_failure,0,6,8,4,0,no_action,no_action,6
152.72952898201765,before_first_failure,1,4,8,4,0,no_action,no_action,3
154.83131548803067,before_first_failure,0,6,8,4,0,no_action,no_action,5
156.86274591000983,before_first_failure,2,6,8,4,0,no_action,no_action,4
158.9649359229952,before_first_failure,0,7,8,4,0,no_action,no_action,6
161.13255479600048,before_first_failure,0,7,8,4,0,no_action,no_action,6
163.14427299797535,before_first_failure,2,7,8,4,0,no_action,no_action,6
165.18581128201913,before_first_failure,1,6,8,4,0,no_action,no_action,5
167.25382227200316,before_first_failure,1,4,8,4,0,no_action,no_action,2
169.30422282300424,before_first_failure,1,4,8,4,0,no_action,no_action,3
171.38733517902438,before_first_failure,1,4,8,4,0,no_action,no_action,1
173.4871168960235,before_first_failure,0,5,8,4,0,no_action,no_action,4
175.54002024501096,before_first_failure,0,5,8,4,0,no_action,no_action,5
177.63585019600578,before_first_failure,0,7,8,4,0,no_action,no_action,4
179.98277074302314,before_first_failure,4,5,8,4,0,no_action,no_action,3
182.18279706098838,before_first_failure,1,7,8,4,0,no_action,no_action,5
184.27010009001242,before_first_failure,0,8,8,4,0,no_action,no_action,7
186.50138329801848,before_first_failure,1,8,8,4,0,no_action,no_action,7
188.52905382000608,before_first_failure,0,8,8,4,0,no_action,no_action,5
190.55764792399714,before_first_failure,0,8,8,4,0,no_action,no_action,6
192.55965674098115,before_first_failure,4,7,8,4,0,no_action,no_action,5
194.6128088950063,before_first_failure,3,7,8,4,0,no_action,no_action,3
197.01411281799665,before_first_failure,2,8,8,4,0,no_action,no_action,5
199.07175969798118,before_first_failure,2,8,8,4,0,no_action,no_action,6
201.13881340500666,before_first_failure,2,7,8,4,0,no_action,no_action,5
203.21910021197982,before_first_failure,1,8,8,4,0,no_action,no_action,6
205.3796383899753,before_first_failure,2,8,8,4,0,no_action,no_action,5
207.39809139899444,before_first_failure,4,5,8,4,0,no_action,no_action,3
209.9680449659936,before_first_failure,1,8,8,4,0,no_action,no_action,2
212.0248917299905,before_first_failure,0,6,8,4,0,no_action,no_action,4
214.0538555359817,before_first_failure,1,6,8,4,0,no_action,no_action,3
216.15696544898674,before_first_failure,5,6,8,4,0,no_action,no_action,2
218.19220095901983,before_first_failure,0,8,8,4,0,no_action,no_action,5
221.30762921198038,before_first_failure,2,8,8,4,0,no_action,no_action,6
223.32893873099238,before_first_failure,4,8,8,4,0,no_action,no_action,6
226.40128430200275,before_first_failure,5,7,8,4,0,no_action,no_action,5
228.48157941002864,before_first_failure,3,7,8,4,0,no_action,no_action,4
230.48681743000634,before_first_failure,1,7,8,4,0,no_action,no_action,5
232.53289220301667,before_first_failure,0,8,8,4,0,no_action,no_action,6
234.63353007601108,before_first_failure,2,7,8,4,0,no_action,no_action,5
236.66132789402036,before_first_failure,1,7,8,4,0,no_action,no_action,6
238.72779284900753,before_first_failure,2,8,8,4,0,no_action,no_action,7
240.81317294202745,before_first_failure,0,8,8,4,0,no_action,no_action,5
243.1992664069985,before_first_failure,0,8,8,4,0,no_action,no_action,1
245.29507588403067,before_first_failure,1,5,8,4,0,no_action,no_action,4
247.93834003497614,before_first_failure,5,6,8,4,0,no_action,no_action,2
250.00645518302917,before_first_failure,0,8,8,4,0,no_action,no_action,4
252.02393993502483,before_first_failure,0,8,8,4,0,no_action,no_action,6
254.41785324498778,before_first_failure,2,8,8,4,0,no_action,no_action,2
256.44646114797797,before_first_failure,0,7,8,4,0,no_action,no_action,5
259.08683937898604,before_first_failure,0,6,8,4,0,no_action,no_action,2
261.27839294302976,before_first_failure,1,6,8,4,0,no_action,no_action,5
263.3396218169946,before_first_failure,0,6,8,4,0,no_action,no_action,3
265.4755056190188,before_first_failure,0,6,8,4,0,no_action,no_action,1
267.4770691039739,before_first_failure,0,3,8,4,0,no_action,no_action,3
269.48693771101534,before_first_failure,0,2,8,4,0,no_action,no_action,1
271.5340394839877,before_first_failure,0,5,8,4,0,no_action,no_action,2
274.1422182089882,before_first_failure,5,5,8,4,0,no_action,no_action,3
276.2559265110176,before_first_failure,2,8,8,4,0,no_action,no_action,5
279.0805943530286,before_first_failure,2,7,8,4,0,no_action,no_action,5
281.10515352903167,before_first_failure,0,6,8,4,0,no_action,no_action,6
283.10558357299305,before_first_failure,0,8,8,4,0,no_action,no_action,5
285.154789525026,before_first_failure,1,7,8,4,0,no_action,no_action,5
287.83854929497465,before_first_failure,1,5,8,4,0,no_action,no_action,1
289.9019137190189,before_first_failure,0,4,8,4,0,no_action,no_action,4
291.95459717302583,before_first_failure,0,5,8,4,0,no_action,no_action,4
294.0367572309915,before_first_failure,0,4,8,4,0,no_action,no_action,4
296.1288435399765,before_first_failure,0,5,8,4,0,no_action,no_action,3
298.2140987950261,before_first_failure,0,5,8,4,0,no_action,no_action,5
300.2280987490085,before_first_failure,1,7,8,4,0,no_action,no_action,5
302.9412592430017,before_first_failure,1,8,8,4,0,no_action,no_action,4
304.99139959400054,before_first_failure,0,6,8,4,0,no_action,no_action,3
307.63945340400096,before_first_failure,1,6,8,4,0,no_action,no_action,2
309.6484015809838,before_first_failure,0,6,8,4,0,no_action,no_action,1
311.7308833739953,before_first_failure,3,6,8,4,0,no_action,no_action,4
314.20653298898833,before_first_failure,6,8,8,4,0,no_action,no_action,4
316.29909885901725,before_first_failure,5,8,8,4,0,no_action,no_action,5
318.33195568900555,before_first_failure,7,8,8,4,0,no_action,no_action,8
320.3617843830143,before_first_failure,9,8,8,4,0,no_action,no_action,7
323.3676620440092,before_first_failure,16,8,8,4,0,no_action,no_action,3
325.5597026440082,before_first_failure,21,8,8,4,0,no_action,no_action,3
329.403748333978,before_first_failure,28,7,8,4,0,no_action,no_action,1
331.51936011598445,before_first_failure,23,8,8,4,0,no_action,no_action,3
333.6265761210234,before_first_failure,24,8,8,4,0,no_action,no_action,5
336.8687630639761,before_first_failure,30,7,8,4,0,no_action,no_action,2
339.00703811401036,before_first_failure,25,8,8,4,0,no_action,no_action,4
341.04189116699854,before_first_failure,30,7,8,4,0,no_action,no_action,6
343.1061141800019,before_first_failure,30,7,8,4,0,no_action,no_action,5
345.30541551701026,before_first_failure,33,7,8,4,0,no_action,no_action,3
347.53134693502216,before_first_failure,29,7,8,4,0,no_action,no_action,3
349.616780515993,before_first_failure,34,5,8,4,0,no_action,no_action,2
351.62776646000566,before_first_failure,34,7,8,4,0,no_action,no_action,2
353.6767838029773,before_first_failure,34,8,8,4,0,no_action,no_action,4
356.3884074660018,before_first_failure,43,8,8,4,0,no_action,no_action,2
358.45941614801995,before_first_failure,46,7,8,4,0,no_action,no_action,5
360.4778286140063,before_first_failure,47,8,8,4,0,no_action,no_action,6
362.5459770759917,before_first_failure,56,7,8,4,0,no_action,no_action,6
366.7652016999782,before_first_failure,65,8,8,4,0,no_action,no_action,3
368.83460007898975,before_first_failure,62,8,8,4,0,no_action,no_action,4
370.92145586397965,before_first_failure,61,8,8,4,0,no_action,no_action,5
372.98208238201914,before_first_failure,63,6,8,4,0,no_action,no_action,3
375.0924746550154,before_first_failure,60,8,8,4,0,no_action,no_action,5
378.22335039201425,before_first_failure,62,8,8,4,0,no_action,no_action,3
380.2993714209879,before_first_failure,59,7,8,4,0,no_action,no_action,6
382.3771468690247,before_first_failure,58,7,8,4,0,no_action,no_action,6
384.47227947600186,before_first_failure,55,7,8,4,0,no_action,no_action,4
386.56224819400813,before_first_failure,52,7,8,4,0,no_action,no_action,4
388.6005584030063,before_first_failure,51,7,8,4,0,no_action,no_action,6
391.70490589900874,before_first_failure,53,8,8,4,0,no_action,no_action,2
393.9618350689998,before_first_failure,50,8,8,4,0,no_action,no_action,3
396.0662880570162,before_first_failure,52,8,8,4,0,no_action,no_action,5
400.64855604898185,before_first_failure,50,8,8,4,0,no_action,no_action,1
402.66255319298944,before_first_failure,56,5,8,4,0,no_action,no_action,1
404.70669407601235,before_first_failure,55,7,8,4,0,no_action,no_action,7
408.47772208601236,before_first_failure,60,6,8,4,0,no_action,no_action,3
410.57931945403107,before_first_failure,61,7,8,4,0,no_action,no_action,4
412.7253350139945,before_first_failure,62,6,8,4,0,no_action,no_action,3
414.8797402540222,before_first_failure,56,8,8,4,0,no_action,no_action,0
419.04153178603156,before_first_failure,60,4,8,4,0,no_action,no_action,0
421.16496133600594,before_first_failure,61,7,8,4,0,no_action,no_action,0
423.1833188449964,before_first_failure,63,6,8,4,0,no_action,no_action,4
428.01997239602497,before_first_failure,60,7,8,4,0,no_action,no_action,4
430.11590605502715,before_first_failure,62,8,8,4,0,no_action,no_action,6
432.19934383098735,before_first_failure,62,8,8,4,0,no_action,no_action,5
434.28923569701146,before_first_failure,62,6,8,4,0,no_action,no_action,4
438.8340047019883,before_first_failure,65,5,8,4,0,no_action,no_action,2
440.8708607699955,before_first_failure,64,7,8,4,0,no_action,no_action,3
442.9029362620204,before_first_failure,66,8,8,4,0,no_action,no_action,6
444.95312564400956,before_first_failure,68,8,8,4,0,no_action,no_action,6
447.070313705015,before_first_failure,71,6,8,4,0,no_action,no_action,6
450.62524075602414,before_first_failure,70,8,8,4,0,no_action,no_action,3
452.65034850197844,before_first_failure,71,6,8,4,0,no_action,no_action,2
454.7961945909774,before_first_failure,71,7,8,4,0,no_action,no_action,5
456.80562580702826,before_first_failure,72,8,8,4,0,no_action,no_action,8
461.0707649650285,before_first_failure,73,8,8,4,0,no_action,no_action,4
463.1097428880166,before_first_failure,72,7,8,4,0,no_action,no_action,3
465.1223733079969,before_first_failure,70,5,8,4,0,no_action,no_action,1
467.3647235259996,before_first_failure,68,7,8,4,0,no_action,no_action,4
469.4237047259812,before_first_failure,66,8,8,4,0,no_action,no_action,5
473.2134123549913,before_first_failure,67,7,8,4,0,no_action,no_action,3
475.24004973401316,before_first_failure,65,8,8,4,0,no_action,no_action,6
477.30860425997525,before_first_failure,62,8,8,4,0,no_action,no_action,5
479.31160007597646,before_first_failure,60,8,8,4,0,no_action,no_action,6
481.41209142201114,before_first_failure,58,8,8,4,0,no_action,no_action,5
483.48974798602285,before_first_failure,62,7,8,4,0,no_action,no_action,6
488.0436690869974,before_first_failure,66,6,8,4,0,no_action,no_action,1
490.1486595569877,before_first_failure,63,8,8,4,0,no_action,no_action,2
492.19348052999703,before_first_failure,64,7,8,4,0,no_action,no_action,6
494.35145052097505,before_first_failure,62,7,8,4,0,no_action,no_action,4
496.3641689050128,before_first_failure,63,8,8,4,0,no_action,no_action,8
501.9781040510279,before_first_failure,64,8,8,4,0,no_action,no_action,2
504.14102440699935,before_first_failure,60,8,8,4,0,no_action,no_action,3
506.2370970380143,before_first_failure,60,4,8,4,0,no_action,no_action,2
508.26380796101876,before_first_failure,58,8,8,4,0,no_action,no_action,3
510.3581197250169,before_first_failure,56,8,8,4,0,no_action,no_action,3
512.4445645529777,before_first_failure,54,8,8,4,0,no_action,no_action,6
516.6709171530092,before_first_failure,55,7,8,4,0,no_action,no_action,3
518.6944296230213,before_first_failure,54,7,8,4,0,no_action,no_action,5
520.7039688270306,before_first_failure,53,6,8,4,0,no_action,no_action,6
522.7519742369768,before_first_failure,48,8,8,4,0,no_action,no_action,3
525.0382553560194,before_first_failure,48,7,8,4,0,no_action,no_action,4
527.0897959109861,before_first_failure,47,7,8,4,0,no_action,no_action,3
531.5551713490277,before_first_failure,49,6,8,4,0,no_action,no_action,2
533.5782115620095,before_first_failure,49,6,8,4,0,no_action,no_action,3
535.654124749999,before_first_failure,50,7,8,4,0,no_action,no_action,6
537.6962009679992,before_first_failure,51,7,8,4,0,no_action,no_action,6
539.729157564987,before_first_failure,53,6,8,4,0,no_action,no_action,6
541.7845818829956,before_first_failure,50,7,8,4,0,no_action,no_action,4
546.9929912390071,before_first_failure,51,8,8,4,0,no_action,no_action,2
549.1554848389933,before_first_failure,46,8,8,4,0,no_action,no_action,3
551.3326817830093,before_first_failure,45,8,8,4,0,no_action,no_action,6
553.351918048982,before_first_failure,45,8,8,4,0,no_action,no_action,7
555.3805762630072,before_first_failure,46,8,8,4,0,no_action,no_action,8
557.508829472994,before_first_failure,50,6,8,4,0,no_action,no_action,6
559.5601199010271,before_first_failure,49,7,8,4,0,no_action,no_action,6
561.6185262619983,before_first_failure,47,8,8,4,0,no_action,no_action,3
565.9848037530319,before_first_failure,48,8,8,4,0,no_action,no_action,1
568.0826007489813,before_first_failure,48,8,8,4,0,no_action,no_action,5
570.1358309150091,before_first_failure,49,7,8,4,0,no_action,no_action,3
572.193248200987,before_first_failure,48,6,8,4,0,no_action,no_action,3
574.313566974015,before_first_failure,48,8,8,4,0,no_action,no_action,5
576.4070267389761,before_first_failure,51,8,8,4,0,no_action,no_action,7
581.6041664889781,before_first_failure,55,8,8,4,0,no_action,no_action,1
583.6484968430013,before_first_failure,55,8,8,4,0,no_action,no_action,1
585.7500174249872,before_first_failure,56,7,8,4,0,no_action,no_action,4
587.8320634540287,before_first_failure,56,7,8,4,0,no_action,no_action,7
589.9159633049858,before_first_failure,57,7,8,4,0,no_action,no_action,6
591.9903011660208,before_first_failure,58,8,8,4,0,no_action,no_action,7
597.0961417559884,before_first_failure,60,7,8,4,0,no_action,no_action,1
599.1840408099815,before_first_failure,54,8,8,4,0,no_action,no_action,1
601.2824764630059,before_first_failure,57,8,8,4,0,no_action,no_action,6
603.2831822320004,before_first_failure,57,7,8,4,0,no_action,no_action,6
605.2893508719862,before_first_failure,56,7,8,4,0,no_action,no_action,7
607.3705201360281,before_first_failure,56,8,8,4,0,no_action,no_action,8
609.3870189529844,before_first_failure,55,8,8,4,0,no_action,no_action,5
613.8697704609949,before_first_failure,58,8,8,4,0,no_action,no_action,0
616.0781752329785,before_first_failure,52,8,8,4,0,no_action,no_action,3
618.0965337760281,before_first_failure,52,8,8,4,0,no_action,no_action,6
620.1099634949933,before_first_failure,52,8,8,4,0,no_action,no_action,8
622.2049933730159,before_first_failure,52,8,8,4,0,no_action,no_action,7
624.3129345839843,before_first_failure,56,8,8,4,0,no_action,no_action,8
626.3416976800072,before_first_failure,55,8,8,4,0,no_action,no_action,6
628.3555124609848,before_first_failure,55,6,8,4,0,no_action,no_action,6
630.4037097290275,before_first_failure,52,8,8,4,0,no_action,no_action,5
632.6236696720007,before_first_failure,53,8,8,4,0,no_action,no_action,6
637.401145863987,before_first_failure,53,8,8,4,0,no_action,no_action,4
639.4064942080295,before_first_failure,55,8,8,4,0,no_action,no_action,5
641.4946723500034,before_first_failure,55,8,8,4,0,no_action,no_action,5
643.5653196640196,before_first_failure,53,7,8,4,0,no_action,no_action,6
645.5660895879846,before_first_failure,52,8,8,4,0,no_action,no_action,7
647.6084435359808,before_first_failure,50,8,8,4,0,no_action,no_action,6
649.7704542219872,before_first_failure,51,7,8,4,0,no_action,no_action,6
651.7793543880107,before_first_failure,52,7,8,4,0,no_action,no_action,6
658.089561987028,before_first_failure,52,7,8,4,0,no_action,no_action,1
660.1901627890184,before_first_failure,51,7,8,4,0,no_action,no_action,2
662.3065977069782,before_first_failure,52,7,8,4,0,no_action,no_action,2
664.3837061090162,before_first_failure,49,7,8,4,0,no_action,no_action,3
666.5360512619955,before_first_failure,50,8,8,4,0,no_action,no_action,4
668.5490831100033,before_first_failure,51,6,8,4,0,no_action,no_action,4
673.4205582020222,before_first_failure,54,6,8,4,0,no_action,no_action,2
675.5624351680162,before_first_failure,51,7,8,4,0,no_action,no_action,4
677.7319438909763,before_first_failure,49,8,8,4,0,no_action,no_action,4
679.7672579159844,before_first_failure,49,8,8,4,0,no_action,no_action,6
681.7750318219769,before_first_failure,53,7,8,4,0,no_action,no_action,7
683.8714060530183,before_first_failure,54,8,8,4,0,no_action,no_action,8
685.9400451940019,before_first_failure,58,8,8,4,0,no_action,no_action,8
693.1024864219944,before_first_failure,61,7,8,4,0,no_action,no_action,0
695.1532995969756,before_first_failure,59,6,8,4,0,no_action,no_action,2
697.3195494859829,before_first_failure,58,8,8,4,0,no_action,no_action,3
699.3642058229889,before_first_failure,58,8,8,4,0,no_action,no_action,6
701.4296871129773,before_first_failure,57,7,8,4,0,no_action,no_action,4
703.4482422699803,before_first_failure,55,7,8,4,0,no_action,no_action,4
705.4554014399764,before_first_failure,56,8,8,4,0,no_action,no_action,7
710.6886484809802,before_first_failure,58,8,8,4,0,no_action,no_action,1
713.0267402299796,before_first_failure,56,8,8,4,0,no_action,no_action,3
715.0530986129888,before_first_failure,57,7,8,4,0,no_action,no_action,5
717.1494957269751,before_first_failure,55,8,8,4,0,no_action,no_action,6
719.264644476003,before_first_failure,57,5,8,4,0,no_action,no_action,5
721.3239077429753,before_first_failure,54,7,8,4,0,no_action,no_action,5
727.2433513519936,before_first_failure,59,8,8,4,0,no_action,no_action,2
729.2603555389796,before_first_failure,57,6,8,4,0,no_action,no_action,3
731.4614771970082,before_first_failure,58,7,8,4,0,no_action,no_action,3
733.5239927429939,before_first_failure,62,8,8,4,0,no_action,no_action,8
735.5417563130031,before_first_failure,65,8,8,4,0,no_action,no_action,7
737.7745486500207,before_first_failure,66,7,8,4,0,no_action,no_action,6
739.7946392120211,before_first_failure,72,7,8,4,0,no_action,no_action,7
741.9015294790152,before_first_failure,75,6,8,4,0,no_action,no_action,5
748.4184227199876,before_first_failure,86,7,8,4,0,no_action,no_action,0
750.8951417329954,before_first_failure,104,8,8,4,0,no_action,no_action,5
752.977396805014,before_first_failure,111,8,8,4,0,no_action,no_action,7
755.0139897899935,before_first_failure,123,8,8,4,0,no_action,no_action,5
757.110616408987,before_first_failure,124,6,8,4,0,no_action,no_action,3
759.1182193229906,before_first_failure,122,8,8,4,0,no_action,no_action,5
761.2179108100245,before_first_failure,122,7,8,4,0,no_action,no_action,6
763.2437475019833,before_first_failure,121,7,8,4,0,no_action,no_action,5
765.2861656409805,before_first_failure,119,8,8,4,0,no_action,no_action,6
767.3297639489756,before_first_failure,117,8,8,4,0,no_action,no_action,7
769.3607690670178,before_first_failure,116,8,8,4,0,no_action,no_action,4
771.3624565509963,before_first_failure,116,8,8,4,0,no_action,no_action,7
776.8014166959911,before_first_failure,120,8,8,4,0,no_action,no_action,1
778.8633559150039,before_first_failure,116,8,8,4,0,no_action,no_action,2
780.9047643669765,before_first_failure,123,8,8,4,0,no_action,no_action,6
782.908069490979,before_first_failure,125,8,8,4,0,no_action,no_action,6
785.1043680839939,before_first_failure,128,8,8,4,0,no_action,no_action,6
787.1430747300037,before_first_failure,130,8,8,4,0,no_action,no_action,7
789.1759644860285,before_first_failure,139,8,8,4,0,no_action,no_action,7
791.1914487470058,before_first_failure,136,8,8,4,0,no_action,no_action,4
793.1930547290249,before_first_failure,141,8,8,4,0,no_action,no_action,6
795.2606141149881,before_first_failure,148,7,8,4,0,no_action,no_action,7
797.4822569289827,before_first_failure,150,8,8,4,0,no_action,no_action,5
803.6256588399992,before_first_failure,161,8,8,4,0,no_action,no_action,0
805.6863135669846,before_first_failure,160,7,8,4,0,no_action,no_action,4
807.9244998000213,before_first_failure,160,6,8,4,0,no_action,no_action,5
809.9946268450003,before_first_failure,157,8,8,4,0,no_action,no_action,4
812.0038883960224,before_first_failure,159,7,8,4,0,no_action,no_action,5
814.0671175119933,before_first_failure,157,8,8,4,0,no_action,no_action,6
816.1364911799901,before_first_failure,155,8,8,4,0,no_action,no_action,6
818.223663457029,before_first_failure,159,7,8,4,0,no_action,no_action,6
820.5090437280014,before_first_failure,163,8,8,4,0,no_action,no_action,3
827.4989111130126,before_first_failure,165,8,8,4,0,no_action,no_action,2
829.7721850399976,before_first_failure,167,8,8,4,0,no_action,no_action,3
831.7765214180108,before_first_failure,168,4,8,4,0,no_action,no_action,1
833.8079655460315,before_first_failure,162,8,8,4,0,no_action,no_action,4
835.8670186169911,before_first_failure,161,8,8,4,0,no_action,no_action,6
837.8941406150116,before_first_failure,163,6,8,4,0,no_action,no_action,4
839.9873879380175,before_first_failure,164,5,8,4,0,no_action,no_action,3
842.0518462440232,before_first_failure,160,8,8,4,0,no_action,no_action,5
844.2908583700191,before_first_failure,157,8,8,4,0,no_action,no_action,2
850.381767961022,before_first_failure,158,7,8,4,0,no_action,no_action,2
852.4494841729756,before_first_failure,153,7,8,4,0,no_action,no_action,2
854.4679757640115,before_first_failure,160,6,8,4,0,no_action,no_action,2
856.5133987520239,before_first_failure,159,6,8,4,0,no_action,no_action,3
859.1566493849969,before_first_failure,161,6,8,4,0,no_action,no_action,4
861.2548834820045,before_first_failure,160,6,8,4,0,no_action,no_action,3
863.3082827340113,before_first_failure,158,6,8,4,0,no_action,no_action,3
870.4522426450276,before_first_failure,157,8,8,4,0,no_action,no_action,0
872.4779428230249,before_first_failure,158,7,8,4,0,no_action,no_action,2
874.5498146089958,before_first_failure,156,7,8,4,0,no_action,no_action,3
876.5650068770046,before_first_failure,153,8,8,4,0,no_action,no_action,4
878.7666345899925,before_first_failure,154,7,8,4,0,no_action,no_action,5
880.857080739981,before_first_failure,154,8,8,4,0,no_action,no_action,5
882.9394218280213,before_first_failure,153,8,8,4,0,no_action,no_action,7
884.9862816539826,before_first_failure,154,5,8,4,0,no_action,no_action,4
887.0688310919795,before_first_failure,150,8,8,4,0,no_action,no_action,5
889.0953831840307,before_first_failure,149,7,8,4,0,no_action,no_action,5
891.1330750299967,before_first_failure,152,8,8,4,0,no_action,no_action,6
898.2174641710008,before_first_failure,157,6,8,4,0,no_action,no_action,0
900.5822449050029,before_first_failure,150,8,8,4,0,no_action,no_action,1
902.5921845670091,before_first_failure,153,7,8,4,0,no_action,no_action,2
905.0175399819855,before_first_failure,149,8,8,4,0,no_action,no_action,3
907.0799295830075,before_first_failure,149,7,8,4,0,no_action,no_action,5
909.1190647360054,before_first_failure,145,6,8,4,0,no_action,no_action,3
911.1451026099967,before_first_failure,143,8,8,4,0,no_action,no_action,2
913.1826497639995,before_first_failure,145,6,8,4,0,no_action,no_action,3
915.2283138349885,before_first_failure,144,6,8,4,0,no_action,no_action,3
921.6507576460135,before_first_failure,149,6,8,4,0,no_action,no_action,0
923.7346658789902,before_first_failure,143,8,8,4,0,no_action,no_action,2
925.8154278870206,before_first_failure,145,5,8,4,0,no_action,no_action,1
927.9080849890015,before_first_failure,148,3,8,4,0,no_action,no_action,1
929.9781206850312,before_first_failure,143,7,8,4,0,no_action,no_action,2
932.0017214540276,before_first_failure,143,6,8,4,0,no_action,no_action,6
934.0618677050225,before_first_failure,137,8,8,4,0,no_action,no_action,3
936.1262101089815,before_first_failure,135,8,8,4,0,no_action,no_action,4
938.1929469419993,before_first_failure,135,7,8,4,0,no_action,no_action,4
944.8073346419842,before_first_failure,134,6,8,4,0,no_action,no_action,0
946.9085428920225,before_first_failure,134,8,8,4,0,no_action,no_action,1
948.9461317110108,before_first_failure,137,6,8,4,0,no_action,no_action,3
950.9693543359754,before_first_failure,135,8,8,4,0,no_action,no_action,3
953.0661039269762,before_first_failure,134,7,8,4,0,no_action,no_action,2
955.0745476030279,before_first_failure,136,5,8,4,0,no_action,no_action,2
957.1359633199754,before_first_failure,133,7,8,4,0,no_action,no_action,3
959.2223039839882,before_first_failure,134,7,8,4,0,no_action,no_action,2
961.284445583995,before_first_failure,132,7,8,4,0,no_action,no_action,7
963.3580766399973,before_first_failure,131,5,8,4,0,no_action,no_action,4
965.4505748979864,before_first_failure,128,6,8,4,0,no_action,no_action,3
974.4652064199909,before_first_failure,130,8,8,4,0,no_action,no_action,1
976.5499518020079,before_first_failure,128,8,8,4,0,no_action,no_action,3
978.6243799959775,before_first_failure,129,7,8,4,0,no_action,no_action,6
980.6978855429916,before_first_failure,126,7,8,4,0,no_action,no_action,2
982.7778886770247,before_first_failure,125,8,8,4,0,no_action,no_action,6
984.938672608987,before_first_failure,124,8,8,4,0,no_action,no_action,6
986.9632375669898,before_first_failure,124,7,8,4,0,no_action,no_action,4
988.9854092539754,before_first_failure,127,7,8,4,0,no_action,no_action,5
991.0448232599883,before_first_failure,126,5,8,4,0,no_action,no_action,4
993.0788830289966,before_first_failure,125,7,8,4,0,no_action,no_action,5
995.15978669998,before_first_failure,123,8,8,4,0,no_action,no_action,5
997.2635899970192,before_first_failure,122,8,8,4,0,no_action,no_action,5
999.3162735240185,before_first_failure,121,8,8,4,0,no_action,no_action,7
1001.3977530970005,before_first_failure,122,8,8,4,0,no_action,no_action,5
1003.4894282899913,before_first_failure,122,8,8,4,0,no_action,no_action,6
1005.5568785709911,before_first_failure,121,8,8,4,0,no_action,no_action,5
1013.0788125490071,before_first_failure,121,8,8,4,0,no_action,no_action,0
1015.094416810025,before_first_failure,121,7,8,4,0,no_action,no_action,2
1017.1369093239773,before_first_failure,119,8,8,4,0,no_action,no_action,3
1019.2105344979791,before_first_failure,120,7,8,4,0,no_action,no_action,5
1021.2134958370007,before_first_failure,121,8,8,4,0,no_action,no_action,7
1023.3021021300228,before_first_failure,120,7,8,4,0,no_action,no_action,6
1025.386921457015,before_first_failure,121,8,8,4,0,no_action,no_action,7
1027.4659203169867,before_first_failure,120,8,8,4,0,no_action,no_action,6
1029.5981214939966,before_first_failure,121,7,8,4,0,no_action,no_action,5
1031.6417702040053,before_first_failure,120,7,8,4,0,no_action,no_action,7
1040.343141352001,before_first_failure,117,7,8,4,0,no_action,no_action,0
1042.408411063021,before_first_failure,120,4,8,4,0,no_action,no_action,2
1044.4453840259812,before_first_failure,117,6,8,4,0,no_action,no_action,4
1046.54065795301,before_first_failure,114,8,8,4,0,no_action,no_action,4
1048.7322653550073,before_first_failure,113,8,8,4,0,no_action,no_action,6
1050.7716095679789,before_first_failure,115,7,8,4,0,no_action,no_action,5
1052.842366783996,before_first_failure,114,6,8,4,0,no_action,no_action,6
1054.889352873026,before_first_failure,114,8,8,4,0,no_action,no_action,8
1056.9677003510296,before_first_failure,113,8,8,4,0,no_action,no_action,5
1058.97176623001,before_first_failure,112,8,8,4,0,no_action,no_action,5
1060.9854593289783,before_first_failure,111,8,8,4,0,no_action,no_action,6
1063.0218376570265,before_first_failure,113,7,8,4,0,no_action,no_action,6
1065.0919488220243,before_first_failure,116,6,8,4,0,no_action,no_action,4
1067.110080939019,before_first_failure,121,6,8,4,0,no_action,no_action,4
1077.6738253380172,before_first_failure,147,8,8,4,0,no_action,no_action,0
1079.6998068030225,before_first_failure,179,8,8,4,0,no_action,no_action,2
1081.8972525330028,before_first_failure,182,8,8,4,0,no_action,no_action,6
1083.95938216598,before_first_failure,183,7,8,4,0,no_action,no_action,6
1086.1318920819904,before_first_failure,183,8,8,4,0,no_action,no_action,6
1088.2164178279927,before_first_failure,186,5,8,4,0,no_action,no_action,4
1090.2943765859818,before_first_failure,186,8,8,4,0,no_action,no_action,8
1092.3586703310139,before_first_failure,188,7,8,4,0,no_action,no_action,6
1094.890428401006,before_first_failure,191,6,8,4,0,no_action,no_action,4
1096.9730513300165,before_first_failure,192,8,8,4,0,no_action,no_action,5
1099.347271822975,before_first_failure,194,7,8,4,0,no_action,no_action,4
1101.3549263239838,before_first_failure,192,8,8,4,0,no_action,no_action,6
1103.5040717920056,before_first_failure,193,6,8,4,0,no_action,no_action,6
1110.0623350340175,before_first_failure,195,6,8,4,0,no_action,no_action,0
1112.355171246978,before_first_failure,188,8,8,4,0,no_action,no_action,3
1114.445963657985,before_first_failure,190,8,8,4,0,no_action,no_action,8
1116.4565310510225,before_first_failure,197,8,8,4,0,no_action,no_action,7
1118.7127915199962,before_first_failure,197,8,8,4,0,no_action,no_action,6
1120.9191960750031,before_first_failure,201,7,8,4,0,no_action,no_action,5
1122.9615797030274,before_first_failure,202,7,8,4,0,no_action,no_action,6
1125.0629637790262,before_first_failure,202,7,8,4,0,no_action,no_action,5
1127.135709626018,before_first_failure,200,8,8,4,0,no_action,no_action,6
1129.2164842910133,before_first_failure,200,6,8,4,0,no_action,no_action,5
1131.311321784975,before_first_failure,204,7,8,4,0,no_action,no_action,5
1133.4238197550294,before_first_failure,205,8,8,4,0,no_action,no_action,6
1142.2371169070248,before_first_failure,208,8,8,4,0,no_action,no_action,0
1144.2495959179942,before_first_failure,220,8,8,4,0,no_action,no_action,2
1146.2801160470117,before_first_failure,225,8,8,4,0,no_action,no_action,6
1148.3765762019902,before_first_failure,232,6,8,4,0,no_action,no_action,6
1150.3814590949914,before_first_failure,229,8,8,4,0,no_action,no_action,4
1152.4662521380233,before_first_failure,230,7,8,4,0,no_action,no_action,6
1154.583384004014,before_first_failure,231,7,8,4,0,no_action,no_action,6
1156.7088918280206,before_first_failure,234,7,8,4,0,no_action,no_action,5
1159.2021641299943,before_first_failure,236,8,8,4,0,no_action,no_action,4
1161.2884880920174,before_first_failure,237,6,8,4,0,no_action,no_action,2
1163.3268087329925,before_first_failure,236,7,8,4,0,no_action,no_action,3
1165.4631856990163,before_first_failure,235,8,8,4,0,no_action,no_action,7
1174.3126256410033,before_first_failure,235,8,8,4,0,no_action,no_action,0
1176.3788147789892,before_first_failure,238,3,8,4,0,no_action,no_action,0
1178.3974985029781,before_first_failure,235,8,8,4,0,no_action,no_action,3
1180.9011912670103,before_first_failure,235,8,8,4,0,no_action,no_action,5
1183.0023865450057,before_first_failure,235,7,8,4,0,no_action,no_action,5
1185.0772500010207,before_first_failure,235,7,8,4,0,no_action,no_action,6
1187.1452004929888,before_first_failure,234,7,8,4,0,no_action,no_action,7
1189.2323661400005,before_first_failure,235,8,8,4,0,no_action,no_action,7
1191.309251083003,before_first_failure,238,8,8,4,0,no_action,no_action,8
1193.3632637169794,before_first_failure,238,7,8,4,0,no_action,no_action,6
1195.514500269026,before_first_failure,238,8,8,4,0,no_action,no_action,5
1197.6082538909977,before_first_failure,239,8,8,4,0,no_action,no_action,8
1204.904740257014,before_first_failure,242,7,8,4,0,no_action,no_action,0
1206.9978042970179,before_first_failure,236,8,8,4,0,no_action,no_action,2
1209.0986102679744,before_first_failure,237,8,8,4,0,no_action,no_action,8
1211.1113326940103,before_first_failure,236,8,8,4,0,no_action,no_action,8
1213.3784338579862,before_first_failure,239,8,8,4,0,no_action,no_action,8
1215.4728360199952,before_first_failure,240,7,8,4,0,no_action,no_action,7
1217.5288047509966,before_first_failure,238,7,8,4,0,no_action,no_action,4
1219.5609293979942,before_first_failure,236,8,8,4,0,no_action,no_action,8
1221.616454278992,before_first_failure,237,5,8,4,0,no_action,no_action,5
1223.6275060260086,before_first_failure,236,8,8,4,0,no_action,no_action,6
1225.6512233699905,before_first_failure,235,8,8,4,0,no_action,no_action,7
1227.7293444410316,before_first_failure,234,8,8,4,0,no_action,no_action,7
1229.8169143769774,before_first_failure,235,7,8,4,0,no_action,no_action,7
1231.864374738012,before_first_failure,233,7,8,4,0,no_action,no_action,3
1233.9807666069828,before_first_failure,234,8,8,4,0,no_action,no_action,7
1236.0041275279946,before_first_failure,234,8,8,4,0,no_action,no_action,8
1244.8346796190017,before_first_failure,237,8,8,4,0,no_action,no_action,0
1246.8865869549918,before_first_failure,235,7,8,4,0,no_action,no_action,4
1248.982906877005,before_first_failure,231,6,8,4,0,no_action,no_action,5
1251.071580283984,before_first_failure,228,6,8,4,0,no_action,no_action,3
1253.076839338988,before_first_failure,224,6,8,4,0,no_action,no_action,6
1255.2129357780213,before_first_failure,222,7,8,4,0,no_action,no_action,4
1257.34775535902,before_first_failure,219,7,8,4,0,no_action,no_action,3
1259.5822758310242,before_first_failure,216,7,8,4,0,no_action,no_action,3
1261.595206928032,before_first_failure,215,7,8,4,0,no_action,no_action,3
1263.609158354986,before_first_failure,212,7,8,4,0,no_action,no_action,4
1265.6516343239928,before_first_failure,211,7,8,4,0,no_action,no_action,5
1267.658483334002,before_first_failure,208,5,8,4,0,no_action,no_action,2
1269.7194262630073,before_first_failure,207,7,8,4,0,no_action,no_action,5
1271.8046706219902,before_first_failure,207,8,8,4,0,no_action,no_action,6
1274.1378804880078,before_first_failure,202,8,8,4,0,no_action,no_action,2
1276.228218992008,before_first_failure,200,7,8,4,0,no_action,no_action,5
1284.3113462430192,before_first_failure,205,6,8,4,0,no_action,no_action,1
1286.4695020000217,before_first_failure,204,6,8,4,0,no_action,no_action,3
1288.505415009975,before_first_failure,200,8,8,4,0,no_action,no_action,2
1290.6892513200291,before_first_failure,200,7,8,4,0,no_action,no_action,4
1292.7688057079795,before_first_failure,198,7,8,4,0,no_action,no_action,5
1294.7992519860272,before_first_failure,196,8,8,4,0,no_action,no_action,4
1296.8694018240203,before_first_failure,197,6,8,4,0,no_action,no_action,3
1298.9002475080197,before_first_failure,194,8,8,4,0,no_action,no_action,4
1301.0531154390192,before_first_failure,193,7,8,4,0,no_action,no_action,5
1303.1137004820048,before_first_failure,193,7,8,4,0,no_action,no_action,5
1305.1991744550178,before_first_failure,196,7,8,4,0,no_action,no_action,5
1307.2487930569914,before_first_failure,194,7,8,4,0,no_action,no_action,4
1309.3112470189808,before_first_failure,191,8,8,4,0,no_action,no_action,3
1311.4231576320017,before_first_failure,192,6,8,4,0,no_action,no_action,3
1313.5172854060074,before_first_failure,190,8,8,4,0,no_action,no_action,5
1315.5908922469825,before_first_failure,190,7,8,4,0,no_action,no_action,5
1317.6495866139885,before_first_failure,192,8,8,4,0,no_action,no_action,6
1319.711138438026,before_first_failure,192,8,8,4,0,no_action,no_action,6
1327.6055021240027,before_first_failure,192,8,8,4,0,no_action,no_action,0
1329.6314550550305,before_first_failure,200,8,8,4,0,no_action,no_action,0
1331.68584064499,before_first_failure,202,7,8,4,0,no_action,no_action,5
1333.7049373129848,before_first_failure,207,8,8,4,0,no_action,no_action,7
1335.8002825099975,before_first_failure,210,8,8,4,0,no_action,no_action,5
1337.8411405649967,before_first_failure,214,8,8,4,0,no_action,no_action,8
1339.8684294060222,before_first_failure,214,8,8,4,0,no_action,no_action,4
1341.9452748980257,before_first_failure,218,6,8,4,0,no_action,no_action,4
1343.9631967530004,before_first_failure,220,8,8,4,0,no_action,no_action,6
1345.9699004549766,before_first_failure,219,7,8,4,0,no_action,no_action,4
1348.0727429949911,before_first_failure,220,8,8,4,0,no_action,no_action,3
1350.1121686690021,before_first_failure,217,8,8,4,0,no_action,no_action,2
1352.3387959970278,before_first_failure,220,7,8,4,0,no_action,no_action,3
1354.4100366709754,before_first_failure,221,7,8,4,0,no_action,no_action,5
1356.4386821499793,before_first_failure,221,8,8,4,0,no_action,no_action,5
1358.6483708349988,before_first_failure,222,8,8,4,0,no_action,no_action,5
1360.7237946270034,before_first_failure,224,7,8,4,0,no_action,no_action,3
1362.7927945869742,before_first_failure,223,8,8,4,0,no_action,no_action,5
1364.885787368985,before_first_failure,225,8,8,4,0,no_action,no_action,5
1375.8529024409945,before_first_failure,235,8,8,4,0,no_action,no_action,0
1377.9262936260202,before_first_failure,230,7,8,4,0,no_action,no_action,3
1380.0080680620158,before_first_failure,231,8,8,4,0,no_action,no_action,8
1382.095970629016,before_first_failure,230,8,8,4,0,no_action,no_action,4
1384.1260532410233,before_first_failure,232,7,8,4,0,no_action,no_action,7
1386.2940360599896,before_first_failure,230,8,8,4,0,no_action,no_action,5
1388.3502260260284,before_first_failure,235,8,8,4,0,no_action,no_action,6
1390.8095227989834,before_first_failure,239,7,8,4,0,no_action,no_action,3
1393.067199149984,before_first_failure,246,3,8,4,0,no_action,no_action,2
1395.970637899998,before_first_failure,245,7,8,4,0,no_action,no_action,2
1398.1038811479812,before_first_failure,244,7,8,4,0,no_action,no_action,1
1400.1904365200317,before_first_failure,248,2,8,4,0,no_action,no_action,0
1402.2653871930088,before_first_failure,244,8,8,4,0,no_action,no_action,2
1404.3310030829743,before_first_failure,247,6,8,4,0,no_action,no_action,2
1406.3668072029832,before_first_failure,247,4,8,4,0,no_action,no_action,3
1408.3719299029908,before_first_failure,245,7,8,4,0,no_action,no_action,3
1418.030844000983,before_first_failure,244,7,8,4,0,no_action,no_action,0
1420.0465012980276,before_first_failure,250,8,8,4,0,no_action,no_action,5
1422.1912868170184,before_first_failure,252,6,8,4,0,no_action,no_action,3
1424.2590116779902,before_first_failure,249,8,8,4,0,no_action,no_action,4
1426.264332404011,before_first_failure,249,7,8,4,0,no_action,no_action,6
1428.2724664700218,before_first_failure,250,7,8,4,0,no_action,no_action,6
1430.306822012004,before_first_failure,251,8,8,4,0,no_action,no_action,8
1432.3554685310228,before_first_failure,257,7,8,4,0,no_action,no_action,6
1434.3576310820063,before_first_failure,259,8,8,4,0,no_action,no_action,7
1436.4210373249953,before_first_failure,261,7,8,4,0,no_action,no_action,7
1438.5046498859883,before_first_failure,266,7,8,4,0,no_action,no_action,6
1440.561843854026,before_first_failure,267,7,8,4,0,no_action,no_action,6
1442.588154596975,before_first_failure,267,7,8,4,0,no_action,no_action,7
1444.6755996710272,before_first_failure,273,8,8,4,0,no_action,no_action,8
1446.7778186210198,before_first_failure,275,7,8,4,0,no_action,no_action,6
1448.925895138993,before_first_failure,279,8,8,4,0,no_action,no_action,6
1450.9463684720104,before_first_failure,279,7,8,4,0,no_action,no_action,6
1452.980083285016,before_first_failure,284,7,8,4,0,no_action,no_action,6
1455.1681424989947,before_first_failure,288,7,8,4,0,no_action,no_action,4
1457.203549613012,before_first_failure,287,8,8,4,0,no_action,no_action,4
1459.2792399210157,before_first_failure,289,7,8,4,0,no_action,no_action,6
1461.331816639984,before_first_failure,288,8,8,4,0,no_action,no_action,7
1463.3728074919782,before_first_failure,288,6,8,4,0,no_action,no_action,5
1465.403472659993,before_first_failure,294,8,8,4,0,no_action,no_action,6
1475.565153139003,before_first_failure,308,8,8,4,0,no_action,no_action,0
1477.6018149750307,before_first_failure,305,8,8,4,0,no_action,no_action,2
1479.893826383981,before_first_failure,309,7,8,4,0,no_action,no_action,4
1481.9542180250282,before_first_failure,308,8,8,4,0,no_action,no_action,6
1484.054552201007,before_first_failure,309,7,8,4,0,no_action,no_action,7
1486.2321291330154,before_first_failure,309,8,8,4,0,no_action,no_action,5
1488.2903919540113,before_first_failure,311,6,8,4,0,no_action,no_action,5
1490.475923756021,before_first_failure,311,7,8,4,0,no_action,no_action,6
1492.4903341539903,before_first_failure,310,8,8,4,0,no_action,no_action,7
1494.555923801032,before_first_failure,310,8,8,4,0,no_action,no_action,5
1496.5904978719773,before_first_failure,311,8,8,4,0,no_action,no_action,6
1498.6101773970295,before_first_failure,309,8,8,4,0,no_action,no_action,5
1500.7076990419882,before_first_failure,310,8,8,4,0,no_action,no_action,6
1502.7304297949886,before_first_failure,311,7,8,4,0,no_action,no_action,5
1504.7584817460156,before_first_failure,309,8,8,4,0,no_action,no_action,5
1506.8236854689894,before_first_failure,309,8,8,4,0,no_action,no_action,6
1508.832854364009,before_first_failure,312,8,8,4,0,no_action,no_action,8
1510.8934162060032,before_first_failure,313,7,8,4,0,no_action,no_action,7
1521.1501923300093,before_first_failure,319,8,8,4,0,no_action,no_action,1
1523.2279430130147,before_first_failure,313,8,8,4,0,no_action,no_action,2
1525.8259537050035,before_first_failure,316,8,8,4,0,no_action,no_action,5
1527.8669000649825,before_first_failure,315,7,8,4,0,no_action,no_action,5
1529.9447888879804,before_first_failure,318,6,8,4,0,no_action,no_action,4
1531.9610700869816,before_first_failure,318,8,8,4,0,no_action,no_action,7
1533.9820369060035,before_first_failure,318,7,8,4,0,no_action,no_action,6
1536.112939505023,before_first_failure,320,5,8,4,0,no_action,no_action,5
1538.1511684880243,before_first_failure,317,8,8,4,0,no_action,no_action,5
1540.17458799202,before_first_failure,319,8,8,4,0,no_action,no_action,7
1542.2500753920176,before_first_failure,318,7,8,4,0,no_action,no_action,5
1544.3227158319787,before_first_failure,319,8,8,4,0,no_action,no_action,7
1546.5607446070062,before_first_failure,320,8,8,4,0,no_action,no_action,8
1548.5905386300292,before_first_failure,318,8,8,4,0,no_action,no_action,7
1550.6666576400166,before_first_failure,320,7,8,4,0,no_action,no_action,7
1552.7559244940057,before_first_failure,323,7,8,4,0,no_action,no_action,5
1554.764253123023,before_first_failure,321,7,8,4,0,no_action,no_action,4
1556.797091578017,before_first_failure,325,8,8,4,0,no_action,no_action,8
1558.906278888986,before_first_failure,329,7,8,4,0,no_action,no_action,6
1560.9793841639766,before_first_failure,328,8,8,4,0,no_action,no_action,7
1571.3153862159816,before_first_failure,339,8,8,4,0,no_action,no_action,0
1573.403152348008,before_first_failure,333,8,8,4,0,no_action,no_action,5
1575.8926755510038,before_first_failure,336,8,8,4,0,no_action,no_action,8
1577.948260153993,before_first_failure,337,8,8,4,0,no_action,no_action,6
1580.4017938789912,before_first_failure,339,8,8,4,0,no_action,no_action,5
1582.5717580420314,before_first_failure,337,8,8,4,0,no_action,no_action,6
1584.6636029959773,before_first_failure,336,8,8,4,0,no_action,no_action,6
1586.68424438301,before_first_failure,333,8,8,4,0,no_action,no_action,3
1588.7158565110294,before_first_failure,335,7,8,4,0,no_action,no_action,3
1590.7779753680225,before_first_failure,336,8,8,4,0,no_action,no_action,4
1592.8694048090256,before_first_failure,339,6,8,4,0,no_action,no_action,4
1594.8803713960224,before_first_failure,338,8,8,4,0,no_action,no_action,5
1596.9643556430237,before_first_failure,338,8,8,4,0,no_action,no_action,7
1598.9932323980029,before_first_failure,338,6,8,4,0,no_action,no_action,5
1601.053566617018,before_first_failure,339,8,8,4,0,no_action,no_action,5
1603.115188463009,before_first_failure,338,7,8,4,0,no_action,no_action,3
1605.1863451729878,before_first_failure,339,7,8,4,0,no_action,no_action,2
1607.2032308219932,before_first_failure,338,5,8,4,0,no_action,no_action,1
1609.2144987449865,before_first_failure,336,8,8,4,0,no_action,no_action,7
1611.2892790749902,before_first_failure,339,6,8,4,0,no_action,no_action,5
1613.336614230997,before_first_failure,339,5,8,4,0,no_action,no_action,4
1623.773172012996,before_first_failure,338,8,8,4,0,no_action,no_action,0
1625.8770454010228,before_first_failure,360,4,8,4,0,no_action,no_action,0
1628.056034002977,before_first_failure,358,8,8,4,0,no_action,no_action,3
1630.1537818610086,before_first_failure,360,3,8,4,0,no_action,no_action,1
1632.7523013579776,before_first_failure,361,7,8,4,0,no_action,no_action,3
1634.843455557013,before_first_failure,362,5,8,4,0,no_action,no_action,2
1636.864342989982,before_first_failure,357,8,8,4,0,no_action,no_action,7
1638.9641892749933,before_first_failure,356,5,8,4,0,no_action,no_action,4
1640.9701042950037,before_first_failure,354,5,8,4,0,no_action,no_action,3
1643.055925237015,before_first_failure,352,6,8,4,0,no_action,no_action,3
1645.1019326979876,before_first_failure,353,6,8,4,0,no_action,no_action,5
1647.5880211589974,before_first_failure,357,6,8,4,0,no_action,no_action,3
1649.6065308550023,before_first_failure,355,7,8,4,0,no_action,no_action,6
1652.1473026780295,before_first_failure,359,5,8,4,0,no_action,no_action,4
1654.192148009024,before_first_failure,360,8,8,4,0,no_action,no_action,4
1656.197020380001,before_first_failure,364,7,8,4,0,no_action,no_action,4
1658.5609630650142,before_first_failure,365,7,8,4,0,no_action,no_action,3
1660.608401213016,before_first_failure,364,8,8,4,0,no_action,no_action,6
1671.7273010039935,before_first_failure,367,8,8,4,0,no_action,no_action,0
1673.7831209750148,before_first_failure,375,8,8,4,0,no_action,no_action,2
1675.8103538479772,before_first_failure,378,7,8,4,0,no_action,no_action,5
1677.8750876720296,before_first_failure,379,8,8,4,0,no_action,no_action,8
1680.038216046989,before_first_failure,381,7,8,4,0,no_action,no_action,7
1682.06622647302,before_first_failure,381,7,8,4,0,no_action,no_action,7
1684.1903913309798,before_first_failure,384,7,8,4,0,no_action,no_action,5
1686.2369497179752,before_first_failure,382,8,8,4,0,no_action,no_action,5
1688.316799800028,before_first_failure,382,8,8,4,0,no_action,no_action,4
1690.3423510870198,before_first_failure,382,6,8,4,0,no_action,no_action,5
1692.3770470549935,before_first_failure,386,7,8,4,0,no_action,no_action,5
1694.38738980802,before_first_failure,396,7,8,4,0,no_action,no_action,5
1696.4248663780163,before_first_failure,399,8,8,4,0,no_action,no_action,5
1699.3090232500108,before_first_failure,403,4,8,4,0,no_action,no_action,3
1701.417062102002,before_first_failure,400,7,8,4,0,no_action,no_action,2
1703.468250164995,before_first_failure,399,7,8,4,0,no_action,no_action,5
1705.4745763980318,before_first_failure,399,6,8,4,0,no_action,no_action,3
1707.4961113699828,before_first_failure,399,8,8,4,0,no_action,no_action,5
1709.5896690899972,before_first_failure,405,8,8,4,0,no_action,no_action,6
1711.6712472370127,before_first_failure,414,7,8,4,0,no_action,no_action,5
1713.9710720410221,before_first_failure,420,8,8,4,0,no_action,no_action,3
1716.0607327379985,before_first_failure,420,8,8,4,0,no_action,no_action,6
1729.4482000300195,before_first_failure,437,7,8,4,0,no_action,no_action,0
1732.1802971439902,before_first_failure,441,2,8,4,0,no_action,no_action,0
1734.228186879016,before_first_failure,445,8,8,4,0,no_action,no_action,3
1736.269871580007,before_first_failure,454,8,8,4,0,no_action,no_action,5
1738.3746637140284,before_first_failure,456,7,8,4,0,no_action,no_action,6
1740.3828860259964,before_first_failure,460,8,8,4,0,no_action,no_action,7
1742.4101501050172,before_first_failure,457,8,8,4,0,no_action,no_action,5
1744.485472293978,before_first_failure,458,7,8,4,0,no_action,no_action,5
1746.6871291340212,before_first_failure,457,8,8,4,0,no_action,no_action,5
1748.7704415179905,before_first_failure,461,7,8,4,0,no_action,no_action,7
1750.841899884981,before_first_failure,461,8,8,4,0,no_action,no_action,8
1752.889935211977,before_first_failure,464,7,8,4,0,no_action,no_action,7
1755.1709044789895,before_first_failure,464,8,8,4,0,no_action,no_action,6
1757.2174879320082,before_first_failure,464,7,8,4,0,no_action,no_action,5
1759.259698391019,before_first_failure,462,6,8,4,0,no_action,no_action,3
1761.261069137021,before_first_failure,460,8,8,4,0,no_action,no_action,7
1763.3143534230185,before_first_failure,460,7,8,4,0,no_action,no_action,6
1765.4152411620016,before_first_failure,461,8,8,4,0,no_action,no_action,8
1767.4806838440127,before_first_failure,461,7,8,4,0,no_action,no_action,4
1769.5841123629943,before_first_failure,460,6,8,4,0,no_action,no_action,3
1782.50405094499,before_first_failure,478,7,8,4,0,no_action,no_action,0
1784.642232111015,before_first_failure,478,8,8,4,0,no_action,no_action,2
1787.200609899999,before_first_failure,480,7,8,4,0,no_action,no_action,4
1789.304930926999,before_first_failure,475,6,8,4,0,no_action,no_action,5
1791.3460910430294,before_first_failure,474,7,8,4,0,no_action,no_action,3
1793.3972841260256,before_first_failure,472,8,8,4,0,no_action,no_action,3
1795.4209952849778,before_first_failure,476,7,8,4,0,no_action,no_action,5
1797.5130283309845,before_first_failure,475,7,8,4,0,no_action,no_action,4
1799.7684188699932,before_first_failure,474,6,8,4,0,no_action,no_action,6
1802.0375514220214,before_first_failure,473,6,8,4,0,no_action,no_action,5
1804.0589037259924,before_first_failure,475,8,8,4,0,no_action,no_action,6
1806.224481946032,before_first_failure,474,7,8,4,0,no_action,no_action,4
1808.7226917169755,before_first_failure,474,7,8,4,0,no_action,no_action,5
1810.7320769699872,before_first_failure,472,7,8,4,0,no_action,no_action,2
1812.811365475005,before_first_failure,474,7,8,4,0,no_action,no_action,5
1815.0161335300072,before_first_failure,476,5,8,4,0,no_action,no_action,4
1817.0738934969995,before_first_failure,472,7,8,4,0,no_action,no_action,4
1819.1569298719987,before_first_failure,469,8,8,4,0,no_action,no_action,4
1821.2392642659834,before_first_failure,470,7,8,4,0,no_action,no_action,4
1823.3855732990196,before_first_failure,472,7,8,4,0,no_action,no_action,4
1825.4484741010237,before_first_failure,470,8,8,4,0,no_action,no_action,5
1827.8957746879896,before_first_failure,474,8,8,4,0,no_action,no_action,6
1829.907194476982,before_first_failure,474,6,8,4,0,no_action,no_action,5
1844.050406622002,before_first_failure,486,6,8,4,0,no_action,no_action,0
1846.0782354699913,before_first_failure,481,8,8,4,0,no_action,no_action,3
1848.8094206540263,before_first_failure,481,8,8,4,0,no_action,no_action,1
1850.991944901005,before_first_failure,480,8,8,4,0,no_action,no_action,4
1853.5273394419928,before_first_failure,481,8,8,4,0,no_action,no_action,2
1855.540073653974,before_first_failure,477,8,8,4,0,no_action,no_action,3
1857.8805839720299,before_first_failure,480,8,8,4,0,no_action,no_action,1
1859.8949063720065,before_first_failure,479,8,8,4,0,no_action,no_action,6
1861.9180939010112,before_first_failure,483,8,8,4,0,no_action,no_action,6
1863.9829601190286,before_first_failure,484,6,8,4,0,no_action,no_action,5
1866.0657551559852,before_first_failure,485,7,8,4,0,no_action,no_action,6
1868.4386887379806,before_first_failure,486,8,8,4,0,no_action,no_action,6
1870.5165202339995,before_first_failure,486,6,8,4,0,no_action,no_action,5
1872.5351731730043,before_first_failure,487,6,8,4,0,no_action,no_action,4
1874.6154707819805,before_first_failure,487,8,8,4,0,no_action,no_action,5
1876.9199371400173,before_first_failure,490,8,8,4,0,no_action,no_action,4
1879.1130580769968,before_first_failure,490,5,8,4,0,no_action,no_action,3
1881.121228702017,before_first_failure,489,7,8,4,0,no_action,no_action,5
1883.2100921840174,before_first_failure,490,7,8,4,0,no_action,no_action,6
1896.8142290610122,before_first_failure,489,8,8,4,0,no_action,no_action,0
1898.8546723710024,before_first_failure,512,5,8,4,0,no_action,no_action,2
1900.959501217003,before_first_failure,512,4,8,4,0,no_action,no_action,4
1902.9942200020305,before_first_failure,515,7,8,4,0,no_action,no_action,4
1905.088527209009,before_first_failure,521,8,8,4,0,no_action,no_action,5
1907.154738451005,before_first_failure,525,7,8,4,0,no_action,no_action,5
1909.2063851709827,before_first_failure,524,8,8,4,0,no_action,no_action,5
1911.211508351029,before_first_failure,526,8,8,4,0,no_action,no_action,5
1913.8129518930218,before_first_failure,526,7,8,4,0,no_action,no_action,5
1915.828643313027,before_first_failure,524,7,8,4,0,no_action,no_action,6
1917.9283126610098,before_first_failure,527,7,8,4,0,no_action,no_action,6
1920.637089935015,before_first_failure,528,7,8,4,0,no_action,no_action,4
1922.7367767399992,before_first_failure,525,8,8,4,0,no_action,no_action,6
1924.7474023670075,before_first_failure,524,8,8,4,0,no_action,no_action,6
1926.7755291209905,before_first_failure,523,7,8,4,0,no_action,no_action,6
1928.851208720007,before_first_failure,520,8,8,4,0,no_action,no_action,3
1931.1047014450305,before_first_failure,526,7,8,4,0,no_action,no_action,6
1933.126038765011,before_first_failure,528,7,8,4,0,no_action,no_action,6
1935.1281668490265,before_first_failure,528,7,8,4,0,no_action,no_action,5
1937.1965434409794,before_first_failure,524,8,8,4,0,no_action,no_action,4
1939.2777496959898,before_first_failure,524,8,8,4,0,no_action,no_action,6
1941.3632408339763,before_first_failure,528,7,8,4,0,no_action,no_action,7
1954.1450000490295,before_first_failure,548,8,8,4,0,no_action,no_action,0
1956.4040194679983,before_first_failure,542,8,8,4,0,no_action,no_action,4
1958.7818307629786,before_first_failure,543,7,8,4,0,no_action,no_action,5
1960.8021138170152,before_first_failure,549,4,8,4,0,no_action,no_action,4
1962.8407404019963,before_first_failure,547,7,8,4,0,no_action,no_action,5
1965.0125067990157,before_first_failure,549,8,8,4,0,no_action,no_action,5
1967.1606757380068,before_first_failure,545,8,8,4,0,no_action,no_action,4
1969.2024840600207,before_first_failure,544,8,8,4,0,no_action,no_action,5
1971.2431746340008,before_first_failure,546,5,8,4,0,no_action,no_action,3
1973.2914071360137,before_first_failure,548,7,8,4,0,no_action,no_action,5
1975.3422302189865,before_first_failure,549,7,8,4,0,no_action,no_action,6
1977.381410758011,before_first_failure,548,7,8,4,0,no_action,no_action,4
1979.5922990490217,before_first_failure,544,8,8,4,0,no_action,no_action,4
1981.6842754500103,before_first_failure,546,8,8,4,0,no_action,no_action,4
1983.7441042049904,before_first_failure,546,7,8,4,0,no_action,no_action,2
1985.7547286180197,before_first_failure,549,8,8,4,0,no_action,no_action,3
1988.1214219660033,before_first_failure,550,8,8,4,0,no_action,no_action,4
1990.2632268129964,before_first_failure,550,7,8,4,0,no_action,no_action,1
1992.3553841229877,before_first_failure,547,7,8,4,0,no_action,no_action,0
1994.4671132289805,before_first_failure,547,8,8,4,0,no_action,no_action,3
1996.5357804590021,before_first_failure,549,7,8,4,0,no_action,no_action,5
1998.6859351409948,before_first_failure,548,8,8,4,0,no_action,no_action,8
2013.2196106730262,before_first_failure,572,8,8,4,0,no_action,no_action,0
2015.9948075810098,before_first_failure,572,8,8,4,0,no_action,no_action,3
2018.8447121130303,before_first_failure,580,7,8,4,0,no_action,no_action,6
2020.8893755319878,before_first_failure,585,6,8,4,0,no_action,no_action,5
2023.259742913011,before_first_failure,592,8,8,4,0,no_action,no_action,5
2025.4140243849833,before_first_failure,591,6,8,4,0,no_action,no_action,3
2027.5117872019764,before_first_failure,594,7,8,4,0,no_action,no_action,6
2029.5902334339917,before_first_failure,597,5,8,4,0,no_action,no_action,3
2032.047908499022,before_first_failure,595,8,8,4,0,no_action,no_action,4
2034.1186458930024,before_first_failure,595,8,8,4,0,no_action,no_action,5
2036.2103743369807,before_first_failure,596,7,8,4,0,no_action,no_action,6
2038.4711254219874,before_first_failure,597,5,8,4,0,no_action,no_action,0
2040.5068204069976,before_first_failure,591,8,8,4,0,no_action,no_action,2
2042.958937680989,before_first_failure,595,8,8,4,0,no_action,no_action,1
2045.0126408769866,before_first_failure,593,6,8,4,0,no_action,no_action,3
2047.0841011250159,before_first_failure,595,6,8,4,0,no_action,no_action,3
2049.1056642570184,before_first_failure,597,7,8,4,0,no_action,no_action,4
2051.2009680389892,before_first_failure,597,7,8,4,0,no_action,no_action,4
2053.276794769976,before_first_failure,597,7,8,4,0,no_action,no_action,5
2055.343296393985,before_first_failure,593,8,8,4,0,no_action,no_action,5
2057.3598251080257,before_first_failure,596,6,8,4,0,no_action,no_action,4
2071.617564442975,before_first_failure,621,8,8,4,0,no_action,no_action,1
2073.967456943996,before_first_failure,628,8,8,4,0,no_action,no_action,0
2076.017149307998,before_first_failure,630,7,8,4,0,no_action,no_action,1
2078.0761229179916,before_first_failure,630,7,8,4,0,no_action,no_action,3
2080.156564328994,before_first_failure,629,6,8,4,0,no_action,no_action,3
2082.3049015360302,before_first_failure,632,8,8,4,0,no_action,no_action,6
2084.3427779619815,before_first_failure,631,6,8,4,0,no_action,no_action,4
2086.4216328390175,before_first_failure,630,8,8,4,0,no_action,no_action,7
2088.4872524220264,before_first_failure,629,8,8,4,0,no_action,no_action,6
2090.4979151519947,before_first_failure,633,6,8,4,0,no_action,no_action,5
2092.592350992025,before_first_failure,630,8,8,4,0,no_action,no_action,5
2094.673515063012,before_first_failure,630,7,8,4,0,no_action,no_action,5
2096.7474846889963,before_first_failure,632,5,8,4,0,no_action,no_action,3
2098.8138335740077,before_first_failure,631,8,8,4,0,no_action,no_action,2
2101.0400690649985,before_first_failure,637,5,8,4,0,no_action,no_action,1
2103.0546148039866,before_first_failure,639,8,8,4,0,no_action,no_action,4
2105.624748072005,before_first_failure,643,7,8,4,0,no_action,no_action,6
2107.6772302790196,before_first_failure,644,8,8,4,0,no_action,no_action,6
2109.9917591420235,before_first_failure,646,8,8,4,0,no_action,no_action,3
2112.0466097039753,before_first_failure,649,6,8,4,0,no_action,no_action,4
2114.09830073599,before_first_failure,649,7,8,4,0,no_action,no_action,4
2116.6042449339875,before_first_failure,650,7,8,4,0,no_action,no_action,4
2118.6443525369978,before_first_failure,647,7,8,4,0,no_action,no_action,4
2120.6618755210075,before_first_failure,646,8,8,4,0,no_action,no_action,4
2134.184441872989,before_first_failure,646,8,8,4,0,no_action,no_action,0
2136.2873054299853,before_first_failure,666,4,8,4,0,no_action,no_action,1
2139.073140762979,before_first_failure,666,7,8,4,0,no_action,no_action,2
2141.2949684539926,before_first_failure,664,8,8,4,0,no_action,no_action,4
2143.388371155015,before_first_failure,668,8,8,4,0,no_action,no_action,6
2145.4623709089938,before_first_failure,668,7,8,4,0,no_action,no_action,5
2147.5087098130025,before_first_failure,672,8,8,4,0,no_action,no_action,7
2149.805632314994,before_first_failure,675,8,8,4,0,no_action,no_action,4
2151.907160974981,before_first_failure,681,6,8,4,0,no_action,no_action,5
2153.965941997012,before_first_failure,680,8,8,4,0,no_action,no_action,7
2156.162297210016,before_first_failure,684,6,8,4,0,no_action,no_action,5
2158.211515402014,before_first_failure,683,8,8,4,0,no_action,no_action,5
2160.351309054997,before_first_failure,686,6,8,4,0,no_action,no_action,2
2162.4463022939744,before_first_failure,686,7,8,4,0,no_action,no_action,5
2164.499768587004,before_first_failure,683,8,8,4,0,no_action,no_action,4
2166.566527244984,before_first_failure,683,7,8,4,0,no_action,no_action,5
2168.6638246679795,before_first_failure,684,7,8,4,0,no_action,no_action,7
2170.789962648996,before_first_failure,685,8,8,4,0,no_action,no_action,4
2172.8131606709794,before_first_failure,683,6,8,4,0,no_action,no_action,5
2174.8472879710025,before_first_failure,682,7,8,4,0,no_action,no_action,0
2176.850353617978,before_first_failure,678,8,8,4,0,no_action,no_action,2
2178.9236233939882,before_first_failure,681,3,8,4,0,no_action,no_action,0
2181.0632467209944,before_first_failure,677,8,8,4,0,no_action,no_action,3
2183.0794998289784,before_first_failure,677,7,8,4,0,no_action,no_action,5
2185.179532308015,before_first_failure,676,3,8,4,0,no_action,no_action,1
2198.04018096003,before_first_failure,689,3,8,4,0,no_action,no_action,0
2200.5905093380134,before_first_failure,685,6,8,4,0,no_action,no_action,2
2202.6672285349923,before_first_failure,685,8,8,4,0,no_action,no_action,3
2204.8404873579857,before_first_failure,684,8,8,4,0,no_action,no_action,7
2206.9407068769797,before_first_failure,686,4,8,4,0,no_action,no_action,2
2208.9774085649988,before_first_failure,683,7,8,4,0,no_action,no_action,1
2211.0590865000268,before_first_failure,684,8,8,4,0,no_action,no_action,4
2213.092079445021,before_first_failure,687,8,8,4,0,no_action,no_action,4
2215.192249688029,before_first_failure,687,7,8,4,0,no_action,no_action,4
2217.2330565570155,before_first_failure,687,6,8,4,0,no_action,no_action,3
2219.298530969012,before_first_failure,690,6,8,4,0,no_action,no_action,1
2221.6473866039887,before_first_failure,692,6,8,4,0,no_action,no_action,3
2223.6938894339837,before_first_failure,693,6,8,4,0,no_action,no_action,4
2225.8945121010183,before_first_failure,693,8,8,4,0,no_action,no_action,2
2227.956013999996,before_first_failure,695,4,8,4,0,no_action,no_action,2
2230.0141171109863,before_first_failure,692,7,8,4,0,no_action,no_action,2
2232.037550345005,before_first_failure,693,7,8,4,0,no_action,no_action,3
2234.286153795023,before_first_failure,691,8,8,4,0,no_action,no_action,6
2236.287720312015,before_first_failure,689,8,8,4,0,no_action,no_action,7
2238.3365285550244,before_first_failure,690,8,8,4,0,no_action,no_action,6
2240.400888010976,before_first_failure,693,7,8,4,0,no_action,no_action,5
2242.4294680900057,before_first_failure,694,6,8,4,0,no_action,no_action,5
2244.445859481988,before_first_failure,694,8,8,4,0,no_action,no_action,4
2259.4744454469765,before_first_failure,694,7,8,4,0,no_action,no_action,0
2261.568867226015,before_first_failure,712,8,8,4,0,no_action,no_action,2
2263.6153115970083,before_first_failure,711,8,8,4,0,no_action,no_action,4
2265.6996960890247,before_first_failure,710,6,8,4,0,no_action,no_action,2
2267.7096206920105,before_first_failure,713,8,8,4,0,no_action,no_action,7
2269.715197838028,before_first_failure,710,8,8,4,0,no_action,no_action,4
2271.715269057022,before_first_failure,708,7,8,4,0,no_action,no_action,2
2273.820242632006,before_first_failure,710,7,8,4,0,no_action,no_action,4
2275.9028864019783,before_first_failure,708,8,8,4,0,no_action,no_action,4
2277.9986407880206,before_first_failure,709,8,8,4,0,no_action,no_action,4
2280.0496558520244,before_first_failure,711,6,8,4,0,no_action,no_action,4
2282.1505011160043,before_first_failure,711,4,8,4,0,no_action,no_action,3
2284.293301095022,before_first_failure,707,8,8,4,0,no_action,no_action,4
2286.5009018970304,before_first_failure,705,8,8,4,0,no_action,no_action,4
2288.558965835022,before_first_failure,704,8,8,4,0,no_action,no_action,5
2290.638730634004,before_first_failure,703,8,8,4,0,no_action,no_action,5
2292.715623268974,before_first_failure,702,8,8,4,0,no_action,no_action,6
2294.7545107530314,before_first_failure,705,7,8,4,0,no_action,no_action,5
2296.785499495978,before_first_failure,703,7,8,4,0,no_action,no_action,6
2298.814536459977,before_first_failure,702,8,8,4,0,no_action,no_action,7
2300.8897335910005,before_first_failure,700,7,8,4,0,no_action,no_action,5
2302.992972353997,before_first_failure,701,7,8,4,0,no_action,no_action,6
2305.0588495549746,before_first_failure,700,7,8,4,0,no_action,no_action,5
2307.1182086530025,before_first_failure,703,7,8,4,0,no_action,no_action,5
2309.168026525993,before_first_failure,703,8,8,4,0,no_action,no_action,5
2311.1734659009962,before_first_failure,706,7,8,4,0,no_action,no_action,3
2313.330449561996,before_first_failure,707,8,8,4,0,no_action,no_action,6
2315.474651618977,before_first_failure,706,8,8,4,0,no_action,no_action,6
2333.4718171569984,before_first_failure,719,7,8,4,0,no_action,no_action,0
2336.5140739810304,before_first_failure,719,8,8,4,0,no_action,no_action,1
2338.623659202014,before_first_failure,725,8,8,4,0,no_action,no_action,2
2340.6963116790284,before_first_failure,727,5,8,4,0,no_action,no_action,3
2342.793842803978,before_first_failure,727,7,8,4,0,no_action,no_action,7
2344.842215429002,before_first_failure,724,8,8,4,0,no_action,no_action,5
2346.8469758959836,before_first_failure,728,8,8,4,0,no_action,no_action,4
2348.945168548031,before_first_failure,734,7,8,4,0,no_action,no_action,1
2350.949873484031,before_first_failure,734,8,8,4,0,no_action,no_action,3
2352.995222278987,before_first_failure,740,7,8,4,0,no_action,no_action,6
2355.2118611329934,before_first_failure,743,8,8,4,0,no_action,no_action,4
2357.3016542529804,before_first_failure,745,8,8,4,0,no_action,no_action,5
2359.704409346974,before_first_failure,748,7,8,4,0,no_action,no_action,4
2361.7869714249973,before_first_failure,745,7,8,4,0,no_action,no_action,2
2363.877394668001,before_first_failure,744,7,8,4,0,no_action,no_action,4
2365.9613153369864,before_first_failure,746,7,8,4,0,no_action,no_action,4
2367.989332726982,before_first_failure,746,7,8,4,0,no_action,no_action,5
2370.087526193005,before_first_failure,746,8,8,4,0,no_action,no_action,6
2372.1523906370276,before_first_failure,745,7,8,4,0,no_action,no_action,5
2374.466730111977,before_first_failure,744,8,8,4,0,no_action,no_action,3
2376.4901072480134,before_first_failure,742,8,8,4,0,no_action,no_action,3
2378.5874069500132,before_first_failure,743,8,8,4,0,no_action,no_action,6
2380.7124976170016,before_first_failure,744,5,8,4,0,no_action,no_action,4
2382.9379753849935,before_first_failure,740,8,8,4,0,no_action,no_action,5
2384.9419413420255,before_first_failure,747,8,8,4,0,no_action,no_action,7
2386.982426612987,before_first_failure,750,7,8,4,0,no_action,no_action,4
2389.1080326209776,before_first_failure,747,8,8,4,0,no_action,no_action,4
2407.8716731860186,before_first_failure,774,8,8,4,0,no_action,no_action,0
2409.9486228990136,before_first_failure,766,8,8,4,0,no_action,no_action,2
2412.368731857976,before_first_failure,767,8,8,4,0,no_action,no_action,7
2414.713004040008,before_first_failure,770,7,8,4,0,no_action,no_action,4
2416.752451883978,before_first_failure,770,8,8,4,0,no_action,no_action,6
2418.817858344002,before_first_failure,770,7,8,4,0,no_action,no_action,6
2420.9189671960194,before_first_failure,771,6,8,4,0,no_action,no_action,5
2422.9690298589994,before_first_failure,772,8,8,4,0,no_action,no_action,5
2425.062303691986,before_first_failure,774,7,8,4,0,no_action,no_action,6
2427.111027829,before_first_failure,773,7,8,4,0,no_action,no_action,4
2429.222215722024,before_first_failure,776,8,8,4,0,no_action,no_action,4
2431.382806347974,before_first_failure,779,7,8,4,0,no_action,no_action,4
2433.4305281519773,before_first_failure,779,6,8,4,0,no_action,no_action,3
2435.664587362029,before_first_failure,779,7,8,4,0,no_action,no_action,5
2437.7527354410267,before_first_failure,779,8,8,4,0,no_action,no_action,7
2440.0790152340196,before_first_failure,779,8,8,4,0,no_action,no_action,4
2442.185765994014,before_first_failure,779,8,8,4,0,no_action,no_action,4
2444.2104127519997,before_first_failure,781,5,8,4,0,no_action,no_action,4
2446.261860581988,before_first_failure,780,7,8,4,0,no_action,no_action,5
2448.2712234240025,before_first_failure,784,8,8,4,0,no_action,no_action,6
2450.3854953880073,before_first_failure,785,8,8,4,0,no_action,no_action,5
2453.023457645031,before_first_failure,789,8,8,4,0,no_action,no_action,2
2455.034381621983,before_first_failure,789,7,8,4,0,no_action,no_action,5
2457.5901073230198,before_first_failure,788,8,8,4,0,no_action,no_action,7
2459.7074666409753,before_first_failure,792,5,8,4,0,no_action,no_action,3
2461.8181464960217,before_first_failure,788,8,8,4,0,no_action,no_action,3
2463.859138310014,before_first_failure,792,7,8,4,0,no_action,no_action,5
2465.8820460530114,before_first_failure,789,8,8,4,0,no_action,no_action,7
2467.970292010985,before_first_failure,791,7,8,4,0,no_action,no_action,7
2470.019444909005,before_first_failure,794,4,8,4,0,no_action,no_action,4
2472.2601504109916,before_first_failure,791,8,8,4,0,no_action,no_action,1
2474.550812637026,before_first_failure,789,8,8,4,0,no_action,no_action,3
2489.631519873976,before_first_failure,789,8,8,4,0,no_action,no_action,0
2492.2873142199824,before_first_failure,802,8,8,4,0,no_action,no_action,1
2494.3565062159905,before_first_failure,804,6,8,4,0,no_action,no_action,0
2496.393112140009,before_first_failure,808,4,8,4,0,no_action,no_action,2
2498.472829826991,before_first_failure,807,8,8,4,0,no_action,no_action,7
2500.5464508580044,before_first_failure,804,7,8,4,0,no_action,no_action,2
2502.649559732992,before_first_failure,803,8,8,4,0,no_action,no_action,5
2504.72333067999,before_first_failure,804,7,8,4,0,no_action,no_action,5
2506.729959707998,before_first_failure,801,8,8,4,0,no_action,no_action,2
2508.847071219003,before_first_failure,803,7,8,4,0,no_action,no_action,5
2511.016303915996,before_first_failure,804,7,8,4,0,no_action,no_action,6
2513.026732333994,before_first_failure,803,7,8,4,0,no_action,no_action,5
2515.0522626480088,before_first_failure,803,8,8,4,0,no_action,no_action,4
2517.290368699003,before_first_failure,806,6,8,4,0,no_action,no_action,4
2519.447527326003,before_first_failure,803,8,8,4,0,no_action,no_action,6
2521.697325646004,before_first_failure,802,8,8,4,0,no_action,no_action,4
2524.041358874005,before_first_failure,802,7,8,4,0,no_action,no_action,4
2526.0640269020223,before_first_failure,801,8,8,4,0,no_action,no_action,5
2528.135692810989,before_first_failure,802,6,8,4,0,no_action,no_action,5
2530.3542330660275,before_first_failure,802,8,8,4,0,no_action,no_action,4
2532.404363174981,before_first_failure,802,8,8,4,0,no_action,no_action,7
2534.4461629620055,before_first_failure,800,8,8,4,0,no_action,no_action,6
2536.4877571429824,before_first_failure,802,7,8,4,0,no_action,no_action,7
2538.763232142024,before_first_failure,800,8,8,4,0,no_action,no_action,4
2540.838459982013,before_first_failure,798,7,8,4,0,no_action,no_action,7
2542.8404762949795,before_first_failure,797,6,8,4,0,no_action,no_action,6
2544.96317318402,before_first_failure,793,8,8,4,0,no_action,no_action,6
2547.0466336900136,before_first_failure,794,7,8,4,0,no_action,no_action,5
2564.6342973380233,before_first_failure,808,7,8,4,0,no_action,no_action,1
2566.7407226020005,before_first_failure,802,8,8,4,0,no_action,no_action,5
2569.215859940974,before_first_failure,807,7,8,4,0,no_action,no_action,4
2571.2596790679963,before_first_failure,804,7,8,4,0,no_action,no_action,4
2573.347176817013,before_first_failure,806,7,8,4,0,no_action,no_action,3
2575.44886994001,before_first_failure,814,8,8,4,0,no_action,no_action,4
2577.655972264998,before_first_failure,818,8,8,4,0,no_action,no_action,4
2579.65817430499,before_first_failure,819,8,8,4,0,no_action,no_action,6
2581.8886760530295,before_first_failure,821,7,8,4,0,no_action,no_action,5
2584.125638947997,before_first_failure,818,8,8,4,0,no_action,no_action,5
2586.231550034019,before_first_failure,820,8,8,4,0,no_action,no_action,4
2588.3167536879773,before_first_failure,819,7,8,4,0,no_action,no_action,3
2590.4153170529753,before_first_failure,821,8,8,4,0,no_action,no_action,2
2592.4693525879993,before_first_failure,820,8,8,4,0,no_action,no_action,4
2594.4842334950226,before_first_failure,821,7,8,4,0,no_action,no_action,1
2596.5877753550303,before_first_failure,821,8,8,4,0,no_action,no_action,2
2598.6810451879865,before_first_failure,824,7,8,4,0,no_action,no_action,5
2600.795490890974,before_first_failure,826,7,8,4,0,no_action,no_action,6
2602.906543616031,before_first_failure,827,7,8,4,0,no_action,no_action,4
2604.967090690974,before_first_failure,829,7,8,4,0,no_action,no_action,4
2607.4154506819905,before_first_failure,831,7,8,4,0,no_action,no_action,4
2609.450734973012,before_first_failure,831,7,8,4,0,no_action,no_action,5
2611.5775594810257,before_first_failure,831,8,8,4,0,no_action,no_action,2
2613.681088338024,before_first_failure,830,8,8,4,0,no_action,no_action,4
2615.704563268984,before_first_failure,831,8,8,4,0,no_action,no_action,6
2618.112738594995,before_first_failure,828,8,8,4,0,no_action,no_action,4
2620.1552970460034,before_first_failure,828,8,8,4,0,no_action,no_action,6
2622.1727414909983,before_first_failure,830,7,8,4,0,no_action,no_action,6
2624.2113199370215,before_first_failure,828,8,8,4,0,no_action,no_action,6
2626.218561062007,before_first_failure,826,8,8,4,0,no_action,no_action,7
2628.23646676098,before_first_failure,828,6,8,4,0,no_action,no_action,5
2630.374811694026,before_first_failure,825,8,8,4,0,no_action,no_action,4
2649.0061514240224,before_first_failure,834,7,8,4,0,no_action,no_action,0
2651.0733462370117,before_first_failure,831,8,8,4,0,no_action,no_action,1
2653.1136914400267,before_first_failure,832,7,8,4,0,no_action,no_action,6
2655.184122315026,before_first_failure,832,6,8,4,0,no_action,no_action,4
2657.282943097991,before_first_failure,834,7,8,4,0,no_action,no_action,3
2659.322957155993,before_first_failure,832,7,8,4,0,no_action,no_action,5
2661.358530980011,before_first_failure,831,5,8,4,0,no_action,no_action,3
2663.422942557023,before_first_failure,828,7,8,4,0,no_action,no_action,3
2665.468356945028,before_first_failure,828,7,8,4,0,no_action,no_action,6
2667.531725774985,before_first_failure,825,7,8,4,0,no_action,no_action,3
2669.5754475680296,before_first_failure,826,8,8,4,0,no_action,no_action,3
2671.7393650540034,before_first_failure,828,7,8,4,0,no_action,no_action,4
2673.88415425102,before_first_failure,828,7,8,4,0,no_action,no_action,5
2676.007674156979,before_first_failure,825,6,8,4,0,no_action,no_action,3
2678.106505024014,before_first_failure,824,8,8,4,0,no_action,no_action,4
2680.4867881169776,before_first_failure,828,8,8,4,0,no_action,no_action,3
2683.0135050049867,before_first_failure,826,8,8,4,0,no_action,no_action,3
2685.0287522440194,before_first_failure,832,7,8,4,0,no_action,no_action,4
2687.061696822988,before_first_failure,834,7,8,4,0,no_action,no_action,4
2689.4062041440047,before_first_failure,838,8,8,4,0,no_action,no_action,3
2691.4462215200183,before_first_failure,846,4,8,4,0,no_action,no_action,3
2693.4892892049975,before_first_failure,846,8,8,4,0,no_action,no_action,3
2695.538204040029,before_first_failure,855,6,8,4,0,no_action,no_action,2
2697.579049523978,before_first_failure,853,8,8,4,0,no_action,no_action,3
2699.8262831359752,before_first_failure,853,7,8,4,0,no_action,no_action,3
2701.8909516800195,before_first_failure,852,7,8,4,0,no_action,no_action,4
2703.991635886021,before_first_failure,852,6,8,4,0,no_action,no_action,5
2706.072854286991,before_first_failure,850,6,8,4,0,no_action,no_action,5
2708.1843875020277,before_first_failure,851,4,8,4,0,no_action,no_action,3
2710.2632797780097,before_first_failure,849,8,8,4,0,no_action,no_action,8
2712.348689471022,before_first_failure,850,5,8,4,0,no_action,no_action,4
2714.4537384430296,before_first_failure,845,8,8,4,0,no_action,no_action,4
2716.468879623979,before_first_failure,846,7,8,4,0,no_action,no_action,5
2736.830656997976,before_first_failure,856,8,8,4,0,no_action,no_action,0
2738.860063477012,before_first_failure,852,8,8,4,0,no_action,no_action,0
2741.34685583401,before_first_failure,855,7,8,4,0,no_action,no_action,3
2743.5120192490285,before_first_failure,855,8,8,4,0,no_action,no_action,5
2745.580945743015,before_first_failure,854,6,8,4,0,no_action,no_action,4
2747.6053388569853,before_first_failure,852,5,8,4,0,no_action,no_action,3
2749.7382923190016,before_first_failure,851,7,8,4,0,no_action,no_action,4
2751.7920212210156,before_first_failure,848,7,8,4,0,no_action,no_action,4
2753.8736730910023,before_first_failure,852,6,8,4,0,no_action,no_action,4
2755.9394198160153,before_first_failure,851,4,8,4,0,no_action,no_action,2
2758.0140712860157,before_first_failure,849,7,8,4,0,no_action,no_action,3
2760.035303022014,before_first_failure,850,7,8,4,0,no_action,no_action,5
2762.458370701992,before_first_failure,851,5,8,4,0,no_action,no_action,2
2764.555318914994,before_first_failure,845,7,8,4,0,no_action,no_action,3
2766.5858631000156,before_first_failure,840,8,8,4,0,no_action,no_action,2
2768.6265510729863,before_first_failure,843,7,8,4,0,no_action,no_action,4
2770.64375281299,before_first_failure,841,6,8,4,0,no_action,no_action,5
2772.699136773008,before_first_failure,840,7,8,4,0,no_action,no_action,3
2774.7691261360305,before_first_failure,837,7,8,4,0,no_action,no_action,5
2776.782814235019,before_first_failure,839,5,8,4,0,no_action,no_action,4
2778.823680463014,before_first_failure,834,8,8,4,0,no_action,no_action,5
2781.000508058991,before_first_failure,833,7,8,4,0,no_action,no_action,5
2783.034126766026,before_first_failure,834,8,8,4,0,no_action,no_action,6
2785.0547830439755,before_first_failure,836,6,8,4,0,no_action,no_action,4
2787.154310910031,before_first_failure,833,8,8,4,0,no_action,no_action,5
2789.2183654240216,before_first_failure,838,7,8,4,0,no_action,no_action,7
2791.31214985298,before_first_failure,834,8,8,4,0,no_action,no_action,2
2793.319486006978,before_first_failure,835,8,8,4,0,no_action,no_action,4
2796.0439469179837,before_first_failure,840,5,8,4,0,no_action,no_action,4
2798.0976565540186,before_first_failure,840,8,8,4,0,no_action,no_action,4
2800.2521445800085,before_first_failure,841,6,8,4,0,no_action,no_action,2
2802.365763909009,before_first_failure,837,8,8,4,0,no_action,no_action,3
2804.5109994750237,before_first_failure,839,8,8,4,0,no_action,no_action,2
2824.0985180020216,before_first_failure,840,8,8,4,0,no_action,no_action,0
2826.1860945270164,before_first_failure,855,7,8,4,0,no_action,no_action,4
2828.7166974060237,before_first_failure,856,8,8,4,0,no_action,no_action,5
2830.777029099001,before_first_failure,855,8,8,4,0,no_action,no_action,6
2832.8484354370157,before_first_failure,854,8,8,4,0,no_action,no_action,7
2834.908141241991,before_first_failure,852,8,8,4,0,no_action,no_action,2
2837.0042192739784,before_first_failure,851,8,8,4,0,no_action,no_action,3
2839.059639242012,before_first_failure,852,7,8,4,0,no_action,no_action,4
2841.15649092698,before_first_failure,851,8,8,4,0,no_action,no_action,3
2843.2336039689835,before_first_failure,853,8,8,4,0,no_action,no_action,4
2845.260218321986,before_first_failure,854,5,8,4,0,no_action,no_action,2
2847.2997298130067,before_first_failure,848,8,8,4,0,no_action,no_action,4
2849.396853806975,before_first_failure,850,8,8,4,0,no_action,no_action,6
2851.4101261870237,before_first_failure,849,6,8,4,0,no_action,no_action,4
2853.4558267000248,before_first_failure,848,8,8,4,0,no_action,no_action,6
2855.5332027809927,before_first_failure,846,7,8,4,0,no_action,no_action,4
2857.5625524370116,before_first_failure,843,8,8,4,0,no_action,no_action,5
2859.6235213950276,before_first_failure,842,7,8,4,0,no_action,no_action,7
2861.642501807015,before_first_failure,842,7,8,4,0,no_action,no_action,5
2863.6706754059996,before_first_failure,843,7,8,4,0,no_action,no_action,7
2865.695893172,before_first_failure,841,7,8,4,0,no_action,no_action,6
2867.781619282032,before_first_failure,842,7,8,4,0,no_action,no_action,7
2869.8723223269917,before_first_failure,842,8,8,4,0,no_action,no_action,5
2871.9266183589934,before_first_failure,842,7,8,4,0,no_action,no_action,6
2873.952676329005,before_first_failure,839,6,8,4,0,no_action,no_action,4
2875.9884919950273,before_first_failure,837,7,8,4,0,no_action,no_action,4
2878.091234063031,before_first_failure,838,7,8,4,0,no_action,no_action,6
2880.125686402025,before_first_failure,838,7,8,4,0,no_action,no_action,7
2882.224181808997,before_first_failure,837,7,8,4,0,no_action,no_action,5
2884.275481703982,before_first_failure,836,8,8,4,0,no_action,no_action,4
2886.3768650530255,before_first_failure,835,8,8,4,0,no_action,no_action,4
2888.483392315975,before_first_failure,835,8,8,4,0,no_action,no_action,3
2890.528329610999,before_first_failure,835,8,8,4,0,no_action,no_action,5
2892.6178261589957,before_first_failure,837,8,8,4,0,no_action,no_action,1
2894.8292474289774,before_first_failure,831,8,8,4,0,no_action,no_action,3
2897.0065421769978,before_first_failure,834,7,8,4,0,no_action,no_action,5
2899.0385401159874,before_first_failure,832,6,8,4,0,no_action,no_action,4
2901.3072001870023,before_first_failure,831,6,8,4,0,no_action,no_action,3
2903.3588722309796,before_first_failure,831,8,8,4,0,no_action,no_action,7
2905.503200003004,before_first_failure,830,7,8,4,0,no_action,no_action,5
2924.9034115620307,before_first_failure,827,8,8,4,0,no_action,no_action,0
2927.4657979279873,before_first_failure,836,3,8,4,0,no_action,no_action,0
2929.5511635000003,before_first_failure,832,8,8,4,0,no_action,no_action,6
2931.654907564982,before_first_failure,831,8,8,4,0,no_action,no_action,5
2933.746874851,before_first_failure,830,8,8,4,0,no_action,no_action,5
2935.7616979660233,before_first_failure,831,5,8,4,0,no_action,no_action,4
2937.7696394370287,before_first_failure,828,7,8,4,0,no_action,no_action,5
2939.7831234909827,before_first_failure,831,7,8,4,0,no_action,no_action,4
2941.891948235978,before_first_failure,829,6,8,4,0,no_action,no_action,2
2943.9876958029927,before_first_failure,827,7,8,4,0,no_action,no_action,5
2946.0845920920256,before_first_failure,826,8,8,4,0,no_action,no_action,5
2948.15075340803,before_first_failure,829,7,8,4,0,no_action,no_action,5
2950.1899228370166,before_first_failure,828,7,8,4,0,no_action,no_action,6
2952.312547351001,before_first_failure,824,8,8,4,0,no_action,no_action,5
2954.391138101986,before_first_failure,824,7,8,4,0,no_action,no_action,7
2956.430344770022,before_first_failure,825,7,8,4,0,no_action,no_action,7
2958.5005979459966,before_first_failure,828,6,8,4,0,no_action,no_action,3
2960.571244677005,before_first_failure,825,8,8,4,0,no_action,no_action,3
2962.648974752985,before_first_failure,825,7,8,4,0,no_action,no_action,6
2964.734013135021,before_first_failure,829,8,8,4,0,no_action,no_action,7
2966.8354907489847,before_first_failure,832,6,8,4,0,no_action,no_action,4
2968.88701303798,before_first_failure,833,7,8,4,0,no_action,no_action,7
2970.984286157007,before_first_failure,830,8,8,4,0,no_action,no_action,4
2973.3012686999864,before_first_failure,834,8,8,4,0,no_action,no_action,5
2975.3772297070245,before_first_failure,838,7,8,4,0,no_action,no_action,5
2977.419222842029,before_first_failure,839,7,8,4,0,no_action,no_action,6
2979.648963587999,before_first_failure,837,8,8,4,0,no_action,no_action,4
2981.66772947798,before_first_failure,836,7,8,4,0,no_action,no_action,4
2983.675160094979,before_first_failure,836,7,8,4,0,no_action,no_action,4
2985.716945909022,before_first_failure,835,7,8,4,0,no_action,no_action,4
2987.7682306860224,before_first_failure,832,7,8,4,0,no_action,no_action,5
2989.8062166739837,before_first_failure,834,7,8,4,0,no_action,no_action,6
2991.8305105420295,before_first_failure,832,7,8,4,0,no_action,no_action,3
2993.9362582329777,before_first_failure,829,8,8,4,0,no_action,no_action,4
2995.9500016630045,before_first_failure,827,8,8,4,0,no_action,no_action,4
2998.0133660269785,before_first_failure,828,6,8,4,0,no_action,no_action,6
3000.0895810970105,before_first_failure,824,7,8,4,0,no_action,no_action,4
3002.1785468729795,before_first_failure,824,8,8,4,0,no_action,no_action,6
3022.690411877993,before_first_failure,848,6,8,4,0,no_action,no_action,0
3024.8767981490237,before_first_failure,845,8,8,4,0,no_action,no_action,1
3027.51252446702,before_first_failure,847,7,8,4,0,no_action,no_action,3
3029.638383563026,before_first_failure,845,8,8,4,0,no_action,no_action,4
3031.7194947550306,before_first_failure,848,8,8,4,0,no_action,no_action,7
3033.7329259749968,before_first_failure,854,6,8,4,0,no_action,no_action,4
3035.8047711459803,before_first_failure,853,7,8,4,0,no_action,no_action,3
3038.654293840984,before_first_failure,856,8,8,4,0,no_action,no_action,4
3040.6575666210265,before_first_failure,861,8,8,4,0,no_action,no_action,6
3043.1248612360214,before_first_failure,869,6,8,4,0,no_action,no_action,2
3045.1691412050277,before_first_failure,872,8,8,4,0,no_action,no_action,3
3047.4167706390144,before_first_failure,872,7,8,4,0,no_action,no_action,3
3049.4713871999993,before_first_failure,871,7,8,4,0,no_action,no_action,5
3051.510672116012,before_first_failure,868,7,8,4,0,no_action,no_action,5
3053.5466251960024,before_first_failure,866,7,8,4,0,no_action,no_action,5
3055.7841815340216,before_first_failure,867,8,8,4,0,no_action,no_action,8
3057.810894061986,before_first_failure,864,7,8,4,0,no_action,no_action,2
3059.9391525239917,before_first_failure,867,7,8,4,0,no_action,no_action,5
3061.945558610023,before_first_failure,868,8,8,4,0,no_action,no_action,8
3064.123426177015,before_first_failure,866,7,8,4,0,no_action,no_action,4
3066.1341938460246,before_first_failure,868,7,8,4,0,no_action,no_action,6
3068.185754971986,before_first_failure,866,7,8,4,0,no_action,no_action,5
3070.4415093929856,before_first_failure,864,8,8,4,0,no_action,no_action,5
3072.4609045769903,before_first_failure,868,6,8,4,0,no_action,no_action,3
3074.4764349100296,before_first_failure,867,7,8,4,0,no_action,no_action,3
3076.5834485900123,before_first_failure,866,7,8,4,0,no_action,no_action,5
3078.6290274549974,before_first_failure,866,8,8,4,0,no_action,no_action,5
3080.6455013059895,before_first_failure,868,8,8,4,0,no_action,no_action,5
3082.8314594060066,before_first_failure,867,8,8,4,0,no_action,no_action,6
3084.8685097789858,before_first_failure,866,7,8,4,0,no_action,no_action,6
3086.8967916039983,before_first_failure,865,7,8,4,0,no_action,no_action,4
3088.9536947190063,before_first_failure,864,8,8,4,0,no_action,no_action,7
3090.9604837999796,before_first_failure,865,8,8,4,0,no_action,no_action,6
3092.9776232119766,before_first_failure,866,8,8,4,0,no_action,no_action,6
3095.025791827007,before_first_failure,868,8,8,4,0,no_action,no_action,8
3097.123213213985,before_first_failure,869,5,8,4,0,no_action,no_action,4
3099.17704587098,before_first_failure,867,7,8,4,0,no_action,no_action,4
3101.193165212986,before_first_failure,867,5,8,4,0,no_action,no_action,2
3103.2016411590157,before_first_failure,864,7,8,4,0,no_action,no_action,3
3105.2408838180127,before_first_failure,864,7,8,4,0,no_action,no_action,7
3107.342064014985,before_first_failure,861,8,8,4,0,no_action,no_action,6
3109.4875492330175,before_first_failure,861,8,8,4,0,no_action,no_action,3
3130.329129726975,before_first_failure,860,8,8,4,0,no_action,no_action,0
3132.42865017202,before_first_failure,882,5,8,4,0,no_action,no_action,3
3134.638046008011,before_first_failure,880,8,8,4,0,no_action,no_action,2
3136.646120855992,before_first_failure,886,8,8,4,0,no_action,no_action,5
3139.5432469110237,before_first_failure,888,7,8,4,0,no_action,no_action,4
3141.6311920399894,before_first_failure,892,8,8,4,0,no_action,no_action,4
3143.916080861003,before_first_failure,894,8,8,4,0,no_action,no_action,4
3145.947624572029,before_first_failure,892,6,8,4,0,no_action,no_action,4
3147.978418832994,before_first_failure,890,8,8,4,0,no_action,no_action,6
3150.229607329995,before_first_failure,891,7,8,4,0,no_action,no_action,5
3152.2367942670244,before_first_failure,889,7,8,4,0,no_action,no_action,6
3154.3233083360246,before_first_failure,886,8,8,4,0,no_action,no_action,4
3156.380992854014,before_first_failure,887,7,8,4,0,no_action,no_action,4
3158.423159188009,before_first_failure,884,7,8,4,0,no_action,no_action,3
3160.5932066679816,before_first_failure,887,7,8,4,0,no_action,no_action,5
3162.6396300350316,before_first_failure,883,8,8,4,0,no_action,no_action,4
3164.6973525690264,before_first_failure,883,7,8,4,0,no_action,no_action,4
3166.7782319230027,before_first_failure,881,7,8,4,0,no_action,no_action,5
3168.861357485992,before_first_failure,883,3,8,4,0,no_action,no_action,3
3170.8961879559793,before_first_failure,877,8,8,4,0,no_action,no_action,2
3172.955683631997,before_first_failure,878,7,8,4,0,no_action,no_action,5
3175.014581413998,before_first_failure,879,7,8,4,0,no_action,no_action,5
3177.1101379949832,before_first_failure,880,7,8,4,0,no_action,no_action,6
3179.355975273007,before_first_failure,877,7,8,4,0,no_action,no_action,2
3181.477620133024,before_first_failure,876,7,8,4,0,no_action,no_action,2
3183.556230637012,before_first_failure,878,7,8,4,0,no_action,no_action,4
3186.0657162790303,before_first_failure,875,5,8,4,0,no_action,no_action,1
3188.0771172409877,before_first_failure,872,8,8,4,0,no_action,no_action,3
3190.333285807981,before_first_failure,872,7,8,4,0,no_action,no_action,4
3192.558226789988,before_first_failure,870,7,8,4,0,no_action,no_action,3
3194.6071230249945,before_first_failure,870,7,8,4,0,no_action,no_action,4
3196.8932833779836,before_first_failure,872,7,8,4,0,no_action,no_action,5
3199.380163519003,before_first_failure,870,5,8,4,0,no_action,no_action,3
3201.3962813140242,before_first_failure,868,7,8,4,0,no_action,no_action,6
3203.419718047022,before_first_failure,866,8,8,4,0,no_action,no_action,5
3205.459252547007,before_first_failure,865,8,8,4,0,no_action,no_action,6
3208.100154532003,before_first_failure,868,8,8,4,0,no_action,no_action,5
3230.7123795279767,before_first_failure,880,5,8,4,0,no_action,no_action,0
3232.7649384100223,before_first_failure,873,8,8,4,0,no_action,no_action,4
3235.01903126901,before_first_failure,874,8,8,4,0,no_action,no_action,5
3237.072150019987,before_first_failure,876,5,8,4,0,no_action,no_action,4
3239.137931242003,before_first_failure,873,8,8,4,0,no_action,no_action,6
3241.156809240987,before_first_failure,875,7,8,4,0,no_action,no_action,7
3243.204012168979,before_first_failure,875,7,8,4,0,no_action,no_action,5
3245.273539607995,before_first_failure,872,8,8,4,0,no_action,no_action,4
3247.301362485974,before_first_failure,870,8,8,4,0,no_action,no_action,4
3249.3157989860047,before_first_failure,869,8,8,4,0,no_action,no_action,6
3251.3885529779946,before_first_failure,868,6,8,4,0,no_action,no_action,3
3253.5444857630064,before_first_failure,864,7,8,4,0,no_action,no_action,4
3255.693240367982,before_first_failure,862,8,8,4,0,no_action,no_action,5
3257.7267687109997,before_first_failure,861,7,8,4,0,no_action,no_action,4
3259.8307368949754,before_first_failure,860,6,8,4,0,no_action,no_action,3
3261.9351108740084,before_first_failure,857,7,8,4,0,no_action,no_action,4
3264.031580518,before_first_failure,855,8,8,4,0,no_action,no_action,5
3266.133826893987,before_first_failure,853,8,8,4,0,no_action,no_action,6
3268.262185845,before_first_failure,852,8,8,4,0,no_action,no_action,4
3270.307324192021,before_first_failure,853,8,8,4,0,no_action,no_action,7
3272.3509771869867,before_first_failure,853,7,8,4,0,no_action,no_action,7
3274.4125193129876,before_first_failure,849,8,8,4,0,no_action,no_action,5
3276.4312642330187,before_first_failure,849,8,8,4,0,no_action,no_action,5
3278.433719979017,before_first_failure,849,8,8,4,0,no_action,no_action,5
3280.4361620220006,before_first_failure,848,7,8,4,0,no_action,no_action,3
3282.4389370770077,before_first_failure,847,7,8,4,0,no_action,no_action,2
3284.4522117549786,before_first_failure,848,7,8,4,0,no_action,no_action,5
3286.538138106989,before_first_failure,845,8,8,4,0,no_action,no_action,6
3288.6398042829824,before_first_failure,845,7,8,4,0,no_action,no_action,6
3290.7358592500095,before_first_failure,842,8,8,4,0,no_action,no_action,6
3292.874001644028,before_first_failure,844,8,8,4,0,no_action,no_action,5
3294.9430184999947,before_first_failure,844,6,8,4,0,no_action,no_action,3
3297.047937040974,before_first_failure,841,7,8,4,0,no_action,no_action,3
3299.122549323016,before_first_failure,839,7,8,4,0,no_action,no_action,3
3301.1772151750047,before_first_failure,840,6,8,4,0,no_action,no_action,4
3303.2804833719856,before_first_failure,836,7,8,4,0,no_action,no_action,5
3305.528047527012,before_first_failure,836,8,8,4,0,no_action,no_action,5
3307.5976459369995,before_first_failure,834,8,8,4,0,no_action,no_action,6
3309.6593036089907,before_first_failure,832,8,8,4,0,no_action,no_action,5
3311.7363040699856,before_first_failure,832,7,8,4,0,no_action,no_action,4
3313.790490154992,before_first_failure,828,7,8,4,0,no_action,no_action,4
3315.8918780310196,before_first_failure,829,8,8,4,0,no_action,no_action,3
3317.9022209609975,before_first_failure,828,8,8,4,0,no_action,no_action,7
3319.956876499986,before_first_failure,828,7,8,4,0,no_action,no_action,6
3322.0364892969956,before_first_failure,824,8,8,4,0,no_action,no_action,4
3324.1140098579926,before_first_failure,825,6,8,4,0,no_action,no_action,4
3347.3599237389863,before_first_failure,843,8,8,4,0,no_action,no_action,0
3349.7627537989756,before_first_failure,844,3,8,4,0,no_action,no_action,1
3351.77477675298,before_first_failure,840,8,8,4,0,no_action,no_action,0
3354.025965448993,before_first_failure,840,7,8,4,0,no_action,no_action,2
3356.126427210984,before_first_failure,838,8,8,4,0,no_action,no_action,5
3358.184809051978,before_first_failure,839,4,8,4,0,no_action,no_action,4
3360.5205319389934,before_first_failure,837,7,8,4,0,no_action,no_action,4
3362.529443686013,before_first_failure,834,8,8,4,0,no_action,no_action,4
3364.5519071600283,before_first_failure,834,5,8,4,0,no_action,no_action,5
3366.612524205004,before_first_failure,833,8,8,4,0,no_action,no_action,7
3368.7151308659813,before_first_failure,834,5,8,4,0,no_action,no_action,5
3370.799296933983,before_first_failure,832,8,8,4,0,no_action,no_action,8
3372.882303063001,before_first_failure,833,7,8,4,0,no_action,no_action,6
3374.9230501700076,before_first_failure,832,6,8,4,0,no_action,no_action,4
3376.9763404470286,before_first_failure,829,8,8,4,0,no_action,no_action,6
3379.0097344850074,before_first_failure,828,7,8,4,0,no_action,no_action,6
3381.0824580729823,before_first_failure,826,8,8,4,0,no_action,no_action,6
3383.177850942011,before_first_failure,827,7,8,4,0,no_action,no_action,5
3385.405756415974,before_first_failure,827,4,8,4,0,no_action,no_action,2
3387.4841495709843,before_first_failure,824,8,8,4,0,no_action,no_action,5
3389.5462541939924,before_first_failure,825,8,8,4,0,no_action,no_action,8
3391.6484194190125,before_first_failure,825,8,8,4,0,no_action,no_action,7
3393.724661796994,before_first_failure,823,8,8,4,0,no_action,no_action,4
3395.7273677299963,before_first_failure,821,8,8,4,0,no_action,no_action,6
3397.7683039050316,before_first_failure,820,8,8,4,0,no_action,no_action,8
3399.8530625419808,before_first_failure,818,7,8,4,0,no_action,no_action,6
3401.873715395981,before_first_failure,817,8,8,4,0,no_action,no_action,6
3403.9748274289886,before_first_failure,819,8,8,4,0,no_action,no_action,6
3406.0584378819913,before_first_failure,816,7,8,4,0,no_action,no_action,4
3408.1149719859823,before_first_failure,817,5,8,4,0,no_action,no_action,3
3410.2116836149944,before_first_failure,815,7,8,4,0,no_action,no_action,3
3412.460600736027,before_first_failure,814,8,8,4,0,no_action,no_action,6
3414.5045194409904,before_first_failure,813,8,8,4,0,no_action,no_action,8
3416.5110185869853,before_first_failure,811,7,8,4,0,no_action,no_action,3
3418.5350896780146,before_first_failure,811,6,8,4,0,no_action,no_action,5
3420.5585137989838,before_first_failure,808,8,8,4,0,no_action,no_action,7
3422.6177333000232,before_first_failure,809,6,8,4,0,no_action,no_action,5
3424.643138331012,before_first_failure,807,8,8,4,0,no_action,no_action,4
3426.68290523201,before_first_failure,807,8,8,4,0,no_action,no_action,7
3428.7028414810193,before_first_failure,805,8,8,4,0,no_action,no_action,7
3430.763775977015,before_first_failure,805,7,8,4,0,no_action,no_action,7
3432.8574162200093,before_first_failure,803,6,8,4,0,no_action,no_action,4
3434.8681601849967,before_first_failure,802,8,8,4,0,no_action,no_action,8
3436.872406730021,before_first_failure,803,7,8,4,0,no_action,no_action,6
3438.950524122978,before_first_failure,801,8,8,4,0,no_action,no_action,5
3440.969832682982,before_first_failure,803,7,8,4,0,no_action,no_action,5
3464.389103690977,before_first_failure,814,6,8,4,0,no_action,no_action,0
3466.4902967630187,before_first_failure,808,8,8,4,0,no_action,no_action,5
3468.4950895740185,before_first_failure,810,8,8,4,0,no_action,no_action,8
3470.5318152289838,before_first_failure,810,7,8,4,0,no_action,no_action,7
3472.7077744330163,before_first_failure,811,8,8,4,0,no_action,no_action,6
3474.763089395012,before_first_failure,809,8,8,4,0,no_action,no_action,6
3476.7918570049806,before_first_failure,810,8,8,4,0,no_action,no_action,7
3478.8559636970167,before_first_failure,807,8,8,4,0,no_action,no_action,6
3480.905774382991,before_first_failure,809,7,8,4,0,no_action,no_action,6
3482.9580737900105,before_first_failure,809,7,8,4,0,no_action,no_action,6
3485.02272070403,before_first_failure,808,8,8,4,0,no_action,no_action,7
3487.062590585032,before_first_failure,807,6,8,4,0,no_action,no_action,5
3489.072570687975,before_first_failure,806,6,8,4,0,no_action,no_action,4
3491.0855140400236,before_first_failure,803,6,8,4,0,no_action,no_action,3
3493.1736830610316,before_first_failure,803,8,8,4,0,no_action,no_action,6
3495.2299562040134,before_first_failure,802,7,8,4,0,no_action,no_action,5
3497.3173156210105,before_first_failure,799,8,8,4,0,no_action,no_action,5
3499.497655946994,before_first_failure,799,8,8,4,0,no_action,no_action,4
3501.506050659984,before_first_failure,799,7,8,4,0,no_action,no_action,6
3503.6673750259797,before_first_failure,797,6,8,4,0,no_action,no_action,4
3505.7643119940185,before_first_failure,794,6,8,4,0,no_action,no_action,4
3507.82597798598,before_first_failure,790,8,8,4,0,no_action,no_action,4
3509.876976625994,before_first_failure,787,8,8,4,0,no_action,no_action,3
3511.950660014001,before_first_failure,790,7,8,4,0,no_action,no_action,4
3514.0215479169856,before_first_failure,788,7,8,4,0,no_action,no_action,5
3516.043320355995,before_first_failure,785,8,8,4,0,no_action,no_action,7
3518.0875099410187,before_first_failure,784,7,8,4,0,no_action,no_action,7
3520.174762987008,before_first_failure,785,7,8,4,0,no_action,no_action,6
3522.196967625001,before_first_failure,782,7,8,4,0,no_action,no_action,6
3524.2424946110114,before_first_failure,782,7,8,4,0,no_action,no_action,7
3526.343465936021,before_first_failure,784,6,8,4,0,no_action,no_action,5
3528.432575238985,before_first_failure,783,8,8,4,0,no_action,no_action,4
3530.4374611289822,before_first_failure,779,8,8,4,0,no_action,no_action,4
3532.507760558976,before_first_failure,779,7,8,4,0,no_action,no_action,3
3534.54220046103,before_first_failure,779,8,8,4,0,no_action,no_action,6
3536.635212634981,before_first_failure,779,7,8,4,0,no_action,no_action,5
3538.7032063819934,before_first_failure,781,7,8,4,0,no_action,no_action,6
3540.8038345890236,before_first_failure,781,7,8,4,0,no_action,no_action,7
3542.855744399014,before_first_failure,778,7,8,4,0,no_action,no_action,4
3544.9184173350222,before_first_failure,777,7,8,4,0,no_action,no_action,6
3546.9566174040083,before_first_failure,777,7,8,4,0,no_action,no_action,7
3548.996020545019,before_first_failure,775,6,8,4,0,no_action,no_action,5
3551.012259120005,before_first_failure,772,8,8,4,0,no_action,no_action,5
3553.081030498026,before_first_failure,770,8,8,4,0,no_action,no_action,6
3555.1558669300284,before_first_failure,771,8,8,4,0,no_action,no_action,7
3557.2260134959943,before_first_failure,771,8,8,4,0,no_action,no_action,7
3559.3269305870053,before_first_failure,771,7,8,4,0,no_action,no_action,6
3561.5683853540104,before_first_failure,770,8,8,4,0,no_action,no_action,5
3563.5912351509905,before_first_failure,771,8,8,4,0,no_action,no_action,6
3565.5967572770314,before_first_failure,769,7,8,4,0,no_action,no_action,6
3567.6868547649938,before_first_failure,768,7,8,4,0,no_action,no_action,7
3569.837418192008,before_first_failure,768,8,8,4,0,no_action,no_action,6
3571.8554689009907,before_first_failure,774,7,8,4,0,no_action,no_action,5
3573.9502090950264,before_first_failure,773,8,8,4,0,no_action,no_action,6
3595.8602669850225,before_first_failure,772,7,8,4,0,no_action,no_action,0
3597.8684101440012,before_first_failure,783,8,8,4,0,no_action,no_action,1
3599.9683713369886,before_first_failure,783,8,8,4,0,no_action,no_action,6
3602.0866059879772,before_first_failure,783,7,8,4,0,no_action,no_action,5
3604.171167925,before_first_failure,782,7,8,4,0,no_action,no_action,6
3606.2338110469864,before_first_failure,782,8,8,4,0,no_action,no_action,8
3608.2885561999865,before_first_failure,782,5,8,4,0,no_action,no_action,5
3610.3906472550007,before_first_failure,781,8,8,4,0,no_action,no_action,5
3612.485538852983,before_first_failure,782,8,8,4,0,no_action,no_action,5
3614.590121046989,before_first_failure,781,8,8,4,0,no_action,no_action,7
3616.621486329008,before_first_failure,781,8,8,4,0,no_action,no_action,6
3618.891874552006,before_first_failure,780,7,8,4,0,no_action,no_action,3
3620.949387154018,before_first_failure,776,8,8,4,0,no_action,no_action,5
3623.0173204229795,before_first_failure,774,8,8,4,0,no_action,no_action,5
3625.0177020099945,before_first_failure,772,6,8,4,0,no_action,no_action,4
3627.0820608389913,before_first_failure,771,7,8,4,0,no_action,no_action,5
3629.1460868089925,before_first_failure,771,7,8,4,0,no_action,no_action,5
3631.1477566080284,before_first_failure,768,8,8,4,0,no_action,no_action,3
3633.218936480989,before_first_failure,769,8,8,4,0,no_action,no_action,8
3635.322470360028,before_first_failure,767,7,8,4,0,no_action,no_action,4
3637.326524060976,before_first_failure,768,5,8,4,0,no_action,no_action,3
3639.4195168049773,before_first_failure,766,8,8,4,0,no_action,no_action,5
3641.4870428490103,before_first_failure,766,4,8,4,0,no_action,no_action,1
3643.534615056007,before_first_failure,761,7,8,4,0,no_action,no_action,4
3645.5716312230215,before_first_failure,761,5,8,4,0,no_action,no_action,3
3647.664220553008,before_first_failure,762,7,8,4,0,no_action,no_action,5
3649.7278169540223,before_first_failure,761,8,8,4,0,no_action,no_action,3
3651.7920745909796,before_first_failure,765,8,8,4,0,no_action,no_action,6
3653.8523481420125,before_first_failure,766,7,8,4,0,no_action,no_action,4
3655.8993531200103,before_first_failure,764,8,8,4,0,no_action,no_action,3
3657.9434278230183,before_first_failure,764,7,8,4,0,no_action,no_action,2
3660.097267941979,before_first_failure,762,7,8,4,0,no_action,no_action,5
3662.1320274320315,before_first_failure,762,8,8,4,0,no_action,no_action,5
3664.1953236900154,before_first_failure,762,7,8,4,0,no_action,no_action,5
3666.281375636987,before_first_failure,762,8,8,4,0,no_action,no_action,6
3668.369081888988,before_first_failure,764,5,8,4,0,no_action,no_action,3
3670.463484818989,before_first_failure,761,7,8,4,0,no_action,no_action,4
3672.472666456015,before_first_failure,759,8,8,4,0,no_action,no_action,2
3674.62670958502,before_first_failure,764,8,8,4,0,no_action,no_action,6
3676.718793288979,before_first_failure,767,8,8,4,0,no_action,no_action,8
3679.00680933299,before_first_failure,768,8,8,4,0,no_action,no_action,5
3681.1340489099966,before_first_failure,767,7,8,4,0,no_action,no_action,5
3683.1975154639804,before_first_failure,767,8,8,4,0,no_action,no_action,6
3685.2733048750088,before_first_failure,768,7,8,4,0,no_action,no_action,5
3687.2795998390066,before_first_failure,765,7,8,4,0,no_action,no_action,4
3689.345358605031,before_first_failure,766,8,8,4,0,no_action,no_action,6
3691.363405457989,before_first_failure,767,7,8,4,0,no_action,no_action,6
3693.44372198201,before_first_failure,766,8,8,4,0,no_action,no_action,6
3695.4916777010076,before_first_failure,765,8,8,4,0,no_action,no_action,5
3697.538971973001,before_first_failure,765,8,8,4,0,no_action,no_action,7
3699.601308832993,before_first_failure,765,8,8,4,0,no_action,no_action,6
3701.6411741430056,before_first_failure,765,8,8,4,0,no_action,no_action,6
3703.8283910109894,before_first_failure,765,8,8,4,0,no_action,no_action,6
3705.8712748910184,before_first_failure,765,8,8,4,0,no_action,no_action,5
3708.0099789379747,before_first_failure,765,8,8,4,0,no_action,no_action,5
3710.096722064016,before_first_failure,764,8,8,4,0,no_action,no_action,5
3731.785652961,before_first_failure,778,7,8,4,0,no_action,no_action,0
3733.944830875029,before_first_failure,773,8,8,4,0,no_action,no_action,3
3736.0062766820192,before_first_failure,775,8,8,4,0,no_action,no_action,8
3738.007483200985,before_first_failure,776,6,8,4,0,no_action,no_action,5
3740.0506088120164,before_first_failure,772,7,8,4,0,no_action,no_action,5
3742.053063252999,before_first_failure,770,8,8,4,0,no_action,no_action,7
3744.1425196150085,before_first_failure,769,8,8,4,0,no_action,no_action,5
3746.1805002819747,before_first_failure,769,8,8,4,0,no_action,no_action,6
3748.233267730975,before_first_failure,767,8,8,4,0,no_action,no_action,5
3750.339201047027,before_first_failure,767,8,8,4,0,no_action,no_action,6
3752.4033722919994,before_first_failure,768,7,8,4,0,no_action,no_action,4
3754.4560831729905,before_first_failure,766,8,8,4,0,no_action,no_action,6
3756.5267850980163,before_first_failure,767,7,8,4,0,no_action,no_action,7
3758.5465978099965,before_first_failure,766,7,8,4,0,no_action,no_action,7
3760.5586982779787,before_first_failure,765,5,8,4,0,no_action,no_action,3
3762.641181226005,before_first_failure,761,8,8,4,0,no_action,no_action,5
3764.980575073976,before_first_failure,763,8,8,4,0,no_action,no_action,4
3767.1388841749867,before_first_failure,761,8,8,4,0,no_action,no_action,5
3769.2208236479782,before_first_failure,761,8,8,4,0,no_action,no_action,3
3771.252772736014,before_first_failure,760,7,8,4,0,no_action,no_action,3
3773.3491969580064,before_first_failure,760,7,8,4,0,no_action,no_action,5
3775.5294742829865,before_first_failure,758,7,8,4,0,no_action,no_action,4
3777.57390652498,before_first_failure,756,8,8,4,0,no_action,no_action,5
3779.691270779993,before_first_failure,758,8,8,4,0,no_action,no_action,6
3781.7617468559765,before_first_failure,759,6,8,4,0,no_action,no_action,4
3783.9075808320194,before_first_failure,758,7,8,4,0,no_action,no_action,2
3786.001770714007,before_first_failure,756,8,8,4,0,no_action,no_action,4
3788.1206186839845,before_first_failure,757,7,8,4,0,no_action,no_action,6
3790.2081613080227,before_first_failure,756,5,8,4,0,no_action,no_action,5
3792.2645860660123,before_first_failure,753,5,8,4,0,no_action,no_action,3
3794.2707164289895,before_first_failure,751,7,8,4,0,no_action,no_action,7
3796.4350842990098,before_first_failure,749,7,8,4,0,no_action,no_action,4
3798.468568373006,before_first_failure,746,7,8,4,0,no_action,no_action,3
3800.530545960006,before_first_failure,746,7,8,4,0,no_action,no_action,5
3802.5422378429794,before_first_failure,744,8,8,4,0,no_action,no_action,6
3804.6191096489783,before_first_failure,743,8,8,4,0,no_action,no_action,4
3806.8646008879878,before_first_failure,745,7,8,4,0,no_action,no_action,5
3809.3089924139786,before_first_failure,747,8,8,4,0,no_action,no_action,6
3811.3801234679995,before_first_failure,748,6,8,4,0,no_action,no_action,3
3813.50394872803,before_first_failure,748,7,8,4,0,no_action,no_action,3
3815.526136663975,before_first_failure,749,8,8,4,0,no_action,no_action,5
3817.9587245410075,before_first_failure,750,8,8,4,0,no_action,no_action,6
3820.0106627459754,before_first_failure,749,7,8,4,0,no_action,no_action,3
3822.0257185070077,before_first_failure,749,8,8,4,0,no_action,no_action,5
3824.111211034993,before_first_failure,750,7,8,4,0,no_action,no_action,5
3826.1179168330273,before_first_failure,749,6,8,4,0,no_action,no_action,5
3828.1556001640274,before_first_failure,745,8,8,4,0,no_action,no_action,6
3830.201803100994,before_first_failure,744,8,8,4,0,no_action,no_action,6
3832.2527634329745,before_first_failure,743,7,8,4,0,no_action,no_action,6
3834.2877908319933,before_first_failure,744,6,8,4,0,no_action,no_action,5
3836.385608720011,before_first_failure,744,5,8,4,0,no_action,no_action,3
3838.4674169640057,before_first_failure,741,8,8,4,0,no_action,no_action,6
3840.5464949840098,before_first_failure,740,8,8,4,0,no_action,no_action,5
3865.1851245670114,before_first_failure,766,8,8,4,0,no_action,no_action,1
3867.266452128999,before_first_failure,762,8,8,4,0,no_action,no_action,1
3869.3181551729795,before_first_failure,761,8,8,4,0,no_action,no_action,6
3871.3562948770123,before_first_failure,759,8,8,4,0,no_action,no_action,5
3873.463793158997,before_first_failure,759,8,8,4,0,no_action,no_action,8
3875.5123467299854,before_first_failure,759,8,8,4,0,no_action,no_action,7
3877.68191727699,before_first_failure,761,7,8,4,0,no_action,no_action,6
3879.7687687710277,before_first_failure,758,8,8,4,0,no_action,no_action,5
3881.8204533720273,before_first_failure,758,7,8,4,0,no_action,no_action,6
3883.8705892009893,before_first_failure,760,6,8,4,0,no_action,no_action,4
3885.92970488203,before_first_failure,756,7,8,4,0,no_action,no_action,0
3888.016161744017,before_first_failure,754,7,8,4,0,no_action,no_action,6
3890.0608714870177,before_first_failure,756,7,8,4,0,no_action,no_action,7
3892.1269368450157,before_first_failure,755,7,8,4,0,no_action,no_action,7
3894.188722605002,before_first_failure,756,8,8,4,0,no_action,no_action,7
3896.2730403299793,before_first_failure,757,7,8,4,0,no_action,no_action,6
3898.323874362977,before_first_failure,755,7,8,4,0,no_action,no_action,4
3900.351195088995,before_first_failure,754,7,8,4,0,no_action,no_action,6
3902.429100989015,before_first_failure,754,7,8,4,0,no_action,no_action,6
3904.5165829660255,before_first_failure,754,7,8,4,0,no_action,no_action,6
3906.6099961560103,before_first_failure,752,8,8,4,0,no_action,no_action,5
3908.668347047991,before_first_failure,750,7,8,4,0,no_action,no_action,3
3910.7360727040214,before_first_failure,747,8,8,4,0,no_action,no_action,4
3912.891362704977,before_first_failure,747,7,8,4,0,no_action,no_action,5
3914.940896618995,before_first_failure,746,8,8,4,0,no_action,no_action,7
3917.0132898450247,before_first_failure,744,8,8,4,0,no_action,no_action,6
3919.0236073069973,before_first_failure,742,8,8,4,0,no_action,no_action,6
3921.118021622009,before_first_failure,743,8,8,4,0,no_action,no_action,6
3923.2357230610214,before_first_failure,743,5,8,4,0,no_action,no_action,5
3925.2636524339905,before_first_failure,740,7,8,4,0,no_action,no_action,5
3927.3646921719774,before_first_failure,739,7,8,4,0,no_action,no_action,6
3929.4323721060064,before_first_failure,738,7,8,4,0,no_action,no_action,5
3931.4926229600096,before_first_failure,736,8,8,4,0,no_action,no_action,7
3933.571874529007,before_first_failure,741,7,8,4,0,no_action,no_action,7
3935.697731740016,before_first_failure,745,7,8,4,0,no_action,no_action,5
3937.851073205995,before_first_failure,744,5,8,4,0,no_action,no_action,3
3939.8655113180284,before_first_failure,739,7,8,4,0,no_action,no_action,4
3941.9075145869865,before_first_failure,739,7,8,4,0,no_action,no_action,6
3943.9997192689916,before_first_failure,737,7,8,4,0,no_action,no_action,6
3946.274922513985,before_first_failure,734,7,8,4,0,no_action,no_action,4
3948.2871890820097,before_first_failure,733,7,8,4,0,no_action,no_action,4
3950.3458247180097,before_first_failure,732,7,8,4,0,no_action,no_action,6
3952.4135535940295,before_first_failure,731,8,8,4,0,no_action,no_action,2
3954.4568267909926,before_first_failure,734,8,8,4,0,no_action,no_action,3
3956.797430854989,before_first_failure,739,8,8,4,0,no_action,no_action,4
3958.8298099220265,before_first_failure,745,6,8,4,0,no_action,no_action,2
3960.8777500009746,before_first_failure,748,5,8,4,0,no_action,no_action,3
3963.728520021017,before_first_failure,745,8,8,4,0,no_action,no_action,3
3965.7874235580093,before_first_failure,746,7,8,4,0,no_action,no_action,4
3967.8507979380083,before_first_failure,740,8,8,4,0,no_action,no_action,4
3969.969263683015,before_first_failure,740,8,8,4,0,no_action,no_action,3
3972.030809479009,before_first_failure,734,8,8,4,0,no_action,no_action,4
3974.2508548559854,before_first_failure,734,8,8,4,0,no_action,no_action,4
3976.309896035993,before_first_failure,731,7,8,4,0,no_action,no_action,3
4003.088078361994,before_first_failure,731,7,8,4,0,no_action,no_action,0
4005.104827385978,before_first_failure,726,8,8,4,0,no_action,no_action,4
4007.1126550179906,before_first_failure,726,8,8,4,0,no_action,no_action,4
4009.1587444859906,before_first_failure,723,7,8,4,0,no_action,no_action,6
4011.5712377150194,before_first_failure,722,8,8,4,0,no_action,no_action,5
4013.6064407969825,before_first_failure,721,8,8,4,0,no_action,no_action,7
4015.6140480859904,before_first_failure,721,7,8,4,0,no_action,no_action,4
4017.8724664170295,before_first_failure,717,8,8,4,0,no_action,no_action,5
4020.02100476902,before_first_failure,717,7,8,4,0,no_action,no_action,2
4022.0424564030254,before_first_failure,714,6,8,4,0,no_action,no_action,3
4024.604972692032,before_first_failure,714,6,8,4,0,no_action,no_action,3
4026.655063985032,before_first_failure,710,7,8,4,0,no_action,no_action,2
4029.260219798016,before_first_failure,709,8,8,4,0,no_action,no_action,3
4031.2605771049857,before_first_failure,708,7,8,4,0,no_action,no_action,4
4033.3247256510076,before_first_failure,707,8,8,4,0,no_action,no_action,3
4035.3410054640262,before_first_failure,704,7,8,4,0,no_action,no_action,3
4037.3583062720136,before_first_failure,703,8,8,4,0,no_action,no_action,5
4039.718403455976,before_first_failure,703,7,8,4,0,no_action,no_action,3
4041.8035355969914,before_first_failure,699,7,8,4,0,no_action,no_action,4
4043.8368503029924,before_first_failure,697,7,8,4,0,no_action,no_action,5
4045.9376145660062,before_first_failure,695,7,8,4,0,no_action,no_action,4
4048.063287933008,before_first_failure,692,8,8,4,0,no_action,no_action,1
4050.079066605016,before_first_failure,692,7,8,4,0,no_action,no_action,2
4052.108127933985,before_first_failure,690,7,8,4,0,no_action,no_action,3
4054.334909770987,before_first_failure,688,8,8,4,0,no_action,no_action,1
4056.399186821014,before_first_failure,685,8,8,4,0,no_action,no_action,4
4058.4251378169865,before_first_failure,685,6,8,4,0,no_action,no_action,6
4060.587335387012,before_first_failure,683,8,8,4,0,no_action,no_action,2
4062.869169619982,before_first_failure,678,8,8,4,0,no_action,no_action,3
4065.1245691669756,before_first_failure,678,8,8,4,0,no_action,no_action,3
4067.1731675600167,before_first_failure,674,8,8,4,0,no_action,no_action,3
4069.2670431560255,before_first_failure,674,8,8,4,0,no_action,no_action,1
4071.2842497029924,before_first_failure,670,7,8,4,0,no_action,no_action,3
4073.9456512369798,before_first_failure,669,8,8,4,0,no_action,no_action,3
4075.9605732429773,before_first_failure,665,8,8,4,0,no_action,no_action,4
4078.4784516760265,before_first_failure,665,8,8,4,0,no_action,no_action,0
4080.724201415025,before_first_failure,659,8,8,4,0,no_action,no_action,1
4083.854279959982,before_first_failure,659,8,8,4,0,no_action,no_action,0
4085.867483109003,before_first_failure,656,7,8,4,0,no_action,no_action,4
4088.521153354028,before_first_failure,655,8,8,4,0,no_action,no_action,2
4090.7145822460297,before_first_failure,651,7,8,4,0,no_action,no_action,1
4092.798263520992,before_first_failure,649,6,8,4,0,no_action,no_action,2
4094.8524121500086,before_first_failure,647,8,8,4,0,no_action,no_action,4
4096.864632763027,before_first_failure,647,7,8,4,0,no_action,no_action,2
4098.998674753995,before_first_failure,641,8,8,4,0,no_action,no_action,4
4101.553127132996,before_first_failure,641,8,8,4,0,no_action,no_action,2
4103.679209190013,before_first_failure,636,8,8,4,0,no_action,no_action,2
4106.187923787977,before_first_failure,636,8,8,4,0,no_action,no_action,3
4108.278570709983,before_first_failure,632,8,8,4,0,no_action,no_action,6
4110.9943050250295,before_first_failure,632,8,8,4,0,no_action,no_action,5
4113.032498274988,before_first_failure,628,8,8,4,0,no_action,no_action,6
4115.541173873993,before_first_failure,628,8,8,4,0,no_action,no_action,4
4117.607390119985,before_first_failure,625,8,8,4,0,no_action,no_action,4
4145.642361917009,before_first_failure,625,7,8,4,0,no_action,no_action,0
4147.67217412102,before_first_failure,619,8,8,4,0,no_action,no_action,1
4149.714569589996,before_first_failure,619,8,8,4,0,no_action,no_action,4
4151.716768949991,before_first_failure,619,7,8,4,0,no_action,no_action,6
4153.907662865997,before_first_failure,618,8,8,4,0,no_action,no_action,7
4155.959225961007,before_first_failure,616,7,8,4,0,no_action,no_action,5
4158.1892548709875,before_first_failure,616,7,8,4,0,no_action,no_action,3
4160.271814952022,before_first_failure,613,6,8,4,0,no_action,no_action,4
4162.421752677008,before_first_failure,611,7,8,4,0,no_action,no_action,5
4164.5135896470165,before_first_failure,611,7,8,4,0,no_action,no_action,6
4166.534339267993,before_first_failure,610,7,8,4,0,no_action,no_action,5
4168.576913022029,before_first_failure,607,8,8,4,0,no_action,no_action,5
4170.6039213290205,before_first_failure,607,7,8,4,0,no_action,no_action,5
4172.672149787017,before_first_failure,604,8,8,4,0,no_action,no_action,4
4174.766642104019,before_first_failure,604,6,8,4,0,no_action,no_action,4
4176.820618139987,before_first_failure,602,8,8,4,0,no_action,no_action,5
4178.8274283380015,before_first_failure,602,8,8,4,0,no_action,no_action,3
4180.906727756024,before_first_failure,598,8,8,4,0,no_action,no_action,4
4183.374850691005,before_first_failure,598,8,8,4,0,no_action,no_action,6
4185.437627448991,before_first_failure,596,8,8,4,0,no_action,no_action,8
4187.525456055999,before_first_failure,595,7,8,4,0,no_action,no_action,3
4189.546283646021,before_first_failure,591,8,8,4,0,no_action,no_action,4
4191.5665011209785,before_first_failure,591,8,8,4,0,no_action,no_action,7
4193.612165249011,before_first_failure,591,6,8,4,0,no_action,no_action,6
4195.63867316203,before_first_failure,589,5,8,4,0,no_action,no_action,3
4197.951603533991,before_first_failure,586,7,8,4,0,no_action,no_action,1
4199.955628530995,before_first_failure,583,8,8,4,0,no_action,no_action,3
4202.560771115997,before_first_failure,583,8,8,4,0,no_action,no_action,1
4204.629718006006,before_first_failure,581,8,8,4,0,no_action,no_action,6
4207.111809591006,before_first_failure,581,8,8,4,0,no_action,no_action,3
4209.22551975603,before_first_failure,576,8,8,4,0,no_action,no_action,4
4211.228082908026,before_first_failure,575,6,8,4,0,no_action,no_action,3
4213.277870338003,before_first_failure,571,8,8,4,0,no_action,no_action,4
4215.302311763982,before_first_failure,570,7,8,4,0,no_action,no_action,7
4217.633826060977,before_first_failure,569,8,8,4,0,no_action,no_action,5
4219.8459924170165,before_first_failure,564,8,8,4,0,no_action,no_action,3
4222.086589751998,before_first_failure,564,8,8,4,0,no_action,no_action,3
4224.1062242520275,before_first_failure,563,5,8,4,0,no_action,no_action,4
4226.207096997998,before_first_failure,563,5,8,4,0,no_action,no_action,3
4228.2394555829815,before_first_failure,559,7,8,4,0,no_action,no_action,5
4230.245578036003,before_first_failure,558,6,8,4,0,no_action,no_action,3
4232.302720640029,before_first_failure,553,8,8,4,0,no_action,no_action,3
4234.360923860979,before_first_failure,553,6,8,4,0,no_action,no_action,5
4236.414367844001,before_first_failure,551,7,8,4,0,no_action,no_action,3
4238.454325008031,before_first_failure,548,7,8,4,0,no_action,no_action,2
4240.462108912005,before_first_failure,548,7,8,4,0,no_action,no_action,3
4242.619446211029,before_first_failure,546,7,8,4,0,no_action,no_action,3
4244.663840216002,before_first_failure,544,7,8,4,0,no_action,no_action,5
4246.676418650022,before_first_failure,543,8,8,4,0,no_action,no_action,3
4248.866858575027,before_first_failure,541,8,8,4,0,no_action,no_action,5
4250.946507336979,before_first_failure,541,6,8,4,0,no_action,no_action,6
4253.041617501993,before_first_failure,539,6,8,4,0,no_action,no_action,3
4255.114281343995,before_first_failure,539,4,8,4,0,no_action,no_action,3
4257.1423923589755,before_first_failure,535,8,8,4,0,no_action,no_action,3
4259.374651563994,before_first_failure,534,8,8,4,0,no_action,no_action,3
4261.3932023170055,before_first_failure,534,6,8,4,0,no_action,no_action,5
4263.473330217006,before_first_failure,532,7,8,4,0,no_action,no_action,3
4265.532287886017,before_first_failure,530,6,8,4,0,no_action,no_action,2
4267.7932550890255,before_first_failure,527,8,8,4,0,no_action,no_action,3
4269.797962072014,before_first_failure,527,8,8,4,0,no_action,no_action,5
4297.352949213993,before_first_failure,527,8,8,4,0,no_action,no_action,0
4299.421427752008,before_first_failure,521,8,8,4,0,no_action,no_action,1
4301.721838889003,before_first_failure,521,8,8,4,0,no_action,no_action,4
4303.825955511013,before_first_failure,519,8,8,4,0,no_action,no_action,7
4306.406521752011,before_first_failure,519,8,8,4,0,no_action,no_action,5
4308.500383890991,before_first_failure,515,7,8,4,0,no_action,no_action,4
4310.631627370021,before_first_failure,515,7,8,4,0,no_action,no_action,5
4312.686466053012,before_first_failure,513,8,8,4,0,no_action,no_action,5
4314.877272546,before_first_failure,512,8,8,4,0,no_action,no_action,5
4316.9612204810255,before_first_failure,512,6,8,4,0,no_action,no_action,2
4319.067797967,before_first_failure,508,7,8,4,0,no_action,no_action,0
4321.154582908028,before_first_failure,505,8,8,4,0,no_action,no_action,4
4323.241309589997,before_first_failure,505,6,8,4,0,no_action,no_action,4
4325.32856826199,before_first_failure,503,8,8,4,0,no_action,no_action,7
4327.363650300016,before_first_failure,502,8,8,4,0,no_action,no_action,7
4329.452568129986,before_first_failure,502,6,8,4,0,no_action,no_action,5
4331.496890668001,before_first_failure,500,4,8,4,0,no_action,no_action,2
4333.533437489998,before_first_failure,496,7,8,4,0,no_action,no_action,2
4335.635486743995,before_first_failure,495,8,8,4,0,no_action,no_action,2
4337.7163027669885,before_first_failure,494,8,8,4,0,no_action,no_action,6
4339.910161316977,before_first_failure,494,8,8,4,0,no_action,no_action,6
4341.96719740401,before_first_failure,493,7,8,4,0,no_action,no_action,6
4344.787558805023,before_first_failure,492,8,8,4,0,no_action,no_action,4
4346.927245590021,before_first_failure,488,8,8,4,0,no_action,no_action,5
4349.03083117801,before_first_failure,488,7,8,4,0,no_action,no_action,5
4351.05947368202,before_first_failure,486,7,8,4,0,no_action,no_action,5
4353.123193783977,before_first_failure,485,8,8,4,0,no_action,no_action,5
4355.207663474022,before_first_failure,485,7,8,4,0,no_action,no_action,4
4357.3463714459795,before_first_failure,484,7,8,4,0,no_action,no_action,4
4359.463665987016,before_first_failure,480,8,8,4,0,no_action,no_action,3
4361.530403017998,before_first_failure,480,8,8,4,0,no_action,no_action,6
4363.804652908992,before_first_failure,480,8,8,4,0,no_action,no_action,5
4365.942897056986,before_first_failure,477,6,8,4,0,no_action,no_action,1
4368.0225605680025,before_first_failure,474,8,8,4,0,no_action,no_action,6
4370.079654216999,before_first_failure,474,8,8,4,0,no_action,no_action,8
4372.110142370977,before_first_failure,474,6,8,4,0,no_action,no_action,6
4374.361655021028,before_first_failure,472,7,8,4,0,no_action,no_action,5
4376.405564428016,before_first_failure,471,7,8,4,0,no_action,no_action,7
4378.467098723981,before_first_failure,470,7,8,4,0,no_action,no_action,3
4380.6204633140005,before_first_failure,468,6,8,4,0,no_action,no_action,2
4382.702836702985,before_first_failure,466,7,8,4,0,no_action,no_action,2
4384.919803592027,before_first_failure,465,7,8,4,0,no_action,no_action,3
4387.0108828090015,before_first_failure,465,6,8,4,0,no_action,no_action,4
4389.094381081988,before_first_failure,462,8,8,4,0,no_action,no_action,4
4391.136376288021,before_first_failure,462,7,8,4,0,no_action,no_action,3
4393.162066695979,before_first_failure,460,8,8,4,0,no_action,no_action,4
4395.236844081024,before_first_failure,459,4,8,4,0,no_action,no_action,3
4397.25774481002,before_first_failure,455,7,8,4,0,no_action,no_action,2
4399.795111985004,before_first_failure,455,6,8,4,0,no_action,no_action,4
4401.828320146014,before_first_failure,453,8,8,4,0,no_action,no_action,5
4403.884056629031,before_first_failure,453,8,8,4,0,no_action,no_action,6
4405.986924195022,before_first_failure,451,8,8,4,0,no_action,no_action,7
4408.036859377986,before_first_failure,451,7,8,4,0,no_action,no_action,5
4410.11696655798,before_first_failure,449,8,8,4,0,no_action,no_action,3
4412.208057990996,before_first_failure,449,3,8,4,0,no_action,no_action,2
4414.284414834983,before_first_failure,444,8,8,4,0,no_action,no_action,4
4416.387568273989,before_first_failure,444,6,8,4,0,no_action,no_action,4
4418.478363047005,before_first_failure,442,8,8,4,0,no_action,no_action,6
4420.561478534015,before_first_failure,442,5,8,4,0,no_action,no_action,4
4422.608613140008,before_first_failure,439,8,8,4,0,no_action,no_action,5
4424.682246487995,before_first_failure,439,7,8,4,0,no_action,no_action,2
4426.775507382001,before_first_failure,433,8,8,4,0,no_action,no_action,3
4429.191357674019,before_first_failure,433,8,8,4,0,no_action,no_action,6
4431.245255464979,before_first_failure,431,8,8,4,0,no_action,no_action,7
4462.636176478001,before_first_failure,431,8,8,4,0,no_action,no_action,0
4464.805791109975,before_first_failure,424,8,8,4,0,no_action,no_action,4
4467.064341549994,before_first_failure,424,8,8,4,0,no_action,no_action,6
4469.087648502027,before_first_failure,423,7,8,4,0,no_action,no_action,6
4471.093347429996,before_first_failure,422,8,8,4,0,no_action,no_action,7
4473.117469673976,before_first_failure,422,7,8,4,0,no_action,no_action,7
4475.456602888997,before_first_failure,421,7,8,4,0,no_action,no_action,5
4477.52452076698,before_first_failure,416,8,8,4,0,no_action,no_action,3
4480.030210388999,before_first_failure,416,8,8,4,0,no_action,no_action,2
4482.040997468983,before_first_failure,413,8,8,4,0,no_action,no_action,6
4484.504917178012,before_first_failure,413,8,8,4,0,no_action,no_action,6
4486.560722190014,before_first_failure,411,7,8,4,0,no_action,no_action,7
4488.720371290983,before_first_failure,410,7,8,4,0,no_action,no_action,6
4490.757273589028,before_first_failure,408,7,8,4,0,no_action,no_action,5
4492.849477582029,before_first_failure,407,8,8,4,0,no_action,no_action,4
4494.868780473014,before_first_failure,405,7,8,4,0,no_action,no_action,4
4497.024956107023,before_first_failure,403,7,8,4,0,no_action,no_action,4
4499.059720829013,before_first_failure,403,7,8,4,0,no_action,no_action,6
4501.112543333031,before_first_failure,402,7,8,4,0,no_action,no_action,5
4503.171258035989,before_first_failure,400,7,8,4,0,no_action,no_action,5
4505.279327313998,before_first_failure,399,7,8,4,0,no_action,no_action,5
4507.2971771640005,before_first_failure,397,8,8,4,0,no_action,no_action,6
4509.344974265026,before_first_failure,397,4,8,4,0,no_action,no_action,1
4511.439174394007,before_first_failure,392,8,8,4,0,no_action,no_action,5
4513.656804485014,before_first_failure,392,7,8,4,0,no_action,no_action,5
4515.746279807994,before_first_failure,392,7,8,4,0,no_action,no_action,5
4517.787152027013,before_first_failure,390,8,8,4,0,no_action,no_action,7
4519.843520906987,before_first_failure,390,7,8,4,0,no_action,no_action,5
4521.845895894978,before_first_failure,388,8,8,4,0,no_action,no_action,3
4523.917619090993,before_first_failure,385,7,8,4,0,no_action,no_action,3
4526.591168267012,before_first_failure,384,8,8,4,0,no_action,no_action,4
4528.609304593003,before_first_failure,382,8,8,4,0,no_action,no_action,7
4531.009819915984,before_first_failure,382,8,8,4,0,no_action,no_action,6
4533.037453263998,before_first_failure,378,8,8,4,0,no_action,no_action,4
4535.602263160981,before_first_failure,378,8,8,4,0,no_action,no_action,6
4537.671801057004,before_first_failure,374,8,8,4,0,no_action,no_action,4
4540.094923965982,before_first_failure,374,8,8,4,0,no_action,no_action,4
4542.120793563023,before_first_failure,372,7,8,4,0,no_action,no_action,5
4544.185953116976,before_first_failure,371,7,8,4,0,no_action,no_action,4
4546.4544039089815,before_first_failure,368,7,8,4,0,no_action,no_action,3
4548.5174176819855,before_first_failure,368,7,8,4,0,no_action,no_action,5
4550.569889927981,before_first_failure,367,8,8,4,0,no_action,no_action,8
4552.652801836026,before_first_failure,366,7,8,4,0,no_action,no_action,4
4554.772779473977,before_first_failure,362,8,8,4,0,no_action,no_action,3
4556.802594205015,before_first_failure,362,8,8,4,0,no_action,no_action,6
4558.8177841320285,before_first_failure,360,7,8,4,0,no_action,no_action,5
4561.483536807995,before_first_failure,359,8,8,4,0,no_action,no_action,4
4563.578426055028,before_first_failure,358,8,8,4,0,no_action,no_action,7
4565.953732909984,before_first_failure,358,8,8,4,0,no_action,no_action,4
4568.027396088,before_first_failure,354,8,8,4,0,no_action,no_action,4
4570.187205491005,before_first_failure,354,8,8,4,0,no_action,no_action,4
4572.238535056007,before_first_failure,354,6,8,4,0,no_action,no_action,6
4574.344652789994,before_first_failure,352,6,8,4,0,no_action,no_action,3
4576.428696785995,before_first_failure,350,7,8,4,0,no_action,no_action,3
4578.478593941021,before_first_failure,347,7,8,4,0,no_action,no_action,3
4580.574596372026,before_first_failure,346,8,8,4,0,no_action,no_action,6
4582.63497910602,before_first_failure,346,7,8,4,0,no_action,no_action,6
4584.744856701989,before_first_failure,345,7,8,4,0,no_action,no_action,6
4586.802753872005,before_first_failure,344,7,8,4,0,no_action,no_action,7
4588.867277513025,before_first_failure,343,7,8,4,0,no_action,no_action,6
4590.973490050994,before_first_failure,343,7,8,4,0,no_action,no_action,3
4593.07506646699,before_first_failure,337,8,8,4,0,no_action,no_action,3
4595.230211407004,before_first_failure,337,7,8,4,0,no_action,no_action,5
4597.3242510120035,before_first_failure,336,8,8,4,0,no_action,no_action,6
4599.426298785023,before_first_failure,335,8,8,4,0,no_action,no_action,6
4601.522638707014,before_first_failure,335,7,8,4,0,no_action,no_action,6
4603.6245411040145,before_first_failure,334,5,8,4,0,no_action,no_action,4
4632.605624786986,before_first_failure,331,8,8,4,0,no_action,no_action,1
4634.861673524021,before_first_failure,327,8,8,4,0,no_action,no_action,4
4636.86578762799,before_first_failure,327,8,8,4,0,no_action,no_action,7
4638.903378997988,before_first_failure,327,7,8,4,0,no_action,no_action,7
4640.9592951809755,before_first_failure,325,8,8,4,0,no_action,no_action,6
4642.992317737022,before_first_failure,325,8,8,4,0,no_action,no_action,4
4645.043522858003,before_first_failure,322,7,8,4,0,no_action,no_action,5
4647.252739561023,before_first_failure,321,8,8,4,0,no_action,no_action,3
4649.345512943983,before_first_failure,319,8,8,4,0,no_action,no_action,6
4651.396675774013,before_first_failure,319,7,8,4,0,no_action,no_action,4
4653.48838314903,before_first_failure,315,8,8,4,0,no_action,no_action,5
4655.5532149450155,before_first_failure,313,7,8,4,0,no_action,no_action,5
4657.672873075004,before_first_failure,312,7,8,4,0,no_action,no_action,3
4659.6839449409745,before_first_failure,312,5,8,4,0,no_action,no_action,3
4661.751686914999,before_first_failure,309,7,8,4,0,no_action,no_action,4
4663.838271618995,before_first_failure,308,8,8,4,0,no_action,no_action,5
4665.884568070993,before_first_failure,306,8,8,4,0,no_action,no_action,7
4668.391064301017,before_first_failure,306,8,8,4,0,no_action,no_action,5
4670.477619500016,before_first_failure,304,8,8,4,0,no_action,no_action,8
4672.893849307031,before_first_failure,304,8,8,4,0,no_action,no_action,5
4674.999784538988,before_first_failure,299,7,8,4,0,no_action,no_action,3
4677.815254029003,before_first_failure,299,7,8,4,0,no_action,no_action,3
4679.890679122007,before_first_failure,295,8,8,4,0,no_action,no_action,4
4682.526260043029,before_first_failure,295,8,8,4,0,no_action,no_action,3
4684.656884199008,before_first_failure,292,8,8,4,0,no_action,no_action,6
4686.719300129975,before_first_failure,291,8,8,4,0,no_action,no_action,6
4688.757882588019,before_first_failure,290,5,8,4,0,no_action,no_action,4
4690.834273291985,before_first_failure,286,7,8,4,0,no_action,no_action,2
4692.847590570978,before_first_failure,284,8,8,4,0,no_action,no_action,5
4694.968245009019,before_first_failure,284,8,8,4,0,no_action,no_action,2
4697.046075676975,before_first_failure,278,8,8,4,0,no_action,no_action,2
4699.275529248989,before_first_failure,278,7,8,4,0,no_action,no_action,2
4701.276072235021,before_first_failure,274,7,8,4,0,no_action,no_action,4
4703.517312965996,before_first_failure,274,7,8,4,0,no_action,no_action,5
4705.617557220976,before_first_failure,271,8,8,4,0,no_action,no_action,6
4707.999252159032,before_first_failure,271,8,8,4,0,no_action,no_action,5
4710.042814203014,before_first_failure,269,8,8,4,0,no_action,no_action,4
4712.08074232802,before_first_failure,269,6,8,4,0,no_action,no_action,3
4714.136423863005,before_first_failure,265,8,8,4,0,no_action,no_action,6
4716.290433655027,before_first_failure,265,7,8,4,0,no_action,no_action,6
4718.297755893029,before_first_failure,262,8,8,4,0,no_action,no_action,5
4720.328524434997,before_first_failure,262,7,8,4,0,no_action,no_action,6
4722.417104606982,before_first_failure,261,7,8,4,0,no_action,no_action,7
4724.55210289103,before_first_failure,260,7,8,4,0,no_action,no_action,4
4726.781086169998,before_first_failure,257,8,8,4,0,no_action,no_action,4
4729.017069505993,before_first_failure,255,8,8,4,0,no_action,no_action,6
4731.072785073018,before_first_failure,255,8,8,4,0,no_action,no_action,4
4733.178518334986,before_first_failure,252,8,8,4,0,no_action,no_action,4
4735.285418923013,before_first_failure,252,7,8,4,0,no_action,no_action,3
4737.287939164031,before_first_failure,248,8,8,4,0,no_action,no_action,3
4739.678160711017,before_first_failure,248,8,8,4,0,no_action,no_action,4
4741.718309179007,before_first_failure,247,8,8,4,0,no_action,no_action,6
4744.1700834580115,before_first_failure,247,7,8,4,0,no_action,no_action,5
4746.394145440019,before_first_failure,244,7,8,4,0,no_action,no_action,6
4748.5606429069885,before_first_failure,243,7,8,4,0,no_action,no_action,3
4750.668762541027,before_first_failure,240,7,8,4,0,no_action,no_action,2
4752.717752819008,before_first_failure,238,7,8,4,0,no_action,no_action,3
4755.249968971999,before_first_failure,237,8,8,4,0,no_action,no_action,1
4757.279402453976,before_first_failure,232,7,8,4,0,no_action,no_action,3
4759.781257532013,before_first_failure,231,8,8,4,0,no_action,no_action,4
4761.792953604017,before_first_failure,229,7,8,4,0,no_action,no_action,6
4764.359902572003,before_first_failure,228,8,8,4,0,no_action,no_action,2
4766.416850209003,before_first_failure,223,7,8,4,0,no_action,no_action,3
4769.294424091,before_first_failure,223,7,8,4,0,no_action,no_action,2
4771.385296777997,before_first_failure,220,7,8,4,0,no_action,no_action,4
4773.563922433008,before_first_failure,219,7,8,4,0,no_action,no_action,4
4775.6551485420205,before_first_failure,217,7,8,4,0,no_action,no_action,3
4777.759652941022,before_first_failure,215,8,8,4,0,no_action,no_action,5
4807.582830899977,before_first_failure,215,7,8,4,0,no_action,no_action,0
4809.599853322026,before_first_failure,209,8,8,4,0,no_action,no_action,1
4812.227864920977,before_first_failure,209,7,8,4,0,no_action,no_action,5
4814.248471114028,before_first_failure,208,7,8,4,0,no_action,no_action,6
4816.40818098298,before_first_failure,208,7,8,4,0,no_action,no_action,6
4818.489204413025,before_first_failure,206,7,8,4,0,no_action,no_action,6
4820.582909484976,before_first_failure,205,6,8,4,0,no_action,no_action,5
4822.592547542998,before_first_failure,202,7,8,4,0,no_action,no_action,3
4824.94061838201,before_first_failure,200,7,8,4,0,no_action,no_action,2
4827.008045597991,before_first_failure,198,6,8,4,0,no_action,no_action,1
4829.07001386903,before_first_failure,198,5,8,4,0,no_action,no_action,2
4831.095365522022,before_first_failure,193,8,8,4,0,no_action,no_action,4
4833.692681050976,before_first_failure,193,7,8,4,0,no_action,no_action,2
4835.761852781987,before_first_failure,190,7,8,4,0,no_action,no_action,6
4838.323379417008,before_first_failure,189,8,8,4,0,no_action,no_action,3
4840.634874855983,before_first_failure,186,7,8,4,0,no_action,no_action,5
4842.983932116011,before_first_failure,185,8,8,4,0,no_action,no_action,6
4845.1006194090005,before_first_failure,185,7,8,4,0,no_action,no_action,6
4847.141086529009,before_first_failure,184,7,8,4,0,no_action,no_action,5
4849.142492616025,before_first_failure,182,7,8,4,0,no_action,no_action,5
4851.731216655986,before_first_failure,181,8,8,4,0,no_action,no_action,2
4853.797123318014,before_first_failure,178,7,8,4,0,no_action,no_action,6
4855.916672879015,before_first_failure,177,8,8,4,0,no_action,no_action,4
4857.929518002027,before_first_failure,175,8,8,4,0,no_action,no_action,6
4860.163732400979,before_first_failure,175,8,8,4,0,no_action,no_action,7
4862.354263808986,before_first_failure,174,8,8,4,0,no_action,no_action,6
4864.402188957029,before_first_failure,172,5,8,4,0,no_action,no_action,3
4866.460891382012,before_first_failure,169,8,8,4,0,no_action,no_action,3
4868.533685953007,before_first_failure,166,8,8,4,0,no_action,no_action,4
4870.835812954989,before_first_failure,166,8,8,4,0,no_action,no_action,4
4872.884753730032,before_first_failure,164,6,8,4,0,no_action,no_action,3
4875.553766704979,before_first_failure,165,5,8,4,0,no_action,no_action,0
4877.643407823984,before_first_failure,158,8,8,4,0,no_action,no_action,3
4879.65094997501,before_first_failure,158,8,8,4,0,no_action,no_action,6
4881.675662124006,before_first_failure,158,8,8,4,0,no_action,no_action,8
4883.686921401997,before_first_failure,158,8,8,4,0,no_action,no_action,7
4885.81659981102,before_first_failure,156,7,8,4,0,no_action,no_action,5
4887.930531779013,before_first_failure,156,7,8,4,0,no_action,no_action,1
4890.15562726598,before_first_failure,151,7,8,4,0,no_action,no_action,4
4892.376383388997,before_first_failure,151,7,8,4,0,no_action,no_action,5
4894.424562675005,before_first_failure,149,8,8,4,0,no_action,no_action,7
4896.474438494013,before_first_failure,149,7,8,4,0,no_action,no_action,4
4898.5040040190215,before_first_failure,147,7,8,4,0,no_action,no_action,4
4900.733031257987,before_first_failure,146,7,8,4,0,no_action,no_action,4
4902.819550150016,before_first_failure,144,7,8,4,0,no_action,no_action,4
4904.863267900015,before_first_failure,142,8,8,4,0,no_action,no_action,6
4906.908397767984,before_first_failure,142,7,8,4,0,no_action,no_action,5
4908.991684020031,before_first_failure,141,7,8,4,0,no_action,no_action,2
4911.013262403023,before_first_failure,141,3,8,4,0,no_action,no_action,1
4913.07573240198,before_first_failure,135,8,8,4,0,no_action,no_action,2
4915.217872095993,before_first_failure,135,8,8,4,0,no_action,no_action,7
4917.315701691026,before_first_failure,135,7,8,4,0,no_action,no_action,7
4919.3434818200185,before_first_failure,134,8,8,4,0,no_action,no_action,6
4921.371885132976,before_first_failure,132,8,8,4,0,no_action,no_action,7
4923.40765331802,before_first_failure,132,8,8,4,0,no_action,no_action,3
4925.507425433025,before_first_failure,127,8,8,4,0,no_action,no_action,5
4927.588120043976,before_first_failure,127,8,8,4,0,no_action,no_action,6
4929.65608688799,before_first_failure,126,8,8,4,0,no_action,no_action,7
4932.168171863013,before_first_failure,126,8,8,4,0,no_action,no_action,5
4934.23111168202,before_first_failure,123,7,8,4,0,no_action,no_action,6
4936.874904120981,before_first_failure,122,8,8,4,0,no_action,no_action,2
4938.8901396130095,before_first_failure,118,7,8,4,0,no_action,no_action,5
4941.293030409026,before_first_failure,117,8,8,4,0,no_action,no_action,8
4943.351435119985,before_first_failure,116,8,8,4,0,no_action,no_action,7
4945.396881719993,before_first_failure,116,7,8,4,0,no_action,no_action,4
4947.448855669005,before_first_failure,111,8,8,4,0,no_action,no_action,7
4949.925937535008,before_first_failure,111,8,8,4,0,no_action,no_action,2
4951.935852819006,before_first_failure,105,7,8,4,0,no_action,no_action,5
4954.348221411987,before_first_failure,103,8,8,4,0,no_action,no_action,3
4986.882198232983,before_first_failure,103,6,8,4,0,no_action,no_action,0
4989.308116184024,before_first_failure,101,3,8,4,0,no_action,no_action,0
4991.377211134997,before_first_failure,95,8,8,4,0,no_action,no_action,2
4993.756478509982,before_first_failure,95,8,8,4,0,no_action,no_action,2
4995.7626766950125,before_first_failure,94,8,8,4,0,no_action,no_action,5
4997.9111784319975,before_first_failure,94,8,8,4,0,no_action,no_action,6
4999.913526456978,before_first_failure,93,7,8,4,0,no_action,no_action,6
5002.361187005008,before_first_failure,92,8,8,4,0,no_action,no_action,4
5004.459851243999,before_first_failure,90,7,8,4,0,no_action,no_action,5
5006.533088801021,before_first_failure,89,8,8,4,0,no_action,no_action,7
5008.556200816005,before_first_failure,88,6,8,4,0,no_action,no_action,3
5010.784183946031,before_first_failure,88,5,8,4,0,no_action,no_action,3
5012.815862815012,before_first_failure,84,8,8,4,0,no_action,no_action,5
5014.833819945983,before_first_failure,84,8,8,4,0,no_action,no_action,4
5016.9106784419855,before_first_failure,82,8,8,4,0,no_action,no_action,7
5018.963116494997,before_first_failure,82,8,8,4,0,no_action,no_action,8
5020.9746758890105,before_first_failure,81,6,8,4,0,no_action,no_action,3
5023.050136755977,before_first_failure,81,4,8,4,0,no_action,no_action,3
5025.128135484003,before_first_failure,77,6,8,4,0,no_action,no_action,1
5027.156814503018,before_first_failure,77,3,8,4,0,no_action,no_action,0
5029.249340964016,before_first_failure,71,7,8,4,0,no_action,no_action,2
5031.27038358798,before_first_failure,70,7,8,4,0,no_action,no_action,2
5033.545112965978,before_first_failure,67,7,8,4,0,no_action,no_action,1
5035.613703974988,before_first_failure,64,8,8,4,0,no_action,no_action,4
5037.724383299996,before_first_failure,64,8,8,4,0,no_action,no_action,4
5039.778023822,before_first_failure,61,7,8,4,0,no_action,no_action,5
5041.945884556975,before_first_failure,59,8,8,4,0,no_action,no_action,4
5043.978424412024,before_first_failure,57,8,8,4,0,no_action,no_action,6
5046.266697307001,before_first_failure,57,8,8,4,0,no_action,no_action,7
5048.424902709026,before_first_failure,56,6,8,4,0,no_action,no_action,5
5050.574091203976,before_first_failure,54,8,8,4,0,no_action,no_action,3
5052.649131027982,before_first_failure,50,8,8,4,0,no_action,no_action,5
5055.300216776028,before_first_failure,50,8,8,4,0,no_action,no_action,3
5057.404067352996,before_first_failure,47,8,8,4,0,no_action,no_action,6
5059.629441192024,before_first_failure,47,8,8,4,0,no_action,no_action,6
5061.713498767989,before_first_failure,45,8,8,4,0,no_action,no_action,6
5063.918703563977,before_first_failure,45,8,8,4,0,no_action,no_action,5
5066.073416672007,before_first_failure,43,7,8,4,0,no_action,no_action,5
5068.101419959974,before_first_failure,42,6,8,4,0,no_action,no_action,3
5070.273020430002,before_first_failure,39,8,8,4,0,no_action,no_action,2
5072.379997987009,before_first_failure,36,8,8,4,0,no_action,no_action,4
5074.423631055979,before_first_failure,36,7,8,4,0,no_action,no_action,7
5076.435711228987,before_first_failure,35,8,8,4,0,no_action,no_action,7
5078.5393553579925,before_first_failure,34,7,8,4,0,no_action,no_action,5
5080.599539046001,before_first_failure,33,6,8,4,0,no_action,no_action,5
5082.605185621011,before_first_failure,31,7,8,4,0,no_action,no_action,2
5084.619670198008,before_first_failure,28,6,8,4,0,no_action,no_action,1
5086.6600226290175,before_first_failure,26,8,8,4,0,no_action,no_action,1
5088.825069002982,before_first_failure,26,6,8,4,0,no_action,no_action,1
5090.914641828975,before_first_failure,21,8,8,4,0,no_action,no_action,2
5093.421395846992,before_first_failure,21,7,8,4,0,no_action,no_action,0
5095.507511645032,before_first_failure,16,7,8,4,0,no_action,no_action,4
5097.892526974028,before_first_failure,13,8,8,4,0,no_action,no_action,1
5099.947275548999,before_first_failure,13,5,8,4,0,no_action,no_action,1
5101.949715387018,before_first_failure,9,8,8,4,0,no_action,no_action,0
5104.038505891978,before_first_failure,4,8,8,4,0,no_action,no_action,2
5106.068519452005,before_first_failure,4,8,8,4,0,no_action,no_action,1
5108.075003308011,before_first_failure,1,7,8,4,0,no_action,no_action,1
5110.131124126026,before_first_failure,1,5,8,4,0,no_action,no_action,2
5112.465927926009,before_first_failure,1,4,8,4,0,no_action,no_action,0
5114.505773564975,before_first_failure,0,1,8,4,0,no_action,no_action,1
