offset_s,held_gpus,held_gpu_utilization_mean_percent,arrival_to_gate,gate_to_source_admission,source_to_native_dispatch,native_dispatch_to_last_token,last_token_to_controller_completion,controller_completion_to_terminal,gate_to_terminal
0.7968847790034488,1,40.0,1,0,0,0,0,0,0
1.8103854960063472,1,0.0,1,0,0,0,0,0,0
2.8243013320025057,1,0.0,1,0,0,0,0,0,0
3.837083928985521,1,0.0,1,0,0,0,0,0,0
4.850209714029916,1,0.0,1,0,0,0,0,0,0
5.863672784995288,1,0.0,1,0,0,0,0,0,0
6.876047010009643,1,0.0,1,0,0,0,0,0,0
7.889493204012979,1,0.0,1,0,0,0,0,0,0
8.90311950899195,1,0.0,1,0,0,0,0,0,0
9.917029267002363,1,0.0,1,0,0,0,0,0,0
10.929845585022122,1,0.0,1,0,0,0,0,0,0
11.94368761399528,1,0.0,2,0,0,0,0,0,0
12.956551686977036,1,0.0,2,0,0,0,0,0,0
13.969510767026804,1,0.0,3,0,0,0,0,0,0
14.981948679022025,1,0.0,3,0,0,0,0,0,0
15.993897687003482,1,0.0,3,0,0,0,0,0,0
17.00770699599525,1,0.0,3,0,0,0,0,0,0
18.021075694996398,1,0.0,3,0,0,0,0,0,0
19.034929277026094,1,0.0,3,0,0,0,0,0,0
20.04886527097551,1,0.0,3,0,0,0,0,0,0
21.062119912006892,1,0.0,3,0,0,0,0,0,0
22.076193440996576,1,0.0,4,0,0,0,0,0,0
23.090382101014256,1,0.0,2,0,2,0,0,0,2
24.104083041020203,1,83.0,2,0,0,2,0,0,2
25.11826768098399,1,94.0,2,0,0,2,0,0,2
26.13269867998315,1,96.0,1,0,0,2,0,0,2
27.14634922402911,1,93.0,1,0,0,2,0,0,2
28.158227338979486,1,94.0,0,1,0,1,0,0,2
29.172377987008076,1,94.0,0,0,0,2,0,0,2
30.18444903701311,1,100.0,0,0,0,2,0,0,2
31.19816221803194,1,94.0,0,0,0,2,0,0,2
32.21208438399481,1,95.0,0,0,0,1,0,0,1
33.22625720198266,1,93.0,0,0,0,1,0,0,1
34.23946736898506,1,94.0,0,0,0,0,0,0,0
35.252478523005266,1,0.0,0,0,0,0,0,0,0
36.27421152801253,1,0.0,0,0,1,0,0,0,1
37.28838593902765,1,74.0,1,0,0,2,0,0,2
38.304271973029245,1,95.0,1,0,0,2,0,0,2
39.3180965189822,1,44.0,1,0,0,2,0,0,2
40.332158442994114,1,49.0,2,0,0,2,0,0,2
41.34267761197407,1,58.0,3,0,0,2,0,0,2
42.356879507016856,1,95.0,4,0,0,2,0,0,2
43.37039892899338,1,10.0,5,0,0,2,0,0,2
44.38433937402442,1,94.0,5,0,0,2,0,0,2
45.398221648007166,1,78.0,4,0,0,1,0,1,2
46.41235561098438,1,100.0,3,0,0,2,0,0,2
47.42713935702341,2,47.5,4,0,0,1,1,0,2
48.439884298015386,2,4.0,3,0,0,2,0,0,2
49.45043558999896,2,69.0,3,0,0,2,0,0,2
50.464568988012616,3,46.0,5,0,0,2,0,0,2
51.47408423101297,3,27.666666666666668,6,0,0,2,0,0,2
52.48919457400916,3,14.333333333333334,6,0,1,1,0,0,2
53.50292742199963,3,14.666666666666666,6,0,0,2,0,0,2
54.51611868897453,3,58.666666666666664,6,0,0,2,0,0,2
55.52960999199422,4,35.25,6,0,0,2,0,0,2
56.54043262900086,4,20.5,8,0,0,2,0,0,2
57.55569559597643,4,34.0,8,0,0,2,0,0,2
58.57034193002619,4,34.75,10,0,0,2,0,0,2
59.58455290301936,4,33.5,12,0,0,2,0,0,2
60.60007038898766,4,33.0,12,0,0,2,0,0,2
61.61422315199161,4,17.5,12,0,0,2,0,0,2
62.628382636001334,4,23.5,12,0,0,2,0,0,2
63.643093425023835,4,34.0,12,0,0,2,0,0,2
64.65544641698943,4,23.0,12,1,0,1,0,0,2
65.66787524498068,4,7.0,12,1,1,0,0,0,2
66.68077803403139,4,15.75,13,0,0,2,0,0,2
67.68820865201997,4,14.5,13,0,0,2,0,0,2
68.70255740702851,4,37.0,12,1,0,1,0,0,2
69.71564604097512,4,23.25,12,0,0,2,0,0,2
70.72865266300505,4,24.0,10,2,0,2,0,0,4
71.74278196098749,4,13.5,8,0,2,4,0,0,6
72.75723495299462,4,68.25,8,0,1,5,0,0,6
73.76935787999537,4,66.25,6,0,2,6,0,0,8
74.78061325801536,4,62.75,6,0,0,8,0,0,8
75.79452425602358,4,94.5,5,1,0,7,0,0,8
76.80879069399089,4,71.0,5,0,0,8,0,0,8
77.82166144700022,4,86.0,3,0,0,8,0,0,8
78.83359242702136,4,72.0,4,0,0,7,0,1,8
79.84786473400891,4,81.25,1,2,0,5,0,1,8
80.86204708402511,4,69.25,0,0,0,8,0,0,8
81.87616371002514,4,88.75,0,1,0,6,0,0,7
82.88931043399498,4,47.25,2,0,2,6,0,0,8
83.90346984798089,4,94.25,2,0,1,7,0,0,8
84.914718103013,4,89.0,2,0,1,7,0,0,8
85.92912375502056,4,66.5,2,0,0,8,0,0,8
86.94169936800608,4,84.0,2,1,0,7,0,0,8
87.95601143897511,4,47.0,1,1,1,6,0,0,8
88.96981290902477,4,51.0,1,1,2,5,0,0,8
89.98168322001584,4,92.5,1,0,0,7,0,1,8
90.99552641698392,4,52.5,0,1,0,2,0,2,5
92.01195940299658,4,38.25,0,1,1,2,0,0,4
93.02587220701389,4,45.75,0,1,1,3,0,0,5
94.0399991790182,4,93.75,0,0,1,4,0,0,5
95.05348870402668,4,54.0,0,1,1,6,0,0,8
96.06744453299325,4,88.5,0,0,1,6,0,0,7
97.07906782702776,4,43.25,0,1,0,6,0,0,7
98.09348077402683,4,70.75,1,0,2,6,0,0,8
99.10755599301774,4,54.25,1,0,0,8,0,0,8
100.12160201498773,4,94.75,2,0,0,6,0,2,8
101.13570685702143,4,53.0,0,1,0,6,0,0,7
102.14717670099344,4,86.5,0,0,0,7,0,0,7
103.16117016598582,4,47.0,0,0,1,3,0,1,5
104.1745243659825,4,72.5,0,0,0,5,0,0,5
105.18836342002032,4,55.5,0,1,0,5,0,0,6
106.20275377400685,4,96.5,0,1,0,6,0,0,7
107.21659436897608,4,94.5,0,0,1,4,1,1,7
108.23039427801268,4,73.0,0,1,0,5,0,0,6
109.24521506897872,4,56.75,0,1,1,5,0,0,7
110.25879475899274,4,88.0,0,0,1,5,0,0,6
111.27176942297956,4,31.25,0,0,1,5,0,0,6
112.28553355799522,4,48.25,0,0,0,5,0,0,5
113.29938351502642,4,23.25,0,0,0,2,0,0,2
114.30944074399304,4,23.0,0,0,0,2,0,0,2
115.32396248303121,4,3.25,0,0,0,1,0,0,1
116.33758288802346,4,24.0,0,1,0,1,0,0,2
117.35012812598143,4,12.0,0,0,0,1,0,0,1
118.3660274129943,4,23.25,0,1,0,1,0,0,2
119.38009792898083,4,23.5,0,2,1,1,0,0,4
120.39417673897697,4,73.25,0,0,1,3,0,0,4
121.40634739300003,4,70.75,0,0,1,3,0,0,4
122.42037433001678,4,24.0,0,0,1,2,1,0,4
123.43346723198192,4,53.0,0,0,0,3,0,0,3
124.44730980001623,4,50.75,1,0,0,3,0,0,3
125.46153646201128,4,70.25,0,0,0,4,0,0,4
126.4754391189781,4,27.25,0,1,0,3,0,0,4
127.48882190400036,4,47.25,0,1,1,2,0,0,4
128.50246452301508,4,23.25,0,0,1,2,0,0,3
129.5166610860033,4,23.5,0,0,1,2,0,0,3
130.53015522001078,4,1.0,0,0,0,3,0,0,3
131.54483705799794,4,46.25,0,0,0,3,0,0,3
132.55843527399702,4,25.75,0,2,0,3,0,0,5
133.57228205300635,4,46.75,0,3,0,3,0,0,6
134.5805781169911,4,24.75,0,2,0,5,0,0,7
135.59403058001772,4,48.75,1,1,0,6,0,1,8
136.60523554001702,4,45.0,1,0,2,4,2,0,8
137.6189462239854,4,40.25,0,2,1,3,2,0,8
138.6315638240194,4,52.0,0,1,1,4,0,0,6
139.64437852898845,4,58.0,1,1,1,1,2,0,5
140.65833734802436,4,0.0,0,0,2,2,0,0,4
141.67144675698364,4,53.5,0,1,1,2,0,0,4
142.68267756298883,4,40.25,0,3,0,4,0,0,7
143.6960575269768,4,23.25,0,1,3,4,0,0,8
144.70604029402602,4,47.75,1,1,3,4,0,0,8
145.72101803298574,4,71.0,1,0,1,7,0,0,8
146.7336231819936,4,71.0,0,1,1,5,0,0,7
147.74697551701684,4,53.5,0,1,2,5,0,0,8
148.75969639502,4,70.5,0,1,1,6,0,0,8
149.77122607600177,4,39.25,0,0,1,7,0,0,8
150.78503729699878,4,63.25,0,0,0,6,0,0,6
151.79842317599105,4,74.75,0,0,0,5,1,0,6
152.81253243301762,4,70.5,0,1,0,3,0,1,5
153.82619480899302,4,30.75,0,1,0,4,0,0,5
154.84029243397526,4,46.5,0,1,0,5,0,0,6
155.85010312398663,4,45.75,0,0,1,5,0,0,6
156.8644247779739,4,67.75,0,3,1,4,0,0,8
157.879042311979,4,0.0,0,0,2,6,0,0,8
158.8915941750165,4,43.5,0,0,1,6,0,0,7
159.90494051401038,4,49.5,0,1,1,6,0,0,8
160.9185690190061,4,93.25,0,0,1,6,0,0,7
161.93064050201792,4,31.5,0,1,0,7,0,0,8
162.94440099201165,4,38.75,0,1,1,6,0,0,8
163.9581777069834,4,33.25,2,0,0,8,0,0,8
164.9717922550044,4,79.5,0,2,0,5,0,0,7
165.9855269860127,4,24.0,1,0,2,3,0,1,6
166.99902464798652,4,53.75,0,1,2,2,0,2,7
168.01282718998846,4,21.5,0,1,1,4,0,0,6
169.0267299389816,4,21.75,0,0,2,3,0,0,5
170.04024760401808,4,29.0,0,3,1,3,0,0,7
171.05054456897778,4,17.75,0,1,3,1,0,1,6
172.06438740098383,4,23.75,0,1,2,2,0,0,5
173.07802197302226,4,46.75,0,0,1,4,0,0,5
174.09181396098575,4,95.25,0,0,0,5,0,0,5
175.10518506902736,4,92.0,0,0,0,5,0,0,5
176.11761240800843,4,94.0,1,0,0,5,0,0,5
177.13036420900607,4,62.25,0,2,0,5,0,0,7
178.14225099701434,4,47.0,0,0,2,3,1,1,7
179.15650827501668,4,27.75,1,1,1,4,0,0,6
180.168779205007,4,27.5,1,3,0,4,0,1,8
181.18250279000495,4,70.0,1,0,3,5,0,0,8
182.19637311802944,4,17.75,0,1,2,5,0,0,8
183.21020693599712,4,79.75,0,0,1,6,0,0,7
184.223751263984,4,49.0,0,1,0,7,0,0,8
185.23747470398666,4,95.0,1,0,1,7,0,0,8
186.2490007270244,4,94.5,1,0,1,7,0,0,8
187.26147240499267,4,25.75,1,1,0,7,0,0,8
188.2751875250251,4,40.75,0,2,0,6,0,0,8
189.2889548940002,4,87.0,0,0,1,6,0,0,7
190.30265731498366,4,47.75,0,2,0,6,0,0,8
191.3167482939898,4,70.0,3,0,1,6,1,0,8
192.3303723729914,4,93.75,3,0,1,5,2,0,8
193.34430065302877,4,58.75,3,2,0,6,0,0,8
194.35669464600505,4,60.25,3,1,2,3,2,0,8
195.37033929297468,4,23.25,1,2,2,4,0,0,8
196.38421172800008,4,93.75,2,2,2,4,0,0,8
197.3979773200117,4,70.0,2,0,3,4,0,1,8
198.41186197899515,4,58.25,2,0,3,5,0,0,8
199.42360550700687,4,70.75,2,0,1,7,0,0,8
200.43719554698328,4,69.25,1,1,1,6,0,0,8
201.45170746999793,4,95.75,1,2,1,5,0,0,8
202.464066230983,4,67.5,1,2,1,5,0,0,8
203.47538135299692,4,70.5,1,0,2,6,0,0,8
204.48658331797924,4,78.75,2,0,2,5,1,0,8
205.5001360650058,4,93.75,4,0,2,5,0,1,8
206.5141951480182,4,35.25,3,0,2,6,0,0,8
207.52775413397467,4,11.0,1,3,2,3,0,0,8
208.53925184899708,4,72.0,1,1,2,5,0,0,8
209.55294406798203,4,69.25,1,0,3,5,0,0,8
210.56465974700404,4,71.5,0,1,2,3,0,2,8
211.57832777197473,4,71.0,0,0,2,4,0,0,6
212.59215261699865,4,69.75,0,0,2,4,0,0,6
213.60578699799953,4,47.0,0,1,2,3,0,0,6
214.6197857069783,4,0.0,0,1,3,3,0,0,7
215.62990818399703,4,82.25,3,1,2,3,1,0,7
216.64390898001147,4,47.0,1,2,3,3,0,0,8
217.6575557240285,4,22.75,0,0,4,4,0,0,8
218.67159805702977,4,71.5,0,1,2,5,0,0,8
219.68526212498546,4,50.25,1,0,2,6,0,0,8
220.69891249900684,4,59.75,3,0,1,7,0,0,8
221.7126508890069,4,83.5,2,1,1,5,0,1,8
222.72609161498258,4,26.5,3,0,3,5,0,0,8
223.74012104602298,4,69.75,4,0,1,7,0,0,8
224.7541003850056,4,85.0,3,1,0,6,1,0,8
225.76933573302813,4,71.5,4,1,0,5,2,0,8
226.78043699800037,4,70.75,2,3,0,5,0,0,8
227.79423754202435,4,23.75,2,2,1,5,0,0,8
228.80817547498737,4,46.0,1,1,3,4,0,0,8
229.82187803601846,4,38.75,1,0,1,7,0,0,8
230.8350481200032,4,77.5,0,1,1,5,0,0,7
231.847888090997,4,85.5,0,0,3,5,0,0,8
232.8619790499797,4,29.0,2,0,2,6,0,0,8
233.87547333101975,4,93.25,2,0,2,5,1,0,8
234.88954829302384,4,70.0,1,2,1,5,0,0,8
235.9033070409787,4,70.25,0,1,2,4,0,0,7
236.91732631000923,4,47.5,0,1,1,6,0,0,8
237.93162016401766,4,15.5,2,0,1,6,0,1,8
238.94406432902906,4,84.5,2,0,1,7,0,0,8
239.95833666599356,4,32.0,3,0,0,7,0,1,8
240.97225888399407,4,3.75,0,1,2,5,0,0,8
241.986047200975,4,36.25,0,0,3,5,0,0,8
243.0000015720143,4,47.0,0,0,3,1,4,0,8
244.01365996699315,4,23.0,0,1,2,2,0,0,5
245.02801140397787,4,38.0,0,1,0,4,1,0,6
246.0417032869882,4,60.5,1,1,0,4,1,0,6
247.05525369697716,4,47.0,4,1,0,2,2,1,6
248.06872965802904,4,47.0,3,3,0,2,0,3,8
249.08047134499066,4,47.25,0,3,2,3,0,0,8
250.100856975012,4,34.75,0,0,3,5,0,0,8
251.11443656001939,4,19.75,1,0,1,6,0,1,8
252.12695844599511,4,94.5,0,0,2,6,0,0,8
253.1405665979837,4,88.25,1,0,2,5,1,0,8
254.1514031930128,4,70.5,2,0,2,3,3,0,8
255.1633549379767,4,46.5,0,2,2,2,0,0,6
256.17748177802423,4,31.5,0,1,1,5,0,0,7
257.1910702830064,4,95.0,0,0,1,5,0,1,7
258.20537780498853,4,95.25,0,0,1,4,1,1,7
259.2162853080081,4,47.0,0,0,0,3,0,1,4
260.22600859199883,4,32.0,0,3,0,3,0,0,6
261.2400185649749,4,16.75,0,1,1,5,0,0,7
262.2519585019909,4,70.0,1,1,1,4,1,0,7
263.2655665819766,4,0.0,0,2,1,3,0,0,6
264.27656981901964,4,46.25,0,1,1,3,1,0,6
265.2914287960157,4,47.25,0,0,2,1,2,1,6
266.30547555501107,4,14.0,0,0,1,2,0,0,3
267.3172656780225,4,47.0,0,0,0,3,0,0,3
268.32974303298397,4,0.0,0,1,0,3,0,0,4
269.3433011100278,4,46.75,0,0,1,2,0,0,3
270.35677943000337,4,2.0,0,2,1,1,0,0,4
271.37043607002124,4,23.5,0,3,0,2,0,0,5
272.38428302598186,4,5.5,3,2,1,3,0,0,6
273.4009664669866,4,69.0,4,2,1,3,0,0,6
274.41452984698117,4,70.0,2,3,2,3,0,0,8
275.426174903987,4,11.0,2,3,2,3,0,0,8
276.43839305097936,4,49.5,2,0,2,6,0,0,8
277.4512803120306,4,94.25,1,1,1,6,0,0,8
278.4649141540285,4,93.5,1,1,1,6,0,0,8
279.4791864749859,4,90.75,0,1,2,5,0,0,8
280.49274223600514,4,74.0,0,0,1,7,0,0,8
281.5064289069851,4,69.5,0,1,0,6,0,0,7
282.52089620102197,4,70.25,0,2,0,6,0,0,8
283.5337482879986,4,92.75,0,0,2,4,0,0,6
284.5464017150225,4,54.75,0,1,1,5,0,0,7
285.56017167301616,4,50.75,0,1,2,4,0,0,7
286.5735284269904,4,24.0,0,0,2,2,1,0,5
287.58214425703045,4,47.0,1,0,2,2,1,0,5
288.59552616399014,4,6.75,0,1,1,2,0,0,4
289.6068763069925,4,47.25,0,0,0,4,0,0,4
290.6204386220197,4,71.25,1,0,0,4,0,0,4
291.6319616010296,4,23.0,0,1,0,4,0,0,5
292.64500970498193,4,46.5,0,0,0,5,0,0,5
293.6562836790108,4,47.0,0,0,0,5,0,0,5
294.66574250598205,4,36.0,0,0,0,4,0,0,4
295.67994220298715,4,69.75,0,2,0,4,0,0,6
296.69902638701024,4,16.5,0,1,2,2,0,1,6
297.7112163359998,4,29.25,0,0,1,4,0,0,5
298.7234392249957,4,25.25,0,1,0,5,0,0,6
299.73751565098064,4,24.5,0,1,1,5,0,0,7
300.75160981097724,4,23.0,0,1,2,3,2,0,8
301.76509030902525,4,36.5,1,1,1,4,2,0,8
302.7756893960177,4,47.25,1,1,1,4,0,2,8
303.78942015598295,4,47.75,0,1,2,3,1,0,7
304.8039075040142,4,47.75,0,0,3,3,0,0,6
305.81738603900885,4,47.5,1,0,2,4,0,0,6
306.83127933897777,4,95.75,2,0,1,4,1,0,6
307.84533768100664,4,70.75,3,2,1,1,0,4,8
308.8592270640074,4,0.0,0,2,4,0,0,1,7
309.8735460360185,4,1.0,0,0,4,2,0,0,6
310.8853557810071,4,0.0,2,0,4,2,0,0,6
311.899299710989,4,46.5,1,2,2,4,0,0,8
312.91313649498625,4,46.0,3,2,2,3,1,0,8
313.9269530919846,4,47.5,6,2,2,3,1,0,8
314.9404241950251,4,71.25,6,1,1,5,0,1,8
315.9523631579941,4,23.25,5,1,2,5,0,0,8
316.9659037750098,4,24.0,5,0,1,7,0,0,8
317.9801207599812,4,72.25,7,0,1,7,0,0,8
318.99354400800075,4,62.25,7,0,0,8,0,0,8
320.0073546789936,4,70.0,7,1,0,7,0,0,8
321.0190254719928,4,46.75,11,0,1,6,1,0,8
322.0324459570111,4,94.75,13,0,1,5,2,0,8
323.0459175819997,4,70.25,18,0,1,4,3,0,8
324.0587590340292,4,65.0,19,4,1,3,0,0,8
325.0690960260108,4,0.0,20,4,2,2,0,0,8
326.0833223150112,4,46.75,23,0,4,3,0,1,8
327.09677204699256,4,40.5,23,1,3,2,1,1,8
328.1109522340121,4,23.75,23,1,2,1,3,1,8
329.1249229339883,4,30.0,27,1,2,1,3,1,8
330.1376698660315,4,23.25,25,3,2,1,0,2,8
331.1519963309984,4,0.0,23,2,4,2,0,0,8
332.16601385199465,4,47.5,23,1,3,3,1,0,8
333.17787217599107,4,45.0,23,1,3,4,0,0,8
334.1914566180203,4,10.75,26,1,2,5,0,0,8
335.2037665800308,4,72.25,26,1,1,3,3,0,8
336.2170458189794,4,23.5,28,1,1,2,4,0,8
337.22819309902843,4,20.5,29,1,1,2,0,4,8
338.23947126499843,4,23.0,25,5,1,2,0,0,8
339.25148089800496,4,48.5,26,0,4,4,0,0,8
340.26563546201214,4,78.75,27,1,0,7,0,0,8
341.2792229540064,4,70.75,30,2,0,5,0,1,8
342.2908033540007,4,3.0,29,2,1,5,0,0,8
343.3030696280184,4,47.0,29,1,2,5,0,0,8
344.3169331540121,4,47.5,29,1,2,2,3,0,8
345.3322690789937,4,47.5,31,2,1,3,0,2,8
346.3460370230023,4,58.0,29,3,0,4,0,1,8
347.35818504099734,4,17.5,27,2,3,3,0,0,8
348.37090021400945,4,67.5,30,2,2,3,0,1,8
349.3842558070319,4,70.5,29,2,3,2,0,1,8
350.39686085801804,4,31.0,34,3,2,3,0,0,8
351.4123649140238,4,23.5,34,0,4,2,0,2,8
352.4303544019931,4,24.5,33,3,2,3,0,0,8
353.444355174026,4,14.75,33,2,4,2,0,0,8
354.45834753703093,4,48.0,37,1,3,3,1,0,8
355.46604620397557,4,47.0,40,1,3,2,2,0,8
356.4784133139765,4,47.25,41,2,3,3,0,0,8
357.4898146970081,4,23.0,45,2,2,4,0,0,8
358.50392144703073,4,56.75,45,2,1,5,0,0,8
359.5183108340134,4,41.0,44,2,3,3,0,0,8
360.53037579200463,4,72.0,47,0,2,6,0,0,8
361.54437490401324,4,2.0,52,0,1,7,0,0,8
362.55829667201033,4,85.75,56,1,1,6,0,0,8
363.57187679200433,4,58.75,59,0,1,7,0,0,8
364.5833507530042,4,70.75,65,0,1,5,2,0,8
365.59790075500496,4,70.0,66,0,1,5,2,0,8
366.61079149198486,4,70.0,66,0,1,3,4,0,8
367.62455685599707,4,48.25,62,4,0,4,0,0,8
368.63882665801793,4,41.25,62,0,4,3,0,1,8
369.6524779369938,4,47.5,62,1,0,6,1,0,8
370.66372538002906,4,4.75,61,2,1,5,0,0,8
371.6772678520065,4,84.75,60,1,2,5,0,0,8
372.69164409901714,4,24.25,62,2,1,4,1,0,8
373.7042120650294,4,55.0,61,0,3,3,1,1,8
374.71807126299245,4,24.0,59,1,2,5,0,0,8
375.73173451202456,4,58.5,60,0,1,7,0,0,8
376.74282207502984,4,95.5,60,0,1,6,1,0,8
377.753786279005,4,94.5,62,0,1,5,2,0,8
378.765208479017,4,94.0,58,4,0,4,0,0,8
379.77824220701586,4,47.25,58,0,1,6,1,0,8
380.7917351630167,4,42.5,57,2,0,6,0,0,8
381.80565865902463,4,46.5,58,0,1,7,0,0,8
382.81912126298994,4,57.75,56,2,0,5,1,0,8
383.83068182802526,4,81.0,55,0,3,4,0,1,8
384.8435123770032,4,24.0,54,1,1,4,0,2,8
385.85745908599347,4,64.75,52,2,1,5,0,0,8
386.8709303130163,4,49.0,51,1,3,3,1,0,8
387.88307458598865,4,12.25,50,0,2,5,0,1,8
388.89634185802424,4,50.0,51,1,1,6,0,0,8
389.91037089697784,4,83.0,53,1,1,2,4,0,8
390.9218841170077,4,46.75,53,1,1,2,4,0,8
391.9356887289905,4,47.0,51,3,1,2,0,2,8
392.9496761399787,4,0.0,49,4,1,3,0,0,8
393.9631447570282,4,36.75,52,1,2,3,0,2,8
394.97680571698584,4,42.5,49,3,2,3,0,0,8
395.9904603449977,4,39.75,49,0,2,5,1,0,8
397.00406595401,4,38.5,51,2,1,3,2,0,8
398.017420588003,4,23.75,50,2,3,3,0,0,8
399.0305869859876,4,0.0,51,2,2,1,3,0,8
400.0447296369821,4,23.25,52,2,2,1,3,0,8
401.0568944939878,4,23.75,54,0,4,1,0,3,8
402.0704461960122,4,23.0,54,2,4,1,0,1,8
403.08408862003125,4,23.25,55,2,4,2,0,0,8
404.0979381200159,4,49.5,55,0,1,7,0,0,8
405.11243543599267,4,25.0,54,1,0,6,1,0,8
406.1258434409974,4,9.5,55,1,1,5,0,1,8
407.1397657599882,4,73.5,55,1,1,4,1,1,8
408.15363144897856,4,70.75,59,1,1,3,2,1,8
409.1654263010132,4,0.0,58,2,3,3,0,0,8
410.17927789798705,4,28.0,59,2,2,3,0,1,8
411.19328826398123,4,47.75,61,2,1,5,0,0,8
412.2082410000148,4,70.75,62,0,2,3,0,3,8
413.2217818570207,4,1.0,60,2,1,4,0,1,8
414.2358424430131,4,47.75,59,1,2,3,0,2,8
415.24966690398287,4,0.0,56,3,3,0,0,2,8
416.25850331399124,4,0.0,54,5,2,0,0,1,8
417.26917285402305,4,0.0,54,5,2,0,0,1,8
418.2837150020059,4,0.0,56,5,2,0,0,1,8
419.29526642599376,4,1.0,56,5,2,0,0,1,8
420.30863202002365,4,22.5,57,6,1,1,0,0,8
421.3246673939866,4,0.0,60,1,6,0,0,1,8
422.338545421022,4,0.0,61,1,4,2,0,1,8
423.35224293801,4,22.75,61,2,2,4,0,0,8
424.36597326101037,4,23.25,60,2,1,4,1,0,8
425.3796159729827,4,0.0,59,1,3,4,0,0,8
426.39066259597894,4,71.75,59,1,3,4,0,0,8
427.4041835680255,4,72.75,59,1,3,4,0,0,8
428.41818606399465,4,67.75,60,0,3,5,0,0,8
429.42991598002845,4,71.25,62,0,2,5,0,1,8
430.4436976980069,4,65.5,61,1,2,5,0,0,8
431.4554970919853,4,24.75,62,1,2,4,0,1,8
432.4697590909782,4,94.25,61,2,2,4,0,0,8
433.48223606700776,4,47.5,62,0,3,5,0,0,8
434.49402217398165,4,35.5,60,2,2,4,0,0,8
435.5076675299788,4,32.75,60,2,0,3,0,3,8
436.5214944499894,4,13.5,57,4,1,2,1,0,8
437.5344229239854,4,46.75,59,4,1,2,1,0,8
438.54139810899505,4,46.75,62,4,1,2,1,0,8
439.55405975098256,4,46.25,61,4,2,2,0,0,8
440.56375425698934,4,71.0,63,2,2,3,0,1,8
441.57746653002687,4,0.0,64,1,4,3,0,0,8
442.5914098820067,4,67.75,66,1,2,5,0,0,8
443.60443678998854,4,53.0,69,0,0,7,1,0,8
444.61801902699517,4,2.75,68,0,1,6,1,0,8
445.63142386998516,4,24.0,69,0,1,6,0,1,8
446.64499368402176,4,93.25,69,2,0,6,0,0,8
447.658972455014,4,69.0,69,1,1,6,0,0,8
448.6710761699942,4,93.5,69,1,1,6,0,0,8
449.6849035139894,4,95.0,70,1,1,5,1,0,8
450.6985202920041,4,93.75,69,1,2,3,0,2,8
451.7124440050102,4,0.0,71,1,2,2,1,2,8
452.725948531006,4,23.25,70,2,4,2,0,0,8
453.7397285649786,4,19.0,72,0,4,3,0,1,8
454.75329654698726,4,23.75,70,1,2,5,0,0,8
455.76762907998636,4,44.5,70,0,2,6,0,0,8
456.78140762401745,4,50.0,72,0,0,8,0,0,8
457.79491568298545,4,39.25,74,0,0,6,2,0,8
458.80874915700406,4,70.25,75,0,0,6,2,0,8
459.82240180601366,4,71.0,75,0,0,5,3,0,8
460.83586361800553,4,47.5,75,0,0,4,4,0,8
461.84977451799205,4,47.5,71,4,0,4,0,0,8
462.8637422529864,4,41.0,72,0,2,3,2,1,8
463.8760260519921,4,47.0,69,3,1,3,0,1,8
464.8882073429995,4,46.25,67,4,3,1,0,0,8
465.9027267320198,4,0.0,67,3,1,3,1,0,8
466.91672624100465,4,45.75,66,1,3,4,0,0,8
467.93082873901585,4,20.5,66,2,2,4,0,0,8
468.94426572398515,4,48.5,66,0,3,5,0,0,8
469.9597556720255,4,46.25,66,0,2,5,0,1,8
470.9736821950064,4,47.25,68,0,2,3,2,1,8
471.9873661369784,4,46.0,69,0,2,3,2,1,8
473.0018167599919,4,46.5,69,0,2,3,2,1,8
474.01552667398937,4,47.75,67,2,2,3,0,1,8
475.02915955800563,4,23.75,65,1,3,4,0,0,8
476.04396668903064,4,46.25,65,1,1,3,3,0,8
477.0552365719923,4,71.75,62,1,3,4,0,0,8
478.069508458022,4,6.25,62,0,1,7,0,0,8
479.0828846450313,4,76.5,60,2,0,6,0,0,8
480.0973210859811,4,94.75,61,0,1,6,0,1,8
481.1114162009908,4,65.0,58,3,1,4,0,0,8
482.1254957789788,4,47.0,59,0,2,6,0,0,8
483.13752833998296,4,67.0,62,0,0,8,0,0,8
484.14870557002723,4,77.25,61,2,0,5,1,0,8
485.16214592102915,4,71.25,61,2,0,4,2,0,8
486.17546275799396,4,23.5,61,2,0,1,5,0,8
487.18950129603036,4,23.5,63,2,0,1,5,0,8
488.2031630999991,4,2.75,61,6,0,1,0,1,8
489.2156328940182,4,23.5,62,2,5,1,0,0,8
490.2291723419912,4,36.25,63,1,3,3,0,1,8
491.2431918720249,4,56.75,63,1,1,6,0,0,8
492.2573762629763,4,48.75,63,2,0,6,0,0,8
493.26861322898185,4,90.5,62,3,1,4,0,0,8
494.27957160398364,4,23.0,61,3,1,4,0,0,8
495.2903853530297,4,62.25,62,0,1,7,0,0,8
496.3031515260227,4,58.25,63,0,0,8,0,0,8
497.31867539300583,4,94.25,64,1,0,7,0,0,8
498.32948332402157,4,63.25,64,0,1,7,0,0,8
499.3424406819977,4,87.0,64,0,1,4,3,0,8
500.354657236021,4,70.5,64,0,1,3,4,0,8
501.36882269202033,4,71.75,65,0,1,2,5,0,8
502.3835117400158,4,22.75,62,3,1,2,0,2,8
503.3945666149957,4,11.0,59,1,3,4,0,0,8
504.4080918090185,4,43.0,59,1,2,3,0,2,8
505.42217295401497,4,46.5,56,4,2,2,0,0,8
506.4357696599909,4,5.25,57,4,1,3,0,0,8
507.44940495101037,4,23.25,57,1,4,3,0,0,8
508.46328262699535,4,47.25,58,0,3,4,0,1,8
509.4787577490206,4,50.0,57,1,1,4,1,1,8
510.4930059820181,4,15.75,55,2,3,2,1,0,8
511.5067784250132,4,24.0,55,1,3,3,0,1,8
512.5204186399933,4,0.0,54,1,1,6,0,0,8
513.5343993119895,4,5.0,53,1,2,3,2,0,8
514.5461316489964,4,47.25,53,1,2,3,2,0,8
515.5585510290111,4,37.75,53,1,2,2,3,0,8
516.5722398340004,4,23.25,54,1,2,2,3,0,8
517.5861221170053,4,0.0,52,3,2,3,0,0,8
518.600252645032,4,48.5,54,0,2,5,1,0,8
519.6143948920071,4,0.0,53,1,2,5,0,0,8
520.6268649009871,4,92.0,53,0,0,6,1,1,8
521.6416247980087,4,0.0,50,3,0,3,2,0,8
522.6555351510178,4,23.25,48,3,2,3,0,0,8
523.6667217540089,4,48.25,47,1,3,3,0,1,8
524.6806495169876,4,45.75,47,1,3,4,0,0,8
525.6936922270106,4,11.25,48,1,1,5,0,1,8
526.6997297999915,4,69.75,46,3,1,4,0,0,8
527.7107824119739,4,23.5,45,2,4,2,0,0,8
528.7251247820095,4,19.0,45,2,3,3,0,0,8
529.7369380409946,4,33.5,45,2,3,3,0,0,8
530.7486323969788,4,46.75,46,2,3,3,0,0,8
531.7623582559754,4,46.5,47,1,5,2,0,0,8
532.7756876919884,4,0.0,47,1,3,4,0,0,8
533.7894339769846,4,26.0,47,1,4,3,0,0,8
534.8035389669822,4,0.0,47,0,2,5,0,1,8
535.8145912350155,4,54.5,49,1,1,6,0,0,8
536.8272004289902,4,46.0,48,2,0,6,0,0,8
537.8384467380238,4,24.0,50,2,0,6,0,0,8
538.851528758998,4,34.25,51,1,1,6,0,0,8
539.8627532080282,4,50.5,50,3,0,5,0,0,8
540.8752766029793,4,23.0,49,4,0,4,0,0,8
541.8895833370043,4,0.0,49,1,3,4,0,0,8
542.9015541209956,4,0.0,49,1,2,5,0,0,8
543.9152572979801,4,37.5,50,0,1,7,0,0,8
544.9289479959989,4,97.25,50,0,1,6,1,0,8
545.9432531989878,4,93.5,50,0,1,4,3,0,8
546.957108224975,4,68.5,51,0,1,2,5,0,8
547.9702303530066,4,47.5,46,4,0,4,0,0,8
548.9821129870252,4,52.0,46,1,3,3,0,1,8
549.9961819780292,4,48.25,44,2,2,4,0,0,8
551.0100530490163,4,47.5,45,0,2,6,0,0,8
552.0237736830022,4,58.0,44,1,1,6,0,0,8
553.0369321929757,4,25.25,45,0,1,7,0,0,8
554.0505949429935,4,85.25,46,0,1,7,0,0,8
555.0594504899927,4,71.5,46,0,0,8,0,0,8
556.0730279830168,4,94.0,48,0,0,8,0,0,8
557.0840866080252,4,92.75,50,0,0,8,0,0,8
558.0959290689789,4,25.5,48,0,2,6,0,0,8
559.1080039389781,4,24.0,48,1,1,6,0,0,8
560.1222558799782,4,26.0,49,0,2,6,0,0,8
561.1356382599915,4,53.75,49,1,1,4,1,1,8
562.1492519659805,4,25.0,48,1,2,2,1,2,8
563.1627465810161,4,46.5,49,1,2,2,1,2,8
564.1735901390202,4,47.5,50,1,2,2,1,2,8
565.185364347999,4,23.25,50,1,2,1,2,2,8
566.1975828420254,4,25.75,50,1,2,1,1,3,8
567.2099075149745,4,33.75,48,5,1,2,0,0,8
568.2248305070098,4,43.5,49,0,3,5,0,0,8
569.235213042004,4,71.25,50,2,1,4,0,1,8
570.2472719200305,4,24.0,48,4,0,3,0,1,8
571.256758271018,4,42.75,47,2,3,3,0,0,8
572.269199234026,4,59.25,46,2,3,3,0,0,8
573.2817040610244,4,56.5,47,2,3,3,0,0,8
574.2928553930251,4,72.5,48,2,1,5,0,0,8
575.3065251280204,4,95.5,48,0,2,6,0,0,8
576.3168434650288,4,55.5,51,0,1,7,0,0,8
577.3299415889778,4,93.5,55,0,1,7,0,0,8
578.3439613240189,4,93.75,56,0,1,6,1,0,8
579.3576817269786,4,84.5,56,0,1,4,3,0,8
580.3714172629989,4,70.25,58,0,1,3,4,0,8
581.3861230610055,4,70.5,58,0,1,1,6,0,8
582.398382549989,4,19.75,53,6,1,1,0,0,8
583.4108884609886,4,11.0,55,0,7,1,0,0,8
584.4234490660019,4,24.0,56,0,4,4,0,0,8
585.4359219499747,4,70.5,55,1,3,4,0,0,8
586.4487404309912,4,15.25,56,0,1,7,0,0,8
587.4655070260051,4,94.5,55,1,0,7,0,0,8
588.4777251670021,4,33.75,55,1,0,6,1,0,8
589.4916993079823,4,94.5,55,2,0,6,0,0,8
590.5033823419944,4,94.75,56,1,1,6,0,0,8
591.5173009019927,4,59.5,57,0,1,6,0,1,8
592.530852114025,4,46.5,57,1,0,7,0,0,8
593.5430293930112,4,46.25,57,1,0,6,1,0,8
594.5590777809848,4,94.0,57,1,0,5,2,0,8
595.5729452450178,4,71.75,59,1,0,4,3,0,8
596.5855699959793,4,46.75,59,1,0,1,6,0,8
597.5991968620219,4,23.25,54,6,0,1,0,1,8
598.6128599279909,4,23.25,54,6,1,1,0,0,8
599.6268305309932,4,23.25,54,2,4,2,0,0,8
600.6407161619863,4,45.5,55,1,4,3,0,0,8
601.6531064040028,4,40.75,57,1,2,5,0,0,8
602.6657475139946,4,0.0,57,0,1,7,0,0,8
603.67697532702,4,58.25,56,1,0,7,0,0,8
604.6907338449964,4,70.25,55,1,0,7,0,0,8
605.7043979070149,4,92.5,55,1,0,7,0,0,8
606.716816981032,4,72.0,55,0,1,7,0,0,8
607.7281762590283,4,35.0,56,0,0,8,0,0,8
608.7418103539967,4,26.5,55,2,0,6,0,0,8
609.7535660180147,4,70.75,55,1,0,7,0,0,8
610.7657514130115,4,96.75,58,1,0,5,2,0,8
611.7770047580125,4,70.25,58,1,0,5,2,0,8
612.7898224089877,4,69.0,58,1,0,0,7,0,8
613.8034780939925,4,0.0,58,1,0,0,7,0,8
614.8161386289867,4,0.0,51,5,2,1,0,0,8
615.8275174589944,4,0.0,52,1,4,3,0,0,8
616.8413559690234,4,48.5,52,0,3,5,0,0,8
617.8529788309825,4,69.25,52,1,2,5,0,0,8
618.8667503240285,4,50.0,52,0,1,7,0,0,8
619.8806660280097,4,70.5,52,0,0,8,0,0,8
620.8946231500013,4,94.25,51,1,0,7,0,0,8
621.9081289810129,4,24.5,52,0,1,7,0,0,8
622.9216265080031,4,92.5,53,0,0,8,0,0,8
623.9353201930062,4,95.25,55,0,0,8,0,0,8
624.948638004018,4,73.5,56,1,0,7,0,0,8
625.9582537380047,4,23.0,55,1,1,6,0,0,8
626.9717548980261,4,47.25,55,0,2,4,2,0,8
627.9850962400087,4,46.5,53,2,1,5,0,0,8
628.9981527720229,4,8.75,52,1,2,5,0,0,8
630.0101281580282,4,7.75,51,1,3,4,0,0,8
631.0237570559839,4,46.75,53,0,3,3,2,0,8
632.0377339150291,4,36.5,51,2,2,4,0,0,8
633.0520588189829,4,0.0,53,1,1,6,0,0,8
634.0640114260023,4,93.5,55,1,1,6,0,0,8
635.0779715339886,4,71.25,56,1,1,5,1,0,8
636.0894653950236,4,70.5,56,1,1,5,1,0,8
637.1035982450121,4,47.5,56,1,1,4,2,0,8
638.1168337819981,4,47.25,57,0,2,4,0,2,8
639.1311248950078,4,48.25,55,2,1,4,1,0,8
640.1436429800233,4,23.25,55,1,1,6,0,0,8
641.1585198069806,4,23.25,55,0,1,7,0,0,8
642.1724135589902,4,58.75,53,0,3,5,0,0,8
643.1866817880073,4,23.0,53,0,2,5,0,1,8
644.1994608159875,4,46.25,52,1,1,6,0,0,8
645.2130485029775,4,66.75,52,1,0,7,0,0,8
646.2265487479744,4,27.75,52,0,1,5,2,0,8
647.2403328089858,4,46.75,50,2,1,5,0,0,8
648.254175611015,4,67.5,50,0,2,6,0,0,8
649.2677705769893,4,70.5,51,0,1,6,0,1,8
650.2818205900257,4,46.0,50,1,1,6,0,0,8
651.2956374940113,4,93.25,50,1,1,6,0,0,8
652.3096846669796,4,4.75,51,1,1,6,0,0,8
653.3235487089842,4,47.75,51,1,1,4,1,1,8
654.3372288729879,4,70.75,51,1,1,2,3,1,8
655.3511022789753,4,23.5,52,1,1,1,4,1,8
656.3650154690258,4,23.25,53,1,1,1,4,1,8
657.3790856429841,4,23.75,55,1,1,1,4,1,8
658.3924295909819,4,24.25,56,1,1,0,4,2,8
659.4065766080166,4,0.0,51,4,3,1,0,0,8
660.4185648189741,4,22.75,50,1,5,2,0,0,8
661.4352204520255,4,0.0,51,1,4,3,0,0,8
662.4476581690251,4,93.75,51,1,2,3,0,2,8
663.4601346940035,4,23.75,49,3,2,2,0,1,8
664.4738675830304,4,0.0,48,2,3,3,0,0,8
665.4872458130121,4,46.25,50,1,4,3,0,0,8
666.5005168310017,4,41.5,50,0,3,4,0,1,8
667.5147378739784,4,14.5,51,0,3,3,0,0,6
668.5288302010158,4,25.0,49,2,1,4,1,0,8
669.5425228539971,4,48.0,49,2,1,4,1,0,8
670.5559618709958,4,47.25,51,2,1,4,1,0,8
671.5695799629902,4,47.5,52,2,1,4,1,0,8
672.5827934370027,4,46.75,52,2,1,3,2,0,8
673.5966320330044,4,34.75,49,5,1,2,0,0,8
674.6091179520008,4,19.5,49,3,2,3,0,0,8
675.6167181700002,4,25.25,50,1,3,4,0,0,8
676.6307448910084,4,28.25,51,1,2,3,2,0,8
677.6459491539863,4,3.75,49,2,2,4,0,0,8
678.6596744810231,4,33.75,49,1,3,4,0,0,8
679.6740615239833,4,47.5,49,0,2,6,0,0,8
680.6855158450198,4,24.0,49,0,0,7,1,0,8
681.6955014640116,4,94.0,50,1,0,7,0,0,8
682.7096782759763,4,42.5,52,0,1,7,0,0,8
683.7232753470307,4,79.0,54,0,0,8,0,0,8
684.7367670750245,4,19.75,54,0,0,8,0,0,8
685.7510682329885,4,89.0,58,0,0,8,0,0,8
686.7640275079757,4,51.5,58,0,0,7,1,0,8
687.7780448819976,4,88.75,57,1,0,7,0,0,8
688.7917226100108,4,46.0,58,1,0,6,1,0,8
689.803324647015,4,95.25,59,1,0,3,4,0,8
690.8167912759818,4,47.75,59,1,0,3,4,0,8
691.8298515910283,4,30.25,59,1,0,0,7,0,8
692.8389395580161,4,0.0,60,1,0,0,7,0,8
693.8523369869799,4,0.0,53,7,1,0,0,0,8
694.866197292984,4,0.0,56,2,4,2,0,0,8
695.8806954930187,4,24.75,58,0,4,4,0,0,8
696.8944169579772,4,71.75,58,0,4,4,0,0,8
697.9047406240134,4,49.0,59,0,2,5,1,0,8
698.9168480249937,4,68.0,58,0,1,6,1,0,8
699.9306950009777,4,71.25,57,1,1,5,0,1,8
700.9442283450044,4,13.5,56,2,1,5,0,0,8
701.9583648989792,4,30.0,55,3,1,4,0,0,8
702.9713282180019,4,22.25,55,0,3,4,0,1,8
703.985344803019,4,92.75,55,1,1,6,0,0,8
704.9990786589915,4,47.5,56,1,1,6,0,0,8
706.0118237719871,4,67.75,56,0,1,6,1,0,8
707.0223760849913,4,70.0,57,0,1,6,1,0,8
708.0363638250274,4,70.25,58,0,1,2,5,0,8
709.0500460669864,4,23.0,58,0,1,1,6,0,8
710.064404839999,4,23.25,59,0,1,1,6,0,8
711.0784562380286,4,4.5,54,5,1,1,0,1,8
712.0921552489744,4,1.0,55,5,1,2,0,0,8
713.106072044,4,59.25,56,0,5,3,0,0,8
714.1184751479886,4,30.75,56,0,4,3,0,1,8
715.1328746689833,4,27.5,56,1,2,5,0,0,8
716.1466514240019,4,48.25,56,1,1,5,0,1,8
717.1607402639929,4,71.25,55,0,1,6,1,0,8
718.1742687399965,4,85.75,56,0,1,4,3,0,8
719.1879643140128,4,23.5,54,3,0,5,0,0,8
720.2018184179906,4,47.0,54,0,2,6,0,0,8
721.2156632620026,4,46.5,53,1,1,5,0,1,8
722.2295876389835,4,87.25,53,1,0,6,0,1,8
723.238956605026,4,95.0,53,2,0,6,0,0,8
724.2528510770062,4,93.25,55,2,0,5,1,0,8
725.2660206180299,4,47.5,55,2,0,2,4,0,8
726.277966159978,4,23.25,55,2,0,1,5,0,8
727.2919049800257,4,23.5,61,0,1,2,0,5,8
728.3055024499772,4,31.0,58,3,0,3,0,2,8
729.3184721680009,4,8.0,55,5,0,3,0,0,8
730.3325504679815,4,47.5,57,0,4,4,0,0,8
731.3463920200011,4,39.0,57,1,4,3,0,0,8
732.3606602299842,4,55.0,57,0,1,7,0,0,8
733.3745625530137,4,72.0,62,0,0,8,0,0,8
734.3864191049943,4,70.5,64,0,0,8,0,0,8
735.4008774990216,4,54.0,65,1,0,7,0,0,8
736.4153013019823,4,23.25,65,1,0,7,0,0,8
737.4292906670016,4,48.0,64,1,1,6,0,0,8
738.4430630549905,4,17.5,66,0,2,6,0,0,8
739.4568969620159,4,93.5,70,1,0,7,0,0,8
740.467419699009,4,27.75,74,1,0,5,2,0,8
741.481369952031,4,70.25,73,3,0,5,0,0,8
742.4948888330255,4,20.5,76,2,0,6,0,0,8
743.5139463689993,4,68.5,82,2,1,5,0,0,8
744.5274754100246,4,46.25,89,2,1,1,3,1,8
745.5411380439764,4,23.25,93,2,1,0,4,1,8
746.5526270139962,4,0.0,100,2,1,0,4,1,8
747.566543405992,4,0.0,102,2,1,0,4,1,8
748.5801713999826,4,0.0,103,4,2,0,0,2,8
749.5942394839949,4,0.0,102,1,4,3,0,0,8
750.6077685870114,4,46.75,103,0,3,5,0,0,8
751.6218072629999,4,69.5,108,0,2,6,0,0,8
752.6330015300191,4,93.5,111,1,1,6,0,0,8
753.6468428390217,4,94.0,114,0,1,7,0,0,8
754.6606825360213,4,56.25,118,0,1,6,1,0,8
755.6744779639994,4,70.0,121,0,3,4,1,0,8
756.6879167529987,4,0.0,122,2,3,3,0,0,8
757.7018425699789,4,46.25,122,1,2,5,0,0,8
758.715296711016,4,71.75,122,1,2,5,0,0,8
759.7289305209997,4,90.0,122,0,1,7,0,0,8
760.7430759490235,4,18.25,121,2,1,5,0,0,8
761.7539061590214,4,54.5,121,1,1,6,0,0,8
762.7662502839812,4,87.75,122,1,0,6,0,1,8
763.7802173540113,4,16.0,120,1,1,6,0,0,8
764.7912837920012,4,36.25,119,1,1,6,0,0,8
765.8042907969793,4,69.5,119,0,1,5,1,1,8
766.81785338599,4,70.75,117,2,0,6,0,0,8
767.8293970780214,4,82.25,117,1,1,6,0,0,8
768.8427516780212,4,93.5,116,3,0,5,0,0,8
769.8517326390138,4,69.5,115,1,3,4,0,0,8
770.8641030130093,4,28.5,115,0,2,6,0,0,8
771.8766567410203,4,48.0,116,0,1,6,1,0,8
772.8905652589747,4,70.75,118,0,1,4,3,0,8
773.9042014040169,4,70.25,118,0,1,3,4,0,8
774.9180137910298,4,46.5,119,0,1,2,5,0,8
775.9315495439805,4,32.0,120,0,1,1,6,0,8
776.9453676160192,4,23.25,120,0,1,1,0,6,8
777.9598114310065,4,23.5,115,6,2,0,0,0,8
778.973724971991,4,0.0,116,1,5,2,0,0,8
779.9873495760257,4,47.5,120,0,4,4,0,0,8
781.0012714249897,4,39.5,123,0,2,6,0,0,8
782.01496481098,4,54.25,124,1,1,6,0,0,8
783.030245781003,4,55.5,125,0,2,6,0,0,8
784.0429732860066,4,71.5,126,1,1,6,0,0,8
785.0569121129811,4,49.75,128,1,1,6,0,0,8
786.0709408170078,4,27.25,129,2,1,5,0,0,8
787.0847052040044,4,47.0,130,0,1,7,0,0,8
788.0973867070279,4,79.0,134,1,0,7,0,0,8
789.1111405179836,4,70.25,139,0,1,7,0,0,8
790.1252083529835,4,54.25,139,0,0,4,3,1,8
791.1391219639918,4,47.75,136,4,0,4,0,0,8
792.1504319889937,4,31.0,139,1,3,3,1,0,8
793.164452661993,4,23.0,141,1,1,6,0,0,8
794.178894925979,4,59.75,145,0,2,6,0,0,8
795.1926138559938,4,46.75,147,1,0,7,0,0,8
796.2060949269799,4,94.0,148,1,0,7,0,0,8
797.2200248530135,4,62.5,150,0,1,5,2,0,8
798.2318092029891,4,66.0,149,2,1,5,0,0,8
799.2429171039839,4,70.25,151,2,1,3,2,0,8
800.2552035319968,4,46.75,153,2,1,2,3,0,8
801.2689013889758,4,23.5,155,2,1,1,4,0,8
802.2770996019826,4,0.0,159,2,1,0,5,0,8
803.2909755900037,4,0.0,161,2,1,0,5,0,8
804.3053280630265,4,0.0,158,5,2,1,0,0,8
805.3185765090166,4,24.5,159,0,3,4,0,1,8
806.3311085500172,4,0.0,159,1,2,5,0,0,8
807.3446392010082,4,46.25,159,1,1,5,0,1,8
808.358566867013,4,68.25,159,0,1,7,0,0,8
809.3726274719811,4,71.75,157,2,1,5,0,0,8
810.3862860890222,4,46.75,159,3,0,4,0,1,8
811.400348879979,4,46.25,158,1,1,6,0,0,8
812.4124523950159,4,52.25,156,3,0,5,0,0,8
813.4264291470172,4,87.5,157,2,2,4,0,0,8
814.4400334529928,4,29.0,157,0,2,5,1,0,8
815.454641853983,4,94.75,157,1,0,5,0,2,8
816.4682561610243,4,65.75,156,0,2,6,0,0,8
817.4823992960155,4,95.0,157,1,1,6,0,0,8
818.4962507740129,4,32.25,160,1,0,7,0,0,8
819.5099434410222,4,70.5,162,1,0,4,3,0,8
820.5230177469784,4,70.25,163,0,1,3,0,4,8
821.5360971280024,4,66.0,161,4,1,1,2,0,8
822.5501015399932,4,0.0,159,3,4,1,0,0,8
823.5637273520115,4,23.75,161,3,3,1,1,0,8
824.577651760017,4,23.25,164,3,3,1,1,0,8
825.5916021909798,4,0.0,164,3,3,0,2,0,8
826.6020947719808,4,0.0,164,3,3,0,2,0,8
827.6159130649758,4,0.0,163,4,2,2,0,0,8
828.6295404920238,4,23.25,166,1,3,4,0,0,8
829.641680693021,4,71.5,167,0,3,4,1,0,8
830.6554145700065,4,12.75,167,0,1,3,2,1,7
831.6738380150055,4,28.0,164,4,1,2,0,1,8
832.686391190975,4,0.0,162,6,0,2,0,0,8
833.6997787849978,4,10.5,162,2,2,4,0,0,8
834.7135329929879,4,1.75,162,0,3,4,1,0,8
835.72740014398,4,92.0,160,2,0,6,0,0,8
836.7417950719828,4,45.5,161,1,0,7,0,0,8
837.7554556879913,4,64.0,161,2,1,5,0,0,8
838.7638486379874,4,32.0,163,2,1,4,1,0,8
839.7762011379818,4,69.75,162,4,0,3,0,1,8
840.789850738016,4,43.0,162,0,4,4,0,0,8
841.8007503580302,4,67.0,160,1,3,4,0,0,8
842.8128023089957,4,53.25,160,0,2,3,2,1,8
843.8244061869918,4,48.0,159,1,2,3,0,2,8
844.8373634769814,4,23.25,157,0,4,3,0,1,8
845.8538092779927,4,47.0,157,0,4,1,2,1,8
846.8675196209806,4,23.0,157,0,4,1,2,1,8
847.8815278349794,4,23.25,158,0,4,1,2,1,8
848.8955578560126,4,23.75,158,0,4,1,2,1,8
849.9094581460231,4,23.5,158,0,4,0,3,1,8
850.9232673639781,4,0.0,156,2,2,1,0,3,8
851.9359143879847,4,0.0,153,6,1,1,0,0,8
852.9483682180289,4,24.75,156,1,5,2,0,0,8
853.9595451159985,4,23.5,160,0,4,1,1,2,8
854.9728480940103,4,23.25,158,4,1,3,0,0,8
855.9866438980098,4,47.25,159,1,3,4,0,0,8
857.0005507590249,4,15.75,157,2,2,4,0,0,8
858.0136718479916,4,20.75,158,2,2,3,0,1,8
859.0273678200319,4,59.25,160,1,2,4,0,1,8
860.0408799389843,4,66.25,160,1,4,3,0,0,8
861.0547868470312,4,29.5,158,2,4,2,0,0,8
862.0675884120283,4,45.5,158,2,1,5,0,0,8
863.0815321209957,4,40.5,157,2,2,3,0,1,8
864.0954634179943,4,23.5,156,2,3,3,0,0,8
865.1092067789868,4,71.25,157,1,3,4,0,0,8
866.1233509359881,4,48.0,157,1,3,3,1,0,8
867.1371731039835,4,32.75,158,1,3,2,2,0,8
868.151313755021,4,23.5,159,1,3,1,3,0,8
869.1649280579877,4,24.25,161,1,3,1,3,0,8
870.1746086570201,4,23.5,161,1,3,0,4,0,8
871.1884697920177,4,4.75,158,5,2,1,0,0,8
872.2001327489852,4,48.0,157,2,2,3,0,1,8
873.2079764740192,4,7.0,157,1,2,2,2,1,8
874.2202223800123,4,18.0,155,4,1,3,0,0,8
875.2318683770136,4,23.75,156,1,2,5,0,0,8
876.2410388989956,4,0.0,155,2,2,2,0,2,8
877.253518218,4,47.25,154,1,3,4,0,0,8
878.2680049259798,4,2.0,153,1,3,4,0,0,8
879.281475574011,4,15.25,154,1,1,5,0,1,8
880.294920735003,4,30.0,152,4,1,3,0,0,8
881.3088243730017,4,49.5,154,1,2,4,1,0,8
882.323144406022,4,53.25,153,0,4,4,0,0,8
883.3369376389892,4,71.5,152,1,1,5,1,0,8
884.3508190169814,4,70.75,152,2,0,4,1,1,8
885.3647845769883,4,46.75,151,3,1,4,0,0,8
886.3763246210292,4,69.75,150,3,1,3,1,0,8
887.3904846630176,4,63.25,148,2,1,5,0,0,8
888.402882585011,4,91.0,149,2,1,4,1,0,8
889.4140005990048,4,24.75,148,1,1,6,0,0,8
890.4274665340199,4,91.0,151,0,0,8,0,0,8
891.4398189560161,4,95.5,151,1,0,6,0,1,8
892.4521187390201,4,78.5,151,1,0,5,1,1,8
893.4611093450221,4,71.0,151,1,0,5,1,1,8
894.4750205790042,4,71.0,152,1,0,4,2,1,8
895.4890244689886,4,70.5,153,1,0,4,2,1,8
896.5004808870144,4,46.5,154,1,0,2,4,1,8
897.5144599259947,4,46.75,156,1,0,0,6,1,8
898.5285885480116,4,0.0,149,7,1,0,0,0,8
899.5421556470101,4,17.5,150,6,1,1,0,0,8
900.5563286879915,4,4.75,151,1,6,1,0,0,8
901.57001326303,4,1.5,153,0,4,3,1,0,8
902.5835008040303,4,51.75,152,1,3,2,1,1,8
903.5972008429817,4,27.25,150,3,3,1,0,1,8
904.6112246789853,4,0.0,149,1,4,3,0,0,8
905.6248574919882,4,44.75,149,0,5,3,0,0,8
906.6374164500157,4,36.0,149,0,4,3,0,1,8
907.6486681330134,4,44.25,148,1,1,6,0,0,8
908.6626904269797,4,46.5,145,3,0,5,0,0,8
909.6761298580095,4,28.25,143,1,4,3,0,0,8
910.6894163090037,4,46.25,143,0,5,2,1,0,8
911.7034526269999,4,23.25,142,1,4,3,0,0,8
912.7170579530066,4,23.5,142,2,3,3,0,0,8
913.7307501679752,4,0.0,143,2,2,4,0,0,8
914.7450585479965,4,69.75,143,2,2,2,0,2,8
915.758794859983,4,11.25,142,2,2,4,0,0,8
916.7711413769866,4,49.25,144,2,2,3,1,0,8
917.7836513820221,4,48.0,144,2,2,3,1,0,8
918.79574155499,4,35.5,145,2,2,1,3,0,8
919.8079755310318,4,23.25,146,2,2,1,3,0,8
920.8198157629813,4,23.25,147,2,2,1,3,0,8
921.8337399730226,4,23.5,148,2,1,1,0,4,8
922.8475724789896,4,0.0,144,6,1,1,0,0,8
923.8612011590158,4,0.0,143,2,3,3,0,0,8
924.8753729180316,4,0.0,144,0,4,1,3,0,8
925.8892431790009,4,23.25,142,3,3,1,0,1,8
926.9028174169944,4,0.0,143,4,2,1,0,1,8
927.9170242340188,4,0.0,143,5,2,1,0,0,8
928.9305649090093,4,0.0,143,5,0,2,1,0,8
929.944205088017,4,0.0,142,4,2,2,0,0,8
930.9575511669973,4,0.0,143,0,3,5,0,0,8
931.9712849190109,4,50.25,141,2,0,6,0,0,8
932.9847568140249,4,88.25,141,1,1,5,1,0,8
933.9986456999904,4,35.25,137,5,0,3,0,0,8
935.0128595390124,4,68.75,136,1,3,4,0,0,8
936.0263622950297,4,19.0,135,0,4,4,0,0,8
937.0382766979747,4,43.5,135,0,3,5,0,0,8
938.0519250279758,4,30.75,134,1,1,4,1,1,8
939.0631011669757,4,23.25,134,1,1,3,0,1,6
940.077555417025,4,69.75,135,1,1,3,0,1,6
941.0910865360056,4,70.0,136,1,1,3,0,1,6
942.1034832830192,4,70.25,136,1,1,2,1,1,6
943.116582193994,4,23.0,136,1,1,0,3,1,6
944.1293992819847,4,0.0,137,1,1,0,3,1,6
945.1437596260221,4,0.0,136,2,2,0,0,4,8
946.1577150070225,4,11.75,132,6,1,1,0,0,8
947.1691260500229,4,0.0,134,2,5,1,0,0,8
948.1827772780089,4,0.0,136,1,5,1,0,1,8
949.1972419589874,4,31.0,135,2,2,4,0,0,8
950.2106857679901,4,29.0,133,3,2,3,0,0,8
951.2245066830073,4,47.25,134,2,3,2,0,1,8
952.2375418369775,4,24.0,134,2,4,2,0,0,8
953.2513523410307,4,16.5,133,1,5,2,0,0,8
954.2649667690275,4,41.25,136,0,3,4,1,0,8
955.2757708930294,4,24.0,133,3,3,2,0,0,8
956.288743896992,4,46.5,133,2,2,4,0,0,8
957.302718158986,4,42.25,132,3,2,3,0,0,8
958.3165433140239,4,47.0,132,1,4,3,0,0,8
959.3302411959739,4,16.0,133,1,3,3,1,0,8
960.3437109990045,4,1.75,131,2,3,3,0,0,8
961.3575905060279,4,93.75,131,1,0,7,0,0,8
962.3715328929829,4,70.5,131,1,0,5,0,2,8
963.3851387960021,4,47.25,128,3,1,4,0,0,8
964.3990621319972,4,66.25,127,1,2,4,1,0,8
965.4110651770025,4,57.5,126,2,2,3,1,0,8
966.4249456580146,4,47.5,127,3,2,3,0,0,8
967.4384368340252,4,46.75,127,3,1,4,0,0,8
968.4521893369965,4,72.25,127,3,0,3,2,0,8
969.4662855099887,4,58.25,127,3,0,2,3,0,8
970.4803065760061,4,46.5,127,3,0,2,3,0,8
971.4919312000275,4,46.5,128,3,0,2,3,0,8
972.5048002590192,4,47.75,129,3,0,1,4,0,8
973.5178016680293,4,0.0,130,3,0,0,5,0,8
974.534548724012,4,0.0,126,5,1,1,0,1,8
975.5483407489955,4,0.0,125,5,1,2,0,0,8
976.5624993119854,4,23.75,128,1,4,3,0,0,8
977.5761465500109,4,79.75,128,0,1,7,0,0,8
978.5900222979835,4,70.25,128,1,1,6,0,0,8
979.603707146016,4,59.0,126,3,1,3,1,0,8
980.6176556979772,4,31.75,125,3,3,2,0,0,8
981.6304596440168,4,23.5,125,1,4,3,0,0,8
982.6435680980212,4,0.0,125,1,1,6,0,0,8
983.6574887619936,4,51.25,124,3,1,4,0,0,8
984.6713853300316,4,46.75,124,1,3,4,0,0,8
985.6853094010148,4,63.75,123,2,1,5,0,0,8
986.6991280469811,4,47.25,124,1,2,4,1,0,8
987.7106549650198,4,13.5,125,1,1,5,1,0,8
988.7237033409765,4,11.25,125,2,0,6,0,0,8
989.7377704359824,4,0.25,125,2,1,4,0,1,8
990.7496285689995,4,34.25,124,2,1,5,0,0,8
991.7634455329971,4,45.75,123,0,2,6,0,0,8
992.7746867039823,4,72.0,124,1,2,5,0,0,8
993.7885394769837,4,8.25,122,2,1,5,0,0,8
994.8019944339758,4,0.0,123,1,2,5,0,0,8
995.8159752429929,4,64.0,123,0,2,6,0,0,8
996.8296045970055,4,22.5,122,1,2,5,0,0,8
997.8435144440155,4,57.25,122,0,2,5,0,1,8
998.857317766,4,17.0,121,1,1,6,0,0,8
999.8714086739928,4,87.75,121,1,1,6,0,0,8
1000.8853397560306,4,23.0,122,2,0,6,0,0,8
1001.8958024680032,4,54.0,121,1,2,5,0,0,8
1002.9080966750043,4,8.0,120,2,0,6,0,0,8
1003.9215858330135,4,48.0,122,0,1,7,0,0,8
1004.935202025983,4,48.0,122,1,0,6,0,1,8
1005.9486042470089,4,28.75,123,2,0,5,0,1,8
1006.96021354798,4,93.0,123,2,0,3,2,1,8
1007.971105345001,4,46.5,123,2,0,3,2,1,8
1008.9827382949879,4,46.75,124,2,0,2,3,1,8
1009.9966120269964,4,23.75,124,2,0,2,3,1,8
1011.0082984860055,4,23.25,125,2,0,1,4,1,8
1012.0188769209781,4,23.5,126,2,0,0,5,1,8
1013.033182995976,4,0.0,126,2,0,0,5,1,8
1014.0448423220078,4,0.0,122,4,2,0,0,2,8
1015.0582527489751,4,0.0,121,5,1,1,0,1,8
1016.0703072780161,4,0.0,119,5,2,1,0,0,8
1017.082360010012,4,14.0,119,2,3,3,0,0,8
1018.0943072150112,4,49.0,120,0,3,4,1,0,8
1019.1082930580014,4,22.75,119,1,3,4,0,0,8
1020.1223762509762,4,92.25,121,0,2,6,0,0,8
1021.1375953879906,4,70.5,121,0,0,7,0,1,8
1022.151558660029,4,59.5,120,1,0,7,0,0,8
1023.1641148289782,4,0.0,119,1,1,6,0,0,8
1024.1777386920294,4,49.0,119,1,1,6,0,0,8
1025.1915584499948,4,47.25,121,1,1,6,0,0,8
1026.2054874200257,4,71.75,121,0,1,6,0,1,8
1027.2192351699923,4,95.25,120,2,0,6,0,0,8
1028.2358410180314,4,61.25,121,1,1,5,1,0,8
1029.2498847499955,4,0.5,120,1,2,5,0,0,8
1030.2633554229978,4,91.0,120,1,0,7,0,0,8
1031.275351179007,4,54.25,119,1,1,6,0,0,8
1032.2884326950298,4,54.75,119,1,0,4,1,1,7
1033.3023779499927,4,12.5,116,1,3,2,0,2,8
1034.3157736739959,4,47.25,116,1,3,2,0,2,8
1035.3297452320112,4,23.5,116,1,3,1,1,2,8
1036.3434196090093,4,23.5,116,1,3,1,1,2,8
1037.3574649119982,4,23.75,116,1,3,1,1,2,8
1038.3711391409743,4,20.25,116,1,3,0,2,2,8
1039.3847287839744,4,0.0,117,1,3,0,2,2,8
1040.398760924989,4,0.0,115,2,4,0,0,2,8
1041.4125618149992,4,0.0,115,4,3,1,0,0,8
1042.4215349680162,4,24.0,116,4,2,2,0,0,8
1043.4351500730263,4,45.5,116,2,1,5,0,0,8
1044.447279117012,4,23.25,115,2,1,4,1,0,8
1045.4609957099892,4,3.5,115,2,2,4,0,0,8
1046.4741881579976,4,39.0,114,2,2,4,0,0,8
1047.487776466005,4,74.25,114,1,2,4,0,1,8
1048.5015068619978,4,70.25,113,0,2,6,0,0,8
1049.5150327640004,4,71.75,113,0,1,7,0,0,8
1050.5290723679936,4,46.75,115,1,1,6,0,0,8
1051.5421362160123,4,1.0,114,0,2,6,0,0,8
1052.5560080680298,4,93.0,112,2,0,6,0,0,8
1053.5697003550013,4,45.25,112,0,1,7,0,0,8
1054.5792072319891,4,70.25,113,0,0,8,0,0,8
1055.5906549720094,4,47.0,114,0,0,7,1,0,8
1056.6033330039936,4,18.25,112,2,0,5,1,0,8
1057.6148856980144,4,23.25,114,0,3,5,0,0,8
1058.6293749129982,4,63.25,112,2,3,3,0,0,8
1059.643235201016,4,40.5,112,0,3,5,0,0,8
1060.6555668379879,4,70.0,111,0,3,5,0,0,8
1061.6725160459755,4,73.0,112,0,1,6,0,1,8
1062.6859694899758,4,35.75,113,0,1,6,1,0,8
1063.699163037003,4,0.0,115,1,1,5,0,1,8
1064.7137519730022,4,70.75,114,2,2,4,0,0,8
1065.7273686110275,4,47.75,115,3,0,5,0,0,8
1066.7393963210052,4,70.25,117,2,2,4,0,0,8
1067.753451836994,4,0.0,120,2,1,4,1,0,8
1068.767470197985,4,56.0,124,0,3,5,0,0,8
1069.7796529179905,4,23.5,126,0,3,4,1,0,8
1070.793459071021,4,71.75,133,0,3,4,1,0,8
1071.8064875690034,4,71.0,134,0,3,3,2,0,8
1072.818382708996,4,46.75,136,0,3,3,2,0,8
1073.8316868320107,4,47.25,146,0,3,1,4,0,8
1074.845321921981,4,23.0,150,0,3,0,5,0,8
1075.8571820079815,4,0.0,155,0,3,0,5,0,8
1076.8686901549809,4,0.0,167,0,3,0,5,0,8
1077.8826084369794,4,0.0,173,4,3,0,0,1,8
1078.8973719800124,4,0.0,174,4,3,1,0,0,8
1079.9111557339784,4,0.5,179,0,5,3,0,0,8
1080.925261338998,4,23.25,182,0,3,5,0,0,8
1081.9387101629982,4,46.25,182,0,2,6,0,0,8
1082.950147415977,4,80.0,182,0,2,6,0,0,8
1083.9636241730186,4,32.25,182,1,1,6,0,0,8
1084.9747343169875,4,25.0,183,1,0,7,0,0,8
1085.9865445430041,4,0.0,183,0,1,7,0,0,8
1087.00041504798,4,47.5,185,1,1,6,0,0,8
1088.0143762609805,4,21.0,184,2,1,4,1,0,8
1089.0243574390188,4,34.5,184,0,2,6,0,0,8
1090.0383479589946,4,70.5,185,0,0,8,0,0,8
1091.0521445390186,4,69.5,188,0,0,8,0,0,8
1092.0669033469749,4,29.75,188,1,0,7,0,0,8
1093.0810281370068,4,29.25,187,1,1,6,0,0,8
1094.0947157240007,4,0.0,189,2,1,5,0,0,8
1095.1086719200248,4,47.5,188,2,1,5,0,0,8
1096.122946435993,4,70.75,189,1,2,5,0,0,8
1097.1369708119892,4,70.75,193,0,3,5,0,0,8
1098.1465957179898,4,70.75,193,1,1,6,0,0,8
1099.1600677240058,4,70.75,193,1,1,5,1,0,8
1100.1740157430177,4,70.25,191,2,2,4,0,0,8
1101.1846912570181,4,50.5,192,0,3,5,0,0,8
1102.1965708599892,4,32.25,191,1,2,5,0,0,8
1103.2101499250275,4,71.5,191,1,0,6,0,1,8
1104.221336941002,4,93.75,191,2,0,6,0,0,8
1105.2352089820197,4,94.0,191,2,0,5,1,0,8
1106.248145035992,4,94.0,191,2,0,5,1,0,8
1107.2634021359845,4,93.75,192,2,0,3,3,0,8
1108.2730846910272,4,23.5,193,2,0,1,5,0,8
1109.2869442470255,4,23.25,193,2,0,0,6,0,8
1110.3004888889845,4,0.0,189,6,0,0,0,2,8
1111.31414901698,4,25.5,188,6,1,1,0,0,8
1112.3275568960235,4,25.0,190,1,4,3,0,0,8
1113.3412153020035,4,47.75,190,0,3,5,0,0,8
1114.3539633430191,4,69.25,190,0,0,8,0,0,8
1115.3675128470059,4,94.5,192,0,0,8,0,0,8
1116.3781352569931,4,94.5,195,0,0,7,0,1,8
1117.3917857320048,4,68.5,197,0,1,7,0,0,8
1118.4057893030113,4,64.5,197,0,0,7,0,1,8
1119.4181877730298,4,2.5,197,2,0,6,0,0,8
1120.4317268279847,4,78.75,199,1,2,5,0,0,8
1121.4451261360082,4,54.0,201,1,1,6,0,0,8
1122.458226067014,4,94.5,202,0,1,7,0,0,8
1123.4690952160163,4,20.75,202,1,1,4,2,0,8
1124.4834499949939,4,13.5,201,2,1,5,0,0,8
1125.4955093489843,4,69.75,201,0,3,5,0,0,8
1126.509385732992,4,75.5,200,1,2,5,0,0,8
1127.5231581900152,4,67.25,199,1,1,6,0,0,8
1128.536881538981,4,93.0,199,1,1,5,1,0,8
1129.5502220229828,4,11.75,198,2,0,6,0,0,8
1130.5613580989884,4,48.5,202,0,2,5,0,1,8
1131.5749237280106,4,22.0,203,1,2,5,0,0,8
1132.583773700986,4,38.0,205,1,2,5,0,0,8
1133.5973915160284,4,22.0,205,0,1,7,0,0,8
1134.6132425619871,4,92.75,207,1,0,7,0,0,8
1135.6273438779754,4,71.75,208,0,1,7,0,0,8
1136.6416721100104,4,93.75,210,0,1,4,3,0,8
1137.6556470200303,4,70.25,213,0,1,3,4,0,8
1138.6695243840222,4,47.5,215,0,1,3,4,0,8
1139.681757894985,4,46.75,219,0,1,3,4,0,8
1140.6951747880084,4,46.25,220,0,1,1,6,0,8
1141.708532486984,4,24.0,222,0,1,1,6,0,8
1142.722468398977,4,1.5,221,6,1,0,0,1,8
1143.7337792129838,4,0.0,220,6,1,1,0,0,8
1144.7478525409824,4,24.5,223,0,6,2,0,0,8
1145.7618340670015,4,5.0,224,0,4,4,0,0,8
1146.7740450000274,4,45.75,229,0,1,7,0,0,8
1147.7879274610314,4,93.25,230,0,0,8,0,0,8
1148.7994219129905,4,94.5,230,2,0,6,0,0,8
1149.812550496019,4,11.25,229,1,2,4,1,0,8
1150.8246003990062,4,21.5,229,0,3,5,0,0,8
1151.8357309140265,4,72.25,230,0,2,5,0,1,8
1152.8497483929968,4,12.0,229,1,1,6,0,0,8
1153.8633902859874,4,57.0,229,0,1,7,0,0,8
1154.877237141016,4,71.5,230,1,0,7,0,0,8
1155.8913324900204,4,72.5,232,3,0,5,0,0,8
1156.9047944180202,4,66.5,233,1,1,6,0,0,8
1157.9188432369847,4,27.75,233,0,1,7,0,0,8
1158.9330559549853,4,61.75,236,0,1,5,2,0,8
1159.9472224559868,4,70.5,235,3,1,2,1,1,8
1160.960440121009,4,24.25,235,5,1,2,0,0,8
1161.9742136200075,4,2.0,235,3,3,2,0,0,8
1162.9863047020044,4,19.0,235,1,4,3,0,0,8
1163.9937994240317,4,23.5,235,1,4,3,0,0,8
1165.0067443249864,4,47.25,235,0,1,7,0,0,8
1166.0234538490186,4,49.0,235,0,0,8,0,0,8
1167.036977855023,4,94.25,235,0,1,7,0,0,8
1168.0509398169816,4,47.25,235,0,1,5,2,0,8
1169.064098989009,4,94.75,237,0,1,5,2,0,8
1170.0778826500173,4,94.5,237,0,1,5,2,0,8
1171.091518782021,4,94.75,238,0,1,3,4,0,8
1172.1024634920177,4,23.5,240,0,1,2,5,0,8
1173.116384811001,4,23.5,240,0,1,2,5,0,8
1174.1304269119864,4,0.0,240,0,1,0,7,0,8
1175.1421805249993,4,0.0,238,2,1,0,0,5,8
1176.1562557640136,4,0.0,233,7,1,0,0,0,8
1177.1706020709826,4,5.5,234,5,2,1,0,0,8
1178.1805671739858,4,0.0,235,0,6,2,0,0,8
1179.1943101250217,4,41.5,235,0,4,4,0,0,8
1180.2083612119895,4,71.0,235,0,3,4,0,1,8
1181.2179638730013,4,41.75,234,1,2,5,0,0,8
1182.2317627400043,4,74.25,234,1,1,6,0,0,8
1183.2454041879973,4,0.0,234,1,2,5,0,0,8
1184.2595291300095,4,70.5,235,1,2,5,0,0,8
1185.2733002359746,4,81.25,234,1,1,6,0,0,8
1186.2871237809886,4,35.0,234,0,0,8,0,0,8
1187.3012460530153,4,44.25,233,1,0,7,0,0,8
1188.314044706989,4,94.0,235,1,0,6,1,0,8
1189.328331695986,4,41.0,235,0,1,7,0,0,8
1190.3420757050044,4,93.25,237,0,0,8,0,0,8
1191.3558094030013,4,57.75,238,0,0,8,0,0,8
1192.3668369930238,4,91.25,238,0,0,7,1,0,8
1193.3783928659977,4,8.75,237,1,0,6,0,1,8
1194.3924310930306,4,82.5,238,3,0,4,1,0,8
1195.4054618600057,4,48.25,238,2,1,5,0,0,8
1196.4245233929832,4,29.0,238,0,3,5,0,0,8
1197.4324032120057,4,46.5,239,0,0,8,0,0,8
1198.4469745840179,4,25.75,239,1,0,7,0,0,8
1199.4591326679802,4,93.25,240,1,0,6,1,0,8
1200.4718112429837,4,94.25,241,1,0,5,2,0,8
1201.4851341070025,4,70.25,241,1,0,4,3,0,8
1202.4986161959823,4,70.5,241,1,0,4,3,0,8
1203.5123796460102,4,70.75,241,1,0,2,5,0,8
1204.5272591949906,4,46.75,241,1,0,1,6,0,8
1205.5392186050303,4,0.0,234,5,3,0,0,0,8
1206.5529415259953,4,0.0,236,2,5,1,0,0,8
1207.5670360539807,4,0.0,237,0,4,4,0,0,8
1208.5803804500028,4,47.75,237,0,1,7,0,0,8
1209.5942586840247,4,94.25,237,0,0,8,0,0,8
1210.6077493670164,4,24.25,236,1,0,7,0,0,8
1211.622026344994,4,54.0,236,0,0,8,0,0,8
1212.6359100940172,4,82.0,238,0,0,8,0,0,8
1213.6494925440056,4,58.5,239,0,0,8,0,0,8
1214.6635605610209,4,83.75,238,0,1,7,0,0,8
1215.6755954099935,4,26.25,239,1,0,6,1,0,8
1216.6895493810298,4,94.25,238,2,0,6,0,0,8
1217.703149367997,4,47.5,237,1,2,4,0,1,8
1218.7142319279956,4,46.5,236,2,1,5,0,0,8
1219.7259580640239,4,46.5,236,0,0,8,0,0,8
1220.7394894930185,4,58.25,236,1,0,5,0,2,8
1221.753572763002,4,0.0,235,3,0,5,0,0,8
1222.7672010809765,4,70.0,234,2,2,4,0,0,8
1223.7810330080101,4,53.0,236,1,1,6,0,0,8
1224.7977778959903,4,36.5,235,1,1,6,0,0,8
1225.811265759985,4,34.25,235,0,1,7,0,0,8
1226.82550984103,4,41.75,234,1,0,7,0,0,8
1227.839600633015,4,11.0,234,0,1,7,0,0,8
1228.8532551989774,4,47.75,235,0,0,8,0,0,8
1229.8675131230266,4,70.25,234,1,0,6,1,0,8
1230.8813100400148,4,16.25,233,1,2,5,0,0,8
1231.895404867013,4,8.0,232,3,2,3,0,0,8
1232.9093374160002,4,0.0,232,1,3,4,0,0,8
1233.9228288229788,4,12.0,234,1,0,7,0,0,8
1234.936842954019,4,93.5,234,0,1,7,0,0,8
1235.947449202009,4,69.0,234,0,0,8,0,0,8
1236.958907186985,4,49.0,233,2,0,6,0,0,8
1237.9711216340074,4,70.25,234,2,0,6,0,0,8
1238.9831662439974,4,69.5,234,2,0,5,1,0,8
1239.9954721400281,4,94.5,235,2,0,4,2,0,8
1241.0073304380057,4,70.25,235,2,0,4,2,0,8
1242.0196232859744,4,71.0,235,2,0,0,6,0,8
1243.0314681780292,4,23.75,236,2,0,0,6,0,8
1244.0457679100218,4,0.0,237,2,0,0,6,0,8
1245.0594678450143,4,0.0,233,4,2,0,0,2,8
1246.073632204032,4,0.0,232,4,3,1,0,0,8
1247.0875843610265,4,19.5,234,1,3,4,0,0,8
1248.0992352620233,4,3.75,231,2,2,4,0,0,8
1249.1113869060064,4,58.25,229,2,1,5,0,0,8
1250.1254849410034,4,35.0,228,0,2,6,0,0,8
1251.1394541839836,4,70.25,226,2,2,3,0,1,8
1252.1537193580298,4,45.75,225,0,2,5,1,0,8
1253.1670316189993,4,50.0,222,2,0,6,0,0,8
1254.1785045010038,4,65.0,223,1,1,5,1,0,8
1255.1920393399778,4,0.0,221,1,3,4,0,0,8
1256.2058085210156,4,64.25,221,1,0,6,1,0,8
1257.2179285890306,4,33.5,218,4,0,4,0,0,8
1258.2320729829953,4,57.75,216,1,3,4,0,0,8
1259.2433682809933,4,73.5,215,2,2,3,0,1,8
1260.2578577940003,4,24.75,215,1,5,2,0,0,8
1261.271305940987,4,28.5,215,0,4,2,2,0,8
1262.285480698978,4,43.75,213,0,5,2,0,1,8
1263.2990407950128,4,39.0,211,2,2,4,0,0,8
1264.3130449340097,4,60.75,213,3,2,1,1,1,8
1265.3290426640306,4,52.0,211,1,2,5,0,0,8
1266.3424643549952,4,24.0,208,1,3,4,0,0,8
1267.355627742014,4,0.0,206,2,3,2,0,1,8
1268.3714161029784,4,25.25,206,1,3,4,0,0,8
1269.385153123003,4,72.25,205,1,2,5,0,0,8
1270.3965112459846,4,53.0,207,0,1,6,0,1,8
1271.406612803985,4,63.75,205,1,2,5,0,0,8
1272.4182118499884,4,24.75,206,1,1,6,0,0,8
1273.4306506940047,4,46.25,205,1,1,3,2,1,8
1274.444459412014,4,24.25,201,1,4,2,0,1,8
1275.4586204810184,4,38.0,200,2,3,3,0,0,8
1276.4704031950096,4,64.5,200,1,1,5,1,0,8
1277.4816917789867,4,32.25,198,4,0,4,0,0,8
1278.4957759479876,4,5.75,196,3,3,2,0,0,8
1279.5057956519886,4,23.25,197,3,3,1,1,0,8
1280.520058190974,4,23.25,197,3,3,1,1,0,8
1281.5337485059863,4,24.25,198,3,3,1,1,0,8
1282.547794707003,4,23.25,201,3,3,1,1,0,8
1283.5649756480125,4,23.25,202,3,3,0,2,0,8
1284.5785102379741,4,0.0,201,4,3,1,0,0,8
1285.5885825409787,4,37.25,202,2,3,3,0,0,8
1286.6007444700226,4,9.75,202,2,3,3,0,0,8
1287.6148146589985,4,49.25,201,2,3,3,0,0,8
1288.6283015760127,4,51.5,200,1,3,2,0,2,8
1289.6406930289813,4,1.25,200,2,3,3,0,0,8
1290.653106119018,4,34.5,199,1,3,4,0,0,8
1291.667709944013,4,69.75,199,1,3,4,0,0,8
1292.6811890730169,4,47.25,198,0,2,5,1,0,8
1293.6937055180315,4,0.0,196,2,3,3,0,0,8
1294.707580797025,4,35.75,196,0,3,4,1,0,8
1295.7212238700013,4,58.25,198,1,1,5,0,1,8
1296.7353334919899,4,19.75,196,1,3,3,1,0,8
1297.7491505910293,4,70.25,194,1,4,3,0,0,8
1298.7624558450188,4,23.0,194,1,3,4,0,0,8
1299.7761866620276,4,23.25,193,1,3,4,0,0,8
1300.7874087310047,4,24.5,192,1,3,4,0,0,8
1301.8009995170287,4,23.75,193,0,1,7,0,0,8
1302.8148345539812,4,60.25,192,2,1,5,0,0,8
1303.8287122150068,4,16.5,192,0,2,6,0,0,8
1304.8419976119767,4,71.0,194,1,2,5,0,0,8
1305.856172344007,4,46.75,195,1,2,5,0,0,8
1306.8698205859982,4,46.25,194,0,2,6,0,0,8
1307.8837726670317,4,70.25,192,3,2,3,0,0,8
1308.897758170031,4,47.25,191,4,1,3,0,0,8
1309.9114641100168,4,29.75,190,2,3,3,0,0,8
1310.9222486630315,4,47.25,190,1,4,2,0,1,8
1311.9331174329855,4,3.75,191,2,2,4,0,0,8
1312.9455954729929,4,47.5,190,1,3,4,0,0,8
1313.956262858992,4,24.0,189,1,2,5,0,0,8
1314.9702963940217,4,16.0,189,1,2,5,0,0,8
1315.98071298399,4,63.0,189,1,2,5,0,0,8
1316.993524776015,4,50.0,192,0,3,5,0,0,8
1318.00721285498,4,19.75,193,0,2,6,0,0,8
1319.02119812998,4,95.0,192,1,1,6,0,0,8
1320.0322857900173,4,24.25,192,0,2,5,0,1,8
1321.0468880960252,4,71.75,194,0,2,5,0,1,8
1322.0603461629944,4,70.75,195,0,2,4,1,1,8
1323.0745257849921,4,69.25,198,0,2,2,3,1,8
1324.0883373399847,4,24.0,198,0,2,1,4,1,8
1325.1022380869836,4,24.25,201,0,2,1,4,1,8
1326.1161859389977,4,15.0,202,0,2,0,5,1,8
1327.129544689029,4,0.0,203,0,2,0,5,1,8
1328.1435004150262,4,1.0,198,5,2,0,0,1,8
1329.1571353389882,4,0.0,198,4,3,0,0,1,8
1330.170819460007,4,0.0,201,1,4,3,0,0,8
1331.1786281620152,4,73.0,202,0,2,6,0,0,8
1332.1922522070236,4,52.0,201,1,1,6,0,0,8
1333.205604075978,4,87.5,202,0,2,6,0,0,8
1334.2177999729756,4,81.25,208,0,1,6,0,1,8
1335.2314600999816,4,80.0,207,2,1,5,0,0,8
1336.2454108810052,4,52.0,210,0,2,6,0,0,8
1337.2546917939908,4,71.5,213,0,1,7,0,0,8
1338.2701119540143,4,81.5,216,0,0,8,0,0,8
1339.2852381680277,4,59.25,213,3,0,5,0,0,8
1340.292939684994,4,20.25,215,2,2,4,0,0,8
1341.30582632398,4,47.5,217,1,1,6,0,0,8
1342.3194906939752,4,0.0,216,1,2,5,0,0,8
1343.3287883049925,4,34.0,219,1,3,4,0,0,8
1344.3427668450167,4,49.25,219,2,0,5,1,0,8
1345.3568017450161,4,18.5,218,1,2,4,0,1,8
1346.3698043409968,4,43.5,217,2,1,4,0,1,8
1347.3840528450091,4,23.5,219,1,2,3,2,0,8
1348.3975701010204,4,46.5,218,3,3,2,0,0,8
1349.4112647820148,4,47.75,217,3,1,3,1,0,8
1350.4253882030025,4,2.0,216,3,2,2,0,1,8
1351.4390537510044,4,23.25,218,2,4,2,0,0,8
1352.4527693300042,4,11.75,219,1,4,3,0,0,8
1353.468268548022,4,48.0,220,1,2,5,0,0,8
1354.4822077379795,4,59.0,220,1,2,5,0,0,8
1355.4909744319739,4,11.25,220,3,2,3,0,0,8
1356.5052047899808,4,32.25,221,0,3,5,0,0,8
1357.5185357070295,4,95.75,223,1,1,5,0,1,8
1358.5323723710026,4,70.75,222,2,1,5,0,0,8
1359.5464272720274,4,23.75,225,2,1,5,0,0,8
1360.560137043998,4,9.5,224,1,3,3,0,1,8
1361.5742381680175,4,33.5,223,1,2,5,0,0,8
1362.5865093580214,4,13.75,223,0,3,5,0,0,8
1363.599885197007,4,70.25,224,1,1,6,0,0,8
1364.6135671780212,4,91.0,223,2,2,4,0,0,8
1365.6277412300115,4,65.75,226,0,3,4,0,1,8
1366.641638874018,4,0.0,226,1,1,5,1,0,8
1367.6551942920196,4,70.0,226,1,1,3,3,0,8
1368.6694445009925,4,46.0,227,1,1,3,3,0,8
1369.685060171003,4,46.75,230,1,1,3,3,0,8
1370.696946548007,4,45.25,230,1,1,2,4,0,8
1371.7085986330057,4,22.75,230,1,1,0,6,0,8
1372.7194880580064,4,0.0,231,1,1,0,6,0,8
1373.7309129710193,4,0.0,231,1,1,0,6,0,8
1374.7427204080159,4,0.0,232,1,1,0,6,0,8
1375.754847373988,4,0.0,235,1,1,0,6,0,8
1376.7713780640042,4,2.25,230,4,2,1,0,1,8
1377.7856232749764,4,0.0,229,1,4,3,0,0,8
1378.799594696029,4,37.25,229,1,2,5,0,0,8
1379.8131280780071,4,61.0,231,0,0,8,0,0,8
1380.8272542150225,4,84.0,231,2,1,5,0,0,8
1381.839575319027,4,11.5,230,2,2,4,0,0,8
1382.8539371180232,4,70.25,232,0,2,6,0,0,8
1383.8674282060238,4,74.0,231,1,0,7,0,0,8
1384.8795815479825,4,59.0,231,0,0,7,1,0,8
1385.891186435998,4,55.5,230,3,0,5,0,0,8
1386.9030825070222,4,46.75,232,1,2,5,0,0,8
1387.9157526119961,4,47.0,235,0,2,5,1,0,8
1388.92765124602,4,27.0,236,1,0,6,1,0,8
1389.941906328022,4,47.25,235,2,1,3,1,1,8
1390.953833898995,4,0.0,237,2,1,3,0,2,8
1391.9680832370068,4,0.0,237,4,2,1,0,1,8
1392.9816656450275,4,23.25,241,5,0,3,0,0,8
1393.9940898480127,4,63.75,242,5,0,2,0,1,8
1395.010824158031,4,32.75,244,4,2,1,0,1,8
1396.0246315579861,4,0.0,244,0,5,2,0,1,8
1397.036459053983,4,24.75,244,0,3,3,0,1,7
1398.0502729819855,4,24.0,244,1,3,1,1,2,8
1399.0644264459843,4,31.75,241,4,2,2,0,0,8
1400.078247190977,4,23.5,242,6,2,0,0,0,8
1401.0920099180075,4,23.5,243,6,1,1,0,0,8
1402.1061312790262,4,23.5,244,6,1,1,0,0,8
1403.1199216310051,4,47.25,245,1,4,2,1,0,8
1404.1341147110215,4,1.75,245,2,4,2,0,0,8
1405.1477378659765,4,45.5,245,2,3,3,0,0,8
1406.161957402015,4,25.0,245,2,1,3,1,1,8
1407.173531258013,4,33.25,244,4,0,4,0,0,8
1408.1859306760016,4,6.0,245,3,1,3,0,1,8
1409.199835227977,4,0.0,245,1,4,2,0,1,8
1410.2117219599895,4,4.75,243,3,3,2,0,0,8
1411.225565093977,4,40.0,243,3,3,1,1,0,8
1412.239489004016,4,0.0,244,3,3,0,2,0,8
1413.2534382399754,4,0.0,246,3,3,0,2,0,8
1414.267400028999,4,0.0,247,3,3,0,2,0,8
1415.2812082649907,4,0.0,248,3,3,0,2,0,8
1416.294885855983,4,0.0,249,3,3,0,2,0,8
1417.3092348569771,4,0.0,250,3,3,0,2,0,8
1418.3229255810147,4,0.0,251,2,5,0,0,1,8
1419.3366912350175,4,12.75,251,2,3,2,0,1,8
1420.350502479996,4,47.5,250,1,2,5,0,0,8
1421.3642641570186,4,66.25,250,1,2,4,0,1,8
1422.3783562969766,4,48.25,249,3,1,4,0,0,8
1423.3920899649966,4,70.25,251,0,1,6,1,0,8
1424.4061351019773,4,68.25,249,2,1,4,0,1,8
1425.4200582880294,4,0.0,247,2,2,4,0,0,8
1426.4337024940178,4,94.5,248,1,1,6,0,0,8
1427.4455400769948,4,72.0,249,1,0,7,0,0,8
1428.459333715029,4,75.5,249,1,1,6,0,0,8
1429.4733349750168,4,70.25,249,0,1,7,0,0,8
1430.4866884719813,4,86.5,251,0,0,7,1,0,8
1431.500341868028,4,52.75,256,1,0,7,0,0,8
1432.512705756002,4,47.5,258,1,1,6,0,0,8
1433.5266514469986,4,47.5,258,1,0,7,0,0,8
1434.5360595280072,4,70.25,259,0,1,7,0,0,8
1435.5483299809857,4,0.0,258,2,0,6,0,0,8
1436.5601768689812,4,66.75,261,1,0,7,0,0,8
1437.569382046,4,69.75,262,0,3,5,0,0,8
1438.5844214169774,4,62.5,265,1,1,6,0,0,8
1439.5981307670008,4,87.25,265,1,2,5,0,0,8
1440.6116495630122,4,47.5,267,1,1,6,0,0,8
1441.6215328460094,4,78.25,267,0,1,7,0,0,8
1442.6355833249982,4,73.5,266,1,0,7,0,0,8
1443.6489923640038,4,70.25,269,0,0,8,0,0,8
1444.6630997839966,4,93.5,273,0,0,8,0,0,8
1445.6764794359915,4,72.25,272,1,0,7,0,0,8
1446.6907025440014,4,47.25,273,1,1,6,0,0,8
1447.7043765319977,4,23.5,278,2,1,5,0,0,8
1448.7185636300128,4,15.5,279,0,2,6,0,0,8
1449.7323921049829,4,57.25,280,0,0,7,1,0,8
1450.7461377719883,4,5.25,279,1,0,6,0,1,8
1451.758264728007,4,6.25,282,1,1,6,0,0,8
1452.7719444180257,4,25.25,283,0,1,6,0,1,8
1453.7857284769998,4,0.0,286,1,1,6,0,0,8
1454.7993499150034,4,45.75,287,2,1,5,0,0,8
1455.8134669080027,4,20.0,287,2,2,4,0,0,8
1456.8273243940203,4,28.0,287,2,2,4,0,0,8
1457.8411359679885,4,56.25,287,0,2,6,0,0,8
1458.852686621016,4,94.5,289,0,2,5,1,0,8
1459.8635562980198,4,76.5,288,1,0,7,0,0,8
1460.8791390589904,4,69.75,288,1,0,7,0,0,8
1461.8930233989959,4,93.75,288,0,1,7,0,0,8
1462.9051111789886,4,90.5,288,0,1,5,0,2,8
1463.9170688000158,4,45.5,288,0,2,6,0,0,8
1464.930834615021,4,37.5,291,0,1,6,0,0,7
1465.9448409940233,4,29.5,294,1,1,6,0,0,8
1466.9576801590156,4,46.5,295,1,1,5,1,0,8
1467.9715131259873,4,69.25,297,1,1,2,4,0,8
1468.9915746820043,4,47.5,298,1,1,1,5,0,8
1470.0057275349973,4,23.25,298,1,1,1,5,0,8
1471.0188153139898,4,23.5,298,1,1,1,5,0,8
1472.032178657013,4,0.0,298,1,1,0,6,0,8
1473.0460422339966,4,0.0,298,1,1,0,6,0,8
1474.059893883008,4,0.0,305,1,1,0,6,0,8
1475.0740360200289,4,0.0,308,1,1,0,6,0,8
1476.0879771009786,4,0.0,302,6,2,0,0,0,8
1477.1020523749758,4,23.0,305,3,4,1,0,0,8
1478.1163414139883,4,10.25,305,0,6,2,0,0,8
1479.1300781979808,4,47.25,308,0,5,2,1,0,8
1480.1441194380168,4,72.75,308,1,2,5,0,0,8
1481.1577928910265,4,43.5,308,1,1,6,0,0,8
1482.1717299409793,4,23.5,308,0,2,6,0,0,8
1483.1854617610225,4,71.5,309,0,1,7,0,0,8
1484.1993479820085,4,56.25,308,1,0,7,0,0,8
1485.2127086310065,4,68.75,309,2,1,4,0,1,8
1486.2242136329878,4,47.25,309,0,3,5,0,0,8
1487.2375321399886,4,82.75,310,1,1,5,1,0,8
1488.251362601004,4,69.25,309,2,1,5,0,0,8
1489.2655140139977,4,70.5,310,2,1,4,1,0,8
1490.279148776026,4,0.0,310,1,2,5,0,0,8
1491.293192290992,4,95.75,310,1,0,7,0,0,8
1492.306706274976,4,62.25,310,0,1,7,0,0,8
1493.3206548520247,4,70.5,311,0,1,5,2,0,8
1494.3342275670148,4,5.25,310,3,0,5,0,0,8
1495.346631088003,4,70.0,311,0,3,5,0,0,8
1496.3600837269914,4,47.75,311,0,2,6,0,0,8
1497.373807410011,4,18.25,311,1,1,5,1,0,8
1498.385443628009,4,4.75,309,3,1,4,0,0,8
1499.3991647899966,4,46.5,310,1,2,5,0,0,8
1500.412753896031,4,72.0,310,1,1,6,0,0,8
1501.42763165402,4,31.25,310,1,1,6,0,0,8
1502.435711292026,4,94.75,310,1,2,5,0,0,8
1503.449909139017,4,54.5,310,0,1,6,0,0,7
1504.461932879989,4,47.5,309,0,1,7,0,0,8
1505.4754771770095,4,26.75,309,0,0,6,0,2,8
1506.4868262480013,4,52.5,307,1,1,6,0,0,8
1507.4974327199743,4,93.0,310,0,1,7,0,0,8
1508.5111855560099,4,57.25,311,0,0,8,0,0,8
1509.5245749789756,4,26.25,312,0,0,8,0,0,8
1510.5330796759808,4,86.0,312,1,0,7,0,0,8
1511.545702273026,4,23.25,312,1,0,5,2,0,8
1512.5593863889808,4,70.5,312,1,0,4,3,0,8
1513.5724321290036,4,47.25,312,1,0,2,5,0,8
1514.586175635981,4,46.75,312,1,0,1,6,0,8
1515.600440823997,4,23.25,312,1,0,0,7,0,8
1516.6142131210072,4,0.0,313,1,0,0,7,0,8
1517.6277999120066,4,0.0,315,1,0,0,7,0,8
1518.6423155200318,4,0.0,316,1,0,0,7,0,8
1519.6560665360303,4,0.0,317,1,0,0,7,0,8
1520.6698469140101,4,0.0,320,0,0,1,6,1,8
1521.681046297017,4,23.5,315,5,0,1,0,2,8
1522.6949706930318,4,23.5,313,4,2,2,0,0,8
1523.7072855670121,4,32.25,313,0,6,2,0,0,8
1524.720826881996,4,47.5,314,0,4,4,0,0,8
1525.7345515909838,4,71.5,315,0,3,5,0,0,8
1526.7481259569759,4,46.5,315,1,2,5,0,0,8
1527.7618149010232,4,68.75,315,0,2,5,0,1,8
1528.7755795289995,4,0.0,315,1,2,4,1,0,8
1529.7888433010085,4,93.25,316,3,1,4,0,0,8
1530.8017402130063,4,24.75,318,2,0,6,0,0,8
1531.8210234700236,4,63.5,318,0,1,7,0,0,8
1532.8346888590022,4,39.75,319,0,0,7,1,0,8
1533.8486085780314,4,95.25,318,1,0,6,0,1,8
1534.8618520270102,4,31.5,318,1,1,5,1,0,8
1535.8726463490166,4,72.0,317,3,0,5,0,0,8
1536.8864180779783,4,21.5,317,3,0,4,1,0,8
1537.900171250978,4,70.75,317,2,3,3,0,0,8
1538.9135450780159,4,23.25,317,0,2,6,0,0,8
1539.9261709140264,4,94.0,318,0,1,7,0,0,8
1540.9399070130312,4,63.0,319,0,0,7,1,0,8
1541.9537979799788,4,95.25,318,2,0,5,1,0,8
1542.967637714988,4,46.0,316,1,1,6,0,0,8
1543.9774728959892,4,23.25,319,1,0,7,0,0,8
1544.9912733720266,4,90.25,318,1,0,7,0,0,8
1546.0082884770236,4,11.75,319,1,0,7,0,0,8
1547.0207471019821,4,72.5,319,1,0,6,0,1,8
1548.0320208719932,4,1.5,318,1,1,6,0,0,8
1549.0465899910196,4,76.75,318,0,0,8,0,0,8
1550.0598966429825,4,93.25,319,0,0,8,0,0,8
1551.072184046032,4,42.75,320,1,0,7,0,0,8
1552.0856746200006,4,50.75,322,2,0,6,0,0,8
1553.0998224309878,4,46.5,320,3,1,4,0,0,8
1554.1114864930278,4,41.25,320,2,3,3,0,0,8
1555.1266048679827,4,46.0,321,1,3,3,1,0,8
1556.1442140180152,4,49.0,324,0,3,5,0,0,8
1557.158743209031,4,70.75,325,0,0,8,0,0,8
1558.1669053410296,4,23.5,326,1,0,7,0,0,8
1559.1805665229913,4,23.75,328,1,1,6,0,0,8
1560.1932239810121,4,24.0,327,1,2,5,0,0,8
1561.2057383839856,4,77.0,328,0,1,7,0,0,8
1562.2217504390283,4,92.0,329,0,1,6,1,0,8
1563.2349750580033,4,70.0,331,0,1,5,2,0,8
1564.2457398970146,4,71.25,332,0,1,4,3,0,8
1565.2586809010245,4,70.75,332,0,1,3,4,0,8
1566.2726572459796,4,23.0,332,0,1,1,6,0,8
1567.2858356100041,4,23.5,334,0,1,0,7,0,8
1568.3001809190027,4,0.0,336,0,1,0,7,0,8
1569.3135987300193,4,0.0,338,0,1,0,7,0,8
1570.323769495997,4,0.0,338,0,1,0,7,0,8
1571.3372845940175,4,0.0,339,0,1,0,0,7,8
1572.351481620979,4,23.5,333,5,1,2,0,0,8
1573.3625594429905,4,18.25,333,0,4,4,0,0,8
1574.3768177049933,4,63.0,333,0,0,8,0,0,8
1575.3868840810028,4,88.0,336,0,0,8,0,0,8
1576.4003457599902,4,93.75,335,1,0,6,1,0,8
1577.4141937529785,4,0.0,337,1,1,6,0,0,8
1578.4280726920115,4,30.5,338,0,1,7,0,0,8
1579.4397808110225,4,93.25,338,0,0,8,0,0,8
1580.4552489279886,4,94.75,339,0,0,5,0,3,8
1581.46947009,4,1.75,337,1,1,6,0,0,8
1582.4805400680052,4,57.25,337,0,1,6,0,1,8
1583.4928223859752,4,46.25,336,1,0,6,0,1,8
1584.5068184069823,4,39.75,336,2,0,6,0,0,8
1585.522908999992,4,36.75,336,0,2,3,2,1,8
1586.5351164559834,4,9.25,333,2,3,3,0,0,8
1587.5438485760242,4,0.0,335,2,3,2,0,1,8
1588.5577896169852,4,47.25,334,1,4,3,0,0,8
1589.5642036590143,4,46.25,335,1,4,3,0,0,8
1590.5778496310231,4,39.5,336,0,4,3,1,0,8
1591.591712072026,4,22.75,338,0,2,5,0,1,8
1592.6057246670243,4,57.75,337,1,1,4,0,2,8
1593.6195995879825,4,70.5,338,1,3,4,0,0,8
1594.6336032020045,4,70.25,339,1,2,5,0,0,8
1595.6471889329841,4,70.75,338,0,1,7,0,0,8
1596.6614157520235,4,70.0,338,1,0,7,0,0,8
1597.6750051000272,4,59.75,338,0,1,6,1,0,8
1598.6892834909959,4,95.0,337,1,1,5,1,0,8
1599.7031212659786,4,45.5,338,0,2,5,1,0,8
1600.7182994160103,4,70.75,338,1,2,5,0,0,8
1601.7318172660307,4,48.5,339,1,2,4,0,1,8
1602.7434200419812,4,35.0,338,2,2,4,0,0,8
1603.7570807629963,4,23.25,339,2,1,4,0,1,8
1604.7705824589939,4,17.5,338,1,3,2,1,1,8
1605.7844773249817,4,16.75,337,2,2,2,0,2,8
1606.7980798659846,4,52.5,336,1,2,2,3,0,8
1607.8119622039958,4,0.5,334,2,2,4,0,0,8
1608.82552235201,4,47.0,336,0,3,5,0,0,8
1609.8396723080077,4,40.0,337,1,0,7,0,0,8
1610.85326006799,4,67.0,338,2,0,5,0,1,8
1611.8668933300069,4,71.0,338,2,1,5,0,0,8
1612.8809336900013,4,59.0,338,1,3,3,0,1,8
1613.8944988630246,4,29.0,335,2,2,4,0,0,8
1614.9086022429983,4,20.75,342,2,2,2,2,0,8
1615.920782811998,4,47.0,343,2,2,1,3,0,8
1616.9342553020106,4,23.25,346,2,2,1,3,0,8
1617.9480517039774,4,23.25,346,2,2,1,3,0,8
1618.962237017986,4,23.0,346,2,2,0,4,0,8
1619.9710262389854,4,4.75,347,2,2,0,4,0,8
1620.9804335230147,4,0.0,348,2,2,0,4,0,8
1621.9942810370121,4,0.0,348,2,2,0,4,0,8
1623.0076082430314,4,0.0,352,2,2,0,4,0,8
1624.0216806930257,4,0.0,354,1,3,0,0,4,8
1625.0353455659933,4,2.75,352,5,3,0,0,0,8
1626.0474493519869,4,0.0,356,4,3,1,0,0,8
1627.0612804300035,4,25.0,358,3,2,2,1,0,8
1628.0750638439786,4,45.75,358,0,3,3,0,2,8
1629.0891274699825,4,14.0,356,2,3,0,2,1,8
1630.1027845200151,4,1.0,355,5,2,1,0,0,8
1631.119416875008,4,0.0,357,4,2,2,0,0,8
1632.133359473024,4,43.75,360,0,3,3,1,1,8
1633.1472564560245,4,25.0,360,1,3,3,0,1,8
1634.1589894819772,4,24.75,360,2,1,4,1,0,8
1635.1715552579844,4,32.0,357,5,0,3,0,0,8
1636.1841953250114,4,47.75,357,5,0,3,0,0,8
1637.194660223031,4,28.5,357,0,1,6,0,1,8
1638.2074752720073,4,56.75,355,1,1,6,0,0,8
1639.2225706760073,4,23.5,353,3,1,4,0,0,8
1640.235583502974,4,70.0,354,0,1,5,0,2,8
1641.2476016579894,4,23.25,351,3,1,3,1,0,8
1642.2586826999905,4,47.0,350,3,1,3,1,0,8
1643.2723829729948,4,49.5,350,2,2,4,0,0,8
1644.2856027950183,4,23.75,351,1,2,5,0,0,8
1645.2999299719813,4,91.0,350,4,0,4,0,0,8
1646.3128178539919,4,71.0,353,1,2,3,0,2,8
1647.3264527930296,4,15.75,355,2,3,2,1,0,8
1648.3365684589953,4,46.75,354,2,1,5,0,0,8
1649.3481222940027,4,69.0,354,1,2,5,0,0,8
1650.3604840280022,4,74.75,355,1,1,5,1,0,8
1651.3742268190254,4,4.25,357,2,2,3,0,1,8
1652.3882373470115,4,71.5,356,1,3,4,0,0,8
1653.4016774729826,4,44.25,360,1,2,3,0,2,8
1654.4157856419915,4,0.0,360,2,2,4,0,0,8
1655.4268830870278,4,28.75,363,3,0,4,0,1,8
1656.4389437480131,4,60.25,364,1,3,3,1,0,8
1657.448281207995,4,46.0,362,3,1,3,0,1,8
1658.4599737090175,4,32.75,364,2,2,3,1,0,8
1659.4737265260192,4,51.75,364,0,2,5,1,0,8
1660.4875394710107,4,40.5,364,0,2,6,0,0,8
1661.501210057002,4,93.5,367,0,1,7,0,0,8
1662.5151375249843,4,71.0,369,0,1,6,1,0,8
1663.5285529689863,4,69.5,370,0,1,4,3,0,8
1664.5397260460304,4,70.5,371,0,1,3,4,0,8
1665.5535202749888,4,47.0,373,0,1,3,4,0,8
1666.5650437949807,4,23.25,376,0,1,2,5,0,8
1667.5786441980163,4,23.25,376,0,1,0,7,0,8
1668.592536245007,4,0.0,377,0,1,0,7,0,8
1669.6065410919837,4,0.0,377,0,1,0,7,0,8
1670.620103335008,4,0.0,377,0,1,0,7,0,8
1671.6336760260165,4,0.0,379,0,1,0,7,0,8
1672.6476313819876,4,0.0,373,6,1,0,0,1,8
1673.6616144949803,4,0.0,375,2,4,2,0,0,8
1674.6753622600227,4,1.0,375,0,3,5,0,0,8
1675.6890323589905,4,61.75,378,0,2,5,0,1,8
1676.6994693509769,4,4.75,377,1,0,7,0,0,8
1677.713640423026,4,59.0,378,0,0,8,0,0,8
1678.726904685027,4,71.75,381,0,0,7,1,0,8
1679.7408033069805,4,0.0,380,1,0,7,0,0,8
1680.752122780017,4,94.25,380,1,0,7,0,0,8
1681.765786923992,4,92.0,380,1,0,7,0,0,8
1682.7782653400209,4,43.25,382,0,1,7,0,0,8
1683.7924256820115,4,47.0,382,1,2,5,0,0,8
1684.8063613009872,4,2.75,383,0,2,4,1,1,8
1685.8198921909789,4,27.5,382,1,3,4,0,0,8
1686.8363755990285,4,47.25,382,0,2,5,1,0,8
1687.8504932340002,4,69.5,382,2,1,4,0,1,8
1688.8641852950095,4,30.25,381,1,3,4,0,0,8
1689.8780237910105,4,23.25,382,1,0,6,1,0,8
1690.889327744022,4,45.0,381,1,1,6,0,0,8
1691.9038904359913,4,84.0,384,0,2,5,0,0,7
1692.91744530102,4,44.5,388,1,1,6,0,0,8
1693.9313415859942,4,32.5,392,1,0,6,1,0,8
1694.9452756710234,4,21.5,395,3,0,5,0,0,8
1695.956367255014,4,38.0,396,1,1,5,1,0,8
1696.970300496032,4,93.5,398,1,1,6,0,0,8
1697.9834668589756,4,45.5,402,2,1,1,4,0,8
1698.9970660010003,4,5.75,399,5,1,2,0,0,8
1700.0111063970253,4,23.5,400,4,1,2,1,0,8
1701.0246505260002,4,23.25,399,4,2,2,0,0,8
1702.0381661400315,4,0.0,399,1,4,3,0,0,8
1703.0522494220058,4,50.5,398,1,3,4,0,0,8
1704.0646981819882,4,27.5,396,2,3,3,0,0,8
1705.0788519909838,4,24.25,398,2,2,4,0,0,8
1706.0881471509929,4,23.5,397,1,3,4,0,0,8
1707.1017483859905,4,46.25,398,1,3,4,0,0,8
1708.1153380320175,4,46.5,401,0,1,5,0,2,8
1709.125490416016,4,24.25,402,2,1,5,0,0,8
1710.1389614740037,4,95.5,406,0,0,8,0,0,8
1711.1545591159957,4,46.5,411,2,0,5,1,0,8
1712.1676116759772,4,35.25,415,3,0,4,1,0,8
1713.1800211259979,4,70.5,419,1,1,3,2,1,8
1714.1935314689763,4,49.0,418,3,2,3,0,0,8
1715.2073045970174,4,70.0,418,3,1,4,0,0,8
1716.2219675109955,4,70.25,420,0,2,6,0,0,8
1717.235995250987,4,73.25,421,0,1,6,0,1,8
1718.248753337015,4,70.0,420,1,1,5,1,0,8
1719.2624687220086,4,70.75,420,1,1,4,2,0,8
1720.2746139439987,4,71.25,424,1,1,3,3,0,8
1721.2880616820185,4,47.0,428,1,1,2,4,0,8
1722.3019274920225,4,23.75,430,1,1,1,5,0,8
1723.3158521250007,4,0.0,430,1,1,0,6,0,8
1724.3297735590022,4,0.0,434,1,1,0,6,0,8
1725.343654035998,4,0.0,435,1,1,0,6,0,8
1726.3571368309786,4,0.0,435,1,1,0,6,0,8
1727.3709692169796,4,0.0,435,1,1,0,6,0,8
1728.3844871629844,4,0.0,435,1,1,0,6,0,8
1729.3984415780287,4,0.0,436,1,1,0,4,2,8
1730.4120755480253,4,0.0,437,1,1,0,0,3,5
1731.4259084130172,4,0.0,434,6,2,0,0,0,8
1732.4400074160076,4,0.0,437,6,2,0,0,0,8
1733.4534816719824,4,5.5,440,3,3,2,0,0,8
1734.467513178999,4,46.5,447,0,5,3,0,0,8
1735.4809619730222,4,63.5,452,0,3,5,0,0,8
1736.4947407079744,4,69.5,454,0,3,5,0,0,8
1737.5084061730304,4,84.5,456,0,2,5,1,0,8
1738.522063841985,4,2.25,455,1,1,6,0,0,8
1739.5360838709748,4,71.0,457,1,0,7,0,0,8
1740.5495738930185,4,46.5,460,0,1,7,0,0,8
1741.5636076750234,4,71.25,459,1,0,5,1,1,8
1742.571523679013,4,46.75,457,2,1,5,0,0,8
1743.5849062179914,4,42.5,458,0,2,6,0,0,8
1744.598949200008,4,48.0,457,1,1,6,0,0,8
1745.6124167040107,4,24.5,458,1,1,5,0,1,8
1746.6262493300019,4,23.75,457,2,1,5,0,0,8
1747.6403322319966,4,74.25,458,0,0,8,0,0,8
1748.652556060988,4,88.0,460,1,0,7,0,0,8
1749.6665601460263,4,42.25,461,1,0,7,0,0,8
1750.6805507019744,4,55.75,461,0,1,7,0,0,8
1751.6947998629767,4,49.75,462,0,0,8,0,0,8
1752.7082717479789,4,95.0,463,1,0,7,0,0,8
1753.72211788001,4,55.75,462,1,1,6,0,0,8
1754.735748408013,4,60.5,464,0,1,6,0,1,8
1755.7481615630095,4,47.25,465,0,1,6,0,0,7
1756.761085902981,4,95.25,464,1,0,5,0,2,8
1757.7749923130032,4,95.5,462,4,0,4,0,0,8
1758.7858637000318,4,92.75,461,4,0,3,0,1,8
1759.7988917710027,4,1.75,460,1,2,5,0,0,8
1760.8098651060136,4,70.75,460,1,0,7,0,0,8
1761.8222425249987,4,94.0,461,0,1,6,0,1,8
1762.8342411449994,4,83.25,460,1,0,7,0,0,8
1763.8478542279918,4,72.0,459,2,1,5,0,0,8
1764.8612886500196,4,93.75,461,0,1,7,0,0,8
1765.8750094359857,4,96.5,459,2,0,6,0,0,8
1766.88736914302,4,0.0,460,3,0,5,0,0,8
1767.9017199740047,4,0.0,460,1,2,4,0,1,8
1768.9153649579966,4,42.25,459,1,3,3,0,1,8
1769.9294213760295,4,5.75,458,1,2,5,0,0,8
1770.9430417229887,4,57.5,456,1,1,6,0,0,8
1771.9557468459825,4,0.0,458,1,1,3,3,0,8
1772.9675377769745,4,45.75,459,1,1,1,5,0,8
1773.9817515159957,4,23.75,461,1,1,1,5,0,8
1774.9945442390162,4,23.5,461,1,1,0,6,0,8
1776.0081016920158,4,0.0,464,1,1,0,6,0,8
1777.0217950880178,4,0.0,466,1,1,0,6,0,8
1778.0354234860279,4,0.0,469,1,1,0,6,0,8
1779.049193814979,4,0.0,470,1,1,0,6,0,8
1780.0625954699935,4,0.0,472,1,1,0,6,0,8
1781.0740480420063,4,0.0,475,1,1,0,6,0,8
1782.088122702029,4,0.0,476,1,1,0,6,0,8
1783.100928077998,4,0.0,475,5,2,0,0,1,8
1784.112957451027,4,0.0,475,4,4,0,0,0,8
1785.1272702729912,4,24.25,478,0,4,4,0,0,8
1786.1383632200304,4,19.25,478,1,0,6,0,1,8
1787.1505640320247,4,81.5,479,2,0,4,2,0,8
1788.1644453019835,4,24.0,476,2,2,4,0,0,8
1789.1778551249881,4,0.0,473,2,2,4,0,0,8
1790.1914836980286,4,23.5,474,2,1,2,3,0,8
1791.2054273780086,4,40.0,473,5,0,3,0,0,8
1792.2192323969794,4,32.5,473,2,1,5,0,0,8
1793.2329627479776,4,3.5,472,1,2,5,0,0,8
1794.2466041640146,4,69.75,473,2,0,6,0,0,8
1795.2584279730218,4,0.0,474,1,1,6,0,0,8
1796.272714707011,4,73.25,473,1,0,6,0,1,8
1797.2864078520215,4,70.75,474,2,0,5,1,0,8
1798.299946315994,4,63.75,474,1,0,7,0,0,8
1799.3135252339998,4,42.5,472,2,0,6,0,0,8
1800.3241168259992,4,76.75,473,0,0,8,0,0,8
1801.3379357130034,4,64.0,471,2,0,6,0,0,8
1802.3603065899806,4,45.5,471,2,1,5,0,0,8
1803.3703168099746,4,48.25,474,1,2,4,1,0,8
1804.384140321985,4,65.25,475,0,2,6,0,0,8
1805.3975517550134,4,46.0,473,2,0,5,1,0,8
1806.4116646000184,4,46.75,472,2,2,4,0,0,8
1807.4263108780142,4,89.0,473,1,0,7,0,0,8
1808.4390948439832,4,2.0,472,1,1,5,1,0,8
1809.4526523349923,4,7.0,474,1,1,4,1,1,8
1810.466066670022,4,74.0,471,3,3,2,0,0,8
1811.4769425080158,4,0.0,472,2,4,2,0,0,8
1812.4910978539847,4,2.75,473,1,4,3,0,0,8
1813.5046489940141,4,39.5,473,2,1,5,0,0,8
1814.5177002580022,4,39.0,473,2,1,4,0,1,8
1815.531428953982,4,70.25,473,1,1,3,3,0,8
1816.5452507649898,4,29.75,472,0,3,4,0,1,8
1817.5571703520254,4,1.25,471,1,3,4,0,0,8
1818.5706519780215,4,95.0,471,1,0,4,3,0,8
1819.5829524429864,4,36.25,470,2,1,5,0,0,8
1820.5955595879932,4,67.5,470,1,2,5,0,0,8
1821.6096839989768,4,41.75,469,1,3,4,0,0,8
1822.6233912840253,4,59.75,472,1,3,3,0,1,8
1823.6360812589992,4,25.0,471,1,1,6,0,0,8
1824.6496869020048,4,71.75,471,1,0,5,0,2,8
1825.6647389589925,4,34.0,470,1,2,5,0,0,8
1826.6784661050187,4,47.25,472,1,1,6,0,0,8
1827.6925359789748,4,79.5,474,0,1,6,1,0,8
1828.7056245799758,4,27.5,473,1,0,6,1,0,8
1829.7196771570016,4,75.75,472,3,0,5,0,0,8
1830.734077867004,4,39.0,472,2,1,4,1,0,8
1831.7480120160035,4,93.5,475,2,1,2,3,0,8
1832.7635768050095,4,46.75,475,2,1,2,3,0,8
1833.7773297720123,4,47.25,475,2,1,1,4,0,8
1834.790842182003,4,23.25,476,2,1,1,4,0,8
1835.8044885889976,4,23.75,477,2,1,1,4,0,8
1836.8184373350232,4,23.25,478,2,1,0,5,0,8
1837.8327476180275,4,0.0,479,2,1,0,5,0,8
1838.8464554810198,4,0.0,480,2,1,0,5,0,8
1839.860210157989,4,0.0,480,2,1,0,5,0,8
1840.8742647219915,4,0.0,482,2,1,0,5,0,8
1841.8876801320002,4,0.0,483,2,1,0,5,0,8
1842.9023976509925,4,0.0,484,2,1,0,5,0,8
1843.9158002919867,4,0.0,485,2,1,0,5,0,8
1844.929881492979,4,0.0,480,5,1,2,0,0,8
1845.943975421018,4,27.5,481,5,0,3,0,0,8
1846.9575631250045,4,23.0,481,1,3,4,0,0,8
1847.9716062099906,4,71.5,481,0,4,2,2,0,8
1848.983529346995,4,45.25,481,0,3,2,0,3,8
1849.99745569902,4,34.0,478,5,0,3,0,0,8
1851.0109780330095,4,36.5,480,1,3,4,0,0,8
1852.0231983729755,4,70.75,480,0,4,3,0,1,8
1853.0366616019746,4,24.25,481,0,3,3,1,1,8
1854.0504101919942,4,24.0,479,2,2,3,0,1,8
1855.064345958992,4,24.75,478,4,1,2,0,1,8
1856.078105461027,4,23.0,478,0,5,3,0,0,8
1857.0885865869932,4,46.5,480,0,5,1,2,0,8
1858.1015757130226,4,23.0,479,1,4,2,0,1,8
1859.1152659230283,4,74.5,479,0,2,6,0,0,8
1860.1287740300177,4,16.5,478,1,1,6,0,0,8
1861.1426376500167,4,69.75,482,1,1,6,0,0,8
1862.1533474129974,4,68.5,483,1,1,6,0,0,8
1863.1661852580146,4,47.75,484,0,2,4,0,2,8
1864.179893367982,4,23.25,482,2,1,5,0,0,8
1865.1937298920238,4,50.25,485,0,1,7,0,0,8
1866.2076735200244,4,29.5,485,1,1,6,0,0,8
1867.2220396529883,4,70.75,486,1,0,7,0,0,8
1868.2332536369795,4,91.5,486,1,0,7,0,0,8
1869.2459149450297,4,34.5,484,1,1,6,0,0,8
1870.2573422029964,4,66.25,484,2,1,5,0,0,8
1871.2688455929747,4,94.0,486,2,1,5,0,0,8
1872.2828319459804,4,71.5,485,4,0,4,0,0,8
1873.2898612800054,4,29.75,485,2,2,4,0,0,8
1874.3033373720245,4,71.5,486,0,2,6,0,0,8
1875.3187403340125,4,0.0,487,1,2,5,0,0,8
1876.3317356309853,4,70.0,489,1,1,4,0,2,8
1877.3462720569805,4,55.75,488,3,1,4,0,0,8
1878.359875176975,4,70.5,488,2,1,4,0,1,8
1879.373774523032,4,94.5,486,4,0,4,0,0,8
1880.385699201026,4,57.0,487,1,3,3,0,1,8
1881.3971341060242,4,23.25,490,1,2,5,0,0,8
1882.4106998670031,4,69.5,490,1,1,5,1,0,8
1883.425441050029,4,45.75,489,2,0,6,0,0,8
1884.4392613950185,4,29.25,489,1,3,4,0,0,8
1885.4529106509872,4,46.75,489,1,3,4,0,0,8
1886.46677108499,4,71.0,491,1,3,4,0,0,8
1887.4802279240103,4,70.25,492,1,3,4,0,0,8
1888.4942399759893,4,71.0,496,1,3,3,1,0,8
1889.5080511260312,4,46.75,498,1,3,3,1,0,8
1890.516890526982,4,47.0,500,1,3,2,2,0,8
1891.5306648199912,4,0.0,500,1,3,0,4,0,8
1892.5429643510142,4,0.0,502,1,3,0,4,0,8
1893.556524946005,4,0.0,504,1,3,0,4,0,8
1894.5704004919971,4,0.0,505,1,3,0,4,0,8
1895.5827319910168,4,0.0,505,1,3,0,4,0,8
1896.5967696200241,4,0.0,509,1,3,0,4,0,8
1897.6101894759922,4,1.25,511,0,3,1,0,4,8
1898.6241715879878,4,23.5,510,2,3,1,0,2,8
1899.6379407219938,4,20.0,509,3,1,3,0,1,8
1900.6518596350215,4,46.0,508,4,0,4,0,0,8
1901.665854797,4,47.5,511,3,0,5,0,0,8
1902.678285957023,4,70.25,515,0,3,5,0,0,8
1903.6923074719962,4,36.5,518,1,2,5,0,0,8
1904.7059033929836,4,41.25,520,3,0,5,0,0,8
1905.7198341769981,4,28.0,521,0,2,6,0,0,8
1906.733386641019,4,70.0,524,1,1,6,0,0,8
1907.7472687360132,4,91.5,523,2,0,6,0,0,8
1908.7612947039888,4,93.0,523,1,2,5,0,0,8
1909.7749180800165,4,23.5,524,1,1,6,0,0,8
1910.7900350069976,4,69.5,526,1,2,5,0,0,8
1911.8041464849957,4,34.75,526,0,3,5,0,0,8
1912.8178577190265,4,95.5,525,1,0,7,0,0,8
1913.8321262709796,4,32.5,523,3,0,5,0,0,8
1914.8435919299955,4,0.0,524,2,1,5,0,0,8
1915.8574391889852,4,48.5,523,1,1,6,0,0,8
1916.8683349289931,4,94.0,524,0,1,7,0,0,8
1917.8824093739968,4,77.75,526,1,0,6,1,0,8
1918.894888363022,4,8.0,527,2,0,5,1,0,8
1919.9087331600022,4,71.25,527,1,2,5,0,0,8
1920.9311999240308,4,46.5,527,1,2,4,0,1,8
1921.9422054230236,4,51.5,525,1,3,4,0,0,8
1922.9537702620146,4,48.25,525,0,1,6,1,0,8
1923.9664624140132,4,49.0,524,1,0,7,0,0,8
1924.9804421539884,4,0.5,524,1,0,6,1,0,8
1925.9924527149997,4,70.25,523,1,1,5,1,0,8
1927.0052203640225,4,92.5,523,1,1,6,0,0,8
1928.018777283025,4,46.75,524,1,1,3,3,0,8
1929.032055024989,4,47.25,520,4,1,3,0,0,8
1930.045579810976,4,34.25,522,0,3,4,1,0,8
1931.058924424986,4,71.75,525,1,1,6,0,0,8
1932.0723637890187,4,51.25,527,0,1,6,0,1,8
1933.0864622109802,4,74.5,527,1,1,6,0,0,8
1934.1002372489893,4,88.25,527,1,0,7,0,0,8
1935.11418706103,4,70.5,527,1,0,5,2,0,8
1936.1283316630288,4,84.25,525,3,0,3,2,0,8
1937.1404600850074,4,34.75,523,2,2,4,0,0,8
1938.1557251560153,4,61.5,524,0,2,5,0,1,8
1939.1697530070087,4,49.5,524,2,0,6,0,0,8
1940.1837220870075,4,91.75,525,0,1,6,1,0,8
1941.1979495540145,4,94.75,525,1,0,7,0,0,8
1942.210661576013,4,23.0,527,1,0,5,2,0,8
1943.224753638031,4,46.75,530,2,0,4,1,1,8
1944.2386230539996,4,70.5,532,2,0,3,2,1,8
1945.252593044017,4,27.75,532,2,0,1,4,1,8
1946.266128150979,4,23.75,533,2,0,1,4,1,8
1947.2797810740303,4,0.0,536,2,0,0,5,1,8
1948.286206396995,4,0.0,538,2,0,0,5,1,8
1949.3002113580005,4,0.0,539,2,0,0,5,1,8
1950.3137892530067,4,0.0,541,2,0,0,5,1,8
1951.3278979170136,4,0.0,543,2,0,0,5,1,8
1952.3411510880105,4,0.0,544,2,0,0,5,1,8
1953.354663790029,4,0.0,547,2,0,0,5,1,8
1954.368565234996,4,0.0,543,5,2,0,0,1,8
1955.3823687289841,4,0.0,542,6,2,0,0,0,8
1956.3965389350196,4,48.25,542,1,3,4,0,0,8
1957.4079305470223,4,46.5,542,0,3,4,0,1,8
1958.4214931739843,4,47.75,543,0,1,5,1,1,8
1959.4359577450086,4,0.0,544,1,1,4,1,1,8
1960.4498923270148,4,46.5,545,4,1,3,0,0,8
1961.4638900579885,4,0.0,546,3,1,3,1,0,8
1962.478052366001,4,23.25,547,0,4,3,0,1,8
1963.4917842869763,4,0.0,546,2,1,5,0,0,8
1964.5004090709845,4,51.75,549,2,0,5,0,1,8
1965.5086240980309,4,70.0,547,2,1,3,1,1,8
1966.5225217560073,4,56.75,544,3,3,2,0,0,8
1967.536424816004,4,46.75,544,3,3,2,0,0,8
1968.5500537669868,4,29.0,544,2,1,5,0,0,8
1969.5662588229752,4,46.75,544,0,3,5,0,0,8
1970.5806249189773,4,71.25,545,0,3,2,3,0,8
1971.5945697809802,4,0.0,545,3,1,4,0,0,8
1972.6084770840243,4,47.5,546,1,3,3,0,1,8
1973.622436102014,4,14.0,547,1,1,6,0,0,8
1974.6361629629973,4,94.5,548,0,1,7,0,0,8
1975.644111802976,4,90.25,548,1,1,6,0,0,8
1976.6581980459741,4,89.25,548,0,1,7,0,0,8
1977.6719524239888,4,56.5,546,2,1,4,1,0,8
1978.6829634120222,4,0.0,545,2,1,4,0,1,8
1979.6944944509887,4,46.25,544,2,1,4,0,1,8
1980.7050709479954,4,36.75,545,2,1,4,0,0,7
1981.712569397001,4,12.25,546,1,3,4,0,0,8
1982.7287756529986,4,4.25,545,1,4,3,0,0,8
1983.7431151039782,4,47.5,546,1,4,2,0,0,7
1984.7549691830063,4,0.0,546,2,3,3,0,0,8
1985.7687890420202,4,46.0,549,0,4,3,0,1,8
1986.7825840769801,4,0.0,548,0,4,4,0,0,8
1987.7949367180117,4,47.25,550,0,3,4,1,0,8
1988.8083269019844,4,57.75,550,0,1,6,0,1,8
1989.8223092739936,4,70.25,549,1,1,2,0,4,8
1990.8343142209924,4,23.5,546,5,1,1,0,1,8
1991.8477956349961,4,23.75,547,6,1,0,0,1,8
1992.8597091339761,4,0.0,546,4,3,1,0,0,8
1993.8736943679978,4,18.25,546,3,4,1,0,0,8
1994.887476309028,4,24.25,548,1,3,4,0,0,8
1995.9012091680197,4,72.25,549,0,4,3,1,0,8
1996.9133637209889,4,34.25,548,1,2,5,0,0,8
1997.9245905550197,4,12.0,548,1,0,7,0,0,8
1998.9379161469988,4,61.25,548,0,0,8,0,0,8
1999.9506937860278,4,67.25,551,0,0,6,2,0,8
2000.9642097469768,4,89.25,551,0,0,4,4,0,8
2001.9781372610014,4,70.75,552,0,0,4,4,0,8
2002.9919412939926,4,70.5,555,0,0,3,5,0,8
2004.0050905810203,4,47.25,556,0,0,0,8,0,8
2005.0217159030144,4,0.0,558,0,0,0,8,0,8
2006.0357116010273,4,0.0,558,0,0,0,8,0,8
2007.0493132470292,4,0.0,558,0,0,0,8,0,8
2008.0638435540022,4,0.0,559,0,0,0,8,0,8
2009.0826651069801,4,0.0,564,0,0,0,8,0,8
2010.0966601099935,4,0.0,567,0,0,0,8,0,8
2011.1106216069893,4,0.0,570,0,0,0,8,0,8
2012.1246537090046,4,0.0,571,0,0,0,8,0,8
2013.138139391027,4,0.0,572,0,0,0,8,0,8
2014.151947122009,4,0.0,569,6,0,0,0,2,8
2015.165922692977,4,25.0,571,0,6,2,0,0,8
2016.178736464004,4,30.5,573,0,5,3,0,0,8
2017.1930919580045,4,75.0,578,0,1,6,0,1,8
2018.2064804050024,4,95.25,579,1,1,6,0,0,8
2019.2203808940249,4,51.75,578,1,1,6,0,0,8
2020.2308050320134,4,72.25,581,2,1,5,0,0,8
2021.2438519130228,4,50.5,583,2,0,6,0,0,8
2022.2559007090167,4,69.75,587,2,0,5,1,0,8
2023.2661412580055,4,69.75,592,0,2,5,0,1,8
2024.280142240983,4,68.75,591,1,2,3,2,0,8
2025.2931296959869,4,46.25,589,3,2,3,0,0,8
2026.3070372869843,4,70.75,593,1,3,4,0,0,8
2027.3199773909873,4,46.75,593,1,2,5,0,0,8
2028.3326539940317,4,59.75,593,1,0,7,0,0,8
2029.3459178080084,4,70.25,594,2,0,3,0,3,8
2030.359702621994,4,47.0,596,3,1,2,1,1,8
2031.3713989289827,4,35.75,595,5,1,2,0,0,8
2032.387902788003,4,50.5,595,0,3,4,0,1,8
2033.3998104510247,4,0.25,595,2,1,5,0,0,8
2034.413591236982,4,47.5,594,1,3,4,0,0,8
2035.426724496996,4,69.75,596,1,0,7,0,0,8
2036.4400120120263,4,55.75,595,1,1,6,0,0,8
2037.4504453450209,4,71.25,595,0,2,3,2,1,8
2038.4642345969914,4,46.75,597,0,1,0,0,5,6
2039.4774718569824,4,0.0,593,4,1,0,0,0,5
2040.4869753120001,4,0.0,591,5,1,2,0,0,8
2041.5007707370096,4,4.5,592,1,5,1,1,0,8
2042.5142896790057,4,23.25,594,0,6,1,0,1,8
2043.523952795018,4,10.25,593,2,5,1,0,0,8
2044.5381576869986,4,36.75,591,5,1,2,0,0,8
2045.551834065991,4,14.25,591,2,3,3,0,0,8
2046.5636131669744,4,28.75,591,2,3,3,0,0,8
2047.5789177939878,4,34.5,595,2,1,5,0,0,8
2048.593197009992,4,46.5,594,1,3,4,0,0,8
2049.6063921080204,4,24.0,596,1,2,4,1,0,8
2050.620416973019,4,25.25,597,2,0,6,0,0,8
2051.6340467690025,4,34.0,596,1,2,5,0,0,8
2052.64764637599,4,24.5,596,0,2,5,1,0,8
2053.6590427519986,4,47.75,596,1,0,7,0,0,8
2054.67289762001,4,56.25,595,1,1,4,0,2,8
2055.686488171981,4,71.25,593,2,0,6,0,0,8
2056.6988814669894,4,70.75,594,0,2,4,1,1,8
2057.709821016004,4,0.0,595,3,1,4,0,0,8
2058.719648334023,4,47.0,597,0,3,5,0,0,8
2059.7336900759838,4,71.0,599,0,3,4,1,0,8
2060.7474001930095,4,70.5,603,0,3,3,2,0,8
2061.7612388299895,4,47.0,603,0,3,2,3,0,8
2062.7752024069778,4,23.5,606,0,3,1,4,0,8
2063.7888637100114,4,23.25,612,0,3,1,4,0,8
2064.803390180983,4,23.25,618,0,3,1,4,0,8
2065.8171350110206,4,0.0,618,0,3,0,5,0,8
2066.830951391021,4,0.0,618,0,3,0,5,0,8
2067.8448773340206,4,0.0,618,0,3,0,5,0,8
2068.858713969006,4,0.0,620,0,3,0,5,0,8
2069.872460265993,4,0.0,624,0,3,0,5,0,8
2070.8865742849885,4,0.0,626,0,3,0,5,0,8
2071.899889512977,4,0.0,629,1,2,1,0,4,8
2072.912154783029,4,0.0,630,1,2,0,1,4,8
2073.9255546039785,4,0.0,628,5,2,0,0,1,8
2074.935496277001,4,0.0,629,3,3,2,0,0,8
2075.9494845970185,4,48.25,629,2,5,1,0,0,8
2076.9642695889925,4,0.0,630,1,4,3,0,0,8
2077.977708245977,4,47.75,629,1,3,3,0,1,8
2078.987038655032,4,1.25,628,2,1,5,0,0,8
2080.0006372010102,4,12.25,627,3,2,3,0,0,8
2081.0144116790034,4,46.75,628,2,3,3,0,0,8
2082.027885178977,4,70.5,630,0,2,6,0,0,8
2083.041896943003,4,56.0,631,1,1,6,0,0,8
2084.055607692979,4,37.5,629,3,0,4,0,1,8
2085.0695546210045,4,15.25,629,1,2,4,0,1,8
2086.0834232810303,4,47.5,629,0,1,7,0,0,8
2087.0965870749787,4,94.5,630,0,0,6,2,0,8
2088.110295885999,4,47.25,629,2,0,6,0,0,8
2089.1238732389756,4,50.0,630,0,2,6,0,0,8
2090.137954832986,4,44.75,629,2,1,5,0,0,8
2091.151847772009,4,25.0,631,2,2,3,0,1,8
2092.165863392991,4,48.25,630,3,1,4,0,0,8
2093.175072416023,4,94.25,630,0,3,5,0,0,8
2094.1864776450093,4,25.75,630,1,0,7,0,0,8
2095.2006322970265,4,27.5,629,1,1,6,0,0,8
2096.2113125270116,4,48.0,631,1,1,3,0,3,8
2097.2235537919914,4,47.0,628,4,1,3,0,0,8
2098.23730716703,4,24.0,631,2,4,2,0,0,8
2099.247215666983,4,23.25,632,2,2,2,1,1,8
2100.2612161309808,4,0.0,632,2,3,2,0,1,8
2101.274627688981,4,23.25,633,4,2,2,0,0,8
2102.28865497699,4,1.0,638,2,4,2,0,0,8
2103.302030869003,4,51.75,639,0,3,5,0,0,8
2104.3142990240012,4,94.25,641,0,1,6,0,1,8
2105.327761035005,4,94.5,641,1,1,6,0,0,8
2106.3404012899846,4,22.25,641,2,2,4,0,0,8
2107.352205238014,4,46.5,642,2,2,4,0,0,8
2108.3662541059894,4,21.25,644,2,1,4,1,0,8
2109.379614451027,4,46.5,646,0,3,4,1,0,8
2110.401250304014,4,36.0,647,2,3,3,0,0,8
2111.4140968989814,4,48.5,648,1,3,3,0,1,8
2112.4280576599995,4,35.0,648,0,3,5,0,0,8
2113.440239391988,4,9.5,649,1,1,4,1,1,8
2114.4540080170264,4,32.0,649,2,1,5,0,0,8
2115.4688597479835,4,69.75,648,2,2,4,0,0,8
2116.4828027299955,4,47.25,649,1,3,3,0,1,8
2117.496541280998,4,37.0,646,1,4,3,0,0,8
2118.507869201014,4,36.75,646,1,2,4,1,0,8
2119.5192902919953,4,23.0,645,1,3,3,0,1,8
2120.5326686530025,4,23.0,646,3,1,4,0,0,8
2121.546291830018,4,24.25,647,2,2,4,0,0,8
2122.5601911490085,4,65.5,650,2,2,3,1,0,8
2123.5738486510236,4,47.0,650,2,2,1,3,0,8
2124.5881190599757,4,23.25,654,2,2,1,3,0,8
2125.6016720610205,4,23.25,655,2,2,0,4,0,8
2126.6136731359875,4,0.0,657,2,2,0,4,0,8
2127.6244949980173,4,0.0,657,2,2,0,4,0,8
2128.638569650997,4,0.0,657,2,2,0,4,0,8
2129.6520465210197,4,0.0,657,2,2,0,4,0,8
2130.6657544539776,4,0.0,657,2,2,0,4,0,8
2131.6792329680175,4,0.0,657,2,2,0,4,0,8
2132.6929621599847,4,0.0,658,2,2,0,4,0,8
2133.707041191985,4,0.0,662,2,2,0,4,0,8
2134.7205656840233,4,0.0,664,1,2,1,4,0,8
2135.734457793995,4,0.0,661,4,3,1,0,0,8
2136.748065249005,4,23.5,663,4,3,1,0,0,8
2137.7621573299984,4,73.25,664,5,1,2,0,0,8
2138.7753852219903,4,0.0,665,2,3,2,1,0,8
2139.789353514032,4,24.25,666,1,3,2,0,2,8
2140.802569127991,4,0.0,664,2,2,4,0,0,8
2141.816086382023,4,23.5,664,0,1,7,0,0,8
2142.8298812910216,4,34.5,667,1,0,7,0,0,8
2143.8425583600183,4,95.25,669,0,1,6,1,0,8
2144.856077616976,4,94.75,668,2,0,5,0,1,8
2145.8674001779873,4,66.0,667,0,2,6,0,0,8
2146.8808493560064,4,36.0,668,1,2,5,0,0,8
2147.8945869039744,4,84.75,672,0,0,7,1,0,8
2148.908535671013,4,24.0,673,0,1,7,0,0,8
2149.92214845703,4,93.0,676,1,1,4,2,0,8
2150.9349757779855,4,13.0,681,1,0,5,0,2,8
2151.9470648519928,4,26.75,679,3,0,5,0,0,8
2152.96101081901,4,75.25,680,0,1,6,0,1,8
2153.974741327984,4,26.75,680,1,0,7,0,0,8
2154.98867444403,4,47.0,683,0,1,5,1,1,8
2155.998589678027,4,64.5,682,2,1,5,0,0,8
2157.0126205470297,4,91.75,683,0,2,5,0,1,8
2158.0263185920194,4,69.0,682,2,1,5,0,0,8
2159.0391487469897,4,55.5,685,1,0,5,2,0,8
2160.052829488006,4,70.5,685,1,1,4,0,2,8
2161.067192057031,4,69.0,684,3,2,2,0,1,8
2162.081362847006,4,40.75,685,1,1,5,0,1,8
2163.0947963399813,4,40.5,686,1,0,7,0,0,8
2164.1056901550037,4,81.0,683,4,0,4,0,0,8
2165.117887187982,4,58.0,683,1,2,4,1,0,8
2166.133185748011,4,22.5,682,1,1,5,1,0,8
2167.1443070559762,4,34.25,681,2,2,4,0,0,8
2168.156843898003,4,76.5,684,0,0,7,1,0,8
2169.17006380402,4,42.0,684,1,0,7,0,0,8
2170.1835495749838,4,94.25,684,0,1,5,0,2,8
2171.1979279890074,4,0.0,683,3,1,4,0,0,8
2172.2115590019966,4,46.5,682,1,1,4,0,2,8
2173.2253192010103,4,23.5,681,2,0,4,1,1,8
2174.238678161986,4,44.75,682,2,0,0,4,2,8
2175.252271434001,4,15.25,677,5,1,1,0,1,8
2176.2663291940116,4,24.0,678,1,4,3,0,0,8
2177.2798264669836,4,8.5,678,2,3,2,0,1,8
2178.293754510989,4,25.5,677,4,2,1,1,0,8
2179.3054542429745,4,0.0,675,6,2,0,0,0,8
2180.318283214001,4,16.75,676,3,4,0,0,1,8
2181.3315591469873,4,28.25,676,1,3,4,0,0,8
2182.3430704930215,4,46.75,676,1,2,5,0,0,8
2183.3510277229943,4,14.5,676,1,2,5,0,0,8
2184.3647312549874,4,33.0,676,1,1,0,3,3,8
2185.3791885069804,4,0.75,671,6,0,1,0,1,8
2186.3912865680177,4,23.25,672,6,0,1,0,1,8
2187.4043263460044,4,23.25,673,6,0,1,0,1,8
2188.4177903709933,4,23.25,677,6,0,1,0,1,8
2189.431174513011,4,23.25,677,6,0,1,0,1,8
2190.4453360299813,4,23.5,677,6,0,1,0,1,8
2191.4586282349774,4,23.5,677,6,0,1,0,1,8
2192.472473966016,4,0.0,678,6,0,0,1,1,8
2193.4863017409807,4,0.0,679,6,0,0,1,1,8
2194.5002983799786,4,0.0,679,6,0,0,1,1,8
2195.513931931986,4,0.0,680,6,0,0,1,1,8
2196.528026553977,4,0.0,682,6,0,0,1,1,8
2197.542003952025,4,0.0,684,6,0,0,1,1,8
2198.555549952027,4,0.0,683,6,1,0,0,0,7
2199.572088713001,4,22.25,682,2,4,2,0,0,8
2200.5862668139744,4,48.5,684,2,2,2,0,2,8
2201.5996956300223,4,11.75,685,2,2,2,0,2,8
2202.6138830860145,4,16.25,685,4,1,3,0,0,8
2203.6252294389997,4,25.0,685,0,3,5,0,0,8
2204.638953848975,4,86.25,684,1,0,7,0,0,8
2205.651450873993,4,36.0,685,0,0,7,1,0,8
2206.66552927898,4,94.25,686,0,0,2,0,6,8
2207.6792467230116,4,0.0,681,6,0,2,0,0,8
2208.6932844659896,4,30.75,682,4,3,1,0,0,8
2209.7073966410244,4,23.25,682,1,5,2,0,0,8
2210.719164084003,4,47.0,684,1,4,3,0,0,8
2211.7344883140177,4,54.75,686,0,3,4,1,0,8
2212.746840837004,4,70.25,687,1,3,3,0,1,8
2213.760067561001,4,49.0,686,1,2,5,0,0,8
2214.7719291889807,4,66.0,687,0,2,4,1,0,7
2215.78408158198,4,24.25,686,1,2,3,1,1,8
2216.7961025889963,4,47.25,686,1,2,2,0,3,8
2217.807402534003,4,35.0,685,3,1,3,0,1,8
2218.821369472018,4,0.0,687,1,3,2,2,0,8
2219.8349607000127,4,6.5,688,3,2,3,0,0,8
2220.848959690018,4,24.0,688,1,2,3,1,1,8
2221.8642758399947,4,26.25,690,2,3,3,0,0,8
2222.876613490982,4,18.5,691,1,4,2,1,0,8
2223.889049245976,4,14.5,692,2,2,4,0,0,8
2224.9026041810284,4,24.75,692,4,1,3,0,0,8
2225.9145896580303,4,32.0,692,3,1,2,0,2,8
2226.9280017529964,4,19.0,692,2,3,1,1,1,8
2227.940461222024,4,23.25,692,3,2,2,0,1,8
2228.95236153499,4,32.0,693,3,1,2,0,2,8
2229.9676284270245,4,13.0,691,2,4,2,0,0,8
2230.981227888027,4,0.0,693,1,2,5,0,0,8
2231.9922977800015,4,70.0,693,1,1,3,1,2,8
2233.005922381999,4,47.25,691,2,0,6,0,0,8
2234.0197844280046,4,70.75,691,0,2,6,0,0,8
2235.0325228020083,4,94.5,691,0,0,6,2,0,8
2236.0449532159837,4,90.5,689,1,1,6,0,0,8
2237.05854832998,4,43.25,691,0,1,6,1,0,8
2238.072739658004,4,69.5,689,2,0,6,0,0,8
2239.084957287996,4,38.0,692,0,2,4,1,1,8
2240.0970979770063,4,47.25,692,2,2,3,0,1,8
2241.1115992169944,4,46.75,693,1,3,4,0,0,8
2242.1264121219865,4,52.75,692,2,1,5,0,0,8
2243.1399367770064,4,19.0,694,2,1,5,0,0,8
2244.15162238403,4,10.0,694,1,3,3,1,0,8
2245.165315850987,4,12.5,694,1,3,3,0,1,8
2246.1793343920144,4,65.5,694,1,2,2,1,1,7
2247.1929376730113,4,47.5,697,1,2,2,1,1,7
2248.2066862430074,4,48.0,700,1,2,2,1,1,7
2249.219096952991,4,45.5,700,1,2,2,1,1,7
2250.23191447102,4,22.0,700,1,2,1,2,1,7
2251.2464872020064,4,0.0,700,1,2,0,3,1,7
2252.2605061180075,4,0.0,702,1,2,0,3,1,7
2253.274602561025,4,0.0,703,1,2,0,3,1,7
2254.289945315977,4,0.0,705,1,2,0,3,1,7
2255.3033203529776,4,0.0,708,1,2,0,3,1,7
2256.311962043983,4,0.0,709,1,2,0,3,1,7
2257.3253904220182,4,0.0,711,1,2,0,3,1,7
2258.3386197470245,4,0.0,711,1,2,0,3,1,7
2259.352198212,4,0.0,714,1,2,0,3,1,7
2260.366221284028,4,1.0,712,4,3,0,0,1,8
2261.379629296018,4,24.75,712,4,2,2,0,0,8
2262.393728588999,4,58.25,713,0,3,5,0,0,8
2263.4070139270043,4,46.0,711,2,2,4,0,0,8
2264.4205198719865,4,67.25,711,2,1,4,1,0,8
2265.439107254031,4,48.25,710,2,2,2,0,2,8
2266.4474390739924,4,36.25,708,1,4,3,0,0,8
2267.459727952024,4,26.25,713,0,2,6,0,0,8
2268.4718276310014,4,60.5,711,2,1,5,0,0,8
2269.4852867459995,4,40.5,710,2,1,5,0,0,8
2270.496821530978,4,24.0,711,0,3,4,0,1,8
2271.5099276049878,4,8.75,707,4,2,2,0,0,8
2272.5237231359934,4,0.0,709,1,4,3,0,0,8
2273.537525230029,4,60.75,709,2,2,4,0,0,8
2274.551249550015,4,46.5,710,1,1,6,0,0,8
2275.5653398599825,4,59.5,709,2,1,4,0,1,8
2276.5788314599777,4,46.5,709,0,2,6,0,0,8
2277.592599864991,4,71.0,709,0,2,5,1,0,8
2278.6062535180245,4,46.0,708,2,1,5,0,0,8
2279.6205854199943,4,60.75,709,1,3,3,1,0,8
2280.6342567169922,4,68.75,710,0,3,3,2,0,8
2281.648126948974,4,67.5,709,2,2,2,0,2,8
2282.661794191983,4,41.0,706,3,3,2,0,0,8
2283.673213155009,4,40.0,706,1,5,2,0,0,8
2284.687603236991,4,65.75,707,0,3,5,0,0,8
2285.70138101303,4,23.25,705,3,2,3,0,0,8
2286.713948221004,4,33.75,707,1,3,4,0,0,8
2287.7275026839925,4,49.75,706,2,1,5,0,0,8
2288.742579801008,4,31.75,704,2,1,5,0,0,8
2289.756099917984,4,43.0,703,1,3,4,0,0,8
2290.7692606740166,4,71.0,703,0,2,6,0,0,8
2291.7793483160203,4,0.75,703,0,2,5,1,0,8
2292.792959061975,4,2.0,702,1,1,6,0,0,8
2293.806724078022,4,29.0,705,0,2,6,0,0,8
2294.8207547889906,4,67.25,704,1,1,5,0,1,8
2295.832690829993,4,54.75,703,0,1,6,0,0,7
2296.846869270026,4,0.0,702,1,1,6,0,0,8
2297.859443961992,4,47.0,701,2,1,5,0,0,8
2298.8727359810146,4,42.25,702,0,1,7,0,0,8
2299.884039297991,4,45.75,702,1,1,5,1,0,8
2300.8990110250306,4,20.0,699,3,0,5,0,0,8
2301.912578203017,4,70.25,701,1,2,5,0,0,8
2302.926431228989,4,67.75,700,1,1,6,0,0,8
2303.939788807009,4,24.0,700,1,0,5,0,2,8
2304.9535540500074,4,62.75,699,1,1,5,0,1,8
2305.9675075400155,4,71.25,700,2,0,6,0,0,8
2306.981309434981,4,53.75,701,1,1,6,0,0,8
2307.993849557999,4,42.0,702,1,2,5,0,0,8
2309.0075452590245,4,71.5,703,1,0,5,0,2,8
2310.018365402997,4,49.5,705,0,1,4,1,0,6
2311.0302654230036,4,47.25,706,2,1,3,1,1,8
2312.043870744994,4,47.25,706,2,2,4,0,0,8
2313.0562497259816,4,7.25,707,2,0,6,0,0,8
2314.069882508018,4,85.25,706,1,2,5,0,0,8
2315.0827452730155,4,35.5,706,1,1,6,0,0,8
2316.096048090025,4,94.25,708,0,1,6,0,1,8
2317.1098243910237,4,10.25,708,1,1,6,0,0,8
2318.123617891979,4,46.5,710,1,1,4,2,0,8
2319.136957634997,4,24.25,711,1,1,2,4,0,8
2320.1511946099927,4,24.25,712,1,1,0,6,0,8
2321.164405110001,4,0.0,713,1,1,0,6,0,8
2322.17766649602,4,0.0,714,1,1,0,6,0,8
2323.191667244013,4,0.0,715,1,1,0,6,0,8
2324.208912178001,4,0.0,715,1,1,0,6,0,8
2325.222825704026,4,0.0,715,1,1,0,6,0,8
2326.2366603600094,4,0.0,716,1,1,0,6,0,8
2327.249408857024,4,0.0,717,1,1,0,6,0,8
2328.2632814989774,4,0.0,717,1,1,0,6,0,8
2329.274488128023,4,0.0,717,1,1,0,6,0,8
2330.2874052280094,4,0.0,717,1,1,0,6,0,8
2331.300421781023,4,0.0,717,1,1,0,6,0,8
2332.3138441059855,4,0.0,717,1,1,0,6,0,8
2333.327625481994,4,0.0,718,1,1,0,6,0,8
2334.3415247219964,4,0.0,716,3,1,0,0,4,8
2335.353535896982,4,0.0,717,1,6,1,0,0,8
2336.3676344539854,4,47.0,719,1,4,1,1,1,8
2337.3813650850207,4,48.25,720,2,4,2,0,0,8
2338.394712870999,4,40.25,725,1,3,4,0,0,8
2339.4086408290314,4,32.25,725,0,3,2,1,2,8
2340.422518712003,4,15.25,725,2,2,3,0,1,8
2341.434742505022,4,1.25,727,3,2,3,0,0,8
2342.4487587829935,4,45.0,726,1,1,6,0,0,8
2343.4628005709965,4,68.75,725,1,1,6,0,0,8
2344.4766931060003,4,46.75,724,2,1,4,1,0,8
2345.490571074013,4,47.5,727,1,2,4,1,0,8
2346.5044451120193,4,0.0,725,3,2,3,0,0,8
2347.5184238880174,4,51.25,729,1,2,5,0,0,8
2348.532575394027,4,2.5,733,1,2,3,1,1,8
2349.5460175219923,4,0.0,733,5,1,2,0,0,8
2350.559835094027,4,3.0,734,2,2,4,0,0,8
2351.5728998680133,4,40.0,735,1,3,4,0,0,8
2352.5864303659764,4,57.25,738,1,1,6,0,0,8
2353.600583266001,4,56.25,739,1,0,7,0,0,8
2354.614190070017,4,55.75,741,0,0,7,0,1,8
2355.628389702004,4,74.75,743,2,0,4,0,2,8
2356.6426753340056,4,38.5,744,2,1,5,0,0,8
2357.6567371590063,4,63.25,745,0,2,6,0,0,8
2358.6703222530195,4,71.0,747,0,1,7,0,0,8
2359.6838718469953,4,0.0,747,1,0,4,3,0,8
2360.69631092099,4,16.75,746,3,0,3,1,1,8
2361.710646927997,4,0.0,744,2,3,2,1,0,8
2362.724726287008,4,31.25,742,1,4,3,0,0,8
2363.738129423,4,64.25,743,1,2,4,0,1,8
2364.7520640940056,4,52.0,743,2,1,5,0,0,8
2365.7657959469943,4,72.0,746,1,2,4,0,1,8
2366.7798498059856,4,0.0,745,2,0,6,0,0,8
2367.793668519007,4,33.25,745,1,2,5,0,0,8
2368.807300216984,4,56.75,747,1,1,5,1,0,8
2369.8206627100008,4,94.25,746,2,1,5,0,0,8
2370.8314318099874,4,48.0,746,0,2,5,0,1,8
2371.8456781820278,4,50.75,745,1,1,5,1,0,8
2372.8594263530103,4,42.5,744,1,2,5,0,0,8
2373.8733159659896,4,47.0,744,0,2,5,1,0,8
2374.8873465310317,4,84.75,742,2,2,3,0,1,8
2375.9013455500244,4,37.5,742,1,2,3,0,2,8
2376.912399474997,4,23.5,744,1,2,3,1,1,8
2377.92759224202,4,0.0,743,1,1,6,0,0,8
2378.941242864006,4,64.0,743,0,1,7,0,0,8
2379.955123546999,4,94.0,743,0,1,5,2,0,8
2380.9689959120005,4,48.0,741,1,3,4,0,0,8
2381.982670477999,4,24.25,741,2,3,3,0,0,8
2382.9898549520294,4,22.5,741,0,3,5,0,0,8
2384.0038166950108,4,43.0,744,0,0,8,0,0,8
2385.017344595981,4,70.5,747,0,0,7,0,1,8
2386.0288825199823,4,21.0,748,0,2,6,0,0,8
2387.0428852239856,4,47.25,748,2,2,4,0,0,8
2388.05671624199,4,46.25,747,1,3,4,0,0,8
2389.069272495981,4,46.75,748,0,3,4,0,1,8
2390.0831700220006,4,67.0,754,0,2,6,0,0,8
2391.096475834027,4,64.5,756,0,0,8,0,0,8
2392.109649928985,4,93.0,758,0,0,6,2,0,8
2393.122992808989,4,93.75,760,0,0,4,4,0,8
2394.136880428996,4,70.5,761,0,0,4,4,0,8
2395.15044641,4,47.75,762,0,0,3,5,0,8
2396.163658076024,4,47.5,763,0,0,2,6,0,8
2397.177460502018,4,23.5,763,0,0,1,7,0,8
2398.1897062620264,4,23.25,763,0,0,0,8,0,8
2399.203893347003,4,0.0,763,0,0,0,8,0,8
2400.2178369039902,4,0.0,763,0,0,0,8,0,8
2401.232125376002,4,0.0,763,0,0,0,8,0,8
2402.245496543008,4,0.0,765,0,0,0,8,0,8
2403.258906976029,4,0.0,765,0,0,0,8,0,8
2404.2730621750234,4,0.0,766,0,0,0,8,0,8
2405.2866167559987,4,0.0,769,0,0,0,8,0,8
2406.3092221409897,4,0.0,770,0,0,0,8,0,8
2407.3229178760084,4,0.0,774,0,0,0,8,0,8
2408.336736286001,4,0.0,766,8,0,0,0,0,8
2409.351071577985,4,0.0,766,6,2,0,0,0,8
2410.3648381970124,4,36.75,767,0,6,2,0,0,8
2411.3783146499773,4,46.75,767,0,3,5,0,0,8
2412.39203896001,4,95.5,767,0,1,7,0,0,8
2413.406164404005,4,71.0,768,1,1,6,0,0,8
2414.4200740110246,4,69.75,770,0,2,5,0,1,8
2415.4313917109976,4,3.25,770,1,1,4,1,1,8
2416.444652586011,4,0.0,770,2,0,6,0,0,8
2417.4589693209855,4,94.0,770,1,1,6,0,0,8
2418.4714757910115,4,72.0,770,0,1,7,0,0,8
2419.484141686,4,0.0,769,1,1,6,0,0,8
2420.4977760170004,4,69.75,769,3,0,5,0,0,8
2421.5116468819906,4,47.5,768,1,3,4,0,0,8
2422.5252393889823,4,53.25,771,1,2,5,0,0,8
2423.5375893720193,4,48.0,773,1,2,4,0,1,8
2424.5510406210087,4,0.0,773,1,2,5,0,0,8
2425.5651622940204,4,0.0,773,1,1,6,0,0,8
2426.5787801159895,4,70.25,772,1,2,5,0,0,8
2427.593128485023,4,38.5,772,2,2,4,0,0,8
2428.6072378000244,4,79.25,776,1,3,4,0,0,8
2429.6211755250115,4,45.25,776,0,1,6,0,1,8
2430.6351150220144,4,72.0,777,1,0,7,0,0,8
2431.6488246779772,4,71.0,776,4,0,4,0,0,8
2432.662540810008,4,42.25,779,2,1,4,0,1,8
2433.6738049730193,4,24.25,777,2,2,4,0,0,8
2434.686003574985,4,47.5,778,1,2,4,0,1,8
2435.6994636650197,4,17.5,777,2,0,6,0,0,8
2436.7136713869986,4,36.0,778,1,2,5,0,0,8
2437.72380570299,4,47.25,779,0,0,7,1,0,8
2438.7378537320183,4,68.0,779,1,0,7,0,0,8
2439.7513764689793,4,78.0,779,0,1,5,2,0,8
2440.76544802601,4,70.5,776,3,1,4,0,0,8
2441.7793139520218,4,25.0,777,0,3,5,0,0,8
2442.7926781909773,4,58.25,779,1,2,5,0,0,8
2443.806338538998,4,75.0,779,2,1,5,0,0,8
2444.8188693890115,4,46.5,779,1,2,5,0,0,8
2445.8316729399958,4,46.0,779,1,3,4,0,0,8
2446.8453452510294,4,24.5,781,1,1,6,0,0,8
2447.8569038290298,4,90.25,782,0,0,8,0,0,8
2448.872000270989,4,94.25,785,2,0,6,0,0,8
2449.885821441014,4,47.5,785,1,2,4,1,0,8
2450.899716806016,4,45.75,788,0,2,5,1,0,8
2451.912374790001,4,72.5,786,3,1,4,0,0,8
2452.9258896820247,4,48.0,789,3,1,2,2,0,8
2453.941296024015,4,23.0,786,3,1,4,0,0,8
2454.9552338609938,4,45.75,789,0,1,5,1,1,8
2455.968970395974,4,44.0,788,2,0,6,0,0,8
2456.9827729139943,4,96.25,788,0,1,7,0,0,8
2457.996780738991,4,93.75,788,1,1,5,0,1,8
2459.010702361993,4,0.0,790,1,1,5,1,0,8
2460.0283530579763,4,46.75,787,3,4,0,0,1,8
2461.0421862109797,4,6.75,788,3,5,0,0,0,8
2462.0561689360184,4,21.5,788,1,4,3,0,0,8
2463.067454363976,4,49.0,791,0,2,6,0,0,8
2464.079976472014,4,69.0,790,2,1,5,0,0,8
2465.0925019619754,4,58.75,789,1,2,5,0,0,8
2466.106304557994,4,13.0,789,0,1,7,0,0,8
2467.1174051910057,4,46.5,791,0,0,7,1,0,8
2468.1277645219816,4,94.5,791,1,0,7,0,0,8
2469.1420948699815,4,94.5,793,0,0,4,3,1,8
2470.1557709170156,4,91.25,790,4,0,4,0,0,8
2471.169043758011,4,46.5,791,2,2,3,1,0,8
2472.1829003969906,4,70.0,791,2,2,1,1,2,8
2473.1964271310135,4,16.75,787,4,3,1,0,0,8
2474.211316885019,4,23.25,789,0,5,3,0,0,8
2475.223234779027,4,71.25,789,0,4,3,1,0,8
2476.235871472978,4,23.5,792,0,4,1,3,0,8
2477.248008090013,4,23.0,793,0,4,1,3,0,8
2478.259978510032,4,23.5,793,0,4,1,3,0,8
2479.272142775997,4,23.25,794,0,4,1,3,0,8
2480.283996689017,4,23.25,794,0,4,1,3,0,8
2481.296130408009,4,23.25,795,0,4,0,4,0,8
2482.30990832299,4,0.0,796,0,4,0,4,0,8
2483.3239202050027,4,0.0,796,0,4,0,4,0,8
2484.3371710819774,4,0.0,799,0,4,0,4,0,8
2485.351624474977,4,0.0,800,0,4,0,4,0,8
2486.365283777006,4,0.0,801,0,4,0,4,0,8
2487.3786957759876,4,0.0,804,0,4,0,4,0,8
2488.392707109975,4,0.0,804,0,4,0,4,0,8
2489.4064746060176,4,0.0,804,0,4,0,4,0,8
2490.4206883480074,4,0.0,802,3,3,1,0,1,8
2491.4330187930027,4,9.5,802,3,2,3,0,0,8
2492.4470265670097,4,23.25,801,2,4,1,0,1,8
2493.458294073993,4,23.5,802,2,4,2,0,0,8
2494.4709466940258,4,45.25,802,2,4,0,0,2,8
2495.4832409269875,4,47.5,805,2,2,2,0,0,6
2496.496971597022,4,7.5,804,4,1,3,0,0,8
2497.510763078986,4,47.25,805,0,3,4,0,1,8
2498.5237337899744,4,55.5,807,0,1,7,0,0,8
2499.5354270529933,4,80.5,807,0,1,3,4,0,8
2500.550610857026,4,6.75,803,4,0,2,0,2,8
2501.5642433540197,4,7.25,801,5,1,2,0,0,8
2502.5768561349832,4,69.5,803,1,3,4,0,0,8
2503.5851495619863,4,58.25,803,0,2,5,0,0,7
2504.598504519032,4,95.0,803,1,1,5,1,0,8
2505.6121636889875,4,46.75,804,1,0,5,2,0,8
2506.6251453669975,4,64.75,801,3,1,3,0,1,8
2507.6387570570223,4,0.0,801,3,2,3,0,0,8
2508.6508174249902,4,31.5,802,0,2,5,0,1,8
2509.664521713974,4,2.5,803,0,1,7,0,0,8
2510.678694695991,4,94.0,803,1,0,6,1,0,8
2511.6922710179933,4,75.5,802,1,1,5,0,1,8
2512.7038687050226,4,91.5,802,3,0,5,0,0,8
2513.7174325080123,4,23.25,802,1,2,4,1,0,8
2514.731567162031,4,45.75,802,3,2,2,1,0,8
2515.7448263650294,4,43.5,802,2,2,4,0,0,8
2516.7527999139857,4,53.75,804,2,1,5,0,0,8
2517.766887645994,4,70.25,803,3,0,5,0,0,8
2518.78049053601,4,94.75,803,1,2,5,0,0,8
2519.7946194219985,4,42.75,802,1,1,6,0,0,8
2520.8065712900134,4,52.75,802,2,0,5,0,1,8
2521.8170206720242,4,31.25,802,1,2,4,0,1,8
2522.830645522976,4,23.5,801,1,2,4,0,1,8
2523.8445581229753,4,23.25,802,1,3,3,0,1,8
2524.858283845999,4,63.5,802,2,2,3,0,1,8
2525.871545194008,4,50.5,801,3,0,5,0,0,8
2526.883880498004,4,29.25,802,1,1,6,0,0,8
2527.8986912610126,4,46.25,801,1,1,6,0,0,8
2528.910469327995,4,83.5,800,2,0,5,1,0,8
2529.9243379770196,4,70.5,802,0,2,4,0,2,8
2530.937439456,4,70.75,800,2,2,4,0,0,8
2531.9498590820003,4,58.5,801,1,0,7,0,0,8
2532.963363224,4,50.5,802,0,1,5,1,1,8
2533.976625334006,4,65.5,801,1,0,6,0,1,8
2534.988142227987,4,22.5,800,1,1,6,0,0,8
2536.001522088016,4,9.75,801,1,0,7,0,0,8
2537.0153846699977,4,33.75,801,1,0,7,0,0,8
2538.0292766449857,4,69.0,800,2,1,5,0,0,8
2539.042821870011,4,81.75,799,1,2,4,0,1,8
2540.0575678789755,4,6.25,798,0,0,8,0,0,8
2541.069703029003,4,75.25,797,1,0,7,0,0,8
2542.082692445023,4,48.0,797,1,0,6,1,0,8
2543.0964449099847,4,71.0,795,2,0,6,0,0,8
2544.1104052370065,4,0.0,793,2,2,3,0,1,8
2545.124066787015,4,33.5,793,0,1,7,0,0,8
2546.138265939022,4,63.75,792,1,0,7,0,0,8
2547.152874346997,4,16.25,793,2,0,5,1,0,8
2548.1663273950107,4,71.0,793,1,1,6,0,0,8
2549.1787262569997,4,36.25,792,1,2,5,0,0,8
2550.193306399975,4,71.25,793,1,2,4,1,0,8
2551.207618956978,4,47.5,793,1,2,2,3,0,8
2552.2215279819793,4,47.0,795,1,2,2,3,0,8
2553.2344283459825,4,47.0,797,1,2,2,3,0,8
2554.248220997979,4,23.25,798,1,2,0,5,0,8
2555.259716159024,4,0.0,799,1,2,0,5,0,8
2556.273763908015,4,0.0,799,1,2,0,5,0,8
2557.2872957260115,4,0.0,799,1,2,0,5,0,8
2558.301113796013,4,0.0,800,1,2,0,5,0,8
2559.3123005320085,4,0.0,801,1,2,0,5,0,8
2560.3260253799963,4,0.0,801,1,2,0,5,0,8
2561.3400688599795,4,0.0,804,1,2,0,5,0,8
2562.353973128018,4,0.0,804,1,2,0,5,0,8
2563.36786968098,4,0.0,805,1,2,0,5,0,8
2564.380400862021,4,0.0,807,1,2,0,5,0,8
2565.394475419016,4,0.0,802,5,1,2,0,0,8
2566.4084122729837,4,40.5,802,1,3,4,0,0,8
2567.4216217970243,4,68.5,803,0,1,7,0,0,8
2568.4308022090117,4,49.75,804,1,0,7,0,0,8
2569.4427766249864,4,70.25,804,3,0,4,0,1,8
2570.456347517029,4,33.5,804,0,3,5,0,0,8
2571.4702002609847,4,0.0,804,2,1,5,0,0,8
2572.481001470005,4,27.5,804,6,0,2,0,0,8
2573.4927266350132,4,55.5,811,3,2,3,0,0,8
2574.506476985989,4,48.5,812,1,2,5,0,0,8
2575.5174767089775,4,46.25,814,1,2,5,0,0,8
2576.5315619949833,4,46.5,816,1,2,5,0,0,8
2577.543849424983,4,95.25,818,1,1,5,1,0,8
2578.5594090049854,4,27.5,818,3,2,3,0,0,8
2579.5731701240293,4,73.5,819,1,1,6,0,0,8
2580.585216587002,4,16.25,818,1,2,4,0,1,8
2581.5977849310148,4,57.25,821,0,2,5,0,1,8
2582.611472795019,4,8.75,820,1,0,7,0,0,8
2583.6234379030066,4,0.0,818,2,1,5,0,0,8
2584.634862283012,4,72.0,818,0,3,4,1,0,8
2585.64839422598,4,70.0,820,0,2,4,0,2,8
2586.6625596450176,4,35.75,819,1,4,3,0,0,8
2587.673643657996,4,34.25,819,0,4,4,0,0,8
2588.687755630992,4,38.25,819,1,3,2,1,1,8
2589.70112433302,4,46.5,823,1,3,1,2,1,8
2590.7132390059996,4,23.25,821,1,4,3,0,0,8
2591.7267075619893,4,46.25,820,1,3,4,0,0,8
2592.740669305029,4,69.75,820,0,3,4,1,0,8
2593.7536145229824,4,47.75,821,0,2,4,1,1,8
2594.767529489007,4,53.0,818,4,2,1,0,1,8
2595.7812205040245,4,0.0,819,4,2,2,0,0,8
2596.79373302398,4,23.75,822,0,5,2,0,1,8
2597.8073223329848,4,25.0,822,1,3,4,0,0,8
2598.820503371011,4,0.0,824,1,1,5,1,0,8
2599.8340481600026,4,8.75,823,2,0,6,0,0,8
2600.8493644300033,4,70.75,825,1,1,6,0,0,8
2601.8630519059952,4,16.25,826,0,3,5,0,0,8
2602.877097774006,4,55.0,826,1,2,4,1,0,8
2603.891441804997,4,0.0,827,2,2,4,0,0,8
2604.9032903210027,4,47.5,828,2,2,4,0,0,8
2605.9147832830204,4,67.5,829,1,1,6,0,0,8
2606.9288733429858,4,95.0,829,1,1,6,0,0,8
2607.943165980978,4,80.75,833,0,1,4,1,1,7
2608.9565894120024,4,0.0,830,3,0,5,0,0,8
2609.968327226001,4,0.0,830,1,2,5,0,0,8
2610.981231852027,4,46.25,830,0,2,4,0,2,8
2611.9937091150205,4,46.75,828,4,1,3,0,0,8
2613.005685281998,4,23.25,828,1,4,3,0,0,8
2614.0193565340014,4,47.0,831,0,4,4,0,0,8
2615.0333402800024,4,45.75,831,0,2,6,0,0,8
2616.0453585080104,4,65.25,831,0,1,5,1,1,8
2617.0552449040115,4,44.75,830,1,1,4,0,2,8
2618.0688824190293,4,46.25,828,0,3,4,1,0,8
2619.081977376016,4,60.25,826,3,2,3,0,0,8
2620.0929600539966,4,46.0,828,0,3,5,0,0,8
2621.1046747179935,4,87.25,829,0,1,7,0,0,8
2622.117425671022,4,71.0,829,1,1,6,0,0,8
2623.131109929993,4,86.75,829,1,1,5,0,1,8
2624.145072076004,4,61.75,828,1,1,6,0,0,8
2625.15858494601,4,71.5,827,1,2,4,1,0,8
2626.1719382930314,4,46.25,826,0,1,7,0,0,8
2627.181759305997,4,47.0,827,1,1,5,1,0,8
2628.1958935689763,4,69.25,827,1,1,5,0,1,8
2629.209660756984,4,8.25,825,2,2,2,2,0,8
2630.223413682019,4,29.0,825,0,3,4,0,1,8
2631.237267342978,4,72.0,824,1,2,5,0,0,8
2632.2507194289938,4,23.5,823,2,2,4,0,0,8
2633.2647849029745,4,48.0,825,2,2,2,2,0,8
2634.278503761976,4,23.75,826,2,2,1,3,0,8
2635.2918920069933,4,0.0,827,2,2,0,4,0,8
2636.305398081022,4,0.0,827,2,2,0,4,0,8
2637.3186423259904,4,0.0,827,2,2,0,4,0,8
2638.331213982019,4,0.0,828,2,2,0,4,0,8
2639.3453607150004,4,0.0,829,2,2,0,4,0,8
2640.3547653370188,4,0.0,829,2,2,0,4,0,8
2641.3692566870013,4,0.0,829,2,2,0,4,0,8
2642.383184197999,4,0.0,829,2,2,0,4,0,8
2643.3970573699917,4,0.0,830,2,2,0,4,0,8
2644.4106276020175,4,0.0,830,2,2,0,4,0,8
2645.4242325390223,4,0.0,831,2,2,0,4,0,8
2646.438110377989,4,0.0,833,2,2,0,4,0,8
2647.4516247310094,4,0.0,833,2,2,0,4,0,8
2648.4656638629967,4,0.0,833,2,2,0,4,0,8
2649.4744356949814,4,0.0,834,2,2,0,0,4,8
2650.4904221689794,4,0.0,831,4,3,1,0,0,8
2651.503956959001,4,4.0,831,1,2,5,0,0,8
2652.515190356993,4,70.0,832,0,1,7,0,0,8
2653.5258606590214,4,0.0,831,1,0,7,0,0,8
2654.5395943130134,4,46.5,831,1,0,4,2,1,8
2655.5523459470132,4,24.25,829,2,1,5,0,0,8
2656.5664344120305,4,62.5,832,0,2,6,0,0,8
2657.5798229629872,4,70.75,832,2,2,3,0,1,8
2658.5934104640037,4,53.0,832,2,1,3,1,1,8
2659.6065356209874,4,31.0,830,2,1,4,1,0,8
2660.6205487300176,4,23.75,828,3,2,3,0,0,8
2661.634083685989,4,21.0,828,3,0,5,0,0,8
2662.6478439830244,4,53.5,827,2,2,4,0,0,8
2663.6617305810214,4,1.75,828,1,1,6,0,0,8
2664.6735878559994,4,70.75,828,1,1,5,0,1,8
2665.6869641679805,4,11.25,827,1,1,5,1,0,8
2666.6998225200223,4,0.0,826,1,2,4,0,1,8
2667.71627823601,4,52.5,825,2,3,2,1,0,8
2668.729890535993,4,24.0,826,1,4,2,1,0,8
2669.7434952220065,4,4.5,826,3,2,3,0,0,8
2670.757388191996,4,65.0,826,1,1,6,0,0,8
2671.7709774830146,4,46.5,827,1,2,4,0,1,8
2672.784839787986,4,25.0,828,1,2,5,0,0,8
2673.796959800995,4,62.0,827,1,2,5,0,0,8
2674.809154550021,4,21.25,826,2,0,5,0,1,8
2675.8224228030303,4,69.75,824,2,2,3,0,1,8
2676.8348633740097,4,26.0,823,2,2,4,0,0,8
2677.8475023240317,4,1.5,822,2,2,4,0,0,8
2678.858048686001,4,51.25,825,2,3,3,0,0,8
2679.8726124400273,4,67.0,827,2,0,4,2,0,8
2680.8891036019777,4,46.75,828,1,2,3,0,2,8
2681.903120841016,4,47.0,826,2,3,3,0,0,8
2682.9166639739997,4,33.75,826,0,2,3,3,0,8
2683.9299726519966,4,31.5,826,1,2,3,0,2,8
2684.943835425016,4,47.0,829,0,3,4,1,0,8
2685.9582597700064,4,33.0,831,2,2,4,0,0,8
2686.9712121239863,4,0.0,833,1,3,4,0,0,8
2687.983218535024,4,4.25,834,3,3,2,0,0,8
2688.996691732027,4,45.75,838,1,3,2,2,0,8
2690.010378548992,4,46.75,840,0,2,3,1,2,8
2691.0244800120126,4,69.75,843,2,2,2,0,2,8
2692.034582422988,4,48.25,843,1,3,4,0,0,8
2693.048468085006,4,51.75,846,3,3,2,0,0,8
2694.061480280012,4,0.0,847,0,4,4,0,0,8
2695.075510666007,4,71.5,850,2,3,3,0,0,8
2696.089683810016,4,1.25,852,1,5,2,0,0,8
2697.0972869760008,4,46.25,853,0,5,3,0,0,8
2698.1118646580144,4,4.25,855,1,3,4,0,0,8
2699.125572512974,4,32.75,853,1,3,3,1,0,8
2700.1384863780113,4,33.25,852,2,2,3,0,1,8
2701.1514400310116,4,48.5,851,2,2,4,0,0,8
2702.1644838619977,4,24.75,851,1,3,4,0,0,8
2703.178590035008,4,46.0,852,0,3,4,0,1,8
2704.1930850379867,4,38.5,850,2,1,5,0,0,8
2705.206974343979,4,66.0,850,0,2,6,0,0,8
2706.220728294982,4,43.75,848,2,0,5,1,0,8
2707.234782671032,4,46.5,849,1,1,2,3,1,8
2708.2481922329753,4,27.25,847,3,1,4,0,0,8
2709.2623295800295,4,63.25,847,0,2,6,0,0,8
2710.2825805940083,4,70.5,849,0,0,8,0,0,8
2711.2964751030086,4,94.25,849,0,0,7,1,0,8
2712.3102219739812,4,46.0,847,3,0,5,0,0,8
2713.3241682160296,4,23.25,846,1,4,3,0,0,8
2714.337676429015,4,47.25,845,1,3,4,0,0,8
2715.349744054023,4,93.5,845,0,1,7,0,0,8
2716.363727861026,4,23.25,845,0,2,5,1,0,8
2717.375711500994,4,47.0,845,0,3,5,0,0,8
2718.3879732170026,4,82.0,845,0,2,3,3,0,8
2719.3996075810282,4,47.0,846,0,2,2,4,0,8
2720.413197209011,4,23.0,847,0,2,1,5,0,8
2721.426935099007,4,0.25,847,0,2,0,6,0,8
2722.440706464986,4,0.0,848,0,2,0,6,0,8
2723.4546883989824,4,0.0,850,0,2,0,6,0,8
2724.4686486279825,4,0.0,850,0,2,0,6,0,8
2725.4825674479944,4,0.0,850,0,2,0,6,0,8
2726.496276654012,4,0.0,850,0,2,0,6,0,8
2727.509930738015,4,0.0,850,0,2,0,6,0,8
2728.5235854869825,4,0.0,850,0,2,0,6,0,8
2729.5373981259763,4,0.0,850,0,2,0,6,0,8
2730.551092359994,4,0.0,852,0,2,0,6,0,8
2731.565234342008,4,0.0,855,0,2,0,6,0,8
2732.5787137969746,4,0.0,855,0,2,0,6,0,8
2733.5923613759805,4,0.0,856,0,2,0,6,0,8
2734.6058263640152,4,0.0,856,0,2,0,6,0,8
2735.6200453980127,4,0.0,856,0,2,0,6,0,8
2736.634059110016,4,0.0,856,0,2,0,6,0,8
2737.6484197099926,4,0.0,852,5,2,0,0,1,8
2738.661441546981,4,0.0,852,5,3,0,0,0,8
2739.6752389629837,4,0.0,852,2,4,2,0,0,8
2740.6887102039764,4,60.0,854,1,3,4,0,0,8
2741.702522389998,4,71.0,855,2,2,4,0,0,8
2742.716453167028,4,70.75,855,2,1,5,0,0,8
2743.7301343479776,4,72.25,854,2,1,5,0,0,8
2744.7441028699977,4,69.75,854,1,2,5,0,0,8
2745.753604419995,4,87.5,852,2,2,4,0,0,8
2746.766111519013,4,50.0,850,2,2,3,1,0,8
2747.779970466974,4,32.5,849,2,2,4,0,0,8
2748.7930816430016,4,66.25,849,2,2,4,0,0,8
2749.8070697489893,4,69.75,850,1,2,5,0,0,8
2750.8205594940227,4,44.0,849,3,2,2,0,1,8
2751.8345241129864,4,17.5,847,2,2,4,0,0,8
2752.8483981299796,4,13.0,849,1,2,4,1,0,8
2753.8576201979886,4,28.75,850,2,1,4,1,0,8
2754.8706260710023,4,68.75,851,0,3,3,0,2,8
2755.8827216060017,4,37.25,847,4,2,2,0,0,8
2756.8947961480008,4,36.5,847,3,1,3,0,1,8
2757.9087541420013,4,40.25,848,2,2,3,0,1,8
2758.9203523009783,4,44.5,850,1,3,4,0,0,8
2759.932728411979,4,46.5,849,1,2,5,0,0,8
2760.9466522859875,4,91.75,851,0,1,4,3,0,8
2761.960553379031,4,47.0,848,3,1,3,0,1,8
2762.972504104022,4,22.75,845,4,3,1,0,0,8
2763.989110142982,4,0.0,844,3,4,1,0,0,8
2765.0029042660026,4,0.0,844,0,4,4,0,0,8
2766.0141273550107,4,28.0,841,4,1,2,0,1,8
2767.0261961739743,4,26.0,840,3,3,2,0,0,8
2768.040385645989,4,38.0,841,1,3,3,0,1,8
2769.0538553629885,4,12.25,841,2,0,6,0,0,8
2770.066472497012,4,43.5,841,0,1,7,0,0,8
2771.0794969960116,4,70.75,839,2,0,6,0,0,8
2772.0931260880316,4,0.0,839,2,0,3,3,0,8
2773.106901813997,4,48.5,839,2,2,2,0,2,8
2774.120889123995,4,23.0,837,1,3,4,0,0,8
2775.135373158031,4,25.0,836,1,2,5,0,0,8
2776.1491020440008,4,71.0,837,1,2,3,0,2,8
2777.160284099984,4,8.25,836,1,3,4,0,0,8
2778.1738456650055,4,46.75,834,2,1,5,0,0,8
2779.186055807979,4,0.0,835,0,1,7,0,0,8
2780.1985912619857,4,23.25,833,2,0,6,0,0,8
2781.2105736149824,4,73.25,833,1,1,5,0,1,8
2782.2238678319845,4,47.0,834,0,3,5,0,0,8
2783.235370645998,4,64.25,835,0,0,7,0,1,8
2784.2493473400245,4,71.25,836,1,0,6,1,0,8
2785.262883102987,4,69.75,833,2,2,4,0,0,8
2786.2777487720014,4,46.5,834,1,2,5,0,0,8
2787.2912242930033,4,46.5,833,0,2,6,0,0,8
2788.298933796992,4,79.0,836,0,0,8,0,0,8
2789.310461879999,4,21.25,837,1,0,7,0,0,8
2790.3239993149764,4,93.0,838,1,0,6,0,1,8
2791.3379001860158,4,63.0,834,4,1,2,1,0,8
2792.3483432820067,4,23.25,833,3,3,1,0,1,8
2793.362504034012,4,18.25,835,2,1,5,0,0,8
2794.377407538006,4,96.0,838,0,2,4,2,0,8
2795.3910408270312,4,3.5,836,3,1,4,0,0,8
2796.4033477950143,4,68.25,838,1,2,5,0,0,8
2797.414522923995,4,51.0,839,1,1,4,1,1,8
2798.424099576019,4,68.0,840,1,3,4,0,0,8
2799.436239768984,4,94.25,838,2,2,4,0,0,8
2800.4501089359983,4,52.0,837,3,2,3,0,0,8
2801.462397316005,4,46.25,837,2,2,3,0,1,8
2802.4773488640203,4,26.75,837,3,2,3,0,0,8
2803.4917359279934,4,72.5,839,1,3,3,1,0,8
2804.5061245880206,4,23.25,839,3,3,2,0,0,8
2805.5200819859747,4,23.5,840,1,3,3,1,0,8
2806.533194402,4,20.75,841,1,3,0,4,0,8
2807.546783738013,4,0.0,844,1,3,0,4,0,8
2808.5608045170084,4,0.0,845,1,3,0,4,0,8
2809.572883707995,4,0.0,846,1,3,0,4,0,8
2810.5868059929926,4,0.0,848,1,3,0,4,0,8
2811.600479784014,4,0.0,850,1,3,0,4,0,8
2812.614417749981,4,0.0,850,1,3,0,4,0,8
2813.6280364450067,4,0.0,852,1,3,0,4,0,8
2814.6417808689876,4,0.0,852,1,3,0,4,0,8
2815.654901807022,4,0.0,853,1,3,0,4,0,8
2816.668747276999,4,0.0,855,1,3,0,4,0,8
2817.680545651994,4,0.0,856,1,3,0,4,0,8
2818.694125700975,4,0.0,858,1,3,0,4,0,8
2819.707891269005,4,0.0,858,1,3,0,4,0,8
2820.721411073988,4,0.0,858,1,3,0,4,0,8
2821.7352797060157,4,0.0,858,1,3,0,4,0,8
2822.7487634739955,4,0.0,858,1,3,0,4,0,8
2823.762651877012,4,0.0,858,1,3,0,4,0,8
2824.7764098930056,4,0.0,858,0,4,0,3,1,8
2825.7882700469927,4,25.0,855,3,2,2,0,1,8
2826.801088422013,4,0.0,854,2,2,4,0,0,8
2827.815124678018,4,60.75,855,0,3,5,0,0,8
2828.8272307370207,4,94.75,855,1,2,5,0,0,8
2829.8384581400314,4,25.75,855,2,0,6,0,0,8
2830.852164742013,4,94.5,855,2,0,6,0,0,8
2831.8651767179836,4,40.5,855,0,2,5,1,0,8
2832.8785987049923,4,67.5,854,1,0,7,0,0,8
2833.892491900013,4,68.25,853,1,1,6,0,0,8
2834.9060860439786,4,47.25,852,4,1,2,1,0,8
2835.920411435014,4,44.75,853,2,3,3,0,0,8
2836.932936554018,4,46.75,851,1,4,3,0,0,8
2837.9450578530086,4,48.75,852,0,4,3,1,0,8
2838.9591400800273,4,47.5,851,1,3,4,0,0,8
2839.9752528360114,4,29.25,851,0,3,3,0,2,8
2840.988561615988,4,22.5,851,2,2,3,0,1,8
2842.0025615540217,4,42.0,852,0,4,3,0,1,8
2843.0170802960056,4,23.75,853,1,3,4,0,0,8
2844.030525374983,4,47.25,852,1,3,3,1,0,8
2845.045017128985,4,15.5,851,3,2,3,0,0,8
2846.0591845799936,4,1.75,850,2,1,5,0,0,8
2847.0728886210127,4,22.0,848,1,3,4,0,0,8
2848.0875728459796,4,35.5,849,0,2,6,0,0,8
2849.1013020650134,4,79.75,849,0,2,6,0,0,8
2850.1138605130254,4,48.25,850,0,1,6,0,1,8
2851.1278368310304,4,41.5,847,3,1,4,0,0,8
2852.141637386987,4,63.25,848,1,3,4,0,0,8
2853.1557532629813,4,48.25,848,0,2,6,0,0,8
2854.1694599579787,4,71.25,847,1,0,7,0,0,8
2855.1836586240097,4,0.0,845,1,3,4,0,0,8
2856.197690801986,4,47.5,843,2,3,3,0,0,8
2857.212075959018,4,43.75,843,0,3,5,0,0,8
2858.2228811489767,4,71.75,843,0,0,7,0,1,8
2859.2357250200002,4,71.0,842,0,0,7,1,0,8
2860.2494206840056,4,46.75,842,1,0,6,1,0,8
2861.2637897289824,4,29.5,843,1,1,6,0,0,8
2862.2782283740235,4,91.25,842,1,0,7,0,0,8
2863.2919754110044,4,45.75,842,1,1,6,0,0,8
2864.305886431015,4,68.5,841,1,1,6,0,0,8
2865.3164241620107,4,77.25,841,0,1,7,0,0,8
2866.330530164996,4,33.5,841,0,1,7,0,0,8
2867.3420246610185,4,73.25,842,0,0,8,0,0,8
2868.356036651996,4,52.0,842,0,1,7,0,0,8
2869.369378463016,4,2.0,842,3,1,4,0,0,8
2870.383179345983,4,59.75,842,0,0,8,0,0,8
2871.395862143021,4,94.5,841,1,0,6,1,0,8
2872.407283622015,4,10.75,840,1,1,6,0,0,8
2873.4207702190033,4,43.75,838,1,2,3,2,0,8
2874.43438146502,4,22.75,836,3,2,3,0,0,8
2875.448218611011,4,25.25,837,2,2,4,0,0,8
2876.4614947629743,4,0.0,837,1,3,3,0,1,8
2877.4704256160185,4,43.25,838,1,3,4,0,0,8
2878.4846227919916,4,29.75,838,1,1,6,0,0,8
2879.5001052480075,4,75.5,838,0,1,6,1,0,8
2880.513399020012,4,70.75,837,1,0,7,0,0,8
2881.527170824993,4,32.75,837,1,1,5,0,1,8
2882.538371352013,4,41.25,836,1,1,5,1,0,8
2883.552238842007,4,70.25,836,1,3,4,0,0,8
2884.5655951389926,4,69.75,836,0,3,5,0,0,8
2885.5795845119865,4,0.0,834,1,3,4,0,0,8
2886.5936315309955,4,71.0,835,0,3,4,0,1,8
2887.6062339320197,4,47.0,833,2,4,2,0,0,8
2888.620049095014,4,48.5,836,0,5,3,0,0,8
2889.631990917027,4,46.5,836,1,3,4,0,0,8
2890.6454220140004,4,1.75,835,2,1,5,0,0,8
2891.659305752022,4,73.0,836,0,0,6,1,1,8
2892.6732742890017,4,70.0,835,3,0,1,0,4,8
2893.686793986999,4,20.25,834,5,0,0,1,2,8
2894.7012631440302,4,0.0,831,0,5,3,0,0,8
2895.713410395023,4,28.5,833,0,4,4,0,0,8
2896.7269100510166,4,69.75,833,1,1,5,0,1,8
2897.739962060994,4,60.0,832,1,2,5,0,0,8
2898.753686873999,4,0.0,830,3,1,4,0,0,8
2899.766922987008,4,47.25,830,1,2,5,0,0,8
2900.7808987050084,4,70.0,829,2,3,3,0,0,8
2901.7932347789756,4,34.5,828,3,2,3,0,0,8
2902.803796946013,4,23.5,829,0,3,5,0,0,8
2903.8174152090214,4,84.75,830,1,1,6,0,0,8
2904.8309767890023,4,72.0,829,1,1,6,0,0,8
2905.84277685103,4,70.5,827,3,0,5,0,0,8
2906.8554489969974,4,48.75,827,1,2,5,0,0,8
2907.86620325502,4,70.5,827,1,2,3,2,0,8
2908.8782729529776,4,47.0,827,1,2,0,5,0,8
2909.892062385974,4,0.0,827,1,2,0,5,0,8
2910.9056897879927,4,0.0,828,1,2,0,5,0,8
2911.9195995660266,4,0.0,829,1,2,0,5,0,8
2912.9331435540225,4,0.0,829,1,2,0,5,0,8
2913.94692707801,4,0.0,830,1,2,0,5,0,8
2914.9608058750164,4,0.0,830,1,2,0,5,0,8
2915.974337093008,4,0.0,830,1,2,0,5,0,8
2916.9882627429906,4,0.0,830,1,2,0,5,0,8
2918.001879092015,4,0.0,830,1,2,0,5,0,8
2919.0081804320216,4,0.0,830,1,2,0,5,0,8
2920.022158794978,4,0.0,832,1,2,0,5,0,8
2921.036256019026,4,0.0,832,1,2,0,5,0,8
2922.050071676029,4,0.0,832,1,2,0,5,0,8
2923.0638345230254,4,0.0,833,1,2,0,5,0,8
2924.0780388269923,4,0.0,834,1,2,0,5,0,8
2925.1009356349823,4,0.0,836,0,3,0,5,0,8
2926.1145779099897,4,0.0,834,2,3,0,0,3,8
2927.128201558022,4,0.0,834,2,3,0,0,3,8
2928.1405263890047,4,0.25,832,5,2,1,0,0,8
2929.1522634740104,4,39.0,832,2,0,6,0,0,8
2930.1662726029754,4,46.5,832,0,1,7,0,0,8
2931.1785323449876,4,70.0,831,1,0,7,0,0,8
2932.1920520209824,4,28.0,830,2,0,6,0,0,8
2933.2056439979933,4,1.0,829,3,0,5,0,0,8
2934.217428262986,4,40.25,830,0,3,4,0,1,8
2935.232159829,4,0.0,830,1,2,3,0,2,8
2936.245960469998,4,0.0,828,3,1,4,0,0,8
2937.259441194008,4,22.75,827,3,1,4,0,0,8
2938.273298377986,4,0.0,829,1,2,4,1,0,8
2939.284374583978,4,93.75,829,1,1,4,1,1,8
2940.2983080139966,4,23.25,830,3,0,5,0,0,8
2941.3119518070016,4,46.5,829,0,4,4,0,0,8
2942.3255534439813,4,41.75,827,2,4,2,0,0,8
2943.3393909889855,4,91.5,827,0,2,5,1,0,8
2944.354745442979,4,29.0,825,1,2,5,0,0,8
2945.3688866419834,4,70.25,825,1,1,6,0,0,8
2946.382689264021,4,51.0,825,2,0,6,0,0,8
2947.3940911709797,4,70.0,826,1,1,6,0,0,8
2948.407619070029,4,82.75,826,3,0,5,0,0,8
2949.421393572993,4,61.0,826,1,1,6,0,0,8
2950.435322551988,4,72.0,827,1,1,6,0,0,8
2951.448873893998,4,41.0,827,0,1,4,0,2,7
2952.4629274589824,4,34.75,824,2,1,5,0,0,8
2953.477194591018,4,46.75,824,0,3,5,0,0,8
2954.486045474012,4,49.5,823,1,0,7,0,0,8
2955.4972399449907,4,70.75,824,0,1,7,0,0,8
2956.5111340390285,4,65.5,825,1,0,7,0,0,8
2957.524608890002,4,80.0,826,1,0,4,2,1,8
2958.535028329992,4,47.75,826,2,1,3,0,2,8
2959.5490227940027,4,46.75,825,4,2,2,0,0,8
2960.5629624720314,4,18.25,825,0,5,3,0,0,8
2961.5771291439887,4,79.25,825,1,2,5,0,0,8
2962.590744900983,4,28.75,825,1,0,6,0,1,8
2963.6025067180162,4,28.5,827,1,1,6,0,0,8
2964.6162529169815,4,45.5,829,1,0,7,0,0,8
2965.630062666023,4,62.75,831,2,1,5,0,0,8
2966.6438288430218,4,6.75,831,1,2,5,0,0,8
2967.6574020400294,4,26.5,833,0,4,4,0,0,8
2968.6706464309827,4,71.0,832,1,1,6,0,0,8
2969.6844887299812,4,68.25,831,1,1,5,0,1,8
2970.6985940579907,4,40.75,830,2,2,4,0,0,8
2971.7126662110095,4,61.25,829,1,3,4,0,0,8
2972.725976794027,4,65.5,831,1,2,5,0,0,8
2973.7392370720045,4,70.0,834,0,3,4,0,1,8
2974.7558805589797,4,11.25,836,1,0,7,0,0,8
2975.769462270022,4,0.0,838,2,1,5,0,0,8
2976.783276589995,4,47.5,839,0,1,7,0,0,8
2977.797440877999,4,85.25,837,2,1,5,0,0,8
2978.8108957000077,4,71.5,837,0,1,7,0,0,8
2979.8248548660195,4,95.5,834,3,1,4,0,0,8
2980.8385392519995,4,46.75,834,4,0,4,0,0,8
2981.8524988780264,4,23.25,835,1,3,4,0,0,8
2982.8672296709847,4,0.0,836,1,3,3,1,0,8
2983.880895195005,4,9.0,835,1,3,3,1,0,8
2984.8946870979853,4,24.75,835,2,2,4,0,0,8
2985.9084811360226,4,55.25,834,1,2,5,0,0,8
2986.9170760510024,4,36.0,833,1,1,4,0,2,8
2987.9309362000204,4,40.5,831,1,2,5,0,0,8
2988.9448354900233,4,39.75,832,0,2,6,0,0,8
2989.9578203979763,4,51.5,833,1,1,5,1,0,8
2990.9718909430085,4,31.5,831,2,2,4,0,0,8
2991.9856335580116,4,65.75,831,1,3,3,0,1,8
2992.9998551330063,4,12.25,829,3,3,2,0,0,8
2994.0119399169926,4,41.5,830,1,3,3,1,0,8
2995.0232373289764,4,47.0,829,2,1,5,0,0,8
2996.0367261960055,4,42.25,827,2,2,4,0,0,8
2997.050424822024,4,28.25,828,0,4,4,0,0,8
2998.063946299022,4,67.25,826,2,0,6,0,0,8
2999.0736475560116,4,84.5,825,1,2,5,0,0,8
3000.0874054229935,4,29.25,823,1,3,4,0,0,8
3001.0975847319933,4,28.25,824,0,2,6,0,0,8
3002.1117217810242,4,71.5,824,1,1,6,0,0,8
3003.123787418008,4,79.25,825,1,0,7,0,0,8
3004.1362626570044,4,70.5,826,2,1,3,2,0,8
3005.149759327993,4,71.5,826,2,1,2,3,0,8
3006.1593366059824,4,23.25,827,2,1,1,4,0,8
3007.1734476630227,4,23.5,830,2,1,1,4,0,8
3008.187205320981,4,21.25,832,2,1,0,5,0,8
3009.2006985140033,4,0.0,834,2,1,0,5,0,8
3010.2147135540145,4,0.0,835,2,1,0,5,0,8
3011.225458380999,4,0.0,835,2,1,0,5,0,8
3012.2393999790074,4,0.0,835,2,1,0,5,0,8
3013.2533319059876,4,0.0,841,2,1,0,5,0,8
3014.2673639649875,4,0.0,844,2,1,0,5,0,8
3015.2812082400196,4,0.0,844,2,1,0,5,0,8
3016.2881524349796,4,0.0,845,2,1,0,5,0,8
3017.3018197820056,4,0.0,845,2,1,0,5,0,8
3018.3157335860305,4,0.0,845,2,1,0,5,0,8
3019.3294869890087,4,0.0,845,2,1,0,5,0,8
3020.3433742860216,4,0.0,845,2,1,0,5,0,8
3021.357000874006,4,0.0,845,2,1,0,5,0,8
3022.3710980230244,4,0.0,846,2,1,0,5,0,8
3023.3852681919816,4,0.0,842,7,1,0,0,0,8
3024.397428203025,4,0.0,845,1,6,1,0,0,8
3025.4090582240024,4,38.0,845,0,4,4,0,0,8
3026.4227452530176,4,88.75,845,1,1,5,0,1,8
3027.4367811260163,4,78.5,846,1,1,3,2,1,8
3028.4475652149995,4,23.5,843,3,2,3,0,0,8
3029.4616869770107,4,25.0,845,0,4,3,1,0,8
3030.4755467579816,4,23.25,846,1,2,5,0,0,8
3031.4867084069992,4,23.75,847,0,1,7,0,0,8
3032.4989351620316,4,69.25,849,0,1,6,1,0,8
3033.5125577200088,4,72.75,852,2,0,5,0,1,8
3034.525563620031,4,0.0,852,3,1,3,0,1,8
3035.5384574030177,4,48.25,853,1,2,4,1,0,8
3036.5530368170002,4,20.25,856,2,3,3,0,0,8
3037.5623697370174,4,11.25,855,4,2,2,0,0,8
3038.5788075070013,4,47.75,856,1,2,4,0,1,8
3039.5918896810035,4,47.0,858,1,2,4,0,1,8
3040.6036115390016,4,71.75,861,2,0,6,0,0,8
3041.6117483199923,4,96.25,864,0,0,5,1,2,8
3042.6255116839893,4,40.0,866,2,0,5,0,1,8
3043.6364111150033,4,23.5,865,5,0,2,0,1,8
3044.6503027640283,4,42.5,870,3,3,2,0,0,8
3045.6619068540167,4,39.25,872,1,4,3,0,0,8
3046.6736272349954,4,51.5,872,0,3,4,0,1,8
3047.687310407986,4,70.25,873,1,1,3,0,3,8
3048.70021809201,4,14.0,871,1,3,4,0,0,8
3049.7141350620077,4,94.25,870,1,1,5,0,1,8
3050.7280041010235,4,0.0,868,2,1,5,0,0,8
3051.7416887709987,4,13.0,867,1,1,5,0,1,8
3052.7558876900002,4,22.75,866,1,2,4,1,0,8
3053.7676270380034,4,6.5,865,1,2,5,0,0,8
3054.779893015977,4,45.5,867,1,1,6,0,0,8
3055.794439528021,4,70.75,867,0,0,8,0,0,8
3056.8090294250287,4,58.25,867,2,0,3,1,2,8
3057.8220620480133,4,4.5,863,3,3,2,0,0,8
3058.8342214790173,4,9.0,865,1,4,3,0,0,8
3059.8482591569773,4,23.5,866,1,2,5,0,0,8
3060.86251044902,4,9.0,867,1,0,7,0,0,8
3061.876224695996,4,71.25,867,0,0,8,0,0,8
3062.8892322829925,4,46.5,869,0,0,6,1,1,8
3063.903063828009,4,67.25,865,4,0,4,0,0,8
3064.9166686480166,4,0.0,865,1,2,5,0,0,8
3065.9309126670123,4,48.25,867,1,0,7,0,0,8
3066.9450767980306,4,87.5,866,2,1,4,0,1,8
3067.9585788209806,4,21.75,866,2,0,5,0,1,8
3068.9724205000093,4,44.75,865,0,3,4,1,0,8
3069.9861342700315,4,66.5,864,0,2,6,0,0,8
3071.000235272979,4,48.0,864,0,2,4,0,1,7
3072.0139365450013,4,70.5,864,2,2,4,0,0,8
3073.0278683379875,4,60.5,866,2,2,3,0,1,8
3074.042124640022,4,68.5,867,2,1,3,1,0,7
3075.055941412982,4,48.25,865,0,5,3,0,0,8
3076.06977097498,4,48.25,865,0,3,4,0,1,8
3077.083578648977,4,23.25,866,1,2,5,0,0,8
3078.094559354009,4,71.0,867,2,1,4,1,0,8
3079.1082521289936,4,10.0,866,1,3,4,0,0,8
3080.1222606970114,4,0.0,867,1,1,6,0,0,8
3081.1338546299958,4,81.75,867,1,2,5,0,0,8
3082.146153890004,4,71.75,867,0,1,7,0,0,8
3083.1601413559983,4,70.5,866,1,1,5,1,0,8
3084.1745031370083,4,61.0,866,0,2,6,0,0,8
3085.1874212989933,4,24.0,865,1,1,6,0,0,8
3086.2013724159915,4,69.5,864,3,0,4,0,1,8
3087.2149187370087,4,23.5,864,3,1,4,0,0,8
3088.2266904389835,4,40.0,864,0,3,5,0,0,8
3089.2403303100145,4,71.75,864,0,1,7,0,0,8
3090.2543913529953,4,23.25,865,1,1,6,0,0,8
3091.2683272690047,4,15.75,865,0,1,7,0,0,8
3092.278973100998,4,40.75,865,1,0,7,0,0,8
3093.292544837983,4,26.75,865,1,1,6,0,0,8
3094.308847600012,4,70.25,868,0,0,8,0,0,8
3095.3211272089975,4,44.75,868,0,0,8,0,0,8
3096.3341970600304,4,95.5,869,0,0,5,3,0,8
3097.3477979769814,4,54.5,866,3,0,4,1,0,8
3098.361433839018,4,1.75,866,3,1,4,0,0,8
3099.372258644027,4,0.0,867,1,3,4,0,0,8
3100.387239616015,4,94.25,866,1,2,4,0,1,8
3101.401290062,4,70.75,863,4,2,1,0,1,8
3102.414751618984,4,19.25,864,0,5,3,0,0,8
3103.4263343639905,4,0.25,863,1,4,3,0,0,8
3104.438443098974,4,72.0,864,1,2,5,0,0,8
3105.4498417670256,4,8.5,863,1,0,6,0,1,8
3106.463579139032,4,0.0,862,2,1,4,1,0,8
3107.4775654479745,4,70.0,862,0,2,6,0,0,8
3108.4859763879795,4,92.25,864,0,1,4,3,0,8
3109.500550282013,4,12.0,861,4,0,3,0,1,8
3110.5138136250316,4,0.0,860,3,1,4,0,0,8
3111.529724763008,4,72.0,861,1,2,4,1,0,8
3112.543545080989,4,46.5,861,1,2,4,1,0,8
3113.5571787980152,4,46.75,862,1,2,1,4,0,8
3114.5710425699945,4,23.25,863,1,2,0,5,0,8
3115.5835961169796,4,0.0,864,1,2,0,5,0,8
3116.5973979430273,4,0.0,864,1,2,0,5,0,8
3117.610842766997,4,0.0,865,1,2,0,5,0,8
3118.625180853007,4,0.0,866,1,2,0,5,0,8
3119.638833330013,4,0.0,866,1,2,0,5,0,8
3120.6526958530303,4,0.0,866,1,2,0,5,0,8
3121.6656084019924,4,0.0,869,1,2,0,5,0,8
3122.6793885990046,4,0.0,873,1,2,0,5,0,8
3123.6930979830213,4,0.0,873,1,2,0,5,0,8
3124.7063370919786,4,0.0,874,1,2,0,5,0,8
3125.7202153510298,4,0.0,875,1,2,0,5,0,8
3126.733866190014,4,0.0,876,1,2,0,5,0,8
3127.747454915021,4,0.0,876,1,2,0,5,0,8
3128.760940572014,4,0.0,876,1,2,0,5,0,8
3129.772415435,4,0.0,879,1,2,0,5,0,8
3130.7858927220223,4,0.0,878,3,1,1,0,3,8
3131.7994005489745,4,0.0,879,2,1,2,0,3,8
3132.8118304649834,4,38.5,880,4,1,3,0,0,8
3133.8242442940245,4,47.25,880,0,4,3,1,0,8
3134.8356243930175,4,71.0,881,0,4,2,1,1,8
3135.8495241220226,4,0.0,883,2,3,3,0,0,8
3136.8630427839817,4,24.75,885,3,0,5,0,0,8
3137.8765981299803,4,0.0,885,1,2,5,0,0,8
3138.8900439360295,4,71.0,887,1,2,5,0,0,8
3139.9072232539766,4,70.75,888,1,2,4,0,1,8
3140.9204556809855,4,71.0,891,3,2,3,0,0,8
3141.934463852027,4,39.75,892,0,4,4,0,0,8
3142.948573037982,4,24.0,894,0,2,5,0,1,8
3143.962138812989,4,72.0,893,1,0,6,0,1,8
3144.975830714975,4,25.0,892,2,0,6,0,0,8
3145.9898651979747,4,93.5,890,3,1,4,0,0,8
3147.00348006899,4,39.0,890,2,3,3,0,0,8
3148.013916654978,4,70.5,890,0,1,6,0,1,8
3149.026032200025,4,24.25,891,1,0,7,0,0,8
3150.0396034939913,4,96.0,891,1,0,5,2,0,8
3151.053401236015,4,71.25,889,2,0,6,0,0,8
3152.0674953290145,4,52.5,888,1,1,6,0,0,8
3153.082341187983,4,2.5,888,0,0,4,3,1,8
3154.0963337970315,4,85.75,885,4,0,4,0,0,8
3155.1079480189946,4,65.0,886,0,3,4,1,0,8
3156.122388016025,4,70.5,887,0,2,3,0,3,8
3157.138840437983,4,46.5,885,3,0,5,0,0,8
3158.1499383639893,4,11.0,883,3,2,3,0,0,8
3159.1645727130235,4,0.0,883,3,2,3,0,0,8
3160.1780634250026,4,62.5,886,1,2,5,0,0,8
3161.1877632699907,4,45.75,886,1,0,5,1,1,8
3162.2013795480016,4,49.0,884,3,1,2,1,1,8
3163.215174333018,4,0.0,883,1,3,4,0,0,8
3164.2285697709885,4,70.5,883,1,3,3,1,0,8
3165.2406773209805,4,25.0,882,1,0,6,1,0,8
3166.2542911990313,4,86.0,880,2,1,5,0,0,8
3167.2663041210035,4,11.0,880,0,1,6,1,0,8
3168.280022774008,4,71.0,879,4,1,3,0,0,8
3169.294070827018,4,47.25,879,4,1,3,0,0,8
3170.307729132008,4,0.0,878,1,5,2,0,0,8
3171.319588990009,4,22.5,876,2,4,2,0,0,8
3172.333302883024,4,27.0,878,1,3,3,0,1,8
3173.347238089016,4,28.25,876,2,2,4,0,0,8
3174.3607190159964,4,42.5,877,2,2,4,0,0,8
3175.374598039023,4,19.5,879,1,2,5,0,0,8
3176.3868883249816,4,94.75,880,0,1,6,1,0,8
3177.4006978530088,4,93.75,877,2,1,4,0,1,8
3178.414446824987,4,23.25,877,2,1,2,2,1,8
3179.427896370995,4,23.75,875,2,3,2,0,1,8
3180.441721449024,4,24.0,876,2,3,2,0,1,8
3181.45401977899,4,4.25,875,1,5,2,0,0,8
3182.4662261779886,4,57.0,876,1,3,4,0,0,8
3183.4797961050062,4,29.75,877,1,2,4,1,0,8
3184.493783515005,4,46.0,876,2,2,1,2,1,8
3185.507291927992,4,3.75,874,2,3,1,0,2,8
3186.5191775570274,4,20.5,872,3,4,1,0,0,8
3187.530281225976,4,25.5,872,1,5,2,0,0,8
3188.5418954620254,4,48.0,872,0,3,4,0,1,8
3189.5544604239985,4,35.5,872,2,2,4,0,0,8
3190.567853657005,4,0.0,871,1,3,4,0,0,8
3191.581790631986,4,23.5,870,2,2,4,0,0,8
3192.5901608900167,4,29.0,869,1,4,3,0,0,8
3193.6038193639833,4,59.25,869,1,2,4,1,0,8
3194.617821099004,4,71.75,869,3,1,4,0,0,8
3195.6315149820293,4,23.25,869,1,3,3,1,0,8
3196.6450982529786,4,4.0,872,0,3,4,0,1,8
3197.6584970380063,4,1.0,870,0,2,6,0,0,8
3198.6686847039964,4,71.0,868,2,2,3,0,1,8
3199.680560084991,4,69.75,867,1,3,4,0,0,8
3200.694601123978,4,49.75,868,0,2,6,0,0,8
3201.706102117023,4,3.0,867,1,1,5,0,1,8
3202.7197755309753,4,95.0,866,4,0,4,0,0,8
3203.732145025977,4,46.5,866,0,2,4,0,2,8
3204.7463846650207,4,34.25,865,2,1,5,0,0,8
3205.7599024120136,4,45.5,866,0,2,6,0,0,8
3206.7715043040225,4,71.0,867,0,0,8,0,0,8
3207.784471185005,4,71.5,868,0,0,6,2,0,8
3208.7986886019935,4,79.25,865,3,0,5,0,0,8
3209.81255923101,4,93.0,867,3,0,2,3,0,8
3210.8265858489904,4,23.25,867,3,0,1,4,0,8
3211.8374115789775,4,23.25,867,3,0,1,4,0,8
3212.851600827009,4,23.0,868,3,0,0,5,0,8
3213.8651761839865,4,0.0,868,3,0,0,5,0,8
3214.8789599530282,4,0.0,869,3,0,0,5,0,8
3215.892728418985,4,0.0,869,3,0,0,5,0,8
3216.905941707024,4,0.0,869,3,0,0,5,0,8
3217.91994057002,4,0.0,870,3,0,0,5,0,8
3218.933642840013,4,0.0,871,3,0,0,5,0,8
3219.947692900023,4,0.0,872,3,0,0,5,0,8
3220.961145445006,4,0.0,872,3,0,0,5,0,8
3221.9743875400163,4,0.0,872,3,0,0,5,0,8
3222.9881750349887,4,0.0,873,3,0,0,5,0,8
3224.0016875949805,4,0.0,874,3,0,0,5,0,8
3225.0160928760306,4,0.0,874,3,0,0,5,0,8
3226.024541857012,4,0.0,876,3,0,0,5,0,8
3227.03825799498,4,0.0,877,3,0,0,5,0,8
3228.053504773008,4,0.0,877,3,0,0,5,0,8
3229.0675421539927,4,0.0,877,3,0,0,5,0,8
3230.0804791270057,4,0.0,877,3,0,0,5,0,8
3231.0946289160056,4,0.0,872,8,0,0,0,0,8
3232.108648644993,4,0.0,873,1,3,4,0,0,8
3233.121791172016,4,72.5,874,0,3,5,0,0,8
3234.1359178679995,4,23.25,874,0,2,6,0,0,8
3235.149554422009,4,88.5,873,1,0,7,0,0,8
3236.1633334080107,4,51.0,874,1,0,5,2,0,8
3237.1770232290146,4,57.25,874,2,2,4,0,0,8
3238.189111354004,4,40.75,873,3,2,3,0,0,8
3239.2036060030223,4,48.0,873,1,1,6,0,0,8
3240.214461166004,4,75.0,875,0,2,6,0,0,8
3241.2271638939856,4,24.25,874,1,0,7,0,0,8
3242.2418663270073,4,67.25,872,3,0,5,0,0,8
3243.2550028010155,4,56.0,874,1,2,5,0,0,8
3244.270063849981,4,72.75,874,1,2,3,0,2,8
3245.2802865930134,4,20.75,872,0,3,4,0,1,8
3246.291942044976,4,1.5,870,2,3,3,0,0,8
3247.3059170260094,4,53.25,870,0,4,4,0,0,8
3248.3194523390266,4,71.0,870,0,1,6,0,1,8
3249.333396998991,4,92.75,869,1,0,6,1,0,8
3250.346916458977,4,71.25,868,3,0,4,1,0,8
3251.361031487002,4,46.25,866,2,3,3,0,0,8
3252.374898998998,4,54.75,865,1,2,4,0,1,8
3253.386035832984,4,48.75,863,3,1,3,0,1,8
3254.39961870102,4,46.5,862,2,2,4,0,0,8
3255.413407525979,4,46.5,862,0,3,5,0,0,8
3256.427828088985,4,57.25,862,1,1,6,0,0,8
3257.4402544689947,4,26.75,860,1,3,4,0,0,8
3258.452682427014,4,46.75,860,1,1,5,0,1,8
3259.466511065024,4,0.75,859,1,3,3,1,0,8
3260.477828965988,4,4.5,858,1,2,5,0,0,8
3261.4908431689837,4,0.0,856,2,2,4,0,0,8
3262.5044663670124,4,50.75,857,2,1,5,0,0,8
3263.517091804999,4,69.75,856,2,1,5,0,0,8
3264.530860144994,4,23.0,854,2,1,4,0,1,8
3265.5419621110195,4,70.0,853,2,2,4,0,0,8
3266.555408656015,4,47.25,852,1,2,5,0,0,8
3267.5686501719756,4,26.75,851,1,3,4,0,0,8
3268.580377692997,4,68.25,852,0,1,7,0,0,8
3269.594191719021,4,47.0,853,1,0,7,0,0,8
3270.6072474620305,4,61.75,853,0,1,7,0,0,8
3271.6206500799744,4,23.25,852,1,0,7,0,0,8
3272.634557112993,4,69.0,852,1,0,7,0,0,8
3273.6480900140014,4,69.75,849,3,0,5,0,0,8
3274.6619503520196,4,60.75,850,1,2,5,0,0,8
3275.6758357760264,4,70.75,850,0,2,5,1,0,8
3276.689780257002,4,40.25,848,1,2,5,0,0,8
3277.7040705750114,4,67.25,848,2,1,5,0,0,8
3278.7174754220177,4,71.75,849,1,2,5,0,0,8
3279.7315800209763,4,42.75,848,1,2,4,0,1,8
3280.742871978029,4,73.25,847,2,2,3,0,1,8
3281.757009270019,4,95.25,847,1,2,4,0,1,8
3282.7704401229857,4,70.25,846,1,3,2,0,2,8
3283.7843958199956,4,60.75,846,2,2,4,0,0,8
3284.7967784160282,4,62.5,847,1,2,5,0,0,8
3285.8107619939838,4,69.5,846,1,0,6,1,0,8
3286.8245626150165,4,69.5,845,0,2,5,0,1,8
3287.838570006017,4,0.0,844,0,1,7,0,0,8
3288.852688311017,4,57.75,844,1,1,5,0,1,8
3289.8662818410085,4,0.0,842,2,1,5,0,0,8
3290.879921591026,4,70.25,842,1,1,6,0,0,8
3291.8934331610217,4,73.0,842,1,0,6,1,0,8
3292.906635701016,4,0.0,844,1,0,5,0,2,8
3293.9201914449804,4,0.0,842,2,0,6,0,0,8
3294.9336166320136,4,29.75,842,2,2,3,0,1,8
3295.947834155988,4,4.25,841,3,0,4,0,1,8
3296.95738195203,4,51.25,840,2,2,3,1,0,8
3297.971440308029,4,45.25,840,2,2,3,1,0,8
3298.985051400028,4,0.5,839,4,1,2,1,0,8
3299.998915133998,4,9.5,838,2,1,5,0,0,8
3301.012706675974,4,58.0,838,2,1,4,0,1,8
3302.020228087029,4,8.25,837,0,3,4,0,1,8
3303.034331090981,4,36.0,836,1,1,5,0,1,8
3304.0476704610046,4,36.0,836,2,1,5,0,0,8
3305.0615442499984,4,86.5,836,1,2,5,0,0,8
3306.0753123079776,4,94.75,835,1,2,5,0,0,8
3307.0891017559916,4,47.75,834,0,2,6,0,0,8
3308.1002585919923,4,73.25,834,0,0,7,0,1,8
3309.1148771920125,4,95.25,833,1,0,6,0,1,8
3310.129349875031,4,5.5,831,1,2,4,1,0,8
3311.143014087982,4,23.0,831,1,1,4,0,2,8
3312.1572791410144,4,47.25,829,3,1,4,0,0,8
3313.1709175379947,4,0.0,828,1,4,3,0,0,8
3314.184596211009,4,0.0,827,1,3,4,0,0,8
3315.198251971975,4,71.0,828,1,2,4,1,0,8
3316.2122958279797,4,24.75,829,1,3,3,0,1,8
3317.2261183470255,4,49.0,828,2,1,5,0,0,8
3318.2377287540003,4,23.5,828,0,0,8,0,0,8
3319.251891811029,4,93.5,828,0,0,7,1,0,8
3320.2625898590195,4,28.0,827,1,0,6,0,1,8
3321.2766642710194,4,23.0,824,2,2,4,0,0,8
3322.289807981986,4,34.25,823,1,2,4,0,0,7
3323.30357290298,4,51.5,823,2,2,4,0,0,8
3324.317198453995,4,69.75,823,2,1,4,0,1,8
3325.346579878009,4,0.0,824,2,2,4,0,0,8
3326.3600969280233,4,70.0,825,0,3,3,2,0,8
3327.371977512026,4,69.75,826,0,3,3,2,0,8
3328.38450659503,4,70.5,826,0,3,3,2,0,8
3329.3940165209933,4,70.0,829,0,3,3,2,0,8
3330.4074987990316,4,24.0,829,0,3,0,5,0,8
3331.421394430974,4,0.0,829,0,3,0,5,0,8
3332.4306089170277,4,0.0,831,0,3,0,5,0,8
3333.444472206,4,0.0,831,0,3,0,5,0,8
3334.458128630009,4,0.0,833,0,3,0,5,0,8
3335.4720802549855,4,0.0,834,0,3,0,5,0,8
3336.4858025260037,4,0.0,834,0,3,0,5,0,8
3337.498733296001,4,0.0,835,0,3,0,5,0,8
3338.51236891601,4,0.0,836,0,3,0,5,0,8
3339.526122080977,4,0.0,837,0,3,0,5,0,8
3340.539709320001,4,0.0,837,0,3,0,5,0,8
3341.5531924800016,4,0.0,839,0,3,0,5,0,8
3342.567121562024,4,0.0,839,0,3,0,5,0,8
3343.5806679030065,4,0.0,841,0,3,0,5,0,8
3344.5894154789858,4,0.0,842,0,3,0,5,0,8
3345.602853570017,4,0.0,842,0,3,0,5,0,8
3346.616505449987,4,0.0,843,0,3,0,5,0,8
3347.630326664017,4,0.0,842,2,3,0,0,3,8
3348.6451328449766,4,0.75,842,2,3,0,0,3,8
3349.658457803016,4,0.0,842,2,2,1,0,1,6
3350.6701322360313,4,0.0,839,4,3,0,1,0,8
3351.683647705009,4,0.0,840,0,7,0,0,1,8
3352.6975158620044,4,50.0,839,1,5,1,0,1,8
3353.7114559159963,4,0.0,840,1,4,2,0,1,8
3354.725394139008,4,8.0,839,2,3,3,0,0,8
3355.7391556550283,4,1.75,838,3,2,3,0,0,8
3356.7513319069985,4,26.0,839,0,1,6,1,0,8
3357.765108441992,4,70.75,839,0,1,4,2,1,8
3358.778303397994,4,21.75,835,1,3,3,0,1,8
3359.792517060996,4,23.25,836,1,3,3,1,0,8
3360.8046984240063,4,0.0,834,3,3,2,0,0,8
3361.817787368025,4,0.0,834,1,4,3,0,0,8
3362.8293397229863,4,49.0,834,0,3,4,0,1,8
3363.8434956719866,4,25.75,832,2,2,4,0,0,8
3364.8552196529927,4,45.0,831,3,0,5,0,0,8
3365.8689095160225,4,51.0,833,0,2,6,0,0,8
3366.882834388991,4,70.5,833,0,1,7,0,0,8
3367.8950379160233,4,69.0,833,0,1,5,2,0,8
3368.9088460560306,4,46.25,831,2,1,5,0,0,8
3369.9209770460147,4,70.0,831,0,2,6,0,0,8
3370.9346215680125,4,64.0,832,0,0,8,0,0,8
3371.9483905120287,4,71.0,833,1,0,7,0,0,8
3372.9623829859775,4,17.5,832,1,1,6,0,0,8
3373.975992303982,4,38.0,831,2,1,5,0,0,8
3374.9898638069862,4,57.0,830,2,2,4,0,0,8
3376.0007776850252,4,47.0,830,0,1,7,0,0,8
3377.0146533970255,4,94.25,828,1,1,6,0,0,8
3378.0262278059963,4,14.25,828,1,1,5,0,1,8
3379.0401206340175,4,23.75,827,1,1,6,0,0,8
3380.051045329019,4,59.25,827,1,1,6,0,0,8
3381.064288806985,4,70.75,826,0,2,6,0,0,8
3382.074325916008,4,46.75,828,0,2,5,1,0,8
3383.0862601280096,4,69.0,826,2,1,5,0,0,8
3384.1002212520107,4,56.25,825,2,2,3,0,1,8
3385.1153123250115,4,0.0,824,3,2,2,0,1,8
3386.127931445022,4,47.0,825,4,2,2,0,0,8
3387.1383853420266,4,38.75,824,1,3,4,0,0,8
3388.152468831977,4,32.5,823,1,2,5,0,0,8
3389.1650829199934,4,43.0,824,0,0,8,0,0,8
3390.177489258989,4,95.0,825,0,0,8,0,0,8
3391.1918261930114,4,32.75,824,2,0,6,0,0,8
3392.2046115120174,4,23.25,824,1,1,6,0,0,8
3393.2182326019974,4,39.25,822,3,0,5,0,0,8
3394.233654448006,4,8.5,822,2,1,5,0,0,8
3395.2475375659997,4,43.0,821,0,2,6,0,0,8
3396.262608745019,4,64.5,821,0,0,7,1,0,8
3397.274655090994,4,84.5,820,0,0,8,0,0,8
3398.286748186976,4,42.25,819,1,0,7,0,0,8
3399.297999710019,4,0.0,818,1,2,4,1,0,8
3400.310671226005,4,19.25,818,1,1,6,0,0,8
3401.324352111027,4,19.5,817,2,1,5,0,0,8
3402.3384672030224,4,69.25,817,1,1,6,0,0,8
3403.3519651470124,4,75.0,818,1,0,7,0,0,8
3404.3649215450278,4,69.75,819,1,0,4,1,2,8
3405.3784748599865,4,72.5,816,1,2,4,0,1,8
3406.392191305,4,46.75,815,1,1,5,1,0,8
3407.4058057260117,4,70.75,815,1,2,5,0,0,8
3408.4193170929793,4,3.75,815,3,1,4,0,0,8
3409.4334754290176,4,55.0,815,1,3,4,0,0,8
3410.444996837992,4,18.5,814,0,4,4,0,0,8
3411.4591636050027,4,55.25,814,0,1,7,0,0,8
3412.472556498018,4,42.25,814,0,1,5,2,0,8
3413.486268937995,4,70.5,812,0,1,7,0,0,8
3414.499949676974,4,93.75,813,0,0,8,0,0,8
3415.5138036970166,4,24.25,812,2,0,5,0,1,8
3416.527515667025,4,66.25,810,1,3,3,0,1,8
3417.541432145983,4,47.5,810,1,3,3,0,1,8
3418.5509130770224,4,78.0,809,2,1,5,0,0,8
3419.5650556639885,4,49.0,808,1,2,5,0,0,8
3420.578672257019,4,51.75,808,0,1,7,0,0,8
3421.5940575710265,4,46.5,808,0,1,7,0,0,8
3422.6076877629966,4,61.5,808,1,0,5,1,1,8
3423.621236459003,4,95.5,807,1,1,5,0,1,8
3424.6350854230113,4,47.25,807,2,2,4,0,0,8
3425.648368484981,4,65.75,807,1,1,6,0,0,8
3426.6622262619785,4,89.5,807,1,0,7,0,0,8
3427.6756603199756,4,74.25,807,0,1,5,2,0,8
3428.689585832006,4,36.5,805,1,0,7,0,0,8
3429.6988644970115,4,77.0,805,0,1,7,0,0,8
3430.7126986259827,4,66.5,804,1,0,7,0,0,8
3431.726454760006,4,70.25,803,2,1,5,0,0,8
3432.7404226749786,4,69.25,801,2,2,4,0,0,8
3433.7527811379987,4,35.75,802,0,2,6,0,0,8
3434.766914007021,4,85.25,802,0,0,8,0,0,8
3435.780367158004,4,65.75,802,0,0,7,0,1,8
3436.7943433820037,4,27.0,802,2,0,6,0,0,8
3437.8103291490115,4,47.0,802,0,2,6,0,0,8
3438.8212543349946,4,49.0,801,2,0,5,1,0,8
3439.833109489002,4,23.5,802,0,3,5,0,0,8
3440.84730712499,4,11.75,802,1,2,5,0,0,8
3441.860852429003,4,23.25,802,1,0,6,1,0,8
3442.87439587299,4,43.75,800,2,0,6,0,0,8
3443.8844403980183,4,90.75,800,2,0,4,2,0,8
3444.898265397991,4,47.0,800,2,0,1,5,0,8
3445.911853334983,4,23.5,800,2,0,1,5,0,8
3446.92478109902,4,23.25,800,2,0,0,6,0,8
3447.9384847339825,4,0.0,801,2,0,0,6,0,8
3448.9513064969797,4,0.0,803,2,0,0,6,0,8
3449.9657711469918,4,0.0,803,2,0,0,6,0,8
3450.979511587997,4,0.0,804,2,0,0,6,0,8
3452.005036683986,4,0.0,804,2,0,0,6,0,8
3453.0173053590115,4,0.0,806,2,0,0,6,0,8
3454.031357473985,4,0.0,806,2,0,0,6,0,8
3455.044794872985,4,0.0,806,2,0,0,6,0,8
3456.0588567709783,4,0.0,807,2,0,0,6,0,8
3457.0726249170257,4,0.0,807,2,0,0,6,0,8
3458.0865022700164,4,0.0,809,2,0,0,6,0,8
3459.100241936976,4,0.0,809,2,0,0,6,0,8
3460.113972539024,4,0.0,809,2,0,0,6,0,8
3461.1276556539815,4,0.0,810,2,0,0,6,0,8
3462.1412804420106,4,0.0,812,2,0,0,6,0,8
3463.1548108580173,4,0.0,812,2,0,0,6,0,8
3464.1686062390218,4,0.0,812,2,0,0,6,0,8
3465.182582359994,4,0.0,807,8,0,0,0,0,8
3466.196461650019,4,1.0,808,2,4,2,0,0,8
3467.210213322018,4,72.0,808,0,0,8,0,0,8
3468.223748258024,4,70.0,810,0,0,8,0,0,8
3469.2358495559893,4,23.75,810,0,0,8,0,0,8
3470.2485617389902,4,70.25,809,1,0,7,0,0,8
3471.259446854994,4,0.0,808,2,0,6,0,0,8
3472.2717971170205,4,0.0,809,1,1,6,0,0,8
3473.2857357899775,4,23.5,809,2,2,4,0,0,8
3474.297094248992,4,53.0,809,2,0,6,0,0,8
3475.3088768299785,4,71.5,810,1,1,6,0,0,8
3476.3225706469966,4,70.75,809,1,2,5,0,0,8
3477.33243209403,4,66.25,809,1,1,6,0,0,8
3478.3466836760053,4,0.0,807,3,1,4,0,0,8
3479.3585522900103,4,71.5,809,0,2,6,0,0,8
3480.371920345002,4,4.0,808,0,2,6,0,0,8
3481.3844972850056,4,20.75,809,1,1,6,0,0,8
3482.398258770001,4,80.5,809,0,1,6,1,0,8
3483.414451460005,4,90.25,809,0,1,7,0,0,8
3484.4224626760115,4,0.25,808,1,1,6,0,0,8
3485.43593206699,4,47.0,807,1,0,7,0,0,8
3486.4480838099844,4,71.5,806,2,0,6,0,0,8
3487.4616106980247,4,70.0,805,2,1,5,0,0,8
3488.4734867290244,4,53.5,806,0,2,5,1,0,8
3489.487482558994,4,0.0,805,2,2,4,0,0,8
3490.4999903389835,4,47.25,802,3,1,3,0,1,8
3491.512581743009,4,23.5,802,2,3,3,0,0,8
3492.526689559978,4,71.5,803,3,2,3,0,0,8
3493.5423595299944,4,49.5,803,0,2,4,1,1,8
3494.5560698449844,4,48.0,801,2,2,3,1,0,8
3495.5643350330065,4,12.75,800,2,1,5,0,0,8
3496.5809212769964,4,55.0,799,2,2,4,0,0,8
3497.590925044031,4,34.0,800,0,2,6,0,0,8
3498.6061135400087,4,56.0,799,1,1,5,0,1,8
3499.619806259987,4,23.5,799,2,2,4,0,0,8
3500.6338944350136,4,51.75,799,0,2,6,0,0,8
3501.6475600150297,4,94.75,798,1,1,6,0,0,8
3502.66106449801,4,76.5,796,2,1,4,1,0,8
3503.672922682017,4,47.25,795,2,2,4,0,0,8
3504.6877265209914,4,47.75,794,1,3,4,0,0,8
3505.6971120599774,4,45.75,792,2,2,4,0,0,8
3506.7084898260073,4,43.75,791,2,1,4,1,0,8
3507.7237256160006,4,0.0,790,3,2,3,0,0,8
3508.737741924997,4,70.75,789,1,2,4,1,0,8
3509.7499560079887,4,46.75,787,0,6,2,0,0,8
3510.760049827979,4,72.5,788,0,3,3,1,1,8
3511.7730580809875,4,0.0,788,2,2,4,0,0,8
3512.784994927002,4,50.25,789,0,2,5,1,0,8
3513.798875354987,4,9.0,787,1,2,5,0,0,8
3514.8111526009743,4,85.5,786,2,0,6,0,0,8
3515.8246983049903,4,3.0,785,0,2,6,0,0,8
3516.8387690560194,4,93.25,784,1,0,6,0,1,8
3517.8491611750214,4,71.75,783,1,0,7,0,0,8
3518.859855616989,4,70.25,782,1,1,6,0,0,8
3519.873860916996,4,70.0,784,0,1,6,1,0,8
3520.8873655889765,4,37.75,783,1,1,6,0,0,8
3521.899583862978,4,16.5,781,2,0,6,0,0,8
3522.9119497549837,4,0.0,781,0,1,7,0,0,8
3523.92390808498,4,55.5,782,0,0,7,0,1,8
3524.9342373170075,4,5.25,781,1,0,7,0,0,8
3525.9452278059907,4,64.0,781,1,1,5,0,1,8
3526.9603653230006,4,8.75,783,2,1,5,0,0,8
3527.9715524960193,4,71.25,783,3,1,4,0,0,8
3528.9827067750157,4,44.5,783,1,1,5,0,1,8
3529.996404714999,4,71.5,780,3,2,2,0,1,8
3531.0099063459784,4,23.75,780,0,4,4,0,0,8
3532.0238955080276,4,48.75,779,2,3,3,0,0,8
3533.0376572260284,4,53.0,779,2,2,4,0,0,8
3534.0513079049997,4,47.5,779,0,3,5,0,0,8
3535.0649161949987,4,73.0,778,1,2,5,0,0,8
3536.078427004977,4,24.75,778,1,2,4,1,0,8
3537.092673061008,4,70.75,778,2,1,5,0,0,8
3538.1062638849835,4,72.0,779,1,1,6,0,0,8
3539.120554975001,4,7.5,780,0,2,6,0,0,8
3540.1341535209795,4,54.75,781,0,2,5,1,0,8
3541.148059270985,4,70.75,780,1,0,7,0,0,8
3542.160317763977,4,23.5,778,3,1,4,0,0,8
3543.173179529025,4,0.0,777,3,0,5,0,0,8
3544.187233013974,4,68.75,777,0,2,5,0,1,8
3545.201157486008,4,61.5,776,1,0,6,1,0,8
3546.2179637060035,4,89.25,775,1,0,6,0,0,7
3547.2315673999838,4,70.5,775,2,0,6,0,0,8
3548.2457570009865,4,23.75,774,1,2,5,0,0,8
3549.2598388670012,4,18.25,773,2,1,5,0,0,8
3550.27347883099,4,13.25,771,1,3,4,0,0,8
3551.2874336910318,4,65.25,772,0,3,5,0,0,8
3552.301271277014,4,71.0,772,0,1,5,1,1,8
3553.314722076,4,48.25,770,0,2,4,2,0,8
3554.328649459989,4,34.25,770,2,1,5,0,0,8
3555.3423008460086,4,70.0,771,0,1,6,1,0,8
3556.3559320310014,4,52.0,770,0,2,6,0,0,8
3557.3692242890247,4,71.5,772,0,0,7,1,0,8
3558.3828528809827,4,70.5,772,1,0,7,0,0,8
3559.396606740018,4,55.0,770,2,0,6,0,0,8
3560.4103870870313,4,94.25,769,1,2,5,0,0,8
3561.423836775997,4,61.5,770,1,0,6,1,0,8
3562.438006195007,4,47.0,770,0,3,5,0,0,8
3563.4455284150317,4,71.5,771,0,2,6,0,0,8
3564.459156383993,4,64.5,770,1,1,5,0,1,8
3565.472785188991,4,0.0,768,1,0,7,0,0,8
3566.486470590986,4,70.75,767,0,1,7,0,0,8
3567.498847955023,4,69.5,767,1,0,7,0,0,8
3568.5110016450053,4,92.0,767,1,1,6,0,0,8
3569.522798764985,4,70.25,768,1,1,6,0,0,8
3570.5370180699974,4,46.75,769,2,2,4,0,0,8
3571.550617578032,4,48.75,771,1,3,4,0,0,8
3572.5754729349865,4,57.5,773,0,2,5,1,0,8
3573.589515694999,4,46.5,773,1,1,6,0,0,8
3574.603123433015,4,93.75,773,0,1,7,0,0,8
3575.617231026001,4,58.0,771,2,1,5,0,0,8
3576.6307851040037,4,70.25,771,2,1,5,0,0,8
3577.640604653978,4,94.5,774,2,1,4,1,0,8
3578.6545030080015,4,94.75,779,2,1,2,3,0,8
3579.6655820870074,4,46.5,780,2,1,2,3,0,8
3580.679583168996,4,24.0,780,2,1,0,5,0,8
3581.6925450250274,4,0.0,782,2,1,0,5,0,8
3582.706508562027,4,0.0,782,2,1,0,5,0,8
3583.7202721560025,4,0.0,782,2,1,0,5,0,8
3584.7320975980256,4,0.0,782,2,1,0,5,0,8
3585.7461803490296,4,0.0,782,2,1,0,5,0,8
3586.7604386659805,4,0.0,782,2,1,0,5,0,8
3587.774582826998,4,0.0,783,2,1,0,5,0,8
3588.78829502,4,0.0,785,2,1,0,5,0,8
3589.8025757769938,4,0.0,785,2,1,0,5,0,8
3590.816100477008,4,0.0,786,2,1,0,5,0,8
3591.8301368639804,4,0.0,786,2,1,0,5,0,8
3592.8444663130213,4,0.0,786,2,1,0,5,0,8
3593.8575751670287,4,0.0,786,2,1,0,5,0,8
3594.8717857939773,4,0.0,786,2,1,0,5,0,8
3595.885350638011,4,0.0,787,2,1,0,5,0,8
3596.8991364369867,4,0.0,784,5,2,0,0,1,8
3597.9125706229825,4,0.0,783,5,2,1,0,0,8
3598.924265144975,4,24.75,783,0,6,2,0,0,8
3599.9382379879826,4,43.0,783,0,2,6,0,0,8
3600.951937230013,4,69.5,783,0,0,7,0,1,8
3601.9656199400197,4,24.25,782,2,0,5,1,0,8
3602.97862783703,4,23.5,781,0,3,5,0,0,8
3603.991486390005,4,46.25,781,1,0,7,0,0,8
3605.0052605919773,4,94.0,782,0,1,7,0,0,8
3606.019297470979,4,46.5,782,0,0,8,0,0,8
3607.032670988003,4,95.25,782,0,0,8,0,0,8
3608.046624048031,4,70.25,779,3,0,5,0,0,8
3609.059948093025,4,74.25,781,1,1,6,0,0,8
3610.0727773410035,4,71.0,781,0,1,7,0,0,8
3611.0865741259768,4,49.25,780,2,1,4,0,1,8
3612.09810616303,4,68.0,781,1,2,5,0,0,8
3613.1119949360145,4,80.5,781,1,2,5,0,0,8
3614.123817629006,4,48.75,781,1,2,5,0,0,8
3615.1377559709945,4,0.0,781,0,1,7,0,0,8
3616.1504157970194,4,54.25,781,1,1,6,0,0,8
3617.1641245569917,4,81.75,781,0,0,7,0,1,8
3618.178040787985,4,90.0,778,4,0,4,0,0,8
3619.1903696840163,4,23.25,779,0,5,3,0,0,8
3620.204000636004,4,54.25,779,0,1,5,0,2,8
3621.216298197978,4,48.0,776,0,3,5,0,0,8
3622.230294846988,4,60.0,775,1,1,5,0,1,8
3623.244235148013,4,32.25,774,0,2,5,0,1,8
3624.2551442260155,4,25.25,772,1,1,6,0,0,8
3625.2696580979973,4,23.25,770,3,1,4,0,0,8
3626.2816591400187,4,66.25,770,2,2,4,0,0,8
3627.287866132974,4,43.25,770,1,1,6,0,0,8
3628.3015199410147,4,71.75,769,1,1,5,1,0,8
3629.3161498379777,4,31.5,769,2,2,4,0,0,8
3630.3279305199976,4,0.0,769,3,0,4,1,0,8
3631.3413127919775,4,44.0,768,3,2,3,0,0,8
3632.353698122024,4,20.75,769,0,3,5,0,0,8
3633.3685401669936,4,95.25,769,0,0,7,0,1,8
3634.3827221029787,4,70.5,767,2,0,5,0,1,8
3635.3964830900077,4,31.25,766,2,1,4,1,0,8
3636.4077946050093,4,38.25,765,1,2,5,0,0,8
3637.4216446059872,4,0.0,765,3,2,3,0,0,8
3638.4331813280005,4,65.75,766,0,3,4,0,1,8
3639.447176510992,4,51.75,766,0,3,5,0,0,8
3640.4613567210035,4,20.5,766,0,3,5,0,0,8
3641.4749349870253,4,0.0,762,4,2,1,1,0,8
3642.487922970031,4,24.75,761,1,4,2,1,0,8
3643.497036214976,4,0.0,760,1,2,4,0,1,8
3644.513101526012,4,0.0,760,1,2,3,1,1,8
3645.5236671640305,4,69.0,759,2,2,4,0,0,8
3646.5341118969955,4,10.25,760,4,0,4,0,0,8
3647.5464137750096,4,62.75,761,1,2,5,0,0,8
3648.5596919269883,4,51.75,764,1,0,5,2,0,8
3649.5701118020224,4,0.0,761,2,3,3,0,0,8
3650.5823436030187,4,23.25,762,1,3,4,0,0,8
3651.5957222820143,4,71.75,765,0,2,6,0,0,8
3652.613801067986,4,0.0,765,1,1,6,0,0,8
3653.6280692800065,4,67.75,765,1,3,4,0,0,8
3654.6413048839895,4,23.0,764,2,3,2,1,0,8
3655.6555941139814,4,48.5,763,3,2,3,0,0,8
3656.669433921983,4,41.25,765,2,2,4,0,0,8
3657.6821681690053,4,19.0,763,4,1,3,0,0,8
3658.6937406599754,4,25.0,761,2,4,2,0,0,8
3659.7091937889927,4,50.0,762,0,2,5,0,1,8
3660.723100999021,4,7.25,761,1,0,7,0,0,8
3661.736856899981,4,33.25,762,1,1,6,0,0,8
3662.750759360031,4,70.5,763,2,1,5,0,0,8
3663.7635368109914,4,70.75,761,2,2,4,0,0,8
3664.776263811975,4,55.5,762,0,3,5,0,0,8
3665.787386748998,4,42.0,761,2,1,5,0,0,8
3666.7990665929974,4,70.25,763,1,1,6,0,0,8
3667.8129290270153,4,48.75,762,3,0,5,0,0,8
3668.8270246040192,4,49.25,761,3,2,3,0,0,8
3669.8406123709865,4,44.0,761,0,3,5,0,0,8
3670.855534946022,4,47.0,760,3,1,4,0,0,8
3671.8692480190075,4,23.75,760,2,2,3,0,1,8
3672.8831426529796,4,44.5,758,2,3,2,1,0,8
3673.896894039004,4,0.0,761,2,3,3,0,0,8
3674.9104823259986,4,29.75,766,0,2,6,0,0,8
3675.9245084900176,4,70.0,767,0,1,7,0,0,8
3676.938031479018,4,93.0,767,0,0,8,0,0,8
3677.9520169490133,4,92.0,767,2,0,6,0,0,8
3678.9657365509775,4,46.75,768,2,0,5,1,0,8
3679.9788357400103,4,31.0,766,2,0,6,0,0,8
3680.9898750070133,4,0.0,766,1,2,5,0,0,8
3682.001517732977,4,29.0,766,1,1,6,0,0,8
3683.011480408022,4,57.75,767,0,1,6,0,1,8
3684.025204401987,4,71.75,766,1,0,7,0,0,8
3685.0392187960097,4,92.5,767,1,1,5,1,0,8
3686.0569275559974,4,23.5,767,1,1,5,0,1,8
3687.072593181976,4,70.75,765,2,1,5,0,0,8
3688.086177159974,4,71.5,765,0,4,4,0,0,8
3689.100631665031,4,47.75,766,0,3,5,0,0,8
3690.113400825998,4,71.0,765,1,2,5,0,0,8
3691.128322732984,4,30.5,766,1,1,6,0,0,8
3692.1419514929876,4,1.25,766,1,1,6,0,0,8
3693.155928187014,4,47.0,765,1,1,6,0,0,8
3694.1671985589783,4,24.5,767,1,1,5,1,0,8
3695.1788063269923,4,71.5,765,2,2,4,0,0,8
3696.193234151986,4,70.0,765,0,2,6,0,0,8
3697.206881457998,4,61.75,765,1,1,6,0,0,8
3698.221082000993,4,49.75,766,0,1,7,0,0,8
3699.23444463301,4,33.5,765,1,0,7,0,0,8
3700.2469945389894,4,12.25,766,1,1,6,0,0,8
3701.260822688986,4,23.25,765,2,1,5,0,0,8
3702.273161470017,4,72.0,765,0,0,7,0,1,8
3703.2812705090037,4,89.75,765,1,0,7,0,0,8
3704.292634329002,4,0.0,765,1,1,6,0,0,8
3705.3058784910245,4,30.75,765,3,0,5,0,0,8
3706.319959526998,4,2.5,764,1,2,5,0,0,8
3707.3336111209937,4,36.0,764,1,1,6,0,0,8
3708.3456627780106,4,71.75,765,0,2,5,0,1,8
3709.3591556299943,4,20.5,763,3,1,4,0,0,8
3710.373046050023,4,65.25,764,0,2,5,1,0,8
3711.385856191977,4,80.25,763,1,2,4,1,0,8
3712.399540542974,4,71.25,763,1,2,3,2,0,8
3713.4108458469855,4,47.5,764,1,2,3,2,0,8
3714.4224394140183,4,47.25,764,1,2,3,2,0,8
3715.4338927729987,4,46.25,765,1,2,3,2,0,8
3716.4475408560247,4,45.5,766,1,2,2,3,0,8
3717.461508240027,4,23.0,766,1,2,1,4,0,8
3718.475341729005,4,0.0,769,1,2,0,5,0,8
3719.489192632027,4,0.0,770,1,2,0,5,0,8
3720.503032572975,4,0.0,770,1,2,0,5,0,8
3721.5169099220075,4,0.0,770,1,2,0,5,0,8
3722.530497763015,4,0.0,771,1,2,0,5,0,8
3723.5529183390317,4,0.0,771,1,2,0,5,0,8
3724.5666198530234,4,0.0,773,1,2,0,5,0,8
3725.5798210080247,4,0.0,775,1,2,0,5,0,8
3726.5917006559903,4,0.0,775,1,2,0,5,0,8
3727.6059487760067,4,0.0,775,1,2,0,5,0,8
3728.619575555029,4,0.0,775,1,2,0,5,0,8
3729.633174292976,4,0.0,777,1,2,0,5,0,8
3730.645383692987,4,0.0,777,1,2,0,5,0,8
3731.6560438770102,4,0.0,777,1,2,0,5,0,8
3732.6700120450114,4,0.0,774,5,1,1,0,1,8
3733.684062257991,4,47.25,773,2,3,3,0,0,8
3734.69788761402,4,11.5,775,0,1,7,0,0,8
3735.71153882402,4,9.0,775,1,0,7,0,0,8
3736.7244792359998,4,62.5,774,1,0,7,0,0,8
3737.735303435009,4,78.0,773,2,1,5,0,0,8
3738.749501921993,4,46.75,772,3,2,3,0,0,8
3739.7625762529788,4,46.75,771,1,3,4,0,0,8
3740.7767263459973,4,70.0,771,1,0,7,0,0,8
3741.7903959469986,4,12.25,770,1,1,6,0,0,8
3742.80713592103,4,68.0,768,2,1,5,0,0,8
3743.8214540550252,4,68.25,769,0,3,5,0,0,8
3744.835013584001,4,72.25,770,0,2,5,1,0,8
3745.8489379319944,4,55.75,769,1,1,6,0,0,8
3746.8629343879875,4,71.25,768,1,1,6,0,0,8
3747.8771882419824,4,68.25,767,1,2,5,0,0,8
3748.8893802459934,4,68.5,767,0,0,8,0,0,8
3749.9030304650078,4,47.25,766,1,1,6,0,0,8
3750.9169126650086,4,49.5,767,0,2,6,0,0,8
3751.9307056670077,4,68.75,767,0,2,5,1,0,8
3752.9443004400237,4,51.0,765,3,1,4,0,0,8
3753.9564990369836,4,34.25,766,1,2,5,0,0,8
3754.970452931011,4,36.75,766,0,2,6,0,0,8
3755.981970762019,4,83.5,766,1,0,7,0,0,8
3756.9956653760164,4,4.5,766,1,0,7,0,0,8
3758.0071082159993,4,60.5,765,1,1,6,0,0,8
3759.0185233689845,4,3.0,765,1,0,6,1,0,8
3760.0306726620183,4,73.25,763,2,1,3,0,2,8
3761.0424758450245,4,0.0,761,5,1,2,0,0,8
3762.065690775984,4,0.0,761,2,2,4,0,0,8
3763.0799457760295,4,71.0,761,0,2,6,0,0,8
3764.0935323589947,4,70.25,761,0,2,4,2,0,8
3765.1075306750135,4,46.75,762,2,1,4,0,1,8
3766.1219239190104,4,0.0,761,2,3,3,0,0,8
3767.135740845988,4,46.5,761,0,3,5,0,0,8
3768.1527269359794,4,17.75,761,0,1,5,1,1,8
3769.166885461018,4,94.75,762,0,1,3,2,2,8
3770.1806437399937,4,69.5,759,4,1,3,0,0,8
3771.1948193630087,4,71.5,759,3,2,3,0,0,8
3772.209319607995,4,23.75,760,2,3,3,0,0,8
3773.223082700977,4,70.0,759,1,2,5,0,0,8
3774.237112059025,4,40.0,757,3,2,3,0,0,8
3775.249344444019,4,24.75,756,2,2,4,0,0,8
3776.2635625309777,4,0.0,757,1,4,3,0,0,8
3777.2775659069885,4,0.0,756,1,2,5,0,0,8
3778.292370143987,4,35.0,757,0,3,5,0,0,8
3779.3055694589857,4,77.75,758,0,2,5,1,0,8
3780.3181997950305,4,34.5,757,1,1,6,0,0,8
3781.3297630680026,4,65.75,758,1,1,4,1,1,8
3782.342786066991,4,46.25,757,2,0,5,0,1,8
3783.354475026019,4,46.0,756,3,0,3,0,2,8
3784.366489318025,4,23.0,757,2,3,2,0,1,8
3785.3804871020257,4,16.0,756,1,4,3,0,0,8
3786.3949105970096,4,20.25,756,1,2,5,0,0,8
3787.408053533989,4,71.75,757,1,0,6,1,0,8
3788.422021911014,4,65.0,756,1,1,6,0,0,8
3789.4357101849746,4,94.5,756,0,0,8,0,0,8
3790.449033358018,4,51.0,753,3,0,5,0,0,8
3791.4613645999925,4,95.5,753,0,2,5,1,0,8
3792.4754092139774,4,15.5,750,3,2,3,0,0,8
3793.489076156984,4,72.0,751,0,0,8,0,0,8
3794.4994882859755,4,21.75,750,1,0,6,1,0,8
3795.513037111028,4,95.0,749,2,0,6,0,0,8
3796.527101879008,4,18.0,748,1,2,4,0,1,8
3797.540831691993,4,69.25,747,1,3,3,0,1,8
3798.5524157970212,4,7.0,745,2,2,4,0,0,8
3799.5635848509846,4,95.75,746,1,2,5,0,0,8
3800.575017252995,4,70.0,745,1,2,5,0,0,8
3801.5865931389853,4,55.0,745,0,1,7,0,0,8
3802.598730558995,4,23.75,744,1,1,6,0,0,8
3803.6122136689955,4,23.5,744,0,1,7,0,0,8
3804.626226891007,4,0.0,743,1,1,4,1,1,8
3805.6394499220187,4,23.5,742,1,4,3,0,0,8
3806.6514178049983,4,42.25,744,1,2,5,0,0,8
3807.6632407769794,4,70.0,744,0,1,7,0,0,8
3808.673640670022,4,75.5,747,0,0,8,0,0,8
3809.6874382150127,4,70.5,747,2,0,6,0,0,8
3810.7015274119913,4,49.0,747,3,0,4,1,0,8
3811.715619095019,4,43.25,745,3,1,4,0,0,8
3812.729284372006,4,46.75,748,3,1,4,0,0,8
3813.7432987220236,4,69.75,747,1,4,3,0,0,8
3814.7553262260044,4,70.5,748,1,2,5,0,0,8
3815.7696066420176,4,51.25,750,0,2,6,0,0,8
3816.783120282984,4,29.75,750,0,2,5,1,0,8
3817.79701431602,4,93.5,750,0,0,6,0,2,8
3818.8110730029875,4,1.75,751,2,0,5,1,0,8
3819.824992044014,4,79.5,748,3,2,3,0,0,8
3820.838861458993,4,0.0,748,1,2,5,0,0,8
3821.8526223080116,4,48.25,749,1,1,5,0,1,8
3822.8652312289923,4,42.75,749,2,0,6,0,0,8
3823.877064003027,4,28.0,750,0,2,5,0,1,8
3824.8911856039776,4,15.75,748,1,1,6,0,0,8
3825.9047906469787,4,46.75,748,1,1,5,0,1,8
3826.9190292870044,4,0.0,745,1,4,3,0,0,8
3827.9325853579794,4,70.75,745,0,2,6,0,0,8
3828.9468021540088,4,70.25,745,0,1,7,0,0,8
3829.95996754698,4,45.5,744,0,2,6,0,0,8
3830.9722432409762,4,69.75,743,1,2,5,0,0,8
3831.984209474991,4,69.75,742,1,2,5,0,0,8
3832.9975755190244,4,47.25,742,1,0,6,1,0,8
3834.0116253489978,4,95.0,742,2,1,5,0,0,8
3835.022737526975,4,71.0,743,1,1,5,1,0,8
3836.036697899981,4,94.5,742,2,2,3,0,1,8
3837.050675444014,4,24.0,741,0,2,6,0,0,8
3838.068236245017,4,59.5,741,0,2,6,0,0,8
3839.0792846530094,4,47.75,743,0,1,7,0,0,8
3840.0931864139857,4,68.75,740,3,1,4,0,0,8
3841.1069456639816,4,22.0,740,1,2,5,0,0,8
3842.1218476829818,4,93.75,741,1,2,4,1,0,8
3843.1358088870184,4,71.25,743,1,2,1,4,0,8
3844.1473270760034,4,23.25,743,1,2,1,4,0,8
3845.161588446994,4,23.25,744,1,2,1,4,0,8
3846.175466225017,4,2.25,745,1,2,0,5,0,8
3847.1893765649875,4,0.0,746,1,2,0,5,0,8
3848.2026973469765,4,0.0,747,1,2,0,5,0,8
3849.216699914017,4,0.0,748,1,2,0,5,0,8
3850.229833877005,4,0.0,748,1,2,0,5,0,8
3851.2432199810282,4,0.0,749,1,2,0,5,0,8
3852.2571522769867,4,0.0,749,1,2,0,5,0,8
3853.2757850409835,4,0.0,752,1,2,0,5,0,8
3854.2885471039917,4,0.0,752,1,2,0,5,0,8
3855.3027768610045,4,0.0,752,1,2,0,5,0,8
3856.316241507011,4,0.0,752,1,2,0,5,0,8
3857.329724258976,4,0.0,754,1,2,0,5,0,8
3858.343799614988,4,0.0,756,1,2,0,5,0,8
3859.3577332199784,4,0.0,757,1,2,0,5,0,8
3860.3718375469907,4,0.0,760,1,2,0,5,0,8
3861.3817234580056,4,0.0,761,1,2,0,5,0,8
3862.396173135028,4,0.0,764,1,2,0,5,0,8
3863.4098415889894,4,0.0,765,1,2,0,5,0,8
3864.423702810018,4,0.0,766,1,2,0,5,0,8
3865.436230925028,4,24.0,767,0,2,1,0,5,8
3866.4512799740187,4,23.5,762,4,3,1,0,0,8
3867.4655607669847,4,1.5,762,1,3,4,0,0,8
3868.47914820601,4,55.75,761,1,2,5,0,0,8
3869.490850754024,4,69.25,761,0,1,7,0,0,8
3870.5046680669766,4,70.75,760,1,1,5,0,1,8
3871.518903264019,4,27.25,760,2,1,5,0,0,8
3872.5324225660297,4,0.0,759,1,2,5,0,0,8
3873.5461689489894,4,77.25,759,0,0,7,0,1,8
3874.5602903389954,4,62.25,759,1,0,7,0,0,8
3875.574644279026,4,71.5,759,0,1,7,0,0,8
3876.5915431830217,4,70.5,760,1,0,7,0,0,8
3877.6060338660027,4,95.25,760,1,1,6,0,0,8
3878.619645482977,4,71.25,758,3,1,4,0,0,8
3879.631481661985,4,69.75,758,0,2,6,0,0,8
3880.6439378709765,4,28.5,758,1,0,7,0,0,8
3881.658192930976,4,46.75,757,1,1,6,0,0,8
3882.671805623977,4,47.25,759,1,1,5,0,1,8
3883.684517505986,4,0.0,759,1,1,4,2,0,8
3884.69705189002,4,29.25,756,4,1,2,1,0,8
3885.710125788988,4,23.5,755,4,2,0,0,2,8
3886.723737114982,4,0.0,753,3,3,2,0,0,8
3887.7380733219907,4,47.75,753,1,2,5,0,0,8
3888.750912257994,4,31.5,755,1,0,7,0,0,8
3889.764870644023,4,70.5,755,1,0,7,0,0,8
3890.7784924689913,4,42.25,756,0,0,7,0,1,8
3891.7924334940035,4,25.0,754,1,0,7,0,0,8
3892.802625371027,4,21.25,754,1,0,7,0,0,8
3893.816597857978,4,70.25,756,0,1,7,0,0,8
3894.8291044110083,4,49.0,756,0,1,6,1,0,8
3895.843502931006,4,23.5,755,1,0,7,0,0,8
3896.8564073430025,4,23.75,754,3,0,5,0,0,8
3897.8689221150125,4,69.5,754,4,0,4,0,0,8
3898.881166543986,4,50.75,753,2,2,4,0,0,8
3899.8951647939975,4,0.0,754,0,3,5,0,0,8
3900.9090060860035,4,46.5,753,0,1,7,0,0,8
3901.9229129219893,4,66.75,754,0,1,6,0,1,8
3902.936532973021,4,61.75,753,1,1,6,0,0,8
3903.950830556976,4,65.25,752,1,2,5,0,0,8
3904.963369566016,4,47.25,753,1,1,6,0,0,8
3905.9769355839817,4,69.75,753,1,1,6,0,0,8
3906.990198370011,4,71.0,752,0,2,6,0,0,8
3908.004335817008,4,70.0,750,2,2,4,0,0,8
3909.0183193740086,4,62.75,748,2,3,3,0,0,8
3910.0315269239945,4,23.25,747,3,2,3,0,0,8
3911.0440292819985,4,47.5,747,0,4,4,0,0,8
3912.057438610005,4,63.0,747,1,2,5,0,0,8
3913.0672864909866,4,95.0,746,1,1,6,0,0,8
3914.079974367982,4,6.75,746,2,0,6,0,0,8
3915.0935884939972,4,65.5,746,0,1,7,0,0,8
3916.104633379029,4,50.75,744,2,1,5,0,0,8
3917.118337752996,4,47.25,744,0,2,6,0,0,8
3918.132405592012,4,71.0,743,1,1,5,0,1,8
3919.1459135910263,4,45.0,742,0,1,7,0,0,8
3920.1582943610265,4,69.5,743,2,0,6,0,0,8
3921.1719289660105,4,44.5,743,0,2,6,0,0,8
3922.1858363290085,4,55.0,743,0,2,5,1,0,8
3923.1965127229923,4,84.75,740,3,0,5,0,0,8
3924.2096797859995,4,95.0,740,3,0,4,0,1,8
3925.2233487290214,4,30.5,739,1,2,5,0,0,8
3926.2356593760196,4,71.25,739,1,0,7,0,0,8
3927.2477238739957,4,58.75,738,1,1,6,0,0,8
3928.262487881002,4,70.5,738,1,1,6,0,0,8
3929.276386988,4,8.5,737,2,1,5,0,0,8
3930.290511131985,4,35.5,737,0,1,7,0,0,8
3931.3037830480025,4,23.25,736,1,0,7,0,0,8
3932.316676636983,4,68.5,736,0,1,6,1,0,8
3933.330462353013,4,65.0,736,1,0,7,0,0,8
3934.3441815110273,4,94.0,742,0,1,6,1,0,8
3935.3581135260174,4,50.5,744,1,1,6,0,0,8
3936.3716658729827,4,86.25,744,1,0,5,1,1,8
3937.3857016990078,4,31.0,743,1,1,4,0,2,8
3938.398390936025,4,23.25,740,2,2,3,0,1,8
3939.4120820210082,4,44.75,739,2,2,4,0,0,8
3940.4260683699977,4,1.75,738,1,2,5,0,0,8
3941.4383837049827,4,94.25,738,1,2,4,1,0,8
3942.4523646860034,4,21.5,737,2,0,6,0,0,8
3943.46585476998,4,79.5,737,0,1,7,0,0,8
3944.479954532988,4,4.25,736,1,1,6,0,0,8
3945.4937139549875,4,17.75,735,1,1,4,1,0,7
3946.5076364009874,4,47.25,733,1,3,3,1,0,8
3947.520538582001,4,58.0,733,1,2,4,1,0,8
3948.5326992989867,4,33.75,732,1,2,5,0,0,8
3949.5439117770293,4,50.0,732,1,1,6,0,0,8
3950.5563180710305,4,24.0,731,1,1,6,0,0,8
3951.5697610140196,4,80.0,731,1,0,5,2,0,8
3952.584216573974,4,70.5,727,4,1,2,0,1,8
3953.598038356984,4,0.0,731,2,3,3,0,0,8
3954.611789192015,4,48.5,734,0,5,3,0,0,8
3955.6252201659954,4,6.5,738,0,3,5,0,0,8
3956.6388524260256,4,55.75,739,0,2,4,2,0,8
3957.652969541028,4,47.5,746,1,2,4,0,1,8
3958.6665397619945,4,47.25,745,2,2,2,0,2,8
3959.6800752700074,4,33.5,744,3,3,2,0,0,8
3960.6914370289887,4,12.5,745,3,2,3,0,0,8
3961.7054743749904,4,22.5,744,4,1,3,0,0,8
3962.7191902499762,4,46.5,745,4,0,4,0,0,8
3963.7329382019816,4,56.0,745,1,3,3,0,1,8
3964.746738479007,4,23.25,746,0,4,2,0,2,8
3965.76076558599,4,18.25,745,1,2,4,0,1,8
3966.774586250016,4,73.0,743,1,2,5,0,0,8
3967.788202031981,4,58.5,740,3,1,4,0,0,8
3968.8021815009997,4,39.0,740,2,2,3,1,0,8
3969.8162969810073,4,70.75,740,1,1,4,2,0,8
3970.8301417069742,4,36.75,738,1,2,4,0,1,8
3971.8397550050286,4,0.0,734,4,1,3,0,0,8
3972.853769911977,4,7.25,734,0,3,4,1,0,8
3973.8681974950014,4,71.5,734,0,2,4,1,1,8
3974.8822314550052,4,72.0,733,1,2,4,0,1,8
3975.8957691980177,4,69.75,731,2,2,3,0,1,8
3976.909859558975,4,21.25,730,1,3,4,0,0,8
3977.9236118950066,4,49.0,730,1,3,4,0,0,8
3978.9375087710214,4,47.75,730,1,3,3,1,0,8
3979.9516192629817,4,47.5,730,1,3,3,1,0,8
3980.9656892099883,4,23.75,730,1,3,2,2,0,8
3981.9788342519896,4,23.0,730,1,3,1,3,0,8
3982.9926640350022,4,23.5,730,1,3,1,3,0,8
3984.0016658480163,4,23.25,730,1,3,0,4,0,8
3985.0210833349847,4,0.0,730,1,3,0,4,0,8
3986.034410764987,4,0.0,730,1,3,0,4,0,8
3987.046236787981,4,0.0,730,1,3,0,4,0,8
3988.060023362981,4,0.0,730,1,3,0,4,0,8
3989.0740213770187,4,0.0,730,1,3,0,4,0,8
3990.0885029049823,4,0.0,730,1,3,0,4,0,8
3991.1026141049806,4,0.0,730,1,3,0,4,0,8
3992.1163821939845,4,0.0,730,1,3,0,4,0,8
3993.129895369988,4,0.0,730,1,3,0,4,0,8
3994.142625235021,4,0.0,730,1,3,0,4,0,8
3995.1568709820276,4,0.0,730,1,3,0,4,0,8
3996.170671740023,4,0.0,730,1,3,0,4,0,8
3997.182643153006,4,0.0,730,1,3,0,4,0,8
3998.1967515780125,4,0.0,730,1,3,0,4,0,8
3999.210442703974,4,0.0,730,1,3,0,4,0,8
4000.223532988981,4,0.0,730,1,3,0,4,0,8
4001.235840682988,4,0.0,730,1,3,0,4,0,8
4002.249420401,4,0.0,730,1,3,0,4,0,8
4003.2631174679846,4,0.0,730,1,3,0,3,1,8
4004.2784981480218,4,0.0,726,4,1,3,0,0,8
4005.2925066350144,4,14.75,726,0,4,4,0,0,8
4006.3057176999864,4,48.25,726,0,3,5,0,0,8
4007.3198611629778,4,75.5,724,2,1,5,0,0,8
4008.331930698012,4,33.75,723,1,2,5,0,0,8
4009.344079887029,4,92.5,722,1,1,6,0,0,8
4010.3580924210255,4,75.25,722,1,1,6,0,0,8
4011.3700489180046,4,93.25,722,1,1,6,0,0,8
4012.3828670529765,4,54.25,722,0,1,6,0,0,7
4013.3968026560033,4,71.5,721,1,1,6,0,0,8
4014.4102834279765,4,94.5,721,0,0,6,0,2,8
4015.422584793996,4,70.25,721,0,0,4,2,1,7
4016.4348819489824,4,70.0,719,2,0,4,0,2,8
4017.4467899139854,4,30.0,717,0,3,4,1,0,8
4018.4568045299966,4,1.0,717,0,2,5,0,1,8
4019.469409622019,4,46.75,717,0,2,2,3,1,8
4020.4833525869763,4,45.25,716,1,1,2,0,4,8
4021.4973055780283,4,23.25,712,5,1,2,0,0,8
4022.5117804749752,4,17.25,712,2,3,3,0,0,8
4023.5228036990156,4,39.5,712,2,1,3,2,0,8
4024.536747760023,4,47.25,712,2,1,3,2,0,8
4025.550507960026,4,46.5,710,4,1,3,0,0,8
4026.5637598210014,4,24.75,709,2,4,2,0,0,8
4027.5773248400073,4,48.5,709,2,2,4,0,0,8
4028.5895627629943,4,94.25,709,2,2,3,1,0,8
4029.60331637098,4,71.0,709,2,1,4,0,1,8
4030.6168133870233,4,48.5,708,1,2,4,0,1,8
4031.6292337159975,4,0.0,707,1,2,5,0,0,8
4032.640223958995,4,70.5,707,1,2,3,2,0,8
4033.6537871920154,4,47.5,705,3,1,3,0,1,8
4034.6667831179802,4,47.0,703,1,4,3,0,0,8
4035.678190317005,4,51.5,703,1,3,4,0,0,8
4036.6919655830134,4,70.25,703,0,3,5,0,0,8
4037.705687966023,4,95.75,703,0,2,5,0,0,7
4038.716065248009,4,1.25,702,1,2,4,1,0,8
4039.7296773110284,4,69.25,702,1,2,3,0,2,8
4040.743807559018,4,20.75,700,2,0,5,0,1,8
4041.7569858049974,4,10.0,698,2,1,4,1,0,8
4042.7707645450137,4,0.0,697,2,2,3,0,1,8
4043.7846931979875,4,71.0,697,0,3,3,1,1,8
4044.794468343025,4,0.0,695,2,1,4,1,0,8
4045.8083167680306,4,70.5,694,1,3,4,0,0,8
4046.820030578994,4,23.25,692,3,3,1,1,0,8
4047.8318486550124,4,23.5,692,3,3,1,0,1,8
4048.8462357309763,4,1.0,691,1,4,3,0,0,8
4049.8595847249962,4,11.25,691,1,4,2,1,0,8
4050.8719359529787,4,29.75,691,1,2,3,0,2,8
4051.8822064879932,4,47.5,689,3,1,3,0,1,8
4052.8955182509962,4,24.75,688,2,2,3,1,0,8
4053.9092174280086,4,47.75,688,1,3,2,1,1,8
4054.9233354189782,4,23.0,686,3,3,1,0,1,8
4055.9367562970147,4,47.0,685,2,3,3,0,0,8
4056.950522092986,4,94.5,685,0,3,5,0,0,8
4057.963866115024,4,49.5,685,0,2,4,2,0,8
4058.9753219520207,4,57.75,683,2,0,6,0,0,8
4059.9884535379824,4,95.0,683,2,0,4,2,0,8
4061.0026058430085,4,61.25,680,3,2,2,0,1,8
4062.016219938989,4,35.75,678,5,0,3,0,0,8
4063.030853678996,4,0.0,678,2,3,3,0,0,8
4064.044847731013,4,24.0,678,0,5,3,0,0,8
4065.0586102540256,4,48.25,678,0,4,3,1,0,8
4066.0729185810196,4,37.5,678,0,2,4,1,1,8
4067.0866893749917,4,69.25,674,4,1,3,0,0,8
4068.0993652599864,4,25.0,674,1,2,2,3,0,8
4069.1130925189937,4,46.75,674,1,2,1,3,1,8
4070.124200614984,4,23.5,670,4,0,4,0,0,8
4071.138723107986,4,74.0,669,3,2,3,0,0,8
4072.152635606006,4,0.0,669,1,2,5,0,0,8
4073.166534467018,4,72.0,669,1,2,3,2,0,8
4074.1803844509996,4,71.5,667,3,1,4,0,0,8
4075.1942092889803,4,47.75,666,2,1,4,1,0,8
4076.2081546760164,4,9.75,665,1,3,4,0,0,8
4077.222089865012,4,48.75,665,0,3,4,1,0,8
4078.2356737789814,4,71.25,665,0,3,2,3,0,8
4079.248374598974,4,13.75,660,5,2,1,0,0,8
4080.260089487012,4,11.5,659,6,0,2,0,0,8
4081.274031321984,4,0.0,659,0,6,1,0,1,8
4082.2871748760226,4,0.0,659,0,6,0,1,1,8
4083.3063948359923,4,0.0,659,0,6,0,1,1,8
4084.319229040004,4,0.0,657,2,5,1,0,0,8
4085.3331852129777,4,43.0,656,1,2,5,0,0,8
4086.347185318009,4,0.0,655,1,1,5,1,0,8
4087.360386708984,4,47.25,655,1,1,3,3,0,8
4088.374439592997,4,47.25,655,1,1,2,2,2,8
4089.3846418180037,4,45.5,651,4,1,3,0,0,8
4090.3985639589955,4,42.25,650,2,2,3,0,1,8
4091.4124555619783,4,19.0,649,2,2,2,0,2,8
4092.4257404980017,4,47.5,649,2,2,2,0,0,6
4093.439574670978,4,5.75,647,3,3,2,0,0,8
4094.451340268017,4,0.0,647,2,2,4,0,0,8
4095.4646309270174,4,0.0,646,2,1,4,1,0,8
4096.4784784580115,4,23.5,646,1,1,2,4,0,8
4097.492292326991,4,0.0,642,4,2,2,0,0,8
4098.505089346028,4,0.0,641,1,4,3,0,0,8
4099.518915926979,4,12.0,641,0,3,2,2,1,8
4100.532963017991,4,23.75,641,0,2,2,2,2,8
4101.546235628019,4,46.25,641,0,1,2,2,3,8
4102.559856478998,4,47.5,637,4,1,2,0,1,8
4103.573749902018,4,17.0,636,4,2,2,0,0,8
4104.587398390984,4,23.5,636,1,4,2,1,0,8
4105.601326785982,4,69.75,636,0,4,3,0,1,8
4106.6149016059935,4,23.0,635,1,2,4,0,1,8
4107.626152322977,4,91.75,633,2,1,4,0,1,8
4108.637590671016,4,87.0,632,0,2,6,0,0,8
4109.649618635012,4,95.0,632,0,1,6,1,0,8
4110.663385253982,4,71.5,632,0,1,5,2,0,8
4111.676501817012,4,39.25,630,2,0,6,0,0,8
4112.69053919299,4,0.0,628,2,1,5,0,0,8
4113.702221272979,4,6.0,628,1,1,6,0,0,8
4114.716170184023,4,69.5,628,0,2,6,0,0,8
4115.730036603985,4,70.75,626,2,2,4,0,0,8
4116.743902094022,4,47.25,625,1,3,4,0,0,8
4117.757994984975,4,46.5,625,0,3,4,0,1,8
4118.771450083994,4,46.75,625,0,2,4,1,1,8
4119.784124989004,4,70.5,625,0,2,4,0,2,8
4120.797449655016,4,46.5,625,0,2,2,2,2,8
4121.811166328029,4,47.0,625,0,2,1,3,2,8
4122.823141926026,4,23.25,625,0,2,1,3,2,8
4123.836380014021,4,23.5,625,0,2,1,3,2,8
4124.8499678070075,4,0.0,625,0,2,0,4,2,8
4125.863731372985,4,0.0,625,0,2,0,4,2,8
4126.877306065988,4,0.0,625,0,2,0,4,2,8
4127.8911970360205,4,0.0,625,0,2,0,4,2,8
4128.90468895802,4,0.0,625,0,2,0,4,2,8
4129.918261597981,4,0.0,625,0,2,0,4,2,8
4130.939563858032,4,0.0,625,0,2,0,4,2,8
4131.953556168999,4,0.0,625,0,2,0,4,2,8
4132.967708728975,4,0.0,625,0,2,0,4,2,8
4133.981384958024,4,0.0,625,0,2,0,4,2,8
4134.995404660003,4,0.0,625,0,2,0,4,2,8
4136.009106749028,4,0.0,625,0,2,0,4,2,8
4137.022844669002,4,0.0,625,0,2,0,4,2,8
4138.03647238703,4,0.0,625,0,2,0,4,2,8
4139.049816242012,4,0.0,625,0,2,0,4,2,8
4140.063462800987,4,0.0,625,0,2,0,4,2,8
4141.077423446986,4,0.0,625,0,2,0,4,2,8
4142.091631044983,4,0.0,625,0,2,0,4,2,8
4143.105166562018,4,0.0,625,0,2,0,4,2,8
4144.11860645999,4,0.0,625,0,2,0,4,2,8
4145.132615790993,4,0.0,625,0,2,0,4,2,8
4146.144695658993,4,0.0,624,1,1,1,0,5,8
4147.158631532977,4,0.0,621,4,1,1,0,2,8
4148.169821702002,4,3.75,619,2,2,4,0,0,8
4149.183490523021,4,40.25,619,1,3,4,0,0,8
4150.196732529032,4,70.0,619,0,3,5,0,0,8
4151.210565808986,4,45.75,618,1,1,6,0,0,8
4152.2196287239785,4,63.0,618,1,0,7,0,0,8
4153.232882886019,4,93.0,618,1,0,7,0,0,8
4154.2471894819755,4,46.75,618,0,0,8,0,0,8
4155.259612903988,4,95.0,618,0,0,6,2,0,8
4156.274873259012,4,23.5,615,3,0,5,0,0,8
4157.286887701019,4,31.25,615,2,1,3,2,0,8
4158.297472989012,4,47.25,615,1,1,4,0,2,8
4159.308362835029,4,70.0,612,4,1,3,0,0,8
4160.320007923001,4,51.0,611,2,2,4,0,0,8
4161.3322404539795,4,71.0,611,2,2,4,0,0,8
4162.344882777019,4,51.5,611,2,0,5,0,1,8
4163.357224705978,4,47.25,610,1,1,6,0,0,8
4164.372528210981,4,5.25,610,1,1,6,0,0,8
4165.38501783798,4,95.25,610,1,0,6,1,0,8
4166.398940310988,4,94.25,610,1,0,5,2,0,8
4167.413076486031,4,16.75,607,3,1,4,0,0,8
4168.426677797979,4,93.75,607,1,3,4,0,0,8
4169.440225736995,4,84.5,607,0,3,5,0,0,8
4170.451024345995,4,65.75,606,1,1,5,0,1,8
4171.462884053006,4,0.0,604,3,1,4,0,0,8
4172.476557189017,4,71.5,604,1,3,4,0,0,8
4173.49055103102,4,33.75,604,0,4,4,0,0,8
4174.503921823984,4,69.25,604,0,4,2,2,0,8
4175.51669450599,4,24.25,602,2,2,4,0,0,8
4176.530450878025,4,48.0,602,0,3,5,0,0,8
4177.544125674991,4,47.0,602,0,3,5,0,0,8
4178.5578166299965,4,70.25,602,0,3,3,2,0,8
4179.5715907940175,4,46.75,600,2,1,5,0,0,8
4180.580554741027,4,72.75,599,1,2,4,1,0,8
4181.594606711995,4,0.0,598,1,2,5,0,0,8
4182.608276288025,4,94.0,598,1,2,5,0,0,8
4183.622209061985,4,95.0,598,0,2,5,1,0,8
4184.633967867994,4,77.75,596,1,1,6,0,0,8
4185.647946983983,4,88.75,596,0,0,8,0,0,8
4186.661962857004,4,23.5,595,1,0,5,2,0,8
4187.674689518986,4,70.0,593,3,0,3,0,2,8
4188.690856277011,4,46.5,591,4,0,4,0,0,8
4189.7042630619835,4,94.0,591,0,4,4,0,0,8
4190.718191099004,4,35.25,591,0,4,4,0,0,8
4191.731787975994,4,94.25,591,0,0,8,0,0,8
4192.745467866014,4,95.0,591,0,0,8,0,0,8
4193.75914844498,4,56.0,589,2,0,6,0,0,8
4194.770900049014,4,70.0,589,1,0,4,2,1,8
4195.784764344979,4,46.25,586,3,1,3,0,1,8
4196.798586154007,4,52.75,586,2,2,3,0,1,8
4197.812093583983,4,46.5,586,2,2,1,2,0,7
4198.825478171988,4,0.0,585,1,3,2,0,2,8
4199.8373295720085,4,22.5,583,3,2,3,0,0,8
4200.851177312026,4,0.0,583,2,3,2,1,0,8
4201.864656661986,4,47.25,583,2,3,2,1,0,8
4202.877470973006,4,47.0,582,1,3,3,0,1,8
4203.88972962799,4,44.75,581,1,2,5,0,0,8
4204.903466622985,4,45.25,581,0,1,7,0,0,8
4205.917608327989,4,47.25,581,0,1,7,0,0,8
4206.930577091,4,93.0,581,0,1,3,4,0,8
4207.939325015002,4,35.75,576,5,1,2,0,0,8
4208.952184280031,4,28.5,576,0,1,7,0,0,8
4209.963796973985,4,88.5,575,1,1,4,0,2,8
4210.977647677006,4,69.5,575,1,0,3,2,2,8
4211.98906121403,4,71.0,571,5,0,3,0,0,8
4213.002866733004,4,91.25,571,2,2,3,1,0,8
4214.015116962022,4,23.25,570,1,2,5,0,0,8
4215.028654000023,4,94.0,570,0,1,7,0,0,8
4216.041702427028,4,90.5,569,0,1,7,0,0,8
4217.055731047993,4,94.5,569,0,1,5,2,0,8
4218.069327479985,4,94.5,566,3,1,4,0,0,8
4219.082755153999,4,36.5,565,2,2,4,0,0,8
4220.096467887983,4,2.5,564,1,4,3,0,0,8
4221.110068264999,4,24.75,564,0,4,4,0,0,8
4222.124024116027,4,49.0,564,0,3,2,1,2,8
4223.137734076998,4,23.75,563,1,2,2,0,3,8
4224.151694600994,4,40.0,560,3,1,4,0,0,8
4225.165476044989,4,52.25,560,3,1,4,0,0,8
4226.179109668999,4,50.5,560,3,1,3,1,0,8
4227.191960031982,4,47.0,559,3,1,4,0,0,8
4228.206178084016,4,46.75,558,1,2,5,0,0,8
4229.220054057019,4,55.5,558,1,1,6,0,0,8
4230.232504985004,4,91.5,558,1,0,3,0,4,8
4231.243499808013,4,0.0,553,5,1,2,0,0,8
4232.253262037004,4,69.75,553,3,2,3,0,0,8
4233.265278864012,4,26.0,553,0,4,3,1,0,8
4234.280089148029,4,44.25,551,2,1,5,0,0,8
4235.294131077011,4,24.5,551,1,1,4,2,0,8
4236.3059491270105,4,47.25,550,1,2,3,0,2,8
4237.31937187101,4,39.75,548,2,3,2,1,0,8
4238.33326755598,4,23.5,547,3,3,2,0,0,8
4239.346924807003,4,48.25,547,2,3,3,0,0,8
4240.360555890016,4,53.0,547,2,1,3,0,2,8
4241.37281858502,4,22.25,545,2,3,3,0,0,8
4242.3838209200185,4,57.25,545,1,3,3,1,0,8
4243.397665286029,4,22.75,545,1,1,5,0,1,8
4244.411294712976,4,91.25,545,1,0,5,0,1,7
4245.425783624989,4,23.75,543,1,2,5,0,0,8
4246.439544952998,4,46.75,543,1,2,3,1,1,8
4247.450803399028,4,0.0,541,2,2,4,0,0,8
4248.464315794001,4,70.75,541,1,2,5,0,0,8
4249.478493862029,4,25.25,541,0,1,7,0,0,8
4250.49182461499,4,92.75,541,0,1,5,2,0,8
4251.505723991024,4,47.0,539,2,0,6,0,0,8
4252.519327649032,4,71.0,539,2,0,5,1,0,8
4253.5363090690225,4,28.75,536,5,0,3,0,0,8
4254.550374887011,4,47.0,536,3,1,3,0,1,8
4255.564158654015,4,33.5,535,1,4,3,0,0,8
4256.578080726031,4,70.0,535,1,3,3,1,0,8
4257.590621610987,4,24.0,534,1,4,3,0,0,8
4258.604607930989,4,26.0,534,1,3,4,0,0,8
4259.61887167301,4,48.75,533,2,2,3,0,1,8
4260.632464035007,4,63.5,533,1,3,3,0,1,8
4261.644829728,4,71.0,532,2,1,5,0,0,8
4262.657744391006,4,69.5,532,0,3,3,2,0,8
4263.671842437005,4,70.25,531,1,3,3,0,1,8
4264.685437222011,4,54.25,530,2,2,2,2,0,8
4265.699292416975,4,47.25,528,3,2,2,0,1,8
4266.7108488730155,4,11.75,527,3,3,2,0,0,8
4267.724774838018,4,47.25,527,2,3,3,0,0,8
4268.738522034022,4,24.0,527,0,4,4,0,0,8
4269.752564080991,4,71.0,527,0,3,5,0,0,8
4270.766505398031,4,44.75,527,0,2,6,0,0,8
4271.78007819003,4,93.5,527,0,2,5,1,0,8
4272.791485845984,4,70.0,527,0,2,4,2,0,8
4273.805187978025,4,71.25,527,0,2,2,4,0,8
4274.819469392009,4,47.0,527,0,2,1,5,0,8
4275.833276406978,4,23.25,527,0,2,1,5,0,8
4276.847380027,4,23.25,527,0,2,0,6,0,8
4277.860889771022,4,0.0,527,0,2,0,6,0,8
4278.87389774801,4,0.0,527,0,2,0,6,0,8
4279.887415055011,4,0.0,527,0,2,0,6,0,8
4280.9009968339815,4,0.0,527,0,2,0,6,0,8
4281.915096061013,4,0.0,527,0,2,0,6,0,8
4282.92850045301,4,0.0,527,0,2,0,6,0,8
4283.940857919981,4,0.0,527,0,2,0,6,0,8
4284.954471470031,4,0.0,527,0,2,0,6,0,8
4285.968956229975,4,0.0,527,0,2,0,6,0,8
4286.983193468011,4,0.0,527,0,2,0,6,0,8
4287.99669908802,4,0.0,527,0,2,0,6,0,8
4289.007707922021,4,0.0,527,0,2,0,6,0,8
4290.021148208005,4,0.0,527,0,2,0,6,0,8
4291.0350378269795,4,0.0,527,0,2,0,6,0,8
4292.048727080983,4,0.0,527,0,2,0,6,0,8
4293.06302412902,4,0.0,527,0,2,0,6,0,8
4294.0774009060115,4,0.0,527,0,2,0,6,0,8
4295.091273789993,4,0.0,527,0,2,0,6,0,8
4296.105200647027,4,0.0,527,0,2,0,6,0,8
4297.118526123988,4,0.0,527,0,2,0,6,0,8
4298.132903706981,4,0.0,524,3,1,1,0,3,8
4299.147523306019,4,21.25,521,6,1,1,0,0,8
4300.161152779998,4,0.0,521,1,5,2,0,0,8
4301.175037765992,4,47.75,521,0,4,4,0,0,8
4302.188725985994,4,72.25,521,0,3,4,0,1,8
4303.202767317009,4,71.25,519,1,2,5,0,0,8
4304.216916896985,4,52.0,519,0,1,7,0,0,8
4305.227518888016,4,46.25,519,0,1,6,1,0,8
4306.241201720026,4,94.25,519,0,1,5,2,0,8
4307.254976423981,4,42.5,516,3,0,4,0,1,8
4308.269193532993,4,2.75,514,3,1,4,0,0,8
4309.282815995975,4,47.0,514,2,1,5,0,0,8
4310.296762419981,4,87.5,514,1,1,5,0,1,8
4311.305129386019,4,70.75,513,2,1,5,0,0,8
4312.317563472025,4,58.75,513,0,2,6,0,0,8
4313.331638863019,4,23.0,512,1,2,5,0,0,8
4314.343831830018,4,70.0,512,1,1,5,1,0,8
4315.357827569009,4,0.0,510,2,1,5,0,0,8
4316.371441711031,4,69.75,510,2,1,4,1,0,8
4317.384883221006,4,23.25,508,3,2,2,0,1,8
4318.398454888025,4,23.25,508,3,2,0,2,1,8
4319.41075706901,4,0.0,506,2,4,1,0,1,8
4320.424810179975,4,47.25,505,3,2,3,0,0,8
4321.43852533499,4,48.5,505,1,2,5,0,0,8
4322.452434809005,4,70.25,505,1,1,5,1,0,8
4323.466027065995,4,0.0,503,2,1,5,0,0,8
4324.479934728995,4,94.0,503,0,3,5,0,0,8
4325.493812058994,4,46.75,502,1,0,7,0,0,8
4326.508065003029,4,93.5,502,1,0,7,0,0,8
4327.518958268978,4,68.75,502,0,1,7,0,0,8
4328.5303080260055,4,78.5,502,0,1,7,0,0,8
4329.544193734997,4,19.5,500,2,1,5,0,0,8
4330.558207061025,4,71.0,500,2,0,5,0,1,8
4331.571974815975,4,47.25,496,4,2,2,0,0,8
4332.583522800007,4,68.75,496,4,1,3,0,0,8
4333.59750648,4,43.75,495,5,1,2,0,0,8
4334.611244419997,4,24.5,495,1,4,3,0,0,8
4335.624946103024,4,47.0,495,1,4,2,1,0,8
4336.638712677988,4,2.0,494,1,2,5,0,0,8
4337.652772593021,4,73.0,494,1,1,6,0,0,8
4338.665878573025,4,50.75,494,0,1,7,0,0,8
4339.679702764028,4,94.25,494,0,1,6,1,0,8
4340.691938764998,4,51.0,493,1,1,6,0,0,8
4341.70421547303,4,93.75,493,1,0,7,0,0,8
4342.71825286001,4,0.0,492,1,1,6,0,0,8
4343.731809939025,4,84.0,492,1,1,5,1,0,8
4344.743148922978,4,70.5,492,1,1,4,2,0,8
4345.756890062999,4,0.0,489,3,1,3,1,0,8
4346.771115307987,4,0.0,488,1,1,6,0,0,8
4347.784667835978,4,38.75,488,0,1,6,0,1,8
4348.798763433995,4,70.75,488,0,1,5,1,1,8
4349.813360247004,4,0.0,486,1,2,5,0,0,8
4350.822196305031,4,70.0,486,0,3,5,0,0,8
4351.833597397024,4,5.5,485,1,2,5,0,0,8
4352.846061051008,4,95.75,485,1,1,6,0,0,8
4353.85896752699,4,40.25,484,1,2,5,0,0,8
4354.871489926998,4,70.5,484,1,2,5,0,0,8
4355.886713022017,4,2.0,483,2,1,5,0,0,8
4356.900084305031,4,31.0,483,2,0,5,1,0,8
4357.913712401001,4,68.25,481,3,1,3,0,1,8
4358.924029165995,4,47.0,480,2,3,3,0,0,8
4359.93789130298,4,69.75,480,1,3,4,0,0,8
4360.951604322996,4,71.25,480,0,3,5,0,0,8
4361.960960205994,4,70.25,480,0,1,7,0,0,8
4362.974582269031,4,93.0,480,0,1,6,1,0,8
4363.989041853987,4,94.0,478,2,1,5,0,0,8
4365.001531318005,4,5.75,476,4,1,1,2,0,8
4366.014303950011,4,0.0,475,2,4,1,0,1,8
4367.028150726983,4,0.0,474,3,3,2,0,0,8
4368.040276186017,4,50.0,474,1,1,6,0,0,8
4369.058371027,4,50.0,474,0,0,8,0,0,8
4370.069513495022,4,95.5,474,0,0,8,0,0,8
4371.083095278998,4,46.5,474,0,0,6,2,0,8
4372.096475114988,4,93.75,472,2,0,6,0,0,8
4373.110485981975,4,84.75,472,2,0,6,0,0,8
4374.122712218028,4,93.5,471,2,1,5,0,0,8
4375.135962589993,4,24.5,471,0,2,6,0,0,8
4376.147831566981,4,94.0,471,0,0,8,0,0,8
4377.161769396975,4,96.5,470,1,0,6,0,1,8
4378.1752959950245,4,71.75,470,1,0,3,3,1,8
4379.187655763002,4,70.0,466,5,0,3,0,0,8
4380.201187245024,4,23.5,466,5,0,2,1,0,8
4381.212924608029,4,46.75,466,2,3,2,0,1,8
4382.226683604007,4,23.5,465,2,3,2,0,1,8
4383.240846067027,4,1.25,464,2,2,4,0,0,8
4384.25454173499,4,23.5,464,2,2,4,0,0,8
4385.264031632978,4,23.25,463,3,2,3,0,0,8
4386.278220264998,4,32.25,463,3,0,4,1,0,8
4387.291699694004,4,46.25,462,3,1,4,0,0,8
4388.305342963024,4,47.25,462,3,1,3,1,0,8
4389.315695888014,4,48.75,461,3,1,4,0,0,8
4390.330408403999,4,23.25,461,1,3,4,0,0,8
4391.3440889830235,4,37.0,461,1,3,3,0,1,8
4392.3578779870295,4,71.5,460,2,1,4,1,0,8
4393.371889990987,4,40.0,459,1,2,5,0,0,8
4394.386379199976,4,70.25,459,1,2,4,1,0,8
4395.400211796979,4,12.5,455,5,0,3,0,0,8
4396.414169690979,4,47.0,455,3,2,2,0,1,8
4397.42331502802,4,14.5,454,1,4,2,0,1,8
4398.4381551599945,4,48.5,454,1,2,4,0,1,8
4399.452174553997,4,47.0,454,1,2,4,0,0,7
4400.463898766029,4,18.75,453,0,3,5,0,0,8
4401.478158246027,4,71.75,453,0,3,5,0,0,8
4402.489473132999,4,54.5,453,0,2,6,0,0,8
4403.503140218032,4,94.0,453,0,1,6,1,0,8
4404.516490686976,4,0.0,452,1,1,6,0,0,8
4405.530313436,4,28.5,451,2,1,5,0,0,8
4406.542049665004,4,51.5,451,0,1,7,0,0,8
4407.555193822016,4,70.25,451,0,1,5,2,0,8
4408.569149852032,4,0.0,449,2,0,6,0,0,8
4409.582995140983,4,93.75,449,2,0,6,0,0,8
4410.595395325974,4,46.5,447,3,1,3,0,1,8
4411.609093371022,4,46.75,444,5,2,1,0,0,8
4412.622092110978,4,32.25,444,4,0,4,0,0,8
4413.6356707410305,4,46.25,444,4,0,4,0,0,8
4414.649401360017,4,46.0,444,0,2,6,0,0,8
4415.661674842006,4,70.75,444,0,2,4,1,1,8
4416.67333193298,4,20.5,442,2,1,5,0,0,8
4417.683157508029,4,51.5,442,0,3,5,0,0,8
4418.697422216996,4,71.75,442,0,2,6,0,0,8
4419.710580596991,4,94.75,442,0,1,5,2,0,8
4420.72438179102,4,21.5,439,2,2,4,0,0,8
4421.738235098019,4,46.5,439,1,2,5,0,0,8
4422.750626840978,4,70.25,439,0,2,5,0,1,8
4423.763894681993,4,46.75,438,1,2,2,3,0,8
4424.777244272002,4,46.75,438,1,2,2,1,2,8
4425.790964570013,4,38.75,435,4,1,3,0,0,8
4426.802165043016,4,23.25,433,3,2,3,0,0,8
4427.813932880992,4,24.25,433,1,2,4,1,0,8
4428.828190280008,4,70.0,433,0,1,6,0,1,8
4429.840166161011,4,83.75,432,1,1,6,0,0,8
4430.853088465985,4,71.75,431,1,0,7,0,0,8
4431.866535715992,4,54.5,431,1,0,7,0,0,8
4432.880571165006,4,94.75,431,1,0,7,0,0,8
4433.895626716025,4,93.5,431,1,0,6,1,0,8
4434.906791178975,4,94.75,431,1,0,5,2,0,8
4435.920801148983,4,94.25,431,1,0,2,5,0,8
4436.934791335021,4,22.0,431,1,0,0,7,0,8
4437.947496604989,4,0.0,431,1,0,0,7,0,8
4438.960852783988,4,0.0,431,1,0,0,7,0,8
4439.975072411995,4,0.0,431,1,0,0,7,0,8
4440.988764855021,4,0.0,431,1,0,0,7,0,8
4442.002558181994,4,0.0,431,1,0,0,7,0,8
4443.01620757702,4,0.0,431,1,0,0,7,0,8
4444.030285131012,4,0.0,431,1,0,0,7,0,8
4445.044165821979,4,0.0,431,1,0,0,7,0,8
4446.058133961982,4,0.0,431,1,0,0,7,0,8
4447.071944637981,4,0.0,431,1,0,0,7,0,8
4448.084405996022,4,0.0,431,1,0,0,7,0,8
4449.100122343982,4,0.0,431,1,0,0,7,0,8
4450.115346562001,4,0.0,431,1,0,0,7,0,8
4451.128453174024,4,0.0,431,1,0,0,7,0,8
4452.13789841102,4,0.0,431,1,0,0,7,0,8
4453.152375741978,4,0.0,431,1,0,0,7,0,8
4454.166012311005,4,0.0,431,1,0,0,7,0,8
4455.179273999005,4,0.0,431,1,0,0,7,0,8
4456.193576043006,4,0.0,431,1,0,0,7,0,8
4457.207074140024,4,0.0,431,1,0,0,7,0,8
4458.22109921003,4,0.0,431,1,0,0,7,0,8
4459.2342331020045,4,0.0,431,1,0,0,7,0,8
4460.248090239009,4,0.0,431,1,0,0,7,0,8
4461.262261644995,4,0.0,431,1,0,0,7,0,8
4462.275779512012,4,0.0,431,0,1,0,7,0,8
4463.290075469005,4,0.0,425,6,1,0,0,1,8
4464.303617037018,4,0.0,424,4,3,1,0,0,8
4465.319182359031,4,9.0,424,0,4,4,0,0,8
4466.3362794640125,4,47.0,424,0,4,4,0,0,8
4467.3492338759825,4,72.5,424,0,2,6,0,0,8
4468.363183399022,4,70.25,423,1,1,5,1,0,8
4469.374524398998,4,38.75,422,1,1,6,0,0,8
4470.388347473985,4,94.75,422,1,0,7,0,0,8
4471.398440279008,4,84.0,422,1,0,7,0,0,8
4472.4118239079835,4,94.0,422,0,0,8,0,0,8
4473.423936498992,4,0.5,421,1,0,7,0,0,8
4474.4412748190225,4,93.25,420,2,0,6,0,0,8
4475.4554093240295,4,93.0,420,2,0,5,1,0,8
4476.467114333005,4,46.75,419,2,1,5,0,0,8
4477.478612454026,4,23.5,416,3,2,3,0,0,8
4478.492394761997,4,48.75,416,2,2,3,1,0,8
4479.509547972004,4,23.5,416,1,3,1,3,0,8
4480.519311273005,4,57.25,415,1,2,3,0,2,8
4481.533251603018,4,0.0,413,1,2,5,0,0,8
4482.545262589003,4,8.5,413,0,2,6,0,0,8
4483.557465518999,4,94.75,413,0,0,8,0,0,8
4484.572366904991,4,95.75,413,0,0,6,0,2,8
4485.586126092006,4,94.5,411,0,1,7,0,0,8
4486.595491339976,4,0.5,410,1,0,7,0,0,8
4487.609283334983,4,70.0,410,1,0,7,0,0,8
4488.623526001,4,94.25,410,1,0,6,0,1,8
4489.635513023997,4,23.0,408,2,0,6,0,0,8
4490.649321175995,4,93.5,408,1,1,5,0,1,8
4491.663166309998,4,23.0,407,1,2,5,0,0,8
4492.674309869995,4,93.5,407,1,1,4,2,0,8
4493.688119867991,4,0.0,405,2,1,4,1,0,8
4494.701785715006,4,94.0,405,2,1,3,2,0,8
4495.716004784976,4,16.0,403,1,2,5,0,0,8
4496.730028394028,4,86.0,403,0,3,4,0,1,8
4497.744278946018,4,14.75,402,1,2,5,0,0,8
4498.757934906986,4,70.25,402,1,1,6,0,0,8
4499.771826892975,4,2.75,402,0,1,6,1,0,8
4500.785772547009,4,96.5,402,0,1,6,0,1,8
4501.797951841028,4,0.0,400,1,2,5,0,0,8
4502.8102374380105,4,93.5,400,0,2,5,1,0,8
4503.822751027998,4,0.0,399,0,3,5,0,0,8
4504.836473045987,4,70.75,399,0,2,5,1,0,8
4505.850350681983,4,70.75,397,2,1,5,0,0,8
4506.864225452999,4,47.0,397,1,1,6,0,0,8
4507.878039792005,4,69.75,397,0,2,5,1,0,8
4508.892243474023,4,46.5,397,0,2,3,1,2,8
4509.906295023975,4,24.75,392,4,3,1,0,0,8
4510.919882112008,4,23.25,392,3,2,3,0,0,8
4511.934031808982,4,47.75,392,1,2,5,0,0,8
4512.94772605598,4,16.5,392,1,1,5,1,0,8
4513.971167189011,4,95.0,391,2,0,6,0,0,8
4514.98317596002,4,23.5,391,1,1,6,0,0,8
4515.997632606013,4,95.0,391,1,1,5,0,1,8
4517.01145092299,4,46.25,390,1,0,7,0,0,8
4518.025428964989,4,92.0,390,0,1,7,0,0,8
4519.038550778001,4,47.0,390,0,1,7,0,0,8
4520.052685448027,4,94.25,388,2,0,6,0,0,8
4521.066695966001,4,46.5,388,2,0,4,2,0,8
4522.07934225403,4,70.5,388,1,1,3,0,3,8
4523.093572674028,4,22.75,385,3,1,3,1,0,8
4524.104953403992,4,45.25,384,2,3,3,0,0,8
4525.119067020016,4,0.0,384,2,2,4,0,0,8
4526.131098730024,4,71.0,384,1,2,4,1,0,8
4527.145218667982,4,71.0,383,1,2,4,1,0,8
4528.158711972996,4,39.25,382,0,1,7,0,0,8
4529.169161507976,4,71.75,382,0,0,8,0,0,8
4530.1834846310085,4,90.75,382,0,0,7,1,0,8
4531.193299631006,4,94.0,382,0,0,6,1,1,8
4532.205605396011,4,93.5,380,2,0,5,1,0,8
4533.218890547985,4,94.25,378,2,2,4,0,0,8
4534.232733957004,4,47.5,378,0,1,6,1,0,8
4535.244430731982,4,94.0,378,0,1,6,1,0,8
4536.255954722001,4,92.5,377,1,0,7,0,0,8
4537.268029956031,4,67.5,375,2,1,4,1,0,8
4538.279544519028,4,71.0,374,0,2,6,0,0,8
4539.291774787998,4,70.5,374,0,2,5,1,0,8
4540.302908008976,4,94.0,373,1,1,5,0,1,8
4541.315389388008,4,59.0,372,2,0,5,1,0,8
4542.329151230981,4,61.75,371,1,2,5,0,0,8
4543.34282746003,4,82.5,371,1,0,7,0,0,8
4544.354606567009,4,70.0,369,2,1,4,0,1,8
4545.365439520974,4,70.75,368,3,1,4,0,0,8
4546.373087176995,4,23.0,367,3,2,3,0,0,8
4547.387110090989,4,24.0,367,2,3,3,0,0,8
4548.404083236004,4,70.75,367,2,1,5,0,0,8
4549.417799582996,4,44.5,367,0,2,6,0,0,8
4550.4333058409975,4,57.75,367,0,0,8,0,0,8
4551.447321706975,4,20.0,366,1,0,7,0,0,8
4552.460863635002,4,71.0,366,1,0,5,2,0,8
4553.472961315012,4,41.0,362,3,2,3,0,0,8
4554.483934027026,4,23.25,362,2,3,3,0,0,8
4555.494931121997,4,26.25,362,0,3,5,0,0,8
4556.508556047978,4,92.75,362,0,2,6,0,0,8
4557.522078802984,4,34.5,362,0,0,7,0,1,8
4558.535548958986,4,0.0,360,2,0,5,0,1,8
4559.549707011029,4,0.0,359,3,0,5,0,0,8
4560.563220021024,4,70.0,359,3,0,4,1,0,8
4561.57734922698,4,70.25,359,2,0,5,0,1,8
4562.58555864502,4,46.5,358,1,2,5,0,0,8
4563.599157858989,4,48.75,358,0,1,7,0,0,8
4564.61283817701,4,93.25,358,0,1,6,1,0,8
4565.625679019024,4,92.75,358,0,1,4,3,0,8
4566.6396609870135,4,70.5,356,2,0,4,1,1,8
4567.649977264984,4,35.75,354,1,3,4,0,0,8
4568.664009872009,4,10.0,354,0,4,4,0,0,8
4569.677855874004,4,70.5,354,0,3,4,1,0,8
4570.692163785978,4,46.5,354,0,1,6,0,1,8
4571.705483952013,4,69.5,352,2,0,6,0,0,8
4572.71913885203,4,44.25,352,2,0,4,2,0,8
4573.731620031991,4,69.25,352,1,1,3,1,2,8
4574.745688559022,4,24.0,350,2,2,3,0,1,8
4575.759671888023,4,48.0,349,1,4,3,0,0,8
4576.770961379982,4,12.0,347,3,2,3,0,0,8
4577.783462819003,4,48.0,347,3,2,3,0,0,8
4578.797571400995,4,29.25,346,1,4,3,0,0,8
4579.811699730984,4,49.75,346,1,2,5,0,0,8
4580.825330383028,4,94.5,346,1,1,6,0,0,8
4581.839339885977,4,48.75,346,0,2,5,0,1,8
4582.852610056987,4,92.0,345,1,1,6,0,0,8
4583.867296603974,4,95.25,345,1,0,6,1,0,8
4584.880750618002,4,93.5,344,1,1,6,0,0,8
4585.893511942006,4,46.0,344,0,2,5,1,0,8
4586.9061485169805,4,70.5,343,1,0,7,0,0,8
4587.922479855013,4,48.0,343,1,0,7,0,0,8
4588.936570355028,4,93.0,342,1,1,6,0,0,8
4589.950345746009,4,24.0,342,1,1,4,1,1,8
4590.964528671,4,70.5,342,1,1,3,1,2,8
4591.976975131023,4,55.25,340,2,1,3,1,1,8
4592.99073503603,4,46.75,337,5,0,3,0,0,8
4594.004738762975,4,0.0,336,1,3,4,0,0,8
4595.018409029988,4,48.25,336,1,2,5,0,0,8
4596.032247096009,4,43.75,336,1,1,6,0,0,8
4597.046105984016,4,88.0,336,1,0,7,0,0,8
4598.056941917981,4,79.0,336,0,1,6,0,1,8
4599.070962327998,4,71.5,335,1,1,6,0,0,8
4600.086104665999,4,0.0,335,1,0,7,0,0,8
4601.100343115977,4,71.25,335,0,1,6,1,0,8
4602.1163950960035,4,42.25,334,1,1,6,0,0,8
4603.129766069003,4,93.0,332,3,0,4,0,1,8
4604.143969101016,4,15.5,331,3,1,4,0,0,8
4605.156229846994,4,62.25,331,3,1,2,2,0,8
4606.168223857996,4,22.75,331,3,1,1,3,0,8
4607.180515703978,4,23.5,331,3,1,1,3,0,8
4608.193178068032,4,23.5,331,3,1,0,4,0,8
4609.205131041992,4,0.0,331,3,1,0,4,0,8
4610.217255636002,4,0.0,331,3,1,0,4,0,8
4611.230931865983,4,0.0,331,3,1,0,4,0,8
4612.245125642978,4,0.0,331,3,1,0,4,0,8
4613.2586056790315,4,0.0,331,3,1,0,4,0,8
4614.270971942984,4,0.0,331,3,1,0,4,0,8
4615.2863216220285,4,0.0,331,3,1,0,4,0,8
4616.300180125982,4,0.0,331,3,1,0,4,0,8
4617.313425278,4,0.0,331,3,1,0,4,0,8
4618.326882213994,4,0.0,331,3,1,0,4,0,8
4619.341152223991,4,0.0,331,3,1,0,4,0,8
4620.35491756798,4,0.0,331,3,1,0,4,0,8
4621.368657502986,4,0.0,331,3,1,0,4,0,8
4622.382607646985,4,0.0,331,3,1,0,4,0,8
4623.396017583029,4,0.0,331,3,1,0,4,0,8
4624.409493063984,4,0.0,331,3,1,0,4,0,8
4625.4233464379795,4,0.0,331,3,1,0,4,0,8
4626.4370027100085,4,0.0,331,3,1,0,4,0,8
4627.450440188986,4,0.0,331,3,1,0,4,0,8
4628.464295768004,4,0.0,331,3,1,0,4,0,8
4629.478136070014,4,0.0,331,3,1,0,4,0,8
4630.491963933979,4,0.0,331,3,1,0,4,0,8
4631.505779683997,4,0.0,331,3,1,0,4,0,8
4632.519914676028,4,0.0,331,2,1,1,4,0,8
4633.532392059977,4,2.25,328,3,3,1,0,1,8
4634.548042548995,4,13.0,327,2,2,4,0,0,8
4635.561273217027,4,23.5,327,0,2,6,0,0,8
4636.574433295988,4,94.5,327,0,1,7,0,0,8
4637.587754109001,4,56.5,327,0,0,7,1,0,8
4638.601384529029,4,94.0,326,1,0,7,0,0,8
4639.61566915398,4,70.25,326,1,0,7,0,0,8
4640.627216676017,4,51.5,325,1,1,6,0,0,8
4641.641853002016,4,29.75,325,0,1,7,0,0,8
4642.655590715003,4,75.75,325,0,1,4,3,0,8
4643.669234907022,4,1.0,322,3,1,4,0,0,8
4644.68294530001,4,44.0,321,1,3,4,0,0,8
4645.697209052974,4,25.75,321,1,2,4,1,0,8
4646.711203519022,4,70.0,321,0,3,3,0,2,8
4647.724650683987,4,92.25,319,2,2,4,0,0,8
4648.736258745019,4,70.75,319,0,2,6,0,0,8
4649.753543041996,4,93.5,319,0,2,6,0,0,8
4650.767156838032,4,95.5,319,0,2,4,2,0,8
4651.781429871975,4,77.0,315,4,0,4,0,0,8
4652.7950833470095,4,94.0,315,4,0,4,0,0,8
4653.809230255021,4,79.5,315,0,1,7,0,0,8
4654.823381970986,4,71.75,315,0,1,5,2,0,8
4655.837542351976,4,25.0,312,2,1,5,0,0,8
4656.849410097988,4,33.0,312,1,1,6,0,0,8
4657.863570692018,4,73.0,310,3,1,3,0,1,8
4658.877725140017,4,7.25,309,3,2,3,0,0,8
4659.890827169991,4,47.0,309,3,2,3,0,0,8
4660.907722026983,4,24.25,309,1,3,4,0,0,8
4661.921504143975,4,38.5,308,1,3,4,0,0,8
4662.934507450031,4,47.0,308,1,3,4,0,0,8
4663.948671741993,4,71.0,307,2,1,5,0,0,8
4664.962518576009,4,0.0,307,0,2,5,1,0,8
4665.976736677985,4,20.25,306,0,1,7,0,0,8
4666.987785241974,4,0.0,306,0,1,6,1,0,8
4667.999237004027,4,93.5,306,0,1,5,1,1,8
4669.01207547501,4,94.25,304,2,1,5,0,0,8
4670.026695101988,4,47.75,304,0,0,8,0,0,8
4671.041041164019,4,95.5,304,0,0,7,1,0,8
4672.055294216028,4,94.5,304,0,0,6,2,0,8
4673.069252007001,4,93.75,301,3,0,5,0,0,8
4674.083917607029,4,1.75,300,1,3,4,0,0,8
4675.097960210987,4,23.25,298,2,3,3,0,0,8
4676.111433867016,4,0.0,298,1,4,2,1,0,8
4677.125494676991,4,23.25,298,1,4,2,0,1,8
4678.139472983021,4,23.5,297,2,3,3,0,0,8
4679.153772219026,4,23.0,296,1,2,5,0,0,8
4680.164202130982,4,5.75,295,0,4,4,0,0,8
4681.176629666996,4,0.0,295,0,4,4,0,0,8
4682.190361885994,4,47.5,295,0,3,4,1,0,8
4683.204413448984,4,70.5,293,2,1,5,0,0,8
4684.218261396978,4,52.25,292,2,1,5,0,0,8
4685.232226533,4,31.5,291,1,2,5,0,0,8
4686.244169629004,4,65.75,291,1,2,4,1,0,8
4687.257309865032,4,70.25,290,1,1,6,0,0,8
4688.271261867019,4,70.0,288,3,0,5,0,0,8
4689.285129598982,4,54.25,286,4,0,4,0,0,8
4690.298714968027,4,46.25,286,3,1,2,1,1,8
4691.312182364985,4,25.75,284,2,4,2,0,0,8
4692.32434309501,4,22.25,284,1,2,5,0,0,8
4693.33829375502,4,27.25,284,0,1,5,1,1,8
4694.351222574012,4,46.75,284,0,1,3,2,2,8
4695.365500538028,4,44.25,280,4,0,3,0,1,8
4696.380241192004,4,69.0,280,4,0,2,1,1,8
4697.393066391,4,19.0,278,3,2,3,0,0,8
4698.40697549202,4,26.75,278,0,2,3,1,2,8
4699.419674015022,4,38.75,275,3,2,2,0,1,8
4700.430074345029,4,47.0,274,4,0,4,0,0,8
4701.442454298027,4,73.0,273,1,3,4,0,0,8
4702.453791783017,4,69.5,273,1,1,5,1,0,8
4703.468686170992,4,95.75,273,1,1,5,0,1,8
4704.482425645983,4,71.0,272,1,1,6,0,0,8
4705.4959172810195,4,0.0,271,1,2,5,0,0,8
4706.509825316025,4,70.5,271,1,0,5,2,0,8
4707.523320390028,4,94.5,271,0,1,5,2,0,8
4708.540436497016,4,69.75,269,2,1,5,0,0,8
4709.553020177002,4,40.5,269,0,2,5,1,0,8
4710.565477775992,4,33.25,267,2,2,4,0,0,8
4711.572892506025,4,61.75,267,2,2,3,1,0,8
4712.586740064027,4,46.25,266,3,1,3,0,1,8
4713.600813544006,4,56.75,265,2,1,5,0,0,8
4714.61283532501,4,53.25,265,0,2,6,0,0,8
4715.623948580993,4,94.5,265,0,2,4,2,0,8
4716.633542169002,4,95.0,263,2,0,6,0,0,8
4717.644598171988,4,94.0,262,3,0,5,0,0,8
4718.658756944991,4,86.0,262,1,1,6,0,0,8
4719.672409471008,4,93.25,262,0,2,5,0,1,8
4720.68436044798,4,1.0,261,1,0,7,0,0,8
4721.697433385998,4,94.75,261,0,0,8,0,0,8
4722.711366506002,4,4.25,260,0,1,7,0,0,8
4723.725311812013,4,93.75,260,0,1,6,0,1,8
4724.7380980490125,4,69.0,257,3,1,4,0,0,8
4725.751716736995,4,71.25,257,3,0,5,0,0,8
4726.766043421987,4,70.25,257,3,0,4,1,0,8
4727.77950288303,4,20.5,256,1,2,4,0,1,8
4728.79342553101,4,70.0,255,1,2,5,0,0,8
4729.807470789994,4,41.5,255,0,2,5,1,0,8
4730.821372366976,4,93.75,255,0,2,4,2,0,8
4731.835507805983,4,66.25,253,2,1,5,0,0,8
4732.849534904002,4,70.0,252,3,1,3,0,1,8
4733.863204454014,4,47.5,252,1,2,4,0,1,8
4734.876822318009,4,46.5,252,1,1,4,1,1,8
4735.890472644009,4,70.0,249,3,2,3,0,0,8
4736.904785319988,4,26.25,248,4,1,3,0,0,8
4737.918532074022,4,4.0,248,1,2,5,0,0,8
4738.9320815519895,4,50.75,248,1,2,5,0,0,8
4739.94585138699,4,71.25,248,1,1,5,0,1,8
4740.95948342199,4,95.75,247,1,1,6,0,0,8
4741.973528228991,4,57.25,247,0,1,6,0,1,8
4742.987355336023,4,94.0,247,0,0,5,2,1,8
4744.00093552703,4,71.0,247,0,0,5,2,0,7
4745.013687106024,4,70.5,244,3,0,5,0,0,8
4746.027837064001,4,0.0,244,0,1,7,0,0,8
4747.040891545999,4,94.5,243,1,1,6,0,0,8
4748.051015857025,4,72.75,243,1,1,3,3,0,8
4749.064754110004,4,70.5,240,3,1,3,0,1,8
4750.080081138993,4,23.25,240,1,3,2,1,0,7
4751.092590316024,4,23.75,239,2,3,2,0,1,8
4752.106907471025,4,23.5,238,3,1,3,0,1,8
4753.118696057005,4,0.0,237,1,2,5,0,0,8
4754.132226534013,4,23.25,237,1,2,4,1,0,8
4755.146214430977,4,54.0,237,1,1,3,3,0,8
4756.160066656012,4,38.25,232,5,2,1,0,0,8
4757.174279867031,4,1.0,231,1,3,4,0,0,8
4758.188162302016,4,22.5,231,1,1,4,1,1,8
4759.201441926998,4,65.75,231,1,1,4,1,1,8
4760.2160994730075,4,70.0,229,3,0,5,0,0,8
4761.229832148994,4,18.25,228,1,2,5,0,0,8
4762.241450281988,4,2.0,228,1,1,6,0,0,8
4763.255020725017,4,33.0,228,1,1,3,3,0,8
4764.268964732997,4,23.5,228,1,1,2,4,0,8
4765.28309622698,4,2.75,224,4,0,4,0,0,8
4766.29709705303,4,23.5,222,2,3,3,0,0,8
4767.311518612027,4,10.0,222,1,4,2,1,0,8
4768.323593977024,4,23.5,222,1,4,1,2,0,8
4769.337521385984,4,24.0,222,1,3,2,0,2,8
4770.352352312999,4,48.25,220,1,4,3,0,0,8
4771.366347251984,4,34.75,219,1,3,4,0,0,8
4772.380490433017,4,92.75,219,1,1,4,2,0,8
4773.39362700301,4,92.5,219,1,1,4,0,2,8
4774.405530278978,4,23.5,217,2,2,4,0,0,8
4775.419464665989,4,47.0,217,2,2,2,1,1,8
4776.433784305002,4,38.0,215,2,3,3,0,0,8
4777.447571452009,4,70.75,215,1,1,5,0,1,8
4778.456255545025,4,0.0,214,1,2,5,0,0,8
4779.469641031988,4,71.0,214,1,2,4,0,1,8
4780.483329951996,4,47.75,214,1,2,2,2,1,8
4781.497219618992,4,47.0,214,1,2,2,2,1,8
4782.511085454025,4,47.75,214,1,2,2,2,1,8
4783.524275171978,4,46.75,214,1,2,2,2,1,8
4784.538381611987,4,46.75,214,1,2,1,3,1,8
4785.551925168023,4,0.0,214,1,2,0,4,1,8
4786.564692289976,4,0.0,214,1,2,0,4,1,8
4787.578309769975,4,0.0,214,1,2,0,4,1,8
4788.591950263013,4,0.0,214,1,2,0,4,1,8
4789.605249919987,4,0.0,214,1,2,0,4,1,8
4790.619306768989,4,0.0,214,1,2,0,4,1,8
4791.632978942012,4,0.0,214,1,2,0,4,1,8
4792.646490158979,4,0.0,214,1,2,0,4,1,8
4793.660393256985,4,0.0,214,1,2,0,4,1,8
4794.673957862018,4,0.0,214,1,2,0,4,1,8
4795.687768728996,4,0.0,214,1,2,0,4,1,8
4796.701828953985,4,0.0,214,1,2,0,4,1,8
4797.715417088999,4,0.0,214,1,2,0,4,1,8
4798.727106550999,4,0.0,214,1,2,0,4,1,8
4799.7408817230025,4,0.0,214,1,2,0,4,1,8
4800.754922726017,4,0.0,214,1,2,0,4,1,8
4801.768807988032,4,0.0,214,1,2,0,4,1,8
4802.78169669403,4,0.0,214,1,2,0,4,1,8
4803.795858383004,4,0.0,214,1,2,0,4,1,8
4804.809487676015,4,0.0,214,1,2,0,4,1,8
4805.823233443021,4,0.0,214,1,2,0,4,1,8
4806.836698230007,4,0.0,214,1,2,0,4,1,8
4807.85034827498,4,0.0,214,1,2,0,0,5,8
4808.864349060983,4,36.25,209,1,5,2,0,0,8
4809.878266410029,4,30.5,209,0,5,2,0,1,8
4810.892294786987,4,24.0,209,0,5,2,0,0,7
4811.905778868997,4,71.75,209,0,3,4,0,0,7
4812.918313734001,4,83.75,208,1,2,5,0,0,8
4813.930298155989,4,85.0,208,0,1,7,0,0,8
4814.944629924023,4,67.75,207,1,0,6,0,1,8
4815.958106314007,4,94.5,207,1,0,6,0,1,8
4816.965605393983,4,94.0,206,2,0,6,0,0,8
4817.9795850209775,4,23.5,206,0,1,7,0,0,8
4818.990692868014,4,67.0,205,1,1,6,0,0,8
4820.0048690700205,4,64.5,205,1,1,5,1,0,8
4821.018737598031,4,94.25,203,2,1,4,0,1,8
4822.032577187987,4,46.75,202,1,2,4,0,1,8
4823.045607533015,4,65.0,200,2,2,3,0,1,8
4824.059209418017,4,43.5,199,3,1,3,1,0,8
4825.071189253009,4,46.75,199,3,1,2,1,1,8
4826.083578135993,4,47.75,198,2,2,2,0,2,8
4827.098272314994,4,23.5,196,2,3,2,0,1,8
4828.109082709008,4,0.0,195,3,1,4,0,0,8
4829.123345515982,4,47.25,195,3,1,2,0,2,8
4830.137672439974,4,27.0,193,5,1,2,0,0,8
4831.1516735139885,4,70.25,193,0,3,4,0,1,8
4832.16337425902,4,10.0,192,1,3,4,0,0,8
4833.177319795999,4,46.5,192,1,3,3,1,0,8
4834.189452233026,4,48.0,192,1,3,2,0,2,8
4835.201826996985,4,16.25,189,1,5,2,0,0,8
4836.21467075299,4,34.5,189,1,1,5,1,0,8
4837.228923625022,4,72.0,189,1,1,3,3,0,8
4838.24264988699,4,70.75,189,1,1,3,0,3,8
4839.256609799981,4,56.25,186,2,2,4,0,0,8
4840.266931856982,4,26.0,185,1,2,5,0,0,8
4841.281204393017,4,48.75,185,1,1,6,0,0,8
4842.293375588022,4,93.25,185,1,1,6,0,0,8
4843.309144068975,4,46.5,185,0,2,6,0,0,8
4844.321218736994,4,58.0,185,0,2,6,0,0,8
4845.328146137996,4,23.75,184,1,1,6,0,0,8
4846.342074370012,4,76.0,184,1,0,5,1,1,8
4847.355497446028,4,51.75,183,1,1,5,0,1,8
4848.36634861998,4,70.25,182,1,1,6,0,0,8
4849.385637013009,4,23.0,181,1,1,5,0,1,8
4850.399259064987,4,94.5,181,1,1,4,1,1,8
4851.412948068988,4,70.5,181,1,1,3,2,1,8
4852.426773793006,4,0.0,178,3,2,2,0,1,8
4853.440797025978,4,23.75,177,1,3,4,0,0,8
4854.45405411598,4,23.25,177,1,1,6,0,0,8
4855.467684058007,4,93.25,177,1,1,4,2,0,8
4856.475904312974,4,0.0,176,1,2,4,0,1,8
4857.489863072988,4,78.25,175,1,1,6,0,0,8
4858.503907804028,4,29.0,175,0,1,7,0,0,8
4859.517124222009,4,95.5,175,0,1,7,0,0,8
4860.530876915029,4,50.0,174,1,0,7,0,0,8
4861.544433870004,4,93.75,174,1,0,7,0,0,8
4862.55832830898,4,93.5,174,0,1,5,0,2,8
4863.57200764399,4,95.25,173,1,1,2,3,1,8
4864.586225809995,4,9.75,169,2,1,5,0,0,8
4865.599845589022,4,94.75,169,2,1,5,0,0,8
4866.613695693028,4,70.5,169,2,1,3,0,2,8
4867.625598239014,4,71.0,168,1,2,3,1,1,8
4868.639726363006,4,25.75,166,1,2,5,0,0,8
4869.653183137008,4,76.25,166,0,2,5,1,0,8
4870.666723463975,4,70.5,166,0,2,4,0,2,8
4871.680137499003,4,0.0,165,1,2,4,0,1,8
4872.693698394985,4,47.5,164,2,1,3,2,0,8
4873.705151678005,4,0.0,162,3,2,3,0,0,8
4874.717449099,4,47.0,162,3,2,1,2,0,8
4875.731115393981,4,25.0,159,5,1,1,0,1,8
4876.744754554995,4,23.25,158,1,5,2,0,0,8
4877.7586457100115,4,50.75,158,0,5,3,0,0,8
4878.772144204006,4,72.75,158,0,3,5,0,0,8
4879.78616091999,4,92.75,158,0,2,6,0,0,8
4880.799512156984,4,95.25,158,0,1,7,0,0,8
4881.813554667984,4,93.25,158,0,0,8,0,0,8
4882.827230732015,4,93.5,158,0,0,7,1,0,8
4883.841379910009,4,94.0,158,0,0,7,0,1,8
4884.855272313987,4,76.75,156,2,0,6,0,0,8
4885.869226881012,4,62.0,155,1,2,5,0,0,8
4886.8812058600015,4,23.0,155,1,2,4,1,0,8
4887.894356843026,4,35.0,155,1,2,1,3,1,8
4888.908474264026,4,0.0,153,3,2,0,1,2,8
4889.9221365040285,4,1.25,150,1,5,2,0,0,8
4890.93618709303,4,64.75,150,1,3,4,0,0,8
4891.947573504003,4,61.75,150,1,3,4,0,0,8
4892.961735750025,4,70.75,150,0,1,7,0,0,8
4893.975544283981,4,92.5,149,1,1,6,0,0,8
4894.989771398017,4,32.5,149,1,0,6,1,0,8
4896.003834430012,4,93.75,149,0,1,4,2,1,8
4897.015722280019,4,70.5,147,2,1,4,0,1,8
4898.029657001025,4,44.0,147,1,1,5,0,1,8
4899.043023222999,4,44.0,146,0,2,5,0,1,8
4900.056849914021,4,46.25,146,0,2,4,1,1,8
4901.070654361974,4,70.25,144,2,2,4,0,0,8
4902.081372337008,4,28.5,144,1,2,5,0,0,8
4903.095484948019,4,47.5,143,1,2,4,0,1,8
4904.109750071017,4,23.25,142,2,2,4,0,0,8
4905.1238042800105,4,71.75,142,0,2,6,0,0,8
4906.137882805022,4,43.0,142,0,2,5,1,0,8
4907.150793357985,4,71.75,141,1,2,5,0,0,8
4908.1652554909815,4,56.75,141,0,1,6,0,1,8
4909.177337086992,4,93.0,137,4,1,2,0,1,8
4910.191209401994,4,10.25,136,5,1,2,0,0,8
4911.205152461014,4,47.75,136,5,1,1,0,1,8
4912.218742963974,4,0.0,135,3,4,1,0,0,8
4913.2330275429995,4,23.5,135,3,3,2,0,0,8
4914.246678786993,4,48.75,135,0,4,4,0,0,8
4915.254861019028,4,70.5,135,0,1,7,0,0,8
4916.268680042005,4,63.25,135,0,0,8,0,0,8
4917.282164818025,4,46.5,134,1,0,7,0,0,8
4918.293572012975,4,75.5,134,0,0,7,1,0,8
4919.305507293029,4,94.5,134,0,0,6,2,0,8
4920.3191660710145,4,83.5,133,1,0,6,0,1,8
4921.33208880102,4,50.25,132,0,2,6,0,0,8
4922.346089144994,4,95.0,132,0,0,7,0,1,8
4923.36001191102,4,95.0,132,0,0,4,3,1,8
4924.372022691008,4,60.25,128,4,0,3,0,1,8
4925.385469342,4,92.5,127,0,3,5,0,0,8
4926.396770698018,4,71.75,127,0,2,5,0,1,8
4927.410969479999,4,96.0,127,0,1,6,0,1,8
4928.4249388870085,4,70.0,126,1,0,7,0,0,8
4929.438678965031,4,90.75,126,0,1,7,0,0,8
4930.44996210403,4,95.75,126,0,0,7,1,0,8
4931.461164205975,4,94.25,126,0,0,5,3,0,8
4932.474674036028,4,51.75,123,3,0,5,0,0,8
4933.486181668006,4,46.75,123,0,3,5,0,0,8
4934.498256194987,4,0.0,122,1,1,6,0,0,8
4935.512887497025,4,93.75,122,1,1,4,2,0,8
4936.526612060028,4,70.25,122,1,1,3,2,1,8
4937.540789516002,4,0.0,118,4,1,3,0,0,8
4938.554299760028,4,72.25,117,1,2,5,0,0,8
4939.568390150031,4,0.0,117,0,2,6,0,0,8
4940.580812348984,4,88.5,117,0,0,8,0,0,8
4941.594904061989,4,84.25,117,0,0,8,0,0,8
4942.608966703992,4,48.75,116,1,0,7,0,0,8
4943.62250873103,4,87.75,115,1,0,7,0,0,8
4944.636167253018,4,90.75,115,1,0,5,2,0,8
4945.649766682007,4,93.75,112,3,1,4,0,0,8
4946.663617932994,4,33.5,112,0,2,5,0,1,8
4947.677535139024,4,94.75,111,0,1,7,0,0,8
4948.691046311986,4,70.5,111,0,1,3,4,0,8
4949.704638255993,4,47.75,111,0,1,2,5,0,8
4950.718418145028,4,16.25,106,5,0,3,0,0,8
4951.732413456019,4,16.5,105,0,1,6,1,0,8
4952.746133293025,4,6.0,103,2,1,5,0,0,8
4953.760056019004,4,93.5,103,2,1,3,2,0,8
4954.7739747680025,4,70.75,102,2,2,3,0,1,8
4955.787889470987,4,23.25,101,2,3,3,0,0,8
4956.800497389981,4,15.25,101,2,1,4,1,0,8
4957.814046024985,4,68.0,101,2,1,3,2,0,8
4958.827823829022,4,47.75,101,2,1,3,2,0,8
4959.84147641703,4,47.5,101,2,1,2,3,0,8
4960.855710068019,4,23.75,101,2,1,1,4,0,8
4961.870060166984,4,24.0,101,2,1,1,4,0,8
4962.881751223002,4,23.25,101,2,1,1,4,0,8
4963.892199823982,4,0.0,101,2,1,0,5,0,8
4964.90572106,4,0.0,101,2,1,0,5,0,8
4965.919517100032,4,0.0,101,2,1,0,5,0,8
4966.933380957984,4,0.0,101,2,1,0,5,0,8
4967.946565021004,4,0.0,101,2,1,0,5,0,8
4968.958565324021,4,0.0,101,2,1,0,5,0,8
4969.972341670014,4,0.0,101,2,1,0,5,0,8
4970.986310543027,4,0.0,101,2,1,0,5,0,8
4972.010913405975,4,0.0,101,2,1,0,5,0,8
4973.024615250004,4,0.0,101,2,1,0,5,0,8
4974.038859657012,4,0.0,101,2,1,0,5,0,8
4975.052812426002,4,0.0,101,2,1,0,5,0,8
4976.066630317015,4,0.0,101,2,1,0,5,0,8
4977.079569115012,4,0.0,101,2,1,0,5,0,8
4978.092965189018,4,0.0,101,2,1,0,5,0,8
4979.107070857019,4,0.0,101,2,1,0,5,0,8
4980.120970365999,4,0.0,101,2,1,0,5,0,8
4981.134841394029,4,0.0,101,2,1,0,5,0,8
4982.148362039006,4,0.0,101,2,1,0,5,0,8
4983.162136788014,4,0.0,101,2,1,0,5,0,8
4984.176136073016,4,0.0,101,2,1,0,5,0,8
4985.189547955,4,0.0,101,2,1,0,5,0,8
4986.203188563988,4,0.0,101,2,1,0,5,0,8
4987.216608692019,4,0.0,101,2,1,0,0,5,8
4988.230774514028,4,0.0,99,4,1,0,0,1,6
4989.2446234960225,4,0.25,96,7,0,0,0,1,8
4990.258033637016,4,0.0,96,5,2,0,0,0,7
4991.27181634499,4,0.0,95,6,0,2,0,0,8
4992.280134750996,4,26.0,95,0,6,2,0,0,8
4993.293448882003,4,24.75,95,0,6,2,0,0,8
4994.30686741299,4,23.0,95,0,5,3,0,0,8
4995.323569698026,4,54.25,94,1,2,5,0,0,8
4996.3362888580305,4,62.25,94,0,3,5,0,0,8
4997.34989166999,4,93.75,94,0,2,6,0,0,8
4998.363724660012,4,96.25,94,0,0,8,0,0,8
4999.375377845019,4,24.5,93,0,1,6,0,1,8
5000.38887658302,4,24.0,92,1,1,6,0,0,8
5001.402971823001,4,94.25,92,1,1,5,1,0,8
5002.413771740976,4,70.0,92,1,0,5,0,2,8
5003.426746313984,4,53.0,90,0,2,6,0,0,8
5004.435662053991,4,0.0,89,1,2,5,0,0,8
5005.445804190997,4,95.25,89,1,0,7,0,0,8
5006.460808901,4,94.75,89,1,0,7,0,0,8
5007.474283393996,4,29.5,88,1,1,4,2,0,8
5008.4879650159855,4,35.25,86,3,1,3,0,1,8
5009.5015230089775,4,31.75,85,3,2,3,0,0,8
5010.515164431999,4,47.0,85,3,2,3,0,0,8
5011.528733348998,4,8.25,84,4,1,3,0,0,8
5012.542361220985,4,70.5,84,1,2,5,0,0,8
5013.554610193009,4,45.75,84,0,3,5,0,0,8
5014.568227574986,4,70.5,84,0,3,3,2,0,8
5015.580281272996,4,5.25,82,2,0,6,0,0,8
5016.593762974022,4,69.5,82,0,2,6,0,0,8
5017.605329630023,4,23.25,82,0,1,7,0,0,8
5018.618834481982,4,95.0,82,0,1,7,0,0,8
5019.632710263017,4,50.5,81,1,0,7,0,0,8
5020.641324763012,4,94.0,81,1,0,3,3,1,8
5021.654833088978,4,14.75,78,3,1,3,0,1,8
5022.670561852981,4,70.25,78,3,1,3,0,0,7
5023.684706352011,4,22.0,77,3,1,4,0,0,8
5024.695406089013,4,46.75,77,3,1,1,2,1,8
5025.704506372975,4,0.0,74,3,3,1,0,1,8
5026.718590220029,4,22.25,74,3,2,0,1,2,8
5027.731555687031,4,0.0,71,5,2,1,0,0,8
5028.745916492015,4,25.75,71,2,3,2,1,0,8
5029.759617648029,4,0.0,70,1,4,3,0,0,8
5030.771811047976,4,71.0,70,1,2,4,0,1,8
5031.785655558982,4,48.5,67,3,2,2,0,1,8
5032.797213964979,4,23.5,67,3,2,2,0,1,8
5033.811633621983,4,23.75,66,3,2,2,0,1,8
5034.825712797989,4,23.0,65,2,3,2,0,1,8
5035.839596965001,4,23.25,64,2,2,4,0,0,8
5036.853352117003,4,72.0,64,1,1,5,1,0,8
5037.867352025991,4,70.25,64,0,1,5,1,1,8
5038.880829297996,4,0.0,63,1,1,4,1,1,8
5039.8942510560155,4,46.25,59,2,1,5,0,0,8
5040.907904685999,4,35.5,59,1,2,4,1,0,8
5041.921670079988,4,94.5,59,1,2,3,1,1,8
5042.930970238987,4,0.0,58,1,2,4,0,1,8
5043.943910475005,4,73.5,57,0,2,6,0,0,8
5044.957669736003,4,23.25,57,0,1,7,0,0,8
5045.97163881798,4,93.75,57,0,1,6,1,0,8
5046.985413148999,4,93.0,56,1,0,7,0,0,8
5047.9995832790155,4,94.25,55,2,0,5,0,1,8
5049.010770338995,4,0.0,54,0,3,5,0,0,8
5050.025596730004,4,94.25,54,0,2,3,3,0,8
5051.03959993599,4,70.5,51,3,2,3,0,0,8
5052.051203397976,4,46.75,50,4,1,3,0,0,8
5053.065084474976,4,70.0,50,0,3,5,0,0,8
5054.077792320983,4,46.25,50,0,2,5,1,0,8
5055.090958431014,4,94.0,50,0,2,3,2,1,8
5056.100631260022,4,70.5,47,3,1,4,0,0,8
5057.113145211013,4,48.25,47,1,2,5,0,0,8
5058.127001432993,4,92.25,47,0,2,6,0,0,8
5059.140767120989,4,91.75,47,0,1,7,0,0,8
5060.153913368005,4,94.5,47,0,0,7,0,1,8
5061.165725125,4,93.5,45,2,0,6,0,0,8
5062.177616172994,4,36.25,45,0,1,7,0,0,8
5063.190220369026,4,57.75,45,0,1,5,1,1,8
5064.202182154986,4,89.75,45,0,1,5,0,2,8
5065.2160055210115,4,64.25,44,1,0,6,0,1,8
5066.229500477028,4,94.5,42,1,2,4,1,0,8
5067.242930843029,4,23.25,42,1,2,2,2,1,8
5068.25716633402,4,23.25,39,3,2,3,0,0,8
5069.269538516004,4,47.5,39,3,1,4,0,0,8
5070.283642375027,4,67.25,39,3,1,2,1,1,8
5071.2972415030235,4,71.0,38,1,1,5,0,1,8
5072.3095092999865,4,58.75,36,2,2,4,0,0,8
5073.322924392996,4,71.25,36,0,2,5,1,0,8
5074.335229585995,4,94.0,36,0,1,6,0,1,8
5075.346356884984,4,83.25,35,1,0,7,0,0,8
5076.3571374490275,4,95.0,35,0,1,7,0,0,8
5077.371052864997,4,31.25,34,1,1,5,1,0,8
5078.384600877005,4,12.75,33,2,0,6,0,0,8
5079.3985087639885,4,35.75,32,1,2,4,1,0,8
5080.410954064981,4,72.25,32,1,1,5,0,1,8
5081.424728645012,4,72.0,31,2,0,5,1,0,8
5082.435557343997,4,46.75,31,2,0,3,2,1,8
5083.449755789014,4,0.0,28,3,2,1,1,1,8
5084.463634506974,4,8.5,27,2,4,1,0,1,8
5085.477852023032,4,0.0,26,1,5,2,0,0,8
5086.491362533998,4,23.75,26,1,4,1,1,1,8
5087.502285644005,4,7.5,24,2,5,1,0,0,8
5088.515254669008,4,24.0,24,2,3,3,0,0,8
5089.529099505977,4,0.0,21,5,2,1,0,0,8
5090.542822714022,4,42.25,21,2,2,3,1,0,8
5091.5563974350225,4,0.0,20,1,4,1,1,1,8
5092.569591865002,4,23.25,20,1,3,1,2,1,8
5093.583365791012,4,0.0,18,3,3,0,0,2,8
5094.594573013019,4,0.0,16,4,3,1,0,0,8
5095.608227338002,4,76.0,15,1,2,4,1,0,8
5096.621793714003,4,0.0,13,2,2,3,1,0,8
5097.635651357006,4,23.25,13,1,3,1,2,1,8
5098.644521182985,4,23.75,11,3,2,2,0,1,8
5099.65683902899,4,23.5,10,3,3,1,0,1,8
5100.668950528023,4,0.0,9,4,0,4,0,0,8
5101.682495708985,4,0.5,9,4,0,0,1,3,8
5102.694867804006,4,4.75,8,1,2,2,0,3,8
5103.707379408006,4,21.5,4,5,2,1,0,0,8
5104.721044986974,4,2.0,4,0,6,2,0,0,8
5105.734697584005,4,12.25,4,0,4,1,2,1,8
5106.748385365994,4,0.0,2,2,4,0,0,2,8
5107.762284368975,4,0.0,0,4,3,1,0,0,8
5108.774053486006,4,0.0,0,2,3,2,0,1,8
5109.786148309009,4,15.75,0,1,3,1,1,1,7
5110.799743115029,4,0.25,0,1,1,3,0,0,5
5111.813485931023,4,57.0,0,1,1,0,2,1,5
5112.824866048002,4,24.75,0,0,1,0,0,1,2
5113.8375084539875,4,0.0,0,0,1,0,0,0,1
5114.851223038975,4,23.0,0,0,0,1,0,0,1
5115.864820474002,4,0.0,0,0,0,0,1,0,1
