request_id,source,role,round,adapter_id,source_request_id,rank,footprint_bytes,admitted_after_accept,actual_tokens,prompt_sha256,native_prompt_sha256,output_sha256,D_ms,T_ms,O_ms,TPOT_ms
source-profile/w0/l0,gpu,kernel_warmup_retained,-1,code_lora,req_00012,8,228130816,1,256,7a3cfb0f299c64411886e734351f7ab324fca84c16b608fbec7cafb7510a76d9,348b7639c10a2ce2fece81f7a6de42bc7bbbea416149edd24003e3bb3c952936,172e03d6e94c01544b630160caa37995c02c1918e2ac48dcb2ef9e3c62c26c11,0.0,318.45324599999003,6954.430305000642,27.27227570588487
source-profile/w0/l1,gpu,kernel_warmup_retained,-1,code_lora_0015,req_00015,16,228130816,2,256,7a3cfb0f299c64411886e734351f7ab324fca84c16b608fbec7cafb7510a76d9,348b7639c10a2ce2fece81f7a6de42bc7bbbea416149edd24003e3bb3c952936,172e03d6e94c01544b630160caa37995c02c1918e2ac48dcb2ef9e3c62c26c11,0.0,244.73907699939446,6895.595705000233,27.04155178431464
source-profile/w0/l2,gpu,kernel_warmup_retained,-1,ecommerce_lora_0009,req_00018,8,228130816,3,183,664eaa1bf1ac5c08deb1859d12fc7b2ce712c9b372e8d249ab11b1d176d4534e,d3a08bc425110f1eeb259fec1ea1f627f48e72e3ac7ad1acec1702f2602d7eb4,3c3984d849c080d196b84647ba889f63466bd9f35049e1ede650aae016560a1a,0.0,184.6413909988769,5348.623083000348,29.38803891758433
source-profile/w0/l3,gpu,kernel_warmup_retained,-1,ecommerce_lora_0057,req_00673,16,228130816,4,9,23a66aa95a18b17b5db1d5bc0623b1425e3f26a47d4dba35a1db5991f6e15f90,5a9d4667a90cf720dc638e68d9fee82dd5c85e8ea34247f070a9c75ac27f53df,62b7dd6cca4ec538a5d9637815d1c45d96b43a38ec3f2431bc25d07f390aa1ea,0.0,176.93424500066612,691.1400009994395,86.39250012492994
source-profile/w0/l4,gpu,kernel_warmup_retained,-1,education_lora_0007,req_00017,16,228130816,5,256,ac8cf775611dd6156fb5f98c48ff5809a5d69a549ab55d38f6e08eb24212e02a,bd1e7f4de54828c23c3afef57a4f8f0cfee7765bea5b1bd80f18fa696f1dac06,2be35dbfcfb05e08d10723bb185e73142fb68e83aabf4bf843837ce840e7fa47,0.0,195.86920000074315,6435.149166998599,25.235879086269016
source-profile/w0/l5,gpu,kernel_warmup_retained,-1,education_lora_0043,req_00016,8,228130816,6,173,45feb5eec12e478bc4d56445e9b6cc2d23d030cd8b4a3c54420edf8e7edb8884,5fa3e82e7b2376c7d05647dafb2577848da6b3e32939d664d13320977e908495,e7ec197e29c202f2c1009663adf7a35b4775636c058114180958ed01e20e97bf,0.0,203.74420000007376,4692.813261999618,27.2837980348815
source-profile/w0/l6,gpu,kernel_warmup_retained,-1,finance_lora,req_00000,8,228130816,7,152,d48b8782cd47f7438837d530fb7e329f42e0f7bb1857c4cf7e53acb3c9417cc6,4b44bba8c651135bfcef9ee97eac60acd845a77bd78ce8682b2b8cb9d66286c9,3ef0c537d8ee8d066ce918a4a6725799e67a329eb4f835ae4c42343b61ea6801,0.0,196.41284799945424,4069.6194659994944,26.95112229138738
source-profile/w0/l7,gpu,kernel_warmup_retained,-1,finance_lora_0073,req_00000,16,228130816,8,152,d48b8782cd47f7438837d530fb7e329f42e0f7bb1857c4cf7e53acb3c9417cc6,4b44bba8c651135bfcef9ee97eac60acd845a77bd78ce8682b2b8cb9d66286c9,3ef0c537d8ee8d066ce918a4a6725799e67a329eb4f835ae4c42343b61ea6801,0.0,164.0555440008029,3980.4665939991537,26.360705920524197
source-profile/w1/l0,remote,representative_measurement,0,code_lora,req_00012,8,56327468,1,256,7a3cfb0f299c64411886e734351f7ab324fca84c16b608fbec7cafb7510a76d9,348b7639c10a2ce2fece81f7a6de42bc7bbbea416149edd24003e3bb3c952936,172e03d6e94c01544b630160caa37995c02c1918e2ac48dcb2ef9e3c62c26c11,815.8897329994943,160.35700700012967,7047.063818999959,27.635544388235132
source-profile/w1/l1,remote,representative_measurement,0,code_lora_0015,req_00015,16,56327468,2,256,7a3cfb0f299c64411886e734351f7ab324fca84c16b608fbec7cafb7510a76d9,348b7639c10a2ce2fece81f7a6de42bc7bbbea416149edd24003e3bb3c952936,172e03d6e94c01544b630160caa37995c02c1918e2ac48dcb2ef9e3c62c26c11,1008.5188150005706,612.8203860007488,6700.260743999024,26.275532329407937
source-profile/w1/l2,remote,representative_measurement,0,ecommerce_lora_0009,req_00018,8,32210220,3,183,664eaa1bf1ac5c08deb1859d12fc7b2ce712c9b372e8d249ab11b1d176d4534e,d3a08bc425110f1eeb259fec1ea1f627f48e72e3ac7ad1acec1702f2602d7eb4,ba01a4b9d8875b6a3f1f695140b76cf7f6f6872ac91411df698ed283f7d3fb26,839.7291109995422,263.16801000029955,5449.3472180001845,29.941468230770244
source-profile/w1/l3,remote,representative_measurement,0,ecommerce_lora_0057,req_00673,16,32210220,4,9,23a66aa95a18b17b5db1d5bc0623b1425e3f26a47d4dba35a1db5991f6e15f90,5a9d4667a90cf720dc638e68d9fee82dd5c85e8ea34247f070a9c75ac27f53df,62b7dd6cca4ec538a5d9637815d1c45d96b43a38ec3f2431bc25d07f390aa1ea,1476.0675280012947,244.1514370002551,168.24102499958826,21.030128124948533
source-profile/w1/l4,remote,representative_measurement,0,education_lora_0007,req_00017,16,36404524,5,256,ac8cf775611dd6156fb5f98c48ff5809a5d69a549ab55d38f6e08eb24212e02a,bd1e7f4de54828c23c3afef57a4f8f0cfee7765bea5b1bd80f18fa696f1dac06,2be35dbfcfb05e08d10723bb185e73142fb68e83aabf4bf843837ce840e7fa47,1633.3747360004054,609.5291609999549,6242.262092999226,24.47945918823226
source-profile/w1/l5,remote,representative_measurement,0,education_lora_0043,req_00016,8,36404524,6,173,45feb5eec12e478bc4d56445e9b6cc2d23d030cd8b4a3c54420edf8e7edb8884,5fa3e82e7b2376c7d05647dafb2577848da6b3e32939d664d13320977e908495,e7ec197e29c202f2c1009663adf7a35b4775636c058114180958ed01e20e97bf,2056.323845999941,265.297111000109,4692.287650001163,27.280742151169548
source-profile/w1/l6,remote,representative_measurement,0,finance_lora,req_00000,8,42695980,7,152,d48b8782cd47f7438837d530fb7e329f42e0f7bb1857c4cf7e53acb3c9417cc6,4b44bba8c651135bfcef9ee97eac60acd845a77bd78ce8682b2b8cb9d66286c9,3ef0c537d8ee8d066ce918a4a6725799e67a329eb4f835ae4c42343b61ea6801,2417.2222050001437,259.25416099926224,3988.7445570002455,26.415526867551296
source-profile/w1/l7,remote,representative_measurement,0,finance_lora_0073,req_00000,16,42695980,8,152,d48b8782cd47f7438837d530fb7e329f42e0f7bb1857c4cf7e53acb3c9417cc6,4b44bba8c651135bfcef9ee97eac60acd845a77bd78ce8682b2b8cb9d66286c9,3ef0c537d8ee8d066ce918a4a6725799e67a329eb4f835ae4c42343b61ea6801,2265.8570830008102,269.57095699981437,4064.2899939994095,26.915827774830525
source-profile/w2/l0,nvme,representative_measurement,0,code_lora,req_00012,8,56352768,1,256,7a3cfb0f299c64411886e734351f7ab324fca84c16b608fbec7cafb7510a76d9,348b7639c10a2ce2fece81f7a6de42bc7bbbea416149edd24003e3bb3c952936,172e03d6e94c01544b630160caa37995c02c1918e2ac48dcb2ef9e3c62c26c11,46.262901998488815,342.0547630012152,7266.2839149998035,28.495231039214914
source-profile/w2/l1,nvme,representative_measurement,0,code_lora_0015,req_00015,16,56352768,2,256,7a3cfb0f299c64411886e734351f7ab324fca84c16b608fbec7cafb7510a76d9,348b7639c10a2ce2fece81f7a6de42bc7bbbea416149edd24003e3bb3c952936,172e03d6e94c01544b630160caa37995c02c1918e2ac48dcb2ef9e3c62c26c11,72.15764800093893,450.89540899971325,7076.733212999898,27.751894952940773
source-profile/w2/l2,nvme,representative_measurement,0,ecommerce_lora_0009,req_00018,8,32235520,3,183,664eaa1bf1ac5c08deb1859d12fc7b2ce712c9b372e8d249ab11b1d176d4534e,d3a08bc425110f1eeb259fec1ea1f627f48e72e3ac7ad1acec1702f2602d7eb4,ba01a4b9d8875b6a3f1f695140b76cf7f6f6872ac91411df698ed283f7d3fb26,115.28549600006954,535.9718809995684,5450.683279999794,29.9488092307681
source-profile/w2/l3,nvme,representative_measurement,0,ecommerce_lora_0057,req_00673,16,32235520,4,9,23a66aa95a18b17b5db1d5bc0623b1425e3f26a47d4dba35a1db5991f6e15f90,5a9d4667a90cf720dc638e68d9fee82dd5c85e8ea34247f070a9c75ac27f53df,62b7dd6cca4ec538a5d9637815d1c45d96b43a38ec3f2431bc25d07f390aa1ea,140.80267500139598,594.2981799998961,710.9077859986428,88.86347324983035
source-profile/w2/l4,nvme,representative_measurement,0,education_lora_0007,req_00017,16,36429824,5,256,ac8cf775611dd6156fb5f98c48ff5809a5d69a549ab55d38f6e08eb24212e02a,bd1e7f4de54828c23c3afef57a4f8f0cfee7765bea5b1bd80f18fa696f1dac06,2be35dbfcfb05e08d10723bb185e73142fb68e83aabf4bf843837ce840e7fa47,170.3728129996307,646.5285190006398,6340.107089999947,24.86316505882332
source-profile/w2/l5,nvme,representative_measurement,0,education_lora_0043,req_00016,8,36429824,6,173,45feb5eec12e478bc4d56445e9b6cc2d23d030cd8b4a3c54420edf8e7edb8884,5fa3e82e7b2376c7d05647dafb2577848da6b3e32939d664d13320977e908495,e7ec197e29c202f2c1009663adf7a35b4775636c058114180958ed01e20e97bf,167.2246179987269,509.1474010005186,4664.976485000807,27.121956308144227
source-profile/w2/l6,nvme,representative_measurement,0,finance_lora,req_00000,8,42721280,7,152,d48b8782cd47f7438837d530fb7e329f42e0f7bb1857c4cf7e53acb3c9417cc6,4b44bba8c651135bfcef9ee97eac60acd845a77bd78ce8682b2b8cb9d66286c9,3ef0c537d8ee8d066ce918a4a6725799e67a329eb4f835ae4c42343b61ea6801,188.26654099939333,342.3133140004211,4094.2362980003963,27.114147668876797
source-profile/w2/l7,nvme,representative_measurement,0,finance_lora_0073,req_00000,16,42721280,8,152,d48b8782cd47f7438837d530fb7e329f42e0f7bb1857c4cf7e53acb3c9417cc6,4b44bba8c651135bfcef9ee97eac60acd845a77bd78ce8682b2b8cb9d66286c9,3ef0c537d8ee8d066ce918a4a6725799e67a329eb4f835ae4c42343b61ea6801,206.91190300021844,194.06212700050673,4005.215220999162,26.52460411257723
source-profile/w3/l0,file_host,representative_measurement,0,code_lora,req_00012,8,56352768,1,256,7a3cfb0f299c64411886e734351f7ab324fca84c16b608fbec7cafb7510a76d9,348b7639c10a2ce2fece81f7a6de42bc7bbbea416149edd24003e3bb3c952936,172e03d6e94c01544b630160caa37995c02c1918e2ac48dcb2ef9e3c62c26c11,54.900240000279155,405.3059019988723,7337.8307610000775,28.775806905882657
source-profile/w3/l1,file_host,representative_measurement,0,code_lora_0015,req_00015,16,56352768,2,256,7a3cfb0f299c64411886e734351f7ab324fca84c16b608fbec7cafb7510a76d9,348b7639c10a2ce2fece81f7a6de42bc7bbbea416149edd24003e3bb3c952936,172e03d6e94c01544b630160caa37995c02c1918e2ac48dcb2ef9e3c62c26c11,76.94383799935167,535.4628590011998,7121.665689999645,27.928100745096646
source-profile/w3/l2,file_host,representative_measurement,0,ecommerce_lora_0009,req_00018,8,32235520,3,183,664eaa1bf1ac5c08deb1859d12fc7b2ce712c9b372e8d249ab11b1d176d4534e,d3a08bc425110f1eeb259fec1ea1f627f48e72e3ac7ad1acec1702f2602d7eb4,ba01a4b9d8875b6a3f1f695140b76cf7f6f6872ac91411df698ed283f7d3fb26,159.40858599969943,584.5378889989661,5485.196438001367,30.138441967040478
source-profile/w3/l3,file_host,representative_measurement,0,ecommerce_lora_0057,req_00673,16,32235520,4,9,23a66aa95a18b17b5db1d5bc0623b1425e3f26a47d4dba35a1db5991f6e15f90,5a9d4667a90cf720dc638e68d9fee82dd5c85e8ea34247f070a9c75ac27f53df,62b7dd6cca4ec538a5d9637815d1c45d96b43a38ec3f2431bc25d07f390aa1ea,168.78933800035156,628.1765990006534,780.2821069999482,97.53526337499352
source-profile/w3/l4,file_host,representative_measurement,0,education_lora_0007,req_00017,16,36429824,5,256,ac8cf775611dd6156fb5f98c48ff5809a5d69a549ab55d38f6e08eb24212e02a,bd1e7f4de54828c23c3afef57a4f8f0cfee7765bea5b1bd80f18fa696f1dac06,2be35dbfcfb05e08d10723bb185e73142fb68e83aabf4bf843837ce840e7fa47,174.8630640013289,721.5845649989205,6310.318265001115,24.746346137259273
source-profile/w3/l5,file_host,representative_measurement,0,education_lora_0043,req_00016,8,36429824,6,173,45feb5eec12e478bc4d56445e9b6cc2d23d030cd8b4a3c54420edf8e7edb8884,5fa3e82e7b2376c7d05647dafb2577848da6b3e32939d664d13320977e908495,e7ec197e29c202f2c1009663adf7a35b4775636c058114180958ed01e20e97bf,182.83439000151702,570.0931609990221,4623.724045000927,26.882116540703063
source-profile/w3/l6,file_host,representative_measurement,0,finance_lora,req_00000,8,42721280,7,152,d48b8782cd47f7438837d530fb7e329f42e0f7bb1857c4cf7e53acb3c9417cc6,4b44bba8c651135bfcef9ee97eac60acd845a77bd78ce8682b2b8cb9d66286c9,3ef0c537d8ee8d066ce918a4a6725799e67a329eb4f835ae4c42343b61ea6801,207.75798700015002,386.95770999947854,4054.0011080011027,26.847689456960946
source-profile/w3/l7,file_host,representative_measurement,0,finance_lora_0073,req_00000,16,42721280,8,152,d48b8782cd47f7438837d530fb7e329f42e0f7bb1857c4cf7e53acb3c9417cc6,4b44bba8c651135bfcef9ee97eac60acd845a77bd78ce8682b2b8cb9d66286c9,3ef0c537d8ee8d066ce918a4a6725799e67a329eb4f835ae4c42343b61ea6801,225.35040299953835,197.90115400064678,3966.45602100034,26.267920668876425
source-profile/w4/l0,native_host,representative_measurement,0,code_lora,req_00012,8,9175040,1,256,7a3cfb0f299c64411886e734351f7ab324fca84c16b608fbec7cafb7510a76d9,348b7639c10a2ce2fece81f7a6de42bc7bbbea416149edd24003e3bb3c952936,172e03d6e94c01544b630160caa37995c02c1918e2ac48dcb2ef9e3c62c26c11,198.05573700068635,649.0155589999631,8476.127322999673,33.239714992155584
source-profile/w4/l1,native_host,representative_measurement,0,code_lora_0015,req_00015,16,18350080,2,256,7a3cfb0f299c64411886e734351f7ab324fca84c16b608fbec7cafb7510a76d9,348b7639c10a2ce2fece81f7a6de42bc7bbbea416149edd24003e3bb3c952936,172e03d6e94c01544b630160caa37995c02c1918e2ac48dcb2ef9e3c62c26c11,221.46410800087324,302.83908899946255,8102.918852000585,31.776152360786607
source-profile/w4/l2,native_host,representative_measurement,0,ecommerce_lora_0009,req_00018,8,9175040,3,183,664eaa1bf1ac5c08deb1859d12fc7b2ce712c9b372e8d249ab11b1d176d4534e,d3a08bc425110f1eeb259fec1ea1f627f48e72e3ac7ad1acec1702f2602d7eb4,ba01a4b9d8875b6a3f1f695140b76cf7f6f6872ac91411df698ed283f7d3fb26,218.06867699888244,259.6692980005173,6307.198275999326,34.65493558241388
source-profile/w4/l3,native_host,representative_measurement,0,ecommerce_lora_0057,req_00673,16,18350080,4,9,23a66aa95a18b17b5db1d5bc0623b1425e3f26a47d4dba35a1db5991f6e15f90,5a9d4667a90cf720dc638e68d9fee82dd5c85e8ea34247f070a9c75ac27f53df,62b7dd6cca4ec538a5d9637815d1c45d96b43a38ec3f2431bc25d07f390aa1ea,189.41598600031284,268.6709250010608,527.0278769985453,65.87848462481816
source-profile/w4/l4,native_host,representative_measurement,0,education_lora_0007,req_00017,16,18350080,5,256,ac8cf775611dd6156fb5f98c48ff5809a5d69a549ab55d38f6e08eb24212e02a,bd1e7f4de54828c23c3afef57a4f8f0cfee7765bea5b1bd80f18fa696f1dac06,2be35dbfcfb05e08d10723bb185e73142fb68e83aabf4bf843837ce840e7fa47,175.7858959990699,289.3644680007128,6928.114196000024,27.169075278431468
source-profile/w4/l5,native_host,representative_measurement,0,education_lora_0043,req_00016,8,9175040,6,173,45feb5eec12e478bc4d56445e9b6cc2d23d030cd8b4a3c54420edf8e7edb8884,5fa3e82e7b2376c7d05647dafb2577848da6b3e32939d664d13320977e908495,e7ec197e29c202f2c1009663adf7a35b4775636c058114180958ed01e20e97bf,209.27330699851154,327.6484079997317,5044.336351000311,29.327536924420414
source-profile/w4/l6,native_host,representative_measurement,0,finance_lora,req_00000,8,9175040,6,152,d48b8782cd47f7438837d530fb7e329f42e0f7bb1857c4cf7e53acb3c9417cc6,4b44bba8c651135bfcef9ee97eac60acd845a77bd78ce8682b2b8cb9d66286c9,3ef0c537d8ee8d066ce918a4a6725799e67a329eb4f835ae4c42343b61ea6801,185.04191900137812,292.0566709999548,4204.31655900029,27.843156019869472
source-profile/w4/l7,native_host,representative_measurement,0,finance_lora_0073,req_00000,16,18350080,7,152,d48b8782cd47f7438837d530fb7e329f42e0f7bb1857c4cf7e53acb3c9417cc6,4b44bba8c651135bfcef9ee97eac60acd845a77bd78ce8682b2b8cb9d66286c9,3ef0c537d8ee8d066ce918a4a6725799e67a329eb4f835ae4c42343b61ea6801,177.7258010006335,246.9797230005497,3964.5043410000653,26.254995635762022
source-profile/w5/l0,gpu,representative_measurement,0,code_lora,req_00012,8,228130816,1,256,7a3cfb0f299c64411886e734351f7ab324fca84c16b608fbec7cafb7510a76d9,348b7639c10a2ce2fece81f7a6de42bc7bbbea416149edd24003e3bb3c952936,172e03d6e94c01544b630160caa37995c02c1918e2ac48dcb2ef9e3c62c26c11,0.0,206.95221300047706,7101.8904489992565,27.85055078038924
source-profile/w5/l1,gpu,representative_measurement,0,code_lora_0015,req_00015,16,228130816,2,256,7a3cfb0f299c64411886e734351f7ab324fca84c16b608fbec7cafb7510a76d9,348b7639c10a2ce2fece81f7a6de42bc7bbbea416149edd24003e3bb3c952936,172e03d6e94c01544b630160caa37995c02c1918e2ac48dcb2ef9e3c62c26c11,0.0,197.03463800033205,6946.158278999064,27.239836388231623
source-profile/w5/l2,gpu,representative_measurement,0,ecommerce_lora_0009,req_00018,8,228130816,3,183,664eaa1bf1ac5c08deb1859d12fc7b2ce712c9b372e8d249ab11b1d176d4534e,d3a08bc425110f1eeb259fec1ea1f627f48e72e3ac7ad1acec1702f2602d7eb4,3c3984d849c080d196b84647ba889f63466bd9f35049e1ede650aae016560a1a,0.0,190.63597999956983,5384.1610250001395,29.5833023351656
source-profile/w5/l3,gpu,representative_measurement,0,ecommerce_lora_0057,req_00673,16,228130816,4,9,23a66aa95a18b17b5db1d5bc0623b1425e3f26a47d4dba35a1db5991f6e15f90,5a9d4667a90cf720dc638e68d9fee82dd5c85e8ea34247f070a9c75ac27f53df,62b7dd6cca4ec538a5d9637815d1c45d96b43a38ec3f2431bc25d07f390aa1ea,0.0,174.47286200149392,686.9276179986628,85.86595224983284
source-profile/w5/l4,gpu,representative_measurement,0,education_lora_0007,req_00017,16,228130816,5,256,ac8cf775611dd6156fb5f98c48ff5809a5d69a549ab55d38f6e08eb24212e02a,bd1e7f4de54828c23c3afef57a4f8f0cfee7765bea5b1bd80f18fa696f1dac06,2be35dbfcfb05e08d10723bb185e73142fb68e83aabf4bf843837ce840e7fa47,0.0,189.17444100043213,6486.111640000672,25.435731921571264
source-profile/w5/l5,gpu,representative_measurement,0,education_lora_0043,req_00016,8,228130816,6,173,45feb5eec12e478bc4d56445e9b6cc2d23d030cd8b4a3c54420edf8e7edb8884,5fa3e82e7b2376c7d05647dafb2577848da6b3e32939d664d13320977e908495,e7ec197e29c202f2c1009663adf7a35b4775636c058114180958ed01e20e97bf,0.0,200.04057299956912,4742.350737000379,27.57180661046732
source-profile/w5/l6,gpu,representative_measurement,0,finance_lora,req_00000,8,228130816,7,152,d48b8782cd47f7438837d530fb7e329f42e0f7bb1857c4cf7e53acb3c9417cc6,4b44bba8c651135bfcef9ee97eac60acd845a77bd78ce8682b2b8cb9d66286c9,3ef0c537d8ee8d066ce918a4a6725799e67a329eb4f835ae4c42343b61ea6801,0.0,202.0883599998342,4101.115618999756,27.159706086091102
source-profile/w5/l7,gpu,representative_measurement,0,finance_lora_0073,req_00000,16,228130816,8,152,d48b8782cd47f7438837d530fb7e329f42e0f7bb1857c4cf7e53acb3c9417cc6,4b44bba8c651135bfcef9ee97eac60acd845a77bd78ce8682b2b8cb9d66286c9,3ef0c537d8ee8d066ce918a4a6725799e67a329eb4f835ae4c42343b61ea6801,0.0,165.80281300048227,4013.1776119997085,26.577335178806017
source-profile/w6/l0,nvme,representative_measurement,0,gaming_lora_0010,req_00030,16,28041216,1,162,d48b8782cd47f7438837d530fb7e329f42e0f7bb1857c4cf7e53acb3c9417cc6,4b44bba8c651135bfcef9ee97eac60acd845a77bd78ce8682b2b8cb9d66286c9,9533b2d03465f0b7e149fd6a53c8ec814d6e46df8c33adabe738f4de0030b365,59.13278799926047,350.16482600076415,4993.65420399954,31.016485739127578
source-profile/w6/l1,nvme,representative_measurement,0,gaming_lora_0034,req_00096,8,28041216,2,99,7d909f88ed53d92b35fc65d502ec3db8d213c2cec3c220074ea1a92c235864c5,2267cb2bacf06e1f715a23b3a479cb324eaa7ac97fd7df050dc4ab0c3df5861e,f7a0565c6d89dc03beda62d42fae0ca5ae3fe7ed2eb560b8349503199a38b253,66.69679900005576,465.4895839994424,3478.987550999591,35.49987296938358
source-profile/w6/l2,nvme,representative_measurement,0,legal_lora,req_00005,8,45867008,3,256,ac37d628ca1c32ac53b036cef144d4d208736b190e78fcca5eb009ee66e394d6,abd6617e938672c678d181d91f30f1d3c652d830336956758871e8dcce813fc6,a316934630155c2e3c26162dc8579882204f0e2cdb1eb96bf3641989007656c5,127.88585999987845,542.4471820006147,6170.326395000302,24.19735841176589
source-profile/w6/l3,nvme,representative_measurement,0,legal_lora_0017,req_00068,16,45867008,4,256,87d9350451551184b0fc278a6e3781d67d1a66e4edb3c8d430a701bb1a92b8c1,4ee7ddf183779465230da92dcf44852829ac2e3261a50d1c48732f5f19e6618d,7bbff589f3b345a6cd13107419c48ce033d5d8b1e6afbd426d55975217fa625a,147.37212699947122,481.6770670004189,6043.70378800013,23.70079916862796
source-profile/w6/l4,nvme,representative_measurement,0,medical_lora,req_00021,8,38526976,5,89,7d909f88ed53d92b35fc65d502ec3db8d213c2cec3c220074ea1a92c235864c5,2267cb2bacf06e1f715a23b3a479cb324eaa7ac97fd7df050dc4ab0c3df5861e,bbcd23f9b50ad54f160bcff5e60b97db91087adc7d58c24de64e329f683b66b1,153.91757300130848,283.53447299923573,2923.446814000272,33.220986522730364
source-profile/w6/l5,nvme,representative_measurement,0,medical_lora_0026,req_00049,16,38526976,6,16,13bd30bb371236ce44fde5e9ad5622cf01a53954c8f1d64151bde878c44f1a9e,c998acc3c86f44218c864dd182994a097e5685c0e06440bb99ae76d13afdad7f,36f6d25c3f848f30f46842cc5c2beabb5a32aea0f9dcf623f964d3a855f83576,582.5400789999549,507.15232599941373,582.1907820009073,38.81271880006049
source-profile/w6/l6,nvme,representative_measurement,0,research_lora_0008,req_00008,8,40624128,7,50,dfe9631457079c19ca05230b5f1800d9c9da92f569fba712db0f68b0dfc7e0cd,ac238d41ce3dc2bfa25e53a957f151ea1f236642d874b7698dfe3d4067817d40,40cc18ad1658f835852f8a4f5feb1f7900cb3b92d54f4f2879e5c4e101248ed1,182.79679199986276,349.4594910007436,1405.0602099996468,28.674698163258096
source-profile/w6/l7,nvme,representative_measurement,0,research_lora_0104,req_00000,16,40624128,8,152,d48b8782cd47f7438837d530fb7e329f42e0f7bb1857c4cf7e53acb3c9417cc6,4b44bba8c651135bfcef9ee97eac60acd845a77bd78ce8682b2b8cb9d66286c9,3ef0c537d8ee8d066ce918a4a6725799e67a329eb4f835ae4c42343b61ea6801,215.71231199959584,202.01995900060865,3517.5089050007955,23.294760960270168
source-profile/w7/l0,file_host,representative_measurement,0,gaming_lora_0010,req_00030,16,28041216,1,162,d48b8782cd47f7438837d530fb7e329f42e0f7bb1857c4cf7e53acb3c9417cc6,4b44bba8c651135bfcef9ee97eac60acd845a77bd78ce8682b2b8cb9d66286c9,9533b2d03465f0b7e149fd6a53c8ec814d6e46df8c33adabe738f4de0030b365,59.24152299849084,344.136879000871,4980.3139899995585,30.933627267078002
source-profile/w7/l1,file_host,representative_measurement,0,gaming_lora_0034,req_00096,8,28041216,2,99,7d909f88ed53d92b35fc65d502ec3db8d213c2cec3c220074ea1a92c235864c5,2267cb2bacf06e1f715a23b3a479cb324eaa7ac97fd7df050dc4ab0c3df5861e,49abd1ab2e6959db32a1808606efc8e8c5c7d3e42cb5dc7e57497240b582a161,69.3809299991699,464.25839900075516,3464.058194000245,35.34753259183923
source-profile/w7/l2,file_host,representative_measurement,0,legal_lora,req_00005,8,45867008,3,256,ac37d628ca1c32ac53b036cef144d4d208736b190e78fcca5eb009ee66e394d6,abd6617e938672c678d181d91f30f1d3c652d830336956758871e8dcce813fc6,a316934630155c2e3c26162dc8579882204f0e2cdb1eb96bf3641989007656c5,124.42180400103098,531.3439250003285,6145.811716998651,24.101222419602554
source-profile/w7/l3,file_host,representative_measurement,0,legal_lora_0017,req_00068,16,45867008,4,256,87d9350451551184b0fc278a6e3781d67d1a66e4edb3c8d430a701bb1a92b8c1,4ee7ddf183779465230da92dcf44852829ac2e3261a50d1c48732f5f19e6618d,7bbff589f3b345a6cd13107419c48ce033d5d8b1e6afbd426d55975217fa625a,150.63042499969015,587.0707920003042,5903.259259999686,23.150036313724257
source-profile/w7/l4,file_host,representative_measurement,0,medical_lora,req_00021,8,38526976,5,89,7d909f88ed53d92b35fc65d502ec3db8d213c2cec3c220074ea1a92c235864c5,2267cb2bacf06e1f715a23b3a479cb324eaa7ac97fd7df050dc4ab0c3df5861e,bbcd23f9b50ad54f160bcff5e60b97db91087adc7d58c24de64e329f683b66b1,153.75302800021018,648.3412999987195,2542.4518100007845,28.891497840918007
source-profile/w7/l5,file_host,representative_measurement,0,medical_lora_0026,req_00049,16,38526976,6,16,13bd30bb371236ce44fde5e9ad5622cf01a53954c8f1d64151bde878c44f1a9e,c998acc3c86f44218c864dd182994a097e5685c0e06440bb99ae76d13afdad7f,36f6d25c3f848f30f46842cc5c2beabb5a32aea0f9dcf623f964d3a855f83576,173.83536099987396,506.4232909990096,584.6393760002684,38.975958400017895
source-profile/w7/l6,file_host,representative_measurement,0,research_lora_0008,req_00008,8,40624128,7,50,dfe9631457079c19ca05230b5f1800d9c9da92f569fba712db0f68b0dfc7e0cd,ac238d41ce3dc2bfa25e53a957f151ea1f236642d874b7698dfe3d4067817d40,40cc18ad1658f835852f8a4f5feb1f7900cb3b92d54f4f2879e5c4e101248ed1,190.80992500130378,348.40819599958195,1407.8908779993071,28.732466897945045
source-profile/w7/l7,file_host,representative_measurement,0,research_lora_0104,req_00000,16,40624128,8,152,d48b8782cd47f7438837d530fb7e329f42e0f7bb1857c4cf7e53acb3c9417cc6,4b44bba8c651135bfcef9ee97eac60acd845a77bd78ce8682b2b8cb9d66286c9,3ef0c537d8ee8d066ce918a4a6725799e67a329eb4f835ae4c42343b61ea6801,220.9067399999185,198.01344299958146,3599.8485700001766,23.840056754968057
source-profile/w8/l0,native_host,representative_measurement,0,gaming_lora_0010,req_00030,16,18350080,1,162,d48b8782cd47f7438837d530fb7e329f42e0f7bb1857c4cf7e53acb3c9417cc6,4b44bba8c651135bfcef9ee97eac60acd845a77bd78ce8682b2b8cb9d66286c9,9533b2d03465f0b7e149fd6a53c8ec814d6e46df8c33adabe738f4de0030b365,167.74010399967665,276.0653929999535,5819.844015999479,36.148099478257635
source-profile/w8/l1,native_host,representative_measurement,0,gaming_lora_0034,req_00096,8,9175040,2,99,7d909f88ed53d92b35fc65d502ec3db8d213c2cec3c220074ea1a92c235864c5,2267cb2bacf06e1f715a23b3a479cb324eaa7ac97fd7df050dc4ab0c3df5861e,49abd1ab2e6959db32a1808606efc8e8c5c7d3e42cb5dc7e57497240b582a161,232.51137700026447,239.2994549991272,4126.57961900004,42.10795529591878
source-profile/w8/l2,native_host,representative_measurement,0,legal_lora,req_00005,8,9175040,3,256,ac37d628ca1c32ac53b036cef144d4d208736b190e78fcca5eb009ee66e394d6,abd6617e938672c678d181d91f30f1d3c652d830336956758871e8dcce813fc6,a316934630155c2e3c26162dc8579882204f0e2cdb1eb96bf3641989007656c5,179.74212499939313,248.24101400008658,6857.553788000587,26.892367796080734
source-profile/w8/l3,native_host,representative_measurement,0,legal_lora_0017,req_00068,16,18350080,4,256,87d9350451551184b0fc278a6e3781d67d1a66e4edb3c8d430a701bb1a92b8c1,4ee7ddf183779465230da92dcf44852829ac2e3261a50d1c48732f5f19e6618d,7bbff589f3b345a6cd13107419c48ce033d5d8b1e6afbd426d55975217fa625a,190.56453900157067,264.40744699903007,6379.0092449999065,25.0157225294114
source-profile/w8/l4,native_host,representative_measurement,0,medical_lora,req_00021,8,9175040,5,89,7d909f88ed53d92b35fc65d502ec3db8d213c2cec3c220074ea1a92c235864c5,2267cb2bacf06e1f715a23b3a479cb324eaa7ac97fd7df050dc4ab0c3df5861e,bbcd23f9b50ad54f160bcff5e60b97db91087adc7d58c24de64e329f683b66b1,180.91906399968138,266.7757340004755,3018.697945000895,34.30338573864653
source-profile/w8/l5,native_host,representative_measurement,0,medical_lora_0026,req_00049,16,18350080,6,16,13bd30bb371236ce44fde5e9ad5622cf01a53954c8f1d64151bde878c44f1a9e,c998acc3c86f44218c864dd182994a097e5685c0e06440bb99ae76d13afdad7f,36f6d25c3f848f30f46842cc5c2beabb5a32aea0f9dcf623f964d3a855f83576,173.66236400084745,264.12166400041315,818.5000729990861,54.566671533272405
source-profile/w8/l6,native_host,representative_measurement,0,research_lora_0008,req_00008,8,9175040,7,50,dfe9631457079c19ca05230b5f1800d9c9da92f569fba712db0f68b0dfc7e0cd,ac238d41ce3dc2bfa25e53a957f151ea1f236642d874b7698dfe3d4067817d40,40cc18ad1658f835852f8a4f5feb1f7900cb3b92d54f4f2879e5c4e101248ed1,177.9757289987174,260.9120340002846,1491.0586389996752,30.429768142850513
source-profile/w8/l7,native_host,representative_measurement,0,research_lora_0104,req_00000,16,18350080,8,152,d48b8782cd47f7438837d530fb7e329f42e0f7bb1857c4cf7e53acb3c9417cc6,4b44bba8c651135bfcef9ee97eac60acd845a77bd78ce8682b2b8cb9d66286c9,3ef0c537d8ee8d066ce918a4a6725799e67a329eb4f835ae4c42343b61ea6801,173.90731799969217,237.41544099902967,3318.2110560010187,21.974907655635885
source-profile/w9/l0,gpu,representative_measurement,0,gaming_lora_0010,req_00030,16,228130816,1,162,d48b8782cd47f7438837d530fb7e329f42e0f7bb1857c4cf7e53acb3c9417cc6,4b44bba8c651135bfcef9ee97eac60acd845a77bd78ce8682b2b8cb9d66286c9,9533b2d03465f0b7e149fd6a53c8ec814d6e46df8c33adabe738f4de0030b365,0.0,199.09465199998522,4683.106234999286,29.087616366455194
source-profile/w9/l1,gpu,representative_measurement,0,gaming_lora_0034,req_00096,8,228130816,2,99,7d909f88ed53d92b35fc65d502ec3db8d213c2cec3c220074ea1a92c235864c5,2267cb2bacf06e1f715a23b3a479cb324eaa7ac97fd7df050dc4ab0c3df5861e,f7a0565c6d89dc03beda62d42fae0ca5ae3fe7ed2eb560b8349503199a38b253,0.0,170.27671899995767,3252.279037000335,33.186520785717704
source-profile/w9/l2,gpu,representative_measurement,0,legal_lora,req_00005,8,228130816,3,256,ac37d628ca1c32ac53b036cef144d4d208736b190e78fcca5eb009ee66e394d6,abd6617e938672c678d181d91f30f1d3c652d830336956758871e8dcce813fc6,a316934630155c2e3c26162dc8579882204f0e2cdb1eb96bf3641989007656c5,0.0,193.63258199882694,5956.906474000789,23.360417545101132
source-profile/w9/l3,gpu,representative_measurement,0,legal_lora_0017,req_00068,16,228130816,4,256,87d9350451551184b0fc278a6e3781d67d1a66e4edb3c8d430a701bb1a92b8c1,4ee7ddf183779465230da92dcf44852829ac2e3261a50d1c48732f5f19e6618d,7bbff589f3b345a6cd13107419c48ce033d5d8b1e6afbd426d55975217fa625a,0.0,187.52023100023507,5799.653890000627,22.7437407451005
source-profile/w9/l4,gpu,representative_measurement,0,medical_lora,req_00021,8,228130816,5,89,7d909f88ed53d92b35fc65d502ec3db8d213c2cec3c220074ea1a92c235864c5,2267cb2bacf06e1f715a23b3a479cb324eaa7ac97fd7df050dc4ab0c3df5861e,4d9110a658a9284f2cd6081e49b731f2582bcd6d9b1060b6bbbae2310e48ad4e,0.0,170.4948249989684,2614.8371809995297,29.714058874994656
source-profile/w9/l5,gpu,representative_measurement,0,medical_lora_0026,req_00049,16,228130816,6,16,13bd30bb371236ce44fde5e9ad5622cf01a53954c8f1d64151bde878c44f1a9e,c998acc3c86f44218c864dd182994a097e5685c0e06440bb99ae76d13afdad7f,36f6d25c3f848f30f46842cc5c2beabb5a32aea0f9dcf623f964d3a855f83576,0.0,171.86546899938548,635.6800039993686,42.37866693329124
source-profile/w9/l6,gpu,representative_measurement,0,research_lora_0008,req_00008,8,228130816,7,50,dfe9631457079c19ca05230b5f1800d9c9da92f569fba712db0f68b0dfc7e0cd,ac238d41ce3dc2bfa25e53a957f151ea1f236642d874b7698dfe3d4067817d40,40cc18ad1658f835852f8a4f5feb1f7900cb3b92d54f4f2879e5c4e101248ed1,0.0,194.31673999861232,1398.7102280007093,28.545106693892027
source-profile/w9/l7,gpu,representative_measurement,0,research_lora_0104,req_00000,16,228130816,8,152,d48b8782cd47f7438837d530fb7e329f42e0f7bb1857c4cf7e53acb3c9417cc6,4b44bba8c651135bfcef9ee97eac60acd845a77bd78ce8682b2b8cb9d66286c9,3ef0c537d8ee8d066ce918a4a6725799e67a329eb4f835ae4c42343b61ea6801,0.0,163.31935100060946,3552.7942459993938,23.52843871522777
source-profile/w10/l0,remote,representative_measurement,0,gaming_lora_0010,req_00030,16,28015916,1,162,d48b8782cd47f7438837d530fb7e329f42e0f7bb1857c4cf7e53acb3c9417cc6,4b44bba8c651135bfcef9ee97eac60acd845a77bd78ce8682b2b8cb9d66286c9,9533b2d03465f0b7e149fd6a53c8ec814d6e46df8c33adabe738f4de0030b365,646.2835860002087,155.66115799992986,4688.677336000183,29.122219478262004
source-profile/w10/l1,remote,representative_measurement,0,gaming_lora_0034,req_00096,8,28015916,2,99,7d909f88ed53d92b35fc65d502ec3db8d213c2cec3c220074ea1a92c235864c5,2267cb2bacf06e1f715a23b3a479cb324eaa7ac97fd7df050dc4ab0c3df5861e,49abd1ab2e6959db32a1808606efc8e8c5c7d3e42cb5dc7e57497240b582a161,678.6417280000023,225.78541000075347,3304.228906999924,33.71662149999923
source-profile/w10/l2,remote,representative_measurement,0,legal_lora,req_00005,8,45841708,3,256,ac37d628ca1c32ac53b036cef144d4d208736b190e78fcca5eb009ee66e394d6,abd6617e938672c678d181d91f30f1d3c652d830336956758871e8dcce813fc6,a316934630155c2e3c26162dc8579882204f0e2cdb1eb96bf3641989007656c5,812.8672430011648,191.1493409988907,6125.681028999679,24.022278545096782
source-profile/w10/l3,remote,representative_measurement,0,legal_lora_0017,req_00068,16,45841708,4,256,87d9350451551184b0fc278a6e3781d67d1a66e4edb3c8d430a701bb1a92b8c1,4ee7ddf183779465230da92dcf44852829ac2e3261a50d1c48732f5f19e6618d,7bbff589f3b345a6cd13107419c48ce033d5d8b1e6afbd426d55975217fa625a,1656.2165830000595,421.4018610000494,5368.283707999581,21.052092972547374
source-profile/w10/l4,remote,representative_measurement,0,medical_lora,req_00021,8,38501676,5,89,7d909f88ed53d92b35fc65d502ec3db8d213c2cec3c220074ea1a92c235864c5,2267cb2bacf06e1f715a23b3a479cb324eaa7ac97fd7df050dc4ab0c3df5861e,4d9110a658a9284f2cd6081e49b731f2582bcd6d9b1060b6bbbae2310e48ad4e,1360.371718001261,214.43646999978228,2777.0487750003667,31.557372443185987
source-profile/w10/l5,remote,representative_measurement,0,medical_lora_0026,req_00049,16,38501676,6,16,13bd30bb371236ce44fde5e9ad5622cf01a53954c8f1d64151bde878c44f1a9e,c998acc3c86f44218c864dd182994a097e5685c0e06440bb99ae76d13afdad7f,36f6d25c3f848f30f46842cc5c2beabb5a32aea0f9dcf623f964d3a855f83576,1468.4526940000069,237.02610600048502,853.973061999568,56.93153746663787
source-profile/w10/l6,remote,representative_measurement,0,research_lora_0008,req_00008,8,40598828,7,50,dfe9631457079c19ca05230b5f1800d9c9da92f569fba712db0f68b0dfc7e0cd,ac238d41ce3dc2bfa25e53a957f151ea1f236642d874b7698dfe3d4067817d40,40cc18ad1658f835852f8a4f5feb1f7900cb3b92d54f4f2879e5c4e101248ed1,2139.47688799999,264.1726069996366,1292.017689000204,26.367707938779674
source-profile/w10/l7,remote,representative_measurement,0,research_lora_0104,req_00000,16,40598828,8,152,d48b8782cd47f7438837d530fb7e329f42e0f7bb1857c4cf7e53acb3c9417cc6,4b44bba8c651135bfcef9ee97eac60acd845a77bd78ce8682b2b8cb9d66286c9,3ef0c537d8ee8d066ce918a4a6725799e67a329eb4f835ae4c42343b61ea6801,1983.6597289995552,275.389759999598,3512.783197000317,23.263464880796803
source-profile/w11/l0,file_host,representative_measurement,0,security_lora_0012,req_00031,8,44818432,1,40,2d3e4d510a19c9cfa67522c26907a7d657af793b70421e9a3f1d1ef002ecc0ef,aa6869aedb0002e9ca2fd34eb058d4ff1c893e67403fd73f91d1bffa1712e449,01e6c835fd1c71f6b36a4e3b0035729f6ad2b0949007d8dc1e807fda6f3502a6,55.65226699945924,350.24556600001233,2182.62025399963,55.96462189742642
source-profile/w11/l1,file_host,representative_measurement,0,security_lora_0048,req_00107,16,44818432,2,179,d48b8782cd47f7438837d530fb7e329f42e0f7bb1857c4cf7e53acb3c9417cc6,4b44bba8c651135bfcef9ee97eac60acd845a77bd78ce8682b2b8cb9d66286c9,77bdbf3a8357471b25bbcabef9b6c6b6f9b76902cc5508956772181f4a0c96a4,74.10310500017658,472.1761700002389,5061.114790998545,28.43322916291317
source-profile/w11/l2,file_host,representative_measurement,0,support_lora,req_00038,8,30138368,3,141,f49ad350f302f18533d645c8458d6e8f556edcbcad190d6ce222f6cfe0189b77,28256d1f57bce729e9fb51a6b723425d7d4409bff2f9e92f6574d6478b9d596f,92dae489cd5ada3d4ab29b6cccb360ceb8362645903ee3af353bbbeb7a0d8fe7,125.13315099931788,535.458024000036,4201.642463000098,30.01173187857213
source-profile/w11/l3,file_host,representative_measurement,0,support_lora_0148,req_00000,16,30138368,4,152,d48b8782cd47f7438837d530fb7e329f42e0f7bb1857c4cf7e53acb3c9417cc6,4b44bba8c651135bfcef9ee97eac60acd845a77bd78ce8682b2b8cb9d66286c9,3ef0c537d8ee8d066ce918a4a6725799e67a329eb4f835ae4c42343b61ea6801,162.18671499882475,591.7535309999948,4167.06444600095,27.5964532847745
source-profile/w11/l4,file_host,representative_measurement,0,translate_lora,req_00007,8,34332672,5,174,1cd4782fb9853f9d65112e1e000c9addda739993f94687cd53627ecec1730bdf,863a849922cc81c0ae88c0e768630c1dcd0331afaf9e1d000a3e6702f84a6ec2,14969c6bdf2ecfef2fc017d7724d53816c8d7564d4b6f81a031ebc7a65f14e8b,154.45152000029339,673.5625020010048,4246.37711899959,24.545532479766415
source-profile/w11/l5,file_host,representative_measurement,0,translate_lora_0054,req_00553,16,34332672,6,136,829344c7a9c8f4030df11e50e6acc31b398fdedd0da94b8d8daedc3d038f2e74,c14b90b2d9652b819327a22d7c5642e568678d013c0294a19d69810a7bd6fa0b,19c8445b1548b70f278ced2b870e4571dc95268aec53f92fc4e276318328d15a,176.1662429998978,529.4890550012497,3488.470010999663,25.840518599997502
source-profile/w11/l6,file_host,representative_measurement,0,writing_lora_0011,req_00002,8,37478400,7,123,40b3a3a0009e919a9849c35f420de5bc87a313bf48e287fd12b4dc5422e736bf,0c870491227bb663ef63a2d8617011b7c73afeb4bbcb7881eac0eabc99252493,a3a1e7b1d33899759fcaa6d8674be9aadae1150da1ae75f24897e91730374073,202.034571000695,345.4982189996372,3110.8945639989543,25.49913577048323
source-profile/w11/l7,file_host,representative_measurement,0,writing_lora_0035,req_00063,16,37478400,8,13,79cf8ea68ba8dcccabe264778429cd64acbd386add634c6676f7434965ac8437,e612a63497db446287f1961930fdb8154707ff571f11910d3b96fee3db43bf11,9f3b17493940073d43d567105ea762a09775048ea246997d55fc31c9363d9271,217.9925140007981,192.79209599881142,336.3221899999189,28.02684916665991
source-profile/w12/l0,native_host,representative_measurement,0,security_lora_0012,req_00031,8,9175040,1,40,2d3e4d510a19c9cfa67522c26907a7d657af793b70421e9a3f1d1ef002ecc0ef,aa6869aedb0002e9ca2fd34eb058d4ff1c893e67403fd73f91d1bffa1712e449,01e6c835fd1c71f6b36a4e3b0035729f6ad2b0949007d8dc1e807fda6f3502a6,175.39906599995447,285.96054399895365,2642.092745001719,67.7459678205569
source-profile/w12/l1,native_host,representative_measurement,0,security_lora_0048,req_00107,16,18350080,2,179,d48b8782cd47f7438837d530fb7e329f42e0f7bb1857c4cf7e53acb3c9417cc6,4b44bba8c651135bfcef9ee97eac60acd845a77bd78ce8682b2b8cb9d66286c9,77bdbf3a8357471b25bbcabef9b6c6b6f9b76902cc5508956772181f4a0c96a4,217.32712900120532,244.03031799920427,5956.443228000353,33.463164202249175
source-profile/w12/l2,native_host,representative_measurement,0,support_lora,req_00038,8,9175040,3,141,f49ad350f302f18533d645c8458d6e8f556edcbcad190d6ce222f6cfe0189b77,28256d1f57bce729e9fb51a6b723425d7d4409bff2f9e92f6574d6478b9d596f,92dae489cd5ada3d4ab29b6cccb360ceb8362645903ee3af353bbbeb7a0d8fe7,174.576518998947,243.07755500012718,4861.101149001115,34.722151064293676
source-profile/w12/l3,native_host,representative_measurement,0,support_lora_0148,req_00000,16,18350080,4,152,d48b8782cd47f7438837d530fb7e329f42e0f7bb1857c4cf7e53acb3c9417cc6,4b44bba8c651135bfcef9ee97eac60acd845a77bd78ce8682b2b8cb9d66286c9,3ef0c537d8ee8d066ce918a4a6725799e67a329eb4f835ae4c42343b61ea6801,173.8191940003162,257.79801300086547,4795.305756999369,31.75699176820774
source-profile/w12/l4,native_host,representative_measurement,0,translate_lora,req_00007,8,9175040,5,174,1cd4782fb9853f9d65112e1e000c9addda739993f94687cd53627ecec1730bdf,863a849922cc81c0ae88c0e768630c1dcd0331afaf9e1d000a3e6702f84a6ec2,14969c6bdf2ecfef2fc017d7724d53816c8d7564d4b6f81a031ebc7a65f14e8b,175.82342000059725,303.6172310003167,4757.707112999924,27.50119718497066
source-profile/w12/l5,native_host,representative_measurement,0,translate_lora_0054,req_00553,16,18350080,6,136,829344c7a9c8f4030df11e50e6acc31b398fdedd0da94b8d8daedc3d038f2e74,c14b90b2d9652b819327a22d7c5642e568678d013c0294a19d69810a7bd6fa0b,19c8445b1548b70f278ced2b870e4571dc95268aec53f92fc4e276318328d15a,178.7478700007341,260.7857459988736,3774.1831170005753,27.95691197778204
source-profile/w12/l6,native_host,representative_measurement,0,writing_lora_0011,req_00002,8,9175040,7,123,40b3a3a0009e919a9849c35f420de5bc87a313bf48e287fd12b4dc5422e736bf,0c870491227bb663ef63a2d8617011b7c73afeb4bbcb7881eac0eabc99252493,a3a1e7b1d33899759fcaa6d8674be9aadae1150da1ae75f24897e91730374073,177.99142100011522,723.3446209993417,3074.8472530012805,25.203666008207218
source-profile/w12/l7,native_host,representative_measurement,0,writing_lora_0035,req_00063,16,18350080,7,13,79cf8ea68ba8dcccabe264778429cd64acbd386add634c6676f7434965ac8437,e612a63497db446287f1961930fdb8154707ff571f11910d3b96fee3db43bf11,9f3b17493940073d43d567105ea762a09775048ea246997d55fc31c9363d9271,164.17226399971696,231.81540699988545,319.34013799946115,26.61167816662176
source-profile/w13/l0,gpu,representative_measurement,0,security_lora_0012,req_00031,8,228130816,1,40,2d3e4d510a19c9cfa67522c26907a7d657af793b70421e9a3f1d1ef002ecc0ef,aa6869aedb0002e9ca2fd34eb058d4ff1c893e67403fd73f91d1bffa1712e449,01e6c835fd1c71f6b36a4e3b0035729f6ad2b0949007d8dc1e807fda6f3502a6,0.0,191.76770900048723,1860.9495580003568,47.71665533334248
source-profile/w13/l1,gpu,representative_measurement,0,security_lora_0048,req_00107,16,228130816,2,179,d48b8782cd47f7438837d530fb7e329f42e0f7bb1857c4cf7e53acb3c9417cc6,4b44bba8c651135bfcef9ee97eac60acd845a77bd78ce8682b2b8cb9d66286c9,77bdbf3a8357471b25bbcabef9b6c6b6f9b76902cc5508956772181f4a0c96a4,0.0,194.17526300094323,4820.084793998831,27.079128056173207
source-profile/w13/l2,gpu,representative_measurement,0,support_lora,req_00038,8,228130816,3,141,f49ad350f302f18533d645c8458d6e8f556edcbcad190d6ce222f6cfe0189b77,28256d1f57bce729e9fb51a6b723425d7d4409bff2f9e92f6574d6478b9d596f,92dae489cd5ada3d4ab29b6cccb360ceb8362645903ee3af353bbbeb7a0d8fe7,0.0,165.0527339988912,4035.1843260013993,28.82274518572428
source-profile/w13/l3,gpu,representative_measurement,0,support_lora_0148,req_00000,16,228130816,4,152,d48b8782cd47f7438837d530fb7e329f42e0f7bb1857c4cf7e53acb3c9417cc6,4b44bba8c651135bfcef9ee97eac60acd845a77bd78ce8682b2b8cb9d66286c9,3ef0c537d8ee8d066ce918a4a6725799e67a329eb4f835ae4c42343b61ea6801,0.0,189.87699699937366,4095.2462339992053,27.120835986749704
source-profile/w13/l4,gpu,representative_measurement,0,translate_lora,req_00007,8,228130816,5,174,1cd4782fb9853f9d65112e1e000c9addda739993f94687cd53627ecec1730bdf,863a849922cc81c0ae88c0e768630c1dcd0331afaf9e1d000a3e6702f84a6ec2,14969c6bdf2ecfef2fc017d7724d53816c8d7564d4b6f81a031ebc7a65f14e8b,0.0,174.4717719993787,4312.909480000599,24.93011260115953
source-profile/w13/l5,gpu,representative_measurement,0,translate_lora_0054,req_00553,16,228130816,6,136,829344c7a9c8f4030df11e50e6acc31b398fdedd0da94b8d8daedc3d038f2e74,c14b90b2d9652b819327a22d7c5642e568678d013c0294a19d69810a7bd6fa0b,19c8445b1548b70f278ced2b870e4571dc95268aec53f92fc4e276318328d15a,0.0,174.33701399932033,3526.2114830002247,26.120085059260923
source-profile/w13/l6,gpu,representative_measurement,0,writing_lora_0011,req_00002,8,228130816,7,123,40b3a3a0009e919a9849c35f420de5bc87a313bf48e287fd12b4dc5422e736bf,0c870491227bb663ef63a2d8617011b7c73afeb4bbcb7881eac0eabc99252493,a3a1e7b1d33899759fcaa6d8674be9aadae1150da1ae75f24897e91730374073,0.0,169.2407069986075,3108.9866680013074,25.48349727869924
source-profile/w13/l7,gpu,representative_measurement,0,writing_lora_0035,req_00063,16,228130816,8,13,79cf8ea68ba8dcccabe264778429cd64acbd386add634c6676f7434965ac8437,e612a63497db446287f1961930fdb8154707ff571f11910d3b96fee3db43bf11,9f3b17493940073d43d567105ea762a09775048ea246997d55fc31c9363d9271,0.0,163.52975299923855,337.68644700103323,28.1405372500861
source-profile/w14/l0,remote,representative_measurement,0,security_lora_0012,req_00031,8,44793132,1,40,2d3e4d510a19c9cfa67522c26907a7d657af793b70421e9a3f1d1ef002ecc0ef,aa6869aedb0002e9ca2fd34eb058d4ff1c893e67403fd73f91d1bffa1712e449,01e6c835fd1c71f6b36a4e3b0035729f6ad2b0949007d8dc1e807fda6f3502a6,924.0916399994603,196.84170599975914,1770.3807430007146,45.39437802565935
source-profile/w14/l1,remote,representative_measurement,0,security_lora_0048,req_00107,16,44793132,2,179,d48b8782cd47f7438837d530fb7e329f42e0f7bb1857c4cf7e53acb3c9417cc6,4b44bba8c651135bfcef9ee97eac60acd845a77bd78ce8682b2b8cb9d66286c9,77bdbf3a8357471b25bbcabef9b6c6b6f9b76902cc5508956772181f4a0c96a4,711.8758060005348,154.65293600027508,5071.860251999169,28.493596921343645
source-profile/w14/l2,remote,representative_measurement,0,support_lora,req_00038,8,30113068,3,141,f49ad350f302f18533d645c8458d6e8f556edcbcad190d6ce222f6cfe0189b77,28256d1f57bce729e9fb51a6b723425d7d4409bff2f9e92f6574d6478b9d596f,92dae489cd5ada3d4ab29b6cccb360ceb8362645903ee3af353bbbeb7a0d8fe7,746.7300509997585,214.9850770001649,4278.09420199992,30.55781572857086
source-profile/w14/l3,remote,representative_measurement,0,support_lora_0148,req_00000,16,30113068,4,152,d48b8782cd47f7438837d530fb7e329f42e0f7bb1857c4cf7e53acb3c9417cc6,4b44bba8c651135bfcef9ee97eac60acd845a77bd78ce8682b2b8cb9d66286c9,3ef0c537d8ee8d066ce918a4a6725799e67a329eb4f835ae4c42343b61ea6801,1480.8978500004741,253.40919600057532,4026.5559700001177,26.66593357615972
source-profile/w14/l4,remote,representative_measurement,0,translate_lora,req_00007,8,34307372,5,174,1cd4782fb9853f9d65112e1e000c9addda739993f94687cd53627ecec1730bdf,863a849922cc81c0ae88c0e768630c1dcd0331afaf9e1d000a3e6702f84a6ec2,14969c6bdf2ecfef2fc017d7724d53816c8d7564d4b6f81a031ebc7a65f14e8b,1596.221013000104,407.83371799989254,4112.642080001024,23.772497572260253
source-profile/w14/l5,remote,representative_measurement,0,translate_lora_0054,req_00553,16,34307372,6,136,829344c7a9c8f4030df11e50e6acc31b398fdedd0da94b8d8daedc3d038f2e74,c14b90b2d9652b819327a22d7c5642e568678d013c0294a19d69810a7bd6fa0b,19c8445b1548b70f278ced2b870e4571dc95268aec53f92fc4e276318328d15a,1335.7021060000989,192.9796839995106,3856.8121999996947,28.568979259257
source-profile/w14/l6,remote,representative_measurement,0,writing_lora_0011,req_00002,8,37453100,7,123,40b3a3a0009e919a9849c35f420de5bc87a313bf48e287fd12b4dc5422e736bf,0c870491227bb663ef63a2d8617011b7c73afeb4bbcb7881eac0eabc99252493,a3a1e7b1d33899759fcaa6d8674be9aadae1150da1ae75f24897e91730374073,1893.5785569992731,245.0545970004896,3111.4114570009406,25.503372598368365
source-profile/w14/l7,remote,representative_measurement,0,writing_lora_0035,req_00063,16,37453100,8,13,79cf8ea68ba8dcccabe264778429cd64acbd386add634c6676f7434965ac8437,e612a63497db446287f1961930fdb8154707ff571f11910d3b96fee3db43bf11,9f3b17493940073d43d567105ea762a09775048ea246997d55fc31c9363d9271,2037.078407000081,255.55654499839875,339.33613400040485,28.278011166700406
source-profile/w15/l0,nvme,representative_measurement,0,security_lora_0012,req_00031,8,44818432,1,40,2d3e4d510a19c9cfa67522c26907a7d657af793b70421e9a3f1d1ef002ecc0ef,aa6869aedb0002e9ca2fd34eb058d4ff1c893e67403fd73f91d1bffa1712e449,01e6c835fd1c71f6b36a4e3b0035729f6ad2b0949007d8dc1e807fda6f3502a6,58.08205299945257,364.1002380009013,2190.7942430007097,56.17421135899256
source-profile/w15/l1,nvme,representative_measurement,0,security_lora_0048,req_00107,16,44818432,2,179,d48b8782cd47f7438837d530fb7e329f42e0f7bb1857c4cf7e53acb3c9417cc6,4b44bba8c651135bfcef9ee97eac60acd845a77bd78ce8682b2b8cb9d66286c9,77bdbf3a8357471b25bbcabef9b6c6b6f9b76902cc5508956772181f4a0c96a4,75.41573799971957,473.599684999499,5050.5666919998475,28.373970179774425
source-profile/w15/l2,nvme,representative_measurement,0,support_lora,req_00038,8,30138368,3,141,f49ad350f302f18533d645c8458d6e8f556edcbcad190d6ce222f6cfe0189b77,28256d1f57bce729e9fb51a6b723425d7d4409bff2f9e92f6574d6478b9d596f,92dae489cd5ada3d4ab29b6cccb360ceb8362645903ee3af353bbbeb7a0d8fe7,127.95668899889279,543.0726140002662,4182.035106001422,29.871679328581585
source-profile/w15/l3,nvme,representative_measurement,0,support_lora_0148,req_00000,16,30138368,4,152,d48b8782cd47f7438837d530fb7e329f42e0f7bb1857c4cf7e53acb3c9417cc6,4b44bba8c651135bfcef9ee97eac60acd845a77bd78ce8682b2b8cb9d66286c9,3ef0c537d8ee8d066ce918a4a6725799e67a329eb4f835ae4c42343b61ea6801,159.35790599905886,603.5521310004697,4142.057093000403,27.43084167549936
source-profile/w15/l4,nvme,representative_measurement,0,translate_lora,req_00007,8,34332672,5,174,1cd4782fb9853f9d65112e1e000c9addda739993f94687cd53627ecec1730bdf,863a849922cc81c0ae88c0e768630c1dcd0331afaf9e1d000a3e6702f84a6ec2,14969c6bdf2ecfef2fc017d7724d53816c8d7564d4b6f81a031ebc7a65f14e8b,150.29169500121498,688.967183999921,4220.321286000399,24.394920728326003
source-profile/w15/l5,nvme,representative_measurement,0,translate_lora_0054,req_00553,16,34332672,6,136,829344c7a9c8f4030df11e50e6acc31b398fdedd0da94b8d8daedc3d038f2e74,c14b90b2d9652b819327a22d7c5642e568678d013c0294a19d69810a7bd6fa0b,19c8445b1548b70f278ced2b870e4571dc95268aec53f92fc4e276318328d15a,191.294406000452,521.534317998885,3464.3354680010816,25.66174420741542
source-profile/w15/l6,nvme,representative_measurement,0,writing_lora_0011,req_00002,8,37478400,7,123,40b3a3a0009e919a9849c35f420de5bc87a313bf48e287fd12b4dc5422e736bf,0c870491227bb663ef63a2d8617011b7c73afeb4bbcb7881eac0eabc99252493,a3a1e7b1d33899759fcaa6d8674be9aadae1150da1ae75f24897e91730374073,207.00400700116006,337.2987799994007,3078.016065999691,25.22963988524337
source-profile/w15/l7,nvme,representative_measurement,0,writing_lora_0035,req_00063,16,37478400,8,13,79cf8ea68ba8dcccabe264778429cd64acbd386add634c6676f7434965ac8437,e612a63497db446287f1961930fdb8154707ff571f11910d3b96fee3db43bf11,9f3b17493940073d43d567105ea762a09775048ea246997d55fc31c9363d9271,208.87832200060075,194.91452199872583,335.3190409998206,27.943253416651714
source-profile/w16/l0,file_host,representative_measurement,1,code_lora_0015,req_00015,16,56352768,1,256,7a3cfb0f299c64411886e734351f7ab324fca84c16b608fbec7cafb7510a76d9,348b7639c10a2ce2fece81f7a6de42bc7bbbea416149edd24003e3bb3c952936,172e03d6e94c01544b630160caa37995c02c1918e2ac48dcb2ef9e3c62c26c11,57.85841699980665,336.2547300002916,7033.1715049997,27.58106472548902
source-profile/w16/l1,file_host,representative_measurement,1,ecommerce_lora_0009,req_00018,8,32235520,2,183,664eaa1bf1ac5c08deb1859d12fc7b2ce712c9b372e8d249ab11b1d176d4534e,d3a08bc425110f1eeb259fec1ea1f627f48e72e3ac7ad1acec1702f2602d7eb4,ba01a4b9d8875b6a3f1f695140b76cf7f6f6872ac91411df698ed283f7d3fb26,62.652718001118046,453.56768799865677,5641.8281870010105,30.999055972533025
source-profile/w16/l2,file_host,representative_measurement,1,ecommerce_lora_0057,req_00673,16,32235520,3,9,23a66aa95a18b17b5db1d5bc0623b1425e3f26a47d4dba35a1db5991f6e15f90,5a9d4667a90cf720dc638e68d9fee82dd5c85e8ea34247f070a9c75ac27f53df,62b7dd6cca4ec538a5d9637815d1c45d96b43a38ec3f2431bc25d07f390aa1ea,126.19231100143224,512.605348998477,965.0084860004426,120.62606075005533
source-profile/w16/l3,file_host,representative_measurement,1,education_lora_0007,req_00017,16,36429824,4,256,ac8cf775611dd6156fb5f98c48ff5809a5d69a549ab55d38f6e08eb24212e02a,bd1e7f4de54828c23c3afef57a4f8f0cfee7765bea5b1bd80f18fa696f1dac06,2be35dbfcfb05e08d10723bb185e73142fb68e83aabf4bf843837ce840e7fa47,141.1351080005261,580.0594039992575,6388.716068000576,25.053788501963044
source-profile/w16/l4,file_host,representative_measurement,1,education_lora_0043,req_00016,8,36429824,5,173,45feb5eec12e478bc4d56445e9b6cc2d23d030cd8b4a3c54420edf8e7edb8884,5fa3e82e7b2376c7d05647dafb2577848da6b3e32939d664d13320977e908495,e7ec197e29c202f2c1009663adf7a35b4775636c058114180958ed01e20e97bf,152.1008419986174,665.918872000475,4730.6314800007385,27.50367139535313
source-profile/w16/l5,file_host,representative_measurement,1,finance_lora,req_00000,8,42721280,6,152,d48b8782cd47f7438837d530fb7e329f42e0f7bb1857c4cf7e53acb3c9417cc6,4b44bba8c651135bfcef9ee97eac60acd845a77bd78ce8682b2b8cb9d66286c9,3ef0c537d8ee8d066ce918a4a6725799e67a329eb4f835ae4c42343b61ea6801,166.86283600029128,540.0121839993517,4167.764118999912,27.60108688079412
source-profile/w16/l6,file_host,representative_measurement,1,finance_lora_0073,req_00000,16,42721280,7,152,d48b8782cd47f7438837d530fb7e329f42e0f7bb1857c4cf7e53acb3c9417cc6,4b44bba8c651135bfcef9ee97eac60acd845a77bd78ce8682b2b8cb9d66286c9,3ef0c537d8ee8d066ce918a4a6725799e67a329eb4f835ae4c42343b61ea6801,203.65107799989346,350.3200229988579,4087.3753760006366,27.068711099341964
source-profile/w16/l7,file_host,representative_measurement,1,gaming_lora_0010,req_00030,16,28041216,8,162,d48b8782cd47f7438837d530fb7e329f42e0f7bb1857c4cf7e53acb3c9417cc6,4b44bba8c651135bfcef9ee97eac60acd845a77bd78ce8682b2b8cb9d66286c9,9533b2d03465f0b7e149fd6a53c8ec814d6e46df8c33adabe738f4de0030b365,221.5470950013696,196.9675370000914,4221.830388998569,26.222548999991112
source-profile/w17/l0,native_host,representative_measurement,1,code_lora_0015,req_00015,16,18350080,1,256,7a3cfb0f299c64411886e734351f7ab324fca84c16b608fbec7cafb7510a76d9,348b7639c10a2ce2fece81f7a6de42bc7bbbea416149edd24003e3bb3c952936,172e03d6e94c01544b630160caa37995c02c1918e2ac48dcb2ef9e3c62c26c11,168.350758998713,278.5545130009268,8068.722224999874,31.642047941175978
source-profile/w17/l1,native_host,representative_measurement,1,ecommerce_lora_0009,req_00018,8,9175040,2,183,664eaa1bf1ac5c08deb1859d12fc7b2ce712c9b372e8d249ab11b1d176d4534e,d3a08bc425110f1eeb259fec1ea1f627f48e72e3ac7ad1acec1702f2602d7eb4,ba01a4b9d8875b6a3f1f695140b76cf7f6f6872ac91411df698ed283f7d3fb26,212.5073090010119,237.0212519999768,6355.791603000398,34.92193188461757
source-profile/w17/l2,native_host,representative_measurement,1,ecommerce_lora_0057,req_00673,16,18350080,3,9,23a66aa95a18b17b5db1d5bc0623b1425e3f26a47d4dba35a1db5991f6e15f90,5a9d4667a90cf720dc638e68d9fee82dd5c85e8ea34247f070a9c75ac27f53df,62b7dd6cca4ec538a5d9637815d1c45d96b43a38ec3f2431bc25d07f390aa1ea,170.05120100111526,241.70539300030214,498.5999879991141,62.32499849988926
source-profile/w17/l3,native_host,representative_measurement,1,education_lora_0007,req_00017,16,18350080,4,256,ac8cf775611dd6156fb5f98c48ff5809a5d69a549ab55d38f6e08eb24212e02a,bd1e7f4de54828c23c3afef57a4f8f0cfee7765bea5b1bd80f18fa696f1dac06,2be35dbfcfb05e08d10723bb185e73142fb68e83aabf4bf843837ce840e7fa47,169.57125999942946,273.50768100041023,7012.729592999676,27.500900364704613
source-profile/w17/l4,native_host,representative_measurement,1,education_lora_0043,req_00016,8,9175040,5,173,45feb5eec12e478bc4d56445e9b6cc2d23d030cd8b4a3c54420edf8e7edb8884,5fa3e82e7b2376c7d05647dafb2577848da6b3e32939d664d13320977e908495,e7ec197e29c202f2c1009663adf7a35b4775636c058114180958ed01e20e97bf,200.28554999953485,277.67219500128704,5181.116151999959,30.122768325581156
source-profile/w17/l5,native_host,representative_measurement,1,finance_lora,req_00000,8,9175040,5,152,d48b8782cd47f7438837d530fb7e329f42e0f7bb1857c4cf7e53acb3c9417cc6,4b44bba8c651135bfcef9ee97eac60acd845a77bd78ce8682b2b8cb9d66286c9,3ef0c537d8ee8d066ce918a4a6725799e67a329eb4f835ae4c42343b61ea6801,173.4574040001462,259.03242499953194,4390.653495000151,29.077175463577163
source-profile/w17/l6,native_host,representative_measurement,1,finance_lora_0073,req_00000,16,18350080,6,152,d48b8782cd47f7438837d530fb7e329f42e0f7bb1857c4cf7e53acb3c9417cc6,4b44bba8c651135bfcef9ee97eac60acd845a77bd78ce8682b2b8cb9d66286c9,3ef0c537d8ee8d066ce918a4a6725799e67a329eb4f835ae4c42343b61ea6801,675.6198990005942,259.18645700039633,4045.570485999633,26.79185752317638
source-profile/w17/l7,native_host,representative_measurement,1,gaming_lora_0010,req_00030,16,18350080,7,162,d48b8782cd47f7438837d530fb7e329f42e0f7bb1857c4cf7e53acb3c9417cc6,4b44bba8c651135bfcef9ee97eac60acd845a77bd78ce8682b2b8cb9d66286c9,9533b2d03465f0b7e149fd6a53c8ec814d6e46df8c33adabe738f4de0030b365,158.95240400095645,239.5575339996867,3986.4503130011144,24.76056095031748
source-profile/w18/l0,gpu,representative_measurement,1,code_lora_0015,req_00015,16,228130816,1,256,7a3cfb0f299c64411886e734351f7ab324fca84c16b608fbec7cafb7510a76d9,348b7639c10a2ce2fece81f7a6de42bc7bbbea416149edd24003e3bb3c952936,172e03d6e94c01544b630160caa37995c02c1918e2ac48dcb2ef9e3c62c26c11,0.0,194.5279080009641,6853.207404999921,26.875323156862436
source-profile/w18/l1,gpu,representative_measurement,1,ecommerce_lora_0009,req_00018,8,228130816,2,183,664eaa1bf1ac5c08deb1859d12fc7b2ce712c9b372e8d249ab11b1d176d4534e,d3a08bc425110f1eeb259fec1ea1f627f48e72e3ac7ad1acec1702f2602d7eb4,ba01a4b9d8875b6a3f1f695140b76cf7f6f6872ac91411df698ed283f7d3fb26,0.0,197.90026500049862,5483.50569700051,30.129152181321484
source-profile/w18/l2,gpu,representative_measurement,1,ecommerce_lora_0057,req_00673,16,228130816,3,9,23a66aa95a18b17b5db1d5bc0623b1425e3f26a47d4dba35a1db5991f6e15f90,5a9d4667a90cf720dc638e68d9fee82dd5c85e8ea34247f070a9c75ac27f53df,62b7dd6cca4ec538a5d9637815d1c45d96b43a38ec3f2431bc25d07f390aa1ea,0.0,169.59340200082806,766.5443379992212,95.81804224990265
source-profile/w18/l3,gpu,representative_measurement,1,education_lora_0007,req_00017,16,228130816,4,256,ac8cf775611dd6156fb5f98c48ff5809a5d69a549ab55d38f6e08eb24212e02a,bd1e7f4de54828c23c3afef57a4f8f0cfee7765bea5b1bd80f18fa696f1dac06,2be35dbfcfb05e08d10723bb185e73142fb68e83aabf4bf843837ce840e7fa47,0.0,191.35633500081894,6387.000494998574,25.04706076470029
source-profile/w18/l4,gpu,representative_measurement,1,education_lora_0043,req_00016,8,228130816,5,173,45feb5eec12e478bc4d56445e9b6cc2d23d030cd8b4a3c54420edf8e7edb8884,5fa3e82e7b2376c7d05647dafb2577848da6b3e32939d664d13320977e908495,e7ec197e29c202f2c1009663adf7a35b4775636c058114180958ed01e20e97bf,0.0,189.2466789995524,4863.358660000813,28.275341046516356
source-profile/w18/l5,gpu,representative_measurement,1,finance_lora,req_00000,8,228130816,6,152,d48b8782cd47f7438837d530fb7e329f42e0f7bb1857c4cf7e53acb3c9417cc6,4b44bba8c651135bfcef9ee97eac60acd845a77bd78ce8682b2b8cb9d66286c9,3ef0c537d8ee8d066ce918a4a6725799e67a329eb4f835ae4c42343b61ea6801,0.0,196.09820299956482,4233.237025000562,28.034682284771936
source-profile/w18/l6,gpu,representative_measurement,1,finance_lora_0073,req_00000,16,228130816,7,152,d48b8782cd47f7438837d530fb7e329f42e0f7bb1857c4cf7e53acb3c9417cc6,4b44bba8c651135bfcef9ee97eac60acd845a77bd78ce8682b2b8cb9d66286c9,3ef0c537d8ee8d066ce918a4a6725799e67a329eb4f835ae4c42343b61ea6801,0.0,203.5122359993693,4087.0571360010217,27.06660354967564
source-profile/w18/l7,gpu,representative_measurement,1,gaming_lora_0010,req_00030,16,228130816,8,162,d48b8782cd47f7438837d530fb7e329f42e0f7bb1857c4cf7e53acb3c9417cc6,4b44bba8c651135bfcef9ee97eac60acd845a77bd78ce8682b2b8cb9d66286c9,9533b2d03465f0b7e149fd6a53c8ec814d6e46df8c33adabe738f4de0030b365,0.0,163.4642499993788,4221.339142999568,26.219497782606012
source-profile/w19/l0,remote,representative_measurement,1,code_lora_0015,req_00015,16,56327468,1,256,7a3cfb0f299c64411886e734351f7ab324fca84c16b608fbec7cafb7510a76d9,348b7639c10a2ce2fece81f7a6de42bc7bbbea416149edd24003e3bb3c952936,172e03d6e94c01544b630160caa37995c02c1918e2ac48dcb2ef9e3c62c26c11,743.5630280015175,162.92315799910284,6765.188665000096,26.530151627451357
source-profile/w19/l1,remote,representative_measurement,1,ecommerce_lora_0009,req_00018,8,32210220,2,183,664eaa1bf1ac5c08deb1859d12fc7b2ce712c9b372e8d249ab11b1d176d4534e,d3a08bc425110f1eeb259fec1ea1f627f48e72e3ac7ad1acec1702f2602d7eb4,43a8edb9ecdd5842510ce8f2fd1ce3cfddfe833da9d1ef8b682773d3044341eb,934.555783000178,579.2439470005775,5369.196608999118,29.501080269225923
source-profile/w19/l2,remote,representative_measurement,1,ecommerce_lora_0057,req_00673,16,32210220,3,9,23a66aa95a18b17b5db1d5bc0623b1425e3f26a47d4dba35a1db5991f6e15f90,5a9d4667a90cf720dc638e68d9fee82dd5c85e8ea34247f070a9c75ac27f53df,62b7dd6cca4ec538a5d9637815d1c45d96b43a38ec3f2431bc25d07f390aa1ea,770.7175399991684,213.2277630007593,134.1626030007319,16.77032537509149
source-profile/w19/l3,remote,representative_measurement,1,education_lora_0007,req_00017,16,36404524,4,256,ac8cf775611dd6156fb5f98c48ff5809a5d69a549ab55d38f6e08eb24212e02a,bd1e7f4de54828c23c3afef57a4f8f0cfee7765bea5b1bd80f18fa696f1dac06,2be35dbfcfb05e08d10723bb185e73142fb68e83aabf4bf843837ce840e7fa47,1935.3596559994912,318.16659399919445,5900.915637999788,23.140845639214852
source-profile/w19/l4,remote,representative_measurement,1,education_lora_0043,req_00016,8,36404524,5,173,45feb5eec12e478bc4d56445e9b6cc2d23d030cd8b4a3c54420edf8e7edb8884,5fa3e82e7b2376c7d05647dafb2577848da6b3e32939d664d13320977e908495,e7ec197e29c202f2c1009663adf7a35b4775636c058114180958ed01e20e97bf,1701.6418670009443,344.4779279998329,4781.6527269988,27.800306552318606
source-profile/w19/l5,remote,representative_measurement,1,finance_lora,req_00000,8,42695980,6,152,d48b8782cd47f7438837d530fb7e329f42e0f7bb1857c4cf7e53acb3c9417cc6,4b44bba8c651135bfcef9ee97eac60acd845a77bd78ce8682b2b8cb9d66286c9,3ef0c537d8ee8d066ce918a4a6725799e67a329eb4f835ae4c42343b61ea6801,1492.4934929986193,312.89797900171834,4495.320479998554,29.770334304626186
source-profile/w19/l6,remote,representative_measurement,1,finance_lora_0073,req_00000,16,42695980,7,152,d48b8782cd47f7438837d530fb7e329f42e0f7bb1857c4cf7e53acb3c9417cc6,4b44bba8c651135bfcef9ee97eac60acd845a77bd78ce8682b2b8cb9d66286c9,3ef0c537d8ee8d066ce918a4a6725799e67a329eb4f835ae4c42343b61ea6801,2273.650813000131,259.9684889992204,3945.7298100005573,26.130660993381174
source-profile/w19/l7,remote,representative_measurement,1,gaming_lora_0010,req_00030,16,28015916,8,162,d48b8782cd47f7438837d530fb7e329f42e0f7bb1857c4cf7e53acb3c9417cc6,4b44bba8c651135bfcef9ee97eac60acd845a77bd78ce8682b2b8cb9d66286c9,9533b2d03465f0b7e149fd6a53c8ec814d6e46df8c33adabe738f4de0030b365,2060.68870099989,329.1544879994035,4246.537901999545,26.376011813661773
source-profile/w20/l0,nvme,representative_measurement,1,code_lora_0015,req_00015,16,56352768,1,256,7a3cfb0f299c64411886e734351f7ab324fca84c16b608fbec7cafb7510a76d9,348b7639c10a2ce2fece81f7a6de42bc7bbbea416149edd24003e3bb3c952936,172e03d6e94c01544b630160caa37995c02c1918e2ac48dcb2ef9e3c62c26c11,58.960230999218766,342.75457200055826,7035.98603699902,27.59210210587851
source-profile/w20/l1,nvme,representative_measurement,1,ecommerce_lora_0009,req_00018,8,32235520,2,183,664eaa1bf1ac5c08deb1859d12fc7b2ce712c9b372e8d249ab11b1d176d4534e,d3a08bc425110f1eeb259fec1ea1f627f48e72e3ac7ad1acec1702f2602d7eb4,ba01a4b9d8875b6a3f1f695140b76cf7f6f6872ac91411df698ed283f7d3fb26,63.94539599932614,449.4031609992817,5643.4072380016005,31.00773207693187
source-profile/w20/l2,nvme,representative_measurement,1,ecommerce_lora_0057,req_00673,16,32235520,3,9,23a66aa95a18b17b5db1d5bc0623b1425e3f26a47d4dba35a1db5991f6e15f90,5a9d4667a90cf720dc638e68d9fee82dd5c85e8ea34247f070a9c75ac27f53df,62b7dd6cca4ec538a5d9637815d1c45d96b43a38ec3f2431bc25d07f390aa1ea,125.98787699971581,514.6130609991815,945.2034530004312,118.1504316250539
source-profile/w20/l3,nvme,representative_measurement,1,education_lora_0007,req_00017,16,36429824,4,256,ac8cf775611dd6156fb5f98c48ff5809a5d69a549ab55d38f6e08eb24212e02a,bd1e7f4de54828c23c3afef57a4f8f0cfee7765bea5b1bd80f18fa696f1dac06,2be35dbfcfb05e08d10723bb185e73142fb68e83aabf4bf843837ce840e7fa47,138.86900800025614,580.9548590004852,6390.000331999545,25.058824831370764
source-profile/w20/l4,nvme,representative_measurement,1,education_lora_0043,req_00016,8,36429824,5,173,45feb5eec12e478bc4d56445e9b6cc2d23d030cd8b4a3c54420edf8e7edb8884,5fa3e82e7b2376c7d05647dafb2577848da6b3e32939d664d13320977e908495,e7ec197e29c202f2c1009663adf7a35b4775636c058114180958ed01e20e97bf,153.76899500006402,658.3325610008615,4732.290788999308,27.51331854069365
source-profile/w20/l5,nvme,representative_measurement,1,finance_lora,req_00000,8,42721280,6,152,d48b8782cd47f7438837d530fb7e329f42e0f7bb1857c4cf7e53acb3c9417cc6,4b44bba8c651135bfcef9ee97eac60acd845a77bd78ce8682b2b8cb9d66286c9,3ef0c537d8ee8d066ce918a4a6725799e67a329eb4f835ae4c42343b61ea6801,170.3954779986816,520.8073570011038,4179.81127999883,27.680869403965765
source-profile/w20/l6,nvme,representative_measurement,1,finance_lora_0073,req_00000,16,42721280,7,152,d48b8782cd47f7438837d530fb7e329f42e0f7bb1857c4cf7e53acb3c9417cc6,4b44bba8c651135bfcef9ee97eac60acd845a77bd78ce8682b2b8cb9d66286c9,3ef0c537d8ee8d066ce918a4a6725799e67a329eb4f835ae4c42343b61ea6801,197.39722200029064,337.43944900015777,4101.62208499969,27.16306016556086
source-profile/w20/l7,nvme,representative_measurement,1,gaming_lora_0010,req_00030,16,28041216,8,162,d48b8782cd47f7438837d530fb7e329f42e0f7bb1857c4cf7e53acb3c9417cc6,4b44bba8c651135bfcef9ee97eac60acd845a77bd78ce8682b2b8cb9d66286c9,9533b2d03465f0b7e149fd6a53c8ec814d6e46df8c33adabe738f4de0030b365,205.72237399937876,194.6848770003271,4232.974738999474,26.29176856521412
source-profile/w21/l0,native_host,representative_measurement,1,gaming_lora_0034,req_00096,8,9175040,1,99,7d909f88ed53d92b35fc65d502ec3db8d213c2cec3c220074ea1a92c235864c5,2267cb2bacf06e1f715a23b3a479cb324eaa7ac97fd7df050dc4ab0c3df5861e,49abd1ab2e6959db32a1808606efc8e8c5c7d3e42cb5dc7e57497240b582a161,613.8075839990051,246.37061999965226,4475.418115000139,45.6675317857157
source-profile/w21/l1,native_host,representative_measurement,1,legal_lora,req_00005,8,9175040,2,256,ac37d628ca1c32ac53b036cef144d4d208736b190e78fcca5eb009ee66e394d6,abd6617e938672c678d181d91f30f1d3c652d830336956758871e8dcce813fc6,a316934630155c2e3c26162dc8579882204f0e2cdb1eb96bf3641989007656c5,177.06986700068228,245.4203689994756,7004.249879999406,27.467646588232967
source-profile/w21/l2,native_host,representative_measurement,1,legal_lora_0017,req_00068,16,18350080,3,256,87d9350451551184b0fc278a6e3781d67d1a66e4edb3c8d430a701bb1a92b8c1,4ee7ddf183779465230da92dcf44852829ac2e3261a50d1c48732f5f19e6618d,7bbff589f3b345a6cd13107419c48ce033d5d8b1e6afbd426d55975217fa625a,183.59808800050814,246.79711499993573,6643.280448999576,26.0520801921552
source-profile/w21/l3,native_host,representative_measurement,1,medical_lora,req_00021,8,9175040,4,89,7d909f88ed53d92b35fc65d502ec3db8d213c2cec3c220074ea1a92c235864c5,2267cb2bacf06e1f715a23b3a479cb324eaa7ac97fd7df050dc4ab0c3df5861e,4d9110a658a9284f2cd6081e49b731f2582bcd6d9b1060b6bbbae2310e48ad4e,173.89515600007144,255.36876200021652,3328.36381999914,37.82231613635386
source-profile/w21/l4,native_host,representative_measurement,1,medical_lora_0026,req_00049,16,18350080,5,16,13bd30bb371236ce44fde5e9ad5622cf01a53954c8f1d64151bde878c44f1a9e,c998acc3c86f44218c864dd182994a097e5685c0e06440bb99ae76d13afdad7f,36f6d25c3f848f30f46842cc5c2beabb5a32aea0f9dcf623f964d3a855f83576,173.18995099958556,250.14024800111656,995.5206639988319,66.3680442665888
source-profile/w21/l5,native_host,representative_measurement,1,research_lora_0008,req_00008,8,9175040,6,50,dfe9631457079c19ca05230b5f1800d9c9da92f569fba712db0f68b0dfc7e0cd,ac238d41ce3dc2bfa25e53a957f151ea1f236642d874b7698dfe3d4067817d40,40cc18ad1658f835852f8a4f5feb1f7900cb3b92d54f4f2879e5c4e101248ed1,181.3844500011328,255.5183690001286,1815.3321350000624,37.047594591838006
source-profile/w21/l6,native_host,representative_measurement,1,research_lora_0104,req_00000,16,18350080,7,152,d48b8782cd47f7438837d530fb7e329f42e0f7bb1857c4cf7e53acb3c9417cc6,4b44bba8c651135bfcef9ee97eac60acd845a77bd78ce8682b2b8cb9d66286c9,3ef0c537d8ee8d066ce918a4a6725799e67a329eb4f835ae4c42343b61ea6801,173.75661299956846,269.548420999854,3510.9886190002726,23.25158025827995
source-profile/w21/l7,native_host,representative_measurement,1,security_lora_0012,req_00031,8,9175040,8,40,2d3e4d510a19c9cfa67522c26907a7d657af793b70421e9a3f1d1ef002ecc0ef,aa6869aedb0002e9ca2fd34eb058d4ff1c893e67403fd73f91d1bffa1712e449,01e6c835fd1c71f6b36a4e3b0035729f6ad2b0949007d8dc1e807fda6f3502a6,212.97215199956554,211.4916450009332,1026.9891599982657,26.333055384570915
source-profile/w22/l0,gpu,representative_measurement,1,gaming_lora_0034,req_00096,8,228130816,1,99,7d909f88ed53d92b35fc65d502ec3db8d213c2cec3c220074ea1a92c235864c5,2267cb2bacf06e1f715a23b3a479cb324eaa7ac97fd7df050dc4ab0c3df5861e,f7a0565c6d89dc03beda62d42fae0ca5ae3fe7ed2eb560b8349503199a38b253,0.0,177.1184369990806,3341.983333000826,34.101870744906385
source-profile/w22/l1,gpu,representative_measurement,1,legal_lora,req_00005,8,228130816,2,256,ac37d628ca1c32ac53b036cef144d4d208736b190e78fcca5eb009ee66e394d6,abd6617e938672c678d181d91f30f1d3c652d830336956758871e8dcce813fc6,a316934630155c2e3c26162dc8579882204f0e2cdb1eb96bf3641989007656c5,0.0,198.80087099954835,5912.727492999693,23.18716663921448
source-profile/w22/l2,gpu,representative_measurement,1,legal_lora_0017,req_00068,16,228130816,3,256,87d9350451551184b0fc278a6e3781d67d1a66e4edb3c8d430a701bb1a92b8c1,4ee7ddf183779465230da92dcf44852829ac2e3261a50d1c48732f5f19e6618d,7bbff589f3b345a6cd13107419c48ce033d5d8b1e6afbd426d55975217fa625a,0.0,190.47075500020583,5752.039934001004,22.557019349023548
source-profile/w22/l3,gpu,representative_measurement,1,medical_lora,req_00021,8,228130816,4,89,7d909f88ed53d92b35fc65d502ec3db8d213c2cec3c220074ea1a92c235864c5,2267cb2bacf06e1f715a23b3a479cb324eaa7ac97fd7df050dc4ab0c3df5861e,4d9110a658a9284f2cd6081e49b731f2582bcd6d9b1060b6bbbae2310e48ad4e,0.0,173.05354100062686,2702.708689999781,30.712598749997515
source-profile/w22/l4,gpu,representative_measurement,1,medical_lora_0026,req_00049,16,228130816,5,16,13bd30bb371236ce44fde5e9ad5622cf01a53954c8f1d64151bde878c44f1a9e,c998acc3c86f44218c864dd182994a097e5685c0e06440bb99ae76d13afdad7f,36f6d25c3f848f30f46842cc5c2beabb5a32aea0f9dcf623f964d3a855f83576,0.0,173.42694600120012,801.16376299884,53.410917533256
source-profile/w22/l5,gpu,representative_measurement,1,research_lora_0008,req_00008,8,228130816,6,50,dfe9631457079c19ca05230b5f1800d9c9da92f569fba712db0f68b0dfc7e0cd,ac238d41ce3dc2bfa25e53a957f151ea1f236642d874b7698dfe3d4067817d40,40cc18ad1658f835852f8a4f5feb1f7900cb3b92d54f4f2879e5c4e101248ed1,0.0,214.77672400033043,1533.6483549999684,31.29894602040752
source-profile/w22/l6,gpu,representative_measurement,1,research_lora_0104,req_00000,16,228130816,7,152,d48b8782cd47f7438837d530fb7e329f42e0f7bb1857c4cf7e53acb3c9417cc6,4b44bba8c651135bfcef9ee97eac60acd845a77bd78ce8682b2b8cb9d66286c9,3ef0c537d8ee8d066ce918a4a6725799e67a329eb4f835ae4c42343b61ea6801,0.0,201.59932100068545,3444.921444999636,22.81404930463335
source-profile/w22/l7,gpu,representative_measurement,1,security_lora_0012,req_00031,8,228130816,8,40,2d3e4d510a19c9cfa67522c26907a7d657af793b70421e9a3f1d1ef002ecc0ef,aa6869aedb0002e9ca2fd34eb058d4ff1c893e67403fd73f91d1bffa1712e449,01e6c835fd1c71f6b36a4e3b0035729f6ad2b0949007d8dc1e807fda6f3502a6,0.0,168.53907299991988,1047.6893020004354,26.86382825642142
source-profile/w23/l0,remote,representative_measurement,1,gaming_lora_0034,req_00096,8,28015916,1,99,7d909f88ed53d92b35fc65d502ec3db8d213c2cec3c220074ea1a92c235864c5,2267cb2bacf06e1f715a23b3a479cb324eaa7ac97fd7df050dc4ab0c3df5861e,49abd1ab2e6959db32a1808606efc8e8c5c7d3e42cb5dc7e57497240b582a161,456.77337699999043,481.6305200001807,3108.514911999009,31.71953991835724
source-profile/w23/l1,remote,representative_measurement,1,legal_lora,req_00005,8,45841708,2,256,ac37d628ca1c32ac53b036cef144d4d208736b190e78fcca5eb009ee66e394d6,abd6617e938672c678d181d91f30f1d3c652d830336956758871e8dcce813fc6,a316934630155c2e3c26162dc8579882204f0e2cdb1eb96bf3641989007656c5,1353.3795300008933,196.92683199900785,5926.868024000214,23.242619701961623
source-profile/w23/l2,remote,representative_measurement,1,legal_lora_0017,req_00068,16,45841708,3,256,87d9350451551184b0fc278a6e3781d67d1a66e4edb3c8d430a701bb1a92b8c1,4ee7ddf183779465230da92dcf44852829ac2e3261a50d1c48732f5f19e6618d,7bbff589f3b345a6cd13107419c48ce033d5d8b1e6afbd426d55975217fa625a,1574.228393001249,652.7810389998194,5483.657912998751,21.50454083528922
source-profile/w23/l3,remote,representative_measurement,1,medical_lora,req_00021,8,38501676,4,89,7d909f88ed53d92b35fc65d502ec3db8d213c2cec3c220074ea1a92c235864c5,2267cb2bacf06e1f715a23b3a479cb324eaa7ac97fd7df050dc4ab0c3df5861e,4d9110a658a9284f2cd6081e49b731f2582bcd6d9b1060b6bbbae2310e48ad4e,1378.626059000453,253.92312800067884,2846.9624889985425,32.35184646589253
source-profile/w23/l4,remote,representative_measurement,1,medical_lora_0026,req_00049,16,38501676,5,16,13bd30bb371236ce44fde5e9ad5622cf01a53954c8f1d64151bde878c44f1a9e,c998acc3c86f44218c864dd182994a097e5685c0e06440bb99ae76d13afdad7f,36f6d25c3f848f30f46842cc5c2beabb5a32aea0f9dcf623f964d3a855f83576,2480.4067160002887,279.6069730011368,492.5310469989199,32.83540313326133
source-profile/w23/l5,remote,representative_measurement,1,research_lora_0008,req_00008,8,40598828,6,50,dfe9631457079c19ca05230b5f1800d9c9da92f569fba712db0f68b0dfc7e0cd,ac238d41ce3dc2bfa25e53a957f151ea1f236642d874b7698dfe3d4067817d40,40cc18ad1658f835852f8a4f5feb1f7900cb3b92d54f4f2879e5c4e101248ed1,2222.8390429991123,376.69303300026513,1462.5282350007183,29.84751500001466
source-profile/w23/l6,remote,representative_measurement,1,research_lora_0104,req_00000,16,40598828,7,152,d48b8782cd47f7438837d530fb7e329f42e0f7bb1857c4cf7e53acb3c9417cc6,4b44bba8c651135bfcef9ee97eac60acd845a77bd78ce8682b2b8cb9d66286c9,3ef0c537d8ee8d066ce918a4a6725799e67a329eb4f835ae4c42343b61ea6801,2027.9539779985498,309.7149450004508,3666.6516229997796,24.28246107946874
source-profile/w23/l7,remote,representative_measurement,1,security_lora_0012,req_00031,8,44793132,8,40,2d3e4d510a19c9cfa67522c26907a7d657af793b70421e9a3f1d1ef002ecc0ef,aa6869aedb0002e9ca2fd34eb058d4ff1c893e67403fd73f91d1bffa1712e449,01e6c835fd1c71f6b36a4e3b0035729f6ad2b0949007d8dc1e807fda6f3502a6,2630.370064998715,241.25035900033254,1049.0460809996875,26.89861746153045
source-profile/w24/l0,nvme,representative_measurement,1,gaming_lora_0034,req_00096,8,28041216,1,99,7d909f88ed53d92b35fc65d502ec3db8d213c2cec3c220074ea1a92c235864c5,2267cb2bacf06e1f715a23b3a479cb324eaa7ac97fd7df050dc4ab0c3df5861e,f7a0565c6d89dc03beda62d42fae0ca5ae3fe7ed2eb560b8349503199a38b253,49.593705000006594,377.9558170008386,3679.156381998837,37.54241206121262
source-profile/w24/l1,nvme,representative_measurement,1,legal_lora,req_00005,8,45867008,2,256,ac37d628ca1c32ac53b036cef144d4d208736b190e78fcca5eb009ee66e394d6,abd6617e938672c678d181d91f30f1d3c652d830336956758871e8dcce813fc6,a316934630155c2e3c26162dc8579882204f0e2cdb1eb96bf3641989007656c5,75.41203199980373,486.03303900017636,6195.422683000288,24.29577522745211
source-profile/w24/l2,nvme,representative_measurement,1,legal_lora_0017,req_00068,16,45867008,3,256,87d9350451551184b0fc278a6e3781d67d1a66e4edb3c8d430a701bb1a92b8c1,4ee7ddf183779465230da92dcf44852829ac2e3261a50d1c48732f5f19e6618d,7bbff589f3b345a6cd13107419c48ce033d5d8b1e6afbd426d55975217fa625a,146.1411460004456,557.7624519992241,5952.513420999821,23.34318988627381
source-profile/w24/l3,nvme,representative_measurement,1,medical_lora,req_00021,8,38526976,4,89,7d909f88ed53d92b35fc65d502ec3db8d213c2cec3c220074ea1a92c235864c5,2267cb2bacf06e1f715a23b3a479cb324eaa7ac97fd7df050dc4ab0c3df5861e,4d9110a658a9284f2cd6081e49b731f2582bcd6d9b1060b6bbbae2310e48ad4e,151.31207199920027,667.2402740005055,2761.092942000687,31.376056159098713
source-profile/w24/l4,nvme,representative_measurement,1,medical_lora_0026,req_00049,16,38526976,5,16,13bd30bb371236ce44fde5e9ad5622cf01a53954c8f1d64151bde878c44f1a9e,c998acc3c86f44218c864dd182994a097e5685c0e06440bb99ae76d13afdad7f,36f6d25c3f848f30f46842cc5c2beabb5a32aea0f9dcf623f964d3a855f83576,182.2821460009436,768.2238969991886,655.8127169992076,43.72084779994717
source-profile/w24/l5,nvme,representative_measurement,1,research_lora_0008,req_00008,8,40624128,6,50,dfe9631457079c19ca05230b5f1800d9c9da92f569fba712db0f68b0dfc7e0cd,ac238d41ce3dc2bfa25e53a957f151ea1f236642d874b7698dfe3d4067817d40,40cc18ad1658f835852f8a4f5feb1f7900cb3b92d54f4f2879e5c4e101248ed1,220.14252500048315,581.9536500002869,1470.7561749983142,30.01543214282274
source-profile/w24/l6,nvme,representative_measurement,1,research_lora_0104,req_00000,16,40624128,7,152,d48b8782cd47f7438837d530fb7e329f42e0f7bb1857c4cf7e53acb3c9417cc6,4b44bba8c651135bfcef9ee97eac60acd845a77bd78ce8682b2b8cb9d66286c9,3ef0c537d8ee8d066ce918a4a6725799e67a329eb4f835ae4c42343b61ea6801,238.94363699946553,355.83353100082604,3463.9685949987324,22.940189370852533
source-profile/w24/l7,nvme,representative_measurement,1,security_lora_0012,req_00031,8,44818432,8,40,2d3e4d510a19c9cfa67522c26907a7d657af793b70421e9a3f1d1ef002ecc0ef,aa6869aedb0002e9ca2fd34eb058d4ff1c893e67403fd73f91d1bffa1712e449,01e6c835fd1c71f6b36a4e3b0035729f6ad2b0949007d8dc1e807fda6f3502a6,216.029676999824,197.46213800135592,1053.3139589988423,27.008050230739546
source-profile/w25/l0,file_host,representative_measurement,1,gaming_lora_0034,req_00096,8,28041216,1,99,7d909f88ed53d92b35fc65d502ec3db8d213c2cec3c220074ea1a92c235864c5,2267cb2bacf06e1f715a23b3a479cb324eaa7ac97fd7df050dc4ab0c3df5861e,f7a0565c6d89dc03beda62d42fae0ca5ae3fe7ed2eb560b8349503199a38b253,53.9343229993392,363.50315299932845,3540.463045001161,36.127173928583275
source-profile/w25/l1,file_host,representative_measurement,1,legal_lora,req_00005,8,45867008,2,256,ac37d628ca1c32ac53b036cef144d4d208736b190e78fcca5eb009ee66e394d6,abd6617e938672c678d181d91f30f1d3c652d830336956758871e8dcce813fc6,a316934630155c2e3c26162dc8579882204f0e2cdb1eb96bf3641989007656c5,65.22354600019753,471.3343920011539,6081.430570999146,23.848747337251552
source-profile/w25/l2,file_host,representative_measurement,1,legal_lora_0017,req_00068,16,45867008,3,256,87d9350451551184b0fc278a6e3781d67d1a66e4edb3c8d430a701bb1a92b8c1,4ee7ddf183779465230da92dcf44852829ac2e3261a50d1c48732f5f19e6618d,7bbff589f3b345a6cd13107419c48ce033d5d8b1e6afbd426d55975217fa625a,137.78785099930246,526.0973730000842,5860.157987999628,22.9810117176456
source-profile/w25/l3,file_host,representative_measurement,1,medical_lora,req_00021,8,38526976,4,89,7d909f88ed53d92b35fc65d502ec3db8d213c2cec3c220074ea1a92c235864c5,2267cb2bacf06e1f715a23b3a479cb324eaa7ac97fd7df050dc4ab0c3df5861e,4d9110a658a9284f2cd6081e49b731f2582bcd6d9b1060b6bbbae2310e48ad4e,138.0488510003488,596.499331000814,2702.6828059988475,30.712304613623267
source-profile/w25/l4,file_host,representative_measurement,1,medical_lora_0026,req_00049,16,38526976,5,16,13bd30bb371236ce44fde5e9ad5622cf01a53954c8f1d64151bde878c44f1a9e,c998acc3c86f44218c864dd182994a097e5685c0e06440bb99ae76d13afdad7f,36f6d25c3f848f30f46842cc5c2beabb5a32aea0f9dcf623f964d3a855f83576,158.60531499856734,683.8397740011715,655.4268689997116,43.69512459998077
source-profile/w25/l5,file_host,representative_measurement,1,research_lora_0008,req_00008,8,40624128,6,50,dfe9631457079c19ca05230b5f1800d9c9da92f569fba712db0f68b0dfc7e0cd,ac238d41ce3dc2bfa25e53a957f151ea1f236642d874b7698dfe3d4067817d40,40cc18ad1658f835852f8a4f5feb1f7900cb3b92d54f4f2879e5c4e101248ed1,169.76397399957932,551.4183710001817,1452.7040209995903,29.647020836726334
source-profile/w25/l6,file_host,representative_measurement,1,research_lora_0104,req_00000,16,40624128,7,152,d48b8782cd47f7438837d530fb7e329f42e0f7bb1857c4cf7e53acb3c9417cc6,4b44bba8c651135bfcef9ee97eac60acd845a77bd78ce8682b2b8cb9d66286c9,3ef0c537d8ee8d066ce918a4a6725799e67a329eb4f835ae4c42343b61ea6801,195.6142369999725,360.5089170014253,3450.5167879997316,22.851104556289613
source-profile/w25/l7,file_host,representative_measurement,1,security_lora_0012,req_00031,8,44818432,8,40,2d3e4d510a19c9cfa67522c26907a7d657af793b70421e9a3f1d1ef002ecc0ef,aa6869aedb0002e9ca2fd34eb058d4ff1c893e67403fd73f91d1bffa1712e449,01e6c835fd1c71f6b36a4e3b0035729f6ad2b0949007d8dc1e807fda6f3502a6,216.29199699964374,195.67801400080498,1040.0188639996486,26.667150358965348
source-profile/w26/l0,gpu,representative_measurement,1,security_lora_0048,req_00107,16,228130816,1,179,d48b8782cd47f7438837d530fb7e329f42e0f7bb1857c4cf7e53acb3c9417cc6,4b44bba8c651135bfcef9ee97eac60acd845a77bd78ce8682b2b8cb9d66286c9,77bdbf3a8357471b25bbcabef9b6c6b6f9b76902cc5508956772181f4a0c96a4,0.0,200.56293699963135,5189.788961000886,29.156117758431943
source-profile/w26/l1,gpu,representative_measurement,1,support_lora,req_00038,8,228130816,2,141,f49ad350f302f18533d645c8458d6e8f556edcbcad190d6ce222f6cfe0189b77,28256d1f57bce729e9fb51a6b723425d7d4409bff2f9e92f6574d6478b9d596f,92dae489cd5ada3d4ab29b6cccb360ceb8362645903ee3af353bbbeb7a0d8fe7,0.0,185.9783609997976,4228.618199000266,30.204415707144758
source-profile/w26/l2,gpu,representative_measurement,1,support_lora_0148,req_00000,16,228130816,3,152,d48b8782cd47f7438837d530fb7e329f42e0f7bb1857c4cf7e53acb3c9417cc6,4b44bba8c651135bfcef9ee97eac60acd845a77bd78ce8682b2b8cb9d66286c9,3ef0c537d8ee8d066ce918a4a6725799e67a329eb4f835ae4c42343b61ea6801,0.0,190.1631750006345,4354.013238998959,28.834524761582514
source-profile/w26/l3,gpu,representative_measurement,1,translate_lora,req_00007,8,228130816,4,174,1cd4782fb9853f9d65112e1e000c9addda739993f94687cd53627ecec1730bdf,863a849922cc81c0ae88c0e768630c1dcd0331afaf9e1d000a3e6702f84a6ec2,14969c6bdf2ecfef2fc017d7724d53816c8d7564d4b6f81a031ebc7a65f14e8b,0.0,126.29444300000614,4713.424297000529,27.245227150292074
source-profile/w26/l4,gpu,representative_measurement,1,translate_lora_0054,req_00553,16,228130816,5,136,829344c7a9c8f4030df11e50e6acc31b398fdedd0da94b8d8daedc3d038f2e74,c14b90b2d9652b819327a22d7c5642e568678d013c0294a19d69810a7bd6fa0b,19c8445b1548b70f278ced2b870e4571dc95268aec53f92fc4e276318328d15a,0.0,168.80088600009913,3757.329943999139,27.83207365925288
source-profile/w26/l5,gpu,representative_measurement,1,writing_lora_0011,req_00002,8,228130816,6,123,40b3a3a0009e919a9849c35f420de5bc87a313bf48e287fd12b4dc5422e736bf,0c870491227bb663ef63a2d8617011b7c73afeb4bbcb7881eac0eabc99252493,a3a1e7b1d33899759fcaa6d8674be9aadae1150da1ae75f24897e91730374073,0.0,174.03022899998177,3360.4452200015658,27.544632950832508
source-profile/w26/l6,gpu,representative_measurement,1,writing_lora_0035,req_00063,16,228130816,7,13,79cf8ea68ba8dcccabe264778429cd64acbd386add634c6676f7434965ac8437,e612a63497db446287f1961930fdb8154707ff571f11910d3b96fee3db43bf11,9f3b17493940073d43d567105ea762a09775048ea246997d55fc31c9363d9271,0.0,192.53959800153098,398.9385559998482,33.244879666654015
source-profile/w26/l7,gpu,representative_measurement,1,code_lora,req_00012,8,228130816,8,256,7a3cfb0f299c64411886e734351f7ab324fca84c16b608fbec7cafb7510a76d9,348b7639c10a2ce2fece81f7a6de42bc7bbbea416149edd24003e3bb3c952936,172e03d6e94c01544b630160caa37995c02c1918e2ac48dcb2ef9e3c62c26c11,0.0,160.90919800080883,5072.76755500061,19.893206098041606
source-profile/w27/l0,remote,representative_measurement,1,security_lora_0048,req_00107,16,44793132,1,179,d48b8782cd47f7438837d530fb7e329f42e0f7bb1857c4cf7e53acb3c9417cc6,4b44bba8c651135bfcef9ee97eac60acd845a77bd78ce8682b2b8cb9d66286c9,77bdbf3a8357471b25bbcabef9b6c6b6f9b76902cc5508956772181f4a0c96a4,716.1181520004902,156.78465199925995,5120.4008540007635,28.76629693258856
source-profile/w27/l1,remote,representative_measurement,1,support_lora,req_00038,8,30113068,2,141,f49ad350f302f18533d645c8458d6e8f556edcbcad190d6ce222f6cfe0189b77,28256d1f57bce729e9fb51a6b723425d7d4409bff2f9e92f6574d6478b9d596f,92dae489cd5ada3d4ab29b6cccb360ceb8362645903ee3af353bbbeb7a0d8fe7,739.3647209992196,243.46922500080836,4142.981708999287,29.592726492852048
source-profile/w27/l2,remote,representative_measurement,1,support_lora_0148,req_00000,16,30113068,3,152,d48b8782cd47f7438837d530fb7e329f42e0f7bb1857c4cf7e53acb3c9417cc6,4b44bba8c651135bfcef9ee97eac60acd845a77bd78ce8682b2b8cb9d66286c9,3ef0c537d8ee8d066ce918a4a6725799e67a329eb4f835ae4c42343b61ea6801,884.8305859992251,711.743251000371,4342.842396999913,28.76054567549611
source-profile/w27/l3,remote,representative_measurement,1,translate_lora,req_00007,8,34307372,4,174,1cd4782fb9853f9d65112e1e000c9addda739993f94687cd53627ecec1730bdf,863a849922cc81c0ae88c0e768630c1dcd0331afaf9e1d000a3e6702f84a6ec2,14969c6bdf2ecfef2fc017d7724d53816c8d7564d4b6f81a031ebc7a65f14e8b,1627.1413909998955,555.6770620005409,4330.768396001076,25.03334332948599
source-profile/w27/l4,remote,representative_measurement,1,translate_lora_0054,req_00553,16,34307372,5,136,829344c7a9c8f4030df11e50e6acc31b398fdedd0da94b8d8daedc3d038f2e74,c14b90b2d9652b819327a22d7c5642e568678d013c0294a19d69810a7bd6fa0b,19c8445b1548b70f278ced2b870e4571dc95268aec53f92fc4e276318328d15a,1443.4616540002025,251.03015700005926,3904.196409999713,28.919973407405283
source-profile/w27/l5,remote,representative_measurement,1,writing_lora_0011,req_00002,8,37453100,6,123,40b3a3a0009e919a9849c35f420de5bc87a313bf48e287fd12b4dc5422e736bf,0c870491227bb663ef63a2d8617011b7c73afeb4bbcb7881eac0eabc99252493,a3a1e7b1d33899759fcaa6d8674be9aadae1150da1ae75f24897e91730374073,2219.2254980000143,300.7922939996206,3161.018081000293,25.909984270494206
source-profile/w27/l6,remote,representative_measurement,1,writing_lora_0035,req_00063,16,37453100,7,13,79cf8ea68ba8dcccabe264778429cd64acbd386add634c6676f7434965ac8437,e612a63497db446287f1961930fdb8154707ff571f11910d3b96fee3db43bf11,9f3b17493940073d43d567105ea762a09775048ea246997d55fc31c9363d9271,2407.9826720007986,258.11162600075477,319.09418599934725,26.59118216661227
source-profile/w27/l7,remote,representative_measurement,1,code_lora,req_00012,8,56327468,8,256,7a3cfb0f299c64411886e734351f7ab324fca84c16b608fbec7cafb7510a76d9,348b7639c10a2ce2fece81f7a6de42bc7bbbea416149edd24003e3bb3c952936,172e03d6e94c01544b630160caa37995c02c1918e2ac48dcb2ef9e3c62c26c11,2031.9610720016499,287.1862929987401,5323.540601000786,20.87662980784622
source-profile/w28/l0,nvme,representative_measurement,1,security_lora_0048,req_00107,16,44818432,1,179,d48b8782cd47f7438837d530fb7e329f42e0f7bb1857c4cf7e53acb3c9417cc6,4b44bba8c651135bfcef9ee97eac60acd845a77bd78ce8682b2b8cb9d66286c9,77bdbf3a8357471b25bbcabef9b6c6b6f9b76902cc5508956772181f4a0c96a4,62.19999099994311,349.30685400104267,5471.846899999946,30.74071292134801
source-profile/w28/l1,nvme,representative_measurement,1,support_lora,req_00038,8,30138368,2,141,f49ad350f302f18533d645c8458d6e8f556edcbcad190d6ce222f6cfe0189b77,28256d1f57bce729e9fb51a6b723425d7d4409bff2f9e92f6574d6478b9d596f,92dae489cd5ada3d4ab29b6cccb360ceb8362645903ee3af353bbbeb7a0d8fe7,67.3196679999819,458.235172998684,4548.470178000571,32.48907270000408
source-profile/w28/l2,nvme,representative_measurement,1,support_lora_0148,req_00000,16,30138368,3,152,d48b8782cd47f7438837d530fb7e329f42e0f7bb1857c4cf7e53acb3c9417cc6,4b44bba8c651135bfcef9ee97eac60acd845a77bd78ce8682b2b8cb9d66286c9,3ef0c537d8ee8d066ce918a4a6725799e67a329eb4f835ae4c42343b61ea6801,126.57969999963825,527.1200039987889,4563.055458000235,30.218910317882354
source-profile/w28/l3,nvme,representative_measurement,1,translate_lora,req_00007,8,34332672,4,174,1cd4782fb9853f9d65112e1e000c9addda739993f94687cd53627ecec1730bdf,863a849922cc81c0ae88c0e768630c1dcd0331afaf9e1d000a3e6702f84a6ec2,14969c6bdf2ecfef2fc017d7724d53816c8d7564d4b6f81a031ebc7a65f14e8b,140.4056680003123,584.9298310004087,4748.480590000327,27.447864682082812
source-profile/w28/l4,nvme,representative_measurement,1,translate_lora_0054,req_00553,16,34332672,5,136,829344c7a9c8f4030df11e50e6acc31b398fdedd0da94b8d8daedc3d038f2e74,c14b90b2d9652b819327a22d7c5642e568678d013c0294a19d69810a7bd6fa0b,19c8445b1548b70f278ced2b870e4571dc95268aec53f92fc4e276318328d15a,164.2550160013343,649.0459269989515,3728.261719999864,27.616753481480472
source-profile/w28/l5,nvme,representative_measurement,1,writing_lora_0011,req_00002,8,37478400,6,123,40b3a3a0009e919a9849c35f420de5bc87a313bf48e287fd12b4dc5422e736bf,0c870491227bb663ef63a2d8617011b7c73afeb4bbcb7881eac0eabc99252493,a3a1e7b1d33899759fcaa6d8674be9aadae1150da1ae75f24897e91730374073,165.53839600055653,512.4728040009359,3324.7150909992342,27.25176304097733
source-profile/w28/l6,nvme,representative_measurement,1,writing_lora_0035,req_00063,16,37478400,7,13,79cf8ea68ba8dcccabe264778429cd64acbd386add634c6676f7434965ac8437,e612a63497db446287f1961930fdb8154707ff571f11910d3b96fee3db43bf11,9f3b17493940073d43d567105ea762a09775048ea246997d55fc31c9363d9271,196.04647099913564,326.3766630007012,405.6780560003972,33.806504666699766
source-profile/w28/l7,nvme,representative_measurement,1,code_lora,req_00012,8,56352768,8,256,7a3cfb0f299c64411886e734351f7ab324fca84c16b608fbec7cafb7510a76d9,348b7639c10a2ce2fece81f7a6de42bc7bbbea416149edd24003e3bb3c952936,172e03d6e94c01544b630160caa37995c02c1918e2ac48dcb2ef9e3c62c26c11,205.55062499988708,189.8385969998344,5351.049382999918,20.984507384313403
source-profile/w29/l0,file_host,representative_measurement,1,security_lora_0048,req_00107,16,44818432,1,179,d48b8782cd47f7438837d530fb7e329f42e0f7bb1857c4cf7e53acb3c9417cc6,4b44bba8c651135bfcef9ee97eac60acd845a77bd78ce8682b2b8cb9d66286c9,77bdbf3a8357471b25bbcabef9b6c6b6f9b76902cc5508956772181f4a0c96a4,59.19296399952145,360.36794500068936,5446.302943999399,30.59720755055842
source-profile/w29/l1,file_host,representative_measurement,1,support_lora,req_00038,8,30138368,2,141,f49ad350f302f18533d645c8458d6e8f556edcbcad190d6ce222f6cfe0189b77,28256d1f57bce729e9fb51a6b723425d7d4409bff2f9e92f6574d6478b9d596f,92dae489cd5ada3d4ab29b6cccb360ceb8362645903ee3af353bbbeb7a0d8fe7,63.221035999958985,479.421074000129,4517.427811999369,32.267341514281206
source-profile/w29/l2,file_host,representative_measurement,1,support_lora_0148,req_00000,16,30138368,3,152,d48b8782cd47f7438837d530fb7e329f42e0f7bb1857c4cf7e53acb3c9417cc6,4b44bba8c651135bfcef9ee97eac60acd845a77bd78ce8682b2b8cb9d66286c9,3ef0c537d8ee8d066ce918a4a6725799e67a329eb4f835ae4c42343b61ea6801,144.24137199966935,540.0816810015385,4518.950511999719,29.9268245827796
source-profile/w29/l3,file_host,representative_measurement,1,translate_lora,req_00007,8,34332672,4,174,1cd4782fb9853f9d65112e1e000c9addda739993f94687cd53627ecec1730bdf,863a849922cc81c0ae88c0e768630c1dcd0331afaf9e1d000a3e6702f84a6ec2,14969c6bdf2ecfef2fc017d7724d53816c8d7564d4b6f81a031ebc7a65f14e8b,139.85019300162094,600.6390409984306,4705.836427001486,27.201366630066396
source-profile/w29/l4,file_host,representative_measurement,1,translate_lora_0054,req_00553,16,34332672,5,136,829344c7a9c8f4030df11e50e6acc31b398fdedd0da94b8d8daedc3d038f2e74,c14b90b2d9652b819327a22d7c5642e568678d013c0294a19d69810a7bd6fa0b,19c8445b1548b70f278ced2b870e4571dc95268aec53f92fc4e276318328d15a,175.90083200047957,651.8328540005314,3688.635839998824,27.32322844443573
source-profile/w29/l5,file_host,representative_measurement,1,writing_lora_0011,req_00002,8,37478400,6,123,40b3a3a0009e919a9849c35f420de5bc87a313bf48e287fd12b4dc5422e736bf,0c870491227bb663ef63a2d8617011b7c73afeb4bbcb7881eac0eabc99252493,a3a1e7b1d33899759fcaa6d8674be9aadae1150da1ae75f24897e91730374073,169.5453929987707,515.1731240002846,3302.563786000974,27.070194967221095
source-profile/w29/l6,file_host,representative_measurement,1,writing_lora_0035,req_00063,16,37478400,7,13,79cf8ea68ba8dcccabe264778429cd64acbd386add634c6676f7434965ac8437,e612a63497db446287f1961930fdb8154707ff571f11910d3b96fee3db43bf11,9f3b17493940073d43d567105ea762a09775048ea246997d55fc31c9363d9271,194.3428499998845,331.0735459999705,405.87641799902485,33.82303483325207
source-profile/w29/l7,file_host,representative_measurement,1,code_lora,req_00012,8,56352768,8,256,7a3cfb0f299c64411886e734351f7ab324fca84c16b608fbec7cafb7510a76d9,348b7639c10a2ce2fece81f7a6de42bc7bbbea416149edd24003e3bb3c952936,172e03d6e94c01544b630160caa37995c02c1918e2ac48dcb2ef9e3c62c26c11,201.51846000044316,192.33958699987852,5301.299757000379,20.789410811766192
source-profile/w30/l0,native_host,representative_measurement,1,security_lora_0048,req_00107,16,18350080,1,179,d48b8782cd47f7438837d530fb7e329f42e0f7bb1857c4cf7e53acb3c9417cc6,4b44bba8c651135bfcef9ee97eac60acd845a77bd78ce8682b2b8cb9d66286c9,77bdbf3a8357471b25bbcabef9b6c6b6f9b76902cc5508956772181f4a0c96a4,176.46207100005995,295.64277000099537,6133.048333998886,34.45532771909487
source-profile/w30/l1,native_host,representative_measurement,1,support_lora,req_00038,8,9175040,2,141,f49ad350f302f18533d645c8458d6e8f556edcbcad190d6ce222f6cfe0189b77,28256d1f57bce729e9fb51a6b723425d7d4409bff2f9e92f6574d6478b9d596f,92dae489cd5ada3d4ab29b6cccb360ceb8362645903ee3af353bbbeb7a0d8fe7,213.6343250003847,783.775321999201,5299.037832999602,37.85027023571144
source-profile/w30/l2,native_host,representative_measurement,1,support_lora_0148,req_00000,16,18350080,3,152,d48b8782cd47f7438837d530fb7e329f42e0f7bb1857c4cf7e53acb3c9417cc6,4b44bba8c651135bfcef9ee97eac60acd845a77bd78ce8682b2b8cb9d66286c9,3ef0c537d8ee8d066ce918a4a6725799e67a329eb4f835ae4c42343b61ea6801,172.06204800095293,248.2743489999848,5245.2144359995145,34.7365194437054
source-profile/w30/l3,native_host,representative_measurement,1,translate_lora,req_00007,8,9175040,4,174,1cd4782fb9853f9d65112e1e000c9addda739993f94687cd53627ecec1730bdf,863a849922cc81c0ae88c0e768630c1dcd0331afaf9e1d000a3e6702f84a6ec2,14969c6bdf2ecfef2fc017d7724d53816c8d7564d4b6f81a031ebc7a65f14e8b,174.04747900036455,254.80031299957773,5252.628893000292,30.36201672254504
source-profile/w30/l4,native_host,representative_measurement,1,translate_lora_0054,req_00553,16,18350080,5,136,829344c7a9c8f4030df11e50e6acc31b398fdedd0da94b8d8daedc3d038f2e74,c14b90b2d9652b819327a22d7c5642e568678d013c0294a19d69810a7bd6fa0b,19c8445b1548b70f278ced2b870e4571dc95268aec53f92fc4e276318328d15a,176.99650999929872,258.98903100096504,4267.683672998828,31.612471651843173
source-profile/w30/l5,native_host,representative_measurement,1,writing_lora_0011,req_00002,8,9175040,6,123,40b3a3a0009e919a9849c35f420de5bc87a313bf48e287fd12b4dc5422e736bf,0c870491227bb663ef63a2d8617011b7c73afeb4bbcb7881eac0eabc99252493,a3a1e7b1d33899759fcaa6d8674be9aadae1150da1ae75f24897e91730374073,173.75416799950472,257.774026998959,3669.94332700051,30.08150268033205
source-profile/w30/l6,native_host,representative_measurement,1,writing_lora_0035,req_00063,16,18350080,7,13,79cf8ea68ba8dcccabe264778429cd64acbd386add634c6676f7434965ac8437,e612a63497db446287f1961930fdb8154707ff571f11910d3b96fee3db43bf11,9f3b17493940073d43d567105ea762a09775048ea246997d55fc31c9363d9271,176.34604799968656,277.8412819989171,531.2315450009919,44.26929541674932
source-profile/w30/l7,native_host,representative_measurement,1,code_lora,req_00012,8,9175040,8,256,7a3cfb0f299c64411886e734351f7ab324fca84c16b608fbec7cafb7510a76d9,348b7639c10a2ce2fece81f7a6de42bc7bbbea416149edd24003e3bb3c952936,172e03d6e94c01544b630160caa37995c02c1918e2ac48dcb2ef9e3c62c26c11,176.26888799895823,245.54497000099218,4925.916448999487,19.317319407841126
source-profile/w31/l0,gpu,representative_measurement,2,ecommerce_lora_0009,req_00018,8,228130816,1,183,664eaa1bf1ac5c08deb1859d12fc7b2ce712c9b372e8d249ab11b1d176d4534e,d3a08bc425110f1eeb259fec1ea1f627f48e72e3ac7ad1acec1702f2602d7eb4,ba01a4b9d8875b6a3f1f695140b76cf7f6f6872ac91411df698ed283f7d3fb26,0.0,204.55493299959926,5451.994160999675,29.956011873624586
source-profile/w31/l1,gpu,representative_measurement,2,ecommerce_lora_0057,req_00673,16,228130816,2,9,23a66aa95a18b17b5db1d5bc0623b1425e3f26a47d4dba35a1db5991f6e15f90,5a9d4667a90cf720dc638e68d9fee82dd5c85e8ea34247f070a9c75ac27f53df,62b7dd6cca4ec538a5d9637815d1c45d96b43a38ec3f2431bc25d07f390aa1ea,0.0,184.2086169999675,777.8988370009756,97.23735462512195
source-profile/w31/l2,gpu,representative_measurement,2,education_lora_0007,req_00017,16,228130816,3,256,ac8cf775611dd6156fb5f98c48ff5809a5d69a549ab55d38f6e08eb24212e02a,bd1e7f4de54828c23c3afef57a4f8f0cfee7765bea5b1bd80f18fa696f1dac06,2be35dbfcfb05e08d10723bb185e73142fb68e83aabf4bf843837ce840e7fa47,0.0,194.31526299922552,6158.33722699972,24.15034206666557
source-profile/w31/l3,gpu,representative_measurement,2,education_lora_0043,req_00016,8,228130816,4,173,45feb5eec12e478bc4d56445e9b6cc2d23d030cd8b4a3c54420edf8e7edb8884,5fa3e82e7b2376c7d05647dafb2577848da6b3e32939d664d13320977e908495,e7ec197e29c202f2c1009663adf7a35b4775636c058114180958ed01e20e97bf,0.0,193.6864630006312,4822.463216998585,28.03757684301503
source-profile/w31/l4,gpu,representative_measurement,2,finance_lora,req_00000,8,228130816,5,152,d48b8782cd47f7438837d530fb7e329f42e0f7bb1857c4cf7e53acb3c9417cc6,4b44bba8c651135bfcef9ee97eac60acd845a77bd78ce8682b2b8cb9d66286c9,3ef0c537d8ee8d066ce918a4a6725799e67a329eb4f835ae4c42343b61ea6801,0.0,197.71371200113208,4230.359557999691,28.015626211918484
source-profile/w31/l5,gpu,representative_measurement,2,finance_lora_0073,req_00000,16,228130816,6,152,d48b8782cd47f7438837d530fb7e329f42e0f7bb1857c4cf7e53acb3c9417cc6,4b44bba8c651135bfcef9ee97eac60acd845a77bd78ce8682b2b8cb9d66286c9,3ef0c537d8ee8d066ce918a4a6725799e67a329eb4f835ae4c42343b61ea6801,0.0,208.03991000138922,4076.4717149995704,26.996501423838215
source-profile/w31/l6,gpu,representative_measurement,2,gaming_lora_0010,req_00030,16,228130816,7,162,d48b8782cd47f7438837d530fb7e329f42e0f7bb1857c4cf7e53acb3c9417cc6,4b44bba8c651135bfcef9ee97eac60acd845a77bd78ce8682b2b8cb9d66286c9,9533b2d03465f0b7e149fd6a53c8ec814d6e46df8c33adabe738f4de0030b365,0.0,203.4366649986623,4131.007029000102,25.65842875155343
source-profile/w31/l7,gpu,representative_measurement,2,gaming_lora_0034,req_00096,8,228130816,8,99,7d909f88ed53d92b35fc65d502ec3db8d213c2cec3c220074ea1a92c235864c5,2267cb2bacf06e1f715a23b3a479cb324eaa7ac97fd7df050dc4ab0c3df5861e,49abd1ab2e6959db32a1808606efc8e8c5c7d3e42cb5dc7e57497240b582a161,0.0,100.85972900014895,2575.438130001203,26.27998091837962
source-profile/w32/l0,remote,representative_measurement,2,ecommerce_lora_0009,req_00018,8,32210220,1,183,664eaa1bf1ac5c08deb1859d12fc7b2ce712c9b372e8d249ab11b1d176d4534e,d3a08bc425110f1eeb259fec1ea1f627f48e72e3ac7ad1acec1702f2602d7eb4,ba01a4b9d8875b6a3f1f695140b76cf7f6f6872ac91411df698ed283f7d3fb26,661.4132269987749,165.92066300108854,5426.623813998958,29.81661436263164
source-profile/w32/l1,remote,representative_measurement,2,ecommerce_lora_0057,req_00673,16,32210220,2,9,23a66aa95a18b17b5db1d5bc0623b1425e3f26a47d4dba35a1db5991f6e15f90,5a9d4667a90cf720dc638e68d9fee82dd5c85e8ea34247f070a9c75ac27f53df,62b7dd6cca4ec538a5d9637815d1c45d96b43a38ec3f2431bc25d07f390aa1ea,868.569299000228,640.003128999524,879.2546570002742,109.90683212503427
source-profile/w32/l2,remote,representative_measurement,2,education_lora_0007,req_00017,16,36404524,3,256,ac8cf775611dd6156fb5f98c48ff5809a5d69a549ab55d38f6e08eb24212e02a,bd1e7f4de54828c23c3afef57a4f8f0cfee7765bea5b1bd80f18fa696f1dac06,2be35dbfcfb05e08d10723bb185e73142fb68e83aabf4bf843837ce840e7fa47,696.7475659985212,267.6002990010602,6378.432788998907,25.013461917642772
source-profile/w32/l3,remote,representative_measurement,2,education_lora_0043,req_00016,8,36404524,4,173,45feb5eec12e478bc4d56445e9b6cc2d23d030cd8b4a3c54420edf8e7edb8884,5fa3e82e7b2376c7d05647dafb2577848da6b3e32939d664d13320977e908495,e7ec197e29c202f2c1009663adf7a35b4775636c058114180958ed01e20e97bf,1404.999669000972,253.73433899949305,4826.28909199957,28.05982030232308
source-profile/w32/l4,remote,representative_measurement,2,finance_lora,req_00000,8,42695980,5,152,d48b8782cd47f7438837d530fb7e329f42e0f7bb1857c4cf7e53acb3c9417cc6,4b44bba8c651135bfcef9ee97eac60acd845a77bd78ce8682b2b8cb9d66286c9,3ef0c537d8ee8d066ce918a4a6725799e67a329eb4f835ae4c42343b61ea6801,1696.4015900011873,372.2783979992528,4056.3346990002174,26.863143701988193
source-profile/w32/l5,remote,representative_measurement,2,finance_lora_0073,req_00000,16,42695980,6,152,d48b8782cd47f7438837d530fb7e329f42e0f7bb1857c4cf7e53acb3c9417cc6,4b44bba8c651135bfcef9ee97eac60acd845a77bd78ce8682b2b8cb9d66286c9,3ef0c537d8ee8d066ce918a4a6725799e67a329eb4f835ae4c42343b61ea6801,1502.562706999015,496.2638920005702,4089.904292999563,27.08545889403684
source-profile/w32/l6,remote,representative_measurement,2,gaming_lora_0010,req_00030,16,28015916,7,162,d48b8782cd47f7438837d530fb7e329f42e0f7bb1857c4cf7e53acb3c9417cc6,4b44bba8c651135bfcef9ee97eac60acd845a77bd78ce8682b2b8cb9d66286c9,9533b2d03465f0b7e149fd6a53c8ec814d6e46df8c33adabe738f4de0030b365,1908.4176369997294,327.13038899964886,4101.588704999813,25.47570624223486
source-profile/w32/l7,remote,representative_measurement,2,gaming_lora_0034,req_00096,8,28015916,8,99,7d909f88ed53d92b35fc65d502ec3db8d213c2cec3c220074ea1a92c235864c5,2267cb2bacf06e1f715a23b3a479cb324eaa7ac97fd7df050dc4ab0c3df5861e,49abd1ab2e6959db32a1808606efc8e8c5c7d3e42cb5dc7e57497240b582a161,2086.155697999857,231.6868890011392,2560.4943399994227,26.12749326530023
source-profile/w33/l0,nvme,representative_measurement,2,ecommerce_lora_0009,req_00018,8,32235520,1,183,664eaa1bf1ac5c08deb1859d12fc7b2ce712c9b372e8d249ab11b1d176d4534e,d3a08bc425110f1eeb259fec1ea1f627f48e72e3ac7ad1acec1702f2602d7eb4,ba01a4b9d8875b6a3f1f695140b76cf7f6f6872ac91411df698ed283f7d3fb26,48.95839399978286,216.80754699991667,5663.999218000754,31.120874824179968
source-profile/w33/l1,nvme,representative_measurement,2,ecommerce_lora_0057,req_00673,16,32235520,2,9,23a66aa95a18b17b5db1d5bc0623b1425e3f26a47d4dba35a1db5991f6e15f90,5a9d4667a90cf720dc638e68d9fee82dd5c85e8ea34247f070a9c75ac27f53df,62b7dd6cca4ec538a5d9637815d1c45d96b43a38ec3f2431bc25d07f390aa1ea,74.95975399979216,894.5614349995594,1127.5320050008304,140.9415006251038
source-profile/w33/l2,nvme,representative_measurement,2,education_lora_0007,req_00017,16,36429824,3,256,ac8cf775611dd6156fb5f98c48ff5809a5d69a549ab55d38f6e08eb24212e02a,bd1e7f4de54828c23c3afef57a4f8f0cfee7765bea5b1bd80f18fa696f1dac06,2be35dbfcfb05e08d10723bb185e73142fb68e83aabf4bf843837ce840e7fa47,103.75458700036688,527.4339529987628,6158.687902001475,24.151717262750882
source-profile/w33/l3,nvme,representative_measurement,2,education_lora_0043,req_00016,8,36429824,4,173,45feb5eec12e478bc4d56445e9b6cc2d23d030cd8b4a3c54420edf8e7edb8884,5fa3e82e7b2376c7d05647dafb2577848da6b3e32939d664d13320977e908495,e7ec197e29c202f2c1009663adf7a35b4775636c058114180958ed01e20e97bf,133.08135000079346,606.4142089999223,4743.342589999884,27.577573197673743
source-profile/w33/l4,nvme,representative_measurement,2,finance_lora,req_00000,8,42721280,5,152,d48b8782cd47f7438837d530fb7e329f42e0f7bb1857c4cf7e53acb3c9417cc6,4b44bba8c651135bfcef9ee97eac60acd845a77bd78ce8682b2b8cb9d66286c9,3ef0c537d8ee8d066ce918a4a6725799e67a329eb4f835ae4c42343b61ea6801,169.31016400121734,672.9202659989824,4071.174083999722,26.961417774832597
source-profile/w33/l5,nvme,representative_measurement,2,finance_lora_0073,req_00000,16,42721280,6,152,d48b8782cd47f7438837d530fb7e329f42e0f7bb1857c4cf7e53acb3c9417cc6,4b44bba8c651135bfcef9ee97eac60acd845a77bd78ce8682b2b8cb9d66286c9,3ef0c537d8ee8d066ce918a4a6725799e67a329eb4f835ae4c42343b61ea6801,178.90786300085892,527.97099000054,3983.8820709992433,26.383324973504923
source-profile/w33/l6,nvme,representative_measurement,2,gaming_lora_0010,req_00030,16,28041216,7,162,d48b8782cd47f7438837d530fb7e329f42e0f7bb1857c4cf7e53acb3c9417cc6,4b44bba8c651135bfcef9ee97eac60acd845a77bd78ce8682b2b8cb9d66286c9,9533b2d03465f0b7e149fd6a53c8ec814d6e46df8c33adabe738f4de0030b365,200.99687000038102,338.03094899849384,4108.239083001536,25.517012937897736
source-profile/w33/l7,nvme,representative_measurement,2,gaming_lora_0034,req_00096,8,28041216,8,99,7d909f88ed53d92b35fc65d502ec3db8d213c2cec3c220074ea1a92c235864c5,2267cb2bacf06e1f715a23b3a479cb324eaa7ac97fd7df050dc4ab0c3df5861e,49abd1ab2e6959db32a1808606efc8e8c5c7d3e42cb5dc7e57497240b582a161,207.5475239998923,161.96936900087167,2558.1507759998203,26.103579346936943
source-profile/w34/l0,file_host,representative_measurement,2,ecommerce_lora_0009,req_00018,8,32235520,1,183,664eaa1bf1ac5c08deb1859d12fc7b2ce712c9b372e8d249ab11b1d176d4534e,d3a08bc425110f1eeb259fec1ea1f627f48e72e3ac7ad1acec1702f2602d7eb4,ba01a4b9d8875b6a3f1f695140b76cf7f6f6872ac91411df698ed283f7d3fb26,51.57536700062337,338.5468109991052,5603.0366940012755,30.78591590110591
source-profile/w34/l1,file_host,representative_measurement,2,ecommerce_lora_0057,req_00673,16,32235520,2,9,23a66aa95a18b17b5db1d5bc0623b1425e3f26a47d4dba35a1db5991f6e15f90,5a9d4667a90cf720dc638e68d9fee82dd5c85e8ea34247f070a9c75ac27f53df,62b7dd6cca4ec538a5d9637815d1c45d96b43a38ec3f2431bc25d07f390aa1ea,69.79100100033975,443.55047499993816,1122.439876999124,140.3049846248905
source-profile/w34/l2,file_host,representative_measurement,2,education_lora_0007,req_00017,16,36429824,3,256,ac8cf775611dd6156fb5f98c48ff5809a5d69a549ab55d38f6e08eb24212e02a,bd1e7f4de54828c23c3afef57a4f8f0cfee7765bea5b1bd80f18fa696f1dac06,2be35dbfcfb05e08d10723bb185e73142fb68e83aabf4bf843837ce840e7fa47,123.09985200045048,504.3502839998837,6237.321200000224,24.46008313725578
source-profile/w34/l3,file_host,representative_measurement,2,education_lora_0043,req_00016,8,36429824,4,173,45feb5eec12e478bc4d56445e9b6cc2d23d030cd8b4a3c54420edf8e7edb8884,5fa3e82e7b2376c7d05647dafb2577848da6b3e32939d664d13320977e908495,e7ec197e29c202f2c1009663adf7a35b4775636c058114180958ed01e20e97bf,129.0890189993661,590.2876780000952,4805.242283000553,27.937455133724143
source-profile/w34/l4,file_host,representative_measurement,2,finance_lora,req_00000,8,42721280,5,152,d48b8782cd47f7438837d530fb7e329f42e0f7bb1857c4cf7e53acb3c9417cc6,4b44bba8c651135bfcef9ee97eac60acd845a77bd78ce8682b2b8cb9d66286c9,3ef0c537d8ee8d066ce918a4a6725799e67a329eb4f835ae4c42343b61ea6801,148.57600100003765,677.0432299999811,4090.097357999184,27.086737470193274
source-profile/w34/l5,file_host,representative_measurement,2,finance_lora_0073,req_00000,16,42721280,6,152,d48b8782cd47f7438837d530fb7e329f42e0f7bb1857c4cf7e53acb3c9417cc6,4b44bba8c651135bfcef9ee97eac60acd845a77bd78ce8682b2b8cb9d66286c9,3ef0c537d8ee8d066ce918a4a6725799e67a329eb4f835ae4c42343b61ea6801,175.55648900088272,539.2199300003995,4002.2481919986603,26.504954913898413
source-profile/w34/l6,file_host,representative_measurement,2,gaming_lora_0010,req_00030,16,28041216,7,162,d48b8782cd47f7438837d530fb7e329f42e0f7bb1857c4cf7e53acb3c9417cc6,4b44bba8c651135bfcef9ee97eac60acd845a77bd78ce8682b2b8cb9d66286c9,9533b2d03465f0b7e149fd6a53c8ec814d6e46df8c33adabe738f4de0030b365,192.58904799971788,348.65481099950557,4142.02552900133,25.726866639759816
source-profile/w34/l7,file_host,representative_measurement,2,gaming_lora_0034,req_00096,8,28041216,8,99,7d909f88ed53d92b35fc65d502ec3db8d213c2cec3c220074ea1a92c235864c5,2267cb2bacf06e1f715a23b3a479cb324eaa7ac97fd7df050dc4ab0c3df5861e,49abd1ab2e6959db32a1808606efc8e8c5c7d3e42cb5dc7e57497240b582a161,211.623982000674,161.96869799932756,2571.700820000842,26.24184510204941
source-profile/w35/l0,native_host,representative_measurement,2,ecommerce_lora_0009,req_00018,8,9175040,1,183,664eaa1bf1ac5c08deb1859d12fc7b2ce712c9b372e8d249ab11b1d176d4534e,d3a08bc425110f1eeb259fec1ea1f627f48e72e3ac7ad1acec1702f2602d7eb4,ba01a4b9d8875b6a3f1f695140b76cf7f6f6872ac91411df698ed283f7d3fb26,166.9323109999823,297.20058199927735,6392.303971000729,35.1225492912128
source-profile/w35/l1,native_host,representative_measurement,2,ecommerce_lora_0057,req_00673,16,18350080,2,9,23a66aa95a18b17b5db1d5bc0623b1425e3f26a47d4dba35a1db5991f6e15f90,5a9d4667a90cf720dc638e68d9fee82dd5c85e8ea34247f070a9c75ac27f53df,62b7dd6cca4ec538a5d9637815d1c45d96b43a38ec3f2431bc25d07f390aa1ea,209.3049039995094,240.12730000140436,462.6952999988134,57.83691249985168
source-profile/w35/l2,native_host,representative_measurement,2,education_lora_0007,req_00017,16,18350080,3,256,ac8cf775611dd6156fb5f98c48ff5809a5d69a549ab55d38f6e08eb24212e02a,bd1e7f4de54828c23c3afef57a4f8f0cfee7765bea5b1bd80f18fa696f1dac06,2be35dbfcfb05e08d10723bb185e73142fb68e83aabf4bf843837ce840e7fa47,166.678581999804,247.15286299942818,7135.133062000023,27.98091396862754
source-profile/w35/l3,native_host,representative_measurement,2,education_lora_0043,req_00016,8,9175040,4,173,45feb5eec12e478bc4d56445e9b6cc2d23d030cd8b4a3c54420edf8e7edb8884,5fa3e82e7b2376c7d05647dafb2577848da6b3e32939d664d13320977e908495,e7ec197e29c202f2c1009663adf7a35b4775636c058114180958ed01e20e97bf,986.6757939998934,255.89227999989816,5352.476619998924,31.119050116272817
source-profile/w35/l4,native_host,representative_measurement,2,finance_lora,req_00000,8,9175040,4,152,d48b8782cd47f7438837d530fb7e329f42e0f7bb1857c4cf7e53acb3c9417cc6,4b44bba8c651135bfcef9ee97eac60acd845a77bd78ce8682b2b8cb9d66286c9,3ef0c537d8ee8d066ce918a4a6725799e67a329eb4f835ae4c42343b61ea6801,194.6663519993308,259.95202800004336,4593.371553999532,30.419679165559813
source-profile/w35/l5,native_host,representative_measurement,2,finance_lora_0073,req_00000,16,18350080,5,152,d48b8782cd47f7438837d530fb7e329f42e0f7bb1857c4cf7e53acb3c9417cc6,4b44bba8c651135bfcef9ee97eac60acd845a77bd78ce8682b2b8cb9d66286c9,3ef0c537d8ee8d066ce918a4a6725799e67a329eb4f835ae4c42343b61ea6801,183.627187001548,261.7443649996858,4249.139886000194,28.139999245034396
source-profile/w35/l6,native_host,representative_measurement,2,gaming_lora_0010,req_00030,16,18350080,6,162,d48b8782cd47f7438837d530fb7e329f42e0f7bb1857c4cf7e53acb3c9417cc6,4b44bba8c651135bfcef9ee97eac60acd845a77bd78ce8682b2b8cb9d66286c9,9533b2d03465f0b7e149fd6a53c8ec814d6e46df8c33adabe738f4de0030b365,171.7265179995593,258.9636850007082,4066.643534999457,25.258655496891038
source-profile/w35/l7,native_host,representative_measurement,2,gaming_lora_0034,req_00096,8,9175040,7,99,7d909f88ed53d92b35fc65d502ec3db8d213c2cec3c220074ea1a92c235864c5,2267cb2bacf06e1f715a23b3a479cb324eaa7ac97fd7df050dc4ab0c3df5861e,49abd1ab2e6959db32a1808606efc8e8c5c7d3e42cb5dc7e57497240b582a161,164.0698209994298,210.5123689998436,2568.7119419999362,26.211346346938125
source-profile/w36/l0,remote,representative_measurement,2,legal_lora,req_00005,8,45841708,1,256,ac37d628ca1c32ac53b036cef144d4d208736b190e78fcca5eb009ee66e394d6,abd6617e938672c678d181d91f30f1d3c652d830336956758871e8dcce813fc6,a316934630155c2e3c26162dc8579882204f0e2cdb1eb96bf3641989007656c5,1409.0950059999159,220.10133999901882,6183.606541999325,24.249437419605194
source-profile/w36/l1,remote,representative_measurement,2,legal_lora_0017,req_00068,16,45841708,2,256,87d9350451551184b0fc278a6e3781d67d1a66e4edb3c8d430a701bb1a92b8c1,4ee7ddf183779465230da92dcf44852829ac2e3261a50d1c48732f5f19e6618d,7bbff589f3b345a6cd13107419c48ce033d5d8b1e6afbd426d55975217fa625a,1275.8664770008181,225.48715800076025,6268.555807999292,24.582571796075655
source-profile/w36/l2,remote,representative_measurement,2,medical_lora,req_00021,8,38501676,3,89,7d909f88ed53d92b35fc65d502ec3db8d213c2cec3c220074ea1a92c235864c5,2267cb2bacf06e1f715a23b3a479cb324eaa7ac97fd7df050dc4ab0c3df5861e,4d9110a658a9284f2cd6081e49b731f2582bcd6d9b1060b6bbbae2310e48ad4e,1196.4181050007028,134.6524260006845,3173.0668209984287,36.057577511345784
source-profile/w36/l3,remote,representative_measurement,2,medical_lora_0026,req_00049,16,38501676,4,16,13bd30bb371236ce44fde5e9ad5622cf01a53954c8f1d64151bde878c44f1a9e,c998acc3c86f44218c864dd182994a097e5685c0e06440bb99ae76d13afdad7f,36f6d25c3f848f30f46842cc5c2beabb5a32aea0f9dcf623f964d3a855f83576,1950.7082889995218,196.4198950008722,995.2082620002329,66.3472174666822
source-profile/w36/l4,remote,representative_measurement,2,research_lora_0008,req_00008,8,40598828,5,50,dfe9631457079c19ca05230b5f1800d9c9da92f569fba712db0f68b0dfc7e0cd,ac238d41ce3dc2bfa25e53a957f151ea1f236642d874b7698dfe3d4067817d40,40cc18ad1658f835852f8a4f5feb1f7900cb3b92d54f4f2879e5c4e101248ed1,2186.39689200063,552.5843289997283,1513.2058050003252,30.881751122455615
source-profile/w36/l5,remote,representative_measurement,2,research_lora_0104,req_00000,16,40598828,6,152,d48b8782cd47f7438837d530fb7e329f42e0f7bb1857c4cf7e53acb3c9417cc6,4b44bba8c651135bfcef9ee97eac60acd845a77bd78ce8682b2b8cb9d66286c9,3ef0c537d8ee8d066ce918a4a6725799e67a329eb4f835ae4c42343b61ea6801,2038.4662810010923,259.3039229996066,3920.1773940003477,25.96143969536654
source-profile/w36/l6,remote,representative_measurement,2,security_lora_0012,req_00031,8,44793132,7,40,2d3e4d510a19c9cfa67522c26907a7d657af793b70421e9a3f1d1ef002ecc0ef,aa6869aedb0002e9ca2fd34eb058d4ff1c893e67403fd73f91d1bffa1712e449,01e6c835fd1c71f6b36a4e3b0035729f6ad2b0949007d8dc1e807fda6f3502a6,2768.2660880000185,267.5067219988705,1030.5659940004261,26.424769076934005
source-profile/w36/l7,remote,representative_measurement,2,security_lora_0048,req_00107,16,44793132,8,179,d48b8782cd47f7438837d530fb7e329f42e0f7bb1857c4cf7e53acb3c9417cc6,4b44bba8c651135bfcef9ee97eac60acd845a77bd78ce8682b2b8cb9d66286c9,77bdbf3a8357471b25bbcabef9b6c6b6f9b76902cc5508956772181f4a0c96a4,2559.053031000076,332.57590799985337,3992.8940609988786,22.431989106735273
source-profile/w37/l0,nvme,representative_measurement,2,legal_lora,req_00005,8,45867008,1,256,ac37d628ca1c32ac53b036cef144d4d208736b190e78fcca5eb009ee66e394d6,abd6617e938672c678d181d91f30f1d3c652d830336956758871e8dcce813fc6,a316934630155c2e3c26162dc8579882204f0e2cdb1eb96bf3641989007656c5,58.35760000081791,334.9620799999684,6392.650806999882,25.06921885097993
source-profile/w37/l1,nvme,representative_measurement,2,legal_lora_0017,req_00068,16,45867008,2,256,87d9350451551184b0fc278a6e3781d67d1a66e4edb3c8d430a701bb1a92b8c1,4ee7ddf183779465230da92dcf44852829ac2e3261a50d1c48732f5f19e6618d,7bbff589f3b345a6cd13107419c48ce033d5d8b1e6afbd426d55975217fa625a,72.1359270009998,447.1767009999894,6197.643461999178,24.304484164702657
source-profile/w37/l2,nvme,representative_measurement,2,medical_lora,req_00021,8,38526976,3,89,7d909f88ed53d92b35fc65d502ec3db8d213c2cec3c220074ea1a92c235864c5,2267cb2bacf06e1f715a23b3a479cb324eaa7ac97fd7df050dc4ab0c3df5861e,4d9110a658a9284f2cd6081e49b731f2582bcd6d9b1060b6bbbae2310e48ad4e,115.40586700175481,514.1366449988709,2900.881241001116,32.964559556830864
source-profile/w37/l3,nvme,representative_measurement,2,medical_lora_0026,req_00049,16,38526976,4,16,13bd30bb371236ce44fde5e9ad5622cf01a53954c8f1d64151bde878c44f1a9e,c998acc3c86f44218c864dd182994a097e5685c0e06440bb99ae76d13afdad7f,36f6d25c3f848f30f46842cc5c2beabb5a32aea0f9dcf623f964d3a855f83576,147.91912400141882,581.0766709983,905.54704600072,60.36980306671467
source-profile/w37/l4,nvme,representative_measurement,2,research_lora_0008,req_00008,8,40624128,5,50,dfe9631457079c19ca05230b5f1800d9c9da92f569fba712db0f68b0dfc7e0cd,ac238d41ce3dc2bfa25e53a957f151ea1f236642d874b7698dfe3d4067817d40,40cc18ad1658f835852f8a4f5feb1f7900cb3b92d54f4f2879e5c4e101248ed1,147.886598999321,648.0600220002088,1535.7688919993961,31.34222228570196
source-profile/w37/l5,nvme,representative_measurement,2,research_lora_0104,req_00000,16,40624128,6,152,d48b8782cd47f7438837d530fb7e329f42e0f7bb1857c4cf7e53acb3c9417cc6,4b44bba8c651135bfcef9ee97eac60acd845a77bd78ce8682b2b8cb9d66286c9,3ef0c537d8ee8d066ce918a4a6725799e67a329eb4f835ae4c42343b61ea6801,172.3429240009864,519.331991999934,3608.3526919992437,23.8963754437036
source-profile/w37/l6,nvme,representative_measurement,2,security_lora_0012,req_00031,8,44818432,7,40,2d3e4d510a19c9cfa67522c26907a7d657af793b70421e9a3f1d1ef002ecc0ef,aa6869aedb0002e9ca2fd34eb058d4ff1c893e67403fd73f91d1bffa1712e449,01e6c835fd1c71f6b36a4e3b0035729f6ad2b0949007d8dc1e807fda6f3502a6,182.8387580007984,349.21795899936114,1114.7730510001566,28.583924384619397
source-profile/w37/l7,nvme,representative_measurement,2,security_lora_0048,req_00107,16,44818432,8,179,d48b8782cd47f7438837d530fb7e329f42e0f7bb1857c4cf7e53acb3c9417cc6,4b44bba8c651135bfcef9ee97eac60acd845a77bd78ce8682b2b8cb9d66286c9,77bdbf3a8357471b25bbcabef9b6c6b6f9b76902cc5508956772181f4a0c96a4,222.65212399906886,191.4639080005145,3934.2749059997004,22.10266801123427
source-profile/w38/l0,file_host,representative_measurement,2,legal_lora,req_00005,8,45867008,1,256,ac37d628ca1c32ac53b036cef144d4d208736b190e78fcca5eb009ee66e394d6,abd6617e938672c678d181d91f30f1d3c652d830336956758871e8dcce813fc6,a316934630155c2e3c26162dc8579882204f0e2cdb1eb96bf3641989007656c5,48.76304400022491,340.421773998969,6564.202650999505,25.741971180390216
source-profile/w38/l1,file_host,representative_measurement,2,legal_lora_0017,req_00068,16,45867008,2,256,87d9350451551184b0fc278a6e3781d67d1a66e4edb3c8d430a701bb1a92b8c1,4ee7ddf183779465230da92dcf44852829ac2e3261a50d1c48732f5f19e6618d,7bbff589f3b345a6cd13107419c48ce033d5d8b1e6afbd426d55975217fa625a,71.04723699922033,459.72234799955913,6360.842616000809,24.944480847061996
source-profile/w38/l2,file_host,representative_measurement,2,medical_lora,req_00021,8,38526976,3,89,7d909f88ed53d92b35fc65d502ec3db8d213c2cec3c220074ea1a92c235864c5,2267cb2bacf06e1f715a23b3a479cb324eaa7ac97fd7df050dc4ab0c3df5861e,4d9110a658a9284f2cd6081e49b731f2582bcd6d9b1060b6bbbae2310e48ad4e,119.08026600031008,538.334812001267,2993.0493859992566,34.01192484090064
source-profile/w38/l3,file_host,representative_measurement,2,medical_lora_0026,req_00049,16,38526976,4,16,13bd30bb371236ce44fde5e9ad5622cf01a53954c8f1d64151bde878c44f1a9e,c998acc3c86f44218c864dd182994a097e5685c0e06440bb99ae76d13afdad7f,36f6d25c3f848f30f46842cc5c2beabb5a32aea0f9dcf623f964d3a855f83576,143.83535299930372,620.553242000824,938.0592929992417,62.53728619994945
source-profile/w38/l4,file_host,representative_measurement,2,research_lora_0008,req_00008,8,40624128,5,50,dfe9631457079c19ca05230b5f1800d9c9da92f569fba712db0f68b0dfc7e0cd,ac238d41ce3dc2bfa25e53a957f151ea1f236642d874b7698dfe3d4067817d40,40cc18ad1658f835852f8a4f5feb1f7900cb3b92d54f4f2879e5c4e101248ed1,169.0777749990957,692.6951450004708,1563.1819430000178,31.901672306122812
source-profile/w38/l5,file_host,representative_measurement,2,research_lora_0104,req_00000,16,40624128,6,152,d48b8782cd47f7438837d530fb7e329f42e0f7bb1857c4cf7e53acb3c9417cc6,4b44bba8c651135bfcef9ee97eac60acd845a77bd78ce8682b2b8cb9d66286c9,3ef0c537d8ee8d066ce918a4a6725799e67a329eb4f835ae4c42343b61ea6801,195.43306800005666,540.2678749996994,3690.8216749998246,24.44252764900546
source-profile/w38/l6,file_host,representative_measurement,2,security_lora_0012,req_00031,8,44818432,7,40,2d3e4d510a19c9cfa67522c26907a7d657af793b70421e9a3f1d1ef002ecc0ef,aa6869aedb0002e9ca2fd34eb058d4ff1c893e67403fd73f91d1bffa1712e449,01e6c835fd1c71f6b36a4e3b0035729f6ad2b0949007d8dc1e807fda6f3502a6,206.7277850001119,359.13432399865997,1140.6518210005743,29.247482589758313
source-profile/w38/l7,file_host,representative_measurement,2,security_lora_0048,req_00107,16,44818432,8,179,d48b8782cd47f7438837d530fb7e329f42e0f7bb1857c4cf7e53acb3c9417cc6,4b44bba8c651135bfcef9ee97eac60acd845a77bd78ce8682b2b8cb9d66286c9,77bdbf3a8357471b25bbcabef9b6c6b6f9b76902cc5508956772181f4a0c96a4,225.61601199959114,196.9920360006654,4024.874759999875,22.61165595505548
source-profile/w39/l0,native_host,representative_measurement,2,legal_lora,req_00005,8,9175040,1,256,ac37d628ca1c32ac53b036cef144d4d208736b190e78fcca5eb009ee66e394d6,abd6617e938672c678d181d91f30f1d3c652d830336956758871e8dcce813fc6,a316934630155c2e3c26162dc8579882204f0e2cdb1eb96bf3641989007656c5,727.7924649988563,288.4006650001538,7624.703155001043,29.9007966862786
source-profile/w39/l1,native_host,representative_measurement,2,legal_lora_0017,req_00068,16,18350080,2,256,87d9350451551184b0fc278a6e3781d67d1a66e4edb3c8d430a701bb1a92b8c1,4ee7ddf183779465230da92dcf44852829ac2e3261a50d1c48732f5f19e6618d,7bbff589f3b345a6cd13107419c48ce033d5d8b1e6afbd426d55975217fa625a,212.4657720014511,247.4602469992533,7281.873504000032,28.556366682353065
source-profile/w39/l2,native_host,representative_measurement,2,medical_lora,req_00021,8,9175040,3,89,7d909f88ed53d92b35fc65d502ec3db8d213c2cec3c220074ea1a92c235864c5,2267cb2bacf06e1f715a23b3a479cb324eaa7ac97fd7df050dc4ab0c3df5861e,4d9110a658a9284f2cd6081e49b731f2582bcd6d9b1060b6bbbae2310e48ad4e,167.01058400030888,249.10809799985145,3708.780504999595,42.14523301135903
source-profile/w39/l3,native_host,representative_measurement,2,medical_lora_0026,req_00049,16,18350080,4,16,13bd30bb371236ce44fde5e9ad5622cf01a53954c8f1d64151bde878c44f1a9e,c998acc3c86f44218c864dd182994a097e5685c0e06440bb99ae76d13afdad7f,36f6d25c3f848f30f46842cc5c2beabb5a32aea0f9dcf623f964d3a855f83576,174.08813600013673,253.03300799896533,959.8122010011139,63.98748006674092
source-profile/w39/l4,native_host,representative_measurement,2,research_lora_0008,req_00008,8,9175040,5,50,dfe9631457079c19ca05230b5f1800d9c9da92f569fba712db0f68b0dfc7e0cd,ac238d41ce3dc2bfa25e53a957f151ea1f236642d874b7698dfe3d4067817d40,40cc18ad1658f835852f8a4f5feb1f7900cb3b92d54f4f2879e5c4e101248ed1,161.04220700071892,250.6393340008799,2212.628840999969,45.15569063265242
source-profile/w39/l5,native_host,representative_measurement,2,research_lora_0104,req_00000,16,18350080,6,152,d48b8782cd47f7438837d530fb7e329f42e0f7bb1857c4cf7e53acb3c9417cc6,4b44bba8c651135bfcef9ee97eac60acd845a77bd78ce8682b2b8cb9d66286c9,3ef0c537d8ee8d066ce918a4a6725799e67a329eb4f835ae4c42343b61ea6801,183.47169700064114,260.7659879995481,4069.5209200002864,26.950469668876067
source-profile/w39/l6,native_host,representative_measurement,2,security_lora_0012,req_00031,8,9175040,7,40,2d3e4d510a19c9cfa67522c26907a7d657af793b70421e9a3f1d1ef002ecc0ef,aa6869aedb0002e9ca2fd34eb058d4ff1c893e67403fd73f91d1bffa1712e449,01e6c835fd1c71f6b36a4e3b0035729f6ad2b0949007d8dc1e807fda6f3502a6,373.4307419999823,270.19812800062937,1212.4372489997768,31.088134589737866
source-profile/w39/l7,native_host,representative_measurement,2,security_lora_0048,req_00107,16,18350080,7,179,d48b8782cd47f7438837d530fb7e329f42e0f7bb1857c4cf7e53acb3c9417cc6,4b44bba8c651135bfcef9ee97eac60acd845a77bd78ce8682b2b8cb9d66286c9,77bdbf3a8357471b25bbcabef9b6c6b6f9b76902cc5508956772181f4a0c96a4,163.97467800015875,238.31150399928447,3841.279622000002,21.580222595505628
source-profile/w40/l0,gpu,representative_measurement,2,legal_lora,req_00005,8,228130816,1,256,ac37d628ca1c32ac53b036cef144d4d208736b190e78fcca5eb009ee66e394d6,abd6617e938672c678d181d91f30f1d3c652d830336956758871e8dcce813fc6,a316934630155c2e3c26162dc8579882204f0e2cdb1eb96bf3641989007656c5,0.0,208.13820200055488,6259.344527999929,24.546449129411485
source-profile/w40/l1,gpu,representative_measurement,2,legal_lora_0017,req_00068,16,228130816,2,256,87d9350451551184b0fc278a6e3781d67d1a66e4edb3c8d430a701bb1a92b8c1,4ee7ddf183779465230da92dcf44852829ac2e3261a50d1c48732f5f19e6618d,7bbff589f3b345a6cd13107419c48ce033d5d8b1e6afbd426d55975217fa625a,0.0,188.19026600067446,6098.570065998501,23.91596104313138
source-profile/w40/l2,gpu,representative_measurement,2,medical_lora,req_00021,8,228130816,3,89,7d909f88ed53d92b35fc65d502ec3db8d213c2cec3c220074ea1a92c235864c5,2267cb2bacf06e1f715a23b3a479cb324eaa7ac97fd7df050dc4ab0c3df5861e,bbcd23f9b50ad54f160bcff5e60b97db91087adc7d58c24de64e329f683b66b1,0.0,175.07282399856194,2821.168809001392,32.05873646592491
source-profile/w40/l3,gpu,representative_measurement,2,medical_lora_0026,req_00049,16,228130816,4,16,13bd30bb371236ce44fde5e9ad5622cf01a53954c8f1d64151bde878c44f1a9e,c998acc3c86f44218c864dd182994a097e5685c0e06440bb99ae76d13afdad7f,36f6d25c3f848f30f46842cc5c2beabb5a32aea0f9dcf623f964d3a855f83576,0.0,175.32010700051615,918.1321320011193,61.20880880007462
source-profile/w40/l4,gpu,representative_measurement,2,research_lora_0008,req_00008,8,228130816,5,50,dfe9631457079c19ca05230b5f1800d9c9da92f569fba712db0f68b0dfc7e0cd,ac238d41ce3dc2bfa25e53a957f151ea1f236642d874b7698dfe3d4067817d40,40cc18ad1658f835852f8a4f5feb1f7900cb3b92d54f4f2879e5c4e101248ed1,0.0,191.751058000591,1675.008414000331,34.183845183680226
source-profile/w40/l5,gpu,representative_measurement,2,research_lora_0104,req_00000,16,228130816,6,152,d48b8782cd47f7438837d530fb7e329f42e0f7bb1857c4cf7e53acb3c9417cc6,4b44bba8c651135bfcef9ee97eac60acd845a77bd78ce8682b2b8cb9d66286c9,3ef0c537d8ee8d066ce918a4a6725799e67a329eb4f835ae4c42343b61ea6801,0.0,200.29765400067845,3701.294983999105,24.51188731125235
source-profile/w40/l6,gpu,representative_measurement,2,security_lora_0012,req_00031,8,228130816,7,40,2d3e4d510a19c9cfa67522c26907a7d657af793b70421e9a3f1d1ef002ecc0ef,aa6869aedb0002e9ca2fd34eb058d4ff1c893e67403fd73f91d1bffa1712e449,01e6c835fd1c71f6b36a4e3b0035729f6ad2b0949007d8dc1e807fda6f3502a6,0.0,201.70202300141682,1128.0436439992627,28.924195999981094
source-profile/w40/l7,gpu,representative_measurement,2,security_lora_0048,req_00107,16,228130816,8,179,d48b8782cd47f7438837d530fb7e329f42e0f7bb1857c4cf7e53acb3c9417cc6,4b44bba8c651135bfcef9ee97eac60acd845a77bd78ce8682b2b8cb9d66286c9,77bdbf3a8357471b25bbcabef9b6c6b6f9b76902cc5508956772181f4a0c96a4,0.0,166.46650100119587,3961.6690009988815,22.25656742134203
source-profile/w41/l0,nvme,representative_measurement,2,support_lora,req_00038,8,30138368,1,141,f49ad350f302f18533d645c8458d6e8f556edcbcad190d6ce222f6cfe0189b77,28256d1f57bce729e9fb51a6b723425d7d4409bff2f9e92f6574d6478b9d596f,92dae489cd5ada3d4ab29b6cccb360ceb8362645903ee3af353bbbeb7a0d8fe7,52.39663400061545,339.9314250000316,4811.12727999971,34.365194857140786
source-profile/w41/l1,nvme,representative_measurement,2,support_lora_0148,req_00000,16,30138368,2,152,d48b8782cd47f7438837d530fb7e329f42e0f7bb1857c4cf7e53acb3c9417cc6,4b44bba8c651135bfcef9ee97eac60acd845a77bd78ce8682b2b8cb9d66286c9,3ef0c537d8ee8d066ce918a4a6725799e67a329eb4f835ae4c42343b61ea6801,72.7190529996733,444.9950509988412,4863.66548100159,32.20970517219596
source-profile/w41/l2,nvme,representative_measurement,2,translate_lora,req_00007,8,34332672,3,174,1cd4782fb9853f9d65112e1e000c9addda739993f94687cd53627ecec1730bdf,863a849922cc81c0ae88c0e768630c1dcd0331afaf9e1d000a3e6702f84a6ec2,14969c6bdf2ecfef2fc017d7724d53816c8d7564d4b6f81a031ebc7a65f14e8b,118.37845999980345,512.8120000008494,5078.873212998587,29.35764863004964
source-profile/w41/l3,nvme,representative_measurement,2,translate_lora_0054,req_00553,16,34332672,4,136,829344c7a9c8f4030df11e50e6acc31b398fdedd0da94b8d8daedc3d038f2e74,c14b90b2d9652b819327a22d7c5642e568678d013c0294a19d69810a7bd6fa0b,19c8445b1548b70f278ced2b870e4571dc95268aec53f92fc4e276318328d15a,138.9594650008803,578.4173329993791,4080.2272929995524,30.22390587407076
source-profile/w41/l4,nvme,representative_measurement,2,writing_lora_0011,req_00002,8,37478400,5,123,40b3a3a0009e919a9849c35f420de5bc87a313bf48e287fd12b4dc5422e736bf,0c870491227bb663ef63a2d8617011b7c73afeb4bbcb7881eac0eabc99252493,a3a1e7b1d33899759fcaa6d8674be9aadae1150da1ae75f24897e91730374073,151.5365639988886,644.9047120004252,3504.692087000876,28.726984319679314
source-profile/w41/l5,nvme,representative_measurement,2,writing_lora_0035,req_00063,16,37478400,6,13,79cf8ea68ba8dcccabe264778429cd64acbd386add634c6676f7434965ac8437,e612a63497db446287f1961930fdb8154707ff571f11910d3b96fee3db43bf11,9f3b17493940073d43d567105ea762a09775048ea246997d55fc31c9363d9271,174.38984000000346,513.5977529989759,344.68790800019633,28.723992333349695
source-profile/w41/l6,nvme,representative_measurement,2,code_lora,req_00012,8,56352768,7,256,7a3cfb0f299c64411886e734351f7ab324fca84c16b608fbec7cafb7510a76d9,348b7639c10a2ce2fece81f7a6de42bc7bbbea416149edd24003e3bb3c952936,172e03d6e94c01544b630160caa37995c02c1918e2ac48dcb2ef9e3c62c26c11,186.37149300047895,300.9497309994913,5792.255739001121,22.71472838823969
source-profile/w41/l7,nvme,representative_measurement,2,code_lora_0015,req_00015,16,56352768,8,256,7a3cfb0f299c64411886e734351f7ab324fca84c16b608fbec7cafb7510a76d9,348b7639c10a2ce2fece81f7a6de42bc7bbbea416149edd24003e3bb3c952936,172e03d6e94c01544b630160caa37995c02c1918e2ac48dcb2ef9e3c62c26c11,860.9318849994452,198.80992800062813,5294.915763999597,20.76437554509646
source-profile/w42/l0,file_host,representative_measurement,2,support_lora,req_00038,8,30138368,1,141,f49ad350f302f18533d645c8458d6e8f556edcbcad190d6ce222f6cfe0189b77,28256d1f57bce729e9fb51a6b723425d7d4409bff2f9e92f6574d6478b9d596f,92dae489cd5ada3d4ab29b6cccb360ceb8362645903ee3af353bbbeb7a0d8fe7,50.355351999314735,344.6780900012527,4759.264206999433,33.99474433571023
source-profile/w42/l1,file_host,representative_measurement,2,support_lora_0148,req_00000,16,30138368,2,152,d48b8782cd47f7438837d530fb7e329f42e0f7bb1857c4cf7e53acb3c9417cc6,4b44bba8c651135bfcef9ee97eac60acd845a77bd78ce8682b2b8cb9d66286c9,3ef0c537d8ee8d066ce918a4a6725799e67a329eb4f835ae4c42343b61ea6801,73.84277100027248,452.996426000027,4802.664070999526,31.805722324500174
source-profile/w42/l2,file_host,representative_measurement,2,translate_lora,req_00007,8,34332672,3,174,1cd4782fb9853f9d65112e1e000c9addda739993f94687cd53627ecec1730bdf,863a849922cc81c0ae88c0e768630c1dcd0331afaf9e1d000a3e6702f84a6ec2,14969c6bdf2ecfef2fc017d7724d53816c8d7564d4b6f81a031ebc7a65f14e8b,118.73888099944452,519.4386559996929,5016.62968600067,28.99785945665127
source-profile/w42/l3,file_host,representative_measurement,2,translate_lora_0054,req_00553,16,34332672,4,136,829344c7a9c8f4030df11e50e6acc31b398fdedd0da94b8d8daedc3d038f2e74,c14b90b2d9652b819327a22d7c5642e568678d013c0294a19d69810a7bd6fa0b,19c8445b1548b70f278ced2b870e4571dc95268aec53f92fc4e276318328d15a,145.16118500068842,588.6891129994183,4014.497874999506,29.73702129629264
source-profile/w42/l4,file_host,representative_measurement,2,writing_lora_0011,req_00002,8,37478400,5,123,40b3a3a0009e919a9849c35f420de5bc87a313bf48e287fd12b4dc5422e736bf,0c870491227bb663ef63a2d8617011b7c73afeb4bbcb7881eac0eabc99252493,a3a1e7b1d33899759fcaa6d8674be9aadae1150da1ae75f24897e91730374073,154.22444300020288,644.8440859985567,3441.161620001367,28.20624278689645
source-profile/w42/l5,file_host,representative_measurement,2,writing_lora_0035,req_00063,16,37478400,6,13,79cf8ea68ba8dcccabe264778429cd64acbd386add634c6676f7434965ac8437,e612a63497db446287f1961930fdb8154707ff571f11910d3b96fee3db43bf11,9f3b17493940073d43d567105ea762a09775048ea246997d55fc31c9363d9271,171.0166590000881,510.13181599955715,494.08102599954873,41.17341883329573
source-profile/w42/l6,file_host,representative_measurement,2,code_lora,req_00012,8,56352768,7,256,7a3cfb0f299c64411886e734351f7ab324fca84c16b608fbec7cafb7510a76d9,348b7639c10a2ce2fece81f7a6de42bc7bbbea416149edd24003e3bb3c952936,172e03d6e94c01544b630160caa37995c02c1918e2ac48dcb2ef9e3c62c26c11,180.88049400103046,349.53787099948386,5678.342318000432,22.268009090197772
source-profile/w42/l7,file_host,representative_measurement,2,code_lora_0015,req_00015,16,56352768,8,256,7a3cfb0f299c64411886e734351f7ab324fca84c16b608fbec7cafb7510a76d9,348b7639c10a2ce2fece81f7a6de42bc7bbbea416149edd24003e3bb3c952936,172e03d6e94c01544b630160caa37995c02c1918e2ac48dcb2ef9e3c62c26c11,215.54416499930085,195.33798399970692,5559.743145000539,21.80291429411976
source-profile/w43/l0,native_host,representative_measurement,2,support_lora,req_00038,8,9175040,1,141,f49ad350f302f18533d645c8458d6e8f556edcbcad190d6ce222f6cfe0189b77,28256d1f57bce729e9fb51a6b723425d7d4409bff2f9e92f6574d6478b9d596f,92dae489cd5ada3d4ab29b6cccb360ceb8362645903ee3af353bbbeb7a0d8fe7,172.30765400017845,244.11789499936276,5500.44501100092,39.28889293572086
source-profile/w43/l1,native_host,representative_measurement,2,support_lora_0148,req_00000,16,18350080,2,152,d48b8782cd47f7438837d530fb7e329f42e0f7bb1857c4cf7e53acb3c9417cc6,4b44bba8c651135bfcef9ee97eac60acd845a77bd78ce8682b2b8cb9d66286c9,3ef0c537d8ee8d066ce918a4a6725799e67a329eb4f835ae4c42343b61ea6801,171.56319800051278,255.34801200046786,5462.96422299929,36.17857101324033
source-profile/w43/l2,native_host,representative_measurement,2,translate_lora,req_00007,8,9175040,3,174,1cd4782fb9853f9d65112e1e000c9addda739993f94687cd53627ecec1730bdf,863a849922cc81c0ae88c0e768630c1dcd0331afaf9e1d000a3e6702f84a6ec2,14969c6bdf2ecfef2fc017d7724d53816c8d7564d4b6f81a031ebc7a65f14e8b,169.36796299887646,250.21777500114695,5566.776288998881,32.17789762427099
source-profile/w43/l3,native_host,representative_measurement,2,translate_lora_0054,req_00553,16,18350080,4,136,829344c7a9c8f4030df11e50e6acc31b398fdedd0da94b8d8daedc3d038f2e74,c14b90b2d9652b819327a22d7c5642e568678d013c0294a19d69810a7bd6fa0b,19c8445b1548b70f278ced2b870e4571dc95268aec53f92fc4e276318328d15a,167.2930170007021,251.22441600069578,4514.148193999063,33.438134770363426
source-profile/w43/l4,native_host,representative_measurement,2,writing_lora_0011,req_00002,8,9175040,5,123,40b3a3a0009e919a9849c35f420de5bc87a313bf48e287fd12b4dc5422e736bf,0c870491227bb663ef63a2d8617011b7c73afeb4bbcb7881eac0eabc99252493,a3a1e7b1d33899759fcaa6d8674be9aadae1150da1ae75f24897e91730374073,168.92077900047298,263.89089599979343,3902.7624930004094,31.989856500003356
source-profile/w43/l5,native_host,representative_measurement,2,writing_lora_0035,req_00063,16,18350080,6,13,79cf8ea68ba8dcccabe264778429cd64acbd386add634c6676f7434965ac8437,e612a63497db446287f1961930fdb8154707ff571f11910d3b96fee3db43bf11,9f3b17493940073d43d567105ea762a09775048ea246997d55fc31c9363d9271,173.62513900116028,263.01586699992185,714.8922599990328,59.5743549999194
source-profile/w43/l6,native_host,representative_measurement,2,code_lora,req_00012,8,9175040,7,256,7a3cfb0f299c64411886e734351f7ab324fca84c16b608fbec7cafb7510a76d9,348b7639c10a2ce2fece81f7a6de42bc7bbbea416149edd24003e3bb3c952936,172e03d6e94c01544b630160caa37995c02c1918e2ac48dcb2ef9e3c62c26c11,169.15807399891492,266.85451900084445,5489.251822000369,21.526477733334783
source-profile/w43/l7,native_host,representative_measurement,2,code_lora_0015,req_00015,16,18350080,8,256,7a3cfb0f299c64411886e734351f7ab324fca84c16b608fbec7cafb7510a76d9,348b7639c10a2ce2fece81f7a6de42bc7bbbea416149edd24003e3bb3c952936,172e03d6e94c01544b630160caa37995c02c1918e2ac48dcb2ef9e3c62c26c11,155.32879999955185,227.3769640014507,5194.888530999378,20.372111886272073
source-profile/w44/l0,gpu,representative_measurement,2,support_lora,req_00038,8,228130816,1,141,f49ad350f302f18533d645c8458d6e8f556edcbcad190d6ce222f6cfe0189b77,28256d1f57bce729e9fb51a6b723425d7d4409bff2f9e92f6574d6478b9d596f,92dae489cd5ada3d4ab29b6cccb360ceb8362645903ee3af353bbbeb7a0d8fe7,0.0,131.008105001456,4104.816199998822,29.320115714277303
source-profile/w44/l1,gpu,representative_measurement,2,support_lora_0148,req_00000,16,228130816,2,152,d48b8782cd47f7438837d530fb7e329f42e0f7bb1857c4cf7e53acb3c9417cc6,4b44bba8c651135bfcef9ee97eac60acd845a77bd78ce8682b2b8cb9d66286c9,3ef0c537d8ee8d066ce918a4a6725799e67a329eb4f835ae4c42343b61ea6801,0.0,196.86624300084077,4527.06216200022,29.98054411920676
source-profile/w44/l2,gpu,representative_measurement,2,translate_lora,req_00007,8,228130816,3,174,1cd4782fb9853f9d65112e1e000c9addda739993f94687cd53627ecec1730bdf,863a849922cc81c0ae88c0e768630c1dcd0331afaf9e1d000a3e6702f84a6ec2,14969c6bdf2ecfef2fc017d7724d53816c8d7564d4b6f81a031ebc7a65f14e8b,0.0,191.71917499988922,4801.664406999407,27.75528558959195
source-profile/w44/l3,gpu,representative_measurement,2,translate_lora_0054,req_00553,16,228130816,4,136,829344c7a9c8f4030df11e50e6acc31b398fdedd0da94b8d8daedc3d038f2e74,c14b90b2d9652b819327a22d7c5642e568678d013c0294a19d69810a7bd6fa0b,46d250c6a5cfd6ce379cf3d7f7b62f336630e921534ea748eab8ce9eb87fbd2f,0.0,174.76616199928685,3913.2135229992855,28.986766837031745
source-profile/w44/l4,gpu,representative_measurement,2,writing_lora_0011,req_00002,8,228130816,5,123,40b3a3a0009e919a9849c35f420de5bc87a313bf48e287fd12b4dc5422e736bf,0c870491227bb663ef63a2d8617011b7c73afeb4bbcb7881eac0eabc99252493,a3a1e7b1d33899759fcaa6d8674be9aadae1150da1ae75f24897e91730374073,0.0,177.8513799999928,3492.813062001005,28.62961526230332
source-profile/w44/l5,gpu,representative_measurement,2,writing_lora_0035,req_00063,16,228130816,6,13,79cf8ea68ba8dcccabe264778429cd64acbd386add634c6676f7434965ac8437,e612a63497db446287f1961930fdb8154707ff571f11910d3b96fee3db43bf11,9f3b17493940073d43d567105ea762a09775048ea246997d55fc31c9363d9271,0.0,195.84208100059186,548.5069690003002,45.708914083358344
source-profile/w44/l6,gpu,representative_measurement,2,code_lora,req_00012,8,228130816,7,256,7a3cfb0f299c64411886e734351f7ab324fca84c16b608fbec7cafb7510a76d9,348b7639c10a2ce2fece81f7a6de42bc7bbbea416149edd24003e3bb3c952936,172e03d6e94c01544b630160caa37995c02c1918e2ac48dcb2ef9e3c62c26c11,0.0,201.5960589997121,5547.204395001245,21.753742725495076
source-profile/w44/l7,gpu,representative_measurement,2,code_lora_0015,req_00015,16,228130816,8,256,7a3cfb0f299c64411886e734351f7ab324fca84c16b608fbec7cafb7510a76d9,348b7639c10a2ce2fece81f7a6de42bc7bbbea416149edd24003e3bb3c952936,172e03d6e94c01544b630160caa37995c02c1918e2ac48dcb2ef9e3c62c26c11,0.0,163.30745400045998,5428.414538000652,21.287900149022164
source-profile/w45/l0,remote,representative_measurement,2,support_lora,req_00038,8,30113068,1,141,f49ad350f302f18533d645c8458d6e8f556edcbcad190d6ce222f6cfe0189b77,28256d1f57bce729e9fb51a6b723425d7d4409bff2f9e92f6574d6478b9d596f,92dae489cd5ada3d4ab29b6cccb360ceb8362645903ee3af353bbbeb7a0d8fe7,653.8695870003721,121.03337000007741,4416.89178300112,31.549227021436568
source-profile/w45/l1,remote,representative_measurement,2,support_lora_0148,req_00000,16,30113068,2,152,d48b8782cd47f7438837d530fb7e329f42e0f7bb1857c4cf7e53acb3c9417cc6,4b44bba8c651135bfcef9ee97eac60acd845a77bd78ce8682b2b8cb9d66286c9,3ef0c537d8ee8d066ce918a4a6725799e67a329eb4f835ae4c42343b61ea6801,813.3037249990593,204.39715999964392,4548.744732001069,30.124137298020322
source-profile/w45/l2,remote,representative_measurement,2,translate_lora,req_00007,8,34307372,3,174,1cd4782fb9853f9d65112e1e000c9addda739993f94687cd53627ecec1730bdf,863a849922cc81c0ae88c0e768630c1dcd0331afaf9e1d000a3e6702f84a6ec2,14969c6bdf2ecfef2fc017d7724d53816c8d7564d4b6f81a031ebc7a65f14e8b,669.8059989994363,196.0450900005526,5088.437585000065,29.412934017341417
source-profile/w45/l3,remote,representative_measurement,2,translate_lora_0054,req_00553,16,34307372,4,136,829344c7a9c8f4030df11e50e6acc31b398fdedd0da94b8d8daedc3d038f2e74,c14b90b2d9652b819327a22d7c5642e568678d013c0294a19d69810a7bd6fa0b,19c8445b1548b70f278ced2b870e4571dc95268aec53f92fc4e276318328d15a,1535.9313989993097,196.02546300120594,4000.3850769990095,29.632482051844516
source-profile/w45/l4,remote,representative_measurement,2,writing_lora_0011,req_00002,8,37453100,5,123,40b3a3a0009e919a9849c35f420de5bc87a313bf48e287fd12b4dc5422e736bf,0c870491227bb663ef63a2d8617011b7c73afeb4bbcb7881eac0eabc99252493,a3a1e7b1d33899759fcaa6d8674be9aadae1150da1ae75f24897e91730374073,2250.0549930009583,284.0489179998258,3228.0111809996015,26.45910804098034
source-profile/w45/l5,remote,representative_measurement,2,writing_lora_0035,req_00063,16,37453100,6,13,79cf8ea68ba8dcccabe264778429cd64acbd386add634c6676f7434965ac8437,e612a63497db446287f1961930fdb8154707ff571f11910d3b96fee3db43bf11,9f3b17493940073d43d567105ea762a09775048ea246997d55fc31c9363d9271,2430.9862139998586,247.50494500040077,335.268171998905,27.939014333242085
source-profile/w45/l6,remote,representative_measurement,2,code_lora,req_00012,8,56327468,7,256,7a3cfb0f299c64411886e734351f7ab324fca84c16b608fbec7cafb7510a76d9,348b7639c10a2ce2fece81f7a6de42bc7bbbea416149edd24003e3bb3c952936,172e03d6e94c01544b630160caa37995c02c1918e2ac48dcb2ef9e3c62c26c11,1598.096166000687,559.812368999701,5715.29738999925,22.41293094117353
source-profile/w45/l7,remote,representative_measurement,2,code_lora_0015,req_00015,16,56327468,8,256,7a3cfb0f299c64411886e734351f7ab324fca84c16b608fbec7cafb7510a76d9,348b7639c10a2ce2fece81f7a6de42bc7bbbea416149edd24003e3bb3c952936,172e03d6e94c01544b630160caa37995c02c1918e2ac48dcb2ef9e3c62c26c11,2015.3465800012782,315.6245879999915,5553.734772000098,21.77935204705921
