offset_s,phase,queue_depth,active_requests,ready_capacity,ready_instances,pending_instances,action,outcome,successful_native_occupancy
71.37396193400491,before_first_failure,25,2,2,1,0,scale_up,activation_scheduled,0
73.55882811400807,before_first_failure,25,2,2,1,1,scale_up,activation_scheduled,2
75.5622326110024,before_first_failure,24,2,2,1,2,scale_up,activation_scheduled,1
77.61069016403053,before_first_failure,24,2,2,1,3,no_action,no_action,2
79.695965705032,before_first_failure,24,2,2,1,3,no_action,no_action,2
81.7259183920105,before_first_failure,24,2,2,1,3,no_action,no_action,2
83.7327023060061,before_first_failure,28,1,2,1,3,no_action,no_action,1
85.78073607204715,before_first_failure,27,2,2,1,3,no_action,no_action,2
87.82910159201128,before_first_failure,27,2,2,1,3,no_action,no_action,2
89.84631169203203,before_first_failure,28,2,2,1,3,no_action,no_action,2
91.86006052000448,before_first_failure,30,2,2,1,3,no_action,no_action,2
93.90383922500769,before_first_failure,29,2,2,1,3,no_action,no_action,1
95.91540902701672,before_first_failure,32,1,2,1,3,no_action,no_action,1
97.97726078605046,before_first_failure,34,2,2,1,3,no_action,no_action,2
100.00965074502164,before_first_failure,35,2,2,1,3,no_action,no_action,2
102.09500952099916,before_first_failure,33,2,2,1,3,no_action,no_action,1
104.1192497810116,before_first_failure,35,2,2,1,3,no_action,no_action,2
106.13986712601036,before_first_failure,37,2,2,1,3,no_action,no_action,2
108.15945442201337,before_first_failure,38,2,2,1,3,no_action,no_action,2
110.16378557501594,before_first_failure,38,2,2,1,3,no_action,no_action,1
112.18361088901293,before_first_failure,38,2,2,1,3,no_action,no_action,2
114.27714990201639,before_first_failure,37,2,2,1,3,no_action,no_action,1
116.37462936999509,before_first_failure,38,2,2,1,3,no_action,no_action,2
118.38759141002083,before_first_failure,36,4,4,2,2,no_action,no_action,4
120.5585688650026,before_first_failure,38,4,4,2,2,no_action,no_action,4
122.66027459601173,before_first_failure,36,6,8,4,0,no_action,no_action,6
124.6701522479998,before_first_failure,34,8,8,4,0,no_action,no_action,8
126.74738709704252,before_first_failure,33,8,8,4,0,no_action,no_action,7
128.83742482902016,before_first_failure,31,8,8,4,0,no_action,no_action,7
130.95915445504943,before_first_failure,30,8,8,4,0,no_action,no_action,7
132.98535855900263,before_first_failure,30,8,8,4,0,no_action,no_action,7
135.00936871301383,before_first_failure,31,8,8,4,0,no_action,no_action,8
137.03215394204017,before_first_failure,33,8,8,4,0,no_action,no_action,6
139.2157055120333,before_first_failure,32,7,8,4,0,no_action,no_action,4
141.220006631047,before_first_failure,28,8,8,4,0,no_action,no_action,2
143.2909500710084,before_first_failure,30,8,8,4,0,no_action,no_action,6
145.31268720905064,before_first_failure,31,8,8,4,0,no_action,no_action,6
147.3349416750134,before_first_failure,31,8,8,4,0,no_action,no_action,7
149.43539707403397,before_first_failure,31,8,8,4,0,no_action,no_action,8
151.62046097702114,before_first_failure,29,7,8,4,0,no_action,no_action,4
153.6784663660219,before_first_failure,27,7,8,4,0,no_action,no_action,4
155.75429798301775,before_first_failure,28,8,8,4,0,no_action,no_action,5
157.83914648904465,before_first_failure,30,7,8,4,0,no_action,no_action,5
159.99376506201224,before_first_failure,29,7,8,4,0,no_action,no_action,6
162.07467471604468,before_first_failure,26,8,8,4,0,no_action,no_action,5
164.11918461200548,before_first_failure,28,8,8,4,0,no_action,no_action,6
166.25451419100864,before_first_failure,29,7,8,4,0,no_action,no_action,5
168.34152251499472,before_first_failure,28,7,8,4,0,no_action,no_action,5
170.41512160404818,before_first_failure,30,7,8,4,0,no_action,no_action,7
172.4427131950506,before_first_failure,27,6,8,4,0,no_action,no_action,4
174.4627639829996,before_first_failure,22,8,8,4,0,no_action,no_action,2
176.46754933003103,before_first_failure,22,6,8,4,0,no_action,no_action,5
178.57159658899764,before_first_failure,20,8,8,4,0,no_action,no_action,6
180.61474317900138,before_first_failure,23,8,8,4,0,no_action,no_action,6
182.71249507501489,before_first_failure,23,7,8,4,0,no_action,no_action,4
184.800189718022,before_first_failure,20,8,8,4,0,no_action,no_action,7
187.10217943502357,before_first_failure,21,8,8,4,0,no_action,no_action,6
189.1663108690409,before_first_failure,20,8,8,4,0,no_action,no_action,8
191.21791879402008,before_first_failure,24,8,8,4,0,no_action,no_action,8
193.31351210502908,before_first_failure,22,7,8,4,0,no_action,no_action,3
195.60401707905112,before_first_failure,21,5,8,4,0,no_action,no_action,2
198.18791678501293,before_first_failure,19,7,8,4,0,no_action,no_action,5
200.29449072404532,before_first_failure,17,8,8,4,0,no_action,no_action,7
202.70922582701314,before_first_failure,18,7,8,4,0,no_action,no_action,6
204.7331988569931,before_first_failure,18,8,8,4,0,no_action,no_action,7
206.7960819050204,before_first_failure,18,8,8,4,0,no_action,no_action,5
209.38175644399598,before_first_failure,17,8,8,4,0,no_action,no_action,4
211.44924112700392,before_first_failure,14,8,8,4,0,no_action,no_action,7
213.5294366099988,before_first_failure,15,7,8,4,0,no_action,no_action,7
216.66144875402097,before_first_failure,17,8,8,4,0,no_action,no_action,3
218.68442050699377,before_first_failure,15,8,8,4,0,no_action,no_action,5
220.77721581800142,before_first_failure,16,8,8,4,0,no_action,no_action,5
222.8351241890341,before_first_failure,18,8,8,4,0,no_action,no_action,5
224.87115003401414,before_first_failure,18,7,8,4,0,no_action,no_action,7
226.95892306801397,before_first_failure,19,5,8,4,0,no_action,no_action,4
229.467688928009,before_first_failure,17,7,8,4,0,no_action,no_action,5
231.49286663299426,before_first_failure,16,8,8,4,0,no_action,no_action,7
233.86309937399346,before_first_failure,15,8,8,4,0,no_action,no_action,5
235.94339415803552,before_first_failure,16,6,8,4,0,no_action,no_action,4
238.0089825570467,before_first_failure,18,8,8,4,0,no_action,no_action,6
241.4778330179979,before_first_failure,17,7,8,4,0,no_action,no_action,2
243.5394786610268,before_first_failure,14,8,8,4,0,no_action,no_action,6
245.54009735002182,before_first_failure,15,6,8,4,0,no_action,no_action,5
247.78776167100295,before_first_failure,18,8,8,4,0,no_action,no_action,4
249.8572626610403,before_first_failure,16,7,8,4,0,no_action,no_action,4
252.3434968710062,before_first_failure,16,7,8,4,0,no_action,no_action,3
254.3615952510154,before_first_failure,17,6,8,4,0,no_action,no_action,3
256.39515975600807,before_first_failure,16,7,8,4,0,no_action,no_action,5
258.4457829630119,before_first_failure,15,7,8,4,0,no_action,no_action,5
260.7846634100424,before_first_failure,16,6,8,4,0,no_action,no_action,5
263.4043348870473,before_first_failure,15,8,8,4,0,no_action,no_action,3
265.4576294340077,before_first_failure,11,7,8,4,0,no_action,no_action,2
267.51913882704685,before_first_failure,9,8,8,4,0,no_action,no_action,7
269.90470008400735,before_first_failure,11,8,8,4,0,no_action,no_action,5
271.9313452850329,before_first_failure,11,6,8,4,0,no_action,no_action,5
273.9349548330065,before_first_failure,12,7,8,4,0,no_action,no_action,7
275.9671063940041,before_first_failure,10,7,8,4,0,no_action,no_action,6
278.2363229379989,before_first_failure,8,6,8,4,0,no_action,no_action,4
281.1382009329973,before_first_failure,6,6,8,4,0,no_action,no_action,2
283.1884356950177,before_first_failure,6,6,8,4,0,no_action,no_action,3
285.228117724997,before_first_failure,6,6,8,4,0,no_action,no_action,5
288.90825477801263,before_first_failure,5,8,8,4,0,no_action,no_action,4
290.90994192904327,before_first_failure,3,8,8,4,0,no_action,no_action,6
292.9598555540433,before_first_failure,2,8,8,4,0,no_action,no_action,6
295.0033799810335,before_first_failure,0,6,8,4,0,no_action,no_action,4
297.01820691500325,before_first_failure,1,7,8,4,0,no_action,no_action,6
299.0614281099988,before_first_failure,0,8,8,4,0,no_action,no_action,7
301.8449626400252,before_first_failure,2,8,8,4,0,no_action,no_action,6
304.01932154700626,before_first_failure,1,7,8,4,0,no_action,no_action,3
306.0342763790395,before_first_failure,0,7,8,4,0,no_action,no_action,4
308.10444241802907,before_first_failure,2,7,8,4,0,no_action,no_action,5
310.6893396230298,before_first_failure,2,7,8,4,0,no_action,no_action,4
312.72107067599427,before_first_failure,3,8,8,4,0,no_action,no_action,4
314.7308749050135,before_first_failure,4,7,8,4,0,no_action,no_action,7
316.76448650704697,before_first_failure,3,7,8,4,0,no_action,no_action,5
319.7828679649974,before_first_failure,4,8,8,4,0,no_action,no_action,5
321.8453955129953,before_first_failure,9,7,8,4,0,no_action,no_action,5
323.9197576000006,before_first_failure,15,7,8,4,0,no_action,no_action,4
325.9482254960458,before_first_failure,20,6,8,4,0,no_action,no_action,4
328.7748454270186,before_first_failure,21,7,8,4,0,no_action,no_action,2
330.82719892502064,before_first_failure,17,8,8,4,0,no_action,no_action,4
332.86132290703245,before_first_failure,17,7,8,4,0,no_action,no_action,3
334.9453311919933,before_first_failure,16,8,8,4,0,no_action,no_action,4
338.03744189004647,before_first_failure,19,8,8,4,0,no_action,no_action,0
340.1572012590477,before_first_failure,18,4,8,4,0,no_action,no_action,2
342.2906976160011,before_first_failure,17,7,8,4,0,no_action,no_action,2
344.33480569004314,before_first_failure,19,7,8,4,0,no_action,no_action,4
347.22139402403263,before_first_failure,19,7,8,4,0,no_action,no_action,4
349.27742010203656,before_first_failure,23,7,8,4,0,no_action,no_action,4
351.3549862090149,before_first_failure,27,7,8,4,0,no_action,no_action,6
353.3626670970116,before_first_failure,26,8,8,4,0,no_action,no_action,5
355.69639757601544,before_first_failure,30,8,8,4,0,no_action,no_action,6
357.77066949603613,before_first_failure,35,8,8,4,0,no_action,no_action,5
360.58589040802326,before_first_failure,40,8,8,4,0,no_action,no_action,1
362.65846753300866,before_first_failure,48,7,8,4,0,no_action,no_action,5
364.67417500400916,before_first_failure,54,8,8,4,0,no_action,no_action,6
366.68875287502306,before_first_failure,52,8,8,4,0,no_action,no_action,7
368.8229987320374,before_first_failure,50,8,8,4,0,no_action,no_action,8
370.88320249301614,before_first_failure,49,8,8,4,0,no_action,no_action,6
373.0338897140464,before_first_failure,51,8,8,4,0,no_action,no_action,5
377.15502535703126,before_first_failure,52,5,8,4,0,no_action,no_action,0
379.23217338701943,before_first_failure,46,8,8,4,0,no_action,no_action,5
381.26198211399605,before_first_failure,44,8,8,4,0,no_action,no_action,3
383.29159298399463,before_first_failure,42,7,8,4,0,no_action,no_action,3
387.4083634840208,before_first_failure,40,6,8,4,0,no_action,no_action,3
389.43891809805064,before_first_failure,41,5,8,4,0,no_action,no_action,2
391.48539631901076,before_first_failure,39,7,8,4,0,no_action,no_action,7
393.6708206400508,before_first_failure,38,5,8,4,0,no_action,no_action,3
395.8599617140135,before_first_failure,36,8,8,4,0,no_action,no_action,6
398.64532831904944,before_first_failure,43,8,8,4,0,no_action,no_action,3
400.69865865900647,before_first_failure,41,4,8,4,0,no_action,no_action,1
402.72123676299816,before_first_failure,39,8,8,4,0,no_action,no_action,4
404.7595729160239,before_first_failure,38,8,8,4,0,no_action,no_action,4
406.8458284260123,before_first_failure,39,8,8,4,0,no_action,no_action,5
410.12611558503704,before_first_failure,46,7,8,4,0,no_action,no_action,3
412.38855291204527,before_first_failure,43,8,8,4,0,no_action,no_action,2
414.419516140013,before_first_failure,43,7,8,4,0,no_action,no_action,6
416.4272472320008,before_first_failure,41,7,8,4,0,no_action,no_action,4
418.5249947060365,before_first_failure,41,7,8,4,0,no_action,no_action,5
420.60960293904645,before_first_failure,44,8,8,4,0,no_action,no_action,8
422.6362924280111,before_first_failure,45,7,8,4,0,no_action,no_action,7
426.85345680004684,before_first_failure,44,8,8,4,0,no_action,no_action,3
428.9314335330273,before_first_failure,41,6,8,4,0,no_action,no_action,4
430.9734983280068,before_first_failure,43,8,8,4,0,no_action,no_action,5
433.03708680102136,before_first_failure,43,7,8,4,0,no_action,no_action,7
435.1386032710434,before_first_failure,42,7,8,4,0,no_action,no_action,7
437.3104456590372,before_first_failure,42,7,8,4,0,no_action,no_action,6
439.57294804404955,before_first_failure,40,8,8,4,0,no_action,no_action,4
443.57447100704303,before_first_failure,49,8,8,4,0,no_action,no_action,1
445.63433977402747,before_first_failure,46,8,8,4,0,no_action,no_action,5
448.0102316720295,before_first_failure,48,6,8,4,0,no_action,no_action,4
450.0333154060063,before_first_failure,46,8,8,4,0,no_action,no_action,8
454.2845291690319,before_first_failure,46,8,8,4,0,no_action,no_action,2
456.28991005104035,before_first_failure,48,8,8,4,0,no_action,no_action,4
458.30838273401605,before_first_failure,51,4,8,4,0,no_action,no_action,3
460.3606055950513,before_first_failure,45,8,8,4,0,no_action,no_action,5
462.91720054502366,before_first_failure,43,7,8,4,0,no_action,no_action,5
466.9963625679957,before_first_failure,42,8,8,4,0,no_action,no_action,2
469.10360855900217,before_first_failure,42,7,8,4,0,no_action,no_action,3
471.1253333820496,before_first_failure,41,8,8,4,0,no_action,no_action,5
473.1967474280391,before_first_failure,42,8,8,4,0,no_action,no_action,7
475.28257812804077,before_first_failure,39,7,8,4,0,no_action,no_action,4
477.3832852040068,before_first_failure,37,7,8,4,0,no_action,no_action,3
481.44807325303555,before_first_failure,38,7,8,4,0,no_action,no_action,0
483.4982625099947,before_first_failure,38,8,8,4,0,no_action,no_action,2
485.59988063102355,before_first_failure,39,7,8,4,0,no_action,no_action,3
487.7950944280019,before_first_failure,38,7,8,4,0,no_action,no_action,4
492.008309329045,before_first_failure,43,6,8,4,0,no_action,no_action,2
494.0641315029934,before_first_failure,40,6,8,4,0,no_action,no_action,1
496.1423787130043,before_first_failure,40,8,8,4,0,no_action,no_action,6
498.22388258302817,before_first_failure,42,5,8,4,0,no_action,no_action,5
500.5003521339968,before_first_failure,37,8,8,4,0,no_action,no_action,3
505.11318514001323,before_first_failure,39,8,8,4,0,no_action,no_action,0
507.164571188041,before_first_failure,36,7,8,4,0,no_action,no_action,1
509.51893320900854,before_first_failure,36,7,8,4,0,no_action,no_action,2
511.66623777901987,before_first_failure,33,8,8,4,0,no_action,no_action,3
517.34793553903,before_first_failure,34,8,8,4,0,no_action,no_action,2
519.3862512210035,before_first_failure,37,6,8,4,0,no_action,no_action,3
521.4380226870417,before_first_failure,35,6,8,4,0,no_action,no_action,2
523.5052876950358,before_first_failure,32,8,8,4,0,no_action,no_action,4
527.8671191810281,before_first_failure,34,8,8,4,0,no_action,no_action,3
530.0693079790217,before_first_failure,34,7,8,4,0,no_action,no_action,4
532.1169323400245,before_first_failure,36,7,8,4,0,no_action,no_action,6
534.1604741190095,before_first_failure,34,8,8,4,0,no_action,no_action,5
536.3239326800103,before_first_failure,37,8,8,4,0,no_action,no_action,7
540.957867997,before_first_failure,37,8,8,4,0,no_action,no_action,3
543.0598717110115,before_first_failure,36,8,8,4,0,no_action,no_action,2
545.1028019100195,before_first_failure,36,7,8,4,0,no_action,no_action,4
547.2020925370161,before_first_failure,33,8,8,4,0,no_action,no_action,5
549.2858660549973,before_first_failure,31,8,8,4,0,no_action,no_action,6
551.482284208003,before_first_failure,30,8,8,4,0,no_action,no_action,7
553.4923999410239,before_first_failure,32,8,8,4,0,no_action,no_action,8
555.5346985030337,before_first_failure,32,7,8,4,0,no_action,no_action,4
557.6194192260155,before_first_failure,31,8,8,4,0,no_action,no_action,3
563.4808517330093,before_first_failure,36,7,8,4,0,no_action,no_action,2
565.5535882959957,before_first_failure,37,5,8,4,0,no_action,no_action,4
567.7413848440046,before_first_failure,37,7,8,4,0,no_action,no_action,6
570.4148324610433,before_first_failure,40,7,8,4,0,no_action,no_action,6
572.6748542570276,before_first_failure,39,8,8,4,0,no_action,no_action,7
574.7050701050321,before_first_failure,40,7,8,4,0,no_action,no_action,6
578.9946166769951,before_first_failure,48,7,8,4,0,no_action,no_action,1
581.0152963140281,before_first_failure,49,3,8,4,0,no_action,no_action,1
583.266041126044,before_first_failure,45,8,8,4,0,no_action,no_action,3
585.5017381850048,before_first_failure,48,5,8,4,0,no_action,no_action,3
587.5227921740152,before_first_failure,46,8,8,4,0,no_action,no_action,8
589.554857715033,before_first_failure,47,6,8,4,0,no_action,no_action,6
591.621747938043,before_first_failure,46,7,8,4,0,no_action,no_action,6
595.9276105250465,before_first_failure,47,7,8,4,0,no_action,no_action,3
597.9372196360491,before_first_failure,42,8,8,4,0,no_action,no_action,1
600.002255511994,before_first_failure,43,7,8,4,0,no_action,no_action,4
602.0532335190219,before_first_failure,44,8,8,4,0,no_action,no_action,4
604.2446431600256,before_first_failure,44,7,8,4,0,no_action,no_action,7
606.3145837589982,before_first_failure,43,8,8,4,0,no_action,no_action,7
610.496753518004,before_first_failure,46,8,8,4,0,no_action,no_action,5
612.5852924030041,before_first_failure,45,6,8,4,0,no_action,no_action,2
614.6536684230086,before_first_failure,43,6,8,4,0,no_action,no_action,2
616.7543964560027,before_first_failure,44,7,8,4,0,no_action,no_action,6
618.7720565240015,before_first_failure,43,8,8,4,0,no_action,no_action,6
620.8711796260322,before_first_failure,43,8,8,4,0,no_action,no_action,8
624.504931803036,before_first_failure,44,8,8,4,0,no_action,no_action,3
626.6166556930402,before_first_failure,43,8,8,4,0,no_action,no_action,5
628.8587237410247,before_first_failure,41,8,8,4,0,no_action,no_action,6
630.8683022300247,before_first_failure,42,8,8,4,0,no_action,no_action,7
632.8952750030439,before_first_failure,44,7,8,4,0,no_action,no_action,5
634.9699578110012,before_first_failure,45,7,8,4,0,no_action,no_action,5
637.0595473870053,before_first_failure,42,8,8,4,0,no_action,no_action,4
642.5742174159968,before_first_failure,43,5,8,4,0,no_action,no_action,1
644.7294420740218,before_first_failure,40,5,8,4,0,no_action,no_action,2
646.7750679900055,before_first_failure,37,8,8,4,0,no_action,no_action,4
648.7870972590172,before_first_failure,37,8,8,4,0,no_action,no_action,7
650.8210356140044,before_first_failure,35,8,8,4,0,no_action,no_action,4
653.0686036850093,before_first_failure,37,7,8,4,0,no_action,no_action,5
655.0943742420059,before_first_failure,37,6,8,4,0,no_action,no_action,6
660.58099326503,before_first_failure,35,8,8,4,0,no_action,no_action,2
662.6816875149962,before_first_failure,41,2,8,4,0,no_action,no_action,0
664.6954034470255,before_first_failure,41,2,8,4,0,no_action,no_action,1
666.7162911600317,before_first_failure,37,8,8,4,0,no_action,no_action,6
668.8253974060062,before_first_failure,38,8,8,4,0,no_action,no_action,6
670.8410092700506,before_first_failure,39,8,8,4,0,no_action,no_action,6
675.4901317100157,before_first_failure,42,8,8,4,0,no_action,no_action,3
677.4907505940064,before_first_failure,39,7,8,4,0,no_action,no_action,4
679.5754856379936,before_first_failure,39,5,8,4,0,no_action,no_action,3
681.6393405260169,before_first_failure,38,8,8,4,0,no_action,no_action,5
684.1056231959956,before_first_failure,42,7,8,4,0,no_action,no_action,5
686.3071651850478,before_first_failure,44,7,8,4,0,no_action,no_action,6
688.3663556480315,before_first_failure,41,8,8,4,0,no_action,no_action,6
690.4437822540058,before_first_failure,43,7,8,4,0,no_action,no_action,5
694.9099877300323,before_first_failure,47,7,8,4,0,no_action,no_action,0
697.1093348120339,before_first_failure,41,8,8,4,0,no_action,no_action,2
699.7353855520487,before_first_failure,42,7,8,4,0,no_action,no_action,6
701.7632207650458,before_first_failure,40,7,8,4,0,no_action,no_action,6
703.9073080969974,before_first_failure,40,7,8,4,0,no_action,no_action,5
705.924212042999,before_first_failure,39,7,8,4,0,no_action,no_action,5
707.9293267210014,before_first_failure,40,7,8,4,0,no_action,no_action,5
710.0141389840282,before_first_failure,40,7,8,4,0,no_action,no_action,6
716.3161925050081,before_first_failure,43,8,8,4,0,no_action,no_action,0
718.3308612250257,before_first_failure,39,7,8,4,0,no_action,no_action,2
720.3403878500103,before_first_failure,39,8,8,4,0,no_action,no_action,6
722.4034819640219,before_first_failure,37,8,8,4,0,no_action,no_action,6
724.6323835829971,before_first_failure,39,8,8,4,0,no_action,no_action,6
726.7012463150313,before_first_failure,40,7,8,4,0,no_action,no_action,6
728.7227295080083,before_first_failure,43,7,8,4,0,no_action,no_action,6
730.8756086039939,before_first_failure,43,6,8,4,0,no_action,no_action,2
736.4281230550259,before_first_failure,51,8,8,4,0,no_action,no_action,2
738.5883054870064,before_first_failure,49,8,8,4,0,no_action,no_action,4
740.6425165370456,before_first_failure,56,7,8,4,0,no_action,no_action,6
742.7155454930034,before_first_failure,59,7,8,4,0,no_action,no_action,5
744.9564150960068,before_first_failure,72,7,8,4,0,no_action,no_action,4
747.6136372670298,before_first_failure,80,7,8,4,0,no_action,no_action,5
750.1739444860141,before_first_failure,83,7,8,4,0,no_action,no_action,4
752.250119053002,before_first_failure,87,7,8,4,0,no_action,no_action,4
754.3476639449946,before_first_failure,96,8,8,4,0,no_action,no_action,4
756.5074079090264,before_first_failure,101,8,8,4,0,no_action,no_action,5
761.9079100640374,before_first_failure,102,8,8,4,0,no_action,no_action,2
764.2359737860388,before_first_failure,102,8,8,4,0,no_action,no_action,4
766.3408382950001,before_first_failure,102,6,8,4,0,no_action,no_action,5
768.6474362050067,before_first_failure,101,8,8,4,0,no_action,no_action,6
770.6927263300167,before_first_failure,101,5,8,4,0,no_action,no_action,4
772.8167593720136,before_first_failure,100,8,8,4,0,no_action,no_action,6
774.900630491029,before_first_failure,101,5,8,4,0,no_action,no_action,5
776.990307398024,before_first_failure,98,8,8,4,0,no_action,no_action,5
779.1919860130292,before_first_failure,100,6,8,4,0,no_action,no_action,4
784.9734888480161,before_first_failure,111,8,8,4,0,no_action,no_action,0
787.0451213890337,before_first_failure,112,7,8,4,0,no_action,no_action,3
789.677147716051,before_first_failure,121,8,8,4,0,no_action,no_action,2
792.3149589120294,before_first_failure,125,5,8,4,0,no_action,no_action,3
794.823063856049,before_first_failure,130,4,8,4,0,no_action,no_action,2
797.0432033030083,before_first_failure,131,7,8,4,0,no_action,no_action,3
799.5787199659972,before_first_failure,134,7,8,4,0,no_action,no_action,4
805.7112770070089,before_first_failure,134,6,8,4,0,no_action,no_action,0
807.8786140630255,before_first_failure,140,7,8,4,0,no_action,no_action,0
810.2435840890394,before_first_failure,141,7,8,4,0,no_action,no_action,5
812.8205256939982,before_first_failure,143,3,8,4,0,no_action,no_action,2
814.9316067910404,before_first_failure,139,7,8,4,0,no_action,no_action,2
816.9362934860401,before_first_failure,140,7,8,4,0,no_action,no_action,5
818.9963894599932,before_first_failure,147,6,8,4,0,no_action,no_action,6
821.0383800660493,before_first_failure,148,5,8,4,0,no_action,no_action,1
827.7349126860499,before_first_failure,149,8,8,4,0,no_action,no_action,0
830.128949961043,before_first_failure,148,8,8,4,0,no_action,no_action,1
832.3524472840363,before_first_failure,149,6,8,4,0,no_action,no_action,3
834.4193019560189,before_first_failure,148,4,8,4,0,no_action,no_action,2
836.678674616036,before_first_failure,146,7,8,4,0,no_action,no_action,2
838.8947699270211,before_first_failure,147,8,8,4,0,no_action,no_action,0
840.9722354109981,before_first_failure,144,6,8,4,0,no_action,no_action,1
846.9647972590174,before_first_failure,144,6,8,4,0,no_action,no_action,0
848.9949987599975,before_first_failure,141,7,8,4,0,no_action,no_action,2
851.0273267940502,before_first_failure,140,8,8,4,0,no_action,no_action,5
853.0619953520363,before_first_failure,142,8,8,4,0,no_action,no_action,4
855.2939752980019,before_first_failure,147,6,8,4,0,no_action,no_action,3
857.422465464042,before_first_failure,148,7,8,4,0,no_action,no_action,4
859.4702866380103,before_first_failure,148,7,8,4,0,no_action,no_action,4
861.5604413620313,before_first_failure,149,6,8,4,0,no_action,no_action,5
869.4839965930441,before_first_failure,150,7,8,4,0,no_action,no_action,0
871.522918503033,before_first_failure,151,2,8,4,0,no_action,no_action,1
873.5780849099974,before_first_failure,147,6,8,4,0,no_action,no_action,2
875.6390906760353,before_first_failure,143,8,8,4,0,no_action,no_action,2
877.6564583610161,before_first_failure,143,7,8,4,0,no_action,no_action,6
879.713019340008,before_first_failure,141,7,8,4,0,no_action,no_action,6
881.7815546910278,before_first_failure,144,7,8,4,0,no_action,no_action,6
883.8025999829988,before_first_failure,143,7,8,4,0,no_action,no_action,6
885.8939443330164,before_first_failure,144,7,8,4,0,no_action,no_action,7
888.1305884570465,before_first_failure,142,7,8,4,0,no_action,no_action,5
890.3102644699975,before_first_failure,140,8,8,4,0,no_action,no_action,2
892.4803378580255,before_first_failure,140,7,8,4,0,no_action,no_action,2
897.8437518090359,before_first_failure,140,7,8,4,0,no_action,no_action,1
899.9102062979946,before_first_failure,141,8,8,4,0,no_action,no_action,5
901.9897307770443,before_first_failure,140,8,8,4,0,no_action,no_action,4
904.0642768749967,before_first_failure,139,7,8,4,0,no_action,no_action,2
906.3649863850442,before_first_failure,136,7,8,4,0,no_action,no_action,4
908.4588438950013,before_first_failure,132,8,8,4,0,no_action,no_action,3
910.5595365730114,before_first_failure,129,8,8,4,0,no_action,no_action,3
912.6802876350121,before_first_failure,128,7,8,4,0,no_action,no_action,3
914.7204177120002,before_first_failure,128,7,8,4,0,no_action,no_action,4
916.7981800530106,before_first_failure,125,8,8,4,0,no_action,no_action,4
918.8757464429946,before_first_failure,121,8,8,4,0,no_action,no_action,2
926.5784372829949,before_first_failure,127,8,8,4,0,no_action,no_action,0
928.6375436340459,before_first_failure,128,8,8,4,0,no_action,no_action,3
930.9856916000135,before_first_failure,129,6,8,4,0,no_action,no_action,1
933.0696166660055,before_first_failure,126,6,8,4,0,no_action,no_action,3
935.0838727120426,before_first_failure,125,8,8,4,0,no_action,no_action,4
937.1677777750301,before_first_failure,121,7,8,4,0,no_action,no_action,3
939.2489094160264,before_first_failure,119,8,8,4,0,no_action,no_action,4
941.3744740140392,before_first_failure,121,7,8,4,0,no_action,no_action,5
943.4183039340423,before_first_failure,117,7,8,4,0,no_action,no_action,2
945.503017192008,before_first_failure,114,8,8,4,0,no_action,no_action,1
951.0169668260496,before_first_failure,114,8,8,4,0,no_action,no_action,0
953.1112290570163,before_first_failure,118,8,8,4,0,no_action,no_action,2
955.1898103290005,before_first_failure,121,7,8,4,0,no_action,no_action,5
957.3445274010301,before_first_failure,120,8,8,4,0,no_action,no_action,6
959.7124175900244,before_first_failure,121,7,8,4,0,no_action,no_action,4
961.8717370660161,before_first_failure,119,8,8,4,0,no_action,no_action,5
963.9603128600284,before_first_failure,117,8,8,4,0,no_action,no_action,6
966.0525709390058,before_first_failure,118,4,8,4,0,no_action,no_action,2
968.1063410970382,before_first_failure,116,6,8,4,0,no_action,no_action,1
974.8655143380165,before_first_failure,117,7,8,4,0,no_action,no_action,0
976.8958070910303,before_first_failure,115,8,8,4,0,no_action,no_action,2
978.9575314770336,before_first_failure,116,8,8,4,0,no_action,no_action,5
981.0540483070072,before_first_failure,115,8,8,4,0,no_action,no_action,4
983.0620578069938,before_first_failure,115,6,8,4,0,no_action,no_action,3
985.0966031730059,before_first_failure,113,8,8,4,0,no_action,no_action,4
987.1234277560143,before_first_failure,114,8,8,4,0,no_action,no_action,7
989.4812272650306,before_first_failure,118,6,8,4,0,no_action,no_action,5
991.560459928005,before_first_failure,116,6,8,4,0,no_action,no_action,5
993.6317689650459,before_first_failure,117,7,8,4,0,no_action,no_action,5
995.6531177620054,before_first_failure,116,7,8,4,0,no_action,no_action,6
1002.6318206440192,before_first_failure,116,6,8,4,0,no_action,no_action,0
1004.7327470800374,before_first_failure,113,8,8,4,0,no_action,no_action,1
1006.789440454042,before_first_failure,116,6,8,4,0,no_action,no_action,3
1008.8527180220117,before_first_failure,114,8,8,4,0,no_action,no_action,6
1011.3707470180234,before_first_failure,113,8,8,4,0,no_action,no_action,6
1013.4655992939952,before_first_failure,114,7,8,4,0,no_action,no_action,6
1015.9283525130013,before_first_failure,111,8,8,4,0,no_action,no_action,6
1017.9316408170271,before_first_failure,111,7,8,4,0,no_action,no_action,6
1019.9765648640459,before_first_failure,112,4,8,4,0,no_action,no_action,3
1022.0300781010301,before_first_failure,108,7,8,4,0,no_action,no_action,5
1024.1400148350513,before_first_failure,104,8,8,4,0,no_action,no_action,3
1031.0449841550435,before_first_failure,108,8,8,4,0,no_action,no_action,0
1033.0600511710509,before_first_failure,103,8,8,4,0,no_action,no_action,0
1035.1072302070097,before_first_failure,103,8,8,4,0,no_action,no_action,6
1037.173427450005,before_first_failure,102,7,8,4,0,no_action,no_action,7
1039.4277631180012,before_first_failure,102,6,8,4,0,no_action,no_action,5
1041.5842071660445,before_first_failure,102,8,8,4,0,no_action,no_action,5
1043.685505550995,before_first_failure,101,8,8,4,0,no_action,no_action,7
1045.7862233699998,before_first_failure,103,8,8,4,0,no_action,no_action,5
1047.796637824038,before_first_failure,103,5,8,4,0,no_action,no_action,1
1049.894031096017,before_first_failure,99,8,8,4,0,no_action,no_action,3
1052.0454111090512,before_first_failure,101,8,8,4,0,no_action,no_action,7
1054.1374204769963,before_first_failure,100,6,8,4,0,no_action,no_action,4
1062.3589527610457,before_first_failure,103,8,8,4,0,no_action,no_action,0
1064.371233384998,before_first_failure,104,8,8,4,0,no_action,no_action,2
1066.7520544780418,before_first_failure,107,8,8,4,0,no_action,no_action,4
1068.7914390640217,before_first_failure,117,7,8,4,0,no_action,no_action,7
1070.900049206044,before_first_failure,125,8,8,4,0,no_action,no_action,6
1072.9147451239987,before_first_failure,125,6,8,4,0,no_action,no_action,4
1074.9962066300213,before_first_failure,136,8,8,4,0,no_action,no_action,7
1077.3333685530233,before_first_failure,153,7,8,4,0,no_action,no_action,6
1079.382368806051,before_first_failure,164,8,8,4,0,no_action,no_action,7
1081.4779019110138,before_first_failure,170,8,8,4,0,no_action,no_action,6
1083.6993649490178,before_first_failure,170,8,8,4,0,no_action,no_action,5
1085.9977920530364,before_first_failure,172,7,8,4,0,no_action,no_action,3
1088.0555390120135,before_first_failure,171,7,8,4,0,no_action,no_action,5
1095.3096407240373,before_first_failure,172,7,8,4,0,no_action,no_action,0
1097.440257447015,before_first_failure,179,8,8,4,0,no_action,no_action,3
1099.9416950290324,before_first_failure,180,8,8,4,0,no_action,no_action,6
1102.6035610020044,before_first_failure,181,7,8,4,0,no_action,no_action,5
1104.6357589320396,before_first_failure,182,6,8,4,0,no_action,no_action,5
1106.7466654989985,before_first_failure,180,7,8,4,0,no_action,no_action,5
1108.8060571459937,before_first_failure,180,7,8,4,0,no_action,no_action,4
1110.8264326570206,before_first_failure,179,8,8,4,0,no_action,no_action,6
1112.878391797014,before_first_failure,181,7,8,4,0,no_action,no_action,4
1114.9450225210167,before_first_failure,180,7,8,4,0,no_action,no_action,4
1117.0253940400435,before_first_failure,184,6,8,4,0,no_action,no_action,6
1119.0366455110488,before_first_failure,185,8,8,4,0,no_action,no_action,4
1125.7706310800277,before_first_failure,193,6,8,4,0,no_action,no_action,1
1127.89320688101,before_first_failure,186,8,8,4,0,no_action,no_action,3
1130.15401354403,before_first_failure,187,8,8,4,0,no_action,no_action,4
1132.2267371380003,before_first_failure,192,6,8,4,0,no_action,no_action,5
1134.7411985010258,before_first_failure,195,7,8,4,0,no_action,no_action,5
1136.9287363630137,before_first_failure,195,5,8,4,0,no_action,no_action,5
1138.9586979339947,before_first_failure,199,8,8,4,0,no_action,no_action,8
1140.976533063047,before_first_failure,203,7,8,4,0,no_action,no_action,6
1143.0112368880073,before_first_failure,208,6,8,4,0,no_action,no_action,4
1145.0873129450483,before_first_failure,210,6,8,4,0,no_action,no_action,5
1147.8806338669965,before_first_failure,215,7,8,4,0,no_action,no_action,4
1150.5944722419954,before_first_failure,215,8,8,4,0,no_action,no_action,5
1152.9038764650468,before_first_failure,216,7,8,4,0,no_action,no_action,3
1160.32573378901,before_first_failure,216,6,8,4,0,no_action,no_action,0
1162.3862544540316,before_first_failure,229,4,8,4,0,no_action,no_action,2
1165.3769176460337,before_first_failure,225,8,8,4,0,no_action,no_action,4
1167.4352989370236,before_first_failure,225,8,8,4,0,no_action,no_action,8
1169.5944050090038,before_first_failure,227,7,8,4,0,no_action,no_action,5
1171.6288194340304,before_first_failure,224,8,8,4,0,no_action,no_action,6
1174.4673806400388,before_first_failure,225,8,8,4,0,no_action,no_action,7
1176.4901323350496,before_first_failure,224,8,8,4,0,no_action,no_action,6
1178.5238655050052,before_first_failure,226,6,8,4,0,no_action,no_action,5
1180.6044942740118,before_first_failure,224,8,8,4,0,no_action,no_action,6
1182.825761300046,before_first_failure,225,7,8,4,0,no_action,no_action,5
1185.179890246014,before_first_failure,223,8,8,4,0,no_action,no_action,7
1196.635169879999,before_first_failure,223,8,8,4,0,no_action,no_action,0
1198.9032129610423,before_first_failure,229,8,8,4,0,no_action,no_action,2
1201.5687675930094,before_first_failure,230,8,8,4,0,no_action,no_action,6
1203.8939712630236,before_first_failure,230,6,8,4,0,no_action,no_action,5
1205.9701979460078,before_first_failure,229,7,8,4,0,no_action,no_action,5
1208.0393766800407,before_first_failure,230,8,8,4,0,no_action,no_action,7
1210.1075996580184,before_first_failure,228,8,8,4,0,no_action,no_action,6
1212.249559227028,before_first_failure,227,7,8,4,0,no_action,no_action,5
1214.3414442570065,before_first_failure,230,6,8,4,0,no_action,no_action,5
1216.4269234910025,before_first_failure,230,7,8,4,0,no_action,no_action,6
1218.4946025270037,before_first_failure,229,7,8,4,0,no_action,no_action,5
1220.5965761790285,before_first_failure,227,7,8,4,0,no_action,no_action,5
1222.6467819130048,before_first_failure,226,7,8,4,0,no_action,no_action,4
1232.050326194032,before_first_failure,230,8,8,4,0,no_action,no_action,0
1234.2282762120012,before_first_failure,227,8,8,4,0,no_action,no_action,2
1236.310809541028,before_first_failure,228,5,8,4,0,no_action,no_action,2
1238.3195618040045,before_first_failure,229,5,8,4,0,no_action,no_action,4
1240.4760800530203,before_first_failure,226,7,8,4,0,no_action,no_action,4
1242.5731495690416,before_first_failure,226,7,8,4,0,no_action,no_action,5
1244.7225517360494,before_first_failure,224,7,8,4,0,no_action,no_action,3
1246.794932046032,before_first_failure,225,6,8,4,0,no_action,no_action,1
1248.8735466040089,before_first_failure,222,7,8,4,0,no_action,no_action,2
1250.9123935420066,before_first_failure,220,6,8,4,0,no_action,no_action,1
1252.942868948041,before_first_failure,217,6,8,4,0,no_action,no_action,1
1254.996394924994,before_first_failure,215,5,8,4,0,no_action,no_action,1
1264.2411625340465,before_first_failure,214,6,8,4,0,no_action,no_action,0
1266.6896886970499,before_first_failure,219,5,8,4,0,no_action,no_action,0
1268.7882510920172,before_first_failure,216,8,8,4,0,no_action,no_action,2
1270.813273562002,before_first_failure,218,7,8,4,0,no_action,no_action,1
1272.9308305230225,before_first_failure,217,7,8,4,0,no_action,no_action,0
1275.0191653550137,before_first_failure,217,7,8,4,0,no_action,no_action,5
1277.0989383489941,before_first_failure,218,3,8,4,0,no_action,no_action,1
1279.1677811350091,before_first_failure,212,6,8,4,0,no_action,no_action,3
1281.2000884170411,before_first_failure,212,7,8,4,0,no_action,no_action,3
1283.2403289870126,before_first_failure,212,7,8,4,0,no_action,no_action,2
1285.5622880140436,before_first_failure,214,5,8,4,0,no_action,no_action,1
1294.59312029602,before_first_failure,211,7,8,4,0,no_action,no_action,0
1296.8956686400343,before_first_failure,218,7,8,4,0,no_action,no_action,2
1298.9065153380507,before_first_failure,214,8,8,4,0,no_action,no_action,5
1301.016457048012,before_first_failure,211,7,8,4,0,no_action,no_action,4
1303.0807660309947,before_first_failure,212,4,8,4,0,no_action,no_action,1
1305.1360670570284,before_first_failure,211,7,8,4,0,no_action,no_action,3
1307.1964008940267,before_first_failure,212,7,8,4,0,no_action,no_action,4
1309.3973927380284,before_first_failure,209,7,8,4,0,no_action,no_action,3
1311.4821547120227,before_first_failure,210,5,8,4,0,no_action,no_action,3
1313.575557994016,before_first_failure,208,7,8,4,0,no_action,no_action,3
1315.6065347500262,before_first_failure,208,7,8,4,0,no_action,no_action,4
1317.6687036320218,before_first_failure,210,8,8,4,0,no_action,no_action,4
1319.745980592037,before_first_failure,208,8,8,4,0,no_action,no_action,4
1327.4854978910298,before_first_failure,219,8,8,4,0,no_action,no_action,0
1329.4957876730477,before_first_failure,214,8,8,4,0,no_action,no_action,1
1331.4990746870171,before_first_failure,218,7,8,4,0,no_action,no_action,3
1333.5946727010305,before_first_failure,222,8,8,4,0,no_action,no_action,4
1335.7136914650328,before_first_failure,225,8,8,4,0,no_action,no_action,5
1337.7910837780219,before_first_failure,229,7,8,4,0,no_action,no_action,5
1339.821425074013,before_first_failure,230,7,8,4,0,no_action,no_action,5
1341.8232090580277,before_first_failure,233,7,8,4,0,no_action,no_action,4
1344.098550697032,before_first_failure,236,8,8,4,0,no_action,no_action,3
1346.1060706790304,before_first_failure,234,6,8,4,0,no_action,no_action,2
1348.182208541024,before_first_failure,237,7,8,4,0,no_action,no_action,4
1350.2109728270443,before_first_failure,236,8,8,4,0,no_action,no_action,6
1352.2249510080437,before_first_failure,241,7,8,4,0,no_action,no_action,6
1354.2306248040404,before_first_failure,242,8,8,4,0,no_action,no_action,6
1356.242789515003,before_first_failure,244,7,8,4,0,no_action,no_action,7
1358.5410934610409,before_first_failure,246,7,8,4,0,no_action,no_action,5
1360.551847535011,before_first_failure,248,7,8,4,0,no_action,no_action,2
1362.7286617250065,before_first_failure,244,8,8,4,0,no_action,no_action,3
1364.7475246620015,before_first_failure,247,6,8,4,0,no_action,no_action,3
1372.671684822999,before_first_failure,256,6,8,4,0,no_action,no_action,0
1374.9086768309935,before_first_failure,251,6,8,4,0,no_action,no_action,2
1377.310686640034,before_first_failure,254,5,8,4,0,no_action,no_action,1
1379.3711695389939,before_first_failure,252,6,8,4,0,no_action,no_action,1
1381.4042444490478,before_first_failure,252,8,8,4,0,no_action,no_action,4
1383.4434664610308,before_first_failure,253,8,8,4,0,no_action,no_action,4
1385.486699419038,before_first_failure,253,8,8,4,0,no_action,no_action,6
1387.5664361620438,before_first_failure,257,7,8,4,0,no_action,no_action,4
1389.8133230720414,before_first_failure,259,8,8,4,0,no_action,no_action,3
1391.8865510420292,before_first_failure,264,6,8,4,0,no_action,no_action,5
1393.980003523,before_first_failure,267,8,8,4,0,no_action,no_action,6
1395.998629874026,before_first_failure,268,6,8,4,0,no_action,no_action,2
1398.299392547051,before_first_failure,266,7,8,4,0,no_action,no_action,3
1407.2360709340428,before_first_failure,273,8,8,4,0,no_action,no_action,2
1410.0809728960157,before_first_failure,269,8,8,4,0,no_action,no_action,3
1412.2907363220002,before_first_failure,268,8,8,4,0,no_action,no_action,5
1414.3171073850244,before_first_failure,270,7,8,4,0,no_action,no_action,7
1416.3308482880238,before_first_failure,267,8,8,4,0,no_action,no_action,3
1418.6046487630229,before_first_failure,270,7,8,4,0,no_action,no_action,4
1420.6369495310355,before_first_failure,269,4,8,4,0,no_action,no_action,3
1422.65564618801,before_first_failure,265,6,8,4,0,no_action,no_action,1
1424.685224996996,before_first_failure,265,7,8,4,0,no_action,no_action,2
1426.7683776920312,before_first_failure,264,8,8,4,0,no_action,no_action,4
1429.0116245310055,before_first_failure,263,8,8,4,0,no_action,no_action,4
1431.0965058750007,before_first_failure,268,8,8,4,0,no_action,no_action,4
1433.188413507014,before_first_failure,269,8,8,4,0,no_action,no_action,3
1435.272165241011,before_first_failure,271,8,8,4,0,no_action,no_action,6
1437.318407859013,before_first_failure,273,8,8,4,0,no_action,no_action,4
1446.5164621460135,before_first_failure,275,8,8,4,0,no_action,no_action,0
1448.6122787140193,before_first_failure,294,4,8,4,0,no_action,no_action,2
1450.6342532990384,before_first_failure,291,8,8,4,0,no_action,no_action,5
1452.6847225920064,before_first_failure,296,7,8,4,0,no_action,no_action,7
1454.980364505027,before_first_failure,301,8,8,4,0,no_action,no_action,6
1457.1027317690314,before_first_failure,301,8,8,4,0,no_action,no_action,6
1459.1619235700346,before_first_failure,301,8,8,4,0,no_action,no_action,8
1461.2643771870062,before_first_failure,301,6,8,4,0,no_action,no_action,5
1463.5839087100467,before_first_failure,296,8,8,4,0,no_action,no_action,6
1465.6543850760208,before_first_failure,305,8,8,4,0,no_action,no_action,7
1467.7565898059984,before_first_failure,307,7,8,4,0,no_action,no_action,7
1469.8165796360117,before_first_failure,307,6,8,4,0,no_action,no_action,5
1472.338984980015,before_first_failure,305,7,8,4,0,no_action,no_action,6
1474.4609156690422,before_first_failure,311,7,8,4,0,no_action,no_action,7
1476.567877974012,before_first_failure,313,6,8,4,0,no_action,no_action,5
1478.5749909230508,before_first_failure,315,7,8,4,0,no_action,no_action,5
1480.6402052920312,before_first_failure,317,8,8,4,0,no_action,no_action,5
1482.6468900540494,before_first_failure,317,7,8,4,0,no_action,no_action,5
1491.6500117910327,before_first_failure,324,7,8,4,0,no_action,no_action,0
1493.8110974910087,before_first_failure,322,6,8,4,0,no_action,no_action,2
1496.5226567030186,before_first_failure,323,6,8,4,0,no_action,no_action,4
1498.5962633269955,before_first_failure,320,8,8,4,0,no_action,no_action,4
1500.6638564070454,before_first_failure,322,7,8,4,0,no_action,no_action,5
1502.709553683002,before_first_failure,323,6,8,4,0,no_action,no_action,4
1504.836532065994,before_first_failure,321,8,8,4,0,no_action,no_action,6
1507.0139899300411,before_first_failure,322,8,8,4,0,no_action,no_action,6
1509.1083999610273,before_first_failure,324,7,8,4,0,no_action,no_action,5
1511.148426786007,before_first_failure,323,6,8,4,0,no_action,no_action,4
1513.1968468879932,before_first_failure,321,8,8,4,0,no_action,no_action,7
1515.270596136048,before_first_failure,319,8,8,4,0,no_action,no_action,6
1517.2996064189938,before_first_failure,319,8,8,4,0,no_action,no_action,4
1519.393466772046,before_first_failure,321,8,8,4,0,no_action,no_action,7
1521.4806683610077,before_first_failure,322,8,8,4,0,no_action,no_action,6
1523.5335822060006,before_first_failure,321,7,8,4,0,no_action,no_action,6
1525.5820380580262,before_first_failure,321,8,8,4,0,no_action,no_action,8
1527.6044759800425,before_first_failure,322,7,8,4,0,no_action,no_action,7
1537.211383616028,before_first_failure,330,6,8,4,0,no_action,no_action,0
1539.2800677440246,before_first_failure,327,6,8,4,0,no_action,no_action,2
1541.3297490969999,before_first_failure,328,8,8,4,0,no_action,no_action,7
1543.8602164970362,before_first_failure,330,8,8,4,0,no_action,no_action,7
1546.1084195190342,before_first_failure,330,7,8,4,0,no_action,no_action,4
1548.1194997190032,before_first_failure,328,8,8,4,0,no_action,no_action,4
1550.1788832489983,before_first_failure,329,5,8,4,0,no_action,no_action,4
1552.2771365010412,before_first_failure,331,7,8,4,0,no_action,no_action,5
1554.3645231749979,before_first_failure,331,7,8,4,0,no_action,no_action,6
1556.4503450870398,before_first_failure,335,7,8,4,0,no_action,no_action,4
1558.531765471038,before_first_failure,336,8,8,4,0,no_action,no_action,8
1560.6755924290046,before_first_failure,341,8,8,4,0,no_action,no_action,6
1563.196512162045,before_first_failure,342,7,8,4,0,no_action,no_action,4
1565.2945097770425,before_first_failure,340,8,8,4,0,no_action,no_action,4
1567.3272399710258,before_first_failure,342,4,8,4,0,no_action,no_action,3
1569.3941880100174,before_first_failure,342,7,8,4,0,no_action,no_action,5
1571.4300405860413,before_first_failure,343,7,8,4,0,no_action,no_action,6
1573.478576169,before_first_failure,341,8,8,4,0,no_action,no_action,6
1583.6055357130244,before_first_failure,341,8,8,4,0,no_action,no_action,1
1585.817733524018,before_first_failure,346,8,8,4,0,no_action,no_action,4
1587.962739170005,before_first_failure,348,8,8,4,0,no_action,no_action,6
1590.570707676001,before_first_failure,348,8,8,4,0,no_action,no_action,6
1593.177750101022,before_first_failure,351,6,8,4,0,no_action,no_action,5
1595.3122999630286,before_first_failure,352,8,8,4,0,no_action,no_action,6
1597.3437537900172,before_first_failure,353,6,8,4,0,no_action,no_action,6
1599.3709676309954,before_first_failure,351,6,8,4,0,no_action,no_action,5
1601.5675504840328,before_first_failure,354,3,8,4,0,no_action,no_action,2
1603.681630191044,before_first_failure,352,8,8,4,0,no_action,no_action,7
1605.9324426290113,before_first_failure,350,8,8,4,0,no_action,no_action,6
1607.938382229011,before_first_failure,352,8,8,4,0,no_action,no_action,8
1609.9840179849998,before_first_failure,353,8,8,4,0,no_action,no_action,4
1612.079048710002,before_first_failure,355,8,8,4,0,no_action,no_action,4
1614.1375763780088,before_first_failure,357,7,8,4,0,no_action,no_action,5
1616.181101719034,before_first_failure,359,8,8,4,0,no_action,no_action,4
1618.2816719750408,before_first_failure,361,7,8,4,0,no_action,no_action,5
1628.8492072910303,before_first_failure,375,8,8,4,0,no_action,no_action,0
1630.9078872160171,before_first_failure,374,7,8,4,0,no_action,no_action,1
1632.925635104999,before_first_failure,376,8,8,4,0,no_action,no_action,6
1634.9975326990243,before_first_failure,372,8,8,4,0,no_action,no_action,3
1637.4957088710507,before_first_failure,370,6,8,4,0,no_action,no_action,2
1639.541620887001,before_first_failure,366,8,8,4,0,no_action,no_action,5
1641.5777248250088,before_first_failure,364,7,8,4,0,no_action,no_action,3
1643.6112523210468,before_first_failure,364,5,8,4,0,no_action,no_action,4
1645.816439036047,before_first_failure,367,7,8,4,0,no_action,no_action,3
1647.822075034026,before_first_failure,368,7,8,4,0,no_action,no_action,5
1649.9096571370028,before_first_failure,365,7,8,4,0,no_action,no_action,4
1651.9618371580145,before_first_failure,367,7,8,4,0,no_action,no_action,5
1654.0083088120446,before_first_failure,370,8,8,4,0,no_action,no_action,7
1656.091711693036,before_first_failure,374,8,8,4,0,no_action,no_action,4
1658.164764813031,before_first_failure,375,8,8,4,0,no_action,no_action,7
1660.2766016520327,before_first_failure,374,7,8,4,0,no_action,no_action,5
1662.2833610190428,before_first_failure,377,7,8,4,0,no_action,no_action,5
1664.4073671060032,before_first_failure,373,8,8,4,0,no_action,no_action,6
1666.4312872720184,before_first_failure,377,7,8,4,0,no_action,no_action,5
1668.4666850350332,before_first_failure,377,8,8,4,0,no_action,no_action,7
1670.5241914640064,before_first_failure,374,8,8,4,0,no_action,no_action,6
1672.548300002003,before_first_failure,375,8,8,4,0,no_action,no_action,7
1674.5520221710321,before_first_failure,377,8,8,4,0,no_action,no_action,8
1676.9039389380487,before_first_failure,380,6,8,4,0,no_action,no_action,5
1678.9293245930457,before_first_failure,381,7,8,4,0,no_action,no_action,6
1681.030979083036,before_first_failure,381,7,8,4,0,no_action,no_action,4
1683.20737122203,before_first_failure,380,8,8,4,0,no_action,no_action,4
1693.2108084480278,before_first_failure,396,8,8,4,0,no_action,no_action,0
1695.3134901890298,before_first_failure,403,8,8,4,0,no_action,no_action,2
1697.7316211280413,before_first_failure,413,8,8,4,0,no_action,no_action,3
1699.80002680904,before_first_failure,412,8,8,4,0,no_action,no_action,4
1701.8186323030386,before_first_failure,412,7,8,4,0,no_action,no_action,3
1703.8434023960144,before_first_failure,411,7,8,4,0,no_action,no_action,5
1705.9261413450004,before_first_failure,411,7,8,4,0,no_action,no_action,2
1708.0132871030364,before_first_failure,411,7,8,4,0,no_action,no_action,4
1710.1715489290073,before_first_failure,419,7,8,4,0,no_action,no_action,3
1712.2676481920062,before_first_failure,423,7,8,4,0,no_action,no_action,4
1714.377269559016,before_first_failure,428,6,8,4,0,no_action,no_action,5
1716.4287209390313,before_first_failure,425,8,8,4,0,no_action,no_action,4
1718.4686082840199,before_first_failure,426,7,8,4,0,no_action,no_action,6
1720.5985004240065,before_first_failure,426,8,8,4,0,no_action,no_action,6
1722.6133378100349,before_first_failure,431,8,8,4,0,no_action,no_action,7
1724.6433852440096,before_first_failure,434,7,8,4,0,no_action,no_action,5
1726.9286108410452,before_first_failure,433,8,8,4,0,no_action,no_action,7
1729.081270789029,before_first_failure,433,7,8,4,0,no_action,no_action,6
1731.091571588011,before_first_failure,434,8,8,4,0,no_action,no_action,6
1733.1520860330202,before_first_failure,439,8,8,4,0,no_action,no_action,6
1735.287032467022,before_first_failure,448,7,8,4,0,no_action,no_action,5
1737.3549836410093,before_first_failure,453,8,8,4,0,no_action,no_action,5
1739.3664596530143,before_first_failure,453,8,8,4,0,no_action,no_action,8
1741.3677768430207,before_first_failure,456,7,8,4,0,no_action,no_action,5
1752.8085155050503,before_first_failure,464,8,8,4,0,no_action,no_action,1
1755.1974129709997,before_first_failure,461,8,8,4,0,no_action,no_action,4
1757.2081051029963,before_first_failure,462,7,8,4,0,no_action,no_action,7
1759.3460498870118,before_first_failure,461,8,8,4,0,no_action,no_action,6
1761.4036221069982,before_first_failure,461,7,8,4,0,no_action,no_action,7
1763.5041561270482,before_first_failure,461,7,8,4,0,no_action,no_action,5
1765.5306068410282,before_first_failure,462,7,8,4,0,no_action,no_action,5
1767.555782665033,before_first_failure,463,7,8,4,0,no_action,no_action,3
1769.5559056150378,before_first_failure,459,7,8,4,0,no_action,no_action,2
1771.567925632,before_first_failure,457,6,8,4,0,no_action,no_action,4
1773.6843110470218,before_first_failure,460,5,8,4,0,no_action,no_action,2
1775.7817107040319,before_first_failure,460,7,8,4,0,no_action,no_action,3
1778.259266919049,before_first_failure,464,6,8,4,0,no_action,no_action,4
1780.2944213720039,before_first_failure,463,7,8,4,0,no_action,no_action,3
1782.351085121045,before_first_failure,461,7,8,4,0,no_action,no_action,3
1784.4253068950493,before_first_failure,465,8,8,4,0,no_action,no_action,3
1786.5272463880247,before_first_failure,466,7,8,4,0,no_action,no_action,2
1789.1974235950038,before_first_failure,466,7,8,4,0,no_action,no_action,4
1791.2424835280399,before_first_failure,466,8,8,4,0,no_action,no_action,3
1793.2710428099963,before_first_failure,463,7,8,4,0,no_action,no_action,3
1804.1189627370331,before_first_failure,480,7,8,4,0,no_action,no_action,0
1806.2111609330168,before_first_failure,475,7,8,4,0,no_action,no_action,2
1808.3756556410226,before_first_failure,475,7,8,4,0,no_action,no_action,3
1810.3831149740145,before_first_failure,476,7,8,4,0,no_action,no_action,4
1812.4042049309937,before_first_failure,475,6,8,4,0,no_action,no_action,4
1814.4251737870509,before_first_failure,474,8,8,4,0,no_action,no_action,3
1816.5069892780157,before_first_failure,473,8,8,4,0,no_action,no_action,4
1818.5376756000333,before_first_failure,472,7,8,4,0,no_action,no_action,5
1820.6093704480445,before_first_failure,474,4,8,4,0,no_action,no_action,2
1822.8149789720192,before_first_failure,475,6,8,4,0,no_action,no_action,3
1824.8411730850348,before_first_failure,471,8,8,4,0,no_action,no_action,6
1827.0940755490446,before_first_failure,475,8,8,4,0,no_action,no_action,6
1829.0967882969999,before_first_failure,474,7,8,4,0,no_action,no_action,6
1831.1553110370296,before_first_failure,473,7,8,4,0,no_action,no_action,7
1833.2433047470404,before_first_failure,474,7,8,4,0,no_action,no_action,5
1835.3251582999947,before_first_failure,474,5,8,4,0,no_action,no_action,4
1837.3416638729977,before_first_failure,475,3,8,4,0,no_action,no_action,2
1839.4362500570132,before_first_failure,471,8,8,4,0,no_action,no_action,2
1841.458862480009,before_first_failure,471,7,8,4,0,no_action,no_action,3
1843.5165301969973,before_first_failure,471,6,8,4,0,no_action,no_action,2
1855.449848262011,before_first_failure,476,8,8,4,0,no_action,no_action,0
1857.5606364410487,before_first_failure,474,8,8,4,0,no_action,no_action,4
1859.6188508479972,before_first_failure,475,8,8,4,0,no_action,no_action,8
1861.6846625410253,before_first_failure,479,7,8,4,0,no_action,no_action,5
1863.8452471690252,before_first_failure,478,8,8,4,0,no_action,no_action,6
1865.8891139060142,before_first_failure,480,8,8,4,0,no_action,no_action,7
1867.9702030619956,before_first_failure,482,7,8,4,0,no_action,no_action,6
1870.0374772860087,before_first_failure,480,6,8,4,0,no_action,no_action,4
1872.1126697040163,before_first_failure,480,7,8,4,0,no_action,no_action,4
1874.1788409810397,before_first_failure,481,7,8,4,0,no_action,no_action,6
1876.2737113680341,before_first_failure,481,8,8,4,0,no_action,no_action,5
1878.2902761130244,before_first_failure,482,8,8,4,0,no_action,no_action,8
1880.533064017014,before_first_failure,482,8,8,4,0,no_action,no_action,7
1882.5407996060094,before_first_failure,483,7,8,4,0,no_action,no_action,4
1884.619867799047,before_first_failure,484,6,8,4,0,no_action,no_action,3
1886.6634047270054,before_first_failure,484,6,8,4,0,no_action,no_action,4
1888.7551628770307,before_first_failure,486,8,8,4,0,no_action,no_action,5
1890.8555955270422,before_first_failure,489,8,8,4,0,no_action,no_action,7
1892.919250809995,before_first_failure,489,8,8,4,0,no_action,no_action,5
1895.0101933490369,before_first_failure,491,8,8,4,0,no_action,no_action,8
1897.0127371880226,before_first_failure,492,8,8,4,0,no_action,no_action,6
1899.090410261997,before_first_failure,494,8,8,4,0,no_action,no_action,7
1901.3046551970183,before_first_failure,493,8,8,4,0,no_action,no_action,6
1903.3077723900205,before_first_failure,501,8,8,4,0,no_action,no_action,7
1905.3125547560048,before_first_failure,505,7,8,4,0,no_action,no_action,6
1907.392417013005,before_first_failure,508,5,8,4,0,no_action,no_action,4
1909.5638860840118,before_first_failure,507,8,8,4,0,no_action,no_action,5
1911.5800380650326,before_first_failure,510,7,8,4,0,no_action,no_action,6
1922.8148761780467,before_first_failure,517,6,8,4,0,no_action,no_action,0
1924.9287024590303,before_first_failure,510,8,8,4,0,no_action,no_action,4
1926.9569375650026,before_first_failure,510,7,8,4,0,no_action,no_action,6
1929.0789707960212,before_first_failure,509,8,8,4,0,no_action,no_action,7
1931.213820554025,before_first_failure,512,8,8,4,0,no_action,no_action,6
1933.2811008480494,before_first_failure,514,8,8,4,0,no_action,no_action,8
1935.5684088710113,before_first_failure,514,7,8,4,0,no_action,no_action,3
1937.7423790040193,before_first_failure,510,8,8,4,0,no_action,no_action,3
1940.1948031610227,before_first_failure,513,8,8,4,0,no_action,no_action,2
1942.3161703450023,before_first_failure,513,7,8,4,0,no_action,no_action,3
1944.3637045290088,before_first_failure,519,7,8,4,0,no_action,no_action,3
1947.2239019820117,before_first_failure,517,6,8,4,0,no_action,no_action,2
1949.9398619400454,before_first_failure,521,6,8,4,0,no_action,no_action,3
1952.4600585980224,before_first_failure,523,8,8,4,0,no_action,no_action,3
1954.8371629970497,before_first_failure,525,6,8,4,0,no_action,no_action,2
1957.0278871830087,before_first_failure,523,8,8,4,0,no_action,no_action,6
1959.0871031360002,before_first_failure,524,8,8,4,0,no_action,no_action,6
1961.1463303560158,before_first_failure,528,5,8,4,0,no_action,no_action,2
1963.1890782359987,before_first_failure,526,8,8,4,0,no_action,no_action,3
1965.8077227339963,before_first_failure,530,8,8,4,0,no_action,no_action,1
1967.9117367950385,before_first_failure,531,7,8,4,0,no_action,no_action,4
1980.3413562320056,before_first_failure,540,8,8,4,0,no_action,no_action,0
1982.5924413989997,before_first_failure,536,8,8,4,0,no_action,no_action,1
1985.0392694580369,before_first_failure,539,8,8,4,0,no_action,no_action,6
1987.087887041038,before_first_failure,541,7,8,4,0,no_action,no_action,4
1990.0594325980055,before_first_failure,540,7,8,4,0,no_action,no_action,5
1992.7579801719985,before_first_failure,542,6,8,4,0,no_action,no_action,4
1994.8259952160297,before_first_failure,541,7,8,4,0,no_action,no_action,4
1996.8357745140092,before_first_failure,539,7,8,4,0,no_action,no_action,5
1998.8805068220245,before_first_failure,538,7,8,4,0,no_action,no_action,4
2000.9356476370012,before_first_failure,538,7,8,4,0,no_action,no_action,6
2002.964392413036,before_first_failure,541,8,8,4,0,no_action,no_action,5
2005.3123196600354,before_first_failure,542,8,8,4,0,no_action,no_action,6
2007.6878544240026,before_first_failure,541,5,8,4,0,no_action,no_action,4
2009.8299797360087,before_first_failure,543,8,8,4,0,no_action,no_action,2
2012.3979924310115,before_first_failure,547,6,8,4,0,no_action,no_action,4
2014.464841216046,before_first_failure,550,7,8,4,0,no_action,no_action,2
2016.5546956839971,before_first_failure,553,7,8,4,0,no_action,no_action,6
2018.6461867340258,before_first_failure,554,6,8,4,0,no_action,no_action,2
2020.747128186049,before_first_failure,560,8,8,4,0,no_action,no_action,5
2023.0529813400353,before_first_failure,567,6,8,4,0,no_action,no_action,2
2025.631685482047,before_first_failure,565,7,8,4,0,no_action,no_action,2
2038.6115963520133,before_first_failure,584,6,8,4,0,no_action,no_action,1
2041.27323626203,before_first_failure,581,6,8,4,0,no_action,no_action,0
2043.7416516930098,before_first_failure,584,7,8,4,0,no_action,no_action,5
2045.7621302420157,before_first_failure,582,7,8,4,0,no_action,no_action,5
2047.8074705020408,before_first_failure,585,7,8,4,0,no_action,no_action,4
2049.8611453770427,before_first_failure,582,7,8,4,0,no_action,no_action,3
2051.9226743230247,before_first_failure,584,7,8,4,0,no_action,no_action,5
2054.0013375480194,before_first_failure,581,7,8,4,0,no_action,no_action,4
2056.1457810160355,before_first_failure,580,7,8,4,0,no_action,no_action,3
2058.1892285610083,before_first_failure,584,6,8,4,0,no_action,no_action,2
2060.3372854400077,before_first_failure,586,8,8,4,0,no_action,no_action,5
2062.522020907025,before_first_failure,587,7,8,4,0,no_action,no_action,4
2064.5886544639943,before_first_failure,600,6,8,4,0,no_action,no_action,4
2066.626658213034,before_first_failure,598,6,8,4,0,no_action,no_action,4
2068.6839888280374,before_first_failure,598,7,8,4,0,no_action,no_action,5
2070.7122618629946,before_first_failure,601,8,8,4,0,no_action,no_action,6
2072.7816959810443,before_first_failure,607,6,8,4,0,no_action,no_action,4
2075.0098823659937,before_first_failure,606,7,8,4,0,no_action,no_action,3
2077.0871299740393,before_first_failure,605,7,8,4,0,no_action,no_action,4
2079.1887085339986,before_first_failure,603,8,8,4,0,no_action,no_action,3
2081.2613356060465,before_first_failure,604,7,8,4,0,no_action,no_action,5
2083.506700730999,before_first_failure,606,8,8,4,0,no_action,no_action,6
2085.5190045930212,before_first_failure,604,8,8,4,0,no_action,no_action,4
2098.655806815019,before_first_failure,621,7,8,4,0,no_action,no_action,0
2100.7588834339986,before_first_failure,621,8,8,4,0,no_action,no_action,1
2102.877598590043,before_first_failure,627,7,8,4,0,no_action,no_action,0
2105.3500672579976,before_first_failure,627,8,8,4,0,no_action,no_action,2
2107.4138182510505,before_first_failure,630,7,8,4,0,no_action,no_action,3
2109.5182053530007,before_first_failure,636,7,8,4,0,no_action,no_action,2
2111.5682084170403,before_first_failure,637,7,8,4,0,no_action,no_action,5
2113.6360647350084,before_first_failure,640,8,8,4,0,no_action,no_action,2
2115.7736191400327,before_first_failure,639,8,8,4,0,no_action,no_action,6
2118.2512936150306,before_first_failure,640,3,8,4,0,no_action,no_action,2
2120.288083873049,before_first_failure,636,8,8,4,0,no_action,no_action,2
2122.3843790300307,before_first_failure,643,7,8,4,0,no_action,no_action,3
2124.997823412996,before_first_failure,644,8,8,4,0,no_action,no_action,5
2127.055136211042,before_first_failure,647,7,8,4,0,no_action,no_action,5
2129.056764229026,before_first_failure,643,7,8,4,0,no_action,no_action,4
2131.1623150390224,before_first_failure,642,8,8,4,0,no_action,no_action,4
2133.292254282045,before_first_failure,645,8,8,4,0,no_action,no_action,5
2135.354461844021,before_first_failure,647,7,8,4,0,no_action,no_action,6
2137.4068124270416,before_first_failure,650,6,8,4,0,no_action,no_action,4
2139.79022751702,before_first_failure,651,6,8,4,0,no_action,no_action,3
2141.8922700090334,before_first_failure,645,8,8,4,0,no_action,no_action,2
2143.9300534549984,before_first_failure,649,7,8,4,0,no_action,no_action,3
2145.973734522995,before_first_failure,648,7,8,4,0,no_action,no_action,5
2147.986028962012,before_first_failure,653,7,8,4,0,no_action,no_action,4
2150.056913878012,before_first_failure,656,7,8,4,0,no_action,no_action,6
2164.2065561640193,before_first_failure,678,7,8,4,0,no_action,no_action,0
2166.208173996012,before_first_failure,675,6,8,4,0,no_action,no_action,0
2168.600306455046,before_first_failure,679,6,8,4,0,no_action,no_action,0
2170.704763140995,before_first_failure,676,7,8,4,0,no_action,no_action,4
2172.7940380590153,before_first_failure,676,8,8,4,0,no_action,no_action,1
2174.898888377007,before_first_failure,677,2,8,4,0,no_action,no_action,0
2177.0844134110375,before_first_failure,673,8,8,4,0,no_action,no_action,2
2179.098302043043,before_first_failure,675,7,8,4,0,no_action,no_action,2
2181.6069973330013,before_first_failure,674,7,8,4,0,no_action,no_action,1
2183.618999444996,before_first_failure,670,7,8,4,0,no_action,no_action,2
2185.7037552050315,before_first_failure,669,7,8,4,0,no_action,no_action,4
2187.7187604870414,before_first_failure,672,7,8,4,0,no_action,no_action,5
2189.781273915025,before_first_failure,672,7,8,4,0,no_action,no_action,6
2191.8460724860197,before_first_failure,669,7,8,4,0,no_action,no_action,4
2193.8651871990296,before_first_failure,669,7,8,4,0,no_action,no_action,3
2195.9733759460505,before_first_failure,668,6,8,4,0,no_action,no_action,2
2198.0113112350227,before_first_failure,670,6,8,4,0,no_action,no_action,1
2200.073481394036,before_first_failure,669,7,8,4,0,no_action,no_action,5
2202.126071118051,before_first_failure,671,5,8,4,0,no_action,no_action,2
2204.179428285046,before_first_failure,668,7,8,4,0,no_action,no_action,4
2206.2142877380247,before_first_failure,665,8,8,4,0,no_action,no_action,4
2208.3067960490007,before_first_failure,667,8,8,4,0,no_action,no_action,1
2223.5325147300027,before_first_failure,687,8,8,4,0,no_action,no_action,0
2225.541644106037,before_first_failure,685,8,8,4,0,no_action,no_action,4
2227.993618561013,before_first_failure,688,8,8,4,0,no_action,no_action,1
2230.6746399740223,before_first_failure,689,7,8,4,0,no_action,no_action,3
2232.706377537048,before_first_failure,687,8,8,4,0,no_action,no_action,5
2234.7766411949997,before_first_failure,688,7,8,4,0,no_action,no_action,4
2236.9030155080254,before_first_failure,687,7,8,4,0,no_action,no_action,4
2239.1660753560136,before_first_failure,689,5,8,4,0,no_action,no_action,4
2241.249460610037,before_first_failure,689,8,8,4,0,no_action,no_action,5
2243.252689732006,before_first_failure,692,4,8,4,0,no_action,no_action,3
2245.31379510602,before_first_failure,691,8,8,4,0,no_action,no_action,4
2247.565802121011,before_first_failure,694,8,8,4,0,no_action,no_action,6
2249.6268241340294,before_first_failure,695,5,8,4,0,no_action,no_action,4
2251.6337614420336,before_first_failure,693,5,8,4,0,no_action,no_action,2
2253.661989585031,before_first_failure,693,8,8,4,0,no_action,no_action,5
2255.7522475910373,before_first_failure,698,7,8,4,0,no_action,no_action,2
2257.76285805105,before_first_failure,695,7,8,4,0,no_action,no_action,3
2260.3301963210106,before_first_failure,699,7,8,4,0,no_action,no_action,2
2262.335835406033,before_first_failure,701,5,8,4,0,no_action,no_action,4
2265.0609214400174,before_first_failure,698,5,8,4,0,no_action,no_action,2
2267.2422454930493,before_first_failure,696,6,8,4,0,no_action,no_action,2
2269.258058753039,before_first_failure,696,6,8,4,0,no_action,no_action,3
2271.312780166045,before_first_failure,694,8,8,4,0,no_action,no_action,5
2273.337567434006,before_first_failure,694,7,8,4,0,no_action,no_action,4
2275.4280987090315,before_first_failure,696,7,8,4,0,no_action,no_action,2
2290.2652298230096,before_first_failure,708,5,8,4,0,no_action,no_action,1
2292.315292428015,before_first_failure,706,4,8,4,0,no_action,no_action,3
2294.393297579023,before_first_failure,705,8,8,4,0,no_action,no_action,3
2296.7650450060028,before_first_failure,705,7,8,4,0,no_action,no_action,3
2298.8094634280424,before_first_failure,706,7,8,4,0,no_action,no_action,5
2300.8495040170383,before_first_failure,706,5,8,4,0,no_action,no_action,4
2303.0427091770107,before_first_failure,703,8,8,4,0,no_action,no_action,4
2305.0483288860414,before_first_failure,703,7,8,4,0,no_action,no_action,4
2307.190645861032,before_first_failure,705,8,8,4,0,no_action,no_action,6
2309.233670532005,before_first_failure,706,6,8,4,0,no_action,no_action,4
2311.308659464994,before_first_failure,708,8,8,4,0,no_action,no_action,5
2313.3593127159984,before_first_failure,708,8,8,4,0,no_action,no_action,5
2315.4137896990287,before_first_failure,709,6,8,4,0,no_action,no_action,3
2317.42649334803,before_first_failure,710,7,8,4,0,no_action,no_action,2
2319.4563982720138,before_first_failure,711,8,8,4,0,no_action,no_action,5
2321.772368017002,before_first_failure,713,8,8,4,0,no_action,no_action,3
2323.814861508028,before_first_failure,711,8,8,4,0,no_action,no_action,4
2325.8172966580023,before_first_failure,710,8,8,4,0,no_action,no_action,6
2327.8455404530396,before_first_failure,711,6,8,4,0,no_action,no_action,6
2329.8806078410125,before_first_failure,706,8,8,4,0,no_action,no_action,4
2331.8881419569952,before_first_failure,705,6,8,4,0,no_action,no_action,5
2333.9274530340335,before_first_failure,703,6,8,4,0,no_action,no_action,2
2336.0296278240276,before_first_failure,706,7,8,4,0,no_action,no_action,3
2338.52084870002,before_first_failure,715,3,8,4,0,no_action,no_action,2
2340.536187358026,before_first_failure,712,8,8,4,0,no_action,no_action,5
2355.1187147879973,before_first_failure,739,8,8,4,0,no_action,no_action,0
2357.1694429260097,before_first_failure,746,8,8,4,0,no_action,no_action,4
2359.356420524011,before_first_failure,748,8,8,4,0,no_action,no_action,2
2361.3705050940043,before_first_failure,745,8,8,4,0,no_action,no_action,2
2363.7963577620103,before_first_failure,745,8,8,4,0,no_action,no_action,6
2365.8827200389933,before_first_failure,745,7,8,4,0,no_action,no_action,5
2367.96453327802,before_first_failure,745,7,8,4,0,no_action,no_action,6
2370.065537687042,before_first_failure,745,8,8,4,0,no_action,no_action,5
2372.0852752430364,before_first_failure,744,6,8,4,0,no_action,no_action,5
2374.114099677012,before_first_failure,742,7,8,4,0,no_action,no_action,5
2376.132379284012,before_first_failure,741,6,8,4,0,no_action,no_action,4
2378.2000220680493,before_first_failure,742,8,8,4,0,no_action,no_action,6
2380.2034687380074,before_first_failure,742,7,8,4,0,no_action,no_action,5
2382.2805952200433,before_first_failure,741,6,8,4,0,no_action,no_action,3
2384.3827574340394,before_first_failure,742,7,8,4,0,no_action,no_action,5
2386.4362335260375,before_first_failure,747,7,8,4,0,no_action,no_action,6
2388.874428144016,before_first_failure,749,8,8,4,0,no_action,no_action,3
2390.8937983980286,before_first_failure,754,8,8,4,0,no_action,no_action,4
2392.901808088005,before_first_failure,758,8,8,4,0,no_action,no_action,7
2394.9587963800295,before_first_failure,760,8,8,4,0,no_action,no_action,6
2397.019736214017,before_first_failure,759,6,8,4,0,no_action,no_action,4
2399.040527564008,before_first_failure,759,5,8,4,0,no_action,no_action,4
2401.2375214380445,before_first_failure,756,7,8,4,0,no_action,no_action,4
2403.4170209300355,before_first_failure,755,7,8,4,0,no_action,no_action,3
2405.476877656998,before_first_failure,760,7,8,4,0,no_action,no_action,4
2407.4933502330096,before_first_failure,763,7,8,4,0,no_action,no_action,7
2409.6050373230246,before_first_failure,761,7,8,4,0,no_action,no_action,5
2411.7163723350386,before_first_failure,759,8,8,4,0,no_action,no_action,4
2413.86104782403,before_first_failure,760,8,8,4,0,no_action,no_action,6
2415.948867408035,before_first_failure,762,7,8,4,0,no_action,no_action,4
2418.045746127027,before_first_failure,760,7,8,4,0,no_action,no_action,3
2432.378555486037,before_first_failure,760,7,8,4,0,no_action,no_action,0
2434.7372618220397,before_first_failure,780,8,8,4,0,no_action,no_action,4
2437.081871689006,before_first_failure,783,5,8,4,0,no_action,no_action,4
2439.1671643599984,before_first_failure,780,8,8,4,0,no_action,no_action,6
2441.169031816011,before_first_failure,780,7,8,4,0,no_action,no_action,6
2443.2302542040125,before_first_failure,784,7,8,4,0,no_action,no_action,5
2445.637683509034,before_first_failure,784,6,8,4,0,no_action,no_action,4
2447.744095890026,before_first_failure,785,7,8,4,0,no_action,no_action,6
2450.373657015036,before_first_failure,789,8,8,4,0,no_action,no_action,3
2452.5206793860416,before_first_failure,794,7,8,4,0,no_action,no_action,3
2455.106289543037,before_first_failure,793,7,8,4,0,no_action,no_action,2
2457.1731784089934,before_first_failure,792,7,8,4,0,no_action,no_action,5
2459.3759562449995,before_first_failure,795,7,8,4,0,no_action,no_action,4
2461.478943435999,before_first_failure,792,8,8,4,0,no_action,no_action,1
2463.5437770530116,before_first_failure,796,8,8,4,0,no_action,no_action,6
2465.6307909530005,before_first_failure,796,6,8,4,0,no_action,no_action,2
2467.6343389800168,before_first_failure,798,3,8,4,0,no_action,no_action,2
2469.69304937002,before_first_failure,797,8,8,4,0,no_action,no_action,7
2471.7186164050363,before_first_failure,798,6,8,4,0,no_action,no_action,4
2473.8891570980195,before_first_failure,793,7,8,4,0,no_action,no_action,2
2475.919977476995,before_first_failure,796,6,8,4,0,no_action,no_action,3
2478.0111622090335,before_first_failure,795,7,8,4,0,no_action,no_action,6
2480.1186582770315,before_first_failure,795,7,8,4,0,no_action,no_action,3
2482.4356211530394,before_first_failure,792,7,8,4,0,no_action,no_action,4
2484.520788688038,before_first_failure,794,5,8,4,0,no_action,no_action,3
2486.5405662989942,before_first_failure,794,7,8,4,0,no_action,no_action,6
2488.6854827960487,before_first_failure,794,5,8,4,0,no_action,no_action,3
2490.8735555090243,before_first_failure,792,5,8,4,0,no_action,no_action,3
2492.9071380120004,before_first_failure,789,7,8,4,0,no_action,no_action,5
2494.9137694570236,before_first_failure,790,7,8,4,0,no_action,no_action,6
2511.523353293014,before_first_failure,806,8,8,4,0,no_action,no_action,0
2513.59179601504,before_first_failure,801,8,8,4,0,no_action,no_action,0
2515.720730183006,before_first_failure,804,8,8,4,0,no_action,no_action,2
2517.7606389570283,before_first_failure,807,6,8,4,0,no_action,no_action,3
2520.060912283021,before_first_failure,803,7,8,4,0,no_action,no_action,3
2522.090819663019,before_first_failure,805,7,8,4,0,no_action,no_action,5
2524.380276067008,before_first_failure,804,7,8,4,0,no_action,no_action,4
2526.4199172930093,before_first_failure,804,7,8,4,0,no_action,no_action,5
2528.4980591240455,before_first_failure,803,7,8,4,0,no_action,no_action,5
2530.5717288290034,before_first_failure,803,8,8,4,0,no_action,no_action,7
2532.6664721780107,before_first_failure,804,7,8,4,0,no_action,no_action,6
2534.6761710180435,before_first_failure,802,7,8,4,0,no_action,no_action,6
2536.7323981170193,before_first_failure,802,8,8,4,0,no_action,no_action,6
2538.7631663110224,before_first_failure,801,8,8,4,0,no_action,no_action,5
2540.820997302013,before_first_failure,801,6,8,4,0,no_action,no_action,3
2542.8535577130388,before_first_failure,797,8,8,4,0,no_action,no_action,6
2544.9034514939995,before_first_failure,796,7,8,4,0,no_action,no_action,5
2546.9967800840386,before_first_failure,795,7,8,4,0,no_action,no_action,3
2549.0100509700133,before_first_failure,795,8,8,4,0,no_action,no_action,8
2551.015737120004,before_first_failure,793,8,8,4,0,no_action,no_action,5
2553.0923338400316,before_first_failure,796,6,8,4,0,no_action,no_action,5
2555.223859628022,before_first_failure,797,6,8,4,0,no_action,no_action,6
2557.7892270730226,before_first_failure,795,8,8,4,0,no_action,no_action,2
2559.849670685013,before_first_failure,792,7,8,4,0,no_action,no_action,1
2561.8795380160445,before_first_failure,794,7,8,4,0,no_action,no_action,3
2564.3844960410497,before_first_failure,794,8,8,4,0,no_action,no_action,2
2566.7874392319936,before_first_failure,792,7,8,4,0,no_action,no_action,2
2568.8168360900017,before_first_failure,795,8,8,4,0,no_action,no_action,3
2570.9010493050446,before_first_failure,793,7,8,4,0,no_action,no_action,2
2572.943368859007,before_first_failure,798,7,8,4,0,no_action,no_action,3
2589.8971329280175,before_first_failure,825,6,8,4,0,no_action,no_action,0
2592.29024548101,before_first_failure,833,3,8,4,0,no_action,no_action,1
2595.1516637970344,before_first_failure,828,8,8,4,0,no_action,no_action,1
2597.2137491090107,before_first_failure,834,6,8,4,0,no_action,no_action,1
2599.3749406230054,before_first_failure,833,7,8,4,0,no_action,no_action,1
2601.8078461000114,before_first_failure,837,6,8,4,0,no_action,no_action,2
2603.8629397629993,before_first_failure,837,6,8,4,0,no_action,no_action,1
2606.199124405044,before_first_failure,841,4,8,4,0,no_action,no_action,1
2608.278030645044,before_first_failure,842,7,8,4,0,no_action,no_action,3
2610.3690121539985,before_first_failure,839,8,8,4,0,no_action,no_action,3
2613.127212112013,before_first_failure,841,7,8,4,0,no_action,no_action,2
2615.5717987920507,before_first_failure,843,8,8,4,0,no_action,no_action,6
2617.5925008310005,before_first_failure,840,8,8,4,0,no_action,no_action,5
2619.6913587430026,before_first_failure,841,5,8,4,0,no_action,no_action,5
2621.7179637730005,before_first_failure,841,8,8,4,0,no_action,no_action,4
2623.750775952998,before_first_failure,839,8,8,4,0,no_action,no_action,6
2625.832588341029,before_first_failure,839,5,8,4,0,no_action,no_action,5
2627.8677089569974,before_first_failure,838,6,8,4,0,no_action,no_action,2
2629.9027740880265,before_first_failure,837,7,8,4,0,no_action,no_action,4
2632.205762698024,before_first_failure,837,8,8,4,0,no_action,no_action,4
2634.2277742330334,before_first_failure,838,7,8,4,0,no_action,no_action,6
2636.273788049002,before_first_failure,837,8,8,4,0,no_action,no_action,4
2638.3208036690485,before_first_failure,836,6,8,4,0,no_action,no_action,4
2640.327025372011,before_first_failure,834,6,8,4,0,no_action,no_action,5
2642.446595189045,before_first_failure,832,4,8,4,0,no_action,no_action,2
2644.5998777470086,before_first_failure,828,8,8,4,0,no_action,no_action,4
2646.671493433998,before_first_failure,830,7,8,4,0,no_action,no_action,7
2664.391011808999,before_first_failure,842,7,8,4,0,no_action,no_action,0
2666.518342638039,before_first_failure,835,8,8,4,0,no_action,no_action,2
2668.748801610025,before_first_failure,839,8,8,4,0,no_action,no_action,3
2671.3744078860036,before_first_failure,838,6,8,4,0,no_action,no_action,2
2673.4526867090026,before_first_failure,838,7,8,4,0,no_action,no_action,3
2675.4915300880093,before_first_failure,836,8,8,4,0,no_action,no_action,3
2677.67656083405,before_first_failure,836,7,8,4,0,no_action,no_action,4
2679.718688173045,before_first_failure,842,8,8,4,0,no_action,no_action,5
2682.1444335230044,before_first_failure,844,6,8,4,0,no_action,no_action,1
2684.338466117042,before_first_failure,841,7,8,4,0,no_action,no_action,1
2686.3751411380363,before_first_failure,846,8,8,4,0,no_action,no_action,7
2688.775800491043,before_first_failure,854,4,8,4,0,no_action,no_action,3
2690.828464121034,before_first_failure,859,7,8,4,0,no_action,no_action,1
2692.90297496703,before_first_failure,860,7,8,4,0,no_action,no_action,4
2695.4777504520025,before_first_failure,872,7,8,4,0,no_action,no_action,3
2697.662713562022,before_first_failure,870,5,8,4,0,no_action,no_action,2
2699.7612090230105,before_first_failure,870,7,8,4,0,no_action,no_action,1
2701.8526754190098,before_first_failure,868,8,8,4,0,no_action,no_action,4
2703.925075138046,before_first_failure,867,7,8,4,0,no_action,no_action,1
2706.0227070810506,before_first_failure,867,6,8,4,0,no_action,no_action,1
2708.122944402043,before_first_failure,865,8,8,4,0,no_action,no_action,5
2710.191255395999,before_first_failure,863,7,8,4,0,no_action,no_action,2
2712.2395449790056,before_first_failure,863,8,8,4,0,no_action,no_action,3
2714.342606702994,before_first_failure,861,8,8,4,0,no_action,no_action,4
2716.3928540020133,before_first_failure,864,5,8,4,0,no_action,no_action,3
2718.4763266110094,before_first_failure,860,8,8,4,0,no_action,no_action,6
2720.5704278449994,before_first_failure,862,6,8,4,0,no_action,no_action,6
2722.62368825305,before_first_failure,861,5,8,4,0,no_action,no_action,3
2724.679287780018,before_first_failure,857,8,8,4,0,no_action,no_action,5
2726.767579356034,before_first_failure,857,7,8,4,0,no_action,no_action,7
2744.902885478048,before_first_failure,869,8,8,4,0,no_action,no_action,0
2747.2774187120376,before_first_failure,862,8,8,4,0,no_action,no_action,3
2749.4699929800117,before_first_failure,862,8,8,4,0,no_action,no_action,2
2751.883531660016,before_first_failure,865,6,8,4,0,no_action,no_action,4
2754.0262476130156,before_first_failure,867,8,8,4,0,no_action,no_action,6
2756.6980722030276,before_first_failure,869,6,8,4,0,no_action,no_action,0
2759.037241256039,before_first_failure,866,6,8,4,0,no_action,no_action,1
2761.1301424319972,before_first_failure,868,8,8,4,0,no_action,no_action,4
2763.401641795994,before_first_failure,868,6,8,4,0,no_action,no_action,2
2765.6309509540442,before_first_failure,868,2,8,4,0,no_action,no_action,1
2767.8463755419943,before_first_failure,864,6,8,4,0,no_action,no_action,4
2770.1333096229937,before_first_failure,864,8,8,4,0,no_action,no_action,3
2772.2065158500336,before_first_failure,860,7,8,4,0,no_action,no_action,2
2774.518229235022,before_first_failure,861,7,8,4,0,no_action,no_action,3
2776.5504394580494,before_first_failure,859,6,8,4,0,no_action,no_action,1
2778.572162340046,before_first_failure,856,8,8,4,0,no_action,no_action,3
2780.657983523037,before_first_failure,857,2,8,4,0,no_action,no_action,0
2782.8093250060338,before_first_failure,854,7,8,4,0,no_action,no_action,1
2784.9082326790085,before_first_failure,856,5,8,4,0,no_action,no_action,2
2786.926555460028,before_first_failure,858,4,8,4,0,no_action,no_action,3
2789.0035549870227,before_first_failure,858,7,8,4,0,no_action,no_action,5
2791.1405745700467,before_first_failure,860,5,8,4,0,no_action,no_action,4
2793.2219397780136,before_first_failure,861,5,8,4,0,no_action,no_action,2
2795.265592279029,before_first_failure,862,6,8,4,0,no_action,no_action,1
2797.3489193270216,before_first_failure,863,8,8,4,0,no_action,no_action,7
2799.4429114040104,before_first_failure,866,6,8,4,0,no_action,no_action,5
2801.7260985050234,before_first_failure,864,4,8,4,0,no_action,no_action,1
2803.748032787,before_first_failure,868,3,8,4,0,no_action,no_action,2
2805.8719996820437,before_first_failure,866,8,8,4,0,no_action,no_action,3
2824.169825784047,before_first_failure,884,8,8,4,0,no_action,no_action,0
2826.440707586007,before_first_failure,881,8,8,4,0,no_action,no_action,3
2828.5180465810117,before_first_failure,883,8,8,4,0,no_action,no_action,7
2830.8084297869937,before_first_failure,884,7,8,4,0,no_action,no_action,2
2832.821768172027,before_first_failure,877,6,8,4,0,no_action,no_action,3
2834.8923562060227,before_first_failure,877,7,8,4,0,no_action,no_action,1
2837.0065923820366,before_first_failure,877,7,8,4,0,no_action,no_action,3
2839.0775793649955,before_first_failure,876,8,8,4,0,no_action,no_action,6
2841.9411876940285,before_first_failure,880,8,8,4,0,no_action,no_action,2
2844.0889320800197,before_first_failure,876,7,8,4,0,no_action,no_action,3
2846.0902441170183,before_first_failure,877,7,8,4,0,no_action,no_action,2
2848.311978598009,before_first_failure,874,6,8,4,0,no_action,no_action,3
2850.342813677038,before_first_failure,874,7,8,4,0,no_action,no_action,4
2852.3976969820214,before_first_failure,875,6,8,4,0,no_action,no_action,3
2854.461800688994,before_first_failure,874,7,8,4,0,no_action,no_action,3
2856.4883419830003,before_first_failure,873,8,8,4,0,no_action,no_action,4
2858.5132919310126,before_first_failure,873,6,8,4,0,no_action,no_action,1
2860.6308746809955,before_first_failure,869,8,8,4,0,no_action,no_action,3
2862.6339230030426,before_first_failure,872,8,8,4,0,no_action,no_action,2
2865.0306599439937,before_first_failure,868,8,8,4,0,no_action,no_action,5
2867.3274801470106,before_first_failure,870,8,8,4,0,no_action,no_action,4
2869.4137216560193,before_first_failure,870,8,8,4,0,no_action,no_action,3
2871.445305537025,before_first_failure,870,7,8,4,0,no_action,no_action,4
2873.7447178339935,before_first_failure,870,7,8,4,0,no_action,no_action,2
2875.763761662005,before_first_failure,866,6,8,4,0,no_action,no_action,2
2877.925034836051,before_first_failure,867,6,8,4,0,no_action,no_action,3
2880.0243074600003,before_first_failure,866,6,8,4,0,no_action,no_action,4
2882.1170749490266,before_first_failure,866,4,8,4,0,no_action,no_action,2
2884.129066056048,before_first_failure,865,7,8,4,0,no_action,no_action,2
2886.1665741950274,before_first_failure,866,6,8,4,0,no_action,no_action,3
2905.2703142050304,before_first_failure,880,8,8,4,0,no_action,no_action,0
2907.2999290280277,before_first_failure,875,8,8,4,0,no_action,no_action,1
2909.997787280008,before_first_failure,876,7,8,4,0,no_action,no_action,1
2912.219195258047,before_first_failure,878,6,8,4,0,no_action,no_action,2
2914.219878378033,before_first_failure,876,8,8,4,0,no_action,no_action,5
2916.3068456460023,before_first_failure,876,8,8,4,0,no_action,no_action,7
2918.4743209410226,before_first_failure,875,8,8,4,0,no_action,no_action,6
2920.5735675820033,before_first_failure,874,8,8,4,0,no_action,no_action,5
2922.7099246350117,before_first_failure,874,6,8,4,0,no_action,no_action,3
2924.714090641006,before_first_failure,871,8,8,4,0,no_action,no_action,6
2926.774290285015,before_first_failure,869,8,8,4,0,no_action,no_action,5
2928.873807060998,before_first_failure,869,7,8,4,0,no_action,no_action,6
2930.8835919740377,before_first_failure,866,7,8,4,0,no_action,no_action,4
2933.0289608360035,before_first_failure,864,7,8,4,0,no_action,no_action,2
2935.1776116249966,before_first_failure,864,7,8,4,0,no_action,no_action,2
2937.2732026750455,before_first_failure,862,8,8,4,0,no_action,no_action,5
2939.4605706550064,before_first_failure,861,7,8,4,0,no_action,no_action,3
2941.747488469002,before_first_failure,864,4,8,4,0,no_action,no_action,0
2943.877520447015,before_first_failure,859,7,8,4,0,no_action,no_action,3
2946.092813432042,before_first_failure,860,6,8,4,0,no_action,no_action,6
2948.176004370034,before_first_failure,859,6,8,4,0,no_action,no_action,3
2950.341454609006,before_first_failure,856,7,8,4,0,no_action,no_action,4
2952.4598617349984,before_first_failure,857,8,8,4,0,no_action,no_action,7
2954.5197662070277,before_first_failure,854,8,8,4,0,no_action,no_action,5
2956.615618620999,before_first_failure,854,8,8,4,0,no_action,no_action,4
2958.6851204800187,before_first_failure,856,7,8,4,0,no_action,no_action,4
2960.986035650014,before_first_failure,857,6,8,4,0,no_action,no_action,2
2963.061204814003,before_first_failure,853,8,8,4,0,no_action,no_action,3
2965.1279668660136,before_first_failure,858,7,8,4,0,no_action,no_action,4
2967.224168183049,before_first_failure,863,8,8,4,0,no_action,no_action,7
2969.280442098039,before_first_failure,860,7,8,4,0,no_action,no_action,4
2971.4333787020296,before_first_failure,859,7,8,4,0,no_action,no_action,5
2973.473913914,before_first_failure,863,8,8,4,0,no_action,no_action,7
2975.594037480012,before_first_failure,867,8,8,4,0,no_action,no_action,5
2977.607472114032,before_first_failure,866,7,8,4,0,no_action,no_action,4
2979.6295645920327,before_first_failure,864,7,8,4,0,no_action,no_action,3
2981.639074250008,before_first_failure,866,8,8,4,0,no_action,no_action,8
2983.835138867027,before_first_failure,865,8,8,4,0,no_action,no_action,6
3002.8886605190346,before_first_failure,877,7,8,4,0,no_action,no_action,0
3004.90554497001,before_first_failure,875,8,8,4,0,no_action,no_action,2
3007.0887538830284,before_first_failure,879,7,8,4,0,no_action,no_action,4
3009.2228608430014,before_first_failure,881,8,8,4,0,no_action,no_action,5
3012.2682969140005,before_first_failure,882,5,8,4,0,no_action,no_action,2
3014.4778168190387,before_first_failure,886,8,8,4,0,no_action,no_action,6
3016.5215206170105,before_first_failure,885,7,8,4,0,no_action,no_action,5
3018.53823477705,before_first_failure,884,6,8,4,0,no_action,no_action,3
3020.6907723540207,before_first_failure,881,8,8,4,0,no_action,no_action,4
3022.810450482997,before_first_failure,881,6,8,4,0,no_action,no_action,5
3024.847012539045,before_first_failure,881,8,8,4,0,no_action,no_action,7
3026.8969903929974,before_first_failure,882,8,8,4,0,no_action,no_action,5
3028.9261483130394,before_first_failure,879,8,8,4,0,no_action,no_action,3
3031.047625543026,before_first_failure,879,7,8,4,0,no_action,no_action,3
3033.567849312036,before_first_failure,886,7,8,4,0,no_action,no_action,5
3035.646756479051,before_first_failure,886,8,8,4,0,no_action,no_action,6
3038.4479585150257,before_first_failure,892,7,8,4,0,no_action,no_action,3
3040.536174292036,before_first_failure,895,6,8,4,0,no_action,no_action,2
3042.617008683039,before_first_failure,900,7,8,4,0,no_action,no_action,6
3045.42426531401,before_first_failure,908,5,8,4,0,no_action,no_action,1
3047.6154890010366,before_first_failure,906,7,8,4,0,no_action,no_action,3
3049.7007867910434,before_first_failure,904,7,8,4,0,no_action,no_action,5
3052.439489835,before_first_failure,903,7,8,4,0,no_action,no_action,3
3054.4725557250204,before_first_failure,899,7,8,4,0,no_action,no_action,3
3056.5502602510387,before_first_failure,902,7,8,4,0,no_action,no_action,7
3058.570000865031,before_first_failure,901,5,8,4,0,no_action,no_action,4
3060.859548358014,before_first_failure,900,8,8,4,0,no_action,no_action,7
3062.8673590079998,before_first_failure,901,7,8,4,0,no_action,no_action,7
3064.9651553360163,before_first_failure,895,8,8,4,0,no_action,no_action,4
3067.283261470031,before_first_failure,897,7,8,4,0,no_action,no_action,4
3069.3425692560268,before_first_failure,897,4,8,4,0,no_action,no_action,4
3071.416521153995,before_first_failure,892,7,8,4,0,no_action,no_action,4
3073.528875958,before_first_failure,895,6,8,4,0,no_action,no_action,4
3075.599167513021,before_first_failure,892,7,8,4,0,no_action,no_action,5
3077.63854891801,before_first_failure,892,6,8,4,0,no_action,no_action,4
3079.7087225090363,before_first_failure,892,8,8,4,0,no_action,no_action,5
3081.7101766710402,before_first_failure,891,7,8,4,0,no_action,no_action,4
3100.799950407003,before_first_failure,904,8,8,4,0,no_action,no_action,0
3104.2396271070465,before_first_failure,899,8,8,4,0,no_action,no_action,1
3106.2511739470065,before_first_failure,901,8,8,4,0,no_action,no_action,8
3108.2716109750327,before_first_failure,904,7,8,4,0,no_action,no_action,6
3110.2753507550224,before_first_failure,901,8,8,4,0,no_action,no_action,3
3112.650544962031,before_first_failure,901,8,8,4,0,no_action,no_action,3
3114.695043421001,before_first_failure,901,8,8,4,0,no_action,no_action,6
3116.7868004949996,before_first_failure,900,7,8,4,0,no_action,no_action,6
3118.882472041005,before_first_failure,900,8,8,4,0,no_action,no_action,5
3120.996060714009,before_first_failure,901,7,8,4,0,no_action,no_action,6
3123.075582702004,before_first_failure,905,6,8,4,0,no_action,no_action,6
3125.4704000980128,before_first_failure,903,8,8,4,0,no_action,no_action,3
3127.746942872007,before_first_failure,904,6,8,4,0,no_action,no_action,3
3129.8039299780503,before_first_failure,902,7,8,4,0,no_action,no_action,4
3131.9804710830213,before_first_failure,902,8,8,4,0,no_action,no_action,4
3134.036195218039,before_first_failure,906,8,8,4,0,no_action,no_action,7
3136.1304841720266,before_first_failure,911,6,8,4,0,no_action,no_action,6
3138.6456002260093,before_first_failure,912,8,8,4,0,no_action,no_action,2
3140.749632724037,before_first_failure,914,8,8,4,0,no_action,no_action,1
3143.402663517045,before_first_failure,918,8,8,4,0,no_action,no_action,3
3145.6749724450056,before_first_failure,916,8,8,4,0,no_action,no_action,3
3147.774797710008,before_first_failure,917,7,8,4,0,no_action,no_action,4
3149.825513318996,before_first_failure,917,7,8,4,0,no_action,no_action,3
3151.8336943080067,before_first_failure,913,8,8,4,0,no_action,no_action,3
3153.911496657005,before_first_failure,914,8,8,4,0,no_action,no_action,1
3155.926782983006,before_first_failure,914,6,8,4,0,no_action,no_action,3
3157.9573136740364,before_first_failure,912,8,8,4,0,no_action,no_action,7
3159.96233605803,before_first_failure,912,8,8,4,0,no_action,no_action,4
3162.073358239024,before_first_failure,914,6,8,4,0,no_action,no_action,3
3164.1538267260185,before_first_failure,912,6,8,4,0,no_action,no_action,2
3166.204950425017,before_first_failure,912,6,8,4,0,no_action,no_action,3
3168.2548261090415,before_first_failure,912,8,8,4,0,no_action,no_action,5
3170.273284621013,before_first_failure,913,7,8,4,0,no_action,no_action,7
3172.3267690190114,before_first_failure,913,7,8,4,0,no_action,no_action,6
3174.576450576016,before_first_failure,914,8,8,4,0,no_action,no_action,5
3176.6186616460327,before_first_failure,914,8,8,4,0,no_action,no_action,8
3178.6898291599937,before_first_failure,913,5,8,4,0,no_action,no_action,4
3198.2712450490217,before_first_failure,924,7,8,4,0,no_action,no_action,0
3200.368780488032,before_first_failure,916,8,8,4,0,no_action,no_action,4
3203.164916787995,before_first_failure,919,6,8,4,0,no_action,no_action,2
3205.167365320027,before_first_failure,915,7,8,4,0,no_action,no_action,3
3207.4562378400005,before_first_failure,917,7,8,4,0,no_action,no_action,2
3209.5349268740392,before_first_failure,915,7,8,4,0,no_action,no_action,5
3211.6334412019933,before_first_failure,910,8,8,4,0,no_action,no_action,3
3213.679365840042,before_first_failure,911,6,8,4,0,no_action,no_action,2
3215.7518455720274,before_first_failure,910,6,8,4,0,no_action,no_action,2
3217.8007821229985,before_first_failure,907,8,8,4,0,no_action,no_action,2
3219.863177689025,before_first_failure,909,7,8,4,0,no_action,no_action,3
3221.864379585022,before_first_failure,908,7,8,4,0,no_action,no_action,4
3223.955686021014,before_first_failure,908,7,8,4,0,no_action,no_action,5
3226.020031042048,before_first_failure,908,6,8,4,0,no_action,no_action,2
3228.1172666250495,before_first_failure,908,5,8,4,0,no_action,no_action,3
3230.12588602904,before_first_failure,905,7,8,4,0,no_action,no_action,2
3232.1985749340383,before_first_failure,901,6,8,4,0,no_action,no_action,0
3234.2531298450194,before_first_failure,900,8,8,4,0,no_action,no_action,2
3236.295586326043,before_first_failure,899,7,8,4,0,no_action,no_action,5
3238.8748827520176,before_first_failure,900,8,8,4,0,no_action,no_action,4
3240.9065248410334,before_first_failure,900,6,8,4,0,no_action,no_action,2
3242.935331222019,before_first_failure,898,7,8,4,0,no_action,no_action,2
3245.104212756036,before_first_failure,899,7,8,4,0,no_action,no_action,4
3247.18638835405,before_first_failure,894,8,8,4,0,no_action,no_action,3
3249.2398201360484,before_first_failure,893,8,8,4,0,no_action,no_action,5
3251.3236997420317,before_first_failure,895,7,8,4,0,no_action,no_action,5
3253.387556196016,before_first_failure,893,7,8,4,0,no_action,no_action,6
3255.714629249007,before_first_failure,891,8,8,4,0,no_action,no_action,8
3257.761303894047,before_first_failure,889,7,8,4,0,no_action,no_action,3
3259.860138347023,before_first_failure,888,8,8,4,0,no_action,no_action,6
3261.873719656025,before_first_failure,888,7,8,4,0,no_action,no_action,6
3263.934668377042,before_first_failure,887,8,8,4,0,no_action,no_action,6
3265.965092302009,before_first_failure,885,8,8,4,0,no_action,no_action,6
3268.0552593939938,before_first_failure,884,8,8,4,0,no_action,no_action,6
3270.0905089750304,before_first_failure,883,8,8,4,0,no_action,no_action,5
3272.1746381120174,before_first_failure,880,8,8,4,0,no_action,no_action,5
3274.2518478750135,before_first_failure,880,7,8,4,0,no_action,no_action,5
3276.336506700027,before_first_failure,879,7,8,4,0,no_action,no_action,5
3278.4324684300227,before_first_failure,878,6,8,4,0,no_action,no_action,4
3280.534818568034,before_first_failure,874,7,8,4,0,no_action,no_action,4
3309.4802405110095,before_first_failure,887,7,8,4,0,no_action,no_action,0
3311.5632841670304,before_first_failure,882,8,8,4,0,no_action,no_action,3
3314.152441187005,before_first_failure,881,7,8,4,0,no_action,no_action,3
3316.2381347410264,before_first_failure,880,8,8,4,0,no_action,no_action,3
3318.312386791047,before_first_failure,879,8,8,4,0,no_action,no_action,4
3320.415212631051,before_first_failure,876,8,8,4,0,no_action,no_action,5
3322.5225748420344,before_first_failure,875,8,8,4,0,no_action,no_action,7
3324.592377083027,before_first_failure,874,7,8,4,0,no_action,no_action,5
3326.6687743090442,before_first_failure,875,7,8,4,0,no_action,no_action,4
3328.7349815150374,before_first_failure,873,7,8,4,0,no_action,no_action,4
3330.9179536710144,before_first_failure,875,7,8,4,0,no_action,no_action,6
3332.94235039904,before_first_failure,876,5,8,4,0,no_action,no_action,3
3335.126163556997,before_first_failure,875,8,8,4,0,no_action,no_action,2
3337.1399113340303,before_first_failure,873,8,8,4,0,no_action,no_action,5
3339.1461258649942,before_first_failure,876,6,8,4,0,no_action,no_action,4
3341.2520526580047,before_first_failure,872,8,8,4,0,no_action,no_action,5
3343.355816138035,before_first_failure,876,7,8,4,0,no_action,no_action,5
3345.3627579830354,before_first_failure,876,7,8,4,0,no_action,no_action,4
3347.464302608045,before_first_failure,875,7,8,4,0,no_action,no_action,5
3349.540622149012,before_first_failure,871,8,8,4,0,no_action,no_action,3
3351.589198029018,before_first_failure,870,8,8,4,0,no_action,no_action,3
3353.6959136539954,before_first_failure,868,8,8,4,0,no_action,no_action,3
3355.746024513035,before_first_failure,869,7,8,4,0,no_action,no_action,5
3357.811208614032,before_first_failure,868,6,8,4,0,no_action,no_action,4
3359.829730954021,before_first_failure,868,7,8,4,0,no_action,no_action,6
3361.932235783024,before_first_failure,866,8,8,4,0,no_action,no_action,6
3363.996772831015,before_first_failure,866,4,8,4,0,no_action,no_action,1
3366.1045461560134,before_first_failure,863,8,8,4,0,no_action,no_action,5
3368.1165279120323,before_first_failure,862,7,8,4,0,no_action,no_action,5
3370.163161176024,before_first_failure,862,7,8,4,0,no_action,no_action,4
3372.2331220710184,before_first_failure,862,8,8,4,0,no_action,no_action,5
3375.011109864048,before_first_failure,862,5,8,4,0,no_action,no_action,3
3377.024078765011,before_first_failure,857,7,8,4,0,no_action,no_action,3
3379.074325227004,before_first_failure,855,7,8,4,0,no_action,no_action,4
3381.1350103020086,before_first_failure,854,7,8,4,0,no_action,no_action,5
3383.3689728170284,before_first_failure,854,6,8,4,0,no_action,no_action,2
3385.4408291290165,before_first_failure,849,8,8,4,0,no_action,no_action,3
3387.4759070420405,before_first_failure,848,8,8,4,0,no_action,no_action,4
3389.5935430550016,before_first_failure,846,8,8,4,0,no_action,no_action,2
3391.772564478044,before_first_failure,848,8,8,4,0,no_action,no_action,7
3393.8885393760283,before_first_failure,848,7,8,4,0,no_action,no_action,6
3395.963657332002,before_first_failure,847,8,8,4,0,no_action,no_action,7
3418.7165859790402,before_first_failure,859,6,8,4,0,no_action,no_action,0
3420.719404755044,before_first_failure,852,8,8,4,0,no_action,no_action,0
3422.811682191037,before_first_failure,853,8,8,4,0,no_action,no_action,5
3424.883876014035,before_first_failure,856,8,8,4,0,no_action,no_action,8
3427.3394819649984,before_first_failure,856,8,8,4,0,no_action,no_action,7
3429.3727503240225,before_first_failure,855,6,8,4,0,no_action,no_action,4
3431.395973747014,before_first_failure,850,8,8,4,0,no_action,no_action,5
3433.461142219021,before_first_failure,850,7,8,4,0,no_action,no_action,5
3435.5019264690345,before_first_failure,849,7,8,4,0,no_action,no_action,5
3437.5592812080286,before_first_failure,850,8,8,4,0,no_action,no_action,7
3439.6340860860073,before_first_failure,848,8,8,4,0,no_action,no_action,5
3441.643996479048,before_first_failure,850,5,8,4,0,no_action,no_action,3
3443.648266275006,before_first_failure,846,8,8,4,0,no_action,no_action,6
3445.6796114720055,before_first_failure,846,7,8,4,0,no_action,no_action,7
3447.699086462031,before_first_failure,842,8,8,4,0,no_action,no_action,4
3449.704226094007,before_first_failure,843,7,8,4,0,no_action,no_action,5
3451.723355063994,before_first_failure,843,7,8,4,0,no_action,no_action,6
3453.823394867999,before_first_failure,842,8,8,4,0,no_action,no_action,5
3455.829055942013,before_first_failure,841,6,8,4,0,no_action,no_action,4
3457.873906526016,before_first_failure,838,8,8,4,0,no_action,no_action,5
3459.963372339029,before_first_failure,838,7,8,4,0,no_action,no_action,5
3461.9663240060327,before_first_failure,837,8,8,4,0,no_action,no_action,6
3464.0681482910295,before_first_failure,835,8,8,4,0,no_action,no_action,5
3466.1192282140255,before_first_failure,836,7,8,4,0,no_action,no_action,5
3468.2579322360107,before_first_failure,836,6,8,4,0,no_action,no_action,4
3470.4044431160437,before_first_failure,832,8,8,4,0,no_action,no_action,5
3472.4279721700004,before_first_failure,835,7,8,4,0,no_action,no_action,7
3474.4383615300176,before_first_failure,834,8,8,4,0,no_action,no_action,7
3476.504439086013,before_first_failure,831,8,8,4,0,no_action,no_action,4
3478.5927172870142,before_first_failure,832,6,8,4,0,no_action,no_action,4
3480.6641133790254,before_first_failure,833,6,8,4,0,no_action,no_action,4
3482.715754427016,before_first_failure,831,8,8,4,0,no_action,no_action,5
3484.8716272070305,before_first_failure,830,8,8,4,0,no_action,no_action,6
3486.893932061037,before_first_failure,829,8,8,4,0,no_action,no_action,6
3488.928484876,before_first_failure,828,7,8,4,0,no_action,no_action,5
3491.024273162009,before_first_failure,827,7,8,4,0,no_action,no_action,5
3493.0975185960415,before_first_failure,828,8,8,4,0,no_action,no_action,5
3495.178805923031,before_first_failure,829,7,8,4,0,no_action,no_action,5
3497.2534321910352,before_first_failure,826,8,8,4,0,no_action,no_action,6
3499.2951713370276,before_first_failure,829,6,8,4,0,no_action,no_action,6
3501.473958881048,before_first_failure,827,6,8,4,0,no_action,no_action,4
3503.5767895960016,before_first_failure,826,7,8,4,0,no_action,no_action,5
3505.63363014505,before_first_failure,824,8,8,4,0,no_action,no_action,5
3507.6903517960454,before_first_failure,825,7,8,4,0,no_action,no_action,6
3509.692714713048,before_first_failure,825,7,8,4,0,no_action,no_action,4
3511.751139275031,before_first_failure,825,8,8,4,0,no_action,no_action,7
3513.8305844180286,before_first_failure,826,8,8,4,0,no_action,no_action,7
3515.846128721023,before_first_failure,825,7,8,4,0,no_action,no_action,5
3539.965300513024,before_first_failure,839,7,8,4,0,no_action,no_action,0
3542.0372974540223,before_first_failure,835,8,8,4,0,no_action,no_action,2
3544.5284579599975,before_first_failure,835,7,8,4,0,no_action,no_action,4
3546.562185904011,before_first_failure,831,7,8,4,0,no_action,no_action,4
3548.632418619003,before_first_failure,829,8,8,4,0,no_action,no_action,6
3550.656101096014,before_first_failure,828,8,8,4,0,no_action,no_action,5
3552.7271825550124,before_first_failure,826,7,8,4,0,no_action,no_action,5
3554.7299394840375,before_first_failure,826,7,8,4,0,no_action,no_action,5
3556.7730965640512,before_first_failure,822,8,8,4,0,no_action,no_action,2
3558.7733541810303,before_first_failure,824,6,8,4,0,no_action,no_action,4
3560.932416922995,before_first_failure,819,8,8,4,0,no_action,no_action,4
3562.956117322028,before_first_failure,820,8,8,4,0,no_action,no_action,7
3565.288958928024,before_first_failure,817,7,8,4,0,no_action,no_action,4
3567.3497459270293,before_first_failure,815,8,8,4,0,no_action,no_action,7
3569.4222948620445,before_first_failure,816,7,8,4,0,no_action,no_action,5
3571.554267152038,before_first_failure,819,7,8,4,0,no_action,no_action,7
3573.604555260041,before_first_failure,820,8,8,4,0,no_action,no_action,8
3575.7256558740046,before_first_failure,818,7,8,4,0,no_action,no_action,4
3577.823574935028,before_first_failure,823,7,8,4,0,no_action,no_action,6
3579.929308635008,before_first_failure,823,7,8,4,0,no_action,no_action,6
3582.0164225500193,before_first_failure,822,8,8,4,0,no_action,no_action,5
3584.045851143019,before_first_failure,820,7,8,4,0,no_action,no_action,6
3586.1196338430163,before_first_failure,818,7,8,4,0,no_action,no_action,6
3588.230766732013,before_first_failure,819,7,8,4,0,no_action,no_action,6
3590.329055100039,before_first_failure,818,6,8,4,0,no_action,no_action,5
3592.337726363039,before_first_failure,816,7,8,4,0,no_action,no_action,5
3594.3604615789955,before_first_failure,814,7,8,4,0,no_action,no_action,5
3596.436503154051,before_first_failure,813,7,8,4,0,no_action,no_action,6
3598.585629815003,before_first_failure,812,7,8,4,0,no_action,no_action,5
3600.6288283010363,before_first_failure,809,8,8,4,0,no_action,no_action,6
3602.666669544007,before_first_failure,810,7,8,4,0,no_action,no_action,5
3604.9435902670375,before_first_failure,809,8,8,4,0,no_action,no_action,5
3606.98668599705,before_first_failure,809,7,8,4,0,no_action,no_action,5
3609.2397267610068,before_first_failure,808,8,8,4,0,no_action,no_action,5
3611.245785695035,before_first_failure,808,7,8,4,0,no_action,no_action,6
3613.3460979020456,before_first_failure,808,8,8,4,0,no_action,no_action,6
3615.4194019100396,before_first_failure,806,8,8,4,0,no_action,no_action,6
3617.4540389270405,before_first_failure,808,8,8,4,0,no_action,no_action,7
3619.9306168589974,before_first_failure,806,7,8,4,0,no_action,no_action,2
3621.966128250002,before_first_failure,804,7,8,4,0,no_action,no_action,5
3624.0841495280038,before_first_failure,803,8,8,4,0,no_action,no_action,6
3626.1548150570015,before_first_failure,802,8,8,4,0,no_action,no_action,6
3628.363042637997,before_first_failure,801,8,8,4,0,no_action,no_action,5
3630.3640804419992,before_first_failure,802,7,8,4,0,no_action,no_action,4
3632.4175397370127,before_first_failure,803,5,8,4,0,no_action,no_action,4
3634.4340519290417,before_first_failure,800,7,8,4,0,no_action,no_action,5
3636.5251144620124,before_first_failure,800,7,8,4,0,no_action,no_action,7
3638.529656208004,before_first_failure,802,5,8,4,0,no_action,no_action,4
3640.6066784150316,before_first_failure,799,8,8,4,0,no_action,no_action,5
3642.609148924006,before_first_failure,799,8,8,4,0,no_action,no_action,8
3644.609452878998,before_first_failure,798,7,8,4,0,no_action,no_action,5
3646.702782820037,before_first_failure,800,8,8,4,0,no_action,no_action,7
3649.222536112007,before_first_failure,806,7,8,4,0,no_action,no_action,4
3651.243463855004,before_first_failure,801,8,8,4,0,no_action,no_action,5
3653.2748606720124,before_first_failure,804,7,8,4,0,no_action,no_action,3
3675.444917606015,before_first_failure,831,7,8,4,0,no_action,no_action,0
3677.4863568739966,before_first_failure,829,7,8,4,0,no_action,no_action,5
3680.0342198699946,before_first_failure,830,7,8,4,0,no_action,no_action,4
3682.133460118028,before_first_failure,829,6,8,4,0,no_action,no_action,3
3684.2087909710244,before_first_failure,825,8,8,4,0,no_action,no_action,3
3686.3178882980137,before_first_failure,827,6,8,4,0,no_action,no_action,2
3688.404304493044,before_first_failure,824,8,8,4,0,no_action,no_action,6
3690.544161491038,before_first_failure,824,6,8,4,0,no_action,no_action,3
3692.741035739018,before_first_failure,821,7,8,4,0,no_action,no_action,3
3694.7498598720413,before_first_failure,817,8,8,4,0,no_action,no_action,2
3696.7747198850266,before_first_failure,815,8,8,4,0,no_action,no_action,4
3698.8484507650137,before_first_failure,816,6,8,4,0,no_action,no_action,3
3700.8716925400076,before_first_failure,815,8,8,4,0,no_action,no_action,3
3702.928135626018,before_first_failure,815,8,8,4,0,no_action,no_action,6
3705.0678474529996,before_first_failure,817,7,8,4,0,no_action,no_action,3
3707.422531847027,before_first_failure,815,6,8,4,0,no_action,no_action,2
3709.473850799026,before_first_failure,813,8,8,4,0,no_action,no_action,3
3711.4847766780294,before_first_failure,810,8,8,4,0,no_action,no_action,3
3713.639644737006,before_first_failure,809,8,8,4,0,no_action,no_action,5
3715.6470142980106,before_first_failure,811,6,8,4,0,no_action,no_action,5
3717.7158345640055,before_first_failure,806,7,8,4,0,no_action,no_action,5
3719.868809067004,before_first_failure,809,6,8,4,0,no_action,no_action,3
3721.9786917309975,before_first_failure,805,8,8,4,0,no_action,no_action,6
3724.217331152002,before_first_failure,807,8,8,4,0,no_action,no_action,1
3726.3082651000004,before_first_failure,805,8,8,4,0,no_action,no_action,2
3728.3433461120003,before_first_failure,803,8,8,4,0,no_action,no_action,6
3730.7824311230215,before_first_failure,805,8,8,4,0,no_action,no_action,4
3733.0489558679983,before_first_failure,804,6,8,4,0,no_action,no_action,3
3735.5507126250304,before_first_failure,803,8,8,4,0,no_action,no_action,5
3737.625168610015,before_first_failure,803,8,8,4,0,no_action,no_action,4
3739.721680717019,before_first_failure,804,8,8,4,0,no_action,no_action,7
3741.833408284001,before_first_failure,801,8,8,4,0,no_action,no_action,3
3743.8381998800323,before_first_failure,799,8,8,4,0,no_action,no_action,3
3745.9014850560343,before_first_failure,800,8,8,4,0,no_action,no_action,7
3747.915576857049,before_first_failure,799,7,8,4,0,no_action,no_action,6
3749.9714127860498,before_first_failure,798,7,8,4,0,no_action,no_action,4
3751.9980799120385,before_first_failure,797,8,8,4,0,no_action,no_action,7
3754.092530552007,before_first_failure,798,7,8,4,0,no_action,no_action,6
3756.3042892030207,before_first_failure,797,8,8,4,0,no_action,no_action,6
3758.4417410400347,before_first_failure,796,8,8,4,0,no_action,no_action,7
3760.5092243450345,before_first_failure,795,6,8,4,0,no_action,no_action,5
3762.5496741210227,before_first_failure,793,7,8,4,0,no_action,no_action,6
3764.607339066046,before_first_failure,794,7,8,4,0,no_action,no_action,6
3766.681665150041,before_first_failure,795,8,8,4,0,no_action,no_action,6
3768.8430721860495,before_first_failure,793,8,8,4,0,no_action,no_action,5
3770.948704787006,before_first_failure,793,7,8,4,0,no_action,no_action,5
3794.7837642800296,before_first_failure,793,8,8,4,0,no_action,no_action,0
3796.8413981760386,before_first_failure,800,7,8,4,0,no_action,no_action,2
3798.8785513330367,before_first_failure,799,8,8,4,0,no_action,no_action,6
3800.9825496390113,before_first_failure,799,8,8,4,0,no_action,no_action,8
3803.439662219025,before_first_failure,797,8,8,4,0,no_action,no_action,5
3805.56550105504,before_first_failure,799,8,8,4,0,no_action,no_action,7
3807.7946136450046,before_first_failure,802,6,8,4,0,no_action,no_action,6
3809.8108348100213,before_first_failure,805,6,8,4,0,no_action,no_action,5
3811.9247496680473,before_first_failure,804,6,8,4,0,no_action,no_action,3
3813.9400540970382,before_first_failure,804,7,8,4,0,no_action,no_action,5
3815.997996336024,before_first_failure,804,7,8,4,0,no_action,no_action,6
3818.052344026044,before_first_failure,805,6,8,4,0,no_action,no_action,5
3820.08808944904,before_first_failure,804,8,8,4,0,no_action,no_action,5
3822.206980149029,before_first_failure,802,6,8,4,0,no_action,no_action,3
3824.3054438040126,before_first_failure,800,7,8,4,0,no_action,no_action,5
3826.3834449550486,before_first_failure,796,8,8,4,0,no_action,no_action,5
3828.405457794026,before_first_failure,793,8,8,4,0,no_action,no_action,4
3830.468537569046,before_first_failure,793,6,8,4,0,no_action,no_action,5
3832.6237938959966,before_first_failure,790,8,8,4,0,no_action,no_action,6
3834.71000592201,before_first_failure,791,8,8,4,0,no_action,no_action,7
3836.729573580029,before_first_failure,792,4,8,4,0,no_action,no_action,3
3838.748689652013,before_first_failure,790,7,8,4,0,no_action,no_action,6
3840.7800000580028,before_first_failure,787,8,8,4,0,no_action,no_action,6
3842.8417206370505,before_first_failure,787,8,8,4,0,no_action,no_action,7
3844.8726600540103,before_first_failure,786,5,8,4,0,no_action,no_action,4
3846.935172080004,before_first_failure,783,8,8,4,0,no_action,no_action,3
3849.2602287390037,before_first_failure,785,8,8,4,0,no_action,no_action,6
3851.2814641690347,before_first_failure,783,7,8,4,0,no_action,no_action,3
3853.3584740640363,before_first_failure,785,7,8,4,0,no_action,no_action,7
3855.431322243996,before_first_failure,782,8,8,4,0,no_action,no_action,7
3857.4657325600274,before_first_failure,780,8,8,4,0,no_action,no_action,5
3859.5669026960386,before_first_failure,783,8,8,4,0,no_action,no_action,5
3861.6947282520123,before_first_failure,784,7,8,4,0,no_action,no_action,5
3863.7075010830304,before_first_failure,787,7,8,4,0,no_action,no_action,6
3865.793204599002,before_first_failure,787,7,8,4,0,no_action,no_action,7
3867.815385616035,before_first_failure,784,8,8,4,0,no_action,no_action,5
3870.1852358730393,before_first_failure,781,8,8,4,0,no_action,no_action,2
3872.2885762740043,before_first_failure,783,6,8,4,0,no_action,no_action,4
3874.3446995920385,before_first_failure,782,8,8,4,0,no_action,no_action,7
3876.5303296259954,before_first_failure,783,8,8,4,0,no_action,no_action,5
3878.6678489670157,before_first_failure,781,8,8,4,0,no_action,no_action,5
3880.760681831045,before_first_failure,781,8,8,4,0,no_action,no_action,6
3882.88602491701,before_first_failure,781,7,8,4,0,no_action,no_action,5
3884.9476270590094,before_first_failure,780,7,8,4,0,no_action,no_action,4
3886.9837664180086,before_first_failure,777,8,8,4,0,no_action,no_action,6
3889.0101292280015,before_first_failure,778,7,8,4,0,no_action,no_action,6
3891.062235167017,before_first_failure,777,8,8,4,0,no_action,no_action,6
3893.552959780034,before_first_failure,774,7,8,4,0,no_action,no_action,3
3895.559150836023,before_first_failure,774,8,8,4,0,no_action,no_action,4
3897.7233816070366,before_first_failure,775,7,8,4,0,no_action,no_action,6
3899.8220573300496,before_first_failure,774,8,8,4,0,no_action,no_action,6
3901.891595783003,before_first_failure,772,8,8,4,0,no_action,no_action,5
3903.9320711180335,before_first_failure,772,6,8,4,0,no_action,no_action,5
3905.970686560031,before_first_failure,772,7,8,4,0,no_action,no_action,6
3908.1844417420216,before_first_failure,768,7,8,4,0,no_action,no_action,5
3910.2093414310366,before_first_failure,765,8,8,4,0,no_action,no_action,7
3912.3337751480285,before_first_failure,765,7,8,4,0,no_action,no_action,5
3936.1447606620495,before_first_failure,778,8,8,4,0,no_action,no_action,0
3938.434271981998,before_first_failure,772,8,8,4,0,no_action,no_action,2
3940.5102291100193,before_first_failure,772,8,8,4,0,no_action,no_action,8
3942.540286259027,before_first_failure,771,7,8,4,0,no_action,no_action,6
3944.656699864019,before_first_failure,770,8,8,4,0,no_action,no_action,7
3946.7218394920346,before_first_failure,767,7,8,4,0,no_action,no_action,4
3948.790050017007,before_first_failure,766,7,8,4,0,no_action,no_action,4
3950.830160967016,before_first_failure,763,8,8,4,0,no_action,no_action,3
3952.9925182040315,before_first_failure,764,8,8,4,0,no_action,no_action,3
3955.051289502997,before_first_failure,772,7,8,4,0,no_action,no_action,3
3957.7945281460416,before_first_failure,780,8,8,4,0,no_action,no_action,4
3960.3194102260168,before_first_failure,781,7,8,4,0,no_action,no_action,3
3962.5395946759963,before_first_failure,779,7,8,4,0,no_action,no_action,3
3964.8225472250488,before_first_failure,781,7,8,4,0,no_action,no_action,3
3966.8442973600468,before_first_failure,779,8,8,4,0,no_action,no_action,8
3968.9438425300177,before_first_failure,779,7,8,4,0,no_action,no_action,3
3971.1224809870473,before_first_failure,774,8,8,4,0,no_action,no_action,5
3973.126382784045,before_first_failure,773,8,8,4,0,no_action,no_action,7
3975.221474086051,before_first_failure,773,7,8,4,0,no_action,no_action,5
3977.6130518730497,before_first_failure,771,7,8,4,0,no_action,no_action,3
3979.622761352046,before_first_failure,768,7,8,4,0,no_action,no_action,4
3981.6978578059934,before_first_failure,767,6,8,4,0,no_action,no_action,3
3983.778558538994,before_first_failure,765,7,8,4,0,no_action,no_action,3
3985.9665681570186,before_first_failure,764,8,8,4,0,no_action,no_action,5
3988.017523957009,before_first_failure,762,8,8,4,0,no_action,no_action,6
3990.0866484420258,before_first_failure,762,4,8,4,0,no_action,no_action,2
3992.1348510700045,before_first_failure,758,8,8,4,0,no_action,no_action,4
3994.1533841619967,before_first_failure,758,7,8,4,0,no_action,no_action,4
3996.22993079602,before_first_failure,754,7,8,4,0,no_action,no_action,5
3998.5328805390163,before_first_failure,754,7,8,4,0,no_action,no_action,3
4000.5446973679936,before_first_failure,750,8,8,4,0,no_action,no_action,5
4002.93277381605,before_first_failure,750,7,8,4,0,no_action,no_action,5
4005.037775752018,before_first_failure,746,8,8,4,0,no_action,no_action,4
4007.0986220409977,before_first_failure,746,6,8,4,0,no_action,no_action,2
4009.1699949300382,before_first_failure,743,8,8,4,0,no_action,no_action,4
4011.1764326800476,before_first_failure,743,6,8,4,0,no_action,no_action,3
4013.3450666000135,before_first_failure,740,6,8,4,0,no_action,no_action,2
4015.4202555250376,before_first_failure,740,5,8,4,0,no_action,no_action,4
4017.4504379749997,before_first_failure,734,7,8,4,0,no_action,no_action,3
4019.7719763269997,before_first_failure,733,7,8,4,0,no_action,no_action,4
4021.8503918049973,before_first_failure,729,8,8,4,0,no_action,no_action,6
4024.2718269350007,before_first_failure,729,8,8,4,0,no_action,no_action,3
4026.3272615900496,before_first_failure,726,7,8,4,0,no_action,no_action,3
4028.9720140100108,before_first_failure,726,7,8,4,0,no_action,no_action,1
4030.977030532027,before_first_failure,722,8,8,4,0,no_action,no_action,6
4033.0082341240486,before_first_failure,722,7,8,4,0,no_action,no_action,7
4035.0979329500115,before_first_failure,721,6,8,4,0,no_action,no_action,5
4037.6796156810015,before_first_failure,719,6,8,4,0,no_action,no_action,5
4039.881475856004,before_first_failure,717,6,8,4,0,no_action,no_action,3
4041.9718647130067,before_first_failure,717,4,8,4,0,no_action,no_action,1
4044.0624735080055,before_first_failure,713,7,8,4,0,no_action,no_action,2
4046.113565606007,before_first_failure,712,6,8,4,0,no_action,no_action,2
4048.2076657030266,before_first_failure,710,8,8,4,0,no_action,no_action,4
4050.2812431330094,before_first_failure,708,7,8,4,0,no_action,no_action,5
4077.4772589540225,before_first_failure,708,7,8,4,0,no_action,no_action,1
4079.70562506601,before_first_failure,701,8,8,4,0,no_action,no_action,3
4081.749414550024,before_first_failure,702,7,8,4,0,no_action,no_action,2
4083.957997045014,before_first_failure,701,5,8,4,0,no_action,no_action,2
4086.00698813505,before_first_failure,697,7,8,4,0,no_action,no_action,3
4088.3172708100174,before_first_failure,695,8,8,4,0,no_action,no_action,3
4090.3408442840446,before_first_failure,691,8,8,4,0,no_action,no_action,3
4092.3751810880494,before_first_failure,692,6,8,4,0,no_action,no_action,5
4094.3890275900485,before_first_failure,690,7,8,4,0,no_action,no_action,3
4096.437140859023,before_first_failure,690,6,8,4,0,no_action,no_action,2
4098.593927073001,before_first_failure,685,7,8,4,0,no_action,no_action,3
4100.734273668029,before_first_failure,683,7,8,4,0,no_action,no_action,4
4102.751284916012,before_first_failure,682,6,8,4,0,no_action,no_action,4
4104.812625883031,before_first_failure,680,8,8,4,0,no_action,no_action,4
4106.822305290028,before_first_failure,679,7,8,4,0,no_action,no_action,5
4108.9500178100425,before_first_failure,676,7,8,4,0,no_action,no_action,3
4111.036380189005,before_first_failure,675,7,8,4,0,no_action,no_action,2
4113.10358515603,before_first_failure,670,8,8,4,0,no_action,no_action,1
4115.471760023036,before_first_failure,670,8,8,4,0,no_action,no_action,1
4117.491340231034,before_first_failure,666,8,8,4,0,no_action,no_action,4
4119.642764627002,before_first_failure,666,8,8,4,0,no_action,no_action,2
4122.019085123029,before_first_failure,661,7,8,4,0,no_action,no_action,1
4124.188159170037,before_first_failure,659,8,8,4,0,no_action,no_action,0
4126.275728686014,before_first_failure,659,8,8,4,0,no_action,no_action,2
4128.280152485997,before_first_failure,659,7,8,4,0,no_action,no_action,2
4130.308217826998,before_first_failure,657,6,8,4,0,no_action,no_action,3
4132.627589746029,before_first_failure,657,6,8,4,0,no_action,no_action,1
4134.660550753993,before_first_failure,651,7,8,4,0,no_action,no_action,4
4137.075795628014,before_first_failure,649,8,8,4,0,no_action,no_action,1
4139.091083465028,before_first_failure,644,7,8,4,0,no_action,no_action,1
4141.206917904026,before_first_failure,643,7,8,4,0,no_action,no_action,1
4143.318434556015,before_first_failure,641,6,8,4,0,no_action,no_action,1
4145.704660235031,before_first_failure,638,6,8,4,0,no_action,no_action,3
4147.718631385011,before_first_failure,636,8,8,4,0,no_action,no_action,2
4149.865646932041,before_first_failure,636,4,8,4,0,no_action,no_action,1
4151.885399690014,before_first_failure,632,7,8,4,0,no_action,no_action,3
4153.936259097012,before_first_failure,631,8,8,4,0,no_action,no_action,5
4155.982092022023,before_first_failure,630,7,8,4,0,no_action,no_action,6
4158.064705300028,before_first_failure,629,7,8,4,0,no_action,no_action,6
4160.169573114021,before_first_failure,628,5,8,4,0,no_action,no_action,4
4162.221252831048,before_first_failure,625,6,8,4,0,no_action,no_action,3
4164.31692420505,before_first_failure,623,8,8,4,0,no_action,no_action,4
4166.3674061120255,before_first_failure,621,8,8,4,0,no_action,no_action,7
4168.382307929045,before_first_failure,621,7,8,4,0,no_action,no_action,7
4170.505394086998,before_first_failure,620,7,8,4,0,no_action,no_action,5
4172.69444105,before_first_failure,618,7,8,4,0,no_action,no_action,3
4174.745113175013,before_first_failure,615,6,8,4,0,no_action,no_action,4
4176.813623182999,before_first_failure,613,8,8,4,0,no_action,no_action,5
4178.855962952017,before_first_failure,612,8,8,4,0,no_action,no_action,5
4180.948281501012,before_first_failure,611,7,8,4,0,no_action,no_action,6
4183.029665556038,before_first_failure,610,6,8,4,0,no_action,no_action,3
4185.088770560047,before_first_failure,608,7,8,4,0,no_action,no_action,4
4187.133957511047,before_first_failure,605,7,8,4,0,no_action,no_action,3
4189.180525227042,before_first_failure,604,6,8,4,0,no_action,no_action,5
4191.309841037029,before_first_failure,604,6,8,4,0,no_action,no_action,5
4193.376129876007,before_first_failure,600,8,8,4,0,no_action,no_action,5
4195.7245886970195,before_first_failure,600,8,8,4,0,no_action,no_action,7
4197.804753542994,before_first_failure,597,7,8,4,0,no_action,no_action,4
4223.193211153033,before_first_failure,596,8,8,4,0,no_action,no_action,1
4225.233877441031,before_first_failure,592,8,8,4,0,no_action,no_action,5
4227.299555341015,before_first_failure,592,8,8,4,0,no_action,no_action,6
4229.527988995018,before_first_failure,591,7,8,4,0,no_action,no_action,6
4231.914865685045,before_first_failure,590,7,8,4,0,no_action,no_action,5
4233.9229455990135,before_first_failure,588,7,8,4,0,no_action,no_action,2
4235.943033443997,before_first_failure,584,8,8,4,0,no_action,no_action,2
4238.003121440008,before_first_failure,583,8,8,4,0,no_action,no_action,7
4240.295842093998,before_first_failure,583,8,8,4,0,no_action,no_action,5
4242.365087227023,before_first_failure,578,6,8,4,0,no_action,no_action,3
4244.556719300046,before_first_failure,576,8,8,4,0,no_action,no_action,3
4246.721268123016,before_first_failure,576,6,8,4,0,no_action,no_action,4
4249.242148381018,before_first_failure,576,6,8,4,0,no_action,no_action,2
4251.276234858029,before_first_failure,571,7,8,4,0,no_action,no_action,3
4253.56977910304,before_first_failure,570,8,8,4,0,no_action,no_action,4
4255.896682548046,before_first_failure,567,7,8,4,0,no_action,no_action,4
4257.939640950994,before_first_failure,567,7,8,4,0,no_action,no_action,4
4260.035977332038,before_first_failure,566,6,8,4,0,no_action,no_action,3
4262.130781768996,before_first_failure,564,7,8,4,0,no_action,no_action,3
4264.226389623014,before_first_failure,559,8,8,4,0,no_action,no_action,1
4266.328772761044,before_first_failure,559,7,8,4,0,no_action,no_action,2
4268.398864200048,before_first_failure,557,7,8,4,0,no_action,no_action,3
4270.4800448440365,before_first_failure,556,7,8,4,0,no_action,no_action,3
4272.546137484023,before_first_failure,555,7,8,4,0,no_action,no_action,4
4274.864070701995,before_first_failure,553,7,8,4,0,no_action,no_action,2
4276.977452751016,before_first_failure,551,7,8,4,0,no_action,no_action,0
4279.011838213017,before_first_failure,551,5,8,4,0,no_action,no_action,2
4281.119460781047,before_first_failure,548,8,8,4,0,no_action,no_action,4
4283.21233973105,before_first_failure,545,7,8,4,0,no_action,no_action,3
4285.257989405014,before_first_failure,546,5,8,4,0,no_action,no_action,4
4287.357852309011,before_first_failure,543,7,8,4,0,no_action,no_action,4
4289.418563019019,before_first_failure,542,8,8,4,0,no_action,no_action,6
4291.437667213031,before_first_failure,542,7,8,4,0,no_action,no_action,4
4293.523335439037,before_first_failure,539,7,8,4,0,no_action,no_action,6
4295.961902106996,before_first_failure,538,8,8,4,0,no_action,no_action,3
4297.973225040012,before_first_failure,534,7,8,4,0,no_action,no_action,2
4300.3409322880325,before_first_failure,533,8,8,4,0,no_action,no_action,3
4302.4804710940225,before_first_failure,530,7,8,4,0,no_action,no_action,3
4304.589220427035,before_first_failure,529,8,8,4,0,no_action,no_action,4
4306.7111869479995,before_first_failure,527,7,8,4,0,no_action,no_action,5
4309.313607454009,before_first_failure,526,8,8,4,0,no_action,no_action,4
4311.404432794021,before_first_failure,524,8,8,4,0,no_action,no_action,7
4313.754917595012,before_first_failure,524,8,8,4,0,no_action,no_action,4
4316.02455955703,before_first_failure,520,7,8,4,0,no_action,no_action,4
4318.34454195603,before_first_failure,520,7,8,4,0,no_action,no_action,4
4320.374353929015,before_first_failure,516,8,8,4,0,no_action,no_action,5
4322.381469104032,before_first_failure,516,8,8,4,0,no_action,no_action,6
4324.419384766021,before_first_failure,513,8,8,4,0,no_action,no_action,6
4326.892857717001,before_first_failure,513,7,8,4,0,no_action,no_action,3
4328.971577179036,before_first_failure,509,8,8,4,0,no_action,no_action,5
4331.0483077810495,before_first_failure,509,8,8,4,0,no_action,no_action,4
4333.108945342014,before_first_failure,505,8,8,4,0,no_action,no_action,4
4336.029280051007,before_first_failure,505,8,8,4,0,no_action,no_action,5
4338.075684665004,before_first_failure,502,8,8,4,0,no_action,no_action,5
4340.686108427995,before_first_failure,502,8,8,4,0,no_action,no_action,4
4342.762211298046,before_first_failure,500,6,8,4,0,no_action,no_action,5
4345.487039256026,before_first_failure,498,8,8,4,0,no_action,no_action,4
4347.51523528801,before_first_failure,495,7,8,4,0,no_action,no_action,5
4370.013712358021,before_first_failure,495,7,8,4,0,no_action,no_action,0
4372.067305700039,before_first_failure,489,7,8,4,0,no_action,no_action,1
4374.815530627035,before_first_failure,488,8,8,4,0,no_action,no_action,3
4376.818737483001,before_first_failure,488,8,8,4,0,no_action,no_action,7
4379.005499876046,before_first_failure,488,8,8,4,0,no_action,no_action,5
4381.058161507011,before_first_failure,486,6,8,4,0,no_action,no_action,4
4383.120906324999,before_first_failure,484,8,8,4,0,no_action,no_action,5
4385.171500465018,before_first_failure,484,7,8,4,0,no_action,no_action,5
4387.449202269025,before_first_failure,483,7,8,4,0,no_action,no_action,4
4389.575666279008,before_first_failure,480,8,8,4,0,no_action,no_action,5
4391.633888141019,before_first_failure,480,7,8,4,0,no_action,no_action,3
4393.636648757034,before_first_failure,477,8,8,4,0,no_action,no_action,1
4395.995675739017,before_first_failure,477,6,8,4,0,no_action,no_action,1
4398.2247583800345,before_first_failure,474,8,8,4,0,no_action,no_action,6
4400.326845789037,before_first_failure,474,8,8,4,0,no_action,no_action,7
4402.448321623029,before_first_failure,471,8,8,4,0,no_action,no_action,5
4404.957272413012,before_first_failure,471,8,8,4,0,no_action,no_action,7
4407.036032223026,before_first_failure,467,8,8,4,0,no_action,no_action,4
4409.551199667039,before_first_failure,467,8,8,4,0,no_action,no_action,2
4411.558492787008,before_first_failure,464,8,8,4,0,no_action,no_action,5
4413.901060271019,before_first_failure,464,8,8,4,0,no_action,no_action,5
4416.005186637049,before_first_failure,462,7,8,4,0,no_action,no_action,4
4418.236862735997,before_first_failure,460,6,8,4,0,no_action,no_action,3
4420.777496939001,before_first_failure,458,8,8,4,0,no_action,no_action,2
4422.864980143029,before_first_failure,454,8,8,4,0,no_action,no_action,3
4425.108771366999,before_first_failure,454,8,8,4,0,no_action,no_action,5
4427.149332756002,before_first_failure,453,8,8,4,0,no_action,no_action,6
4429.215505094035,before_first_failure,453,7,8,4,0,no_action,no_action,6
4431.999343491043,before_first_failure,453,7,8,4,0,no_action,no_action,3
4434.032918675046,before_first_failure,448,7,8,4,0,no_action,no_action,6
4436.097365438996,before_first_failure,447,7,8,4,0,no_action,no_action,5
4438.235024755995,before_first_failure,445,7,8,4,0,no_action,no_action,3
4440.284475599998,before_first_failure,444,7,8,4,0,no_action,no_action,6
4442.416408329038,before_first_failure,443,8,8,4,0,no_action,no_action,7
4444.466703234997,before_first_failure,439,8,8,4,0,no_action,no_action,4
4446.788210391009,before_first_failure,439,7,8,4,0,no_action,no_action,5
4448.818324818043,before_first_failure,438,7,8,4,0,no_action,no_action,5
4450.862067977025,before_first_failure,437,7,8,4,0,no_action,no_action,4
4452.889484303014,before_first_failure,432,8,8,4,0,no_action,no_action,3
4455.094616606017,before_first_failure,432,8,8,4,0,no_action,no_action,7
4457.193992062006,before_first_failure,432,7,8,4,0,no_action,no_action,5
4459.239766907005,before_first_failure,429,7,8,4,0,no_action,no_action,5
4461.405365835002,before_first_failure,426,8,8,4,0,no_action,no_action,5
4463.760921068024,before_first_failure,426,7,8,4,0,no_action,no_action,3
4465.825996978034,before_first_failure,422,8,8,4,0,no_action,no_action,4
4467.8796658890205,before_first_failure,422,8,8,4,0,no_action,no_action,6
4469.95308459003,before_first_failure,421,8,8,4,0,no_action,no_action,7
4472.063327394018,before_first_failure,421,8,8,4,0,no_action,no_action,5
4474.101589433034,before_first_failure,418,7,8,4,0,no_action,no_action,7
4476.332431741001,before_first_failure,418,7,8,4,0,no_action,no_action,3
4478.385672299017,before_first_failure,411,8,8,4,0,no_action,no_action,2
4480.714527268021,before_first_failure,411,8,8,4,0,no_action,no_action,5
4482.729048876034,before_first_failure,410,8,8,4,0,no_action,no_action,7
4484.80953459203,before_first_failure,410,7,8,4,0,no_action,no_action,7
4486.894049445051,before_first_failure,409,6,8,4,0,no_action,no_action,5
4489.361159539025,before_first_failure,407,7,8,4,0,no_action,no_action,3
4491.55950759002,before_first_failure,403,8,8,4,0,no_action,no_action,5
4493.6857271670015,before_first_failure,403,7,8,4,0,no_action,no_action,5
4495.73526225501,before_first_failure,402,8,8,4,0,no_action,no_action,7
4498.102835921047,before_first_failure,401,7,8,4,0,no_action,no_action,5
4500.172633893031,before_first_failure,399,7,8,4,0,no_action,no_action,4
4502.2384387100465,before_first_failure,398,7,8,4,0,no_action,no_action,4
4504.240067586012,before_first_failure,396,6,8,4,0,no_action,no_action,3
4528.856802730996,before_first_failure,396,6,8,4,0,no_action,no_action,0
4530.893285610015,before_first_failure,396,2,8,4,0,no_action,no_action,1
4533.143967217009,before_first_failure,390,8,8,4,0,no_action,no_action,2
4535.237825040007,before_first_failure,390,8,8,4,0,no_action,no_action,6
4537.480432907003,before_first_failure,389,8,8,4,0,no_action,no_action,6
4539.631199746043,before_first_failure,388,7,8,4,0,no_action,no_action,5
4541.641682917019,before_first_failure,387,8,8,4,0,no_action,no_action,5
4543.707415909041,before_first_failure,384,8,8,4,0,no_action,no_action,5
4545.776983219024,before_first_failure,384,8,8,4,0,no_action,no_action,4
4547.849927867006,before_first_failure,381,8,8,4,0,no_action,no_action,4
4549.928003942012,before_first_failure,381,7,8,4,0,no_action,no_action,4
4551.9658105710405,before_first_failure,379,8,8,4,0,no_action,no_action,7
4554.401764080045,before_first_failure,379,7,8,4,0,no_action,no_action,5
4556.478771947033,before_first_failure,376,7,8,4,0,no_action,no_action,4
4558.579033154994,before_first_failure,376,6,8,4,0,no_action,no_action,4
4560.624971415033,before_first_failure,372,7,8,4,0,no_action,no_action,6
4563.349722033017,before_first_failure,371,8,8,4,0,no_action,no_action,4
4565.395681541006,before_first_failure,368,7,8,4,0,no_action,no_action,5
4567.851844985038,before_first_failure,367,8,8,4,0,no_action,no_action,6
4569.924959471042,before_first_failure,366,7,8,4,0,no_action,no_action,6
4572.485990378016,before_first_failure,366,7,8,4,0,no_action,no_action,4
4574.501069934049,before_first_failure,361,8,8,4,0,no_action,no_action,6
4576.559798000031,before_first_failure,360,7,8,4,0,no_action,no_action,4
4578.60485419305,before_first_failure,358,8,8,4,0,no_action,no_action,5
4580.616649428033,before_first_failure,358,8,8,4,0,no_action,no_action,7
4582.6513292090385,before_first_failure,358,5,8,4,0,no_action,no_action,3
4584.694237610034,before_first_failure,354,8,8,4,0,no_action,no_action,4
4586.734922310046,before_first_failure,354,7,8,4,0,no_action,no_action,4
4588.823359802016,before_first_failure,351,8,8,4,0,no_action,no_action,4
4591.314645673032,before_first_failure,351,8,8,4,0,no_action,no_action,5
4593.381927052047,before_first_failure,349,7,8,4,0,no_action,no_action,5
4595.512308578996,before_first_failure,348,8,8,4,0,no_action,no_action,5
4597.5435104490025,before_first_failure,348,5,8,4,0,no_action,no_action,4
4599.590309454012,before_first_failure,345,8,8,4,0,no_action,no_action,4
4601.601690083044,before_first_failure,343,8,8,4,0,no_action,no_action,4
4603.8183985010255,before_first_failure,343,8,8,4,0,no_action,no_action,5
4605.902009818004,before_first_failure,343,4,8,4,0,no_action,no_action,3
4607.97439586703,before_first_failure,339,8,8,4,0,no_action,no_action,5
4610.329258061014,before_first_failure,339,8,8,4,0,no_action,no_action,3
4612.348165835021,before_first_failure,336,8,8,4,0,no_action,no_action,6
4614.372958043998,before_first_failure,336,8,8,4,0,no_action,no_action,7
4616.425728415023,before_first_failure,335,6,8,4,0,no_action,no_action,5
4618.777412992029,before_first_failure,332,8,8,4,0,no_action,no_action,3
4620.860465442005,before_first_failure,330,8,8,4,0,no_action,no_action,5
4623.374901426025,before_first_failure,330,8,8,4,0,no_action,no_action,4
4625.431973478,before_first_failure,326,8,8,4,0,no_action,no_action,6
4627.492553477001,before_first_failure,326,8,8,4,0,no_action,no_action,8
4629.865026000014,before_first_failure,326,8,8,4,0,no_action,no_action,5
4632.174327957036,before_first_failure,323,8,8,4,0,no_action,no_action,3
4634.795107124024,before_first_failure,323,6,8,4,0,no_action,no_action,2
4636.831432620995,before_first_failure,318,8,8,4,0,no_action,no_action,4
4638.984578817035,before_first_failure,318,8,8,4,0,no_action,no_action,5
4640.99854353402,before_first_failure,316,8,8,4,0,no_action,no_action,6
4643.144998395001,before_first_failure,316,7,8,4,0,no_action,no_action,4
4645.167164971004,before_first_failure,312,8,8,4,0,no_action,no_action,4
4647.271530742,before_first_failure,312,7,8,4,0,no_action,no_action,6
4649.346377224021,before_first_failure,311,6,8,4,0,no_action,no_action,5
4651.438576602028,before_first_failure,309,7,8,4,0,no_action,no_action,3
4653.550111441,before_first_failure,307,7,8,4,0,no_action,no_action,5
4655.565231034008,before_first_failure,306,7,8,4,0,no_action,no_action,3
4657.859832778049,before_first_failure,303,8,8,4,0,no_action,no_action,4
4659.968616921047,before_first_failure,303,6,8,4,0,no_action,no_action,4
4661.999555734044,before_first_failure,301,7,8,4,0,no_action,no_action,5
4664.205346892995,before_first_failure,299,8,8,4,0,no_action,no_action,7
4666.817701218999,before_first_failure,299,8,8,4,0,no_action,no_action,5
4690.199402850994,before_first_failure,299,6,8,4,0,no_action,no_action,0
4692.40026029502,before_first_failure,291,7,8,4,0,no_action,no_action,0
4694.441517910047,before_first_failure,291,7,8,4,0,no_action,no_action,3
4696.869160122005,before_first_failure,290,6,8,4,0,no_action,no_action,3
4698.89567825204,before_first_failure,290,5,8,4,0,no_action,no_action,2
4700.992803260044,before_first_failure,287,6,8,4,0,no_action,no_action,3
4703.1590955540305,before_first_failure,285,6,8,4,0,no_action,no_action,4
4705.170149294019,before_first_failure,283,5,8,4,0,no_action,no_action,4
4707.336642506998,before_first_failure,280,8,8,4,0,no_action,no_action,3
4709.400010843994,before_first_failure,277,8,8,4,0,no_action,no_action,5
4711.928302261047,before_first_failure,277,8,8,4,0,no_action,no_action,3
4714.019910603005,before_first_failure,272,8,8,4,0,no_action,no_action,6
4716.462598744023,before_first_failure,272,8,8,4,0,no_action,no_action,7
4718.564443423005,before_first_failure,270,7,8,4,0,no_action,no_action,5
4720.844870948,before_first_failure,270,7,8,4,0,no_action,no_action,4
4722.945786811004,before_first_failure,266,7,8,4,0,no_action,no_action,4
4725.147097469016,before_first_failure,265,8,8,4,0,no_action,no_action,3
4727.330347754003,before_first_failure,263,7,8,4,0,no_action,no_action,4
4729.659671568021,before_first_failure,262,8,8,4,0,no_action,no_action,5
4731.675596493005,before_first_failure,262,6,8,4,0,no_action,no_action,4
4734.20838600304,before_first_failure,260,7,8,4,0,no_action,no_action,6
4736.508284635027,before_first_failure,259,8,8,4,0,no_action,no_action,6
4738.531012426014,before_first_failure,257,7,8,4,0,no_action,no_action,5
4740.756106404995,before_first_failure,256,8,8,4,0,no_action,no_action,5
4742.831498857995,before_first_failure,254,8,8,4,0,no_action,no_action,4
4744.837441647018,before_first_failure,254,6,8,4,0,no_action,no_action,2
4746.9103015,before_first_failure,251,7,8,4,0,no_action,no_action,2
4749.1671726530185,before_first_failure,250,7,8,4,0,no_action,no_action,5
4751.201227094047,before_first_failure,249,7,8,4,0,no_action,no_action,3
4753.212447410042,before_first_failure,246,8,8,4,0,no_action,no_action,5
4755.293510288,before_first_failure,244,7,8,4,0,no_action,no_action,5
4757.58267035702,before_first_failure,243,8,8,4,0,no_action,no_action,5
4759.6745693809935,before_first_failure,242,7,8,4,0,no_action,no_action,5
4761.764100936998,before_first_failure,241,6,8,4,0,no_action,no_action,3
4763.848288119014,before_first_failure,239,8,8,4,0,no_action,no_action,2
4765.858802611008,before_first_failure,234,8,8,4,0,no_action,no_action,3
4767.953236831003,before_first_failure,234,8,8,4,0,no_action,no_action,3
4769.986678429006,before_first_failure,231,7,8,4,0,no_action,no_action,5
4772.518414855003,before_first_failure,230,8,8,4,0,no_action,no_action,4
4774.59916796902,before_first_failure,227,8,8,4,0,no_action,no_action,3
4777.017218826048,before_first_failure,227,6,8,4,0,no_action,no_action,0
4779.147045783,before_first_failure,221,8,8,4,0,no_action,no_action,1
4781.375745061028,before_first_failure,221,7,8,4,0,no_action,no_action,1
4783.522991139034,before_first_failure,217,8,8,4,0,no_action,no_action,4
4785.563547477999,before_first_failure,217,8,8,4,0,no_action,no_action,4
4787.782175533997,before_first_failure,216,7,8,4,0,no_action,no_action,5
4790.366241897049,before_first_failure,215,7,8,4,0,no_action,no_action,4
4792.647735303035,before_first_failure,210,8,8,4,0,no_action,no_action,3
4795.263744216994,before_first_failure,210,8,8,4,0,no_action,no_action,2
4797.281199840014,before_first_failure,208,7,8,4,0,no_action,no_action,5
4799.355439834995,before_first_failure,208,7,8,4,0,no_action,no_action,4
4801.43458486005,before_first_failure,207,7,8,4,0,no_action,no_action,6
4803.9045377110015,before_first_failure,206,8,8,4,0,no_action,no_action,4
4805.9574364130385,before_first_failure,203,7,8,4,0,no_action,no_action,2
4808.062158329994,before_first_failure,202,7,8,4,0,no_action,no_action,4
4810.167755965027,before_first_failure,200,5,8,4,0,no_action,no_action,4
4812.408322439005,before_first_failure,196,7,8,4,0,no_action,no_action,2
4814.563650605036,before_first_failure,196,4,8,4,0,no_action,no_action,1
4816.605510936002,before_first_failure,191,8,8,4,0,no_action,no_action,3
4819.412153518002,before_first_failure,191,8,8,4,0,no_action,no_action,3
4821.473240135994,before_first_failure,189,7,8,4,0,no_action,no_action,4
4823.474938330997,before_first_failure,187,7,8,4,0,no_action,no_action,4
4825.551471725048,before_first_failure,186,8,8,4,0,no_action,no_action,7
4827.697739576048,before_first_failure,186,8,8,4,0,no_action,no_action,6
4829.7158214700175,before_first_failure,183,7,8,4,0,no_action,no_action,4
4832.27984012902,before_first_failure,183,7,8,4,0,no_action,no_action,4
4834.383740438032,before_first_failure,179,8,8,4,0,no_action,no_action,6
4836.967511073046,before_first_failure,179,8,8,4,0,no_action,no_action,5
4839.047366167011,before_first_failure,176,7,8,4,0,no_action,no_action,7
4866.713161075022,before_first_failure,175,8,8,4,0,no_action,no_action,0
4868.815086217015,before_first_failure,170,6,8,4,0,no_action,no_action,0
4871.05708825303,before_first_failure,170,6,8,4,0,no_action,no_action,3
4873.123172805004,before_first_failure,168,8,8,4,0,no_action,no_action,5
4875.19604032801,before_first_failure,168,8,8,4,0,no_action,no_action,6
4877.2054499310325,before_first_failure,167,7,8,4,0,no_action,no_action,4
4879.317350577039,before_first_failure,166,3,8,4,0,no_action,no_action,1
4881.550920690002,before_first_failure,161,6,8,4,0,no_action,no_action,2
4883.554888523999,before_first_failure,159,8,8,4,0,no_action,no_action,4
4885.690006863035,before_first_failure,159,8,8,4,0,no_action,no_action,5
4887.715931759041,before_first_failure,159,6,8,4,0,no_action,no_action,6
4889.769265551993,before_first_failure,157,8,8,4,0,no_action,no_action,4
4892.076118079014,before_first_failure,154,8,8,4,0,no_action,no_action,5
4894.1844700530055,before_first_failure,154,8,8,4,0,no_action,no_action,4
4896.205726718996,before_first_failure,152,8,8,4,0,no_action,no_action,6
4898.817598257039,before_first_failure,152,8,8,4,0,no_action,no_action,4
4900.903669537045,before_first_failure,149,7,8,4,0,no_action,no_action,5
4903.66762636404,before_first_failure,148,8,8,4,0,no_action,no_action,4
4905.732763683016,before_first_failure,146,5,8,4,0,no_action,no_action,3
4908.249282961013,before_first_failure,143,7,8,4,0,no_action,no_action,2
4910.354094113049,before_first_failure,142,8,8,4,0,no_action,no_action,3
4912.401947491046,before_first_failure,142,7,8,4,0,no_action,no_action,6
4914.432436538045,before_first_failure,141,6,8,4,0,no_action,no_action,6
4916.608172762033,before_first_failure,139,8,8,4,0,no_action,no_action,4
4918.703283026,before_first_failure,137,6,8,4,0,no_action,no_action,3
4920.819424357032,before_first_failure,137,6,8,4,0,no_action,no_action,4
4922.821056766028,before_first_failure,135,7,8,4,0,no_action,no_action,5
4924.91302548605,before_first_failure,135,6,8,4,0,no_action,no_action,4
4926.938349203032,before_first_failure,133,7,8,4,0,no_action,no_action,6
4928.964528337994,before_first_failure,132,8,8,4,0,no_action,no_action,5
4930.966172387998,before_first_failure,130,5,8,4,0,no_action,no_action,3
4933.803767591016,before_first_failure,127,8,8,4,0,no_action,no_action,3
4935.819306989026,before_first_failure,127,7,8,4,0,no_action,no_action,4
4937.8406908450415,before_first_failure,127,6,8,4,0,no_action,no_action,5
4939.871226588031,before_first_failure,125,7,8,4,0,no_action,no_action,5
4941.890740377014,before_first_failure,123,8,8,4,0,no_action,no_action,6
4943.979847408016,before_first_failure,123,6,8,4,0,no_action,no_action,5
4946.050665076997,before_first_failure,121,5,8,4,0,no_action,no_action,3
4948.12518478703,before_first_failure,118,7,8,4,0,no_action,no_action,6
4950.193715511006,before_first_failure,117,8,8,4,0,no_action,no_action,7
4952.326967513014,before_first_failure,116,7,8,4,0,no_action,no_action,6
4954.349302731047,before_first_failure,114,7,8,4,0,no_action,no_action,6
4957.194415831007,before_first_failure,114,6,8,4,0,no_action,no_action,1
4959.317060262023,before_first_failure,106,8,8,4,0,no_action,no_action,3
4961.802274189016,before_first_failure,106,7,8,4,0,no_action,no_action,3
4963.924316538032,before_first_failure,103,6,8,4,0,no_action,no_action,3
4966.056624898047,before_first_failure,103,6,8,4,0,no_action,no_action,4
4968.110990989022,before_first_failure,101,7,8,4,0,no_action,no_action,5
4970.117596213007,before_first_failure,100,6,8,4,0,no_action,no_action,5
4972.217878048017,before_first_failure,98,6,8,4,0,no_action,no_action,4
4975.006424350024,before_first_failure,96,7,8,4,0,no_action,no_action,5
4977.516066223034,before_first_failure,95,7,8,4,0,no_action,no_action,3
4979.532195885025,before_first_failure,94,5,8,4,0,no_action,no_action,3
4981.658491843031,before_first_failure,91,8,8,4,0,no_action,no_action,5
4983.691971615015,before_first_failure,91,8,8,4,0,no_action,no_action,4
4985.775382289023,before_first_failure,89,7,8,4,0,no_action,no_action,6
4988.264373856015,before_first_failure,88,8,8,4,0,no_action,no_action,6
4990.32355943101,before_first_failure,87,8,8,4,0,no_action,no_action,8
4992.805016319035,before_first_failure,87,8,8,4,0,no_action,no_action,3
4994.868021311006,before_first_failure,82,7,8,4,0,no_action,no_action,1
4997.2491506670485,before_first_failure,82,6,8,4,0,no_action,no_action,3
4999.263985244033,before_first_failure,79,7,8,4,0,no_action,no_action,4
5001.520529352012,before_first_failure,78,8,8,4,0,no_action,no_action,6
5003.594925503014,before_first_failure,78,6,8,4,0,no_action,no_action,5
5005.658052109007,before_first_failure,74,7,8,4,0,no_action,no_action,3
5007.806689626013,before_first_failure,74,7,8,4,0,no_action,no_action,2
5009.838743783999,before_first_failure,66,8,8,4,0,no_action,no_action,1
5011.899237378035,before_first_failure,66,8,8,4,0,no_action,no_action,5
5013.931986127049,before_first_failure,64,7,8,4,0,no_action,no_action,7
5016.216707134037,before_first_failure,63,7,8,4,0,no_action,no_action,4
5041.316633903014,before_first_failure,62,6,8,4,0,no_action,no_action,0
5043.4552022440475,before_first_failure,60,3,8,4,0,no_action,no_action,1
5045.672974415007,before_first_failure,55,8,8,4,0,no_action,no_action,3
5047.776795655023,before_first_failure,55,8,8,4,0,no_action,no_action,4
5049.790137225995,before_first_failure,55,8,8,4,0,no_action,no_action,7
5052.271989503002,before_first_failure,55,7,8,4,0,no_action,no_action,3
5054.386770259007,before_first_failure,50,7,8,4,0,no_action,no_action,5
5057.176023279026,before_first_failure,49,8,8,4,0,no_action,no_action,4
5059.366485684004,before_first_failure,46,8,8,4,0,no_action,no_action,6
5061.550865646044,before_first_failure,46,8,8,4,0,no_action,no_action,5
5063.64365625201,before_first_failure,43,8,8,4,0,no_action,no_action,6
5065.947236920998,before_first_failure,43,7,8,4,0,no_action,no_action,6
5067.964584369038,before_first_failure,41,7,8,4,0,no_action,no_action,3
5070.046703816042,before_first_failure,39,7,8,4,0,no_action,no_action,2
5072.060269789014,before_first_failure,36,7,8,4,0,no_action,no_action,4
5074.340541366022,before_first_failure,35,8,8,4,0,no_action,no_action,5
5076.476733348041,before_first_failure,35,8,8,4,0,no_action,no_action,6
5078.504626570037,before_first_failure,34,7,8,4,0,no_action,no_action,4
5081.13790526503,before_first_failure,32,8,8,4,0,no_action,no_action,0
5083.175763800042,before_first_failure,27,8,8,4,0,no_action,no_action,2
5085.4477637360105,before_first_failure,27,8,8,4,0,no_action,no_action,1
5087.550093629048,before_first_failure,22,8,8,4,0,no_action,no_action,4
5089.705370554002,before_first_failure,22,8,8,4,0,no_action,no_action,2
5091.793887333013,before_first_failure,18,7,8,4,0,no_action,no_action,3
5093.99897086405,before_first_failure,18,7,8,4,0,no_action,no_action,0
5096.130509635026,before_first_failure,12,8,8,4,0,no_action,no_action,3
5098.614108804031,before_first_failure,12,7,8,4,0,no_action,no_action,1
5100.676072923001,before_first_failure,12,2,8,4,0,no_action,no_action,1
5102.728726452042,before_first_failure,6,7,8,4,0,no_action,no_action,1
5104.831311450049,before_first_failure,6,6,8,4,0,no_action,no_action,0
5107.261427635036,before_first_failure,2,7,8,4,0,no_action,no_action,1
5109.402780569042,before_first_failure,0,5,8,4,0,no_action,no_action,0
5111.4325857190415,before_first_failure,0,3,8,4,0,no_action,no_action,2
