offset_s,held_gpus,held_gpu_utilization_mean_percent,arrival_to_gate,gate_to_source_admission,source_to_native_dispatch,native_dispatch_to_last_token,last_token_to_controller_completion,controller_completion_to_terminal,gate_to_terminal
0.8258475150214508,1,0.0,1,0,0,0,0,0,0
1.8373017419944517,1,29.0,1,0,0,0,0,0,0
2.851672833028715,1,0.0,1,0,0,0,0,0,0
3.866347366012633,1,0.0,1,0,0,0,0,0,0
4.879878672014456,1,0.0,1,0,0,0,0,0,0
5.893380920984782,1,0.0,1,0,0,0,0,0,0
6.906727665977087,1,0.0,1,0,0,0,0,0,0
7.920716713997535,1,0.0,1,0,0,0,0,0,0
8.934763106983155,1,0.0,1,0,0,0,0,0,0
9.94894051400479,1,0.0,1,0,0,0,0,0,0
10.962430212006439,1,0.0,1,0,0,0,0,0,0
11.976107988972217,1,0.0,2,0,0,0,0,0,0
12.989733433991205,1,0.0,2,0,0,0,0,0,0
14.003406320989598,1,0.0,3,0,0,0,0,0,0
15.016974742000457,1,0.0,3,0,0,0,0,0,0
16.030291541013867,1,0.0,3,0,0,0,0,0,0
17.04362684697844,1,0.0,3,0,0,0,0,0,0
18.057658898993395,1,0.0,3,0,0,0,0,0,0
19.07069991802564,1,0.0,3,0,0,0,0,0,0
20.08476665301714,1,0.0,3,0,0,0,0,0,0
21.097968221991323,1,0.0,3,0,0,0,0,0,0
22.1109753799974,1,0.0,4,0,0,0,0,0,0
23.123550151998643,1,0.0,4,0,0,0,0,0,0
24.137323902978096,1,0.0,0,0,4,0,0,0,4
25.149719315988477,1,72.0,0,0,1,3,0,0,4
26.16359586402541,1,93.0,0,0,0,4,0,0,4
27.177198817022145,1,92.0,0,0,0,3,0,1,4
28.19097941200016,1,97.0,0,0,0,3,0,0,3
29.20488515100442,1,94.0,0,0,0,2,0,0,2
30.2149513559998,1,94.0,0,0,0,2,0,0,2
31.230537889990956,1,94.0,0,0,0,2,0,0,2
32.244663873978425,1,74.0,0,0,0,0,0,0,0
33.2585085540195,1,0.0,0,0,0,0,0,0,0
34.272260526020546,1,0.0,0,0,0,0,0,0,0
35.28636219300097,1,0.0,0,0,0,0,0,0,0
36.30045947799226,1,0.0,0,0,0,1,0,0,1
37.31302149797557,1,73.0,0,0,1,2,0,0,3
38.326961366983596,1,94.0,0,0,0,3,0,0,3
39.341402031015605,1,97.0,0,0,0,3,0,0,3
40.3559983720188,1,95.0,0,0,1,3,0,0,4
41.37022049998632,1,97.0,1,0,0,4,0,0,4
42.38438210001914,1,97.0,2,0,0,4,0,0,4
43.398062690976076,1,71.0,2,0,0,4,0,0,4
44.409784258983564,1,25.0,2,0,0,4,0,0,4
45.423678756982554,1,95.0,1,1,0,2,0,1,4
46.43142657499993,1,73.0,0,0,0,3,0,0,3
47.44507128599798,1,73.0,0,0,1,2,0,0,3
48.459395091980696,1,99.0,0,0,0,3,0,0,3
49.4736239539925,1,94.0,0,1,0,3,0,0,4
50.48698210797738,2,49.0,1,0,0,4,0,0,4
51.49950271198759,2,48.5,2,0,0,4,0,0,4
52.51246448501479,3,43.0,3,0,0,4,0,0,4
53.526542317005806,3,46.666666666666664,3,0,0,4,0,0,4
54.540909870993346,3,33.333333333333336,3,0,0,4,0,0,4
55.55972783599282,4,16.5,3,0,0,4,0,0,4
56.58802470000228,4,9.0,5,0,0,4,0,0,4
57.62101022497518,4,2.5,5,0,0,4,0,0,4
58.63774524698965,4,16.75,5,2,0,2,0,0,4
59.65207402501255,4,42.5,7,2,0,2,0,0,4
60.6672924690065,4,13.5,6,1,1,2,0,0,4
61.68225974502275,4,54.75,6,0,0,4,0,0,4
62.69692614400992,4,33.75,6,0,0,4,0,0,4
63.710994106018916,4,19.25,6,0,0,4,0,0,4
64.72381258697715,4,32.5,6,0,1,3,0,0,4
65.73690281499876,4,23.0,7,0,0,4,0,0,4
66.75153311801841,4,24.0,8,0,0,4,0,0,4
67.76597354700789,4,28.0,8,0,0,4,0,0,4
68.78034653700888,4,23.25,8,0,0,4,0,0,4
69.79581695300294,4,30.5,7,0,0,4,0,0,4
70.8096361089847,4,23.75,7,0,0,4,0,0,4
71.82391845999518,4,41.0,7,0,0,4,0,0,4
72.83769731898792,4,25.25,5,1,0,2,0,1,4
73.84990320698125,4,29.75,4,0,0,4,0,0,4
74.86359397601336,4,35.75,0,0,2,6,0,0,8
75.87779560999479,4,45.0,0,0,0,8,0,0,8
76.89302044402575,4,32.0,0,0,0,7,1,0,8
77.90685099398252,4,47.0,0,0,0,6,0,0,6
78.92119246697985,4,23.0,0,1,0,6,0,0,7
79.93398628797149,4,48.75,0,0,0,6,0,0,6
80.94818558602128,4,26.5,0,0,0,6,0,0,6
81.96255566499894,4,37.25,0,1,1,6,0,0,8
82.97654136200435,4,47.25,0,4,0,6,1,0,11
83.99074089102214,4,72.75,0,0,3,6,0,0,9
85.00362225202844,4,71.5,0,0,3,3,0,2,8
86.01809752202826,4,63.0,0,0,1,5,0,0,6
87.02901280601509,4,93.5,0,1,0,5,0,0,6
88.04229994298657,4,65.0,0,0,0,6,0,0,6
89.05662793800002,4,71.0,0,0,0,6,0,0,6
90.07060864800587,4,70.5,0,0,0,4,1,0,5
91.08423223299906,4,57.5,0,0,0,2,0,0,2
92.10033003700664,4,7.5,0,1,1,2,0,0,4
93.1145574930124,4,5.75,0,1,0,4,0,0,5
94.12817294098204,4,72.5,0,1,0,5,0,0,6
95.14218170300592,4,88.5,0,1,2,5,0,0,8
96.1563215199858,4,72.75,0,0,1,4,1,0,6
97.17027745197993,4,92.75,0,0,1,5,0,0,6
98.1832006329787,4,62.5,0,1,2,4,0,0,7
99.19733047101181,4,85.0,0,0,1,6,0,0,7
100.21182244998636,4,74.25,0,0,0,8,0,0,8
101.22758881998016,4,48.25,0,0,0,8,0,0,8
102.24155775702093,4,76.0,0,0,0,5,0,0,5
103.25556439399952,4,23.25,0,1,1,3,0,0,5
104.2694418990286,4,47.25,0,0,0,5,0,0,5
105.28163076197961,4,81.75,0,1,0,5,0,0,6
106.29554705199553,4,47.5,0,0,0,5,0,0,5
107.3104453869746,4,95.0,0,0,0,4,0,0,4
108.32330045598792,4,47.5,0,1,1,4,0,0,6
109.33346201002132,4,68.25,0,0,1,4,0,0,5
110.34783062600764,4,10.0,0,0,0,5,0,0,5
111.3559660059982,4,38.75,0,0,0,4,0,0,4
112.36440227198182,4,87.75,0,0,0,4,0,0,4
113.37799694598652,4,25.25,0,0,0,2,0,0,2
114.3917079269886,4,46.25,0,0,0,1,0,0,1
115.40540114900796,4,23.25,0,0,0,0,0,0,0
116.4196699319873,4,0.0,0,1,0,0,0,0,1
117.43353346799267,4,0.0,0,0,0,1,0,0,1
118.44752927700756,4,23.25,0,0,0,2,0,0,2
119.46091360598803,4,35.5,0,2,0,2,0,0,4
120.47540894098347,4,46.75,0,0,1,3,0,0,4
121.48918529000366,4,46.0,0,0,1,2,0,0,3
122.50075848598499,4,44.75,0,0,0,3,0,0,3
123.51398191100452,4,24.0,0,0,0,3,0,0,3
124.52498184202705,4,42.5,0,1,0,3,0,0,4
125.53986630099826,4,32.75,0,0,0,4,0,0,4
126.55398389598122,4,48.25,0,0,0,5,0,0,5
127.56844374298817,4,68.5,0,0,1,4,0,0,5
128.5822360769962,4,71.25,0,0,1,2,0,1,4
129.5969091450097,4,45.25,0,0,1,2,0,0,3
130.60858452500543,4,47.75,0,0,0,3,0,0,3
131.62268208398018,4,43.25,0,0,0,3,0,0,3
132.63705019798363,4,39.75,0,2,0,3,0,0,5
133.65092058398295,4,37.0,0,0,0,6,0,0,6
134.65934286097763,4,47.5,0,1,0,4,0,0,5
135.67254803399555,4,71.0,0,2,0,3,0,1,6
136.68683556298492,4,60.25,2,2,0,2,1,1,6
137.7003339100047,4,26.0,0,1,1,4,0,0,6
138.71425630897284,4,24.0,0,0,2,2,0,0,4
139.72814194799867,4,28.75,0,1,0,2,0,1,4
140.7425219619763,4,47.0,0,1,0,2,0,0,3
141.75636137701804,4,18.5,0,1,0,3,0,0,4
142.76906812301604,4,60.5,0,1,3,3,0,0,7
143.78336327697616,4,36.75,0,1,1,5,0,1,8
144.79720903898124,4,47.0,0,0,1,6,0,0,7
145.81089237198466,4,68.5,0,0,0,7,0,0,7
146.82474149297923,4,31.25,0,0,0,7,0,0,7
147.8387975569931,4,51.0,0,0,0,7,0,1,8
148.85066361801,4,26.75,0,1,0,6,0,0,7
149.86229444097262,4,25.75,0,0,0,7,0,0,7
150.87628592498368,4,47.5,0,0,0,6,0,0,6
151.89010489202337,4,23.5,0,0,0,4,0,0,4
152.90329900599318,4,46.75,1,0,0,4,0,0,4
153.91742989898194,4,46.75,0,2,0,4,0,0,6
154.93167362100212,4,25.75,0,1,0,6,0,0,7
155.94559441297315,4,46.75,0,0,0,6,0,0,6
156.95978882099735,4,30.5,2,1,0,5,1,0,7
157.972158449993,4,46.75,0,0,2,6,0,0,8
158.98423615098,4,49.0,0,0,1,5,1,0,7
159.99817084602546,4,33.0,0,0,2,5,0,0,7
161.01224108197493,4,38.75,0,0,0,6,1,0,7
162.02622624102514,4,46.5,0,1,0,5,1,0,7
163.0392503149924,4,44.25,2,0,1,5,0,0,6
164.0533277509967,4,24.75,1,2,0,5,0,1,8
165.06780886801425,4,48.0,0,0,2,5,0,0,7
166.0808970599901,4,71.5,0,1,1,5,0,0,7
167.09450564801227,4,38.5,0,0,0,5,1,0,6
168.10872341197683,4,69.75,0,1,0,4,1,0,6
169.12207686598413,4,47.75,0,1,0,3,1,0,5
170.1363803750137,4,46.25,0,3,1,2,0,1,7
171.15061085298657,4,23.5,0,0,2,3,0,0,5
172.1644357329933,4,23.25,0,0,1,3,0,0,4
173.17887004098156,4,48.25,0,0,0,4,0,0,4
174.19279328500852,4,70.5,0,0,0,4,0,0,4
175.20665960299084,4,49.75,0,0,0,4,0,0,4
176.21691243402893,4,41.0,0,1,0,4,0,0,5
177.23080342100002,4,33.75,0,1,0,4,0,0,5
178.25538696802687,4,47.25,0,0,0,4,0,0,4
179.269332477008,4,64.0,0,3,0,4,0,0,7
180.28675536002265,4,17.0,0,4,0,3,1,0,8
181.3146389159956,4,47.75,1,4,0,3,1,0,8
182.3290753819747,4,55.25,0,1,2,5,0,0,8
183.34333680698182,4,51.5,0,0,1,7,0,0,8
184.35714494698914,4,71.5,1,0,1,7,1,0,9
185.3714433480054,4,71.25,0,1,0,7,0,2,10
186.38574560597772,4,58.75,0,0,0,8,0,0,8
187.40013786102645,4,70.0,0,1,0,8,0,0,9
188.4153746109805,4,73.0,0,0,0,6,0,0,6
189.4291250659735,4,47.0,2,0,0,5,1,0,6
190.44303685502382,4,66.25,0,0,0,7,0,0,7
191.45762135199038,4,55.5,0,2,1,6,0,0,9
192.47094126901357,4,46.5,0,0,1,7,0,0,8
193.4855221559992,4,70.5,1,2,1,5,2,0,10
194.5000794280204,4,48.0,0,2,1,6,0,0,9
195.51396069402108,4,23.75,0,1,2,4,0,0,7
196.5291058269795,4,42.25,0,1,1,6,0,0,8
197.54512164898915,4,72.25,0,0,1,7,0,0,8
198.55847439798526,4,44.25,0,1,0,7,0,0,8
199.57271256000968,4,47.0,0,0,1,6,0,0,7
200.58722605899675,4,46.5,0,0,1,6,0,0,7
201.6012268200284,4,26.0,0,1,0,6,0,0,7
202.6136340550147,4,47.5,1,1,0,4,2,0,7
203.62731985998107,4,47.25,0,0,1,4,0,0,5
204.64168918097857,4,71.0,0,1,1,3,0,1,6
205.65412563900463,4,28.0,0,2,2,1,0,0,5
206.66856486798497,4,15.0,0,0,2,3,0,0,5
207.68257846398046,4,36.0,0,1,1,4,0,0,6
208.6962307469803,4,47.5,0,1,1,4,0,0,6
209.70893943699775,4,26.5,0,0,0,6,0,0,6
210.7231559319771,4,46.25,0,0,0,4,1,0,5
211.736883450998,4,46.5,0,0,0,4,0,0,4
212.75114165100968,4,46.75,0,0,0,4,0,0,4
213.76517303998116,4,32.0,0,1,0,4,0,0,5
214.77692237100564,4,45.5,1,1,1,2,2,0,6
215.79155361902667,4,26.25,0,2,2,4,0,0,8
216.80553925898857,4,46.25,0,2,0,6,0,0,8
217.81977219699183,4,68.0,0,0,1,6,0,0,7
218.83345012902282,4,48.25,0,1,1,6,0,0,8
219.84712058998412,4,31.5,0,1,1,5,1,0,8
220.86184127797605,4,16.0,0,2,2,5,0,0,9
221.8760945770191,4,25.75,0,0,0,8,0,0,8
222.89025257900357,4,40.0,1,2,0,7,1,0,10
223.9013274880126,4,69.75,1,2,0,7,1,0,10
224.9151322239777,4,59.75,0,1,1,6,1,0,9
225.92933806101792,4,49.75,0,2,0,5,0,0,7
226.94082417699974,4,23.0,1,2,0,5,0,0,7
227.9538209179882,4,53.25,0,1,1,6,0,0,8
228.96827898197807,4,60.0,0,2,1,4,0,0,7
229.9823463979992,4,69.5,0,0,3,4,0,0,7
230.9964862599736,4,24.0,0,0,1,5,0,1,7
232.01049233897356,4,46.5,1,0,1,5,0,0,6
233.02445407101186,4,45.25,0,2,1,5,0,0,8
234.0380616359762,4,43.75,0,0,1,5,0,0,6
235.0523872449994,4,36.0,1,0,0,6,0,0,6
236.06617572100367,4,52.25,0,1,0,4,0,0,5
237.0803153020097,4,48.0,1,1,0,5,0,0,6
238.09394982998492,4,47.0,0,3,1,4,0,0,8
239.10783995798556,4,34.25,0,0,1,7,0,0,8
240.1222134460113,4,71.75,0,1,0,6,0,1,8
241.13690973300254,4,70.5,0,0,1,4,1,0,6
242.15784911898663,4,47.75,0,0,0,4,0,0,4
243.17240925197257,4,46.75,0,0,0,2,0,0,2
244.1862408670131,4,46.5,0,1,0,1,0,0,2
245.2002658469719,4,0.0,0,1,0,2,0,0,3
246.21466708101798,4,29.75,0,2,1,2,0,0,5
247.22826848202385,4,49.75,0,1,1,5,0,0,7
248.24256386701018,4,47.75,1,1,1,5,0,0,7
249.25644085998647,4,48.0,0,0,1,4,0,2,7
250.27059880801244,4,44.0,0,0,1,3,0,0,4
251.28466768900398,4,42.0,0,1,1,3,0,0,5
252.2988124989788,4,47.5,0,1,1,4,0,0,6
253.31264348997502,4,48.25,0,0,2,4,0,0,6
254.32706928398693,4,22.75,0,0,1,5,0,1,7
255.34120557899587,4,67.0,1,0,0,5,0,0,5
256.3542180759832,4,71.75,1,0,0,4,1,0,5
257.36799408501247,4,47.5,0,0,0,5,0,0,5
258.38206621300196,4,46.75,0,0,0,3,0,0,3
259.3941658650292,4,37.0,0,0,0,2,0,1,3
260.40713413397316,4,24.25,0,3,0,1,0,0,4
261.41944263497135,4,5.0,0,1,1,3,0,0,5
262.4333277749829,4,25.0,0,2,1,3,0,0,6
263.4406168779824,4,52.5,0,1,0,3,1,0,5
264.45325055602007,4,25.0,0,0,1,3,0,1,5
265.46696685801726,4,22.75,0,0,0,4,0,0,4
266.48018619202776,4,34.5,0,0,0,3,0,0,3
267.4951704890118,4,46.5,0,0,0,2,0,0,2
268.50888362398837,4,2.25,0,1,0,1,0,0,2
269.5211421729764,4,23.75,0,0,0,2,0,0,2
270.5351404909743,4,23.25,0,2,0,2,0,0,4
271.54885262600146,4,47.0,0,0,1,4,0,0,5
272.56300042697694,4,49.25,4,0,1,4,0,0,5
273.5769835530082,4,63.75,0,1,3,6,0,0,10
274.5908372470294,4,47.25,0,0,1,7,0,0,8
275.60523403901607,4,54.5,0,0,1,7,0,0,8
276.6192101140041,4,24.0,0,0,0,7,0,0,7
277.63318561197957,4,47.75,0,0,0,5,0,0,5
278.6465594749898,4,24.0,0,0,0,5,0,0,5
279.6604005499976,4,46.25,0,0,0,3,0,1,4
280.6747402509791,4,46.5,0,0,0,2,0,0,2
281.6868819500087,4,16.75,0,1,0,1,0,1,3
282.6995268139872,4,23.5,1,1,0,1,0,0,2
283.71128107898403,4,12.25,0,1,1,0,0,0,2
284.72199425200233,4,22.75,0,1,1,1,0,0,3
285.73585367697524,4,23.0,0,0,2,2,0,0,4
286.7502338869963,4,25.25,0,0,0,4,0,0,4
287.76219435298117,4,23.25,0,1,0,3,0,0,4
288.77606249501696,4,23.75,0,0,0,4,0,0,4
289.78860688302666,4,47.25,0,0,0,4,0,0,4
290.8025453219889,4,24.0,0,1,0,4,0,0,5
291.8148083189735,4,47.75,0,0,0,5,0,0,5
292.82799457898363,4,55.5,0,0,0,5,0,0,5
293.84050986601505,4,41.5,0,0,0,5,0,0,5
294.85346251900773,4,45.75,0,0,0,4,1,0,5
295.868046329997,4,48.25,2,0,0,4,1,0,5
296.88141693302896,4,7.0,0,1,2,1,3,0,7
297.895817067998,4,47.25,0,0,0,4,0,0,4
298.91000923502725,4,23.5,1,0,0,3,1,0,4
299.9227401060052,4,70.5,0,3,0,3,0,1,7
300.93712853000034,4,37.25,0,1,1,3,0,0,5
301.95450440602144,4,46.5,0,1,1,3,0,1,6
303.00583050597925,4,0.0,0,1,1,3,0,0,5
304.03490831999807,4,12.0,1,1,1,3,0,0,5
305.04939836397534,4,16.5,0,2,0,4,0,0,6
306.0651986169978,4,37.5,0,0,1,6,0,0,7
307.0771525760065,4,62.0,2,0,0,7,0,0,7
308.09127482702024,4,46.75,0,2,2,4,0,2,10
309.1052155789803,4,47.0,0,1,1,6,0,0,8
310.1181263009785,4,23.25,0,0,1,7,0,0,8
311.1322683930048,4,73.25,0,2,0,6,1,0,9
312.14517951902235,4,51.25,0,1,0,7,1,0,9
313.1597936109756,4,24.5,0,3,0,9,1,0,13
314.17371846502647,4,48.5,0,3,0,8,1,0,12
315.18781796400435,4,33.5,0,1,1,10,0,0,12
316.20134282502113,4,93.25,0,0,1,9,2,0,12
317.21529568202095,4,75.5,0,0,0,7,0,1,8
318.228347168013,4,69.25,0,2,0,6,0,0,8
319.2420480820001,4,59.25,0,0,0,7,0,0,7
320.25619405397447,4,70.25,0,3,0,6,0,0,9
321.2703216620139,4,82.25,2,3,0,4,1,1,9
322.2829427749966,4,28.25,0,7,0,6,0,1,14
323.2937879450037,4,66.25,0,4,3,8,0,0,15
324.30757615697803,4,20.5,1,5,3,8,0,0,16
325.3217735689832,4,35.75,2,5,3,4,4,0,16
326.3350136220106,4,69.75,0,4,4,7,0,1,16
327.34938127500936,4,49.5,0,0,3,11,0,0,14
328.3597533630091,4,93.0,0,0,2,6,0,0,8
329.3672617970151,4,21.25,0,2,2,7,1,0,12
330.38150505302474,4,42.75,0,0,0,10,0,0,10
331.39518871798646,4,48.25,0,0,0,6,4,0,10
332.4095365279936,4,47.25,1,0,0,5,5,0,10
333.42338184599066,4,28.25,0,1,0,6,0,0,7
334.44056480401196,4,46.75,0,3,1,5,0,0,9
335.4548489219742,4,48.25,1,0,3,5,1,0,9
336.4687462989823,4,30.25,0,3,1,6,0,0,10
337.4824641550076,4,71.0,0,3,0,5,1,1,10
338.4965536990203,4,58.5,0,0,3,4,0,0,7
339.50978830998065,4,70.25,1,0,1,5,1,0,7
340.5239305039868,4,64.0,0,4,0,7,0,0,11
341.53812293399824,4,68.0,3,2,1,8,0,0,11
342.5517026089947,4,94.75,0,0,5,8,0,0,13
343.5660175770172,4,55.5,0,1,0,12,0,1,14
344.5750537699787,4,46.0,0,3,0,10,2,1,16
345.58879855799023,4,71.25,0,3,0,8,3,0,14
346.6027468650136,4,70.75,0,3,0,6,5,0,14
347.6171931059798,4,73.25,0,1,0,8,0,0,9
348.6310495160287,4,60.25,0,3,0,6,0,0,9
349.64533021097304,4,47.25,3,1,3,6,0,0,10
350.6599480320001,4,92.0,0,6,1,6,2,1,16
351.67385785700753,4,47.0,0,0,3,10,0,0,13
352.6890095240087,4,86.25,0,2,1,8,3,0,14
353.7030737840105,4,47.5,1,2,1,7,1,0,11
354.7170305339969,4,70.5,6,1,2,5,2,1,11
355.73157309001544,4,78.25,1,1,5,7,0,1,14
356.7450806829729,4,3.25,1,0,0,14,1,1,16
357.7580574990134,4,63.25,1,3,0,8,5,0,16
358.7722670810181,4,47.0,2,1,2,5,0,8,16
359.78232691198355,4,71.75,0,1,1,8,0,0,10
360.79664434998995,4,69.25,0,6,0,8,0,1,15
361.8083891940187,4,47.75,1,2,3,11,0,0,16
362.8213437219965,4,49.75,5,5,4,7,0,0,16
363.8323257280281,4,58.0,10,4,3,8,1,0,16
364.84625294199213,4,69.75,11,5,2,6,0,3,16
365.85993488301756,4,24.75,7,3,7,6,0,0,16
366.87142100802157,4,96.25,7,0,4,11,0,1,16
367.8852377019939,4,62.25,4,3,2,11,0,0,16
368.8993725969922,4,69.75,2,2,1,9,0,4,16
369.91312030301197,4,62.75,0,5,0,9,0,0,14
370.9270566300256,4,94.0,1,5,0,6,3,0,14
371.9391203959822,4,70.25,0,2,4,5,0,4,15
372.9531282319804,4,92.75,0,3,3,6,0,1,13
373.96745392802404,4,24.0,0,0,2,10,0,0,12
374.9795369050116,4,93.5,1,0,1,10,0,1,12
375.99346657597926,4,61.75,0,0,0,12,0,0,12
377.0063217440038,4,95.0,0,1,0,10,0,0,11
378.02031149697723,4,44.75,0,0,2,9,0,1,12
379.0298521639779,4,74.5,0,0,0,9,0,1,10
380.04345317400293,4,65.25,0,0,0,8,0,0,8
381.055947610992,4,71.0,0,1,0,6,0,1,8
382.0710148329963,4,49.25,0,1,0,6,0,0,7
383.085005912988,4,48.25,0,1,0,6,0,0,7
384.0990873890114,4,48.25,0,0,0,7,0,0,7
385.1125683680293,4,48.5,0,0,0,4,0,3,7
386.1266824849881,4,22.25,0,0,0,3,0,0,3
387.1405792569858,4,20.5,0,0,0,2,0,0,2
388.15299755102023,4,23.25,0,1,0,2,0,0,3
389.16669070202624,4,0.0,0,3,0,2,0,0,5
390.1755879690172,4,41.5,0,1,1,4,0,0,6
391.18852489901474,4,23.5,0,1,1,3,1,0,6
392.2025737540098,4,11.25,0,0,0,4,0,1,5
393.21487223997246,4,47.5,0,0,0,3,0,0,3
394.22620740300044,4,34.75,0,2,1,2,0,0,5
395.2398759429925,4,16.0,0,2,0,3,0,0,5
396.2530981070013,4,49.0,0,3,0,2,1,0,6
397.2672543139779,4,16.25,1,3,0,2,1,0,6
398.2800484939944,4,10.75,0,1,1,6,0,0,8
399.2938788739848,4,52.0,0,1,1,6,1,0,9
400.307666497014,4,47.0,0,3,1,5,1,1,11
401.3198779069935,4,70.5,0,0,0,7,0,1,8
402.33569754997734,4,74.75,0,0,2,6,0,0,8
403.34270162897883,4,66.5,1,1,0,8,0,0,9
404.35618073499063,4,96.5,0,1,1,7,0,0,9
405.36851923697395,4,95.5,0,0,0,8,0,1,9
406.3829003609717,4,64.5,0,2,0,7,0,0,9
407.39709743799176,4,61.75,0,0,0,8,1,0,9
408.4111027159961,4,30.75,2,2,0,6,1,1,10
409.42574576998595,4,40.75,0,2,3,5,0,0,10
410.4392280590255,4,49.0,0,2,2,8,0,0,12
411.4506310870056,4,63.0,0,1,2,8,0,0,11
412.46259358199313,4,44.0,0,1,1,9,1,0,12
413.47558158199536,4,71.5,0,0,0,7,0,0,7
414.48679702798836,4,70.5,0,0,0,5,0,1,6
415.49719083099626,4,46.75,0,0,0,2,0,0,2
416.5103960770066,4,23.25,0,0,0,2,0,0,2
417.5226050540223,4,47.5,1,0,0,2,0,0,2
418.5340953550185,4,35.25,0,2,0,2,0,0,4
419.5483214069973,4,71.75,0,1,0,2,1,1,5
420.5609121660236,4,47.25,1,1,1,2,0,0,4
421.5745609609876,4,46.75,0,3,1,4,0,0,8
422.5885689340066,4,40.75,0,1,1,4,1,0,7
423.6020445940085,4,73.0,0,1,0,6,0,0,7
424.6159023310174,4,72.25,0,0,0,7,0,0,7
425.6777495110291,4,70.25,0,0,0,4,3,0,7
426.7512716400088,4,25.0,0,0,0,4,3,0,7
427.7632245399873,4,26.25,0,0,0,4,3,0,7
428.7772996230051,4,22.75,0,1,0,4,0,0,5
429.7909580299747,4,46.25,0,0,1,4,0,0,5
430.8028323749895,4,87.5,1,1,0,5,0,0,6
431.817415721016,4,87.75,1,2,0,5,0,1,8
432.8311206860235,4,65.0,0,1,0,2,0,1,4
433.8450404179748,4,0.0,0,1,1,0,0,0,2
434.85592871002154,4,0.0,0,1,1,0,0,0,2
435.86995130300056,4,0.0,0,0,1,1,0,0,2
436.88382375700166,4,22.75,0,0,0,2,0,0,2
437.898036529019,4,12.5,0,2,0,3,1,0,6
438.9123108930071,4,14.0,0,1,2,2,0,1,6
439.9250296180253,4,48.25,1,1,1,3,0,0,5
440.9374482840067,4,24.5,1,3,0,3,1,0,7
441.94943948899163,4,23.25,0,3,0,5,0,0,8
442.9628657560097,4,23.0,0,2,1,6,1,0,10
443.97697917500045,4,46.5,0,4,1,4,0,2,11
444.99122649698984,4,72.0,0,2,1,6,0,0,9
446.0042749430286,4,18.25,0,1,1,8,0,0,10
447.0188418030157,4,70.5,0,0,2,7,0,1,10
448.03261706698686,4,70.5,0,0,0,7,0,0,7
449.0467949199956,4,55.75,0,0,0,6,0,0,6
450.06018040701747,4,70.75,1,0,0,5,1,0,6
451.0741733320174,4,71.0,0,2,0,4,0,0,6
452.08840763999615,4,48.75,0,1,0,5,0,1,7
453.1021300199791,4,35.5,0,4,1,3,0,0,8
454.11603107402334,4,23.5,0,4,1,3,0,0,8
455.12875763501506,4,9.0,0,0,0,7,1,0,8
456.14161782199517,4,33.5,0,2,0,3,0,0,5
457.15517598798033,4,43.75,0,0,0,5,0,0,5
458.169978868973,4,47.25,1,1,0,5,0,0,6
459.1818258999847,4,71.25,0,3,0,4,0,1,8
460.19324483000673,4,43.75,0,0,1,6,0,0,7
461.2044510199921,4,71.25,0,0,1,6,0,0,7
462.21854814502876,4,70.25,0,0,1,5,0,0,6
463.23218345898204,4,46.5,0,1,0,4,1,0,6
464.24565284798155,4,47.75,1,1,0,4,1,0,6
465.2580140809878,4,71.25,0,1,1,3,0,0,5
466.2708497950225,4,40.5,1,1,0,4,0,0,5
467.2850028499961,4,71.25,0,1,1,4,0,0,6
468.2977284939843,4,35.5,0,1,1,3,1,0,6
469.3116691649775,4,31.25,0,0,0,3,0,0,3
470.3242547150003,4,35.75,1,0,0,3,0,0,3
471.33838667097734,4,44.0,0,0,0,5,0,0,5
472.3504547930206,4,22.25,0,1,0,4,1,0,6
473.3619678369723,4,34.0,0,0,0,5,0,0,5
474.37576333398465,4,23.25,0,0,0,5,0,0,5
475.3908457509824,4,47.75,0,0,0,4,1,0,5
476.3998640140053,4,46.5,0,0,0,3,0,0,3
477.4135671990225,4,46.25,0,0,0,3,0,0,3
478.4271581519861,4,47.25,0,0,0,3,0,0,3
479.4384488739888,4,47.0,0,0,0,1,0,0,1
480.4459042029921,4,16.0,0,1,0,1,0,0,2
481.4598011689959,4,22.75,0,1,0,1,0,1,3
482.47408709902084,4,0.0,0,1,1,1,0,0,3
483.4878653319902,4,23.5,2,1,1,1,0,0,3
484.49995188898174,4,23.25,0,0,2,4,0,0,6
485.51379224000266,4,48.25,0,0,0,5,0,0,5
486.5250959189725,4,20.25,1,1,0,5,0,0,6
487.5371199629735,4,45.75,0,1,2,5,0,0,8
488.5510679570143,4,22.75,1,1,1,7,0,0,9
489.5649990409729,4,47.75,0,3,0,6,0,0,9
490.5770688490011,4,7.5,0,5,0,6,0,0,11
491.59068225801457,4,48.25,0,5,0,5,1,0,11
492.6048835790134,4,71.0,0,3,3,4,0,1,11
493.61851404298795,4,67.25,0,2,3,4,0,1,10
494.6322197460104,4,1.25,0,0,1,5,1,0,7
495.6451986709726,4,22.75,2,0,1,3,3,0,7
496.6572556049796,4,29.75,0,0,1,4,0,0,5
497.66960578301223,4,34.0,0,2,0,5,0,0,7
498.6820760970004,4,24.25,0,0,0,7,0,0,7
499.69461768702604,4,47.5,0,0,0,7,0,0,7
500.7084964599926,4,48.25,0,0,0,7,0,0,7
501.7220350209973,4,48.0,0,1,0,6,0,1,8
502.735234481981,4,46.25,0,0,0,6,0,0,6
503.7486592269852,4,48.25,0,0,0,6,0,0,6
504.76225932198577,4,23.25,0,0,0,6,0,0,6
505.77626101800706,4,71.5,0,0,0,5,1,0,6
506.78572524600895,4,27.0,0,2,0,3,1,0,6
507.79924313299125,4,58.25,1,0,2,2,1,0,5
508.8124322600197,4,47.75,0,1,1,3,0,0,5
509.82607049902435,4,16.5,0,1,1,4,0,0,6
510.84031771100126,4,34.0,0,1,0,5,0,0,6
511.850860733015,4,46.0,0,0,0,6,0,0,6
512.8669975610101,4,46.25,0,0,0,5,0,0,5
513.8809520869981,4,37.25,0,0,0,5,0,0,5
514.8946375959786,4,25.0,0,0,0,3,0,0,3
515.9086796410265,4,28.0,0,0,0,3,0,0,3
516.918533560005,4,31.0,0,1,1,3,0,0,5
517.932047344977,4,43.0,1,1,0,4,0,0,5
518.9457833300112,4,71.25,0,3,0,4,0,0,7
519.9600292120012,4,20.0,0,1,0,4,0,0,5
520.973180838977,4,47.5,0,0,1,4,0,0,5
521.9874639830086,4,1.0,0,0,0,4,0,0,4
523.0018640820053,4,47.5,0,0,0,3,1,0,4
524.0155324619845,4,37.75,0,1,1,3,0,0,5
525.0288813050138,4,47.5,0,0,0,5,0,0,5
526.0385038679815,4,7.75,0,1,0,5,0,0,6
527.0523622509791,4,46.5,0,3,0,5,0,0,8
528.0653126540128,4,39.25,0,0,0,6,0,0,6
529.0769262100221,4,70.5,0,0,0,5,0,0,5
530.0909628520021,4,23.0,0,0,0,3,0,0,3
531.1045867149951,4,46.5,0,1,0,2,0,1,4
532.1140232330072,4,14.75,0,1,0,3,0,0,4
533.1276035209885,4,42.75,0,0,0,4,0,0,4
534.1388700319803,4,46.5,0,1,0,4,0,0,5
535.1524830550188,4,23.75,0,1,0,4,0,0,5
536.1644277669839,4,23.0,0,3,0,5,0,0,8
537.175810375018,4,37.75,1,0,2,5,0,0,7
538.1894046000089,4,49.5,0,1,2,6,0,0,9
539.2029996819911,4,34.25,0,1,1,7,0,0,9
540.2182790850056,4,59.0,0,3,0,6,0,1,10
541.2294486840256,4,24.0,0,0,1,7,0,0,8
542.2431338729803,4,72.0,0,0,0,8,0,0,8
543.2567994230194,4,71.75,0,0,0,7,0,1,8
544.2709400100284,4,46.0,1,0,0,3,4,1,8
545.2884498140193,4,46.75,0,1,0,3,0,4,8
546.3023084109882,4,12.0,0,0,0,4,0,0,4
547.3148957110243,4,25.75,0,1,0,3,0,0,4
548.347824631026,4,16.75,0,1,0,2,1,0,4
549.3687075800262,4,44.5,0,1,0,2,1,0,4
550.4034503580187,4,42.5,0,0,1,2,0,0,3
551.4178303080262,4,18.25,0,1,1,1,0,0,3
552.4316565829795,4,47.25,0,0,1,2,0,0,3
553.4455210689921,4,29.0,0,1,1,2,0,0,4
554.4596667269943,4,29.75,0,1,0,3,0,0,4
555.4731503389776,4,23.75,1,1,0,3,0,0,4
556.4871333410265,4,17.75,0,2,2,4,0,0,8
557.5011211339734,4,46.5,0,1,2,5,0,0,8
558.512848636019,4,54.0,0,0,0,8,0,0,8
559.5257066829945,4,47.75,1,0,0,8,0,0,8
560.5404856029782,4,53.75,0,1,1,8,0,0,10
561.5543832600233,4,38.5,0,0,0,9,1,0,10
562.5677922840114,4,45.5,0,1,1,8,0,0,10
563.5816442579962,4,41.5,0,0,2,8,0,0,10
564.5951355900033,4,70.75,1,0,2,6,2,0,10
565.6095145610161,4,80.25,0,0,1,8,0,0,9
566.6223019839963,4,46.75,0,1,0,8,0,0,9
567.6364562790259,4,15.75,0,2,0,8,0,0,10
568.6497364540119,4,55.25,0,1,2,6,0,1,10
569.6634503080277,4,66.25,0,4,0,8,0,0,12
570.6753175809863,4,51.0,0,0,1,10,0,0,11
571.6878401099821,4,71.75,0,0,0,11,0,0,11
572.7017248239717,4,94.25,0,0,0,9,2,0,11
573.7129871780053,4,93.75,0,0,1,6,0,0,7
574.7268024359946,4,58.0,0,0,1,5,0,1,7
575.7406624960131,4,14.5,0,2,0,5,0,0,7
576.7544340849854,4,47.25,0,5,0,5,0,0,10
577.7656497039716,4,46.5,0,3,2,6,0,1,12
578.7792103569955,4,31.75,0,0,4,7,0,0,11
579.7929949989775,4,48.75,0,1,0,11,0,0,12
580.8069476319943,4,91.75,0,2,0,7,0,0,9
581.8225657219882,4,34.75,0,0,1,6,1,0,8
582.8364644829999,4,48.0,0,0,1,5,0,0,6
583.848168905999,4,38.25,0,2,0,5,0,1,8
584.8597137079923,4,70.0,1,2,0,3,2,1,8
585.8733770070248,4,24.0,0,0,2,4,0,0,6
586.8850626249914,4,69.5,0,1,0,5,1,0,7
587.8987976540229,4,46.25,0,0,0,6,0,0,6
588.9100492349826,4,94.25,0,1,0,6,0,0,7
589.9232451349963,4,81.25,0,1,0,6,0,0,7
590.9372243210091,4,48.0,0,0,1,6,0,0,7
591.9486830229871,4,88.5,0,2,0,6,0,0,8
592.9628808790003,4,49.25,0,0,0,7,0,0,7
593.9737403659965,4,93.0,0,0,0,6,0,0,6
594.9848616779782,4,72.5,0,1,0,6,0,0,7
595.9989565060241,4,63.25,0,1,0,6,0,0,7
597.0121609459748,4,84.75,0,1,0,4,0,2,7
598.0269351419993,4,62.25,0,0,0,4,0,1,5
599.0407154089771,4,33.25,1,0,0,4,0,0,4
600.0549814390251,4,46.75,0,1,0,3,0,1,5
601.0687224640278,4,40.5,0,1,1,4,0,0,6
602.0829482720001,4,45.75,0,3,1,4,0,0,8
603.0967385179829,4,5.5,0,3,0,4,1,0,8
604.1106846770272,4,47.5,0,0,0,7,0,0,7
605.1243000740069,4,47.25,0,0,0,7,0,0,7
606.1379673309857,4,71.25,0,0,0,6,1,0,7
607.1521980189718,4,47.25,0,1,0,3,1,1,6
608.1633871290251,4,42.25,1,0,1,3,0,0,4
609.1769077280187,4,41.5,0,1,0,4,0,0,5
610.1905475580133,4,70.5,0,2,0,4,0,0,6
611.2113441129914,4,46.0,0,3,1,4,0,0,8
612.2241522879922,4,28.0,0,0,1,6,0,0,7
613.2381881520269,4,46.5,0,0,1,3,3,0,7
614.2519707899773,4,45.75,0,0,0,3,1,0,4
615.2635580659844,4,48.25,0,0,0,3,0,1,4
616.2744578309939,4,38.5,0,0,2,3,0,0,5
617.2881281420123,4,58.0,1,0,1,4,0,0,5
618.2979683749727,4,70.75,0,1,1,3,0,0,5
619.3130053610075,4,23.75,0,0,1,4,0,0,5
620.3228419590159,4,57.0,0,0,0,4,0,0,4
621.3343202910037,4,23.25,0,0,0,3,0,0,3
622.3474974739947,4,46.5,1,0,0,1,0,2,3
623.3618006589822,4,22.75,2,2,0,1,0,0,3
624.3739957030048,4,10.5,0,2,2,2,0,0,6
625.3876929929829,4,23.5,0,1,2,4,0,0,7
626.4024941719836,4,47.25,0,0,0,7,0,0,7
627.4139123350033,4,46.75,0,0,0,7,0,0,7
628.4256744469749,4,15.25,0,0,0,7,0,0,7
629.4395517139928,4,41.25,0,0,0,2,0,0,2
630.4510171180009,4,2.5,0,1,0,2,0,0,3
631.4642638029763,4,0.0,0,1,1,2,0,0,4
632.4780438130256,4,23.0,0,2,1,3,0,0,6
633.4914867330226,4,62.0,0,0,0,6,0,0,6
634.5032919149962,4,51.25,0,3,0,5,0,1,9
635.5157311930088,4,57.25,0,2,1,4,0,1,8
636.5296027039876,4,33.0,0,1,1,5,0,0,7
637.5437730340054,4,7.75,0,1,0,7,0,0,8
638.5576600650093,4,47.75,0,1,0,6,0,1,8
639.5716031619813,4,88.75,1,0,0,6,0,0,6
640.5824120899779,4,71.5,0,0,1,4,0,0,5
641.5963222390274,4,47.25,0,0,0,4,0,0,4
642.6071870119777,4,69.5,0,0,0,4,0,0,4
643.6174527549883,4,51.75,0,0,0,3,0,0,3
644.6310071289772,4,70.5,0,0,0,2,0,0,2
645.6453022849746,4,25.25,0,0,0,1,0,0,1
646.6590743340203,4,0.0,0,0,0,0,1,0,1
647.6728979980107,4,0.0,0,0,0,0,0,0,0
648.6869345749728,4,0.0,0,1,0,0,0,0,1
649.701039215026,4,1.25,0,0,0,1,0,0,1
650.7156894590007,4,23.25,1,0,0,1,0,0,1
651.7266937210225,4,12.25,0,1,0,2,0,0,3
652.7411650550202,4,23.25,0,1,1,2,0,0,4
653.7550808570231,4,4.0,0,0,0,4,0,0,4
654.76920306799,4,46.75,0,0,0,4,0,0,4
655.7823826409876,4,11.0,0,1,0,4,0,0,5
656.7944051530212,4,23.25,0,1,0,5,0,0,6
657.8057315669721,4,47.75,0,3,1,4,0,1,9
658.8201705809915,4,52.75,0,2,2,4,0,1,9
659.8319560150267,4,52.75,0,1,0,7,0,0,8
660.8443092610105,4,81.0,1,0,0,6,2,0,8
661.8580067930161,4,52.5,0,0,0,7,0,0,7
662.8718810920254,4,80.75,0,0,0,4,0,0,4
663.8853283129865,4,39.0,0,0,0,3,0,0,3
664.8978421789943,4,47.0,0,0,0,3,0,0,3
665.9113253009855,4,53.25,0,0,0,5,0,0,5
666.923762527993,4,60.0,0,0,0,4,1,0,5
667.9349986980087,4,47.5,0,1,0,3,0,0,4
668.94644044101,4,47.25,0,1,0,3,0,0,4
669.9602964380174,4,47.25,0,1,1,2,0,1,5
670.9754756430048,4,25.5,0,2,0,3,0,0,5
672.0665886849747,4,27.25,0,2,0,2,0,0,4
673.1047803990077,4,0.0,0,2,0,2,0,0,4
674.1175123120192,4,12.0,0,0,2,2,0,0,4
675.131559750007,4,1.0,0,2,1,3,0,0,6
676.1452755209757,4,24.0,0,0,0,6,0,0,6
677.1555970159825,4,17.25,0,1,0,5,1,0,7
678.1674512280151,4,47.25,1,1,0,5,1,0,7
679.181235808006,4,71.5,0,0,1,4,0,1,6
680.1948872269713,4,47.0,0,0,0,4,0,0,4
681.2087165950215,4,47.5,0,1,0,3,1,0,5
682.2210470960126,4,54.5,0,3,0,4,0,1,8
683.2348786559887,4,46.75,1,2,0,5,0,0,7
684.2489174769726,4,70.75,0,3,1,3,0,0,7
685.2624843629892,4,44.5,0,5,0,4,0,0,9
686.2765622430015,4,26.0,2,4,1,2,0,2,9
687.2891309150145,4,23.0,0,5,1,3,0,0,9
688.3029749849811,4,48.0,0,1,4,3,0,1,9
689.3164529600181,4,1.25,0,2,2,5,0,0,9
690.3303173750173,4,56.25,0,1,1,7,0,0,9
691.3429944869713,4,43.0,0,0,1,6,1,0,8
692.3573686889722,4,62.0,0,1,1,5,0,1,8
693.3711208290188,4,35.25,0,1,0,5,0,0,6
694.3853981739958,4,34.75,0,3,0,4,0,1,8
695.3982654470019,4,47.75,1,3,0,4,1,0,8
696.4120620220201,4,43.75,0,4,1,3,0,1,9
697.4262526410166,4,9.5,0,2,3,2,0,0,7
698.43841711001,4,34.5,0,3,1,3,0,0,7
699.452535392018,4,39.75,0,0,1,6,0,0,7
700.4659964499879,4,30.75,0,0,0,6,0,0,6
701.4812305400264,4,47.0,0,0,0,6,0,0,6
702.4934281770256,4,46.25,0,0,0,5,0,0,5
703.507392363972,4,47.25,0,0,0,5,0,0,5
704.5182157760137,4,0.0,0,2,0,5,0,0,7
705.5306465859758,4,47.75,0,2,0,4,0,1,7
706.5422954540118,4,7.75,0,1,0,6,0,0,7
707.5566092240042,4,45.75,0,1,1,5,1,0,8
708.5680584639776,4,36.0,0,0,2,4,0,1,7
709.5816531889723,4,69.75,0,0,2,3,1,1,7
710.5954745319905,4,47.75,1,0,2,1,0,3,6
711.6097763149883,4,28.5,0,0,1,3,0,0,4
712.6236791529809,4,46.5,0,0,1,5,0,0,6
713.63497749198,4,72.5,0,1,0,6,0,0,7
714.6468729720218,4,70.5,1,0,1,4,0,0,5
715.6632455509971,4,91.75,0,1,0,5,0,0,6
716.6749502280145,4,94.25,0,1,0,3,0,0,4
717.6891992849996,4,35.5,0,1,0,4,0,0,5
718.7027542529977,4,47.5,0,0,0,4,0,0,4
719.7154682360124,4,54.75,0,1,0,4,0,0,5
720.7276293690084,4,70.0,0,0,0,4,0,0,4
721.7417205980164,4,23.25,0,0,0,2,2,0,4
722.7551303500077,4,23.25,0,1,0,2,0,0,3
723.7689428299782,4,12.5,1,1,0,1,1,0,3
724.7809275059844,4,23.25,2,1,0,0,2,0,3
725.7924671500223,4,0.0,0,2,1,0,0,0,3
726.8070807469776,4,24.25,0,4,0,3,0,0,7
727.8232513919938,4,47.5,0,4,2,2,1,0,9
728.8356512860046,4,47.25,0,1,2,5,0,0,8
729.84699223598,4,73.5,2,1,0,5,2,0,8
730.8620826299884,4,70.5,0,1,2,6,0,0,9
731.873285248992,4,48.25,0,0,0,6,3,0,9
732.8841775460169,4,95.75,1,0,0,6,3,0,9
733.8983738800162,4,73.75,0,3,2,5,0,0,10
734.9101969689946,4,42.5,0,2,0,9,1,0,12
735.9232409200049,4,37.5,1,2,1,6,1,0,10
736.9368762780214,4,91.25,0,1,2,6,0,0,9
737.9510782670113,4,74.5,0,1,2,7,0,0,10
738.9644156409777,4,63.75,0,1,1,6,0,0,8
739.9776267969864,4,62.25,0,7,0,6,0,1,14
740.9915158129879,4,47.25,1,7,0,6,1,1,15
742.0045975010144,4,41.0,0,2,2,11,0,0,15
743.0181491160183,4,58.0,7,2,1,7,5,0,15
744.0307919179904,4,78.5,3,10,2,4,0,0,16
745.0449639119906,4,48.75,10,5,1,10,0,0,16
746.0587108469917,4,65.5,9,4,1,11,0,0,16
747.0713983920286,4,70.75,16,4,1,8,3,0,16
748.0851976799895,4,27.0,12,2,4,10,0,0,16
749.0989142319886,4,47.5,14,3,2,6,4,1,16
750.1136434060172,4,48.75,9,7,2,6,0,1,16
751.1271402799757,4,11.75,9,6,3,6,0,1,16
752.1414470089949,4,60.0,11,4,2,9,1,0,16
753.1536337690195,4,41.25,15,4,0,6,6,0,16
754.1620949310018,4,46.5,15,7,3,2,0,4,16
755.1774723490234,4,8.0,16,0,9,7,0,0,16
756.1917503100121,4,47.5,16,1,0,15,0,0,16
757.2051093620248,4,41.0,17,2,0,7,2,5,16
758.2185578279896,4,69.5,18,2,0,5,4,5,16
759.2320574179757,4,87.25,7,5,7,4,0,0,16
760.2463669630233,4,45.25,6,1,5,9,1,0,16
761.2600113630178,4,46.5,8,1,1,10,3,1,16
762.271414080984,4,68.5,4,4,1,10,0,1,16
763.2846458129934,4,14.0,3,1,0,15,0,0,16
764.3010593699873,4,73.5,0,0,1,14,0,0,15
765.3124847870204,4,66.5,0,0,0,15,0,0,15
766.3238023230224,4,93.75,0,0,0,11,4,0,15
767.336539832002,4,94.5,0,0,0,6,2,0,8
768.3490074690199,4,95.5,0,2,0,6,0,0,8
769.362598074018,4,70.75,0,0,2,6,0,0,8
770.3763798489817,4,61.0,0,0,0,7,1,0,8
771.3899394880282,4,62.25,0,0,1,5,0,0,6
772.4038980529876,4,48.25,1,0,1,5,0,0,6
773.4175656160223,4,46.5,0,2,0,4,0,2,8
774.4310994650004,4,41.5,1,0,2,3,0,0,5
775.4452561479993,4,49.0,0,1,1,4,0,0,6
776.4588548080064,4,46.0,0,1,1,2,2,0,6
777.4727701200172,4,30.0,1,1,1,1,3,0,6
778.4864154219977,4,23.5,0,2,2,1,0,0,5
779.5000432030065,4,23.75,0,2,1,4,0,1,8
780.5139440880157,4,27.5,0,6,0,2,0,0,8
781.5263202959904,4,46.0,1,6,0,2,0,0,8
782.5402502010111,4,46.75,0,6,4,1,0,1,12
783.5538753980072,4,45.5,0,0,3,8,0,0,11
784.5679888689774,4,55.5,0,3,3,4,1,0,11
785.580796513008,4,94.75,2,2,2,5,1,1,11
786.5946579119773,4,94.75,2,5,2,5,0,2,14
787.6065260099713,4,83.0,2,7,2,5,0,2,16
788.6206779499771,4,39.25,4,0,2,12,1,1,16
789.6307891259785,4,97.75,5,1,0,10,5,0,16
790.6430704179802,4,48.0,0,6,1,5,1,0,13
791.6569692650228,4,70.0,1,6,1,4,1,1,13
792.6696814069874,4,70.0,2,7,0,5,0,2,14
793.6834878249792,4,28.0,2,0,5,10,0,1,16
794.739645670983,4,26.5,3,2,2,10,1,1,16
795.7923975689919,4,7.5,6,2,1,11,0,2,16
796.8098518960178,4,1.25,9,2,1,8,3,2,16
797.8214830830111,4,94.0,10,2,0,4,7,2,15
798.8348289550049,4,53.25,0,7,3,6,0,0,16
799.8469638469978,4,41.75,3,1,5,10,0,0,16
800.8581500350265,4,45.75,1,4,4,7,0,1,16
801.8670118380105,4,64.5,4,4,4,3,4,1,16
802.8809311449877,4,23.0,1,5,7,4,0,0,16
803.894603208988,4,72.0,1,4,6,6,0,0,16
804.9083684249781,4,56.75,3,4,4,7,1,0,16
805.9231308780145,4,71.25,3,2,7,6,0,1,16
806.9364874060266,4,58.25,3,2,7,3,3,1,16
807.9507894439739,4,71.0,0,4,4,7,0,0,15
808.9649403099902,4,50.0,0,1,3,7,0,0,11
809.97845163499,4,42.0,0,0,2,7,0,0,9
810.9924590309965,4,71.75,0,0,3,9,0,0,12
812.0058459599968,4,48.25,0,0,2,8,0,0,10
813.019752061984,4,70.25,0,2,0,9,0,1,12
814.0336822260288,4,71.75,0,0,1,9,0,0,10
815.0468845409923,4,56.5,0,0,0,8,0,1,9
816.060806139023,4,28.25,0,0,1,7,1,0,9
817.0774756980245,4,46.5,1,1,0,7,0,0,8
818.0914315570262,4,23.5,0,0,5,6,0,0,11
819.1059006410069,4,29.25,0,1,3,6,0,1,11
820.1187717739958,4,51.25,0,3,1,8,0,0,12
821.1328801569762,4,26.25,0,1,3,7,0,0,11
822.146516518027,4,82.25,0,1,1,9,1,0,12
823.1597277739784,4,78.75,0,0,0,7,0,1,8
824.1666143150069,4,56.25,2,1,1,7,0,0,9
825.1775077789789,4,73.0,2,1,0,6,2,0,9
826.1914181900211,4,50.75,0,2,1,5,0,1,9
827.2052700680215,4,24.25,0,1,0,8,0,0,9
828.2193816449726,4,69.5,0,0,2,7,0,1,10
829.2330242790049,4,71.75,0,2,1,7,1,0,11
830.2466826440068,4,38.5,0,0,2,8,0,1,11
831.26056198898,4,51.0,1,0,1,9,0,1,11
832.2741677329759,4,90.0,0,0,2,6,0,0,8
833.2881128750159,4,47.75,0,0,0,7,0,0,7
834.302076463995,4,94.25,0,0,0,5,0,1,6
835.3143313039909,4,47.5,0,0,0,4,1,1,6
836.3279225460137,4,46.5,0,2,0,4,0,0,6
837.3418038309901,4,15.5,2,1,1,3,1,0,6
838.3554964259965,4,54.5,0,0,2,4,0,0,6
839.3674904800137,4,48.75,2,1,2,3,1,0,7
840.3800325299962,4,25.25,0,2,1,2,1,0,6
841.3935614699731,4,23.5,0,2,1,2,0,2,7
842.4074722140213,4,46.5,0,2,0,3,0,0,5
843.4199989620247,4,47.25,0,2,0,2,1,0,5
844.4336814190028,4,33.0,0,0,1,3,0,0,4
845.4475657879957,4,45.0,0,0,0,3,0,1,4
846.4552063620067,4,18.75,0,0,0,3,0,0,3
847.4688161640079,4,23.75,0,0,0,3,0,0,3
848.4825423809816,4,46.5,0,0,0,4,0,0,4
849.4965414499748,4,46.5,0,0,0,4,0,0,4
850.5100800200016,4,47.5,0,0,0,3,0,0,3
851.5241988089983,4,0.0,0,1,0,1,1,0,3
852.5381786170183,4,24.5,0,1,0,1,0,0,2
853.552029567014,4,0.0,2,4,1,1,0,0,6
854.5643793040072,4,13.0,0,5,2,3,0,0,10
855.577977331006,4,36.5,1,7,1,4,0,0,12
856.5903189840028,4,46.75,2,7,1,3,1,0,12
857.6040279929875,4,41.5,0,6,2,6,0,0,14
858.6181020420045,4,40.75,0,3,5,7,0,0,15
859.6288495640038,4,48.0,2,2,0,13,1,0,16
860.6426468410064,4,95.5,0,2,2,8,1,0,13
861.6539818290039,4,94.75,0,0,1,11,0,0,12
862.6683892349829,4,70.0,0,0,1,6,1,2,10
863.6820396999829,4,47.25,0,0,1,4,0,1,6
864.6955720179831,4,70.25,0,1,1,4,0,0,6
865.7095044630114,4,35.75,0,0,1,4,0,0,5
866.7240368570201,4,46.5,1,0,0,3,2,0,5
867.7377483079908,4,29.0,0,1,1,1,0,0,3
868.7491242290125,4,46.75,0,2,1,2,0,0,5
869.7637193870032,4,36.0,0,0,1,4,0,0,5
870.7753299219767,4,72.0,1,0,0,4,0,0,4
871.7863961940166,4,24.0,0,0,0,5,0,0,5
872.7990177039756,4,67.5,0,0,0,4,0,1,5
873.8128842390142,4,27.5,0,2,0,4,0,0,6
874.8252341640182,4,71.5,1,2,0,3,1,0,6
875.8386253510253,4,70.75,1,2,0,3,1,0,6
876.8509429949918,4,25.0,0,2,1,4,0,0,7
877.8645634800196,4,47.5,0,0,0,5,0,0,5
878.8788561269757,4,48.5,0,0,0,5,0,0,5
879.8906440390274,4,51.0,0,1,0,5,0,0,6
880.9047738030204,4,48.5,0,3,0,5,0,0,8
881.9159056529752,4,39.75,0,0,3,4,0,0,7
882.9297195340041,4,23.5,0,1,1,6,0,0,8
883.9429265540093,4,46.5,0,0,2,5,0,0,7
884.9520579460077,4,29.5,0,2,1,4,0,0,7
885.9664784899796,4,40.25,0,0,1,6,0,0,7
886.980125533999,4,46.0,0,0,0,6,0,0,6
887.9937535970239,4,71.5,0,1,0,5,1,0,7
889.010196955991,4,30.0,0,0,1,5,0,0,6
890.024485520029,4,93.75,0,2,0,4,0,0,6
891.0379407189903,4,63.5,0,1,2,5,0,0,8
892.0551076370175,4,76.25,0,1,0,6,1,0,8
893.068896398996,4,94.5,0,0,1,5,0,0,6
894.0828449170222,4,46.25,0,0,1,6,0,0,7
895.0939743529889,4,47.0,0,1,0,6,0,0,7
896.1100478930166,4,29.0,1,1,0,4,2,0,7
897.1240061940043,4,10.0,0,2,1,5,0,0,8
898.1401880700141,4,24.25,0,0,0,8,0,0,8
899.1537973189843,4,70.25,0,1,0,8,0,0,9
900.1675963089801,4,68.5,0,0,1,5,0,0,6
901.1809943440021,4,91.25,0,3,0,4,1,0,8
902.1931630569743,4,46.5,0,0,0,7,0,0,7
903.2068475940032,4,24.5,0,0,0,5,2,0,7
904.2181545729982,4,45.5,0,0,0,5,0,0,5
905.2301607989939,4,71.0,0,0,0,5,0,0,5
906.244062783022,4,26.25,0,0,0,3,2,0,5
907.2576508640195,4,47.25,0,0,0,3,0,0,3
908.2654402750195,4,28.5,0,0,0,2,0,1,3
909.2796491350164,4,28.75,0,0,0,1,0,0,1
910.2935567959794,4,4.25,0,0,0,1,0,0,1
911.3075603190227,4,24.0,0,0,0,0,0,0,0
912.3207759090001,4,0.0,0,0,0,0,0,0,0
913.3339304020046,4,0.0,0,2,0,0,0,0,2
914.3479571489734,4,0.0,0,0,0,2,0,0,2
915.3616041059722,4,23.5,1,0,0,2,0,0,2
916.3753842629958,4,23.75,1,0,1,2,0,0,3
917.4406333119841,4,5.5,0,2,0,3,0,0,5
918.5014061550028,4,16.25,0,2,0,3,0,0,5
919.5468681100174,4,20.75,1,3,0,3,0,0,6
920.5578322769725,4,46.5,2,3,0,2,1,0,6
921.5716888270108,4,48.75,0,3,0,5,0,0,8
922.585393056972,4,33.75,0,0,3,6,0,0,9
923.5976078910171,4,49.0,0,0,2,6,1,0,9
924.6088221310056,4,57.25,0,0,0,6,0,0,6
925.6157016669749,4,46.5,1,1,0,5,0,0,6
926.6292096649995,4,47.25,2,1,0,5,0,0,6
927.6398131119786,4,24.0,0,5,0,5,0,0,10
928.648633653007,4,52.25,0,0,1,7,0,1,9
929.6603082270012,4,18.75,0,0,0,8,0,0,8
930.6727218939923,4,70.25,0,0,0,8,0,0,8
931.685179150023,4,61.5,0,1,0,8,0,0,9
932.6975129119819,4,71.0,0,1,1,5,0,0,7
933.7114350430202,4,70.75,0,1,0,4,2,0,7
934.725020347978,4,24.25,0,2,0,4,0,1,7
935.7350763329887,4,46.5,0,0,0,6,0,0,6
936.7471658270224,4,67.5,0,0,0,6,0,0,6
937.7608500039787,4,47.25,0,0,0,4,0,0,4
938.7740066800034,4,0.0,0,0,0,2,0,0,2
939.7876507230103,4,23.5,0,0,0,2,0,0,2
940.8013969939784,4,19.0,0,2,0,2,0,0,4
941.8135996729834,4,24.0,0,0,1,3,0,0,4
942.8249656530097,4,25.0,0,0,0,3,1,0,4
943.8388057189877,4,17.25,0,0,0,3,0,1,4
944.8529349979945,4,47.0,0,2,0,3,0,0,5
945.8666075870278,4,23.25,0,2,0,2,1,0,5
946.8803242049762,4,5.5,0,3,1,1,0,0,5
947.894678763987,4,0.0,0,2,0,4,0,0,6
948.908227440028,4,11.75,0,0,2,5,0,0,7
949.9225591529976,4,46.25,0,0,2,5,0,0,7
950.934171217028,4,62.25,0,2,0,7,0,0,9
951.946642416995,4,69.5,0,1,2,7,0,0,10
952.96029391099,4,51.0,0,0,0,9,0,0,9
953.9746505930088,4,70.75,2,0,0,8,1,0,9
954.991289676982,4,70.25,0,3,0,5,0,4,12
956.0051422750112,4,46.75,0,1,2,5,0,0,8
957.0149844450061,4,88.25,0,0,0,8,0,0,8
958.0267817199929,4,92.75,0,0,0,7,1,0,8
959.0382039169781,4,94.5,0,1,0,6,0,0,7
960.0511833829805,4,89.75,0,1,1,3,0,0,5
961.0652842820273,4,54.5,0,1,0,5,0,0,6
962.0790151720284,4,47.5,0,0,0,6,0,0,6
963.0909186169738,4,70.25,0,0,0,5,0,0,5
964.103074566985,4,23.5,0,0,0,4,0,1,5
965.1170228130068,4,61.25,0,0,1,2,0,0,3
966.1310150839854,4,32.0,0,0,0,3,0,1,4
967.1456448389799,4,47.25,0,2,0,3,0,0,5
968.1576033729943,4,0.0,0,2,0,1,2,0,5
969.1695551889716,4,23.25,0,2,0,1,2,0,5
970.1836700799759,4,23.5,0,0,1,1,0,0,2
971.1969991070218,4,25.0,0,1,1,1,0,0,3
972.2109444270027,4,14.75,0,1,0,2,0,0,3
973.2234249319881,4,23.0,0,2,1,2,0,0,5
974.2375416929717,4,53.0,0,0,0,4,0,0,4
975.2512586850207,4,47.25,0,0,0,4,0,0,4
976.2654538680217,4,61.0,0,2,0,4,0,0,6
977.2772518200218,4,71.5,1,2,0,2,2,0,6
978.2930369470268,4,46.75,0,3,0,3,0,0,6
979.3072426290018,4,23.0,0,0,1,4,1,0,6
980.3189292710158,4,23.25,0,0,0,5,0,0,5
981.3331984879915,4,61.75,0,1,0,4,1,0,6
982.3449396620272,4,27.0,0,0,0,4,0,0,4
983.359188226983,4,23.5,0,2,0,4,0,0,6
984.3729537869804,4,35.5,0,0,1,4,1,0,6
985.3869173550047,4,67.75,0,0,0,4,0,0,4
986.401031329995,4,37.25,0,1,0,4,0,0,5
987.4117621899932,4,46.75,1,1,0,4,0,0,5
988.4254037340288,4,63.5,0,3,0,4,0,0,7
989.4388799829758,4,11.25,0,3,1,4,1,0,9
990.4510558599723,4,23.25,0,1,0,6,0,0,7
991.4622880389798,4,59.25,0,0,1,6,0,0,7
992.4759819349856,4,47.5,0,0,1,7,0,0,8
993.4900758470176,4,0.75,0,1,1,8,0,0,10
994.5037538059987,4,29.75,0,0,1,5,1,0,7
995.5174013309879,4,46.5,0,1,1,4,0,1,7
996.5301062299986,4,48.0,0,0,1,5,0,0,6
997.5437511909986,4,46.25,0,0,0,6,0,0,6
998.5549463810166,4,23.25,0,0,0,6,0,0,6
999.5668517299928,4,27.5,0,1,0,5,1,0,7
1000.5804741100292,4,21.75,0,1,0,4,1,0,6
1001.5936973689822,4,46.5,0,0,1,4,0,0,5
1002.6081356729846,4,48.75,0,0,0,4,0,1,5
1003.6219506079797,4,10.0,0,1,1,3,0,0,5
1004.6355849949759,4,9.0,0,1,1,3,0,0,5
1005.6491900429828,4,46.5,0,1,0,5,0,0,6
1006.6594123619725,4,23.75,0,0,2,6,0,0,8
1007.672924575978,4,72.5,0,0,0,8,0,0,8
1008.6842199370149,4,71.25,0,0,0,6,1,0,7
1009.6977774460102,4,66.5,0,0,1,6,0,0,7
1010.7119657560252,4,47.5,0,1,0,7,0,0,8
1011.7205335819745,4,71.75,0,1,0,8,0,0,9
1012.7320584679837,4,72.75,0,1,0,7,0,1,9
1013.7432796030189,4,72.25,0,0,0,6,0,1,7
1014.754259564972,4,64.0,0,0,0,6,0,0,6
1015.7655427400023,4,62.5,0,0,0,6,0,0,6
1016.7782196900225,4,53.25,0,0,0,5,1,0,6
1017.7893432420096,4,75.0,1,0,0,5,1,0,6
1018.8020504320157,4,67.5,0,0,0,4,0,0,4
1019.815511822002,4,72.0,0,1,1,2,0,0,4
1020.8293900989811,4,3.75,0,1,0,3,0,0,4
1021.8433964920114,4,47.5,0,1,0,3,0,0,4
1022.8572644939995,4,24.25,0,0,0,3,0,0,3
1023.8710858260165,4,46.25,0,1,0,2,0,0,3
1024.8852606349974,4,12.25,0,2,0,2,0,0,4
1025.8993045759853,4,23.0,0,1,1,3,0,0,5
1026.9126318669878,4,70.0,0,0,0,5,0,0,5
1027.928679462988,4,70.5,1,0,0,4,1,0,5
1028.942779726989,4,70.0,0,0,2,4,0,0,6
1029.9566807739902,4,47.25,0,0,0,6,0,0,6
1030.9696782989777,4,70.5,0,0,0,6,0,0,6
1031.981668561988,4,46.25,0,0,0,4,0,0,4
1032.9930846440257,4,70.75,0,0,0,4,0,0,4
1034.0072295520222,4,46.25,0,0,0,3,0,0,3
1035.0215272200294,4,23.5,0,0,0,1,0,0,1
1036.0357539150282,4,23.5,0,0,0,1,0,0,1
1037.049488662975,4,23.0,0,0,0,0,1,0,1
1038.0628013189998,4,0.0,0,0,0,0,1,0,1
1039.0750599160092,4,0.0,0,1,0,0,0,0,1
1040.1107645779848,4,0.0,0,0,1,0,0,0,1
1041.1355486679822,4,0.0,0,2,1,0,0,0,3
1042.172812625009,4,0.0,1,2,1,0,0,0,3
1043.1866338509717,4,0.0,1,2,1,0,0,0,3
1044.1999933050247,4,0.0,0,1,2,1,0,0,4
1045.2136315110256,4,24.5,0,1,1,3,0,0,5
1046.2279311780003,4,21.25,0,1,2,4,0,0,7
1047.2390872029937,4,24.0,0,1,1,4,1,0,7
1048.2514270850224,4,41.75,0,1,0,5,0,0,6
1049.2662514119875,4,48.5,0,0,1,5,0,0,6
1050.280596201017,4,72.25,0,3,0,6,0,0,9
1051.2940500720288,4,47.25,0,3,0,6,0,0,9
1052.3078453780035,4,69.25,0,3,0,6,0,0,9
1053.3216303240042,4,47.5,0,1,1,6,0,0,8
1054.3349583980162,4,38.5,0,0,1,7,0,0,8
1055.3460115449852,4,33.5,0,1,0,7,0,1,9
1056.3570935699972,4,70.25,0,1,0,5,0,2,8
1057.3692602739902,4,1.5,0,1,1,5,0,0,7
1058.383603240014,4,47.75,0,1,2,6,0,0,9
1059.397175236023,4,77.0,0,1,0,8,0,0,9
1060.4073096719803,4,71.5,0,0,0,8,0,0,8
1061.4190635909908,4,90.25,0,1,0,8,0,0,9
1062.4298858569819,4,89.75,0,1,0,8,0,1,10
1063.4439639329794,4,24.25,0,3,2,5,1,0,11
1064.457454770978,4,70.25,0,3,2,4,2,0,11
1065.4714712360292,4,62.0,0,2,3,5,0,2,12
1066.4829319529817,4,71.25,0,3,2,8,0,0,13
1067.4942078689928,4,70.0,0,2,2,11,0,0,15
1068.5067347160075,4,74.0,0,4,1,11,0,0,16
1069.5196510520182,4,72.5,0,3,0,12,0,1,16
1070.5332736329874,4,59.0,4,2,0,11,0,3,16
1071.545423589996,4,56.5,0,4,2,8,0,2,16
1072.5575372549938,4,48.5,1,1,1,9,1,0,12
1073.5711317909881,4,60.0,3,4,0,10,1,1,16
1074.583647394029,4,69.75,6,4,3,7,0,2,16
1075.5974146249937,4,55.75,5,2,2,11,0,1,16
1076.6093064849847,4,73.0,10,3,4,8,0,1,16
1077.6228834280046,4,51.0,15,2,2,12,0,0,16
1078.6348092210246,4,71.75,24,2,1,7,6,0,16
1079.6440599730122,4,70.25,23,9,1,5,0,1,16
1080.6576034280006,4,46.25,25,6,2,7,0,1,16
1081.6717904760153,4,61.5,22,4,3,5,0,4,16
1082.6837266209768,4,69.25,19,1,7,7,0,1,16
1083.6969125699834,4,25.5,18,0,2,14,0,0,16
1084.7083131599938,4,97.5,20,0,1,8,7,0,16
1085.7218175730086,4,45.5,11,1,6,8,0,1,16
1086.7359337459784,4,50.0,12,2,3,10,0,1,16
1087.7499276010203,4,47.75,8,1,2,13,0,0,16
1088.762265436002,4,48.75,8,1,3,6,1,5,16
1089.7743934330065,4,61.5,2,0,8,8,0,0,16
1090.7881987119908,4,72.25,5,0,3,13,0,0,16
1091.800651752972,4,71.0,4,1,2,9,4,0,16
1092.8171582799987,4,93.5,0,5,3,8,0,0,16
1093.828873032995,4,50.25,2,0,8,8,0,0,16
1094.8418231619871,4,52.0,1,0,5,11,0,0,16
1095.8526696289773,4,94.5,0,0,3,13,0,0,16
1096.8659129290027,4,72.5,3,1,1,12,1,1,16
1097.8782420660136,4,94.5,5,1,1,10,3,1,16
1098.891813041002,4,77.0,0,6,1,7,0,2,16
1099.905620570993,4,67.5,0,0,2,9,0,0,11
1100.9181641109753,4,77.5,0,0,2,8,0,1,11
1101.9326963829808,4,79.25,0,0,3,7,0,0,10
1102.9439944850164,4,43.5,0,1,1,8,0,0,10
1103.9607131389785,4,69.75,0,0,2,6,2,0,10
1104.9747418179759,4,69.75,0,0,2,4,4,0,10
1105.985583889007,4,23.25,0,0,0,4,0,0,4
1106.9994409250212,4,71.25,0,1,0,4,0,0,5
1108.0128873820067,4,71.0,1,1,0,4,0,0,5
1109.0241856549983,4,70.75,0,0,1,5,0,0,6
1110.037393275008,4,48.0,0,0,0,5,0,0,5
1111.0540073320153,4,29.75,0,1,0,4,0,0,5
1112.0679321470088,4,40.5,0,0,1,4,0,0,5
1113.082143904001,4,47.25,0,0,3,3,1,0,7
1114.092759296007,4,32.25,0,0,1,5,0,0,6
1115.1037714100094,4,71.25,0,2,1,3,1,1,8
1116.1161464540055,4,23.25,1,2,2,4,0,0,8
1117.1296339789988,4,51.75,2,3,0,5,0,1,9
1118.1427835759823,4,31.0,0,4,2,5,0,0,11
1119.1568521530135,4,70.25,2,4,2,4,0,1,11
1120.1685663629905,4,46.75,3,5,3,2,0,0,10
1121.1800591240171,4,46.5,0,7,6,2,0,0,15
1122.19456627802,4,48.0,0,6,4,6,0,0,16
1123.2081181409885,4,84.5,0,6,2,6,0,1,15
1124.2219484689995,4,48.0,0,3,4,5,0,2,14
1125.2355506360182,4,50.5,0,4,2,4,3,2,15
1126.247414685029,4,24.0,0,1,5,2,0,0,8
1127.2599432410207,4,66.0,0,0,2,5,0,0,7
1128.271308276977,4,47.25,0,0,1,5,0,0,6
1129.283967047988,4,71.25,0,0,1,2,0,0,3
1130.298167618981,4,23.5,0,3,0,3,0,0,6
1131.3119307929883,4,36.0,2,3,1,3,0,0,7
1132.32554540399,4,70.0,3,3,1,3,0,0,7
1133.3396273649996,4,73.5,0,8,0,4,0,0,12
1134.353461798979,4,23.0,0,2,6,6,0,0,14
1135.3673290989827,4,25.0,0,4,2,10,0,0,16
1136.3793201419758,4,68.5,1,0,5,8,1,1,15
1137.3914593040245,4,70.0,3,0,5,4,0,5,14
1138.405098112009,4,47.5,0,3,6,6,0,1,16
1139.4188159739715,4,40.5,3,2,3,10,0,1,16
1140.428931838018,4,43.25,3,2,0,11,0,3,16
1141.4411530910293,4,30.75,0,2,2,12,0,0,16
1142.4527573660016,4,92.75,3,2,0,11,3,0,16
1143.4676400750177,4,30.0,0,1,4,11,0,0,16
1144.4821053409833,4,66.5,2,1,1,11,1,1,15
1145.4945636059856,4,66.75,0,2,2,9,0,0,13
1146.5062697110116,4,82.75,0,1,3,9,1,0,14
1147.5199685689877,4,95.0,4,2,1,7,4,1,15
1148.5290384140098,4,41.5,0,2,5,8,0,0,15
1149.5426387879997,4,67.0,0,0,1,12,0,2,15
1150.5564421970048,4,71.25,0,1,1,7,5,0,14
1151.5673196110292,4,94.5,0,2,1,4,2,6,15
1152.5789745229995,4,69.5,0,0,2,4,0,0,6
1153.5915707569802,4,42.0,0,0,1,3,0,0,4
1154.6054074279964,4,13.25,0,2,1,3,0,0,6
1155.6190978129744,4,15.5,0,3,0,5,0,0,8
1156.6306196529767,4,44.5,0,1,5,5,0,0,11
1157.6427659170004,4,46.0,1,1,5,4,1,0,11
1158.6563174289768,4,39.75,0,4,4,3,0,1,12
1159.6713419950102,4,74.0,0,1,4,7,0,1,13
1160.6853712529992,4,15.0,0,2,2,9,0,0,13
1161.6972287140088,4,70.5,2,2,1,3,4,3,13
1162.7078166800202,4,47.0,3,2,1,3,2,5,13
1163.7804197359947,4,25.25,0,4,0,5,0,7,16
1164.855805995001,4,24.75,0,3,1,3,0,2,9
1165.8810391890001,4,29.75,0,3,0,4,0,0,7
1166.8936744509847,4,72.25,0,1,0,7,0,0,8
1167.9033917940105,4,39.5,0,0,1,6,0,1,8
1168.9172317369957,4,95.75,1,0,1,5,1,1,8
1169.9314578630147,4,41.0,0,0,1,6,0,1,8
1170.9429798239726,4,52.5,0,0,0,7,0,0,7
1171.9567891510087,4,23.25,1,0,1,7,0,0,8
1172.9676498490153,4,70.25,2,0,1,6,1,0,8
1173.980454872013,4,50.75,0,2,0,6,0,0,8
1174.9918137480272,4,82.0,0,0,0,8,0,0,8
1176.0031602510135,4,44.25,0,0,0,6,1,0,7
1177.019481891999,4,71.5,0,1,0,4,0,3,8
1178.033439669991,4,59.25,0,1,0,5,0,0,6
1179.047171157028,4,50.25,0,0,1,4,0,0,5
1180.060897355026,4,70.0,0,0,0,4,0,0,4
1181.0726522909827,4,71.25,0,0,0,3,0,0,3
1182.082421361003,4,41.25,0,1,0,3,0,0,4
1183.095595413004,4,24.5,1,1,0,3,0,0,4
1184.109019431984,4,46.5,0,3,0,2,1,0,6
1185.1228206650121,4,27.5,0,0,0,5,0,0,5
1186.1360354140052,4,47.75,0,0,0,4,0,0,4
1187.149956994981,4,26.0,0,0,0,3,1,0,4
1188.1637462449726,4,46.5,0,2,0,3,0,0,5
1189.1749439300038,4,17.0,1,1,1,2,1,0,5
1190.1889683770132,4,41.75,0,3,0,4,0,0,7
1191.2025339180254,4,34.0,1,3,0,4,0,0,7
1192.214177716989,4,46.75,1,3,0,4,0,0,7
1193.229317742982,4,35.5,0,2,0,6,0,0,8
1194.2435642830096,4,61.5,0,2,1,6,0,0,9
1195.2547792100231,4,46.5,0,4,0,6,0,1,11
1196.2662066000048,4,46.5,0,0,1,9,0,0,10
1197.2799194050021,4,31.5,0,1,0,9,1,0,11
1198.2935510210227,4,26.75,0,0,1,9,0,0,10
1199.3052623979747,4,70.5,0,1,0,10,0,0,11
1200.3189345580176,4,91.5,0,1,1,10,0,0,12
1201.3308280829806,4,94.25,0,1,0,9,1,0,11
1202.3425275419722,4,58.5,0,0,0,10,0,0,10
1203.3548519629985,4,71.5,0,0,0,9,0,1,10
1204.3685607980005,4,94.0,0,0,0,6,3,1,10
1205.3858175749774,4,47.0,0,0,0,4,0,0,4
1206.399783027009,4,29.75,0,2,0,4,0,0,6
1207.4133368399926,4,47.5,1,0,2,3,1,0,6
1208.427649309975,4,25.25,0,0,2,1,0,1,4
1209.440702100983,4,66.0,0,0,0,2,1,0,3
1210.4546484699822,4,46.5,0,0,0,2,0,0,2
1211.4684232429718,4,23.5,0,0,0,1,0,0,1
1212.4802466559922,4,1.75,0,2,0,1,0,0,3
1213.4920937850256,4,23.25,1,2,0,1,0,0,3
1214.506017088017,4,23.25,1,2,0,1,0,0,3
1215.5200676280074,4,4.0,0,3,1,1,0,0,5
1216.5320089830202,4,48.25,0,0,3,2,0,0,5
1217.5455471699825,4,47.5,0,0,1,4,0,0,5
1218.5569329719874,4,93.75,0,0,0,4,0,0,4
1219.56813198101,4,46.0,0,0,0,4,0,0,4
1220.5820533760125,4,46.75,0,1,0,4,0,0,5
1221.595660551975,4,47.0,0,0,0,5,0,0,5
1222.6096312640002,4,51.75,0,1,0,3,0,0,4
1223.623501265014,4,23.5,1,1,1,2,1,0,5
1224.6333081800258,4,0.0,0,0,1,4,0,0,5
1225.6468192100292,4,70.75,0,0,0,3,1,0,4
1226.6592723479844,4,69.25,0,0,0,3,1,0,4
1227.6728227389976,4,48.5,0,0,0,3,0,1,4
1228.686592927028,4,47.5,0,1,0,3,0,0,4
1229.697445924976,4,27.5,0,0,0,3,0,0,3
1230.7114072280237,4,49.0,0,0,0,3,0,0,3
1231.7248520840076,4,42.75,0,1,0,4,0,0,5
1232.736613147019,4,58.75,0,0,1,3,0,0,4
1233.7499225870124,4,49.25,0,3,0,4,0,0,7
1234.7639434179873,4,68.0,0,3,0,4,0,0,7
1235.7775734859752,4,71.0,0,3,0,1,0,3,7
1236.79142249102,4,24.75,0,0,1,4,0,0,5
1237.805383029976,4,26.5,0,0,1,5,0,0,6
1238.8174753449857,4,47.0,0,0,0,6,0,0,6
1239.8282767059864,4,70.5,0,1,0,5,0,0,6
1240.8420619330136,4,46.75,0,0,0,4,0,0,4
1241.8556348640122,4,31.5,0,0,0,2,0,0,2
1242.8690142629785,4,15.75,0,1,0,2,0,0,3
1243.8831961369724,4,23.75,0,1,1,2,0,0,4
1244.8942683609785,4,25.25,0,1,0,3,0,0,4
1245.9063353199745,4,47.25,1,1,0,2,1,0,4
1246.920550763025,4,44.25,0,3,0,2,0,0,5
1247.9312968809973,4,46.0,0,1,1,3,0,0,5
1248.9474296669941,4,47.5,0,0,1,4,0,0,5
1249.9634420580114,4,24.75,0,0,0,5,0,0,5
1250.9770533869741,4,52.25,0,0,0,5,0,0,5
1251.9908769039903,4,95.25,0,0,0,5,0,0,5
1253.0036808829755,4,47.0,0,0,0,4,0,0,4
1254.0176419260097,4,47.0,0,2,0,4,0,0,6
1255.0309797499795,4,49.25,0,0,2,4,0,0,6
1256.0432134810253,4,25.5,0,2,2,2,0,0,6
1257.0552160170046,4,25.0,0,0,2,3,0,0,5
1258.0676152249798,4,23.0,0,0,2,3,0,0,5
1259.0792495990172,4,70.5,0,0,0,5,0,0,5
1260.0912982950103,4,58.75,0,2,0,4,0,0,6
1261.1054766899906,4,17.75,0,0,3,3,0,1,7
1262.1194252540008,4,47.5,0,0,2,3,1,1,7
1263.132890903973,4,46.75,0,1,0,4,1,0,6
1264.1468496089801,4,36.25,0,2,0,5,0,0,7
1265.1605008639744,4,24.5,0,0,3,5,0,0,8
1266.174336711003,4,70.75,0,0,2,5,0,1,8
1267.188067362993,4,46.5,0,0,0,7,0,0,7
1268.201503202028,4,46.75,0,1,0,5,0,0,6
1269.2152991169714,4,25.0,0,0,0,6,0,0,6
1270.2276538090082,4,47.5,1,0,0,6,0,0,6
1271.2412865229999,4,47.25,2,0,0,5,1,0,6
1272.255037748022,4,37.0,0,2,1,5,0,0,8
1273.269189957995,4,72.0,0,0,0,6,0,0,6
1274.2839570780052,4,46.5,0,0,0,6,0,0,6
1275.2974394509802,4,69.5,1,0,0,5,1,0,6
1276.3043236659723,4,32.5,0,1,0,3,0,2,6
1277.3109816359938,4,39.0,0,2,0,4,0,0,6
1278.3253194550052,4,71.5,0,0,0,5,1,0,6
1279.3386241939734,4,35.5,1,0,0,4,2,0,6
1280.353344847972,4,70.0,0,1,0,4,0,0,5
1281.3669758840115,4,40.75,0,2,0,2,0,0,4
1282.3808629600098,4,46.5,0,1,1,4,0,0,6
1283.3944471050054,4,23.0,1,2,0,5,0,0,7
1284.405844892026,4,57.5,0,3,1,4,0,0,8
1285.4168380619958,4,72.75,0,0,1,7,1,0,9
1286.5082948660129,4,56.75,0,2,0,8,0,0,10
1287.5700463179965,4,10.5,0,2,0,8,0,0,10
1288.6257477760082,4,32.25,0,2,0,7,1,0,10
1289.6370990099967,4,44.5,2,2,0,6,1,1,10
1290.6508633060148,4,46.75,2,2,0,5,2,1,10
1291.6646165549755,4,25.0,0,3,1,6,0,1,11
1292.6756562230294,4,39.5,0,0,1,8,0,0,9
1293.6895878820214,4,47.5,1,0,0,9,0,0,9
1294.7020440929919,4,81.25,0,0,1,6,0,0,7
1295.716702745005,4,71.25,0,3,0,6,1,0,10
1296.730503075989,4,71.25,0,0,2,5,0,0,7
1297.7435349639854,4,87.5,0,0,0,7,0,0,7
1298.7571966049727,4,70.75,0,0,0,6,0,0,6
1299.7710663659964,4,71.25,0,0,0,5,0,1,6
1300.785120939021,4,69.25,0,0,0,3,2,1,6
1301.7987277850043,4,47.25,0,1,0,3,0,0,4
1302.8117389439722,4,23.5,0,1,1,3,0,0,5
1303.8257297900273,4,46.75,0,0,0,5,0,0,5
1304.8350407140097,4,47.5,2,1,0,5,0,0,6
1305.8481359200086,4,28.25,0,5,0,4,1,0,10
1306.8595948420116,4,48.25,0,1,3,4,2,0,10
1307.873307041009,4,46.75,1,1,3,2,4,0,10
1308.8866146189976,4,47.75,0,0,0,6,1,0,7
1309.9004390339833,4,79.0,0,0,0,6,0,0,6
1310.9142248739954,4,33.0,0,1,0,5,1,0,7
1311.9271239779773,4,94.25,0,3,0,5,0,0,8
1312.9394050610135,4,43.5,0,0,1,7,0,0,8
1313.9527028569719,4,72.75,0,0,0,8,0,0,8
1314.96663385001,4,52.25,0,0,0,7,1,0,8
1315.9802720979787,4,94.25,1,0,0,5,2,1,8
1316.9944871810148,4,47.5,0,5,0,3,0,2,10
1318.0081240630243,4,38.0,0,1,0,6,0,0,7
1319.0220802929834,4,1.5,0,0,1,6,0,0,7
1320.0352183150244,4,47.0,0,0,1,5,0,1,7
1321.0489115919918,4,28.75,0,2,0,3,0,0,5
1322.0628276990028,4,36.0,0,1,2,3,0,0,6
1323.076493364002,4,29.25,0,4,2,3,0,0,9
1324.090445237991,4,23.5,0,0,3,6,0,0,9
1325.103864039993,4,71.25,3,0,3,5,1,0,9
1326.1175879799994,4,39.5,0,2,2,7,0,1,12
1327.1291085840203,4,32.75,0,1,1,9,1,0,12
1328.1429607240134,4,23.25,0,1,1,9,1,0,12
1329.154998391983,4,52.0,0,1,1,8,0,1,11
1330.1663151829853,4,40.5,0,3,2,8,0,0,13
1331.1801533109974,4,61.0,0,2,2,6,1,0,11
1332.1938229699736,4,26.0,0,1,0,6,3,0,10
1333.2096687569865,4,48.25,1,1,0,6,2,1,10
1334.2208169039804,4,39.5,1,6,0,6,0,2,14
1335.2348037739866,4,43.25,0,2,3,8,0,0,13
1336.2456679149764,4,82.25,0,3,2,9,2,0,16
1337.2599794479902,4,74.0,3,3,0,9,2,2,16
1338.2717580689932,4,31.0,2,2,5,3,0,1,11
1339.2855170239927,4,48.0,0,3,3,5,1,0,12
1340.299660751014,4,52.5,0,4,4,6,0,0,14
1341.317078136024,4,50.5,0,2,3,10,0,0,15
1342.3308472249773,4,68.5,0,2,2,6,0,1,11
1343.3424672820256,4,59.5,0,0,3,9,0,0,12
1344.3567529420252,4,65.25,0,0,1,11,0,0,12
1345.370414293022,4,24.5,0,0,1,5,5,1,12
1346.3843169470201,4,47.0,0,0,0,4,0,0,4
1347.3967596970033,4,23.5,3,0,0,2,1,0,3
1348.410392026999,4,49.0,0,3,0,4,0,0,7
1349.4221575179836,4,46.0,0,3,0,3,1,0,7
1350.4355321840267,4,45.0,0,0,0,6,0,0,6
1351.4492230149917,4,26.5,0,2,0,5,0,0,7
1352.4621378390002,4,25.75,0,2,0,7,0,0,9
1353.4754289850243,4,47.0,2,2,0,1,6,0,9
1354.48767370102,4,23.5,0,3,0,3,0,0,6
1355.5007272550138,4,65.0,0,3,1,4,0,0,8
1356.511292078998,4,47.0,1,0,3,3,2,0,8
1357.5250054129865,4,47.25,4,0,3,2,3,0,8
1358.5381261499715,4,36.5,0,2,5,1,0,0,8
1359.5517387919826,4,1.0,0,3,3,5,0,0,11
1360.5652468799963,4,51.5,0,0,0,11,0,0,11
1361.575411872007,4,71.25,0,0,0,5,1,5,11
1362.5876921989839,4,45.5,0,1,0,3,0,0,4
1363.601588651014,4,46.5,1,2,0,3,0,0,5
1364.6150088880095,4,36.75,0,3,0,4,0,0,7
1365.6283656589803,4,69.75,3,2,0,4,1,0,7
1366.6396301179775,4,69.75,4,2,0,3,2,0,7
1367.65347015101,4,25.75,0,1,1,7,0,0,9
1368.6651617530151,4,47.0,0,0,1,9,0,0,10
1369.6786580950138,4,62.5,1,2,0,6,3,0,11
1370.6927668789867,4,58.25,0,0,0,9,0,0,9
1371.704830061004,4,71.25,0,0,0,9,0,0,9
1372.7189867870184,4,53.0,0,1,0,9,0,0,10
1373.7325445989845,4,53.25,0,1,0,6,2,0,9
1374.7465463610133,4,70.0,1,1,0,5,2,1,9
1375.7605136639904,4,47.25,0,2,2,6,0,0,10
1376.7730360960122,4,54.25,0,0,1,8,0,0,9
1377.789465053007,4,70.25,0,0,1,6,1,1,9
1378.8013253040262,4,82.5,0,0,0,7,0,2,9
1379.8149179280153,4,93.75,0,1,1,5,1,0,8
1380.826457769028,4,47.0,3,1,0,5,1,1,8
1381.8402752319816,4,63.75,0,3,0,5,0,1,9
1382.853686317976,4,70.0,1,4,0,3,1,0,8
1383.8655941060279,4,35.0,0,5,0,3,0,0,8
1384.8794986609719,4,0.0,0,1,4,0,0,3,8
1385.893263379985,4,1.0,0,2,2,3,0,0,7
1386.905497397005,4,35.25,2,2,1,3,0,0,6
1387.9196010039886,4,48.25,0,5,2,3,0,1,11
1388.9332477760036,4,46.25,0,2,5,4,0,0,11
1389.945984778984,4,64.5,0,0,2,8,0,0,10
1390.9595596049912,4,23.25,0,3,1,8,0,1,13
1391.9728253490175,4,70.5,3,3,1,6,2,0,12
1392.9860225599841,4,46.75,4,7,0,6,0,3,16
1393.9996611819952,4,29.25,0,2,6,8,0,0,16
1395.013737011992,4,72.75,0,3,2,11,0,0,16
1396.0273400109727,4,71.5,0,3,0,8,5,0,16
1397.0414186529815,4,46.5,0,0,2,5,0,2,9
1398.0548514699913,4,48.0,0,1,0,6,0,0,7
1399.0689280990046,4,50.75,0,1,0,6,0,0,7
1400.081020542013,4,60.25,4,1,0,5,1,0,7
1401.094990196987,4,47.25,0,3,2,3,0,0,8
1402.10882558499,4,5.75,0,1,0,8,0,0,9
1403.1218804509845,4,41.0,0,2,0,6,2,0,10
1404.1354690319858,4,45.75,1,1,0,7,0,1,9
1405.1494677789742,4,70.75,0,2,0,5,0,2,9
1406.1634175730287,4,45.25,0,0,0,7,0,0,7
1407.1766593100037,4,43.25,0,1,0,7,0,0,8
1408.1907025210094,4,55.75,0,2,0,6,0,0,8
1409.2409538070206,4,54.25,0,1,1,6,0,1,9
1410.2933025580132,4,41.25,0,1,0,6,1,0,8
1411.3367070339737,4,19.5,0,1,0,6,1,0,8
1412.3506323639886,4,25.25,0,2,0,5,0,1,8
1413.3644947590074,4,24.0,0,1,0,8,0,0,9
1414.376738352992,4,26.25,0,0,1,9,0,0,10
1415.3912695239997,4,71.0,2,0,0,8,2,0,10
1416.4052353900042,4,70.0,2,0,0,7,3,0,10
1417.4189549500006,4,23.5,0,1,1,8,0,0,10
1418.4301726460108,4,65.75,0,2,1,8,0,1,12
1419.4432600999717,4,23.5,0,0,1,10,0,0,11
1420.4571931990213,4,46.0,0,0,0,11,0,0,11
1421.4714192830143,4,70.75,1,0,0,9,1,1,11
1422.48520904599,4,46.25,0,0,2,7,1,0,10
1423.4970630619791,4,29.5,0,2,0,9,0,0,11
1424.5105879720068,4,23.5,0,0,0,11,0,0,11
1425.5230165440007,4,95.0,0,0,0,9,1,1,11
1426.536777101981,4,94.0,2,0,0,8,2,1,11
1427.5467895810143,4,53.5,0,0,1,9,0,0,10
1428.5592102620285,4,64.5,0,0,0,8,0,1,9
1429.5728473640047,4,49.0,0,0,0,6,1,0,7
1430.5874635939836,4,69.25,0,3,0,7,0,0,10
1431.6015345699852,4,82.5,2,4,0,8,0,0,12
1432.6150043960079,4,22.75,1,2,4,10,0,0,16
1433.6292266750243,4,79.75,1,2,0,10,4,0,16
1434.6431503050262,4,70.75,0,2,2,9,0,0,13
1435.6569309760234,4,48.25,1,2,2,7,3,0,14
1436.670730997983,4,50.25,5,2,2,5,5,0,14
1437.6826296949876,4,68.25,5,2,3,6,0,5,16
1438.6968011370045,4,16.25,4,1,4,10,0,1,16
1439.705885191972,4,66.0,2,1,2,11,0,2,16
1440.7183321340126,4,70.5,4,2,1,6,6,0,15
1441.732559347991,4,40.75,0,2,2,6,0,0,10
1442.745945452014,4,52.5,0,0,0,4,0,0,4
1443.760243355995,4,43.25,0,0,2,5,0,0,7
1444.775093521981,4,46.5,1,3,1,4,2,0,10
1445.7887829709798,4,69.75,2,3,1,3,3,0,10
1446.802753993019,4,47.0,0,7,0,3,1,1,12
1447.816392151988,4,49.25,0,5,2,7,0,0,14
1448.8302395719802,4,70.0,0,1,1,12,0,0,14
1449.8442769310204,4,70.75,0,2,0,8,0,5,15
1450.8565393189783,4,48.25,0,0,0,9,1,0,10
1451.8705562020186,4,77.5,4,0,0,5,4,0,9
1452.8823942940217,4,93.75,5,0,0,5,4,0,9
1453.896173400979,4,48.25,0,5,4,3,0,0,12
1454.9097810949897,4,1.5,0,2,3,9,0,0,14
1455.9237376339734,4,48.5,0,1,1,11,2,0,15
1456.937141945993,4,94.25,1,1,0,8,5,1,15
1457.9513058610028,4,57.0,0,0,0,7,0,0,7
1458.9651232659817,4,47.5,0,1,1,5,0,0,7
1459.9861905010184,4,68.5,0,0,0,4,1,0,5
1460.9983325370122,4,47.25,0,0,0,3,1,1,5
1462.0124955089996,4,47.5,0,0,0,2,0,3,5
1463.0261416509748,4,39.75,0,0,0,2,0,0,2
1464.040048322,4,23.5,0,2,1,1,0,0,4
1465.054229320027,4,5.5,2,3,1,2,0,0,6
1466.0685550579801,4,23.75,4,3,1,1,1,0,6
1467.08250282699,4,47.5,0,1,4,5,0,0,10
1468.0962111320114,4,40.5,0,1,0,9,1,0,11
1469.1095796669833,4,47.0,1,1,0,5,5,0,11
1470.1231871779892,4,94.5,1,1,0,4,6,0,11
1471.1367652069894,4,80.5,0,1,0,5,0,0,6
1472.1502362739993,4,70.0,0,0,0,5,0,0,5
1473.1615965709789,4,69.75,0,0,0,5,0,0,5
1474.1745009450242,4,69.5,7,0,0,5,0,0,5
1475.1855525160208,4,84.75,0,3,5,6,0,0,14
1476.1990173630184,4,56.25,0,3,0,9,1,0,13
1477.2145583010279,4,24.5,0,3,3,4,0,3,13
1478.2285822620033,4,9.25,0,3,1,4,1,0,9
1479.240438519977,4,27.0,0,2,3,6,0,0,11
1480.255570282985,4,25.75,1,1,2,6,2,0,11
1481.2671843640273,4,54.0,0,0,1,10,0,0,11
1482.2777466039988,4,38.0,0,0,0,7,3,0,10
1483.290913304023,4,69.25,0,0,0,7,0,0,7
1484.3022293340182,4,49.25,0,0,0,7,0,0,7
1485.3143050309736,4,70.5,3,0,0,4,3,0,7
1486.3282985020196,4,71.5,0,4,0,4,0,3,11
1487.3420443250216,4,70.5,0,3,1,5,0,0,9
1488.3558825469809,4,71.25,0,1,1,6,1,0,9
1489.365777657018,4,70.25,1,1,1,6,0,1,9
1490.374871433014,4,47.25,0,3,0,6,0,0,9
1491.3889262559824,4,27.25,0,0,0,6,0,0,6
1492.4031951280194,4,87.75,0,0,0,6,0,0,6
1493.4143897090107,4,93.5,1,0,0,6,0,0,6
1494.424941558973,4,70.5,3,0,0,5,1,0,6
1495.437699289003,4,60.75,0,3,1,5,0,0,9
1496.4485260680085,4,81.0,0,0,2,6,0,0,8
1497.4616989149945,4,46.5,0,1,1,6,0,0,8
1498.4743343769806,4,70.0,0,1,1,6,0,0,8
1499.48760420701,4,44.5,0,2,0,7,0,0,9
1500.499992446974,4,70.5,0,0,2,7,0,0,9
1501.513575754012,4,43.5,0,1,0,8,0,0,9
1502.5250283569912,4,95.5,1,1,0,7,1,0,9
1503.5379734099843,4,70.25,0,2,0,4,0,4,10
1504.5504363640212,4,35.75,0,1,0,4,1,0,6
1505.564537690021,4,23.75,0,0,1,3,0,0,4
1506.5794266960002,4,9.25,0,0,0,4,0,0,4
1507.5930445080157,4,21.0,0,0,1,6,0,0,7
1508.6064802709734,4,50.5,0,2,0,7,0,0,9
1509.6200813369942,4,23.25,0,0,1,8,0,0,9
1510.6339497810113,4,47.25,1,0,0,7,2,0,9
1511.6457551450003,4,70.75,1,0,0,6,3,0,9
1512.6599949880037,4,69.75,0,1,0,4,0,0,5
1513.674136999005,4,44.5,0,0,0,3,0,2,5
1514.6878009259817,4,34.25,0,0,0,2,0,0,2
1515.701654822973,4,23.25,0,0,0,2,0,0,2
1516.713975793973,4,47.5,0,1,0,2,0,0,3
1517.7278041790123,4,30.75,0,1,0,4,0,0,5
1518.7413065769942,4,46.75,1,0,0,6,0,0,6
1519.7538373720017,4,60.0,0,1,0,5,1,0,7
1520.7676459780196,4,0.0,0,3,0,6,0,0,9
1521.7817016990157,4,23.0,0,2,0,7,0,0,9
1522.795201955014,4,70.75,0,2,0,6,1,0,9
1523.8092349980143,4,47.75,0,0,2,3,2,1,8
1524.8232780600083,4,47.5,0,1,1,4,0,0,6
1525.8351468819892,4,72.0,0,1,1,6,0,0,8
1526.8490813120152,4,49.5,0,0,0,7,0,0,7
1527.861727617972,4,37.25,0,0,0,5,1,0,6
1528.8755999230198,4,62.0,0,1,0,5,0,0,6
1529.8895644950098,4,43.75,0,2,2,4,1,0,9
1530.9032966250088,4,65.5,0,2,0,7,0,0,9
1531.9158498729812,4,23.0,0,1,1,6,0,1,9
1532.9613167099888,4,55.5,1,1,0,7,0,1,9
1534.0084048780263,4,33.0,1,1,0,7,0,1,9
1535.0921217880095,4,58.75,3,1,0,6,1,1,9
1536.1040170040214,4,57.25,0,3,1,3,0,0,7
1537.118075107981,4,24.5,0,3,1,2,1,0,7
1538.13113755401,4,23.75,0,4,0,4,0,0,8
1539.1477216340136,4,69.5,0,0,3,4,0,1,8
1540.1620240579941,4,48.75,0,2,0,7,0,0,9
1541.1727337079938,4,69.5,0,1,1,5,1,1,9
1542.1816503719892,4,6.0,0,0,0,5,0,0,5
1543.1955220479867,4,69.5,0,0,0,5,0,0,5
1544.208379669988,4,68.5,0,2,1,5,0,0,8
1545.220223133976,4,53.5,0,2,0,5,1,0,8
1546.2335759570124,4,70.5,1,2,0,3,3,0,8
1547.2479609309812,4,69.5,0,0,1,6,0,0,7
1548.2619190770201,4,48.25,0,0,0,7,0,0,7
1549.2752113710158,4,70.5,0,0,0,6,0,1,7
1550.2870270760031,4,58.5,0,0,1,6,0,0,7
1551.2982378869783,4,24.75,3,1,1,5,0,0,7
1552.3109119539731,4,44.0,0,3,0,5,0,0,8
1553.3250258369953,4,93.0,0,1,0,7,1,0,9
1554.3386684459983,4,43.0,0,0,1,6,0,0,7
1555.3522586529725,4,42.0,1,1,0,6,0,0,7
1556.3625978929922,4,70.0,0,5,0,4,0,0,9
1557.3741514459834,4,23.25,1,5,0,2,2,0,9
1558.3874833890004,4,44.0,0,3,4,2,0,0,9
1559.4010358849773,4,2.5,0,2,3,6,1,0,12
1560.4140602169791,4,43.75,0,0,4,7,1,0,12
1561.4267761979718,4,70.5,1,0,1,7,3,1,12
1562.4380070380284,4,70.25,0,2,1,6,1,0,10
1563.4493705889909,4,23.25,0,2,0,7,0,0,9
1564.4609154309728,4,70.0,0,1,0,9,0,0,10
1565.4749018820003,4,71.5,0,0,0,8,0,0,8
1566.491847837984,4,40.75,0,0,0,7,0,1,8
1567.5039021890261,4,83.25,2,0,0,3,4,1,8
1568.5180032749777,4,48.25,0,4,0,3,0,0,7
1569.5315078549902,4,46.5,1,4,0,2,1,0,7
1570.545385865029,4,23.5,1,4,0,2,1,0,7
1571.5590023950208,4,46.75,0,4,1,3,0,0,8
1572.5725685079815,4,26.75,0,1,2,6,0,0,9
1573.5864788820036,4,47.5,0,1,1,6,0,0,8
1574.5987200979725,4,24.0,0,1,0,7,0,0,8
1575.6105195070268,4,47.5,0,2,2,6,1,0,11
1576.6232899519964,4,71.0,0,0,3,3,2,0,8
1577.6374420719803,4,54.25,0,3,3,3,0,0,9
1578.6499290919746,4,42.75,0,0,5,5,0,0,10
1579.6638672249974,4,55.25,0,1,3,7,0,0,11
1580.6775568689918,4,46.25,0,1,1,9,0,0,11
1581.6916922979872,4,46.75,0,0,0,9,0,1,10
1582.7031663199887,4,71.75,0,0,0,5,4,1,10
1583.7167580220266,4,46.75,0,0,0,4,1,4,9
1584.729677493975,4,24.0,0,0,0,4,0,0,4
1585.7435924279853,4,47.5,0,0,0,3,0,0,3
1586.7572392689763,4,46.5,0,0,0,2,0,0,2
1587.7711057710112,4,30.0,0,1,1,2,0,0,4
1588.7845635510166,4,47.25,0,0,0,4,0,0,4
1589.7983465280267,4,70.5,0,1,0,3,1,0,5
1590.8126000650227,4,46.5,0,1,1,3,0,0,5
1591.8264786090003,4,31.25,0,0,2,5,0,0,7
1592.8402335899882,4,71.0,0,1,0,6,0,0,7
1593.853977433988,4,24.5,0,2,0,6,1,0,9
1594.8657719930052,4,75.75,2,1,1,5,2,0,9
1595.8786520049907,4,95.0,2,1,1,5,2,0,9
1596.8925792429945,4,69.75,0,1,2,4,0,0,7
1597.9062772860052,4,39.0,0,0,0,6,1,0,7
1598.9208652949892,4,69.5,0,0,0,5,1,0,6
1599.9331390970037,4,60.0,0,3,0,4,0,2,9
1600.94721156999,4,50.25,0,0,0,7,0,0,7
1601.9606413400033,4,72.5,0,1,0,6,0,0,7
1602.9742477210239,4,92.0,0,0,0,7,0,0,7
1603.9882993400097,4,71.25,0,2,0,6,0,0,8
1604.9990325879771,4,59.0,0,0,1,6,1,0,8
1606.0123825849732,4,70.5,0,1,0,5,0,0,6
1607.0228158630198,4,49.5,1,0,0,6,0,0,6
1608.0370120300213,4,47.5,0,0,0,7,0,0,7
1609.0525516080088,4,30.75,2,0,0,5,2,0,7
1610.0652311629965,4,46.75,0,4,0,2,0,0,6
1611.0738870570203,4,0.0,0,2,3,1,0,0,6
1612.0858373679803,4,28.75,0,4,0,4,0,0,8
1613.100318071025,4,46.75,0,4,0,3,1,0,8
1614.1137502010097,4,47.75,3,4,0,2,2,0,8
1615.1264917830122,4,23.0,0,11,0,1,0,3,15
1616.1385326759773,4,0.0,0,7,2,3,0,0,12
1617.1509670629748,4,56.0,0,1,4,9,0,0,14
1618.1598857790232,4,74.0,0,1,1,5,7,0,14
1619.1725895319832,4,48.75,0,0,0,7,0,0,7
1620.186671796022,4,69.5,0,1,0,5,0,1,7
1621.200592098001,4,46.5,0,0,1,4,0,0,5
1622.211863161996,4,48.5,0,2,0,3,0,2,7
1623.2213878399925,4,53.75,0,3,0,4,0,0,7
1624.2350931040128,4,47.25,2,3,0,4,0,0,7
1625.2485842289752,4,47.75,3,3,0,4,0,0,7
1626.262117241975,4,23.0,0,10,0,3,0,1,14
1627.2775150130037,4,0.0,0,4,3,7,0,1,15
1628.2917080110055,4,29.25,0,2,3,9,0,0,14
1629.3057191779953,4,59.75,0,1,4,6,1,1,13
1630.3192212139838,4,49.5,0,1,2,7,2,0,12
1631.3330292360042,4,55.5,0,0,1,7,1,0,9
1632.346531859017,4,51.0,0,3,0,8,0,1,12
1633.3604405759834,4,95.75,2,3,0,6,2,1,12
1634.3739559549722,4,69.5,0,5,0,4,0,2,11
1635.3879049500101,4,52.0,0,0,0,7,0,1,8
1636.4010005000164,4,70.5,0,0,0,6,0,0,6
1637.4145373969804,4,67.75,0,0,0,3,0,1,4
1638.4283873329987,4,24.25,0,0,0,2,0,0,2
1639.4412879539886,4,47.75,0,0,0,2,0,0,2
1640.4553204950062,4,47.25,0,1,0,2,0,0,3
1641.4656336770277,4,48.25,0,0,0,2,0,0,2
1642.47928884899,4,46.75,0,0,0,1,0,0,1
1643.4930259790272,4,23.25,0,1,0,1,0,0,2
1644.5066730509861,4,25.75,0,2,1,1,0,0,4
1645.520794393029,4,48.25,0,3,0,4,0,0,7
1646.5344197769882,4,39.25,0,2,0,9,0,0,11
1647.545518593979,4,57.25,0,3,0,7,0,1,11
1648.5541915890062,4,59.25,0,0,1,9,0,0,10
1649.5679184499895,4,55.5,0,1,0,7,1,0,9
1650.5811076110112,4,43.75,3,1,0,6,0,1,8
1651.5949322310043,4,70.5,0,4,0,2,2,1,9
1652.6086845910177,4,48.5,0,0,0,6,0,0,6
1653.6226861730102,4,30.0,0,4,0,3,0,0,7
1654.6362187470077,4,47.25,0,1,4,5,0,0,10
1655.6834308159887,4,46.25,0,2,5,7,0,0,14
1656.7330546000157,4,17.0,0,3,6,6,0,0,15
1657.7783644319861,4,51.75,0,2,3,9,0,0,14
1658.7922429679893,4,52.75,1,1,4,11,0,0,16
1659.804767492984,4,68.25,0,0,4,9,1,0,14
1660.818855880003,4,66.25,0,2,1,7,0,0,10
1661.832740147016,4,54.5,0,1,2,8,0,1,12
1662.846534382028,4,66.75,0,1,2,7,1,0,11
1663.8604333599797,4,47.75,0,0,1,8,0,0,9
1664.874054340995,4,56.0,0,1,0,8,0,0,9
1665.8879671749892,4,65.0,0,1,0,7,0,0,8
1666.9021085220156,4,71.5,0,1,0,6,0,0,7
1667.9162821240025,4,56.0,0,0,0,6,0,1,7
1668.930161296972,4,47.5,0,0,1,5,0,0,6
1669.9438613809762,4,72.5,0,0,0,6,0,0,6
1670.9573967470205,4,22.25,0,1,0,4,0,0,5
1671.9710679759737,4,0.0,0,0,0,5,0,1,6
1672.988234637014,4,33.25,0,0,1,5,0,0,6
1674.0001444049994,4,46.75,0,2,0,6,0,0,8
1675.0139298429713,4,54.25,0,1,2,3,2,0,8
1676.026412561012,4,0.0,0,2,0,6,0,0,8
1677.0401536750142,4,34.0,0,1,0,6,2,0,9
1678.0537405610085,4,64.25,1,0,1,6,0,0,7
1679.0678085269756,4,70.75,0,1,1,6,0,0,8
1680.082060620014,4,45.75,0,0,0,7,0,0,7
1681.098759895016,4,46.0,0,1,0,6,0,1,8
1682.1124225159874,4,53.25,0,1,0,6,0,0,7
1683.1259960010066,4,70.75,4,1,0,5,1,0,7
1684.1367904050276,4,71.0,0,6,0,4,0,2,12
1685.1499734370154,4,47.25,0,8,0,4,0,0,12
1686.163429208973,4,25.0,0,2,3,7,0,0,12
1687.1773405349813,4,23.25,0,1,2,2,3,3,11
1688.1912967769895,4,46.25,0,2,1,4,0,0,7
1689.2053410080262,4,48.25,0,1,0,5,0,0,6
1690.2158317589783,4,47.25,0,1,0,5,0,0,6
1691.2300103590242,4,24.0,4,1,0,3,1,0,5
1692.243700551975,4,47.5,6,1,0,3,0,1,5
1693.2572479650262,4,23.25,0,11,0,4,0,0,15
1694.2701182989986,4,23.25,5,1,8,7,0,0,16
1695.2806020859862,4,81.5,7,1,0,13,2,0,16
1696.2939454130246,4,94.0,12,0,1,7,0,8,16
1697.3077352279797,4,24.0,8,6,2,3,5,0,16
1698.3216392130125,4,24.25,9,6,2,2,6,0,16
1699.3353136000223,4,23.5,5,8,2,4,0,2,16
1700.3489932640223,4,50.0,2,4,7,4,0,1,16
1701.3615202669753,4,0.0,1,2,4,8,1,1,16
1702.375470590021,4,53.0,0,1,2,9,0,1,13
1703.389254255977,4,68.75,0,0,0,9,1,0,10
1704.403236188984,4,93.75,0,1,0,8,0,0,9
1705.4164272450143,4,60.5,0,1,0,9,2,0,12
1706.428931278002,4,54.75,1,0,1,7,0,0,8
1707.4464180290233,4,24.25,1,0,1,5,3,0,9
1708.4586789340246,4,50.75,0,3,0,6,0,0,9
1709.470341910026,4,69.75,6,3,0,4,0,2,9
1710.48385444202,4,47.75,4,9,0,4,0,2,15
1711.4973996239714,4,47.75,8,12,0,1,1,2,16
1712.5115243979963,4,7.5,7,1,4,11,0,0,16
1713.5225487489952,4,54.75,11,0,2,9,5,0,16
1714.536169308005,4,68.5,6,7,2,5,1,1,16
1715.5482247759937,4,57.0,3,2,4,10,0,0,16
1716.561372643977,4,73.25,5,0,2,11,3,0,16
1717.5786729379906,4,70.25,6,0,1,6,3,6,16
1718.5928772520274,4,33.75,0,0,2,9,0,0,11
1719.6060856750119,4,95.25,0,0,1,8,2,0,11
1720.6198223750107,4,69.0,0,4,1,6,1,3,15
1721.6307883749832,4,80.0,0,2,4,8,0,0,14
1722.644806255994,4,45.5,0,1,3,11,0,0,15
1723.6582862639916,4,72.25,0,1,2,5,5,2,15
1724.6710069709807,4,23.25,0,4,0,8,0,0,12
1725.6847717650235,4,55.0,0,0,2,10,0,0,12
1726.696932095976,4,64.0,0,0,1,9,1,0,11
1727.7104555559927,4,95.25,0,0,1,6,0,4,11
1728.7256586949807,4,48.0,1,0,1,4,2,3,10
1729.7370733870193,4,57.0,0,1,1,3,0,1,6
1730.7473340170109,4,32.5,1,2,1,3,0,0,6
1731.7612318060128,4,47.5,0,4,2,3,0,1,10
1732.7744511740166,4,3.0,0,4,2,5,0,1,12
1733.7866079849773,4,27.25,0,2,2,10,0,0,14
1734.802421141998,4,74.0,6,4,0,9,3,0,16
1735.8159532960271,4,69.75,3,5,4,5,2,0,16
1736.8286101070116,4,2.0,3,3,4,9,0,0,16
1737.8423889040132,4,63.0,4,1,2,12,1,0,16
1738.8565705579822,4,61.0,3,1,3,6,5,1,16
1739.8700327560073,4,93.5,4,1,3,3,8,1,16
1740.8841408009757,4,50.75,0,7,1,6,0,0,14
1741.8981268330244,4,49.75,0,1,4,8,0,1,14
1742.9110016199993,4,70.75,0,1,1,9,0,1,12
1743.9249450219795,4,62.75,1,1,0,8,2,1,12
1744.9392646250199,4,48.75,0,0,0,9,1,0,10
1745.9534774859785,4,70.5,2,0,0,6,3,1,10
1746.9671182269813,4,72.5,0,2,0,6,0,3,11
1747.981042748026,4,36.0,0,2,0,8,0,0,10
1748.995344823983,4,35.0,0,0,0,7,1,0,8
1750.0086531700217,4,71.75,0,2,0,6,1,0,9
1751.0225682110176,4,71.5,0,2,0,4,1,2,9
1752.0341162069817,4,67.0,0,0,1,4,0,1,6
1753.04799094802,4,27.75,0,1,0,6,0,0,7
1754.06126201601,4,61.25,1,1,0,5,1,0,7
1755.0730994869955,4,47.0,2,1,0,2,4,0,7
1756.0865679769777,4,47.0,3,1,0,2,4,0,7
1757.09780911298,4,45.75,0,0,3,3,0,0,6
1758.1117144519812,4,48.5,0,0,1,6,0,0,7
1759.12496917299,4,55.0,0,0,0,6,1,0,7
1760.145949386002,4,72.25,0,0,0,6,0,1,7
1761.1596417700057,4,71.0,0,0,0,6,0,0,6
1762.1741398230079,4,47.0,0,1,0,5,0,0,6
1763.1888207559823,4,7.0,0,0,0,5,0,0,5
1764.2028811270138,4,39.25,0,1,0,4,0,0,5
1765.2147244230146,4,10.75,0,2,0,4,0,0,6
1766.2265761769959,4,22.5,2,2,0,3,1,0,6
1767.2408299050294,4,24.25,0,2,2,3,0,1,8
1768.258137035009,4,27.75,0,2,0,5,0,0,7
1769.2717444039881,4,49.0,0,0,0,5,1,0,6
1770.2854698909796,4,0.0,0,0,0,3,1,0,4
1771.299021726998,4,23.5,0,0,0,3,0,0,3
1772.3088720520027,4,0.0,2,0,0,3,0,0,3
1773.3217937360168,4,23.5,5,0,0,3,0,0,3
1774.3376590349944,4,24.25,0,4,1,2,0,0,7
1775.3514687590068,4,0.0,2,1,2,5,0,0,8
1776.3643168840208,4,54.0,0,2,2,5,1,0,10
1777.3781006520148,4,29.5,0,4,2,4,0,2,12
1778.4185412210063,4,8.75,0,2,4,6,0,0,12
1779.4801394090173,4,0.0,0,2,3,7,0,0,12
1780.5907720359974,4,13.25,0,5,4,7,0,0,16
1781.6078462899895,4,66.5,1,6,0,10,0,0,16
1782.6218965330045,4,24.5,0,6,1,8,0,0,15
1783.6345451829839,4,76.0,2,0,5,10,1,0,16
1784.6475649990025,4,64.5,2,3,1,10,0,2,16
1785.6613153829821,4,54.25,1,2,2,11,0,0,15
1786.6750010080286,4,71.25,1,2,2,4,7,0,15
1787.6891050420236,4,67.25,0,2,3,6,0,0,11
1788.7027130339993,4,60.5,0,0,1,10,0,0,11
1789.7171772880247,4,92.0,0,0,0,10,1,0,11
1790.7298680489766,4,70.75,0,0,0,9,0,1,10
1791.743147169007,4,60.5,0,0,2,6,0,1,9
1792.7568705279846,4,68.0,0,0,0,8,0,0,8
1793.7703800160089,4,47.0,0,1,0,7,0,0,8
1794.783966144023,4,20.75,0,0,1,7,0,0,8
1795.7951228350285,4,48.25,0,0,3,4,0,1,8
1796.8087953599752,4,47.75,0,2,1,5,0,0,8
1797.8226003479795,4,24.75,0,2,2,5,0,0,9
1798.8361349289771,4,46.75,0,2,2,3,2,0,9
1799.8497496380005,4,22.75,0,0,1,5,0,0,6
1800.8615671360167,4,23.5,0,0,1,5,1,0,7
1801.87452824699,4,46.25,0,1,0,6,0,0,7
1802.8868235910195,4,71.0,0,2,0,7,0,0,9
1803.9009287030203,4,25.5,0,0,3,8,0,1,12
1804.9157171220286,4,56.0,0,0,0,10,1,0,11
1805.9295566800283,4,55.25,0,0,0,9,0,1,10
1806.9432486920268,4,76.0,0,1,0,8,0,1,10
1807.9572429509717,4,6.75,0,0,1,5,3,1,10
1808.968003278016,4,95.0,2,0,1,4,2,3,10
1809.9823093630257,4,23.0,0,5,0,4,0,2,11
1810.9961296590045,4,48.0,0,0,5,3,1,0,9
1812.0092944810167,4,8.75,0,1,0,8,0,0,9
1813.022112169012,4,95.5,2,1,0,8,0,0,9
1814.0341025309754,4,68.75,0,0,1,9,0,0,10
1815.0459832630004,4,95.0,0,1,0,8,0,0,9
1816.0591705390252,4,47.25,0,1,0,7,0,0,8
1817.0730181650142,4,70.25,1,1,0,5,1,1,8
1818.085026449,4,70.5,1,1,0,3,3,1,8
1819.0970979739795,4,27.5,0,1,2,3,0,0,6
1820.1109216019977,4,49.25,0,1,2,4,0,0,7
1821.1227512999903,4,17.25,0,0,2,4,0,1,7
1822.1345558629837,4,45.5,0,1,0,7,0,0,8
1823.1473035480012,4,63.0,0,0,3,6,0,0,9
1824.1616465239786,4,53.25,0,0,1,8,0,0,9
1825.1728853940149,4,41.75,1,0,0,8,1,0,9
1826.186593928025,4,70.75,2,0,0,8,1,0,9
1827.1983382949838,4,72.25,0,5,0,5,0,0,10
1828.2111911430256,4,64.0,0,3,2,3,0,1,9
1829.2221038339776,4,34.25,0,0,1,6,0,0,7
1830.236022460973,4,36.75,1,0,1,5,1,0,7
1831.2485844499897,4,34.5,0,0,1,6,0,0,7
1832.256934923993,4,70.25,0,3,1,4,2,0,10
1833.270432284975,4,23.0,0,2,2,2,0,0,6
1834.283908656973,4,26.0,0,0,1,5,0,0,6
1835.296341533016,4,47.5,0,2,1,5,0,0,8
1836.3101260469994,4,23.25,0,2,1,5,0,1,9
1837.3238808430033,4,32.0,0,1,1,7,0,0,9
1838.3346829490038,4,48.0,0,1,0,8,0,0,9
1839.3489748549764,4,34.0,0,0,0,6,0,0,6
1840.3624516159762,4,39.75,0,1,0,5,0,1,7
1841.3761984379962,4,18.5,0,1,1,4,1,0,7
1842.3881860940019,4,48.25,0,1,0,5,0,0,6
1843.4020761299762,4,56.75,0,0,0,6,0,0,6
1844.415941456973,4,60.25,0,1,0,4,2,0,7
1845.429390550009,4,70.25,1,1,0,3,3,0,7
1846.4436800329713,4,21.25,0,3,0,1,0,1,5
1847.45467353001,4,23.5,0,0,0,3,0,0,3
1848.4667049319833,4,37.0,0,0,0,3,0,0,3
1849.480737445003,4,46.25,0,0,0,2,1,0,3
1850.4947723959922,4,23.25,0,1,0,3,0,0,4
1851.5078116729856,4,72.5,0,2,0,3,0,0,5
1852.5221035939758,4,93.75,0,0,0,5,0,0,5
1853.5355459420243,4,66.5,1,0,0,3,1,0,4
1854.549180541013,4,47.0,2,0,0,1,3,0,4
1855.5631672270247,4,23.5,0,2,0,1,0,0,3
1856.5765100509743,4,48.0,0,2,1,2,0,0,5
1857.5884094840148,4,45.75,0,0,3,3,0,0,6
1858.599948788993,4,47.0,0,0,3,3,0,0,6
1859.614049943979,4,72.0,0,0,1,5,0,0,6
1860.6250658410136,4,50.75,0,0,1,5,0,0,6
1861.638623116014,4,53.5,0,5,0,6,0,0,11
1862.6524476879858,4,45.5,0,5,0,4,0,0,9
1863.6669901629793,4,0.0,0,2,2,5,0,1,10
1864.6805013510166,4,62.75,0,2,0,8,0,0,10
1865.6945080569712,4,69.25,0,1,2,7,0,0,10
1866.706537852995,4,81.25,0,3,2,3,0,1,9
1867.720507705002,4,22.75,0,0,1,6,0,0,7
1868.7340491460054,4,61.5,0,0,0,6,1,0,7
1869.7474605750176,4,47.0,0,1,0,4,0,1,6
1870.7610643869848,4,24.25,0,0,0,5,0,0,5
1871.7747285389923,4,23.0,0,2,0,3,0,0,5
1872.7885499899858,4,23.25,1,0,1,4,0,0,5
1873.8021753909998,4,23.5,1,0,1,3,1,0,5
1874.8161629390088,4,9.0,0,3,1,3,0,1,8
1875.830036843021,4,37.5,0,3,1,5,0,0,9
1876.843729138025,4,39.75,1,0,2,6,0,1,9
1877.8574735019938,4,24.0,0,1,0,7,0,0,8
1878.8694683720241,4,24.0,0,0,0,7,0,1,8
1879.881682293024,4,48.0,0,0,1,6,1,0,8
1880.8964766840218,4,47.25,1,1,1,4,1,0,7
1881.9089153180248,4,24.5,0,3,2,3,0,0,8
1882.9231686259736,4,35.0,0,1,0,7,0,0,8
1883.9339493819862,4,49.0,0,1,0,7,0,0,8
1884.9455235979985,4,8.75,0,1,0,8,0,0,9
1885.9568967170198,4,46.25,2,1,0,7,1,0,9
1886.972637340019,4,70.75,0,3,0,6,0,2,11
1887.9864037919906,4,22.75,2,3,0,4,0,3,10
1888.9986030610162,4,26.0,0,6,0,3,0,2,11
1890.011719202972,4,2.0,2,3,3,3,0,2,11
1891.025999488018,4,46.5,0,3,4,3,1,1,12
1892.0377451669774,4,55.5,1,1,4,5,1,0,11
1893.0498558739782,4,82.75,0,1,1,8,0,0,10
1894.062278850004,4,71.5,1,2,1,7,1,0,11
1895.0761699550203,4,47.5,1,2,1,3,5,0,11
1896.0875032109907,4,45.5,2,1,1,4,0,1,7
1897.1013102770085,4,49.75,0,0,2,8,0,0,10
1898.114276208973,4,70.0,0,2,0,10,0,0,12
1899.1269636530196,4,69.75,0,1,0,9,0,0,10
1900.1387074110098,4,60.25,0,0,1,4,0,2,7
1901.149716740998,4,70.5,0,0,0,5,0,0,5
1902.2649285650114,4,48.0,0,4,0,5,0,0,9
1903.4073661339935,4,0.0,0,11,0,3,2,0,16
1904.4372337689856,4,7.0,4,11,0,2,3,0,16
1905.4508898819913,4,25.25,5,11,0,1,4,0,16
1906.4646857799962,4,23.25,4,4,11,1,0,0,16
1907.4785970529774,4,1.0,5,4,4,8,0,0,16
1908.4922053629998,4,20.25,4,1,3,12,0,0,16
1909.5056876000017,4,70.75,6,1,0,12,3,0,16
1910.5189238759922,4,78.5,6,4,0,12,0,0,16
1911.5269787510042,4,54.25,5,0,4,11,0,1,16
1912.540509813989,4,25.0,2,1,2,13,0,0,16
1913.5529198920121,4,81.25,2,1,0,11,1,3,16
1914.5668782470166,4,70.0,0,0,2,9,1,1,13
1915.5784769519814,4,71.25,0,0,1,9,1,1,12
1916.5901391800144,4,71.25,1,0,1,9,1,1,12
1917.6038033840014,4,88.25,0,4,0,8,0,3,15
1918.6154788840213,4,57.5,0,1,1,9,2,0,13
1919.6291624809965,4,47.0,0,1,0,10,0,1,12
1920.6428382039885,4,88.5,0,1,1,8,1,0,11
1921.6552355280146,4,33.5,0,0,0,8,2,0,10
1922.668303954997,4,95.5,0,0,0,6,4,0,10
1923.68189114501,4,59.75,0,0,0,3,0,0,3
1924.6935313179856,4,62.5,0,0,0,2,1,0,3
1925.7069381449837,4,23.5,0,0,0,1,0,0,1
1926.7213943320094,4,0.0,0,0,0,0,0,0,0
1927.7352891850169,4,0.0,0,0,1,0,0,0,1
1928.7471377750044,4,24.25,1,0,0,1,0,0,1
1929.7611513370066,4,23.5,0,2,0,1,0,0,3
1930.7756345429807,4,0.0,0,2,1,2,0,0,5
1931.788907494978,4,49.75,0,2,0,5,0,0,7
1932.8021750909975,4,71.75,1,3,0,5,0,0,8
1933.814201345027,4,71.5,1,3,0,5,0,0,8
1934.8277870769962,4,46.5,0,4,1,4,0,0,9
1935.8394929289934,4,49.5,0,0,0,9,0,0,9
1936.8547381419921,4,70.5,0,0,0,7,0,0,7
1937.866727303015,4,70.0,1,0,0,6,1,0,7
1938.8805340509862,4,47.25,0,3,0,4,0,0,7
1939.8930548860226,4,70.0,0,1,1,3,2,0,7
1940.9052950500045,4,69.75,2,1,1,2,0,3,7
1941.9188020899892,4,46.75,0,0,3,5,0,0,8
1942.9325715840096,4,51.75,0,3,1,7,0,1,12
1943.943950566987,4,44.75,1,1,3,7,1,0,12
1944.9564519930282,4,67.75,0,0,1,7,1,1,10
1945.9699488580227,4,24.5,1,0,1,7,0,1,9
1946.9840028199833,4,71.25,3,0,1,4,3,1,9
1947.9970214359928,4,47.0,0,6,1,2,0,5,14
1949.0075473660254,4,25.75,0,1,4,4,0,0,9
1950.0214942750172,4,24.75,0,2,2,5,0,0,9
1951.0334290969768,4,47.25,2,2,1,4,2,0,9
1952.0472666010028,4,46.25,3,2,1,4,2,0,9
1953.0613688990125,4,46.75,0,6,0,5,0,2,13
1954.0745946009993,4,31.0,0,1,4,6,0,0,11
1955.0870989349787,4,31.25,0,0,2,9,0,0,11
1956.1020545850042,4,70.5,0,0,2,6,3,0,11
1957.1156128129805,4,47.25,0,0,2,4,5,0,11
1958.1278016039869,4,48.5,0,0,2,2,0,0,4
1959.140551518998,4,23.5,0,3,0,4,0,0,7
1960.1541061740136,4,47.0,4,3,0,1,1,0,5
1961.1680925349938,4,23.0,4,3,0,0,1,1,5
1962.1819235809962,4,0.0,1,8,0,0,0,1,9
1963.1956698750146,4,2.0,0,0,5,4,0,0,9
1964.2096773280064,4,0.0,1,2,4,4,1,0,11
1965.2213824859937,4,46.25,0,2,2,7,0,0,11
1966.2353217150085,4,56.75,0,1,0,8,1,0,10
1967.2491155519965,4,95.75,1,1,0,6,3,0,10
1968.261549510993,4,45.75,0,0,2,6,1,0,9
1969.2769603100023,4,50.0,0,0,1,7,0,0,8
1970.2886433730018,4,46.75,0,1,0,6,2,0,9
1971.3021208849968,4,70.75,1,1,0,4,3,1,9
1972.3152287849807,4,46.5,0,5,0,3,0,1,9
1973.3218433050206,4,24.5,0,3,1,6,0,0,10
1974.3352890969836,4,60.75,1,0,2,8,0,0,10
1975.349187846994,4,69.5,2,0,2,5,3,0,10
1976.3623637239798,4,46.5,0,2,1,5,0,4,12
1977.3706454309868,4,0.0,0,0,1,6,0,1,8
1978.3844520719722,4,70.5,0,0,1,3,0,0,4
1979.397488616989,4,13.25,0,0,0,3,0,0,3
1980.4111671809806,4,23.0,0,1,0,1,0,0,2
1981.4250534099992,4,0.0,0,2,1,1,0,0,4
1982.434460014978,4,0.0,0,0,1,3,0,0,4
1983.4472390349838,4,69.5,1,0,0,4,0,0,4
1984.4613857120275,4,47.0,2,0,0,3,1,0,4
1985.4730491840164,4,44.75,0,4,0,2,1,1,8
1986.486565329018,4,43.0,0,0,2,5,0,0,7
1987.5005629980005,4,55.0,0,2,0,6,0,0,8
1988.5141088269884,4,31.75,0,2,0,4,0,1,7
1989.5262927109725,4,23.5,0,0,0,6,0,0,6
1990.538915928977,4,48.0,0,0,0,4,0,0,4
1991.5518800470163,4,45.0,1,1,0,3,0,0,4
1992.5623638629913,4,23.75,0,1,1,3,0,0,5
1993.575862816011,4,72.25,0,0,0,5,0,0,5
1994.5896521430113,4,51.25,0,1,0,4,0,0,5
1995.6036554040038,4,24.5,0,1,0,5,0,0,6
1996.612412235001,4,47.5,0,1,0,2,3,0,6
1997.6260717019904,4,3.5,0,1,0,0,5,0,6
1998.6397900310112,4,0.0,0,0,0,1,0,0,1
1999.6535475110286,4,0.0,0,2,0,1,0,0,3
2000.6657894700184,4,0.0,0,1,1,2,0,0,4
2001.6780462589813,4,46.5,0,1,0,4,0,0,5
2002.6898490469903,4,58.25,0,3,0,5,0,0,8
2003.703334780992,4,86.5,0,2,0,5,0,1,8
2004.7177473779884,4,78.0,0,1,1,5,0,0,7
2005.7288766370039,4,48.75,0,0,0,5,1,0,6
2006.742710734019,4,68.75,0,0,0,3,0,0,3
2007.756519541028,4,58.75,0,1,0,3,0,0,4
2008.7704046039726,4,57.25,0,2,3,4,0,0,9
2009.7865379559807,4,57.5,0,2,1,7,0,1,11
2010.7985998819931,4,43.0,0,1,2,6,2,0,11
2011.8124496139935,4,38.5,0,1,1,8,0,0,10
2012.825957124005,4,73.75,0,0,1,6,0,0,7
2013.838086683012,4,55.25,0,3,2,4,0,0,9
2014.8519680689787,4,24.25,0,4,2,6,0,0,12
2015.8621172929998,4,45.75,1,4,2,3,3,0,12
2016.8758964799927,4,24.0,0,6,4,5,0,1,16
2017.8854433699744,4,17.25,0,3,4,7,1,1,16
2018.8988545649918,4,38.25,0,2,1,10,1,2,16
2019.9101871610037,4,67.5,0,5,0,11,0,0,16
2020.920845975983,4,34.75,3,0,1,13,1,1,16
2021.9323356840177,4,56.0,0,3,1,9,1,1,15
2022.9455138749909,4,57.75,3,1,2,13,0,0,16
2023.9595840420225,4,69.25,0,3,4,6,1,1,15
2025.0276299730176,4,58.5,0,1,2,7,0,0,10
2026.1076016590232,4,11.0,1,3,2,7,0,0,12
2027.1855394280283,4,0.0,0,5,3,7,0,0,15
2028.197811992024,4,43.25,0,2,5,8,0,0,15
2029.2114339920226,4,46.75,2,2,5,5,3,0,15
2030.225415985973,4,23.0,1,3,5,7,0,1,16
2031.2369947030093,4,69.5,0,1,4,11,0,0,16
2032.2510077609913,4,56.25,0,0,4,11,0,1,16
2033.266156858008,4,82.25,1,1,1,12,1,0,15
2034.2799543450237,4,58.0,0,1,1,11,0,0,13
2035.2935253600008,4,71.25,0,1,1,6,2,1,11
2036.3069327269914,4,70.5,0,2,1,5,1,0,9
2037.3208992980071,4,47.0,0,2,1,2,4,0,9
2038.3338748859824,4,47.25,0,2,0,5,0,0,7
2039.3528196869884,4,69.0,0,0,1,5,0,0,6
2040.3653356240247,4,48.0,0,1,0,6,0,0,7
2041.378992605023,4,78.25,1,1,0,4,2,0,7
2042.3929695489933,4,48.25,0,3,1,3,0,0,7
2043.4051321740262,4,31.0,1,3,1,2,1,0,7
2044.4193266759976,4,71.25,0,3,2,2,0,1,8
2045.4313935840037,4,51.75,0,1,0,6,0,0,7
2046.4437429059763,4,25.75,0,0,0,7,0,0,7
2047.4557010980207,4,53.5,4,0,0,5,2,0,7
2048.4694641769747,4,46.25,0,2,2,1,0,1,6
2049.482978485001,4,48.25,0,2,0,5,0,0,7
2050.4971942229895,4,47.25,0,0,1,5,0,0,6
2051.510499959986,4,53.0,1,1,1,5,0,0,7
2052.5233736379887,4,59.75,1,1,1,3,2,0,7
2053.5349064280163,4,23.25,2,1,1,1,4,0,7
2054.5487625609967,4,47.75,0,0,1,4,0,0,5
2055.559954843018,4,22.5,0,0,0,3,0,0,3
2056.5718083410175,4,47.25,0,0,0,2,1,0,3
2057.585260963009,4,23.5,5,0,0,1,1,1,3
2058.599669591,4,0.0,0,7,0,0,0,2,9
2059.6134895450086,4,1.0,0,2,3,4,0,0,9
2060.627384894993,4,13.25,0,4,2,6,0,0,12
2061.6396627229988,4,45.0,0,3,0,5,0,3,11
2062.6536376730073,4,0.0,0,1,1,8,0,0,10
2063.6666394789936,4,69.75,7,1,0,7,2,0,10
2064.68031084002,4,45.75,13,1,0,4,5,0,10
2065.6927101520123,4,46.25,1,13,0,2,0,1,16
2066.706417104986,4,34.5,0,1,6,9,0,0,16
2067.719922379998,4,56.0,0,0,1,10,2,1,14
2068.733283340989,4,95.75,2,0,0,6,5,2,13
2069.7478042590083,4,70.0,0,4,2,5,0,0,11
2070.76096465101,4,84.75,2,4,1,3,3,0,11
2071.7740235090023,4,25.75,0,6,3,3,0,2,14
2072.7874292380293,4,48.0,1,6,3,2,1,2,14
2073.8002822650014,4,23.5,0,9,2,2,0,0,13
2074.8122701600078,4,24.5,0,2,7,5,0,0,14
2075.824652994983,4,47.75,0,1,3,10,0,1,15
2076.835578941973,4,70.75,1,1,3,8,2,1,15
2077.847134586016,4,61.25,0,1,1,9,0,0,11
2078.8584775250056,4,75.75,0,0,0,8,1,0,9
2079.87185204,4,62.0,0,1,0,8,0,0,9
2080.886048352986,4,94.0,1,1,0,4,4,0,9
2081.8972459399956,4,47.75,3,1,0,1,7,0,9
2082.911065239983,4,23.5,5,1,0,1,7,0,9
2083.924551915028,4,0.5,0,0,4,3,0,0,7
2084.938709519978,4,80.0,0,1,0,7,0,0,8
2085.9523016790044,4,33.25,0,0,0,9,0,0,9
2086.9696864120197,4,94.5,1,0,0,7,2,0,9
2087.9835561009822,4,71.0,1,0,0,3,6,0,9
2088.996957278985,4,3.25,1,1,0,4,0,0,5
2090.0084801110206,4,10.75,0,1,1,6,0,0,8
2091.0198405580013,4,50.5,0,3,0,5,2,0,10
2092.0310168419965,4,47.0,0,3,0,4,2,1,10
2093.0445358669967,4,37.5,0,0,2,1,0,0,3
2094.0585759400274,4,20.5,0,0,1,3,0,0,4
2095.072169749008,4,23.75,0,1,0,2,0,1,4
2096.0864437330165,4,46.25,2,1,0,2,0,1,4
2097.1017090600217,4,47.0,2,1,0,1,1,1,4
2098.118794506998,4,23.25,0,6,1,1,0,0,8
2099.1328972540214,4,28.5,0,2,4,4,0,0,10
2100.1465627989965,4,44.5,0,2,3,7,0,0,12
2101.157857264974,4,68.5,0,2,3,9,0,0,14
2102.1719294739887,4,71.25,5,2,3,4,5,0,14
2103.1865293040173,4,70.75,0,8,1,4,0,3,16
2104.206338219985,4,46.75,0,2,9,2,0,0,13
2105.219796269026,4,71.25,0,0,3,10,0,0,13
2106.235871905985,4,77.25,0,2,1,9,0,0,12
2107.2493964040186,4,70.0,0,1,3,8,0,0,12
2108.2630169300246,4,34.5,0,4,1,11,0,0,16
2109.274620984972,4,71.0,3,1,3,10,1,1,16
2110.2846086139907,4,71.5,1,5,3,8,0,0,16
2111.2991554129985,4,72.0,1,2,8,5,0,1,16
2112.3129532969906,4,36.25,1,0,2,14,0,0,16
2113.3247551780078,4,82.25,0,3,1,9,2,1,16
2114.3371774230036,4,25.25,0,4,2,10,0,0,16
2115.3497189379996,4,79.75,0,4,2,8,2,0,16
2116.366589736019,4,93.0,1,4,2,4,6,0,16
2117.3787504920037,4,50.0,0,1,1,8,0,0,10
2118.3922248220188,4,72.75,0,0,0,7,1,2,10
2119.4061322510242,4,75.0,0,1,0,5,0,1,7
2120.418147587974,4,70.5,2,1,0,2,3,1,7
2121.4295004250016,4,47.25,3,1,0,1,4,1,7
2122.4407990860054,4,23.25,0,2,1,6,0,0,9
2123.4515204019845,4,62.0,0,0,2,5,0,0,7
2124.4630755509716,4,93.5,2,2,1,5,0,1,9
2125.4775448390283,4,55.0,0,3,1,6,0,0,10
2126.4892558730207,4,31.0,0,2,2,7,0,0,11
2127.5057957450044,4,57.0,0,0,0,10,0,0,10
2128.518175942998,4,95.25,0,0,0,8,1,0,9
2129.5319235220086,4,95.0,0,0,0,8,0,1,9
2130.5460402009776,4,37.75,0,0,0,6,1,0,7
2131.558412008977,4,71.0,0,0,0,4,3,0,7
2132.5725926859886,4,47.75,0,1,0,3,0,4,8
2133.5862492289743,4,23.5,1,4,0,2,0,1,7
2134.5989125560154,4,39.75,0,1,2,6,0,0,9
2135.6099226080114,4,73.75,0,0,1,8,0,0,9
2136.6214898520266,4,71.0,3,0,0,8,1,0,9
2137.6344695009757,4,60.75,1,4,0,3,4,1,12
2138.646723416983,4,39.5,0,4,2,1,0,0,7
2139.6602900790167,4,23.5,1,1,1,4,0,1,7
2140.674145660014,4,72.75,0,1,0,6,0,1,8
2141.687541195017,4,70.5,0,0,0,6,1,0,7
2142.7014431050047,4,38.25,0,1,3,5,0,0,9
2143.714579737978,4,69.75,2,0,2,5,2,0,9
2144.725874217984,4,46.0,1,2,2,3,3,1,11
2145.736980940972,4,48.0,1,2,2,3,3,1,11
2146.75043178699,4,46.75,3,2,2,2,4,1,11
2147.7644390949863,4,41.5,0,8,1,3,0,0,12
2148.8419007440098,4,22.5,0,9,1,1,0,0,11
2149.8730303500197,4,0.0,0,14,1,1,0,0,16
2150.882098825008,4,0.0,5,14,1,0,1,0,16
2151.8958011220093,4,23.75,5,14,0,0,2,0,16
2152.908246996987,4,0.0,4,6,7,3,0,0,16
2153.9196762199863,4,87.5,5,0,2,13,0,1,16
2154.9327696029795,4,41.5,6,1,1,11,3,0,16
2155.9424590650015,4,92.75,8,1,1,6,8,0,16
2156.955771135981,4,70.0,9,1,1,2,9,3,16
2157.969892111025,4,9.5,0,2,7,5,0,0,14
2158.9835529070115,4,58.0,1,1,3,12,0,0,16
2159.9975545569905,4,72.75,1,1,2,11,1,1,16
2161.0109074200154,4,94.75,3,1,2,9,3,1,16
2162.0230741749983,4,95.5,3,1,2,7,5,1,16
2163.0355173950084,4,67.5,0,8,0,6,0,2,16
2164.0476327560027,4,46.25,0,1,6,5,0,1,13
2165.061882584996,4,99.0,0,0,0,11,0,0,11
2166.0731687949738,4,92.0,0,0,0,9,2,0,11
2167.0851431249757,4,92.75,1,0,0,5,4,2,11
2168.0993447519722,4,29.5,2,2,0,4,0,2,8
2169.111624518002,4,17.75,0,1,1,6,0,0,8
2170.125591863005,4,71.75,0,0,0,7,0,0,7
2171.1395730680088,4,95.0,0,1,0,6,0,0,7
2172.1505820269813,4,47.5,0,0,1,5,1,0,7
2173.1596830519848,4,35.25,0,0,0,4,0,3,7
2174.1795880660065,4,46.75,0,1,0,3,1,1,6
2175.1940495779854,4,69.5,0,1,0,2,2,1,6
2176.2077836280223,4,40.25,0,3,0,1,0,0,4
2177.2202624339843,4,23.0,0,4,0,1,1,0,6
2178.2332038769964,4,24.75,0,1,2,3,0,0,6
2179.2451721890247,4,45.0,0,1,1,4,0,0,6
2180.2589618890197,4,71.0,0,2,0,4,0,0,6
2181.272753996018,4,13.25,1,0,0,6,0,0,6
2182.2862568409764,4,46.75,1,0,0,4,2,0,6
2183.2965281410143,4,46.5,0,2,0,4,0,2,8
2184.3100419950206,4,46.25,0,1,1,3,0,0,5
2185.3239639420062,4,59.5,0,0,0,5,0,0,5
2186.3375791939907,4,63.75,0,1,0,3,1,0,5
2187.3480010239873,4,19.5,0,1,1,2,0,0,4
2188.3637396739796,4,20.5,0,4,1,1,0,1,7
2189.376915616973,4,23.25,0,5,1,0,1,0,7
2190.390520140005,4,23.75,0,1,4,1,0,0,6
2191.4040661199833,4,23.75,0,0,1,5,0,0,6
2192.4142570290132,4,24.25,0,1,0,4,0,0,5
2193.4284503500094,4,0.0,0,0,1,5,0,0,6
2194.4418938219897,4,15.0,0,0,0,6,0,0,6
2195.4542222360033,4,47.25,1,0,0,5,1,0,6
2196.468541393988,4,47.25,2,0,0,4,2,0,6
2197.4821478510275,4,46.5,0,5,0,1,1,1,8
2198.4959689860116,4,25.25,0,1,3,2,0,0,6
2199.509473029,4,45.0,0,0,1,5,0,0,6
2200.5230580579955,4,70.5,2,0,0,5,1,0,6
2201.5365389389917,4,69.75,0,3,0,4,0,0,7
2202.550493230985,4,34.25,0,1,1,5,0,0,7
2203.564179368026,4,45.25,0,0,2,6,0,0,8
2204.575004961982,4,62.0,0,0,1,4,3,0,8
2205.588051379018,4,71.0,1,0,1,3,4,0,8
2206.600367318024,4,30.25,0,2,0,3,0,0,5
2207.6124981199973,4,21.5,0,0,1,5,0,0,6
2208.624208802008,4,48.5,0,2,0,6,0,0,8
2209.636879354017,4,72.0,0,2,0,5,1,0,8
2210.6499290849897,4,65.25,0,2,2,4,0,2,10
2211.663566350995,4,41.25,0,3,1,2,1,0,7
2212.674764172989,4,22.25,0,1,1,6,0,0,8
2213.6867529180017,4,69.25,0,1,0,7,0,0,8
2214.7005663230084,4,70.0,1,1,0,6,1,0,8
2215.7142455430003,4,46.75,1,1,0,3,0,4,8
2216.724769294029,4,23.25,0,0,0,2,1,1,4
2217.738699297013,4,42.75,0,1,0,1,0,0,2
2218.752156857983,4,23.25,0,4,0,1,0,0,5
2219.7660959379864,4,20.5,0,3,4,2,0,0,9
2220.779838224,4,35.5,0,2,1,4,0,0,7
2221.7943707910017,4,68.75,0,3,1,6,0,0,10
2222.8065102869878,4,23.25,2,0,2,8,0,0,10
2223.8202973210136,4,93.75,4,0,2,6,2,0,10
2224.833712336025,4,68.5,3,3,0,4,0,6,13
2225.8459930410027,4,28.75,0,1,5,3,0,2,11
2226.859622420976,4,22.25,0,2,1,6,0,0,9
2227.873239815992,4,68.5,0,2,1,5,0,2,10
2228.887850754021,4,59.5,1,1,0,7,0,0,8
2229.900153614988,4,46.5,0,4,0,4,3,0,11
2230.9139676539926,4,70.25,2,4,0,1,6,0,11
2231.9275287810015,4,23.0,2,4,0,1,5,1,11
2232.9417745840037,4,23.0,1,2,0,5,0,0,7
2233.9530113780056,4,47.5,0,1,1,6,0,0,8
2234.965029384999,4,34.0,0,1,0,6,1,0,8
2235.9772455660277,4,51.25,0,0,0,6,0,0,6
2236.991451172973,4,48.0,0,1,1,4,1,0,7
2238.0050201989943,4,0.5,0,0,0,5,0,0,5
2239.0184769519838,4,12.5,0,3,0,3,2,0,8
2240.032383679005,4,23.5,0,5,0,2,0,0,7
2241.0461174980155,4,16.0,2,2,2,3,0,0,7
2242.055481538002,4,24.75,0,0,3,6,0,0,9
2243.0688797450275,4,70.25,4,0,3,4,2,0,9
2244.082730891998,4,44.0,0,6,0,4,0,2,12
2245.0969160760287,4,43.25,0,1,5,5,0,0,11
2246.1106559560285,4,53.0,0,1,0,10,0,0,11
2247.1244733100175,4,70.25,1,1,0,6,4,0,11
2248.1358333069948,4,47.75,0,6,1,6,0,0,13
2249.149663707998,4,0.0,0,2,1,8,0,1,12
2250.1638230999815,4,57.25,0,1,1,7,0,0,9
2251.177390964993,4,72.0,0,0,1,6,0,0,7
2252.191393601999,4,47.5,0,1,0,7,0,0,8
2253.205449551984,4,72.0,2,1,0,3,4,0,8
2254.219018818985,4,48.0,3,1,0,1,6,0,8
2255.230270367989,4,11.25,0,3,4,2,0,0,9
2256.244213292026,4,48.75,0,2,0,8,0,0,10
2257.257806047972,4,52.0,0,2,1,7,2,0,12
2258.273026764975,4,48.75,0,0,0,8,0,0,8
2259.2865606229752,4,52.25,0,2,1,7,0,0,10
2260.299069466011,4,26.5,0,2,0,8,0,0,10
2261.312579848978,4,36.25,0,1,0,8,0,1,10
2262.32502251002,4,95.5,0,1,0,9,0,0,10
2263.338148829993,4,80.25,0,0,0,8,0,0,8
2264.351777015021,4,23.5,0,0,0,6,0,0,6
2265.36567357101,4,47.5,0,0,0,4,1,0,5
2266.3792213919805,4,46.5,0,0,0,2,3,0,5
2267.392381204001,4,47.75,0,5,0,2,0,0,7
2268.405965404003,4,46.25,0,0,3,4,0,0,7
2269.419991592993,4,58.25,0,0,0,6,0,0,6
2270.4323972510174,4,46.5,0,1,0,6,0,0,7
2271.4823581309756,4,7.25,0,1,0,5,0,0,6
2272.5543592660106,4,8.5,2,1,0,4,0,1,6
2273.636325042986,4,6.75,2,3,0,4,0,1,8
2274.6505433249986,4,47.75,0,7,0,2,0,3,12
2275.664090191014,4,72.0,0,2,3,4,0,0,9
2276.677345859993,4,70.75,0,1,2,6,0,0,9
2277.6883917649975,4,70.5,0,1,2,6,0,0,9
2278.7020295779803,4,18.25,0,1,1,7,0,0,9
2279.7167251670035,4,76.75,1,2,1,5,2,0,10
2280.730530845991,4,70.75,0,4,2,4,0,0,10
2281.744205297029,4,59.5,0,1,2,7,0,1,11
2282.7596630110056,4,81.0,0,0,1,7,1,0,9
2283.771916500991,4,70.5,0,0,0,7,0,1,8
2284.785420688975,4,60.0,0,0,1,7,0,0,8
2285.7982780039893,4,39.25,1,0,0,6,0,2,8
2286.8114759100135,4,45.25,2,1,0,2,4,2,9
2287.825502807973,4,46.75,0,3,0,1,0,1,5
2288.8375026800204,4,15.25,0,0,1,3,0,0,4
2289.851312260027,4,15.75,0,0,0,4,0,0,4
2290.867726731987,4,71.5,0,0,0,4,0,0,4
2291.8800933120074,4,23.5,0,1,0,3,0,0,4
2292.894066361012,4,38.5,0,0,0,3,0,0,3
2293.9072399840225,4,31.5,0,4,0,3,0,0,7
2294.9203910069773,4,47.0,0,2,2,2,0,1,7
2295.9317243910045,4,50.0,0,0,1,5,0,0,6
2296.9435682669864,4,69.75,0,0,1,5,0,0,6
2297.9552631650004,4,32.0,0,1,0,5,1,0,7
2298.9686930530006,4,36.0,0,0,2,3,0,0,5
2299.981163376011,4,32.5,1,0,1,4,0,0,5
2300.9936508070095,4,47.0,0,1,0,4,0,1,6
2302.0061188800028,4,54.5,0,1,1,5,0,0,7
2303.019822207978,4,45.5,0,0,2,4,0,0,6
2304.0329576160293,4,24.75,0,0,1,5,0,0,6
2305.046715424978,4,46.25,0,0,1,4,1,0,6
2306.0584645280032,4,47.25,0,2,1,4,0,0,7
2307.069823612983,4,24.25,0,2,2,4,0,0,8
2308.083752945997,4,63.25,0,2,1,5,0,0,8
2309.09759565501,4,56.5,0,1,0,5,1,0,7
2310.1104230689816,4,48.0,0,2,1,3,0,1,7
2311.12419589801,4,23.0,0,5,0,3,0,0,8
2312.1383176060044,4,59.5,1,2,1,5,1,0,9
2313.154131416988,4,46.75,2,2,1,4,2,0,9
2314.165329702024,4,47.0,0,3,0,5,0,3,11
2315.178982281999,4,35.75,0,0,3,2,1,1,7
2316.193136317015,4,26.0,0,2,3,3,0,0,8
2317.2075471099815,4,46.75,0,2,3,3,0,0,8
2318.221959384973,4,48.25,1,2,1,6,0,0,9
2319.235242908995,4,58.75,0,1,3,5,0,0,9
2320.249219155987,4,71.75,1,0,2,6,1,0,9
2321.263073084003,4,86.25,2,0,2,3,4,0,9
2322.2748513150145,4,53.75,0,1,1,6,0,0,8
2323.2969006670173,4,61.5,0,1,0,8,0,0,9
2324.3066928359913,4,62.5,0,1,0,8,0,0,9
2325.3208552399883,4,72.0,0,0,0,8,0,0,8
2326.3311116020195,4,41.25,0,1,0,4,1,0,6
2327.3421594389947,4,38.0,0,1,1,4,0,1,7
2328.3583103700075,4,42.25,0,0,0,5,0,0,5
2329.371670987981,4,23.25,0,0,0,5,0,0,5
2330.382556707016,4,23.5,0,0,0,5,0,0,5
2331.3938166450243,4,47.5,0,0,0,4,0,0,4
2332.4073002290097,4,46.5,0,0,0,3,1,0,4
2333.421141342027,4,47.0,1,0,0,1,3,0,4
2334.4327739549917,4,0.0,1,0,0,0,0,4,4
2335.4448075389955,4,23.5,0,5,0,1,0,0,6
2336.4557309559896,4,3.0,0,1,2,5,0,0,8
2337.4691059869947,4,47.75,3,4,0,7,0,0,11
2338.483438452997,4,47.0,0,5,3,5,0,2,15
2339.496842367982,4,32.25,0,1,3,7,1,0,12
2340.510843829019,4,68.25,0,1,1,9,0,0,11
2341.5250771620194,4,59.5,2,1,0,8,3,0,12
2342.5359504849766,4,94.75,2,1,0,4,7,0,12
2343.549779974972,4,69.75,2,1,0,2,9,0,12
2344.5631403320003,4,47.5,0,2,2,2,0,0,6
2345.577162332018,4,64.0,0,4,0,4,0,1,9
2346.591902355023,4,48.0,3,2,1,6,0,0,9
2347.6056039269897,4,56.0,0,4,2,4,1,2,13
2348.6191988110077,4,48.0,0,5,2,6,2,1,16
2349.6330151520087,4,44.75,0,4,3,7,0,1,15
2350.6468640359817,4,70.0,0,5,0,8,1,1,15
2351.659059503989,4,72.25,3,5,0,5,4,1,15
2352.671058278007,4,70.0,6,5,0,4,1,4,14
2353.684743052989,4,22.5,0,7,3,5,0,0,15
2354.699250116013,4,23.25,0,2,5,7,0,0,14
2355.7128273900016,4,48.25,3,4,2,8,1,0,15
2356.726701673004,4,47.5,6,4,2,3,6,0,15
2357.7397669079946,4,47.5,0,6,4,4,0,2,16
2358.752305124013,4,38.25,0,1,7,7,0,1,16
2359.7658541179844,4,72.5,0,1,1,13,1,0,16
2360.7798297540285,4,78.25,1,1,1,5,9,0,16
2361.7943275360158,4,69.5,1,1,1,4,10,0,16
2362.805645189015,4,36.0,0,1,2,2,0,4,9
2363.8186274630134,4,26.25,0,0,1,4,0,0,5
2364.832310358004,4,47.25,0,1,0,5,0,0,6
2365.840724023001,4,72.0,3,1,0,5,0,0,6
2366.8536942360224,4,69.75,1,3,0,2,1,2,8
2367.867131986015,4,23.25,2,3,0,1,2,2,8
2368.8775662279804,4,13.75,0,3,3,1,0,0,7
2369.8909991739783,4,0.0,0,1,2,5,0,0,8
2370.9048067270196,4,37.75,0,0,1,7,0,0,8
2371.925004344026,4,70.75,0,0,0,7,1,0,8
2372.938331438985,4,47.5,0,0,0,6,0,0,6
2373.9529013819993,4,45.25,0,0,0,5,0,0,5
2374.9652113770135,4,48.0,0,1,0,5,0,0,6
2375.9793603859725,4,47.5,0,1,0,4,1,0,6
2376.99353747,4,46.75,3,1,0,2,3,0,6
2378.007539403974,4,46.75,4,1,0,1,0,4,6
2379.021622135013,4,43.75,0,2,2,1,1,0,6
2380.035407243995,4,24.5,0,0,0,5,0,0,5
2381.048462059989,4,24.0,1,1,0,4,1,0,6
2382.062379424984,4,25.0,0,1,1,4,0,0,6
2383.0764195009833,4,46.25,1,1,0,4,0,1,6
2384.0898956630263,4,23.5,0,3,1,5,0,0,9
2385.1021622060216,4,41.75,1,5,1,5,0,0,11
2386.113861127,4,22.75,4,5,1,3,2,0,11
2387.130057167029,4,23.25,6,5,1,1,0,4,11
2388.139971470984,4,24.5,0,2,8,3,0,0,13
2389.15172029502,4,25.0,0,4,1,11,0,0,16
2390.1586939879926,4,0.0,5,4,1,10,1,0,16
2391.172096010996,4,93.75,7,3,2,9,0,2,16
2392.185735129984,4,83.25,7,2,1,12,0,1,16
2393.1970872689853,4,46.25,8,0,0,14,2,0,16
2394.248893997981,4,63.0,8,2,0,9,4,1,16
2395.288756188005,4,64.0,9,2,0,9,4,1,16
2396.3374755689874,4,62.5,9,2,0,6,7,1,16
2397.3498428959865,4,59.25,9,2,0,5,8,1,16
2398.3637724330183,4,69.0,9,2,0,4,8,2,16
2399.377884018002,4,23.25,0,11,0,0,0,4,15
2400.390916594013,4,12.25,0,1,4,5,0,0,10
2401.4029507379746,4,55.0,0,0,1,6,1,0,8
2402.416893679998,4,47.0,2,0,1,4,2,1,8
2403.4286172990105,4,93.5,2,0,1,4,2,1,8
2404.4425936589832,4,70.5,3,0,1,1,5,1,8
2405.452676327026,4,24.75,0,2,2,5,0,0,9
2406.4662996170227,4,49.25,0,1,2,7,0,0,10
2407.479945342988,4,26.75,0,4,1,5,3,0,13
2408.493865439028,4,70.5,0,4,1,3,3,2,13
2409.5075039140065,4,55.25,0,2,1,4,1,0,8
2410.521177083021,4,71.0,1,2,1,3,2,0,8
2411.535062264011,4,49.0,0,2,0,4,1,0,7
2412.5491784670157,4,71.0,0,2,0,5,0,1,8
2413.560653252993,4,64.0,1,1,0,5,0,0,6
2414.574878978019,4,46.25,0,3,0,4,0,0,7
2415.5867713270127,4,35.5,0,1,2,4,1,0,8
2416.6007689759717,4,71.75,2,1,1,4,2,0,8
2417.6144693730166,4,48.0,3,1,1,2,4,0,8
2418.628133454011,4,46.75,0,3,2,0,0,5,10
2419.641851680004,4,23.5,0,2,2,1,0,0,5
2420.655463865027,4,31.25,0,1,3,3,0,0,7
2421.669007464021,4,47.5,2,1,2,3,1,0,7
2422.682489024999,4,45.25,0,2,2,4,0,0,8
2423.6961761849816,4,47.25,3,2,2,4,0,0,8
2424.710018591024,4,49.25,0,5,2,4,1,0,12
2425.723315868003,4,38.0,0,5,2,2,2,1,12
2426.737058731029,4,50.5,0,2,2,6,0,0,10
2427.7507902440266,4,46.75,3,3,1,6,0,1,11
2428.764879993978,4,30.25,0,6,0,9,0,0,15
2429.777493509988,4,65.75,0,3,1,9,2,0,15
2430.789631358988,4,71.75,2,3,1,8,3,0,15
2431.803001363005,4,71.25,4,3,1,4,7,0,15
2432.817030188977,4,12.75,0,4,4,7,0,0,15
2433.830619635002,4,49.25,0,0,1,12,0,0,13
2434.8426403320045,4,47.25,0,1,0,8,3,1,13
2435.8570235050283,4,95.0,2,1,0,8,1,3,13
2436.8680448770174,4,92.75,3,1,0,5,4,3,13
2437.881681638013,4,66.0,0,4,1,3,0,3,11
2438.8972275989945,4,23.5,0,1,2,6,0,0,9
2439.9111863159924,4,49.5,0,0,0,9,0,0,9
2440.922511902987,4,94.75,0,0,0,7,2,0,9
2441.9330272970255,4,94.0,0,1,1,7,0,0,9
2442.9498410130036,4,48.75,1,2,0,6,0,0,8
2443.9638706109836,4,34.5,0,1,0,8,0,0,9
2444.9773681599763,4,69.75,1,1,0,6,2,0,9
2445.991394801007,4,69.75,2,1,0,5,3,0,9
2447.0049844229943,4,70.0,4,1,0,2,5,1,9
2448.0189692809945,4,15.5,1,2,3,3,0,0,8
2449.031161908002,4,26.25,0,4,4,5,0,0,13
2450.0447130639805,4,11.75,0,4,1,8,1,0,14
2451.0580514200265,4,70.25,4,4,1,7,2,0,14
2452.0713423229754,4,71.0,6,4,1,5,4,0,14
2453.0824193740264,4,70.25,6,4,3,4,0,5,16
2454.094919149007,4,5.5,1,9,0,6,1,0,16
2455.107708382013,4,16.75,2,1,6,8,1,0,16
2456.1216007740004,4,66.75,3,1,5,5,5,0,16
2457.1326080160215,4,71.25,3,1,5,5,5,0,16
2458.145490903,4,70.0,0,5,4,4,0,1,14
2459.1596192449797,4,12.75,1,1,7,8,0,0,16
2460.1715431879857,4,26.75,0,2,2,10,0,1,15
2461.1838732659817,4,72.0,2,2,1,9,2,0,14
2462.197599404026,4,94.0,2,2,1,7,4,0,14
2463.211216151016,4,94.75,5,2,1,5,5,1,14
2464.224984501023,4,48.25,0,5,4,3,0,1,13
2465.2385050859884,4,44.25,0,1,4,6,1,0,12
2466.2528634020127,4,52.75,0,0,0,11,0,1,12
2467.2663145830156,4,49.0,0,2,0,11,0,0,13
2468.278915034025,4,72.25,1,0,0,12,1,0,13
2469.290259464993,4,67.25,0,2,1,11,0,1,15
2470.3042094249977,4,53.75,1,1,1,11,1,1,15
2471.3128491580137,4,54.25,0,2,0,12,0,0,14
2472.3264264480094,4,79.5,0,0,2,7,1,0,10
2473.3390891290037,4,94.5,0,0,2,7,1,0,10
2474.3507693100255,4,48.5,0,2,1,5,0,2,10
2475.3602636869764,4,24.25,0,1,1,6,0,0,8
2476.3726975970203,4,52.0,0,2,1,6,0,2,11
2477.3864333640086,4,21.75,0,1,1,8,0,0,10
2478.400483886013,4,69.0,0,0,0,8,0,0,8
2479.4117728690035,4,63.0,1,0,0,5,3,0,8
2480.4230127040064,4,71.75,1,0,0,5,0,3,8
2481.4368086479953,4,71.0,0,1,1,3,1,0,6
2482.4477398489835,4,23.5,0,0,1,4,0,0,5
2483.4621022869833,4,10.25,0,0,0,5,0,0,5
2484.4758819990093,4,37.5,0,3,0,4,0,0,7
2485.48819159501,4,23.25,0,0,1,7,0,0,8
2486.49932581099,4,81.25,0,2,0,7,0,0,9
2487.513065098028,4,64.25,0,0,1,8,0,0,9
2488.5246878790203,4,95.0,0,0,0,8,0,0,8
2489.5367383509874,4,71.25,0,0,0,4,0,2,6
2490.55052387499,4,49.0,0,1,0,3,0,0,4
2491.563957715989,4,57.5,0,1,0,4,0,0,5
2492.5778703190153,4,67.25,0,1,0,3,0,0,4
2493.591618555016,4,33.25,0,0,1,3,0,0,4
2494.602913626004,4,42.5,0,0,0,4,0,0,4
2495.6146559490007,4,38.25,0,1,2,3,0,0,6
2496.6278520060005,4,69.0,1,1,1,3,1,0,6
2497.6413903440116,4,8.0,0,1,3,2,0,0,6
2498.655137753987,4,67.0,0,3,0,4,1,0,8
2499.667886645999,4,69.25,0,3,0,3,2,0,8
2500.6777334929793,4,25.25,0,0,2,1,2,1,6
2501.691272161028,4,6.75,0,0,0,3,0,0,3
2502.7052988989744,4,1.5,0,1,0,4,0,0,5
2503.7186389219714,4,47.25,0,1,0,4,0,0,5
2504.7344836770208,4,26.0,0,2,0,5,0,0,7
2505.748622614017,4,44.5,0,1,1,4,0,0,6
2506.7603253090056,4,49.75,0,1,0,4,0,0,5
2507.7741075690137,4,47.0,2,1,0,3,1,0,5
2508.7881155749783,4,46.25,0,5,0,3,0,0,8
2509.8019703290192,4,55.75,0,2,2,5,0,0,9
2510.8141535629984,4,71.25,0,0,1,8,0,0,9
2511.828485110018,4,72.25,0,0,0,8,0,0,8
2512.8394936780096,4,48.5,0,2,0,6,0,0,8
2513.853549003019,4,71.25,0,2,0,5,1,0,8
2514.8673999700113,4,80.5,0,1,1,6,0,0,8
2515.881215049012,4,89.0,0,2,0,6,0,0,8
2516.8896065640147,4,57.0,0,4,0,5,0,0,9
2518.08570484299,4,44.25,0,4,0,5,0,0,9
2519.1164968709927,4,37.5,0,4,0,5,0,0,9
2520.171544432,4,58.0,0,4,0,5,0,0,9
2521.1830566989956,4,85.5,1,4,0,4,1,0,9
2522.1967742799898,4,46.75,2,3,1,0,0,5,9
2523.211290783016,4,1.5,0,2,2,3,0,0,7
2524.222959605977,4,40.75,0,1,1,6,0,0,8
2525.2346404300188,4,69.75,2,1,0,7,0,0,8
2526.246728094993,4,59.5,0,2,0,7,0,0,9
2527.258449157991,4,51.0,0,1,0,8,0,1,10
2528.271404557978,4,72.5,0,0,0,8,0,0,8
2529.2850145759876,4,83.5,0,0,0,6,0,0,6
2530.298687248025,4,54.75,2,0,0,4,1,1,6
2531.312386627018,4,47.0,0,3,0,4,0,1,8
2532.322985463019,4,41.5,0,4,0,4,0,0,8
2533.337745317025,4,37.5,0,0,1,7,0,0,8
2534.351583832002,4,96.0,0,0,0,6,1,0,7
2535.3653153359774,4,34.25,1,1,0,5,0,0,6
2536.377677841985,4,23.5,1,2,0,3,2,0,7
2537.3921974130208,4,43.25,0,1,0,5,0,0,6
2538.4044781110133,4,34.5,0,0,2,3,1,1,7
2539.4160344530246,4,22.5,0,0,0,3,0,0,3
2540.429888218001,4,63.25,0,0,0,3,0,0,3
2541.4438830270083,4,47.0,0,0,0,3,0,0,3
2542.457913895021,4,47.5,0,0,0,2,1,0,3
2543.4714686860098,4,47.0,0,0,0,2,1,0,3
2544.485237977002,4,23.75,0,0,0,1,2,0,3
2545.4963928189827,4,17.75,0,0,0,2,0,0,2
2546.5101965270005,4,46.75,0,1,0,2,0,0,3
2547.524598589982,4,13.75,0,1,0,2,1,0,4
2548.537704561022,4,23.25,1,1,0,2,1,0,4
2549.5508541769814,4,23.25,1,1,0,1,2,0,4
2550.5626766330097,4,23.25,0,3,0,0,0,3,6
2551.5742637800286,4,24.0,1,0,0,3,0,0,3
2552.5886297859834,4,48.25,0,1,0,4,0,0,5
2553.602878395992,4,46.5,3,1,0,3,1,0,5
2554.616347317002,4,24.25,4,1,0,3,1,0,5
2555.6303131749737,4,27.75,0,4,0,4,0,0,8
2556.6459395330166,4,30.0,0,0,2,6,0,0,8
2557.659329415008,4,47.0,0,0,1,6,1,0,8
2558.6704174070037,4,71.0,1,0,1,5,2,0,8
2559.6842162720277,4,94.5,2,0,0,5,3,0,8
2560.6968054039753,4,79.0,1,1,1,5,0,0,7
2561.7105797210243,4,13.0,0,2,0,6,0,0,8
2562.7242544739856,4,46.0,1,2,0,5,1,0,8
2563.735234259977,4,71.25,0,2,1,5,0,1,9
2564.750382196973,4,43.0,0,1,1,8,0,0,10
2565.761948993022,4,93.5,0,0,0,8,0,0,8
2566.7732081669965,4,51.0,0,0,0,6,1,0,7
2567.7835528820287,4,71.25,1,0,0,4,3,0,7
2568.7975407399936,4,69.5,5,0,0,1,6,0,7
2569.811287034012,4,24.75,0,0,4,2,0,0,6
2570.825124078023,4,28.25,0,1,0,4,0,0,5
2571.8395910059917,4,3.75,0,2,0,5,0,0,7
2572.8513789629797,4,33.75,0,4,2,3,0,0,9
2573.863644658006,4,17.0,1,11,0,4,1,0,16
2574.8770621489966,4,53.75,3,1,6,9,0,0,16
2575.89129901299,4,25.25,7,1,1,14,0,0,16
2576.903039433004,4,83.5,8,1,1,5,9,0,16
2577.9169535679976,4,71.0,9,3,1,6,0,6,16
2578.930995554023,4,62.75,8,6,1,5,1,3,16
2579.9449216889916,4,46.5,5,4,5,5,0,2,16
2580.959019997972,4,24.25,4,2,5,8,0,1,16
2581.9710622989805,4,48.5,5,4,2,10,0,0,16
2582.985427804,4,62.25,3,6,0,7,3,0,16
2583.999139730993,4,1.0,0,0,4,9,1,1,15
2585.012703997025,4,23.75,1,0,2,9,2,0,13
2586.0265331320115,4,71.0,4,0,2,6,5,0,13
2587.0401049489737,4,47.25,5,0,1,4,8,0,13
2588.0542975469725,4,68.75,0,3,2,5,0,0,10
2589.067501139012,4,55.0,0,3,0,7,1,0,11
2590.081542022992,4,78.25,0,2,2,9,0,1,14
2591.0909135999973,4,74.0,1,2,2,7,2,1,14
2592.104277808976,4,95.25,1,2,2,4,5,1,14
2593.1179878109833,4,81.5,2,2,2,3,6,1,14
2594.127248177014,4,47.25,0,0,2,6,0,0,8
2595.140240490029,4,74.0,0,1,2,7,0,0,10
2596.1521800649934,4,53.0,1,1,0,10,0,0,11
2597.1688112770207,4,93.75,2,1,0,8,2,0,11
2598.182673791016,4,94.0,3,1,0,5,5,0,11
2599.196247735992,4,80.25,5,1,0,2,8,0,11
2600.2108294540085,4,29.25,0,3,4,2,0,0,9
2601.224519605981,4,10.0,0,2,3,5,0,0,10
2602.236482875014,4,17.75,0,5,1,6,0,0,12
2603.2492581729894,4,93.0,2,5,1,5,1,0,12
2604.2631652809796,4,61.75,1,5,3,6,1,0,15
2605.2739353820216,4,23.25,0,1,5,8,0,1,15
2606.2875332069816,4,14.5,0,1,4,9,0,1,15
2607.2984452809906,4,66.5,2,1,4,8,1,1,15
2608.3104142670054,4,84.5,3,2,3,8,0,3,16
2609.324647302972,4,0.75,0,1,3,10,1,1,16
2610.336080391018,4,68.75,0,0,1,11,0,0,12
2611.3477912769886,4,67.0,1,0,1,11,0,0,12
2612.3586647739867,4,94.0,2,0,1,9,2,0,12
2613.370747977984,4,90.75,3,0,0,4,8,0,12
2614.3838451069896,4,46.5,0,0,5,4,0,0,9
2615.3973071110086,4,26.0,0,0,1,9,0,0,10
2616.410700657987,4,45.25,0,0,0,10,0,0,10
2617.424638465978,4,71.0,0,0,0,10,0,0,10
2618.438373878016,4,70.0,0,1,0,9,0,0,10
2619.452086266014,4,53.0,0,1,0,4,0,0,5
2620.467400709982,4,46.75,2,1,0,3,1,0,5
2621.4809003690025,4,46.75,1,4,0,3,0,1,8
2622.490457138978,4,46.75,0,5,0,3,0,0,8
2623.501998984022,4,22.5,0,3,2,4,0,0,9
2624.5129611450247,4,37.75,0,1,0,8,0,0,9
2625.523021988978,4,90.0,0,0,0,6,0,1,7
2626.540047587012,4,70.5,0,0,0,4,0,0,4
2627.5539050360094,4,51.75,0,1,0,5,0,0,6
2628.565669207019,4,71.75,1,1,0,4,1,0,6
2629.5806067020167,4,70.75,1,0,0,4,2,0,6
2630.5941850349773,4,36.25,1,2,0,3,0,2,7
2631.608146190003,4,70.5,0,0,0,5,0,0,5
2632.621564193978,4,70.25,0,0,0,5,0,0,5
2633.635008079,4,70.25,3,0,0,2,3,0,5
2634.645021654025,4,69.5,0,0,0,5,0,0,5
2635.6566268649767,4,51.75,0,0,1,5,0,0,6
2636.6698510849965,4,60.0,0,0,1,5,0,0,6
2637.6836379889864,4,94.25,0,0,1,3,2,0,6
2638.6951874680235,4,70.25,1,0,1,3,2,0,6
2639.710690340027,4,58.25,0,0,1,5,0,0,6
2640.806010839995,4,69.25,0,0,1,4,0,0,5
2641.874197952973,4,11.0,0,0,1,3,1,0,5
2642.929310553998,4,23.0,0,0,1,3,0,1,5
2643.9436088440125,4,47.0,0,1,1,1,0,0,3
2644.957261428004,4,21.5,0,0,0,3,0,0,3
2645.969834412972,4,23.0,0,1,0,4,0,0,5
2646.9841257950175,4,47.0,1,1,0,3,1,0,5
2647.996816248982,4,46.75,1,1,0,3,1,0,5
2649.007846001012,4,23.0,0,1,1,2,0,0,4
2650.018722813984,4,23.5,0,2,1,3,0,0,6
2651.032761982002,4,0.0,0,1,1,4,0,0,6
2652.0457590629812,4,70.75,1,1,0,4,1,0,6
2653.059451080975,4,70.75,1,1,0,3,2,0,6
2654.072938714002,4,47.25,1,1,0,1,4,0,6
2655.086730326002,4,0.0,0,1,1,2,0,0,4
2656.1007438970264,4,48.5,0,1,0,4,0,0,5
2657.112202182994,4,48.0,1,3,0,4,0,0,7
2658.123061879014,4,24.5,0,2,0,7,0,0,9
2659.1341102690203,4,47.5,0,0,1,7,1,0,9
2660.147686798009,4,70.0,0,0,0,6,0,0,6
2661.157001547981,4,57.5,1,0,0,5,1,0,6
2662.1685718650115,4,93.75,1,0,0,4,2,0,6
2663.1795809270116,4,70.5,2,0,0,4,2,0,6
2664.191162705014,4,52.0,0,4,0,3,0,0,7
2665.2052801090176,4,52.5,0,0,0,7,0,0,7
2666.218861369998,4,48.0,0,0,0,6,0,1,7
2667.2316062820028,4,59.5,0,2,0,3,0,0,5
2668.2447041149717,4,23.25,0,4,0,2,0,0,6
2669.2581165460288,4,47.0,1,4,0,1,1,0,6
2670.269344306027,4,23.75,2,4,0,1,1,0,6
2671.2835675069946,4,26.75,0,3,3,2,0,0,8
2672.2970722090104,4,41.5,0,4,2,3,0,1,10
2673.3110088239773,4,23.25,0,1,2,4,0,0,7
2674.3245622980176,4,72.0,0,1,0,4,0,2,7
2675.3378078030073,4,68.0,0,0,0,5,0,0,5
2676.35157369799,4,46.0,0,1,0,3,0,0,4
2677.3656097750063,4,47.75,0,1,0,4,0,0,5
2678.37943217298,4,46.75,5,1,0,2,0,2,5
2679.3940077769803,4,36.25,5,1,0,1,1,2,5
2680.4078366060276,4,23.5,0,8,1,1,0,0,10
2681.42160007701,4,44.75,0,6,3,1,0,0,10
2682.434687254019,4,26.5,0,1,4,5,0,0,10
2683.448388222023,4,25.0,0,1,3,4,2,0,10
2684.4617606410175,4,47.25,0,6,3,3,0,1,13
2685.4756796609727,4,73.0,3,6,2,2,2,1,13
2686.4894361249753,4,23.5,0,10,2,1,0,3,16
2687.501150172029,4,0.5,4,6,4,5,0,1,16
2688.514963582973,4,33.75,4,3,2,11,0,0,16
2689.528762514994,4,62.0,5,2,2,6,3,3,16
2690.5400826929836,4,34.25,0,8,2,6,0,0,16
2691.5523632310214,4,27.75,7,0,3,12,0,1,16
2692.5627416230273,4,92.25,7,2,1,7,0,6,16
2693.5763417279813,4,92.25,11,2,1,6,1,6,16
2694.589655800024,4,46.75,8,7,2,6,0,1,16
2695.6045740940026,4,94.25,12,8,1,5,2,0,16
2696.618297534995,4,23.25,10,2,7,7,0,0,16
2697.6304924510187,4,61.0,11,2,1,13,0,0,16
2698.6428216830245,4,94.75,14,2,1,7,5,1,16
2699.6561583459843,4,94.25,14,2,1,7,5,1,16
2700.668657452974,4,53.75,9,5,1,5,1,4,16
2701.680290650984,4,70.75,4,11,0,5,0,0,16
2702.6927269989974,4,24.0,5,3,3,10,0,0,16
2703.7051391120185,4,72.25,3,2,3,6,0,5,16
2704.717253522016,4,50.5,0,0,2,11,0,0,13
2705.730141619977,4,70.5,0,0,2,5,6,0,13
2706.7436121840146,4,47.0,1,0,2,4,7,0,13
2707.7547187280143,4,46.75,2,0,2,3,7,1,13
2708.7690798310214,4,69.75,0,1,2,4,1,0,8
2709.781618188019,4,69.5,0,0,0,7,0,0,7
2710.7949522309937,4,35.25,0,2,0,6,1,0,9
2711.8087702100165,4,48.5,1,2,0,5,2,0,9
2712.8221633840003,4,48.25,2,2,0,3,4,0,9
2713.8349004620104,4,47.5,2,2,0,3,4,0,9
2714.8575946260244,4,33.0,0,0,0,6,0,0,6
2715.871256329003,4,70.0,0,0,0,6,0,0,6
2716.884945311991,4,47.5,0,3,0,6,0,0,9
2717.8989850889775,4,70.0,0,3,0,5,1,0,9
2718.9115053439746,4,70.75,0,3,0,3,3,0,9
2719.925200416008,4,41.0,0,1,3,0,0,4,8
2720.937676613976,4,70.0,0,0,1,4,0,0,5
2721.9490544699947,4,70.25,0,0,1,4,0,0,5
2722.9604116419796,4,71.75,2,0,1,2,2,0,5
2723.9745437190286,4,46.5,3,0,1,2,2,0,5
2724.9879278090084,4,47.0,3,0,1,2,2,0,5
2726.003755216021,4,34.25,0,3,1,2,0,0,6
2727.0179380970076,4,47.5,0,0,2,4,0,0,6
2728.031608937017,4,47.75,0,0,1,4,0,0,5
2729.044963158027,4,47.25,0,0,0,5,0,0,5
2730.0576585149975,4,61.75,0,2,0,4,0,0,6
2731.0692988280207,4,47.25,1,2,0,3,0,1,6
2732.0831889300025,4,46.75,3,2,0,1,2,1,6
2733.0971390089835,4,47.75,1,3,1,2,0,0,6
2734.113599830016,4,48.25,0,1,3,3,0,0,7
2735.1276086230064,4,25.25,0,0,0,7,0,0,7
2736.1415810670005,4,46.25,0,0,0,6,0,0,6
2737.1554276989773,4,30.75,0,0,0,6,0,0,6
2738.1670792580117,4,46.25,0,1,0,5,0,0,6
2739.1808980809874,4,25.0,0,1,1,5,0,0,7
2740.1945396310184,4,23.25,0,1,0,7,0,0,8
2741.208204852999,4,34.0,0,0,1,8,0,0,9
2742.2195692830137,4,49.0,0,1,1,8,0,0,10
2743.2317187329754,4,34.25,0,1,1,9,0,0,11
2744.243863260024,4,48.0,0,1,1,7,2,0,11
2745.2581304219784,4,71.5,0,1,1,5,0,2,9
2746.271766079997,4,0.0,0,0,1,3,0,0,4
2747.286200658011,4,30.0,0,0,1,3,0,0,4
2748.299889629998,4,23.25,0,0,1,3,0,0,4
2749.324330768024,4,46.75,1,0,1,3,0,0,4
2750.3376060120063,4,47.25,0,2,0,3,0,0,5
2751.347279224021,4,47.5,0,2,0,2,0,0,4
2752.3606884600013,4,41.25,1,0,0,3,0,0,3
2753.3739587729797,4,47.25,0,2,0,3,0,0,5
2754.385360067012,4,21.25,0,5,0,5,0,0,10
2755.3992864729953,4,46.0,0,4,1,5,0,0,10
2756.4125781899784,4,49.5,0,0,2,8,0,0,10
2757.4267412879854,4,60.75,0,2,1,6,0,0,9
2758.440236757975,4,35.0,0,1,1,7,0,0,9
2759.453803749988,4,71.5,1,2,1,5,2,0,10
2760.4673299199785,4,70.25,1,2,1,5,2,0,10
2761.4793454220053,4,23.5,0,4,2,3,0,2,11
2762.493193820992,4,65.75,0,0,1,8,0,0,9
2763.518256688025,4,48.25,0,0,1,5,0,0,6
2764.571203287982,4,37.5,0,0,1,4,1,0,6
2765.621112929017,4,15.75,0,0,1,2,0,0,3
2766.63400574401,4,0.0,0,1,1,2,0,0,4
2767.6476039459812,4,24.75,0,0,1,3,0,0,4
2768.6615772640216,4,23.0,1,1,1,2,1,0,5
2769.675117745006,4,23.25,1,1,1,2,1,0,5
2770.6892774290172,4,23.25,0,2,1,3,0,0,6
2771.7043780080276,4,25.0,0,0,1,5,0,0,6
2772.7115850489936,4,68.25,0,1,1,4,1,0,7
2773.725272450014,4,72.0,0,0,2,5,0,0,7
2774.7390849830117,4,24.25,0,0,1,5,0,0,6
2775.749970355013,4,47.25,1,0,1,5,0,0,6
2776.7638480659807,4,48.75,2,0,1,2,3,0,6
2777.777173344977,4,22.75,0,0,0,5,0,0,5
2778.7919222969795,4,23.25,0,0,0,4,0,1,5
2779.8111289039953,4,15.25,0,0,1,4,0,0,5
2780.8228115540114,4,48.0,0,0,0,5,0,0,5
2781.836582302989,4,46.75,0,1,1,5,0,0,7
2782.8508338760003,4,48.25,0,0,1,5,0,2,8
2783.862295615021,4,79.5,0,3,0,6,0,0,9
2784.874277901021,4,72.5,0,1,1,6,0,0,8
2785.8883093380136,4,95.75,0,1,1,6,0,1,9
2786.9006650450174,4,47.75,1,1,1,4,1,0,7
2787.912971790007,4,70.75,4,1,1,3,2,0,7
2788.9266834770096,4,23.25,0,1,6,3,0,0,10
2789.93809708301,4,53.0,0,0,3,8,0,0,11
2790.9525820760173,4,24.25,0,1,0,11,0,0,12
2791.9684466730105,4,70.5,0,1,0,7,4,0,12
2792.982543008984,4,46.5,2,2,0,5,0,0,7
2793.9961189209716,4,45.25,0,3,2,4,1,1,11
2795.0096124510164,4,41.25,0,3,2,3,2,0,10
2796.022812067007,4,70.75,3,3,2,3,2,0,10
2797.0388149900245,4,70.5,4,3,2,3,0,2,10
2798.051247282012,4,47.0,0,7,4,2,0,2,15
2799.0654270519735,4,68.25,0,7,2,4,0,0,13
2800.07940695202,4,6.75,0,1,6,6,1,0,14
2801.0938796870178,4,73.5,0,1,5,6,2,0,14
2802.1034508920275,4,94.5,0,1,3,5,4,1,14
2803.1169494250207,4,24.0,0,4,2,3,0,4,13
2804.1304647320067,4,47.25,0,1,1,9,0,0,11
2805.144120473007,4,88.25,0,1,0,12,0,0,13
2806.154923917027,4,71.5,1,1,0,9,3,0,13
2807.166709560028,4,94.75,4,1,0,7,5,0,13
2808.1797736270237,4,70.5,5,1,0,5,5,2,13
2809.1934623349807,4,47.0,0,5,0,5,0,2,12
2810.20739077701,4,72.0,2,6,0,5,0,2,13
2811.221103693999,4,59.0,1,1,5,7,0,0,13
2812.237221318006,4,91.5,2,1,5,6,1,0,13
2813.2477372409776,4,33.75,4,1,5,1,6,0,13
2814.26531158702,4,23.5,0,4,4,3,0,2,13
2815.2762290519895,4,18.75,0,0,2,8,1,0,11
2816.2904189020046,4,68.75,0,0,0,9,0,0,9
2817.3023139539873,4,52.25,2,0,0,6,3,0,9
2818.3137966669747,4,70.0,5,0,0,5,4,0,9
2819.3271960429847,4,46.75,5,0,0,1,8,0,9
2820.3400207100203,4,9.0,0,0,3,3,0,0,6
2821.3546752079856,4,94.0,0,0,0,6,0,0,6
2822.370473584975,4,71.0,0,0,0,6,0,0,6
2823.382207597024,4,93.5,0,0,0,5,1,0,6
2824.396271203994,4,46.75,0,0,0,1,0,5,6
2825.4094118630164,4,24.0,0,0,0,1,0,0,1
2826.4216758299735,4,23.5,0,0,0,1,0,0,1
2827.4354081780184,4,4.25,0,1,0,1,0,0,2
2828.449028139992,4,0.0,0,1,0,1,0,0,2
2829.461337970977,4,0.0,0,1,0,1,0,0,2
2830.4750782169867,4,23.5,0,1,1,1,0,0,3
2831.4864954570075,4,8.75,0,0,1,1,1,0,3
2832.5001336170244,4,23.5,0,0,1,1,1,0,3
2833.5121642909944,4,23.5,0,0,0,2,0,0,2
2834.5256530980114,4,23.0,2,0,0,2,0,0,2
2835.5400402179803,4,23.5,0,1,2,2,0,0,5
2836.5536430709762,4,23.5,2,1,1,3,0,0,5
2837.5654483149992,4,47.5,0,1,2,5,0,0,8
2838.5802171619725,4,56.0,0,0,0,8,0,0,8
2839.594663347001,4,51.5,0,0,0,8,0,0,8
2840.6106478219735,4,50.0,0,0,1,6,0,0,7
2841.624229126028,4,54.75,0,2,0,4,2,0,8
2842.637446413981,4,70.5,3,2,0,3,3,0,8
2843.6509203049936,4,47.5,0,3,2,2,0,1,8
2844.6648551030084,4,51.25,0,4,0,4,0,0,8
2845.679007357976,4,49.25,0,0,2,6,0,0,8
2846.690217426978,4,50.75,0,0,1,5,0,0,6
2847.7036564589944,4,93.5,1,0,1,4,0,0,5
2848.714122077974,4,93.5,2,0,1,4,0,0,5
2849.7279560560128,4,46.0,0,1,1,5,0,0,7
2850.739196183975,4,47.75,0,0,1,5,0,0,6
2851.7536961400183,4,38.5,0,1,0,6,0,0,7
2852.7654908929835,4,91.5,0,2,0,5,1,0,8
2853.776806438982,4,46.75,0,1,2,3,0,1,7
2854.79023467598,4,49.0,1,1,0,5,0,0,6
2855.8038308129762,4,23.25,0,1,0,4,0,0,5
2856.817504157021,4,71.75,0,1,0,4,0,0,5
2857.8310738549917,4,56.25,0,1,0,3,0,0,4
2858.8393248840002,4,70.25,0,0,0,3,0,0,3
2859.853492635011,4,46.75,0,1,0,3,0,0,4
2860.86963226198,4,33.5,2,1,0,3,0,0,4
2861.8829234120203,4,47.0,2,1,0,1,2,0,4
2862.893078538007,4,0.0,4,1,0,0,3,0,4
2863.904648547992,4,0.0,0,0,3,2,0,0,5
2864.918081407028,4,24.25,0,0,1,4,0,0,5
2865.931827615015,4,41.0,0,1,1,4,0,0,6
2866.9458197689964,4,47.5,0,1,1,3,1,0,6
2867.95803242299,4,46.75,0,2,1,3,0,0,6
2868.9694400270237,4,72.5,0,1,0,6,0,0,7
2869.9812776200124,4,45.5,0,3,0,6,0,0,9
2870.992257428996,4,70.0,0,3,0,5,1,0,9
2872.0065007800004,4,71.25,0,3,0,3,3,0,9
2873.0200034810114,4,47.75,0,3,0,1,4,1,9
2874.03369675501,4,23.25,0,2,0,3,0,0,5
2875.0474885330186,4,47.0,0,0,2,2,0,1,5
2876.0609696289757,4,55.5,0,1,0,3,1,0,5
2877.074992317008,4,23.5,0,3,0,2,0,0,5
2878.0870336709777,4,0.0,0,0,3,1,1,0,5
2879.101578656002,4,23.5,1,0,3,1,1,0,5
2880.11505014298,4,23.25,1,0,3,0,1,1,5
2881.129212293017,4,25.25,1,1,0,3,0,2,6
2882.144144717022,4,26.5,0,1,2,3,0,0,6
2883.157075201976,4,17.25,2,1,1,4,0,0,6
2884.1709823660203,4,70.25,0,1,1,6,1,0,9
2885.180602529028,4,10.5,0,0,1,7,0,0,8
2886.1925492450246,4,70.25,1,0,1,6,1,0,8
2887.2290317899897,4,60.0,1,0,1,5,2,0,8
2888.255587447027,4,46.25,2,0,1,2,5,0,8
2889.268609850027,4,22.25,0,5,0,3,0,2,10
2890.2825033459812,4,25.0,0,0,1,8,0,0,9
2891.295593789022,4,34.25,0,0,0,9,0,0,9
2892.308216141013,4,17.5,1,1,0,8,1,0,10
2893.3200416350155,4,47.25,0,1,3,7,0,0,11
2894.3338351090206,4,73.0,0,0,1,9,0,1,11
2895.3484353289823,4,91.75,2,0,1,6,3,1,11
2896.3619725820026,4,70.75,1,2,1,6,0,3,12
2897.3746808890137,4,84.75,0,3,1,2,0,4,10
2898.3885408859933,4,11.5,0,0,3,3,0,0,6
2899.4026512909913,4,67.5,0,0,0,6,0,0,6
2900.4160124980262,4,57.75,1,0,0,4,2,0,6
2901.424657143012,4,51.0,1,0,0,4,2,0,6
2902.438345508999,4,48.0,2,0,0,3,3,0,6
2903.4528009340283,4,22.0,0,2,2,2,0,0,6
2904.466531595972,4,25.0,0,0,0,6,0,0,6
2905.4782769070007,4,35.0,0,0,0,6,0,0,6
2906.4922069020104,4,47.75,0,0,0,6,0,0,6
2907.506302729016,4,47.0,0,0,0,5,1,0,6
2908.518767087022,4,46.75,0,0,0,5,0,0,5
2909.5311265590135,4,0.5,0,0,0,5,0,0,5
2910.543962906988,4,46.25,0,0,0,1,0,0,1
2911.557951566996,4,4.75,0,1,0,0,1,0,2
2912.571683092974,4,0.0,1,1,0,0,0,1,2
2913.5847295320127,4,0.0,0,1,0,1,0,0,2
2914.5951038210187,4,0.0,0,1,0,2,0,0,3
2915.6070273959776,4,29.5,0,0,0,3,0,0,3
2916.6210430520005,4,70.5,0,0,0,2,1,0,3
2917.6341257700115,4,23.5,0,0,0,0,3,0,3
2918.6476515069953,4,0.0,0,0,0,0,0,0,0
2919.661852860998,4,0.0,0,0,0,0,0,0,0
2920.676543952024,4,2.0,0,0,2,0,0,0,2
2921.68998109299,4,25.0,0,0,1,1,0,0,2
2922.704367009981,4,23.25,0,1,0,2,0,0,3
2923.7183071899926,4,47.5,0,2,0,2,0,0,4
2924.7321739100153,4,0.0,0,1,1,2,0,0,4
2925.744201325986,4,25.0,1,1,1,1,1,0,4
2926.756305292016,4,23.5,1,1,1,1,1,0,4
2927.768442852015,4,0.0,2,1,0,1,0,2,4
2928.78219566599,4,47.5,0,0,2,2,0,0,4
2929.7958571729832,4,23.25,0,0,1,3,0,0,4
2930.8079851589864,4,46.75,0,0,1,3,0,0,4
2931.82179553702,4,23.75,0,0,1,2,0,0,3
2932.835763171024,4,24.25,0,1,1,1,0,0,3
2933.8496545159724,4,23.25,0,2,1,1,0,0,4
2934.8632401470095,4,23.25,0,1,1,3,0,0,5
2935.8726459700265,4,33.75,0,0,1,4,0,0,5
2936.8860597279854,4,46.5,0,0,0,5,0,0,5
2937.897037688992,4,70.75,0,0,0,4,1,0,5
2938.910912465013,4,0.0,0,0,2,1,0,0,3
2939.9242939939722,4,70.5,0,0,2,3,0,0,5
2940.9377882899716,4,79.5,0,0,1,5,0,0,6
2941.9487649369985,4,71.0,0,0,0,6,0,0,6
2942.960491697013,4,69.75,0,0,0,4,0,0,4
2943.973945558013,4,70.25,0,0,0,3,0,0,3
2944.9880433459766,4,46.0,0,0,0,3,0,0,3
2946.0015958609874,4,42.75,0,1,1,1,0,0,3
2947.0150115609867,4,25.5,0,1,0,3,0,0,4
2948.027124166023,4,26.75,0,2,1,3,0,0,6
2949.0392831559875,4,24.5,0,0,2,4,0,0,6
2950.0536076580174,4,48.5,0,2,0,6,0,0,8
2951.064770878991,4,0.0,0,1,1,6,0,0,8
2952.0782685679733,4,69.75,0,1,1,5,1,0,8
2953.0921224150225,4,70.75,0,1,1,4,2,0,8
2954.105797317985,4,70.25,0,0,0,6,0,0,6
2955.119477125001,4,41.75,1,0,0,5,0,0,5
2956.1332947069895,4,23.5,0,2,0,5,0,0,7
2957.1471352360095,4,46.25,0,2,2,4,0,0,8
2958.1610986500164,4,37.5,0,4,0,5,0,0,9
2959.175165841996,4,71.0,0,3,3,5,0,0,11
2960.188865898992,4,58.0,0,0,1,8,1,0,10
2961.202705621021,4,94.75,1,0,0,8,1,1,10
2962.2165121479775,4,71.0,1,0,0,5,4,1,10
2963.230340227019,4,47.5,0,2,0,4,0,0,6
2964.2434034969774,4,43.5,0,4,0,6,0,0,10
2965.2551850709715,4,50.25,0,1,4,5,0,0,10
2966.268331679981,4,1.0,2,2,0,8,0,1,11
2967.278611091024,4,94.5,0,4,3,8,0,0,15
2968.2921287179925,4,47.5,0,0,1,13,0,1,15
2969.3054893779918,4,69.75,0,0,1,9,4,0,14
2970.318118384981,4,95.0,1,0,1,7,6,0,14
2971.327663493983,4,71.0,0,1,1,5,1,1,9
2972.3379746199935,4,70.25,0,3,1,4,0,1,9
2973.350487541,4,60.25,0,4,3,4,0,0,11
2974.3641664590104,4,7.75,0,0,4,9,0,0,13
2975.378121170972,4,49.5,3,1,0,10,3,0,14
2976.389389159973,4,72.0,0,1,3,7,0,0,11
2977.400734219991,4,71.75,1,1,3,7,0,0,11
2978.4144614170073,4,72.0,1,1,2,5,3,0,11
2979.4280220409855,4,49.0,1,1,2,5,3,0,11
2980.442067584023,4,41.75,0,1,0,6,0,0,7
2981.455508482002,4,81.5,0,2,0,5,1,0,8
2982.4693859739928,4,70.75,0,2,0,5,1,0,8
2983.4854914780008,4,70.25,1,2,0,3,3,0,8
2984.4992368500098,4,71.75,2,2,0,5,0,0,7
2985.513094088994,4,93.75,2,2,0,4,1,0,7
2986.5270381870214,4,32.25,0,2,1,5,0,0,8
2987.537983260001,4,71.0,0,2,0,4,2,0,8
2988.5513826929964,4,29.5,0,1,0,5,0,0,6
2989.56524770899,4,71.0,3,1,0,4,1,0,6
2990.5788060590276,4,19.5,0,3,0,4,1,0,8
2991.590721154993,4,46.5,0,3,0,3,2,0,8
2992.606585755013,4,22.5,1,3,0,0,5,0,8
2993.6199997779913,4,0.0,0,4,0,0,0,5,9
2994.6319358000183,4,23.5,0,2,2,1,0,0,5
2995.646033630008,4,19.0,0,2,3,2,0,0,7
2996.6604646950145,4,23.0,0,0,1,6,0,0,7
2997.6738787239883,4,70.25,1,0,1,6,0,0,7
2998.6911343769752,4,71.0,1,0,1,5,1,0,7
2999.7052377209766,4,46.75,0,1,0,5,0,2,8
3000.718835128995,4,48.0,0,0,0,6,0,0,6
3001.7349960259744,4,45.75,0,1,0,6,0,0,7
3002.748775615997,4,48.5,1,1,0,6,0,0,7
3003.760449329973,4,71.0,4,1,0,5,1,0,7
3004.771992119029,4,47.75,0,4,0,4,0,1,9
3005.785117266001,4,47.5,1,4,0,2,2,1,9
3006.797480907,4,23.5,0,7,0,2,0,0,9
3007.8094169790274,4,9.5,0,6,0,5,0,1,12
3008.8195518780267,4,47.75,0,2,5,4,0,0,11
3009.883117610996,4,45.0,0,2,3,6,0,0,11
3010.9368638850283,4,44.25,1,2,2,7,0,0,11
3011.973547262023,4,52.0,1,2,1,6,2,0,11
3012.9876216769917,4,43.25,0,3,3,5,0,0,11
3013.998582275992,4,72.5,0,6,1,9,0,0,16
3015.008958449005,4,71.25,0,1,4,8,0,1,14
3016.0227719909744,4,94.0,1,1,4,4,4,1,14
3017.0365038689924,4,71.0,1,1,4,4,4,1,14
3018.0504600899876,4,55.75,0,2,1,7,0,0,10
3019.061659177998,4,69.75,0,0,1,6,0,0,7
3020.0768926320015,4,46.75,0,0,0,7,0,0,7
3021.0851580279996,4,70.0,0,0,0,3,4,0,7
3022.0978696999955,4,70.5,0,0,0,1,1,0,2
3023.111219147977,4,11.75,1,1,0,1,0,0,2
3024.124891288986,4,23.5,4,1,0,1,0,0,2
3025.1382576029864,4,23.5,0,4,1,1,0,0,6
3026.1523883109912,4,23.25,0,5,0,1,0,0,6
3027.166088600992,4,23.25,0,2,4,1,0,0,7
3028.180114979972,4,49.5,0,0,1,6,0,0,7
3029.192385940987,4,46.5,1,1,1,3,2,1,8
3030.206182332011,4,70.5,3,1,1,3,2,1,8
3031.2201338160085,4,46.75,4,1,1,1,4,1,8
3032.2338775550015,4,0.0,0,6,1,2,0,0,9
3033.247867366008,4,32.5,0,5,3,4,0,0,12
3034.2600350099965,4,25.5,1,6,0,9,0,1,16
3035.2743859069888,4,93.5,1,1,6,8,1,0,16
3036.2885239779716,4,31.5,6,1,3,9,0,3,16
3037.303879898973,4,37.5,4,1,1,12,2,0,16
3038.316729324986,4,94.0,5,1,1,6,8,0,16
3039.3297183429822,4,92.25,5,1,1,4,0,10,16
3040.34368633799,4,46.5,0,5,5,5,0,0,15
3041.357519527024,4,25.25,3,3,3,10,0,0,16
3042.3710847040056,4,45.5,7,0,5,8,3,0,16
3043.384964270983,4,65.75,2,0,6,10,0,0,16
3044.401815181016,4,49.0,4,5,1,7,2,1,16
3045.415529595979,4,73.75,1,4,6,5,1,0,16
3046.428035082994,4,31.25,1,0,4,11,0,1,16
3047.441336620017,4,50.75,0,0,3,10,0,2,15
3048.453528555983,4,46.25,0,1,3,7,2,1,14
3049.4679370549857,4,70.75,0,0,1,10,0,1,12
3050.4816048769862,4,93.5,0,0,1,8,2,1,12
3051.490272096009,4,71.25,0,0,1,6,0,0,7
3052.5042422119877,4,46.5,0,0,1,2,0,0,3
3053.5154738579877,4,47.75,0,0,0,3,0,0,3
3054.5297320180107,4,47.25,0,0,0,3,0,0,3
3055.5433267959743,4,18.25,0,0,2,1,0,0,3
3056.557427947002,4,4.25,0,1,1,3,0,0,5
3057.5681858499884,4,24.0,0,0,0,5,0,0,5
3058.5823829729925,4,47.5,0,1,0,5,0,0,6
3059.596454187995,4,33.5,0,0,1,5,0,0,6
3060.6099810450105,4,47.75,0,2,0,6,0,0,8
3061.6239640249987,4,24.0,0,0,0,6,0,0,6
3062.6371978350217,4,33.75,0,1,0,6,0,0,7
3063.651277691999,4,4.5,0,0,1,7,0,0,8
3064.6652151609887,4,72.25,0,0,1,6,1,0,8
3065.677225833002,4,69.5,2,0,1,5,2,0,8
3066.6908760980004,4,48.25,0,1,0,8,0,0,9
3067.704566264001,4,37.5,0,0,1,5,0,0,6
3068.718198599003,4,46.5,0,0,1,5,0,0,6
3069.731918363017,4,48.25,0,0,0,6,0,0,6
3070.7429334120243,4,47.25,0,0,0,5,0,0,5
3071.758766797022,4,11.25,0,1,0,3,0,0,4
3072.7707026050193,4,47.0,0,4,0,3,0,0,7
3073.784367028973,4,46.75,0,1,2,3,0,1,7
3074.798806648003,4,3.25,0,1,1,4,1,0,7
3075.8124881510157,4,31.75,0,0,2,4,0,1,7
3076.8265574480174,4,24.25,2,0,0,5,1,0,6
3077.8383374540135,4,47.0,3,0,0,5,1,0,6
3078.848988213984,4,47.5,0,4,0,4,1,0,9
3079.8632914240006,4,46.0,0,2,4,4,0,0,10
3080.877170142019,4,25.0,0,1,0,10,0,0,11
3081.8909753930056,4,93.0,0,1,0,10,0,0,11
3082.904312478029,4,78.25,0,0,0,11,0,0,11
3083.918125385011,4,71.25,0,0,0,9,2,0,11
3084.930674876028,4,92.75,1,0,0,5,6,0,11
3085.9399087210186,4,26.0,0,2,0,3,0,0,5
3086.952283201972,4,33.25,0,2,0,3,0,0,5
3087.9633228239836,4,43.5,0,2,0,3,0,0,5
3088.977121866017,4,52.75,0,0,1,4,0,0,5
3089.991122214007,4,37.75,0,2,0,4,0,0,6
3091.005041743978,4,71.25,0,0,2,5,0,0,7
3092.016792576993,4,47.0,0,1,0,7,0,0,8
3093.029094275029,4,39.75,0,1,0,5,0,0,6
3094.0406320180045,4,41.0,0,3,0,6,0,0,9
3095.054280396027,4,46.5,0,0,1,8,0,0,9
3096.067411497992,4,60.25,0,0,0,9,0,0,9
3097.081164134026,4,48.25,0,1,0,8,1,0,10
3098.0938142460072,4,35.0,0,1,0,9,0,0,10
3099.1063879660214,4,70.25,0,1,0,7,2,0,10
3100.1196474520257,4,71.0,1,1,0,7,2,0,10
3101.130808256974,4,71.75,0,2,0,5,0,1,8
3102.1451204380137,4,43.25,0,3,0,3,1,1,8
3103.1583953109803,4,45.75,0,1,0,4,0,0,5
3104.1696991510107,4,23.75,0,1,1,3,0,1,6
3105.1811425170163,4,26.25,0,0,0,5,0,0,5
3106.192964215006,4,23.5,0,0,0,5,0,0,5
3107.2070103270235,4,23.75,0,0,0,4,0,1,5
3108.2212905989727,4,23.0,0,1,0,6,0,0,7
3109.235411744972,4,49.5,0,1,0,7,0,0,8
3110.2490509219933,4,43.75,0,0,1,7,0,0,8
3111.2680841939873,4,47.25,0,0,1,4,3,0,8
3112.2819907710073,4,46.75,0,1,0,4,1,1,7
3113.2956144849886,4,47.0,0,0,0,5,0,0,5
3114.3096840059734,4,54.25,0,0,1,4,0,1,6
3115.3231973220245,4,47.5,0,2,1,4,0,0,7
3116.3371321400045,4,16.5,0,0,2,3,1,0,6
3117.3510912539787,4,49.25,0,0,0,5,0,0,5
3118.3612059999723,4,22.75,0,1,0,5,0,0,6
3119.3746749390266,4,63.0,1,1,0,5,0,0,6
3120.38657265401,4,69.75,0,1,1,4,0,0,6
3121.398131105001,4,24.75,0,2,0,5,0,0,7
3122.412839950004,4,35.0,2,3,0,7,0,0,10
3123.4226686179754,4,70.75,2,3,0,5,2,0,10
3124.4343254760024,4,69.25,3,3,0,5,2,0,10
3125.448118635977,4,47.0,2,5,0,2,1,4,12
3126.4603260160075,4,46.0,0,3,0,7,0,0,10
3127.474258874019,4,72.75,0,0,0,6,0,1,7
3128.4885521269753,4,71.0,0,0,0,6,0,0,6
3129.501925013028,4,71.25,0,2,0,4,0,0,6
3130.5133276130073,4,82.75,0,2,1,4,0,0,7
3131.5253351309802,4,57.75,0,2,1,6,0,0,9
3132.538413084985,4,94.0,3,2,0,6,1,0,9
3133.590086319018,4,45.5,4,2,0,5,2,0,9
3134.6160739469924,4,54.75,5,2,0,5,2,0,9
3135.629472696979,4,43.0,7,2,0,2,5,0,9
3136.6435058509815,4,24.0,4,8,1,3,0,4,16
3137.6570239290013,4,30.0,0,1,8,5,0,1,15
3138.670750225021,4,70.0,0,0,2,12,0,0,14
3139.684683976986,4,93.5,3,0,1,11,1,1,14
3140.6968248600024,4,50.0,0,3,2,9,1,1,16
3141.7107574510155,4,78.0,0,3,2,10,0,1,16
3142.7218218329945,4,66.25,0,3,1,10,0,2,16
3143.735699827026,4,68.25,0,3,0,8,2,2,15
3144.748128590989,4,94.25,0,3,0,8,2,2,15
3145.7620826979983,4,70.25,0,1,1,6,0,3,11
3146.77445465402,4,71.5,0,1,1,5,1,1,9
3147.7882351150038,4,74.25,0,0,1,6,0,0,7
3148.8017836569925,4,93.5,1,0,0,5,2,0,7
3149.813337275991,4,54.75,0,1,0,6,0,0,7
3150.8270834200084,4,93.75,0,0,1,6,0,0,7
3151.8411085340194,4,24.25,0,0,0,4,1,0,5
3152.8493364080205,4,61.5,0,0,0,3,2,0,5
3153.8628806130146,4,47.5,1,0,0,2,3,0,5
3154.875338314974,4,46.5,2,0,0,2,2,1,5
3155.887136425008,4,33.75,0,3,0,1,0,1,5
3156.9007113240077,4,48.25,0,1,0,4,0,0,5
3157.9138760360074,4,24.75,0,0,1,4,0,0,5
3158.927500623977,4,71.0,0,0,1,3,1,0,5
3159.9406739479746,4,46.75,3,0,1,1,3,0,5
3160.954447978991,4,23.0,0,4,0,2,0,3,9
3161.968466143997,4,23.25,0,4,1,2,0,0,7
3162.9838533930015,4,23.75,0,2,1,4,0,0,7
3163.9980207650224,4,25.0,0,1,2,5,0,0,8
3165.0112442279933,4,71.75,0,0,0,7,0,1,8
3166.025496340997,4,50.0,0,0,0,5,0,0,5
3167.039630662999,4,69.5,0,0,0,3,0,1,4
3168.051706472994,4,35.0,0,2,0,2,1,0,5
3169.0656146939727,4,47.0,0,2,1,2,0,0,5
3170.079347482999,4,23.5,0,1,2,3,0,0,6
3171.089541276975,4,47.0,0,1,2,3,0,0,6
3172.1032585300272,4,40.5,0,0,0,6,0,0,6
3173.117026467982,4,41.5,0,1,1,5,0,0,7
3174.128812696028,4,23.25,0,1,0,7,0,0,8
3175.1448761739885,4,48.0,0,3,0,5,0,2,10
3176.15881779301,4,19.0,0,1,3,5,0,0,9
3177.1707604959956,4,69.75,0,1,2,6,0,0,9
3178.183034692018,4,72.5,0,0,1,8,0,0,9
3179.1954202590277,4,70.75,0,0,0,7,2,0,9
3180.2069273850066,4,70.75,1,0,0,7,2,0,9
3181.2205007090233,4,70.25,0,2,0,6,0,1,9
3182.2342991600162,4,54.25,0,0,1,4,0,0,5
3183.24547996599,4,34.75,0,2,0,5,0,0,7
3184.2582804079866,4,46.0,0,2,0,3,2,0,7
3185.272192145989,4,46.75,0,0,2,3,0,0,5
3186.2860824820236,4,69.0,0,0,0,5,0,0,5
3187.3019788800157,4,70.25,0,1,0,4,1,0,6
3188.3152833909844,4,53.0,0,1,0,4,1,0,6
3189.3294806579943,4,62.0,2,1,0,2,3,0,6
3190.3429583290126,4,23.5,2,1,0,0,5,0,6
3191.357020817988,4,0.0,0,2,1,0,0,0,3
3192.370564064011,4,24.25,0,0,0,3,0,0,3
3193.3829290100257,4,0.0,0,1,0,2,0,1,4
3194.396801733994,4,23.75,2,1,0,2,0,1,4
3195.4094080469804,4,23.0,2,1,0,2,0,1,4
3196.421728143003,4,9.75,0,5,1,2,0,0,8
3197.435462241003,4,23.5,0,5,1,2,0,0,8
3198.4492860920145,4,24.0,0,5,0,3,0,0,8
3199.462144073972,4,23.75,0,4,0,4,0,0,8
3200.4727847580216,4,0.0,0,0,3,4,1,0,8
3201.4849907970056,4,46.5,0,1,0,6,2,0,9
3202.4985540739726,4,70.25,2,1,0,4,4,0,9
3203.5101046700147,4,24.25,0,3,0,2,0,1,6
3204.5238195299753,4,24.0,0,1,1,4,0,0,6
3205.5377241219976,4,31.5,0,0,1,5,0,0,6
3206.5500891919946,4,63.25,2,0,1,5,0,0,6
3207.5640641350183,4,56.0,0,3,0,5,0,1,9
3208.5777985579916,4,38.0,0,2,1,5,0,0,8
3209.59080143302,4,7.75,0,1,0,8,0,0,9
3210.6041677109897,4,61.25,1,1,0,7,1,0,9
3211.615913627029,4,71.5,1,1,0,7,1,0,9
3212.629683718027,4,59.25,0,2,0,5,0,0,7
3213.643427486997,4,49.25,0,0,0,7,0,0,7
3214.657330373011,4,55.25,0,1,0,7,0,0,8
3215.6706961569726,4,47.25,0,1,0,5,2,0,8
3216.6844504349865,4,46.75,0,0,1,3,0,1,5
3217.697854848986,4,69.5,0,1,0,4,0,0,5
3218.710750068014,4,46.25,0,1,1,4,0,0,6
3219.721284476982,4,30.5,0,1,1,4,0,0,6
3220.7347423280007,4,55.0,0,0,0,6,0,0,6
3221.747645507974,4,70.75,0,0,0,6,0,0,6
3222.760659654974,4,70.75,0,0,0,4,2,0,6
3223.7745979289757,4,36.0,1,1,0,4,0,0,5
3224.788888282026,4,47.0,0,1,1,3,0,0,5
3225.8029873699998,4,46.75,0,1,0,4,0,0,5
3226.815273299988,4,1.0,0,1,1,5,0,0,7
3227.827762454981,4,24.0,0,0,0,7,0,0,7
3228.843530261016,4,48.0,0,0,0,6,0,0,6
3229.857199129008,4,45.5,0,0,0,5,0,0,5
3230.8710740620154,4,47.5,0,0,0,4,0,0,4
3231.8844852990005,4,23.25,0,1,0,4,0,0,5
3232.8982598169823,4,23.5,0,1,1,4,0,0,6
3233.911953863979,4,47.25,0,0,1,5,0,0,6
3234.925906623015,4,7.5,0,0,1,5,0,0,6
3235.9398819460184,4,29.5,1,0,1,4,1,0,6
3236.953698848025,4,46.25,0,2,1,1,0,2,6
3237.9675230369903,4,0.0,1,3,1,0,0,2,6
3238.981956249976,4,17.0,0,1,2,2,0,0,5
3239.9959476399818,4,70.5,2,1,1,3,0,0,5
3241.008769054024,4,70.0,0,3,0,4,0,0,7
3242.0225320979953,4,70.25,0,3,0,4,0,0,7
3243.0366257430287,4,70.0,2,3,0,4,0,0,7
3244.050714919984,4,37.75,1,4,1,3,1,0,9
3245.0620168470195,4,60.25,0,1,4,4,0,0,9
3246.0749152220087,4,46.75,0,1,3,4,1,0,9
3247.0889992730226,4,47.0,0,1,3,3,2,0,9
3248.10244571598,4,45.75,0,1,3,1,4,0,9
3249.1146614389727,4,22.75,0,0,2,3,0,0,5
3250.1284283419955,4,21.25,0,1,1,3,0,0,5
3251.1418190500117,4,15.25,0,0,1,5,0,0,6
3252.155059479992,4,47.5,0,0,1,5,0,0,6
3253.1692970260046,4,48.75,0,0,1,4,1,0,6
3254.1820887150243,4,47.5,0,0,1,3,2,0,6
3255.1921967039816,4,48.25,0,0,1,3,0,0,4
3256.283331322018,4,46.75,1,0,1,3,0,0,4
3257.3127160079894,4,35.25,1,0,1,3,0,0,4
3258.3430075880024,4,30.5,1,1,1,3,0,0,5
3259.3554440709995,4,18.75,0,2,2,0,0,1,5
3260.3665085689863,4,1.75,0,1,0,3,0,1,5
3261.3769169379957,4,71.0,0,1,0,3,0,0,4
3262.3905853439937,4,22.5,1,2,0,3,0,0,5
3263.4049555429956,4,70.25,1,2,0,3,0,0,5
3264.418865268992,4,70.75,0,3,0,2,0,0,5
3265.4335359850083,4,25.0,0,0,0,5,0,0,5
3266.4470690839808,4,49.0,0,0,0,5,0,0,5
3267.459125853027,4,45.75,0,0,0,5,0,0,5
3268.4728756970144,4,47.0,0,0,1,5,0,0,6
3269.485225751996,4,24.0,0,1,0,4,0,0,5
3270.4989208540064,4,40.75,0,0,1,5,0,0,6
3271.5127531400067,4,24.5,0,0,0,6,0,0,6
3272.526815833,4,46.75,1,0,0,5,1,0,6
3273.5403793589794,4,47.5,1,0,0,5,1,0,6
3274.5547222659807,4,27.25,0,2,0,4,0,1,7
3275.567934693012,4,30.75,0,0,1,4,0,0,5
3276.5812085460057,4,44.75,0,0,0,4,1,0,5
3277.5955255529843,4,47.25,0,0,1,4,0,0,5
3278.6095607869793,4,39.0,0,0,1,4,0,0,5
3279.623226743017,4,46.25,0,0,0,5,0,0,5
3280.636787689,4,47.0,0,0,0,4,0,0,4
3281.6504910549847,4,17.75,0,1,0,2,0,0,3
3282.6636933960253,4,46.75,0,0,0,2,0,0,2
3283.677395384002,4,35.25,0,2,0,2,0,0,4
3284.6908812500187,4,47.0,1,0,1,2,1,0,4
3285.704169772973,4,48.5,0,1,0,1,1,0,3
3286.7134014460025,4,2.75,0,0,1,1,0,0,2
3287.727563612978,4,2.5,0,0,0,2,0,0,2
3288.741182859987,4,17.75,0,1,0,1,0,0,2
3289.754413950024,4,23.5,0,0,1,1,0,0,2
3290.7661910760216,4,23.75,0,0,1,1,0,0,2
3291.778340854973,4,23.25,1,0,1,1,0,0,2
3292.792110452021,4,23.5,0,0,4,1,0,0,5
3293.8059383920045,4,40.0,0,0,1,4,0,0,5
3294.817770380003,4,60.0,1,1,0,5,0,0,6
3295.8290862169815,4,60.5,0,1,1,4,0,0,6
3296.8432958960184,4,72.5,0,0,1,5,0,0,6
3297.856786379998,4,47.25,1,0,0,6,0,0,6
3298.8704790209886,4,71.5,2,0,0,6,0,0,6
3299.884292269009,4,67.75,0,1,1,6,0,0,8
3300.896466964972,4,49.0,0,0,0,8,0,0,8
3301.908470335009,4,43.25,0,0,0,6,1,1,8
3302.9216693299823,4,68.5,0,0,0,4,3,1,8
3303.938565042976,4,24.5,1,0,0,4,0,0,4
3304.9511643649894,4,46.75,1,0,0,3,1,0,4
3305.962573850993,4,23.0,1,0,0,2,2,0,4
3306.975608052977,4,24.0,0,1,0,2,0,0,3
3307.991539185983,4,46.25,0,0,0,1,0,0,1
3309.005392622028,4,0.0,0,0,0,1,0,0,1
3310.0190104530193,4,0.0,0,0,0,0,1,0,1
3311.0325792540098,4,0.0,0,0,0,0,0,0,0
3312.0460216960055,4,0.0,0,0,0,0,0,0,0
3313.0600038630073,4,0.0,0,1,0,0,0,0,1
3314.073592850007,4,0.0,0,1,0,0,0,0,1
3315.0879493409884,4,0.0,1,1,0,0,0,0,1
3316.1016025459976,4,0.0,0,3,1,0,0,0,4
3317.1140151569853,4,23.25,0,3,0,1,0,0,4
3318.127590655,4,0.0,0,0,2,2,0,0,4
3319.141247339023,4,41.75,0,0,1,3,0,0,4
3320.154764024017,4,46.0,0,0,1,2,1,0,4
3321.1615233410266,4,23.0,0,0,1,2,0,1,4
3322.174436810019,4,23.25,0,0,0,2,0,0,2
3323.183147813019,4,19.75,0,1,0,2,0,0,3
3324.1972571850056,4,23.5,0,1,0,2,0,0,3
3325.2093246930162,4,23.25,0,2,0,3,0,0,5
3326.223205354996,4,23.25,0,1,0,5,1,0,7
3327.2342586260056,4,46.5,0,1,0,6,0,0,7
3328.247241458972,4,70.75,0,1,0,6,0,0,7
3329.2597122929874,4,69.5,3,1,0,6,0,0,7
3330.27322442102,4,61.25,0,3,1,6,0,0,10
3331.2867917579715,4,22.75,0,0,1,7,0,0,8
3332.3010135199875,4,25.0,1,1,1,4,3,0,9
3333.313761812984,4,70.0,1,1,1,4,3,0,9
3334.3256207550294,4,47.25,3,1,1,4,2,1,9
3335.339074057003,4,46.0,4,1,0,3,2,3,9
3336.3588241270045,4,55.75,0,4,0,2,0,1,7
3337.3726561269723,4,23.5,0,1,2,4,0,0,7
3338.3837939340156,4,23.5,0,2,1,5,0,0,8
3339.3960885499837,4,94.0,1,2,0,6,0,0,8
3340.407777425018,4,71.5,0,0,0,9,0,0,9
3341.421328826982,4,64.5,0,0,0,8,0,0,8
3342.4359027839964,4,58.25,0,2,0,8,0,0,10
3343.443884195003,4,96.25,2,2,0,7,1,0,10
3344.456738474022,4,94.25,3,2,0,6,2,0,10
3345.468341208005,4,93.75,3,2,0,4,4,0,10
3346.4803814269835,4,67.5,0,3,1,5,0,0,9
3347.4917227050173,4,93.75,0,1,0,7,0,0,8
3348.5044129469898,4,71.0,0,1,0,7,0,0,8
3349.5152797399787,4,95.0,0,1,0,5,2,0,8
3350.527886253025,4,88.0,0,1,0,4,3,0,8
3351.5399104389944,4,72.25,0,1,0,5,0,0,6
3352.551257507992,4,67.0,0,0,0,6,0,0,6
3353.5649289310095,4,49.0,1,0,0,6,0,0,6
3354.5771273199935,4,70.75,1,0,0,6,0,0,6
3355.590891207976,4,62.5,1,0,1,3,2,0,6
3356.604750051978,4,47.0,2,0,1,2,2,1,6
3357.618119376013,4,21.75,2,0,1,0,4,1,6
3358.6322230499936,4,20.5,0,2,0,1,0,0,3
3359.6458726850105,4,23.25,0,2,0,2,0,0,4
3360.6568958819844,4,47.25,0,2,0,4,0,0,6
3361.6704625010025,4,69.75,0,0,1,4,0,0,5
3362.682174551999,4,32.0,0,0,0,4,1,0,5
3363.695589723997,4,46.5,0,0,0,3,2,0,5
3364.7094466189737,4,46.75,0,0,0,3,1,1,5
3365.7233237409964,4,46.75,0,1,0,3,0,0,4
3366.737386784982,4,46.75,0,0,2,3,0,0,5
3367.7511105070007,4,48.25,0,0,0,5,0,0,5
3368.7640595660196,4,47.75,1,0,0,4,1,0,5
3369.7776177630294,4,24.0,1,0,0,3,2,0,5
3370.7905322149745,4,23.5,2,0,0,2,3,0,5
3371.804672815022,4,23.75,0,3,1,2,0,0,6
3372.8182764790254,4,23.5,0,0,0,5,0,0,5
3373.8321464909823,4,23.5,0,0,0,5,0,0,5
3374.8457652470097,4,47.25,0,0,0,5,0,0,5
3375.8595847390243,4,46.75,0,0,0,5,0,0,5
3376.873602013977,4,26.25,0,0,0,4,1,0,5
3377.8869971240056,4,0.0,0,0,0,2,0,1,3
3378.9060467070085,4,46.75,0,0,0,2,0,1,3
3379.9849113909877,4,32.25,0,0,0,2,0,1,3
3381.028092545981,4,17.75,0,0,0,2,0,1,3
3382.0380950759863,4,15.5,2,0,0,0,2,1,3
3383.052261159988,4,0.0,0,0,2,0,0,0,2
3384.066385829996,4,17.5,0,0,0,2,0,0,2
3385.0790865959716,4,23.25,1,0,0,2,0,0,2
3386.0923112420132,4,23.25,3,0,0,2,0,0,2
3387.106219244015,4,23.25,3,0,0,2,0,0,2
3388.118124675995,4,27.0,0,1,2,2,0,0,5
3389.1307605649927,4,47.0,0,2,0,4,0,0,6
3390.1452872880036,4,13.0,0,0,1,5,1,0,7
3391.1592172320234,4,94.0,1,0,1,5,1,0,7
3392.173527156003,4,93.75,0,2,1,4,0,2,9
3393.187592537026,4,70.5,0,2,1,4,0,2,9
3394.2002608350012,4,54.25,0,1,2,5,0,0,8
3395.21459449298,4,62.25,0,0,1,7,0,0,8
3396.226055927982,4,47.75,0,0,0,8,0,0,8
3397.2412968890276,4,72.0,0,0,0,6,2,0,8
3398.2549848600174,4,47.0,0,0,0,5,0,0,5
3399.265915952972,4,47.25,0,0,0,6,0,0,6
3400.279553668981,4,93.75,0,1,0,6,0,0,7
3401.2935708430014,4,69.0,1,1,0,2,4,0,7
3402.307182674005,4,47.0,1,1,0,1,5,0,7
3403.322932002018,4,23.5,2,2,0,0,0,6,8
3404.3369089760236,4,0.0,0,1,1,3,0,0,5
3405.3505437999847,4,46.25,0,0,0,5,0,0,5
3406.364423118008,4,27.75,0,0,0,4,1,0,5
3407.378040554002,4,46.5,1,0,0,4,1,0,5
3408.392055555014,4,43.25,0,1,1,5,0,0,7
3409.4055507309968,4,70.75,0,2,0,6,0,0,8
3410.4194719630177,4,23.5,0,2,0,6,0,0,8
3411.4337104220176,4,70.5,0,2,0,5,1,0,8
3412.447635126009,4,47.25,1,2,0,5,1,0,8
3413.4604518910055,4,50.25,0,0,2,5,1,0,8
3414.474183716986,4,36.0,0,1,0,6,0,0,7
3415.487968769972,4,71.0,0,1,1,5,1,0,8
3416.4991476089926,4,64.0,0,0,0,5,0,2,7
3417.513195408974,4,44.5,0,0,0,5,0,0,5
3418.526583387982,4,70.25,0,0,0,5,0,0,5
3419.538033008983,4,70.5,0,0,0,4,0,0,4
3420.5517158079892,4,70.5,0,0,0,3,0,0,3
3421.565682728018,4,24.25,0,0,0,2,0,1,3
3422.579165061994,4,0.0,0,0,0,3,0,0,3
3423.5907638529898,4,26.5,0,1,0,3,0,0,4
3424.6046162390267,4,30.5,0,3,0,3,0,0,6
3425.6186352460063,4,23.5,0,2,1,4,0,0,7
3426.631865952979,4,32.75,0,2,1,3,1,0,7
3427.64568517101,4,23.5,0,2,1,1,3,0,7
3428.659618681995,4,0.0,0,1,1,1,0,0,3
3429.6732104219845,4,48.5,0,0,0,3,0,0,3
3430.687088978011,4,50.0,0,0,0,3,0,0,3
3431.6985519499867,4,70.75,0,1,0,3,0,0,4
3432.7126840319834,4,70.25,0,1,0,2,1,0,4
3433.724677048973,4,36.5,0,1,1,2,0,0,4
3434.737842958013,4,45.75,0,0,1,3,0,0,4
3435.751952094026,4,33.5,0,0,0,4,0,0,4
3436.7664194880053,4,14.75,1,1,0,4,0,0,5
3437.7799033619813,4,47.0,1,1,0,3,1,0,5
3438.7916144289775,4,47.75,0,2,0,1,0,3,6
3439.804962709022,4,48.0,0,2,1,3,0,0,6
3440.818871902011,4,12.25,0,1,1,5,0,0,7
3441.8320689509856,4,48.25,0,1,0,5,0,0,6
3442.846970979008,4,25.0,0,0,0,6,0,0,6
3443.8608490150073,4,46.0,0,0,0,5,1,0,6
3444.874184073007,4,46.75,0,0,0,4,2,0,6
3445.8882007839857,4,46.25,0,0,0,4,2,0,6
3446.901818290993,4,46.25,0,0,0,3,0,0,3
3447.9157053739764,4,23.25,0,1,0,1,1,0,3
3448.9297449649894,4,23.5,0,2,0,1,0,0,3
3449.9434378240258,4,23.25,1,2,0,0,1,0,3
3450.957283429976,4,24.75,0,2,0,2,0,0,4
3451.970734649978,4,46.5,0,0,0,4,0,0,4
3452.9789370640065,4,44.25,1,1,0,4,0,0,5
3453.9931361969793,4,70.0,1,1,0,4,0,0,5
3455.006794736022,4,71.25,1,1,0,4,0,0,5
3456.018970743986,4,70.0,2,1,0,4,0,0,5
3457.032390082022,4,46.75,0,2,1,4,0,0,7
3458.046335202991,4,46.25,0,2,2,4,0,0,8
3459.0598273709766,4,34.25,0,2,1,4,1,0,8
3460.076379173028,4,48.0,0,0,0,7,0,0,7
3461.089716494025,4,71.0,0,1,0,4,0,3,8
3462.1023432689835,4,14.25,0,2,0,4,0,1,7
3463.1155896830023,4,46.5,0,2,0,4,0,0,6
3464.126939763024,4,71.25,0,2,0,3,1,0,6
3465.139199186,4,47.25,0,1,0,5,0,0,6
3466.1543765710085,4,53.5,0,1,0,6,0,0,7
3467.1651903960155,4,57.75,0,0,1,6,0,0,7
3468.1774630559958,4,70.25,0,2,0,6,0,1,9
3469.191326043976,4,46.25,0,2,0,5,0,0,7
3470.2052467030007,4,46.75,0,0,1,6,0,0,7
3471.219122852024,4,51.75,0,0,0,7,0,0,7
3472.2332795130205,4,57.25,0,0,2,7,0,0,9
3473.246787098993,4,79.75,0,2,2,5,1,0,10
3474.259386317979,4,94.5,0,2,2,2,4,0,10
3475.272876953997,4,47.25,1,1,2,3,0,0,6
3476.2868717749952,4,26.0,0,0,4,2,0,1,7
3477.300627721008,4,30.25,0,1,1,5,0,0,7
3478.3139389830176,4,35.25,0,0,1,6,0,0,7
3479.327449848992,4,54.0,0,2,0,6,0,1,9
3480.341299442982,4,63.0,0,2,0,4,1,0,7
3481.3552695179824,4,69.5,2,2,0,2,3,0,7
3482.367736471002,4,39.5,0,2,2,2,0,2,8
3483.380822524021,4,46.75,1,2,2,2,0,1,7
3484.392155430978,4,71.75,0,1,0,6,0,0,7
3485.4039672330255,4,42.25,0,0,0,7,0,0,7
3486.41586528701,4,69.75,0,0,0,7,0,0,7
3487.4290953580057,4,70.0,0,0,0,6,0,0,6
3488.43854082498,4,65.5,1,0,0,6,0,0,6
3489.454947928025,4,93.25,1,0,0,4,2,0,6
3490.467215845012,4,70.0,2,0,0,4,0,2,6
3491.4801593390293,4,58.25,0,1,0,6,0,0,7
3492.4957711980096,4,18.0,0,2,1,5,0,0,8
3493.507868595014,4,44.75,0,0,1,5,2,0,8
3494.5217171789845,4,46.75,0,1,0,6,0,0,7
3495.5353734049713,4,48.25,0,1,0,5,1,0,7
3496.5491958979983,4,69.75,0,0,1,4,0,0,5
3497.5615998929716,4,46.75,1,0,1,4,0,0,5
3498.5750942070154,4,32.25,1,0,1,3,1,0,5
3499.5899936449714,4,47.5,3,0,1,3,0,1,5
3500.6037989140023,4,47.75,0,3,1,3,0,0,7
3501.617900306999,4,0.75,0,3,0,3,0,1,7
3502.6826628369745,4,21.25,0,2,1,3,0,0,6
3503.7218908059876,4,40.75,1,2,1,2,1,0,6
3504.7785041430034,4,0.0,0,1,1,4,0,1,7
3505.792030817014,4,45.5,0,0,0,6,0,0,6
3506.805275892024,4,33.5,0,0,0,5,1,0,6
3507.819021315023,4,48.0,0,2,0,5,0,0,7
3508.8324790740153,4,47.25,0,1,1,4,1,0,7
3509.8449863370042,4,46.5,0,1,1,5,0,0,7
3510.8571557159885,4,35.75,2,0,1,6,0,0,7
3511.8700052860077,4,69.5,3,0,1,5,1,0,7
3512.8841932310024,4,70.25,4,0,1,3,3,0,7
3513.8951968069887,4,6.25,0,2,2,4,0,0,8
3514.9095284159994,4,29.25,0,0,0,8,0,0,8
3515.923314358981,4,71.5,0,0,0,7,0,1,8
3516.9371814969927,4,47.0,0,0,0,5,0,0,5
3517.9512689749827,4,28.25,0,0,1,5,0,0,6
3518.9648425179766,4,23.25,0,1,0,5,0,0,6
3519.977428562008,4,53.25,0,1,0,6,0,0,7
3520.9912822800106,4,70.75,1,1,0,6,0,0,7
3522.005385604978,4,53.25,1,1,0,5,1,0,7
3523.0194187620073,4,46.25,0,2,0,4,0,0,6
3524.033394130005,4,63.5,0,1,0,3,0,0,4
3525.047495766019,4,58.5,0,0,0,4,0,0,4
3526.0589018819737,4,71.0,2,0,0,4,0,0,4
3527.070111685025,4,70.25,0,4,0,4,0,0,8
3528.080708912981,4,50.5,0,1,4,4,0,0,9
3529.094485079986,4,17.5,0,0,3,5,0,0,8
3530.108753898996,4,70.75,0,0,0,8,0,0,8
3531.119399536983,4,54.5,0,1,0,6,0,0,7
3532.133160557016,4,60.75,1,1,0,6,0,0,7
3533.1467242279905,4,70.5,2,1,0,6,0,0,7
3534.1591266649775,4,69.25,0,1,2,3,1,0,7
3535.1719951460254,4,68.75,0,0,0,6,0,0,6
3536.185157420987,4,59.25,0,0,0,6,0,0,6
3537.196644562995,4,59.5,0,1,0,2,4,0,7
3538.210386967985,4,47.0,0,2,0,2,0,1,5
3539.2223467020085,4,35.0,0,1,3,1,0,1,6
3540.235798811016,4,51.5,0,0,0,5,0,0,5
3541.247084364004,4,78.0,1,0,0,5,0,0,5
3542.2581864999956,4,94.5,1,0,0,5,0,0,5
3543.271495443012,4,70.25,1,0,0,3,2,0,5
3544.285172490985,4,70.75,0,1,0,3,0,0,4
3545.2972576200264,4,49.5,0,0,1,2,0,0,3
3546.314873825002,4,23.5,0,0,0,3,0,0,3
3547.328426542983,4,64.0,2,0,0,2,1,0,3
3548.3420521549997,4,47.25,2,0,0,2,1,0,3
3549.3554683349794,4,46.5,0,2,0,0,0,0,2
3550.3718608570052,4,0.0,0,0,0,2,0,0,2
3551.3831876110053,4,24.0,0,1,0,2,0,0,3
3552.3969672339736,4,39.0,0,1,0,1,1,0,3
3553.408474681026,4,23.25,0,0,0,2,0,0,2
3554.4226819060277,4,23.25,2,0,0,2,0,0,2
3555.4364005840034,4,49.25,0,3,0,2,0,0,5
3556.447667327011,4,40.5,0,0,2,3,0,0,5
3557.4619360680226,4,37.75,0,2,0,5,0,0,7
3558.474339133012,4,69.75,1,2,0,5,0,0,7
3559.487900384993,4,61.0,0,1,0,7,0,0,8
3560.49910979002,4,23.5,1,0,1,7,0,0,8
3561.5118066470022,4,65.25,0,1,0,7,0,0,8
3562.5248526119976,4,94.0,2,1,0,5,2,0,8
3563.535895558016,4,70.5,3,1,0,5,2,0,8
3564.549500129011,4,47.25,3,1,0,3,3,1,8
3565.5614153110073,4,4.5,0,0,3,4,0,0,7
3566.575223976979,4,22.75,0,0,1,6,0,0,7
3567.5893414670136,4,24.5,0,1,1,4,0,2,8
3568.602961577999,4,2.0,0,0,2,2,3,0,7
3569.617017321987,4,71.5,0,2,1,3,0,0,6
3570.630735647981,4,46.75,0,4,1,4,0,0,9
3571.6443248140276,4,69.75,3,4,1,2,2,0,9
3572.6554219279788,4,46.75,5,4,1,2,2,0,9
3573.6691209769924,4,40.0,0,6,4,3,0,0,13
3574.6804443849833,4,84.5,0,1,2,10,0,0,13
3575.6919276490225,4,34.5,0,0,0,8,2,0,10
3576.7059049999807,4,94.75,0,0,0,7,3,0,10
3577.71763921401,4,66.25,1,1,2,7,0,1,11
3578.7316129180253,4,46.25,0,5,2,6,1,0,14
3579.7456396970083,4,51.25,1,2,2,6,3,1,14
3580.759074335976,4,70.75,1,2,2,4,5,1,14
3581.7731929550064,4,49.25,0,4,1,5,1,1,12
3582.7870731379953,4,71.25,0,1,3,5,0,0,9
3583.803440516989,4,52.5,0,0,1,6,0,0,7
3584.815535554022,4,50.5,0,0,0,6,0,0,6
3585.8292220989824,4,59.75,0,0,0,6,0,0,6
3586.8418937089737,4,54.25,0,0,0,5,1,0,6
3587.8554139659973,4,70.25,1,0,0,3,3,0,6
3588.8689477979788,4,23.25,3,0,0,3,3,0,6
3589.8815942109795,4,11.5,0,2,1,3,0,0,6
3590.8936179900193,4,23.25,0,0,2,4,0,0,6
3591.905522488989,4,11.25,0,0,0,6,0,0,6
3592.919613051985,4,47.25,0,0,0,6,0,0,6
3593.9331077520037,4,47.5,0,0,0,5,0,0,5
3594.9467770999763,4,46.25,0,0,0,3,0,0,3
3595.96016007202,4,46.75,1,0,0,2,1,0,3
3596.9718035520054,4,22.75,0,2,0,1,0,0,3
3597.9835680819815,4,0.25,0,0,2,1,0,0,3
3598.9961063250084,4,26.75,0,0,1,2,0,0,3
3600.0097089390038,4,46.75,0,0,1,1,1,0,3
3601.022279043973,4,23.25,0,0,1,1,0,0,2
3602.0358278480126,4,23.0,1,0,1,1,0,0,2
3603.0493003369775,4,23.5,1,0,1,1,0,0,2
3604.061721358972,4,23.5,0,1,1,2,0,0,4
3605.073669968988,4,50.75,0,1,1,3,0,1,6
3606.0875819440116,4,35.25,0,1,1,3,0,0,5
3607.1013409839943,4,41.75,0,1,0,4,0,0,5
3608.1149808570044,4,29.0,0,0,0,4,0,0,4
3609.127957892022,4,47.5,0,2,0,4,0,0,6
3610.1413791669765,4,27.0,0,1,1,4,0,0,6
3611.155420058989,4,70.5,1,1,1,4,0,0,6
3612.16886740498,4,47.75,3,1,1,3,1,0,6
3613.1761066910112,4,23.75,0,4,1,4,0,0,9
3614.1853078589775,4,47.25,0,0,2,7,0,0,9
3615.1991541209863,4,28.0,0,0,0,8,0,0,8
3616.2126692450256,4,70.0,0,1,0,8,0,0,9
3617.2266202750034,4,71.0,0,1,0,8,0,0,9
3618.240426740027,4,47.5,0,0,1,6,0,0,7
3619.2547698009876,4,57.75,0,2,1,6,0,0,9
3620.2683447389863,4,70.0,0,2,1,6,0,0,9
3621.281999056984,4,70.0,0,1,1,6,0,0,8
3622.295564897009,4,45.5,0,0,0,6,0,0,6
3623.3070235470077,4,47.0,0,0,0,5,0,0,5
3624.3207925279858,4,47.0,0,0,0,3,0,0,3
3625.339583247027,4,70.25,0,0,0,3,0,0,3
3626.3675298130256,4,40.0,0,1,0,2,0,0,3
3627.401357805007,4,0.0,0,1,0,1,0,1,3
3628.4100823929766,4,23.25,0,0,0,2,0,0,2
3629.4210861210013,4,47.25,0,3,0,2,0,0,5
3630.4322772279847,4,25.25,0,0,0,4,0,0,4
3631.4436076160055,4,70.5,0,1,0,4,0,0,5
3632.457689557981,4,93.75,1,1,0,4,0,0,5
3633.4712929960224,4,81.5,0,2,0,4,0,0,6
3634.4837324719992,4,69.5,0,1,1,3,1,0,6
3635.497438405,4,72.0,1,0,2,3,0,1,6
3636.509627876978,4,34.5,0,1,0,5,0,0,6
3637.5218744060257,4,42.75,0,2,0,6,0,0,8
3638.5361726210103,4,30.5,1,2,1,5,0,0,8
3639.5496899100253,4,38.75,0,1,1,5,0,1,8
3640.563320200017,4,23.75,0,2,0,6,0,0,8
3641.577151747013,4,57.75,0,1,0,5,0,0,6
3642.588302213,4,71.25,0,0,1,5,0,0,6
3643.5991504470003,4,70.25,0,0,1,5,0,0,6
3644.6102891460177,4,46.5,0,0,1,4,1,0,6
3645.623971153982,4,47.0,0,2,0,4,0,1,7
3646.634578503028,4,42.0,0,3,0,5,1,0,9
3647.6469165069866,4,53.0,0,3,0,4,2,0,9
3648.658288668026,4,47.0,3,3,0,2,4,0,9
3649.6706791659817,4,46.5,0,1,4,4,0,0,9
3650.6845746340114,4,78.25,0,1,0,7,0,1,9
3651.6957832920016,4,53.5,0,3,0,6,0,0,9
3652.7099428729853,4,94.0,1,3,0,4,2,0,9
3653.7230117450235,4,70.5,3,3,0,3,3,0,9
3654.7352005480207,4,70.75,3,3,0,3,3,0,9
3655.7488581290236,4,49.25,0,2,3,4,0,0,9
3656.760867248988,4,66.75,0,3,0,3,2,0,8
3657.7745536830043,4,23.5,0,2,1,2,1,0,6
3658.7855414620135,4,24.5,0,0,1,4,0,0,5
3659.7970227790065,4,45.0,1,0,1,3,0,1,5
3660.808606402017,4,46.5,0,1,2,2,0,0,5
3661.8224014749867,4,31.75,0,2,1,3,0,0,6
3662.8365923520178,4,63.25,0,1,2,6,0,0,9
3663.8500865750248,4,57.25,0,0,1,7,1,0,9
3664.8640644539846,4,70.75,1,0,1,4,4,0,9
3665.8759456350235,4,69.75,3,0,1,3,5,0,9
3666.8891278440133,4,47.0,5,0,1,3,5,0,9
3667.9011229629978,4,29.25,0,1,2,8,0,0,11
3668.9117319990182,4,77.25,0,0,0,8,0,0,8
3669.9255187870003,4,51.0,0,0,0,7,1,0,8
3670.9370089200092,4,94.25,2,0,0,6,2,0,8
3671.948551492009,4,91.75,2,0,0,4,4,0,8
3672.9619627370266,4,93.25,0,3,0,4,0,2,9
3673.9756047700066,4,47.25,4,3,0,3,0,1,7
3674.9871758510126,4,14.0,0,4,6,5,0,0,15
3676.000615051016,4,82.0,1,4,3,7,1,0,15
3677.012663623027,4,94.25,2,4,3,3,5,0,15
3678.025107650028,4,47.25,0,6,1,5,0,4,16
3679.0386451110244,4,70.0,0,7,0,5,0,0,12
3680.0494540539803,4,39.75,0,0,3,9,0,0,12
3681.0632226740126,4,70.75,1,0,0,10,2,0,12
3682.077266543987,4,84.75,0,0,1,8,0,0,9
3683.0906009150203,4,69.25,0,1,0,8,1,0,10
3684.1044186499785,4,69.25,0,1,0,2,7,0,10
3685.1153467179975,4,19.5,0,2,0,2,1,0,5
3686.1290319809923,4,46.0,0,0,0,4,0,0,4
3687.142927089997,4,46.75,0,0,0,4,0,0,4
3688.156545332982,4,46.75,2,0,0,4,0,0,4
3689.164104456024,4,47.5,3,0,0,4,0,0,4
3690.1781113959732,4,46.75,3,0,0,4,0,0,4
3691.1889158830163,4,43.25,0,3,2,3,1,0,9
3692.202569177025,4,46.5,0,0,2,5,0,1,8
3693.216619644023,4,25.0,0,1,1,6,0,0,8
3694.2305751999957,4,25.5,1,1,1,5,1,0,8
3695.2435715870233,4,47.25,0,2,1,4,1,1,9
3696.2573658999754,4,23.0,0,1,0,6,0,1,8
3697.268766977999,4,69.75,1,1,0,6,0,1,8
3698.282567203976,4,71.25,0,2,0,7,0,0,9
3699.2955186809995,4,33.0,0,2,0,5,2,0,9
3700.3094874040107,4,24.5,0,2,0,7,0,0,9
3701.320475902001,4,72.5,0,1,0,8,0,0,9
3702.335025042994,4,57.25,0,0,0,9,0,0,9
3703.3487501249765,4,39.0,0,1,0,4,5,0,10
3704.3623077729717,4,71.25,1,1,0,4,5,0,10
3705.3727904729894,4,71.25,3,1,0,4,5,0,10
3706.3852157539804,4,70.0,0,4,0,4,0,5,13
3707.3973201219924,4,55.5,0,0,2,6,0,0,8
3708.411614960991,4,45.0,0,1,1,5,0,1,8
3709.4234980919864,4,50.25,0,2,1,4,1,1,9
3710.4366675689816,4,55.25,0,1,1,5,0,0,7
3711.4486893980065,4,69.0,0,1,1,4,1,0,7
3712.4627357459976,4,46.25,0,1,1,3,2,0,7
3713.4771585239796,4,23.25,0,1,1,4,0,1,7
3714.490815641999,4,29.5,0,1,0,5,0,0,6
3715.504297906009,4,31.25,0,1,0,5,0,0,6
3716.517789600999,4,45.0,0,0,0,6,0,0,6
3717.5278994640103,4,36.25,0,0,0,5,1,0,6
3718.5414562029764,4,46.25,4,0,0,5,1,0,6
3719.555341113999,4,47.5,4,0,0,5,1,0,6
3720.568432072003,4,47.0,4,0,0,4,2,0,6
3721.5817180959857,4,22.75,0,2,2,2,0,1,7
3722.595019250002,4,35.0,1,0,1,2,3,0,6
3723.609369889018,4,47.0,0,1,1,1,0,0,3
3724.6231236180174,4,23.25,0,1,0,4,0,0,5
3725.6368739039754,4,17.0,0,0,2,4,0,0,6
3726.650970096991,4,70.0,0,0,0,6,0,0,6
3727.664519869024,4,47.75,0,0,0,6,0,0,6
3728.6765877379803,4,72.0,0,0,0,6,0,0,6
3729.689881047001,4,70.25,2,0,0,6,0,0,6
3730.7037128590164,4,56.5,0,2,0,6,0,0,8
3731.7177004460245,4,46.75,0,0,0,7,1,0,8
3732.7399813910015,4,0.0,0,1,0,6,0,0,7
3733.751748696028,4,47.25,0,1,0,5,1,0,7
3734.766521095007,4,53.0,0,3,0,2,1,2,8
3735.7804628639715,4,37.0,0,2,1,3,0,0,6
3736.7943402000237,4,55.75,0,0,0,6,0,0,6
3737.808105187025,4,71.0,2,0,0,6,0,0,6
3738.8216441730037,4,58.75,2,0,0,4,2,0,6
3739.835152147978,4,47.5,2,0,0,4,2,0,6
3740.8484715109807,4,23.5,2,0,0,2,4,0,6
3741.8594422430033,4,23.25,0,0,0,4,0,0,4
3742.873510795005,4,70.25,0,0,0,4,0,0,4
3743.8864223539713,4,65.25,1,0,0,4,0,0,4
3744.9001762780244,4,47.0,2,0,0,1,3,0,4
3745.9137294220272,4,23.5,2,0,0,1,3,0,4
3746.9271038050065,4,23.25,2,0,0,1,3,0,4
3747.941017628007,4,23.25,0,0,2,1,0,0,3
3748.9659580059815,4,16.25,0,0,0,2,0,0,2
3750.0125539230066,4,38.25,0,1,0,2,0,0,3
3751.026157521992,4,37.5,0,2,0,2,0,0,4
3752.0407889669877,4,46.75,0,0,1,3,0,0,4
3753.0545190969715,4,57.75,0,1,0,2,0,2,5
3754.068596213998,4,52.25,0,0,0,4,0,0,4
3755.0824954970158,4,71.75,0,0,0,4,0,0,4
3756.096652885026,4,71.0,1,0,0,4,0,0,4
3757.109266360989,4,71.75,1,0,0,4,0,0,4
3758.121771231992,4,71.5,0,1,0,2,0,0,3
3759.1328196770046,4,47.25,0,1,0,2,0,0,3
3760.1444160030223,4,47.0,0,0,0,2,0,0,2
3761.158552857989,4,23.5,0,1,0,1,0,1,3
3762.172013602976,4,21.75,0,1,0,1,0,0,2
3763.1857267650194,4,23.5,0,1,0,1,0,0,2
3764.199213866028,4,23.5,0,1,0,1,0,0,2
3765.2127346689813,4,23.5,3,1,0,1,0,0,2
3766.225141737028,4,23.5,0,0,4,3,0,0,7
3767.238703847979,4,73.0,0,0,0,7,0,0,7
3768.252816725988,4,47.75,0,0,0,6,0,0,6
3769.266162366024,4,71.25,1,0,0,5,1,0,6
3770.2785448880168,4,48.0,2,0,0,3,3,0,6
3771.2897058100207,4,47.0,3,0,0,3,0,3,6
3772.303688850021,4,41.0,0,0,2,5,0,0,7
3773.3173311079736,4,94.75,0,0,0,7,0,0,7
3774.3290567300282,4,59.0,0,0,0,5,2,0,7
3775.341221217008,4,94.25,1,0,0,3,4,0,7
3776.3547547900234,4,47.25,2,0,0,3,0,4,7
3777.3701332130004,4,47.5,0,1,1,3,0,0,5
3778.381247323996,4,27.5,0,1,1,4,0,0,6
3779.3950576650095,4,30.0,0,1,1,5,0,0,7
3780.4086165159824,4,29.0,0,1,0,6,0,0,7
3781.425186130975,4,71.25,2,1,0,4,0,2,7
3782.4380759770283,4,47.0,0,2,0,4,0,0,6
3783.450031792978,4,23.75,0,0,0,6,0,0,6
3784.463938948,4,22.75,1,1,1,6,0,0,8
3785.473654135014,4,70.0,1,1,1,6,0,0,8
3786.4883320920053,4,71.0,2,1,1,6,0,0,8
3787.50409286801,4,45.25,1,2,1,5,2,0,10
3788.5175717389793,4,42.5,0,1,2,5,0,0,8
3789.531040727976,4,27.75,0,0,0,7,0,1,8
3790.5433065629913,4,70.75,0,0,0,7,0,0,7
3791.5556024030084,4,36.0,0,0,0,6,0,0,6
3792.5661921359715,4,69.5,0,0,0,6,0,0,6
3793.576187007013,4,61.0,0,1,0,5,1,0,7
3794.5901736440137,4,71.0,0,1,0,4,2,0,7
3795.602592094976,4,46.75,0,0,0,4,0,0,4
3796.61636769498,4,49.0,0,0,0,4,0,0,4
3797.6274572809925,4,69.75,0,1,0,2,1,1,5
3798.6414266100037,4,0.0,0,1,0,0,3,1,5
3799.655167883029,4,23.0,0,2,0,1,0,0,3
3800.6685832029907,4,24.0,0,1,1,1,0,0,3
3801.6812230669893,4,47.5,0,0,0,3,0,0,3
3802.6951990260277,4,47.0,0,0,0,3,0,0,3
3803.708886403998,4,47.25,0,0,0,3,0,0,3
3804.720414503012,4,23.5,1,0,0,2,1,0,3
3805.734145066992,4,40.5,0,5,0,2,0,0,7
3806.7472012310172,4,13.75,0,1,1,5,0,0,7
3807.761234186997,4,47.25,0,1,0,6,0,0,7
3808.773257422028,4,36.0,0,3,1,5,0,0,9
3809.787104937015,4,47.25,0,2,2,6,0,0,10
3810.7986066659796,4,48.0,0,3,0,6,0,0,9
3811.8117883710074,4,72.0,0,0,0,7,1,0,8
3812.8241822670097,4,69.5,0,1,1,6,0,0,8
3813.8325891980203,4,49.25,0,0,0,8,0,0,8
3814.844621844997,4,44.25,0,0,1,5,0,0,6
3815.8582803889876,4,16.75,1,1,1,3,0,0,5
3816.8720140269725,4,69.75,1,1,1,3,0,0,5
3817.886170740996,4,69.0,1,1,1,2,1,0,5
3818.9003953760257,4,23.5,0,0,5,2,0,0,7
3819.9141633100226,4,72.25,0,0,0,7,0,0,7
3820.9254292870173,4,42.0,0,0,0,6,1,0,7
3821.9394808189827,4,95.25,1,0,0,6,0,1,7
3822.953689986025,4,80.5,2,0,0,4,2,1,7
3823.967202688975,4,70.5,0,1,2,2,0,0,5
3824.980397271982,4,70.25,0,0,0,5,0,0,5
3825.9920706219855,4,63.75,0,0,0,5,0,0,5
3827.0033916059765,4,93.5,0,0,0,5,0,0,5
3828.0144369120244,4,94.5,0,0,0,4,1,0,5
3829.0282695060014,4,59.5,0,0,0,3,1,0,4
3830.042299915978,4,0.0,0,0,0,2,0,0,2
3831.0559689140064,4,47.25,0,0,0,2,0,0,2
3832.069729192008,4,47.5,0,0,0,2,0,0,2
3833.0834293300286,4,23.5,0,0,0,1,1,0,2
3834.094671119994,4,23.5,0,0,2,0,0,0,2
3835.1082611600286,4,0.0,0,0,0,3,0,0,3
3836.1221840869985,4,39.75,0,1,0,3,0,0,4
3837.1351605270174,4,47.5,0,1,0,3,0,0,4
3838.148520644987,4,46.75,0,1,0,3,0,0,4
3839.1620802070247,4,26.0,0,2,0,4,0,0,6
3840.169537102978,4,70.25,0,2,0,4,0,0,6
3841.1832156790188,4,47.25,0,2,0,3,1,0,6
3842.196347206016,4,41.5,0,1,1,4,0,0,6
3843.209871499974,4,24.0,0,3,1,3,0,0,7
3844.223750228004,4,27.0,0,0,2,5,0,0,7
3845.2471505220165,4,70.5,0,1,0,5,0,0,6
3846.2610739229713,4,32.5,0,1,0,6,0,0,7
3847.274054281006,4,73.75,0,1,0,7,0,0,8
3848.2879262209754,4,56.0,0,0,2,7,0,0,9
3849.300180241,4,30.25,0,1,0,9,0,0,10
3850.3140348460292,4,72.75,0,0,0,9,0,0,9
3851.3291388920043,4,95.25,0,1,0,8,0,0,9
3852.3428287170245,4,86.75,0,0,0,9,0,0,9
3853.3554361580173,4,77.5,0,3,0,6,0,1,10
3854.368841518997,4,51.75,0,2,0,6,1,0,9
3855.382688991027,4,72.0,0,2,0,4,3,0,9
3856.3945739630144,4,46.75,0,0,2,4,0,0,6
3857.40853257,4,45.25,0,2,0,4,0,0,6
3858.421920627996,4,30.0,0,4,0,2,1,1,8
3859.4329712699982,4,23.75,1,4,0,0,2,1,7
3860.4465345590143,4,20.25,0,5,0,2,1,0,8
3861.459281592979,4,23.5,0,3,2,2,0,1,8
3862.4728216389776,4,38.5,1,5,1,3,0,0,9
3863.486934216984,4,23.25,2,5,1,1,2,0,9
3864.5008138070116,4,24.0,3,3,3,1,2,0,9
3865.5137556300033,4,24.5,0,7,2,2,0,1,12
3866.5276320109842,4,0.75,0,3,4,2,0,0,9
3867.5414337179973,4,27.25,0,1,1,6,1,0,9
3868.5550792890135,4,42.0,0,1,1,5,1,1,9
3869.5681198019884,4,70.5,0,0,1,6,0,0,7
3870.5790111360257,4,23.5,0,0,1,6,0,0,7
3871.638321960985,4,25.5,1,1,0,7,0,0,8
3872.6694525330095,4,15.75,1,1,0,5,2,0,8
3873.802510244015,4,0.0,0,2,0,5,0,2,9
3874.8164295359747,4,37.0,1,2,0,4,1,2,9
3875.8279953119927,4,46.75,2,2,0,3,2,2,9
3876.8423077979824,4,40.5,0,3,2,3,0,1,9
3877.8560187609983,4,41.5,0,1,0,8,0,0,9
3878.8698677680222,4,51.0,0,0,0,9,0,0,9
3879.8818935829913,4,69.75,0,0,0,7,2,0,9
3880.8967847599997,4,93.5,0,0,1,5,0,0,6
3881.910775456985,4,63.5,0,0,1,4,1,0,6
3882.9244320699945,4,70.0,2,0,1,3,2,0,6
3883.938568919024,4,70.75,0,3,1,3,0,0,7
3884.952255521028,4,47.25,0,3,1,3,0,0,7
3885.9644833779894,4,37.25,0,0,0,6,0,0,6
3886.982144336973,4,63.5,0,0,0,6,0,0,6
3887.9941857539816,4,52.25,0,0,0,5,0,0,5
3889.007074202993,4,56.75,0,2,0,3,0,1,6
3890.0206022019847,4,40.25,1,0,2,2,1,0,5
3891.0344888290274,4,46.5,2,0,2,2,1,0,5
3892.048177537974,4,47.25,2,0,1,3,1,0,5
3893.0620528309955,4,40.75,0,2,0,4,0,0,6
3894.0757329440094,4,47.25,0,4,0,4,0,0,8
3895.0894280089997,4,24.5,0,0,2,5,0,0,7
3896.103060571011,4,93.0,1,0,1,5,1,0,7
3897.117673398985,4,69.25,1,0,1,5,1,0,7
3898.1314410329796,4,71.75,0,2,0,6,0,0,8
3899.1439011049806,4,72.25,0,3,0,6,0,0,9
3900.1550312089967,4,46.5,0,1,0,7,0,0,8
3901.167450129986,4,67.5,0,1,0,7,0,0,8
3902.1813476909883,4,70.75,0,1,1,5,0,2,9
3903.195562218025,4,38.25,0,0,1,4,0,0,5
3904.2075866389787,4,54.5,0,0,0,3,1,1,5
3905.2215934789856,4,47.0,1,0,0,2,2,1,5
3906.231743982993,4,26.25,0,2,0,1,1,3,7
3907.2452467710245,4,19.25,0,0,0,2,0,0,2
3908.256106811983,4,48.75,0,0,0,2,0,0,2
3909.2701072589844,4,47.0,0,0,0,2,0,0,2
3910.2840959170135,4,30.0,0,0,0,2,0,0,2
3911.2959761259845,4,24.5,0,0,0,2,0,0,2
3912.309667102003,4,46.75,1,0,0,2,0,0,2
3913.32377656101,4,47.75,1,0,0,2,0,0,2
3914.3380005910294,4,32.25,0,1,0,3,0,0,4
3915.3514534429996,4,39.25,0,0,0,3,0,0,3
3916.3625451439875,4,40.5,0,0,0,2,1,0,3
3917.3750211729784,4,46.0,0,0,0,2,1,0,3
3918.3888242010144,4,47.0,0,0,0,1,0,2,3
3919.4023953690194,4,23.5,0,2,0,0,0,0,2
3920.416808152979,4,0.0,0,0,1,2,0,0,3
3921.430286250019,4,41.5,0,0,0,3,0,0,3
3922.441309477028,4,46.5,0,0,0,3,0,0,3
3923.4535931629944,4,46.25,0,0,0,2,1,0,3
3924.467143537011,4,47.0,0,0,0,2,0,1,3
3925.4901622000034,4,23.0,0,0,0,2,0,1,3
3926.5002569939825,4,46.75,0,0,0,1,0,0,1
3927.5108214860084,4,24.0,0,0,0,1,0,0,1
3928.5247912100167,4,23.5,0,0,0,0,0,0,0
3929.538142691017,4,0.0,0,0,0,0,0,0,0
3930.551975489012,4,0.0,0,0,0,0,0,0,0
3931.5668355789967,4,0.0,0,0,0,0,0,0,0
3932.580418535974,4,0.0,0,0,0,0,0,0,0
3933.5944691500044,4,16.5,0,4,0,1,0,0,5
3934.6080117829842,4,0.0,2,2,3,1,0,0,6
3935.617651042994,4,3.75,3,2,3,0,1,0,6
3936.6311035869876,4,25.0,1,4,2,1,0,1,8
3937.6451277619926,4,23.5,1,4,2,1,0,1,8
3938.6582222590223,4,26.75,0,1,4,3,0,0,8
3939.672084903985,4,71.75,0,0,2,6,0,0,8
3940.6841710209846,4,23.75,0,0,1,2,0,0,3
3941.69675304502,4,24.75,0,0,1,2,0,0,3
3942.706607152999,4,24.0,0,0,1,1,1,0,3
3943.7202251399867,4,22.5,0,0,0,1,0,0,1
3944.7339573079953,4,0.0,0,0,0,1,0,0,1
3945.747055248008,4,0.0,0,0,0,0,0,0,0
3946.7607147850213,4,0.0,0,0,0,0,0,0,0
3947.7730828589993,4,0.0,0,0,0,0,0,0,0
3948.7865460549947,4,0.0,0,0,0,0,0,0,0
3949.800745483022,4,0.0,0,0,0,0,0,0,0
3950.814438781992,4,0.0,0,0,0,0,0,0,0
3951.8281418950064,4,0.0,0,0,0,0,0,0,0
3952.841824590985,4,0.0,1,0,0,0,0,0,0
3953.8555420999764,4,0.0,0,0,1,4,0,0,5
3954.8684987840243,4,47.0,0,3,0,1,1,0,5
3955.8824351910152,4,10.25,1,2,3,2,1,0,8
3956.896605306014,4,23.5,5,2,3,1,0,2,8
3957.905928907974,4,0.0,0,9,3,3,0,1,16
3958.9198297829716,4,56.0,0,0,3,10,0,0,13
3959.931700640009,4,76.5,1,2,0,11,1,0,14
3960.9447599549894,4,91.25,0,2,1,1,6,0,10
3961.9580855380045,4,22.75,0,2,1,1,6,0,10
3962.970488264982,4,0.0,0,3,1,0,0,7,11
3963.9819273190224,4,25.0,1,3,0,0,1,1,5
3964.9956953739747,4,23.5,0,2,1,1,0,0,4
3966.00897500501,4,8.0,0,0,1,1,0,0,2
3967.020262931008,4,0.0,0,0,0,1,0,0,1
3968.034384025028,4,0.0,0,0,0,0,1,0,1
3969.045631307992,4,0.0,0,0,0,0,1,0,1
3970.0594409849728,4,0.0,0,0,0,0,1,0,1
