offset_s,held_gpus,held_gpu_utilization_mean_percent,arrival_to_gate,gate_to_source_admission,source_to_native_dispatch,native_dispatch_to_last_token,last_token_to_controller_completion,controller_completion_to_terminal,gate_to_terminal
0.7976853030268103,1,0.0,1,0,0,0,0,0,0
1.8109875410445966,1,4.0,1,0,0,0,0,0,0
2.824030287039932,1,8.0,1,0,0,0,0,0,0
3.8373715420020744,1,0.0,1,0,0,0,0,0,0
4.851499245036393,1,1.0,1,0,0,0,0,0,0
5.865055499016307,1,0.0,1,0,0,0,0,0,0
6.878798135032412,1,2.0,1,0,0,0,0,0,0
7.891749122005422,1,0.0,1,0,0,0,0,0,0
8.904640666034538,1,0.0,1,0,0,0,0,0,0
9.917880393040832,1,17.0,1,0,0,0,0,0,0
10.930828325042967,1,12.0,1,0,0,0,0,0,0
11.945077208045404,1,0.0,2,0,0,0,0,0,0
12.958603603008669,1,23.0,2,0,0,0,0,0,0
13.972833711013664,1,0.0,3,0,0,0,0,0,0
14.985778753005434,1,0.0,3,0,0,0,0,0,0
15.998065468040295,1,0.0,3,0,0,0,0,0,0
17.011342374025844,1,0.0,3,0,0,0,0,0,0
18.025008675991558,1,0.0,3,0,0,0,0,0,0
19.053903146996163,1,0.0,3,0,0,0,0,0,0
20.072602197993547,1,0.0,3,0,0,0,0,0,0
21.083311784022953,1,0.0,3,0,0,0,0,0,0
22.096294349990785,1,0.0,4,0,0,0,0,0,0
23.109287650033366,1,0.0,4,0,0,0,0,0,0
24.122386136034038,1,0.0,4,0,0,0,0,0,0
25.1361458490137,1,0.0,4,0,0,0,0,0,0
26.149622236029245,1,0.0,4,0,0,0,0,0,0
27.163161326025147,1,0.0,4,0,0,0,0,0,0
28.176278794009704,1,0.0,4,0,0,0,0,0,0
29.1889340080088,1,0.0,4,0,0,0,0,0,0
30.201844907016493,1,0.0,5,0,0,0,0,0,0
31.215323187003378,1,0.0,5,0,0,0,0,0,0
32.22856393404072,1,0.0,5,0,0,0,0,0,0
33.24245806602994,1,0.0,5,0,0,0,0,0,0
34.25575780501822,1,0.0,5,0,0,0,0,0,0
35.276983784046024,1,0.0,5,0,0,0,0,0,0
36.2910859429976,1,0.0,6,0,0,0,0,0,0
37.304130828997586,1,0.0,8,0,0,0,0,0,0
38.31939722504467,1,0.0,8,0,0,0,0,0,0
39.333544434048235,1,0.0,8,0,0,0,0,0,0
40.348403309995774,1,0.0,9,0,0,0,0,0,0
41.36153274704702,1,0.0,10,0,0,0,0,0,0
42.37500839604763,1,0.0,11,0,0,0,0,0,0
43.38771285803523,1,0.0,12,0,0,0,0,0,0
44.40041081100935,1,0.0,12,0,0,0,0,0,0
45.414190595038235,1,0.0,12,0,0,0,0,0,0
46.421799313044176,1,0.0,4,8,0,0,0,0,8
47.43623233400285,1,0.0,5,0,6,2,0,0,8
48.449769098020624,1,87.0,5,0,1,7,0,0,8
49.46282063104445,1,5.0,5,0,0,7,1,0,8
50.476666517031845,1,93.0,6,1,0,6,0,1,8
51.4902581400238,1,89.0,6,1,1,4,2,0,8
52.50235183001496,1,92.0,8,1,1,3,3,0,8
53.5157404190395,1,91.0,4,0,4,4,0,0,8
54.53247942001326,1,0.0,4,0,1,6,1,0,8
55.5464425040409,1,41.0,3,0,0,7,1,0,8
56.55948381003691,1,86.0,2,0,3,5,0,0,8
57.573604420991614,1,91.0,1,1,3,4,0,0,8
58.58690752001712,1,2.0,3,0,1,7,0,0,8
59.596304325037636,1,43.0,5,0,0,8,0,0,8
60.610076692013536,1,92.0,5,0,0,8,0,0,8
61.623740737035405,1,91.0,5,0,0,8,0,0,8
62.63710600801278,1,37.0,5,0,0,8,0,0,8
63.65062740002759,1,94.0,4,1,0,5,2,0,8
64.66493881400675,1,44.0,3,1,1,5,1,0,8
65.67808774503646,1,4.0,2,2,0,6,0,0,8
66.69021678704303,1,0.0,3,0,0,8,0,0,8
67.70199935499113,1,10.0,2,0,1,7,0,0,8
68.7161450110143,1,94.0,2,0,0,8,0,0,8
69.7303370939917,1,0.0,0,0,1,6,1,0,8
70.74419465003302,1,79.0,0,0,1,5,0,0,6
71.75605621602153,1,79.0,0,0,0,6,0,0,6
72.76957379904343,1,89.0,0,0,0,6,0,0,6
73.7828342980356,1,34.0,0,0,0,4,0,0,4
74.79487887903815,1,92.0,0,0,0,2,0,0,2
75.80495575704845,2,0.0,0,0,0,1,0,0,1
76.81817188602872,2,0.0,0,0,0,0,0,0,0
77.83161881804699,2,0.0,0,0,0,0,0,0,0
78.8455727880355,2,5.0,0,1,0,0,0,0,1
79.85891663603252,3,2.3333333333333335,0,0,1,0,0,0,1
80.87082411302254,3,33.0,0,0,0,1,0,0,1
81.88499101402704,4,17.25,0,0,1,1,0,0,2
82.89944402500987,4,1.75,0,3,2,1,0,0,6
83.91377055901103,4,9.5,0,2,1,3,0,0,6
84.92686944804154,4,28.5,0,0,3,3,0,0,6
85.9391266850289,4,26.25,0,0,3,3,0,0,6
86.9485068860231,4,7.75,0,1,3,3,0,0,7
87.96252257499145,4,8.25,0,1,2,4,0,0,7
88.97723354399204,4,4.25,0,1,3,4,0,0,8
89.98839027702343,4,12.5,0,1,2,5,0,0,8
91.00321908300975,4,3.75,0,0,1,7,0,0,8
92.01784578099614,4,29.5,2,0,0,8,0,0,8
93.0329093800392,4,25.75,3,0,0,8,0,0,8
94.04555188602535,4,30.5,3,0,0,7,1,0,8
95.05929437401937,4,26.5,3,3,0,5,0,0,8
96.0737367059919,4,30.25,3,0,1,7,0,0,8
97.08760432101553,4,3.0,4,0,1,7,0,0,8
98.10097242804477,4,0.5,6,0,0,8,0,0,8
99.11459510301938,4,32.0,4,2,0,6,0,0,8
100.12850021902705,4,13.75,4,1,2,5,0,0,8
101.1425189760048,4,5.25,4,0,2,6,0,0,8
102.1564357689931,4,31.25,3,1,0,6,0,1,8
103.16708903200924,4,29.25,0,3,2,6,0,0,11
104.18052944401279,4,28.0,0,2,4,4,0,2,12
105.19237789302133,4,31.75,0,1,4,6,0,0,11
106.20579278899822,4,23.0,0,0,3,9,0,0,12
107.21898136602249,4,24.0,0,0,0,12,0,0,12
108.23486633499851,4,44.75,0,1,0,7,1,0,9
109.2491510050022,4,45.75,0,1,1,7,0,1,10
110.26183868502267,4,36.5,0,0,2,6,0,0,8
111.27726288704434,4,29.0,0,0,1,6,0,0,7
112.2908981530345,4,22.75,0,0,0,6,0,0,6
113.30461855302565,4,21.5,0,0,0,2,0,0,2
114.31880806700792,4,22.75,0,0,0,0,0,0,0
115.33188074303325,4,1.25,0,0,0,0,0,0,0
116.34492744901218,4,0.0,0,1,0,0,0,0,1
117.35809476999566,4,23.0,0,0,0,1,0,0,1
118.37164522102103,4,21.5,0,1,0,1,0,0,2
119.38500498404028,4,11.0,0,2,0,2,0,0,4
120.39758620603243,4,22.5,0,1,1,1,0,0,3
121.4113087800215,4,23.5,0,0,1,2,0,0,3
122.4248475219938,4,35.75,0,0,1,2,0,0,3
123.43825014401227,4,22.5,0,0,0,2,0,0,2
124.45203485700767,4,38.25,0,1,0,2,0,0,3
125.46604990004562,4,0.0,0,0,0,1,0,0,1
126.47996533702826,4,23.0,0,1,0,1,0,0,2
127.49369607400149,4,44.25,0,0,1,2,0,0,3
128.50784624402877,4,46.5,0,0,1,2,0,0,3
129.52142699004617,4,46.0,0,0,1,2,0,0,3
130.52850906399544,4,45.25,0,0,1,1,0,0,2
131.54250862303888,4,21.75,0,0,0,1,0,0,1
132.55582292500185,4,23.0,0,0,1,2,0,0,3
133.5696930109989,4,39.25,0,0,0,3,1,0,4
134.58387215604307,4,22.5,1,0,0,2,1,0,3
135.59839061304228,4,23.25,0,3,0,1,0,0,4
136.61021770100342,4,32.75,1,1,0,2,0,1,4
137.62418179999804,4,17.0,0,0,2,1,1,0,4
138.63788024202222,4,0.0,0,0,2,0,0,1,3
139.6497657400323,4,0.0,0,1,2,0,0,0,3
140.70191431604326,4,1.25,0,0,1,2,0,0,3
141.74055365403183,4,18.5,0,1,0,2,0,1,4
142.75264843704645,4,10.75,1,3,0,2,0,0,5
143.7663058260223,4,37.5,0,2,1,5,0,0,8
144.78049552999437,4,21.0,0,0,3,5,1,0,9
145.79250892304117,4,45.5,0,0,1,7,0,0,8
146.8067457129946,4,22.25,0,0,1,5,0,0,6
147.82054433703888,4,19.25,0,1,1,3,0,1,6
148.83449316601036,4,8.0,0,1,1,3,0,0,5
149.84842938702786,4,22.75,0,0,0,5,0,0,5
150.8619727140176,4,22.5,0,0,0,4,0,0,4
151.87585290602874,4,22.25,0,0,0,3,0,0,3
152.8893087930046,4,23.0,1,0,0,3,0,0,3
153.90210053999908,4,8.25,0,1,1,3,0,0,5
154.9130558129982,4,28.0,0,2,0,4,0,0,6
155.926016241021,4,45.75,0,0,1,5,0,0,6
156.9402903020382,4,25.0,1,2,0,3,0,1,6
157.95192036300432,4,45.75,0,3,0,3,0,1,7
158.96428293100325,4,23.5,0,0,1,5,0,0,6
159.97528345504543,4,25.75,0,1,1,3,0,1,6
160.98981680202996,4,51.5,0,0,1,2,2,0,5
162.00138394802343,4,45.5,1,0,1,2,0,2,5
163.0110260680085,4,22.0,0,3,0,2,0,0,5
164.02502201404423,4,22.5,0,1,1,3,0,1,6
165.03902147500776,4,47.75,0,0,1,3,1,0,5
166.05308869399596,4,23.5,1,0,1,1,0,3,5
167.06631926901173,4,23.5,0,0,1,1,0,0,2
168.0787818370154,4,23.25,0,1,1,1,0,0,3
169.09284343203763,4,22.5,0,1,0,2,0,0,3
170.10479674400995,4,44.5,0,3,0,2,0,1,6
171.11827723303577,4,46.25,0,0,0,4,0,0,4
172.13194912602194,4,36.75,0,0,0,3,0,0,3
173.14268077502493,4,23.25,0,0,0,3,0,0,3
174.1562005490414,4,33.0,0,0,0,2,0,1,3
175.1685834240052,4,45.25,0,0,0,2,0,0,2
176.1822772200103,4,45.5,1,0,0,0,2,0,2
177.1948531140224,4,0.0,0,2,0,0,0,0,2
178.20859702804592,4,0.0,0,0,1,1,0,0,2
179.21997556003043,4,23.0,0,2,0,2,0,0,4
180.23364716104697,4,12.5,0,3,0,3,0,0,6
181.24800610303646,4,44.0,0,1,1,5,0,0,7
182.26107683504233,4,70.5,0,0,1,6,0,0,7
183.27564903802704,4,69.0,0,0,1,5,0,1,7
184.28787646204,4,32.75,0,1,0,4,1,0,6
185.3017823730479,4,68.0,0,1,1,4,0,0,6
186.31523319904227,4,66.5,0,0,1,4,0,0,5
187.32864503003657,4,12.0,0,0,0,5,0,0,5
188.34251531900372,4,41.75,0,0,0,2,1,1,4
189.35634413699154,4,45.5,0,2,0,2,0,0,4
190.37017611099873,4,32.0,0,2,0,2,0,0,4
191.381739569013,4,33.5,0,2,0,4,0,0,6
192.3937081680051,4,55.75,0,2,0,3,1,0,6
193.40503958199406,4,68.5,3,2,0,2,2,0,6
194.41906139900675,4,46.0,0,3,1,3,0,0,7
195.4322422129917,4,23.25,0,2,1,4,0,0,7
196.4415483730263,4,29.0,0,1,3,3,0,0,7
197.4551059450023,4,23.0,0,0,3,3,0,0,6
198.46840180404251,4,0.0,1,0,2,4,0,0,6
199.4772432410391,4,26.0,0,1,1,4,0,0,6
200.4898679710459,4,45.5,0,0,1,5,0,0,6
201.50378017302137,4,47.0,1,0,1,5,0,0,6
202.51780332502676,4,35.0,0,2,1,2,3,0,8
203.53152022103313,4,23.5,0,0,3,2,0,0,5
204.54547108401312,4,0.0,1,0,2,3,0,0,5
205.56036698701791,4,0.0,0,3,2,1,1,0,7
206.5740944040008,4,42.75,0,0,2,4,0,0,6
207.58796781301498,4,23.75,0,1,1,4,0,1,7
208.60160966904368,4,22.75,0,0,1,4,0,0,5
209.61590213002637,4,22.5,0,0,1,3,0,0,4
210.63611653703265,4,23.5,0,0,1,2,1,0,4
211.65008364099776,4,44.75,0,0,0,1,0,0,1
212.6638613640098,4,22.75,0,0,0,1,0,0,1
213.67760766402353,4,13.5,0,1,0,1,0,0,2
214.691112850036,4,0.0,0,0,1,2,0,0,3
215.70468348899158,4,23.25,1,2,1,1,0,1,5
216.71651449304773,4,0.25,0,3,1,2,0,0,6
217.72794382600114,4,44.0,0,0,2,4,0,0,6
218.74173154501477,4,31.0,0,1,1,5,0,0,7
219.75176255701808,4,40.5,0,2,1,2,0,1,6
220.76573302503675,4,14.5,0,2,1,4,0,0,7
221.77855385199655,4,43.25,0,0,1,5,0,0,6
222.79294882103568,4,45.25,0,2,0,5,1,0,8
223.80708678101655,4,45.25,0,3,0,5,1,0,9
224.8191670140368,4,45.25,0,2,1,4,0,1,8
225.8328009310062,4,23.75,0,1,1,5,0,1,8
226.8461619860027,4,32.0,1,0,1,5,0,0,6
227.85885986802168,4,0.0,0,1,1,4,0,0,6
228.8730463590473,4,23.0,0,1,2,2,0,1,6
229.88648872001795,4,24.0,0,1,1,2,1,0,5
230.90054358000634,4,22.25,0,1,0,1,0,3,5
231.91403863899177,4,0.0,0,1,1,1,0,0,3
232.92467898799805,4,23.25,0,2,1,2,0,0,5
233.93557310500182,4,39.0,0,2,1,1,0,0,4
234.94767532800324,4,0.0,0,2,1,2,0,0,5
235.96020793903153,4,22.25,0,1,1,2,1,0,5
236.97392660204787,4,46.25,0,2,2,2,0,0,6
237.98813941999106,4,22.25,0,4,1,3,0,0,8
239.00117759901332,4,16.5,0,3,1,3,0,0,7
240.0150001650327,4,22.75,1,3,1,3,0,0,7
241.0291646430269,4,2.5,0,1,2,5,0,0,8
242.04312880302314,4,0.0,0,0,2,6,0,0,8
243.05639823101228,4,19.5,0,0,2,5,1,0,8
244.06840154103702,4,0.0,0,1,1,5,0,1,8
245.0826299850014,4,8.0,0,1,1,6,0,0,8
246.09923684899695,4,4.5,0,2,0,6,0,0,8
247.11662540002726,4,30.5,0,2,1,6,0,1,10
248.1278435770073,4,23.5,0,1,1,7,1,0,10
249.14200072002131,4,67.75,0,0,1,6,1,0,8
250.1557146810228,4,67.5,0,0,1,4,1,0,6
251.1693968870095,4,69.0,1,0,1,1,4,0,6
252.18351839104434,4,22.25,0,1,1,0,1,1,4
253.1966823990224,4,0.0,0,0,1,2,0,0,3
254.21021133702016,4,5.0,0,1,1,1,0,0,3
255.2236744610127,4,35.25,0,0,1,2,0,0,3
256.2372282050201,4,0.0,0,1,0,3,0,0,4
257.25084908201825,4,22.5,0,0,1,1,0,0,2
258.2648043860099,4,24.5,0,0,0,2,0,0,2
259.2783766130451,4,35.75,0,0,0,1,1,0,2
260.29115856904536,4,22.0,0,3,0,1,0,1,5
261.31382372800726,4,0.0,0,1,3,0,0,0,4
262.3389899030444,4,22.25,0,0,1,4,0,0,5
263.36011214501923,4,28.75,0,0,1,2,1,1,5
264.37443654902745,4,19.75,0,0,0,3,0,0,3
265.3988904680009,4,17.25,0,0,0,3,0,0,3
266.41236477700295,4,13.25,0,0,0,3,0,0,3
267.4262263190467,4,22.75,0,0,0,1,0,0,1
268.4370209350018,4,0.0,0,1,0,1,0,0,2
269.4480821750476,4,0.0,0,0,0,2,0,0,2
270.45931738003856,4,41.5,0,2,0,2,0,0,4
271.470697545039,4,22.5,1,2,0,1,1,0,4
272.4842659000424,4,23.0,5,1,0,1,2,0,4
273.49799826100934,4,21.75,0,6,1,1,0,0,8
274.5098338800017,4,19.5,0,0,4,3,0,0,7
275.5234052760061,4,67.5,0,0,4,2,0,0,6
276.5373179370072,4,47.5,0,0,4,2,0,0,6
277.55150294699706,4,26.75,0,0,3,1,2,0,6
278.56401910999557,4,22.75,0,0,2,2,0,2,6
279.57737698499113,4,0.0,0,0,1,3,0,0,4
280.590721368033,4,15.0,0,0,1,3,0,0,4
281.60426215000916,4,0.75,1,0,0,4,0,0,4
282.6179038550472,4,23.75,0,2,0,4,0,0,6
283.6316237390274,4,30.5,0,0,1,4,1,0,6
284.645413974009,4,22.75,0,1,1,1,0,0,3
285.6595212580287,4,6.0,1,1,1,1,0,0,3
286.66664555401076,4,0.0,0,2,1,0,0,1,4
287.68491991999326,4,0.0,0,2,1,1,0,0,4
288.69175495003583,4,2.0,0,0,0,4,0,0,4
289.70511559402803,4,46.5,0,0,0,4,0,0,4
290.7189564820146,4,22.25,0,1,0,4,0,0,5
291.7277016500011,4,50.75,0,0,0,5,0,0,5
292.7416028880398,4,23.25,0,0,0,5,0,0,5
293.75527182000224,4,68.5,0,0,0,3,1,0,4
294.76965012802975,4,1.0,0,0,0,0,0,0,0
295.7844291719957,4,0.0,0,2,0,0,0,0,2
296.79873600200517,4,0.0,0,1,2,0,0,0,3
297.812828802038,4,43.0,0,0,0,3,0,0,3
298.826641933003,4,68.25,0,1,0,2,0,0,3
299.8379216840258,4,46.5,1,1,0,2,0,0,3
300.852480016998,4,22.75,2,1,0,1,1,0,3
301.86679447302595,4,0.0,0,3,1,1,0,0,5
302.87846642400837,4,37.0,0,1,0,4,0,0,5
303.8937984580407,4,45.0,0,0,0,4,1,0,5
304.9078246530262,4,23.75,0,1,0,3,0,0,4
305.91479353501927,4,22.0,0,1,1,3,0,0,5
306.9285209940281,4,0.0,0,2,1,2,0,0,5
307.9432057160302,4,21.25,3,2,1,2,0,0,5
308.95293137204135,4,23.75,0,5,1,1,0,0,7
309.9650827140431,4,22.5,0,2,4,0,0,1,7
310.98077821702464,4,0.0,0,4,4,0,0,0,8
311.9945454620174,4,23.75,1,2,3,2,1,0,8
313.0099954699981,4,46.0,3,2,3,1,1,1,8
314.02373962203274,4,22.25,0,8,2,2,0,0,12
315.0378386420198,4,22.5,0,9,1,3,0,0,13
316.05042969301576,4,16.0,0,3,5,5,0,0,13
317.064701899013,4,40.5,0,1,4,7,1,0,13
318.07842030201573,4,68.75,2,1,2,7,2,1,13
319.092344898032,4,90.75,2,1,2,6,1,3,13
320.1061306890333,4,21.0,1,2,3,6,0,2,13
321.11774348904146,4,52.0,0,7,2,5,0,0,14
322.1331455290201,4,23.0,3,9,1,6,0,0,16
323.14502298203297,4,22.75,0,11,3,4,0,3,21
324.1582667560433,4,17.5,5,9,4,5,2,2,22
325.17215793801006,4,46.0,6,7,3,7,1,4,22
326.1852964319987,4,45.0,0,15,3,5,0,3,26
327.1974757190328,4,25.25,0,15,3,6,0,0,24
328.211831299006,4,0.0,0,6,9,8,0,1,24
329.2264738579979,4,22.25,4,6,7,6,4,1,24
330.2400154329953,4,45.5,4,1,11,4,5,3,24
331.25426714104833,4,23.25,0,5,11,4,0,8,28
332.2601850150386,4,22.75,1,5,9,5,1,3,23
333.27375973400194,4,47.0,2,5,9,5,1,3,23
334.2865912200068,4,69.5,0,11,8,2,0,5,26
335.2981989890104,4,41.75,0,11,8,1,0,0,20
336.3106330920127,4,0.0,0,13,8,0,1,0,22
337.32140009099385,4,0.0,1,13,8,0,1,0,22
338.3351030329941,4,0.0,0,14,7,1,0,0,22
339.34691260103136,4,12.0,0,5,16,1,0,1,23
340.36085611599265,4,0.0,0,5,11,8,0,0,24
341.3750744530116,4,22.0,5,5,11,5,3,0,24
342.3885712019983,4,46.0,5,5,11,3,2,3,24
343.39801629801514,4,44.25,0,11,11,2,1,5,30
344.4063536770409,4,22.5,2,11,9,4,1,4,29
345.4199167600018,4,68.5,3,11,9,2,3,4,29
346.4339568029973,4,46.25,3,11,9,1,3,1,25
347.44782300502993,4,23.0,0,15,9,1,0,2,27
348.4642953170114,4,11.5,0,18,6,3,0,0,27
349.4777375290287,4,0.75,1,18,6,2,1,0,27
350.49166469601914,4,32.75,2,23,5,1,0,3,32
351.5057327860268,4,0.0,0,25,5,0,0,0,30
352.51722844602773,4,0.0,0,27,4,1,0,0,32
353.52770272799535,4,6.0,1,27,4,0,1,0,32
354.5628071160172,4,0.0,7,27,4,0,0,1,32
355.5761031550355,4,0.0,8,27,4,0,0,1,32
356.590982144,4,0.0,12,27,3,1,0,1,32
357.60844827000983,4,0.0,14,26,5,1,0,0,32
358.62793432804756,4,1.25,15,14,17,1,0,0,32
359.6426197750261,4,0.0,16,7,16,9,0,0,32
360.65623413102,4,48.0,22,5,13,10,4,0,32
361.67011799500324,4,68.75,25,5,12,7,8,0,32
362.68397217802703,4,68.75,31,2,14,4,3,9,32
363.6979199690395,4,0.0,33,6,14,4,1,7,32
364.70878591004293,4,46.0,36,6,14,2,3,7,32
365.7224397030077,4,23.0,35,7,14,0,5,6,32
366.73714996199124,4,0.0,31,11,13,1,0,7,32
367.7501533550094,4,0.0,31,11,13,1,0,7,32
368.7642011460266,4,23.25,29,13,12,1,1,5,32
369.77790342102526,4,23.25,30,13,12,1,1,5,32
370.7917310380144,4,23.0,31,13,12,1,0,6,32
371.80311858904315,4,0.0,26,18,11,2,0,1,32
372.81514902500203,4,33.25,28,19,9,3,0,1,32
373.82802133704536,4,0.0,28,14,13,4,0,1,32
374.8418785360409,4,45.5,28,14,12,5,0,1,32
375.8559394800104,4,68.75,29,12,12,5,2,1,32
376.87008415104356,4,47.25,29,7,15,3,4,2,31
377.8829783149995,4,22.25,30,3,18,5,0,6,32
378.8942754470045,4,24.25,30,2,16,7,1,6,32
379.90828458499163,4,45.5,30,2,14,9,1,6,32
380.9217748520314,4,69.0,31,2,14,3,5,8,32
381.936865463038,4,59.75,26,8,12,4,0,8,32
382.9439837480313,4,0.0,25,9,12,4,0,7,32
383.9570156430127,4,46.0,25,9,12,3,1,7,32
384.9786106480169,4,45.75,25,9,12,1,3,7,32
386.0570561950444,4,13.5,25,9,12,1,3,7,32
387.0690093529993,4,3.25,25,9,12,1,0,6,28
388.0783620760194,4,0.0,19,16,11,2,0,3,32
389.0924145739991,4,9.75,18,19,9,1,1,2,32
390.10611408704426,4,23.0,19,19,9,1,1,2,32
391.12012749700807,4,23.0,19,19,9,0,0,2,30
392.1331635109964,4,0.0,17,21,9,0,0,2,32
393.14700128504774,4,0.75,17,21,8,1,0,2,32
394.16113079799106,4,0.0,20,21,8,0,1,2,32
395.17507643200224,4,3.0,19,22,6,2,1,0,31
396.1875397179974,4,0.0,21,21,8,2,0,1,32
397.2020199930412,4,0.0,22,8,21,2,0,1,32
398.2157194610336,4,19.25,24,5,11,12,3,1,32
399.22950448602205,4,89.5,25,5,11,2,13,1,32
400.2437397839967,4,45.0,28,5,11,2,10,4,32
401.2575640419964,4,22.25,27,6,10,2,0,14,32
402.271982286009,4,22.25,25,10,9,2,0,11,32
403.285775115015,4,0.0,17,16,10,5,0,1,32
404.2999807590386,4,38.75,17,16,8,5,2,1,32
405.3137588960235,4,90.25,17,16,8,4,3,1,32
406.3259706440149,4,90.25,18,14,11,4,0,3,32
407.33872902201256,4,0.0,18,14,9,6,0,3,32
408.3522155560204,4,45.0,19,17,7,7,0,1,32
409.3634769220371,4,42.5,21,17,7,5,2,1,32
410.37710084504215,4,68.0,24,17,7,1,6,1,32
411.3869813370402,4,23.0,24,15,7,4,0,6,32
412.40117636002833,4,0.0,25,6,16,4,0,6,32
413.41392340004677,4,0.0,21,7,9,14,0,2,32
414.42563292599516,4,86.25,19,9,8,13,2,0,32
415.4362932930235,4,69.5,19,9,8,10,5,0,32
416.4537661060458,4,69.25,19,9,8,8,7,0,32
417.4653921400313,4,45.75,19,9,8,7,0,8,32
418.47922594100237,4,7.5,12,18,8,3,0,3,32
419.50015476404224,4,0.0,9,21,8,2,1,0,32
420.5102495130268,4,0.0,11,21,8,2,1,0,32
421.52398784202524,4,23.25,15,21,7,1,3,0,32
422.5368837210117,4,47.5,15,18,7,1,6,0,32
423.55007161403773,4,20.0,16,7,11,8,0,6,32
424.56056937604444,4,0.0,16,3,15,7,1,6,32
425.5747591610416,4,0.75,11,5,7,16,1,3,32
426.5883387750364,4,45.75,11,5,7,12,5,3,32
427.6018829130335,4,91.0,11,5,7,7,10,3,32
428.6156718940474,4,92.5,9,8,6,8,0,10,32
429.6271020100103,4,7.75,10,9,6,7,1,9,32
430.64128992299084,4,23.25,3,18,6,7,0,1,32
431.65328879404115,4,51.0,3,19,5,8,0,0,32
432.66441469604615,4,68.0,4,19,5,5,3,0,32
433.678398885997,4,45.25,5,19,5,5,0,3,32
434.6922341079917,4,23.0,5,19,3,6,1,3,32
435.70606196299195,4,23.5,2,18,7,5,0,2,32
436.72015106503386,4,0.0,2,7,18,5,0,2,32
437.7329168340075,4,46.0,3,5,13,9,4,1,32
438.7483775240253,4,69.25,6,5,9,6,11,1,32
439.75922010303475,4,45.75,7,5,9,3,14,1,32
440.77231473702705,4,35.25,8,5,8,4,0,15,32
441.7842565810424,4,0.0,0,11,11,3,0,5,30
442.79819442203734,4,22.75,2,11,10,4,0,5,30
443.8111533180345,4,1.0,5,11,9,3,2,4,29
444.8180354880169,4,23.75,5,11,9,1,4,4,29
445.82782714400673,4,0.0,5,13,9,0,5,4,31
446.8419619470369,4,0.0,1,16,10,1,0,5,32
447.8539828369976,4,0.0,0,17,10,1,0,2,30
448.8682154850103,4,0.0,0,17,10,1,0,1,29
449.87849870702485,4,0.0,1,17,9,2,0,1,29
450.89183099003276,4,23.75,1,17,9,2,0,1,29
451.9034325380344,4,22.5,3,17,9,1,1,0,28
452.9157840030384,4,23.25,3,21,9,1,0,1,32
453.93019790702965,4,0.0,4,21,9,1,0,1,32
454.9440268400358,4,22.75,3,22,7,3,0,0,32
455.9582160229911,4,0.0,3,22,7,3,0,0,32
456.9682538890047,4,3.75,5,22,7,1,2,0,32
457.98067740903934,4,23.0,7,22,7,1,2,0,32
458.993937354011,4,23.0,8,22,7,1,0,2,32
460.00609325704863,4,0.0,7,23,7,1,0,1,32
461.01794438104844,4,0.0,6,24,7,1,0,0,32
462.03216808702564,4,20.5,6,24,7,0,1,0,32
463.0452073520282,4,0.0,7,24,7,0,1,0,32
464.0583535270416,4,0.0,8,24,7,0,0,1,32
465.07289893500274,4,0.0,8,24,7,0,0,1,32
466.08699150104076,4,0.0,9,24,5,2,0,1,32
467.1009084650432,4,22.75,8,25,5,2,0,0,32
468.1148066530004,4,0.0,9,25,5,2,0,0,32
469.1291483020177,4,46.0,9,25,5,1,1,0,32
470.14309326099465,4,23.0,9,25,5,1,0,1,32
471.15708760300186,4,0.0,11,20,10,1,0,1,32
472.169428505993,4,0.0,11,11,18,3,0,0,32
473.1816445750301,4,0.0,11,5,15,12,0,0,32
474.1950727709918,4,70.25,11,5,9,10,8,0,32
475.2078323769965,4,91.5,11,3,10,8,11,0,32
476.2215785890003,4,70.75,11,2,10,8,0,12,32
477.23371765203774,4,0.0,5,8,9,8,0,7,32
478.2470888160169,4,46.5,0,13,7,10,0,0,30
479.26093786302954,4,45.5,0,13,5,12,0,0,30
480.2747671120451,4,69.25,1,13,5,8,4,0,30
481.28630296199117,4,54.5,1,13,5,3,9,0,30
482.299892028037,4,30.5,3,12,5,2,6,5,30
483.3112953180098,4,25.0,3,7,10,4,0,11,32
484.32318024500273,4,47.0,2,5,11,7,0,7,30
485.33818452304695,4,68.0,0,7,9,8,0,3,27
486.3497977399966,4,24.0,1,7,8,8,0,3,26
487.3615673420136,4,91.5,3,7,8,6,2,1,24
488.37292741204146,4,68.25,4,7,8,4,4,1,24
489.3837671810179,4,49.75,0,13,7,3,0,4,27
490.396192566026,4,28.0,1,14,5,3,0,3,25
491.4100593290059,4,3.75,0,15,5,3,0,0,23
492.4189881210332,4,0.0,0,11,10,3,1,0,25
493.4326251689927,4,22.75,0,6,13,3,0,0,22
494.44624678301625,4,24.25,0,6,4,12,0,0,22
495.45222133700736,4,69.0,1,6,4,8,4,0,22
496.46582326403586,4,69.25,2,6,4,7,5,0,22
497.47549204400275,4,46.5,0,5,7,8,0,5,25
498.48657060501864,4,36.0,0,5,4,11,0,0,20
499.50028046104126,4,48.25,0,4,5,10,0,1,20
500.51209284504876,4,3.75,0,4,3,11,0,0,18
501.524063141027,4,46.25,0,1,5,9,0,2,17
502.5351560850395,4,3.25,0,1,3,9,2,2,17
503.5452255270211,4,68.5,0,1,3,4,7,2,17
504.55869841901585,4,64.0,1,1,3,2,9,2,17
505.571173310047,4,22.5,1,1,3,1,0,10,15
506.58322351402603,4,0.5,0,4,3,1,0,7,15
507.6481004669913,4,25.0,0,5,1,3,0,0,9
508.7090856190189,4,0.0,0,5,1,3,0,0,9
509.72208004799904,4,23.25,0,6,1,3,0,0,10
510.7347238800139,4,24.0,0,3,2,4,0,1,10
511.74561517703114,4,22.5,0,2,2,5,0,0,9
512.7594482790446,4,39.0,0,1,1,7,0,0,9
513.7720636650338,4,69.0,0,1,1,6,1,0,9
514.7854936310323,4,69.5,0,1,1,5,2,0,9
515.80018079601,4,45.75,0,0,1,5,3,0,9
516.8134923010366,4,22.75,0,2,1,4,0,1,8
517.8270557310316,4,45.75,0,2,1,2,0,0,5
518.8410057030269,4,0.0,0,2,2,2,0,0,6
519.8547079430427,4,38.75,0,0,3,2,1,0,6
520.868734305026,4,25.0,0,0,2,3,0,1,6
521.8793946020305,4,59.5,0,0,0,4,0,0,4
522.8915826880257,4,43.5,0,0,0,4,0,0,4
523.9058119440451,4,69.25,0,2,0,3,0,0,5
524.9200099850423,4,23.75,0,2,0,2,0,0,4
525.9312081499957,4,45.5,1,2,0,1,1,0,4
526.9430253090104,4,22.75,3,2,0,0,2,0,4
527.9555983250029,4,0.0,0,5,0,0,0,2,7
528.9694197089993,4,0.0,0,3,2,0,0,1,6
529.9799241080182,4,1.0,0,1,2,2,0,0,5
530.9928102240083,4,0.0,0,1,2,3,0,0,6
532.0064148280071,4,0.0,0,2,2,3,0,1,8
533.0181070300168,4,22.75,0,2,1,2,2,0,7
534.0305154930102,4,35.0,0,1,2,3,0,1,7
535.0435271790484,4,61.5,0,1,2,2,1,0,6
536.0550138870021,4,45.75,3,1,0,3,2,0,6
537.0685247000074,4,46.75,3,1,0,3,2,0,6
538.0821912960382,4,45.75,0,6,0,3,0,1,10
539.0910886030179,4,23.5,0,5,2,2,0,0,9
540.1050025580334,4,21.75,0,4,4,3,0,0,11
541.1182871460333,4,23.25,0,2,5,3,0,1,11
542.1279337580199,4,7.75,0,2,4,3,1,0,10
543.1392000649939,4,45.75,0,2,4,3,1,0,10
544.1531709950068,4,46.0,1,2,4,3,1,0,10
545.163725024031,4,8.25,0,2,5,1,0,3,11
546.1772028150153,4,0.75,0,1,2,5,0,2,10
547.1940118560451,4,39.5,0,1,2,4,0,1,8
548.2058090550127,4,45.5,0,1,2,4,0,1,8
549.2199953880045,4,68.75,0,1,1,3,0,0,5
550.2336936609936,4,41.75,0,0,2,3,0,0,5
551.247833461035,4,45.75,1,0,2,1,1,1,5
552.2614462220226,4,0.0,1,0,2,0,2,1,5
553.2717631200212,4,0.0,2,0,2,0,2,1,5
554.2837816480314,4,0.0,0,2,3,0,0,1,6
555.3089580840315,4,0.75,0,1,3,1,0,0,5
556.3200409430428,4,23.0,1,2,3,2,0,0,7
557.3304054909968,4,30.5,0,4,2,3,0,0,9
558.3412728550029,4,24.0,0,1,3,5,0,0,9
559.3552653980441,4,24.25,0,2,2,5,0,0,9
560.3667323960108,4,23.75,0,3,0,7,0,0,10
561.3800446740352,4,69.25,1,3,0,6,1,0,10
562.3946378880064,4,92.0,3,3,0,5,2,0,10
563.4080503760488,4,68.5,3,3,0,1,6,0,10
564.4147755700396,4,23.25,0,6,1,0,0,7,14
565.4286488530342,4,0.0,0,4,1,2,0,4,11
566.4398158930126,4,27.5,0,2,2,3,0,0,7
567.454032772046,4,25.0,0,2,2,5,0,0,9
568.4652169960318,4,30.0,0,2,1,7,0,0,10
569.4765289990464,4,0.75,0,4,2,7,0,0,13
570.4899015210103,4,69.0,0,3,1,9,0,0,13
571.5025313280057,4,68.5,0,0,3,10,0,0,13
572.5158697430161,4,47.75,0,0,0,11,1,0,12
573.5290087400354,4,22.75,1,0,0,9,3,0,12
574.5427441450302,4,22.5,2,0,0,8,4,0,12
575.5506865979987,4,69.25,4,0,0,5,7,0,12
576.5644657280063,4,23.25,5,0,0,4,0,8,12
577.5780898770317,4,23.25,1,8,0,3,1,5,17
578.5897094740067,4,23.25,0,5,5,3,0,0,13
579.6035582530312,4,17.75,0,2,8,4,0,0,14
580.6179328990402,4,1.0,0,3,7,2,0,3,15
581.6290774010122,4,0.0,0,3,6,3,0,0,12
582.642962176993,4,23.0,1,3,6,1,2,0,12
583.6567097020452,4,22.25,3,3,6,1,2,0,12
584.6707038549939,4,22.25,4,3,5,2,0,2,12
585.6843112980132,4,22.5,0,7,5,1,0,3,16
586.6984152370133,4,7.25,1,6,5,0,2,1,14
587.7144842169946,4,0.0,0,3,6,3,0,2,14
588.7216734770336,4,23.75,0,2,7,4,0,0,13
589.7356486780336,4,61.25,0,3,5,6,0,0,14
590.7468516310328,4,33.5,0,3,2,9,0,0,14
591.7611369690276,4,45.5,1,2,2,6,3,1,14
592.7710429060389,4,69.25,2,2,1,6,4,1,14
593.7844905820093,4,70.0,2,2,1,6,4,1,14
594.7983207540237,4,45.0,3,2,1,4,3,3,13
595.8108225060278,4,0.0,0,4,2,3,0,5,14
596.8362460930366,4,0.0,0,2,1,4,0,0,7
597.8482897960348,4,23.5,0,0,3,4,0,0,7
598.8622924200026,4,0.0,0,1,3,2,0,2,8
599.8747714280034,4,22.25,0,0,2,3,0,0,5
600.8878606689977,4,0.0,0,2,0,5,0,0,7
601.8999150129966,4,0.0,0,3,1,5,0,0,9
602.9114779650117,4,27.75,0,0,4,5,0,0,9
603.9249803500134,4,69.25,0,0,4,5,0,0,9
604.9393798550009,4,45.25,0,0,4,4,1,0,9
605.952995626023,4,45.25,0,0,4,3,2,0,9
606.9672892810195,4,37.0,0,1,2,2,0,0,5
607.9798948250245,4,23.25,0,1,2,1,0,0,4
608.9928933220217,4,22.75,0,1,2,2,0,0,5
610.0068930319976,4,33.75,0,2,0,4,0,0,6
611.0206120920484,4,23.0,1,3,1,4,0,0,8
612.0310917320312,4,62.0,0,1,3,3,1,0,8
613.044954069017,4,68.75,0,0,0,7,0,0,7
614.0580188159947,4,91.5,0,0,0,4,0,0,4
615.0702882350306,4,21.0,0,0,0,3,1,0,4
616.0841742510092,4,23.5,0,2,0,3,0,1,6
617.0980211159913,4,23.0,0,1,1,2,0,0,4
618.1116253370419,4,46.5,1,1,1,1,1,0,4
619.1230653640232,4,0.0,1,1,1,0,2,0,4
620.1362141710124,4,0.0,1,1,1,0,2,0,4
621.1500379340141,4,0.0,1,1,1,0,2,0,4
622.1640802870388,4,0.0,0,2,2,0,0,2,6
623.1779161290033,4,0.0,0,3,4,0,0,0,7
624.1904119900428,4,0.0,0,3,4,0,0,0,7
625.204309777997,4,0.75,0,2,6,1,0,0,9
626.2193139840383,4,23.25,0,0,3,6,0,0,9
627.2307582750218,4,68.0,0,0,1,8,0,0,9
628.2438875230146,4,92.75,0,0,1,4,0,2,7
629.2839502110146,4,23.0,0,0,0,4,1,1,6
630.4021055950434,4,19.75,1,0,0,3,2,1,6
631.4142637840123,4,12.0,2,0,0,2,3,1,6
632.4312695100089,4,26.25,1,3,0,0,0,3,6
633.4451490810025,4,0.0,0,4,0,0,0,0,4
634.4575877790339,4,20.25,1,3,1,2,0,0,6
635.4667858190369,4,44.5,1,3,1,1,1,0,6
636.4795867840294,4,23.75,1,3,1,0,2,0,6
637.4954927600338,4,0.0,2,3,1,0,2,0,6
638.5087506130221,4,0.0,2,3,1,0,2,0,6
639.5229771420127,4,0.0,0,5,1,0,0,1,7
640.5352920360165,4,21.5,0,2,2,3,0,0,7
641.5513909540023,4,22.75,0,0,3,3,1,0,7
642.5609771590098,4,45.5,0,0,2,4,0,1,7
643.5758953660261,4,70.5,0,0,1,4,0,1,6
644.5916498860461,4,63.5,0,0,1,3,0,0,4
645.6015806620126,4,22.75,0,0,1,1,0,1,3
646.622111706005,4,22.5,0,0,1,0,1,1,3
647.6358138920041,4,0.0,0,0,1,0,1,1,3
648.6493414320285,4,0.0,1,0,1,0,1,1,3
649.6635685910005,4,0.0,1,0,1,0,0,2,3
650.6759580480284,4,0.0,0,2,1,0,0,0,3
651.6897862559999,4,22.75,0,1,0,3,0,0,4
652.7022060300224,4,23.0,0,2,0,3,0,0,5
653.7160375140375,4,46.0,0,2,0,3,0,0,5
654.7288424100261,4,23.25,0,2,0,3,0,0,5
655.742638782016,4,35.0,1,0,2,1,1,1,5
656.753489706025,4,0.0,0,2,2,1,0,0,5
657.7669104700326,4,22.75,1,4,2,1,0,0,7
658.7796658290317,4,0.0,1,4,2,2,0,0,8
659.790831018996,4,0.0,0,2,4,3,0,0,9
660.8054791410104,4,54.0,1,1,1,7,0,0,9
661.8182316439925,4,68.0,1,1,1,5,2,0,9
662.8322823890485,4,69.0,1,1,1,3,4,0,9
663.8459308710299,4,69.25,1,1,1,3,4,0,9
664.8605101170251,4,0.0,0,1,2,0,0,2,5
665.8743020190159,4,0.0,0,1,2,2,0,0,5
666.8884338730131,4,45.5,0,1,2,1,0,1,5
667.902975370991,4,22.75,0,1,1,3,0,0,5
668.9167786430335,4,26.5,0,0,2,3,0,0,5
669.9296334310202,4,45.25,0,1,1,4,0,0,6
670.9435525690205,4,22.5,0,2,0,4,0,0,6
671.9573819480138,4,19.5,0,1,0,5,0,0,6
672.9701242400333,4,5.75,0,0,1,3,0,1,5
673.9838759269915,4,45.5,0,0,1,2,1,0,4
674.9982620369992,4,23.25,0,0,1,1,0,0,2
676.0122198540485,4,16.0,0,2,1,1,0,0,4
677.0249883100041,4,20.0,0,1,1,3,0,0,5
678.0387309940415,4,23.5,0,1,0,2,2,0,5
679.0523079720442,4,45.75,1,1,0,0,4,0,5
680.066722120042,4,0.0,1,1,0,0,4,0,5
681.0803497400484,4,0.0,2,1,0,0,4,0,5
682.0945905839908,4,0.0,0,5,1,0,0,2,8
683.1082494049915,4,10.0,0,1,4,2,0,0,7
684.1216411800124,4,0.0,0,2,2,3,1,0,8
685.1351889020298,4,14.75,2,1,2,3,1,1,8
686.1491459140088,4,0.0,0,4,2,3,0,1,10
687.1613015010371,4,30.0,0,4,0,4,0,0,8
688.1749970390229,4,23.0,0,0,2,5,0,0,7
689.1895581310382,4,25.0,0,1,1,5,0,0,7
690.2015571710072,4,0.0,0,2,1,5,0,0,8
691.2155944690458,4,47.75,0,1,1,5,0,1,8
692.2294405960129,4,72.5,0,1,0,4,0,1,6
693.2435608190135,4,23.25,0,1,0,3,0,0,4
694.2558119230089,4,47.0,0,2,0,3,0,0,5
695.2673195070238,4,18.75,2,2,0,2,1,0,5
696.2807258560206,4,45.5,3,2,0,1,2,0,5
697.2944039860158,4,23.5,3,2,0,1,2,0,5
698.318204456009,4,9.75,4,2,0,0,3,0,5
699.3319851900451,4,0.0,0,6,0,0,0,3,9
700.3434191030101,4,0.0,0,6,0,0,0,0,6
701.3571444860427,4,0.0,0,2,4,0,0,0,6
702.3711550350417,4,0.0,0,0,4,2,0,0,6
703.3849485350074,4,23.75,0,0,1,5,0,0,6
704.3946837210096,4,22.75,0,2,1,5,0,0,8
705.4082109160372,4,48.5,0,1,1,5,0,1,8
706.4222548120306,4,45.75,1,1,1,4,0,1,7
707.4414289420238,4,69.5,1,1,1,3,1,1,7
708.4499659260036,4,45.75,2,1,1,1,3,1,7
709.4625091110356,4,0.0,2,1,1,0,4,1,7
710.4765234499937,4,0.0,0,3,2,0,0,4,9
711.490551096038,4,16.0,0,3,0,2,0,0,5
712.5011023280094,4,43.25,0,2,2,3,0,0,7
713.5208423880395,4,13.5,0,3,2,2,1,0,8
714.5316531980061,4,45.0,1,1,2,4,0,1,8
715.5428467020392,4,68.75,0,1,3,2,0,1,7
716.555592935998,4,18.5,0,0,2,3,0,0,5
717.5679971959908,4,22.0,0,1,2,3,0,0,6
718.5785390310339,4,0.0,0,0,2,4,0,0,6
719.592304121994,4,45.0,0,1,1,4,0,0,6
720.6060401130235,4,22.25,0,0,1,4,0,0,5
721.6193872180302,4,0.0,0,0,0,5,0,0,5
722.6332625300274,4,46.0,1,0,0,3,1,1,5
723.6460486400174,4,22.75,0,1,0,1,0,0,2
724.6597364330082,4,0.0,0,2,1,0,0,0,3
725.6738381329924,4,22.5,0,0,1,1,0,0,2
726.6881268240395,4,0.0,0,4,0,2,0,0,6
727.7018084430019,4,23.25,0,5,1,2,0,0,8
728.7138227570103,4,44.75,0,1,2,2,3,0,8
729.7254963500309,4,45.75,1,1,2,2,3,0,8
730.7375319230487,4,46.0,3,1,2,1,4,0,8
731.7509138290188,4,22.25,3,1,2,1,4,0,8
732.7627586380113,4,8.0,0,4,2,1,0,3,10
733.7765161900315,4,23.25,4,4,1,2,0,2,9
734.78771516704,4,25.25,0,10,1,1,0,0,12
735.8017819169909,4,0.0,1,7,6,1,0,0,14
736.8159227200085,4,34.75,0,3,3,8,0,0,14
737.8298137430102,4,55.5,0,1,3,9,0,0,13
738.84398465103,4,46.5,0,2,3,7,0,2,14
739.8579593000468,4,53.75,0,7,2,6,0,1,16
740.8721351090353,4,0.0,0,7,6,6,0,0,19
741.8852755280095,4,46.25,0,7,1,9,2,0,19
742.8987119999947,4,69.25,8,7,1,3,8,0,19
743.9129643640481,4,46.0,13,7,1,1,10,0,19
744.9296347370255,4,22.0,20,7,1,1,10,0,19
745.94328519603,4,19.25,8,21,1,1,0,9,32
746.9500280630309,4,0.0,6,30,1,0,0,1,32
747.963812904025,4,0.0,8,30,1,0,0,1,32
748.9777528350241,4,0.0,9,29,3,0,0,0,32
749.9923573700362,4,0.0,10,21,9,2,0,0,32
751.0034967249958,4,0.0,12,6,10,16,0,0,32
752.0690181209939,4,39.75,17,6,10,16,0,0,32
753.1728442250169,4,31.75,21,4,12,15,1,0,32
754.1874125830363,4,22.0,27,1,10,12,3,6,32
755.1974544710247,4,67.75,31,2,7,8,2,11,30
756.210719993047,4,62.0,30,4,7,4,4,12,31
757.2226120739942,4,68.75,32,4,7,2,6,12,31
758.2367375640315,4,45.25,33,4,7,1,7,12,31
759.2503805630258,4,22.75,33,4,7,1,7,12,31
760.2648275200045,4,3.25,14,23,6,0,2,1,32
761.2904535499983,4,0.0,13,24,7,1,0,0,32
762.3033462400199,4,0.0,15,12,16,4,0,0,32
763.3176641170285,4,0.0,15,9,13,9,1,0,32
764.3313678590348,4,32.0,15,4,14,8,2,4,32
765.343294387043,4,12.25,9,10,12,5,0,5,32
766.358689854038,4,23.5,9,10,9,8,0,5,32
767.3715635060216,4,15.0,4,13,9,10,0,0,32
768.3849103880348,4,41.75,6,13,7,7,5,0,32
769.397845656029,4,69.5,6,13,7,6,6,0,32
770.4099310460151,4,68.25,6,13,7,4,8,0,32
771.4206040560384,4,69.0,7,13,7,4,8,0,32
772.4333231539931,4,63.25,8,7,11,5,0,9,32
773.4470730150351,4,39.25,2,13,10,5,0,4,32
774.4605919599999,4,29.5,2,14,10,1,0,7,32
775.4745994569967,4,0.0,0,17,9,1,0,1,28
776.482408150041,4,0.0,0,17,6,4,0,0,27
777.4925460400409,4,0.0,0,17,5,3,0,1,26
778.5075156320236,4,0.0,0,14,8,3,0,2,27
779.5156036760309,4,0.25,2,12,9,5,0,1,27
780.523901039036,4,30.25,6,9,11,5,1,1,27
781.5369934960036,4,67.5,7,9,9,3,5,1,27
782.5520923020085,4,45.5,10,9,9,3,5,1,27
783.566253455996,4,46.5,10,9,9,3,5,1,27
784.5798959190142,4,46.5,13,9,9,2,6,1,27
785.5938824660261,4,0.0,9,9,9,6,0,8,32
786.6081011890201,4,1.0,9,12,7,8,0,4,31
787.6221194849932,4,37.75,8,10,13,7,2,0,32
788.6334613389918,4,44.5,12,7,14,9,0,2,32
789.6450046730461,4,53.0,12,9,12,8,0,3,32
790.6572552369907,4,19.75,9,13,11,6,0,2,32
791.6692865350051,4,44.75,8,15,9,5,3,0,32
792.6813560280134,4,47.0,10,15,9,1,7,0,32
793.6946182730026,4,23.0,14,15,9,1,7,0,32
794.7081475690356,4,0.0,17,15,9,0,8,0,32
795.7253766900394,4,0.0,20,15,9,0,6,2,32
796.7395770500298,4,0.0,22,16,9,0,0,7,32
797.7518257040065,4,0.0,17,22,8,1,0,1,32
798.7662320249947,4,0.0,16,23,7,1,0,1,32
799.7785578939947,4,0.0,18,22,9,1,0,0,32
800.7901478779968,4,0.0,19,15,13,4,0,0,32
801.803290453041,4,20.0,22,5,16,11,0,0,32
802.8205856700079,4,25.0,24,1,10,21,0,0,32
803.8348615870345,4,44.25,15,12,9,10,0,1,32
804.8485990060144,4,22.75,15,14,8,9,1,0,32
805.8630369130406,4,23.0,17,14,7,6,5,0,32
806.8775126890396,4,67.75,17,14,6,6,6,0,32
807.8897217549966,4,68.5,18,14,6,5,7,0,32
808.9055136900279,4,69.5,18,14,6,4,8,0,32
809.9194616420427,4,23.0,18,14,6,2,10,0,32
810.9332843160373,4,23.0,21,14,6,0,6,6,32
811.947521227994,4,0.0,12,23,6,0,0,3,32
812.9613507550093,4,23.5,14,23,5,1,0,3,32
813.975552732998,4,0.0,11,26,4,2,0,0,32
814.9900416600285,4,0.0,11,20,10,1,0,1,32
816.0044611890335,4,0.0,12,10,18,3,0,1,32
817.0168738320353,4,0.0,14,4,18,8,1,1,32
818.0308785110246,4,0.0,16,4,17,8,0,3,32
819.0450542000472,4,0.0,19,4,17,5,3,3,32
820.0593587540206,4,46.75,21,4,17,3,5,3,32
821.0735230850405,4,46.0,22,4,17,2,6,3,32
822.0873461110168,4,45.5,23,4,17,2,6,3,32
823.1004751960281,4,46.0,22,5,17,0,0,10,32
824.1124498400022,4,0.0,23,7,15,2,0,8,32
825.1268794760108,4,23.5,17,15,14,1,0,2,32
826.1409394850489,4,0.0,15,17,12,3,0,0,32
827.1520112910075,4,0.0,16,17,11,2,1,1,32
828.1619109720341,4,0.0,17,17,10,2,0,1,30
829.1754054950434,4,0.0,16,14,16,1,0,1,32
830.1869326230371,4,0.0,17,12,17,2,0,1,32
831.2020763320033,4,22.75,18,12,12,4,3,1,32
832.2157292980119,4,22.75,18,12,12,1,6,1,32
833.2283864640049,4,22.75,18,12,12,1,6,1,32
834.2393519559992,4,22.75,18,3,16,6,3,4,32
835.2538438920164,4,69.5,18,3,16,2,0,11,32
836.267412256042,4,0.0,16,7,16,2,0,5,30
837.2795675620437,4,0.75,12,13,15,3,0,1,32
838.29399220302,4,0.5,11,12,16,3,0,1,32
839.3078809319995,4,0.0,13,1,23,7,0,1,32
840.322250858997,4,23.0,13,2,16,13,0,1,32
841.3359628909966,4,21.5,14,2,16,9,4,1,32
842.3485001120134,4,93.5,14,2,16,7,6,1,32
843.3621195810265,4,91.75,14,2,16,5,8,1,32
844.3760901890346,4,70.0,14,2,16,2,11,1,32
845.3887656320003,4,46.5,14,2,16,0,12,2,32
846.4108597820159,4,23.75,14,2,14,2,0,14,32
847.4248082980048,4,0.0,6,10,14,2,0,6,32
848.4400021920446,4,23.25,1,15,13,4,0,0,32
849.4495106360409,4,22.75,1,7,19,6,0,0,32
850.4625602799933,4,0.0,1,2,19,11,0,0,32
851.4712595420424,4,40.75,2,0,17,14,1,0,32
852.4964351680246,4,49.75,2,0,15,14,1,2,32
853.5105590450112,4,70.5,7,1,13,11,5,1,31
854.5217162769986,4,90.75,9,1,13,9,7,1,31
855.533068069024,4,67.75,11,1,13,6,10,1,31
856.5464125010185,4,69.0,13,1,13,5,11,1,31
857.560393695021,4,45.75,14,1,13,0,16,1,31
858.5742593490286,4,13.5,15,2,12,0,10,8,32
859.5885084200418,4,1.0,14,6,11,1,0,14,32
860.6030691360356,4,23.0,0,19,10,3,0,0,32
861.6169536660309,4,0.0,0,15,13,4,0,0,32
862.6259034000104,4,23.5,0,8,15,7,1,0,31
863.6402333709993,4,23.75,0,6,11,8,0,5,30
864.6544204830425,4,46.75,1,5,11,7,1,2,26
865.6683160350076,4,23.0,0,6,10,6,0,2,24
866.6803654090036,4,3.0,1,6,10,5,0,1,22
867.6937070700224,4,22.75,1,7,8,6,1,1,23
868.7045986540033,4,69.25,3,7,8,3,4,1,23
869.7187518390128,4,45.25,3,7,7,1,7,1,23
870.7294841690455,4,23.0,4,7,7,1,7,1,23
871.7425790370326,4,23.25,4,7,7,1,7,1,23
872.7536075590178,4,0.0,4,7,7,0,8,1,23
873.7750463410048,4,0.0,6,5,9,0,7,2,23
874.8268020270043,4,4.5,7,3,10,1,7,2,23
875.8405292030075,4,9.75,0,10,10,1,0,9,30
876.8541408600286,4,0.0,0,10,9,3,0,5,27
877.8642682640348,4,46.75,0,9,8,4,1,0,22
878.8782466539997,4,22.5,0,3,14,4,0,1,22
879.8921939600259,4,69.0,0,4,8,9,1,0,22
880.9057223710115,4,35.75,0,7,7,10,0,1,25
881.9191240650252,4,23.5,0,8,5,12,0,0,25
882.9329567310051,4,22.0,0,7,7,11,1,0,26
883.9465523380204,4,19.0,0,2,5,18,0,1,26
884.9587827190408,4,79.25,2,2,5,11,7,1,26
885.9726272310363,4,93.0,2,2,5,7,11,1,26
886.9851779810269,4,92.75,2,2,5,3,15,1,26
887.9976715720259,4,22.5,3,2,5,1,17,1,26
889.0116138970479,4,0.0,3,2,5,0,15,4,26
890.0250676600263,4,0.0,2,5,5,0,0,13,23
891.0393131620367,4,0.0,0,9,4,1,0,0,14
892.0527897750144,4,0.0,0,9,2,2,0,0,13
893.0678803570336,4,23.0,0,4,5,4,0,0,13
894.0822993640322,4,29.0,0,3,4,7,0,0,14
895.093097303994,4,30.25,0,4,3,7,0,0,14
896.1072318220395,4,81.25,0,2,4,9,0,0,15
897.1188833960332,4,61.25,0,3,3,11,0,0,17
898.1332093740348,4,45.25,0,2,4,9,0,1,16
899.1501496270066,4,23.75,0,2,3,11,0,0,16
900.1617389240419,4,70.25,0,1,1,13,1,0,16
901.1732869080151,4,53.5,0,3,1,12,0,1,17
902.1869628960267,4,51.25,0,0,1,14,0,0,15
903.1985721290112,4,69.25,0,0,1,8,0,1,10
904.2118941380177,4,68.25,0,0,0,5,0,1,6
905.2252740560216,4,23.0,0,0,0,4,0,0,4
906.2391828490072,4,0.0,0,0,0,2,0,0,2
907.2519406260108,4,23.25,0,0,0,1,0,0,1
908.2658983630245,4,0.0,0,0,0,0,0,0,0
909.2801300710416,4,0.0,0,0,0,0,0,0,0
910.295041881036,4,0.0,0,0,0,0,0,0,0
911.3094599500182,4,0.0,0,0,0,0,0,0,0
912.3164527229965,4,0.0,0,0,0,0,0,0,0
913.3252460550284,4,0.0,2,0,0,0,0,0,0
914.3391313860193,4,0.0,2,0,0,0,0,0,0
915.3530662250123,4,0.0,3,0,0,0,0,0,0
916.3657265150105,4,0.0,0,4,0,0,0,0,4
917.3794912910089,4,0.0,0,4,1,0,0,0,5
918.3935976300272,4,0.0,0,2,3,0,0,0,5
919.4071042670403,4,0.0,0,1,1,4,0,0,6
920.4179638320347,4,13.5,0,3,1,4,0,0,8
921.4315627340111,4,46.0,0,3,0,5,0,0,8
922.4456365950173,4,50.5,0,3,2,5,0,0,10
923.4535981180379,4,0.0,0,2,2,5,0,1,10
924.4641949110082,4,24.0,0,1,0,6,0,1,8
925.4779876359971,4,69.0,0,1,1,5,0,0,7
926.4896512569976,4,32.5,0,1,2,5,0,0,8
927.506585515046,4,40.5,0,4,0,5,1,1,11
928.5192120670108,4,46.0,0,2,1,6,0,2,11
929.5299704140052,4,0.0,0,2,0,6,0,0,8
930.543590346002,4,2.5,0,0,0,8,0,0,8
931.552108214004,4,17.5,0,1,0,6,2,0,9
932.5634528429946,4,67.25,0,1,0,6,2,0,9
933.5771454340429,4,69.25,1,1,0,2,6,0,9
934.5990249509923,4,22.25,2,1,0,1,7,0,9
935.6127774530323,4,22.25,2,1,0,0,8,0,9
936.6245304890326,4,0.0,0,3,0,0,0,3,6
937.638583226013,4,0.0,0,1,1,1,0,0,3
938.6516740320367,4,45.5,0,0,0,3,0,0,3
939.6651268050191,4,45.75,0,0,0,2,0,0,2
940.6788035140489,4,0.0,0,2,0,2,0,0,4
941.6931020510383,4,45.75,0,0,1,3,0,0,4
942.7066492180456,4,45.5,0,0,0,4,0,0,4
943.7177741880296,4,45.5,0,0,0,2,0,0,2
944.7244701870368,4,0.0,0,2,0,1,0,0,3
945.7366203310085,4,22.5,0,0,2,1,0,0,3
946.7505797820049,4,0.0,0,2,2,0,0,0,4
947.763643009006,4,0.0,0,2,2,1,0,0,5
948.7777045530383,4,19.25,0,1,3,2,0,0,6
949.7916554250405,4,45.25,0,1,2,3,0,0,6
950.8054650070262,4,19.0,0,2,1,5,0,0,8
951.8191385300015,4,41.0,1,2,1,3,2,0,8
952.832733947027,4,22.75,1,2,1,2,3,0,8
953.846809758048,4,23.25,3,2,1,2,3,0,8
954.8602296540048,4,23.5,0,6,1,1,0,4,12
955.8744394450332,4,14.0,0,6,1,0,0,1,8
956.8885959410109,4,0.0,0,4,3,0,0,1,8
957.9012815860333,4,0.0,0,4,2,1,0,0,7
958.9155052870046,4,6.0,1,2,3,2,0,0,7
959.9341714369948,4,24.5,0,1,4,4,0,0,9
960.9477574490011,4,27.25,0,1,4,5,0,0,10
961.9618742730236,4,17.5,0,1,3,6,0,0,10
962.9717116700485,4,23.0,0,0,2,8,0,0,10
963.9810361420386,4,44.75,0,0,1,9,0,0,10
964.9944142900058,4,3.5,0,1,0,9,0,0,10
966.0224517760216,4,0.0,0,1,0,7,0,1,9
967.0368890489917,4,3.25,0,2,0,8,0,0,10
968.0487264650292,4,45.75,0,0,0,9,1,0,10
969.062892010028,4,22.5,0,0,0,7,0,0,7
970.0763866670313,4,23.0,0,0,0,6,1,0,7
971.0900796300266,4,46.75,1,0,0,4,2,1,7
972.1037122840062,4,35.25,0,1,0,2,0,0,3
973.1173017490073,4,6.75,0,2,0,1,0,0,3
974.1307555560488,4,21.25,0,0,2,1,0,0,3
975.145342621021,4,0.0,0,0,2,1,0,0,3
976.1589459489915,4,22.5,2,0,2,1,0,0,3
977.1726341850008,4,22.5,3,0,2,1,0,0,3
978.1868721549981,4,0.0,4,0,2,0,1,0,3
979.199758894043,4,25.0,0,4,0,2,0,0,6
980.2110770270228,4,45.75,0,0,1,5,0,0,6
981.2241791670094,4,21.0,0,1,1,5,0,0,7
982.2382419939968,4,46.0,0,1,0,3,0,0,4
983.2519409840461,4,45.25,1,0,0,2,0,1,3
984.2661740700132,4,40.75,0,2,0,2,0,0,4
985.2886639609933,4,45.0,0,1,1,2,0,0,4
986.2983955580276,4,22.5,0,1,2,1,0,1,5
987.3109845950385,4,0.0,0,2,1,1,0,2,6
988.3233638060046,4,0.25,0,2,0,3,0,0,5
989.3347937050276,4,46.0,0,2,0,5,0,0,7
990.3482238970464,4,47.0,0,1,1,4,0,0,6
991.363891318033,4,46.0,0,0,2,4,0,0,6
992.3753535560099,4,29.0,0,1,1,5,0,0,7
993.3844437270309,4,23.0,0,2,1,5,0,1,9
994.3984658810077,4,42.25,0,0,0,5,0,0,5
995.4119625530438,4,23.0,0,0,1,5,0,0,6
996.4565435950062,4,13.0,0,0,1,5,0,0,6
997.4794121510349,4,14.75,0,0,1,4,0,0,5
998.4930601050146,4,22.75,0,0,0,4,0,0,4
999.5069670730154,4,48.25,0,1,0,3,0,1,5
1000.5208247610135,4,23.0,0,2,0,2,0,1,5
1001.5341666450258,4,22.75,0,3,0,1,0,0,4
1002.547813615005,4,46.0,0,2,0,2,0,0,4
1003.5589583890396,4,44.5,2,2,0,1,1,0,4
1004.572583243018,4,22.75,2,2,0,1,1,0,4
1005.5866128950147,4,22.75,3,2,0,1,1,0,4
1006.6002210419974,4,0.0,5,0,2,0,2,0,4
1007.6118613600265,4,0.0,0,5,1,1,0,1,8
1008.6255277660093,4,23.25,0,1,3,3,0,0,7
1009.6391013350221,4,0.0,0,1,1,6,0,0,8
1010.6532011930249,4,6.0,0,2,0,7,0,0,9
1011.6668312800466,4,42.25,0,2,1,7,0,0,10
1012.6811451390386,4,46.25,0,2,1,6,0,0,9
1013.6946741040447,4,44.5,0,2,0,5,0,0,7
1014.7036376110045,4,22.75,0,1,1,2,0,0,4
1015.7175902320305,4,23.0,0,1,0,2,0,0,3
1016.7293811750133,4,68.0,0,0,0,3,0,0,3
1017.7433801910374,4,38.5,0,1,0,3,0,0,4
1018.755136256048,4,46.0,0,0,0,3,0,0,3
1019.7678493710118,4,23.25,1,1,0,3,0,0,4
1020.7820105060237,4,0.0,0,2,0,2,0,1,5
1021.7907708260464,4,45.75,0,0,2,2,0,0,4
1022.8021041680477,4,22.5,0,0,0,3,0,0,3
1023.8164117870037,4,22.75,0,1,0,2,0,0,3
1024.8302235060255,4,6.0,0,2,0,2,0,0,4
1025.8442314740387,4,22.75,0,2,0,3,0,0,5
1026.8581027000328,4,68.5,0,0,1,3,1,0,5
1027.8704263910186,4,69.25,1,0,1,3,1,0,5
1028.8808228020207,4,69.25,2,0,1,2,2,0,5
1029.8949326760485,4,46.75,2,0,1,1,3,0,5
1030.9083848490263,4,0.0,2,0,1,0,4,0,5
1031.92192042002,4,0.0,2,0,1,0,0,4,5
1032.935017342039,4,0.0,0,2,1,0,0,1,4
1033.9489659109968,4,1.25,0,2,0,1,0,0,3
1034.9629425720195,4,16.0,0,0,2,1,0,0,3
1035.9755467050127,4,23.0,0,0,1,2,0,0,3
1036.9894976870273,4,23.5,0,0,0,2,0,0,2
1038.0032439490315,4,22.75,0,0,0,2,0,0,2
1039.0152426109998,4,23.25,1,0,0,2,0,0,2
1040.028874309035,4,0.0,0,1,0,2,0,0,3
1041.042322068999,4,0.0,2,0,1,1,0,0,2
1042.0547159680282,4,23.5,0,3,1,1,0,0,5
1043.0690965059912,4,0.0,0,3,1,0,0,0,4
1044.0828284270247,4,0.0,0,1,2,1,0,0,4
1045.0972029350232,4,19.5,0,1,1,3,0,0,5
1046.1095154510112,4,45.0,0,3,1,3,0,0,7
1047.123245357012,4,41.5,0,2,1,4,0,0,7
1048.13537678204,4,22.75,0,1,3,2,0,2,8
1049.1494313889998,4,22.5,0,1,1,4,0,0,6
1050.1613037399948,4,23.75,2,2,1,4,0,0,7
1051.1752726840205,4,0.0,0,4,1,3,1,0,9
1052.1876614970388,4,44.5,0,4,1,2,2,0,9
1053.201603427995,4,22.5,0,4,1,2,2,0,9
1054.2154158650083,4,23.0,1,4,1,1,3,0,9
1055.2260670510004,4,22.75,2,4,1,0,4,0,9
1056.2395331130247,4,0.0,2,1,3,1,4,0,9
1057.253471136035,4,31.5,0,3,3,2,0,3,11
1058.2654052760336,4,21.75,0,5,2,3,0,0,10
1059.2792476920295,4,45.5,0,3,2,5,0,0,10
1060.2916559790028,4,29.25,0,0,2,7,0,0,9
1061.3028483950184,4,46.25,1,0,1,7,1,0,9
1062.3164257080061,4,62.5,0,1,0,7,0,0,8
1063.33063275303,4,0.5,2,4,0,7,0,0,11
1064.3418765980168,4,53.25,0,3,0,9,0,0,12
1065.352168743033,4,69.75,0,4,1,8,0,0,13
1066.3638800920453,4,69.5,0,4,2,6,0,1,13
1067.3777306400007,4,85.0,0,6,3,6,0,0,15
1068.3986184620298,4,6.25,0,8,6,6,0,0,20
1069.4123177680303,4,23.0,0,11,4,5,1,2,23
1070.4302946210373,4,0.75,0,11,4,6,0,0,21
1071.4375395260286,4,17.0,1,13,5,7,0,0,25
1072.4442811059998,4,43.75,1,13,4,6,2,0,25
1073.4577478750143,4,69.0,10,13,4,3,5,0,25
1074.4712265270064,4,45.0,16,13,4,2,6,0,25
1075.4850302020204,4,45.5,17,13,4,0,8,0,25
1076.4980706410133,4,0.0,29,13,4,0,8,0,25
1077.5120379420114,4,19.75,36,9,5,1,10,0,25
1078.5261421510368,4,3.5,38,14,6,0,1,11,32
1079.5378614820074,4,0.0,42,16,6,0,0,9,31
1080.5499482770101,4,0.75,41,20,6,0,0,6,32
1081.5641430900432,4,9.25,35,26,4,1,1,0,32
1082.5776824750355,4,0.0,36,26,4,0,0,2,32
1083.5916351909982,4,0.0,35,26,5,1,0,0,32
1084.6069289370207,4,1.25,37,16,14,2,0,0,32
1085.6181562360143,4,0.0,37,4,17,11,0,0,32
1086.6308434290113,4,0.0,40,4,12,13,3,0,32
1087.6448609619983,4,0.0,35,9,12,4,0,7,32
1088.6588126670104,4,37.5,33,12,10,3,3,0,28
1089.6725689570303,4,24.0,34,12,10,1,5,0,28
1090.6859835259966,4,23.5,37,12,10,1,5,0,28
1091.6991876700195,4,22.25,37,12,10,1,5,0,28
1092.7101472670329,4,23.0,38,12,10,1,5,0,28
1093.7161094309995,4,0.0,41,12,10,0,6,0,28
1094.7294026400195,4,0.0,42,12,10,0,6,0,28
1095.743773418013,4,0.0,38,8,18,0,0,6,32
1096.757785845024,4,0.0,40,7,19,0,0,6,32
1097.7720207649982,4,0.0,39,12,17,2,0,1,32
1098.78612414503,4,23.75,38,13,14,2,0,3,32
1099.7997329930076,4,5.0,35,16,14,0,2,0,32
1100.8108260150184,4,0.0,33,18,12,1,0,1,32
1101.824668080022,4,23.25,33,19,11,1,0,1,32
1102.838975989027,4,29.5,33,18,10,3,0,1,32
1103.8523950240342,4,0.0,34,13,15,3,0,1,32
1104.8648268980323,4,0.0,33,2,20,8,1,1,32
1105.87864708103,4,49.0,33,2,16,7,6,1,32
1106.8921692229924,4,52.25,34,2,16,1,12,1,32
1107.9035239670193,4,23.5,34,2,16,1,12,1,32
1108.9142782140407,4,22.5,35,2,16,1,12,1,32
1109.925532805035,4,0.0,35,2,16,0,13,1,32
1110.938714599004,4,0.0,36,2,16,0,13,1,32
1111.9530666400096,4,0.0,36,2,16,0,13,1,32
1112.9667670429917,4,0.0,38,2,16,0,0,14,32
1113.981087206048,4,0.0,30,10,16,0,0,6,32
1114.994974271045,4,0.0,27,15,15,1,0,1,32
1116.0088690830162,4,0.0,29,16,14,2,0,0,32
1117.02137675602,4,0.0,30,17,12,2,0,1,32
1118.0801520700334,4,0.0,31,17,12,2,0,1,32
1119.1379583770176,4,0.0,33,17,12,2,0,1,32
1120.149839617021,4,0.0,35,17,11,3,0,1,32
1121.164858528995,4,1.5,37,18,10,3,0,1,32
1122.1790734989918,4,0.0,37,19,8,5,0,0,32
1123.1900497410097,4,0.0,37,19,8,3,2,0,32
1124.2036443740362,4,33.0,38,19,8,1,4,0,32
1125.2175384040456,4,22.75,39,19,8,1,4,0,32
1126.2312254870194,4,22.75,39,19,8,1,4,0,32
1127.2410521419952,4,23.25,39,19,8,0,5,0,32
1128.2548571260413,4,0.0,39,19,8,0,0,5,32
1129.2698398170178,4,0.0,39,19,7,1,0,4,31
1130.283928726043,4,0.0,39,22,7,0,0,3,32
1131.2984854810056,4,0.0,40,24,7,0,0,1,32
1132.3105405500391,4,40.75,39,26,5,1,0,0,32
1133.3261303119943,4,5.0,41,26,4,2,0,0,32
1134.3396346530062,4,0.0,43,20,9,3,0,0,32
1135.3539928440005,4,20.0,45,7,21,2,0,2,32
1136.3680785930483,4,0.0,46,3,20,7,0,2,32
1137.3817321090028,4,1.25,48,0,22,4,1,5,32
1138.4003439440276,4,36.5,52,0,22,1,4,5,32
1139.414387810044,4,7.75,54,0,22,0,5,5,32
1140.4277212329907,4,0.0,57,0,22,0,5,5,32
1141.4416466930415,4,0.0,59,0,22,0,5,5,32
1142.4487513889908,4,0.0,62,0,22,0,5,5,32
1143.4624418590101,4,0.0,64,0,21,1,3,7,32
1144.4756124209962,4,0.0,64,2,21,0,0,9,32
1145.4899392120424,4,11.0,61,7,20,1,0,4,32
1146.5048925470328,4,22.5,59,10,20,1,0,1,32
1147.519376665994,4,22.25,63,11,16,5,0,0,32
1148.5331969280378,4,24.75,65,10,17,4,0,1,32
1149.5472357789986,4,24.25,65,9,16,3,3,1,32
1150.561145471991,4,21.75,65,7,18,4,0,3,32
1151.5719669150421,4,0.0,66,2,22,5,0,3,32
1152.586975895043,4,23.25,66,1,20,6,2,2,31
1153.6000490580336,4,54.75,66,1,20,5,3,2,31
1154.6138942080433,4,68.75,68,1,20,5,3,2,31
1155.627031386015,4,68.25,70,1,20,3,5,2,31
1156.6402746120002,4,22.75,73,1,20,0,8,2,31
1157.653441699047,4,0.0,74,1,20,0,8,2,31
1158.6675144710462,4,0.0,76,1,20,0,8,2,31
1159.6811320640263,4,0.0,77,2,20,0,8,2,32
1160.692068139033,4,0.0,76,4,20,0,0,8,32
1161.7061345000402,4,0.0,75,7,19,1,0,5,32
1162.7206033010152,4,23.0,71,12,17,2,1,0,32
1163.7332245029975,4,23.25,71,12,17,2,0,1,32
1164.7466176660382,4,4.25,71,12,14,5,0,1,32
1165.7592253400362,4,0.0,70,10,14,8,0,0,32
1166.769129109045,4,0.0,71,4,17,11,0,0,32
1167.7829940340016,4,0.0,71,2,16,14,0,0,32
1168.7966721180128,4,45.75,72,2,14,14,0,2,32
1169.8079504280468,4,92.25,71,4,13,13,2,0,32
1170.8222514819936,4,67.5,71,4,13,10,5,0,32
1171.8361137220054,4,56.25,73,4,13,6,9,0,32
1172.8501111910446,4,45.75,74,4,13,5,10,0,32
1173.8636675610323,4,22.75,74,4,13,0,15,0,32
1174.8772464939975,4,0.0,74,4,13,0,15,0,32
1175.8894358890248,4,0.0,74,4,13,0,0,15,32
1176.900853003026,4,0.0,65,12,13,2,0,5,32
1177.9118589769932,4,0.0,63,14,12,2,1,0,29
1178.9258125170018,4,0.0,61,16,12,2,1,1,32
1179.9387893800158,4,24.25,61,15,12,2,1,2,32
1180.9524849940208,4,0.0,59,9,16,6,0,1,32
1181.9665488280007,4,22.5,59,8,12,12,0,0,32
1182.9804433360114,4,22.75,60,6,14,12,0,0,32
1183.988748867996,4,36.0,60,4,12,12,2,2,32
1185.0028064140351,4,25.25,55,10,11,11,0,0,32
1186.0167807170074,4,22.25,51,14,9,5,3,1,32
1187.031232125999,4,0.0,50,14,8,7,0,3,32
1188.0437646710197,4,0.75,52,11,8,10,0,3,32
1189.057915951009,4,66.75,50,6,8,13,1,4,32
1190.0719277600292,4,55.25,48,10,8,13,0,1,32
1191.0850417159963,4,77.75,49,10,8,9,4,1,32
1192.0961711300188,4,68.0,49,10,8,6,7,1,32
1193.1082892320119,4,69.25,49,10,8,3,10,1,32
1194.1222684850218,4,44.75,51,10,8,0,13,1,32
1195.1357302420074,4,0.0,53,10,8,0,13,1,32
1196.1503948090249,4,0.0,52,11,7,1,0,13,32
1197.163135359995,4,0.0,50,11,7,2,2,6,28
1198.1772248999914,4,47.25,41,19,8,3,0,2,32
1199.1909134309972,4,23.75,38,22,9,1,0,0,32
1200.2047575180186,4,43.25,39,17,11,3,0,1,32
1201.218868059048,4,0.0,36,8,21,2,0,1,32
1202.2302992210025,4,23.25,35,7,21,4,0,0,32
1203.2429721230292,4,43.75,35,7,18,6,1,0,32
1204.2566800840432,4,44.5,35,7,17,6,0,2,32
1205.270768598013,4,0.75,32,10,14,8,0,0,32
1206.2839301810018,4,34.0,33,7,14,10,0,1,32
1207.2978441620362,4,0.5,34,2,17,11,1,1,32
1208.3122910560342,4,67.75,27,9,16,7,0,0,32
1209.326303807029,4,45.0,26,10,12,9,0,1,32
1210.3375875980128,4,22.5,26,10,12,6,3,1,32
1211.3523575559957,4,91.0,26,10,12,3,6,1,32
1212.3640262040426,4,47.0,28,10,12,3,6,1,32
1213.3715131950448,4,44.75,29,10,12,1,8,1,32
1214.3852340170415,4,21.75,29,10,12,0,9,1,32
1215.398491349013,4,0.0,31,10,12,0,9,1,32
1216.4120931859943,4,21.0,24,13,15,1,0,3,32
1217.426192233048,4,0.5,20,11,15,6,0,0,32
1218.4422364649945,4,0.25,19,12,15,5,0,0,32
1219.4563772100373,4,27.75,19,12,12,8,0,0,32
1220.4702846400323,4,23.0,20,12,12,8,0,0,32
1221.4808170600445,4,47.5,20,12,9,10,1,0,32
1222.4944018039969,4,23.0,19,14,8,10,0,0,32
1223.5062849349924,4,45.25,20,14,7,8,0,3,32
1224.5129967150278,4,0.0,18,11,11,10,0,0,32
1225.5264535060269,4,23.0,17,7,12,12,1,0,32
1226.5404505000333,4,42.25,16,7,6,16,1,2,32
1227.5543812930118,4,24.0,14,9,6,15,0,2,32
1228.5665758129908,4,23.0,13,5,9,18,0,0,32
1229.5801016690093,4,71.5,13,2,12,13,0,5,32
1230.5947802720475,4,47.0,8,7,10,14,0,1,32
1231.6085222390248,4,44.75,10,7,9,15,0,1,32
1232.6201151510468,4,68.25,10,7,9,11,4,0,31
1233.630106533994,4,91.5,13,7,9,6,9,0,31
1234.6436852230108,4,67.5,13,7,9,3,12,0,31
1235.6577979260474,4,23.0,13,7,9,2,13,0,31
1236.6721754430328,4,8.5,14,7,9,0,15,0,31
1237.684558019042,4,0.0,14,8,8,1,9,6,32
1238.6993479710072,4,23.75,2,19,8,2,0,3,32
1239.7137808710104,4,14.0,1,19,9,3,0,0,31
1240.8003525230451,4,0.0,1,15,13,3,0,0,31
1241.9463322490337,4,0.0,1,15,12,4,0,0,31
1242.9598259929917,4,0.0,1,11,14,7,0,0,32
1243.9717437520158,4,23.5,2,11,9,11,0,1,32
1244.9854544230038,4,0.25,0,13,8,11,0,0,32
1245.9994169819984,4,30.25,1,12,7,13,0,0,32
1247.012010837032,4,0.0,3,4,11,17,0,0,32
1248.02575531404,4,22.75,3,0,15,15,2,0,32
1249.0399746880285,4,46.75,0,3,13,13,3,0,32
1250.0535564930178,4,23.0,0,3,12,13,0,1,29
1251.0683831170318,4,39.75,0,3,9,12,3,0,27
1252.0826044810237,4,0.0,0,3,7,13,0,1,24
1253.0962514480343,4,46.0,0,0,5,18,0,0,23
1254.1104511780431,4,6.25,0,2,4,18,0,1,25
1255.12434724404,4,60.25,0,2,2,17,0,0,21
1256.136472978047,4,37.75,1,2,1,16,2,0,21
1257.1497958929976,4,93.25,1,2,1,11,7,0,21
1258.1623942000442,4,69.25,1,2,1,9,9,0,21
1259.1758953660028,4,67.75,2,2,1,6,12,0,21
1260.1896065050387,4,46.25,3,2,1,3,15,0,21
1261.2032414990244,4,0.0,4,2,1,0,18,0,21
1262.2171198090073,4,0.0,4,2,1,0,18,0,21
1263.231084278028,4,0.0,5,2,1,0,18,0,21
1264.24479041202,4,2.25,1,8,2,0,0,9,19
1265.259010689042,4,22.75,0,6,2,3,0,0,11
1266.272452316014,4,46.5,0,0,2,9,0,0,11
1267.2835370239918,4,23.0,0,0,0,10,0,0,10
1268.2970902870293,4,69.75,0,1,0,10,0,0,11
1269.3031530110165,4,91.0,0,1,0,9,0,0,10
1270.3128533090348,4,27.5,0,1,1,7,1,0,10
1271.3265417670482,4,69.5,0,2,1,4,0,4,11
1272.3401028999942,4,1.0,0,2,3,4,0,0,9
1273.3539338000119,4,0.0,0,0,3,5,0,1,9
1274.3674564190442,4,6.0,0,0,1,6,1,0,8
1275.3801199090085,4,43.0,1,0,0,7,0,1,8
1276.4015285969945,4,70.25,0,1,0,7,0,0,8
1277.4147731290432,4,74.25,0,2,1,3,1,2,9
1278.428633861011,4,23.5,0,1,1,3,0,0,5
1279.4546880309936,4,44.75,0,1,0,3,0,0,4
1280.4688207510044,4,22.75,0,1,0,3,0,0,4
1281.4827638670104,4,22.5,0,2,0,3,0,0,5
1282.499583775003,4,33.0,0,4,0,3,0,1,8
1283.5091902290005,4,22.75,0,1,2,4,0,0,7
1284.5228684670292,4,62.5,0,1,1,6,0,0,8
1285.5369478310458,4,44.5,0,2,0,6,1,0,9
1286.5505296229967,4,68.0,2,2,0,4,0,3,9
1287.5639954360086,4,51.75,0,2,1,4,0,0,7
1288.5758766889921,4,23.0,0,0,1,5,0,0,6
1289.5851986770285,4,23.25,2,0,0,4,1,1,6
1290.5965100640315,4,63.75,0,2,0,3,0,1,6
1291.6102917300304,4,21.0,1,2,0,2,0,0,4
1292.6242692680098,4,22.75,1,2,0,0,2,0,4
1293.6383765030187,4,0.0,2,2,0,0,2,0,4
1294.651552143041,4,0.0,2,2,0,0,2,0,4
1295.66611585801,4,0.0,5,2,0,0,2,0,4
1296.679583715042,4,0.0,5,2,0,0,2,0,4
1297.6934702900471,4,0.0,5,1,0,1,2,0,4
1298.7073986270116,4,0.0,0,5,1,1,0,2,9
1299.7210416150047,4,0.0,0,4,2,1,0,0,7
1300.7340879469994,4,22.75,0,1,3,3,0,0,7
1301.7474213680252,4,68.25,0,1,2,5,0,0,8
1302.7596758040017,4,36.75,0,2,1,5,0,0,8
1303.7735491950298,4,42.75,0,1,0,7,0,0,8
1304.7877110720146,4,31.5,0,2,2,7,0,0,11
1305.8012355820392,4,45.0,2,2,0,6,3,0,11
1306.8125271220342,4,22.75,0,4,0,6,0,1,11
1307.8240895700292,4,7.5,0,2,1,8,0,0,11
1308.8350267690257,4,22.5,0,1,1,6,0,1,9
1309.849150795024,4,22.75,0,0,1,7,0,0,8
1310.8627167030354,4,23.5,0,1,1,6,0,0,8
1311.8764303750359,4,45.5,2,1,0,6,0,1,8
1312.890942397993,4,0.0,0,2,1,6,0,0,9
1313.9049920610269,4,68.0,0,0,0,7,0,1,8
1314.9190546810278,4,56.5,0,0,0,5,0,2,7
1315.933044083009,4,45.25,0,1,0,2,0,2,5
1316.947215615015,4,42.75,0,5,0,1,1,0,7
1317.9616360969958,4,0.0,0,2,1,3,0,0,6
1318.9750334350392,4,22.75,0,1,1,4,0,0,6
1319.9890026820358,4,22.75,0,0,2,3,0,1,6
1321.0007950020372,4,24.0,0,2,2,3,0,0,7
1322.0150263780379,4,28.0,1,2,1,2,2,0,7
1323.0295932650333,4,45.5,0,4,2,3,0,2,11
1324.0430842569913,4,0.0,0,2,2,3,0,1,8
1325.0552501979982,4,23.5,0,3,3,4,0,0,10
1326.068893416028,4,69.0,1,3,2,4,1,0,10
1327.0829681479954,4,45.25,2,3,2,1,4,0,10
1328.096901479992,4,0.0,2,3,2,0,5,0,10
1329.1106615940225,4,0.0,3,3,2,0,5,0,10
1330.1244980290066,4,0.0,7,3,2,0,5,0,10
1331.137907102995,4,0.0,8,3,1,1,0,5,10
1332.150867045042,4,0.0,0,11,1,1,0,4,17
1333.1621482050396,4,23.0,0,10,3,1,0,0,14
1334.1756300990237,4,0.0,0,12,5,3,0,0,20
1335.188258795999,4,23.0,0,8,5,8,0,0,21
1336.2020170320175,4,22.5,0,8,5,9,0,0,22
1337.2128933439963,4,47.0,0,5,6,12,0,0,23
1338.2252371050417,4,70.0,0,4,4,10,1,1,20
1339.236702374008,4,41.75,0,3,5,10,1,3,22
1340.250542829046,4,10.0,0,4,4,10,0,2,20
1341.2626480580075,4,60.25,0,5,4,7,1,3,20
1342.2823194930097,4,47.0,0,3,7,6,0,0,16
1343.2964690719964,4,0.0,0,4,6,10,0,0,20
1344.3106283260277,4,23.0,0,5,5,9,0,2,21
1345.3323843000107,4,47.25,0,4,3,10,0,2,19
1346.345985543041,4,23.0,0,1,4,10,1,1,17
1347.3578983930056,4,47.25,3,0,3,8,1,2,14
1348.371692079003,4,53.0,0,5,2,7,0,3,17
1349.3860001300345,4,49.0,0,1,2,8,0,1,12
1350.3996671040077,4,19.0,0,1,2,9,0,0,12
1351.4105746000423,4,22.75,0,4,1,5,1,4,15
1352.4242269989918,4,23.25,0,5,2,4,0,2,13
1353.4385675620288,4,22.5,2,5,2,1,3,2,13
1354.4506964050233,4,0.0,3,5,1,0,5,2,13
1355.4588952900376,4,0.0,5,5,1,0,5,2,13
1356.4731921240455,4,0.0,6,5,1,0,5,2,13
1357.4868120320025,4,0.0,9,5,1,0,5,2,13
1358.5007093630265,4,0.0,9,5,1,0,5,2,13
1359.5136653149966,4,0.0,12,5,1,0,5,2,13
1360.5274370750412,4,0.0,12,5,1,0,4,2,12
1361.5416284120292,4,0.0,0,16,2,0,0,3,21
1362.6024752120138,4,0.0,0,15,4,0,0,2,21
1363.6521670130314,4,0.0,2,15,4,0,0,2,21
1364.6647896700306,4,0.0,0,16,2,4,0,2,24
1365.678346981993,4,0.75,0,18,2,5,0,0,25
1366.6924561810447,4,24.25,0,14,4,7,0,1,26
1367.706144491036,4,0.0,0,11,7,7,0,1,26
1368.7201880009961,4,22.75,0,4,13,7,0,1,25
1369.7329447590164,4,22.5,0,6,9,12,0,0,27
1370.7468941350235,4,45.5,0,6,6,12,0,0,24
1371.757951074047,4,45.5,0,6,5,7,6,0,24
1372.7721537940088,4,23.0,0,3,8,8,0,0,19
1373.782913601026,4,46.25,0,1,6,9,0,2,18
1374.7953598370077,4,0.0,0,1,6,10,0,0,17
1375.8050274730194,4,42.75,1,3,5,8,1,1,18
1376.8190984920366,4,25.75,0,3,5,8,0,2,18
1377.833049606008,4,91.75,0,1,6,7,0,2,16
1378.8468006339972,4,22.75,0,1,4,9,0,0,14
1379.8606950270478,4,0.0,1,2,3,10,0,0,15
1380.871735099994,4,10.5,0,6,2,11,0,0,19
1381.8843474700116,4,46.25,0,5,3,8,3,0,19
1382.897795878991,4,45.75,2,5,3,5,6,0,19
1383.9122467980487,4,45.25,2,5,3,3,8,0,19
1384.9258582690381,4,23.25,2,5,3,2,9,0,19
1385.9395726920338,4,0.0,4,5,3,0,11,0,19
1386.9635644960217,4,0.0,6,5,3,0,11,0,19
1387.9776529060327,4,0.0,9,5,3,0,11,0,19
1388.9918162120157,4,0.0,0,15,2,2,0,11,30
1390.0040984410443,4,0.0,0,12,6,2,0,6,26
1391.0182174090296,4,23.25,0,15,3,5,0,2,25
1392.031695762009,4,0.0,1,15,5,5,1,0,26
1393.0457172740134,4,19.25,0,13,8,9,0,0,30
1394.0598640080425,4,70.0,0,9,6,14,1,1,31
1395.0734706340008,4,43.0,0,12,2,13,2,2,31
1396.0871446750243,4,23.75,0,9,4,13,3,0,29
1397.1015386080253,4,51.0,0,2,7,13,0,7,29
1398.113469362026,4,38.0,0,3,6,12,2,3,26
1399.1270943600102,4,5.25,0,3,5,10,1,1,20
1400.1387250290136,4,4.5,3,4,4,10,1,1,20
1401.1525398400263,4,71.5,0,8,1,9,0,1,19
1402.1659822810325,4,49.5,0,2,4,12,1,0,19
1403.1782012790209,4,46.75,0,2,3,10,2,1,18
1404.1902022910072,4,69.25,1,1,2,10,1,3,17
1405.2030058790115,4,68.75,0,1,2,10,0,2,15
1406.2148126080283,4,69.25,0,1,1,9,1,1,13
1407.2287366980454,4,16.5,0,1,0,10,0,0,11
1408.2426269260468,4,46.0,0,2,0,7,0,2,11
1409.2549436300178,4,22.75,0,0,1,8,0,0,9
1410.268915933033,4,52.25,0,0,0,7,2,0,9
1411.2816157000489,4,23.0,0,0,0,6,0,0,6
1412.294734887022,4,68.5,1,0,0,4,2,0,6
1413.3082626039977,4,46.0,3,0,0,3,3,0,6
1414.323519853002,4,23.25,4,0,0,1,5,0,6
1415.3363230960094,4,0.0,6,0,0,0,6,0,6
1416.3498077359982,4,0.0,6,0,0,0,6,0,6
1417.3604175859946,4,0.0,7,0,0,0,6,0,6
1418.3739099240047,4,0.0,9,0,0,0,6,0,6
1419.3878088050405,4,0.0,10,0,0,0,6,0,6
1420.398462097044,4,0.0,10,0,0,0,6,0,6
1421.411819740024,4,0.0,1,10,0,0,0,3,13
1422.4259727830067,4,0.0,0,12,0,0,0,0,12
1423.4408263800433,4,23.0,0,6,5,3,0,0,14
1424.4560840800405,4,23.0,0,3,6,5,0,0,14
1425.4690049110213,4,0.0,0,2,4,8,0,0,14
1426.4817835010472,4,3.5,0,4,3,9,0,0,16
1427.4926013619988,4,68.25,0,4,2,10,0,0,16
1428.5066975750378,4,23.25,0,4,1,11,0,0,16
1429.51721927803,4,23.5,0,2,2,12,0,0,16
1430.5318228520337,4,42.75,0,2,1,14,0,0,17
1431.5454418450245,4,23.0,0,8,0,14,0,1,23
1432.5569137909915,4,4.75,0,7,4,13,0,1,25
1433.5706546070287,4,0.0,0,3,1,19,1,0,24
1434.5816238209954,4,47.25,0,1,4,14,0,3,22
1435.5926465120283,4,62.5,1,2,4,13,0,3,22
1436.606570691045,4,44.75,5,2,4,10,3,2,21
1437.618976844009,4,26.5,0,6,5,12,0,0,23
1438.6309178710217,4,0.0,0,6,5,15,0,1,27
1439.6406423239969,4,46.0,0,2,7,17,1,0,27
1440.6497023720294,4,24.25,0,5,6,12,0,7,30
1441.6635212600231,4,47.5,0,3,6,9,1,2,21
1442.6771657760255,4,46.0,0,0,6,8,1,1,16
1443.688817739021,4,72.25,3,0,6,4,5,1,16
1444.6968974270276,4,45.75,7,0,6,2,7,1,16
1445.7083729330334,4,23.0,7,0,6,1,8,1,16
1446.722280801041,4,0.0,9,0,6,0,9,1,16
1447.7352954330272,4,0.0,15,0,6,0,9,1,16
1448.7494593760348,4,0.0,16,0,6,0,9,1,16
1449.763420701027,4,0.0,17,0,6,0,7,2,15
1450.7770910970285,4,0.0,0,17,5,1,0,9,32
1451.7900856060442,4,0.0,4,17,5,1,0,7,30
1452.8020457110251,4,0.0,0,22,5,0,0,4,31
1453.8163817260065,4,0.0,0,26,4,1,0,1,32
1454.8295162960421,4,0.0,2,15,15,1,0,0,31
1455.8438336210093,4,0.0,2,13,11,8,0,0,32
1456.8569571099943,4,71.25,3,5,12,10,2,3,32
1457.8708061610232,4,24.25,3,5,12,6,0,9,32
1458.8826916459948,4,22.5,2,8,11,5,2,4,30
1459.8953121050145,4,3.5,0,10,10,4,1,2,27
1460.909267250041,4,45.0,0,10,8,4,1,2,25
1461.921087919036,4,0.0,0,10,8,2,0,4,24
1462.9339860629989,4,16.5,0,10,7,2,0,0,19
1463.9486896060407,4,0.0,1,11,6,3,0,0,20
1464.9627441680059,4,22.75,0,12,9,3,0,0,24
1465.9703778790426,4,23.0,0,11,10,5,0,1,27
1466.9814661220298,4,23.25,1,11,7,7,1,1,27
1467.9938242729986,4,44.75,3,11,7,4,4,1,27
1469.0082610390382,4,47.5,4,11,7,2,6,1,27
1470.0224502939964,4,23.25,4,11,7,0,8,1,27
1471.0359518300393,4,0.0,4,11,7,0,8,1,27
1472.0503538130433,4,0.0,4,11,7,0,8,1,27
1473.0641965930117,4,0.0,4,11,7,0,8,1,27
1474.0778786920127,4,0.0,11,11,7,0,8,1,27
1475.0919631290017,4,0.0,14,11,7,0,8,1,27
1476.105394179991,4,0.0,14,9,7,2,0,9,27
1477.1215812489972,4,0.0,9,17,7,2,0,6,32
1478.1340472660377,4,0.0,7,16,8,4,0,4,32
1479.166413863015,4,0.0,6,10,18,4,0,0,32
1480.1785953430226,4,22.0,7,8,15,8,0,1,32
1481.1905479130219,4,43.0,8,6,11,13,1,1,32
1482.1981678690063,4,50.25,8,6,11,7,4,4,32
1483.2104079879937,4,23.75,8,7,11,6,0,8,32
1484.2247468280257,4,40.5,1,14,7,8,2,1,32
1485.3103017720277,4,0.0,3,15,7,8,0,2,32
1486.3640566029935,4,0.0,4,15,7,8,0,2,32
1487.3743455480435,4,0.75,3,18,6,7,0,1,32
1488.3880386730307,4,23.25,1,20,5,6,1,0,32
1489.3952988590463,4,23.0,2,15,7,8,1,1,32
1490.4074535960099,4,23.25,2,6,17,8,0,1,32
1491.427299321047,4,22.25,1,2,16,13,0,1,32
1492.4405294110184,4,0.0,1,2,11,15,3,1,32
1493.4522322569974,4,69.25,2,2,10,11,8,1,32
1494.4654110260308,4,92.25,4,2,10,8,11,1,32
1495.4790050869924,4,92.25,5,2,10,7,12,1,32
1496.4903581030085,4,69.0,5,2,10,5,14,1,32
1497.503678024048,4,23.5,6,2,10,0,19,1,32
1498.5174827970332,4,0.0,6,2,10,0,19,1,32
1499.5307476750459,4,0.0,8,2,10,0,19,1,32
1500.5448013780406,4,0.0,8,2,10,0,19,1,32
1501.5581502889981,4,0.0,9,2,10,0,19,1,32
1502.571613119042,4,0.0,10,2,10,0,19,1,32
1503.5861841900041,4,0.0,10,2,10,0,0,20,32
1504.598711360013,4,0.0,9,3,10,0,0,19,32
1505.613539529033,4,0.0,0,12,7,2,0,0,21
1506.6254246900207,4,9.25,0,12,6,3,0,0,21
1507.6379122100188,4,0.5,0,15,3,4,0,1,23
1508.6515859910287,4,24.75,1,16,2,4,1,0,23
1509.6656751830014,4,17.5,0,17,1,3,0,3,24
1510.6797339300392,4,23.25,0,18,1,3,0,0,22
1511.6915289550088,4,0.75,0,11,6,4,1,0,22
1512.705434456002,4,23.75,0,5,12,3,0,1,21
1513.719362800999,4,47.75,0,5,6,9,0,0,20
1514.729141051008,4,9.0,0,3,5,12,0,0,20
1515.741872618033,4,47.25,0,2,4,14,0,0,20
1516.7554624539916,4,70.25,2,1,4,12,3,0,20
1517.7692848970182,4,42.0,0,5,4,12,0,1,22
1518.782686844992,4,34.25,1,4,3,10,0,3,20
1519.7964720129967,4,3.0,0,4,4,7,2,1,18
1520.811768160027,4,47.5,1,5,4,5,2,1,17
1521.8257930690306,4,40.75,0,3,3,9,0,0,15
1522.840310624044,4,18.0,0,1,4,8,1,0,14
1523.853904513002,4,0.0,0,0,4,7,0,0,11
1524.867890939,4,23.25,1,0,4,7,0,0,11
1525.8783069850178,4,22.5,3,0,4,5,2,0,11
1526.8942591590458,4,23.25,3,0,4,3,4,0,11
1527.9071403900161,4,23.0,3,0,4,2,5,0,11
1528.9211051790044,4,22.75,4,0,4,0,7,0,11
1529.9335690690205,4,0.0,7,0,4,0,7,0,11
1530.9476718980004,4,0.0,9,0,4,0,7,0,11
1531.9611778510152,4,0.0,9,0,4,0,7,0,11
1532.9751057560206,4,0.0,10,0,4,0,7,0,11
1533.9881200370146,4,0.0,10,0,4,0,7,0,11
1534.9968557960237,4,0.0,0,12,3,1,0,7,23
1536.0104485960328,4,24.5,0,9,5,2,0,0,16
1537.0245694270125,4,24.0,0,2,7,7,0,0,16
1538.0356227850425,4,22.75,1,2,6,7,2,0,17
1539.0486010080203,4,0.75,0,3,5,8,0,1,17
1540.0624682800262,4,22.25,0,4,3,10,0,1,18
1541.0765812610043,4,12.25,0,2,2,10,2,1,17
1542.0907202870003,4,68.75,0,3,1,9,1,3,17
1543.1046034900355,4,44.75,0,2,1,10,0,0,13
1544.11903402803,4,46.25,0,3,2,9,0,2,16
1545.1310399830109,4,16.0,0,3,2,8,0,1,14
1546.1432418150362,4,46.0,1,2,2,9,0,0,13
1547.1567988500465,4,22.5,0,3,2,8,1,0,14
1548.1708749710233,4,71.75,0,1,1,11,0,0,13
1549.1843873410253,4,30.25,0,0,0,8,3,0,11
1550.1983394240378,4,45.25,0,1,0,5,1,2,9
1551.2126554250135,4,22.5,1,4,0,5,0,0,9
1552.2263632889953,4,0.0,0,4,2,5,0,0,11
1553.240208430041,4,1.0,0,6,2,5,0,0,13
1554.2539113500388,4,23.25,0,3,2,8,0,0,13
1555.267699196993,4,44.25,1,1,2,8,1,0,12
1556.2791957510053,4,22.5,3,2,2,5,1,3,13
1557.2932692409959,4,46.0,0,6,0,6,0,1,13
1558.3071800210164,4,23.0,1,6,0,6,1,0,13
1559.3185525159934,4,68.5,4,6,0,3,4,0,13
1560.3318419760326,4,67.75,5,6,0,2,5,0,13
1561.3463482690277,4,22.75,6,6,0,0,7,0,13
1562.357679517998,4,0.0,8,6,0,0,7,0,13
1563.370774192037,4,0.0,9,6,0,0,7,0,13
1564.3922822879977,4,0.0,10,6,0,0,7,0,13
1565.4068149960367,4,0.0,10,6,0,0,7,0,13
1566.4197368629975,4,0.0,10,6,0,0,7,0,13
1567.4336686520255,4,0.0,12,6,0,0,7,0,13
1568.4470984690124,4,0.0,14,6,0,0,7,0,13
1569.4610481680138,4,0.0,0,19,1,1,0,8,29
1570.4696029960178,4,0.0,0,18,1,2,0,1,22
1571.4837338330108,4,24.75,0,13,5,4,0,0,22
1572.4981026260066,4,0.0,0,4,13,6,0,0,23
1573.5125220930204,4,22.25,0,3,8,10,0,2,23
1574.5288093160489,4,45.75,0,3,3,15,0,0,21
1575.5425470549962,4,0.5,0,5,3,16,0,0,24
1576.556636296038,4,45.0,0,3,5,12,0,3,23
1577.5699828100041,4,47.0,1,3,4,10,3,2,22
1578.5822948600398,4,69.75,0,3,5,10,0,0,18
1579.5934587200172,4,50.25,1,1,5,7,1,1,15
1580.6072421910358,4,22.5,0,2,5,8,0,0,15
1581.6208478100016,4,68.75,0,1,3,11,0,0,15
1582.632953902008,4,45.5,0,1,3,7,0,1,12
1583.6466799580376,4,52.0,0,0,4,4,0,2,10
1584.660709844029,4,49.0,0,2,4,3,0,0,9
1585.6743153210264,4,57.0,0,0,2,6,0,1,9
1586.6879820380127,4,46.0,0,0,1,4,0,0,5
1587.701621772023,4,28.5,0,2,1,1,0,0,4
1588.7154373950325,4,44.75,0,1,1,2,0,0,4
1589.7318944869912,4,23.75,0,1,1,3,0,0,5
1590.7430685400032,4,23.25,0,2,0,3,0,1,6
1591.7547115900088,4,25.5,0,2,2,3,0,0,7
1592.7688104300178,4,33.75,0,2,3,3,0,0,8
1593.7794914719998,4,68.25,0,3,0,7,0,0,10
1594.7929848810309,4,0.0,0,2,1,8,0,1,12
1595.8091089840163,4,69.25,0,2,1,8,0,1,12
1596.821889561019,4,54.75,0,2,2,5,1,1,11
1597.8358529770048,4,70.25,0,0,1,5,1,2,9
1598.8554100680049,4,92.25,0,0,0,3,0,0,3
1599.869644889026,4,19.5,2,1,0,3,0,0,4
1600.8833896790165,4,0.0,0,3,0,0,0,3,6
1601.8968708360335,4,0.0,0,2,3,0,0,0,5
1602.910737052036,4,23.25,0,2,1,2,0,0,5
1603.925032942032,4,22.5,2,2,1,1,1,0,5
1604.9391134910402,4,22.75,2,2,1,1,1,0,5
1605.950822977,4,22.5,2,2,1,1,1,0,5
1606.988666752004,4,0.0,3,2,1,0,2,0,5
1608.0068433500128,4,0.0,5,2,1,0,2,0,5
1609.0202715880005,4,0.0,7,2,1,0,2,0,5
1610.0340067240177,4,0.0,9,2,1,0,2,0,5
1611.0478267130093,4,0.0,11,2,1,0,2,0,5
1612.061712893017,4,0.0,13,2,1,0,2,0,5
1613.075055326044,4,0.0,4,9,1,2,0,2,14
1614.0887990270276,4,23.5,3,13,1,2,0,2,18
1615.1011469670339,4,15.75,0,17,3,2,0,0,22
1616.1133008740144,4,0.0,0,9,12,2,0,0,23
1617.127086669032,4,70.0,0,10,8,6,0,2,26
1618.139132056036,4,21.5,0,8,7,5,2,3,25
1619.151064049045,4,68.5,0,8,6,2,2,5,23
1620.164917156042,4,6.0,0,9,5,3,0,2,19
1621.177484904998,4,22.25,0,10,3,4,0,0,17
1622.1913155459915,4,23.25,2,7,6,2,1,0,16
1623.2032858800376,4,0.0,0,12,4,4,0,0,20
1624.2154568330152,4,0.0,0,14,4,4,0,0,22
1625.2287102059927,4,0.0,0,15,4,4,0,0,23
1626.242946803046,4,1.0,0,14,8,5,0,0,27
1627.2565523530357,4,0.0,0,10,13,6,0,0,29
1628.2701145870378,4,23.75,0,7,15,6,1,0,29
1629.281824834994,4,24.25,1,7,6,13,1,0,27
1630.3127984310267,4,42.25,0,10,5,11,1,3,30
1631.3264929900179,4,19.75,0,9,6,10,1,2,28
1632.34062016604,4,21.25,0,7,7,12,1,3,30
1633.3540042460081,4,22.75,2,7,6,7,7,2,29
1634.3669660470332,4,68.0,2,7,5,6,9,2,29
1635.3809587460128,4,68.25,2,7,5,4,11,2,29
1636.3928306050366,4,67.75,2,7,5,2,13,2,29
1637.4040999709978,4,45.25,2,7,5,1,14,2,29
1638.4163022040157,4,23.5,2,7,5,0,15,2,29
1639.429847225023,4,0.0,2,7,5,0,15,2,29
1640.444025965,4,0.0,3,7,5,0,14,2,28
1641.4581207780284,4,0.0,0,7,6,2,0,9,24
1642.4717413750477,4,11.75,0,5,7,1,1,1,15
1643.4852891979972,4,22.75,0,1,8,5,0,0,14
1644.49731939903,4,44.75,0,2,6,6,0,0,14
1645.5101208290434,4,45.25,0,1,5,9,0,1,16
1646.523804203025,4,68.75,0,6,4,7,0,0,17
1647.536750022031,4,22.25,0,5,6,8,0,0,19
1648.549801441026,4,23.0,0,3,6,7,0,2,18
1649.5609143500333,4,4.5,1,2,6,6,1,3,18
1650.5740079550305,4,46.25,0,5,5,8,0,1,19
1651.5840223340201,4,23.25,0,4,6,8,1,0,19
1652.597701427003,4,45.5,0,1,5,8,1,1,16
1653.6120043600095,4,0.0,0,5,2,9,2,0,18
1654.623682992009,4,23.25,0,7,2,6,0,0,15
1655.6378961010487,4,22.75,1,11,0,7,0,0,18
1656.6512149909977,4,46.5,3,10,1,6,1,0,18
1657.6643913590233,4,46.0,0,8,3,9,0,1,21
1658.6765926980297,4,45.5,0,6,6,10,0,0,22
1659.6874489730108,4,40.0,0,1,5,14,1,2,23
1660.6999470349983,4,59.25,0,3,3,10,1,2,19
1661.7140670000226,4,18.5,0,3,2,11,0,1,17
1662.7277763930033,4,40.25,0,3,3,9,1,1,17
1663.7377229820122,4,68.5,0,3,1,8,0,3,15
1664.7517253260012,4,60.75,0,1,2,9,0,0,12
1665.7654443830252,4,23.5,0,2,3,6,3,0,14
1666.7790670660324,4,29.25,0,3,0,8,1,4,16
1667.7929225680418,4,45.75,0,1,1,8,1,0,11
1668.8037788530346,4,64.5,0,1,1,6,0,0,8
1669.8173211790272,4,25.5,0,0,0,7,1,0,8
1670.8311698350008,4,70.25,0,0,0,2,0,5,7
1671.844953850028,4,45.75,0,2,0,2,0,0,4
1672.8585347789922,4,6.25,1,1,1,0,0,1,3
1673.872466994042,4,0.0,3,1,1,0,0,1,3
1674.886210206023,4,0.0,4,1,1,0,0,1,3
1675.9006820890354,4,0.0,6,1,1,0,0,1,3
1676.9143138400395,4,0.0,7,1,1,0,0,1,3
1677.927301613032,4,0.0,8,1,1,0,0,1,3
1678.939902779006,4,0.0,10,1,1,0,0,1,3
1679.9541278820252,4,0.0,10,1,1,0,0,1,3
1680.9655628559995,4,0.0,0,10,2,0,0,0,12
1681.978001512005,4,0.0,0,10,1,2,0,0,13
1682.991533124994,4,22.75,0,10,5,2,0,0,17
1684.0032819740009,4,45.75,0,5,5,7,1,0,18
1685.0150049070362,4,16.25,2,5,2,11,0,0,18
1686.0287092960207,4,22.75,0,5,3,11,0,0,19
1687.042363606044,4,23.0,0,1,4,12,1,0,18
1688.0550986020244,4,15.75,0,2,1,14,0,0,17
1689.0715818350436,4,7.0,0,1,1,14,2,0,18
1690.0851057540276,4,25.0,0,1,1,13,1,1,17
1691.097306628013,4,46.25,1,2,1,10,0,0,13
1692.111250907008,4,1.25,0,5,1,10,0,0,16
1693.1241535760346,4,17.25,1,5,4,12,0,0,21
1694.1360111639951,4,20.5,3,8,2,14,1,0,25
1695.1499967590207,4,47.0,0,13,0,13,0,4,30
1696.1642396220122,4,19.75,0,11,2,14,1,0,28
1697.1747460410115,4,14.25,4,6,10,10,4,0,30
1698.1888308610069,4,44.0,0,11,2,14,0,0,27
1699.2028922380414,4,44.0,0,10,4,10,1,0,25
1700.216080765007,4,25.75,1,10,4,8,2,0,24
1701.230686688039,4,25.0,0,12,3,6,0,5,26
1702.2418570840382,4,0.75,0,10,3,3,3,2,21
1703.2541605100268,4,22.25,0,6,4,3,0,0,13
1704.2670091960463,4,0.0,0,1,7,5,0,1,14
1705.2809923900058,4,44.5,0,3,4,9,0,0,16
1706.2930766190402,4,18.5,0,1,3,11,1,0,16
1707.3066966750193,4,36.25,0,3,1,12,0,2,18
1708.319138053048,4,40.75,0,4,1,11,0,0,16
1709.3305127060157,4,27.5,0,6,2,6,2,1,17
1710.3400606030482,4,67.5,0,7,8,6,0,0,21
1711.3538601670298,4,21.75,6,4,5,8,3,1,21
1712.3728845870355,4,23.25,0,13,4,6,0,4,27
1713.387300167,4,45.25,0,14,5,6,0,0,25
1714.398353703029,4,16.0,2,14,3,6,2,0,25
1715.4120098809944,4,69.25,2,14,3,1,7,0,25
1716.423002560041,4,0.0,4,14,3,0,8,0,25
1717.4369723350392,4,0.0,5,14,3,0,8,0,25
1718.4492809789954,4,0.0,5,14,3,0,8,0,25
1719.461877697031,4,0.0,5,14,3,0,8,0,25
1720.4753997560474,4,0.0,9,14,3,0,8,0,25
1721.4864838370122,4,22.5,6,15,4,1,0,12,32
1722.5007647890016,4,0.0,2,17,7,2,0,6,32
1723.5144187470432,4,0.0,0,15,9,1,2,1,28
1724.5283741140156,4,22.75,0,19,7,1,0,4,31
1725.539705422998,4,0.0,0,20,6,2,0,1,29
1726.553384763014,4,0.0,0,16,9,3,0,0,28
1727.5647624839912,4,0.0,0,11,11,6,0,0,28
1728.578465375991,4,19.0,0,7,4,16,0,1,28
1729.6383410160197,4,38.0,0,8,4,16,0,0,28
1730.6798126680078,4,16.0,2,8,4,12,4,0,28
1731.6913738700096,4,23.5,0,12,3,10,0,7,32
1732.705618810025,4,0.0,2,7,10,11,0,0,28
1733.719733605045,4,0.0,2,6,12,12,0,1,31
1734.7319266830455,4,0.0,7,6,13,12,0,1,32
1735.7457938099978,4,70.5,9,8,10,11,2,1,32
1736.7596660639974,4,69.25,10,9,8,7,0,8,32
1737.7732857390074,4,66.25,8,13,7,6,0,4,30
1738.7844699830166,4,24.0,2,19,6,7,0,0,32
1739.7982957049971,4,60.5,3,20,4,7,0,1,32
1740.8098595720367,4,0.0,6,11,12,8,0,1,32
1741.8234566799947,4,24.25,4,8,11,11,1,1,32
1742.8374153740006,4,44.75,2,8,8,12,0,4,32
1743.850884738029,4,45.75,0,11,7,10,0,3,31
1744.864925085043,4,0.75,0,8,8,11,1,0,28
1745.8788393710274,4,11.75,1,2,10,14,1,1,28
1746.8905179600115,4,49.0,0,2,4,17,1,0,24
1747.9043486470473,4,70.0,0,5,3,13,0,1,22
1748.9157400080003,4,23.25,0,3,6,13,0,0,22
1749.929589817999,4,0.0,0,5,6,9,1,3,24
1750.9445083500468,4,55.0,0,5,6,7,3,3,24
1751.9580238190247,4,46.5,1,5,6,5,5,3,24
1752.9716295209946,4,46.5,3,5,6,2,8,3,24
1753.9857694260427,4,45.5,3,5,6,0,10,3,24
1754.9992720900336,4,0.0,5,5,6,0,10,3,24
1756.0130300180172,4,0.0,6,5,6,0,10,3,24
1757.0265910190064,4,0.0,6,5,4,2,10,3,24
1758.0404219040065,4,24.0,7,5,4,1,1,13,24
1759.0675871100393,4,22.5,0,12,4,1,0,2,19
1760.0797997630434,4,0.0,0,7,8,2,0,0,17
1761.0934596070438,4,0.0,0,2,11,4,0,0,17
1762.1069960860186,4,24.5,1,1,8,7,1,0,17
1763.1209951820201,4,23.5,0,1,8,8,0,1,18
1764.1349449080299,4,22.5,0,2,6,9,0,0,17
1765.148557344044,4,43.25,0,2,5,12,0,0,19
1766.1553814450162,4,25.75,1,2,3,11,1,0,17
1767.1691662030062,4,22.5,0,2,4,11,0,0,17
1768.1828301850474,4,46.0,0,1,3,10,0,3,17
1769.196818616998,4,22.25,0,0,1,11,0,0,12
1770.2107696640305,4,73.5,0,0,1,10,0,0,11
1771.225480543042,4,91.0,0,0,0,8,1,0,9
1772.2393469189992,4,17.25,0,2,0,5,0,4,11
1773.2512857010006,4,19.25,1,3,1,2,1,1,8
1774.2646486490266,4,21.5,1,1,2,3,0,2,8
1775.2788651820156,4,44.75,0,3,1,2,0,1,7
1776.293051886023,4,23.75,0,5,1,1,0,0,7
1777.3066594140255,4,23.0,1,2,2,5,0,0,9
1778.3204783130204,4,1.25,0,4,2,6,0,0,12
1779.334348525037,4,23.0,0,3,1,7,0,0,11
1780.348628294014,4,62.25,2,4,1,4,3,0,12
1781.3597962050117,4,45.5,0,6,2,4,0,1,13
1782.372463548032,4,46.25,1,4,2,5,1,0,12
1783.3857771490002,4,47.0,0,5,5,2,0,4,16
1784.397352155007,4,0.0,2,6,4,2,1,3,16
1785.4101499569952,4,6.75,0,7,4,3,0,1,15
1786.4241516719921,4,0.0,1,6,5,1,2,1,15
1787.4378013100359,4,0.0,3,6,5,0,3,1,15
1788.4571004070458,4,0.0,3,6,5,0,3,1,15
1789.4708289300324,4,0.0,3,6,5,0,3,1,15
1790.4879130750196,4,0.0,4,6,5,0,3,1,15
1791.5020611960208,4,0.0,6,6,5,0,3,1,15
1792.5157606590074,4,0.0,7,6,5,0,3,1,15
1793.5297687690472,4,0.0,8,6,5,0,3,1,15
1794.5432623529923,4,23.0,0,13,6,2,0,3,24
1795.5546980280196,4,21.0,0,15,4,5,0,1,25
1796.5684916950413,4,11.0,0,15,4,6,0,0,25
1797.575559918012,4,0.0,2,7,11,8,0,0,26
1798.5901655280031,4,23.0,0,5,11,11,1,0,28
1799.602992606,4,45.25,0,4,9,13,2,0,28
1800.6167238840135,4,45.5,0,5,6,13,0,5,29
1801.6359453420155,4,25.5,1,5,6,12,0,2,25
1802.6482902159914,4,9.5,1,6,4,14,0,0,24
1803.6605729180155,4,46.25,0,11,2,16,0,0,29
1804.6853697010083,4,5.5,0,5,7,14,0,3,29
1805.6922238460393,4,22.0,0,4,4,13,1,4,26
1806.7036481190007,4,71.75,0,5,3,11,0,3,22
1807.7170177810476,4,22.25,0,2,6,11,1,1,21
1808.7310664530378,4,6.0,0,3,1,15,0,1,20
1809.7447549100034,4,43.25,2,2,2,14,2,1,21
1810.7585043680156,4,70.25,0,5,1,11,4,2,23
1811.7709287680336,4,36.75,0,6,1,8,0,3,18
1812.7836097590043,4,23.0,0,1,5,7,0,3,16
1813.797561682004,4,21.75,0,2,4,8,0,0,14
1814.8111906390404,4,23.0,0,2,4,8,0,0,14
1815.8251556800096,4,43.0,0,1,4,10,0,0,15
1816.8392105650273,4,0.0,1,1,4,10,1,0,16
1817.85168170603,4,53.25,0,2,3,11,0,0,16
1818.865224304027,4,43.75,0,1,3,7,2,0,13
1819.878646939993,4,45.5,3,1,3,4,5,0,13
1820.8922334390227,4,46.0,3,1,3,3,6,0,13
1821.9060457120067,4,46.0,5,1,3,3,6,0,13
1822.9198614429915,4,23.25,7,1,3,0,9,0,13
1823.933463479043,4,0.0,7,1,3,0,9,0,13
1824.9460884589935,4,0.0,7,1,3,0,9,0,13
1825.959782629041,4,0.0,9,1,3,0,9,0,13
1826.973534809018,4,0.0,12,1,3,0,0,9,13
1827.9852594070253,4,0.0,0,12,3,1,0,9,25
1828.9966958040022,4,0.0,0,12,3,1,0,0,16
1830.0087962970138,4,0.0,0,12,4,1,0,0,17
1831.0231403750367,4,23.5,0,10,4,3,0,0,17
1832.034007092996,4,21.25,1,4,7,8,0,0,19
1833.0471043240395,4,0.0,0,4,8,8,0,0,20
1834.0610011030221,4,9.5,0,2,6,12,0,0,20
1835.0755771970144,4,62.75,0,1,5,15,0,0,21
1836.089270513039,4,48.0,0,3,5,13,0,0,21
1837.1035148230148,4,44.0,0,2,3,17,0,0,22
1838.1164602820063,4,35.25,0,1,1,18,1,0,21
1839.1301770950085,4,31.0,0,1,1,17,0,0,19
1840.1425643640105,4,46.75,0,0,0,13,3,0,16
1841.15451759001,4,91.75,3,0,0,6,8,2,16
1842.167750794033,4,23.5,0,4,0,2,2,2,10
1843.179764663044,4,22.25,0,0,1,4,0,0,5
1844.193258372019,4,65.0,0,1,1,3,0,0,5
1845.2074708419968,4,44.75,0,1,1,2,0,0,4
1846.2211044260184,4,11.25,0,2,0,3,0,0,5
1847.2348042399972,4,45.75,0,1,1,2,0,0,4
1848.2488362470176,4,34.0,0,1,0,2,0,0,3
1849.2657109940192,4,22.5,0,0,1,1,0,0,2
1850.275885356008,4,23.25,0,3,0,2,0,0,5
1851.3068780589965,4,22.5,0,4,0,2,0,0,6
1852.471867966,4,0.0,0,4,0,2,0,0,6
1853.4856403960148,4,6.75,0,5,0,2,0,0,7
1854.4959191840026,4,16.0,0,1,1,5,0,1,8
1855.509428958001,4,45.5,0,1,0,5,1,0,7
1856.5229986960185,4,44.25,0,2,1,4,0,1,8
1857.535590322048,4,45.25,0,1,2,3,0,1,7
1858.547443930991,4,56.5,0,0,1,5,0,0,6
1859.5610899520107,4,43.0,0,1,0,4,0,2,7
1860.5710270720301,4,24.0,0,1,0,2,1,1,5
1861.5821674020262,4,23.0,1,4,1,1,0,0,6
1862.595967939007,4,27.5,0,2,3,2,0,0,7
1863.6078687219997,4,22.5,0,1,3,4,0,0,8
1864.6218168180203,4,46.5,1,1,3,2,1,0,7
1865.6347519480041,4,46.5,3,1,3,1,2,0,7
1866.6485690490226,4,0.0,5,1,3,0,3,0,7
1867.6621159950155,4,0.0,5,1,3,0,3,0,7
1868.6761052780203,4,0.0,5,1,3,0,3,0,7
1869.6893079660367,4,0.0,6,1,3,0,3,0,7
1870.7033142599976,4,0.0,6,1,3,0,3,0,7
1871.7172113410197,4,0.0,8,1,3,0,3,0,7
1872.7308453680016,4,0.0,9,1,3,0,1,2,7
1873.7448506570072,4,0.0,0,9,4,0,0,2,15
1874.7590526160202,4,0.0,0,11,5,0,0,0,16
1875.7741952310316,4,0.0,0,10,5,3,0,0,18
1876.788634696044,4,23.25,0,3,11,4,0,0,18
1877.8022162420093,4,23.75,0,4,5,9,0,1,19
1878.8160960890236,4,40.25,0,3,6,8,1,0,18
1879.8297717850073,4,23.5,0,2,5,11,0,0,18
1880.8422664450482,4,29.25,1,2,4,12,1,0,19
1881.8563184100203,4,41.25,0,4,4,11,0,0,19
1882.8698654990294,4,69.5,0,4,3,6,0,5,18
1883.8822961500264,4,0.0,0,5,3,6,0,2,16
1884.8968061970081,4,0.0,0,5,4,6,0,0,15
1885.911070458009,4,24.25,0,4,4,9,0,0,17
1886.9246091810055,4,67.75,0,3,1,9,3,1,17
1887.9375011260272,4,44.25,0,1,3,7,0,1,12
1888.951415881049,4,33.75,1,5,1,8,1,0,15
1889.9627247070312,4,67.5,0,8,1,5,1,0,15
1890.976531662047,4,0.0,0,8,1,6,0,1,16
1891.9898922940483,4,23.25,1,3,5,6,1,1,16
1893.0038946620189,4,27.75,0,3,3,9,1,1,17
1894.0158691460383,4,27.25,0,4,4,8,0,3,19
1895.0267714140355,4,0.0,0,2,2,9,1,3,17
1896.039164902002,4,70.75,0,2,3,8,1,0,14
1897.051521004003,4,23.25,0,4,1,6,2,2,15
1898.0651876570191,4,22.5,0,6,0,2,0,6,14
1899.0791235800134,4,46.25,0,5,0,3,0,2,10
1900.0939218880376,4,71.25,0,0,2,3,0,1,6
1901.1076514479937,4,23.0,0,0,1,3,0,0,4
1902.12175599701,4,46.0,0,3,1,2,0,0,6
1903.1355130970478,4,23.25,1,6,1,2,0,1,10
1904.1493560220115,4,16.0,0,6,5,4,0,0,15
1905.1635945760063,4,34.5,0,7,3,7,0,0,17
1906.172277567035,4,14.5,3,3,5,8,1,0,17
1907.1843789940467,4,41.25,0,6,4,7,0,1,18
1908.196008435043,4,23.25,0,6,4,5,2,1,18
1909.209296845016,4,69.25,2,6,4,2,5,1,18
1910.2193683200167,4,22.5,5,6,4,0,7,1,18
1911.2333603580482,4,0.0,6,6,4,0,7,1,18
1912.2468311199918,4,0.0,6,6,4,0,7,1,18
1913.2572878720239,4,0.0,6,6,4,0,7,1,18
1914.27093015,4,0.0,7,6,4,0,7,1,18
1915.2862340940046,4,0.0,7,6,4,0,7,1,18
1916.299809942022,4,0.0,8,6,4,0,7,1,18
1917.313433823001,4,0.0,9,6,4,0,7,1,18
1918.3275218670024,4,0.0,12,6,4,0,7,1,18
1919.3384606190375,4,0.0,13,6,4,0,7,1,18
1920.352615978045,4,0.0,0,15,6,3,0,7,31
1921.3662948690471,4,0.5,0,14,6,3,0,0,23
1922.380542083003,4,45.0,0,9,7,5,0,2,23
1923.3912008920452,4,22.5,0,5,9,6,0,3,23
1924.4006750250119,4,0.25,0,2,8,10,0,1,21
1925.414429522003,4,31.5,0,1,6,11,2,0,20
1926.4224512799992,4,30.75,0,0,5,13,0,1,19
1927.4380663260235,4,46.5,0,1,4,12,0,2,19
1928.4514327410143,4,42.75,0,2,2,11,1,0,16
1929.4656420850079,4,69.75,0,0,2,10,0,2,14
1930.4783863530029,4,46.75,0,4,2,9,0,1,16
1931.4928536980296,4,22.75,0,6,1,10,0,0,17
1932.5035241389996,4,23.5,0,6,3,10,0,1,20
1933.5173828219995,4,41.75,0,3,4,12,0,0,19
1934.5313961860375,4,0.0,0,1,3,15,0,1,20
1935.542540710012,4,22.75,0,1,3,13,1,0,18
1936.55636499502,4,22.0,0,0,1,13,0,1,15
1937.570065507025,4,54.25,1,0,1,6,7,1,15
1938.584172804025,4,59.25,1,2,1,3,2,7,15
1939.5978146900306,4,45.5,0,3,1,2,1,0,7
1940.6087184640346,4,31.75,1,1,3,2,0,2,8
1941.6225506740157,4,23.0,0,4,2,2,0,0,8
1942.6375801250106,4,40.25,0,3,4,2,0,2,11
1943.6517450539977,4,9.0,0,5,3,3,0,2,13
1944.6657327390276,4,46.25,0,7,2,3,0,1,13
1945.6796553400345,4,31.0,1,4,4,3,0,0,11
1946.693254191021,4,45.75,0,3,4,5,0,0,12
1947.7065904660267,4,68.25,3,4,3,4,2,0,13
1948.719719891029,4,45.0,5,4,3,0,6,0,13
1949.7334025920136,4,0.0,5,4,3,0,6,0,13
1950.7475990260136,4,0.0,8,4,3,0,6,0,13
1951.7614838120062,4,0.0,10,4,3,0,6,0,13
1952.775467473024,4,0.0,10,4,3,0,6,0,13
1953.7949192740489,4,0.0,13,4,3,0,6,0,13
1954.8090819880017,4,0.0,14,4,3,0,6,0,13
1955.8192567210062,4,0.0,14,4,3,0,6,0,13
1956.8334003339987,4,0.0,14,4,3,0,6,0,13
1957.8468277720385,4,0.0,14,4,3,0,6,0,13
1958.8601155880024,4,0.0,0,16,5,1,0,4,26
1959.8738267120207,4,20.0,3,17,3,2,1,1,24
1960.8876642700052,4,0.75,0,17,5,3,1,1,27
1961.9011251360062,4,0.0,1,10,5,11,1,1,28
1962.9147546140011,4,56.25,0,6,5,13,0,4,28
1963.9286014340469,4,68.0,3,4,7,9,4,4,28
1964.9425690569915,4,23.25,0,7,7,10,0,3,27
1965.957170927024,4,38.25,0,7,6,7,2,0,22
1966.9708013780182,4,0.0,0,7,4,5,2,0,18
1967.9846421460388,4,23.25,0,5,6,8,0,0,19
1968.998683547019,4,87.5,0,5,3,10,0,1,19
1970.0122743050451,4,1.75,0,6,3,10,0,0,19
1971.0263606230146,4,45.75,1,6,2,5,4,2,19
1972.0384531160234,4,63.75,0,10,1,4,1,5,21
1973.0522226419998,4,44.5,0,10,0,5,0,1,16
1974.0738461030414,4,0.0,0,9,3,5,0,1,18
1975.182046091999,4,10.0,1,10,2,6,0,0,18
1976.1955324370065,4,43.5,0,9,3,5,0,2,19
1977.2074600899941,4,67.75,0,5,5,5,0,4,19
1978.2214781219955,4,46.25,0,4,1,10,0,0,15
1979.235051715048,4,56.0,0,1,1,10,0,1,13
1980.245957177016,4,42.0,0,1,1,8,0,1,11
1981.259635835013,4,46.5,3,1,1,5,3,1,11
1982.281848890998,4,23.25,0,3,2,2,1,4,12
1983.2987920570304,4,23.25,0,4,2,2,0,1,9
1984.309657253034,4,0.0,0,3,4,1,0,2,10
1985.3227212520433,4,1.25,2,2,4,1,1,1,9
1986.336471090035,4,12.0,0,5,1,3,1,1,11
1987.3476509629982,4,45.0,1,4,1,4,0,0,9
1988.3618447000044,4,46.5,0,3,2,6,0,0,11
1989.3751119500375,4,24.25,0,1,1,8,0,0,10
1990.3879164670361,4,70.75,0,0,1,8,0,1,10
1991.3983760219999,4,63.25,1,0,1,1,6,1,9
1992.4260819070041,4,23.0,3,0,1,1,6,1,9
1993.4399708129931,4,0.0,3,0,1,0,7,1,9
1994.4470477210125,4,0.0,4,0,1,0,7,1,9
1995.4605271010078,4,0.0,6,0,1,0,7,1,9
1996.4717744319933,4,0.0,6,0,1,0,7,1,9
1997.4855364320101,4,0.0,6,0,1,0,7,1,9
1998.4992479630164,4,0.0,6,0,1,0,7,1,9
1999.5127273920225,4,0.0,8,0,1,0,7,1,9
2000.5236635280307,4,0.0,9,0,1,0,7,1,9
2001.5372929440346,4,0.0,10,0,1,0,7,1,9
2002.5512423740001,4,0.0,12,0,1,0,7,1,9
2003.5577481170185,4,0.0,14,0,1,0,5,3,9
2004.571516252996,4,0.0,0,16,1,0,0,2,19
2005.5856294130208,4,0.0,0,10,6,1,0,0,17
2006.5992099580471,4,0.0,0,2,7,8,0,0,17
2007.6129374150187,4,88.0,1,0,4,10,2,1,17
2008.626880361,4,29.5,3,3,4,9,1,3,20
2009.6381425799918,4,33.0,0,7,3,4,0,7,21
2010.650770531036,4,29.75,0,8,3,6,0,0,17
2011.6632470260374,4,22.75,0,4,4,12,0,0,20
2012.677039642993,4,0.0,0,2,2,12,0,0,16
2013.6909638890065,4,48.75,0,4,2,12,1,1,20
2014.7048061109963,4,7.0,1,4,4,10,2,0,20
2015.7171988899936,4,22.75,0,5,1,7,0,3,16
2016.731067257002,4,46.5,1,4,2,8,0,0,14
2017.7447978240089,4,47.5,0,4,5,7,0,0,16
2018.7576904460439,4,38.0,0,2,5,9,0,1,17
2019.7710550850024,4,79.25,2,0,4,7,1,0,12
2020.7778526780312,4,22.25,0,8,4,3,0,1,16
2021.792065879039,4,0.0,0,4,5,6,1,0,16
2022.8041928450111,4,39.5,0,7,7,6,0,1,21
2023.815070490993,4,45.25,0,9,1,9,2,0,21
2024.8268066290184,4,23.0,0,7,2,5,0,2,16
2025.8404992240248,4,21.0,0,4,5,3,0,0,12
2026.8510701010237,4,28.5,0,5,2,8,0,0,15
2027.8645238730242,4,49.0,0,0,4,6,2,3,15
2028.8785157450475,4,45.5,0,1,4,3,0,1,9
2029.8925714060315,4,31.0,0,4,4,2,0,0,10
2030.9052473880001,4,25.0,0,2,4,6,0,0,12
2031.9195683260332,4,69.75,0,1,3,8,0,1,13
2032.9327478859923,4,23.0,0,0,3,6,1,0,10
2033.9437547770212,4,45.5,0,2,3,2,1,2,10
2034.9557783260243,4,22.75,0,2,2,4,0,0,8
2035.9695167820319,4,23.0,0,1,3,4,1,0,9
2036.9835100860219,4,23.0,0,1,2,4,0,0,7
2037.9971535630175,4,51.25,0,0,1,3,1,1,6
2039.008147487999,4,23.0,0,2,1,2,0,0,5
2040.0218138120254,4,22.75,0,2,0,1,2,0,5
2041.0354373250157,4,22.5,1,2,0,2,0,2,6
2042.048471369024,4,24.25,0,2,1,2,0,1,6
2043.0626010830165,4,0.0,0,2,2,3,0,0,7
2044.0733132790192,4,23.0,0,2,1,4,0,0,7
2045.0850788530079,4,22.75,0,1,1,5,0,0,7
2046.0972744640312,4,23.25,0,0,0,6,1,0,7
2047.111312107998,4,46.75,0,2,0,3,0,3,8
2048.1172370210406,4,0.0,0,2,2,2,0,0,6
2049.131293995015,4,11.25,0,4,1,1,0,1,7
2050.144964429026,4,1.75,1,4,1,0,1,1,7
2051.1579258050187,4,0.0,3,4,1,0,1,1,7
2052.1705782749923,4,0.0,3,4,1,0,1,1,7
2053.183472070028,4,0.0,4,4,1,0,1,1,7
2054.197288658994,4,0.0,4,4,1,0,1,1,7
2055.209774882009,4,0.0,4,4,1,0,1,1,7
2056.224321620015,4,0.0,4,4,1,0,1,1,7
2057.237763623998,4,0.0,7,4,1,0,1,1,7
2058.252012548037,4,0.0,10,4,1,0,1,1,7
2059.2647496699938,4,0.0,11,4,1,0,1,1,7
2060.2897197790444,4,0.0,15,4,1,0,1,1,7
2061.3002458880073,4,0.0,17,4,1,0,1,1,7
2062.3138998540235,4,0.0,18,4,1,0,1,1,7
2063.335633443028,4,0.0,22,2,1,2,0,2,7
2064.3493076830055,4,22.75,3,28,1,2,0,1,32
2065.3636338380165,4,3.5,5,27,3,2,0,0,32
2066.377173540008,4,0.0,5,20,10,2,0,0,32
2067.388239924039,4,0.0,5,4,18,9,1,0,32
2068.4018223650055,4,7.5,2,4,9,18,0,1,32
2069.410453454999,4,44.5,0,9,6,17,0,0,32
2070.4241114759934,4,20.0,3,6,7,18,0,1,32
2071.432081734005,4,57.75,6,5,6,12,5,3,31
2072.4459927839926,4,33.0,8,1,9,11,2,9,32
2073.4571785459993,4,22.0,1,10,4,13,0,5,32
2074.467596537026,4,23.5,0,12,4,10,1,2,29
2075.482119971013,4,0.0,0,5,11,11,0,0,27
2076.49453499401,4,37.5,1,4,5,14,0,5,28
2077.508578352048,4,23.0,0,4,6,12,2,0,24
2078.522370413004,4,43.0,0,3,7,9,0,4,23
2079.5326625250163,4,24.5,0,1,6,11,0,3,21
2080.5403672570246,4,16.25,1,2,6,11,0,1,20
2081.5480292810244,4,6.75,0,3,6,9,2,0,20
2082.5621148810023,4,30.25,0,5,5,9,0,3,22
2083.5732289010193,4,20.5,0,4,4,9,2,0,19
2084.587505821022,4,60.75,0,1,5,11,0,3,20
2085.6010818050127,4,40.5,0,2,4,12,0,0,18
2086.6147759620217,4,26.25,0,2,2,12,1,0,17
2087.628449515032,4,45.5,0,2,1,11,0,2,16
2088.6396462030243,4,43.5,0,2,2,8,0,2,14
2089.6509623930324,4,44.75,0,4,0,10,0,1,15
2090.6650040370296,4,0.0,0,5,2,8,0,0,15
2091.6783385790186,4,23.0,0,4,0,9,1,0,14
2092.6922731940285,4,22.5,0,1,2,5,0,0,8
2093.7058615360293,4,29.75,0,0,1,2,0,1,4
2094.7199341530213,4,21.75,0,2,1,1,0,0,4
2095.8168619990465,4,32.25,1,0,1,3,0,0,4
2096.851785606006,4,17.25,2,0,1,3,0,0,4
2097.865758072003,4,29.25,6,0,1,2,1,0,4
2098.878553376009,4,5.0,0,5,2,2,0,0,9
2099.8936717390316,4,0.0,0,5,0,4,0,0,9
2100.90793038602,4,45.25,4,5,0,3,1,0,9
2101.918923649995,4,31.75,7,5,0,1,3,0,9
2102.932200729032,4,0.0,10,5,0,0,4,0,9
2103.9454600590398,4,0.0,10,5,0,0,4,0,9
2104.9596219290397,4,0.0,13,5,0,0,4,0,9
2105.973119631002,4,0.0,15,5,0,0,4,0,9
2106.985988452041,4,0.0,15,5,0,0,4,0,9
2107.9978751400486,4,0.0,20,5,0,0,4,0,9
2109.011537217011,4,0.0,21,5,0,0,4,0,9
2110.025679400016,4,0.0,25,5,0,0,4,0,9
2111.039594942995,4,0.0,27,2,2,1,4,0,9
2112.052791644004,4,0.0,5,23,4,1,0,4,32
2113.066000992025,4,0.0,2,29,2,1,0,0,32
2114.0802821210236,4,0.0,4,28,2,2,0,0,32
2115.094097421039,4,14.0,6,10,16,4,0,2,32
2116.108201480005,4,23.0,5,6,16,9,0,1,32
2117.1219024740276,4,23.0,4,7,14,10,0,1,32
2118.140255369013,4,24.5,3,8,12,12,0,0,32
2119.1515933800256,4,22.5,1,11,10,8,0,3,32
2120.165585272014,4,50.5,0,13,10,8,0,1,32
2121.1788880870445,4,27.25,0,15,8,8,0,0,31
2122.1928273920203,4,22.75,3,16,7,9,0,0,32
2123.2069752120296,4,0.0,3,9,10,13,0,0,32
2124.220560814021,4,39.5,5,0,13,18,0,1,32
2125.2311899950146,4,41.25,8,0,10,12,6,4,32
2126.2449919770006,4,43.0,7,2,10,9,0,9,30
2127.259269033035,4,1.5,0,9,8,11,0,1,29
2128.27290098503,4,23.0,0,5,7,12,2,2,28
2129.286957781005,4,68.0,0,3,6,13,0,5,27
2130.3114023550297,4,23.75,0,3,6,13,0,2,24
2131.321183460008,4,55.5,0,3,6,10,1,2,22
2132.334740204038,4,45.75,0,4,5,10,0,2,21
2133.348592675,4,22.75,0,5,5,10,2,0,22
2134.362183869991,4,67.25,3,5,5,6,4,2,22
2135.3733511880273,4,65.75,0,5,6,6,0,5,22
2136.3854126800434,4,7.0,0,5,5,8,0,2,20
2137.3991685869987,4,23.0,0,5,6,8,0,1,20
2138.412994456012,4,34.5,1,5,4,9,1,0,19
2139.4252524690237,4,45.25,1,6,3,7,2,2,20
2140.438769810018,4,46.5,1,6,3,1,8,2,20
2141.452747729025,4,30.75,1,6,3,0,9,2,20
2142.4660887470236,4,0.0,5,6,3,0,9,2,20
2143.4803679890465,4,0.0,6,6,3,0,9,2,20
2144.493867976009,4,0.0,8,6,3,0,9,2,20
2145.5077980750357,4,0.0,8,6,3,0,9,2,20
2146.522282553022,4,0.0,10,6,3,0,9,2,20
2147.536253647995,4,0.0,14,6,3,0,9,2,20
2148.5500958129996,4,0.0,15,6,3,0,9,2,20
2149.5627951960196,4,0.0,18,6,3,0,9,2,20
2150.5765891980263,4,0.0,24,6,3,0,9,2,20
2151.590521457023,4,0.0,25,4,4,1,7,4,20
2152.602422316035,4,23.5,12,15,5,3,0,9,32
2153.6162884940277,4,45.75,3,23,2,6,0,1,32
2154.630353661021,4,45.75,5,22,2,7,0,0,31
2155.6449478490395,4,23.0,7,14,10,8,0,0,32
2156.658623851021,4,9.5,8,5,16,9,2,0,32
2157.672666656028,4,23.75,9,4,11,11,3,3,32
2158.686906073999,4,24.0,10,6,5,12,0,9,32
2159.69712628203,4,30.5,2,15,5,10,0,2,32
2160.7111422040034,4,23.25,2,14,6,8,0,4,32
2161.7208498520195,4,24.0,2,12,6,10,0,4,32
2162.734526645043,4,0.0,1,12,4,15,0,1,32
2163.7463560239994,4,25.0,0,8,7,17,0,0,32
2164.756495363021,4,46.75,1,1,9,19,0,3,32
2165.7682747880463,4,0.0,0,2,9,15,1,2,29
2166.782351289992,4,68.5,1,2,7,12,3,3,27
2167.7960757690016,4,24.5,1,5,7,7,0,11,30
2168.8051139760064,4,8.5,1,4,8,6,0,1,19
2169.819493128045,4,21.25,0,2,8,6,1,2,19
2170.8333088899963,4,4.5,0,2,7,7,0,2,18
2171.8472253830405,4,43.5,0,2,3,12,0,0,17
2172.8585292330245,4,46.0,0,0,3,11,2,0,16
2173.872313638043,4,23.75,0,1,2,7,0,0,10
2174.883714749012,4,22.5,0,1,1,7,1,0,10
2175.8951884770067,4,46.5,0,3,0,7,0,2,12
2176.9069014260313,4,53.25,1,2,0,4,1,2,9
2177.920782185043,4,34.75,0,2,1,3,0,0,6
2178.934426970023,4,16.5,0,1,2,4,0,0,7
2179.946004614001,4,69.5,0,1,1,3,2,0,7
2180.9598044590093,4,57.5,0,0,1,5,0,0,6
2181.9723955279915,4,45.5,0,1,0,4,0,2,7
2182.9864630370284,4,45.5,0,0,1,3,0,0,4
2184.000214240048,4,31.25,0,1,0,4,0,0,5
2185.012802993995,4,68.5,0,0,0,3,0,0,3
2186.026739201043,4,23.0,0,0,0,1,0,0,1
2187.04146385903,4,0.0,0,2,0,1,0,0,3
2188.05570093001,4,0.0,0,4,1,0,1,0,6
2189.0695907790214,4,0.0,0,4,1,1,0,0,6
2190.0838885030244,4,23.5,0,4,1,0,1,0,6
2191.0955333140446,4,0.0,0,4,1,0,1,0,6
2192.1084861810086,4,0.0,1,4,1,0,1,0,6
2193.1217789830407,4,0.0,2,4,1,0,1,0,6
2194.135504545993,4,0.0,2,4,1,0,1,0,6
2195.1488766070106,4,0.0,3,4,1,0,1,0,6
2196.1617076630355,4,0.0,3,4,1,0,1,0,6
2197.1756948590046,4,0.0,7,4,1,0,1,0,6
2198.1895198800485,4,0.0,7,4,1,0,1,0,6
2199.203994665004,4,0.0,7,4,1,0,1,0,6
2200.2170243629953,4,0.0,8,4,1,0,1,0,6
2201.2307658470236,4,0.0,9,4,1,0,1,0,6
2202.2445147550316,4,0.0,11,4,1,0,1,0,6
2203.2582208710373,4,0.0,12,4,1,0,1,0,6
2204.2700760830194,4,0.0,12,4,1,0,1,0,6
2205.283670380013,4,0.0,12,4,1,0,1,0,6
2206.2977266110247,4,0.0,0,15,4,0,0,1,20
2207.3111172619974,4,0.0,0,16,4,0,0,0,20
2208.3253193020355,4,0.0,0,11,5,5,0,0,21
2209.349993787997,4,22.75,0,6,8,8,0,0,22
2210.3636415250367,4,5.0,0,6,6,11,0,0,23
2211.375813401013,4,22.75,0,6,4,13,0,0,23
2212.3893754450255,4,23.0,0,3,4,17,0,0,24
2213.40038561204,4,23.75,0,2,3,19,0,0,24
2214.412927515048,4,42.5,0,2,3,17,1,1,24
2215.423789220047,4,44.25,0,1,4,12,2,2,21
2216.4344549010275,4,22.75,0,0,2,11,0,3,16
2217.4480539060314,4,69.25,0,1,2,7,0,1,11
2218.5314326389926,4,9.25,0,2,2,6,1,1,12
2219.5703387960093,4,15.0,5,2,2,5,2,1,12
2220.593279901019,4,0.0,0,8,2,5,0,0,15
2221.606038495025,4,29.75,4,6,3,1,3,1,14
2222.620746575005,4,0.0,0,6,7,3,0,4,20
2223.6347358450294,4,0.0,0,7,3,7,0,0,17
2224.648285164032,4,27.5,0,8,3,9,0,0,20
2225.660941273032,4,45.5,0,4,7,6,1,0,18
2226.6746025860193,4,66.75,0,1,5,10,0,2,18
2227.6883189320215,4,37.25,0,2,3,9,0,4,18
2228.701094841992,4,51.25,0,2,2,8,0,1,13
2229.7127872580313,4,17.0,0,4,3,8,0,0,15
2230.7262940439978,4,0.0,0,1,3,12,0,0,16
2231.7358413090114,4,46.0,0,1,2,10,2,1,16
2232.749420477019,4,46.5,0,1,0,9,0,2,12
2233.76366732904,4,22.75,0,1,1,7,0,1,10
2234.7778069149936,4,41.0,0,1,1,4,0,1,7
2235.791704171046,4,26.25,0,0,0,5,0,0,5
2236.8047264820198,4,46.5,0,2,0,4,0,0,6
2237.8207448979956,4,49.5,0,2,0,4,0,0,6
2238.8348410140024,4,0.5,3,2,0,0,2,2,6
2239.848244377994,4,0.0,0,7,0,0,0,0,7
2240.8595877879998,4,0.0,0,3,6,0,0,0,9
2241.8737260380294,4,0.0,0,0,6,3,0,1,10
2242.8880579540273,4,68.75,0,3,4,4,0,1,12
2243.9017788470373,4,70.25,0,6,2,5,1,0,14
2244.915170590044,4,69.25,0,6,1,4,0,2,13
2245.931272722024,4,0.0,0,2,5,5,0,0,12
2246.945357874036,4,78.5,0,2,1,6,0,2,11
2247.9592679000343,4,0.0,0,6,0,6,1,0,13
2248.9730543800397,4,68.75,1,5,0,2,4,2,13
2249.986784419045,4,23.25,0,1,1,4,0,0,6
2250.9999762160005,4,31.75,0,0,0,4,0,0,4
2252.0140033049975,4,23.25,0,1,0,4,0,0,5
2253.025132559007,4,22.75,2,1,0,2,2,0,5
2254.037007712992,4,22.5,0,3,1,2,0,2,8
2255.0508795070346,4,23.25,3,1,2,3,0,0,6
2256.0618982960004,4,0.0,0,4,2,4,0,0,10
2257.0762682870263,4,32.5,1,2,1,8,0,0,11
2258.090508234047,4,19.25,0,2,0,6,2,0,10
2259.1027613580227,4,44.75,3,2,0,3,4,1,10
2260.1160654289997,4,45.5,5,2,0,2,5,1,10
2261.1297904560342,4,0.0,6,2,0,0,7,1,10
2262.14381493401,4,0.0,6,2,0,0,7,1,10
2263.158078056993,4,0.0,7,2,0,0,7,1,10
2264.1717566440348,4,0.0,7,2,0,0,7,1,10
2265.185714941006,4,0.0,7,2,0,0,7,1,10
2266.1982936540153,4,0.0,7,2,0,0,7,1,10
2267.211915836029,4,0.0,10,2,0,0,7,1,10
2268.2258161579957,4,0.0,12,2,0,0,7,1,10
2269.239569582045,4,0.0,12,2,0,0,7,1,10
2270.2536283010268,4,0.0,12,2,0,0,7,1,10
2271.264642930997,4,0.0,0,13,0,1,0,9,23
2272.278748968034,4,4.25,0,14,0,1,0,0,15
2273.2910219810437,4,0.0,0,11,5,1,0,0,17
2274.30491702602,4,0.0,0,6,10,3,0,0,19
2275.318612349045,4,46.5,0,5,5,10,0,0,20
2276.3326861170353,4,0.0,0,5,6,8,0,1,20
2277.346205362992,4,65.75,0,3,4,10,0,1,18
2278.35790576,4,38.5,1,1,4,12,0,0,17
2279.3662465810194,4,92.5,2,1,3,11,2,0,17
2280.3796206590487,4,26.5,1,5,3,7,1,0,16
2281.389432805998,4,46.0,1,6,3,6,0,1,16
2282.4028648280073,4,53.25,0,6,3,7,0,0,16
2283.4171542580007,4,36.75,0,2,3,11,0,0,16
2284.425274120993,4,22.75,0,1,3,11,1,0,16
2285.4359786080313,4,23.5,0,1,3,6,5,1,16
2286.4448524060426,4,35.5,0,2,2,5,0,3,12
2287.4618105170084,4,22.75,0,3,2,6,0,0,11
2288.4738705850323,4,68.0,0,2,2,5,0,0,9
2289.487481417018,4,69.25,0,0,2,3,1,0,6
2290.5018230080022,4,22.75,0,0,2,2,0,0,4
2291.51100793801,4,3.25,0,0,1,2,1,0,4
2292.5246876040474,4,23.5,0,1,1,1,0,2,5
2293.536560650042,4,0.0,2,3,1,1,0,0,5
2294.5495827459963,4,0.0,0,4,0,2,0,1,7
2295.5654224000173,4,23.25,0,3,1,2,0,0,6
2296.5769323510467,4,23.75,0,1,1,4,0,0,6
2297.5908726429916,4,57.0,0,0,0,6,0,0,6
2298.6074513760395,4,39.75,1,1,0,5,0,0,6
2299.6210060320445,4,18.75,0,2,1,4,0,1,8
2300.634947167011,4,0.0,0,2,1,3,1,0,7
2301.6474116549944,4,55.25,0,3,1,3,2,0,9
2302.658897009038,4,34.25,0,3,1,3,1,1,9
2303.6712551750243,4,23.0,0,2,0,3,0,2,7
2304.6842758120038,4,68.75,0,0,2,1,0,1,4
2305.6977715530084,4,46.25,0,1,1,1,0,0,3
2306.7102949180407,4,22.75,0,2,1,1,0,0,4
2307.7222331050434,4,22.0,0,3,2,2,0,0,7
2308.735591183009,4,22.5,0,1,3,2,0,0,6
2309.7510254060035,4,25.0,0,2,1,6,0,0,9
2310.7652692830306,4,0.25,0,1,3,4,0,0,8
2311.776469853008,4,53.25,0,3,1,4,2,0,10
2312.789821807004,4,47.25,3,3,1,1,4,1,10
2313.803479490045,4,0.0,3,3,1,0,5,1,10
2314.817338496039,4,0.0,4,3,1,0,5,1,10
2315.8309730010224,4,0.0,5,3,1,0,5,1,10
2316.844344567042,4,0.0,7,3,1,0,5,1,10
2317.8580470360466,4,0.0,7,3,1,0,5,1,10
2318.8720061060158,4,0.0,10,3,1,0,5,1,10
2319.8909181040362,4,0.0,10,3,1,0,5,1,10
2320.903175680025,4,0.0,12,3,1,0,5,1,10
2321.9166746910196,4,0.0,12,3,1,0,5,1,10
2322.9306225810433,4,0.0,14,3,1,0,5,1,10
2323.941086139006,4,0.0,14,3,1,0,5,1,10
2324.954930359032,4,0.0,14,3,1,0,5,1,10
2325.9690147250076,4,0.0,14,3,1,0,5,1,10
2326.9862942050095,4,0.0,0,17,2,0,0,5,24
2327.9999585880432,4,0.0,0,16,2,2,0,2,22
2329.01407869003,4,1.25,0,12,5,3,0,0,20
2330.0214737460483,4,22.75,0,4,11,4,1,0,20
2331.035368910001,4,25.0,0,2,8,9,0,1,20
2332.049691738037,4,68.5,0,2,5,12,0,0,19
2333.057512239029,4,45.25,0,0,1,15,0,1,17
2334.0718905960093,4,45.25,0,1,1,10,4,1,17
2335.081726620032,4,75.5,0,6,1,8,0,2,17
2336.0921524830046,4,32.5,1,7,0,9,0,0,16
2337.106394338014,4,93.5,0,11,0,7,0,2,20
2338.1201827970217,4,0.0,0,10,2,5,2,0,19
2339.1347528630286,4,22.5,2,8,1,4,1,5,19
2340.1608044150053,4,46.0,0,5,3,6,0,8,22
2341.2821217220044,4,0.0,2,7,3,6,0,6,22
2342.321734279045,4,0.0,2,7,3,6,0,6,22
2343.3407564900117,4,68.0,0,7,3,4,0,7,21
2344.352007536043,4,32.25,0,7,2,5,0,1,15
2345.3635463590035,4,1.0,1,4,8,5,0,0,17
2346.373713558016,4,23.25,0,6,2,9,2,0,19
2347.3878263670485,4,34.75,0,10,2,6,0,5,23
2348.400626166025,4,12.5,0,10,3,9,0,2,24
2349.4145490850206,4,13.0,0,9,5,10,0,1,25
2350.428761068033,4,22.0,1,9,5,6,3,2,25
2351.439978508046,4,23.25,0,7,8,6,1,5,27
2352.4539668080397,4,0.0,0,6,8,7,3,3,27
2353.46761439502,4,92.25,3,5,8,2,8,3,26
2354.4814727500197,4,45.75,0,10,7,3,0,6,26
2355.4953574870015,4,45.5,0,10,7,4,0,5,26
2356.5094687460223,4,0.0,0,8,9,6,0,1,24
2357.527242731012,4,23.75,0,8,7,8,0,0,23
2358.540720532008,4,22.75,0,10,4,9,0,0,23
2359.553596170037,4,44.5,1,8,4,7,3,0,22
2360.5675448100083,4,22.25,0,2,10,5,4,3,24
2361.5806392920204,4,2.0,0,2,7,8,4,0,21
2362.5916778329993,4,24.0,0,2,6,4,1,8,21
2363.606203072006,4,57.75,0,2,5,5,0,1,13
2364.6190935930354,4,50.0,0,2,4,6,0,1,13
2365.632949395047,4,52.5,0,2,3,8,0,1,14
2366.6461564880447,4,38.5,0,1,1,11,0,1,14
2367.659989612992,4,22.5,0,1,1,5,5,1,13
2368.6708401680226,4,45.75,1,1,1,5,1,5,13
2369.6858256220003,4,43.25,3,1,0,5,2,5,13
2370.7039987129974,4,43.25,0,3,0,5,0,1,9
2371.7180218400317,4,40.25,0,3,0,2,1,2,8
2372.7311182389967,4,46.25,0,1,0,3,0,0,4
2373.7449871760327,4,46.75,0,1,0,2,1,0,4
2374.7583554810262,4,23.0,0,1,0,1,2,0,4
2375.7721612350433,4,23.0,1,1,0,1,2,0,4
2376.786343484011,4,0.0,3,1,0,0,3,0,4
2377.800122419023,4,0.0,5,1,0,0,3,0,4
2378.8144909150433,4,0.0,5,1,0,0,3,0,4
2379.8284492100356,4,0.0,5,1,0,0,3,0,4
2380.8421089530457,4,0.0,6,1,0,0,3,0,4
2381.8608298390172,4,0.0,7,1,0,0,3,0,4
2382.874614688044,4,0.0,7,1,0,0,3,0,4
2383.88862213603,4,0.0,11,1,0,0,3,0,4
2384.90231327503,4,0.0,13,1,0,0,3,0,4
2385.9158018369926,4,0.0,17,1,0,0,3,0,4
2386.927271073044,4,0.0,19,0,1,0,3,0,4
2387.9414211949916,4,0.0,19,0,1,0,3,0,4
2388.9540646760142,4,0.0,0,20,1,0,0,2,23
2389.966351983021,4,0.0,3,21,5,0,0,0,26
2390.980472857016,4,0.0,0,11,16,3,0,0,30
2391.992316962045,4,23.0,3,10,10,10,0,0,30
2393.0067123630433,4,93.5,5,9,4,12,5,0,30
2394.0185578880482,4,93.0,5,10,4,10,6,1,31
2395.0342592470115,4,32.25,4,12,4,6,1,9,32
2396.048148918024,4,91.0,0,17,1,7,0,3,28
2397.0596917000366,4,48.0,0,17,1,5,1,2,26
2398.0704942650045,4,35.0,0,17,1,1,0,5,24
2399.0845815280336,4,22.75,0,17,1,1,0,0,19
2400.0988030050066,4,1.25,0,17,1,0,1,0,19
2401.112534479995,4,0.0,0,15,2,1,0,0,18
2402.123968922009,4,0.0,1,4,7,6,1,0,18
2403.1372371820034,4,65.25,2,1,5,6,2,4,18
2404.148739862023,4,1.5,0,3,5,6,0,2,16
2405.1595251340186,4,23.0,3,2,4,6,0,2,14
2406.1729296650155,4,17.25,0,4,5,4,1,2,16
2407.1841122790356,4,32.5,4,4,4,4,1,2,15
2408.1956642250298,4,23.25,0,8,3,3,0,1,15
2409.2096866680076,4,36.75,0,7,3,2,0,1,13
2410.220577338012,4,23.25,0,4,6,2,0,0,12
2411.23444238503,4,45.0,0,1,1,8,0,0,10
2412.248036348028,4,8.5,0,1,1,7,0,0,9
2413.257865290041,4,26.75,2,1,1,4,3,0,9
2414.267762038042,4,22.75,0,5,1,3,0,4,13
2415.279290550039,4,23.0,0,4,2,2,0,0,8
2416.289792921045,4,70.5,0,0,1,7,0,0,8
2417.3075093060033,4,67.0,0,3,0,6,0,2,11
2418.3196481110062,4,24.0,0,1,2,5,1,0,9
2419.3307621240383,4,45.25,0,0,0,6,1,2,9
2420.3462469220394,4,27.25,0,2,0,4,0,1,7
2421.3628727080068,4,46.5,0,2,0,1,0,2,5
2422.3753435790422,4,23.25,1,2,2,0,1,0,5
2423.389353747014,4,24.0,2,3,2,1,0,0,6
2424.4025578270084,4,22.75,0,5,3,1,0,0,9
2425.416766687995,4,43.0,0,2,3,4,0,0,9
2426.430207094003,4,36.5,0,0,2,4,0,0,6
2427.4398182980367,4,18.5,0,2,1,5,0,0,8
2428.4537509870133,4,2.75,0,3,1,5,1,1,11
2429.4678174820147,4,45.5,0,2,3,6,0,1,12
2430.4821193070384,4,22.75,2,2,1,7,1,1,12
2431.4954145959928,4,69.25,0,6,0,6,0,3,15
2432.508925678034,4,23.75,0,7,0,6,1,1,15
2433.5226770750014,4,22.5,0,4,2,4,2,0,12
2434.536392847018,4,1.5,0,3,4,3,0,3,13
2435.5502376150107,4,23.0,1,3,4,1,2,3,13
2436.5646391230403,4,0.0,3,3,4,0,3,3,13
2437.578124274034,4,0.0,3,3,4,0,3,3,13
2438.5922614019946,4,0.0,5,3,4,0,3,3,13
2439.606087067048,4,0.0,5,3,4,0,3,3,13
2440.620051873033,4,0.0,5,3,4,0,3,3,13
2441.634005339991,4,0.0,7,3,4,0,3,3,13
2442.6478359460016,4,0.0,10,3,4,0,3,3,13
2443.661644597014,4,0.0,11,3,4,0,3,3,13
2444.675343647017,4,0.0,12,3,4,0,3,3,13
2445.6888604800333,4,0.0,13,3,4,0,3,3,13
2446.702657032991,4,0.0,15,3,4,0,3,3,13
2447.7157229040167,4,0.0,16,3,4,0,3,3,13
2448.727987248043,4,0.0,0,24,3,1,0,3,31
2449.741641550034,4,23.25,1,24,3,1,0,1,29
2450.7526553380303,4,12.75,1,22,3,4,0,0,29
2451.7662006060127,4,29.25,2,23,5,4,0,0,32
2452.7802952650236,4,0.0,5,11,17,4,0,0,32
2453.7938408760238,4,0.0,5,6,15,11,0,0,32
2454.804940920032,4,67.75,6,5,7,16,2,2,32
2455.819832380046,4,92.0,9,5,7,13,4,3,32
2456.831498893036,4,41.75,4,10,6,11,0,5,32
2457.844149757002,4,57.25,0,15,5,10,0,2,32
2458.8581584269996,4,45.5,0,18,3,9,1,0,31
2459.8650693010422,4,0.0,1,16,5,10,0,0,31
2460.8788294130354,4,8.25,1,5,12,14,1,0,32
2461.893343889038,4,0.0,0,6,5,18,2,1,32
2462.9428206660086,4,31.5,1,7,6,17,0,2,32
2463.984793797019,4,20.0,2,7,6,13,4,2,32
2464.998577336024,4,23.0,2,6,5,13,2,6,32
2466.012391418044,4,22.25,0,4,6,12,2,2,26
2467.0265589990304,4,10.0,0,2,10,11,1,3,27
2468.0405726140016,4,23.5,0,2,7,12,0,5,26
2469.052847397048,4,25.0,1,4,7,12,0,0,23
2470.064608311048,4,23.25,0,6,3,14,1,0,24
2471.0783421040396,4,47.5,0,7,3,13,0,0,23
2472.092745453003,4,42.5,0,6,3,9,1,0,19
2473.1063171949936,4,3.25,0,2,5,11,0,1,19
2474.120288600039,4,23.25,0,2,6,9,2,0,19
2475.1297750840313,4,44.75,0,2,5,9,2,2,20
2476.143729232019,4,23.0,3,2,3,9,0,4,18
2477.15547560103,4,69.5,0,4,5,7,0,3,19
2478.1665581699926,4,23.5,0,4,3,9,0,1,17
2479.1802732200013,4,31.0,0,1,4,9,0,3,17
2480.1940818729927,4,57.25,0,1,2,10,0,1,14
2481.2078686919995,4,46.5,0,1,2,7,3,0,13
2482.2192593709915,4,65.5,0,3,2,5,0,5,15
2483.23294903402,4,29.75,0,2,3,4,0,2,11
2484.244847802038,4,22.75,0,3,3,5,0,0,11
2485.257670361025,4,17.25,0,2,3,6,0,1,12
2486.2700822780025,4,46.5,0,3,1,6,0,0,10
2487.2814487190335,4,46.5,0,5,1,6,1,0,13
2488.2997619960224,4,22.5,0,5,0,7,0,0,12
2489.311432948045,4,46.75,0,5,0,3,4,0,12
2490.329174023005,4,23.25,1,5,0,2,5,0,12
2491.3482204670436,4,22.0,2,5,0,1,6,0,12
2492.3618550070096,4,22.5,2,5,0,0,7,0,12
2493.3762012959924,4,0.0,4,5,0,0,7,0,12
2494.390006637026,4,0.0,4,5,0,0,7,0,12
2495.403870294045,4,0.0,7,5,0,0,7,0,12
2496.417620997003,4,0.0,8,5,0,0,7,0,12
2497.430901512038,4,0.0,9,5,0,0,7,0,12
2498.444863244018,4,0.0,12,5,0,0,7,0,12
2499.458550468029,4,0.0,12,5,0,0,7,0,12
2500.47137418302,4,0.0,12,5,0,0,7,0,12
2501.485299855005,4,0.0,12,5,0,0,7,0,12
2502.498229312012,4,0.0,0,19,0,0,0,7,26
2503.5115038180375,4,16.5,0,15,3,1,0,0,19
2504.525125443004,4,0.0,0,9,6,5,0,0,20
2505.5386085600476,4,23.25,1,3,8,10,0,0,21
2506.551066813001,4,39.5,0,3,3,15,0,1,22
2507.5654718590085,4,23.5,0,3,4,14,0,1,22
2508.5784178600297,4,46.5,0,3,1,17,1,0,22
2509.593999049044,4,42.0,0,3,1,16,0,0,20
2510.6057890450465,4,35.75,0,2,1,11,0,1,15
2511.6171646710136,4,69.0,0,1,1,9,0,1,12
2512.633288117009,4,68.25,0,2,1,7,0,1,11
2513.6460632510134,4,65.5,0,0,1,7,0,1,9
2514.6619378899923,4,26.0,0,2,1,5,2,0,10
2515.673536566028,4,46.5,1,1,0,7,0,1,9
2516.685245778004,4,41.5,0,3,1,7,0,0,11
2517.699163637997,4,69.25,0,0,0,9,0,1,10
2518.711587622005,4,31.0,0,0,0,6,2,1,9
2519.722703265026,4,38.75,0,0,0,3,0,1,4
2520.7330616870313,4,23.25,0,1,0,2,0,0,3
2521.7468741720077,4,1.75,0,2,0,1,0,0,3
2522.7608846150106,4,18.0,0,1,1,1,0,0,3
2523.773820459028,4,0.0,1,1,0,2,0,0,3
2524.789909804007,4,2.5,0,3,1,2,0,0,6
2525.803774102009,4,23.25,0,0,1,5,0,0,6
2526.8167723389925,4,23.75,0,1,0,6,0,0,7
2527.8290998900193,4,10.0,0,1,0,6,0,0,7
2528.8432852110127,4,23.0,0,0,0,4,0,2,6
2529.856891973992,4,45.5,0,1,0,4,0,0,5
2530.8710683340323,4,38.25,0,2,0,3,0,0,5
2531.882857799006,4,34.25,0,1,2,3,0,0,6
2532.8940843520104,4,0.0,1,1,2,0,1,2,6
2533.9079162940034,4,0.75,0,2,0,2,0,0,4
2534.9221394010237,4,23.0,0,1,0,3,0,0,4
2535.936008437013,4,5.5,0,2,0,3,0,0,5
2536.9495502450154,4,22.75,0,1,1,4,0,0,6
2537.9604689610424,4,28.5,0,1,1,3,0,0,5
2538.969990106998,4,0.0,0,0,2,1,0,0,3
2539.9827053970075,4,7.0,0,0,0,3,0,0,3
2540.9965325240046,4,23.0,0,0,0,3,0,0,3
2542.006068120012,4,29.75,0,0,0,2,0,1,3
2543.0196778910467,4,23.25,0,0,0,1,0,0,1
2544.0339961019927,4,22.75,0,0,0,0,0,0,0
2545.0479679570417,4,1.25,0,1,0,0,0,0,1
2546.062082734017,4,3.5,0,1,0,0,0,0,1
2547.0758770470275,4,0.0,2,0,1,0,0,0,1
2548.089735220012,4,0.0,0,2,1,1,0,0,4
2549.103636082029,4,0.0,0,1,1,2,0,0,4
2550.1171278920374,4,46.25,0,1,1,3,0,0,5
2551.1307593310485,4,23.0,0,1,0,3,0,0,4
2552.1444369110395,4,23.0,0,1,0,3,0,0,4
2553.1580907099997,4,47.0,1,2,0,3,0,0,5
2554.1730742420186,4,23.5,0,2,1,5,0,0,8
2555.1832631480065,4,0.0,0,1,2,6,0,0,9
2556.1969733480364,4,47.75,0,1,2,5,0,0,8
2557.210815872997,4,58.0,0,1,2,3,2,0,8
2558.222000801994,4,68.0,0,0,1,3,0,2,6
2559.2288836310036,4,38.75,0,2,0,4,0,0,6
2560.242876706994,4,45.0,0,0,0,5,0,0,5
2561.253700865025,4,46.75,1,0,0,4,1,0,5
2562.2678516920423,4,23.0,0,3,0,3,0,2,8
2563.281928087992,4,27.25,0,3,1,3,0,0,7
2564.294937266037,4,23.0,0,3,1,4,0,0,8
2565.3084872619947,4,22.0,0,2,3,2,0,2,9
2566.3227175880456,4,0.75,0,2,1,3,0,0,6
2567.3367159219924,4,33.0,1,1,1,4,0,0,6
2568.3510417230427,4,45.5,0,2,2,2,0,1,7
2569.3651476509986,4,23.25,0,1,3,2,3,0,9
2570.3787808039924,4,68.25,0,1,3,2,0,2,8
2571.3917548820027,4,23.5,1,1,1,3,0,1,6
2572.399312291993,4,69.75,0,6,0,3,1,0,10
2573.4119823400397,4,33.0,0,8,1,4,1,1,15
2574.4234261380043,4,23.75,0,2,8,6,0,0,16
2575.434539474023,4,23.0,2,3,4,6,4,0,17
2576.447252782993,4,84.0,5,3,4,4,6,0,17
2577.4610517740366,4,92.5,7,3,4,2,8,0,17
2578.4749942210037,4,46.0,10,3,4,2,8,0,17
2579.488741410023,4,23.25,12,3,4,0,10,0,17
2580.5017662570463,4,0.0,12,3,4,0,10,0,17
2581.5148221360287,4,0.0,15,3,4,0,10,0,17
2582.528191313031,4,0.0,15,3,4,0,10,0,17
2583.541620494041,4,0.0,15,3,4,0,10,0,17
2584.5567316500237,4,0.0,15,3,4,0,10,0,17
2585.578584466013,4,0.0,17,3,4,0,10,0,17
2586.5914125210256,4,0.0,19,3,4,0,10,0,17
2587.6050809299923,4,0.0,20,3,4,0,10,0,17
2588.6189288650057,4,0.0,21,3,4,0,10,0,17
2589.6331347880187,4,0.0,25,3,4,0,10,0,17
2590.646706214,4,0.0,26,3,4,0,10,0,17
2591.660575838003,4,0.0,26,3,4,0,10,0,17
2592.6737068790244,4,0.0,26,3,4,0,10,0,17
2593.686419567035,4,0.0,27,3,4,0,10,0,17
2594.6970461900346,4,0.0,28,3,4,0,0,10,17
2595.7105456190184,4,0.0,15,18,4,0,0,7,29
2596.7224227630068,4,0.0,7,28,4,0,0,0,32
2597.7373047470464,4,24.25,9,26,4,2,0,0,32
2598.750735651003,4,0.0,10,14,13,4,0,1,32
2599.7654068770353,4,0.0,11,5,16,10,0,1,32
2600.7742056260468,4,49.0,13,2,9,19,0,2,32
2601.787950900034,4,0.75,13,4,8,19,0,1,32
2602.801816437044,4,44.5,13,4,6,14,3,5,32
2603.8136681400356,4,33.5,11,4,8,14,1,5,32
2604.826835237036,4,19.0,11,6,7,12,0,7,32
2605.8405723360484,4,23.0,6,12,6,11,0,3,32
2606.8543966040015,4,25.0,4,15,3,13,1,0,32
2607.8684170950437,4,24.0,7,13,5,13,0,1,32
2608.8819709779928,4,22.0,5,5,15,12,0,0,32
2609.893640591996,4,63.5,4,4,6,19,2,1,32
2610.905734634027,4,25.25,1,7,5,17,0,3,32
2611.9167442290345,4,7.5,1,7,6,17,1,1,32
2612.9286961380276,4,25.5,0,4,8,18,0,0,30
2613.940601130016,4,70.5,0,6,7,16,0,2,31
2614.9534262210364,4,18.0,1,3,8,16,1,1,29
2615.9669776130468,4,53.0,0,1,7,16,1,0,25
2616.978746934037,4,45.25,0,0,5,16,0,0,21
2617.990201128996,4,71.25,0,0,2,14,0,0,16
2619.003943819029,4,31.25,0,1,2,11,0,1,15
2620.017994346039,4,70.0,0,2,2,9,0,0,13
2621.0296926720184,4,46.5,0,4,2,6,0,1,13
2622.0443129999912,4,24.5,0,1,3,8,0,0,12
2623.0581166979973,4,52.75,0,1,2,7,0,0,10
2624.07175598701,4,46.25,0,1,1,6,0,0,8
2625.080661743006,4,23.25,0,0,1,6,0,0,7
2626.0946517339908,4,22.25,0,0,1,4,0,0,5
2627.1082298569963,4,22.5,0,2,0,3,0,2,7
2628.1221135529922,4,0.0,0,3,0,3,0,0,6
2629.1340763400076,4,0.0,0,0,1,5,0,0,6
2630.148027061019,4,23.5,0,1,1,4,0,0,6
2631.1588356120046,4,0.75,0,0,1,5,0,0,6
2632.1728905049968,4,46.0,0,0,0,6,0,0,6
2633.186501443037,4,52.5,0,1,0,4,0,0,5
2634.201030799013,4,12.25,0,3,0,3,0,0,6
2635.214892963995,4,69.75,0,1,1,4,1,0,7
2636.2282803560374,4,46.25,0,0,1,4,0,1,6
2637.2420480319997,4,0.0,0,0,1,2,1,0,4
2638.251150130003,4,46.25,0,1,1,1,0,0,3
2639.265073152026,4,22.75,0,1,2,0,1,0,4
2640.27920073102,4,0.0,0,0,2,1,0,1,4
2641.2927737520076,4,0.0,0,0,1,1,0,0,2
2642.306677715038,4,23.25,0,0,0,2,0,0,2
2643.318058353034,4,23.0,0,1,0,1,0,1,3
2644.3322924560052,4,10.0,0,1,0,1,0,0,2
2645.3458571360097,4,22.75,0,1,0,2,0,0,3
2646.360648666043,4,0.0,0,2,1,2,0,0,5
2647.375348297006,4,3.25,0,1,1,2,1,0,5
2648.388984805031,4,46.75,0,1,1,1,2,0,5
2649.4027575229993,4,0.0,0,1,1,0,3,0,5
2650.4165068150032,4,0.0,2,1,1,0,3,0,5
2651.4300503010163,4,0.0,2,1,1,0,3,0,5
2652.4441997490358,4,0.0,3,1,1,0,3,0,5
2653.4582937930245,4,0.0,3,1,1,0,3,0,5
2654.4718617050094,4,0.0,3,1,1,0,3,0,5
2655.482906880032,4,0.0,4,1,1,0,3,0,5
2656.4965773870354,4,0.0,7,1,1,0,3,0,5
2657.5105386890355,4,0.0,9,1,1,0,3,0,5
2658.5242087850347,4,0.0,9,1,1,0,3,0,5
2659.5380736360094,4,0.0,9,1,1,0,3,0,5
2660.551736997033,4,0.0,9,1,1,0,3,0,5
2661.565347167023,4,0.0,0,11,1,0,0,2,14
2662.578975295997,4,1.0,0,10,2,1,0,0,13
2663.592956673994,4,0.0,0,4,8,2,0,0,14
2664.604756159999,4,22.75,0,2,9,4,0,0,15
2665.6135240439908,4,23.25,0,2,4,9,0,0,15
2666.626714321028,4,45.25,0,2,2,10,0,0,14
2667.63869803102,4,24.5,0,2,3,9,0,0,14
2668.650385551038,4,12.0,0,2,2,10,1,0,15
2669.6643780150334,4,94.0,0,4,2,9,0,2,17
2670.678431494045,4,46.0,0,4,1,9,0,0,14
2671.6926917360397,4,65.25,0,6,0,9,0,0,15
2672.7046096800477,4,22.5,1,1,4,8,3,0,16
2673.7187459480483,4,37.75,0,2,2,7,0,6,17
2674.732193903008,4,23.5,0,2,1,7,0,1,11
2675.746157416026,4,69.0,0,0,0,9,0,0,9
2676.759946334001,4,69.75,1,0,0,4,3,0,7
2677.7736560979974,4,23.5,2,0,0,1,1,5,7
2678.7848777770414,4,23.25,0,6,1,1,0,1,9
2679.7993733280455,4,0.0,0,5,4,1,0,0,10
2680.8139347740216,4,0.0,1,3,2,6,0,0,11
2681.8253196100122,4,0.0,0,1,5,6,0,0,12
2682.837846998009,4,59.75,0,1,2,5,1,1,10
2683.851248148014,4,0.0,0,2,2,3,1,0,8
2684.8648447410087,4,5.0,0,7,2,2,0,1,12
2685.87836666801,4,23.0,1,10,2,0,0,2,14
2686.892664619023,4,0.25,0,12,4,0,0,0,16
2687.9065594770364,4,30.0,0,9,5,4,0,0,18
2688.9202528340393,4,0.0,1,9,4,5,0,1,19
2689.934622501023,4,5.75,4,7,5,4,2,0,18
2690.948473274999,4,23.0,0,10,7,7,0,3,27
2691.9621178270318,4,14.75,0,12,5,2,7,0,26
2692.975881883991,4,0.0,0,8,9,4,0,2,23
2693.990068252024,4,0.75,1,7,12,6,0,2,27
2695.0022997930064,4,23.25,6,7,7,7,1,5,27
2696.0144373840303,4,69.5,1,15,7,5,0,5,32
2697.0259799710475,4,25.0,1,16,6,6,0,3,31
2698.039804767992,4,20.25,0,19,5,6,0,2,32
2699.0536582299974,4,0.0,0,11,12,7,0,2,32
2700.0683752640034,4,15.5,0,6,15,7,0,4,32
2701.082397074031,4,23.0,0,5,16,6,0,5,32
2702.096448085038,4,0.0,1,5,16,6,0,1,28
2703.1080730460235,4,41.5,1,6,13,3,3,4,29
2704.116172088019,4,49.0,1,6,13,2,4,4,29
2705.1298762850347,4,23.0,1,6,13,1,5,4,29
2706.1432216620306,4,23.0,1,6,13,1,5,4,29
2707.190673013043,4,0.0,2,6,13,0,6,4,29
2708.229673988011,4,0.0,4,6,13,0,6,4,29
2709.2435434170184,4,0.0,4,6,13,0,6,4,29
2710.252382107021,4,0.0,6,6,13,0,6,4,29
2711.2662354250206,4,0.0,6,6,13,0,6,4,29
2712.2792772400426,4,0.0,7,6,13,0,6,4,29
2713.2927808550303,4,0.0,8,6,13,0,6,4,29
2714.306519045029,4,0.0,8,6,13,0,6,4,29
2715.320408903004,4,0.0,8,6,13,0,6,4,29
2716.333922769001,4,0.0,10,6,13,0,6,4,29
2717.347967426991,4,0.0,11,6,13,0,6,4,29
2718.36133389303,4,0.0,11,6,13,0,6,4,29
2719.3750108270324,4,0.0,12,6,13,0,6,4,29
2720.3892659220146,4,0.0,6,13,12,1,0,6,32
2721.4026290320326,4,4.0,0,19,10,2,0,1,32
2722.4148776420043,4,4.5,1,19,9,3,0,0,31
2723.4271136980387,4,17.25,2,14,12,4,1,1,32
2724.4391817949945,4,25.0,1,6,18,7,0,1,32
2725.4524253410054,4,12.25,0,3,19,8,0,0,30
2726.4604388320004,4,3.25,0,3,15,12,0,0,30
2727.473967946018,4,20.0,0,3,14,12,1,0,30
2728.4874505500193,4,71.0,0,3,12,10,0,5,30
2729.5004769350053,4,46.0,0,3,11,10,0,3,27
2730.5158388499985,4,43.0,0,5,10,9,0,3,27
2731.5278623280465,4,25.5,0,8,8,11,0,0,27
2732.5415957079967,4,0.75,0,8,6,11,0,1,26
2733.554921158997,4,33.75,0,5,10,7,0,1,23
2734.568859988998,4,45.25,0,5,8,7,0,0,20
2735.57993052603,4,23.0,0,4,6,10,0,0,20
2736.5937397560338,4,61.75,0,2,6,11,0,1,20
2737.6072916980484,4,23.25,0,3,5,11,0,0,19
2738.621469576028,4,36.75,0,3,5,12,0,0,20
2739.639633089013,4,22.75,0,1,5,12,2,0,20
2740.6539048459963,4,45.5,1,2,3,14,0,1,20
2741.6657676600153,4,42.0,2,3,2,10,2,3,20
2742.679597639013,4,50.75,0,5,3,8,0,7,23
2743.690673534991,4,45.5,0,5,3,8,0,0,16
2744.704657501017,4,3.25,0,5,2,8,0,1,16
2745.717606426042,4,32.75,0,0,4,6,5,0,15
2746.731435313006,4,90.75,0,0,3,6,0,6,15
2747.7425419990323,4,46.0,0,0,1,5,0,0,6
2748.754195742018,4,23.25,0,0,1,4,0,0,5
2749.7680235130247,4,0.0,1,1,1,3,1,0,6
2750.779218401003,4,42.75,1,2,0,3,0,0,5
2751.7928806730197,4,23.25,0,1,1,4,0,0,6
2752.806537094002,4,20.75,1,2,0,3,0,1,6
2753.8204927950283,4,46.5,3,1,1,2,2,0,6
2754.8347038700012,4,22.25,0,5,1,3,0,1,10
2755.848464109993,4,12.25,0,5,1,3,0,0,9
2756.8602918040124,4,46.25,0,5,1,2,1,0,9
2757.874229339999,4,43.0,0,3,3,4,0,0,10
2758.8880803899956,4,64.5,0,4,0,9,0,0,13
2759.9016720300424,4,67.25,0,2,2,5,3,1,13
2760.915183612029,4,69.0,2,2,2,3,3,2,12
2761.9289415730163,4,60.5,0,3,3,3,0,4,13
2762.942512700043,4,45.75,0,2,2,2,0,1,7
2763.956126238045,4,23.25,0,2,2,1,0,0,5
2764.9701099290396,4,9.75,0,1,1,3,0,0,5
2765.98246994504,4,23.5,0,2,1,2,1,0,6
2766.997209141031,4,0.0,0,2,0,2,1,1,6
2768.011019008991,4,46.5,1,2,0,1,2,1,6
2769.024599383003,4,22.5,2,2,0,1,2,1,6
2770.0385206110077,4,23.0,3,2,0,1,2,1,6
2771.0519964949926,4,0.0,3,2,0,0,3,1,6
2772.061078404018,4,0.0,3,2,0,0,3,1,6
2773.0753362330142,4,0.0,5,2,0,0,3,1,6
2774.086457732017,4,0.0,5,2,0,0,3,1,6
2775.1073950110003,4,0.0,5,2,0,0,3,1,6
2776.1207576210145,4,0.0,6,2,0,0,3,1,6
2777.134728425008,4,0.0,7,2,0,0,3,1,6
2778.148036352999,4,0.0,7,2,0,0,3,1,6
2779.1617124600452,4,0.0,8,2,0,0,3,1,6
2780.1757746210205,4,0.0,8,2,0,0,3,1,6
2781.189731292019,4,0.0,9,2,0,0,3,1,6
2782.20418021403,4,0.0,11,2,0,0,3,1,6
2783.2181003990117,4,0.0,12,2,0,0,3,1,6
2784.232022173004,4,0.0,0,16,0,0,0,1,17
2785.245723729022,4,0.0,0,15,0,1,0,1,17
2786.259012641036,4,23.25,0,15,1,1,0,0,17
2787.2715757570113,4,0.75,1,14,0,3,0,0,17
2788.2855439830455,4,46.5,1,15,1,4,0,0,20
2789.300220559002,4,0.0,0,11,6,6,0,0,23
2790.313693448028,4,45.5,0,7,11,4,0,0,22
2791.327529752045,4,46.0,0,8,7,7,0,1,23
2792.341269625991,4,48.25,0,9,5,8,0,0,22
2793.3537432890153,4,0.0,0,6,7,11,0,0,24
2794.367457201006,4,47.25,0,5,7,13,1,1,27
2795.381106958026,4,51.75,0,3,7,11,1,1,23
2796.3894171510474,4,0.0,0,3,6,13,1,0,23
2797.400483748992,4,36.25,0,2,5,13,0,0,20
2798.4148504460463,4,32.0,0,5,3,13,0,0,21
2799.4265606740373,4,74.0,0,2,5,11,0,1,19
2800.438415101031,4,0.0,0,1,5,13,0,1,20
2801.4532742360025,4,63.0,0,1,4,12,2,1,20
2802.465194755001,4,55.0,0,2,4,10,0,2,18
2803.478809951048,4,46.75,0,4,3,11,0,0,18
2804.4928081450053,4,23.5,0,3,2,12,0,0,17
2805.5062084530364,4,67.75,0,3,0,14,0,0,17
2806.517263818998,4,47.0,0,1,1,15,0,1,18
2807.53025898902,4,69.5,2,2,1,7,0,8,18
2808.5439660090487,4,65.5,0,2,2,7,0,1,12
2809.557814339001,4,36.25,0,2,0,9,0,0,11
2810.5720207890263,4,23.75,0,1,3,5,0,3,12
2811.5858734440408,4,47.0,0,2,3,5,0,0,10
2812.599670615047,4,81.75,0,1,3,1,1,1,7
2813.611914606008,4,0.0,0,2,3,2,0,1,8
2814.6259897990385,4,22.75,0,1,2,3,0,0,6
2815.6371080350364,4,46.75,0,1,2,3,0,0,6
2816.650109947019,4,29.25,0,3,1,3,0,0,7
2817.663599634019,4,37.75,0,3,1,4,0,0,8
2818.6776764270035,4,20.5,0,2,2,6,0,0,10
2819.691641780024,4,28.5,0,2,2,2,0,0,6
2820.705381042033,4,0.0,0,0,1,4,0,0,5
2821.719368249993,4,17.0,0,0,1,3,1,0,5
2822.73312819103,4,23.25,0,0,0,2,1,0,3
2823.7475207539974,4,0.0,0,0,0,1,0,0,1
2824.7613987700315,4,23.5,0,0,0,1,0,0,1
2825.775050362048,4,0.0,0,0,0,0,0,0,0
2826.7891768970294,4,0.0,0,0,0,0,0,0,0
2827.80316138902,4,0.0,0,1,0,0,0,0,1
2828.817285420024,4,0.0,0,0,2,0,0,0,2
2829.853222503036,4,6.5,1,0,1,1,0,0,2
2830.896443611011,4,9.5,0,1,1,1,0,0,3
2831.907777492015,4,19.25,0,1,1,1,0,0,3
2832.921354546037,4,12.75,0,0,1,1,0,0,2
2833.932515669032,4,22.75,0,0,0,2,0,0,2
2834.946418650041,4,23.25,0,2,0,2,0,0,4
2835.9604599410086,4,46.0,0,4,1,2,0,0,7
2836.972409837006,4,0.0,0,2,1,4,0,0,7
2837.9866883450304,4,17.0,0,2,1,5,0,0,8
2839.0003062339965,4,24.0,0,1,2,5,0,0,8
2840.0141577890026,4,23.0,0,1,1,6,0,0,8
2841.028858873993,4,25.5,0,2,0,7,0,1,10
2842.0409281729953,4,36.75,0,1,3,6,0,0,10
2843.052358887042,4,46.75,0,3,1,5,0,0,9
2844.064007336041,4,46.25,0,0,4,4,0,0,8
2845.0777094660443,4,45.75,0,0,2,6,0,0,8
2846.091628455033,4,70.5,0,0,2,5,1,0,8
2847.1050405680435,4,47.0,0,0,2,3,3,0,8
2848.119028154004,4,45.5,1,0,2,1,5,0,8
2849.1344845099957,4,23.25,3,0,2,1,5,0,8
2850.1482802859973,4,0.0,3,0,2,0,6,0,8
2851.1621649549925,4,0.0,3,0,2,0,6,0,8
2852.176341655024,4,0.0,5,0,2,0,6,0,8
2853.18930981803,4,0.0,6,0,2,0,6,0,8
2854.203259855043,4,0.0,6,0,2,0,6,0,8
2855.215739224048,4,0.0,7,0,2,0,6,0,8
2856.229673575028,4,0.0,7,0,2,0,6,0,8
2857.239202722034,4,0.0,7,0,2,0,6,0,8
2858.2494602090446,4,0.0,7,0,2,0,6,0,8
2859.2631887409952,4,0.0,7,0,2,0,6,0,8
2860.2770464729983,4,0.0,8,0,2,0,6,0,8
2861.2884905399987,4,0.0,10,0,2,0,6,0,8
2862.302402965026,4,0.0,0,11,2,0,0,6,19
2863.3161474320223,4,0.0,0,10,3,1,0,0,14
2864.3303173650056,4,2.0,0,4,6,4,0,0,14
2865.3439269370283,4,0.0,0,0,7,7,0,0,14
2866.355998399027,4,38.75,0,1,3,9,1,1,15
2867.3695243039983,4,63.0,0,1,1,11,0,0,13
2868.3835513460217,4,42.0,0,2,1,11,0,0,14
2869.39748963702,4,23.5,0,4,1,11,1,0,17
2870.4092216879944,4,43.75,0,1,1,11,2,0,15
2871.422910439025,4,93.5,0,0,0,9,0,2,11
2872.4308575800387,4,90.0,0,0,0,3,0,1,4
2873.4446858760202,4,46.0,0,0,0,3,0,0,3
2874.4567082730355,4,46.0,0,1,0,1,0,0,2
2875.4708720640047,4,23.0,0,1,1,1,0,0,3
2876.484187839029,4,0.0,0,1,0,2,0,0,3
2877.4957618770422,4,0.0,0,2,1,2,0,0,5
2878.503613761044,4,46.0,1,0,2,3,0,0,5
2879.5173540860415,4,46.0,0,1,1,3,0,0,5
2880.531192345021,4,46.75,0,1,0,3,0,0,4
2881.543655816,4,23.0,0,1,1,2,0,1,5
2882.5553210260114,4,7.0,0,1,2,1,0,0,4
2883.5663075420307,4,0.0,0,3,3,1,0,0,7
2884.577423927025,4,45.5,0,1,2,4,0,0,7
2885.5914952300373,4,30.0,0,0,2,4,0,0,6
2886.6027775140246,4,46.5,0,1,0,6,0,0,7
2887.613934379013,4,44.25,1,0,1,3,0,0,4
2888.6246388370055,4,45.25,1,3,0,3,0,0,6
2889.638258717023,4,52.0,0,2,1,4,1,0,8
2890.6510032290244,4,40.25,0,0,1,4,0,0,5
2891.6622453480377,4,46.25,0,1,0,4,0,0,5
2892.6744375849958,4,12.75,0,2,1,4,0,0,7
2893.686289067031,4,45.25,0,2,0,5,0,1,8
2894.70024513104,4,47.75,0,1,1,4,0,0,6
2895.7138139370363,4,8.5,0,2,1,3,0,0,6
2896.7280055190204,4,0.0,0,1,2,2,0,1,6
2897.7417257710476,4,39.5,0,1,1,2,0,0,4
2898.7555151730194,4,45.5,0,0,1,2,0,1,4
2899.7692497009994,4,46.0,0,0,1,2,0,0,3
2900.7830916650128,4,8.0,0,1,1,1,0,0,3
2901.7970668729977,4,47.5,0,1,0,2,0,0,3
2902.810159613029,4,23.0,1,1,0,1,1,0,3
2903.822288390016,4,12.75,0,3,1,1,0,1,6
2904.834178879042,4,0.0,0,2,1,2,0,0,5
2905.842513495998,4,24.25,0,0,2,3,0,0,5
2906.8548088500393,4,48.0,0,0,1,3,0,0,4
2907.8688594200066,4,23.25,0,0,0,4,0,0,4
2908.8830087050446,4,46.25,0,0,0,4,0,0,4
2909.892918451049,4,24.25,0,0,0,2,0,0,2
2910.9058156920364,4,1.5,0,1,0,0,0,0,1
2911.917555552034,4,0.0,0,2,0,0,0,0,2
2912.930965278996,4,0.0,0,1,0,1,0,0,2
2913.944604352,4,45.5,0,1,0,2,0,0,3
2914.9562049150118,4,27.0,0,1,0,1,0,0,2
2915.970316538005,4,0.0,0,0,0,1,0,0,1
2916.9840948380297,4,23.5,0,0,0,0,1,0,1
2917.99586099101,4,0.0,0,0,0,0,0,0,0
2919.0104300079984,4,0.0,0,0,0,0,0,0,0
2920.024279455014,4,0.0,0,2,0,0,0,0,2
2921.0379301060457,4,0.0,0,2,0,0,0,0,2
2922.047206027026,4,0.0,0,1,1,0,0,0,2
2923.0605941050453,4,22.25,0,1,0,2,0,0,3
2924.0745288180187,4,22.75,0,2,0,1,0,0,3
2925.0822494589956,4,2.75,2,1,1,0,1,0,3
2926.094226906018,4,0.0,0,2,0,2,0,0,4
2927.108221664035,4,1.0,0,1,1,2,0,0,4
2928.1217949520214,4,45.75,1,1,1,0,0,2,4
2929.134423437994,4,0.0,0,1,1,1,0,1,4
2930.1481437080074,4,23.0,0,1,1,1,0,0,3
2931.1604081059922,4,18.25,0,1,1,0,1,0,3
2932.1743722180254,4,23.5,0,1,1,1,0,0,3
2933.188349335047,4,0.0,0,0,1,2,0,0,3
2934.2001083760406,4,24.0,0,1,1,2,0,0,4
2935.211162697,4,45.75,1,0,1,2,1,0,4
2936.224692346994,4,22.75,0,1,1,2,0,0,4
2937.236190067022,4,24.5,0,1,1,2,0,0,4
2938.2499169030343,4,1.0,0,3,0,3,0,0,6
2939.2640708929976,4,4.5,0,3,0,2,0,0,5
2940.276617355994,4,6.75,0,5,1,2,0,0,8
2941.290772658016,4,23.25,0,5,1,0,2,0,8
2942.3043217670056,4,0.0,0,5,1,0,2,0,8
2943.317741623032,4,0.0,0,5,1,0,2,0,8
2944.330788417021,4,0.0,0,5,1,0,2,0,8
2945.3447354540112,4,0.0,1,5,1,0,2,0,8
2946.358411134046,4,0.0,2,5,1,0,2,0,8
2947.372140158026,4,0.0,3,5,1,0,2,0,8
2948.3856103980215,4,0.0,5,5,1,0,2,0,8
2949.3987294660183,4,0.0,5,5,1,0,2,0,8
2950.411606330017,4,0.0,7,5,1,0,2,0,8
2951.4258302390226,4,0.0,7,5,1,0,2,0,8
2952.4693203200004,4,0.0,7,5,1,0,2,0,8
2953.482957814005,4,0.0,7,5,1,0,2,0,8
2954.496859467996,4,0.0,7,5,1,0,2,0,8
2955.510360261018,4,0.0,8,5,1,0,2,0,8
2956.5242092340486,4,0.0,10,5,1,0,2,0,8
2957.537907221995,4,0.0,11,5,1,0,2,0,8
2958.5516951840254,4,0.0,13,5,1,0,2,0,8
2959.5656428970397,4,0.0,15,5,1,0,2,0,8
2960.579299679026,4,0.0,15,5,1,0,2,0,8
2961.5925238649943,4,0.0,16,5,1,0,2,0,8
2962.606090520043,4,0.0,0,19,2,1,0,2,24
2963.620236784045,4,4.0,0,17,5,3,0,0,25
2964.634124296019,4,0.0,0,10,10,7,0,0,27
2965.6479142820463,4,22.0,0,11,8,12,0,0,31
2966.6617738170316,4,70.75,0,10,7,13,0,0,30
2967.6754297559964,4,68.5,0,13,4,14,0,0,31
2968.6891211910406,4,23.0,0,11,5,15,0,0,31
2969.701887847041,4,30.0,0,0,11,19,0,1,31
2970.713100677007,4,14.75,0,1,9,21,0,0,31
2971.7258778859978,4,0.0,1,1,6,23,0,1,31
2972.7400445550447,4,46.0,0,4,5,18,0,1,28
2973.753669149999,4,12.75,0,7,4,18,0,0,29
2974.7670492519974,4,52.0,0,10,3,17,1,0,31
2975.7814439760405,4,47.5,1,13,2,17,0,0,32
2976.7923541250057,4,37.0,2,11,4,17,0,0,32
2977.8058149850112,4,47.25,2,6,6,18,1,1,32
2978.81930525403,4,0.0,0,6,3,18,0,2,29
2979.8318664570106,4,45.25,0,5,3,15,3,0,26
2980.8458695780137,4,47.5,0,1,7,10,3,6,27
2981.857698111038,4,67.75,0,3,6,8,1,1,19
2982.8714052940486,4,10.0,0,4,4,8,2,1,19
2983.885624810995,4,38.25,0,2,3,11,1,2,19
2984.899139240035,4,40.75,0,4,1,8,1,3,17
2985.9089324510423,4,46.75,0,4,1,6,1,0,12
2986.921969378018,4,27.0,0,0,2,9,0,0,11
2987.9359446740127,4,72.75,0,0,0,11,0,0,11
2988.949113673996,4,46.5,0,1,0,7,0,1,9
2989.9601402750122,4,24.0,0,3,0,6,0,1,10
2990.970917363011,4,68.75,0,1,1,3,1,1,7
2991.9844064270146,4,47.25,1,1,1,2,1,1,6
2992.998237290012,4,23.0,0,1,2,1,0,0,4
2994.011499881046,4,23.0,1,1,2,1,0,0,4
2995.0256728630047,4,46.75,0,2,0,3,0,1,6
2996.0391633840045,4,0.0,0,2,1,3,0,0,6
2997.0546845130157,4,23.0,1,0,1,4,0,1,6
2998.0686052290257,4,30.5,0,1,1,3,0,0,5
2999.082269543025,4,46.5,0,1,0,4,0,0,5
3000.096115312015,4,46.25,0,0,0,5,0,0,5
3001.109884934034,4,46.25,0,1,0,5,0,0,6
3002.1237199400202,4,24.0,0,2,0,3,0,0,5
3003.138389514992,4,23.0,1,2,1,2,1,0,6
3004.1524177080137,4,19.5,0,4,2,1,0,2,9
3005.165502849035,4,0.25,0,3,2,1,1,0,7
3006.179309433035,4,0.0,0,2,3,2,0,0,7
3007.192486418993,4,21.0,0,1,3,5,1,0,10
3008.206007966015,4,0.0,0,2,3,6,0,0,11
3009.219533569005,4,20.5,0,2,3,6,0,0,11
3010.23361572501,4,66.25,0,3,0,7,0,1,11
3011.2449124859995,4,12.25,0,3,0,6,1,0,10
3012.2579100879957,4,30.25,0,0,2,6,0,1,9
3013.2717403240385,4,6.0,0,6,1,7,0,0,14
3014.2827354140463,4,45.75,0,9,0,5,1,0,15
3015.296691352036,4,0.0,0,4,5,5,0,0,14
3016.3101815260015,4,16.75,1,1,7,4,1,1,14
3017.3240989030455,4,23.0,0,1,6,6,0,1,14
3018.3381157260155,4,23.25,0,1,2,9,0,0,12
3019.3499949990073,4,23.0,0,1,2,5,0,1,9
3020.3640292430064,4,46.0,0,1,1,3,0,3,8
3021.3779768130044,4,10.25,0,1,1,3,0,2,7
3022.3917641570442,4,46.0,1,1,1,1,2,2,7
3023.4047435080283,4,27.5,2,1,1,0,3,2,7
3024.417594311002,4,0.0,5,1,1,0,3,2,7
3025.4311525740195,4,0.0,5,1,1,0,3,2,7
3026.4444555960363,4,0.0,6,1,1,0,3,2,7
3027.4578376029967,4,0.0,7,1,1,0,3,2,7
3028.472035921004,4,0.0,8,1,1,0,3,2,7
3029.485250730999,4,0.0,9,1,1,0,3,2,7
3030.4987129460205,4,0.0,11,1,1,0,3,2,7
3031.5127276830026,4,0.0,13,1,1,0,3,2,7
3032.526014439005,4,0.0,15,1,1,0,3,2,7
3033.540104757005,4,0.0,20,1,1,0,3,2,7
3034.553583499044,4,0.0,22,1,1,0,3,2,7
3035.566766866017,4,0.0,24,1,1,0,3,2,7
3036.5804321500473,4,0.0,29,1,1,0,3,2,7
3037.5942901220405,4,0.0,30,1,1,0,3,2,7
3038.607866594044,4,0.0,31,1,1,0,3,2,7
3039.620964022004,4,0.0,34,1,1,0,3,2,7
3040.6348973550485,4,0.0,38,1,1,0,3,2,7
3041.648115847027,4,0.0,41,1,1,0,0,4,6
3042.6620588040096,4,0.0,15,30,2,0,0,0,32
3043.6749407630414,4,0.0,18,20,12,0,0,0,32
3044.689431149047,4,0.0,23,5,22,5,0,0,32
3045.703095901001,4,24.0,25,2,19,8,3,0,32
3046.7168860870297,4,43.25,25,2,18,8,1,3,32
3047.7302474630415,4,69.5,27,2,17,8,0,5,32
3048.745075165003,4,42.0,25,5,17,7,0,3,32
3049.7589240650414,4,56.5,25,5,16,5,0,5,31
3050.7725885669934,4,0.0,24,6,16,3,0,7,32
3051.786546760006,4,22.0,18,12,15,4,0,1,32
3052.7990509140072,4,22.75,17,12,15,4,0,1,32
3053.812532270036,4,22.25,17,6,20,5,0,1,32
3054.82602484402,4,0.5,18,5,17,10,0,0,32
3055.840017932991,4,22.5,18,5,13,12,0,2,32
3056.8540482060052,4,0.0,20,1,16,13,0,2,32
3057.865967231046,4,0.0,18,3,13,15,1,0,32
3058.8763167480356,4,93.5,20,3,11,8,7,3,32
3059.8891143490328,4,16.25,19,5,10,8,0,9,32
3060.9027586930315,4,0.0,9,16,9,6,0,1,32
3061.914802069019,4,0.0,10,16,8,6,1,1,32
3062.928512844024,4,23.5,10,17,8,6,1,0,32
3063.942121738044,4,31.75,10,15,8,7,0,2,32
3064.9557544169948,4,24.5,10,14,8,6,1,2,31
3065.9695368559915,4,16.0,10,6,18,5,0,3,32
3066.9835099549964,4,70.75,10,5,10,14,1,2,32
3067.9972518020077,4,31.0,8,6,10,11,3,2,32
3069.011230527016,4,26.75,8,4,11,7,2,8,32
3070.023922301014,4,38.75,2,10,9,8,0,5,32
3071.038482806005,4,3.5,0,10,11,7,1,0,29
3072.0524587850086,4,29.5,0,11,12,5,2,1,31
3073.066416568996,4,0.0,1,6,16,7,2,1,32
3074.1112302010297,4,0.0,2,6,16,7,2,1,32
3075.148651138996,4,0.0,2,6,15,8,2,1,32
3076.1624259600067,4,7.75,2,6,13,8,4,1,32
3077.175982924993,4,92.5,4,6,12,9,4,1,32
3078.1897426530486,4,92.75,6,6,12,6,7,1,32
3079.2035533960443,4,68.5,7,6,12,3,10,1,32
3080.2242613760172,4,47.5,9,6,12,1,12,1,32
3081.237393806048,4,22.75,9,6,12,0,13,1,32
3082.250812689017,4,0.0,9,6,12,0,13,1,32
3083.2644764870056,4,0.0,9,6,12,0,13,1,32
3084.2785299380193,4,0.0,10,6,12,0,13,1,32
3085.291813882999,4,0.0,10,6,12,0,13,1,32
3086.3041819049977,4,0.0,11,6,12,0,13,1,32
3087.3179857380455,4,0.0,12,6,12,0,13,1,32
3088.3319321720046,4,0.0,12,6,12,0,13,1,32
3089.3457920300425,4,0.0,12,6,12,0,13,1,32
3090.3593877300154,4,0.0,15,6,12,0,13,1,32
3091.373258659034,4,0.0,15,6,12,0,13,1,32
3092.386704266013,4,0.0,16,6,12,0,13,1,32
3093.4002419399912,4,0.0,17,5,13,0,13,1,32
3094.407175750006,4,0.0,20,5,12,1,4,9,31
3095.4208208460477,4,0.0,13,12,12,0,0,8,32
3096.433222306019,4,0.0,14,12,11,1,0,8,32
3097.44414568902,4,21.75,6,20,9,3,0,0,32
3098.456549114024,4,12.75,7,17,11,4,0,0,32
3099.4695643510204,4,22.5,8,12,11,9,0,0,32
3100.4837082680315,4,25.0,8,2,13,15,2,0,32
3101.4954458890134,4,48.25,8,2,12,16,0,2,32
3102.509390469,4,45.25,10,2,12,16,0,2,32
3103.518472237047,4,23.25,8,4,11,14,3,0,32
3104.5322161940276,4,50.0,6,5,12,14,0,1,32
3105.546012542036,4,0.0,6,4,12,15,0,1,32
3106.557780696021,4,20.75,7,4,11,16,0,1,32
3107.571491566021,4,7.5,6,5,10,13,3,1,32
3108.5827126880176,4,37.5,4,9,9,14,0,0,32
3109.5959541140473,4,47.0,5,8,8,15,1,0,32
3110.609429548029,4,0.75,5,4,12,13,1,2,32
3111.623539610009,4,8.5,5,1,10,18,0,3,32
3112.6374821700156,4,33.0,3,3,7,20,0,2,32
3113.6511235540383,4,22.5,2,2,8,21,0,1,32
3114.6609542780207,4,0.0,4,2,6,23,0,1,32
3115.6729263529996,4,72.25,3,3,5,19,0,5,32
3116.6865990820224,4,42.5,3,3,5,16,3,5,32
3117.699173600995,4,19.0,1,6,5,15,1,2,29
3118.716671239992,4,22.5,0,4,5,15,1,2,27
3119.7314596110373,4,22.75,0,1,7,15,0,2,25
3120.7429695420433,4,68.75,1,1,5,13,1,3,23
3121.7566018850193,4,34.0,0,4,4,14,0,2,24
3122.770364755008,4,8.5,0,8,2,16,0,0,26
3123.7832197350217,4,23.75,0,3,2,20,0,1,26
3124.796802269004,4,19.0,0,1,1,21,1,2,26
3125.8106822910486,4,68.5,1,1,0,14,6,2,23
3126.821082563023,4,94.25,2,1,0,11,4,5,21
3127.8348588100052,4,47.0,0,3,0,7,3,9,22
3128.848479177046,4,92.0,0,3,0,4,6,9,22
3129.861740477034,4,22.75,3,3,0,1,9,9,22
3130.8757605080027,4,23.25,4,3,0,0,10,9,22
3131.8898193819914,4,0.0,5,3,0,0,10,9,22
3132.9014595820336,4,0.0,9,3,0,0,10,9,22
3133.9138834180194,4,0.0,9,3,0,0,10,9,22
3134.9276004580315,4,0.0,10,3,0,0,10,9,22
3135.9416464960086,4,0.0,14,3,0,0,10,9,22
3136.9551878820057,4,0.0,17,3,0,0,10,9,22
3137.9689559090184,4,0.0,17,3,0,0,10,9,22
3138.982925126038,4,0.0,19,3,0,0,10,9,22
3139.9969417169923,4,0.0,20,3,0,0,10,9,22
3141.011142211035,4,0.0,25,3,0,0,10,9,22
3142.0250307990354,4,0.0,26,3,0,0,10,9,22
3143.039202218002,4,0.0,28,3,0,0,10,9,22
3144.0527946200455,4,0.0,28,3,0,0,10,9,22
3145.0664400960086,4,0.0,28,2,1,0,0,11,14
3146.0792084620334,4,0.0,2,28,1,0,0,3,32
3147.092259271012,4,0.0,0,22,7,3,0,0,32
3148.1062560180435,4,0.0,0,10,18,4,0,0,32
3149.1187184120063,4,23.5,2,4,13,15,0,0,32
3150.132568571018,4,71.0,2,3,10,12,6,1,32
3151.146422001999,4,94.5,2,1,11,9,5,6,32
3152.160018227005,4,23.25,2,0,11,9,0,12,32
3153.171081917011,4,8.75,0,2,9,10,0,1,22
3154.183660853014,4,21.75,0,4,7,11,0,0,22
3155.195854374033,4,47.0,0,4,6,9,1,2,22
3156.208457622037,4,25.5,0,5,4,9,2,0,20
3157.222119882994,4,69.0,1,5,3,7,4,1,20
3158.235982414044,4,46.0,0,1,7,7,0,5,20
3159.2488523870124,4,46.5,0,1,5,9,0,1,16
3160.2628358950024,4,12.75,0,5,3,11,0,0,19
3161.273032390047,4,25.0,1,5,3,9,0,1,18
3162.283866056998,4,93.75,0,3,4,8,0,3,18
3163.297995614994,4,0.0,1,2,5,8,0,2,17
3164.312450561032,4,50.75,0,3,2,9,1,1,16
3165.3260995770106,4,32.75,0,1,2,10,1,1,15
3166.340509367001,4,6.5,0,0,1,10,0,2,13
3167.353900397022,4,35.75,0,0,1,7,3,0,11
3168.3675861420343,4,46.5,0,3,1,4,1,4,13
3169.3792675360455,4,23.75,1,1,1,5,1,0,8
3170.3905116509995,4,9.5,0,0,1,5,0,1,7
3171.4040531230276,4,31.75,0,0,0,5,0,0,5
3172.416559694044,4,61.75,0,2,0,3,0,0,5
3173.429786642024,4,46.75,0,2,0,2,1,0,5
3174.4404296720168,4,46.25,0,4,0,2,0,0,6
3175.4542227700003,4,34.75,0,4,2,1,0,1,8
3176.4680492330226,4,0.0,0,5,1,2,0,1,9
3177.479833602032,4,0.0,0,4,0,4,0,0,8
3178.491560005001,4,71.75,0,2,2,2,1,1,8
3179.503767638991,4,60.75,0,0,2,4,0,0,6
3180.516046776029,4,0.0,0,1,1,4,0,1,7
3181.5291970850085,4,23.25,0,1,0,6,0,0,7
3182.5428190419916,4,46.5,0,1,1,6,0,0,8
3183.5566307210247,4,7.25,0,2,2,6,0,0,10
3184.57063592301,4,23.75,0,2,1,5,2,0,10
3185.58410204103,4,45.0,0,0,0,6,0,0,6
3186.5955917050014,4,35.25,0,0,0,4,0,0,4
3187.6092000850476,4,46.0,0,1,0,4,0,0,5
3188.622999793035,4,2.5,0,1,0,2,2,0,5
3189.63519777701,4,46.5,0,3,0,1,0,3,7
3190.650318463042,4,15.25,0,2,1,0,0,0,3
3191.664057544025,4,0.25,0,0,0,2,0,0,2
3192.6778405850055,4,44.75,0,0,0,2,0,0,2
3193.6923884540447,4,44.5,0,1,0,2,0,0,3
3194.7056617650087,4,22.5,2,1,0,2,0,0,3
3195.7167514309986,4,45.75,2,1,0,1,1,0,3
3196.798955033999,4,18.5,0,5,1,0,0,2,8
3197.867888028035,4,0.0,0,5,1,0,0,2,8
3198.8819923700066,4,0.0,0,5,1,0,0,0,6
3199.8957016119966,4,0.0,0,0,3,3,0,0,6
3200.909435487003,4,23.25,0,1,1,5,0,0,7
3201.923473952047,4,43.75,0,3,1,5,0,0,9
3202.9348962810473,4,67.25,0,2,1,3,2,0,8
3203.946638895024,4,69.5,0,2,0,3,1,2,8
3204.9607472060015,4,26.5,0,1,2,3,0,0,6
3205.974398465012,4,80.25,0,1,1,4,0,0,6
3206.9884999470087,4,23.25,0,0,2,5,0,0,7
3208.000611283991,4,46.5,1,0,1,3,3,0,7
3209.0157975190086,4,46.5,1,0,1,1,4,1,7
3210.0293731340207,4,23.0,3,0,1,1,4,1,7
3211.042296596046,4,23.25,3,0,1,0,5,1,7
3212.056076197012,4,0.0,3,0,1,0,5,1,7
3213.0696273079957,4,0.0,4,0,1,0,5,1,7
3214.087072687049,4,0.0,4,0,1,0,5,1,7
3215.10087477701,4,0.0,5,0,1,0,5,1,7
3216.1144128650194,4,0.0,5,0,1,0,5,1,7
3217.1282403970254,4,0.0,5,0,1,0,5,1,7
3218.1423461420345,4,0.0,6,0,1,0,5,1,7
3219.155840426043,4,0.0,7,0,1,0,5,1,7
3220.1676939509925,4,0.0,8,0,1,0,5,1,7
3221.181150242046,4,0.0,8,0,1,0,5,1,7
3222.1945791240432,4,0.0,8,0,1,0,5,1,7
3223.20501495403,4,0.0,9,0,1,0,5,1,7
3224.219015140028,4,0.0,10,0,1,0,5,1,7
3225.2323832670227,4,0.0,10,0,1,0,5,1,7
3226.2462213099934,4,0.0,12,0,1,0,5,1,7
3227.2591359009966,4,0.0,0,13,1,0,0,6,20
3228.2732867200393,4,0.0,0,11,3,0,0,0,14
3229.286998796044,4,0.0,0,4,5,5,0,0,14
3230.2996443210286,4,23.25,0,1,7,6,0,0,14
3231.3113013620023,4,46.25,0,1,7,6,0,0,14
3232.3235983000486,4,69.25,0,2,7,5,0,1,15
3233.337921558006,4,10.75,0,3,5,7,0,0,15
3234.3518989530276,4,44.5,0,2,3,10,0,0,15
3235.3655329960166,4,61.25,1,2,3,10,0,0,15
3236.3797145090066,4,30.25,0,4,1,11,0,1,17
3237.3929062340176,4,33.0,2,4,1,10,1,1,17
3238.404922054033,4,46.25,0,6,1,8,0,3,18
3239.4187901170226,4,47.0,0,6,1,9,0,0,16
3240.434767751023,4,6.5,0,3,2,8,0,0,13
3241.448374030995,4,67.25,0,1,2,8,0,1,12
3242.4621058040066,4,35.75,0,0,2,6,0,1,9
3243.475781598012,4,32.5,2,0,2,4,1,0,7
3244.4896959229955,4,46.0,0,3,2,4,0,1,10
3245.5033444080036,4,36.75,0,0,4,2,0,0,6
3246.517008194991,4,46.75,0,0,3,3,0,0,6
3247.5238491060445,4,22.75,0,0,2,4,0,0,6
3248.5322099780315,4,45.75,0,0,1,3,0,0,4
3249.546152711031,4,69.25,0,0,1,3,0,0,4
3250.560202724999,4,31.25,0,2,1,3,0,0,6
3251.573917945032,4,46.25,0,1,1,3,0,0,5
3252.5873965750216,4,46.0,0,0,2,2,1,0,5
3253.599677789025,4,49.25,0,0,1,2,0,1,4
3254.6130693150335,4,46.25,0,0,1,1,0,0,2
3255.626709097007,4,23.0,0,0,1,1,0,0,2
3256.641344891046,4,23.0,0,1,1,0,0,0,2
3257.653572128038,4,0.0,0,0,1,1,0,0,2
3258.667672411015,4,23.25,0,1,1,1,0,0,3
3259.6816976180417,4,23.5,0,1,1,2,0,0,4
3260.6947049860028,4,28.0,0,0,1,3,0,0,4
3261.7083757910295,4,75.5,0,1,0,3,0,0,4
3262.7220142720034,4,45.0,0,2,0,3,0,0,5
3263.7365825180314,4,37.25,0,0,1,3,1,0,5
3264.750448042003,4,55.75,0,0,0,4,0,1,5
3265.7644079549937,4,45.5,0,0,0,2,1,0,3
3266.7752443770296,4,23.25,0,0,0,2,0,0,2
3267.7834884650074,4,23.0,1,0,0,2,0,0,2
3268.7951772230444,4,0.0,0,1,0,0,0,2,3
3269.8088663610397,4,3.5,0,2,1,0,0,0,3
3270.8226919390145,4,0.0,0,1,1,1,0,0,3
3271.834379269043,4,0.0,0,0,2,1,0,0,3
3272.8493446960347,4,42.25,0,1,0,3,0,0,4
3273.862687149027,4,19.25,0,0,1,3,0,0,4
3274.8769505410455,4,44.75,0,2,1,1,0,2,6
3275.8889274719986,4,23.0,0,2,1,1,0,0,4
3276.901387794991,4,69.0,0,0,1,3,0,0,4
3277.9144783790107,4,23.0,0,2,0,3,0,0,5
3278.9294607640477,4,23.0,0,2,0,3,0,0,5
3279.939593826013,4,46.0,0,1,0,3,0,0,4
3280.953595116036,4,31.25,0,0,0,1,0,0,1
3281.9667907730327,4,0.0,0,1,0,1,0,0,2
3282.9782131910324,4,23.25,1,1,0,1,0,0,2
3283.9925476970384,4,0.0,0,1,1,1,0,0,3
3285.006449319015,4,23.0,0,2,1,1,0,0,4
3286.0199568120297,4,0.0,0,1,0,2,0,0,3
3287.03374927002,4,69.25,0,0,0,1,1,1,3
3288.0476859240443,4,22.0,0,0,0,1,0,0,1
3289.0613729320467,4,19.0,0,1,0,1,0,0,2
3290.075538658013,4,0.0,0,0,1,1,0,0,2
3291.089277268038,4,23.0,0,0,1,1,0,0,2
3292.1030101330252,4,0.0,0,1,1,0,0,0,2
3293.1169483090052,4,0.0,0,2,2,0,0,0,4
3294.1308829759946,4,0.0,0,3,2,0,0,0,5
3295.144871465047,4,1.25,0,2,4,0,0,0,6
3296.157213807048,4,41.75,0,0,1,5,0,0,6
3297.168937778042,4,45.25,1,0,0,6,0,0,6
3298.1805914450088,4,51.25,0,0,1,5,0,1,7
3299.1945235950407,4,22.5,0,1,0,5,0,0,6
3300.2079817670165,4,25.0,0,0,0,6,0,0,6
3301.2220113400253,4,69.0,0,0,0,6,0,0,6
3302.2355557650444,4,68.25,0,0,0,5,1,0,6
3303.2495009160484,4,46.75,0,0,0,2,4,0,6
3304.263103922014,4,23.25,1,0,0,0,6,0,6
3305.276205442031,4,0.0,1,0,0,0,6,0,6
3306.289500628016,4,0.0,1,0,0,0,6,0,6
3307.3024562270148,4,0.0,1,0,0,0,6,0,6
3308.3153109200066,4,0.0,1,0,0,0,6,0,6
3309.3293225060333,4,0.0,1,0,0,0,6,0,6
3310.3428200120106,4,0.0,1,0,0,0,6,0,6
3311.3558105340344,4,0.0,1,0,0,0,6,0,6
3312.3740463170107,4,0.0,1,0,0,0,6,0,6
3313.396019079024,4,0.0,2,0,0,0,6,0,6
3314.409777071036,4,0.0,2,0,0,0,6,0,6
3315.423607053992,4,0.0,3,0,0,0,6,0,6
3316.4342716429965,4,0.0,5,0,0,0,6,0,6
3317.4481694870046,4,0.0,5,0,0,0,6,0,6
3318.4770349430037,4,0.0,5,0,0,0,6,0,6
3319.510283223004,4,0.0,5,0,0,0,6,0,6
3320.5242788040196,4,0.0,5,0,0,0,6,0,6
3321.5346199109918,4,0.0,5,0,0,0,6,0,6
3322.5483064320288,4,0.0,5,0,0,0,6,0,6
3323.561149582034,4,0.0,6,0,0,0,0,6,6
3324.5748509480036,4,0.0,0,6,0,0,0,0,6
3325.588884211029,4,0.0,0,3,3,3,0,0,9
3326.5999447639915,4,69.25,1,3,1,4,1,0,9
3327.6138163420255,4,63.75,0,5,0,4,0,1,10
3328.6277801910182,4,71.0,0,1,0,8,0,0,9
3329.6402759160264,4,81.75,0,2,1,8,0,1,12
3330.651463741029,4,69.75,0,1,1,9,0,0,11
3331.6650209440268,4,69.25,0,0,0,8,0,1,9
3332.6763977759983,4,66.5,1,1,0,6,1,0,8
3333.68830857001,4,59.5,0,2,0,5,0,0,7
3334.7023970690207,4,48.75,0,1,0,5,0,1,7
3335.7145654270425,4,17.25,0,0,1,4,1,1,7
3336.729224379,4,68.0,0,0,0,4,0,1,5
3337.7414892420056,4,28.25,0,2,0,4,0,0,6
3338.7576599449967,4,23.75,1,1,1,4,0,0,6
3339.771724297025,4,25.5,0,2,0,4,0,0,6
3340.786402828002,4,16.25,0,1,1,3,1,0,6
3341.7982749390067,4,23.0,0,2,1,4,0,0,7
3342.812062235025,4,22.75,0,2,0,3,0,0,5
3343.8255366150406,4,1.0,0,3,1,3,0,0,7
3344.8395328859915,4,18.75,0,3,1,2,0,1,7
3345.850578218,4,45.5,0,0,2,4,0,0,6
3346.861578411015,4,38.5,0,1,1,5,0,0,7
3347.87322714302,4,73.0,1,1,0,5,0,1,7
3348.885366436036,4,85.75,0,2,0,5,0,0,7
3349.8985424200073,4,68.25,0,0,0,7,0,0,7
3350.9104000880034,4,48.75,0,0,0,5,0,0,5
3351.9245108060422,4,46.75,1,0,0,3,1,0,4
3352.937605087005,4,0.0,0,1,0,1,0,1,3
3353.949628655042,4,0.0,0,1,0,2,0,0,3
3354.963028708007,4,22.75,0,0,1,1,0,0,2
3355.974138970021,4,20.0,0,1,1,1,0,0,3
3356.9853929060046,4,23.0,1,1,0,2,0,0,3
3357.9992096570204,4,23.25,0,1,0,3,0,0,4
3359.011448555044,4,23.25,0,0,0,2,0,0,2
3360.0255509500275,4,22.25,1,2,0,1,0,0,3
3361.039277402044,4,0.0,1,2,0,0,1,0,3
3362.0534042200306,4,24.75,0,0,1,2,0,0,3
3363.0669944370165,4,42.75,0,0,0,3,0,0,3
3364.080624423048,4,46.25,0,0,0,3,0,0,3
3365.0947874960257,4,69.0,0,0,0,3,0,0,3
3366.106137089024,4,46.0,0,2,0,2,1,0,5
3367.1199413080467,4,26.5,0,0,1,1,0,2,4
3368.133460897021,4,23.0,1,0,1,1,0,0,2
3369.147207502043,4,45.75,1,0,0,2,0,0,2
3370.1606088230037,4,19.0,0,1,0,2,0,0,3
3371.174879251048,4,46.25,0,2,0,1,0,1,4
3372.1868544330355,4,3.5,0,2,2,1,0,0,5
3373.200777604012,4,23.0,0,2,0,1,0,2,5
3374.2146603500005,4,24.75,0,1,0,2,0,0,3
3375.2282420539996,4,68.25,0,0,0,3,0,0,3
3376.242380977026,4,47.0,0,0,0,2,0,0,2
3377.251902902033,4,41.5,0,0,0,1,1,0,2
3378.2637054860243,4,39.75,0,0,0,1,0,0,1
3379.277823447017,4,0.0,0,0,0,0,0,0,0
3380.2912630960345,4,0.0,0,0,0,0,0,0,0
3381.3049347160268,4,0.0,2,0,0,0,0,0,0
3382.3187766470364,4,0.0,0,2,0,0,0,0,2
3383.331259032013,4,0.0,0,2,0,0,0,0,2
3384.3452057290124,4,0.0,0,0,2,0,0,0,2
3385.356497597997,4,22.75,0,1,1,1,0,0,3
3386.3719855500385,4,0.0,0,1,2,2,0,0,5
3387.3832104690373,4,46.0,0,1,0,4,0,0,5
3388.3969304410275,4,93.25,0,0,0,5,0,0,5
3389.410822139005,4,39.5,1,1,0,5,0,0,6
3390.422655811999,4,46.5,0,2,0,4,0,1,7
3391.4351352560334,4,3.75,1,2,1,4,0,0,7
3392.446277594019,4,25.0,0,1,1,6,0,0,8
3393.457780687022,4,44.25,0,1,1,4,0,0,6
3394.471383269003,4,46.5,0,2,0,3,0,2,7
3395.485550773039,4,28.75,0,0,1,4,0,0,5
3396.498794679006,4,69.5,0,0,1,3,1,0,5
3397.512760818994,4,70.25,0,0,0,3,1,0,4
3398.5256100210245,4,22.75,1,0,0,1,2,1,4
3399.5395396730164,4,0.0,0,1,0,1,0,0,2
3400.553201394039,4,0.0,0,1,1,1,0,0,3
3401.5668236950296,4,23.25,0,1,0,3,0,0,4
3402.579687848047,4,19.0,0,1,0,2,0,1,4
3403.593540446018,4,22.75,0,2,1,1,0,0,4
3404.6072358160163,4,23.0,0,1,1,2,0,0,4
3405.6184550030157,4,70.0,0,0,0,4,0,0,4
3406.6318209320307,4,69.0,0,0,0,4,0,0,4
3407.643898521026,4,69.25,2,0,0,4,0,0,4
3408.6575535660377,4,45.5,0,3,0,4,0,0,7
3409.6719381870353,4,52.25,0,2,1,5,0,0,8
3410.6856017709943,4,23.0,0,1,2,4,0,1,8
3411.699112137023,4,19.25,0,0,2,1,1,0,4
3412.7110150890076,4,11.0,0,1,1,1,0,0,3
3413.7246992750443,4,16.5,0,0,1,2,0,0,3
3414.738590001012,4,46.5,1,0,1,2,0,0,3
3415.752032741031,4,47.25,2,0,1,2,0,0,3
3416.7662100840244,4,23.75,2,0,1,1,1,0,3
3417.779851096042,4,23.0,2,0,1,0,2,0,3
3418.79318605602,4,0.0,2,0,1,0,2,0,3
3419.806498747028,4,0.0,2,0,1,0,2,0,3
3420.819971140998,4,0.0,2,0,1,0,2,0,3
3421.833971015003,4,0.0,3,0,1,0,2,0,3
3422.847612807993,4,0.0,3,0,1,0,2,0,3
3423.8614142640145,4,0.0,4,0,1,0,2,0,3
3424.8754523950047,4,0.0,6,0,1,0,2,0,3
3425.888859394996,4,0.0,7,0,1,0,2,0,3
3426.9032188550336,4,0.0,7,0,1,0,2,0,3
3427.91681280802,4,0.0,7,0,1,0,2,0,3
3428.930435226008,4,0.0,7,0,1,0,2,0,3
3429.9445964380284,4,0.0,7,0,1,0,2,0,3
3430.958382941026,4,0.0,7,0,1,0,2,0,3
3431.972234582994,4,0.0,8,0,1,0,0,2,3
3432.982875451038,4,0.0,0,8,1,0,0,1,10
3433.9972401140258,4,0.0,0,8,2,0,0,0,10
3435.0092718990054,4,0.0,0,5,4,1,0,0,10
3436.021774055029,4,10.5,0,1,4,5,0,0,10
3437.0358300520456,4,22.5,0,2,4,6,0,0,12
3438.049156968016,4,47.25,0,0,0,11,0,0,11
3439.0625499630114,4,87.75,1,0,0,11,0,0,11
3440.0737741350313,4,92.5,0,3,0,8,0,3,14
3441.117223359004,4,55.5,0,4,0,8,0,0,12
3442.1476876850356,4,19.75,0,4,0,8,0,0,12
3443.1609173920006,4,27.75,0,1,1,8,0,0,10
3444.1740107600344,4,28.25,0,1,0,8,0,0,9
3445.185114603024,4,69.0,0,0,0,7,0,0,7
3446.1985147920204,4,66.75,0,0,0,2,5,0,7
3447.2118810100364,4,0.0,0,0,0,2,0,0,2
3448.225745103031,4,22.25,0,1,0,1,0,1,3
3449.232148863026,4,22.25,0,2,1,0,0,1,4
3450.2458733270178,4,0.0,0,2,0,1,0,1,4
3451.257486125047,4,22.75,0,2,1,1,0,0,4
3452.272571029025,4,47.0,0,1,0,3,0,0,4
3453.2855703310343,4,31.0,0,2,0,4,0,0,6
3454.299414845009,4,46.25,0,1,1,4,0,0,6
3455.3130241440376,4,46.0,0,0,2,3,0,1,6
3456.3265785940457,4,69.5,0,1,1,3,1,1,7
3457.3405646810425,4,43.25,0,1,0,5,0,0,6
3458.3535743200337,4,21.0,0,2,0,4,1,0,7
3459.3674034380238,4,42.5,0,0,2,1,1,0,4
3460.3809981880477,4,0.0,0,0,0,3,0,0,3
3461.394867043011,4,30.25,0,2,0,3,0,0,5
3462.4116984080174,4,29.25,0,2,1,2,1,0,6
3463.4256037489977,4,37.25,0,1,1,3,0,0,5
3464.438595387037,4,22.5,0,0,2,3,0,0,5
3465.452279379999,4,44.25,1,0,1,3,1,0,5
3466.4660259759985,4,23.5,0,2,1,3,0,0,6
3467.479794607032,4,23.0,0,1,2,4,0,0,7
3468.493666469003,4,0.0,0,2,1,4,0,0,7
3469.5075536399963,4,23.25,0,0,2,5,0,0,7
3470.5209652940393,4,46.5,0,0,0,7,0,0,7
3471.534842881025,4,69.25,0,0,0,7,0,0,7
3472.547967121005,4,36.75,0,4,0,5,0,0,9
3473.559443156002,4,45.5,0,3,1,4,0,1,9
3474.57301368803,4,46.0,0,0,4,3,0,0,7
3475.586969859025,4,46.0,0,1,4,3,0,0,8
3476.6006508599967,4,68.75,0,1,3,1,0,0,5
3477.614582681039,4,14.25,0,2,2,2,0,0,6
3478.6285411930294,4,35.25,0,0,2,4,0,0,6
3479.642186076031,4,17.25,0,2,2,3,0,0,7
3480.6561288390076,4,22.5,0,3,0,4,0,1,8
3481.6696145610185,4,43.0,0,2,1,5,0,0,8
3482.6835378250107,4,46.75,0,2,0,6,0,0,8
3483.693173738022,4,34.0,0,1,0,7,0,1,9
3484.706975563022,4,54.5,0,1,0,5,0,0,6
3485.7195920670056,4,56.25,0,0,0,6,0,0,6
3486.732763467997,4,70.5,0,0,0,4,0,0,4
3487.746533596015,4,0.0,0,0,0,1,0,2,3
3488.759867859015,4,22.0,0,1,0,1,0,0,2
3489.773287602002,4,21.75,0,2,0,0,0,1,3
3490.788660017017,4,0.0,0,1,1,0,0,1,3
3491.8003638630034,4,45.75,2,0,0,2,0,0,2
3492.8112555030384,4,23.25,0,2,0,3,0,0,5
3493.822426141007,4,23.25,0,0,0,4,1,0,5
3494.835930352041,4,23.0,0,1,0,4,0,0,5
3495.8475496399915,4,45.75,0,1,0,4,0,0,5
3496.860215443012,4,46.75,0,0,1,2,0,2,5
3497.8731604210334,4,23.5,0,1,1,1,0,0,3
3498.8869746710407,4,22.75,0,2,0,2,0,0,4
3499.900666503003,4,31.0,0,2,1,1,1,0,5
3500.914576840005,4,22.75,0,0,1,3,0,0,4
3501.926196457993,4,45.0,0,0,0,4,0,0,4
3502.9397217240185,4,22.75,0,0,0,3,0,0,3
3503.9535700110137,4,11.5,0,1,0,3,0,0,4
3504.9673558010254,4,23.5,0,1,0,2,0,0,3
3505.9815319930203,4,36.25,0,0,0,2,0,0,2
3506.9935070510255,4,40.0,0,0,0,1,0,0,1
3508.0076166050276,4,1.5,0,2,0,1,0,0,3
3509.021262455033,4,23.0,0,2,0,0,1,0,3
3510.0337620340288,4,0.75,0,1,2,0,0,1,4
3511.047655044007,4,0.0,0,2,2,1,0,0,5
3512.0613543320214,4,24.0,0,2,2,3,0,0,7
3513.0759796990314,4,0.0,0,2,2,3,0,0,7
3514.0893963820417,4,46.5,0,2,0,5,0,0,7
3515.1021381440223,4,49.25,0,0,0,5,0,0,5
3516.1157310450217,4,93.5,0,0,0,4,0,0,4
3517.128913783992,4,46.5,0,0,0,3,1,0,4
3518.1410059730406,4,69.0,0,1,0,3,0,1,5
3519.1546277850284,4,23.5,1,1,0,1,0,0,2
3520.1680905150133,4,23.0,3,1,0,0,1,0,2
3521.1810738930362,4,0.0,3,1,0,0,1,0,2
3522.1939107220387,4,0.0,3,1,0,0,1,0,2
3523.2125313470024,4,0.0,3,1,0,0,1,0,2
3524.226711478026,4,0.0,4,1,0,0,1,0,2
3525.2396484520286,4,0.0,4,1,0,0,1,0,2
3526.253793703043,4,0.0,6,1,0,0,1,0,2
3527.2673038700013,4,0.0,8,1,0,0,1,0,2
3528.281049487996,4,0.0,9,1,0,0,1,0,2
3529.2896092270385,4,0.0,9,1,0,0,1,0,2
3530.3120219650446,4,0.0,9,1,0,0,1,0,2
3531.325064442004,4,0.0,10,1,0,0,1,0,2
3532.338630472019,4,0.0,11,1,0,0,1,0,2
3533.3476153850206,4,0.0,12,1,0,0,1,0,2
3534.3613554150215,4,0.0,12,1,0,0,1,0,2
3535.374738376995,4,0.0,12,1,0,0,1,0,2
3536.388532151992,4,0.0,13,1,0,0,1,0,2
3537.402462419006,4,0.0,13,1,0,0,1,0,2
3538.4160454359953,4,0.0,14,1,0,0,1,0,2
3539.429888149025,4,0.0,16,1,0,0,1,0,2
3540.4437219490064,4,0.0,16,1,0,0,1,0,2
3541.4576548060286,4,0.0,17,1,0,0,1,0,2
3542.4712624880485,4,0.0,17,0,1,0,1,0,2
3543.4854872930446,4,0.0,0,17,1,0,0,0,18
3544.4979117510375,4,0.0,0,16,1,1,0,0,18
3545.511902299011,4,0.0,0,6,7,5,0,0,18
3546.525856983033,4,24.5,0,5,9,6,0,0,20
3547.535976646992,4,22.75,0,4,1,12,3,0,20
3548.5502020679996,4,71.0,0,4,1,12,0,2,19
3549.5638039890327,4,46.25,0,2,2,13,0,0,17
3550.5771553970408,4,65.75,1,0,2,12,2,1,17
3551.5882383490098,4,22.75,0,1,1,13,0,0,15
3552.6022816870245,4,59.5,0,1,1,11,1,0,14
3553.6156871929998,4,77.75,0,0,1,10,0,1,12
3554.629111145041,4,69.25,2,0,0,3,8,1,12
3555.6426971949986,4,23.0,0,3,0,3,0,3,9
3556.656562860997,4,46.0,1,1,0,4,0,1,6
3557.670375120011,4,38.5,0,2,0,5,0,0,7
3558.6834992929944,4,45.75,1,1,1,3,0,2,7
3559.6944659980363,4,45.75,0,1,1,4,0,0,6
3560.7081435220316,4,69.5,0,1,1,5,0,0,7
3561.7228458970203,4,48.0,0,1,1,5,0,0,7
3562.7508057900122,4,45.5,0,3,0,2,0,4,9
3563.8114066169946,4,0.0,0,4,0,2,0,4,10
3564.8578757900395,4,0.0,0,4,0,2,0,3,9
3565.8714786980418,4,23.5,0,2,1,2,0,0,5
3566.8850257869926,4,29.5,0,0,1,4,0,0,5
3567.898834799009,4,6.75,0,2,0,5,0,0,7
3568.912926470046,4,45.75,0,1,0,3,2,1,7
3569.927107880998,4,0.0,0,2,1,2,0,2,7
3570.9406574130408,4,36.75,0,5,1,3,0,0,9
3571.9547339670244,4,44.0,0,5,2,4,0,1,12
3572.9715280510136,4,46.0,0,2,3,6,0,0,11
3573.983435344009,4,37.75,0,1,0,11,0,0,12
3574.9976913220016,4,92.25,0,1,0,5,5,1,12
3576.0113210510463,4,46.0,0,1,0,2,4,5,12
3577.025011487014,4,32.25,0,3,0,3,0,0,6
3578.038910895004,4,30.0,0,7,0,2,0,0,9
3579.0532337740296,4,0.0,0,7,1,2,0,0,10
3580.066645964049,4,31.5,0,5,1,3,0,2,11
3581.0802660530317,4,23.25,1,1,4,4,0,1,10
3582.0922380840057,4,27.0,0,3,1,4,0,3,11
3583.105843786034,4,45.75,0,0,2,5,0,0,7
3584.117726862023,4,42.0,0,0,2,4,0,0,6
3585.13117071701,4,23.0,0,0,1,3,2,0,6
3586.142484798038,4,27.5,0,0,0,4,0,0,4
3587.156305995013,4,0.25,0,0,0,4,0,0,4
3588.170132346044,4,23.5,0,3,0,4,0,0,7
3589.186322410009,4,22.75,0,3,0,2,0,0,5
3590.199851112033,4,23.5,0,3,0,0,2,0,5
3591.2134669719962,4,0.0,0,2,2,0,0,0,4
3592.226931927027,4,0.75,0,0,3,1,0,0,4
3593.2333705160418,4,47.75,0,0,0,4,0,0,4
3594.246483993018,4,45.75,0,0,0,3,0,0,3
3595.2601479020086,4,22.75,0,0,0,2,1,0,3
3596.27357425401,4,46.0,1,0,0,2,1,0,3
3597.2875875490136,4,23.5,0,1,1,1,1,0,4
3598.3007251780364,4,0.0,0,0,2,0,0,2,4
3599.3146504490287,4,0.75,0,0,1,1,0,0,2
3600.3254760220298,4,23.25,0,0,1,1,0,0,2
3601.3344888620195,4,22.5,0,0,1,1,0,0,2
3602.348857784993,4,22.75,0,1,1,1,0,0,3
3603.3635779080214,4,22.75,0,0,2,1,0,0,3
3604.377502734016,4,5.25,1,1,2,1,0,0,4
3605.3911240380257,4,7.0,0,3,0,1,0,0,4
3606.404591917002,4,0.0,0,0,1,3,0,0,4
3607.4181244480424,4,0.0,0,0,1,3,0,0,4
3608.432441372017,4,3.75,0,0,0,4,0,0,4
3609.446013287001,4,24.0,0,2,0,4,0,0,6
3610.459639063047,4,18.75,0,2,0,4,0,0,6
3611.4745072220103,4,0.0,0,1,1,5,0,0,7
3612.489368095994,4,0.0,1,2,1,6,0,0,9
3613.5033020180417,4,46.5,0,3,0,6,1,0,10
3614.516885123041,4,35.75,0,0,0,9,0,0,9
3615.5245063460316,4,46.75,0,0,0,8,0,0,8
3616.538580352033,4,24.0,0,1,0,7,0,1,9
3617.552245347004,4,35.25,0,1,1,3,0,1,6
3618.566097813018,4,0.0,0,3,1,3,0,0,7
3619.5800250500324,4,0.5,0,2,1,3,0,0,6
3620.593419015,4,23.75,0,1,2,2,1,0,6
3621.6071327380487,4,46.25,0,0,1,2,0,0,3
3622.6202764100162,4,45.25,0,0,1,2,0,0,3
3623.6339853579993,4,23.0,0,0,0,3,0,0,3
3624.6478316750145,4,24.0,0,0,0,1,2,0,3
3625.6616169550107,4,0.0,1,0,0,0,0,3,3
3626.6758108900394,4,0.0,0,1,0,0,0,1,2
3627.689379397023,4,0.0,0,1,0,0,0,1,2
3628.7027034219936,4,0.0,0,1,0,0,0,1,2
3629.7155532049946,4,0.0,3,1,0,0,0,1,2
3630.7298029700178,4,0.0,4,1,0,0,0,1,2
3631.743578301044,4,0.0,5,1,0,0,0,1,2
3632.756698733021,4,0.0,5,1,0,0,0,1,2
3633.7699483880424,4,0.0,5,1,0,0,0,1,2
3634.783816747018,4,0.0,5,1,0,0,0,1,2
3635.79669373302,4,0.0,6,1,0,0,0,1,2
3636.8107745940215,4,0.0,6,1,0,0,0,1,2
3637.8243160030106,4,0.0,9,1,0,0,0,1,2
3638.8382237449987,4,0.0,10,1,0,0,0,1,2
3639.8518623440177,4,0.0,11,1,0,0,0,1,2
3640.865936468006,4,0.0,11,1,0,0,0,1,2
3641.8796764390427,4,0.0,11,1,0,0,0,1,2
3642.8936348140123,4,0.0,11,1,0,0,0,1,2
3643.904887223034,4,0.0,11,1,0,0,0,1,2
3644.9186475260067,4,0.0,11,1,0,0,0,1,2
3645.9319709570264,4,0.0,13,1,0,0,0,1,2
3646.945632091025,4,0.0,16,1,0,0,0,1,2
3647.956293277035,4,0.0,20,1,0,0,0,1,2
3648.971245202003,4,0.25,22,1,0,0,0,1,2
3649.9842859409982,4,0.0,22,1,0,0,0,0,1
3650.998102436017,4,0.0,0,24,0,0,0,0,24
3652.0150132970302,4,0.0,0,26,1,1,0,0,28
3653.0286587250303,4,0.0,2,24,2,2,0,0,28
3654.0394304229994,4,0.0,0,13,12,5,0,0,30
3655.052931826038,4,0.0,0,6,12,12,0,0,30
3656.066745239019,4,5.75,1,5,10,15,0,0,30
3657.0798724060296,4,0.75,0,6,10,15,0,0,31
3658.0935044630314,4,44.0,0,6,8,15,1,1,31
3659.107857071038,4,42.75,0,6,8,15,0,0,29
3660.121936247044,4,46.25,0,7,6,11,1,5,30
3661.136097670009,4,22.5,0,3,11,10,0,2,26
3662.1497569560306,4,0.0,1,3,7,15,0,2,27
3663.1588810690446,4,93.75,0,5,7,9,1,6,28
3664.1728963800124,4,0.0,0,5,7,7,1,2,22
3665.1871258980245,4,43.0,0,3,5,11,1,1,21
3666.2009259260376,4,46.0,2,0,4,8,1,3,16
3667.21510484803,4,70.25,0,5,4,7,0,2,18
3668.2254664630163,4,46.75,1,5,3,7,1,0,16
3669.240128196019,4,0.0,0,1,7,8,0,1,17
3670.2537919669994,4,45.25,0,1,3,10,0,1,15
3671.2680195710273,4,2.25,0,2,3,9,0,0,14
3672.2797297340003,4,30.5,1,2,2,7,1,2,14
3673.2945883109933,4,73.75,0,3,1,7,0,1,12
3674.3081232980476,4,57.0,3,6,1,6,2,1,16
3675.3220823380398,4,8.25,0,10,1,6,0,1,18
3676.336007539998,4,23.0,0,11,0,7,0,0,18
3677.3497419600026,4,23.25,0,8,3,6,0,2,19
3678.3643700610264,4,23.0,2,5,1,9,2,2,19
3679.3784151000436,4,45.0,0,4,4,5,0,5,18
3680.389683189045,4,24.0,0,2,4,6,0,0,12
3681.400175162009,4,39.25,0,1,3,8,1,0,13
3682.4115588910063,4,30.25,1,1,2,7,3,0,13
3683.4249953520484,4,68.25,1,1,2,3,5,2,13
3684.4392310770345,4,0.0,0,2,1,1,0,10,14
3685.489089331997,4,0.0,0,3,1,2,0,0,6
3686.553918455029,4,0.0,0,3,1,2,0,0,6
3687.5664468100294,4,24.5,0,4,0,3,0,0,7
3688.5807826039963,4,0.0,0,3,0,3,0,0,6
3689.5942922010436,4,22.25,1,2,0,4,0,0,6
3690.608891858021,4,47.0,0,2,2,4,0,0,8
3691.619858294027,4,0.0,0,3,2,3,1,0,9
3692.6339698189986,4,22.75,0,1,3,4,0,0,8
3693.644055887009,4,37.25,1,1,1,5,0,1,8
3694.655897131015,4,47.0,0,2,1,6,0,0,9
3695.6671038510394,4,69.75,0,2,1,6,0,0,9
3696.67747184803,4,54.0,0,0,2,7,0,0,9
3697.6881140560145,4,24.5,0,1,1,8,0,0,10
3698.700717409025,4,24.0,0,2,1,8,0,0,11
3699.7134977530222,4,14.5,0,1,2,8,0,0,11
3700.72535314603,4,22.25,0,3,1,6,0,1,11
3701.737059584004,4,46.75,0,0,0,9,0,0,9
3702.746711211046,4,68.75,0,1,0,5,0,0,6
3703.760287953017,4,46.25,0,1,0,4,0,0,5
3704.7721777179977,4,64.0,0,4,0,4,0,0,8
3705.7782238690415,4,47.0,0,1,2,5,0,0,8
3706.789311374014,4,69.0,0,0,1,5,0,2,8
3707.802767970017,4,37.25,1,0,0,5,0,0,5
3708.816824437992,4,0.0,0,2,0,2,0,3,7
3709.8280634910334,4,22.75,1,1,1,2,0,0,4
3710.8412298420444,4,45.5,0,1,1,3,0,0,5
3711.854763024021,4,0.0,0,1,1,2,0,0,4
3712.865907827043,4,46.75,0,0,0,3,0,0,3
3713.878313365043,4,2.0,0,1,0,3,0,0,4
3714.8926636070246,4,26.0,0,0,0,3,0,0,3
3715.9065054310486,4,0.0,0,2,0,3,0,0,5
3716.9182559290202,4,45.25,0,2,0,2,1,0,5
3717.9281816760194,4,23.5,2,2,0,1,2,0,5
3718.942165648041,4,0.0,4,2,0,0,3,0,5
3719.9559321440174,4,0.0,4,2,0,0,3,0,5
3720.9697768680053,4,0.0,4,2,0,0,3,0,5
3721.9834140310413,4,0.0,4,2,0,0,3,0,5
3722.9971967600286,4,0.0,5,2,0,0,3,0,5
3724.010680231033,4,0.0,6,2,0,0,3,0,5
3725.0244049220346,4,0.0,9,2,0,0,3,0,5
3726.037790662027,4,0.0,9,2,0,0,3,0,5
3727.0507837770274,4,0.0,9,2,0,0,3,0,5
3728.0649953120155,4,0.0,9,2,0,0,3,0,5
3729.0778128160164,4,0.0,9,2,0,0,3,0,5
3730.091865978029,4,0.0,11,2,0,0,3,0,5
3731.1055250940262,4,0.0,11,2,0,0,3,0,5
3732.11884993501,4,0.0,11,2,0,0,3,0,5
3733.1328959450475,4,0.0,12,2,0,0,3,0,5
3734.145993347047,4,0.0,13,2,0,0,3,0,5
3735.158713726036,4,0.0,14,2,0,0,3,0,5
3736.172313768009,4,0.0,15,2,0,0,0,3,5
3737.1852848050185,4,0.0,1,16,1,0,0,3,20
3738.199028446048,4,0.0,0,15,4,0,0,0,19
3739.2124117670464,4,0.0,0,8,7,4,0,0,19
3740.2264020690345,4,0.0,0,4,9,5,1,0,19
3741.240015762043,4,22.5,0,1,10,7,0,1,19
3742.2541389960097,4,70.0,0,1,9,8,0,1,19
3743.2677659119945,4,0.0,0,1,6,11,0,0,18
3744.2816158420173,4,11.0,0,2,6,11,0,0,19
3745.294869335019,4,47.25,0,1,3,14,2,0,20
3746.306462575041,4,46.25,0,0,2,14,0,2,18
3747.318697918032,4,80.5,0,0,2,11,0,0,13
3748.330525918049,4,58.25,0,0,0,12,0,0,12
3749.3415276750457,4,92.75,0,0,0,9,1,0,10
3750.3552229680354,4,69.5,2,0,0,3,7,0,10
3751.3691286700196,4,0.0,0,1,1,3,0,0,5
3752.383212034998,4,23.0,0,1,2,2,0,0,5
3753.3968024150236,4,60.0,0,1,1,3,0,0,5
3754.4105108680087,4,29.5,0,1,0,4,0,0,5
3755.424497699016,4,46.25,0,0,1,3,0,0,4
3756.4379884520313,4,30.5,0,1,1,3,0,0,5
3757.4517518780194,4,46.75,0,1,1,2,0,0,4
3758.462918800011,4,23.0,0,1,0,1,1,1,4
3759.477110611042,4,20.75,0,1,0,1,0,0,2
3760.490969303006,4,0.0,0,1,0,1,0,0,2
3761.504307390016,4,0.0,0,1,1,1,0,0,3
3762.515589987044,4,0.0,0,1,0,2,0,0,3
3763.529425394023,4,22.5,0,0,1,1,0,0,2
3764.543176683015,4,46.75,2,0,0,2,0,0,2
3765.552067668992,4,23.5,0,5,0,2,0,0,7
3766.5656432459946,4,31.5,0,0,3,3,0,0,6
3767.5796890020138,4,46.5,0,0,2,3,0,0,5
3768.5935050040134,4,69.5,0,0,0,4,1,0,5
3769.6072745280107,4,70.0,1,0,0,2,0,3,5
3770.6199255200336,4,39.25,0,2,0,1,0,0,3
3771.633431557042,4,23.25,0,2,1,1,0,0,4
3772.6485092760413,4,43.25,0,2,1,2,0,0,5
3773.66507069004,4,45.0,0,1,1,2,0,1,5
3774.6791988170007,4,24.0,0,0,0,4,0,0,4
3775.6920722360373,4,69.25,0,1,0,3,0,1,5
3776.702992594044,4,37.0,0,1,0,4,0,0,5
3777.715024052013,4,70.25,1,0,0,3,0,2,5
3778.7280977250193,4,69.0,1,1,0,3,0,0,4
3779.7404110479984,4,46.5,0,1,1,2,0,1,5
3780.751694553008,4,71.25,0,0,0,4,0,0,4
3781.76560002903,4,39.25,0,2,0,3,0,0,5
3782.7773834820255,4,8.75,0,0,1,3,0,0,4
3783.7906302880147,4,23.25,0,1,1,3,0,0,5
3784.8044401380466,4,37.5,0,3,0,4,0,0,7
3785.819394463033,4,23.0,0,3,0,4,0,0,7
3786.832244519028,4,45.75,0,2,1,4,0,1,8
3787.8463790040114,4,46.75,0,2,2,3,0,1,8
3788.8578331799945,4,51.5,0,2,2,2,1,1,8
3789.8721984850126,4,44.5,0,0,2,3,0,1,6
3790.8858416120056,4,43.5,0,0,0,5,0,0,5
3791.899907062005,4,92.0,0,0,0,4,0,0,4
3792.913610877993,4,46.25,0,1,0,4,0,0,5
3793.9273942770087,4,65.75,0,1,0,2,1,0,4
3794.9409839489963,4,32.5,0,0,0,2,0,1,3
3795.9535524169914,4,0.0,0,0,0,2,0,0,2
3796.9674680200405,4,7.0,0,0,0,0,0,1,1
3797.9811774590053,4,0.0,0,1,0,0,0,1,2
3798.99649208301,4,0.0,0,1,1,0,0,0,2
3800.0095647830167,4,23.5,0,2,0,1,0,0,3
3801.0218665020075,4,46.75,0,0,1,2,0,0,3
3802.0354998830007,4,46.75,0,0,0,3,0,0,3
3803.0493977949955,4,46.5,0,0,0,2,0,0,2
3804.0602896570344,4,23.5,0,0,0,2,0,0,2
3805.0728005950223,4,22.75,0,1,0,1,0,0,2
3806.0864291890175,4,23.0,2,3,0,0,1,0,4
3807.0968096900033,4,0.0,0,6,0,0,0,1,7
3808.1815227140323,4,0.0,0,8,1,0,0,1,10
3809.2234065899975,4,0.0,0,8,2,0,0,1,11
3810.2351611690247,4,24.0,1,5,1,3,1,0,10
3811.249522124999,4,36.25,0,5,3,2,0,2,12
3812.2585782380193,4,22.75,3,2,0,7,0,3,12
3813.2700263870065,4,35.25,0,0,1,11,0,0,12
3814.28225228301,4,36.0,1,0,1,6,5,0,12
3815.2959801150137,4,66.75,0,1,0,7,0,0,8
3816.3096626290353,4,46.0,0,2,1,5,2,0,10
3817.324120654026,4,55.25,0,1,1,5,0,0,7
3818.3362287140335,4,24.75,2,1,1,3,1,0,6
3819.349810947024,4,46.5,3,1,1,3,1,0,6
3820.36206009303,4,0.0,3,1,1,0,4,0,6
3821.3734946200275,4,0.0,4,1,1,0,4,0,6
3822.387771587004,4,0.0,4,1,1,0,4,0,6
3823.4016012360225,4,0.0,5,1,1,0,4,0,6
3824.415107063018,4,0.0,6,1,1,0,4,0,6
3825.4281820090255,4,0.0,6,1,1,0,4,0,6
3826.4420079660485,4,0.0,6,1,1,0,4,0,6
3827.4560981499963,4,0.0,6,1,1,0,4,0,6
3828.469602886995,4,0.0,6,1,1,0,4,0,6
3829.4836061249953,4,0.0,6,1,1,0,4,0,6
3830.4972873030347,4,0.0,6,1,1,0,4,0,6
3831.5109335920424,4,0.0,6,1,1,0,4,0,6
3832.524148513039,4,0.0,6,1,1,0,4,0,6
3833.5377249850426,4,0.0,7,1,1,0,4,0,6
3834.5516986900475,4,0.0,9,1,1,0,4,0,6
3835.565509854001,4,0.0,9,1,1,0,4,0,6
3836.5791321000434,4,0.0,10,1,1,0,4,0,6
3837.5925316450302,4,0.0,10,1,1,0,4,0,6
3838.6059983730083,4,0.0,10,1,1,0,0,4,6
3839.619766446005,4,0.0,0,13,1,0,0,2,16
3840.6349078050116,4,0.0,0,12,2,0,0,0,14
3841.6487113760086,4,0.0,1,12,2,0,0,0,14
3842.6622890500003,4,0.0,1,14,1,1,0,0,16
3843.675074423023,4,0.0,0,11,3,3,0,0,17
3844.688929480035,4,17.75,0,10,4,3,0,0,17
3845.7030816430342,4,26.0,1,11,2,5,0,0,18
3846.715095843014,4,46.75,0,9,3,7,0,0,19
3847.730162117048,4,47.25,0,6,2,11,0,0,19
3848.7440641550347,4,53.75,1,6,2,11,0,1,20
3849.758194725029,4,22.75,0,3,4,12,1,0,20
3850.769587548042,4,68.0,0,0,3,13,0,2,18
3851.779692093027,4,5.75,0,1,3,13,0,0,17
3852.792260568007,4,17.0,0,3,2,14,0,0,19
3853.805059731996,4,12.25,0,4,2,14,0,0,20
3854.8189344860148,4,46.25,0,1,1,15,1,1,19
3855.830411263043,4,70.5,0,0,2,11,0,2,15
3856.8414374560234,4,90.5,0,0,0,10,1,1,12
3857.8507939120173,4,26.5,2,2,0,8,1,0,11
3858.8632699040463,4,69.25,1,4,0,4,0,4,12
3859.874928531004,4,38.5,2,2,1,2,0,4,9
3860.8889443959924,4,23.25,0,3,1,4,0,2,10
3861.9025655010482,4,45.5,0,3,2,2,0,2,9
3862.9160203700303,4,0.0,0,5,0,2,1,1,9
3863.9290875280276,4,0.0,1,0,2,5,0,0,7
3864.943301919033,4,47.0,1,0,1,3,2,1,7
3865.957219429023,4,15.0,0,2,0,3,0,1,6
3866.9711220110185,4,45.5,0,0,0,4,0,0,4
3867.9854301710147,4,24.0,0,0,0,3,0,0,3
3868.9990173940314,4,70.0,0,0,0,3,0,0,3
3870.0132218290237,4,27.25,0,0,0,2,0,0,2
3871.024466336996,4,24.75,0,0,0,1,0,0,1
3872.038370671042,4,0.0,0,1,1,1,0,0,3
3873.051948811044,4,23.75,0,0,0,3,0,0,3
3874.0700531680486,4,3.0,1,0,0,2,0,0,2
3875.0844151820056,4,23.25,0,1,0,2,0,0,3
3876.0980584460194,4,17.25,1,1,1,2,0,0,4
3877.1119214040227,4,22.75,0,1,1,3,0,0,5
3878.1248460580246,4,4.5,0,1,0,5,0,0,6
3879.1350138800335,4,46.5,0,0,0,6,0,0,6
3880.1469837370096,4,46.5,0,0,0,2,1,1,4
3881.1610957260127,4,23.0,0,1,0,1,0,2,4
3882.1748626730405,4,5.5,0,1,0,1,0,0,2
3883.1885750720394,4,23.25,0,3,0,1,0,0,4
3884.2016181280487,4,0.0,0,2,2,1,0,0,5
3885.2152505480335,4,11.5,0,2,0,2,0,0,4
3886.226483603008,4,1.0,0,0,1,3,0,0,4
3887.23841248604,4,23.25,0,0,0,4,0,0,4
3888.252164377016,4,46.5,0,1,0,3,0,0,4
3889.263985557016,4,23.5,0,2,0,2,0,0,4
3890.2780300049926,4,22.75,0,1,1,3,0,0,5
3891.29095030803,4,27.0,0,2,0,4,0,0,6
3892.3047071910114,4,46.0,0,0,0,5,0,0,5
3893.3183656270267,4,47.75,0,0,0,4,1,0,5
3894.332101295993,4,0.0,0,2,0,4,0,0,6
3895.345437185024,4,6.5,0,2,0,4,0,0,6
3896.357941834023,4,46.25,0,2,1,2,0,0,5
3897.3715016720234,4,0.0,0,1,0,4,0,0,5
3898.3854024280445,4,33.25,0,1,0,4,1,0,6
3899.3962791209924,4,49.75,1,1,0,3,1,1,6
3900.409477204026,4,70.0,1,1,0,1,0,4,6
3901.4192306220066,4,0.0,0,1,0,2,0,0,3
3902.432075769,4,23.25,0,1,1,1,0,1,4
3903.4508459030185,4,0.0,0,0,2,1,0,1,4
3904.4642402839963,4,22.5,1,0,2,1,0,0,3
3905.475424189004,4,45.25,0,2,1,1,0,1,5
3906.4894273580285,4,0.0,0,1,2,0,0,0,3
3907.503262620012,4,0.0,0,0,2,1,0,0,3
3908.5164110980113,4,9.25,0,0,1,2,0,0,3
3909.5283771720133,4,23.0,0,0,0,2,0,0,2
3910.542746874038,4,0.0,0,0,0,2,0,0,2
3911.5535131370416,4,46.0,0,0,0,2,0,0,2
3912.5674330940237,4,46.5,0,1,0,1,1,0,3
3913.5779269150225,4,0.0,0,0,0,1,0,0,1
3914.59068887803,4,12.25,0,1,0,1,0,0,2
3915.6047831739997,4,23.0,0,1,0,1,0,0,2
3916.6183873300324,4,0.0,0,0,0,1,0,0,1
3917.631874454033,4,23.0,0,0,0,1,0,0,1
3918.645943940035,4,23.0,0,0,0,0,1,0,1
3919.656278413022,4,0.0,3,0,0,0,0,0,0
3920.6682510279934,4,0.0,0,3,0,0,0,0,3
3921.682017524028,4,0.0,0,0,1,2,0,0,3
3922.6935776119935,4,24.0,0,0,1,2,0,0,3
3923.704892801994,4,45.75,0,0,1,2,0,0,3
3924.715319816023,4,46.5,0,0,1,1,1,0,3
3925.729529187025,4,25.75,0,0,1,0,2,0,3
3926.7433824360487,4,0.0,0,0,1,0,2,0,3
3927.7572897000355,4,0.0,0,0,1,0,2,0,3
3928.7706233150093,4,0.0,0,0,1,0,2,0,3
3929.8063423390267,4,0.0,0,0,1,0,2,0,3
3930.861205630994,4,0.0,0,0,1,0,2,0,3
3931.8750291790348,4,0.0,0,0,1,0,2,0,3
3932.8886710420484,4,0.0,1,0,1,0,2,0,3
3933.9027766460204,4,0.0,7,0,1,0,2,0,3
3934.916463068046,4,0.0,9,0,1,0,2,0,3
3935.9308708150056,4,0.0,10,0,1,0,2,0,3
3936.9447150000487,4,0.0,10,0,1,0,2,0,3
3937.9582741550403,4,0.0,10,0,1,0,2,0,3
3938.9720741480123,4,0.0,10,0,1,0,2,0,3
3939.985643677006,4,0.0,10,0,1,0,2,0,3
3940.998956349038,4,0.0,10,0,1,0,2,0,3
3942.012627354008,4,0.0,10,0,1,0,2,0,3
3943.025950928044,4,0.0,10,0,1,0,2,0,3
3944.040176096023,4,0.0,10,0,1,0,2,0,3
3945.0535046400037,4,0.0,10,0,0,1,2,0,3
3946.0655206760275,4,22.75,10,0,0,1,0,2,3
3947.077889882028,4,23.0,0,10,0,0,0,1,11
3948.092216248042,4,0.0,0,7,2,1,0,0,10
3949.103802835045,4,0.0,0,1,3,6,0,0,10
3950.118052267004,4,73.75,0,0,3,2,3,2,10
3951.129863106995,4,22.5,0,0,2,2,0,4,8
3952.143525817024,4,23.25,0,0,1,1,0,1,3
3953.1569327770267,4,9.0,0,1,0,0,0,0,1
3954.1699874449987,4,0.0,5,1,0,0,0,0,1
3955.1836035480374,4,0.0,0,11,1,0,0,0,12
3956.1967316570226,4,0.0,1,11,1,0,0,0,12
3957.21339054103,4,0.0,0,11,5,1,0,0,17
3958.2273619000334,4,30.5,0,12,7,1,0,1,21
3959.2410606699996,4,46.5,0,10,7,4,0,0,21
3960.252118752047,4,9.0,2,10,4,6,1,0,21
3961.266011717031,4,47.75,0,12,3,1,0,7,23
3962.2796735860175,4,0.0,0,7,5,4,0,0,16
3963.2931988530327,4,48.0,0,2,5,4,0,6,17
3964.3068435760215,4,0.0,0,2,4,5,1,0,12
3965.321121054003,4,0.75,0,1,4,5,0,1,11
3966.3322928349953,4,13.25,0,1,3,4,2,0,10
3967.3456914059934,4,0.0,0,0,2,2,0,6,10
3968.358909808041,4,35.25,0,0,0,1,0,0,1
